Test Suite,Test,Test#,Type,Pattern,Lower,Upper,Unit,Min,Max,Mean,Sdev,Pass#,Fail#,Time,TS Time
"CONTINUITY","CONTINUITY",10030,"Parametric","",-500,-300,"mV",-376.35,-356.097,-365.546,5.96135,100,0,0.141584,***
"CONTINUITY","CONTINUITY",10020,"Parametric","",-500,-300,"mV",-439.014,-410.613,-424.436,6.78167,100,0,0.141584,***
"CONTINUITY","CONTINUITY",10050,"Parametric","",-500,-300,"mV",-376.418,-356.839,-365.826,6.00452,100,0,0.141584,***
"CONTINUITY","CONTINUITY",10090,"Parametric","",-500,-300,"mV",-363.431,-341.973,-352.136,6.58106,100,0,0.141584,***
"CONTINUITY","CONTINUITY",10080,"Parametric","",-500,-300,"mV",-378.752,-358.318,-367.44,6.15144,100,0,0.141584,***
"CONTINUITY","CONTINUITY",10040,"Parametric","",-500,-300,"mV",-369.986,-351.431,-360.081,5.35811,100,0,0.141584,***
"CONTINUITY","CONTINUITY",10010,"Parametric","",-500,-300,"mV",-476.15,-437.616,-456.006,9.16634,100,0,0.141584,***
"CONTINUITY","CONTINUITY",10070,"Parametric","",-500,-200,"mV",-301.117,-292.352,-296.784,2.21742,100,0,0.141584,***
"CONTINUITY","CONTINUITY",10060,"Parametric","",-500,-300,"mV",-370.716,-349.259,-356.132,2.111,100,0,0.141584,***
"CONTINUITY","CONTINUITY",10180,"Parametric","",-360,-300,"mV",-343.298,-224.621,-332.074,25.1347,95,5,0.141584,***
"CONTINUITY","CONTINUITY",10190,"Parametric","",-360,-300,"mV",-343.575,-330.462,-338.105,4.62663,95,0,0.142208,***
"CONTINUITY","CONTINUITY",10200,"Parametric","",-360,-300,"mV",-343.443,-330.757,-338.104,4.67334,95,0,0.142208,***
"CONTINUITY","CONTINUITY",10210,"Parametric","",-360,-300,"mV",-343.466,-330.866,-338.17,4.63977,95,0,0.142208,***
"CONTINUITY","CONTINUITY",10220,"Parametric","",-360,-300,"mV",-343.412,-330.54,-338.116,4.66911,95,0,0.142208,***
"CONTINUITY","CONTINUITY",10230,"Parametric","",-360,-300,"mV",-343.454,-330.656,-338.153,4.661,95,0,0.142208,***
"CONTINUITY","CONTINUITY",10240,"Parametric","",-360,-300,"mV",-343.536,-330.58,-338.121,4.65847,95,0,0.142208,***
"CONTINUITY","CONTINUITY",10250,"Parametric","",-360,-300,"mV",-343.67,-330.719,-338.158,4.6784,95,0,0.142208,***
"CONTINUITY","CONTINUITY",10100,"Parametric","",-300,-200,"mV",-226.999,-224.939,-225.759,0.416468,95,0,0.142208,***
"CONTINUITY","CONTINUITY",10110,"Parametric","",-300,-200,"mV",-226.797,-224.88,-225.785,0.409683,95,0,0.142208,***
"CONTINUITY","CONTINUITY",10120,"Parametric","",-300,-200,"mV",-227.024,-224.869,-225.781,0.423769,95,0,0.142208,***
"CONTINUITY","CONTINUITY",10130,"Parametric","",-300,-200,"mV",-226.892,-224.874,-225.788,0.412329,95,0,0.142208,***
"CONTINUITY","CONTINUITY",10140,"Parametric","",-300,-200,"mV",-226.639,-224.697,-225.773,0.396718,95,0,0.142208,***
"CONTINUITY","CONTINUITY",10150,"Parametric","",-300,-200,"mV",-227.167,-224.934,-225.769,0.426897,95,0,0.142208,***
"CONTINUITY","CONTINUITY",10160,"Parametric","",-300,-200,"mV",-226.906,-224.779,-225.789,0.432538,95,0,0.142208,***
"CONTINUITY","CONTINUITY",10170,"Parametric","",-300,-200,"mV",-226.82,-224.957,-225.74,0.413724,95,0,0.142208,***
"Pin_to_Pin_Leakage","PIN_TO_PIN_POS_LEAKAGE_PIN",20010,"Parametric","",-200,200,"nA",-8.72892,-3.9047,-6.26042,1.24616,95,0,0.421923,***
"Pin_to_Pin_Leakage","PIN_TO_PIN_NEG_LEAKAGE_PIN",20110,"Parametric","",-200,200,"nA",-8.72892,-3.9047,-6.26042,1.24616,95,0,0.421923,***
"Pin_to_Pin_Leakage","PIN_TO_PIN_POS_LEAKAGE_PIN",20020,"Parametric","",-200,200,"nA",-13.1187,-9.00127,-10.9918,0.965481,95,0,0.421923,***
"Pin_to_Pin_Leakage","PIN_TO_PIN_NEG_LEAKAGE_PIN",20120,"Parametric","",-200,200,"nA",-13.1187,-9.00127,-10.9918,0.965481,95,0,0.421923,***
"Pin_to_Pin_Leakage","PIN_TO_PIN_POS_LEAKAGE_PIN",20030,"Parametric","",-200,200,"nA",-11.8121,-5.87521,-9.08124,1.5834,95,0,0.421923,***
"Pin_to_Pin_Leakage","PIN_TO_PIN_NEG_LEAKAGE_PIN",20130,"Parametric","",-200,200,"nA",-11.8121,-5.87521,-9.08124,1.5834,95,0,0.421923,***
"Pin_to_Pin_Leakage","PIN_TO_PIN_POS_LEAKAGE_PIN",20040,"Parametric","",-200,200,"nA",-14.2648,-9.41245,-11.8491,1.13086,95,0,0.421923,***
"Pin_to_Pin_Leakage","PIN_TO_PIN_NEG_LEAKAGE_PIN",20140,"Parametric","",-200,200,"nA",-14.2648,-9.41245,-11.8491,1.13086,95,0,0.421923,***
"Pin_to_Pin_Leakage","PIN_TO_PIN_POS_LEAKAGE_PIN",20050,"Parametric","",10,500,"nA",294.076,308.188,299.828,1.79782,95,0,0.421923,***
"Pin_to_Pin_Leakage","PIN_TO_PIN_NEG_LEAKAGE_PIN",20150,"Parametric","",-500,-10,"nA",-304.281,-295.426,-300.186,1.93222,95,0,0.421923,***
"Pin_to_Pin_Leakage","PIN_TO_PIN_POS_LEAKAGE_PIN",20060,"Parametric","",10,500,"nA",294.371,304.564,299.757,2.09571,95,0,0.421923,***
"Pin_to_Pin_Leakage","PIN_TO_PIN_NEG_LEAKAGE_PIN",20160,"Parametric","",-500,-10,"nA",-304.637,-293.767,-300.275,2.00942,95,0,0.421923,***
"Pin_to_Pin_Leakage","PIN_TO_PIN_POS_LEAKAGE_PIN",20070,"Parametric","",300,700,"nA",496.197,557.595,525.079,20.1816,95,0,0.421923,***
"Pin_to_Pin_Leakage","PIN_TO_PIN_NEG_LEAKAGE_PIN",20170,"Parametric","",-700,-300,"nA",-560.893,-502.164,-530.182,19.9342,95,0,0.421923,***
"Pin_to_Pin_Leakage","PIN_TO_PIN_POS_LEAKAGE_PIN",20080,"Parametric","",-200,200,"nA",-1.47797,0.54892,-0.316775,0.372118,95,0,0.421923,***
"Pin_to_Pin_Leakage","PIN_TO_PIN_NEG_LEAKAGE_PIN",20180,"Parametric","",-200,200,"nA",-8.61741,-3.65154,-6.06353,1.27045,95,0,0.421923,***
"Pin_to_Pin_Leakage","PIN_TO_PIN_POS_LEAKAGE_PIN",20090,"Parametric","",-200,200,"nA",-0.567845,1.47826,0.459517,0.409947,95,0,0.421923,***
"Pin_to_Pin_Leakage","PIN_TO_PIN_NEG_LEAKAGE_PIN",20190,"Parametric","",-200,200,"nA",-15.3514,-6.09274,-10.5129,2.29502,95,0,0.421923,***
"Pin_to_Pin_Leakage","PIN_TO_PIN_POS_LEAKAGE_PIN_VBIAS_PS1600",20100,"Parametric","",500,1000,"nA",709,872,784.4,44.096,95,0,0.421923,***
"Pin_to_Pin_Leakage","PIN_TO_PIN_NEG_LEAKAGE_PIN_VBIAS_PS1600",20200,"Parametric","",-1000,-500,"nA",-894,-790,-847.4,26.7408,95,0,0.421923,***
"IVDDFL_IVINFL_RONFL","RON_200mAVDD_5_VIN_5_20V_Part",90050,"Parametric","",0.01,0.03,"ohm",0.0223398,0.0320792,0.0230109,0.00101319,94,1,0.0375258,***
"IVDDFL_IVINFL_RONFL","DEVICE_VARIENT_TRUE",90060,"Parametric","",0.5,1.5,"",0,1,0.989474,0.102598,94,1,0.0375258,***
"Fuse_Burn_Check","BANKA_BIT5_BLOWN_TRUE",1000001,"Parametric","",0,1,"",0,1,0.0212766,0.145079,94,0,0.103749,***
"Gross_Functional_EN_FCB_FAULTB_OFF","EN_FCB_LOW_VOUT_LOW",30010,"Parametric","",-0.001,1,"V",-0.000133514,0.0212193,0.00883129,0.00758473,94,0,0.236677,***
"Gross_Functional_EN_FCB_FAULTB_OFF","EN_FCB_LOW_OFF_HIGH",30020,"Parametric","",1.6,2.3,"V",1.79541,1.99991,1.92707,0.0334392,94,0,0.236677,***
"Gross_Functional_EN_FCB_FAULTB_OFF","FCB_LOW_VOUT_LOW",30030,"Parametric","",-0.001,0.5,"V",-0.000301361,0.00221825,0.00103526,0.000553979,94,0,0.236677,***
"Gross_Functional_EN_FCB_FAULTB_OFF","FCB_LOW_OFF_HIGH",30040,"Parametric","",1.6,2.3,"V",1.79609,2.00087,1.92776,0.0334973,94,0,0.236677,***
"Gross_Functional_EN_FCB_FAULTB_OFF","EN_LOW_VOUT_LOW",30050,"Parametric","",-0.001,0.5,"V",-1.14441e-05,0.00278473,0.00100061,0.000482487,94,0,0.236677,***
"Gross_Functional_EN_FCB_FAULTB_OFF","EN_LOW_OFF_HIGH",30060,"Parametric","",1.6,2.3,"V",1.79541,2.00013,1.92711,0.0334635,94,0,0.236677,***
"Gross_Functional_EN_FCB_FAULTB_OFF","EN_FCB_HIGH_VOUT_HIGH",30070,"Parametric","",4.85,5.1,"V",4.99947,5.00041,4.99992,0.000187507,94,0,0.236677,***
"Gross_Functional_EN_FCB_FAULTB_OFF","EN_FCB_HIGH_OFF_LOW",30080,"Parametric","",-0.001,0.5,"V",0.000600436,0.000771185,0.000682178,3.07339e-05,94,0,0.236677,***
"Gross_Functional_EN_FCB_FAULTB_OFF","FAULT_SET_VOUT_LOW",30090,"Parametric","",-0.001,0.5,"V",-0.000335693,0.00119972,0.000176998,0.000280939,94,0,0.236677,***
"Gross_Functional_EN_FCB_FAULTB_OFF","FAULT_SET_OFF_HIGH",30100,"Parametric","",1.6,2.3,"V",1.84054,2.04527,1.97246,0.033501,94,0,0.236677,***
"Gross_Functional_EN_FCB_FAULTB_OFF","FAULT_RESET_VOUT_HIGH",30110,"Parametric","",4.85,5.1,"V",4.99944,5.00034,4.9999,0.000214251,94,0,0.236677,***
"Gross_Functional_EN_FCB_FAULTB_OFF","FAULT_RESET_OFF_LOW",30120,"Parametric","",0,0.5,"V",0.000600436,0.000714269,0.000687022,2.97786e-05,94,0,0.236677,***
"Output_disabled_leakage","IVDDDIS_VDD_3_VIN_3",40010,"Parametric","",10,166.5,"uA",96.0166,132.548,112.268,7.35296,94,0,0.104049,***
"Output_disabled_leakage","IVINDIS_VDD_3_VIN_3",40050,"Parametric","",10,166.5,"uA",65.9516,88.321,75.9799,5.00746,94,0,0.104049,***
"Output_disabled_leakage","IOFF_VDD_3_VIN_3",40090,"Parametric","",-14,11,"uA",-2.54915,-1.35246,-1.80459,0.38776,94,0,0.104049,***
"Output_disabled_leakage","IVDDDIS_VDD_3_VIN_20",40020,"Parametric","",10,166.5,"uA",93.6482,130.676,114.142,6.80243,94,0,0.104049,***
"Output_disabled_leakage","IVINDIS_VDD_3_VIN_20",40060,"Parametric","",10,166.5,"uA",89.0316,117.091,102.778,5.18933,94,0,0.104049,***
"Output_disabled_leakage","IOFF_VDD_3_VIN_20",40100,"Parametric","",-14,11,"uA",-2.99691,-1.17348,-2.07854,0.587012,94,0,0.104049,***
"Output_disabled_leakage","IVINVDD0_VIN_3",40130,"Parametric","",10,166.5,"uA",60.2691,82.4016,72.4225,4.92159,94,0,0.104049,***
"Output_disabled_leakage","IOFFVDD0_VIN_3",40150,"Parametric","",-14,11,"uA",-2.09635,-1.12118,-1.50207,0.328842,94,0,0.104049,***
"Output_disabled_leakage","IVDDDIS_VDD_20_VIN_3",40030,"Parametric","",10,166.5,"uA",128.441,165.423,146.638,6.88607,94,0,0.104049,***
"Output_disabled_leakage","IVINDIS_VDD_20_VIN_3",40070,"Parametric","",10,166.5,"uA",63.1176,85.243,74.3752,4.17398,94,0,0.104049,***
"Output_disabled_leakage","IOFF_VDD_20_VIN_3",40110,"Parametric","",-14,11,"uA",-2.57476,-1.34669,-1.82356,0.385899,94,0,0.104049,***
"Output_disabled_leakage","IVDDDIS_VDD_20_VIN_20",40040,"Parametric","",10,166.5,"uA",125.451,154.406,141.267,6.00807,94,0,0.104049,***
"Output_disabled_leakage","IVINDIS_VDD_20_VIN_20",40080,"Parametric","",10,166.5,"uA",89.9788,111.762,100.614,5.23307,94,0,0.104049,***
"Output_disabled_leakage","IOFF_VDD_20_VIN_20",40120,"Parametric","",-14,11,"uA",-3.03221,-1.09612,-1.81249,0.624299,94,0,0.104049,***
"Output_disabled_leakage","IVINVDD0_VIN_20",40140,"Parametric","",10,166.5,"uA",109.039,128.929,118.097,4.67569,94,0,0.104049,***
"Output_disabled_leakage","IOFFVDD0_VIN_20",40160,"Parametric","",-14,11,"uA",-2.24981,-1.61394,-1.99476,0.166911,94,0,0.104049,***
"EN_pullup_resistor","EN0V_PULLUP_RES",50010,"Parametric","",155,230,"Kohm",180.03,201.917,191.3,7.34212,94,0,0.0302912,***
"EN_pullup_resistor","EN1V_PULLUP_RES",50020,"Parametric","",155,230,"Kohm",180.778,203.267,192.178,7.45268,94,0,0.0302912,***
"EN_pullup_resistor","EN0V_Current",50030,"Parametric","",-11,-7,"uA",-9.99833,-8.91456,-9.42316,0.364958,94,0,0.0302912,***
"EN_pullup_resistor","EN1V_Current",50040,"Parametric","",-5.5,-3,"uA",-4.42531,-3.93571,-4.16906,0.162988,94,0,0.0302912,***
"Leakage_Test","IOFF_REVERSE_VOUT_VIN_LEAKAGE_1mA",60030,"Parametric","",-331,-205,"mV",-268.705,-266.363,-267.552,0.517076,94,0,0.0574318,***
"Leakage_Test","IOFF_REVERSE_VOUT_VIN_LEAKAGE_10mA",60040,"Parametric","",-340,-205,"mV",-330.696,-329.1,-329.795,0.367306,94,0,0.0574318,***
"Leakage_Test","IOFF_REVERSE_VOUT_VIN_LEAKAGE_100mA",60050,"Parametric","",-331,-205,"mV",-210.716,-206.762,-208.186,0.844094,94,0,0.0574318,***
"Nominal_Input_pin_Leakages","LEAKAGE",70010,"Parametric","",10,40,"uA",24.0622,27.265,25.6407,1.08022,94,0,0.121892,***
"Nominal_Input_pin_Leakages","LEAKAGE",70060,"Parametric","",-0.2,0.2,"uA",0.00591544,0.0122617,0.00771941,0.000952355,94,0,0.121892,***
"Nominal_Input_pin_Leakages","LEAKAGE",70020,"Parametric","",-0.5,0.5,"uA",-0.0385863,0.136876,0.0526112,0.0378187,94,0,0.121892,***
"Nominal_Input_pin_Leakages","LEAKAGE",70040,"Parametric","",24,50,"uA",25.814,29.174,27.2118,0.969427,94,0,0.121892,***
"Nominal_Input_pin_Leakages","LEAKAGE",70030,"Parametric","",14,25,"uA",15.6488,16.6028,16.1808,0.316003,94,0,0.121892,***
"Nominal_Input_pin_Leakages","LEAKAGE",70080,"Parametric","",-0.2,0.5,"uA",-0.0517333,0.100011,0.0106862,0.0351265,94,0,0.121892,***
"Nominal_Input_pin_Leakages","LEAKAGE",70050,"Parametric","",20,70,"uA",49.0748,56.3061,51.9351,2.19705,94,0,0.121892,***
"Nominal_Input_pin_Leakages","LEAKAGE",70070,"Parametric","",5,40,"uA",20.5131,28.8844,27.5004,0.908016,94,0,0.121892,***
"Nominal_Input_pin_Leakages","LEAKAGE_2V",70090,"Parametric","",-0.5,0.5,"uA",-0.108648,0.0683866,-0.0233593,0.0376373,94,0,0.121892,***
"Output_enabled_leakage","IVDD_VDD_3_Vin_3",80001,"Parametric","",10,130,"uA",93.5895,111.206,100.768,3.97865,94,0,0.489111,***
"Output_enabled_leakage","IVIN_VDD_3_Vin_3",80005,"Parametric","",10,75,"uA",48.7654,57.6684,53.7764,1.70387,94,0,0.489111,***
"Output_enabled_leakage","IVDD_VDD_3_Vin_20",80010,"Parametric","",10,150,"uA",97.0587,114.214,105.378,3.66369,94,0,0.489111,***
"Output_enabled_leakage","IVIN_VDD_3_Vin_20",80014,"Parametric","",10,120,"uA",82.5608,98.7761,91.1123,3.60417,94,0,0.489111,***
"Output_enabled_leakage","IVDD_VDD_20_Vin_3",80011,"Parametric","",10,150,"uA",113.231,134.695,124.21,4.67823,94,0,0.489111,***
"Output_enabled_leakage","IVIN_VDD_20_Vin_3",80015,"Parametric","",10,75,"uA",49.5533,58.0242,53.8987,1.62167,94,0,0.489111,***
"Output_enabled_leakage","IVDD_VDD_20_Vin_20",80012,"Parametric","",10,175,"uA",115.043,135.429,127.738,4.37997,94,0,0.489111,***
"Output_enabled_leakage","IVIN_VDD_20_Vin_20",80016,"Parametric","",10,120,"uA",82.5608,98.3737,90.959,3.49583,94,0,0.489111,***
"SCAN","Scan_test",330010,"Functional","_rdi_burst_SCAN_bk4_mp",***,***," ",***,***,***,***,94,0,0.0385699,***
"Logic","Logic_test",340010,"Functional","_rdi_burst_Logic_bk6_mp",***,***," ",***,***,***,***,94,0,0.276714,***
"Vreftrim","VBIAS_VALUE_CODE0",180020,"Parametric","",1.5,2.5,"V",1.85477,1.9982,1.92862,0.0274615,92,0,0.927778,***
"Vreftrim","VBIAS_VALUE_CODE1",180030,"Parametric","",1.5,2.5,"V",1.87287,2.01761,1.94731,0.0277424,92,0,0.927778,***
"Vreftrim","VBIAS_VALUE_CODE2",180040,"Parametric","",1.5,2.5,"V",1.89199,2.03833,1.9671,0.028047,92,0,0.927778,***
"Vreftrim","VBIAS_VALUE_CODE3",180050,"Parametric","",1.5,2.5,"V",1.91077,2.05836,1.9866,0.0283351,92,0,0.927778,***
"Vreftrim","VBIAS_VALUE_CODE4",180060,"Parametric","",1.5,2.5,"V",1.93024,2.07959,2.00688,0.0286323,92,0,0.927778,***
"Vreftrim","VBIAS_VALUE_CODE5",180070,"Parametric","",1.5,2.5,"V",1.94885,2.09957,2.02633,0.0289119,92,0,0.927778,***
"Vreftrim","VBIAS_VALUE_CODE6",180080,"Parametric","",1.5,2.5,"V",1.96792,2.12029,2.04596,0.0292172,92,0,0.927778,***
"Vreftrim","VBIAS_VALUE_CODE7",180090,"Parametric","",1.5,2.5,"V",1.98659,2.1402,2.06541,0.0295093,92,0,0.927778,***
"Vreftrim","VBIAS_VALUE_CODE8",180100,"Parametric","",1.5,2.5,"V",2.0064,2.16172,2.08634,0.029798,92,0,0.927778,***
"Vreftrim","VBIAS_VALUE_CODE9",180110,"Parametric","",1.5,2.5,"V",2.02512,2.1817,2.10575,0.0300643,92,0,0.927778,***
"Vreftrim","VBIAS_VALUE_CODE10",180120,"Parametric","",1.5,2.5,"V",2.0439,2.20236,2.12529,0.0303491,92,0,0.927778,***
"Vreftrim","VBIAS_VALUE_CODE11",180130,"Parametric","",1.5,2.5,"V",2.06263,2.22222,2.14468,0.0306706,92,0,0.927778,***
"Vreftrim","VBIAS_VALUE_CODE12",180140,"Parametric","",1.5,2.5,"V",2.08181,2.2434,2.16479,0.0309318,92,0,0.927778,***
"Vreftrim","VBIAS_VALUE_CODE13",180150,"Parametric","",1.5,2.5,"V",2.10042,2.26354,2.18416,0.0312294,92,0,0.927778,***
"Vreftrim","VBIAS_VALUE_CODE14",180160,"Parametric","",1.5,2.5,"V",2.11915,2.28386,2.20367,0.0315189,92,0,0.927778,***
"Vreftrim","VBIAS_VALUE_CODE15",180170,"Parametric","",1.5,2.5,"V",2.1377,2.3039,2.22295,0.0318051,92,0,0.927778,***
"Vreftrim","VBIAS_VALUE_CODE16",180180,"Parametric","",1.5,2.5,"V",1.55004,1.66717,1.6109,0.0225281,92,0,0.927778,***
"Vreftrim","VBIAS_VALUE_CODE17",180190,"Parametric","",1.5,2.5,"V",1.56848,1.68721,1.63018,0.0228358,92,0,0.927778,***
"Vreftrim","VBIAS_VALUE_CODE18",180200,"Parametric","",1.5,2.5,"V",1.58738,1.70764,1.64972,0.0231368,92,0,0.927778,***
"Vreftrim","VBIAS_VALUE_CODE19",180210,"Parametric","",1.5,2.5,"V",1.6061,1.72779,1.6691,0.0234466,92,0,0.927778,***
"Vreftrim","VBIAS_VALUE_CODE20",180220,"Parametric","",1.5,2.5,"V",1.62557,1.74902,1.68934,0.0237319,92,0,0.927778,***
"Vreftrim","VBIAS_VALUE_CODE21",180230,"Parametric","",1.5,2.5,"V",1.64412,1.76911,1.70875,0.0240504,92,0,0.927778,***
"Vreftrim","VBIAS_VALUE_CODE22",180240,"Parametric","",1.5,2.5,"V",1.6633,1.78954,1.72836,0.0243347,92,0,0.927778,***
"Vreftrim","VBIAS_VALUE_CODE23",180250,"Parametric","",1.5,2.5,"V",1.68191,1.80946,1.74777,0.0246448,92,0,0.927778,***
"Vreftrim","VBIAS_VALUE_CODE24",180260,"Parametric","",1.5,2.5,"V",1.70201,1.83132,1.7689,0.0249558,92,0,0.927778,***
"Vreftrim","VBIAS_VALUE_CODE25",180270,"Parametric","",1.5,2.5,"V",1.72067,1.85152,1.78839,0.0252832,92,0,0.927778,***
"Vreftrim","VBIAS_VALUE_CODE26",180280,"Parametric","",1.5,2.5,"V",1.73963,1.87201,1.80801,0.0255506,92,0,0.927778,***
"Vreftrim","VBIAS_VALUE_CODE27",180290,"Parametric","",1.5,2.5,"V",1.7583,1.89222,1.82745,0.0258604,92,0,0.927778,***
"Vreftrim","VBIAS_VALUE_CODE28",180300,"Parametric","",1.5,2.5,"V",1.77793,1.91334,1.84772,0.0261884,92,0,0.927778,***
"Vreftrim","VBIAS_VALUE_CODE29",180310,"Parametric","",1.5,2.5,"V",1.79649,1.9336,1.8672,0.0264754,92,0,0.927778,***
"Vreftrim","VBIAS_VALUE_CODE30",180320,"Parametric","",1.5,2.5,"V",1.81555,1.95437,1.88684,0.0267743,92,0,0.927778,***
"Vreftrim","VBIAS_VALUE_CODE31",180330,"Parametric","",1.5,2.5,"V",1.83416,1.97447,1.9063,0.0270769,92,0,0.927778,***
"Vreftrim","VREF_TRIM_CODE",180010,"Parametric","",0,31,"Code",23,29,25.6087,1.30052,92,0,0.927778,***
"Vreftrim","VBIAS_BEST_FIT_VALUE",180340,"Parametric","",1.77,1.83,"V",1.79011,1.80998,1.79992,0.00559869,92,0,0.927778,***
"SS_Current_Trim","SS_CURRENT_CODE0",220040,"Parametric","",-16,-6,"uA",-11.314,-9.775,-10.636,0.383084,92,0,1.35037,***
"SS_Current_Trim","SS_CURRENT_CODE1",220050,"Parametric","",-16,-6,"uA",-11.481,-9.917,-10.7906,0.388272,92,0,1.35037,***
"SS_Current_Trim","SS_CURRENT_CODE2",220060,"Parametric","",-16,-6,"uA",-11.633,-10.048,-10.9343,0.392443,92,0,1.35037,***
"SS_Current_Trim","SS_CURRENT_CODE3",220070,"Parametric","",-16,-6,"uA",-11.778,-10.175,-11.0681,0.396426,92,0,1.35037,***
"SS_Current_Trim","SS_CURRENT_CODE4",220080,"Parametric","",-16,-6,"uA",-11.95,-10.33,-11.2353,0.40151,92,0,1.35037,***
"SS_Current_Trim","SS_CURRENT_CODE5",220090,"Parametric","",-16,-6,"uA",-12.105,-10.462,-11.3771,0.40536,92,0,1.35037,***
"SS_Current_Trim","SS_CURRENT_CODE6",220100,"Parametric","",-16,-6,"uA",-12.277,-10.611,-11.5381,0.410526,92,0,1.35037,***
"SS_Current_Trim","SS_CURRENT_CODE7",220110,"Parametric","",-16,-6,"uA",-12.47,-10.781,-11.7193,0.415457,92,0,1.35037,***
"SS_Current_Trim","SS_CURRENT_CODE8",220120,"Parametric","",-16,-6,"uA",-12.655,-10.946,-11.8917,0.420596,92,0,1.35037,***
"SS_Current_Trim","SS_CURRENT_CODE9",220130,"Parametric","",-16,-6,"uA",-12.825,-11.096,-12.052,0.425238,92,0,1.35037,***
"SS_Current_Trim","SS_CURRENT_CODE10",220140,"Parametric","",-16,-6,"uA",-13.017,-11.26,-12.2329,0.430526,92,0,1.35037,***
"SS_Current_Trim","SS_CURRENT_CODE11",220150,"Parametric","",-16,-6,"uA",-13.233,-11.451,-12.4368,0.436712,92,0,1.35037,***
"SS_Current_Trim","SS_CURRENT_CODE12",220160,"Parametric","",-16,-6,"uA",-13.421,-11.62,-12.6135,0.44163,92,0,1.35037,***
"SS_Current_Trim","SS_CURRENT_CODE13",220170,"Parametric","",-16,-6,"uA",-13.649,-11.818,-12.8302,0.448203,92,0,1.35037,***
"SS_Current_Trim","SS_CURRENT_CODE14",220180,"Parametric","",-16,-6,"uA",-13.869,-12.011,-13.0356,0.454075,92,0,1.35037,***
"SS_Current_Trim","SS_CURRENT_CODE15",220190,"Parametric","",-16,-6,"uA",-14.077,-12.193,-13.2311,0.458992,92,0,1.35037,***
"SS_Current_Trim","SS_CURRENT_CODE16",220200,"Parametric","",-16,-6,"uA",-9.394,-8.078,-8.8225,0.326211,92,0,1.35037,***
"SS_Current_Trim","SS_CURRENT_CODE17",220210,"Parametric","",-16,-6,"uA",-9.483,-8.152,-8.90535,0.328915,92,0,1.35037,***
"SS_Current_Trim","SS_CURRENT_CODE18",220220,"Parametric","",-16,-6,"uA",-9.584,-8.243,-9.00216,0.332256,92,0,1.35037,***
"SS_Current_Trim","SS_CURRENT_CODE19",220230,"Parametric","",-16,-6,"uA",-9.706,-8.347,-9.11451,0.335958,92,0,1.35037,***
"SS_Current_Trim","SS_CURRENT_CODE20",220240,"Parametric","",-16,-6,"uA",-9.8,-8.431,-9.20355,0.338379,92,0,1.35037,***
"SS_Current_Trim","SS_CURRENT_CODE21",220250,"Parametric","",-16,-6,"uA",-9.924,-8.537,-9.32077,0.342655,92,0,1.35037,***
"SS_Current_Trim","SS_CURRENT_CODE22",220260,"Parametric","",-16,-6,"uA",-10.036,-8.636,-9.42757,0.345671,92,0,1.35037,***
"SS_Current_Trim","SS_CURRENT_CODE23",220270,"Parametric","",-16,-6,"uA",-10.14,-8.727,-9.52303,0.348575,92,0,1.35037,***
"SS_Current_Trim","SS_CURRENT_CODE24",220280,"Parametric","",-16,-6,"uA",-10.256,-8.834,-9.63555,0.352068,92,0,1.35037,***
"SS_Current_Trim","SS_CURRENT_CODE25",220290,"Parametric","",-16,-6,"uA",-10.393,-8.956,-9.76325,0.356134,92,0,1.35037,***
"SS_Current_Trim","SS_CURRENT_CODE26",220300,"Parametric","",-16,-6,"uA",-10.517,-9.067,-9.8801,0.359746,92,0,1.35037,***
"SS_Current_Trim","SS_CURRENT_CODE27",220310,"Parametric","",-16,-6,"uA",-10.634,-9.166,-9.98676,0.362957,92,0,1.35037,***
"SS_Current_Trim","SS_CURRENT_CODE28",220320,"Parametric","",-16,-6,"uA",-10.779,-9.298,-10.1245,0.367354,92,0,1.35037,***
"SS_Current_Trim","SS_CURRENT_CODE29",220330,"Parametric","",-16,-6,"uA",-10.898,-9.404,-10.2363,0.370493,92,0,1.35037,***
"SS_Current_Trim","SS_CURRENT_CODE30",220340,"Parametric","",-16,-6,"uA",-11.035,-9.524,-10.3663,0.3744,92,0,1.35037,***
"SS_Current_Trim","SS_CURRENT_CODE31",220350,"Parametric","",-16,-6,"uA",-11.192,-9.655,-10.5138,0.379169,92,0,1.35037,***
"SS_Current_Trim","SS_CURRENT_TRIM_CODE",220030,"Parametric","",0,31,"Code",0,31,23.8587,8.13158,92,0,1.35037,***
"SS_Current_Trim","SS_CURRENT_BEST_FIT_VALUE",220360,"Parametric","",-10.4,-9.6,"uA",-10.071,-9.937,-9.99499,0.0351948,92,0,1.35037,***
"SS_Gain","CURRENT_SS_0P1V_CODE0",230020,"Parametric","",150,1800,"mA",409.614,539.292,456.431,22.6377,92,0,1.29928,***
"SS_Gain","CURRENT_SS_0P2V_CODE0",230180,"Parametric","",300,3200,"mA",869.862,1075.31,942.877,39.6672,92,0,1.29928,***
"SS_Gain","CURRENT_SS_0P1V_CODE1",230030,"Parametric","",150,1800,"mA",453.961,619.487,525.776,26.4908,92,0,1.29928,***
"SS_Gain","CURRENT_SS_0P2V_CODE1",230190,"Parametric","",300,3200,"mA",935.099,1223.89,1076,46.7961,92,0,1.29928,***
"SS_Gain","CURRENT_SS_0P1V_CODE2",230040,"Parametric","",150,1800,"mA",454.16,699.096,595.531,31.9672,92,0,1.29928,***
"SS_Gain","CURRENT_SS_0P2V_CODE2",230200,"Parametric","",300,3200,"mA",934.429,1372.86,1209.57,57.112,92,0,1.29928,***
"SS_Gain","CURRENT_SS_0P1V_CODE3",230050,"Parametric","",150,1800,"mA",454.315,781.523,667.283,38.3729,92,0,1.29928,***
"SS_Gain","CURRENT_SS_0P2V_CODE3",230210,"Parametric","",300,3200,"mA",934.559,1524.6,1346.09,69.2455,92,0,1.29928,***
"SS_Gain","CURRENT_SS_0P1V_CODE4",230060,"Parametric","",150,1800,"mA",454.013,858.192,734.782,44.773,92,0,1.29928,***
"SS_Gain","CURRENT_SS_0P2V_CODE4",230220,"Parametric","",300,3200,"mA",934.454,1667.71,1476.61,81.7167,92,0,1.29928,***
"SS_Gain","CURRENT_SS_0P1V_CODE5",230070,"Parametric","",150,1800,"mA",453.916,939.474,803.369,62.1118,92,0,1.29928,***
"SS_Gain","CURRENT_SS_0P2V_CODE5",230230,"Parametric","",300,3200,"mA",934.338,1820.32,1607.16,116.109,92,0,1.29928,***
"SS_Gain","CURRENT_SS_0P1V_CODE6",230080,"Parametric","",150,1800,"mA",441.346,1020.82,873.871,74.8424,92,0,1.29928,***
"SS_Gain","CURRENT_SS_0P2V_CODE6",230240,"Parametric","",300,3200,"mA",911.713,1972.17,1742.49,140.248,92,0,1.29928,***
"SS_Gain","CURRENT_SS_0P1V_CODE7",230090,"Parametric","",150,1800,"mA",454.054,1100.24,948.582,66.7975,92,0,1.29928,***
"SS_Gain","CURRENT_SS_0P2V_CODE7",230250,"Parametric","",300,3200,"mA",935.608,2121.17,1887.43,123.918,92,0,1.29928,***
"SS_Gain","CURRENT_SS_0P1V_CODE8",230100,"Parametric","",150,1800,"mA",454.099,1179.78,1017.85,74.214,92,0,1.29928,***
"SS_Gain","CURRENT_SS_0P2V_CODE8",230260,"Parametric","",300,3200,"mA",935.705,2269.15,2020.48,137.975,92,0,1.29928,***
"SS_Gain","CURRENT_SS_0P1V_CODE9",230110,"Parametric","",150,1800,"mA",454.363,1263.04,1091.55,82.0706,92,0,1.29928,***
"SS_Gain","CURRENT_SS_0P2V_CODE9",230270,"Parametric","",300,3200,"mA",935.696,2420.35,2161.34,153.111,92,0,1.29928,***
"SS_Gain","CURRENT_SS_0P1V_CODE10",230120,"Parametric","",150,1800,"mA",453.834,1342.93,1163.42,89.9231,92,0,1.29928,***
"SS_Gain","CURRENT_SS_0P2V_CODE10",230280,"Parametric","",300,3200,"mA",934.967,2569.09,2299.63,167.725,92,0,1.29928,***
"SS_Gain","CURRENT_SS_0P1V_CODE11",230130,"Parametric","",150,1800,"mA",454.2,1423.06,1234.23,97.5057,92,0,1.29928,***
"SS_Gain","CURRENT_SS_0P2V_CODE11",230290,"Parametric","",300,3200,"mA",935.759,2716.73,2435.61,181.639,92,0,1.29928,***
"SS_Gain","CURRENT_SS_0P1V_CODE12",230140,"Parametric","",150,1800,"mA",454.191,1503.35,1306.64,105.396,92,0,1.29928,***
"SS_Gain","CURRENT_SS_0P2V_CODE12",230300,"Parametric","",300,3200,"mA",935.486,2859.3,2569.63,195.901,92,0,1.29928,***
"SS_Gain","CURRENT_SS_0P1V_CODE13",230150,"Parametric","",150,1800,"mA",454.694,1583.09,1377.53,113.023,92,0,1.29928,***
"SS_Gain","CURRENT_SS_0P2V_CODE13",230310,"Parametric","",300,3200,"mA",935.398,3003.36,2703.42,210.198,92,0,1.29928,***
"SS_Gain","CURRENT_SS_0P1V_CODE14",230160,"Parametric","",150,1800,"mA",454.789,1664.36,1449.94,120.951,92,0,1.29928,***
"SS_Gain","CURRENT_SS_0P2V_CODE14",230320,"Parametric","",300,3200,"mA",935.658,3148.12,2837.78,224.626,92,0,1.29928,***
"SS_Gain","CURRENT_SS_0P1V_CODE15",230170,"Parametric","",150,1800,"mA",441.674,1747.18,1514.24,171.645,92,0,1.29928,***
"SS_Gain","CURRENT_SS_0P2V_CODE15",230330,"Parametric","",300,4000,"mA",912.138,3169.44,2928.6,377.08,92,0,1.29928,***
"SS_Gain","SS_GAIN_TRIM_CODE",230010,"Parametric","",0,15,"Code",1,9,7.61957,0.899846,92,0,1.29928,***
"SS_Gain","BEST_CURR_SS_0p2V",230340,"Parametric","",1700,2300,"mA",935.099,2121.17,1977.73,118.199,91,1,1.29928,***
"SS_Gain","BEST_CURR_SS_0p1V",230350,"Parametric","",700,1300,"mA",948.879,1100.24,1001.47,28.0192,91,0,1.30162,***
"SS_Gain","BEST_CURR_SS_delta",230360,"Parametric","",900,1100,"mA",966.722,1031.94,987.714,18.4992,91,0,1.30162,***
"SSoffset_Trim","SS_OFFSET_CURRENT_CODE0",240020,"Parametric","",-700,-100,"mA",-576.266,-404.663,-471.401,27.9304,91,0,0.660558,***
"SSoffset_Trim","SS_OFFSET_CURRENT_CODE1",240030,"Parametric","",-700,-100,"mA",-571.112,-397.142,-463.915,28.1154,91,0,0.660558,***
"SSoffset_Trim","SS_OFFSET_CURRENT_CODE2",240040,"Parametric","",-700,-100,"mA",-551.791,-384.191,-449.281,27.41,91,0,0.660558,***
"SSoffset_Trim","SS_OFFSET_CURRENT_CODE3",240050,"Parametric","",-700,-100,"mA",-537.86,-372.432,-436.088,26.9479,91,0,0.660558,***
"SSoffset_Trim","SS_OFFSET_CURRENT_CODE4",240060,"Parametric","",-700,-100,"mA",-524.679,-360.774,-423.141,26.6938,91,0,0.660558,***
"SSoffset_Trim","SS_OFFSET_CURRENT_CODE5",240070,"Parametric","",-700,-100,"mA",-508.25,-348.267,-409.513,26.154,91,0,0.660558,***
"SSoffset_Trim","SS_OFFSET_CURRENT_CODE6",240080,"Parametric","",-700,-100,"mA",-491.537,-334.449,-394.379,25.5787,91,0,0.660558,***
"SSoffset_Trim","SS_OFFSET_CURRENT_CODE7",240090,"Parametric","",-700,-100,"mA",-479.946,-324.982,-384.145,25.3043,91,0,0.660558,***
"SSoffset_Trim","SS_OFFSET_CURRENT_CODE8",240100,"Parametric","",-700,-100,"mA",-463.663,-312.072,-370.424,24.7242,91,0,0.660558,***
"SSoffset_Trim","SS_OFFSET_CURRENT_CODE9",240110,"Parametric","",-700,-100,"mA",-448.835,-299.976,-357.025,24.3162,91,0,0.660558,***
"SSoffset_Trim","SS_OFFSET_CURRENT_CODE10",240120,"Parametric","",-700,-100,"mA",-432.64,-286.582,-342.657,23.8264,91,0,0.660558,***
"SSoffset_Trim","SS_OFFSET_CURRENT_CODE11",240130,"Parametric","",-700,-100,"mA",-421.309,-276.671,-332.639,23.5837,91,0,0.660558,***
"SSoffset_Trim","SS_OFFSET_CURRENT_CODE12",240140,"Parametric","",-700,-100,"mA",-404.645,-261.233,-317.121,23.0027,91,0,0.660558,***
"SSoffset_Trim","SS_OFFSET_CURRENT_CODE13",240150,"Parametric","",-700,-100,"mA",-393.199,-251.935,-307.032,22.8088,91,0,0.660558,***
"SSoffset_Trim","SS_OFFSET_CURRENT_CODE14",240160,"Parametric","",-700,-100,"mA",-377.331,-237.928,-292.689,22.3433,91,0,0.660558,***
"SSoffset_Trim","SS_OFFSET_CURRENT_CODE15",240170,"Parametric","",-700,-100,"mA",-363.585,-225.387,-280.1,21.9208,91,0,0.660558,***
"SSoffset_Trim","SS_OFFSET_TRIM_CODE",240010,"Parametric","",0,15,"Code",1,12,5.64835,1.97413,91,0,0.660558,***
"SSoffset_Trim","BEST_Curr_SS_0p04V",240180,"Parametric","",-450,-350,"mA",-407.334,-393.656,-400.127,3.70855,91,0,0.660558,***
"VDD_UVLO_OTS_POR","Low_Temp_Voltage_bank0",200130,"Parametric","",0,0.2,"V",0.000771185,0.0011696,0.00102825,7.93039e-05,91,0,0.0905975,***
"VDD_UVLO_OTS_POR","High_Temp_Voltage_bank0",200140,"Parametric","",1.6,2.3,"V",1.83792,1.97094,1.90801,0.0261895,91,0,0.0905975,***
"VDD_UVLO_OTS_POR","Low_Temp_Voltage_bank0_reset",200150,"Parametric","",0,0.2,"V",0.000714269,0.0011696,0.00100386,7.02986e-05,91,0,0.0905975,***
"VDD_UVLO_OTS_POR","Low_Temp_Voltage_bank1",200160,"Parametric","",0,0.2,"V",0.000714269,0.00111268,0.000972582,6.75087e-05,91,0,0.0905975,***
"VDD_UVLO_OTS_POR","High_Temp_Voltage_bank1",200170,"Parametric","",1.6,2.3,"V",1.83883,1.97185,1.90895,0.0261816,91,0,0.0905975,***
"VDD_UVLO_OTS_POR","Low_Temp_Voltage_bank1_reset",200180,"Parametric","",0,0.5,"V",0.000771185,0.00111268,0.000978211,7.2252e-05,91,0,0.0905975,***
"UVLO_POR_redundancy","I_ISEN_UVLO",410010,"Parametric","",8,13,"uA",10.199,11.348,10.763,0.398104,91,0,6.88074,***
"UVLO_POR_redundancy","I_IN_VDD3V",410020,"Parametric","",-10,300,"nA",-3,0,-1.10989,0.766675,91,0,6.88074,***
"UVLO_POR_redundancy","VDD_UVLO_Falling",410030,"Parametric","",2,2.75,"V",2.39,2.575,2.50819,0.0352571,91,0,6.88074,***
"UVLO_POR_redundancy","I_IN_VDD_UVLO_Falling",410040,"Parametric","",8,13,"uA",10.2094,11.3607,10.7712,0.400473,91,0,6.88074,***
"UVLO_POR_redundancy","VBIAS_POR_Falling",410050,"Parametric","",1.1,1.45,"V",1.26,1.345,1.31005,0.0172481,91,0,6.88074,***
"UVLO_POR_redundancy","I_IN_VBIAS_POR_Falling",410060,"Parametric","",20,33,"uA",25.7304,28.5896,27.1375,1.00149,91,0,6.88074,***
"UVLO_POR_redundancy","VBIAS_PORsu_Falling",410070,"Parametric","",0.725,1.2,"V",0.865,0.965,0.914286,0.0194447,91,0,6.88074,***
"UVLO_POR_redundancy","I_IN_VBIAS_PORsu_Falling",410080,"Parametric","",35,50,"uA",41.5742,46.0041,43.7645,1.56497,91,0,6.88074,***
"UVLO_POR_redundancy","VBIAS_PORsu_Rising",410090,"Parametric","",0.75,1.3,"V",0.875,1.025,0.961868,0.0377392,91,0,6.88074,***
"UVLO_POR_redundancy","I_IN_VBIAS_PORsu_Rising",410100,"Parametric","",20,32,"uA",25.5398,28.2948,26.9373,0.961924,91,0,6.88074,***
"UVLO_POR_redundancy","PORsu_Hysteresis",410110,"Parametric","",0,0.175,"",0.005,0.085,0.0475824,0.0265242,91,0,6.88074,***
"UVLO_POR_redundancy","VBIAS_POR_Rising",410120,"Parametric","",1.2,1.6,"V",1.3,1.515,1.41868,0.0507764,91,0,6.88074,***
"UVLO_POR_redundancy","I_IN_VBIAS_POR_Rising",410130,"Parametric","",8,13,"uA",10.1763,11.3251,10.7376,0.399201,91,0,6.88074,***
"UVLO_POR_redundancy","POR_Hysteresis",410140,"Parametric","",0.03,0.25,"",0.015,0.175,0.108626,0.0412045,88,3,6.88074,***
"UVLO_POR_redundancy","VDD_UVLO_Rising",410150,"Parametric","",2.2,2.85,"V",2.585,2.805,2.6883,0.0395149,88,0,6.88607,***
"UVLO_POR_redundancy","I_IN_VDD_UVLO_Rising",410160,"Parametric","",-200,200,"nA",-22.7679,-4.97725,-14.6812,3.70702,88,0,6.88607,***
"UVLO_POR_redundancy","VDD_UVLO_Hysteresis",410170,"Parametric","",0.02,0.3,"",0.15,0.23,0.17858,0.0163993,88,0,6.88607,***
"ILIM_gain_Trim","ILIM_GAIN_20PIMAX_CODE0",270020,"Parametric","",-40,-0.001,"uA",-36.687,-29.726,-32.709,1.55852,88,0,1.66999,***
"ILIM_gain_Trim","ILIM_GAIN_20PIMAX_CODE1",270030,"Parametric","",-40,-0.001,"uA",-35.531,-28.824,-31.6751,1.50693,88,0,1.66999,***
"ILIM_gain_Trim","ILIM_GAIN_20PIMAX_CODE2",270040,"Parametric","",-40,-0.001,"uA",-34.321,-27.817,-30.5988,1.45327,88,0,1.66999,***
"ILIM_gain_Trim","ILIM_GAIN_20PIMAX_CODE3",270050,"Parametric","",-40,-0.001,"uA",-33.157,-26.885,-29.5611,1.40283,88,0,1.66999,***
"ILIM_gain_Trim","ILIM_GAIN_20PIMAX_CODE4",270060,"Parametric","",-40,-0.001,"uA",-32.019,-25.921,-28.5123,1.3524,88,0,1.66999,***
"ILIM_gain_Trim","ILIM_GAIN_20PIMAX_CODE5",270070,"Parametric","",-40,-0.001,"uA",-30.842,-24.989,-27.4702,1.3003,88,0,1.66999,***
"ILIM_gain_Trim","ILIM_GAIN_20PIMAX_CODE6",270080,"Parametric","",-40,-0.001,"uA",-29.63,-23.977,-26.3892,1.24722,88,0,1.66999,***
"ILIM_gain_Trim","ILIM_GAIN_20PIMAX_CODE7",270090,"Parametric","",-40,-0.001,"uA",-28.461,-23.04,-25.3433,1.19732,88,0,1.66999,***
"ILIM_gain_Trim","ILIM_GAIN_20PIMAX_CODE8",270100,"Parametric","",-40,-0.001,"uA",-27.246,-22.065,-24.3022,1.15541,88,0,1.66999,***
"ILIM_gain_Trim","ILIM_GAIN_20PIMAX_CODE9",270110,"Parametric","",-40,-0.001,"uA",-26.075,-21.144,-23.2588,1.10441,88,0,1.66999,***
"ILIM_gain_Trim","ILIM_GAIN_20PIMAX_CODE10",270120,"Parametric","",-40,-0.001,"uA",-24.865,-20.134,-22.1766,1.05022,88,0,1.66999,***
"ILIM_gain_Trim","ILIM_GAIN_20PIMAX_CODE11",270130,"Parametric","",-40,-0.001,"uA",-23.701,-19.202,-21.1292,1.00059,88,0,1.66999,***
"ILIM_gain_Trim","ILIM_GAIN_20PIMAX_CODE12",270140,"Parametric","",-40,-0.001,"uA",-22.552,-18.23,-20.0795,0.949716,88,0,1.66999,***
"ILIM_gain_Trim","ILIM_GAIN_20PIMAX_CODE13",270150,"Parametric","",-40,-0.001,"uA",-21.383,-17.285,-19.0313,0.899125,88,0,1.66999,***
"ILIM_gain_Trim","ILIM_GAIN_20PIMAX_CODE14",270160,"Parametric","",-40,-0.001,"uA",-20.171,-16.275,-17.9489,0.845756,88,0,1.66999,***
"ILIM_gain_Trim","ILIM_GAIN_20PIMAX_CODE15",270170,"Parametric","",-40,-0.001,"uA",-19.012,-15.334,-16.9026,0.79545,88,0,1.66999,***
"ILIM_gain_Trim","ILIM_GAIN_20PIMAX_CODE16",270180,"Parametric","",-40,-0.001,"uA",-17.7,-14.48,-15.8909,0.75477,88,0,1.66999,***
"ILIM_gain_Trim","ILIM_GAIN_20PIMAX_CODE17",270190,"Parametric","",-40,-0.001,"uA",-16.53,-13.533,-14.8446,0.703039,88,0,1.66999,***
"ILIM_gain_Trim","ILIM_GAIN_20PIMAX_CODE18",270200,"Parametric","",-40,-0.001,"uA",-15.326,-12.503,-13.7616,0.651048,88,0,1.66999,***
"ILIM_gain_Trim","ILIM_GAIN_20PIMAX_CODE19",270210,"Parametric","",-40,-0.001,"uA",-14.154,-11.556,-12.7125,0.600315,88,0,1.66999,***
"ILIM_gain_Trim","ILIM_GAIN_20PIMAX_CODE20",270220,"Parametric","",-40,-0.001,"uA",-13.008,-10.647,-11.6607,0.550588,88,0,1.66999,***
"ILIM_gain_Trim","ILIM_GAIN_20PIMAX_CODE21",270230,"Parametric","",-40,-0.001,"uA",-11.842,-9.698,-10.6112,0.50058,88,0,1.66999,***
"ILIM_gain_Trim","ILIM_GAIN_20PIMAX_CODE22",270240,"Parametric","",-40,-0.001,"uA",-10.635,-8.673,-9.52758,0.447489,88,0,1.66999,***
"ILIM_gain_Trim","ILIM_GAIN_20PIMAX_CODE23",270250,"Parametric","",-40,-0.001,"uA",-9.468,-7.726,-8.47902,0.397385,88,0,1.66999,***
"ILIM_gain_Trim","ILIM_GAIN_20PIMAX_CODE24",270260,"Parametric","",-40,-0.001,"uA",-8.249,-6.774,-7.43369,0.356313,88,0,1.66999,***
"ILIM_gain_Trim","ILIM_GAIN_20PIMAX_CODE25",270270,"Parametric","",-40,-0.001,"uA",-7.08,-5.825,-6.3844,0.305926,88,0,1.66999,***
"ILIM_gain_Trim","ILIM_GAIN_20PIMAX_CODE26",270280,"Parametric","",-40,-0.001,"uA",-5.873,-4.805,-5.3005,0.253857,88,0,1.66999,***
"ILIM_gain_Trim","ILIM_GAIN_20PIMAX_CODE27",270290,"Parametric","",-40,-0.001,"uA",-4.704,-3.853,-4.25155,0.203642,88,0,1.66999,***
"ILIM_gain_Trim","ILIM_GAIN_20PIMAX_CODE28",270300,"Parametric","",-40,-0.001,"uA",-3.555,-2.916,-3.19692,0.153653,88,0,1.66999,***
"ILIM_gain_Trim","ILIM_GAIN_20PIMAX_CODE29",270310,"Parametric","",-40,-0.001,"uA",-2.386,-1.972,-2.14795,0.103651,88,0,1.66999,***
"ILIM_gain_Trim","ILIM_GAIN_20PIMAX_CODE30",270320,"Parametric","",-40,-0.001,"uA",-1.181,-0.957,-1.06395,0.0509624,88,0,1.66999,***
"ILIM_gain_Trim","ILIM_GAIN_20PIMAX_CODE31",270330,"Parametric","",-40,0,"uA",-0.022,-0.007,-0.0142727,0.0029662,88,0,1.66999,***
"ILIM_gain_Trim","ILIM_GAIN_TRIM",270010,"Parametric","",0,31,"Code",10,14,12.0568,0.9512,88,0,1.66999,***
"ILIM_gain_Trim","BEST_MEAS_20pIMAX",270660,"Parametric","",-22,-18,"uA",-20.533,-19.404,-19.9741,0.30962,88,0,1.66999,***
"ILIM_gain_Trim","BEST_GAIN",270680,"Parametric","",75000,85000,"GAIN",77923.3,82457.2,80122.8,1241.48,88,0,1.66999,***
"ISENSE_BlockOffset_Trim_New","ISNS_MEAS_10mAIOUT_CODE0",310020,"Parametric","",-17,1,"uA",-3.305,-0.003,-0.0914091,0.423649,88,0,1.15782,***
"ISENSE_BlockOffset_Trim_New","ISNS_MEAS_10mAIOUT_CODE1",310030,"Parametric","",-17,1,"uA",-1.565,-0.003,-0.02675,0.171032,88,0,1.15782,***
"ISENSE_BlockOffset_Trim_New","ISNS_MEAS_10mAIOUT_CODE2",310040,"Parametric","",-17,1,"uA",-0.013,-0.003,-0.00467045,0.0012569,88,0,1.15782,***
"ISENSE_BlockOffset_Trim_New","ISNS_MEAS_10mAIOUT_CODE3",310050,"Parametric","",-17,1,"uA",-0.007,-0.003,-0.00464773,0.000935135,88,0,1.15782,***
"ISENSE_BlockOffset_Trim_New","ISNS_MEAS_10mAIOUT_CODE4",310060,"Parametric","",-17,1,"uA",-0.007,-0.003,-0.00469318,0.000975068,88,0,1.15782,***
"ISENSE_BlockOffset_Trim_New","ISNS_MEAS_10mAIOUT_CODE5",310070,"Parametric","",-17,1,"uA",-0.007,-0.003,-0.00470455,0.000948793,88,0,1.15782,***
"ISENSE_BlockOffset_Trim_New","ISNS_MEAS_10mAIOUT_CODE6",310080,"Parametric","",-17,1,"uA",-0.007,-0.003,-0.00475,0.000949894,88,0,1.15782,***
"ISENSE_BlockOffset_Trim_New","ISNS_MEAS_10mAIOUT_CODE7",310090,"Parametric","",-17,1,"uA",-0.007,-0.003,-0.00479545,0.00100755,88,0,1.15782,***
"ISENSE_BlockOffset_Trim_New","ISNS_MEAS_10mAIOUT_CODE8",310100,"Parametric","",-17,1,"uA",-2.923,-0.003,-0.0894545,0.403649,88,0,1.15782,***
"ISENSE_BlockOffset_Trim_New","ISNS_MEAS_10mAIOUT_CODE9",310110,"Parametric","",-17,1,"uA",-4.878,-0.004,-0.340761,0.816612,88,0,1.15782,***
"ISENSE_BlockOffset_Trim_New","ISNS_MEAS_10mAIOUT_CODE10",310120,"Parametric","",-17,1,"uA",-6.549,-0.003,-1.04823,1.32584,88,0,1.15782,***
"ISENSE_BlockOffset_Trim_New","ISNS_MEAS_10mAIOUT_CODE11",310130,"Parametric","",-17,1,"uA",-8.116,-0.004,-2.27773,1.64568,88,0,1.15782,***
"ISENSE_BlockOffset_Trim_New","ISNS_MEAS_10mAIOUT_CODE12",310140,"Parametric","",-17,1,"uA",-9.871,-0.005,-3.75865,1.75806,88,0,1.15782,***
"ISENSE_BlockOffset_Trim_New","ISNS_MEAS_10mAIOUT_CODE13",310150,"Parametric","",-17,1,"uA",-11.181,-0.466,-5.32481,1.82233,88,0,1.15782,***
"ISENSE_BlockOffset_Trim_New","ISNS_MEAS_10mAIOUT_CODE14",310160,"Parametric","",-17,1,"uA",-12.813,-2.009,-6.79631,1.81162,88,0,1.15782,***
"ISENSE_BlockOffset_Trim_New","ISNS_MEAS_10mAIOUT_CODE15",310170,"Parametric","",-17,1,"uA",-14.605,-14.601,-14.6027,0.00084632,88,0,1.15782,***
"ISENSE_BlockOffset_Trim_New","ISNS_BLOCK_OFFSET_TRIM",310010,"Parametric","",0,15,"Code",7,13,9.75,1.18661,88,0,1.15782,***
"ISENSE_BlockOffset_Trim_New","BEST_MEAS_10mAIOUT",310350,"Parametric","",-1.7,1.3,"uA",-0.995,-0.004,-0.30233,0.325886,88,0,1.15782,***
"SNS_gain_Trim","SNS_GAIN_20PIMAX_CODE0",320020,"Parametric","",-300,-90,"uA",-262.574,-250.094,-255.803,2.39586,88,0,0.931846,***
"SNS_gain_Trim","SNS_GAIN_20PIMAX_CODE1",320030,"Parametric","",-300,-90,"uA",-254.313,-242.161,-247.696,2.33808,88,0,0.931846,***
"SNS_gain_Trim","SNS_GAIN_20PIMAX_CODE2",320040,"Parametric","",-300,-90,"uA",-245.875,-234.052,-239.328,2.23194,88,0,0.931846,***
"SNS_gain_Trim","SNS_GAIN_20PIMAX_CODE3",320050,"Parametric","",-300,-90,"uA",-237.387,-225.968,-231.123,2.15719,88,0,0.931846,***
"SNS_gain_Trim","SNS_GAIN_20PIMAX_CODE4",320060,"Parametric","",-300,-90,"uA",-228.317,-217.883,-222.77,2.04443,88,0,0.931846,***
"SNS_gain_Trim","SNS_GAIN_20PIMAX_CODE5",320070,"Parametric","",-300,-90,"uA",-220.006,-209.622,-214.526,1.98229,88,0,0.931846,***
"SNS_gain_Trim","SNS_GAIN_20PIMAX_CODE6",320080,"Parametric","",-300,-90,"uA",-211.441,-201.538,-206.151,1.87668,88,0,0.931846,***
"SNS_gain_Trim","SNS_GAIN_20PIMAX_CODE7",320090,"Parametric","",-300,-90,"uA",-202.953,-193.429,-197.929,1.8096,88,0,0.931846,***
"SNS_gain_Trim","SNS_GAIN_20PIMAX_CODE8",320100,"Parametric","",-300,-90,"uA",-194.919,-185.774,-190.127,1.75108,88,0,0.931846,***
"SNS_gain_Trim","SNS_GAIN_20PIMAX_CODE9",320110,"Parametric","",-300,-90,"uA",-186.734,-177.715,-181.906,1.67714,88,0,0.931846,***
"SNS_gain_Trim","SNS_GAIN_20PIMAX_CODE10",320120,"Parametric","",-300,-90,"uA",-178.043,-169.606,-173.559,1.58171,88,0,0.931846,***
"SNS_gain_Trim","SNS_GAIN_20PIMAX_CODE11",320130,"Parametric","",-300,-90,"uA",-169.656,-161.547,-165.334,1.51498,88,0,0.931846,***
"SNS_gain_Trim","SNS_GAIN_20PIMAX_CODE12",320140,"Parametric","",-300,-90,"uA",-160.764,-153.69,-156.962,1.41098,88,0,0.931846,***
"SNS_gain_Trim","SNS_GAIN_20PIMAX_CODE13",320150,"Parametric","",-300,-90,"uA",-152.452,-145.656,-148.732,1.34258,88,0,0.931846,***
"SNS_gain_Trim","SNS_GAIN_20PIMAX_CODE14",320160,"Parametric","",-300,-90,"uA",-143.686,-137.521,-140.374,1.24824,88,0,0.931846,***
"SNS_gain_Trim","SNS_GAIN_20PIMAX_CODE15",320170,"Parametric","",-300,-90,"uA",-135.475,-129.437,-132.166,1.18286,88,0,0.931846,***
"SNS_gain_Trim","SNS_GAIN_TRIM",320010,"Parametric","",0,31,"Code",6,7,6.86364,0.345141,88,0,0.931846,***
"SNS_gain_Trim","BEST_MEAS_20pIMAX",320340,"Parametric","",-210,-190,"uA",-204.065,-195.98,-199.039,2.22339,88,0,0.931846,***
"OC_Delay_Trim","slice0_Period",630010,"Parametric","",400,600,"nS",460.645,533.333,498.222,23.531,88,0,0.087987,***
"OC_Delay_Trim","slice1_Period",630020,"Parametric","",400,600,"nS",461.25,533.333,498.279,23.5101,88,0,0.087987,***
"OC_Delay_Trim","slice2_Period",630030,"Parametric","",400,600,"nS",461.25,533.333,498.142,23.5115,88,0,0.087987,***
"OC_Delay_Trim","median",630040,"Parametric","",400,600,"nS",461.25,533.333,498.215,23.5069,88,0,0.087987,***
"OC_Delay_Trim","Count_Number",630050,"Parametric","",0,40,"nS",22.4854,25.9993,24.1234,1.13951,88,0,0.087987,***
"OC_Delay_Trim","TRIM_CODE",630060,"Parametric","",0,15,"Code",6,10,8.13636,1.09525,88,0,0.087987,***
"EFUSE_REFERENCE_CURRENT_VOLTAGE","Efuse_Ref_Voltage",620010,"Parametric","",1.5,2,"V",1.76809,1.89968,1.83479,0.0254392,88,0,0.0555363,***
"EFUSE_REFERENCE_CURRENT_VOLTAGE","Efuse_Ref_Current",620020,"Parametric","",140,350,"uA",196.193,239.111,217.943,11.3203,88,0,0.0555363,***
"EFUSE_REFERENCE_CURRENT_VOLTAGE","Efuse_Resistance",620030,"Parametric","",100,1000,"ohm",376.705,406.957,393.105,6.84386,88,0,0.0555363,***
"EFUSE_RESISTANCE_MEASUREMENT","BANKA_EFUSE_RESISTANCE_BIT47",480010,"Parametric","",65,200,"ohms",79.6,91,85.0409,5.72674,88,0,3.78799,***
"EFUSE_RESISTANCE_MEASUREMENT","BANKA_EFUSE_RESISTANCE_BIT46",480020,"Parametric","",65,200,"ohms",79.6,91,87.3727,5.34021,88,0,3.78799,***
"EFUSE_RESISTANCE_MEASUREMENT","BANKA_EFUSE_RESISTANCE_BIT45",480030,"Parametric","",65,200,"ohms",79.6,91,85.8182,5.70893,88,0,3.78799,***
"EFUSE_RESISTANCE_MEASUREMENT","BANKA_EFUSE_RESISTANCE_BIT44",480040,"Parametric","",65,200,"ohms",79.6,91,85.4295,5.73119,88,0,3.78799,***
"EFUSE_RESISTANCE_MEASUREMENT","BANKA_EFUSE_RESISTANCE_BIT43",480050,"Parametric","",65,200,"ohms",79.6,91,85.6886,5.71933,88,0,3.78799,***
"EFUSE_RESISTANCE_MEASUREMENT","BANKA_EFUSE_RESISTANCE_BIT42",480060,"Parametric","",65,200,"ohms",79.6,91,86.2068,5.65965,88,0,3.78799,***
"EFUSE_RESISTANCE_MEASUREMENT","BANKA_EFUSE_RESISTANCE_BIT41",480070,"Parametric","",65,200,"ohms",79.6,91,85.9477,5.69553,88,0,3.78799,***
"EFUSE_RESISTANCE_MEASUREMENT","BANKA_EFUSE_RESISTANCE_BIT40",480080,"Parametric","",65,200,"ohms",79.6,91,85.0409,5.72674,88,0,3.78799,***
"EFUSE_RESISTANCE_MEASUREMENT","BANKA_EFUSE_RESISTANCE_BIT39",480090,"Parametric","",65,200,"ohms",79.6,91,83.4864,5.43474,88,0,3.78799,***
"EFUSE_RESISTANCE_MEASUREMENT","BANKA_EFUSE_RESISTANCE_BIT38",480100,"Parametric","",65,200,"ohms",68.2,91,83.3568,5.65965,88,0,3.78799,***
"EFUSE_RESISTANCE_MEASUREMENT","BANKA_EFUSE_RESISTANCE_BIT37",480110,"Parametric","",65,200,"ohms",79.6,102.4,85.4295,5.98616,88,0,3.78799,***
"EFUSE_RESISTANCE_MEASUREMENT","BANKA_EFUSE_RESISTANCE_BIT36",480120,"Parametric","",65,200,"ohms",79.6,91,84.5227,5.67912,88,0,3.78799,***
"EFUSE_RESISTANCE_MEASUREMENT","BANKA_EFUSE_RESISTANCE_BIT35",480130,"Parametric","",65,200,"ohms",79.6,102.4,85.5591,5.9819,88,0,3.78799,***
"EFUSE_RESISTANCE_MEASUREMENT","BANKA_EFUSE_RESISTANCE_BIT34",480140,"Parametric","",65,200,"ohms",79.6,91,84.2636,5.63711,88,0,3.78799,***
"EFUSE_RESISTANCE_MEASUREMENT","BANKA_EFUSE_RESISTANCE_BIT33",480150,"Parametric","",65,200,"ohms",79.6,91,83.3568,5.38926,88,0,3.78799,***
"EFUSE_RESISTANCE_MEASUREMENT","BANKA_EFUSE_RESISTANCE_BIT32",480160,"Parametric","",65,200,"ohms",79.6,91,83.4864,5.43474,88,0,3.78799,***
"EFUSE_RESISTANCE_MEASUREMENT","BANKA_EFUSE_RESISTANCE_BIT31",480170,"Parametric","",65,200,"ohms",79.6,91,83.875,5.55063,88,0,3.78799,***
"EFUSE_RESISTANCE_MEASUREMENT","BANKA_EFUSE_RESISTANCE_BIT30",480180,"Parametric","",65,200,"ohms",79.6,102.4,84.1341,5.87163,88,0,3.78799,***
"EFUSE_RESISTANCE_MEASUREMENT","BANKA_EFUSE_RESISTANCE_BIT29",480190,"Parametric","",65,200,"ohms",79.6,91,84.2636,5.63711,88,0,3.78799,***
"EFUSE_RESISTANCE_MEASUREMENT","BANKA_EFUSE_RESISTANCE_BIT28",480200,"Parametric","",65,200,"ohms",68.2,91,83.2273,5.61297,88,0,3.78799,***
"EFUSE_RESISTANCE_MEASUREMENT","BANKA_EFUSE_RESISTANCE_BIT27",480210,"Parametric","",65,200,"ohms",79.6,91,82.7091,5.10622,88,0,3.78799,***
"EFUSE_RESISTANCE_MEASUREMENT","BANKA_EFUSE_RESISTANCE_BIT26",480220,"Parametric","",65,200,"ohms",79.6,91,83.7455,5.51535,88,0,3.78799,***
"EFUSE_RESISTANCE_MEASUREMENT","BANKA_EFUSE_RESISTANCE_BIT25",480230,"Parametric","",65,200,"ohms",79.6,91,83.875,5.55063,88,0,3.78799,***
"EFUSE_RESISTANCE_MEASUREMENT","BANKA_EFUSE_RESISTANCE_BIT24",480240,"Parametric","",65,200,"ohms",79.6,91,83.0977,5.2875,88,0,3.78799,***
"EFUSE_RESISTANCE_MEASUREMENT","BANKA_EFUSE_RESISTANCE_BIT23",480250,"Parametric","",65,200,"ohms",79.6,91,84.3932,5.65965,88,0,3.78799,***
"EFUSE_RESISTANCE_MEASUREMENT","BANKA_EFUSE_RESISTANCE_BIT22",480260,"Parametric","",65,200,"ohms",79.6,91,82.45,4.96463,88,0,3.78799,***
"EFUSE_RESISTANCE_MEASUREMENT","BANKA_EFUSE_RESISTANCE_BIT21",480270,"Parametric","",65,200,"ohms",79.6,91,83.2273,5.34021,88,0,3.78799,***
"EFUSE_RESISTANCE_MEASUREMENT","BANKA_EFUSE_RESISTANCE_BIT20",480280,"Parametric","",65,200,"ohms",79.6,91,83.3568,5.38926,88,0,3.78799,***
"EFUSE_RESISTANCE_MEASUREMENT","BANKA_EFUSE_RESISTANCE_BIT19",480290,"Parametric","",65,200,"ohms",79.6,91,83.6159,5.47674,88,0,3.78799,***
"EFUSE_RESISTANCE_MEASUREMENT","BANKA_EFUSE_RESISTANCE_BIT18",480300,"Parametric","",65,200,"ohms",79.6,91,82.8386,5.17064,88,0,3.78799,***
"EFUSE_RESISTANCE_MEASUREMENT","BANKA_EFUSE_RESISTANCE_BIT17",480310,"Parametric","",65,200,"ohms",79.6,91,83.7455,5.51535,88,0,3.78799,***
"EFUSE_RESISTANCE_MEASUREMENT","BANKA_EFUSE_RESISTANCE_BIT16",480320,"Parametric","",65,200,"ohms",79.6,91,82.7091,5.10622,88,0,3.78799,***
"EFUSE_RESISTANCE_MEASUREMENT","BANKA_EFUSE_RESISTANCE_BIT15",480330,"Parametric","",65,200,"ohms",79.6,91,82.3205,4.8871,88,0,3.78799,***
"EFUSE_RESISTANCE_MEASUREMENT","BANKA_EFUSE_RESISTANCE_BIT14",480340,"Parametric","",65,200,"ohms",79.6,91,82.8386,5.17064,88,0,3.78799,***
"EFUSE_RESISTANCE_MEASUREMENT","BANKA_EFUSE_RESISTANCE_BIT13",480350,"Parametric","",65,200,"ohms",79.6,91,82.7091,5.10622,88,0,3.78799,***
"EFUSE_RESISTANCE_MEASUREMENT","BANKA_EFUSE_RESISTANCE_BIT12",480360,"Parametric","",65,200,"ohms",79.6,91,82.9682,5.23102,88,0,3.78799,***
"EFUSE_RESISTANCE_MEASUREMENT","BANKA_EFUSE_RESISTANCE_BIT11",480370,"Parametric","",65,200,"ohms",79.6,91,82.7091,5.10622,88,0,3.78799,***
"EFUSE_RESISTANCE_MEASUREMENT","BANKA_EFUSE_RESISTANCE_BIT10",480380,"Parametric","",65,200,"ohms",79.6,91,83.3568,5.38926,88,0,3.78799,***
"EFUSE_RESISTANCE_MEASUREMENT","BANKA_EFUSE_RESISTANCE_BIT9",480390,"Parametric","",65,200,"ohms",79.6,91,83.4864,5.43474,88,0,3.78799,***
"EFUSE_RESISTANCE_MEASUREMENT","BANKA_EFUSE_RESISTANCE_BIT8",480400,"Parametric","",65,200,"ohms",79.6,91,82.8386,5.17064,88,0,3.78799,***
"EFUSE_RESISTANCE_MEASUREMENT","BANKA_EFUSE_RESISTANCE_BIT7",480410,"Parametric","",65,200,"ohms",79.6,91,82.3205,4.8871,88,0,3.78799,***
"EFUSE_RESISTANCE_MEASUREMENT","BANKA_EFUSE_RESISTANCE_BIT6",480420,"Parametric","",65,200,"ohms",79.6,91,82.0614,4.71743,88,0,3.78799,***
"EFUSE_RESISTANCE_MEASUREMENT","BANKA_EFUSE_RESISTANCE_BIT5",480430,"Parametric","",65,200,"ohms",79.6,91,82.7091,5.10622,88,0,3.78799,***
"EFUSE_RESISTANCE_MEASUREMENT","BANKA_EFUSE_RESISTANCE_BIT4",480440,"Parametric","",65,200,"ohms",79.6,91,83.3568,5.38926,88,0,3.78799,***
"EFUSE_RESISTANCE_MEASUREMENT","BANKA_EFUSE_RESISTANCE_BIT3",480450,"Parametric","",65,200,"ohms",79.6,91,82.9682,5.23102,88,0,3.78799,***
"EFUSE_RESISTANCE_MEASUREMENT","BANKA_EFUSE_RESISTANCE_BIT2",480460,"Parametric","",65,200,"ohms",79.6,91,83.0977,5.2875,88,0,3.78799,***
"EFUSE_RESISTANCE_MEASUREMENT","BANKA_EFUSE_RESISTANCE_BIT1",480470,"Parametric","",65,200,"ohms",79.6,91,82.5795,5.03761,88,0,3.78799,***
"EFUSE_RESISTANCE_MEASUREMENT","BANKA_EFUSE_RESISTANCE_BIT0",480480,"Parametric","",65,200,"ohms",79.6,91,82.9682,5.23102,88,0,3.78799,***
"EFUSE_RESISTANCE_MEASUREMENT","BANKB_EFUSE_RESISTANCE_BIT47",480490,"Parametric","",65,200,"ohms",79.6,91,83.0977,5.2875,88,0,3.78799,***
"EFUSE_RESISTANCE_MEASUREMENT","BANKB_EFUSE_RESISTANCE_BIT46",480500,"Parametric","",65,200,"ohms",79.6,91,83.0977,5.2875,88,0,3.78799,***
"EFUSE_RESISTANCE_MEASUREMENT","BANKB_EFUSE_RESISTANCE_BIT45",480510,"Parametric","",65,200,"ohms",68.2,91,83.6159,5.74302,88,0,3.78799,***
"EFUSE_RESISTANCE_MEASUREMENT","BANKB_EFUSE_RESISTANCE_BIT44",480520,"Parametric","",65,200,"ohms",79.6,91,83.6159,5.47674,88,0,3.78799,***
"EFUSE_RESISTANCE_MEASUREMENT","BANKB_EFUSE_RESISTANCE_BIT43",480530,"Parametric","",65,200,"ohms",79.6,91,82.7091,5.10622,88,0,3.78799,***
"EFUSE_RESISTANCE_MEASUREMENT","BANKB_EFUSE_RESISTANCE_BIT42",480540,"Parametric","",65,200,"ohms",79.6,91,83.4864,5.43474,88,0,3.78799,***
"EFUSE_RESISTANCE_MEASUREMENT","BANKB_EFUSE_RESISTANCE_BIT41",480550,"Parametric","",65,200,"ohms",79.6,91,83.6159,5.47674,88,0,3.78799,***
"EFUSE_RESISTANCE_MEASUREMENT","BANKB_EFUSE_RESISTANCE_BIT40",480560,"Parametric","",65,200,"ohms",79.6,91,82.8386,5.17064,88,0,3.78799,***
"EFUSE_RESISTANCE_MEASUREMENT","BANKB_EFUSE_RESISTANCE_BIT39",480570,"Parametric","",65,200,"ohms",79.6,91,84.2636,5.63711,88,0,3.78799,***
"EFUSE_RESISTANCE_MEASUREMENT","BANKB_EFUSE_RESISTANCE_BIT38",480580,"Parametric","",65,200,"ohms",68.2,91,83.3568,5.91771,88,0,3.78799,***
"EFUSE_RESISTANCE_MEASUREMENT","BANKB_EFUSE_RESISTANCE_BIT37",480590,"Parametric","",65,200,"ohms",79.6,91,83.875,5.55063,88,0,3.78799,***
"EFUSE_RESISTANCE_MEASUREMENT","BANKB_EFUSE_RESISTANCE_BIT36",480600,"Parametric","",65,200,"ohms",79.6,91,82.7091,5.10622,88,0,3.78799,***
"EFUSE_RESISTANCE_MEASUREMENT","BANKB_EFUSE_RESISTANCE_BIT35",480610,"Parametric","",65,200,"ohms",79.6,91,82.7091,5.10622,88,0,3.78799,***
"EFUSE_RESISTANCE_MEASUREMENT","BANKB_EFUSE_RESISTANCE_BIT34",480620,"Parametric","",65,200,"ohms",79.6,91,83.0977,5.2875,88,0,3.78799,***
"EFUSE_RESISTANCE_MEASUREMENT","BANKB_EFUSE_RESISTANCE_BIT33",480630,"Parametric","",65,200,"ohms",68.2,91,83.0977,5.56285,88,0,3.78799,***
"EFUSE_RESISTANCE_MEASUREMENT","BANKB_EFUSE_RESISTANCE_BIT32",480640,"Parametric","",65,200,"ohms",79.6,91,84.5227,5.67912,88,0,3.78799,***
"EFUSE_RESISTANCE_MEASUREMENT","BANKB_EFUSE_RESISTANCE_BIT31",480650,"Parametric","",65,200,"ohms",68.2,102.4,83.0977,5.82519,88,0,3.78799,***
"EFUSE_RESISTANCE_MEASUREMENT","BANKB_EFUSE_RESISTANCE_BIT30",480660,"Parametric","",65,200,"ohms",79.6,91,83.875,5.55063,88,0,3.78799,***
"EFUSE_RESISTANCE_MEASUREMENT","BANKB_EFUSE_RESISTANCE_BIT29",480670,"Parametric","",65,200,"ohms",79.6,102.4,82.9682,5.50919,88,0,3.78799,***
"EFUSE_RESISTANCE_MEASUREMENT","BANKB_EFUSE_RESISTANCE_BIT28",480680,"Parametric","",65,200,"ohms",79.6,91,83.7455,5.51535,88,0,3.78799,***
"EFUSE_RESISTANCE_MEASUREMENT","BANKB_EFUSE_RESISTANCE_BIT27",480690,"Parametric","",65,200,"ohms",68.2,91,83.2273,5.87308,88,0,3.78799,***
"EFUSE_RESISTANCE_MEASUREMENT","BANKB_EFUSE_RESISTANCE_BIT26",480700,"Parametric","",65,200,"ohms",79.6,91,83.6159,5.47674,88,0,3.78799,***
"EFUSE_RESISTANCE_MEASUREMENT","BANKB_EFUSE_RESISTANCE_BIT25",480710,"Parametric","",65,200,"ohms",68.2,91,83.875,5.81353,88,0,3.78799,***
"EFUSE_RESISTANCE_MEASUREMENT","BANKB_EFUSE_RESISTANCE_BIT24",480720,"Parametric","",65,200,"ohms",79.6,91,83.6159,5.47674,88,0,3.78799,***
"EFUSE_RESISTANCE_MEASUREMENT","BANKB_EFUSE_RESISTANCE_BIT23",480730,"Parametric","",65,200,"ohms",79.6,91,82.7091,5.10622,88,0,3.78799,***
"EFUSE_RESISTANCE_MEASUREMENT","BANKB_EFUSE_RESISTANCE_BIT22",480740,"Parametric","",65,200,"ohms",79.6,91,83.875,5.55063,88,0,3.78799,***
"EFUSE_RESISTANCE_MEASUREMENT","BANKB_EFUSE_RESISTANCE_BIT21",480750,"Parametric","",65,200,"ohms",68.2,91,83.7455,5.77985,88,0,3.78799,***
"EFUSE_RESISTANCE_MEASUREMENT","BANKB_EFUSE_RESISTANCE_BIT20",480760,"Parametric","",65,200,"ohms",79.6,91,84.3932,5.65965,88,0,3.78799,***
"EFUSE_RESISTANCE_MEASUREMENT","BANKB_EFUSE_RESISTANCE_BIT19",480770,"Parametric","",65,200,"ohms",79.6,91,83.7455,5.51535,88,0,3.78799,***
"EFUSE_RESISTANCE_MEASUREMENT","BANKB_EFUSE_RESISTANCE_BIT18",480780,"Parametric","",65,200,"ohms",79.6,91,83.6159,5.47674,88,0,3.78799,***
"EFUSE_RESISTANCE_MEASUREMENT","BANKB_EFUSE_RESISTANCE_BIT17",480790,"Parametric","",65,200,"ohms",68.2,91,83.875,5.81353,88,0,3.78799,***
"EFUSE_RESISTANCE_MEASUREMENT","BANKB_EFUSE_RESISTANCE_BIT16",480800,"Parametric","",65,200,"ohms",68.2,91,82.3205,5.18375,88,0,3.78799,***
"EFUSE_RESISTANCE_MEASUREMENT","BANKB_EFUSE_RESISTANCE_BIT15",480810,"Parametric","",65,200,"ohms",79.6,91,82.8386,5.17064,88,0,3.78799,***
"EFUSE_RESISTANCE_MEASUREMENT","BANKB_EFUSE_RESISTANCE_BIT14",480820,"Parametric","",65,200,"ohms",79.6,102.4,84.1341,5.87163,88,0,3.78799,***
"EFUSE_RESISTANCE_MEASUREMENT","BANKB_EFUSE_RESISTANCE_BIT13",480830,"Parametric","",65,200,"ohms",79.6,91,83.2273,5.34021,88,0,3.78799,***
"EFUSE_RESISTANCE_MEASUREMENT","BANKB_EFUSE_RESISTANCE_BIT12",480840,"Parametric","",65,200,"ohms",68.2,91,83.3568,5.65965,88,0,3.78799,***
"EFUSE_RESISTANCE_MEASUREMENT","BANKB_EFUSE_RESISTANCE_BIT11",480850,"Parametric","",65,200,"ohms",79.6,91,82.3205,4.8871,88,0,3.78799,***
"EFUSE_RESISTANCE_MEASUREMENT","BANKB_EFUSE_RESISTANCE_BIT10",480860,"Parametric","",65,200,"ohms",79.6,91,83.3568,5.38926,88,0,3.78799,***
"EFUSE_RESISTANCE_MEASUREMENT","BANKB_EFUSE_RESISTANCE_BIT9",480870,"Parametric","",65,200,"ohms",68.2,91,84.2636,5.89616,88,0,3.78799,***
"EFUSE_RESISTANCE_MEASUREMENT","BANKB_EFUSE_RESISTANCE_BIT8",480880,"Parametric","",65,200,"ohms",68.2,91,83.3568,5.65965,88,0,3.78799,***
"EFUSE_RESISTANCE_MEASUREMENT","BANKB_EFUSE_RESISTANCE_BIT7",480890,"Parametric","",65,200,"ohms",68.2,91,84.0045,5.8441,88,0,3.78799,***
"EFUSE_RESISTANCE_MEASUREMENT","BANKB_EFUSE_RESISTANCE_BIT6",480900,"Parametric","",65,200,"ohms",79.6,91,83.7455,5.51535,88,0,3.78799,***
"EFUSE_RESISTANCE_MEASUREMENT","BANKB_EFUSE_RESISTANCE_BIT5",480910,"Parametric","",65,200,"ohms",79.6,91,83.0977,5.2875,88,0,3.78799,***
"EFUSE_RESISTANCE_MEASUREMENT","BANKB_EFUSE_RESISTANCE_BIT4",480920,"Parametric","",65,200,"ohms",68.2,91,84.1341,6.12076,88,0,3.78799,***
"EFUSE_RESISTANCE_MEASUREMENT","BANKB_EFUSE_RESISTANCE_BIT3",480930,"Parametric","",65,200,"ohms",79.6,91,84.0045,5.58265,88,0,3.78799,***
"EFUSE_RESISTANCE_MEASUREMENT","BANKB_EFUSE_RESISTANCE_BIT2",480940,"Parametric","",65,200,"ohms",79.6,91,84.6523,5.69553,88,0,3.78799,***
"EFUSE_RESISTANCE_MEASUREMENT","BANKB_EFUSE_RESISTANCE_BIT1",480950,"Parametric","",65,200,"ohms",79.6,91,84.5227,5.67912,88,0,3.78799,***
"EFUSE_RESISTANCE_MEASUREMENT","BANKB_EFUSE_RESISTANCE_BIT0",480960,"Parametric","",65,200,"ohms",79.6,91,83.6159,5.47674,88,0,3.78799,***
"PRE_BURN_PASS_FET_LEAKAGE","PRE_Forward_Leakage_FET",470010,"Parametric","",-20,20,"nA",-2,0,-0.0227273,0.213201,88,0,0.0768681,***
"PRE_BURN_PASS_FET_LEAKAGE","PRE_Reverse_Leakage_FET",470020,"Parametric","",-20,20,"nA",-4,-1,-1.48864,0.567193,88,0,0.0768681,***
"EFUSE_BURN","EFUSE_BURN_DONE",850010,"Parametric","",1,1,"",1,1,1,0,88,0,3.56484,***
"eFUSE_burn_readmargin","BANKA_READMARGIN_UNBLOWN_BIT_0",430010,"Parametric","",0,0,"",0,0,0,0,88,0,3.16027,***
"eFUSE_burn_readmargin","BANKA_UNBURN_BIT_0",430490,"Parametric","",0,0,"",0,0,0,0,88,0,3.16027,***
"eFUSE_burn_readmargin","BANKA_BIT_UNBLOWN_TRUE_0",430970,"Parametric","",1,1,"",1,1,1,0,88,0,3.16027,***
"eFUSE_burn_readmargin","BANKA_READMARGIN_UNBLOWN_BIT_1",430020,"Parametric","",0,0,"",0,0,0,0,88,0,3.16027,***
"eFUSE_burn_readmargin","BANKA_UNBURN_BIT_1",430500,"Parametric","",0,0,"",0,0,0,0,88,0,3.16027,***
"eFUSE_burn_readmargin","BANKA_BIT_UNBLOWN_TRUE_1",430980,"Parametric","",1,1,"",1,1,1,0,88,0,3.16027,***
"eFUSE_burn_readmargin","BANKA_READMARGIN_UNBLOWN_BIT_2",430030,"Parametric","",0,0,"",0,0,0,0,88,0,3.16027,***
"eFUSE_burn_readmargin","BANKA_UNBURN_BIT_2",430510,"Parametric","",0,0,"",0,0,0,0,88,0,3.16027,***
"eFUSE_burn_readmargin","BANKA_BIT_UNBLOWN_TRUE_2",430990,"Parametric","",1,1,"",1,1,1,0,88,0,3.16027,***
"eFUSE_burn_readmargin","BANKA_READMARGIN_UNBLOWN_BIT_3",430040,"Parametric","",0,0,"",0,0,0,0,88,0,3.16027,***
"eFUSE_burn_readmargin","BANKA_UNBURN_BIT_3",430520,"Parametric","",0,0,"",0,0,0,0,88,0,3.16027,***
"eFUSE_burn_readmargin","BANKA_BIT_UNBLOWN_TRUE_3",431000,"Parametric","",1,1,"",1,1,1,0,88,0,3.16027,***
"eFUSE_burn_readmargin","BANKA_READMARGIN_UNBLOWN_BIT_4",430050,"Parametric","",0,0,"",0,0,0,0,88,0,3.16027,***
"eFUSE_burn_readmargin","BANKA_UNBURN_BIT_4",430530,"Parametric","",0,0,"",0,0,0,0,88,0,3.16027,***
"eFUSE_burn_readmargin","BANKA_BIT_UNBLOWN_TRUE_4",431010,"Parametric","",1,1,"",1,1,1,0,88,0,3.16027,***
"eFUSE_burn_readmargin","BANKA_READMARGIN_BLOWN_BIT_5",530060,"Parametric","",1,1,"",1,1,1,0,88,0,3.16027,***
"eFUSE_burn_readmargin","BANKA_BURN_BIT_5",530540,"Parametric","",1,1,"",1,1,1,0,88,0,3.16027,***
"eFUSE_burn_readmargin","BANKA_BIT_BLOWN_TRUE_5",531020,"Parametric","",1,1,"",1,1,1,0,88,0,3.16027,***
"eFUSE_burn_readmargin","BANKA_READMARGIN_UNBLOWN_BIT_6",430070,"Parametric","",0,0,"",0,0,0,0,88,0,3.16027,***
"eFUSE_burn_readmargin","BANKA_UNBURN_BIT_6",430550,"Parametric","",0,0,"",0,0,0,0,88,0,3.16027,***
"eFUSE_burn_readmargin","BANKA_BIT_UNBLOWN_TRUE_6",431030,"Parametric","",1,1,"",1,1,1,0,88,0,3.16027,***
"eFUSE_burn_readmargin","BANKA_READMARGIN_UNBLOWN_BIT_7",430080,"Parametric","",0,0,"",0,0,0,0,26,0,6.63885,***
"eFUSE_burn_readmargin","BANKA_UNBURN_BIT_7",430560,"Parametric","",0,0,"",0,0,0,0,26,0,6.63885,***
"eFUSE_burn_readmargin","BANKA_BIT_UNBLOWN_TRUE_7",431040,"Parametric","",1,1,"",1,1,1,0,26,0,6.63885,***
"eFUSE_burn_readmargin","BANKA_READMARGIN_UNBLOWN_BIT_8",430090,"Parametric","",0,0,"",0,0,0,0,43,0,4.68983,***
"eFUSE_burn_readmargin","BANKA_UNBURN_BIT_8",430570,"Parametric","",0,0,"",0,0,0,0,43,0,4.68983,***
"eFUSE_burn_readmargin","BANKA_BIT_UNBLOWN_TRUE_8",431050,"Parametric","",1,1,"",1,1,1,0,43,0,4.68983,***
"eFUSE_burn_readmargin","BANKA_READMARGIN_UNBLOWN_BIT_9",430100,"Parametric","",0,0,"",0,0,0,0,53,0,4.12594,***
"eFUSE_burn_readmargin","BANKA_UNBURN_BIT_9",430580,"Parametric","",0,0,"",0,0,0,0,53,0,4.12594,***
"eFUSE_burn_readmargin","BANKA_BIT_UNBLOWN_TRUE_9",431060,"Parametric","",1,1,"",1,1,1,0,53,0,4.12594,***
"eFUSE_burn_readmargin","BANKA_READMARGIN_BLOWN_BIT_10",530110,"Parametric","",1,1,"",1,1,1,0,53,0,4.12594,***
"eFUSE_burn_readmargin","BANKA_BURN_BIT_10",530590,"Parametric","",1,1,"",1,1,1,0,53,0,4.12594,***
"eFUSE_burn_readmargin","BANKA_BIT_BLOWN_TRUE_10",531070,"Parametric","",1,1,"",1,1,1,0,53,0,4.12594,***
"eFUSE_burn_readmargin","BANKA_READMARGIN_UNBLOWN_BIT_11",430120,"Parametric","",0,0,"",0,0,0,0,40,0,4.91292,***
"eFUSE_burn_readmargin","BANKA_UNBURN_BIT_11",430600,"Parametric","",0,0,"",0,0,0,0,40,0,4.91292,***
"eFUSE_burn_readmargin","BANKA_BIT_UNBLOWN_TRUE_11",431080,"Parametric","",1,1,"",1,1,1,0,40,0,4.91292,***
"eFUSE_burn_readmargin","BANKA_READMARGIN_UNBLOWN_BIT_12",430130,"Parametric","",0,0,"",0,0,0,0,37,0,5.16862,***
"eFUSE_burn_readmargin","BANKA_UNBURN_BIT_12",430610,"Parametric","",0,0,"",0,0,0,0,37,0,5.16862,***
"eFUSE_burn_readmargin","BANKA_BIT_UNBLOWN_TRUE_12",431090,"Parametric","",1,1,"",1,1,1,0,37,0,5.16862,***
"eFUSE_burn_readmargin","BANKA_READMARGIN_UNBLOWN_BIT_13",430140,"Parametric","",0,0,"",0,0,0,0,81,0,3.28617,***
"eFUSE_burn_readmargin","BANKA_UNBURN_BIT_13",430620,"Parametric","",0,0,"",0,0,0,0,81,0,3.28617,***
"eFUSE_burn_readmargin","BANKA_BIT_UNBLOWN_TRUE_13",431100,"Parametric","",1,1,"",1,1,1,0,81,0,3.28617,***
"eFUSE_burn_readmargin","BANKA_READMARGIN_BLOWN_BIT_14",530150,"Parametric","",1,1,"",1,1,1,0,85,0,3.21168,***
"eFUSE_burn_readmargin","BANKA_BURN_BIT_14",530630,"Parametric","",1,1,"",1,1,1,0,85,0,3.21168,***
"eFUSE_burn_readmargin","BANKA_BIT_BLOWN_TRUE_14",531110,"Parametric","",1,1,"",1,1,1,0,85,0,3.21168,***
"eFUSE_burn_readmargin","BANKA_READMARGIN_BLOWN_BIT_15",530160,"Parametric","",1,1,"",1,1,1,0,76,0,3.39106,***
"eFUSE_burn_readmargin","BANKA_BURN_BIT_15",530640,"Parametric","",1,1,"",1,1,1,0,76,0,3.39106,***
"eFUSE_burn_readmargin","BANKA_BIT_BLOWN_TRUE_15",531120,"Parametric","",1,1,"",1,1,1,0,76,0,3.39106,***
"eFUSE_burn_readmargin","BANKA_READMARGIN_BLOWN_BIT_16",530170,"Parametric","",1,1,"",1,1,1,0,88,0,3.16027,***
"eFUSE_burn_readmargin","BANKA_BURN_BIT_16",530650,"Parametric","",1,1,"",1,1,1,0,88,0,3.16027,***
"eFUSE_burn_readmargin","BANKA_BIT_BLOWN_TRUE_16",531130,"Parametric","",1,1,"",1,1,1,0,88,0,3.16027,***
"eFUSE_burn_readmargin","BANKA_READMARGIN_BLOWN_BIT_17",530180,"Parametric","",1,1,"",1,1,1,0,88,0,3.16027,***
"eFUSE_burn_readmargin","BANKA_BURN_BIT_17",530660,"Parametric","",1,1,"",1,1,1,0,88,0,3.16027,***
"eFUSE_burn_readmargin","BANKA_BIT_BLOWN_TRUE_17",531140,"Parametric","",1,1,"",1,1,1,0,88,0,3.16027,***
"eFUSE_burn_readmargin","BANKA_READMARGIN_UNBLOWN_BIT_18",430190,"Parametric","",0,0,"",0,0,0,0,88,0,3.16027,***
"eFUSE_burn_readmargin","BANKA_UNBURN_BIT_18",430670,"Parametric","",0,0,"",0,0,0,0,88,0,3.16027,***
"eFUSE_burn_readmargin","BANKA_BIT_UNBLOWN_TRUE_18",431150,"Parametric","",1,1,"",1,1,1,0,88,0,3.16027,***
"eFUSE_burn_readmargin","BANKA_READMARGIN_UNBLOWN_BIT_19",430200,"Parametric","",0,0,"",0,0,0,0,88,0,3.16027,***
"eFUSE_burn_readmargin","BANKA_UNBURN_BIT_19",430680,"Parametric","",0,0,"",0,0,0,0,88,0,3.16027,***
"eFUSE_burn_readmargin","BANKA_BIT_UNBLOWN_TRUE_19",431160,"Parametric","",1,1,"",1,1,1,0,88,0,3.16027,***
"eFUSE_burn_readmargin","BANKA_READMARGIN_UNBLOWN_BIT_20",430210,"Parametric","",0,0,"",0,0,0,0,88,0,3.16027,***
"eFUSE_burn_readmargin","BANKA_UNBURN_BIT_20",430690,"Parametric","",0,0,"",0,0,0,0,88,0,3.16027,***
"eFUSE_burn_readmargin","BANKA_BIT_UNBLOWN_TRUE_20",431170,"Parametric","",1,1,"",1,1,1,0,88,0,3.16027,***
"eFUSE_burn_readmargin","BANKA_READMARGIN_UNBLOWN_BIT_21",430220,"Parametric","",0,0,"",0,0,0,0,88,0,3.16027,***
"eFUSE_burn_readmargin","BANKA_UNBURN_BIT_21",430700,"Parametric","",0,0,"",0,0,0,0,88,0,3.16027,***
"eFUSE_burn_readmargin","BANKA_BIT_UNBLOWN_TRUE_21",431180,"Parametric","",1,1,"",1,1,1,0,88,0,3.16027,***
"eFUSE_burn_readmargin","BANKA_READMARGIN_UNBLOWN_BIT_22",430230,"Parametric","",0,0,"",0,0,0,0,88,0,3.16027,***
"eFUSE_burn_readmargin","BANKA_UNBURN_BIT_22",430710,"Parametric","",0,0,"",0,0,0,0,88,0,3.16027,***
"eFUSE_burn_readmargin","BANKA_BIT_UNBLOWN_TRUE_22",431190,"Parametric","",1,1,"",1,1,1,0,88,0,3.16027,***
"eFUSE_burn_readmargin","BANKA_READMARGIN_UNBLOWN_BIT_23",430240,"Parametric","",0,0,"",0,0,0,0,88,0,3.16027,***
"eFUSE_burn_readmargin","BANKA_UNBURN_BIT_23",430720,"Parametric","",0,0,"",0,0,0,0,88,0,3.16027,***
"eFUSE_burn_readmargin","BANKA_BIT_UNBLOWN_TRUE_23",431200,"Parametric","",1,1,"",1,1,1,0,88,0,3.16027,***
"eFUSE_burn_readmargin","BANKA_READMARGIN_BLOWN_BIT_24",530250,"Parametric","",1,1,"",1,1,1,0,55,0,4.0344,***
"eFUSE_burn_readmargin","BANKA_BURN_BIT_24",530730,"Parametric","",1,1,"",1,1,1,0,55,0,4.0344,***
"eFUSE_burn_readmargin","BANKA_BIT_BLOWN_TRUE_24",531210,"Parametric","",1,1,"",1,1,1,0,55,0,4.0344,***
"eFUSE_burn_readmargin","BANKA_READMARGIN_BLOWN_BIT_25",530260,"Parametric","",1,1,"",1,1,1,0,29,0,6.12345,***
"eFUSE_burn_readmargin","BANKA_BURN_BIT_25",530740,"Parametric","",1,1,"",1,1,1,0,29,0,6.12345,***
"eFUSE_burn_readmargin","BANKA_BIT_BLOWN_TRUE_25",531220,"Parametric","",1,1,"",1,1,1,0,29,0,6.12345,***
"eFUSE_burn_readmargin","BANKA_READMARGIN_UNBLOWN_BIT_26",430270,"Parametric","",0,0,"",0,0,0,0,27,0,6.45058,***
"eFUSE_burn_readmargin","BANKA_UNBURN_BIT_26",430750,"Parametric","",0,0,"",0,0,0,0,27,0,6.45058,***
"eFUSE_burn_readmargin","BANKA_BIT_UNBLOWN_TRUE_26",431230,"Parametric","",1,1,"",1,1,1,0,27,0,6.45058,***
"eFUSE_burn_readmargin","BANKA_READMARGIN_BLOWN_BIT_27",530280,"Parametric","",1,1,"",1,1,1,0,88,0,3.16027,***
"eFUSE_burn_readmargin","BANKA_BURN_BIT_27",530760,"Parametric","",1,1,"",1,1,1,0,88,0,3.16027,***
"eFUSE_burn_readmargin","BANKA_BIT_BLOWN_TRUE_27",531240,"Parametric","",1,1,"",1,1,1,0,88,0,3.16027,***
"eFUSE_burn_readmargin","BANKA_READMARGIN_UNBLOWN_BIT_28",430290,"Parametric","",0,0,"",0,0,0,0,88,0,3.16027,***
"eFUSE_burn_readmargin","BANKA_UNBURN_BIT_28",430770,"Parametric","",0,0,"",0,0,0,0,88,0,3.16027,***
"eFUSE_burn_readmargin","BANKA_BIT_UNBLOWN_TRUE_28",431250,"Parametric","",1,1,"",1,1,1,0,88,0,3.16027,***
"eFUSE_burn_readmargin","BANKA_READMARGIN_UNBLOWN_BIT_29",430300,"Parametric","",0,0,"",0,0,0,0,41,0,4.83144,***
"eFUSE_burn_readmargin","BANKA_UNBURN_BIT_29",430780,"Parametric","",0,0,"",0,0,0,0,41,0,4.83144,***
"eFUSE_burn_readmargin","BANKA_BIT_UNBLOWN_TRUE_29",431260,"Parametric","",1,1,"",1,1,1,0,41,0,4.83144,***
"eFUSE_burn_readmargin","BANKA_READMARGIN_UNBLOWN_BIT_30",430310,"Parametric","",0,0,"",0,0,0,0,44,0,4.61793,***
"eFUSE_burn_readmargin","BANKA_UNBURN_BIT_30",430790,"Parametric","",0,0,"",0,0,0,0,44,0,4.61793,***
"eFUSE_burn_readmargin","BANKA_BIT_UNBLOWN_TRUE_30",431270,"Parametric","",1,1,"",1,1,1,0,44,0,4.61793,***
"eFUSE_burn_readmargin","BANKA_READMARGIN_BLOWN_BIT_31",530320,"Parametric","",1,1,"",1,1,1,0,65,0,3.67544,***
"eFUSE_burn_readmargin","BANKA_BURN_BIT_31",530800,"Parametric","",1,1,"",1,1,1,0,65,0,3.67544,***
"eFUSE_burn_readmargin","BANKA_BIT_BLOWN_TRUE_31",531280,"Parametric","",1,1,"",1,1,1,0,65,0,3.67544,***
"eFUSE_burn_readmargin","BANKA_READMARGIN_UNBLOWN_BIT_32",430330,"Parametric","",0,0,"",0,0,0,0,75,0,3.41207,***
"eFUSE_burn_readmargin","BANKA_UNBURN_BIT_32",430810,"Parametric","",0,0,"",0,0,0,0,75,0,3.41207,***
"eFUSE_burn_readmargin","BANKA_BIT_UNBLOWN_TRUE_32",431290,"Parametric","",1,1,"",1,1,1,0,75,0,3.41207,***
"eFUSE_burn_readmargin","BANKA_READMARGIN_UNBLOWN_BIT_33",430340,"Parametric","",0,0,"",0,0,0,0,53,0,4.12257,***
"eFUSE_burn_readmargin","BANKA_UNBURN_BIT_33",430820,"Parametric","",0,0,"",0,0,0,0,53,0,4.12257,***
"eFUSE_burn_readmargin","BANKA_BIT_UNBLOWN_TRUE_33",431300,"Parametric","",1,1,"",1,1,1,0,53,0,4.12257,***
"eFUSE_burn_readmargin","BANKA_READMARGIN_UNBLOWN_BIT_34",430350,"Parametric","",0,0,"",0,0,0,0,57,0,3.9526,***
"eFUSE_burn_readmargin","BANKA_UNBURN_BIT_34",430830,"Parametric","",0,0,"",0,0,0,0,57,0,3.9526,***
"eFUSE_burn_readmargin","BANKA_BIT_UNBLOWN_TRUE_34",431310,"Parametric","",1,1,"",1,1,1,0,57,0,3.9526,***
"eFUSE_burn_readmargin","BANKA_READMARGIN_UNBLOWN_BIT_35",430360,"Parametric","",0,0,"",0,0,0,0,57,0,3.9526,***
"eFUSE_burn_readmargin","BANKA_UNBURN_BIT_35",430840,"Parametric","",0,0,"",0,0,0,0,57,0,3.9526,***
"eFUSE_burn_readmargin","BANKA_BIT_UNBLOWN_TRUE_35",431320,"Parametric","",1,1,"",1,1,1,0,57,0,3.9526,***
"eFUSE_burn_readmargin","BANKA_READMARGIN_BLOWN_BIT_36",530370,"Parametric","",1,1,"",1,1,1,0,57,0,3.9526,***
"eFUSE_burn_readmargin","BANKA_BURN_BIT_36",530850,"Parametric","",1,1,"",1,1,1,0,57,0,3.9526,***
"eFUSE_burn_readmargin","BANKA_BIT_BLOWN_TRUE_36",531330,"Parametric","",1,1,"",1,1,1,0,57,0,3.9526,***
"eFUSE_burn_readmargin","BANKA_READMARGIN_BLOWN_BIT_37",530380,"Parametric","",1,1,"",1,1,1,0,88,0,3.16027,***
"eFUSE_burn_readmargin","BANKA_BURN_BIT_37",530860,"Parametric","",1,1,"",1,1,1,0,88,0,3.16027,***
"eFUSE_burn_readmargin","BANKA_BIT_BLOWN_TRUE_37",531340,"Parametric","",1,1,"",1,1,1,0,88,0,3.16027,***
"eFUSE_burn_readmargin","BANKA_READMARGIN_UNBLOWN_BIT_38",430390,"Parametric","",0,0,"",0,0,0,0,41,0,4.83361,***
"eFUSE_burn_readmargin","BANKA_UNBURN_BIT_38",430870,"Parametric","",0,0,"",0,0,0,0,41,0,4.83361,***
"eFUSE_burn_readmargin","BANKA_BIT_UNBLOWN_TRUE_38",431350,"Parametric","",1,1,"",1,1,1,0,41,0,4.83361,***
"eFUSE_burn_readmargin","BANKA_READMARGIN_UNBLOWN_BIT_39",430400,"Parametric","",0,0,"",0,0,0,0,45,0,4.5538,***
"eFUSE_burn_readmargin","BANKA_UNBURN_BIT_39",430880,"Parametric","",0,0,"",0,0,0,0,45,0,4.5538,***
"eFUSE_burn_readmargin","BANKA_BIT_UNBLOWN_TRUE_39",431360,"Parametric","",1,1,"",1,1,1,0,45,0,4.5538,***
"eFUSE_burn_readmargin","BANKA_READMARGIN_BLOWN_BIT_40",530410,"Parametric","",1,1,"",1,1,1,0,39,0,4.99195,***
"eFUSE_burn_readmargin","BANKA_BURN_BIT_40",530890,"Parametric","",1,1,"",1,1,1,0,39,0,4.99195,***
"eFUSE_burn_readmargin","BANKA_BIT_BLOWN_TRUE_40",531370,"Parametric","",1,1,"",1,1,1,0,39,0,4.99195,***
"eFUSE_burn_readmargin","BANKA_READMARGIN_BLOWN_BIT_41",530420,"Parametric","",1,1,"",1,1,1,0,69,0,3.56176,***
"eFUSE_burn_readmargin","BANKA_BURN_BIT_41",530900,"Parametric","",1,1,"",1,1,1,0,69,0,3.56176,***
"eFUSE_burn_readmargin","BANKA_BIT_BLOWN_TRUE_41",531380,"Parametric","",1,1,"",1,1,1,0,69,0,3.56176,***
"eFUSE_burn_readmargin","BANKA_READMARGIN_BLOWN_BIT_42",530430,"Parametric","",1,1,"",1,1,1,0,80,0,3.30661,***
"eFUSE_burn_readmargin","BANKA_BURN_BIT_42",530910,"Parametric","",1,1,"",1,1,1,0,80,0,3.30661,***
"eFUSE_burn_readmargin","BANKA_BIT_BLOWN_TRUE_42",531390,"Parametric","",1,1,"",1,1,1,0,80,0,3.30661,***
"eFUSE_burn_readmargin","BANKA_READMARGIN_BLOWN_BIT_43",530440,"Parametric","",1,1,"",1,1,1,0,42,0,4.758,***
"eFUSE_burn_readmargin","BANKA_BURN_BIT_43",530920,"Parametric","",1,1,"",1,1,1,0,42,0,4.758,***
"eFUSE_burn_readmargin","BANKA_BIT_BLOWN_TRUE_43",531400,"Parametric","",1,1,"",1,1,1,0,42,0,4.758,***
"eFUSE_burn_readmargin","BANKA_READMARGIN_UNBLOWN_BIT_44",430450,"Parametric","",0,0,"",0,0,0,0,43,0,4.6869,***
"eFUSE_burn_readmargin","BANKA_UNBURN_BIT_44",430930,"Parametric","",0,0,"",0,0,0,0,43,0,4.6869,***
"eFUSE_burn_readmargin","BANKA_BIT_UNBLOWN_TRUE_44",431410,"Parametric","",1,1,"",1,1,1,0,43,0,4.6869,***
"eFUSE_burn_readmargin","BANKA_READMARGIN_UNBLOWN_BIT_45",430460,"Parametric","",0,0,"",0,0,0,0,80,0,3.30613,***
"eFUSE_burn_readmargin","BANKA_UNBURN_BIT_45",430940,"Parametric","",0,0,"",0,0,0,0,80,0,3.30613,***
"eFUSE_burn_readmargin","BANKA_BIT_UNBLOWN_TRUE_45",431420,"Parametric","",1,1,"",1,1,1,0,80,0,3.30613,***
"eFUSE_burn_readmargin","BANKA_READMARGIN_BLOWN_BIT_46",530470,"Parametric","",1,1,"",1,1,1,0,85,0,3.21145,***
"eFUSE_burn_readmargin","BANKA_BURN_BIT_46",530950,"Parametric","",1,1,"",1,1,1,0,85,0,3.21145,***
"eFUSE_burn_readmargin","BANKA_BIT_BLOWN_TRUE_46",531430,"Parametric","",1,1,"",1,1,1,0,85,0,3.21145,***
"eFUSE_burn_readmargin","BANKA_READMARGIN_BLOWN_BIT_47",530480,"Parametric","",1,1,"",1,1,1,0,88,0,3.16027,***
"eFUSE_burn_readmargin","BANKA_BURN_BIT_47",530960,"Parametric","",1,1,"",1,1,1,0,88,0,3.16027,***
"eFUSE_burn_readmargin","BANKA_BIT_BLOWN_TRUE_47",531440,"Parametric","",1,1,"",1,1,1,0,88,0,3.16027,***
"eFUSE_burn_readmargin","BANKB_READMARGIN_UNBLOWN_BIT_0",431450,"Parametric","",0,0,"",0,0,0,0,88,0,3.16027,***
"eFUSE_burn_readmargin","BANKB_UNBURN_BIT_0",431930,"Parametric","",0,0,"",0,0,0,0,88,0,3.16027,***
"eFUSE_burn_readmargin","BANKB_BIT_UNBLOWN_TRUE_0",432410,"Parametric","",1,1,"",1,1,1,0,88,0,3.16027,***
"eFUSE_burn_readmargin","BANKB_READMARGIN_UNBLOWN_BIT_1",431460,"Parametric","",0,0,"",0,0,0,0,88,0,3.16027,***
"eFUSE_burn_readmargin","BANKB_UNBURN_BIT_1",431940,"Parametric","",0,0,"",0,0,0,0,88,0,3.16027,***
"eFUSE_burn_readmargin","BANKB_BIT_UNBLOWN_TRUE_1",432420,"Parametric","",1,1,"",1,1,1,0,88,0,3.16027,***
"eFUSE_burn_readmargin","BANKB_READMARGIN_UNBLOWN_BIT_2",431470,"Parametric","",0,0,"",0,0,0,0,88,0,3.16027,***
"eFUSE_burn_readmargin","BANKB_UNBURN_BIT_2",431950,"Parametric","",0,0,"",0,0,0,0,88,0,3.16027,***
"eFUSE_burn_readmargin","BANKB_BIT_UNBLOWN_TRUE_2",432430,"Parametric","",1,1,"",1,1,1,0,88,0,3.16027,***
"eFUSE_burn_readmargin","BANKB_READMARGIN_UNBLOWN_BIT_3",431480,"Parametric","",0,0,"",0,0,0,0,88,0,3.16027,***
"eFUSE_burn_readmargin","BANKB_UNBURN_BIT_3",431960,"Parametric","",0,0,"",0,0,0,0,88,0,3.16027,***
"eFUSE_burn_readmargin","BANKB_BIT_UNBLOWN_TRUE_3",432440,"Parametric","",1,1,"",1,1,1,0,88,0,3.16027,***
"eFUSE_burn_readmargin","BANKB_READMARGIN_UNBLOWN_BIT_4",431490,"Parametric","",0,0,"",0,0,0,0,88,0,3.16027,***
"eFUSE_burn_readmargin","BANKB_UNBURN_BIT_4",431970,"Parametric","",0,0,"",0,0,0,0,88,0,3.16027,***
"eFUSE_burn_readmargin","BANKB_BIT_UNBLOWN_TRUE_4",432450,"Parametric","",1,1,"",1,1,1,0,88,0,3.16027,***
"eFUSE_burn_readmargin","BANKB_READMARGIN_BLOWN_BIT_5",531500,"Parametric","",1,1,"",1,1,1,0,88,0,3.16027,***
"eFUSE_burn_readmargin","BANKB_BURN_BIT_5",531980,"Parametric","",1,1,"",1,1,1,0,88,0,3.16027,***
"eFUSE_burn_readmargin","BANKB_BIT_BLOWN_TRUE_5",532460,"Parametric","",1,1,"",1,1,1,0,88,0,3.16027,***
"eFUSE_burn_readmargin","BANKB_READMARGIN_UNBLOWN_BIT_6",431510,"Parametric","",0,0,"",0,0,0,0,88,0,3.16027,***
"eFUSE_burn_readmargin","BANKB_UNBURN_BIT_6",431990,"Parametric","",0,0,"",0,0,0,0,88,0,3.16027,***
"eFUSE_burn_readmargin","BANKB_BIT_UNBLOWN_TRUE_6",432470,"Parametric","",1,1,"",1,1,1,0,88,0,3.16027,***
"eFUSE_burn_readmargin","BANKB_READMARGIN_UNBLOWN_BIT_7",431520,"Parametric","",0,0,"",0,0,0,0,26,0,6.63885,***
"eFUSE_burn_readmargin","BANKB_UNBURN_BIT_7",432000,"Parametric","",0,0,"",0,0,0,0,26,0,6.63885,***
"eFUSE_burn_readmargin","BANKB_BIT_UNBLOWN_TRUE_7",432480,"Parametric","",1,1,"",1,1,1,0,26,0,6.63885,***
"eFUSE_burn_readmargin","BANKB_READMARGIN_UNBLOWN_BIT_8",431530,"Parametric","",0,0,"",0,0,0,0,43,0,4.68983,***
"eFUSE_burn_readmargin","BANKB_UNBURN_BIT_8",432010,"Parametric","",0,0,"",0,0,0,0,43,0,4.68983,***
"eFUSE_burn_readmargin","BANKB_BIT_UNBLOWN_TRUE_8",432490,"Parametric","",1,1,"",1,1,1,0,43,0,4.68983,***
"eFUSE_burn_readmargin","BANKB_READMARGIN_UNBLOWN_BIT_9",431540,"Parametric","",0,0,"",0,0,0,0,53,0,4.12594,***
"eFUSE_burn_readmargin","BANKB_UNBURN_BIT_9",432020,"Parametric","",0,0,"",0,0,0,0,53,0,4.12594,***
"eFUSE_burn_readmargin","BANKB_BIT_UNBLOWN_TRUE_9",432500,"Parametric","",1,1,"",1,1,1,0,53,0,4.12594,***
"eFUSE_burn_readmargin","BANKB_READMARGIN_BLOWN_BIT_10",531550,"Parametric","",1,1,"",1,1,1,0,53,0,4.12594,***
"eFUSE_burn_readmargin","BANKB_BURN_BIT_10",532030,"Parametric","",1,1,"",1,1,1,0,53,0,4.12594,***
"eFUSE_burn_readmargin","BANKB_BIT_BLOWN_TRUE_10",532510,"Parametric","",1,1,"",1,1,1,0,53,0,4.12594,***
"eFUSE_burn_readmargin","BANKB_READMARGIN_UNBLOWN_BIT_11",431560,"Parametric","",0,0,"",0,0,0,0,40,0,4.91292,***
"eFUSE_burn_readmargin","BANKB_UNBURN_BIT_11",432040,"Parametric","",0,0,"",0,0,0,0,40,0,4.91292,***
"eFUSE_burn_readmargin","BANKB_BIT_UNBLOWN_TRUE_11",432520,"Parametric","",1,1,"",1,1,1,0,40,0,4.91292,***
"eFUSE_burn_readmargin","BANKB_READMARGIN_UNBLOWN_BIT_12",431570,"Parametric","",0,0,"",0,0,0,0,37,0,5.16862,***
"eFUSE_burn_readmargin","BANKB_UNBURN_BIT_12",432050,"Parametric","",0,0,"",0,0,0,0,37,0,5.16862,***
"eFUSE_burn_readmargin","BANKB_BIT_UNBLOWN_TRUE_12",432530,"Parametric","",1,1,"",1,1,1,0,37,0,5.16862,***
"eFUSE_burn_readmargin","BANKB_READMARGIN_UNBLOWN_BIT_13",431580,"Parametric","",0,0,"",0,0,0,0,81,0,3.28617,***
"eFUSE_burn_readmargin","BANKB_UNBURN_BIT_13",432060,"Parametric","",0,0,"",0,0,0,0,81,0,3.28617,***
"eFUSE_burn_readmargin","BANKB_BIT_UNBLOWN_TRUE_13",432540,"Parametric","",1,1,"",1,1,1,0,81,0,3.28617,***
"eFUSE_burn_readmargin","BANKB_READMARGIN_BLOWN_BIT_14",531590,"Parametric","",1,1,"",1,1,1,0,85,0,3.21168,***
"eFUSE_burn_readmargin","BANKB_BURN_BIT_14",532070,"Parametric","",1,1,"",1,1,1,0,85,0,3.21168,***
"eFUSE_burn_readmargin","BANKB_BIT_BLOWN_TRUE_14",532550,"Parametric","",1,1,"",1,1,1,0,85,0,3.21168,***
"eFUSE_burn_readmargin","BANKB_READMARGIN_BLOWN_BIT_15",531600,"Parametric","",1,1,"",1,1,1,0,76,0,3.39106,***
"eFUSE_burn_readmargin","BANKB_BURN_BIT_15",532080,"Parametric","",1,1,"",1,1,1,0,76,0,3.39106,***
"eFUSE_burn_readmargin","BANKB_BIT_BLOWN_TRUE_15",532560,"Parametric","",1,1,"",1,1,1,0,76,0,3.39106,***
"eFUSE_burn_readmargin","BANKB_READMARGIN_BLOWN_BIT_16",531610,"Parametric","",1,1,"",1,1,1,0,88,0,3.16027,***
"eFUSE_burn_readmargin","BANKB_BURN_BIT_16",532090,"Parametric","",1,1,"",1,1,1,0,88,0,3.16027,***
"eFUSE_burn_readmargin","BANKB_BIT_BLOWN_TRUE_16",532570,"Parametric","",1,1,"",1,1,1,0,88,0,3.16027,***
"eFUSE_burn_readmargin","BANKB_READMARGIN_BLOWN_BIT_17",531620,"Parametric","",1,1,"",1,1,1,0,88,0,3.16027,***
"eFUSE_burn_readmargin","BANKB_BURN_BIT_17",532100,"Parametric","",1,1,"",1,1,1,0,88,0,3.16027,***
"eFUSE_burn_readmargin","BANKB_BIT_BLOWN_TRUE_17",532580,"Parametric","",1,1,"",1,1,1,0,88,0,3.16027,***
"eFUSE_burn_readmargin","BANKB_READMARGIN_UNBLOWN_BIT_18",431630,"Parametric","",0,0,"",0,0,0,0,88,0,3.16027,***
"eFUSE_burn_readmargin","BANKB_UNBURN_BIT_18",432110,"Parametric","",0,0,"",0,0,0,0,88,0,3.16027,***
"eFUSE_burn_readmargin","BANKB_BIT_UNBLOWN_TRUE_18",432590,"Parametric","",1,1,"",1,1,1,0,88,0,3.16027,***
"eFUSE_burn_readmargin","BANKB_READMARGIN_UNBLOWN_BIT_19",431640,"Parametric","",0,0,"",0,0,0,0,88,0,3.16027,***
"eFUSE_burn_readmargin","BANKB_UNBURN_BIT_19",432120,"Parametric","",0,0,"",0,0,0,0,88,0,3.16027,***
"eFUSE_burn_readmargin","BANKB_BIT_UNBLOWN_TRUE_19",432600,"Parametric","",1,1,"",1,1,1,0,88,0,3.16027,***
"eFUSE_burn_readmargin","BANKB_READMARGIN_UNBLOWN_BIT_20",431650,"Parametric","",0,0,"",0,0,0,0,88,0,3.16027,***
"eFUSE_burn_readmargin","BANKB_UNBURN_BIT_20",432130,"Parametric","",0,0,"",0,0,0,0,88,0,3.16027,***
"eFUSE_burn_readmargin","BANKB_BIT_UNBLOWN_TRUE_20",432610,"Parametric","",1,1,"",1,1,1,0,88,0,3.16027,***
"eFUSE_burn_readmargin","BANKB_READMARGIN_UNBLOWN_BIT_21",431660,"Parametric","",0,0,"",0,0,0,0,88,0,3.16027,***
"eFUSE_burn_readmargin","BANKB_UNBURN_BIT_21",432140,"Parametric","",0,0,"",0,0,0,0,88,0,3.16027,***
"eFUSE_burn_readmargin","BANKB_BIT_UNBLOWN_TRUE_21",432620,"Parametric","",1,1,"",1,1,1,0,88,0,3.16027,***
"eFUSE_burn_readmargin","BANKB_READMARGIN_UNBLOWN_BIT_22",431670,"Parametric","",0,0,"",0,0,0,0,88,0,3.16027,***
"eFUSE_burn_readmargin","BANKB_UNBURN_BIT_22",432150,"Parametric","",0,0,"",0,0,0,0,88,0,3.16027,***
"eFUSE_burn_readmargin","BANKB_BIT_UNBLOWN_TRUE_22",432630,"Parametric","",1,1,"",1,1,1,0,88,0,3.16027,***
"eFUSE_burn_readmargin","BANKB_READMARGIN_UNBLOWN_BIT_23",431680,"Parametric","",0,0,"",0,0,0,0,88,0,3.16027,***
"eFUSE_burn_readmargin","BANKB_UNBURN_BIT_23",432160,"Parametric","",0,0,"",0,0,0,0,88,0,3.16027,***
"eFUSE_burn_readmargin","BANKB_BIT_UNBLOWN_TRUE_23",432640,"Parametric","",1,1,"",1,1,1,0,88,0,3.16027,***
"eFUSE_burn_readmargin","BANKB_READMARGIN_BLOWN_BIT_24",531690,"Parametric","",1,1,"",1,1,1,0,55,0,4.0344,***
"eFUSE_burn_readmargin","BANKB_BURN_BIT_24",532170,"Parametric","",1,1,"",1,1,1,0,55,0,4.0344,***
"eFUSE_burn_readmargin","BANKB_BIT_BLOWN_TRUE_24",532650,"Parametric","",1,1,"",1,1,1,0,55,0,4.0344,***
"eFUSE_burn_readmargin","BANKB_READMARGIN_BLOWN_BIT_25",531700,"Parametric","",1,1,"",1,1,1,0,29,0,6.12345,***
"eFUSE_burn_readmargin","BANKB_BURN_BIT_25",532180,"Parametric","",1,1,"",1,1,1,0,29,0,6.12345,***
"eFUSE_burn_readmargin","BANKB_BIT_BLOWN_TRUE_25",532660,"Parametric","",1,1,"",1,1,1,0,29,0,6.12345,***
"eFUSE_burn_readmargin","BANKB_READMARGIN_UNBLOWN_BIT_26",431710,"Parametric","",0,0,"",0,0,0,0,27,0,6.45058,***
"eFUSE_burn_readmargin","BANKB_UNBURN_BIT_26",432190,"Parametric","",0,0,"",0,0,0,0,27,0,6.45058,***
"eFUSE_burn_readmargin","BANKB_BIT_UNBLOWN_TRUE_26",432670,"Parametric","",1,1,"",1,1,1,0,27,0,6.45058,***
"eFUSE_burn_readmargin","BANKB_READMARGIN_BLOWN_BIT_27",531720,"Parametric","",1,1,"",1,1,1,0,88,0,3.16027,***
"eFUSE_burn_readmargin","BANKB_BURN_BIT_27",532200,"Parametric","",1,1,"",1,1,1,0,88,0,3.16027,***
"eFUSE_burn_readmargin","BANKB_BIT_BLOWN_TRUE_27",532680,"Parametric","",1,1,"",1,1,1,0,88,0,3.16027,***
"eFUSE_burn_readmargin","BANKB_READMARGIN_UNBLOWN_BIT_28",431730,"Parametric","",0,0,"",0,0,0,0,88,0,3.16027,***
"eFUSE_burn_readmargin","BANKB_UNBURN_BIT_28",432210,"Parametric","",0,0,"",0,0,0,0,88,0,3.16027,***
"eFUSE_burn_readmargin","BANKB_BIT_UNBLOWN_TRUE_28",432690,"Parametric","",1,1,"",1,1,1,0,88,0,3.16027,***
"eFUSE_burn_readmargin","BANKB_READMARGIN_UNBLOWN_BIT_29",431740,"Parametric","",0,0,"",0,0,0,0,41,0,4.83144,***
"eFUSE_burn_readmargin","BANKB_UNBURN_BIT_29",432220,"Parametric","",0,0,"",0,0,0,0,41,0,4.83144,***
"eFUSE_burn_readmargin","BANKB_BIT_UNBLOWN_TRUE_29",432700,"Parametric","",1,1,"",1,1,1,0,41,0,4.83144,***
"eFUSE_burn_readmargin","BANKB_READMARGIN_UNBLOWN_BIT_30",431750,"Parametric","",0,0,"",0,0,0,0,44,0,4.61793,***
"eFUSE_burn_readmargin","BANKB_UNBURN_BIT_30",432230,"Parametric","",0,0,"",0,0,0,0,44,0,4.61793,***
"eFUSE_burn_readmargin","BANKB_BIT_UNBLOWN_TRUE_30",432710,"Parametric","",1,1,"",1,1,1,0,44,0,4.61793,***
"eFUSE_burn_readmargin","BANKB_READMARGIN_BLOWN_BIT_31",531760,"Parametric","",1,1,"",1,1,1,0,65,0,3.67544,***
"eFUSE_burn_readmargin","BANKB_BURN_BIT_31",532240,"Parametric","",1,1,"",1,1,1,0,65,0,3.67544,***
"eFUSE_burn_readmargin","BANKB_BIT_BLOWN_TRUE_31",532720,"Parametric","",1,1,"",1,1,1,0,65,0,3.67544,***
"eFUSE_burn_readmargin","BANKB_READMARGIN_UNBLOWN_BIT_32",431770,"Parametric","",0,0,"",0,0,0,0,75,0,3.41207,***
"eFUSE_burn_readmargin","BANKB_UNBURN_BIT_32",432250,"Parametric","",0,0,"",0,0,0,0,75,0,3.41207,***
"eFUSE_burn_readmargin","BANKB_BIT_UNBLOWN_TRUE_32",432730,"Parametric","",1,1,"",1,1,1,0,75,0,3.41207,***
"eFUSE_burn_readmargin","BANKB_READMARGIN_UNBLOWN_BIT_33",431780,"Parametric","",0,0,"",0,0,0,0,53,0,4.12257,***
"eFUSE_burn_readmargin","BANKB_UNBURN_BIT_33",432260,"Parametric","",0,0,"",0,0,0,0,53,0,4.12257,***
"eFUSE_burn_readmargin","BANKB_BIT_UNBLOWN_TRUE_33",432740,"Parametric","",1,1,"",1,1,1,0,53,0,4.12257,***
"eFUSE_burn_readmargin","BANKB_READMARGIN_UNBLOWN_BIT_34",431790,"Parametric","",0,0,"",0,0,0,0,57,0,3.9526,***
"eFUSE_burn_readmargin","BANKB_UNBURN_BIT_34",432270,"Parametric","",0,0,"",0,0,0,0,57,0,3.9526,***
"eFUSE_burn_readmargin","BANKB_BIT_UNBLOWN_TRUE_34",432750,"Parametric","",1,1,"",1,1,1,0,57,0,3.9526,***
"eFUSE_burn_readmargin","BANKB_READMARGIN_UNBLOWN_BIT_35",431800,"Parametric","",0,0,"",0,0,0,0,57,0,3.9526,***
"eFUSE_burn_readmargin","BANKB_UNBURN_BIT_35",432280,"Parametric","",0,0,"",0,0,0,0,57,0,3.9526,***
"eFUSE_burn_readmargin","BANKB_BIT_UNBLOWN_TRUE_35",432760,"Parametric","",1,1,"",1,1,1,0,57,0,3.9526,***
"eFUSE_burn_readmargin","BANKB_READMARGIN_BLOWN_BIT_36",531810,"Parametric","",1,1,"",1,1,1,0,57,0,3.9526,***
"eFUSE_burn_readmargin","BANKB_BURN_BIT_36",532290,"Parametric","",1,1,"",1,1,1,0,57,0,3.9526,***
"eFUSE_burn_readmargin","BANKB_BIT_BLOWN_TRUE_36",532770,"Parametric","",1,1,"",1,1,1,0,57,0,3.9526,***
"eFUSE_burn_readmargin","BANKB_READMARGIN_BLOWN_BIT_37",531820,"Parametric","",1,1,"",1,1,1,0,88,0,3.16027,***
"eFUSE_burn_readmargin","BANKB_BURN_BIT_37",532300,"Parametric","",1,1,"",1,1,1,0,88,0,3.16027,***
"eFUSE_burn_readmargin","BANKB_BIT_BLOWN_TRUE_37",532780,"Parametric","",1,1,"",1,1,1,0,88,0,3.16027,***
"eFUSE_burn_readmargin","BANKB_READMARGIN_UNBLOWN_BIT_38",431830,"Parametric","",0,0,"",0,0,0,0,41,0,4.83361,***
"eFUSE_burn_readmargin","BANKB_UNBURN_BIT_38",432310,"Parametric","",0,0,"",0,0,0,0,41,0,4.83361,***
"eFUSE_burn_readmargin","BANKB_BIT_UNBLOWN_TRUE_38",432790,"Parametric","",1,1,"",1,1,1,0,41,0,4.83361,***
"eFUSE_burn_readmargin","BANKB_READMARGIN_UNBLOWN_BIT_39",431840,"Parametric","",0,0,"",0,0,0,0,45,0,4.5538,***
"eFUSE_burn_readmargin","BANKB_UNBURN_BIT_39",432320,"Parametric","",0,0,"",0,0,0,0,45,0,4.5538,***
"eFUSE_burn_readmargin","BANKB_BIT_UNBLOWN_TRUE_39",432800,"Parametric","",1,1,"",1,1,1,0,45,0,4.5538,***
"eFUSE_burn_readmargin","BANKB_READMARGIN_BLOWN_BIT_40",531850,"Parametric","",1,1,"",1,1,1,0,39,0,4.99195,***
"eFUSE_burn_readmargin","BANKB_BURN_BIT_40",532330,"Parametric","",1,1,"",1,1,1,0,39,0,4.99195,***
"eFUSE_burn_readmargin","BANKB_BIT_BLOWN_TRUE_40",532810,"Parametric","",1,1,"",1,1,1,0,39,0,4.99195,***
"eFUSE_burn_readmargin","BANKB_READMARGIN_BLOWN_BIT_41",531860,"Parametric","",1,1,"",1,1,1,0,69,0,3.56176,***
"eFUSE_burn_readmargin","BANKB_BURN_BIT_41",532340,"Parametric","",1,1,"",1,1,1,0,69,0,3.56176,***
"eFUSE_burn_readmargin","BANKB_BIT_BLOWN_TRUE_41",532820,"Parametric","",1,1,"",1,1,1,0,69,0,3.56176,***
"eFUSE_burn_readmargin","BANKB_READMARGIN_BLOWN_BIT_42",531870,"Parametric","",1,1,"",1,1,1,0,80,0,3.30661,***
"eFUSE_burn_readmargin","BANKB_BURN_BIT_42",532350,"Parametric","",1,1,"",1,1,1,0,80,0,3.30661,***
"eFUSE_burn_readmargin","BANKB_BIT_BLOWN_TRUE_42",532830,"Parametric","",1,1,"",1,1,1,0,80,0,3.30661,***
"eFUSE_burn_readmargin","BANKB_READMARGIN_BLOWN_BIT_43",531880,"Parametric","",1,1,"",1,1,1,0,42,0,4.758,***
"eFUSE_burn_readmargin","BANKB_BURN_BIT_43",532360,"Parametric","",1,1,"",1,1,1,0,42,0,4.758,***
"eFUSE_burn_readmargin","BANKB_BIT_BLOWN_TRUE_43",532840,"Parametric","",1,1,"",1,1,1,0,42,0,4.758,***
"eFUSE_burn_readmargin","BANKB_READMARGIN_UNBLOWN_BIT_44",431890,"Parametric","",0,0,"",0,0,0,0,43,0,4.6869,***
"eFUSE_burn_readmargin","BANKB_UNBURN_BIT_44",432370,"Parametric","",0,0,"",0,0,0,0,43,0,4.6869,***
"eFUSE_burn_readmargin","BANKB_BIT_UNBLOWN_TRUE_44",432850,"Parametric","",1,1,"",1,1,1,0,43,0,4.6869,***
"eFUSE_burn_readmargin","BANKB_READMARGIN_UNBLOWN_BIT_45",431900,"Parametric","",0,0,"",0,0,0,0,80,0,3.30613,***
"eFUSE_burn_readmargin","BANKB_UNBURN_BIT_45",432380,"Parametric","",0,0,"",0,0,0,0,80,0,3.30613,***
"eFUSE_burn_readmargin","BANKB_BIT_UNBLOWN_TRUE_45",432860,"Parametric","",1,1,"",1,1,1,0,80,0,3.30613,***
"eFUSE_burn_readmargin","BANKB_READMARGIN_BLOWN_BIT_46",531910,"Parametric","",1,1,"",1,1,1,0,85,0,3.21145,***
"eFUSE_burn_readmargin","BANKB_BURN_BIT_46",532390,"Parametric","",1,1,"",1,1,1,0,85,0,3.21145,***
"eFUSE_burn_readmargin","BANKB_BIT_BLOWN_TRUE_46",532870,"Parametric","",1,1,"",1,1,1,0,85,0,3.21145,***
"eFUSE_burn_readmargin","BANKB_READMARGIN_BLOWN_BIT_47",531920,"Parametric","",1,1,"",1,1,1,0,88,0,3.16027,***
"eFUSE_burn_readmargin","BANKB_BURN_BIT_47",532400,"Parametric","",1,1,"",1,1,1,0,88,0,3.16027,***
"eFUSE_burn_readmargin","BANKB_BIT_BLOWN_TRUE_47",532880,"Parametric","",1,1,"",1,1,1,0,88,0,3.16027,***
"POST_BURN_PASS_FET_LEAKAGE","POST_Forward_Leakage_FET",470030,"Parametric","",-20,20,"nA",-4,-1,-2.32955,0.798297,88,0,0.0802225,***
"POST_BURN_PASS_FET_LEAKAGE","POST_Reverse_Leakage_FET",470040,"Parametric","",-20,20,"nA",-6,-2,-3.29545,1.03011,88,0,0.0802225,***
"POST_BURN_PASS_FET_LEAKAGE","Delta_Forward_Leakage_FET",470050,"Parametric","",-20,20,"nA",-4,-1,-2.30682,0.807408,88,0,0.0802225,***
"POST_BURN_PASS_FET_LEAKAGE","Delta_Reverse_Leakage_FET",470060,"Parametric","",-20,20,"nA",-4,1,-1.80682,0.770997,88,0,0.0802225,***
"POST_EFUSE_RESISTANCE","POST_BANKA_EFUSE_RESISTANCE_BLOWN_BIT47",590001,"Parametric","",3500,85000,"ohms",68296.6,71256.2,69848.9,679.482,90,0,4.55048,***
"POST_EFUSE_RESISTANCE","POST_BANKA_EFUSE_RESISTANCE_BLOWN_BIT46",590002,"Parametric","",3500,85000,"ohms",14444.6,71267.6,69221,5980.82,87,0,4.60274,***
"POST_EFUSE_RESISTANCE","POST_BANKA_EFUSE_RESISTANCE_UNBLOWN_BIT45",490003,"Parametric","",65,200,"ohms",68.4,91,82.2864,5.17232,81,0,4.71972,***
"POST_EFUSE_RESISTANCE","POST_BANKA_EFUSE_RESISTANCE_UNBLOWN_BIT44",490004,"Parametric","",65,200,"ohms",68.4,91,84.0136,6.11447,44,0,6.13213,***
"POST_EFUSE_RESISTANCE","POST_BANKA_EFUSE_RESISTANCE_BLOWN_BIT43",590005,"Parametric","",3500,85000,"ohms",68592.6,71085.4,69882.3,678.935,43,0,6.20491,***
"POST_EFUSE_RESISTANCE","POST_BANKA_EFUSE_RESISTANCE_BLOWN_BIT42",590006,"Parametric","",3500,85000,"ohms",68125.8,71278.8,69833.2,710.501,81,0,4.7189,***
"POST_EFUSE_RESISTANCE","POST_BANKA_EFUSE_RESISTANCE_BLOWN_BIT41",590007,"Parametric","",3500,85000,"ohms",68797.4,71267.6,69965.1,611.811,70,0,4.98232,***
"POST_EFUSE_RESISTANCE","POST_BANKA_EFUSE_RESISTANCE_BLOWN_BIT40",590008,"Parametric","",3500,85000,"ohms",67465.8,70994.4,69779.6,850.965,40,0,6.44207,***
"POST_EFUSE_RESISTANCE","POST_BANKA_EFUSE_RESISTANCE_UNBLOWN_BIT39",490009,"Parametric","",65,200,"ohms",68.4,91,83.0783,5.80873,46,0,5.99924,***
"POST_EFUSE_RESISTANCE","POST_BANKA_EFUSE_RESISTANCE_UNBLOWN_BIT38",490010,"Parametric","",65,200,"ohms",68.2,91,82.8571,5.78868,42,0,6.28029,***
"POST_EFUSE_RESISTANCE","POST_BANKA_EFUSE_RESISTANCE_BLOWN_BIT37",590011,"Parametric","",3500,85000,"ohms",68433.2,71279,69882.9,683.609,90,0,4.55048,***
"POST_EFUSE_RESISTANCE","POST_BANKA_EFUSE_RESISTANCE_BLOWN_BIT36",590012,"Parametric","",3500,85000,"ohms",68182.8,71279,70103.9,648.417,59,0,5.34433,***
"POST_EFUSE_RESISTANCE","POST_BANKA_EFUSE_RESISTANCE_UNBLOWN_BIT35",490013,"Parametric","",65,200,"ohms",68.4,91,83.2881,5.75695,59,0,5.34433,***
"POST_EFUSE_RESISTANCE","POST_BANKA_EFUSE_RESISTANCE_UNBLOWN_BIT34",490014,"Parametric","",65,200,"ohms",68.4,91,83.2881,5.75695,59,0,5.34433,***
"POST_EFUSE_RESISTANCE","POST_BANKA_EFUSE_RESISTANCE_UNBLOWN_BIT33",490015,"Parametric","",65,200,"ohms",79.6,91,83.8259,5.554,54,0,5.55957,***
"POST_EFUSE_RESISTANCE","POST_BANKA_EFUSE_RESISTANCE_UNBLOWN_BIT32",490016,"Parametric","",65,200,"ohms",68.2,91,82.2779,5.80664,77,0,4.80608,***
"POST_EFUSE_RESISTANCE","POST_BANKA_EFUSE_RESISTANCE_BLOWN_BIT31",590017,"Parametric","",3500,85000,"ohms",53635.8,71290.4,69351.6,2919.69,65,0,5.13391,***
"POST_EFUSE_RESISTANCE","POST_BANKA_EFUSE_RESISTANCE_UNBLOWN_BIT30",490018,"Parametric","",65,200,"ohms",68.4,91,84.0318,6.10131,44,0,6.13135,***
"POST_EFUSE_RESISTANCE","POST_BANKA_EFUSE_RESISTANCE_UNBLOWN_BIT29",490019,"Parametric","",65,200,"ohms",79.6,91,83.9524,5.59578,42,0,6.28119,***
"POST_EFUSE_RESISTANCE","POST_BANKA_EFUSE_RESISTANCE_UNBLOWN_BIT28",490020,"Parametric","",65,200,"ohms",79.6,91,84.0467,5.57813,90,0,4.55048,***
"POST_EFUSE_RESISTANCE","POST_BANKA_EFUSE_RESISTANCE_BLOWN_BIT27",590021,"Parametric","",3500,85000,"ohms",67613.8,71279,69857.4,720.631,90,0,4.55048,***
"POST_EFUSE_RESISTANCE","POST_BANKA_EFUSE_RESISTANCE_UNBLOWN_BIT26",490022,"Parametric","",65,200,"ohms",79.6,91,81.9586,4.69966,29,0,7.73084,***
"POST_EFUSE_RESISTANCE","POST_BANKA_EFUSE_RESISTANCE_BLOWN_BIT25",590023,"Parametric","",3500,85000,"ohms",67909.6,70880.6,69820.1,671.984,31,0,7.428,***
"POST_EFUSE_RESISTANCE","POST_BANKA_EFUSE_RESISTANCE_BLOWN_BIT24",590024,"Parametric","",3500,85000,"ohms",67659.4,71301.8,69756.5,707.236,57,0,5.42623,***
"POST_EFUSE_RESISTANCE","POST_BANKA_EFUSE_RESISTANCE_UNBLOWN_BIT23",490025,"Parametric","",65,200,"ohms",68.2,91,83.9222,6.27839,90,0,4.55048,***
"POST_EFUSE_RESISTANCE","POST_BANKA_EFUSE_RESISTANCE_UNBLOWN_BIT22",490026,"Parametric","",65,200,"ohms",68.4,91,84.42,5.90472,90,0,4.55048,***
"POST_EFUSE_RESISTANCE","POST_BANKA_EFUSE_RESISTANCE_UNBLOWN_BIT21",490027,"Parametric","",65,200,"ohms",68.2,91,83.9178,5.80669,90,0,4.55048,***
"POST_EFUSE_RESISTANCE","POST_BANKA_EFUSE_RESISTANCE_UNBLOWN_BIT20",490028,"Parametric","",65,200,"ohms",68.4,91,84.42,5.90472,90,0,4.55048,***
"POST_EFUSE_RESISTANCE","POST_BANKA_EFUSE_RESISTANCE_UNBLOWN_BIT19",490029,"Parametric","",65,200,"ohms",79.6,91,84.5444,5.67692,90,0,4.55048,***
"POST_EFUSE_RESISTANCE","POST_BANKA_EFUSE_RESISTANCE_UNBLOWN_BIT18",490030,"Parametric","",65,200,"ohms",68.2,91,83.8022,6.2486,90,0,4.55048,***
"POST_EFUSE_RESISTANCE","POST_BANKA_EFUSE_RESISTANCE_BLOWN_BIT17",590031,"Parametric","",3500,85000,"ohms",68080.4,71313,69871.4,697.405,90,0,4.55048,***
"POST_EFUSE_RESISTANCE","POST_BANKA_EFUSE_RESISTANCE_BLOWN_BIT16",590032,"Parametric","",3500,85000,"ohms",68433.2,71290.4,69904.6,676.284,90,0,4.55048,***
"POST_EFUSE_RESISTANCE","POST_BANKA_EFUSE_RESISTANCE_BLOWN_BIT15",590033,"Parametric","",3500,85000,"ohms",58245.8,71279,69761.3,1483.23,78,0,4.7831,***
"POST_EFUSE_RESISTANCE","POST_BANKA_EFUSE_RESISTANCE_BLOWN_BIT14",590034,"Parametric","",3500,85000,"ohms",64312.8,71290.4,69843.3,906.95,87,0,4.60264,***
"POST_EFUSE_RESISTANCE","POST_BANKA_EFUSE_RESISTANCE_UNBLOWN_BIT13",490035,"Parametric","",65,200,"ohms",68.2,91,82.9205,5.48194,83,0,4.67788,***
"POST_EFUSE_RESISTANCE","POST_BANKA_EFUSE_RESISTANCE_UNBLOWN_BIT12",490036,"Parametric","",65,200,"ohms",68.2,91,83.8263,6.15303,38,0,6.61852,***
"POST_EFUSE_RESISTANCE","POST_BANKA_EFUSE_RESISTANCE_UNBLOWN_BIT11",490037,"Parametric","",65,200,"ohms",79.6,91,83.9619,5.58836,42,0,6.27847,***
"POST_EFUSE_RESISTANCE","POST_BANKA_EFUSE_RESISTANCE_BLOWN_BIT10",590038,"Parametric","",3500,85000,"ohms",68444.6,71028.4,69764.6,672.651,53,0,5.60973,***
"POST_EFUSE_RESISTANCE","POST_BANKA_EFUSE_RESISTANCE_UNBLOWN_BIT9",490039,"Parametric","",65,200,"ohms",68.4,91,84.1245,6.0441,53,0,5.60973,***
"POST_EFUSE_RESISTANCE","POST_BANKA_EFUSE_RESISTANCE_UNBLOWN_BIT8",490040,"Parametric","",65,200,"ohms",79.6,91,83.5814,5.49421,43,0,6.20793,***
"POST_EFUSE_RESISTANCE","POST_BANKA_EFUSE_RESISTANCE_UNBLOWN_BIT7",490041,"Parametric","",65,200,"ohms",68.4,91,84.4385,6.56147,26,0,8.27754,***
"POST_EFUSE_RESISTANCE","POST_BANKA_EFUSE_RESISTANCE_UNBLOWN_BIT6",490042,"Parametric","",65,200,"ohms",68.4,91,82.6733,5.32634,90,0,4.55048,***
"POST_EFUSE_RESISTANCE","POST_BANKA_EFUSE_RESISTANCE_BLOWN_BIT5",590043,"Parametric","",3500,85000,"ohms",65086.8,71290.4,69800.7,911.068,90,0,4.55048,***
"POST_EFUSE_RESISTANCE","POST_BANKA_EFUSE_RESISTANCE_UNBLOWN_BIT4",490044,"Parametric","",65,200,"ohms",79.6,91,83.2844,5.34987,90,0,4.55048,***
"POST_EFUSE_RESISTANCE","POST_BANKA_EFUSE_RESISTANCE_UNBLOWN_BIT3",490045,"Parametric","",65,200,"ohms",68.2,102.4,83.9133,6.05607,90,0,4.55048,***
"POST_EFUSE_RESISTANCE","POST_BANKA_EFUSE_RESISTANCE_UNBLOWN_BIT2",490046,"Parametric","",65,200,"ohms",79.6,91,85.18,5.72407,90,0,4.55048,***
"POST_EFUSE_RESISTANCE","POST_BANKA_EFUSE_RESISTANCE_UNBLOWN_BIT1",490047,"Parametric","",65,200,"ohms",68.2,91,84.3111,5.8745,90,0,4.55048,***
"POST_EFUSE_RESISTANCE","POST_BANKA_EFUSE_RESISTANCE_UNBLOWN_BIT0",490048,"Parametric","",65,200,"ohms",79.6,91,84.06,5.5676,90,0,4.55048,***
"POST_EFUSE_RESISTANCE","POST_BANKB_EFUSE_RESISTANCE_BLOWN_BIT47",590049,"Parametric","",3500,85000,"ohms",68456.2,71279,69902.3,672.13,90,0,4.55048,***
"POST_EFUSE_RESISTANCE","POST_BANKB_EFUSE_RESISTANCE_BLOWN_BIT46",590050,"Parametric","",3500,85000,"ohms",51507.2,71267.6,69685.3,2088.96,87,0,4.60274,***
"POST_EFUSE_RESISTANCE","POST_BANKB_EFUSE_RESISTANCE_UNBLOWN_BIT45",490051,"Parametric","",65,200,"ohms",79.6,91,83.121,5.29723,81,0,4.71972,***
"POST_EFUSE_RESISTANCE","POST_BANKB_EFUSE_RESISTANCE_UNBLOWN_BIT44",490052,"Parametric","",65,200,"ohms",79.6,91,84.7818,5.74202,44,0,6.13213,***
"POST_EFUSE_RESISTANCE","POST_BANKB_EFUSE_RESISTANCE_BLOWN_BIT43",590053,"Parametric","",3500,85000,"ohms",68626.8,71131,69909.6,659.369,43,0,6.20491,***
"POST_EFUSE_RESISTANCE","POST_BANKB_EFUSE_RESISTANCE_BLOWN_BIT42",590054,"Parametric","",3500,85000,"ohms",68456,71278.8,69885.1,681.792,81,0,4.7189,***
"POST_EFUSE_RESISTANCE","POST_BANKB_EFUSE_RESISTANCE_BLOWN_BIT41",590055,"Parametric","",3500,85000,"ohms",25064.8,71290.4,69336.3,5403.56,70,0,4.98232,***
"POST_EFUSE_RESISTANCE","POST_BANKB_EFUSE_RESISTANCE_BLOWN_BIT40",590056,"Parametric","",3500,85000,"ohms",68467.4,71040,69833.1,777.509,40,0,6.44207,***
"POST_EFUSE_RESISTANCE","POST_BANKB_EFUSE_RESISTANCE_UNBLOWN_BIT39",490057,"Parametric","",65,200,"ohms",79.6,91,82.8217,5.18977,46,0,5.99924,***
"POST_EFUSE_RESISTANCE","POST_BANKB_EFUSE_RESISTANCE_UNBLOWN_BIT38",490058,"Parametric","",65,200,"ohms",68.2,91,83.4048,5.99064,42,0,6.28029,***
"POST_EFUSE_RESISTANCE","POST_BANKB_EFUSE_RESISTANCE_BLOWN_BIT37",590059,"Parametric","",3500,85000,"ohms",47967,71165.2,69489.5,2594.71,90,0,4.55048,***
"POST_EFUSE_RESISTANCE","POST_BANKB_EFUSE_RESISTANCE_BLOWN_BIT36",590060,"Parametric","",3500,85000,"ohms",67420.2,71244.8,70115.6,695.928,59,0,5.34433,***
"POST_EFUSE_RESISTANCE","POST_BANKB_EFUSE_RESISTANCE_UNBLOWN_BIT35",490061,"Parametric","",65,200,"ohms",79.6,91,83.8542,5.55745,59,0,5.34433,***
"POST_EFUSE_RESISTANCE","POST_BANKB_EFUSE_RESISTANCE_UNBLOWN_BIT34",490062,"Parametric","",65,200,"ohms",79.6,91,83.8576,5.55487,59,0,5.34433,***
"POST_EFUSE_RESISTANCE","POST_BANKB_EFUSE_RESISTANCE_UNBLOWN_BIT33",490063,"Parametric","",65,200,"ohms",79.6,91,82.9778,5.25438,54,0,5.55957,***
"POST_EFUSE_RESISTANCE","POST_BANKB_EFUSE_RESISTANCE_UNBLOWN_BIT32",490064,"Parametric","",65,200,"ohms",79.6,91,84.1974,5.62115,77,0,4.80608,***
"POST_EFUSE_RESISTANCE","POST_BANKB_EFUSE_RESISTANCE_BLOWN_BIT31",590065,"Parametric","",3500,85000,"ohms",66407.2,71313.2,69857.5,882.275,65,0,5.13391,***
"POST_EFUSE_RESISTANCE","POST_BANKB_EFUSE_RESISTANCE_UNBLOWN_BIT30",490066,"Parametric","",65,200,"ohms",79.6,91,83.7545,5.54053,44,0,6.13135,***
"POST_EFUSE_RESISTANCE","POST_BANKB_EFUSE_RESISTANCE_UNBLOWN_BIT29",490067,"Parametric","",65,200,"ohms",68.2,91,83.9571,6.13277,42,0,6.28119,***
"POST_EFUSE_RESISTANCE","POST_BANKB_EFUSE_RESISTANCE_UNBLOWN_BIT28",490068,"Parametric","",65,200,"ohms",79.6,91,83.9133,5.55294,90,0,4.55048,***
"POST_EFUSE_RESISTANCE","POST_BANKB_EFUSE_RESISTANCE_BLOWN_BIT27",590069,"Parametric","",3500,85000,"ohms",68103.2,71324.4,69915.9,699.659,90,0,4.55048,***
"POST_EFUSE_RESISTANCE","POST_BANKB_EFUSE_RESISTANCE_UNBLOWN_BIT26",490070,"Parametric","",65,200,"ohms",79.6,91,83.9241,5.62937,29,0,7.73084,***
"POST_EFUSE_RESISTANCE","POST_BANKB_EFUSE_RESISTANCE_BLOWN_BIT25",590071,"Parametric","",3500,85000,"ohms",68831.8,70892,69957.9,577.293,31,0,7.428,***
"POST_EFUSE_RESISTANCE","POST_BANKB_EFUSE_RESISTANCE_BLOWN_BIT24",590072,"Parametric","",3500,85000,"ohms",68319.6,71324.4,69738.1,684.325,57,0,5.42623,***
"POST_EFUSE_RESISTANCE","POST_BANKB_EFUSE_RESISTANCE_UNBLOWN_BIT23",490073,"Parametric","",65,200,"ohms",68.2,91,83.1733,6.28958,90,0,4.55048,***
"POST_EFUSE_RESISTANCE","POST_BANKB_EFUSE_RESISTANCE_UNBLOWN_BIT22",490074,"Parametric","",65,200,"ohms",79.6,91,83.16,5.2984,90,0,4.55048,***
"POST_EFUSE_RESISTANCE","POST_BANKB_EFUSE_RESISTANCE_UNBLOWN_BIT21",490075,"Parametric","",65,200,"ohms",68.4,91,83.5356,5.69872,90,0,4.55048,***
"POST_EFUSE_RESISTANCE","POST_BANKB_EFUSE_RESISTANCE_UNBLOWN_BIT20",490076,"Parametric","",65,200,"ohms",68.2,102.4,83.4022,6.16029,90,0,4.55048,***
"POST_EFUSE_RESISTANCE","POST_BANKB_EFUSE_RESISTANCE_UNBLOWN_BIT19",490077,"Parametric","",65,200,"ohms",68.2,91,82.5289,5.27579,90,0,4.55048,***
"POST_EFUSE_RESISTANCE","POST_BANKB_EFUSE_RESISTANCE_UNBLOWN_BIT18",490078,"Parametric","",65,200,"ohms",68.2,91,83.6689,6.45128,90,0,4.55048,***
"POST_EFUSE_RESISTANCE","POST_BANKB_EFUSE_RESISTANCE_BLOWN_BIT17",590079,"Parametric","",3500,85000,"ohms",68421.8,71301.8,69917.1,692.76,90,0,4.55048,***
"POST_EFUSE_RESISTANCE","POST_BANKB_EFUSE_RESISTANCE_BLOWN_BIT16",590080,"Parametric","",3500,85000,"ohms",44905,71324.4,69578.6,2783.7,90,0,4.55048,***
"POST_EFUSE_RESISTANCE","POST_BANKB_EFUSE_RESISTANCE_BLOWN_BIT15",590081,"Parametric","",3500,85000,"ohms",68467.4,71313,69925.4,686.321,78,0,4.7831,***
"POST_EFUSE_RESISTANCE","POST_BANKB_EFUSE_RESISTANCE_BLOWN_BIT14",590082,"Parametric","",3500,85000,"ohms",57847.4,71313.2,69718.6,1571.59,87,0,4.60264,***
"POST_EFUSE_RESISTANCE","POST_BANKB_EFUSE_RESISTANCE_UNBLOWN_BIT13",490083,"Parametric","",65,200,"ohms",79.6,91,84.2723,5.63825,83,0,4.67788,***
"POST_EFUSE_RESISTANCE","POST_BANKB_EFUSE_RESISTANCE_UNBLOWN_BIT12",490084,"Parametric","",65,200,"ohms",68.4,91,82.9158,5.85235,38,0,6.61852,***
"POST_EFUSE_RESISTANCE","POST_BANKB_EFUSE_RESISTANCE_UNBLOWN_BIT11",490085,"Parametric","",65,200,"ohms",79.6,91,85.0476,5.74445,42,0,6.27847,***
"POST_EFUSE_RESISTANCE","POST_BANKB_EFUSE_RESISTANCE_BLOWN_BIT10",590086,"Parametric","",3500,85000,"ohms",68467.6,71051.2,69790.8,674.016,53,0,5.60973,***
"POST_EFUSE_RESISTANCE","POST_BANKB_EFUSE_RESISTANCE_UNBLOWN_BIT9",490087,"Parametric","",65,200,"ohms",68.2,91,83.0642,6.13762,53,0,5.60973,***
"POST_EFUSE_RESISTANCE","POST_BANKB_EFUSE_RESISTANCE_UNBLOWN_BIT8",490088,"Parametric","",65,200,"ohms",79.6,91,83.3163,5.40198,43,0,6.20793,***
"POST_EFUSE_RESISTANCE","POST_BANKB_EFUSE_RESISTANCE_UNBLOWN_BIT7",490089,"Parametric","",65,200,"ohms",68.4,91,84.8846,6.59968,26,0,8.27754,***
"POST_EFUSE_RESISTANCE","POST_BANKB_EFUSE_RESISTANCE_UNBLOWN_BIT6",490090,"Parametric","",65,200,"ohms",79.6,91,84.3111,5.62044,90,0,4.55048,***
"POST_EFUSE_RESISTANCE","POST_BANKB_EFUSE_RESISTANCE_BLOWN_BIT5",590091,"Parametric","",3500,85000,"ohms",66361.6,71313.2,69876.4,803.704,90,0,4.55048,***
"POST_EFUSE_RESISTANCE","POST_BANKB_EFUSE_RESISTANCE_UNBLOWN_BIT4",490092,"Parametric","",65,200,"ohms",68.2,91,82.6556,5.85373,90,0,4.55048,***
"POST_EFUSE_RESISTANCE","POST_BANKB_EFUSE_RESISTANCE_UNBLOWN_BIT3",490093,"Parametric","",65,200,"ohms",68.2,91,82.9,5.72676,90,0,4.55048,***
"POST_EFUSE_RESISTANCE","POST_BANKB_EFUSE_RESISTANCE_UNBLOWN_BIT2",490094,"Parametric","",65,200,"ohms",68.2,91,84.42,5.90905,90,0,4.55048,***
"POST_EFUSE_RESISTANCE","POST_BANKB_EFUSE_RESISTANCE_UNBLOWN_BIT1",490095,"Parametric","",65,200,"ohms",68.2,91,84.4244,5.90546,90,0,4.55048,***
"POST_EFUSE_RESISTANCE","POST_BANKB_EFUSE_RESISTANCE_UNBLOWN_BIT0",490096,"Parametric","",65,200,"ohms",79.6,91,83.9311,5.53925,90,0,4.55048,***
"Post_Vbias_Test","GENERAL TEST",510001,"Parametric","",1.75,1.85,"V",1.79085,1.81106,1.80055,0.00544834,90,0,0.019314,***
"Post_SS_Test","ISS_0p4V",500010,"Parametric","",-10.7,-9.3,"uA",-10.429,-9.719,-10.0682,0.158551,90,0,0.190072,***
"Post_SS_Test","SS_gain_0p4V",500020,"Parametric","",9.6,10.4,"A/V",9.68628,10.4786,9.9278,0.197537,85,5,0.190072,***
"Post_SS_Test","Vin_vout_Current",500030,"Parametric","",3.5,4.5,"A",3.87451,4.13581,3.9587,0.0616501,85,0,0.190649,***
"Post_SS_Gain_Test","POST_CURRENT_SS_0P1V",820010,"Parametric","",350,1100,"mA",882.524,959.283,920.792,20.475,85,0,0.0815051,***
"Post_SS_Gain_Test","POST_CURRENT_SS_0P2V",820020,"Parametric","",1800,2200,"mA",1857.84,1994.71,1911.99,32.3067,85,0,0.0815051,***
"Post_SS_Gain_Test","POST_CURRENT_SS_Delta",820030,"Parametric","",920,1080,"mA",972.569,1035.43,991.201,16.1387,85,0,0.0815051,***
"Post_ILIM_Test","ITRIP_10p_Current",810010,"Parametric","",-11,-9,"uA",-11.036,-9.254,-10.0536,0.327126,84,1,3.56638,***
"Post_ILIM_Test","ITRIP_10p_Voltage",810020,"Parametric","",0.9,1.2,"V",1,1.02,1.00905,0.00428475,84,0,3.56704,***
"Post_ILIM_Test","ITRIP_20p_Current",810060,"Parametric","",-22,-18,"uA",-20.439,-19.336,-19.9051,0.302742,84,0,3.56704,***
"Post_ILIM_Test","ITRIP_20p_Voltage",810070,"Parametric","",0.9,1.2,"V",1,1.02,1.0081,0.00477851,84,0,3.56704,***
"Post_ILIM_Test","Vin_vout_Current_10P",810160,"Parametric","",0,0.9,"A",0.799781,0.800127,0.799976,6.10205e-05,84,0,3.56704,***
"Post_ILIM_Test","Vin_vout_Current_20P",810150,"Parametric","",0,1.7,"A",1.5998,1.59995,1.59987,3.32621e-05,84,0,3.56704,***
"Post_ILIM_Test","gain_20V_10p",810050,"Parametric","",70000,85000,"GAIN",73666.1,86449.8,79738.7,2463.15,83,1,3.56704,***
"Post_ILIM_Test","gain_20V_20p",810100,"Parametric","",75000,85000,"GAIN",78273.9,82741,80374.9,1219.19,83,0,3.56773,***
"Post_ISENSE_Gain","POST_SNS_GAIN_20PIMAX_CODE",820040,"Parametric","",-210,-190,"uA",-209.659,-191.913,-201.396,3.20748,83,0,0.0611043,***
"Post_ISENSE_Gain","gain",820050,"Parametric","",7700,8300,"GAIN",7631.63,8336.97,7946.43,125.589,75,8,0.0611043,***
"Post_ISENSE_Gain","Forced Current",820060,"Parametric","",1.55,1.61,"A",1.59985,1.60017,1.59998,5.51583e-05,75,0,0.0611719,***
"ILIM_Slowtrip","ITRIP_VOLTAGE_ILIM_TM_011",830010,"Parametric","",0.95,1.15,"V",1.11171,1.12977,1.11976,0.00444129,75,0,0.128666,***
"ILIM_Slowtrip","ITRIP_VOLTAGE_ILIM_TM_111",830020,"Parametric","",0.95,1.15,"V",1.11572,1.13177,1.1219,0.00398629,75,0,0.128666,***
"TISLOW","TISLOW",840010,"Parametric","",11.1,12.7,"mS",12,12.6,12.3613,0.162658,75,0,0.0919618,***
"IO_TEST","OFF_VOLTAGE_LOW_EN_0V_IO_TM_1",460010,"Parametric","",0,0.2,"V",0.000771,0.000885,0.00082952,3.74517e-05,75,0,0.710834,***
"IO_TEST","OFF_VOLTAGE_HIGH_EN_1P8V_IO_TM_1",460020,"Parametric","",1.75,1.85,"V",1.78766,1.80861,1.79768,0.00566517,75,0,0.710834,***
"IO_TEST","OFF_VOLTAGE_LOW_VIN_1P5V_IO_TM_1",460030,"Parametric","",0,0.2,"V",0.000600436,0.000941935,0.000808371,6.02735e-05,75,0,0.710834,***
"IO_TEST","OFF_VOLTAGE_HIGH_VIN_5V_IO_TM_1",460040,"Parametric","",1.75,1.85,"V",1.78852,1.80878,1.79815,0.00556125,75,0,0.710834,***
"IO_TEST","OFF_VOLTAGE_LOW_EN_0V_IO_TM_2",460070,"Parametric","",0,0.2,"V",0.0006,0.000771,0.0007292,3.2909e-05,75,0,0.710834,***
"IO_TEST","OFF_VOLTAGE_HIGH_EN_1P8V_IO_TM_2",460080,"Parametric","",1.75,1.85,"V",1.78835,1.80895,1.79819,0.00560521,75,0,0.710834,***
"IO_TEST","OFF_VOLTAGE_LOW_VIN_1P5V_IO_TM_2",460090,"Parametric","",0,0.2,"V",0.000714269,0.000941935,0.000800782,5.23993e-05,75,0,0.710834,***
"IO_TEST","OFF_VOLTAGE_HIGH_VIN_5V_IO_TM_2",460100,"Parametric","",1.75,1.85,"V",1.78875,1.80946,1.79851,0.00562797,75,0,0.710834,***
"IO_TEST","OFF_VOLTAGE_LOW_FCB_0V_IO_TM_3",460050,"Parametric","",0,0.2,"V",0.000657,0.000771,0.0007254,3.10792e-05,75,0,0.710834,***
"IO_TEST","OFF_VOLTAGE_HIGH_FCB_1P8V_IO_TM_3",460060,"Parametric","",1.75,1.85,"V",1.78852,1.80918,1.79845,0.00561757,75,0,0.710834,***
"IO_TEST","OFF_VOLTAGE_LOW_FCB_0V_IO_TM_4",460110,"Parametric","",0,0.2,"V",0.000714,0.000885,0.0008318,3.42171e-05,75,0,0.710834,***
"IO_TEST","OFF_VOLTAGE_HIGH_FCB_1P8V_IO_TM_4",460120,"Parametric","",1.75,1.85,"V",1.78863,1.80901,1.79849,0.00563346,75,0,0.710834,***
"SS_Threshold_Test","VSS_T",210010,"Parametric","",0.96,1.095,"V",1.03,1.05,1.03733,0.00622404,75,0,0.329481,***
"UVLO_Threshold","UVLO_RISING_VDD",350010,"Parametric","",2.2,2.9,"V",2.58617,2.77214,2.68172,0.0343055,75,0,6.58393,***
"UVLO_Threshold","UVLO_FALLING_VDD",350020,"Parametric","",2.2,2.8,"V",2.4002,2.53387,2.47157,0.0286717,75,0,6.58393,***
"UVLO_Threshold","UVLO_HYSTERISIS",350030,"Parametric","",0.12,0.5,"V",0.185972,0.2499,0.210148,0.0101131,75,0,6.58393,***
"UVLO_Threshold","UVLO_RISING_VIN",350040,"Parametric","",2.5,2.88,"V",2.57455,2.70822,2.63104,0.0306416,75,0,6.58393,***
"UVLO_Threshold","UVLO_FALLING_VIN",350050,"Parametric","",2.35,2.7,"V",2.46413,2.53387,2.49559,0.0154381,75,0,6.58393,***
"UVLO_Threshold","UVLO_HYSTERISIS_VIN",350060,"Parametric","",0.07,0.3,"V",0.092986,0.185972,0.13545,0.0286623,75,0,6.58393,***
"EN_Rise_Fall_Hysteresis","EN_RISING_VDD",360010,"Parametric","",0.65,0.8,"V",0.709419,0.724449,0.718517,0.00323958,75,0,0.838474,***
"EN_Rise_Fall_Hysteresis","EN_FALLING_VDD",360020,"Parametric","",0.6,0.75,"V",0.673347,0.688377,0.67996,0.0031255,75,0,0.838474,***
"EN_Rise_Fall_Hysteresis","EN_HYSTERISIS",360030,"Parametric","",0.025,0.06,"V",0.0360721,0.0420842,0.0385571,0.00166661,75,0,0.838474,***
"FCB_Rise_Fall_Hysteresis","FCB_RISING_VDD",370010,"Parametric","",0.65,0.8,"V",0.704698,0.714765,0.714228,0.00227728,75,0,0.672158,***
"FCB_Rise_Fall_Hysteresis","FCB_FALLING_VDD",370020,"Parametric","",0.6,0.75,"V",0.66443,0.684564,0.675302,0.00320921,75,0,0.672158,***
"FCB_Rise_Fall_Hysteresis","FCB_HYSTERISIS",370030,"Parametric","",0.025,0.06,"V",0.0302013,0.0402685,0.0389262,0.00344521,75,0,0.672158,***
"Output_characteristics_functional","FAULTB_VOL_100UA",380010,"Parametric","",0,5,"mV",2.137,2.251,2.16208,0.0299864,75,0,0.12738,***
"Output_characteristics_functional","FAULTB_VOL_2MA",380020,"Parametric","",0,35,"mV",25.587,26.327,25.9722,0.153417,75,0,0.12738,***
"Output_characteristics_functional","OFF_VOH_100UA",380030,"Parametric","",1.75,1.85,"V",1.78266,1.80326,1.79263,0.00564354,75,0,0.12738,***
"Output_characteristics_functional","OFF_VOL_100UA",380040,"Parametric","",0,6,"mV",5.211,5.609,5.38968,0.068312,75,0,0.12738,***
"Output_characteristics_functional","OFF_VOL_2MA",380050,"Parametric","",20,100,"mV",78.519,81.763,80.1804,0.574864,75,0,0.12738,***
"OVST","GATE_DRIVE_MAIN_FET_PRE",1300010,"Parametric","",1.65,1.85,"V",1.74744,1.89042,1.80752,0.0305212,71,4,0.101134,***
"OVST","OVST",1300020,"Parametric","",2.7,3,"V",2.74865,2.99089,2.84739,0.0516548,75,0,0.101134,***
"OVST","GATE_DRIVE_MAIN_FET_POST",1300030,"Parametric","",1.25,1.4,"V",1.2876,1.35976,1.3272,0.0163781,75,0,0.101134,***
"Post_PintoPin_Leakage","PIN_TO_PIN_POS_LEAKAGE_PIN",700010,"Parametric","",-200,200,"nA",-9.13518,-3.75236,-6.38297,1.37125,71,0,0.439587,***
"Post_PintoPin_Leakage","PIN_TO_PIN_NEG_LEAKAGE_PIN",700110,"Parametric","",-200,200,"nA",-9.13518,-3.75236,-6.38297,1.37125,71,0,0.439587,***
"Post_PintoPin_Leakage","DELTA_POS",700210,"Parametric","",-50,50,"nA",-8.71296,44,2.81528,8.76735,71,0,0.439587,***
"Post_PintoPin_Leakage","DELTA_NEG",700220,"Parametric","",-50,50,"nA",-35,8.63292,-3.31414,9.21888,71,0,0.439587,***
"Post_PintoPin_Leakage","PIN_TO_PIN_POS_LEAKAGE_PIN",700020,"Parametric","",-200,200,"nA",-13.5762,-9.35709,-11.4684,0.984019,71,0,0.439587,***
"Post_PintoPin_Leakage","PIN_TO_PIN_NEG_LEAKAGE_PIN",700120,"Parametric","",-200,200,"nA",-13.5762,-9.35709,-11.4684,0.984019,71,0,0.439587,***
"Post_PintoPin_Leakage","PIN_TO_PIN_POS_LEAKAGE_PIN",700030,"Parametric","",-200,200,"nA",-12.7333,-6.74527,-9.36627,1.79205,71,0,0.439587,***
"Post_PintoPin_Leakage","PIN_TO_PIN_NEG_LEAKAGE_PIN",700130,"Parametric","",-200,200,"nA",-12.7333,-6.74527,-9.36627,1.79205,71,0,0.439587,***
"Post_PintoPin_Leakage","PIN_TO_PIN_POS_LEAKAGE_PIN",700040,"Parametric","",-200,200,"nA",-14.4691,-10.2808,-12.1944,1.0905,71,0,0.439587,***
"Post_PintoPin_Leakage","PIN_TO_PIN_NEG_LEAKAGE_PIN",700140,"Parametric","",-200,200,"nA",-14.4691,-10.2808,-12.1944,1.0905,71,0,0.439587,***
"Post_PintoPin_Leakage","PIN_TO_PIN_POS_LEAKAGE_PIN",700050,"Parametric","",10,500,"nA",295.353,305.761,299.633,2.06175,71,0,0.439587,***
"Post_PintoPin_Leakage","PIN_TO_PIN_NEG_LEAKAGE_PIN",700150,"Parametric","",-500,-10,"nA",-306.46,-294.633,-300.004,1.91685,71,0,0.439587,***
"Post_PintoPin_Leakage","PIN_TO_PIN_POS_LEAKAGE_PIN",700060,"Parametric","",10,500,"nA",292.086,306.718,300.431,2.95369,71,0,0.439587,***
"Post_PintoPin_Leakage","PIN_TO_PIN_NEG_LEAKAGE_PIN",700160,"Parametric","",-500,-10,"nA",-308.282,-293.792,-299.931,2.90474,71,0,0.439587,***
"Post_PintoPin_Leakage","PIN_TO_PIN_POS_LEAKAGE_PIN",700070,"Parametric","",300,700,"nA",495.94,556.209,525.323,20.1842,71,0,0.439587,***
"Post_PintoPin_Leakage","PIN_TO_PIN_NEG_LEAKAGE_PIN",700170,"Parametric","",-700,-300,"nA",-561.458,-503.294,-532.36,19.6887,71,0,0.439587,***
"Post_PintoPin_Leakage","PIN_TO_PIN_POS_LEAKAGE_PIN",700080,"Parametric","",-200,200,"nA",-1.37662,0.498247,-0.282532,0.373502,71,0,0.439587,***
"Post_PintoPin_Leakage","PIN_TO_PIN_NEG_LEAKAGE_PIN",700180,"Parametric","",-200,200,"nA",-8.76943,-3.95557,-6.2037,1.36689,71,0,0.439587,***
"Post_PintoPin_Leakage","PIN_TO_PIN_POS_LEAKAGE_PIN",700090,"Parametric","",-200,200,"nA",-0.158623,1.17135,0.51861,0.27485,71,0,0.439587,***
"Post_PintoPin_Leakage","PIN_TO_PIN_NEG_LEAKAGE_PIN",700190,"Parametric","",-200,200,"nA",-14.6352,-6.80887,-10.757,2.31201,71,0,0.439587,***
"Post_PintoPin_Leakage","PIN_TO_PIN_POS_LEAKAGE_PIN_VBIAS_PS1600",700100,"Parametric","",500,1000,"nA",729,914,811.845,53.1767,71,0,0.439587,***
"Post_PintoPin_Leakage","PIN_TO_PIN_NEG_LEAKAGE_PIN_VBIAS_PS1600",700200,"Parametric","",-1000,-500,"nA",-927,-816,-878.155,28.234,71,0,0.439587,***
"Post_Contact","POST_CONTINUITY",400030,"Parametric","",-500,-300,"mV",-375.667,-355.357,-365.359,6.11228,71,0,0.145998,***
"Post_Contact","Delta",400420,"Parametric","",-5,5,"mV",-0.587463,1.36605,0.374248,0.342005,71,0,0.145998,***
"Post_Contact","POST_CONTINUITY",400020,"Parametric","",-500,-300,"mV",-438.73,-409.93,-424.019,6.84321,71,0,0.145998,***
"Post_Contact","POST_CONTINUITY",400050,"Parametric","",-500,-300,"mV",-375.849,-356.042,-365.581,6.19434,71,0,0.145998,***
"Post_Contact","POST_CONTINUITY",400090,"Parametric","",-500,-300,"mV",-363.146,-342.258,-352.365,6.60031,71,0,0.145998,***
"Post_Contact","POST_CONTINUITY",400080,"Parametric","",-500,-300,"mV",-378.126,-358.432,-367.271,6.2585,71,0,0.145998,***
"Post_Contact","POST_CONTINUITY",400040,"Parametric","",-500,-300,"mV",-369.417,-350.748,-359.763,5.44661,71,0,0.145998,***
"Post_Contact","POST_CONTINUITY",400010,"Parametric","",-500,-300,"mV",-475.012,-436.649,-455.257,9.10257,71,0,0.145998,***
"Post_Contact","POST_CONTINUITY",400070,"Parametric","",-500,-200,"mV",-300.206,-291.669,-296.142,2.21949,71,0,0.145998,***
"Post_Contact","POST_CONTINUITY",400060,"Parametric","",-500,-300,"mV",-372.082,-353.47,-354.949,2.11202,71,0,0.145998,***
"Post_Contact","POST_CONTINUITY",400180,"Parametric","",-360,-300,"mV",-342.762,-329.641,-336.943,4.73146,71,0,0.145998,***
"Post_Contact","POST_CONTINUITY",400190,"Parametric","",-360,-300,"mV",-343.079,-330.17,-337.355,4.67382,71,0,0.145998,***
"Post_Contact","POST_CONTINUITY",400200,"Parametric","",-360,-300,"mV",-343.218,-330.431,-337.373,4.6671,71,0,0.145998,***
"Post_Contact","POST_CONTINUITY",400210,"Parametric","",-360,-300,"mV",-343.021,-330.439,-337.435,4.66048,71,0,0.145998,***
"Post_Contact","POST_CONTINUITY",400220,"Parametric","",-360,-300,"mV",-342.976,-330.36,-337.348,4.67679,71,0,0.145998,***
"Post_Contact","POST_CONTINUITY",400230,"Parametric","",-360,-300,"mV",-343.111,-330.473,-337.376,4.69219,71,0,0.145998,***
"Post_Contact","POST_CONTINUITY",400240,"Parametric","",-360,-300,"mV",-343.159,-330.217,-337.369,4.68228,71,0,0.145998,***
"Post_Contact","POST_CONTINUITY",400250,"Parametric","",-360,-300,"mV",-343.029,-330.164,-337.453,4.66126,71,0,0.145998,***
"Post_Contact","POST_CONTINUITY",400100,"Parametric","",-300,-200,"mV",-226.786,-225.018,-225.756,0.386784,71,0,0.145998,***
"Post_Contact","POST_CONTINUITY",400110,"Parametric","",-300,-200,"mV",-226.896,-224.989,-225.76,0.370565,71,0,0.145998,***
"Post_Contact","POST_CONTINUITY",400120,"Parametric","",-300,-200,"mV",-226.675,-224.924,-225.702,0.38431,71,0,0.145998,***
"Post_Contact","POST_CONTINUITY",400130,"Parametric","",-300,-200,"mV",-226.772,-224.779,-225.758,0.409922,71,0,0.145998,***
"Post_Contact","POST_CONTINUITY",400140,"Parametric","",-300,-200,"mV",-226.912,-225.008,-225.751,0.389896,71,0,0.145998,***
"Post_Contact","POST_CONTINUITY",400150,"Parametric","",-300,-200,"mV",-226.862,-224.873,-225.73,0.368197,71,0,0.145998,***
"Post_Contact","POST_CONTINUITY",400160,"Parametric","",-300,-200,"mV",-226.77,-224.771,-225.783,0.387334,71,0,0.145998,***
"Post_Contact","POST_CONTINUITY",400170,"Parametric","",-300,-200,"mV",-226.648,-224.951,-225.734,0.386627,71,0,0.145998,***
"eFUSE_burn_readmargin","BANKA_READMARGIN_BLOWN_BIT_11",530120,"Parametric","",1,1,"",1,1,1,0,48,0,1.69972,***
"eFUSE_burn_readmargin","BANKA_BURN_BIT_11",530600,"Parametric","",1,1,"",1,1,1,0,48,0,1.69972,***
"eFUSE_burn_readmargin","BANKA_BIT_BLOWN_TRUE_11",531080,"Parametric","",1,1,"",1,1,1,0,48,0,1.69972,***
"eFUSE_burn_readmargin","BANKA_READMARGIN_UNBLOWN_BIT_25",430260,"Parametric","",0,0,"",0,0,0,0,59,0,1.70379,***
"eFUSE_burn_readmargin","BANKA_UNBURN_BIT_25",430740,"Parametric","",0,0,"",0,0,0,0,59,0,1.70379,***
"eFUSE_burn_readmargin","BANKA_BIT_UNBLOWN_TRUE_25",431220,"Parametric","",1,1,"",1,1,1,0,59,0,1.70379,***
"eFUSE_burn_readmargin","BANKA_READMARGIN_BLOWN_BIT_26",530270,"Parametric","",1,1,"",1,1,1,0,61,0,1.7039,***
"eFUSE_burn_readmargin","BANKA_BURN_BIT_26",530750,"Parametric","",1,1,"",1,1,1,0,61,0,1.7039,***
"eFUSE_burn_readmargin","BANKA_BIT_BLOWN_TRUE_26",531230,"Parametric","",1,1,"",1,1,1,0,61,0,1.7039,***
"eFUSE_burn_readmargin","BANKA_READMARGIN_BLOWN_BIT_29",530300,"Parametric","",1,1,"",1,1,1,0,47,0,1.70244,***
"eFUSE_burn_readmargin","BANKA_BURN_BIT_29",530780,"Parametric","",1,1,"",1,1,1,0,47,0,1.70244,***
"eFUSE_burn_readmargin","BANKA_BIT_BLOWN_TRUE_29",531260,"Parametric","",1,1,"",1,1,1,0,47,0,1.70244,***
"eFUSE_burn_readmargin","BANKA_READMARGIN_BLOWN_BIT_38",530390,"Parametric","",1,1,"",1,1,1,0,47,0,1.70055,***
"eFUSE_burn_readmargin","BANKA_BURN_BIT_38",530870,"Parametric","",1,1,"",1,1,1,0,47,0,1.70055,***
"eFUSE_burn_readmargin","BANKA_BIT_BLOWN_TRUE_38",531350,"Parametric","",1,1,"",1,1,1,0,47,0,1.70055,***
"eFUSE_burn_readmargin","BANKA_READMARGIN_BLOWN_BIT_39",530400,"Parametric","",1,1,"",1,1,1,0,43,0,1.70192,***
"eFUSE_burn_readmargin","BANKA_BURN_BIT_39",530880,"Parametric","",1,1,"",1,1,1,0,43,0,1.70192,***
"eFUSE_burn_readmargin","BANKA_BIT_BLOWN_TRUE_39",531360,"Parametric","",1,1,"",1,1,1,0,43,0,1.70192,***
"eFUSE_burn_readmargin","BANKA_READMARGIN_UNBLOWN_BIT_40",430410,"Parametric","",0,0,"",0,0,0,0,49,0,1.7024,***
"eFUSE_burn_readmargin","BANKA_UNBURN_BIT_40",430890,"Parametric","",0,0,"",0,0,0,0,49,0,1.7024,***
"eFUSE_burn_readmargin","BANKA_BIT_UNBLOWN_TRUE_40",431370,"Parametric","",1,1,"",1,1,1,0,49,0,1.7024,***
"eFUSE_burn_readmargin","BANKA_READMARGIN_UNBLOWN_BIT_43",430440,"Parametric","",0,0,"",0,0,0,0,46,0,1.70147,***
"eFUSE_burn_readmargin","BANKA_UNBURN_BIT_43",430920,"Parametric","",0,0,"",0,0,0,0,46,0,1.70147,***
"eFUSE_burn_readmargin","BANKA_BIT_UNBLOWN_TRUE_43",431400,"Parametric","",1,1,"",1,1,1,0,46,0,1.70147,***
"eFUSE_burn_readmargin","BANKB_READMARGIN_BLOWN_BIT_11",531560,"Parametric","",1,1,"",1,1,1,0,48,0,1.69972,***
"eFUSE_burn_readmargin","BANKB_BURN_BIT_11",532040,"Parametric","",1,1,"",1,1,1,0,48,0,1.69972,***
"eFUSE_burn_readmargin","BANKB_BIT_BLOWN_TRUE_11",532520,"Parametric","",1,1,"",1,1,1,0,48,0,1.69972,***
"eFUSE_burn_readmargin","BANKB_READMARGIN_UNBLOWN_BIT_25",431700,"Parametric","",0,0,"",0,0,0,0,59,0,1.70379,***
"eFUSE_burn_readmargin","BANKB_UNBURN_BIT_25",432180,"Parametric","",0,0,"",0,0,0,0,59,0,1.70379,***
"eFUSE_burn_readmargin","BANKB_BIT_UNBLOWN_TRUE_25",432660,"Parametric","",1,1,"",1,1,1,0,59,0,1.70379,***
"eFUSE_burn_readmargin","BANKB_READMARGIN_BLOWN_BIT_26",531710,"Parametric","",1,1,"",1,1,1,0,61,0,1.7039,***
"eFUSE_burn_readmargin","BANKB_BURN_BIT_26",532190,"Parametric","",1,1,"",1,1,1,0,61,0,1.7039,***
"eFUSE_burn_readmargin","BANKB_BIT_BLOWN_TRUE_26",532670,"Parametric","",1,1,"",1,1,1,0,61,0,1.7039,***
"eFUSE_burn_readmargin","BANKB_READMARGIN_BLOWN_BIT_29",531740,"Parametric","",1,1,"",1,1,1,0,47,0,1.70244,***
"eFUSE_burn_readmargin","BANKB_BURN_BIT_29",532220,"Parametric","",1,1,"",1,1,1,0,47,0,1.70244,***
"eFUSE_burn_readmargin","BANKB_BIT_BLOWN_TRUE_29",532700,"Parametric","",1,1,"",1,1,1,0,47,0,1.70244,***
"eFUSE_burn_readmargin","BANKB_READMARGIN_BLOWN_BIT_38",531830,"Parametric","",1,1,"",1,1,1,0,47,0,1.70055,***
"eFUSE_burn_readmargin","BANKB_BURN_BIT_38",532310,"Parametric","",1,1,"",1,1,1,0,47,0,1.70055,***
"eFUSE_burn_readmargin","BANKB_BIT_BLOWN_TRUE_38",532790,"Parametric","",1,1,"",1,1,1,0,47,0,1.70055,***
"eFUSE_burn_readmargin","BANKB_READMARGIN_BLOWN_BIT_39",531840,"Parametric","",1,1,"",1,1,1,0,43,0,1.70192,***
"eFUSE_burn_readmargin","BANKB_BURN_BIT_39",532320,"Parametric","",1,1,"",1,1,1,0,43,0,1.70192,***
"eFUSE_burn_readmargin","BANKB_BIT_BLOWN_TRUE_39",532800,"Parametric","",1,1,"",1,1,1,0,43,0,1.70192,***
"eFUSE_burn_readmargin","BANKB_READMARGIN_UNBLOWN_BIT_40",431850,"Parametric","",0,0,"",0,0,0,0,49,0,1.7024,***
"eFUSE_burn_readmargin","BANKB_UNBURN_BIT_40",432330,"Parametric","",0,0,"",0,0,0,0,49,0,1.7024,***
"eFUSE_burn_readmargin","BANKB_BIT_UNBLOWN_TRUE_40",432810,"Parametric","",1,1,"",1,1,1,0,49,0,1.7024,***
"eFUSE_burn_readmargin","BANKB_READMARGIN_UNBLOWN_BIT_43",431880,"Parametric","",0,0,"",0,0,0,0,46,0,1.70147,***
"eFUSE_burn_readmargin","BANKB_UNBURN_BIT_43",432360,"Parametric","",0,0,"",0,0,0,0,46,0,1.70147,***
"eFUSE_burn_readmargin","BANKB_BIT_UNBLOWN_TRUE_43",432840,"Parametric","",1,1,"",1,1,1,0,46,0,1.70147,***
"POST_EFUSE_RESISTANCE","POST_BANKA_EFUSE_RESISTANCE_UNBLOWN_BIT43",490005,"Parametric","",65,200,"ohms",79.6,91,84,5.57494,47,0,3.03685,***
"POST_EFUSE_RESISTANCE","POST_BANKA_EFUSE_RESISTANCE_UNBLOWN_BIT40",490008,"Parametric","",65,200,"ohms",68.2,91,84.18,6.07857,50,0,3.03721,***
"POST_EFUSE_RESISTANCE","POST_BANKA_EFUSE_RESISTANCE_BLOWN_BIT39",590009,"Parametric","",3500,85000,"ohms",62514.2,71267.6,69555.8,1390.53,44,0,3.03586,***
"POST_EFUSE_RESISTANCE","POST_BANKA_EFUSE_RESISTANCE_BLOWN_BIT38",590010,"Parametric","",3500,85000,"ohms",68490.2,71290.4,69847.3,624.03,48,0,3.0369,***
"POST_EFUSE_RESISTANCE","POST_BANKA_EFUSE_RESISTANCE_BLOWN_BIT29",590019,"Parametric","",3500,85000,"ohms",68160,70994.4,69726.9,697.784,48,0,3.03611,***
"POST_EFUSE_RESISTANCE","POST_BANKA_EFUSE_RESISTANCE_BLOWN_BIT26",590022,"Parametric","",3500,85000,"ohms",67875.6,71290.4,69838.6,758.639,61,0,3.0385,***
"POST_EFUSE_RESISTANCE","POST_BANKA_EFUSE_RESISTANCE_UNBLOWN_BIT25",490023,"Parametric","",65,200,"ohms",79.6,91,83.8644,5.54971,59,0,3.03856,***
"POST_EFUSE_RESISTANCE","POST_BANKA_EFUSE_RESISTANCE_BLOWN_BIT11",590037,"Parametric","",3500,85000,"ohms",68626.6,71290.2,69824.1,607.499,48,0,3.03848,***
"POST_EFUSE_RESISTANCE","POST_BANKB_EFUSE_RESISTANCE_UNBLOWN_BIT43",490053,"Parametric","",65,200,"ohms",79.6,91,83.7362,5.52734,47,0,3.03685,***
"POST_EFUSE_RESISTANCE","POST_BANKB_EFUSE_RESISTANCE_UNBLOWN_BIT40",490056,"Parametric","",65,200,"ohms",68.4,91,82.588,5.53039,50,0,3.03721,***
"POST_EFUSE_RESISTANCE","POST_BANKB_EFUSE_RESISTANCE_BLOWN_BIT39",590057,"Parametric","",3500,85000,"ohms",54580.4,71313.2,69473.8,2391.55,44,0,3.03586,***
"POST_EFUSE_RESISTANCE","POST_BANKB_EFUSE_RESISTANCE_BLOWN_BIT38",590058,"Parametric","",3500,85000,"ohms",68524.4,71267.6,69863.9,613.109,48,0,3.0369,***
"POST_EFUSE_RESISTANCE","POST_BANKB_EFUSE_RESISTANCE_BLOWN_BIT29",590067,"Parametric","",3500,85000,"ohms",59828,71017.2,69638,1592.22,48,0,3.03611,***
"POST_EFUSE_RESISTANCE","POST_BANKB_EFUSE_RESISTANCE_BLOWN_BIT26",590070,"Parametric","",3500,85000,"ohms",68467.4,71142.2,69905.2,718.405,61,0,3.0385,***
"POST_EFUSE_RESISTANCE","POST_BANKB_EFUSE_RESISTANCE_UNBLOWN_BIT25",490071,"Parametric","",65,200,"ohms",68.2,91,84.4542,6.40429,59,0,3.03856,***
"POST_EFUSE_RESISTANCE","POST_BANKB_EFUSE_RESISTANCE_BLOWN_BIT11",590085,"Parametric","",3500,85000,"ohms",58621.2,71324.4,69617.6,1728.59,48,0,3.03848,***
"eFUSE_burn_readmargin","BANKA_READMARGIN_BLOWN_BIT_7",530080,"Parametric","",1,1,"",1,1,1,0,62,0,1.70151,***
"eFUSE_burn_readmargin","BANKA_BURN_BIT_7",530560,"Parametric","",1,1,"",1,1,1,0,62,0,1.70151,***
"eFUSE_burn_readmargin","BANKA_BIT_BLOWN_TRUE_7",531040,"Parametric","",1,1,"",1,1,1,0,62,0,1.70151,***
"eFUSE_burn_readmargin","BANKA_READMARGIN_BLOWN_BIT_8",530090,"Parametric","",1,1,"",1,1,1,0,45,0,1.69869,***
"eFUSE_burn_readmargin","BANKA_BURN_BIT_8",530570,"Parametric","",1,1,"",1,1,1,0,45,0,1.69869,***
"eFUSE_burn_readmargin","BANKA_BIT_BLOWN_TRUE_8",531050,"Parametric","",1,1,"",1,1,1,0,45,0,1.69869,***
"eFUSE_burn_readmargin","BANKA_READMARGIN_BLOWN_BIT_9",530100,"Parametric","",1,1,"",1,1,1,0,35,0,1.69796,***
"eFUSE_burn_readmargin","BANKA_BURN_BIT_9",530580,"Parametric","",1,1,"",1,1,1,0,35,0,1.69796,***
"eFUSE_burn_readmargin","BANKA_BIT_BLOWN_TRUE_9",531060,"Parametric","",1,1,"",1,1,1,0,35,0,1.69796,***
"eFUSE_burn_readmargin","BANKA_READMARGIN_UNBLOWN_BIT_10",430110,"Parametric","",0,0,"",0,0,0,0,35,0,1.69796,***
"eFUSE_burn_readmargin","BANKA_UNBURN_BIT_10",430590,"Parametric","",0,0,"",0,0,0,0,35,0,1.69796,***
"eFUSE_burn_readmargin","BANKA_BIT_UNBLOWN_TRUE_10",431070,"Parametric","",1,1,"",1,1,1,0,35,0,1.69796,***
"eFUSE_burn_readmargin","BANKA_READMARGIN_BLOWN_BIT_12",530130,"Parametric","",1,1,"",1,1,1,0,51,0,1.70323,***
"eFUSE_burn_readmargin","BANKA_BURN_BIT_12",530610,"Parametric","",1,1,"",1,1,1,0,51,0,1.70323,***
"eFUSE_burn_readmargin","BANKA_BIT_BLOWN_TRUE_12",531090,"Parametric","",1,1,"",1,1,1,0,51,0,1.70323,***
"eFUSE_burn_readmargin","BANKA_READMARGIN_UNBLOWN_BIT_15",430160,"Parametric","",0,0,"",0,0,0,0,12,0,1.69862,***
"eFUSE_burn_readmargin","BANKA_UNBURN_BIT_15",430640,"Parametric","",0,0,"",0,0,0,0,12,0,1.69862,***
"eFUSE_burn_readmargin","BANKA_BIT_UNBLOWN_TRUE_15",431120,"Parametric","",1,1,"",1,1,1,0,12,0,1.69862,***
"eFUSE_burn_readmargin","BANKB_READMARGIN_BLOWN_BIT_7",531520,"Parametric","",1,1,"",1,1,1,0,62,0,1.70151,***
"eFUSE_burn_readmargin","BANKB_BURN_BIT_7",532000,"Parametric","",1,1,"",1,1,1,0,62,0,1.70151,***
"eFUSE_burn_readmargin","BANKB_BIT_BLOWN_TRUE_7",532480,"Parametric","",1,1,"",1,1,1,0,62,0,1.70151,***
"eFUSE_burn_readmargin","BANKB_READMARGIN_BLOWN_BIT_8",531530,"Parametric","",1,1,"",1,1,1,0,45,0,1.69869,***
"eFUSE_burn_readmargin","BANKB_BURN_BIT_8",532010,"Parametric","",1,1,"",1,1,1,0,45,0,1.69869,***
"eFUSE_burn_readmargin","BANKB_BIT_BLOWN_TRUE_8",532490,"Parametric","",1,1,"",1,1,1,0,45,0,1.69869,***
"eFUSE_burn_readmargin","BANKB_READMARGIN_BLOWN_BIT_9",531540,"Parametric","",1,1,"",1,1,1,0,35,0,1.69796,***
"eFUSE_burn_readmargin","BANKB_BURN_BIT_9",532020,"Parametric","",1,1,"",1,1,1,0,35,0,1.69796,***
"eFUSE_burn_readmargin","BANKB_BIT_BLOWN_TRUE_9",532500,"Parametric","",1,1,"",1,1,1,0,35,0,1.69796,***
"eFUSE_burn_readmargin","BANKB_READMARGIN_UNBLOWN_BIT_10",431550,"Parametric","",0,0,"",0,0,0,0,35,0,1.69796,***
"eFUSE_burn_readmargin","BANKB_UNBURN_BIT_10",432030,"Parametric","",0,0,"",0,0,0,0,35,0,1.69796,***
"eFUSE_burn_readmargin","BANKB_BIT_UNBLOWN_TRUE_10",432510,"Parametric","",1,1,"",1,1,1,0,35,0,1.69796,***
"eFUSE_burn_readmargin","BANKB_READMARGIN_BLOWN_BIT_12",531570,"Parametric","",1,1,"",1,1,1,0,51,0,1.70323,***
"eFUSE_burn_readmargin","BANKB_BURN_BIT_12",532050,"Parametric","",1,1,"",1,1,1,0,51,0,1.70323,***
"eFUSE_burn_readmargin","BANKB_BIT_BLOWN_TRUE_12",532530,"Parametric","",1,1,"",1,1,1,0,51,0,1.70323,***
"eFUSE_burn_readmargin","BANKB_READMARGIN_UNBLOWN_BIT_15",431600,"Parametric","",0,0,"",0,0,0,0,12,0,1.69862,***
"eFUSE_burn_readmargin","BANKB_UNBURN_BIT_15",432080,"Parametric","",0,0,"",0,0,0,0,12,0,1.69862,***
"eFUSE_burn_readmargin","BANKB_BIT_UNBLOWN_TRUE_15",432560,"Parametric","",1,1,"",1,1,1,0,12,0,1.69862,***
"POST_EFUSE_RESISTANCE","POST_BANKA_EFUSE_RESISTANCE_UNBLOWN_BIT15",490033,"Parametric","",65,200,"ohms",79.6,91,83.4167,5.60095,12,0,3.03844,***
"POST_EFUSE_RESISTANCE","POST_BANKA_EFUSE_RESISTANCE_BLOWN_BIT12",590036,"Parametric","",3500,85000,"ohms",59998.6,71301.6,69596.1,1850.07,52,0,3.03922,***
"POST_EFUSE_RESISTANCE","POST_BANKA_EFUSE_RESISTANCE_UNBLOWN_BIT10",490038,"Parametric","",65,200,"ohms",79.6,91,82.9892,5.28246,37,0,3.03317,***
"POST_EFUSE_RESISTANCE","POST_BANKA_EFUSE_RESISTANCE_BLOWN_BIT9",590039,"Parametric","",3500,85000,"ohms",68820.2,71301.6,70107.5,647.015,37,0,3.03317,***
"POST_EFUSE_RESISTANCE","POST_BANKA_EFUSE_RESISTANCE_BLOWN_BIT8",590040,"Parametric","",3500,85000,"ohms",67647.8,71279,69776.2,829.682,47,0,3.03409,***
"POST_EFUSE_RESISTANCE","POST_BANKA_EFUSE_RESISTANCE_BLOWN_BIT7",590041,"Parametric","",3500,85000,"ohms",68820.2,71301.6,69957.5,635.738,64,0,3.03636,***
"POST_EFUSE_RESISTANCE","POST_BANKB_EFUSE_RESISTANCE_UNBLOWN_BIT15",490081,"Parametric","",65,200,"ohms",79.6,91,84.3667,5.85574,12,0,3.03844,***
"POST_EFUSE_RESISTANCE","POST_BANKB_EFUSE_RESISTANCE_BLOWN_BIT12",590084,"Parametric","",3500,85000,"ohms",68478.8,71313,69946.5,714.078,52,0,3.03922,***
"POST_EFUSE_RESISTANCE","POST_BANKB_EFUSE_RESISTANCE_UNBLOWN_BIT10",490086,"Parametric","",65,200,"ohms",68.2,91,83.3027,6.03741,37,0,3.03317,***
"POST_EFUSE_RESISTANCE","POST_BANKB_EFUSE_RESISTANCE_BLOWN_BIT9",590087,"Parametric","",3500,85000,"ohms",62161.4,71301.8,69879.8,1452.99,37,0,3.03317,***
"POST_EFUSE_RESISTANCE","POST_BANKB_EFUSE_RESISTANCE_BLOWN_BIT8",590088,"Parametric","",3500,85000,"ohms",68444.6,71324.6,69885.9,766.102,47,0,3.03409,***
"POST_EFUSE_RESISTANCE","POST_BANKB_EFUSE_RESISTANCE_BLOWN_BIT7",590089,"Parametric","",3500,85000,"ohms",47625.6,71324.6,69590.6,2865.21,64,0,3.03636,***
"eFUSE_burn_readmargin","BANKA_READMARGIN_UNBLOWN_BIT_24",430250,"Parametric","",0,0,"",0,0,0,0,33,0,1.70337,***
"eFUSE_burn_readmargin","BANKA_UNBURN_BIT_24",430730,"Parametric","",0,0,"",0,0,0,0,33,0,1.70337,***
"eFUSE_burn_readmargin","BANKA_BIT_UNBLOWN_TRUE_24",431210,"Parametric","",1,1,"",1,1,1,0,33,0,1.70337,***
"eFUSE_burn_readmargin","BANKA_READMARGIN_BLOWN_BIT_44",530450,"Parametric","",1,1,"",1,1,1,0,45,0,1.70149,***
"eFUSE_burn_readmargin","BANKA_BURN_BIT_44",530930,"Parametric","",1,1,"",1,1,1,0,45,0,1.70149,***
"eFUSE_burn_readmargin","BANKA_BIT_BLOWN_TRUE_44",531410,"Parametric","",1,1,"",1,1,1,0,45,0,1.70149,***
"eFUSE_burn_readmargin","BANKB_READMARGIN_UNBLOWN_BIT_24",431690,"Parametric","",0,0,"",0,0,0,0,33,0,1.70337,***
"eFUSE_burn_readmargin","BANKB_UNBURN_BIT_24",432170,"Parametric","",0,0,"",0,0,0,0,33,0,1.70337,***
"eFUSE_burn_readmargin","BANKB_BIT_UNBLOWN_TRUE_24",432650,"Parametric","",1,1,"",1,1,1,0,33,0,1.70337,***
"eFUSE_burn_readmargin","BANKB_READMARGIN_BLOWN_BIT_44",531890,"Parametric","",1,1,"",1,1,1,0,45,0,1.70149,***
"eFUSE_burn_readmargin","BANKB_BURN_BIT_44",532370,"Parametric","",1,1,"",1,1,1,0,45,0,1.70149,***
"eFUSE_burn_readmargin","BANKB_BIT_BLOWN_TRUE_44",532850,"Parametric","",1,1,"",1,1,1,0,45,0,1.70149,***
"POST_EFUSE_RESISTANCE","POST_BANKA_EFUSE_RESISTANCE_BLOWN_BIT44",590004,"Parametric","",3500,85000,"ohms",68376.4,70880.6,69813.8,675.66,46,0,3.03759,***
"POST_EFUSE_RESISTANCE","POST_BANKA_EFUSE_RESISTANCE_UNBLOWN_BIT24",490024,"Parametric","",65,200,"ohms",68.2,91,82.3758,5.71572,33,0,3.03783,***
"POST_EFUSE_RESISTANCE","POST_BANKB_EFUSE_RESISTANCE_BLOWN_BIT44",590052,"Parametric","",3500,85000,"ohms",67966.6,70914.8,69797,687.287,46,0,3.03759,***
"POST_EFUSE_RESISTANCE","POST_BANKB_EFUSE_RESISTANCE_UNBLOWN_BIT24",490072,"Parametric","",65,200,"ohms",79.6,91,84.103,5.64693,33,0,3.03783,***
"eFUSE_burn_readmargin","BANKA_READMARGIN_BLOWN_BIT_30",530310,"Parametric","",1,1,"",1,1,1,0,44,0,1.70261,***
"eFUSE_burn_readmargin","BANKA_BURN_BIT_30",530790,"Parametric","",1,1,"",1,1,1,0,44,0,1.70261,***
"eFUSE_burn_readmargin","BANKA_BIT_BLOWN_TRUE_30",531270,"Parametric","",1,1,"",1,1,1,0,44,0,1.70261,***
"eFUSE_burn_readmargin","BANKB_READMARGIN_BLOWN_BIT_30",531750,"Parametric","",1,1,"",1,1,1,0,44,0,1.70261,***
"eFUSE_burn_readmargin","BANKB_BURN_BIT_30",532230,"Parametric","",1,1,"",1,1,1,0,44,0,1.70261,***
"eFUSE_burn_readmargin","BANKB_BIT_BLOWN_TRUE_30",532710,"Parametric","",1,1,"",1,1,1,0,44,0,1.70261,***
"POST_EFUSE_RESISTANCE","POST_BANKA_EFUSE_RESISTANCE_BLOWN_BIT30",590018,"Parametric","",3500,85000,"ohms",68433.2,71290.4,69975.2,725.899,46,0,3.03834,***
"POST_EFUSE_RESISTANCE","POST_BANKB_EFUSE_RESISTANCE_BLOWN_BIT30",590066,"Parametric","",3500,85000,"ohms",68456,71324.6,70002.1,723.785,46,0,3.03834,***
"eFUSE_burn_readmargin","BANKA_READMARGIN_UNBLOWN_BIT_31",430320,"Parametric","",0,0,"",0,0,0,0,23,0,1.70434,***
"eFUSE_burn_readmargin","BANKA_UNBURN_BIT_31",430800,"Parametric","",0,0,"",0,0,0,0,23,0,1.70434,***
"eFUSE_burn_readmargin","BANKA_BIT_UNBLOWN_TRUE_31",431280,"Parametric","",1,1,"",1,1,1,0,23,0,1.70434,***
"eFUSE_burn_readmargin","BANKA_READMARGIN_BLOWN_BIT_33",530340,"Parametric","",1,1,"",1,1,1,0,35,0,1.70307,***
"eFUSE_burn_readmargin","BANKA_BURN_BIT_33",530820,"Parametric","",1,1,"",1,1,1,0,35,0,1.70307,***
"eFUSE_burn_readmargin","BANKA_BIT_BLOWN_TRUE_33",531300,"Parametric","",1,1,"",1,1,1,0,35,0,1.70307,***
"eFUSE_burn_readmargin","BANKB_READMARGIN_UNBLOWN_BIT_31",431760,"Parametric","",0,0,"",0,0,0,0,23,0,1.70434,***
"eFUSE_burn_readmargin","BANKB_UNBURN_BIT_31",432240,"Parametric","",0,0,"",0,0,0,0,23,0,1.70434,***
"eFUSE_burn_readmargin","BANKB_BIT_UNBLOWN_TRUE_31",432720,"Parametric","",1,1,"",1,1,1,0,23,0,1.70434,***
"eFUSE_burn_readmargin","BANKB_READMARGIN_BLOWN_BIT_33",531780,"Parametric","",1,1,"",1,1,1,0,35,0,1.70307,***
"eFUSE_burn_readmargin","BANKB_BURN_BIT_33",532260,"Parametric","",1,1,"",1,1,1,0,35,0,1.70307,***
"eFUSE_burn_readmargin","BANKB_BIT_BLOWN_TRUE_33",532740,"Parametric","",1,1,"",1,1,1,0,35,0,1.70307,***
"POST_EFUSE_RESISTANCE","POST_BANKA_EFUSE_RESISTANCE_BLOWN_BIT33",590015,"Parametric","",3500,85000,"ohms",65257.4,70869.2,69482.1,961.554,36,0,3.03684,***
"POST_EFUSE_RESISTANCE","POST_BANKA_EFUSE_RESISTANCE_UNBLOWN_BIT31",490017,"Parametric","",65,200,"ohms",79.6,91,83.248,5.42749,25,0,3.03355,***
"POST_EFUSE_RESISTANCE","POST_BANKB_EFUSE_RESISTANCE_BLOWN_BIT33",590063,"Parametric","",3500,85000,"ohms",68467.4,70892,69608.5,640.714,36,0,3.03684,***
"POST_EFUSE_RESISTANCE","POST_BANKB_EFUSE_RESISTANCE_UNBLOWN_BIT31",490065,"Parametric","",65,200,"ohms",68.4,91,82.8,6.15467,25,0,3.03355,***
"eFUSE_burn_readmargin","BANKA_READMARGIN_BLOWN_BIT_13",530140,"Parametric","",1,1,"",1,1,1,0,7,0,1.70343,***
"eFUSE_burn_readmargin","BANKA_BURN_BIT_13",530620,"Parametric","",1,1,"",1,1,1,0,7,0,1.70343,***
"eFUSE_burn_readmargin","BANKA_BIT_BLOWN_TRUE_13",531100,"Parametric","",1,1,"",1,1,1,0,7,0,1.70343,***
"eFUSE_burn_readmargin","BANKA_READMARGIN_UNBLOWN_BIT_14",430150,"Parametric","",0,0,"",0,0,0,0,3,0,1.70353,***
"eFUSE_burn_readmargin","BANKA_UNBURN_BIT_14",430630,"Parametric","",0,0,"",0,0,0,0,3,0,1.70353,***
"eFUSE_burn_readmargin","BANKA_BIT_UNBLOWN_TRUE_14",431110,"Parametric","",1,1,"",1,1,1,0,3,0,1.70353,***
"eFUSE_burn_readmargin","BANKB_READMARGIN_BLOWN_BIT_13",531580,"Parametric","",1,1,"",1,1,1,0,7,0,1.70343,***
"eFUSE_burn_readmargin","BANKB_BURN_BIT_13",532060,"Parametric","",1,1,"",1,1,1,0,7,0,1.70343,***
"eFUSE_burn_readmargin","BANKB_BIT_BLOWN_TRUE_13",532540,"Parametric","",1,1,"",1,1,1,0,7,0,1.70343,***
"eFUSE_burn_readmargin","BANKB_READMARGIN_UNBLOWN_BIT_14",431590,"Parametric","",0,0,"",0,0,0,0,3,0,1.70353,***
"eFUSE_burn_readmargin","BANKB_UNBURN_BIT_14",432070,"Parametric","",0,0,"",0,0,0,0,3,0,1.70353,***
"eFUSE_burn_readmargin","BANKB_BIT_UNBLOWN_TRUE_14",432550,"Parametric","",1,1,"",1,1,1,0,3,0,1.70353,***
"POST_EFUSE_RESISTANCE","POST_BANKA_EFUSE_RESISTANCE_UNBLOWN_BIT14",490034,"Parametric","",65,200,"ohms",79.6,91,87.2,6.58179,3,0,3.03782,***
"POST_EFUSE_RESISTANCE","POST_BANKA_EFUSE_RESISTANCE_BLOWN_BIT13",590035,"Parametric","",3500,85000,"ohms",68513,70175,69288.6,547.187,7,0,3.03991,***
"POST_EFUSE_RESISTANCE","POST_BANKB_EFUSE_RESISTANCE_UNBLOWN_BIT14",490082,"Parametric","",65,200,"ohms",79.6,91,87.2,6.58179,3,0,3.03782,***
"POST_EFUSE_RESISTANCE","POST_BANKB_EFUSE_RESISTANCE_BLOWN_BIT13",590083,"Parametric","",3500,85000,"ohms",68547,69992.6,69278.8,493.871,7,0,3.03991,***
"eFUSE_burn_readmargin","BANKA_READMARGIN_BLOWN_BIT_34",530350,"Parametric","",1,1,"",1,1,1,0,31,0,1.70341,***
"eFUSE_burn_readmargin","BANKA_BURN_BIT_34",530830,"Parametric","",1,1,"",1,1,1,0,31,0,1.70341,***
"eFUSE_burn_readmargin","BANKA_BIT_BLOWN_TRUE_34",531310,"Parametric","",1,1,"",1,1,1,0,31,0,1.70341,***
"eFUSE_burn_readmargin","BANKA_READMARGIN_BLOWN_BIT_35",530360,"Parametric","",1,1,"",1,1,1,0,31,0,1.70341,***
"eFUSE_burn_readmargin","BANKA_BURN_BIT_35",530840,"Parametric","",1,1,"",1,1,1,0,31,0,1.70341,***
"eFUSE_burn_readmargin","BANKA_BIT_BLOWN_TRUE_35",531320,"Parametric","",1,1,"",1,1,1,0,31,0,1.70341,***
"eFUSE_burn_readmargin","BANKA_READMARGIN_UNBLOWN_BIT_36",430370,"Parametric","",0,0,"",0,0,0,0,31,0,1.70341,***
"eFUSE_burn_readmargin","BANKA_UNBURN_BIT_36",430850,"Parametric","",0,0,"",0,0,0,0,31,0,1.70341,***
"eFUSE_burn_readmargin","BANKA_BIT_UNBLOWN_TRUE_36",431330,"Parametric","",1,1,"",1,1,1,0,31,0,1.70341,***
"eFUSE_burn_readmargin","BANKB_READMARGIN_BLOWN_BIT_34",531790,"Parametric","",1,1,"",1,1,1,0,31,0,1.70341,***
"eFUSE_burn_readmargin","BANKB_BURN_BIT_34",532270,"Parametric","",1,1,"",1,1,1,0,31,0,1.70341,***
"eFUSE_burn_readmargin","BANKB_BIT_BLOWN_TRUE_34",532750,"Parametric","",1,1,"",1,1,1,0,31,0,1.70341,***
"eFUSE_burn_readmargin","BANKB_READMARGIN_BLOWN_BIT_35",531800,"Parametric","",1,1,"",1,1,1,0,31,0,1.70341,***
"eFUSE_burn_readmargin","BANKB_BURN_BIT_35",532280,"Parametric","",1,1,"",1,1,1,0,31,0,1.70341,***
"eFUSE_burn_readmargin","BANKB_BIT_BLOWN_TRUE_35",532760,"Parametric","",1,1,"",1,1,1,0,31,0,1.70341,***
"eFUSE_burn_readmargin","BANKB_READMARGIN_UNBLOWN_BIT_36",431810,"Parametric","",0,0,"",0,0,0,0,31,0,1.70341,***
"eFUSE_burn_readmargin","BANKB_UNBURN_BIT_36",432290,"Parametric","",0,0,"",0,0,0,0,31,0,1.70341,***
"eFUSE_burn_readmargin","BANKB_BIT_UNBLOWN_TRUE_36",432770,"Parametric","",1,1,"",1,1,1,0,31,0,1.70341,***
"POST_EFUSE_RESISTANCE","POST_BANKA_EFUSE_RESISTANCE_UNBLOWN_BIT36",490012,"Parametric","",65,200,"ohms",79.6,91,81.8258,4.5691,31,0,3.03961,***
"POST_EFUSE_RESISTANCE","POST_BANKA_EFUSE_RESISTANCE_BLOWN_BIT35",590013,"Parametric","",3500,85000,"ohms",68421.8,70482.2,69461,586.129,31,0,3.03961,***
"POST_EFUSE_RESISTANCE","POST_BANKA_EFUSE_RESISTANCE_BLOWN_BIT34",590014,"Parametric","",3500,85000,"ohms",68433.2,70482.2,69462.9,585.763,31,0,3.03961,***
"POST_EFUSE_RESISTANCE","POST_BANKB_EFUSE_RESISTANCE_UNBLOWN_BIT36",490060,"Parametric","",65,200,"ohms",79.6,91,82.5806,5.04813,31,0,3.03961,***
"POST_EFUSE_RESISTANCE","POST_BANKB_EFUSE_RESISTANCE_BLOWN_BIT35",590061,"Parametric","",3500,85000,"ohms",68456.2,70516.4,69494.1,584.348,31,0,3.03961,***
"POST_EFUSE_RESISTANCE","POST_BANKB_EFUSE_RESISTANCE_BLOWN_BIT34",590062,"Parametric","",3500,85000,"ohms",68467.4,70516.4,69493.7,584.132,31,0,3.03961,***
"eFUSE_burn_readmargin","BANKA_READMARGIN_BLOWN_BIT_32",530330,"Parametric","",1,1,"",1,1,1,0,13,0,1.7076,***
"eFUSE_burn_readmargin","BANKA_BURN_BIT_32",530810,"Parametric","",1,1,"",1,1,1,0,13,0,1.7076,***
"eFUSE_burn_readmargin","BANKA_BIT_BLOWN_TRUE_32",531290,"Parametric","",1,1,"",1,1,1,0,13,0,1.7076,***
"eFUSE_burn_readmargin","BANKB_READMARGIN_BLOWN_BIT_32",531770,"Parametric","",1,1,"",1,1,1,0,13,0,1.7076,***
"eFUSE_burn_readmargin","BANKB_BURN_BIT_32",532250,"Parametric","",1,1,"",1,1,1,0,13,0,1.7076,***
"eFUSE_burn_readmargin","BANKB_BIT_BLOWN_TRUE_32",532730,"Parametric","",1,1,"",1,1,1,0,13,0,1.7076,***
"POST_EFUSE_RESISTANCE","POST_BANKA_EFUSE_RESISTANCE_BLOWN_BIT32",590016,"Parametric","",3500,85000,"ohms",67738.8,70470.8,69349.1,646.911,13,0,3.03656,***
"POST_EFUSE_RESISTANCE","POST_BANKB_EFUSE_RESISTANCE_BLOWN_BIT32",590064,"Parametric","",3500,85000,"ohms",68888.6,70505,69534.8,433.078,13,0,3.03656,***
"eFUSE_burn_readmargin","BANKA_READMARGIN_UNBLOWN_BIT_41",430420,"Parametric","",0,0,"",0,0,0,0,19,0,1.70222,***
"eFUSE_burn_readmargin","BANKA_UNBURN_BIT_41",430900,"Parametric","",0,0,"",0,0,0,0,19,0,1.70222,***
"eFUSE_burn_readmargin","BANKA_BIT_UNBLOWN_TRUE_41",431380,"Parametric","",1,1,"",1,1,1,0,19,0,1.70222,***
"eFUSE_burn_readmargin","BANKA_READMARGIN_UNBLOWN_BIT_42",430430,"Parametric","",0,0,"",0,0,0,0,8,0,1.69681,***
"eFUSE_burn_readmargin","BANKA_UNBURN_BIT_42",430910,"Parametric","",0,0,"",0,0,0,0,8,0,1.69681,***
"eFUSE_burn_readmargin","BANKA_BIT_UNBLOWN_TRUE_42",431390,"Parametric","",1,1,"",1,1,1,0,8,0,1.69681,***
"eFUSE_burn_readmargin","BANKB_READMARGIN_UNBLOWN_BIT_41",431860,"Parametric","",0,0,"",0,0,0,0,19,0,1.70222,***
"eFUSE_burn_readmargin","BANKB_UNBURN_BIT_41",432340,"Parametric","",0,0,"",0,0,0,0,19,0,1.70222,***
"eFUSE_burn_readmargin","BANKB_BIT_UNBLOWN_TRUE_41",432820,"Parametric","",1,1,"",1,1,1,0,19,0,1.70222,***
"eFUSE_burn_readmargin","BANKB_READMARGIN_UNBLOWN_BIT_42",431870,"Parametric","",0,0,"",0,0,0,0,8,0,1.69681,***
"eFUSE_burn_readmargin","BANKB_UNBURN_BIT_42",432350,"Parametric","",0,0,"",0,0,0,0,8,0,1.69681,***
"eFUSE_burn_readmargin","BANKB_BIT_UNBLOWN_TRUE_42",432830,"Parametric","",1,1,"",1,1,1,0,8,0,1.69681,***
"POST_EFUSE_RESISTANCE","POST_BANKA_EFUSE_RESISTANCE_UNBLOWN_BIT42",490006,"Parametric","",65,200,"ohms",79.6,91,80.8667,3.8,9,0,3.03467,***
"POST_EFUSE_RESISTANCE","POST_BANKA_EFUSE_RESISTANCE_UNBLOWN_BIT41",490007,"Parametric","",65,200,"ohms",79.6,91,80.78,3.4961,20,0,3.03903,***
"POST_EFUSE_RESISTANCE","POST_BANKB_EFUSE_RESISTANCE_UNBLOWN_BIT42",490054,"Parametric","",65,200,"ohms",79.6,91,82.1333,5.02693,9,0,3.03467,***
"POST_EFUSE_RESISTANCE","POST_BANKB_EFUSE_RESISTANCE_UNBLOWN_BIT41",490055,"Parametric","",65,200,"ohms",79.6,91,83.05,5.34017,20,0,3.03903,***
"eFUSE_burn_readmargin","BANKA_READMARGIN_BLOWN_BIT_45",530460,"Parametric","",1,1,"",1,1,1,0,8,0,1.70161,***
"eFUSE_burn_readmargin","BANKA_BURN_BIT_45",530940,"Parametric","",1,1,"",1,1,1,0,8,0,1.70161,***
"eFUSE_burn_readmargin","BANKA_BIT_BLOWN_TRUE_45",531420,"Parametric","",1,1,"",1,1,1,0,8,0,1.70161,***
"eFUSE_burn_readmargin","BANKA_READMARGIN_UNBLOWN_BIT_46",430470,"Parametric","",0,0,"",0,0,0,0,3,0,1.71001,***
"eFUSE_burn_readmargin","BANKA_UNBURN_BIT_46",430950,"Parametric","",0,0,"",0,0,0,0,3,0,1.71001,***
"eFUSE_burn_readmargin","BANKA_BIT_UNBLOWN_TRUE_46",431430,"Parametric","",1,1,"",1,1,1,0,3,0,1.71001,***
"eFUSE_burn_readmargin","BANKB_READMARGIN_BLOWN_BIT_45",531900,"Parametric","",1,1,"",1,1,1,0,8,0,1.70161,***
"eFUSE_burn_readmargin","BANKB_BURN_BIT_45",532380,"Parametric","",1,1,"",1,1,1,0,8,0,1.70161,***
"eFUSE_burn_readmargin","BANKB_BIT_BLOWN_TRUE_45",532860,"Parametric","",1,1,"",1,1,1,0,8,0,1.70161,***
"eFUSE_burn_readmargin","BANKB_READMARGIN_UNBLOWN_BIT_46",431910,"Parametric","",0,0,"",0,0,0,0,3,0,1.71001,***
"eFUSE_burn_readmargin","BANKB_UNBURN_BIT_46",432390,"Parametric","",0,0,"",0,0,0,0,3,0,1.71001,***
"eFUSE_burn_readmargin","BANKB_BIT_UNBLOWN_TRUE_46",432870,"Parametric","",1,1,"",1,1,1,0,3,0,1.71001,***
"POST_EFUSE_RESISTANCE","POST_BANKA_EFUSE_RESISTANCE_UNBLOWN_BIT46",490002,"Parametric","",65,200,"ohms",79.6,91,83.4,6.58179,3,0,3.03496,***
"POST_EFUSE_RESISTANCE","POST_BANKA_EFUSE_RESISTANCE_BLOWN_BIT45",590003,"Parametric","",3500,85000,"ohms",69241.4,70835.2,70168.5,526.158,9,0,3.02734,***
"POST_EFUSE_RESISTANCE","POST_BANKB_EFUSE_RESISTANCE_UNBLOWN_BIT46",490050,"Parametric","",65,200,"ohms",79.8,91,87.2667,6.46632,3,0,3.03496,***
"POST_EFUSE_RESISTANCE","POST_BANKB_EFUSE_RESISTANCE_BLOWN_BIT45",590051,"Parametric","",3500,85000,"ohms",69275.6,70914.8,70257.1,597.617,9,0,3.02734,***