Testflow,Test Suite,Test Method,Test,Test#,Pattern,Wafer,Site,Pin,Device,Device ID,Part ID,Part Txt,Lower,LS,Value,Unit,US,Upper,P/F,Time,TS Time,Print To Data Log
1,"A244_DPS_CONNECT","dc_tml.DcTest.DpsConnectivity","DPS_ForceSense",***,"",0,1,"VCC_PIN20",1,"P1","","",***,"NA",0,"","NA",***,"P",37.366,39.967,""
1,"A244_OPENS","dc_tml.DcTest.GeneralPMU","passLimit_uA_mV",24410000,"",0,1,"PIN1",1,"P1","","",-0.8,"<=",-0.395361,"V","<=",-0.1,"P",20.279,25.644,""
1,"A244_OPENS","dc_tml.DcTest.GeneralPMU","passLimit_uA_mV",24410000,"",0,1,"PIN11",1,"P1","","",-0.8,"<=",-0.394979,"V","<=",-0.1,"P",20.279,25.644,""
1,"A244_OPENS","dc_tml.DcTest.GeneralPMU","passLimit_uA_mV",24410000,"",0,1,"PIN12",1,"P1","","",-0.8,"<=",-0.395537,"V","<=",-0.1,"P",20.279,25.644,""
1,"A244_OPENS","dc_tml.DcTest.GeneralPMU","passLimit_uA_mV",24410000,"",0,1,"PIN13",1,"P1","","",-0.8,"<=",-0.395377,"V","<=",-0.1,"P",20.279,25.644,""
1,"A244_OPENS","dc_tml.DcTest.GeneralPMU","passLimit_uA_mV",24410000,"",0,1,"PIN14",1,"P1","","",-0.8,"<=",-0.395036,"V","<=",-0.1,"P",20.279,25.644,""
1,"A244_OPENS","dc_tml.DcTest.GeneralPMU","passLimit_uA_mV",24410000,"",0,1,"PIN15",1,"P1","","",-0.8,"<=",-0.395673,"V","<=",-0.1,"P",20.279,25.644,""
1,"A244_OPENS","dc_tml.DcTest.GeneralPMU","passLimit_uA_mV",24410000,"",0,1,"PIN16",1,"P1","","",-0.8,"<=",-0.39609,"V","<=",-0.1,"P",20.279,25.644,""
1,"A244_OPENS","dc_tml.DcTest.GeneralPMU","passLimit_uA_mV",24410000,"",0,1,"PIN17",1,"P1","","",-0.8,"<=",-0.395759,"V","<=",-0.1,"P",20.279,25.644,""
1,"A244_OPENS","dc_tml.DcTest.GeneralPMU","passLimit_uA_mV",24410000,"",0,1,"PIN18",1,"P1","","",-0.8,"<=",-0.395965,"V","<=",-0.1,"P",20.279,25.644,""
1,"A244_OPENS","dc_tml.DcTest.GeneralPMU","passLimit_uA_mV",24410000,"",0,1,"PIN19",1,"P1","","",-0.8,"<=",-0.396306,"V","<=",-0.1,"P",20.279,25.644,""
1,"A244_OPENS","dc_tml.DcTest.GeneralPMU","passLimit_uA_mV",24410000,"",0,1,"PIN2",1,"P1","","",-0.8,"<=",-0.396044,"V","<=",-0.1,"P",20.279,25.644,""
1,"A244_OPENS","dc_tml.DcTest.GeneralPMU","passLimit_uA_mV",24410000,"",0,1,"PIN3",1,"P1","","",-0.8,"<=",-0.395589,"V","<=",-0.1,"P",20.279,25.644,""
1,"A244_OPENS","dc_tml.DcTest.GeneralPMU","passLimit_uA_mV",24410000,"",0,1,"PIN4",1,"P1","","",-0.8,"<=",-0.395429,"V","<=",-0.1,"P",20.279,25.644,""
1,"A244_OPENS","dc_tml.DcTest.GeneralPMU","passLimit_uA_mV",24410000,"",0,1,"PIN5",1,"P1","","",-0.8,"<=",-0.395577,"V","<=",-0.1,"P",20.279,25.644,""
1,"A244_OPENS","dc_tml.DcTest.GeneralPMU","passLimit_uA_mV",24410000,"",0,1,"PIN6",1,"P1","","",-0.8,"<=",-0.394911,"V","<=",-0.1,"P",20.279,25.644,""
1,"A244_OPENS","dc_tml.DcTest.GeneralPMU","passLimit_uA_mV",24410000,"",0,1,"PIN7",1,"P1","","",-0.8,"<=",-0.395207,"V","<=",-0.1,"P",20.279,25.644,""
1,"A244_OPENS","dc_tml.DcTest.GeneralPMU","passLimit_uA_mV",24410000,"",0,1,"PIN8",1,"P1","","",-0.8,"<=",-0.395537,"V","<=",-0.1,"P",20.279,25.644,""
1,"A244_OPENS","dc_tml.DcTest.GeneralPMU","passLimit_uA_mV",24410000,"",0,1,"PIN9",1,"P1","","",-0.8,"<=",-0.395992,"V","<=",-0.1,"P",20.279,25.644,""
1,"A244_SHORTS","dc_tml.DcTest.GeneralPMU","passLimit_uA_mV",24410024,"",0,1,"PIN1",1,"P1","","",-0.8,"<=",-0.395418,"V","<=",-0.1,"P",11.25,16.877,""
1,"A244_SHORTS","dc_tml.DcTest.GeneralPMU","passLimit_uA_mV",24410024,"",0,1,"PIN11",1,"P1","","",-0.8,"<=",-0.394922,"V","<=",-0.1,"P",11.25,16.877,""
1,"A244_SHORTS","dc_tml.DcTest.GeneralPMU","passLimit_uA_mV",24410024,"",0,1,"PIN12",1,"P1","","",-0.8,"<=",-0.395537,"V","<=",-0.1,"P",11.25,16.877,""
1,"A244_SHORTS","dc_tml.DcTest.GeneralPMU","passLimit_uA_mV",24410024,"",0,1,"PIN13",1,"P1","","",-0.8,"<=",-0.395434,"V","<=",-0.1,"P",11.25,16.877,""
1,"A244_SHORTS","dc_tml.DcTest.GeneralPMU","passLimit_uA_mV",24410024,"",0,1,"PIN14",1,"P1","","",-0.8,"<=",-0.394979,"V","<=",-0.1,"P",11.25,16.877,""
1,"A244_SHORTS","dc_tml.DcTest.GeneralPMU","passLimit_uA_mV",24410024,"",0,1,"PIN15",1,"P1","","",-0.8,"<=",-0.395673,"V","<=",-0.1,"P",11.25,16.877,""
1,"A244_SHORTS","dc_tml.DcTest.GeneralPMU","passLimit_uA_mV",24410024,"",0,1,"PIN16",1,"P1","","",-0.8,"<=",-0.395976,"V","<=",-0.1,"P",11.25,16.877,""
1,"A244_SHORTS","dc_tml.DcTest.GeneralPMU","passLimit_uA_mV",24410024,"",0,1,"PIN17",1,"P1","","",-0.8,"<=",-0.395873,"V","<=",-0.1,"P",11.25,16.877,""
1,"A244_SHORTS","dc_tml.DcTest.GeneralPMU","passLimit_uA_mV",24410024,"",0,1,"PIN18",1,"P1","","",-0.8,"<=",-0.395965,"V","<=",-0.1,"P",11.25,16.877,""
1,"A244_SHORTS","dc_tml.DcTest.GeneralPMU","passLimit_uA_mV",24410024,"",0,1,"PIN19",1,"P1","","",-0.8,"<=",-0.396306,"V","<=",-0.1,"P",11.25,16.877,""
1,"A244_SHORTS","dc_tml.DcTest.GeneralPMU","passLimit_uA_mV",24410024,"",0,1,"PIN2",1,"P1","","",-0.8,"<=",-0.396044,"V","<=",-0.1,"P",11.25,16.877,""
1,"A244_SHORTS","dc_tml.DcTest.GeneralPMU","passLimit_uA_mV",24410024,"",0,1,"PIN3",1,"P1","","",-0.8,"<=",-0.395418,"V","<=",-0.1,"P",11.25,16.877,""
1,"A244_SHORTS","dc_tml.DcTest.GeneralPMU","passLimit_uA_mV",24410024,"",0,1,"PIN4",1,"P1","","",-0.8,"<=",-0.395486,"V","<=",-0.1,"P",11.25,16.877,""
1,"A244_SHORTS","dc_tml.DcTest.GeneralPMU","passLimit_uA_mV",24410024,"",0,1,"PIN5",1,"P1","","",-0.8,"<=",-0.39552,"V","<=",-0.1,"P",11.25,16.877,""
1,"A244_SHORTS","dc_tml.DcTest.GeneralPMU","passLimit_uA_mV",24410024,"",0,1,"PIN6",1,"P1","","",-0.8,"<=",-0.394911,"V","<=",-0.1,"P",11.25,16.877,""
1,"A244_SHORTS","dc_tml.DcTest.GeneralPMU","passLimit_uA_mV",24410024,"",0,1,"PIN7",1,"P1","","",-0.8,"<=",-0.395207,"V","<=",-0.1,"P",11.25,16.877,""
1,"A244_SHORTS","dc_tml.DcTest.GeneralPMU","passLimit_uA_mV",24410024,"",0,1,"PIN8",1,"P1","","",-0.8,"<=",-0.395537,"V","<=",-0.1,"P",11.25,16.877,""
1,"A244_SHORTS","dc_tml.DcTest.GeneralPMU","passLimit_uA_mV",24410024,"",0,1,"PIN9",1,"P1","","",-0.8,"<=",-0.395992,"V","<=",-0.1,"P",11.25,16.877,""
1,"A244_OPENS_C","dc_tml.DcTest.GeneralPMU","passLimit_uA_mV",24410010,"",0,1,"PIN1",1,"P1","","",-0.8,"<=",-0.395361,"V","<=",-0.1,"P",11.726,16.778,""
1,"A244_OPENS_C","dc_tml.DcTest.GeneralPMU","passLimit_uA_mV",24410010,"",0,1,"PIN11",1,"P1","","",-0.8,"<=",-0.394979,"V","<=",-0.1,"P",11.726,16.778,""
1,"A244_OPENS_C","dc_tml.DcTest.GeneralPMU","passLimit_uA_mV",24410010,"",0,1,"PIN12",1,"P1","","",-0.8,"<=",-0.395537,"V","<=",-0.1,"P",11.726,16.778,""
1,"A244_OPENS_C","dc_tml.DcTest.GeneralPMU","passLimit_uA_mV",24410010,"",0,1,"PIN13",1,"P1","","",-0.8,"<=",-0.395377,"V","<=",-0.1,"P",11.726,16.778,""
1,"A244_OPENS_C","dc_tml.DcTest.GeneralPMU","passLimit_uA_mV",24410010,"",0,1,"PIN14",1,"P1","","",-0.8,"<=",-0.395036,"V","<=",-0.1,"P",11.726,16.778,""
1,"A244_OPENS_C","dc_tml.DcTest.GeneralPMU","passLimit_uA_mV",24410010,"",0,1,"PIN15",1,"P1","","",-0.8,"<=",-0.395673,"V","<=",-0.1,"P",11.726,16.778,""
1,"A244_OPENS_C","dc_tml.DcTest.GeneralPMU","passLimit_uA_mV",24410010,"",0,1,"PIN16",1,"P1","","",-0.8,"<=",-0.396147,"V","<=",-0.1,"P",11.726,16.778,""
1,"A244_OPENS_C","dc_tml.DcTest.GeneralPMU","passLimit_uA_mV",24410010,"",0,1,"PIN17",1,"P1","","",-0.8,"<=",-0.395759,"V","<=",-0.1,"P",11.726,16.778,""
1,"A244_OPENS_C","dc_tml.DcTest.GeneralPMU","passLimit_uA_mV",24410010,"",0,1,"PIN18",1,"P1","","",-0.8,"<=",-0.396022,"V","<=",-0.1,"P",11.726,16.778,""
1,"A244_OPENS_C","dc_tml.DcTest.GeneralPMU","passLimit_uA_mV",24410010,"",0,1,"PIN19",1,"P1","","",-0.8,"<=",-0.396306,"V","<=",-0.1,"P",11.726,16.778,""
1,"A244_OPENS_C","dc_tml.DcTest.GeneralPMU","passLimit_uA_mV",24410010,"",0,1,"PIN2",1,"P1","","",-0.8,"<=",-0.396044,"V","<=",-0.1,"P",11.726,16.778,""
1,"A244_OPENS_C","dc_tml.DcTest.GeneralPMU","passLimit_uA_mV",24410010,"",0,1,"PIN3",1,"P1","","",-0.8,"<=",-0.395532,"V","<=",-0.1,"P",11.726,16.778,""
1,"A244_OPENS_C","dc_tml.DcTest.GeneralPMU","passLimit_uA_mV",24410010,"",0,1,"PIN4",1,"P1","","",-0.8,"<=",-0.395372,"V","<=",-0.1,"P",11.726,16.778,""
1,"A244_OPENS_C","dc_tml.DcTest.GeneralPMU","passLimit_uA_mV",24410010,"",0,1,"PIN5",1,"P1","","",-0.8,"<=",-0.395577,"V","<=",-0.1,"P",11.726,16.778,""
1,"A244_OPENS_C","dc_tml.DcTest.GeneralPMU","passLimit_uA_mV",24410010,"",0,1,"PIN6",1,"P1","","",-0.8,"<=",-0.394911,"V","<=",-0.1,"P",11.726,16.778,""
1,"A244_OPENS_C","dc_tml.DcTest.GeneralPMU","passLimit_uA_mV",24410010,"",0,1,"PIN7",1,"P1","","",-0.8,"<=",-0.395207,"V","<=",-0.1,"P",11.726,16.778,""
1,"A244_OPENS_C","dc_tml.DcTest.GeneralPMU","passLimit_uA_mV",24410010,"",0,1,"PIN8",1,"P1","","",-0.8,"<=",-0.395594,"V","<=",-0.1,"P",11.726,16.778,""
1,"A244_OPENS_C","dc_tml.DcTest.GeneralPMU","passLimit_uA_mV",24410010,"",0,1,"PIN9",1,"P1","","",-0.8,"<=",-0.395992,"V","<=",-0.1,"P",11.726,16.778,""
1,"A244_SHORTS_C","dc_tml.DcTest.GeneralPMU","passLimit_uA_mV",24410040,"",0,1,"PIN1",1,"P1","","",-0.8,"<=",-0.395361,"V","<=",-0.1,"P",11.455,17.794,""
1,"A244_SHORTS_C","dc_tml.DcTest.GeneralPMU","passLimit_uA_mV",24410040,"",0,1,"PIN11",1,"P1","","",-0.8,"<=",-0.395036,"V","<=",-0.1,"P",11.455,17.794,""
1,"A244_SHORTS_C","dc_tml.DcTest.GeneralPMU","passLimit_uA_mV",24410040,"",0,1,"PIN12",1,"P1","","",-0.8,"<=",-0.395651,"V","<=",-0.1,"P",11.455,17.794,""
1,"A244_SHORTS_C","dc_tml.DcTest.GeneralPMU","passLimit_uA_mV",24410040,"",0,1,"PIN13",1,"P1","","",-0.8,"<=",-0.395377,"V","<=",-0.1,"P",11.455,17.794,""
1,"A244_SHORTS_C","dc_tml.DcTest.GeneralPMU","passLimit_uA_mV",24410040,"",0,1,"PIN14",1,"P1","","",-0.8,"<=",-0.395093,"V","<=",-0.1,"P",11.455,17.794,""
1,"A244_SHORTS_C","dc_tml.DcTest.GeneralPMU","passLimit_uA_mV",24410040,"",0,1,"PIN15",1,"P1","","",-0.8,"<=",-0.39573,"V","<=",-0.1,"P",11.455,17.794,""
1,"A244_SHORTS_C","dc_tml.DcTest.GeneralPMU","passLimit_uA_mV",24410040,"",0,1,"PIN16",1,"P1","","",-0.8,"<=",-0.396147,"V","<=",-0.1,"P",11.455,17.794,""
1,"A244_SHORTS_C","dc_tml.DcTest.GeneralPMU","passLimit_uA_mV",24410040,"",0,1,"PIN17",1,"P1","","",-0.8,"<=",-0.395759,"V","<=",-0.1,"P",11.455,17.794,""
1,"A244_SHORTS_C","dc_tml.DcTest.GeneralPMU","passLimit_uA_mV",24410040,"",0,1,"PIN18",1,"P1","","",-0.8,"<=",-0.395965,"V","<=",-0.1,"P",11.455,17.794,""
1,"A244_SHORTS_C","dc_tml.DcTest.GeneralPMU","passLimit_uA_mV",24410040,"",0,1,"PIN19",1,"P1","","",-0.8,"<=",-0.39642,"V","<=",-0.1,"P",11.455,17.794,""
1,"A244_SHORTS_C","dc_tml.DcTest.GeneralPMU","passLimit_uA_mV",24410040,"",0,1,"PIN2",1,"P1","","",-0.8,"<=",-0.396044,"V","<=",-0.1,"P",11.455,17.794,""
1,"A244_SHORTS_C","dc_tml.DcTest.GeneralPMU","passLimit_uA_mV",24410040,"",0,1,"PIN3",1,"P1","","",-0.8,"<=",-0.395589,"V","<=",-0.1,"P",11.455,17.794,""
1,"A244_SHORTS_C","dc_tml.DcTest.GeneralPMU","passLimit_uA_mV",24410040,"",0,1,"PIN4",1,"P1","","",-0.8,"<=",-0.395486,"V","<=",-0.1,"P",11.455,17.794,""
1,"A244_SHORTS_C","dc_tml.DcTest.GeneralPMU","passLimit_uA_mV",24410040,"",0,1,"PIN5",1,"P1","","",-0.8,"<=",-0.395577,"V","<=",-0.1,"P",11.455,17.794,""
1,"A244_SHORTS_C","dc_tml.DcTest.GeneralPMU","passLimit_uA_mV",24410040,"",0,1,"PIN6",1,"P1","","",-0.8,"<=",-0.394911,"V","<=",-0.1,"P",11.455,17.794,""
1,"A244_SHORTS_C","dc_tml.DcTest.GeneralPMU","passLimit_uA_mV",24410040,"",0,1,"PIN7",1,"P1","","",-0.8,"<=",-0.395207,"V","<=",-0.1,"P",11.455,17.794,""
1,"A244_SHORTS_C","dc_tml.DcTest.GeneralPMU","passLimit_uA_mV",24410040,"",0,1,"PIN8",1,"P1","","",-0.8,"<=",-0.395537,"V","<=",-0.1,"P",11.455,17.794,""
1,"A244_SHORTS_C","dc_tml.DcTest.GeneralPMU","passLimit_uA_mV",24410040,"",0,1,"PIN9",1,"P1","","",-0.8,"<=",-0.396049,"V","<=",-0.1,"P",11.455,17.794,""
1,"A244_PRE_TEMP_C","AP54RH504_tml.Temp","TEMP_OK",***,"",0,1,"PIN1",1,"P1","","",0.5,"<=",1,"UI","<=",1.5,"P",8.12,15.603,""
1,"A244_PRE_TEMP_C","AP54RH504_tml.Temp","TEMP_raw_V",***,"",0,1,"PIN1",1,"P1","","",-2,"<=",-0.395247,"V","<=",2,"P",5.857,15.603,""
1,"A244_IOFF_GND_C","AP54RH504_tml.IO_Leakage","passCurrentHigh_uA",24411120,"",0,1,"PIN2",1,"P1","","",-0.2,"<=",0.002,"uA","<=",0.9,"P",91.288,93.849,""
1,"A244_IOFF_GND_C","AP54RH504_tml.IO_Leakage","passCurrentHigh_uA",24411120,"",0,1,"PIN4",1,"P1","","",-0.2,"<=",0.017,"uA","<=",0.9,"P",91.288,93.849,""
1,"A244_IOFF_GND_C","AP54RH504_tml.IO_Leakage","passCurrentHigh_uA",24411120,"",0,1,"PIN6",1,"P1","","",-0.2,"<=",0,"uA","<=",0.9,"P",91.288,93.849,""
1,"A244_IOFF_GND_C","AP54RH504_tml.IO_Leakage","passCurrentHigh_uA",24411120,"",0,1,"PIN8",1,"P1","","",-0.2,"<=",0.001,"uA","<=",0.9,"P",91.288,93.849,""
1,"A244_IOFF_GND_C","AP54RH504_tml.IO_Leakage","passCurrentHigh_uA",24411120,"",0,1,"PIN1",1,"P1","","",-0.2,"<=",-0.001,"uA","<=",0.9,"P",91.288,93.849,""
1,"A244_IOFF_GND_C","AP54RH504_tml.IO_Leakage","passCurrentHigh_uA",24411120,"",0,1,"PIN19",1,"P1","","",-0.2,"<=",0,"uA","<=",0.9,"P",91.288,93.849,""
1,"A244_IOFF_GND_C","AP54RH504_tml.IO_Leakage","passCurrentHigh_uA",24411120,"",0,1,"PIN17",1,"P1","","",-0.2,"<=",0.001,"uA","<=",0.9,"P",91.288,93.849,""
1,"A244_IOFF_GND_C","AP54RH504_tml.IO_Leakage","passCurrentHigh_uA",24411120,"",0,1,"PIN15",1,"P1","","",-0.2,"<=",0,"uA","<=",0.9,"P",91.288,93.849,""
1,"A244_IOFF_GND_C","AP54RH504_tml.IO_Leakage","passCurrentHigh_uA",24411120,"",0,1,"PIN13",1,"P1","","",-0.2,"<=",0.001,"uA","<=",0.9,"P",91.288,93.849,""
1,"A244_IOFF_GND_C","AP54RH504_tml.IO_Leakage","passCurrentHigh_uA",24411120,"",0,1,"PIN11",1,"P1","","",-0.2,"<=",0,"uA","<=",0.9,"P",91.288,93.849,""
1,"A244_IOFF_GND_C","AP54RH504_tml.IO_Leakage","passCurrentHigh_uA",24411120,"",0,1,"PIN12",1,"P1","","",-0.2,"<=",0.006,"uA","<=",0.9,"P",91.288,93.849,""
1,"A244_IOFF_GND_C","AP54RH504_tml.IO_Leakage","passCurrentHigh_uA",24411120,"",0,1,"PIN14",1,"P1","","",-0.2,"<=",0,"uA","<=",0.9,"P",91.288,93.849,""
1,"A244_IOFF_GND_C","AP54RH504_tml.IO_Leakage","passCurrentHigh_uA",24411120,"",0,1,"PIN16",1,"P1","","",-0.2,"<=",0,"uA","<=",0.9,"P",91.288,93.849,""
1,"A244_IOFF_GND_C","AP54RH504_tml.IO_Leakage","passCurrentHigh_uA",24411120,"",0,1,"PIN18",1,"P1","","",-0.2,"<=",0,"uA","<=",0.9,"P",91.288,93.849,""
1,"A244_IOFF_GND_C","AP54RH504_tml.IO_Leakage","passCurrentHigh_uA",24411120,"",0,1,"PIN3",1,"P1","","",-0.2,"<=",0.004,"uA","<=",0.9,"P",91.288,93.849,""
1,"A244_IOFF_GND_C","AP54RH504_tml.IO_Leakage","passCurrentHigh_uA",24411120,"",0,1,"PIN5",1,"P1","","",-0.2,"<=",0.002,"uA","<=",0.9,"P",91.288,93.849,""
1,"A244_IOFF_GND_C","AP54RH504_tml.IO_Leakage","passCurrentHigh_uA",24411120,"",0,1,"PIN7",1,"P1","","",-0.2,"<=",0,"uA","<=",0.9,"P",91.288,93.849,""
1,"A244_IOFF_GND_C","AP54RH504_tml.IO_Leakage","passCurrentHigh_uA",24411120,"",0,1,"PIN9",1,"P1","","",-0.2,"<=",0,"uA","<=",0.9,"P",91.288,93.849,""
1,"A244_PSHORTS_VCC_C","dc_tml.DcTest.StandbyCurrent","passCurrLimit_uA",24411150,"",0,1,"VCC_PIN20",1,"P1","","",-0.01,"<=",0.000108989,"A","<=",0.01,"P",18.438,22.603,""
1,"A244_TRAFFIC_C","ac_tml.AcTest.FunctionalTest","Functional",***,"AP54RHC244_TRUTH_TABLE",0,1,"PIN1",1,"P1","","",***,"",***,"","",***,"P",4.883,6.846,""
1,"A244_TRAFFIC_C","ac_tml.AcTest.FunctionalTest","Functional",***,"AP54RHC244_TRUTH_TABLE",0,1,"PIN11",1,"P1","","",***,"",***,"","",***,"P",4.883,6.846,""
1,"A244_TRAFFIC_C","ac_tml.AcTest.FunctionalTest","Functional",***,"AP54RHC244_TRUTH_TABLE",0,1,"PIN12",1,"P1","","",***,"",***,"","",***,"P",4.883,6.846,""
1,"A244_TRAFFIC_C","ac_tml.AcTest.FunctionalTest","Functional",***,"AP54RHC244_TRUTH_TABLE",0,1,"PIN13",1,"P1","","",***,"",***,"","",***,"P",4.883,6.846,""
1,"A244_TRAFFIC_C","ac_tml.AcTest.FunctionalTest","Functional",***,"AP54RHC244_TRUTH_TABLE",0,1,"PIN14",1,"P1","","",***,"",***,"","",***,"P",4.883,6.846,""
1,"A244_TRAFFIC_C","ac_tml.AcTest.FunctionalTest","Functional",***,"AP54RHC244_TRUTH_TABLE",0,1,"PIN15",1,"P1","","",***,"",***,"","",***,"P",4.883,6.846,""
1,"A244_TRAFFIC_C","ac_tml.AcTest.FunctionalTest","Functional",***,"AP54RHC244_TRUTH_TABLE",0,1,"PIN16",1,"P1","","",***,"",***,"","",***,"P",4.883,6.846,""
1,"A244_TRAFFIC_C","ac_tml.AcTest.FunctionalTest","Functional",***,"AP54RHC244_TRUTH_TABLE",0,1,"PIN17",1,"P1","","",***,"",***,"","",***,"P",4.883,6.846,""
1,"A244_TRAFFIC_C","ac_tml.AcTest.FunctionalTest","Functional",***,"AP54RHC244_TRUTH_TABLE",0,1,"PIN18",1,"P1","","",***,"",***,"","",***,"P",4.883,6.846,""
1,"A244_TRAFFIC_C","ac_tml.AcTest.FunctionalTest","Functional",***,"AP54RHC244_TRUTH_TABLE",0,1,"PIN19",1,"P1","","",***,"",***,"","",***,"P",4.883,6.846,""
1,"A244_TRAFFIC_C","ac_tml.AcTest.FunctionalTest","Functional",***,"AP54RHC244_TRUTH_TABLE",0,1,"PIN2",1,"P1","","",***,"",***,"","",***,"P",4.883,6.846,""
1,"A244_TRAFFIC_C","ac_tml.AcTest.FunctionalTest","Functional",***,"AP54RHC244_TRUTH_TABLE",0,1,"PIN3",1,"P1","","",***,"",***,"","",***,"P",4.883,6.846,""
1,"A244_TRAFFIC_C","ac_tml.AcTest.FunctionalTest","Functional",***,"AP54RHC244_TRUTH_TABLE",0,1,"PIN4",1,"P1","","",***,"",***,"","",***,"P",4.883,6.846,""
1,"A244_TRAFFIC_C","ac_tml.AcTest.FunctionalTest","Functional",***,"AP54RHC244_TRUTH_TABLE",0,1,"PIN5",1,"P1","","",***,"",***,"","",***,"P",4.883,6.846,""
1,"A244_TRAFFIC_C","ac_tml.AcTest.FunctionalTest","Functional",***,"AP54RHC244_TRUTH_TABLE",0,1,"PIN6",1,"P1","","",***,"",***,"","",***,"P",4.883,6.846,""
1,"A244_TRAFFIC_C","ac_tml.AcTest.FunctionalTest","Functional",***,"AP54RHC244_TRUTH_TABLE",0,1,"PIN7",1,"P1","","",***,"",***,"","",***,"P",4.883,6.846,""
1,"A244_TRAFFIC_C","ac_tml.AcTest.FunctionalTest","Functional",***,"AP54RHC244_TRUTH_TABLE",0,1,"PIN8",1,"P1","","",***,"",***,"","",***,"P",4.883,6.846,""
1,"A244_TRAFFIC_C","ac_tml.AcTest.FunctionalTest","Functional",***,"AP54RHC244_TRUTH_TABLE",0,1,"PIN9",1,"P1","","",***,"",***,"","",***,"P",4.883,6.846,""
1,"A244_TRAFFIC_C_1","ac_tml.AcTest.FunctionalTest","Functional",***,"AP54RHC244_VILH",0,1,"PIN1",1,"P1","","",***,"",***,"","",***,"P",2.519,4.12,""
1,"A244_TRAFFIC_C_1","ac_tml.AcTest.FunctionalTest","Functional",***,"AP54RHC244_VILH",0,1,"PIN11",1,"P1","","",***,"",***,"","",***,"P",2.519,4.12,""
1,"A244_TRAFFIC_C_1","ac_tml.AcTest.FunctionalTest","Functional",***,"AP54RHC244_VILH",0,1,"PIN12",1,"P1","","",***,"",***,"","",***,"P",2.519,4.12,""
1,"A244_TRAFFIC_C_1","ac_tml.AcTest.FunctionalTest","Functional",***,"AP54RHC244_VILH",0,1,"PIN13",1,"P1","","",***,"",***,"","",***,"P",2.519,4.12,""
1,"A244_TRAFFIC_C_1","ac_tml.AcTest.FunctionalTest","Functional",***,"AP54RHC244_VILH",0,1,"PIN14",1,"P1","","",***,"",***,"","",***,"P",2.519,4.12,""
1,"A244_TRAFFIC_C_1","ac_tml.AcTest.FunctionalTest","Functional",***,"AP54RHC244_VILH",0,1,"PIN15",1,"P1","","",***,"",***,"","",***,"P",2.519,4.12,""
1,"A244_TRAFFIC_C_1","ac_tml.AcTest.FunctionalTest","Functional",***,"AP54RHC244_VILH",0,1,"PIN16",1,"P1","","",***,"",***,"","",***,"P",2.519,4.12,""
1,"A244_TRAFFIC_C_1","ac_tml.AcTest.FunctionalTest","Functional",***,"AP54RHC244_VILH",0,1,"PIN17",1,"P1","","",***,"",***,"","",***,"P",2.519,4.12,""
1,"A244_TRAFFIC_C_1","ac_tml.AcTest.FunctionalTest","Functional",***,"AP54RHC244_VILH",0,1,"PIN18",1,"P1","","",***,"",***,"","",***,"P",2.519,4.12,""
1,"A244_TRAFFIC_C_1","ac_tml.AcTest.FunctionalTest","Functional",***,"AP54RHC244_VILH",0,1,"PIN19",1,"P1","","",***,"",***,"","",***,"P",2.519,4.12,""
1,"A244_TRAFFIC_C_1","ac_tml.AcTest.FunctionalTest","Functional",***,"AP54RHC244_VILH",0,1,"PIN2",1,"P1","","",***,"",***,"","",***,"P",2.519,4.12,""
1,"A244_TRAFFIC_C_1","ac_tml.AcTest.FunctionalTest","Functional",***,"AP54RHC244_VILH",0,1,"PIN3",1,"P1","","",***,"",***,"","",***,"P",2.519,4.12,""
1,"A244_TRAFFIC_C_1","ac_tml.AcTest.FunctionalTest","Functional",***,"AP54RHC244_VILH",0,1,"PIN4",1,"P1","","",***,"",***,"","",***,"P",2.519,4.12,""
1,"A244_TRAFFIC_C_1","ac_tml.AcTest.FunctionalTest","Functional",***,"AP54RHC244_VILH",0,1,"PIN5",1,"P1","","",***,"",***,"","",***,"P",2.519,4.12,""
1,"A244_TRAFFIC_C_1","ac_tml.AcTest.FunctionalTest","Functional",***,"AP54RHC244_VILH",0,1,"PIN6",1,"P1","","",***,"",***,"","",***,"P",2.519,4.12,""
1,"A244_TRAFFIC_C_1","ac_tml.AcTest.FunctionalTest","Functional",***,"AP54RHC244_VILH",0,1,"PIN7",1,"P1","","",***,"",***,"","",***,"P",2.519,4.12,""
1,"A244_TRAFFIC_C_1","ac_tml.AcTest.FunctionalTest","Functional",***,"AP54RHC244_VILH",0,1,"PIN8",1,"P1","","",***,"",***,"","",***,"P",2.519,4.12,""
1,"A244_TRAFFIC_C_1","ac_tml.AcTest.FunctionalTest","Functional",***,"AP54RHC244_VILH",0,1,"PIN9",1,"P1","","",***,"",***,"","",***,"P",2.519,4.12,""
1,"A244_ICCH_VCC_C","dc_tml.DcTest.ProductionIddq","passCurrLimit_uA",24411170,"",0,1,"VCC_PIN20",1,"P1","","",1,"<=",93.9233,"uA","<=",120,"P",30.748,36.943,""
1,"A244_ICCL_VCC_C","dc_tml.DcTest.StandbyCurrent","passCurrLimit_uA",24411190,"",0,1,"VCC_PIN20",1,"P1","","",1,"<=",106.517,"uA","<=",130,"P",17.758,22.616,""
1,"A244_ICCX_VCC_C","dc_tml.DcTest.OperatingCurrent","passCurrLimit_uA",***,"AP54RHC244_ENABLE_HIGH_FOR_ICCX",0,1,"VCC_PIN20",1,"P1","","",***,"NA",-9.9999e+10,"","NA",***,"P",41.588,45.467,""
1,"A244_VILH_C","AP54RH504_tml.VILH","VILH_VCC_5.5000",***,"AP54RHC244_VILH",0,1,"PIN1",1,"P1","","",***,"",***,"","",***,"P",21.425,63.372,""
1,"A244_VILH_C","AP54RH504_tml.VILH","VILH_VCC_5.5000",***,"AP54RHC244_VILH",0,1,"PIN11",1,"P1","","",***,"",***,"","",***,"P",21.425,63.372,""
1,"A244_VILH_C","AP54RH504_tml.VILH","VILH_VCC_5.5000",***,"AP54RHC244_VILH",0,1,"PIN12",1,"P1","","",***,"",***,"","",***,"P",21.425,63.372,""
1,"A244_VILH_C","AP54RH504_tml.VILH","VILH_VCC_5.5000",***,"AP54RHC244_VILH",0,1,"PIN13",1,"P1","","",***,"",***,"","",***,"P",21.425,63.372,""
1,"A244_VILH_C","AP54RH504_tml.VILH","VILH_VCC_5.5000",***,"AP54RHC244_VILH",0,1,"PIN14",1,"P1","","",***,"",***,"","",***,"P",21.425,63.372,""
1,"A244_VILH_C","AP54RH504_tml.VILH","VILH_VCC_5.5000",***,"AP54RHC244_VILH",0,1,"PIN15",1,"P1","","",***,"",***,"","",***,"P",21.425,63.372,""
1,"A244_VILH_C","AP54RH504_tml.VILH","VILH_VCC_5.5000",***,"AP54RHC244_VILH",0,1,"PIN16",1,"P1","","",***,"",***,"","",***,"P",21.425,63.372,""
1,"A244_VILH_C","AP54RH504_tml.VILH","VILH_VCC_5.5000",***,"AP54RHC244_VILH",0,1,"PIN17",1,"P1","","",***,"",***,"","",***,"P",21.425,63.372,""
1,"A244_VILH_C","AP54RH504_tml.VILH","VILH_VCC_5.5000",***,"AP54RHC244_VILH",0,1,"PIN18",1,"P1","","",***,"",***,"","",***,"P",21.425,63.372,""
1,"A244_VILH_C","AP54RH504_tml.VILH","VILH_VCC_5.5000",***,"AP54RHC244_VILH",0,1,"PIN19",1,"P1","","",***,"",***,"","",***,"P",21.425,63.372,""
1,"A244_VILH_C","AP54RH504_tml.VILH","VILH_VCC_5.5000",***,"AP54RHC244_VILH",0,1,"PIN2",1,"P1","","",***,"",***,"","",***,"P",21.425,63.372,""
1,"A244_VILH_C","AP54RH504_tml.VILH","VILH_VCC_5.5000",***,"AP54RHC244_VILH",0,1,"PIN3",1,"P1","","",***,"",***,"","",***,"P",21.425,63.372,""
1,"A244_VILH_C","AP54RH504_tml.VILH","VILH_VCC_5.5000",***,"AP54RHC244_VILH",0,1,"PIN4",1,"P1","","",***,"",***,"","",***,"P",21.425,63.372,""
1,"A244_VILH_C","AP54RH504_tml.VILH","VILH_VCC_5.5000",***,"AP54RHC244_VILH",0,1,"PIN5",1,"P1","","",***,"",***,"","",***,"P",21.425,63.372,""
1,"A244_VILH_C","AP54RH504_tml.VILH","VILH_VCC_5.5000",***,"AP54RHC244_VILH",0,1,"PIN6",1,"P1","","",***,"",***,"","",***,"P",21.425,63.372,""
1,"A244_VILH_C","AP54RH504_tml.VILH","VILH_VCC_5.5000",***,"AP54RHC244_VILH",0,1,"PIN7",1,"P1","","",***,"",***,"","",***,"P",21.425,63.372,""
1,"A244_VILH_C","AP54RH504_tml.VILH","VILH_VCC_5.5000",***,"AP54RHC244_VILH",0,1,"PIN8",1,"P1","","",***,"",***,"","",***,"P",21.425,63.372,""
1,"A244_VILH_C","AP54RH504_tml.VILH","VILH_VCC_5.5000",***,"AP54RHC244_VILH",0,1,"PIN9",1,"P1","","",***,"",***,"","",***,"P",21.425,63.372,""
1,"A244_VILH_C","AP54RH504_tml.VILH","VILH_VCC_4.5000",***,"AP54RHC244_VILH",0,1,"PIN1",1,"P1","","",***,"",***,"","",***,"P",4.145,63.372,""
1,"A244_VILH_C","AP54RH504_tml.VILH","VILH_VCC_4.5000",***,"AP54RHC244_VILH",0,1,"PIN11",1,"P1","","",***,"",***,"","",***,"P",4.145,63.372,""
1,"A244_VILH_C","AP54RH504_tml.VILH","VILH_VCC_4.5000",***,"AP54RHC244_VILH",0,1,"PIN12",1,"P1","","",***,"",***,"","",***,"P",4.145,63.372,""
1,"A244_VILH_C","AP54RH504_tml.VILH","VILH_VCC_4.5000",***,"AP54RHC244_VILH",0,1,"PIN13",1,"P1","","",***,"",***,"","",***,"P",4.145,63.372,""
1,"A244_VILH_C","AP54RH504_tml.VILH","VILH_VCC_4.5000",***,"AP54RHC244_VILH",0,1,"PIN14",1,"P1","","",***,"",***,"","",***,"P",4.145,63.372,""
1,"A244_VILH_C","AP54RH504_tml.VILH","VILH_VCC_4.5000",***,"AP54RHC244_VILH",0,1,"PIN15",1,"P1","","",***,"",***,"","",***,"P",4.145,63.372,""
1,"A244_VILH_C","AP54RH504_tml.VILH","VILH_VCC_4.5000",***,"AP54RHC244_VILH",0,1,"PIN16",1,"P1","","",***,"",***,"","",***,"P",4.145,63.372,""
1,"A244_VILH_C","AP54RH504_tml.VILH","VILH_VCC_4.5000",***,"AP54RHC244_VILH",0,1,"PIN17",1,"P1","","",***,"",***,"","",***,"P",4.145,63.372,""
1,"A244_VILH_C","AP54RH504_tml.VILH","VILH_VCC_4.5000",***,"AP54RHC244_VILH",0,1,"PIN18",1,"P1","","",***,"",***,"","",***,"P",4.145,63.372,""
1,"A244_VILH_C","AP54RH504_tml.VILH","VILH_VCC_4.5000",***,"AP54RHC244_VILH",0,1,"PIN19",1,"P1","","",***,"",***,"","",***,"P",4.145,63.372,""
1,"A244_VILH_C","AP54RH504_tml.VILH","VILH_VCC_4.5000",***,"AP54RHC244_VILH",0,1,"PIN2",1,"P1","","",***,"",***,"","",***,"P",4.145,63.372,""
1,"A244_VILH_C","AP54RH504_tml.VILH","VILH_VCC_4.5000",***,"AP54RHC244_VILH",0,1,"PIN3",1,"P1","","",***,"",***,"","",***,"P",4.145,63.372,""
1,"A244_VILH_C","AP54RH504_tml.VILH","VILH_VCC_4.5000",***,"AP54RHC244_VILH",0,1,"PIN4",1,"P1","","",***,"",***,"","",***,"P",4.145,63.372,""
1,"A244_VILH_C","AP54RH504_tml.VILH","VILH_VCC_4.5000",***,"AP54RHC244_VILH",0,1,"PIN5",1,"P1","","",***,"",***,"","",***,"P",4.145,63.372,""
1,"A244_VILH_C","AP54RH504_tml.VILH","VILH_VCC_4.5000",***,"AP54RHC244_VILH",0,1,"PIN6",1,"P1","","",***,"",***,"","",***,"P",4.145,63.372,""
1,"A244_VILH_C","AP54RH504_tml.VILH","VILH_VCC_4.5000",***,"AP54RHC244_VILH",0,1,"PIN7",1,"P1","","",***,"",***,"","",***,"P",4.145,63.372,""
1,"A244_VILH_C","AP54RH504_tml.VILH","VILH_VCC_4.5000",***,"AP54RHC244_VILH",0,1,"PIN8",1,"P1","","",***,"",***,"","",***,"P",4.145,63.372,""
1,"A244_VILH_C","AP54RH504_tml.VILH","VILH_VCC_4.5000",***,"AP54RHC244_VILH",0,1,"PIN9",1,"P1","","",***,"",***,"","",***,"P",4.145,63.372,""
1,"A244_VILH_C","AP54RH504_tml.VILH","VILH_VCC_3.6000",***,"AP54RHC244_VILH",0,1,"PIN1",1,"P1","","",***,"",***,"","",***,"P",5.05,63.372,""
1,"A244_VILH_C","AP54RH504_tml.VILH","VILH_VCC_3.6000",***,"AP54RHC244_VILH",0,1,"PIN11",1,"P1","","",***,"",***,"","",***,"P",5.05,63.372,""
1,"A244_VILH_C","AP54RH504_tml.VILH","VILH_VCC_3.6000",***,"AP54RHC244_VILH",0,1,"PIN12",1,"P1","","",***,"",***,"","",***,"P",5.05,63.372,""
1,"A244_VILH_C","AP54RH504_tml.VILH","VILH_VCC_3.6000",***,"AP54RHC244_VILH",0,1,"PIN13",1,"P1","","",***,"",***,"","",***,"P",5.05,63.372,""
1,"A244_VILH_C","AP54RH504_tml.VILH","VILH_VCC_3.6000",***,"AP54RHC244_VILH",0,1,"PIN14",1,"P1","","",***,"",***,"","",***,"P",5.05,63.372,""
1,"A244_VILH_C","AP54RH504_tml.VILH","VILH_VCC_3.6000",***,"AP54RHC244_VILH",0,1,"PIN15",1,"P1","","",***,"",***,"","",***,"P",5.05,63.372,""
1,"A244_VILH_C","AP54RH504_tml.VILH","VILH_VCC_3.6000",***,"AP54RHC244_VILH",0,1,"PIN16",1,"P1","","",***,"",***,"","",***,"P",5.05,63.372,""
1,"A244_VILH_C","AP54RH504_tml.VILH","VILH_VCC_3.6000",***,"AP54RHC244_VILH",0,1,"PIN17",1,"P1","","",***,"",***,"","",***,"P",5.05,63.372,""
1,"A244_VILH_C","AP54RH504_tml.VILH","VILH_VCC_3.6000",***,"AP54RHC244_VILH",0,1,"PIN18",1,"P1","","",***,"",***,"","",***,"P",5.05,63.372,""
1,"A244_VILH_C","AP54RH504_tml.VILH","VILH_VCC_3.6000",***,"AP54RHC244_VILH",0,1,"PIN19",1,"P1","","",***,"",***,"","",***,"P",5.05,63.372,""
1,"A244_VILH_C","AP54RH504_tml.VILH","VILH_VCC_3.6000",***,"AP54RHC244_VILH",0,1,"PIN2",1,"P1","","",***,"",***,"","",***,"P",5.05,63.372,""
1,"A244_VILH_C","AP54RH504_tml.VILH","VILH_VCC_3.6000",***,"AP54RHC244_VILH",0,1,"PIN3",1,"P1","","",***,"",***,"","",***,"P",5.05,63.372,""
1,"A244_VILH_C","AP54RH504_tml.VILH","VILH_VCC_3.6000",***,"AP54RHC244_VILH",0,1,"PIN4",1,"P1","","",***,"",***,"","",***,"P",5.05,63.372,""
1,"A244_VILH_C","AP54RH504_tml.VILH","VILH_VCC_3.6000",***,"AP54RHC244_VILH",0,1,"PIN5",1,"P1","","",***,"",***,"","",***,"P",5.05,63.372,""
1,"A244_VILH_C","AP54RH504_tml.VILH","VILH_VCC_3.6000",***,"AP54RHC244_VILH",0,1,"PIN6",1,"P1","","",***,"",***,"","",***,"P",5.05,63.372,""
1,"A244_VILH_C","AP54RH504_tml.VILH","VILH_VCC_3.6000",***,"AP54RHC244_VILH",0,1,"PIN7",1,"P1","","",***,"",***,"","",***,"P",5.05,63.372,""
1,"A244_VILH_C","AP54RH504_tml.VILH","VILH_VCC_3.6000",***,"AP54RHC244_VILH",0,1,"PIN8",1,"P1","","",***,"",***,"","",***,"P",5.05,63.372,""
1,"A244_VILH_C","AP54RH504_tml.VILH","VILH_VCC_3.6000",***,"AP54RHC244_VILH",0,1,"PIN9",1,"P1","","",***,"",***,"","",***,"P",5.05,63.372,""
1,"A244_VILH_C","AP54RH504_tml.VILH","VILH_VCC_3.0000",***,"AP54RHC244_VILH",0,1,"PIN1",1,"P1","","",***,"",***,"","",***,"P",4.404,63.372,""
1,"A244_VILH_C","AP54RH504_tml.VILH","VILH_VCC_3.0000",***,"AP54RHC244_VILH",0,1,"PIN11",1,"P1","","",***,"",***,"","",***,"P",4.404,63.372,""
1,"A244_VILH_C","AP54RH504_tml.VILH","VILH_VCC_3.0000",***,"AP54RHC244_VILH",0,1,"PIN12",1,"P1","","",***,"",***,"","",***,"P",4.404,63.372,""
1,"A244_VILH_C","AP54RH504_tml.VILH","VILH_VCC_3.0000",***,"AP54RHC244_VILH",0,1,"PIN13",1,"P1","","",***,"",***,"","",***,"P",4.404,63.372,""
1,"A244_VILH_C","AP54RH504_tml.VILH","VILH_VCC_3.0000",***,"AP54RHC244_VILH",0,1,"PIN14",1,"P1","","",***,"",***,"","",***,"P",4.404,63.372,""
1,"A244_VILH_C","AP54RH504_tml.VILH","VILH_VCC_3.0000",***,"AP54RHC244_VILH",0,1,"PIN15",1,"P1","","",***,"",***,"","",***,"P",4.404,63.372,""
1,"A244_VILH_C","AP54RH504_tml.VILH","VILH_VCC_3.0000",***,"AP54RHC244_VILH",0,1,"PIN16",1,"P1","","",***,"",***,"","",***,"P",4.404,63.372,""
1,"A244_VILH_C","AP54RH504_tml.VILH","VILH_VCC_3.0000",***,"AP54RHC244_VILH",0,1,"PIN17",1,"P1","","",***,"",***,"","",***,"P",4.404,63.372,""
1,"A244_VILH_C","AP54RH504_tml.VILH","VILH_VCC_3.0000",***,"AP54RHC244_VILH",0,1,"PIN18",1,"P1","","",***,"",***,"","",***,"P",4.404,63.372,""
1,"A244_VILH_C","AP54RH504_tml.VILH","VILH_VCC_3.0000",***,"AP54RHC244_VILH",0,1,"PIN19",1,"P1","","",***,"",***,"","",***,"P",4.404,63.372,""
1,"A244_VILH_C","AP54RH504_tml.VILH","VILH_VCC_3.0000",***,"AP54RHC244_VILH",0,1,"PIN2",1,"P1","","",***,"",***,"","",***,"P",4.404,63.372,""
1,"A244_VILH_C","AP54RH504_tml.VILH","VILH_VCC_3.0000",***,"AP54RHC244_VILH",0,1,"PIN3",1,"P1","","",***,"",***,"","",***,"P",4.404,63.372,""
1,"A244_VILH_C","AP54RH504_tml.VILH","VILH_VCC_3.0000",***,"AP54RHC244_VILH",0,1,"PIN4",1,"P1","","",***,"",***,"","",***,"P",4.404,63.372,""
1,"A244_VILH_C","AP54RH504_tml.VILH","VILH_VCC_3.0000",***,"AP54RHC244_VILH",0,1,"PIN5",1,"P1","","",***,"",***,"","",***,"P",4.404,63.372,""
1,"A244_VILH_C","AP54RH504_tml.VILH","VILH_VCC_3.0000",***,"AP54RHC244_VILH",0,1,"PIN6",1,"P1","","",***,"",***,"","",***,"P",4.404,63.372,""
1,"A244_VILH_C","AP54RH504_tml.VILH","VILH_VCC_3.0000",***,"AP54RHC244_VILH",0,1,"PIN7",1,"P1","","",***,"",***,"","",***,"P",4.404,63.372,""
1,"A244_VILH_C","AP54RH504_tml.VILH","VILH_VCC_3.0000",***,"AP54RHC244_VILH",0,1,"PIN8",1,"P1","","",***,"",***,"","",***,"P",4.404,63.372,""
1,"A244_VILH_C","AP54RH504_tml.VILH","VILH_VCC_3.0000",***,"AP54RHC244_VILH",0,1,"PIN9",1,"P1","","",***,"",***,"","",***,"P",4.404,63.372,""
1,"A244_VILH_C","AP54RH504_tml.VILH","VILH_VCC_2.7000",***,"AP54RHC244_VILH",0,1,"PIN1",1,"P1","","",***,"",***,"","",***,"P",5.808,63.372,""
1,"A244_VILH_C","AP54RH504_tml.VILH","VILH_VCC_2.7000",***,"AP54RHC244_VILH",0,1,"PIN11",1,"P1","","",***,"",***,"","",***,"P",5.808,63.372,""
1,"A244_VILH_C","AP54RH504_tml.VILH","VILH_VCC_2.7000",***,"AP54RHC244_VILH",0,1,"PIN12",1,"P1","","",***,"",***,"","",***,"P",5.808,63.372,""
1,"A244_VILH_C","AP54RH504_tml.VILH","VILH_VCC_2.7000",***,"AP54RHC244_VILH",0,1,"PIN13",1,"P1","","",***,"",***,"","",***,"P",5.808,63.372,""
1,"A244_VILH_C","AP54RH504_tml.VILH","VILH_VCC_2.7000",***,"AP54RHC244_VILH",0,1,"PIN14",1,"P1","","",***,"",***,"","",***,"P",5.808,63.372,""
1,"A244_VILH_C","AP54RH504_tml.VILH","VILH_VCC_2.7000",***,"AP54RHC244_VILH",0,1,"PIN15",1,"P1","","",***,"",***,"","",***,"P",5.808,63.372,""
1,"A244_VILH_C","AP54RH504_tml.VILH","VILH_VCC_2.7000",***,"AP54RHC244_VILH",0,1,"PIN16",1,"P1","","",***,"",***,"","",***,"P",5.808,63.372,""
1,"A244_VILH_C","AP54RH504_tml.VILH","VILH_VCC_2.7000",***,"AP54RHC244_VILH",0,1,"PIN17",1,"P1","","",***,"",***,"","",***,"P",5.808,63.372,""
1,"A244_VILH_C","AP54RH504_tml.VILH","VILH_VCC_2.7000",***,"AP54RHC244_VILH",0,1,"PIN18",1,"P1","","",***,"",***,"","",***,"P",5.808,63.372,""
1,"A244_VILH_C","AP54RH504_tml.VILH","VILH_VCC_2.7000",***,"AP54RHC244_VILH",0,1,"PIN19",1,"P1","","",***,"",***,"","",***,"P",5.808,63.372,""
1,"A244_VILH_C","AP54RH504_tml.VILH","VILH_VCC_2.7000",***,"AP54RHC244_VILH",0,1,"PIN2",1,"P1","","",***,"",***,"","",***,"P",5.808,63.372,""
1,"A244_VILH_C","AP54RH504_tml.VILH","VILH_VCC_2.7000",***,"AP54RHC244_VILH",0,1,"PIN3",1,"P1","","",***,"",***,"","",***,"P",5.808,63.372,""
1,"A244_VILH_C","AP54RH504_tml.VILH","VILH_VCC_2.7000",***,"AP54RHC244_VILH",0,1,"PIN4",1,"P1","","",***,"",***,"","",***,"P",5.808,63.372,""
1,"A244_VILH_C","AP54RH504_tml.VILH","VILH_VCC_2.7000",***,"AP54RHC244_VILH",0,1,"PIN5",1,"P1","","",***,"",***,"","",***,"P",5.808,63.372,""
1,"A244_VILH_C","AP54RH504_tml.VILH","VILH_VCC_2.7000",***,"AP54RHC244_VILH",0,1,"PIN6",1,"P1","","",***,"",***,"","",***,"P",5.808,63.372,""
1,"A244_VILH_C","AP54RH504_tml.VILH","VILH_VCC_2.7000",***,"AP54RHC244_VILH",0,1,"PIN7",1,"P1","","",***,"",***,"","",***,"P",5.808,63.372,""
1,"A244_VILH_C","AP54RH504_tml.VILH","VILH_VCC_2.7000",***,"AP54RHC244_VILH",0,1,"PIN8",1,"P1","","",***,"",***,"","",***,"P",5.808,63.372,""
1,"A244_VILH_C","AP54RH504_tml.VILH","VILH_VCC_2.7000",***,"AP54RHC244_VILH",0,1,"PIN9",1,"P1","","",***,"",***,"","",***,"P",5.808,63.372,""
1,"A244_VILH_C","AP54RH504_tml.VILH","VILH_VCC_2.3000",***,"AP54RHC244_VILH",0,1,"PIN1",1,"P1","","",***,"",***,"","",***,"P",4.149,63.372,""
1,"A244_VILH_C","AP54RH504_tml.VILH","VILH_VCC_2.3000",***,"AP54RHC244_VILH",0,1,"PIN11",1,"P1","","",***,"",***,"","",***,"P",4.149,63.372,""
1,"A244_VILH_C","AP54RH504_tml.VILH","VILH_VCC_2.3000",***,"AP54RHC244_VILH",0,1,"PIN12",1,"P1","","",***,"",***,"","",***,"P",4.149,63.372,""
1,"A244_VILH_C","AP54RH504_tml.VILH","VILH_VCC_2.3000",***,"AP54RHC244_VILH",0,1,"PIN13",1,"P1","","",***,"",***,"","",***,"P",4.149,63.372,""
1,"A244_VILH_C","AP54RH504_tml.VILH","VILH_VCC_2.3000",***,"AP54RHC244_VILH",0,1,"PIN14",1,"P1","","",***,"",***,"","",***,"P",4.149,63.372,""
1,"A244_VILH_C","AP54RH504_tml.VILH","VILH_VCC_2.3000",***,"AP54RHC244_VILH",0,1,"PIN15",1,"P1","","",***,"",***,"","",***,"P",4.149,63.372,""
1,"A244_VILH_C","AP54RH504_tml.VILH","VILH_VCC_2.3000",***,"AP54RHC244_VILH",0,1,"PIN16",1,"P1","","",***,"",***,"","",***,"P",4.149,63.372,""
1,"A244_VILH_C","AP54RH504_tml.VILH","VILH_VCC_2.3000",***,"AP54RHC244_VILH",0,1,"PIN17",1,"P1","","",***,"",***,"","",***,"P",4.149,63.372,""
1,"A244_VILH_C","AP54RH504_tml.VILH","VILH_VCC_2.3000",***,"AP54RHC244_VILH",0,1,"PIN18",1,"P1","","",***,"",***,"","",***,"P",4.149,63.372,""
1,"A244_VILH_C","AP54RH504_tml.VILH","VILH_VCC_2.3000",***,"AP54RHC244_VILH",0,1,"PIN19",1,"P1","","",***,"",***,"","",***,"P",4.149,63.372,""
1,"A244_VILH_C","AP54RH504_tml.VILH","VILH_VCC_2.3000",***,"AP54RHC244_VILH",0,1,"PIN2",1,"P1","","",***,"",***,"","",***,"P",4.149,63.372,""
1,"A244_VILH_C","AP54RH504_tml.VILH","VILH_VCC_2.3000",***,"AP54RHC244_VILH",0,1,"PIN3",1,"P1","","",***,"",***,"","",***,"P",4.149,63.372,""
1,"A244_VILH_C","AP54RH504_tml.VILH","VILH_VCC_2.3000",***,"AP54RHC244_VILH",0,1,"PIN4",1,"P1","","",***,"",***,"","",***,"P",4.149,63.372,""
1,"A244_VILH_C","AP54RH504_tml.VILH","VILH_VCC_2.3000",***,"AP54RHC244_VILH",0,1,"PIN5",1,"P1","","",***,"",***,"","",***,"P",4.149,63.372,""
1,"A244_VILH_C","AP54RH504_tml.VILH","VILH_VCC_2.3000",***,"AP54RHC244_VILH",0,1,"PIN6",1,"P1","","",***,"",***,"","",***,"P",4.149,63.372,""
1,"A244_VILH_C","AP54RH504_tml.VILH","VILH_VCC_2.3000",***,"AP54RHC244_VILH",0,1,"PIN7",1,"P1","","",***,"",***,"","",***,"P",4.149,63.372,""
1,"A244_VILH_C","AP54RH504_tml.VILH","VILH_VCC_2.3000",***,"AP54RHC244_VILH",0,1,"PIN8",1,"P1","","",***,"",***,"","",***,"P",4.149,63.372,""
1,"A244_VILH_C","AP54RH504_tml.VILH","VILH_VCC_2.3000",***,"AP54RHC244_VILH",0,1,"PIN9",1,"P1","","",***,"",***,"","",***,"P",4.149,63.372,""
1,"A244_VILH_C","AP54RH504_tml.VILH","VILH_VCC_1.9500",***,"AP54RHC244_VILH",0,1,"PIN1",1,"P1","","",***,"",***,"","",***,"P",5.201,63.372,""
1,"A244_VILH_C","AP54RH504_tml.VILH","VILH_VCC_1.9500",***,"AP54RHC244_VILH",0,1,"PIN11",1,"P1","","",***,"",***,"","",***,"P",5.201,63.372,""
1,"A244_VILH_C","AP54RH504_tml.VILH","VILH_VCC_1.9500",***,"AP54RHC244_VILH",0,1,"PIN12",1,"P1","","",***,"",***,"","",***,"P",5.201,63.372,""
1,"A244_VILH_C","AP54RH504_tml.VILH","VILH_VCC_1.9500",***,"AP54RHC244_VILH",0,1,"PIN13",1,"P1","","",***,"",***,"","",***,"P",5.201,63.372,""
1,"A244_VILH_C","AP54RH504_tml.VILH","VILH_VCC_1.9500",***,"AP54RHC244_VILH",0,1,"PIN14",1,"P1","","",***,"",***,"","",***,"P",5.201,63.372,""
1,"A244_VILH_C","AP54RH504_tml.VILH","VILH_VCC_1.9500",***,"AP54RHC244_VILH",0,1,"PIN15",1,"P1","","",***,"",***,"","",***,"P",5.201,63.372,""
1,"A244_VILH_C","AP54RH504_tml.VILH","VILH_VCC_1.9500",***,"AP54RHC244_VILH",0,1,"PIN16",1,"P1","","",***,"",***,"","",***,"P",5.201,63.372,""
1,"A244_VILH_C","AP54RH504_tml.VILH","VILH_VCC_1.9500",***,"AP54RHC244_VILH",0,1,"PIN17",1,"P1","","",***,"",***,"","",***,"P",5.201,63.372,""
1,"A244_VILH_C","AP54RH504_tml.VILH","VILH_VCC_1.9500",***,"AP54RHC244_VILH",0,1,"PIN18",1,"P1","","",***,"",***,"","",***,"P",5.201,63.372,""
1,"A244_VILH_C","AP54RH504_tml.VILH","VILH_VCC_1.9500",***,"AP54RHC244_VILH",0,1,"PIN19",1,"P1","","",***,"",***,"","",***,"P",5.201,63.372,""
1,"A244_VILH_C","AP54RH504_tml.VILH","VILH_VCC_1.9500",***,"AP54RHC244_VILH",0,1,"PIN2",1,"P1","","",***,"",***,"","",***,"P",5.201,63.372,""
1,"A244_VILH_C","AP54RH504_tml.VILH","VILH_VCC_1.9500",***,"AP54RHC244_VILH",0,1,"PIN3",1,"P1","","",***,"",***,"","",***,"P",5.201,63.372,""
1,"A244_VILH_C","AP54RH504_tml.VILH","VILH_VCC_1.9500",***,"AP54RHC244_VILH",0,1,"PIN4",1,"P1","","",***,"",***,"","",***,"P",5.201,63.372,""
1,"A244_VILH_C","AP54RH504_tml.VILH","VILH_VCC_1.9500",***,"AP54RHC244_VILH",0,1,"PIN5",1,"P1","","",***,"",***,"","",***,"P",5.201,63.372,""
1,"A244_VILH_C","AP54RH504_tml.VILH","VILH_VCC_1.9500",***,"AP54RHC244_VILH",0,1,"PIN6",1,"P1","","",***,"",***,"","",***,"P",5.201,63.372,""
1,"A244_VILH_C","AP54RH504_tml.VILH","VILH_VCC_1.9500",***,"AP54RHC244_VILH",0,1,"PIN7",1,"P1","","",***,"",***,"","",***,"P",5.201,63.372,""
1,"A244_VILH_C","AP54RH504_tml.VILH","VILH_VCC_1.9500",***,"AP54RHC244_VILH",0,1,"PIN8",1,"P1","","",***,"",***,"","",***,"P",5.201,63.372,""
1,"A244_VILH_C","AP54RH504_tml.VILH","VILH_VCC_1.9500",***,"AP54RHC244_VILH",0,1,"PIN9",1,"P1","","",***,"",***,"","",***,"P",5.201,63.372,""
1,"A244_VILH_C","AP54RH504_tml.VILH","VILH_VCC_1.6500",***,"AP54RHC244_VILH",0,1,"PIN1",1,"P1","","",***,"",***,"","",***,"P",4.213,63.372,""
1,"A244_VILH_C","AP54RH504_tml.VILH","VILH_VCC_1.6500",***,"AP54RHC244_VILH",0,1,"PIN11",1,"P1","","",***,"",***,"","",***,"P",4.213,63.372,""
1,"A244_VILH_C","AP54RH504_tml.VILH","VILH_VCC_1.6500",***,"AP54RHC244_VILH",0,1,"PIN12",1,"P1","","",***,"",***,"","",***,"P",4.213,63.372,""
1,"A244_VILH_C","AP54RH504_tml.VILH","VILH_VCC_1.6500",***,"AP54RHC244_VILH",0,1,"PIN13",1,"P1","","",***,"",***,"","",***,"P",4.213,63.372,""
1,"A244_VILH_C","AP54RH504_tml.VILH","VILH_VCC_1.6500",***,"AP54RHC244_VILH",0,1,"PIN14",1,"P1","","",***,"",***,"","",***,"P",4.213,63.372,""
1,"A244_VILH_C","AP54RH504_tml.VILH","VILH_VCC_1.6500",***,"AP54RHC244_VILH",0,1,"PIN15",1,"P1","","",***,"",***,"","",***,"P",4.213,63.372,""
1,"A244_VILH_C","AP54RH504_tml.VILH","VILH_VCC_1.6500",***,"AP54RHC244_VILH",0,1,"PIN16",1,"P1","","",***,"",***,"","",***,"P",4.213,63.372,""
1,"A244_VILH_C","AP54RH504_tml.VILH","VILH_VCC_1.6500",***,"AP54RHC244_VILH",0,1,"PIN17",1,"P1","","",***,"",***,"","",***,"P",4.213,63.372,""
1,"A244_VILH_C","AP54RH504_tml.VILH","VILH_VCC_1.6500",***,"AP54RHC244_VILH",0,1,"PIN18",1,"P1","","",***,"",***,"","",***,"P",4.213,63.372,""
1,"A244_VILH_C","AP54RH504_tml.VILH","VILH_VCC_1.6500",***,"AP54RHC244_VILH",0,1,"PIN19",1,"P1","","",***,"",***,"","",***,"P",4.213,63.372,""
1,"A244_VILH_C","AP54RH504_tml.VILH","VILH_VCC_1.6500",***,"AP54RHC244_VILH",0,1,"PIN2",1,"P1","","",***,"",***,"","",***,"P",4.213,63.372,""
1,"A244_VILH_C","AP54RH504_tml.VILH","VILH_VCC_1.6500",***,"AP54RHC244_VILH",0,1,"PIN3",1,"P1","","",***,"",***,"","",***,"P",4.213,63.372,""
1,"A244_VILH_C","AP54RH504_tml.VILH","VILH_VCC_1.6500",***,"AP54RHC244_VILH",0,1,"PIN4",1,"P1","","",***,"",***,"","",***,"P",4.213,63.372,""
1,"A244_VILH_C","AP54RH504_tml.VILH","VILH_VCC_1.6500",***,"AP54RHC244_VILH",0,1,"PIN5",1,"P1","","",***,"",***,"","",***,"P",4.213,63.372,""
1,"A244_VILH_C","AP54RH504_tml.VILH","VILH_VCC_1.6500",***,"AP54RHC244_VILH",0,1,"PIN6",1,"P1","","",***,"",***,"","",***,"P",4.213,63.372,""
1,"A244_VILH_C","AP54RH504_tml.VILH","VILH_VCC_1.6500",***,"AP54RHC244_VILH",0,1,"PIN7",1,"P1","","",***,"",***,"","",***,"P",4.213,63.372,""
1,"A244_VILH_C","AP54RH504_tml.VILH","VILH_VCC_1.6500",***,"AP54RHC244_VILH",0,1,"PIN8",1,"P1","","",***,"",***,"","",***,"P",4.213,63.372,""
1,"A244_VILH_C","AP54RH504_tml.VILH","VILH_VCC_1.6500",***,"AP54RHC244_VILH",0,1,"PIN9",1,"P1","","",***,"",***,"","",***,"P",4.213,63.372,""
1,"A244_VILH_C","AP54RH504_tml.VILH","VILH_VCC_1.4000",***,"AP54RHC244_VILH",0,1,"PIN1",1,"P1","","",***,"",***,"","",***,"P",5.15,63.372,""
1,"A244_VILH_C","AP54RH504_tml.VILH","VILH_VCC_1.4000",***,"AP54RHC244_VILH",0,1,"PIN11",1,"P1","","",***,"",***,"","",***,"P",5.15,63.372,""
1,"A244_VILH_C","AP54RH504_tml.VILH","VILH_VCC_1.4000",***,"AP54RHC244_VILH",0,1,"PIN12",1,"P1","","",***,"",***,"","",***,"P",5.15,63.372,""
1,"A244_VILH_C","AP54RH504_tml.VILH","VILH_VCC_1.4000",***,"AP54RHC244_VILH",0,1,"PIN13",1,"P1","","",***,"",***,"","",***,"P",5.15,63.372,""
1,"A244_VILH_C","AP54RH504_tml.VILH","VILH_VCC_1.4000",***,"AP54RHC244_VILH",0,1,"PIN14",1,"P1","","",***,"",***,"","",***,"P",5.15,63.372,""
1,"A244_VILH_C","AP54RH504_tml.VILH","VILH_VCC_1.4000",***,"AP54RHC244_VILH",0,1,"PIN15",1,"P1","","",***,"",***,"","",***,"P",5.15,63.372,""
1,"A244_VILH_C","AP54RH504_tml.VILH","VILH_VCC_1.4000",***,"AP54RHC244_VILH",0,1,"PIN16",1,"P1","","",***,"",***,"","",***,"P",5.15,63.372,""
1,"A244_VILH_C","AP54RH504_tml.VILH","VILH_VCC_1.4000",***,"AP54RHC244_VILH",0,1,"PIN17",1,"P1","","",***,"",***,"","",***,"P",5.15,63.372,""
1,"A244_VILH_C","AP54RH504_tml.VILH","VILH_VCC_1.4000",***,"AP54RHC244_VILH",0,1,"PIN18",1,"P1","","",***,"",***,"","",***,"P",5.15,63.372,""
1,"A244_VILH_C","AP54RH504_tml.VILH","VILH_VCC_1.4000",***,"AP54RHC244_VILH",0,1,"PIN19",1,"P1","","",***,"",***,"","",***,"P",5.15,63.372,""
1,"A244_VILH_C","AP54RH504_tml.VILH","VILH_VCC_1.4000",***,"AP54RHC244_VILH",0,1,"PIN2",1,"P1","","",***,"",***,"","",***,"P",5.15,63.372,""
1,"A244_VILH_C","AP54RH504_tml.VILH","VILH_VCC_1.4000",***,"AP54RHC244_VILH",0,1,"PIN3",1,"P1","","",***,"",***,"","",***,"P",5.15,63.372,""
1,"A244_VILH_C","AP54RH504_tml.VILH","VILH_VCC_1.4000",***,"AP54RHC244_VILH",0,1,"PIN4",1,"P1","","",***,"",***,"","",***,"P",5.15,63.372,""
1,"A244_VILH_C","AP54RH504_tml.VILH","VILH_VCC_1.4000",***,"AP54RHC244_VILH",0,1,"PIN5",1,"P1","","",***,"",***,"","",***,"P",5.15,63.372,""
1,"A244_VILH_C","AP54RH504_tml.VILH","VILH_VCC_1.4000",***,"AP54RHC244_VILH",0,1,"PIN6",1,"P1","","",***,"",***,"","",***,"P",5.15,63.372,""
1,"A244_VILH_C","AP54RH504_tml.VILH","VILH_VCC_1.4000",***,"AP54RHC244_VILH",0,1,"PIN7",1,"P1","","",***,"",***,"","",***,"P",5.15,63.372,""
1,"A244_VILH_C","AP54RH504_tml.VILH","VILH_VCC_1.4000",***,"AP54RHC244_VILH",0,1,"PIN8",1,"P1","","",***,"",***,"","",***,"P",5.15,63.372,""
1,"A244_VILH_C","AP54RH504_tml.VILH","VILH_VCC_1.4000",***,"AP54RHC244_VILH",0,1,"PIN9",1,"P1","","",***,"",***,"","",***,"P",5.15,63.372,""
1,"A244_VOLH_C","AP54RH504_tml.VOL_VOH","VOL_VCCY_1.40_IOL_0.10",24411720,"AP54RHC244_TRUTH_TABLE",0,1,"PIN12",1,"P1","","",0,"<=",0.006937,"V","<=",0.03,"P",27.118,603.67,""
1,"A244_VOLH_C","AP54RH504_tml.VOL_VOH","VOL_VCCY_1.40_IOL_0.10",24411720,"AP54RHC244_TRUTH_TABLE",0,1,"PIN14",1,"P1","","",0,"<=",0.006766,"V","<=",0.03,"P",27.118,603.67,""
1,"A244_VOLH_C","AP54RH504_tml.VOL_VOH","VOL_VCCY_1.40_IOL_0.10",24411720,"AP54RHC244_TRUTH_TABLE",0,1,"PIN16",1,"P1","","",0,"<=",0.006774,"V","<=",0.03,"P",27.118,603.67,""
1,"A244_VOLH_C","AP54RH504_tml.VOL_VOH","VOL_VCCY_1.40_IOL_0.10",24411720,"AP54RHC244_TRUTH_TABLE",0,1,"PIN18",1,"P1","","",0,"<=",0.006717,"V","<=",0.03,"P",27.118,603.67,""
1,"A244_VOLH_C","AP54RH504_tml.VOL_VOH","VOL_VCCY_1.40_IOL_0.10",24411720,"AP54RHC244_TRUTH_TABLE",0,1,"PIN3",1,"P1","","",0,"<=",0.006831,"V","<=",0.03,"P",27.118,603.67,""
1,"A244_VOLH_C","AP54RH504_tml.VOL_VOH","VOL_VCCY_1.40_IOL_0.10",24411720,"AP54RHC244_TRUTH_TABLE",0,1,"PIN5",1,"P1","","",0,"<=",0.006717,"V","<=",0.03,"P",27.118,603.67,""
1,"A244_VOLH_C","AP54RH504_tml.VOL_VOH","VOL_VCCY_1.40_IOL_0.10",24411720,"AP54RHC244_TRUTH_TABLE",0,1,"PIN7",1,"P1","","",0,"<=",0.006823,"V","<=",0.03,"P",27.118,603.67,""
1,"A244_VOLH_C","AP54RH504_tml.VOL_VOH","VOL_VCCY_1.40_IOL_0.10",24411720,"AP54RHC244_TRUTH_TABLE",0,1,"PIN9",1,"P1","","",0,"<=",0.006823,"V","<=",0.03,"P",27.118,603.67,""
1,"A244_VOLH_C","AP54RH504_tml.VOL_VOH","VOH_VCCY_1.40_IOH_-0.10",24411730,"AP54RHC244_TRUTH_TABLE",0,1,"PIN12",1,"P1","","",1.37,"<=",1.39349,"V","<=",1.4,"P",10.491,603.67,""
1,"A244_VOLH_C","AP54RH504_tml.VOL_VOH","VOH_VCCY_1.40_IOH_-0.10",24411730,"AP54RHC244_TRUTH_TABLE",0,1,"PIN14",1,"P1","","",1.37,"<=",1.39358,"V","<=",1.4,"P",10.491,603.67,""
1,"A244_VOLH_C","AP54RH504_tml.VOL_VOH","VOH_VCCY_1.40_IOH_-0.10",24411730,"AP54RHC244_TRUTH_TABLE",0,1,"PIN16",1,"P1","","",1.37,"<=",1.3933,"V","<=",1.4,"P",10.491,603.67,""
1,"A244_VOLH_C","AP54RH504_tml.VOL_VOH","VOH_VCCY_1.40_IOH_-0.10",24411730,"AP54RHC244_TRUTH_TABLE",0,1,"PIN18",1,"P1","","",1.37,"<=",1.39328,"V","<=",1.4,"P",10.491,603.67,""
1,"A244_VOLH_C","AP54RH504_tml.VOL_VOH","VOH_VCCY_1.40_IOH_-0.10",24411730,"AP54RHC244_TRUTH_TABLE",0,1,"PIN3",1,"P1","","",1.37,"<=",1.39325,"V","<=",1.4,"P",10.491,603.67,""
1,"A244_VOLH_C","AP54RH504_tml.VOL_VOH","VOH_VCCY_1.40_IOH_-0.10",24411730,"AP54RHC244_TRUTH_TABLE",0,1,"PIN5",1,"P1","","",1.37,"<=",1.39311,"V","<=",1.4,"P",10.491,603.67,""
1,"A244_VOLH_C","AP54RH504_tml.VOL_VOH","VOH_VCCY_1.40_IOH_-0.10",24411730,"AP54RHC244_TRUTH_TABLE",0,1,"PIN7",1,"P1","","",1.37,"<=",1.39315,"V","<=",1.4,"P",10.491,603.67,""
1,"A244_VOLH_C","AP54RH504_tml.VOL_VOH","VOH_VCCY_1.40_IOH_-0.10",24411730,"AP54RHC244_TRUTH_TABLE",0,1,"PIN9",1,"P1","","",1.37,"<=",1.39309,"V","<=",1.4,"P",10.491,603.67,""
1,"A244_VOLH_C","AP54RH504_tml.VOL_VOH","VOL_VCCY_5.50_IOL_0.10",24411220,"AP54RHC244_TRUTH_TABLE",0,1,"PIN12",1,"P1","","",0,"<=",0.003296,"V","<=",0.03,"P",17.847,603.67,""
1,"A244_VOLH_C","AP54RH504_tml.VOL_VOH","VOL_VCCY_5.50_IOL_0.10",24411220,"AP54RHC244_TRUTH_TABLE",0,1,"PIN14",1,"P1","","",0,"<=",0.003182,"V","<=",0.03,"P",17.847,603.67,""
1,"A244_VOLH_C","AP54RH504_tml.VOL_VOH","VOL_VCCY_5.50_IOL_0.10",24411220,"AP54RHC244_TRUTH_TABLE",0,1,"PIN16",1,"P1","","",0,"<=",0.003299,"V","<=",0.03,"P",17.847,603.67,""
1,"A244_VOLH_C","AP54RH504_tml.VOL_VOH","VOL_VCCY_5.50_IOL_0.10",24411220,"AP54RHC244_TRUTH_TABLE",0,1,"PIN18",1,"P1","","",0,"<=",0.003071,"V","<=",0.03,"P",17.847,603.67,""
1,"A244_VOLH_C","AP54RH504_tml.VOL_VOH","VOL_VCCY_5.50_IOL_0.10",24411220,"AP54RHC244_TRUTH_TABLE",0,1,"PIN3",1,"P1","","",0,"<=",0.003242,"V","<=",0.03,"P",17.847,603.67,""
1,"A244_VOLH_C","AP54RH504_tml.VOL_VOH","VOL_VCCY_5.50_IOL_0.10",24411220,"AP54RHC244_TRUTH_TABLE",0,1,"PIN5",1,"P1","","",0,"<=",0.003242,"V","<=",0.03,"P",17.847,603.67,""
1,"A244_VOLH_C","AP54RH504_tml.VOL_VOH","VOL_VCCY_5.50_IOL_0.10",24411220,"AP54RHC244_TRUTH_TABLE",0,1,"PIN7",1,"P1","","",0,"<=",0.003239,"V","<=",0.03,"P",17.847,603.67,""
1,"A244_VOLH_C","AP54RH504_tml.VOL_VOH","VOL_VCCY_5.50_IOL_0.10",24411220,"AP54RHC244_TRUTH_TABLE",0,1,"PIN9",1,"P1","","",0,"<=",0.003182,"V","<=",0.03,"P",17.847,603.67,""
1,"A244_VOLH_C","AP54RH504_tml.VOL_VOH","VOH_VCCY_5.50_IOH_-0.10",24411230,"AP54RHC244_TRUTH_TABLE",0,1,"PIN12",1,"P1","","",5.405,"<=",5.49475,"V","<=",5.5,"P",8.447,603.67,""
1,"A244_VOLH_C","AP54RH504_tml.VOL_VOH","VOH_VCCY_5.50_IOH_-0.10",24411230,"AP54RHC244_TRUTH_TABLE",0,1,"PIN14",1,"P1","","",5.405,"<=",5.4946,"V","<=",5.5,"P",8.447,603.67,""
1,"A244_VOLH_C","AP54RH504_tml.VOL_VOH","VOH_VCCY_5.50_IOH_-0.10",24411230,"AP54RHC244_TRUTH_TABLE",0,1,"PIN16",1,"P1","","",5.405,"<=",5.49463,"V","<=",5.5,"P",8.447,603.67,""
1,"A244_VOLH_C","AP54RH504_tml.VOL_VOH","VOH_VCCY_5.50_IOH_-0.10",24411230,"AP54RHC244_TRUTH_TABLE",0,1,"PIN18",1,"P1","","",5.405,"<=",5.49458,"V","<=",5.5,"P",8.447,603.67,""
1,"A244_VOLH_C","AP54RH504_tml.VOL_VOH","VOH_VCCY_5.50_IOH_-0.10",24411230,"AP54RHC244_TRUTH_TABLE",0,1,"PIN3",1,"P1","","",5.405,"<=",5.49463,"V","<=",5.5,"P",8.447,603.67,""
1,"A244_VOLH_C","AP54RH504_tml.VOL_VOH","VOH_VCCY_5.50_IOH_-0.10",24411230,"AP54RHC244_TRUTH_TABLE",0,1,"PIN5",1,"P1","","",5.405,"<=",5.49456,"V","<=",5.5,"P",8.447,603.67,""
1,"A244_VOLH_C","AP54RH504_tml.VOL_VOH","VOH_VCCY_5.50_IOH_-0.10",24411230,"AP54RHC244_TRUTH_TABLE",0,1,"PIN7",1,"P1","","",5.405,"<=",5.4943,"V","<=",5.5,"P",8.447,603.67,""
1,"A244_VOLH_C","AP54RH504_tml.VOL_VOH","VOH_VCCY_5.50_IOH_-0.10",24411230,"AP54RHC244_TRUTH_TABLE",0,1,"PIN9",1,"P1","","",5.405,"<=",5.4943,"V","<=",5.5,"P",8.447,603.67,""
1,"A244_VOLH_C","AP54RH504_tml.VOL_VOH","VOL_VCCY_1.65_IOL_1.00",24411240,"AP54RHC244_TRUTH_TABLE",0,1,"PIN12",1,"P1","","",0,"<=",0.056036,"V","<=",0.075,"P",7.718,603.67,""
1,"A244_VOLH_C","AP54RH504_tml.VOL_VOH","VOL_VCCY_1.65_IOL_1.00",24411240,"AP54RHC244_TRUTH_TABLE",0,1,"PIN14",1,"P1","","",0,"<=",0.056094,"V","<=",0.075,"P",7.718,603.67,""
1,"A244_VOLH_C","AP54RH504_tml.VOL_VOH","VOL_VCCY_1.65_IOL_1.00",24411240,"AP54RHC244_TRUTH_TABLE",0,1,"PIN16",1,"P1","","",0,"<=",0.055869,"V","<=",0.075,"P",7.718,603.67,""
1,"A244_VOLH_C","AP54RH504_tml.VOL_VOH","VOL_VCCY_1.65_IOL_1.00",24411240,"AP54RHC244_TRUTH_TABLE",0,1,"PIN18",1,"P1","","",0,"<=",0.055757,"V","<=",0.075,"P",7.718,603.67,""
1,"A244_VOLH_C","AP54RH504_tml.VOL_VOH","VOL_VCCY_1.65_IOL_1.00",24411240,"AP54RHC244_TRUTH_TABLE",0,1,"PIN3",1,"P1","","",0,"<=",0.05553,"V","<=",0.075,"P",7.718,603.67,""
1,"A244_VOLH_C","AP54RH504_tml.VOL_VOH","VOL_VCCY_1.65_IOL_1.00",24411240,"AP54RHC244_TRUTH_TABLE",0,1,"PIN5",1,"P1","","",0,"<=",0.055472,"V","<=",0.075,"P",7.718,603.67,""
1,"A244_VOLH_C","AP54RH504_tml.VOL_VOH","VOL_VCCY_1.65_IOL_1.00",24411240,"AP54RHC244_TRUTH_TABLE",0,1,"PIN7",1,"P1","","",0,"<=",0.055751,"V","<=",0.075,"P",7.718,603.67,""
1,"A244_VOLH_C","AP54RH504_tml.VOL_VOH","VOL_VCCY_1.65_IOL_1.00",24411240,"AP54RHC244_TRUTH_TABLE",0,1,"PIN9",1,"P1","","",0,"<=",0.055353,"V","<=",0.075,"P",7.718,603.67,""
1,"A244_VOLH_C","AP54RH504_tml.VOL_VOH","VOH_VCCY_1.65_IOH_-1.00",24411250,"AP54RHC244_TRUTH_TABLE",0,1,"PIN12",1,"P1","","",1.55,"<=",1.59694,"V","<=",1.65,"P",8.426,603.67,""
1,"A244_VOLH_C","AP54RH504_tml.VOL_VOH","VOH_VCCY_1.65_IOH_-1.00",24411250,"AP54RHC244_TRUTH_TABLE",0,1,"PIN14",1,"P1","","",1.55,"<=",1.59623,"V","<=",1.65,"P",8.426,603.67,""
1,"A244_VOLH_C","AP54RH504_tml.VOL_VOH","VOH_VCCY_1.65_IOH_-1.00",24411250,"AP54RHC244_TRUTH_TABLE",0,1,"PIN16",1,"P1","","",1.55,"<=",1.59544,"V","<=",1.65,"P",8.426,603.67,""
1,"A244_VOLH_C","AP54RH504_tml.VOL_VOH","VOH_VCCY_1.65_IOH_-1.00",24411250,"AP54RHC244_TRUTH_TABLE",0,1,"PIN18",1,"P1","","",1.55,"<=",1.59479,"V","<=",1.65,"P",8.426,603.67,""
1,"A244_VOLH_C","AP54RH504_tml.VOL_VOH","VOH_VCCY_1.65_IOH_-1.00",24411250,"AP54RHC244_TRUTH_TABLE",0,1,"PIN3",1,"P1","","",1.55,"<=",1.59466,"V","<=",1.65,"P",8.426,603.67,""
1,"A244_VOLH_C","AP54RH504_tml.VOL_VOH","VOH_VCCY_1.65_IOH_-1.00",24411250,"AP54RHC244_TRUTH_TABLE",0,1,"PIN5",1,"P1","","",1.55,"<=",1.59371,"V","<=",1.65,"P",8.426,603.67,""
1,"A244_VOLH_C","AP54RH504_tml.VOL_VOH","VOH_VCCY_1.65_IOH_-1.00",24411250,"AP54RHC244_TRUTH_TABLE",0,1,"PIN7",1,"P1","","",1.55,"<=",1.59284,"V","<=",1.65,"P",8.426,603.67,""
1,"A244_VOLH_C","AP54RH504_tml.VOL_VOH","VOH_VCCY_1.65_IOH_-1.00",24411250,"AP54RHC244_TRUTH_TABLE",0,1,"PIN9",1,"P1","","",1.55,"<=",1.59199,"V","<=",1.65,"P",8.426,603.67,""
1,"A244_VOLH_C","AP54RH504_tml.VOL_VOH","VOL_VCCY_5.50_IOL_1.00",24411260,"AP54RHC244_TRUTH_TABLE",0,1,"PIN12",1,"P1","","",0,"<=",0.030434,"V","<=",0.075,"P",17.875,603.67,""
1,"A244_VOLH_C","AP54RH504_tml.VOL_VOH","VOL_VCCY_5.50_IOL_1.00",24411260,"AP54RHC244_TRUTH_TABLE",0,1,"PIN14",1,"P1","","",0,"<=",0.030378,"V","<=",0.075,"P",17.875,603.67,""
1,"A244_VOLH_C","AP54RH504_tml.VOL_VOH","VOL_VCCY_5.50_IOL_1.00",24411260,"AP54RHC244_TRUTH_TABLE",0,1,"PIN16",1,"P1","","",0,"<=",0.030296,"V","<=",0.075,"P",17.875,603.67,""
1,"A244_VOLH_C","AP54RH504_tml.VOL_VOH","VOL_VCCY_5.50_IOL_1.00",24411260,"AP54RHC244_TRUTH_TABLE",0,1,"PIN18",1,"P1","","",0,"<=",0.030126,"V","<=",0.075,"P",17.875,603.67,""
1,"A244_VOLH_C","AP54RH504_tml.VOL_VOH","VOL_VCCY_5.50_IOL_1.00",24411260,"AP54RHC244_TRUTH_TABLE",0,1,"PIN3",1,"P1","","",0,"<=",0.029956,"V","<=",0.075,"P",17.875,603.67,""
1,"A244_VOLH_C","AP54RH504_tml.VOL_VOH","VOL_VCCY_5.50_IOL_1.00",24411260,"AP54RHC244_TRUTH_TABLE",0,1,"PIN5",1,"P1","","",0,"<=",0.029955,"V","<=",0.075,"P",17.875,603.67,""
1,"A244_VOLH_C","AP54RH504_tml.VOL_VOH","VOL_VCCY_5.50_IOL_1.00",24411260,"AP54RHC244_TRUTH_TABLE",0,1,"PIN7",1,"P1","","",0,"<=",0.030149,"V","<=",0.075,"P",17.875,603.67,""
1,"A244_VOLH_C","AP54RH504_tml.VOL_VOH","VOL_VCCY_5.50_IOL_1.00",24411260,"AP54RHC244_TRUTH_TABLE",0,1,"PIN9",1,"P1","","",0,"<=",0.029694,"V","<=",0.075,"P",17.875,603.67,""
1,"A244_VOLH_C","AP54RH504_tml.VOL_VOH","VOH_VCCY_5.50_IOH_-1.00",24411270,"AP54RHC244_TRUTH_TABLE",0,1,"PIN12",1,"P1","","",5.4,"<=",5.47188,"V","<=",5.5,"P",8.736,603.67,""
1,"A244_VOLH_C","AP54RH504_tml.VOL_VOH","VOH_VCCY_5.50_IOH_-1.00",24411270,"AP54RHC244_TRUTH_TABLE",0,1,"PIN14",1,"P1","","",5.4,"<=",5.47122,"V","<=",5.5,"P",8.736,603.67,""
1,"A244_VOLH_C","AP54RH504_tml.VOL_VOH","VOH_VCCY_5.50_IOH_-1.00",24411270,"AP54RHC244_TRUTH_TABLE",0,1,"PIN16",1,"P1","","",5.4,"<=",5.47066,"V","<=",5.5,"P",8.736,603.67,""
1,"A244_VOLH_C","AP54RH504_tml.VOL_VOH","VOH_VCCY_5.50_IOH_-1.00",24411270,"AP54RHC244_TRUTH_TABLE",0,1,"PIN18",1,"P1","","",5.4,"<=",5.46986,"V","<=",5.5,"P",8.736,603.67,""
1,"A244_VOLH_C","AP54RH504_tml.VOL_VOH","VOH_VCCY_5.50_IOH_-1.00",24411270,"AP54RHC244_TRUTH_TABLE",0,1,"PIN3",1,"P1","","",5.4,"<=",5.46997,"V","<=",5.5,"P",8.736,603.67,""
1,"A244_VOLH_C","AP54RH504_tml.VOL_VOH","VOH_VCCY_5.50_IOH_-1.00",24411270,"AP54RHC244_TRUTH_TABLE",0,1,"PIN5",1,"P1","","",5.4,"<=",5.46881,"V","<=",5.5,"P",8.736,603.67,""
1,"A244_VOLH_C","AP54RH504_tml.VOL_VOH","VOH_VCCY_5.50_IOH_-1.00",24411270,"AP54RHC244_TRUTH_TABLE",0,1,"PIN7",1,"P1","","",5.4,"<=",5.4679,"V","<=",5.5,"P",8.736,603.67,""
1,"A244_VOLH_C","AP54RH504_tml.VOL_VOH","VOH_VCCY_5.50_IOH_-1.00",24411270,"AP54RHC244_TRUTH_TABLE",0,1,"PIN9",1,"P1","","",5.4,"<=",5.46699,"V","<=",5.5,"P",8.736,603.67,""
1,"A244_VOLH_C","AP54RH504_tml.VOL_VOH","VOL_VCCY_1.65_IOL_4.00",24411660,"AP54RHC244_TRUTH_TABLE",0,1,"PIN12",1,"P1","","",0,"<=",0.240996,"V","<=",0.55,"P",8.403,603.67,""
1,"A244_VOLH_C","AP54RH504_tml.VOL_VOH","VOL_VCCY_1.65_IOL_4.00",24411660,"AP54RHC244_TRUTH_TABLE",0,1,"PIN14",1,"P1","","",0,"<=",0.242026,"V","<=",0.55,"P",8.403,603.67,""
1,"A244_VOLH_C","AP54RH504_tml.VOL_VOH","VOL_VCCY_1.65_IOL_4.00",24411660,"AP54RHC244_TRUTH_TABLE",0,1,"PIN16",1,"P1","","",0,"<=",0.241146,"V","<=",0.55,"P",8.403,603.67,""
1,"A244_VOLH_C","AP54RH504_tml.VOL_VOH","VOL_VCCY_1.65_IOL_4.00",24411660,"AP54RHC244_TRUTH_TABLE",0,1,"PIN18",1,"P1","","",0,"<=",0.241322,"V","<=",0.55,"P",8.403,603.67,""
1,"A244_VOLH_C","AP54RH504_tml.VOL_VOH","VOL_VCCY_1.65_IOL_4.00",24411660,"AP54RHC244_TRUTH_TABLE",0,1,"PIN3",1,"P1","","",0,"<=",0.23979,"V","<=",0.55,"P",8.403,603.67,""
1,"A244_VOLH_C","AP54RH504_tml.VOL_VOH","VOL_VCCY_1.65_IOL_4.00",24411660,"AP54RHC244_TRUTH_TABLE",0,1,"PIN5",1,"P1","","",0,"<=",0.239329,"V","<=",0.55,"P",8.403,603.67,""
1,"A244_VOLH_C","AP54RH504_tml.VOL_VOH","VOL_VCCY_1.65_IOL_4.00",24411660,"AP54RHC244_TRUTH_TABLE",0,1,"PIN7",1,"P1","","",0,"<=",0.240484,"V","<=",0.55,"P",8.403,603.67,""
1,"A244_VOLH_C","AP54RH504_tml.VOL_VOH","VOL_VCCY_1.65_IOL_4.00",24411660,"AP54RHC244_TRUTH_TABLE",0,1,"PIN9",1,"P1","","",0,"<=",0.238038,"V","<=",0.55,"P",8.403,603.67,""
1,"A244_VOLH_C","AP54RH504_tml.VOL_VOH","VOH_VCCY_1.65_IOH_-4.00",24411670,"AP54RHC244_TRUTH_TABLE",0,1,"PIN12",1,"P1","","",1.25,"<=",1.4291,"V","<=",1.65,"P",9.131,603.67,""
1,"A244_VOLH_C","AP54RH504_tml.VOL_VOH","VOH_VCCY_1.65_IOH_-4.00",24411670,"AP54RHC244_TRUTH_TABLE",0,1,"PIN14",1,"P1","","",1.25,"<=",1.4264,"V","<=",1.65,"P",9.131,603.67,""
1,"A244_VOLH_C","AP54RH504_tml.VOL_VOH","VOH_VCCY_1.65_IOH_-4.00",24411670,"AP54RHC244_TRUTH_TABLE",0,1,"PIN16",1,"P1","","",1.25,"<=",1.42241,"V","<=",1.65,"P",9.131,603.67,""
1,"A244_VOLH_C","AP54RH504_tml.VOL_VOH","VOH_VCCY_1.65_IOH_-4.00",24411670,"AP54RHC244_TRUTH_TABLE",0,1,"PIN18",1,"P1","","",1.25,"<=",1.42073,"V","<=",1.65,"P",9.131,603.67,""
1,"A244_VOLH_C","AP54RH504_tml.VOL_VOH","VOH_VCCY_1.65_IOH_-4.00",24411670,"AP54RHC244_TRUTH_TABLE",0,1,"PIN3",1,"P1","","",1.25,"<=",1.41911,"V","<=",1.65,"P",9.131,603.67,""
1,"A244_VOLH_C","AP54RH504_tml.VOL_VOH","VOH_VCCY_1.65_IOH_-4.00",24411670,"AP54RHC244_TRUTH_TABLE",0,1,"PIN5",1,"P1","","",1.25,"<=",1.41492,"V","<=",1.65,"P",9.131,603.67,""
1,"A244_VOLH_C","AP54RH504_tml.VOL_VOH","VOH_VCCY_1.65_IOH_-4.00",24411670,"AP54RHC244_TRUTH_TABLE",0,1,"PIN7",1,"P1","","",1.25,"<=",1.41146,"V","<=",1.65,"P",9.131,603.67,""
1,"A244_VOLH_C","AP54RH504_tml.VOL_VOH","VOH_VCCY_1.65_IOH_-4.00",24411670,"AP54RHC244_TRUTH_TABLE",0,1,"PIN9",1,"P1","","",1.25,"<=",1.40686,"V","<=",1.65,"P",9.131,603.67,""
1,"A244_VOLH_C","AP54RH504_tml.VOL_VOH","VOL_VCCY_1.95_IOL_4.00",24411280,"AP54RHC244_TRUTH_TABLE",0,1,"PIN12",1,"P1","","",0,"<=",0.198042,"V","<=",0.55,"P",18.644,603.67,""
1,"A244_VOLH_C","AP54RH504_tml.VOL_VOH","VOL_VCCY_1.95_IOL_4.00",24411280,"AP54RHC244_TRUTH_TABLE",0,1,"PIN14",1,"P1","","",0,"<=",0.198672,"V","<=",0.55,"P",18.644,603.67,""
1,"A244_VOLH_C","AP54RH504_tml.VOL_VOH","VOL_VCCY_1.95_IOL_4.00",24411280,"AP54RHC244_TRUTH_TABLE",0,1,"PIN16",1,"P1","","",0,"<=",0.197917,"V","<=",0.55,"P",18.644,603.67,""
1,"A244_VOLH_C","AP54RH504_tml.VOL_VOH","VOL_VCCY_1.95_IOL_4.00",24411280,"AP54RHC244_TRUTH_TABLE",0,1,"PIN18",1,"P1","","",0,"<=",0.198149,"V","<=",0.55,"P",18.644,603.67,""
1,"A244_VOLH_C","AP54RH504_tml.VOL_VOH","VOL_VCCY_1.95_IOL_4.00",24411280,"AP54RHC244_TRUTH_TABLE",0,1,"PIN3",1,"P1","","",0,"<=",0.196559,"V","<=",0.55,"P",18.644,603.67,""
1,"A244_VOLH_C","AP54RH504_tml.VOL_VOH","VOL_VCCY_1.95_IOL_4.00",24411280,"AP54RHC244_TRUTH_TABLE",0,1,"PIN5",1,"P1","","",0,"<=",0.196668,"V","<=",0.55,"P",18.644,603.67,""
1,"A244_VOLH_C","AP54RH504_tml.VOL_VOH","VOL_VCCY_1.95_IOL_4.00",24411280,"AP54RHC244_TRUTH_TABLE",0,1,"PIN7",1,"P1","","",0,"<=",0.19753,"V","<=",0.55,"P",18.644,603.67,""
1,"A244_VOLH_C","AP54RH504_tml.VOL_VOH","VOL_VCCY_1.95_IOL_4.00",24411280,"AP54RHC244_TRUTH_TABLE",0,1,"PIN9",1,"P1","","",0,"<=",0.195311,"V","<=",0.55,"P",18.644,603.67,""
1,"A244_VOLH_C","AP54RH504_tml.VOL_VOH","VOH_VCCY_1.95_IOH_-4.00",24411290,"AP54RHC244_TRUTH_TABLE",0,1,"PIN12",1,"P1","","",1.455,"<=",1.76494,"V","<=",1.95,"P",9.235,603.67,""
1,"A244_VOLH_C","AP54RH504_tml.VOL_VOH","VOH_VCCY_1.95_IOH_-4.00",24411290,"AP54RHC244_TRUTH_TABLE",0,1,"PIN14",1,"P1","","",1.455,"<=",1.76242,"V","<=",1.95,"P",9.235,603.67,""
1,"A244_VOLH_C","AP54RH504_tml.VOL_VOH","VOH_VCCY_1.95_IOH_-4.00",24411290,"AP54RHC244_TRUTH_TABLE",0,1,"PIN16",1,"P1","","",1.455,"<=",1.75884,"V","<=",1.95,"P",9.235,603.67,""
1,"A244_VOLH_C","AP54RH504_tml.VOL_VOH","VOH_VCCY_1.95_IOH_-4.00",24411290,"AP54RHC244_TRUTH_TABLE",0,1,"PIN18",1,"P1","","",1.455,"<=",1.75712,"V","<=",1.95,"P",9.235,603.67,""
1,"A244_VOLH_C","AP54RH504_tml.VOL_VOH","VOH_VCCY_1.95_IOH_-4.00",24411290,"AP54RHC244_TRUTH_TABLE",0,1,"PIN3",1,"P1","","",1.455,"<=",1.7559,"V","<=",1.95,"P",9.235,603.67,""
1,"A244_VOLH_C","AP54RH504_tml.VOL_VOH","VOH_VCCY_1.95_IOH_-4.00",24411290,"AP54RHC244_TRUTH_TABLE",0,1,"PIN5",1,"P1","","",1.455,"<=",1.75182,"V","<=",1.95,"P",9.235,603.67,""
1,"A244_VOLH_C","AP54RH504_tml.VOL_VOH","VOH_VCCY_1.95_IOH_-4.00",24411290,"AP54RHC244_TRUTH_TABLE",0,1,"PIN7",1,"P1","","",1.455,"<=",1.74827,"V","<=",1.95,"P",9.235,603.67,""
1,"A244_VOLH_C","AP54RH504_tml.VOL_VOH","VOH_VCCY_1.95_IOH_-4.00",24411290,"AP54RHC244_TRUTH_TABLE",0,1,"PIN9",1,"P1","","",1.455,"<=",1.74401,"V","<=",1.95,"P",9.235,603.67,""
1,"A244_VOLH_C","AP54RH504_tml.VOL_VOH","VOL_VCCY_2.30_IOL_4.00",24411300,"AP54RHC244_TRUTH_TABLE",0,1,"PIN12",1,"P1","","",0,"<=",0.171871,"V","<=",0.54,"P",18.477,603.67,""
1,"A244_VOLH_C","AP54RH504_tml.VOL_VOH","VOL_VCCY_2.30_IOL_4.00",24411300,"AP54RHC244_TRUTH_TABLE",0,1,"PIN14",1,"P1","","",0,"<=",0.17233,"V","<=",0.54,"P",18.477,603.67,""
1,"A244_VOLH_C","AP54RH504_tml.VOL_VOH","VOL_VCCY_2.30_IOL_4.00",24411300,"AP54RHC244_TRUTH_TABLE",0,1,"PIN16",1,"P1","","",0,"<=",0.17166,"V","<=",0.54,"P",18.477,603.67,""
1,"A244_VOLH_C","AP54RH504_tml.VOL_VOH","VOL_VCCY_2.30_IOL_4.00",24411300,"AP54RHC244_TRUTH_TABLE",0,1,"PIN18",1,"P1","","",0,"<=",0.171949,"V","<=",0.54,"P",18.477,603.67,""
1,"A244_VOLH_C","AP54RH504_tml.VOL_VOH","VOL_VCCY_2.30_IOL_4.00",24411300,"AP54RHC244_TRUTH_TABLE",0,1,"PIN3",1,"P1","","",0,"<=",0.170358,"V","<=",0.54,"P",18.477,603.67,""
1,"A244_VOLH_C","AP54RH504_tml.VOL_VOH","VOL_VCCY_2.30_IOL_4.00",24411300,"AP54RHC244_TRUTH_TABLE",0,1,"PIN5",1,"P1","","",0,"<=",0.170525,"V","<=",0.54,"P",18.477,603.67,""
1,"A244_VOLH_C","AP54RH504_tml.VOL_VOH","VOL_VCCY_2.30_IOL_4.00",24411300,"AP54RHC244_TRUTH_TABLE",0,1,"PIN7",1,"P1","","",0,"<=",0.171359,"V","<=",0.54,"P",18.477,603.67,""
1,"A244_VOLH_C","AP54RH504_tml.VOL_VOH","VOL_VCCY_2.30_IOL_4.00",24411300,"AP54RHC244_TRUTH_TABLE",0,1,"PIN9",1,"P1","","",0,"<=",0.169254,"V","<=",0.54,"P",18.477,603.67,""
1,"A244_VOLH_C","AP54RH504_tml.VOL_VOH","VOH_VCCY_2.30_IOH_-4.00",24411310,"AP54RHC244_TRUTH_TABLE",0,1,"PIN12",1,"P1","","",1.805,"<=",2.13885,"V","<=",2.3,"P",9.136,603.67,""
1,"A244_VOLH_C","AP54RH504_tml.VOL_VOH","VOH_VCCY_2.30_IOH_-4.00",24411310,"AP54RHC244_TRUTH_TABLE",0,1,"PIN14",1,"P1","","",1.805,"<=",2.13651,"V","<=",2.3,"P",9.136,603.67,""
1,"A244_VOLH_C","AP54RH504_tml.VOL_VOH","VOH_VCCY_2.30_IOH_-4.00",24411310,"AP54RHC244_TRUTH_TABLE",0,1,"PIN16",1,"P1","","",1.805,"<=",2.1331,"V","<=",2.3,"P",9.136,603.67,""
1,"A244_VOLH_C","AP54RH504_tml.VOL_VOH","VOH_VCCY_2.30_IOH_-4.00",24411310,"AP54RHC244_TRUTH_TABLE",0,1,"PIN18",1,"P1","","",1.805,"<=",2.13138,"V","<=",2.3,"P",9.136,603.67,""
1,"A244_VOLH_C","AP54RH504_tml.VOL_VOH","VOH_VCCY_2.30_IOH_-4.00",24411310,"AP54RHC244_TRUTH_TABLE",0,1,"PIN3",1,"P1","","",1.805,"<=",2.13041,"V","<=",2.3,"P",9.136,603.67,""
1,"A244_VOLH_C","AP54RH504_tml.VOL_VOH","VOH_VCCY_2.30_IOH_-4.00",24411310,"AP54RHC244_TRUTH_TABLE",0,1,"PIN5",1,"P1","","",1.805,"<=",2.12626,"V","<=",2.3,"P",9.136,603.67,""
1,"A244_VOLH_C","AP54RH504_tml.VOL_VOH","VOH_VCCY_2.30_IOH_-4.00",24411310,"AP54RHC244_TRUTH_TABLE",0,1,"PIN7",1,"P1","","",1.805,"<=",2.12252,"V","<=",2.3,"P",9.136,603.67,""
1,"A244_VOLH_C","AP54RH504_tml.VOL_VOH","VOH_VCCY_2.30_IOH_-4.00",24411310,"AP54RHC244_TRUTH_TABLE",0,1,"PIN9",1,"P1","","",1.805,"<=",2.11871,"V","<=",2.3,"P",9.136,603.67,""
1,"A244_VOLH_C","AP54RH504_tml.VOL_VOH","VOL_VCCY_3.00_IOL_4.00",24411320,"AP54RHC244_TRUTH_TABLE",0,1,"PIN12",1,"P1","","",0,"<=",0.1457,"V","<=",0.34,"P",18.172,603.67,""
1,"A244_VOLH_C","AP54RH504_tml.VOL_VOH","VOL_VCCY_3.00_IOL_4.00",24411320,"AP54RHC244_TRUTH_TABLE",0,1,"PIN14",1,"P1","","",0,"<=",0.146101,"V","<=",0.34,"P",18.172,603.67,""
1,"A244_VOLH_C","AP54RH504_tml.VOL_VOH","VOL_VCCY_3.00_IOL_4.00",24411320,"AP54RHC244_TRUTH_TABLE",0,1,"PIN16",1,"P1","","",0,"<=",0.145574,"V","<=",0.34,"P",18.172,603.67,""
1,"A244_VOLH_C","AP54RH504_tml.VOL_VOH","VOL_VCCY_3.00_IOL_4.00",24411320,"AP54RHC244_TRUTH_TABLE",0,1,"PIN18",1,"P1","","",0,"<=",0.145749,"V","<=",0.34,"P",18.172,603.67,""
1,"A244_VOLH_C","AP54RH504_tml.VOL_VOH","VOL_VCCY_3.00_IOL_4.00",24411320,"AP54RHC244_TRUTH_TABLE",0,1,"PIN3",1,"P1","","",0,"<=",0.144157,"V","<=",0.34,"P",18.172,603.67,""
1,"A244_VOLH_C","AP54RH504_tml.VOL_VOH","VOL_VCCY_3.00_IOL_4.00",24411320,"AP54RHC244_TRUTH_TABLE",0,1,"PIN5",1,"P1","","",0,"<=",0.144553,"V","<=",0.34,"P",18.172,603.67,""
1,"A244_VOLH_C","AP54RH504_tml.VOL_VOH","VOL_VCCY_3.00_IOL_4.00",24411320,"AP54RHC244_TRUTH_TABLE",0,1,"PIN7",1,"P1","","",0,"<=",0.145074,"V","<=",0.34,"P",18.172,603.67,""
1,"A244_VOLH_C","AP54RH504_tml.VOL_VOH","VOL_VCCY_3.00_IOL_4.00",24411320,"AP54RHC244_TRUTH_TABLE",0,1,"PIN9",1,"P1","","",0,"<=",0.14314,"V","<=",0.34,"P",18.172,603.67,""
1,"A244_VOLH_C","AP54RH504_tml.VOL_VOH","VOH_VCCY_3.00_IOH_-4.00",24411330,"AP54RHC244_TRUTH_TABLE",0,1,"PIN12",1,"P1","","",2.605,"<=",2.8648,"V","<=",3,"P",8.767,603.67,""
1,"A244_VOLH_C","AP54RH504_tml.VOL_VOH","VOH_VCCY_3.00_IOH_-4.00",24411330,"AP54RHC244_TRUTH_TABLE",0,1,"PIN14",1,"P1","","",2.605,"<=",2.86247,"V","<=",3,"P",8.767,603.67,""
1,"A244_VOLH_C","AP54RH504_tml.VOL_VOH","VOH_VCCY_3.00_IOH_-4.00",24411330,"AP54RHC244_TRUTH_TABLE",0,1,"PIN16",1,"P1","","",2.605,"<=",2.85933,"V","<=",3,"P",8.767,603.67,""
1,"A244_VOLH_C","AP54RH504_tml.VOL_VOH","VOH_VCCY_3.00_IOH_-4.00",24411330,"AP54RHC244_TRUTH_TABLE",0,1,"PIN18",1,"P1","","",2.605,"<=",2.85745,"V","<=",3,"P",8.767,603.67,""
1,"A244_VOLH_C","AP54RH504_tml.VOL_VOH","VOH_VCCY_3.00_IOH_-4.00",24411330,"AP54RHC244_TRUTH_TABLE",0,1,"PIN3",1,"P1","","",2.605,"<=",2.85672,"V","<=",3,"P",8.767,603.67,""
1,"A244_VOLH_C","AP54RH504_tml.VOL_VOH","VOH_VCCY_3.00_IOH_-4.00",24411330,"AP54RHC244_TRUTH_TABLE",0,1,"PIN5",1,"P1","","",2.605,"<=",2.85256,"V","<=",3,"P",8.767,603.67,""
1,"A244_VOLH_C","AP54RH504_tml.VOL_VOH","VOH_VCCY_3.00_IOH_-4.00",24411330,"AP54RHC244_TRUTH_TABLE",0,1,"PIN7",1,"P1","","",2.605,"<=",2.84887,"V","<=",3,"P",8.767,603.67,""
1,"A244_VOLH_C","AP54RH504_tml.VOL_VOH","VOH_VCCY_3.00_IOH_-4.00",24411330,"AP54RHC244_TRUTH_TABLE",0,1,"PIN9",1,"P1","","",2.605,"<=",2.84528,"V","<=",3,"P",8.767,603.67,""
1,"A244_VOLH_C","AP54RH504_tml.VOL_VOH","VOL_VCCY_4.50_IOL_4.00",24411340,"AP54RHC244_TRUTH_TABLE",0,1,"PIN12",1,"P1","","",0,"<=",0.125446,"V","<=",0.36,"P",17.886,603.67,""
1,"A244_VOLH_C","AP54RH504_tml.VOL_VOH","VOL_VCCY_4.50_IOL_4.00",24411340,"AP54RHC244_TRUTH_TABLE",0,1,"PIN14",1,"P1","","",0,"<=",0.125733,"V","<=",0.36,"P",17.886,603.67,""
1,"A244_VOLH_C","AP54RH504_tml.VOL_VOH","VOL_VCCY_4.50_IOL_4.00",24411340,"AP54RHC244_TRUTH_TABLE",0,1,"PIN16",1,"P1","","",0,"<=",0.125184,"V","<=",0.36,"P",17.886,603.67,""
1,"A244_VOLH_C","AP54RH504_tml.VOL_VOH","VOL_VCCY_4.50_IOL_4.00",24411340,"AP54RHC244_TRUTH_TABLE",0,1,"PIN18",1,"P1","","",0,"<=",0.125529,"V","<=",0.36,"P",17.886,603.67,""
1,"A244_VOLH_C","AP54RH504_tml.VOL_VOH","VOL_VCCY_4.50_IOL_4.00",24411340,"AP54RHC244_TRUTH_TABLE",0,1,"PIN3",1,"P1","","",0,"<=",0.123823,"V","<=",0.36,"P",17.886,603.67,""
1,"A244_VOLH_C","AP54RH504_tml.VOL_VOH","VOL_VCCY_4.50_IOL_4.00",24411340,"AP54RHC244_TRUTH_TABLE",0,1,"PIN5",1,"P1","","",0,"<=",0.124447,"V","<=",0.36,"P",17.886,603.67,""
1,"A244_VOLH_C","AP54RH504_tml.VOL_VOH","VOL_VCCY_4.50_IOL_4.00",24411340,"AP54RHC244_TRUTH_TABLE",0,1,"PIN7",1,"P1","","",0,"<=",0.124934,"V","<=",0.36,"P",17.886,603.67,""
1,"A244_VOLH_C","AP54RH504_tml.VOL_VOH","VOL_VCCY_4.50_IOL_4.00",24411340,"AP54RHC244_TRUTH_TABLE",0,1,"PIN9",1,"P1","","",0,"<=",0.122942,"V","<=",0.36,"P",17.886,603.67,""
1,"A244_VOLH_C","AP54RH504_tml.VOL_VOH","VOH_VCCY_4.50_IOH_-4.00",24411350,"AP54RHC244_TRUTH_TABLE",0,1,"PIN12",1,"P1","","",4.205,"<=",4.38747,"V","<=",4.5,"P",8.122,603.67,""
1,"A244_VOLH_C","AP54RH504_tml.VOL_VOH","VOH_VCCY_4.50_IOH_-4.00",24411350,"AP54RHC244_TRUTH_TABLE",0,1,"PIN14",1,"P1","","",4.205,"<=",4.38519,"V","<=",4.5,"P",8.122,603.67,""
1,"A244_VOLH_C","AP54RH504_tml.VOL_VOH","VOH_VCCY_4.50_IOH_-4.00",24411350,"AP54RHC244_TRUTH_TABLE",0,1,"PIN16",1,"P1","","",4.205,"<=",4.38247,"V","<=",4.5,"P",8.122,603.67,""
1,"A244_VOLH_C","AP54RH504_tml.VOL_VOH","VOH_VCCY_4.50_IOH_-4.00",24411350,"AP54RHC244_TRUTH_TABLE",0,1,"PIN18",1,"P1","","",4.205,"<=",4.38064,"V","<=",4.5,"P",8.122,603.67,""
1,"A244_VOLH_C","AP54RH504_tml.VOL_VOH","VOH_VCCY_4.50_IOH_-4.00",24411350,"AP54RHC244_TRUTH_TABLE",0,1,"PIN3",1,"P1","","",4.205,"<=",4.38023,"V","<=",4.5,"P",8.122,603.67,""
1,"A244_VOLH_C","AP54RH504_tml.VOL_VOH","VOH_VCCY_4.50_IOH_-4.00",24411350,"AP54RHC244_TRUTH_TABLE",0,1,"PIN5",1,"P1","","",4.205,"<=",4.37607,"V","<=",4.5,"P",8.122,603.67,""
1,"A244_VOLH_C","AP54RH504_tml.VOL_VOH","VOH_VCCY_4.50_IOH_-4.00",24411350,"AP54RHC244_TRUTH_TABLE",0,1,"PIN7",1,"P1","","",4.205,"<=",4.37244,"V","<=",4.5,"P",8.122,603.67,""
1,"A244_VOLH_C","AP54RH504_tml.VOL_VOH","VOH_VCCY_4.50_IOH_-4.00",24411350,"AP54RHC244_TRUTH_TABLE",0,1,"PIN9",1,"P1","","",4.205,"<=",4.36905,"V","<=",4.5,"P",8.122,603.67,""
1,"A244_VOLH_C","AP54RH504_tml.VOL_VOH","VOL_VCCY_2.30_IOL_8.00",24411360,"AP54RHC244_TRUTH_TABLE",0,1,"PIN12",1,"P1","","",0,"<=",0.357059,"V","<=",0.8,"P",7.651,603.67,""
1,"A244_VOLH_C","AP54RH504_tml.VOL_VOH","VOL_VCCY_2.30_IOL_8.00",24411360,"AP54RHC244_TRUTH_TABLE",0,1,"PIN14",1,"P1","","",0,"<=",0.358205,"V","<=",0.8,"P",7.651,603.67,""
1,"A244_VOLH_C","AP54RH504_tml.VOL_VOH","VOL_VCCY_2.30_IOL_8.00",24411360,"AP54RHC244_TRUTH_TABLE",0,1,"PIN16",1,"P1","","",0,"<=",0.356709,"V","<=",0.8,"P",7.651,603.67,""
1,"A244_VOLH_C","AP54RH504_tml.VOL_VOH","VOL_VCCY_2.30_IOL_8.00",24411360,"AP54RHC244_TRUTH_TABLE",0,1,"PIN18",1,"P1","","",0,"<=",0.356945,"V","<=",0.8,"P",7.651,603.67,""
1,"A244_VOLH_C","AP54RH504_tml.VOL_VOH","VOL_VCCY_2.30_IOL_8.00",24411360,"AP54RHC244_TRUTH_TABLE",0,1,"PIN3",1,"P1","","",0,"<=",0.353934,"V","<=",0.8,"P",7.651,603.67,""
1,"A244_VOLH_C","AP54RH504_tml.VOL_VOH","VOL_VCCY_2.30_IOL_8.00",24411360,"AP54RHC244_TRUTH_TABLE",0,1,"PIN5",1,"P1","","",0,"<=",0.353926,"V","<=",0.8,"P",7.651,603.67,""
1,"A244_VOLH_C","AP54RH504_tml.VOL_VOH","VOL_VCCY_2.30_IOL_8.00",24411360,"AP54RHC244_TRUTH_TABLE",0,1,"PIN7",1,"P1","","",0,"<=",0.355125,"V","<=",0.8,"P",7.651,603.67,""
1,"A244_VOLH_C","AP54RH504_tml.VOL_VOH","VOL_VCCY_2.30_IOL_8.00",24411360,"AP54RHC244_TRUTH_TABLE",0,1,"PIN9",1,"P1","","",0,"<=",0.35137,"V","<=",0.8,"P",7.651,603.67,""
1,"A244_VOLH_C","AP54RH504_tml.VOL_VOH","VOH_VCCY_2.30_IOH_-8.00",24411370,"AP54RHC244_TRUTH_TABLE",0,1,"PIN12",1,"P1","","",1.405,"<=",1.96976,"V","<=",2.3,"P",7.917,603.67,""
1,"A244_VOLH_C","AP54RH504_tml.VOL_VOH","VOH_VCCY_2.30_IOH_-8.00",24411370,"AP54RHC244_TRUTH_TABLE",0,1,"PIN14",1,"P1","","",1.405,"<=",1.96469,"V","<=",2.3,"P",7.917,603.67,""
1,"A244_VOLH_C","AP54RH504_tml.VOL_VOH","VOH_VCCY_2.30_IOH_-8.00",24411370,"AP54RHC244_TRUTH_TABLE",0,1,"PIN16",1,"P1","","",1.405,"<=",1.9583,"V","<=",2.3,"P",7.917,603.67,""
1,"A244_VOLH_C","AP54RH504_tml.VOL_VOH","VOH_VCCY_2.30_IOH_-8.00",24411370,"AP54RHC244_TRUTH_TABLE",0,1,"PIN18",1,"P1","","",1.405,"<=",1.95379,"V","<=",2.3,"P",7.917,603.67,""
1,"A244_VOLH_C","AP54RH504_tml.VOL_VOH","VOH_VCCY_2.30_IOH_-8.00",24411370,"AP54RHC244_TRUTH_TABLE",0,1,"PIN3",1,"P1","","",1.405,"<=",1.95224,"V","<=",2.3,"P",7.917,603.67,""
1,"A244_VOLH_C","AP54RH504_tml.VOL_VOH","VOH_VCCY_2.30_IOH_-8.00",24411370,"AP54RHC244_TRUTH_TABLE",0,1,"PIN5",1,"P1","","",1.405,"<=",1.94388,"V","<=",2.3,"P",7.917,603.67,""
1,"A244_VOLH_C","AP54RH504_tml.VOL_VOH","VOH_VCCY_2.30_IOH_-8.00",24411370,"AP54RHC244_TRUTH_TABLE",0,1,"PIN7",1,"P1","","",1.405,"<=",1.93659,"V","<=",2.3,"P",7.917,603.67,""
1,"A244_VOLH_C","AP54RH504_tml.VOL_VOH","VOH_VCCY_2.30_IOH_-8.00",24411370,"AP54RHC244_TRUTH_TABLE",0,1,"PIN9",1,"P1","","",1.405,"<=",1.92868,"V","<=",2.3,"P",7.917,603.67,""
1,"A244_VOLH_C","AP54RH504_tml.VOL_VOH","VOL_VCCY_2.70_IOL_8.00",24411380,"AP54RHC244_TRUTH_TABLE",0,1,"PIN12",1,"P1","","",0,"<=",0.315697,"V","<=",0.67,"P",17.637,603.67,""
1,"A244_VOLH_C","AP54RH504_tml.VOL_VOH","VOL_VCCY_2.70_IOL_8.00",24411380,"AP54RHC244_TRUTH_TABLE",0,1,"PIN14",1,"P1","","",0,"<=",0.316558,"V","<=",0.67,"P",17.637,603.67,""
1,"A244_VOLH_C","AP54RH504_tml.VOL_VOH","VOL_VCCY_2.70_IOL_8.00",24411380,"AP54RHC244_TRUTH_TABLE",0,1,"PIN16",1,"P1","","",0,"<=",0.315188,"V","<=",0.67,"P",17.637,603.67,""
1,"A244_VOLH_C","AP54RH504_tml.VOL_VOH","VOL_VCCY_2.70_IOL_8.00",24411380,"AP54RHC244_TRUTH_TABLE",0,1,"PIN18",1,"P1","","",0,"<=",0.315594,"V","<=",0.67,"P",17.637,603.67,""
1,"A244_VOLH_C","AP54RH504_tml.VOL_VOH","VOL_VCCY_2.70_IOL_8.00",24411380,"AP54RHC244_TRUTH_TABLE",0,1,"PIN3",1,"P1","","",0,"<=",0.312412,"V","<=",0.67,"P",17.637,603.67,""
1,"A244_VOLH_C","AP54RH504_tml.VOL_VOH","VOL_VCCY_2.70_IOL_8.00",24411380,"AP54RHC244_TRUTH_TABLE",0,1,"PIN5",1,"P1","","",0,"<=",0.312974,"V","<=",0.67,"P",17.637,603.67,""
1,"A244_VOLH_C","AP54RH504_tml.VOL_VOH","VOL_VCCY_2.70_IOL_8.00",24411380,"AP54RHC244_TRUTH_TABLE",0,1,"PIN7",1,"P1","","",0,"<=",0.313934,"V","<=",0.67,"P",17.637,603.67,""
1,"A244_VOLH_C","AP54RH504_tml.VOL_VOH","VOL_VCCY_2.70_IOL_8.00",24411380,"AP54RHC244_TRUTH_TABLE",0,1,"PIN9",1,"P1","","",0,"<=",0.310293,"V","<=",0.67,"P",17.637,603.67,""
1,"A244_VOLH_C","AP54RH504_tml.VOL_VOH","VOH_VCCY_2.70_IOH_-8.00",24411390,"AP54RHC244_TRUTH_TABLE",0,1,"PIN12",1,"P1","","",1.505,"<=",2.40744,"V","<=",2.7,"P",8.522,603.67,""
1,"A244_VOLH_C","AP54RH504_tml.VOL_VOH","VOH_VCCY_2.70_IOH_-8.00",24411390,"AP54RHC244_TRUTH_TABLE",0,1,"PIN14",1,"P1","","",1.505,"<=",2.4026,"V","<=",2.7,"P",8.522,603.67,""
1,"A244_VOLH_C","AP54RH504_tml.VOL_VOH","VOH_VCCY_2.70_IOH_-8.00",24411390,"AP54RHC244_TRUTH_TABLE",0,1,"PIN16",1,"P1","","",1.505,"<=",2.39663,"V","<=",2.7,"P",8.522,603.67,""
1,"A244_VOLH_C","AP54RH504_tml.VOL_VOH","VOH_VCCY_2.70_IOH_-8.00",24411390,"AP54RHC244_TRUTH_TABLE",0,1,"PIN18",1,"P1","","",1.505,"<=",2.3923,"V","<=",2.7,"P",8.522,603.67,""
1,"A244_VOLH_C","AP54RH504_tml.VOL_VOH","VOH_VCCY_2.70_IOH_-8.00",24411390,"AP54RHC244_TRUTH_TABLE",0,1,"PIN3",1,"P1","","",1.505,"<=",2.39105,"V","<=",2.7,"P",8.522,603.67,""
1,"A244_VOLH_C","AP54RH504_tml.VOL_VOH","VOH_VCCY_2.70_IOH_-8.00",24411390,"AP54RHC244_TRUTH_TABLE",0,1,"PIN5",1,"P1","","",1.505,"<=",2.38273,"V","<=",2.7,"P",8.522,603.67,""
1,"A244_VOLH_C","AP54RH504_tml.VOL_VOH","VOH_VCCY_2.70_IOH_-8.00",24411390,"AP54RHC244_TRUTH_TABLE",0,1,"PIN7",1,"P1","","",1.505,"<=",2.37558,"V","<=",2.7,"P",8.522,603.67,""
1,"A244_VOLH_C","AP54RH504_tml.VOL_VOH","VOH_VCCY_2.70_IOH_-8.00",24411390,"AP54RHC244_TRUTH_TABLE",0,1,"PIN9",1,"P1","","",1.505,"<=",2.36818,"V","<=",2.7,"P",8.522,603.67,""
1,"A244_VOLH_C","AP54RH504_tml.VOL_VOH","VOL_VCCY_3.00_IOL_8.00",24411400,"AP54RHC244_TRUTH_TABLE",0,1,"PIN12",1,"P1","","",0,"<=",0.296069,"V","<=",0.67,"P",17.643,603.67,""
1,"A244_VOLH_C","AP54RH504_tml.VOL_VOH","VOL_VCCY_3.00_IOL_8.00",24411400,"AP54RHC244_TRUTH_TABLE",0,1,"PIN14",1,"P1","","",0,"<=",0.296702,"V","<=",0.67,"P",17.643,603.67,""
1,"A244_VOLH_C","AP54RH504_tml.VOL_VOH","VOL_VCCY_3.00_IOL_8.00",24411400,"AP54RHC244_TRUTH_TABLE",0,1,"PIN16",1,"P1","","",0,"<=",0.295482,"V","<=",0.67,"P",17.643,603.67,""
1,"A244_VOLH_C","AP54RH504_tml.VOL_VOH","VOL_VCCY_3.00_IOL_8.00",24411400,"AP54RHC244_TRUTH_TABLE",0,1,"PIN18",1,"P1","","",0,"<=",0.296058,"V","<=",0.67,"P",17.643,603.67,""
1,"A244_VOLH_C","AP54RH504_tml.VOL_VOH","VOL_VCCY_3.00_IOL_8.00",24411400,"AP54RHC244_TRUTH_TABLE",0,1,"PIN3",1,"P1","","",0,"<=",0.292818,"V","<=",0.67,"P",17.643,603.67,""
1,"A244_VOLH_C","AP54RH504_tml.VOL_VOH","VOL_VCCY_3.00_IOL_8.00",24411400,"AP54RHC244_TRUTH_TABLE",0,1,"PIN5",1,"P1","","",0,"<=",0.293495,"V","<=",0.67,"P",17.643,603.67,""
1,"A244_VOLH_C","AP54RH504_tml.VOL_VOH","VOL_VCCY_3.00_IOL_8.00",24411400,"AP54RHC244_TRUTH_TABLE",0,1,"PIN7",1,"P1","","",0,"<=",0.294249,"V","<=",0.67,"P",17.643,603.67,""
1,"A244_VOLH_C","AP54RH504_tml.VOL_VOH","VOL_VCCY_3.00_IOL_8.00",24411400,"AP54RHC244_TRUTH_TABLE",0,1,"PIN9",1,"P1","","",0,"<=",0.290778,"V","<=",0.67,"P",17.643,603.67,""
1,"A244_VOLH_C","AP54RH504_tml.VOL_VOH","VOH_VCCY_3.00_IOH_-8.00",24411410,"AP54RHC244_TRUTH_TABLE",0,1,"PIN12",1,"P1","","",2.205,"<=",2.72712,"V","<=",3,"P",7.92,603.67,""
1,"A244_VOLH_C","AP54RH504_tml.VOL_VOH","VOH_VCCY_3.00_IOH_-8.00",24411410,"AP54RHC244_TRUTH_TABLE",0,1,"PIN14",1,"P1","","",2.205,"<=",2.7224,"V","<=",3,"P",7.92,603.67,""
1,"A244_VOLH_C","AP54RH504_tml.VOL_VOH","VOH_VCCY_3.00_IOH_-8.00",24411410,"AP54RHC244_TRUTH_TABLE",0,1,"PIN16",1,"P1","","",2.205,"<=",2.7166,"V","<=",3,"P",7.92,603.67,""
1,"A244_VOLH_C","AP54RH504_tml.VOL_VOH","VOH_VCCY_3.00_IOH_-8.00",24411410,"AP54RHC244_TRUTH_TABLE",0,1,"PIN18",1,"P1","","",2.205,"<=",2.71233,"V","<=",3,"P",7.92,603.67,""
1,"A244_VOLH_C","AP54RH504_tml.VOL_VOH","VOH_VCCY_3.00_IOH_-8.00",24411410,"AP54RHC244_TRUTH_TABLE",0,1,"PIN3",1,"P1","","",2.205,"<=",2.71126,"V","<=",3,"P",7.92,603.67,""
1,"A244_VOLH_C","AP54RH504_tml.VOL_VOH","VOH_VCCY_3.00_IOH_-8.00",24411410,"AP54RHC244_TRUTH_TABLE",0,1,"PIN5",1,"P1","","",2.205,"<=",2.70294,"V","<=",3,"P",7.92,603.67,""
1,"A244_VOLH_C","AP54RH504_tml.VOL_VOH","VOH_VCCY_3.00_IOH_-8.00",24411410,"AP54RHC244_TRUTH_TABLE",0,1,"PIN7",1,"P1","","",2.205,"<=",2.6956,"V","<=",3,"P",7.92,603.67,""
1,"A244_VOLH_C","AP54RH504_tml.VOL_VOH","VOH_VCCY_3.00_IOH_-8.00",24411410,"AP54RHC244_TRUTH_TABLE",0,1,"PIN9",1,"P1","","",2.205,"<=",2.68872,"V","<=",3,"P",7.92,603.67,""
1,"A244_VOLH_C","AP54RH504_tml.VOL_VOH","VOL_VCCY_4.50_IOL_8.00",24411420,"AP54RHC244_TRUTH_TABLE",0,1,"PIN12",1,"P1","","",0,"<=",0.252091,"V","<=",0.51,"P",17.942,603.67,""
1,"A244_VOLH_C","AP54RH504_tml.VOL_VOH","VOL_VCCY_4.50_IOL_8.00",24411420,"AP54RHC244_TRUTH_TABLE",0,1,"PIN14",1,"P1","","",0,"<=",0.252495,"V","<=",0.51,"P",17.942,603.67,""
1,"A244_VOLH_C","AP54RH504_tml.VOL_VOH","VOL_VCCY_4.50_IOL_8.00",24411420,"AP54RHC244_TRUTH_TABLE",0,1,"PIN16",1,"P1","","",0,"<=",0.251683,"V","<=",0.51,"P",17.942,603.67,""
1,"A244_VOLH_C","AP54RH504_tml.VOL_VOH","VOL_VCCY_4.50_IOL_8.00",24411420,"AP54RHC244_TRUTH_TABLE",0,1,"PIN18",1,"P1","","",0,"<=",0.251973,"V","<=",0.51,"P",17.942,603.67,""
1,"A244_VOLH_C","AP54RH504_tml.VOL_VOH","VOL_VCCY_4.50_IOL_8.00",24411420,"AP54RHC244_TRUTH_TABLE",0,1,"PIN3",1,"P1","","",0,"<=",0.248732,"V","<=",0.51,"P",17.942,603.67,""
1,"A244_VOLH_C","AP54RH504_tml.VOL_VOH","VOL_VCCY_4.50_IOL_8.00",24411420,"AP54RHC244_TRUTH_TABLE",0,1,"PIN5",1,"P1","","",0,"<=",0.249866,"V","<=",0.51,"P",17.942,603.67,""
1,"A244_VOLH_C","AP54RH504_tml.VOL_VOH","VOL_VCCY_4.50_IOL_8.00",24411420,"AP54RHC244_TRUTH_TABLE",0,1,"PIN7",1,"P1","","",0,"<=",0.250554,"V","<=",0.51,"P",17.942,603.67,""
1,"A244_VOLH_C","AP54RH504_tml.VOL_VOH","VOL_VCCY_4.50_IOL_8.00",24411420,"AP54RHC244_TRUTH_TABLE",0,1,"PIN9",1,"P1","","",0,"<=",0.247027,"V","<=",0.51,"P",17.942,603.67,""
1,"A244_VOLH_C","AP54RH504_tml.VOL_VOH","VOH_VCCY_4.50_IOH_-8.00",24411430,"AP54RHC244_TRUTH_TABLE",0,1,"PIN12",1,"P1","","",3.905,"<=",4.27664,"V","<=",4.5,"P",8.673,603.67,""
1,"A244_VOLH_C","AP54RH504_tml.VOL_VOH","VOH_VCCY_4.50_IOH_-8.00",24411430,"AP54RHC244_TRUTH_TABLE",0,1,"PIN14",1,"P1","","",3.905,"<=",4.27203,"V","<=",4.5,"P",8.673,603.67,""
1,"A244_VOLH_C","AP54RH504_tml.VOL_VOH","VOH_VCCY_4.50_IOH_-8.00",24411430,"AP54RHC244_TRUTH_TABLE",0,1,"PIN16",1,"P1","","",3.905,"<=",4.26668,"V","<=",4.5,"P",8.673,603.67,""
1,"A244_VOLH_C","AP54RH504_tml.VOL_VOH","VOH_VCCY_4.50_IOH_-8.00",24411430,"AP54RHC244_TRUTH_TABLE",0,1,"PIN18",1,"P1","","",3.905,"<=",4.26235,"V","<=",4.5,"P",8.673,603.67,""
1,"A244_VOLH_C","AP54RH504_tml.VOL_VOH","VOH_VCCY_4.50_IOH_-8.00",24411430,"AP54RHC244_TRUTH_TABLE",0,1,"PIN3",1,"P1","","",3.905,"<=",4.26142,"V","<=",4.5,"P",8.673,603.67,""
1,"A244_VOLH_C","AP54RH504_tml.VOL_VOH","VOH_VCCY_4.50_IOH_-8.00",24411430,"AP54RHC244_TRUTH_TABLE",0,1,"PIN5",1,"P1","","",3.905,"<=",4.25328,"V","<=",4.5,"P",8.673,603.67,""
1,"A244_VOLH_C","AP54RH504_tml.VOL_VOH","VOH_VCCY_4.50_IOH_-8.00",24411430,"AP54RHC244_TRUTH_TABLE",0,1,"PIN7",1,"P1","","",3.905,"<=",4.24597,"V","<=",4.5,"P",8.673,603.67,""
1,"A244_VOLH_C","AP54RH504_tml.VOL_VOH","VOH_VCCY_4.50_IOH_-8.00",24411430,"AP54RHC244_TRUTH_TABLE",0,1,"PIN9",1,"P1","","",3.905,"<=",4.23928,"V","<=",4.5,"P",8.673,603.67,""
1,"A244_VOLH_C","AP54RH504_tml.VOL_VOH","VOL_VCCY_3.00_IOL_16.00",24411440,"AP54RHC244_TRUTH_TABLE",0,1,"PIN12",1,"P1","","",0,"<=",0.618769,"V","<=",1.13,"P",8.467,603.67,""
1,"A244_VOLH_C","AP54RH504_tml.VOL_VOH","VOL_VCCY_3.00_IOL_16.00",24411440,"AP54RHC244_TRUTH_TABLE",0,1,"PIN14",1,"P1","","",0,"<=",0.620091,"V","<=",1.13,"P",8.467,603.67,""
1,"A244_VOLH_C","AP54RH504_tml.VOL_VOH","VOL_VCCY_3.00_IOL_16.00",24411440,"AP54RHC244_TRUTH_TABLE",0,1,"PIN16",1,"P1","","",0,"<=",0.617623,"V","<=",1.13,"P",8.467,603.67,""
1,"A244_VOLH_C","AP54RH504_tml.VOL_VOH","VOL_VCCY_3.00_IOL_16.00",24411440,"AP54RHC244_TRUTH_TABLE",0,1,"PIN18",1,"P1","","",0,"<=",0.617922,"V","<=",1.13,"P",8.467,603.67,""
1,"A244_VOLH_C","AP54RH504_tml.VOL_VOH","VOL_VCCY_3.00_IOL_16.00",24411440,"AP54RHC244_TRUTH_TABLE",0,1,"PIN3",1,"P1","","",0,"<=",0.611556,"V","<=",1.13,"P",8.467,603.67,""
1,"A244_VOLH_C","AP54RH504_tml.VOL_VOH","VOL_VCCY_3.00_IOL_16.00",24411440,"AP54RHC244_TRUTH_TABLE",0,1,"PIN5",1,"P1","","",0,"<=",0.612739,"V","<=",1.13,"P",8.467,603.67,""
1,"A244_VOLH_C","AP54RH504_tml.VOL_VOH","VOL_VCCY_3.00_IOL_16.00",24411440,"AP54RHC244_TRUTH_TABLE",0,1,"PIN7",1,"P1","","",0,"<=",0.614331,"V","<=",1.13,"P",8.467,603.67,""
1,"A244_VOLH_C","AP54RH504_tml.VOL_VOH","VOL_VCCY_3.00_IOL_16.00",24411440,"AP54RHC244_TRUTH_TABLE",0,1,"PIN9",1,"P1","","",0,"<=",0.606537,"V","<=",1.13,"P",8.467,603.67,""
1,"A244_VOLH_C","AP54RH504_tml.VOL_VOH","VOH_VCCY_3.00_IOH_-16.00",24411450,"AP54RHC244_TRUTH_TABLE",0,1,"PIN12",1,"P1","","",1.9,"<=",2.44004,"V","<=",3,"P",8.355,603.67,""
1,"A244_VOLH_C","AP54RH504_tml.VOL_VOH","VOH_VCCY_3.00_IOH_-16.00",24411450,"AP54RHC244_TRUTH_TABLE",0,1,"PIN14",1,"P1","","",1.9,"<=",2.42923,"V","<=",3,"P",8.355,603.67,""
1,"A244_VOLH_C","AP54RH504_tml.VOL_VOH","VOH_VCCY_3.00_IOH_-16.00",24411450,"AP54RHC244_TRUTH_TABLE",0,1,"PIN16",1,"P1","","",1.9,"<=",2.41668,"V","<=",3,"P",8.355,603.67,""
1,"A244_VOLH_C","AP54RH504_tml.VOL_VOH","VOH_VCCY_3.00_IOH_-16.00",24411450,"AP54RHC244_TRUTH_TABLE",0,1,"PIN18",1,"P1","","",1.9,"<=",2.407,"V","<=",3,"P",8.355,603.67,""
1,"A244_VOLH_C","AP54RH504_tml.VOL_VOH","VOH_VCCY_3.00_IOH_-16.00",24411450,"AP54RHC244_TRUTH_TABLE",0,1,"PIN3",1,"P1","","",1.9,"<=",2.40466,"V","<=",3,"P",8.355,603.67,""
1,"A244_VOLH_C","AP54RH504_tml.VOL_VOH","VOH_VCCY_3.00_IOH_-16.00",24411450,"AP54RHC244_TRUTH_TABLE",0,1,"PIN5",1,"P1","","",1.9,"<=",2.38769,"V","<=",3,"P",8.355,603.67,""
1,"A244_VOLH_C","AP54RH504_tml.VOL_VOH","VOH_VCCY_3.00_IOH_-16.00",24411450,"AP54RHC244_TRUTH_TABLE",0,1,"PIN7",1,"P1","","",1.9,"<=",2.37183,"V","<=",3,"P",8.355,603.67,""
1,"A244_VOLH_C","AP54RH504_tml.VOL_VOH","VOH_VCCY_3.00_IOH_-16.00",24411450,"AP54RHC244_TRUTH_TABLE",0,1,"PIN9",1,"P1","","",1.9,"<=",2.35664,"V","<=",3,"P",8.355,603.67,""
1,"A244_VOLH_C","AP54RH504_tml.VOL_VOH","VOL_VCCY_3.60_IOL_16.00",24411460,"AP54RHC244_TRUTH_TABLE",0,1,"PIN12",1,"P1","","",0,"<=",0.556357,"V","<=",1.13,"P",18.194,603.67,""
1,"A244_VOLH_C","AP54RH504_tml.VOL_VOH","VOL_VCCY_3.60_IOL_16.00",24411460,"AP54RHC244_TRUTH_TABLE",0,1,"PIN14",1,"P1","","",0,"<=",0.55728,"V","<=",1.13,"P",18.194,603.67,""
1,"A244_VOLH_C","AP54RH504_tml.VOL_VOH","VOL_VCCY_3.60_IOL_16.00",24411460,"AP54RHC244_TRUTH_TABLE",0,1,"PIN16",1,"P1","","",0,"<=",0.555086,"V","<=",1.13,"P",18.194,603.67,""
1,"A244_VOLH_C","AP54RH504_tml.VOL_VOH","VOL_VCCY_3.60_IOL_16.00",24411460,"AP54RHC244_TRUTH_TABLE",0,1,"PIN18",1,"P1","","",0,"<=",0.55544,"V","<=",1.13,"P",18.194,603.67,""
1,"A244_VOLH_C","AP54RH504_tml.VOL_VOH","VOL_VCCY_3.60_IOL_16.00",24411460,"AP54RHC244_TRUTH_TABLE",0,1,"PIN3",1,"P1","","",0,"<=",0.549301,"V","<=",1.13,"P",18.194,603.67,""
1,"A244_VOLH_C","AP54RH504_tml.VOL_VOH","VOL_VCCY_3.60_IOL_16.00",24411460,"AP54RHC244_TRUTH_TABLE",0,1,"PIN5",1,"P1","","",0,"<=",0.550997,"V","<=",1.13,"P",18.194,603.67,""
1,"A244_VOLH_C","AP54RH504_tml.VOL_VOH","VOL_VCCY_3.60_IOL_16.00",24411460,"AP54RHC244_TRUTH_TABLE",0,1,"PIN7",1,"P1","","",0,"<=",0.552431,"V","<=",1.13,"P",18.194,603.67,""
1,"A244_VOLH_C","AP54RH504_tml.VOL_VOH","VOL_VCCY_3.60_IOL_16.00",24411460,"AP54RHC244_TRUTH_TABLE",0,1,"PIN9",1,"P1","","",0,"<=",0.544921,"V","<=",1.13,"P",18.194,603.67,""
1,"A244_VOLH_C","AP54RH504_tml.VOL_VOH","VOH_VCCY_3.60_IOH_-16.00",24411470,"AP54RHC244_TRUTH_TABLE",0,1,"PIN12",1,"P1","","",2.5,"<=",3.09988,"V","<=",3.6,"P",8.704,603.67,""
1,"A244_VOLH_C","AP54RH504_tml.VOL_VOH","VOH_VCCY_3.60_IOH_-16.00",24411470,"AP54RHC244_TRUTH_TABLE",0,1,"PIN14",1,"P1","","",2.5,"<=",3.08964,"V","<=",3.6,"P",8.704,603.67,""
1,"A244_VOLH_C","AP54RH504_tml.VOL_VOH","VOH_VCCY_3.60_IOH_-16.00",24411470,"AP54RHC244_TRUTH_TABLE",0,1,"PIN16",1,"P1","","",2.5,"<=",3.07792,"V","<=",3.6,"P",8.704,603.67,""
1,"A244_VOLH_C","AP54RH504_tml.VOL_VOH","VOH_VCCY_3.60_IOH_-16.00",24411470,"AP54RHC244_TRUTH_TABLE",0,1,"PIN18",1,"P1","","",2.5,"<=",3.0687,"V","<=",3.6,"P",8.704,603.67,""
1,"A244_VOLH_C","AP54RH504_tml.VOL_VOH","VOH_VCCY_3.60_IOH_-16.00",24411470,"AP54RHC244_TRUTH_TABLE",0,1,"PIN3",1,"P1","","",2.5,"<=",3.06683,"V","<=",3.6,"P",8.704,603.67,""
1,"A244_VOLH_C","AP54RH504_tml.VOL_VOH","VOH_VCCY_3.60_IOH_-16.00",24411470,"AP54RHC244_TRUTH_TABLE",0,1,"PIN5",1,"P1","","",2.5,"<=",3.05009,"V","<=",3.6,"P",8.704,603.67,""
1,"A244_VOLH_C","AP54RH504_tml.VOL_VOH","VOH_VCCY_3.60_IOH_-16.00",24411470,"AP54RHC244_TRUTH_TABLE",0,1,"PIN7",1,"P1","","",2.5,"<=",3.03462,"V","<=",3.6,"P",8.704,603.67,""
1,"A244_VOLH_C","AP54RH504_tml.VOL_VOH","VOH_VCCY_3.60_IOH_-16.00",24411470,"AP54RHC244_TRUTH_TABLE",0,1,"PIN9",1,"P1","","",2.5,"<=",3.0205,"V","<=",3.6,"P",8.704,603.67,""
1,"A244_VOLH_C","AP54RH504_tml.VOL_VOH","VOL_VCCY_4.50_IOL_16.00",24411480,"AP54RHC244_TRUTH_TABLE",0,1,"PIN12",1,"P1","","",0,"<=",0.510956,"V","<=",1.07,"P",18.326,603.67,""
1,"A244_VOLH_C","AP54RH504_tml.VOL_VOH","VOL_VCCY_4.50_IOL_16.00",24411480,"AP54RHC244_TRUTH_TABLE",0,1,"PIN14",1,"P1","","",0,"<=",0.511479,"V","<=",1.07,"P",18.326,603.67,""
1,"A244_VOLH_C","AP54RH504_tml.VOL_VOH","VOL_VCCY_4.50_IOL_16.00",24411480,"AP54RHC244_TRUTH_TABLE",0,1,"PIN16",1,"P1","","",0,"<=",0.509635,"V","<=",1.07,"P",18.326,603.67,""
1,"A244_VOLH_C","AP54RH504_tml.VOL_VOH","VOL_VCCY_4.50_IOL_16.00",24411480,"AP54RHC244_TRUTH_TABLE",0,1,"PIN18",1,"P1","","",0,"<=",0.510045,"V","<=",1.07,"P",18.326,603.67,""
1,"A244_VOLH_C","AP54RH504_tml.VOL_VOH","VOL_VCCY_4.50_IOL_16.00",24411480,"AP54RHC244_TRUTH_TABLE",0,1,"PIN3",1,"P1","","",0,"<=",0.503848,"V","<=",1.07,"P",18.326,603.67,""
1,"A244_VOLH_C","AP54RH504_tml.VOL_VOH","VOL_VCCY_4.50_IOL_16.00",24411480,"AP54RHC244_TRUTH_TABLE",0,1,"PIN5",1,"P1","","",0,"<=",0.506115,"V","<=",1.07,"P",18.326,603.67,""
1,"A244_VOLH_C","AP54RH504_tml.VOL_VOH","VOL_VCCY_4.50_IOL_16.00",24411480,"AP54RHC244_TRUTH_TABLE",0,1,"PIN7",1,"P1","","",0,"<=",0.507371,"V","<=",1.07,"P",18.326,603.67,""
1,"A244_VOLH_C","AP54RH504_tml.VOL_VOH","VOL_VCCY_4.50_IOL_16.00",24411480,"AP54RHC244_TRUTH_TABLE",0,1,"PIN9",1,"P1","","",0,"<=",0.499975,"V","<=",1.07,"P",18.326,603.67,""
1,"A244_VOLH_C","AP54RH504_tml.VOL_VOH","VOH_VCCY_4.50_IOH_-16.00",24411490,"AP54RHC244_TRUTH_TABLE",0,1,"PIN12",1,"P1","","",3.6,"<=",4.05152,"V","<=",4.5,"P",9.092,603.67,""
1,"A244_VOLH_C","AP54RH504_tml.VOL_VOH","VOH_VCCY_4.50_IOH_-16.00",24411490,"AP54RHC244_TRUTH_TABLE",0,1,"PIN14",1,"P1","","",3.6,"<=",4.04173,"V","<=",4.5,"P",9.092,603.67,""
1,"A244_VOLH_C","AP54RH504_tml.VOL_VOH","VOH_VCCY_4.50_IOH_-16.00",24411490,"AP54RHC244_TRUTH_TABLE",0,1,"PIN16",1,"P1","","",3.6,"<=",4.03066,"V","<=",4.5,"P",9.092,603.67,""
1,"A244_VOLH_C","AP54RH504_tml.VOL_VOH","VOH_VCCY_4.50_IOH_-16.00",24411490,"AP54RHC244_TRUTH_TABLE",0,1,"PIN18",1,"P1","","",3.6,"<=",4.02166,"V","<=",4.5,"P",9.092,603.67,""
1,"A244_VOLH_C","AP54RH504_tml.VOL_VOH","VOH_VCCY_4.50_IOH_-16.00",24411490,"AP54RHC244_TRUTH_TABLE",0,1,"PIN3",1,"P1","","",3.6,"<=",4.0201,"V","<=",4.5,"P",9.092,603.67,""
1,"A244_VOLH_C","AP54RH504_tml.VOL_VOH","VOH_VCCY_4.50_IOH_-16.00",24411490,"AP54RHC244_TRUTH_TABLE",0,1,"PIN5",1,"P1","","",3.6,"<=",4.00353,"V","<=",4.5,"P",9.092,603.67,""
1,"A244_VOLH_C","AP54RH504_tml.VOL_VOH","VOH_VCCY_4.50_IOH_-16.00",24411490,"AP54RHC244_TRUTH_TABLE",0,1,"PIN7",1,"P1","","",3.6,"<=",3.98831,"V","<=",4.5,"P",9.092,603.67,""
1,"A244_VOLH_C","AP54RH504_tml.VOL_VOH","VOH_VCCY_4.50_IOH_-16.00",24411490,"AP54RHC244_TRUTH_TABLE",0,1,"PIN9",1,"P1","","",3.6,"<=",3.97485,"V","<=",4.5,"P",9.092,603.67,""
1,"A244_VOLH_C","AP54RH504_tml.VOL_VOH","VOL_VCCY_4.50_IOL_24.00",24411500,"AP54RHC244_TRUTH_TABLE",0,1,"PIN12",1,"P1","","",0,"<=",0.779493,"V","<=",1.27,"P",6.745,603.67,""
1,"A244_VOLH_C","AP54RH504_tml.VOL_VOH","VOL_VCCY_4.50_IOL_24.00",24411500,"AP54RHC244_TRUTH_TABLE",0,1,"PIN14",1,"P1","","",0,"<=",0.780535,"V","<=",1.27,"P",6.745,603.67,""
1,"A244_VOLH_C","AP54RH504_tml.VOL_VOH","VOL_VCCY_4.50_IOL_24.00",24411500,"AP54RHC244_TRUTH_TABLE",0,1,"PIN16",1,"P1","","",0,"<=",0.777668,"V","<=",1.27,"P",6.745,603.67,""
1,"A244_VOLH_C","AP54RH504_tml.VOL_VOH","VOL_VCCY_4.50_IOL_24.00",24411500,"AP54RHC244_TRUTH_TABLE",0,1,"PIN18",1,"P1","","",0,"<=",0.778483,"V","<=",1.27,"P",6.745,603.67,""
1,"A244_VOLH_C","AP54RH504_tml.VOL_VOH","VOL_VCCY_4.50_IOL_24.00",24411500,"AP54RHC244_TRUTH_TABLE",0,1,"PIN3",1,"P1","","",0,"<=",0.768761,"V","<=",1.27,"P",6.745,603.67,""
1,"A244_VOLH_C","AP54RH504_tml.VOL_VOH","VOL_VCCY_4.50_IOL_24.00",24411500,"AP54RHC244_TRUTH_TABLE",0,1,"PIN5",1,"P1","","",0,"<=",0.772104,"V","<=",1.27,"P",6.745,603.67,""
1,"A244_VOLH_C","AP54RH504_tml.VOL_VOH","VOL_VCCY_4.50_IOL_24.00",24411500,"AP54RHC244_TRUTH_TABLE",0,1,"PIN7",1,"P1","","",0,"<=",0.77369,"V","<=",1.27,"P",6.745,603.67,""
1,"A244_VOLH_C","AP54RH504_tml.VOL_VOH","VOL_VCCY_4.50_IOL_24.00",24411500,"AP54RHC244_TRUTH_TABLE",0,1,"PIN9",1,"P1","","",0,"<=",0.762368,"V","<=",1.27,"P",6.745,603.67,""
1,"A244_VOLH_C","AP54RH504_tml.VOL_VOH","VOH_VCCY_4.50_IOH_-24.00",24411510,"AP54RHC244_TRUTH_TABLE",0,1,"PIN12",1,"P1","","",3.14,"<=",3.82082,"V","<=",4.5,"P",8.606,603.67,""
1,"A244_VOLH_C","AP54RH504_tml.VOL_VOH","VOH_VCCY_4.50_IOH_-24.00",24411510,"AP54RHC244_TRUTH_TABLE",0,1,"PIN14",1,"P1","","",3.14,"<=",3.80495,"V","<=",4.5,"P",8.606,603.67,""
1,"A244_VOLH_C","AP54RH504_tml.VOL_VOH","VOH_VCCY_4.50_IOH_-24.00",24411510,"AP54RHC244_TRUTH_TABLE",0,1,"PIN16",1,"P1","","",3.14,"<=",3.7882,"V","<=",4.5,"P",8.606,603.67,""
1,"A244_VOLH_C","AP54RH504_tml.VOL_VOH","VOH_VCCY_4.50_IOH_-24.00",24411510,"AP54RHC244_TRUTH_TABLE",0,1,"PIN18",1,"P1","","",3.14,"<=",3.77402,"V","<=",4.5,"P",8.606,603.67,""
1,"A244_VOLH_C","AP54RH504_tml.VOL_VOH","VOH_VCCY_4.50_IOH_-24.00",24411510,"AP54RHC244_TRUTH_TABLE",0,1,"PIN3",1,"P1","","",3.14,"<=",3.77177,"V","<=",4.5,"P",8.606,603.67,""
1,"A244_VOLH_C","AP54RH504_tml.VOL_VOH","VOH_VCCY_4.50_IOH_-24.00",24411510,"AP54RHC244_TRUTH_TABLE",0,1,"PIN5",1,"P1","","",3.14,"<=",3.74643,"V","<=",4.5,"P",8.606,603.67,""
1,"A244_VOLH_C","AP54RH504_tml.VOL_VOH","VOH_VCCY_4.50_IOH_-24.00",24411510,"AP54RHC244_TRUTH_TABLE",0,1,"PIN7",1,"P1","","",3.14,"<=",3.72291,"V","<=",4.5,"P",8.606,603.67,""
1,"A244_VOLH_C","AP54RH504_tml.VOL_VOH","VOH_VCCY_4.50_IOH_-24.00",24411510,"AP54RHC244_TRUTH_TABLE",0,1,"PIN9",1,"P1","","",3.14,"<=",3.70228,"V","<=",4.5,"P",8.606,603.67,""
1,"A244_VOLH_C","AP54RH504_tml.VOL_VOH","VOL_VCCY_5.50_IOL_24.00",24411520,"AP54RHC244_TRUTH_TABLE",0,1,"PIN12",1,"P1","","",0,"<=",0.739895,"V","<=",1.27,"P",18.264,603.67,""
1,"A244_VOLH_C","AP54RH504_tml.VOL_VOH","VOL_VCCY_5.50_IOL_24.00",24411520,"AP54RHC244_TRUTH_TABLE",0,1,"PIN14",1,"P1","","",0,"<=",0.740424,"V","<=",1.27,"P",18.264,603.67,""
1,"A244_VOLH_C","AP54RH504_tml.VOL_VOH","VOL_VCCY_5.50_IOL_24.00",24411520,"AP54RHC244_TRUTH_TABLE",0,1,"PIN16",1,"P1","","",0,"<=",0.737742,"V","<=",1.27,"P",18.264,603.67,""
1,"A244_VOLH_C","AP54RH504_tml.VOL_VOH","VOL_VCCY_5.50_IOL_24.00",24411520,"AP54RHC244_TRUTH_TABLE",0,1,"PIN18",1,"P1","","",0,"<=",0.738556,"V","<=",1.27,"P",18.264,603.67,""
1,"A244_VOLH_C","AP54RH504_tml.VOL_VOH","VOL_VCCY_5.50_IOL_24.00",24411520,"AP54RHC244_TRUTH_TABLE",0,1,"PIN3",1,"P1","","",0,"<=",0.729004,"V","<=",1.27,"P",18.264,603.67,""
1,"A244_VOLH_C","AP54RH504_tml.VOL_VOH","VOL_VCCY_5.50_IOL_24.00",24411520,"AP54RHC244_TRUTH_TABLE",0,1,"PIN5",1,"P1","","",0,"<=",0.732804,"V","<=",1.27,"P",18.264,603.67,""
1,"A244_VOLH_C","AP54RH504_tml.VOL_VOH","VOL_VCCY_5.50_IOL_24.00",24411520,"AP54RHC244_TRUTH_TABLE",0,1,"PIN7",1,"P1","","",0,"<=",0.734376,"V","<=",1.27,"P",18.264,603.67,""
1,"A244_VOLH_C","AP54RH504_tml.VOL_VOH","VOL_VCCY_5.50_IOL_24.00",24411520,"AP54RHC244_TRUTH_TABLE",0,1,"PIN9",1,"P1","","",0,"<=",0.723225,"V","<=",1.27,"P",18.264,603.67,""
1,"A244_VOLH_C","AP54RH504_tml.VOL_VOH","VOH_VCCY_5.50_IOH_-24.00",24411530,"AP54RHC244_TRUTH_TABLE",0,1,"PIN12",1,"P1","","",4.23,"<=",4.87401,"V","<=",5.5,"P",8.9,603.67,""
1,"A244_VOLH_C","AP54RH504_tml.VOL_VOH","VOH_VCCY_5.50_IOH_-24.00",24411530,"AP54RHC244_TRUTH_TABLE",0,1,"PIN14",1,"P1","","",4.23,"<=",4.85882,"V","<=",5.5,"P",8.9,603.67,""
1,"A244_VOLH_C","AP54RH504_tml.VOL_VOH","VOH_VCCY_5.50_IOH_-24.00",24411530,"AP54RHC244_TRUTH_TABLE",0,1,"PIN16",1,"P1","","",4.23,"<=",4.84277,"V","<=",5.5,"P",8.9,603.67,""
1,"A244_VOLH_C","AP54RH504_tml.VOL_VOH","VOH_VCCY_5.50_IOH_-24.00",24411530,"AP54RHC244_TRUTH_TABLE",0,1,"PIN18",1,"P1","","",4.23,"<=",4.82882,"V","<=",5.5,"P",8.9,603.67,""
1,"A244_VOLH_C","AP54RH504_tml.VOL_VOH","VOH_VCCY_5.50_IOH_-24.00",24411530,"AP54RHC244_TRUTH_TABLE",0,1,"PIN3",1,"P1","","",4.23,"<=",4.82682,"V","<=",5.5,"P",8.9,603.67,""
1,"A244_VOLH_C","AP54RH504_tml.VOL_VOH","VOH_VCCY_5.50_IOH_-24.00",24411530,"AP54RHC244_TRUTH_TABLE",0,1,"PIN5",1,"P1","","",4.23,"<=",4.80193,"V","<=",5.5,"P",8.9,603.67,""
1,"A244_VOLH_C","AP54RH504_tml.VOL_VOH","VOH_VCCY_5.50_IOH_-24.00",24411530,"AP54RHC244_TRUTH_TABLE",0,1,"PIN7",1,"P1","","",4.23,"<=",4.77871,"V","<=",5.5,"P",8.9,603.67,""
1,"A244_VOLH_C","AP54RH504_tml.VOL_VOH","VOH_VCCY_5.50_IOH_-24.00",24411530,"AP54RHC244_TRUTH_TABLE",0,1,"PIN9",1,"P1","","",4.23,"<=",4.75881,"V","<=",5.5,"P",8.9,603.67,""
1,"A244_VOLH_C","AP54RH504_tml.VOL_VOH","VOL_VCCY_2.30_IOL_0.10",24411540,"AP54RHC244_TRUTH_TABLE",0,1,"PIN12",1,"P1","","",***,"NA",0.004547,"V","<=",0.03,"P",8.274,603.67,""
1,"A244_VOLH_C","AP54RH504_tml.VOL_VOH","VOL_VCCY_2.30_IOL_0.10",24411540,"AP54RHC244_TRUTH_TABLE",0,1,"PIN14",1,"P1","","",***,"NA",0.00449,"V","<=",0.03,"P",8.274,603.67,""
1,"A244_VOLH_C","AP54RH504_tml.VOL_VOH","VOL_VCCY_2.30_IOL_0.10",24411540,"AP54RHC244_TRUTH_TABLE",0,1,"PIN16",1,"P1","","",***,"NA",0.004438,"V","<=",0.03,"P",8.274,603.67,""
1,"A244_VOLH_C","AP54RH504_tml.VOL_VOH","VOL_VCCY_2.30_IOL_0.10",24411540,"AP54RHC244_TRUTH_TABLE",0,1,"PIN18",1,"P1","","",***,"NA",0.004268,"V","<=",0.03,"P",8.274,603.67,""
1,"A244_VOLH_C","AP54RH504_tml.VOL_VOH","VOL_VCCY_2.30_IOL_0.10",24411540,"AP54RHC244_TRUTH_TABLE",0,1,"PIN3",1,"P1","","",***,"NA",0.004439,"V","<=",0.03,"P",8.274,603.67,""
1,"A244_VOLH_C","AP54RH504_tml.VOL_VOH","VOL_VCCY_2.30_IOL_0.10",24411540,"AP54RHC244_TRUTH_TABLE",0,1,"PIN5",1,"P1","","",***,"NA",0.004325,"V","<=",0.03,"P",8.274,603.67,""
1,"A244_VOLH_C","AP54RH504_tml.VOL_VOH","VOL_VCCY_2.30_IOL_0.10",24411540,"AP54RHC244_TRUTH_TABLE",0,1,"PIN7",1,"P1","","",***,"NA",0.004377,"V","<=",0.03,"P",8.274,603.67,""
1,"A244_VOLH_C","AP54RH504_tml.VOL_VOH","VOL_VCCY_2.30_IOL_0.10",24411540,"AP54RHC244_TRUTH_TABLE",0,1,"PIN9",1,"P1","","",***,"NA",0.004433,"V","<=",0.03,"P",8.274,603.67,""
1,"A244_VOLH_C","AP54RH504_tml.VOL_VOH","VOH_VCCY_2.30_IOH_-0.10",24411550,"AP54RHC244_TRUTH_TABLE",0,1,"PIN12",1,"P1","","",2.2,"<=",2.29542,"V","NA",***,"P",8.253,603.67,""
1,"A244_VOLH_C","AP54RH504_tml.VOL_VOH","VOH_VCCY_2.30_IOH_-0.10",24411550,"AP54RHC244_TRUTH_TABLE",0,1,"PIN14",1,"P1","","",2.2,"<=",2.2953,"V","NA",***,"P",8.253,603.67,""
1,"A244_VOLH_C","AP54RH504_tml.VOL_VOH","VOH_VCCY_2.30_IOH_-0.10",24411550,"AP54RHC244_TRUTH_TABLE",0,1,"PIN16",1,"P1","","",2.2,"<=",2.29531,"V","NA",***,"P",8.253,603.67,""
1,"A244_VOLH_C","AP54RH504_tml.VOL_VOH","VOH_VCCY_2.30_IOH_-0.10",24411550,"AP54RHC244_TRUTH_TABLE",0,1,"PIN18",1,"P1","","",2.2,"<=",2.29508,"V","NA",***,"P",8.253,603.67,""
1,"A244_VOLH_C","AP54RH504_tml.VOL_VOH","VOH_VCCY_2.30_IOH_-0.10",24411550,"AP54RHC244_TRUTH_TABLE",0,1,"PIN3",1,"P1","","",2.2,"<=",2.29519,"V","NA",***,"P",8.253,603.67,""
1,"A244_VOLH_C","AP54RH504_tml.VOL_VOH","VOH_VCCY_2.30_IOH_-0.10",24411550,"AP54RHC244_TRUTH_TABLE",0,1,"PIN5",1,"P1","","",2.2,"<=",2.29496,"V","NA",***,"P",8.253,603.67,""
1,"A244_VOLH_C","AP54RH504_tml.VOL_VOH","VOH_VCCY_2.30_IOH_-0.10",24411550,"AP54RHC244_TRUTH_TABLE",0,1,"PIN7",1,"P1","","",2.2,"<=",2.29491,"V","NA",***,"P",8.253,603.67,""
1,"A244_VOLH_C","AP54RH504_tml.VOL_VOH","VOH_VCCY_2.30_IOH_-0.10",24411550,"AP54RHC244_TRUTH_TABLE",0,1,"PIN9",1,"P1","","",2.2,"<=",2.29496,"V","NA",***,"P",8.253,603.67,""
1,"A244_VOLH_C","AP54RH504_tml.VOL_VOH","VOL_VCCY_2.30_IOL_1.00",24411560,"AP54RHC244_TRUTH_TABLE",0,1,"PIN12",1,"P1","","",***,"NA",0.042324,"V","<=",0.09,"P",6.204,603.67,""
1,"A244_VOLH_C","AP54RH504_tml.VOL_VOH","VOL_VCCY_2.30_IOL_1.00",24411560,"AP54RHC244_TRUTH_TABLE",0,1,"PIN14",1,"P1","","",***,"NA",0.042325,"V","<=",0.09,"P",6.204,603.67,""
1,"A244_VOLH_C","AP54RH504_tml.VOL_VOH","VOL_VCCY_2.30_IOL_1.00",24411560,"AP54RHC244_TRUTH_TABLE",0,1,"PIN16",1,"P1","","",***,"NA",0.042143,"V","<=",0.09,"P",6.204,603.67,""
1,"A244_VOLH_C","AP54RH504_tml.VOL_VOH","VOL_VCCY_2.30_IOL_1.00",24411560,"AP54RHC244_TRUTH_TABLE",0,1,"PIN18",1,"P1","","",***,"NA",0.042087,"V","<=",0.09,"P",6.204,603.67,""
1,"A244_VOLH_C","AP54RH504_tml.VOL_VOH","VOL_VCCY_2.30_IOL_1.00",24411560,"AP54RHC244_TRUTH_TABLE",0,1,"PIN3",1,"P1","","",***,"NA",0.041917,"V","<=",0.09,"P",6.204,603.67,""
1,"A244_VOLH_C","AP54RH504_tml.VOL_VOH","VOL_VCCY_2.30_IOL_1.00",24411560,"AP54RHC244_TRUTH_TABLE",0,1,"PIN5",1,"P1","","",***,"NA",0.041802,"V","<=",0.09,"P",6.204,603.67,""
1,"A244_VOLH_C","AP54RH504_tml.VOL_VOH","VOL_VCCY_2.30_IOL_1.00",24411560,"AP54RHC244_TRUTH_TABLE",0,1,"PIN7",1,"P1","","",***,"NA",0.042097,"V","<=",0.09,"P",6.204,603.67,""
1,"A244_VOLH_C","AP54RH504_tml.VOL_VOH","VOL_VCCY_2.30_IOL_1.00",24411560,"AP54RHC244_TRUTH_TABLE",0,1,"PIN9",1,"P1","","",***,"NA",0.041699,"V","<=",0.09,"P",6.204,603.67,""
1,"A244_VOLH_C","AP54RH504_tml.VOL_VOH","VOH_VCCY_2.30_IOH_-1.00",24411570,"AP54RHC244_TRUTH_TABLE",0,1,"PIN12",1,"P1","","",2.15,"<=",2.25963,"V","NA",***,"P",7.915,603.67,""
1,"A244_VOLH_C","AP54RH504_tml.VOL_VOH","VOH_VCCY_2.30_IOH_-1.00",24411570,"AP54RHC244_TRUTH_TABLE",0,1,"PIN14",1,"P1","","",2.15,"<=",2.25911,"V","NA",***,"P",7.915,603.67,""
1,"A244_VOLH_C","AP54RH504_tml.VOL_VOH","VOH_VCCY_2.30_IOH_-1.00",24411570,"AP54RHC244_TRUTH_TABLE",0,1,"PIN16",1,"P1","","",2.15,"<=",2.25829,"V","NA",***,"P",7.915,603.67,""
1,"A244_VOLH_C","AP54RH504_tml.VOL_VOH","VOH_VCCY_2.30_IOH_-1.00",24411570,"AP54RHC244_TRUTH_TABLE",0,1,"PIN18",1,"P1","","",2.15,"<=",2.25766,"V","NA",***,"P",7.915,603.67,""
1,"A244_VOLH_C","AP54RH504_tml.VOL_VOH","VOH_VCCY_2.30_IOH_-1.00",24411570,"AP54RHC244_TRUTH_TABLE",0,1,"PIN3",1,"P1","","",2.15,"<=",2.25765,"V","NA",***,"P",7.915,603.67,""
1,"A244_VOLH_C","AP54RH504_tml.VOL_VOH","VOH_VCCY_2.30_IOH_-1.00",24411570,"AP54RHC244_TRUTH_TABLE",0,1,"PIN5",1,"P1","","",2.15,"<=",2.25657,"V","NA",***,"P",7.915,603.67,""
1,"A244_VOLH_C","AP54RH504_tml.VOL_VOH","VOH_VCCY_2.30_IOH_-1.00",24411570,"AP54RHC244_TRUTH_TABLE",0,1,"PIN7",1,"P1","","",2.15,"<=",2.25593,"V","NA",***,"P",7.915,603.67,""
1,"A244_VOLH_C","AP54RH504_tml.VOL_VOH","VOH_VCCY_2.30_IOH_-1.00",24411570,"AP54RHC244_TRUTH_TABLE",0,1,"PIN9",1,"P1","","",2.15,"<=",2.25502,"V","NA",***,"P",7.915,603.67,""
1,"A244_VOLH_C","AP54RH504_tml.VOL_VOH","VOL_VCCY_3.00_IOL_0.10",24411580,"AP54RHC244_TRUTH_TABLE",0,1,"PIN12",1,"P1","","",***,"NA",0.003921,"V","<=",0.03,"P",17.943,603.67,""
1,"A244_VOLH_C","AP54RH504_tml.VOL_VOH","VOL_VCCY_3.00_IOL_0.10",24411580,"AP54RHC244_TRUTH_TABLE",0,1,"PIN14",1,"P1","","",***,"NA",0.003808,"V","<=",0.03,"P",17.943,603.67,""
1,"A244_VOLH_C","AP54RH504_tml.VOL_VOH","VOL_VCCY_3.00_IOL_0.10",24411580,"AP54RHC244_TRUTH_TABLE",0,1,"PIN16",1,"P1","","",***,"NA",0.003755,"V","<=",0.03,"P",17.943,603.67,""
1,"A244_VOLH_C","AP54RH504_tml.VOL_VOH","VOL_VCCY_3.00_IOL_0.10",24411580,"AP54RHC244_TRUTH_TABLE",0,1,"PIN18",1,"P1","","",***,"NA",0.003698,"V","<=",0.03,"P",17.943,603.67,""
1,"A244_VOLH_C","AP54RH504_tml.VOL_VOH","VOL_VCCY_3.00_IOL_0.10",24411580,"AP54RHC244_TRUTH_TABLE",0,1,"PIN3",1,"P1","","",***,"NA",0.003812,"V","<=",0.03,"P",17.943,603.67,""
1,"A244_VOLH_C","AP54RH504_tml.VOL_VOH","VOL_VCCY_3.00_IOL_0.10",24411580,"AP54RHC244_TRUTH_TABLE",0,1,"PIN5",1,"P1","","",***,"NA",0.003755,"V","<=",0.03,"P",17.943,603.67,""
1,"A244_VOLH_C","AP54RH504_tml.VOL_VOH","VOL_VCCY_3.00_IOL_0.10",24411580,"AP54RHC244_TRUTH_TABLE",0,1,"PIN7",1,"P1","","",***,"NA",0.003751,"V","<=",0.03,"P",17.943,603.67,""
1,"A244_VOLH_C","AP54RH504_tml.VOL_VOH","VOL_VCCY_3.00_IOL_0.10",24411580,"AP54RHC244_TRUTH_TABLE",0,1,"PIN9",1,"P1","","",***,"NA",0.003751,"V","<=",0.03,"P",17.943,603.67,""
1,"A244_VOLH_C","AP54RH504_tml.VOL_VOH","VOH_VCCY_3.00_IOH_-0.10",24411590,"AP54RHC244_TRUTH_TABLE",0,1,"PIN12",1,"P1","","",2.9,"<=",2.99554,"V","NA",***,"P",9.132,603.67,""
1,"A244_VOLH_C","AP54RH504_tml.VOL_VOH","VOH_VCCY_3.00_IOH_-0.10",24411590,"AP54RHC244_TRUTH_TABLE",0,1,"PIN14",1,"P1","","",2.9,"<=",2.99554,"V","NA",***,"P",9.132,603.67,""
1,"A244_VOLH_C","AP54RH504_tml.VOL_VOH","VOH_VCCY_3.00_IOH_-0.10",24411590,"AP54RHC244_TRUTH_TABLE",0,1,"PIN16",1,"P1","","",2.9,"<=",2.99545,"V","NA",***,"P",9.132,603.67,""
1,"A244_VOLH_C","AP54RH504_tml.VOL_VOH","VOH_VCCY_3.00_IOH_-0.10",24411590,"AP54RHC244_TRUTH_TABLE",0,1,"PIN18",1,"P1","","",2.9,"<=",2.9954,"V","NA",***,"P",9.132,603.67,""
1,"A244_VOLH_C","AP54RH504_tml.VOL_VOH","VOH_VCCY_3.00_IOH_-0.10",24411590,"AP54RHC244_TRUTH_TABLE",0,1,"PIN3",1,"P1","","",2.9,"<=",2.99558,"V","NA",***,"P",9.132,603.67,""
1,"A244_VOLH_C","AP54RH504_tml.VOL_VOH","VOH_VCCY_3.00_IOH_-0.10",24411590,"AP54RHC244_TRUTH_TABLE",0,1,"PIN5",1,"P1","","",2.9,"<=",2.99535,"V","NA",***,"P",9.132,603.67,""
1,"A244_VOLH_C","AP54RH504_tml.VOL_VOH","VOH_VCCY_3.00_IOH_-0.10",24411590,"AP54RHC244_TRUTH_TABLE",0,1,"PIN7",1,"P1","","",2.9,"<=",2.99525,"V","NA",***,"P",9.132,603.67,""
1,"A244_VOLH_C","AP54RH504_tml.VOL_VOH","VOH_VCCY_3.00_IOH_-0.10",24411590,"AP54RHC244_TRUTH_TABLE",0,1,"PIN9",1,"P1","","",2.9,"<=",2.99519,"V","NA",***,"P",9.132,603.67,""
1,"A244_VOLH_C","AP54RH504_tml.VOL_VOH","VOL_VCCY_3.00_IOL_1.00",24411600,"AP54RHC244_TRUTH_TABLE",0,1,"PIN12",1,"P1","","",***,"NA",0.036351,"V","<=",0.09,"P",6.647,603.67,""
1,"A244_VOLH_C","AP54RH504_tml.VOL_VOH","VOL_VCCY_3.00_IOL_1.00",24411600,"AP54RHC244_TRUTH_TABLE",0,1,"PIN14",1,"P1","","",***,"NA",0.036408,"V","<=",0.09,"P",6.647,603.67,""
1,"A244_VOLH_C","AP54RH504_tml.VOL_VOH","VOL_VCCY_3.00_IOL_1.00",24411600,"AP54RHC244_TRUTH_TABLE",0,1,"PIN16",1,"P1","","",***,"NA",0.03622,"V","<=",0.09,"P",6.647,603.67,""
1,"A244_VOLH_C","AP54RH504_tml.VOL_VOH","VOL_VCCY_3.00_IOL_1.00",24411600,"AP54RHC244_TRUTH_TABLE",0,1,"PIN18",1,"P1","","",***,"NA",0.03605,"V","<=",0.09,"P",6.647,603.67,""
1,"A244_VOLH_C","AP54RH504_tml.VOL_VOH","VOL_VCCY_3.00_IOL_1.00",24411600,"AP54RHC244_TRUTH_TABLE",0,1,"PIN3",1,"P1","","",***,"NA",0.035879,"V","<=",0.09,"P",6.647,603.67,""
1,"A244_VOLH_C","AP54RH504_tml.VOL_VOH","VOL_VCCY_3.00_IOL_1.00",24411600,"AP54RHC244_TRUTH_TABLE",0,1,"PIN5",1,"P1","","",***,"NA",0.035936,"V","<=",0.09,"P",6.647,603.67,""
1,"A244_VOLH_C","AP54RH504_tml.VOL_VOH","VOL_VCCY_3.00_IOL_1.00",24411600,"AP54RHC244_TRUTH_TABLE",0,1,"PIN7",1,"P1","","",***,"NA",0.036123,"V","<=",0.09,"P",6.647,603.67,""
1,"A244_VOLH_C","AP54RH504_tml.VOL_VOH","VOL_VCCY_3.00_IOL_1.00",24411600,"AP54RHC244_TRUTH_TABLE",0,1,"PIN9",1,"P1","","",***,"NA",0.035668,"V","<=",0.09,"P",6.647,603.67,""
1,"A244_VOLH_C","AP54RH504_tml.VOL_VOH","VOH_VCCY_3.00_IOH_-1.00",24411610,"AP54RHC244_TRUTH_TABLE",0,1,"PIN12",1,"P1","","",2.85,"<=",2.96561,"V","NA",***,"P",8.437,603.67,""
1,"A244_VOLH_C","AP54RH504_tml.VOL_VOH","VOH_VCCY_3.00_IOH_-1.00",24411610,"AP54RHC244_TRUTH_TABLE",0,1,"PIN14",1,"P1","","",2.85,"<=",2.96493,"V","NA",***,"P",8.437,603.67,""
1,"A244_VOLH_C","AP54RH504_tml.VOL_VOH","VOH_VCCY_3.00_IOH_-1.00",24411610,"AP54RHC244_TRUTH_TABLE",0,1,"PIN16",1,"P1","","",2.85,"<=",2.96419,"V","NA",***,"P",8.437,603.67,""
1,"A244_VOLH_C","AP54RH504_tml.VOL_VOH","VOH_VCCY_3.00_IOH_-1.00",24411610,"AP54RHC244_TRUTH_TABLE",0,1,"PIN18",1,"P1","","",2.85,"<=",2.96362,"V","NA",***,"P",8.437,603.67,""
1,"A244_VOLH_C","AP54RH504_tml.VOL_VOH","VOH_VCCY_3.00_IOH_-1.00",24411610,"AP54RHC244_TRUTH_TABLE",0,1,"PIN3",1,"P1","","",2.85,"<=",2.96368,"V","NA",***,"P",8.437,603.67,""
1,"A244_VOLH_C","AP54RH504_tml.VOL_VOH","VOH_VCCY_3.00_IOH_-1.00",24411610,"AP54RHC244_TRUTH_TABLE",0,1,"PIN5",1,"P1","","",2.85,"<=",2.9626,"V","NA",***,"P",8.437,603.67,""
1,"A244_VOLH_C","AP54RH504_tml.VOL_VOH","VOH_VCCY_3.00_IOH_-1.00",24411610,"AP54RHC244_TRUTH_TABLE",0,1,"PIN7",1,"P1","","",2.85,"<=",2.96175,"V","NA",***,"P",8.437,603.67,""
1,"A244_VOLH_C","AP54RH504_tml.VOL_VOH","VOH_VCCY_3.00_IOH_-1.00",24411610,"AP54RHC244_TRUTH_TABLE",0,1,"PIN9",1,"P1","","",2.85,"<=",2.961,"V","NA",***,"P",8.437,603.67,""
1,"A244_VOLH_C","AP54RH504_tml.VOL_VOH","VOL_VCCY_4.50_IOL_0.10",24411620,"AP54RHC244_TRUTH_TABLE",0,1,"PIN12",1,"P1","","",***,"NA",0.003352,"V","<=",0.03,"P",17.701,603.67,""
1,"A244_VOLH_C","AP54RH504_tml.VOL_VOH","VOL_VCCY_4.50_IOL_0.10",24411620,"AP54RHC244_TRUTH_TABLE",0,1,"PIN14",1,"P1","","",***,"NA",0.003353,"V","<=",0.03,"P",17.701,603.67,""
1,"A244_VOLH_C","AP54RH504_tml.VOL_VOH","VOL_VCCY_4.50_IOL_0.10",24411620,"AP54RHC244_TRUTH_TABLE",0,1,"PIN16",1,"P1","","",***,"NA",0.003299,"V","<=",0.03,"P",17.701,603.67,""
1,"A244_VOLH_C","AP54RH504_tml.VOL_VOH","VOL_VCCY_4.50_IOL_0.10",24411620,"AP54RHC244_TRUTH_TABLE",0,1,"PIN18",1,"P1","","",***,"NA",0.003185,"V","<=",0.03,"P",17.701,603.67,""
1,"A244_VOLH_C","AP54RH504_tml.VOL_VOH","VOL_VCCY_4.50_IOL_0.10",24411620,"AP54RHC244_TRUTH_TABLE",0,1,"PIN3",1,"P1","","",***,"NA",0.003356,"V","<=",0.03,"P",17.701,603.67,""
1,"A244_VOLH_C","AP54RH504_tml.VOL_VOH","VOL_VCCY_4.50_IOL_0.10",24411620,"AP54RHC244_TRUTH_TABLE",0,1,"PIN5",1,"P1","","",***,"NA",0.003299,"V","<=",0.03,"P",17.701,603.67,""
1,"A244_VOLH_C","AP54RH504_tml.VOL_VOH","VOL_VCCY_4.50_IOL_0.10",24411620,"AP54RHC244_TRUTH_TABLE",0,1,"PIN7",1,"P1","","",***,"NA",0.003352,"V","<=",0.03,"P",17.701,603.67,""
1,"A244_VOLH_C","AP54RH504_tml.VOL_VOH","VOL_VCCY_4.50_IOL_0.10",24411620,"AP54RHC244_TRUTH_TABLE",0,1,"PIN9",1,"P1","","",***,"NA",0.003352,"V","<=",0.03,"P",17.701,603.67,""
1,"A244_VOLH_C","AP54RH504_tml.VOL_VOH","VOH_VCCY_4.50_IOH_-0.10",24411630,"AP54RHC244_TRUTH_TABLE",0,1,"PIN12",1,"P1","","",4.4,"<=",4.4951,"V","NA",***,"P",8.063,603.67,""
1,"A244_VOLH_C","AP54RH504_tml.VOL_VOH","VOH_VCCY_4.50_IOH_-0.10",24411630,"AP54RHC244_TRUTH_TABLE",0,1,"PIN14",1,"P1","","",4.4,"<=",4.49505,"V","NA",***,"P",8.063,603.67,""
1,"A244_VOLH_C","AP54RH504_tml.VOL_VOH","VOH_VCCY_4.50_IOH_-0.10",24411630,"AP54RHC244_TRUTH_TABLE",0,1,"PIN16",1,"P1","","",4.4,"<=",4.4949,"V","NA",***,"P",8.063,603.67,""
1,"A244_VOLH_C","AP54RH504_tml.VOL_VOH","VOH_VCCY_4.50_IOH_-0.10",24411630,"AP54RHC244_TRUTH_TABLE",0,1,"PIN18",1,"P1","","",4.4,"<=",4.49478,"V","NA",***,"P",8.063,603.67,""
1,"A244_VOLH_C","AP54RH504_tml.VOL_VOH","VOH_VCCY_4.50_IOH_-0.10",24411630,"AP54RHC244_TRUTH_TABLE",0,1,"PIN3",1,"P1","","",4.4,"<=",4.49494,"V","NA",***,"P",8.063,603.67,""
1,"A244_VOLH_C","AP54RH504_tml.VOL_VOH","VOH_VCCY_4.50_IOH_-0.10",24411630,"AP54RHC244_TRUTH_TABLE",0,1,"PIN5",1,"P1","","",4.4,"<=",4.49477,"V","NA",***,"P",8.063,603.67,""
1,"A244_VOLH_C","AP54RH504_tml.VOL_VOH","VOH_VCCY_4.50_IOH_-0.10",24411630,"AP54RHC244_TRUTH_TABLE",0,1,"PIN7",1,"P1","","",4.4,"<=",4.49471,"V","NA",***,"P",8.063,603.67,""
1,"A244_VOLH_C","AP54RH504_tml.VOL_VOH","VOH_VCCY_4.50_IOH_-0.10",24411630,"AP54RHC244_TRUTH_TABLE",0,1,"PIN9",1,"P1","","",4.4,"<=",4.49449,"V","NA",***,"P",8.063,603.67,""
1,"A244_VOLH_C","AP54RH504_tml.VOL_VOH","VOL_VCCY_4.50_IOL_1.00",24411640,"AP54RHC244_TRUTH_TABLE",0,1,"PIN12",1,"P1","","",***,"NA",0.031572,"V","<=",0.09,"P",6.13,603.67,""
1,"A244_VOLH_C","AP54RH504_tml.VOL_VOH","VOL_VCCY_4.50_IOL_1.00",24411640,"AP54RHC244_TRUTH_TABLE",0,1,"PIN14",1,"P1","","",***,"NA",0.031515,"V","<=",0.09,"P",6.13,603.67,""
1,"A244_VOLH_C","AP54RH504_tml.VOL_VOH","VOL_VCCY_4.50_IOL_1.00",24411640,"AP54RHC244_TRUTH_TABLE",0,1,"PIN16",1,"P1","","",***,"NA",0.031378,"V","<=",0.09,"P",6.13,603.67,""
1,"A244_VOLH_C","AP54RH504_tml.VOL_VOH","VOL_VCCY_4.50_IOL_1.00",24411640,"AP54RHC244_TRUTH_TABLE",0,1,"PIN18",1,"P1","","",***,"NA",0.031322,"V","<=",0.09,"P",6.13,603.67,""
1,"A244_VOLH_C","AP54RH504_tml.VOL_VOH","VOL_VCCY_4.50_IOL_1.00",24411640,"AP54RHC244_TRUTH_TABLE",0,1,"PIN3",1,"P1","","",***,"NA",0.031038,"V","<=",0.09,"P",6.13,603.67,""
1,"A244_VOLH_C","AP54RH504_tml.VOL_VOH","VOL_VCCY_4.50_IOL_1.00",24411640,"AP54RHC244_TRUTH_TABLE",0,1,"PIN5",1,"P1","","",***,"NA",0.031151,"V","<=",0.09,"P",6.13,603.67,""
1,"A244_VOLH_C","AP54RH504_tml.VOL_VOH","VOL_VCCY_4.50_IOL_1.00",24411640,"AP54RHC244_TRUTH_TABLE",0,1,"PIN7",1,"P1","","",***,"NA",0.031344,"V","<=",0.09,"P",6.13,603.67,""
1,"A244_VOLH_C","AP54RH504_tml.VOL_VOH","VOL_VCCY_4.50_IOL_1.00",24411640,"AP54RHC244_TRUTH_TABLE",0,1,"PIN9",1,"P1","","",***,"NA",0.030832,"V","<=",0.09,"P",6.13,603.67,""
1,"A244_VOLH_C","AP54RH504_tml.VOL_VOH","VOH_VCCY_4.50_IOH_-1.00",24411650,"AP54RHC244_TRUTH_TABLE",0,1,"PIN12",1,"P1","","",4.35,"<=",4.4703,"V","NA",***,"P",8.021,603.67,""
1,"A244_VOLH_C","AP54RH504_tml.VOL_VOH","VOH_VCCY_4.50_IOH_-1.00",24411650,"AP54RHC244_TRUTH_TABLE",0,1,"PIN14",1,"P1","","",4.35,"<=",4.46973,"V","NA",***,"P",8.021,603.67,""
1,"A244_VOLH_C","AP54RH504_tml.VOL_VOH","VOH_VCCY_4.50_IOH_-1.00",24411650,"AP54RHC244_TRUTH_TABLE",0,1,"PIN16",1,"P1","","",4.35,"<=",4.4691,"V","NA",***,"P",8.021,603.67,""
1,"A244_VOLH_C","AP54RH504_tml.VOL_VOH","VOH_VCCY_4.50_IOH_-1.00",24411650,"AP54RHC244_TRUTH_TABLE",0,1,"PIN18",1,"P1","","",4.35,"<=",4.46847,"V","NA",***,"P",8.021,603.67,""
1,"A244_VOLH_C","AP54RH504_tml.VOL_VOH","VOH_VCCY_4.50_IOH_-1.00",24411650,"AP54RHC244_TRUTH_TABLE",0,1,"PIN3",1,"P1","","",4.35,"<=",4.4684,"V","NA",***,"P",8.021,603.67,""
1,"A244_VOLH_C","AP54RH504_tml.VOL_VOH","VOH_VCCY_4.50_IOH_-1.00",24411650,"AP54RHC244_TRUTH_TABLE",0,1,"PIN5",1,"P1","","",4.35,"<=",4.46737,"V","NA",***,"P",8.021,603.67,""
1,"A244_VOLH_C","AP54RH504_tml.VOL_VOH","VOH_VCCY_4.50_IOH_-1.00",24411650,"AP54RHC244_TRUTH_TABLE",0,1,"PIN7",1,"P1","","",4.35,"<=",4.46649,"V","NA",***,"P",8.021,603.67,""
1,"A244_VOLH_C","AP54RH504_tml.VOL_VOH","VOH_VCCY_4.50_IOH_-1.00",24411650,"AP54RHC244_TRUTH_TABLE",0,1,"PIN9",1,"P1","","",4.35,"<=",4.4657,"V","NA",***,"P",8.021,603.67,""
1,"A244_VOLH_C","AP54RH504_tml.VOL_VOH","VOL_VCCY_1.40_IOL_1.00",24411680,"AP54RHC244_TRUTH_TABLE",0,1,"PIN12",1,"P1","","",0,"<=",0.068894,"V","<=",0.1,"P",7.6,603.67,""
1,"A244_VOLH_C","AP54RH504_tml.VOL_VOH","VOL_VCCY_1.40_IOL_1.00",24411680,"AP54RHC244_TRUTH_TABLE",0,1,"PIN14",1,"P1","","",0,"<=",0.068838,"V","<=",0.1,"P",7.6,603.67,""
1,"A244_VOLH_C","AP54RH504_tml.VOL_VOH","VOL_VCCY_1.40_IOL_1.00",24411680,"AP54RHC244_TRUTH_TABLE",0,1,"PIN16",1,"P1","","",0,"<=",0.068627,"V","<=",0.1,"P",7.6,603.67,""
1,"A244_VOLH_C","AP54RH504_tml.VOL_VOH","VOL_VCCY_1.40_IOL_1.00",24411680,"AP54RHC244_TRUTH_TABLE",0,1,"PIN18",1,"P1","","",0,"<=",0.068458,"V","<=",0.1,"P",7.6,603.67,""
1,"A244_VOLH_C","AP54RH504_tml.VOL_VOH","VOL_VCCY_1.40_IOL_1.00",24411680,"AP54RHC244_TRUTH_TABLE",0,1,"PIN3",1,"P1","","",0,"<=",0.068403,"V","<=",0.1,"P",7.6,603.67,""
1,"A244_VOLH_C","AP54RH504_tml.VOL_VOH","VOL_VCCY_1.40_IOL_1.00",24411680,"AP54RHC244_TRUTH_TABLE",0,1,"PIN5",1,"P1","","",0,"<=",0.068173,"V","<=",0.1,"P",7.6,603.67,""
1,"A244_VOLH_C","AP54RH504_tml.VOL_VOH","VOL_VCCY_1.40_IOL_1.00",24411680,"AP54RHC244_TRUTH_TABLE",0,1,"PIN7",1,"P1","","",0,"<=",0.068552,"V","<=",0.1,"P",7.6,603.67,""
1,"A244_VOLH_C","AP54RH504_tml.VOL_VOH","VOL_VCCY_1.40_IOL_1.00",24411680,"AP54RHC244_TRUTH_TABLE",0,1,"PIN9",1,"P1","","",0,"<=",0.068211,"V","<=",0.1,"P",7.6,603.67,""
1,"A244_VOLH_C","AP54RH504_tml.VOL_VOH","VOH_VCCY_1.40_IOH_-1.00",24411690,"AP54RHC244_TRUTH_TABLE",0,1,"PIN12",1,"P1","","",1.25,"<=",1.33625,"V","<=",1.4,"P",7.81,603.67,""
1,"A244_VOLH_C","AP54RH504_tml.VOL_VOH","VOH_VCCY_1.40_IOH_-1.00",24411690,"AP54RHC244_TRUTH_TABLE",0,1,"PIN14",1,"P1","","",1.25,"<=",1.33566,"V","<=",1.4,"P",7.81,603.67,""
1,"A244_VOLH_C","AP54RH504_tml.VOL_VOH","VOH_VCCY_1.40_IOH_-1.00",24411690,"AP54RHC244_TRUTH_TABLE",0,1,"PIN16",1,"P1","","",1.25,"<=",1.33481,"V","<=",1.4,"P",7.81,603.67,""
1,"A244_VOLH_C","AP54RH504_tml.VOL_VOH","VOH_VCCY_1.40_IOH_-1.00",24411690,"AP54RHC244_TRUTH_TABLE",0,1,"PIN18",1,"P1","","",1.25,"<=",1.33404,"V","<=",1.4,"P",7.81,603.67,""
1,"A244_VOLH_C","AP54RH504_tml.VOL_VOH","VOH_VCCY_1.40_IOH_-1.00",24411690,"AP54RHC244_TRUTH_TABLE",0,1,"PIN3",1,"P1","","",1.25,"<=",1.33384,"V","<=",1.4,"P",7.81,603.67,""
1,"A244_VOLH_C","AP54RH504_tml.VOL_VOH","VOH_VCCY_1.40_IOH_-1.00",24411690,"AP54RHC244_TRUTH_TABLE",0,1,"PIN5",1,"P1","","",1.25,"<=",1.3329,"V","<=",1.4,"P",7.81,603.67,""
1,"A244_VOLH_C","AP54RH504_tml.VOL_VOH","VOH_VCCY_1.40_IOH_-1.00",24411690,"AP54RHC244_TRUTH_TABLE",0,1,"PIN7",1,"P1","","",1.25,"<=",1.33221,"V","<=",1.4,"P",7.81,603.67,""
1,"A244_VOLH_C","AP54RH504_tml.VOL_VOH","VOH_VCCY_1.40_IOH_-1.00",24411690,"AP54RHC244_TRUTH_TABLE",0,1,"PIN9",1,"P1","","",1.25,"<=",1.3313,"V","<=",1.4,"P",7.81,603.67,""
1,"A244_VOLH_C","AP54RH504_tml.VOL_VOH","VOL_VCCY_1.40_IOL_2.00",24411700,"AP54RHC244_TRUTH_TABLE",0,1,"PIN12",1,"P1","","",0,"<=",0.143709,"V","<=",0.275,"P",6.141,603.67,""
1,"A244_VOLH_C","AP54RH504_tml.VOL_VOH","VOL_VCCY_1.40_IOL_2.00",24411700,"AP54RHC244_TRUTH_TABLE",0,1,"PIN14",1,"P1","","",0,"<=",0.144281,"V","<=",0.275,"P",6.141,603.67,""
1,"A244_VOLH_C","AP54RH504_tml.VOL_VOH","VOL_VCCY_1.40_IOL_2.00",24411700,"AP54RHC244_TRUTH_TABLE",0,1,"PIN16",1,"P1","","",0,"<=",0.143695,"V","<=",0.275,"P",6.141,603.67,""
1,"A244_VOLH_C","AP54RH504_tml.VOL_VOH","VOL_VCCY_1.40_IOL_2.00",24411700,"AP54RHC244_TRUTH_TABLE",0,1,"PIN18",1,"P1","","",0,"<=",0.144439,"V","<=",0.275,"P",6.141,603.67,""
1,"A244_VOLH_C","AP54RH504_tml.VOL_VOH","VOL_VCCY_1.40_IOL_2.00",24411700,"AP54RHC244_TRUTH_TABLE",0,1,"PIN3",1,"P1","","",0,"<=",0.143644,"V","<=",0.275,"P",6.141,603.67,""
1,"A244_VOLH_C","AP54RH504_tml.VOL_VOH","VOL_VCCY_1.40_IOL_2.00",24411700,"AP54RHC244_TRUTH_TABLE",0,1,"PIN5",1,"P1","","",0,"<=",0.142787,"V","<=",0.275,"P",6.141,603.67,""
1,"A244_VOLH_C","AP54RH504_tml.VOL_VOH","VOL_VCCY_1.40_IOL_2.00",24411700,"AP54RHC244_TRUTH_TABLE",0,1,"PIN7",1,"P1","","",0,"<=",0.143595,"V","<=",0.275,"P",6.141,603.67,""
1,"A244_VOLH_C","AP54RH504_tml.VOL_VOH","VOL_VCCY_1.40_IOL_2.00",24411700,"AP54RHC244_TRUTH_TABLE",0,1,"PIN9",1,"P1","","",0,"<=",0.142457,"V","<=",0.275,"P",6.141,603.67,""
1,"A244_VOLH_C","AP54RH504_tml.VOL_VOH","VOH_VCCY_1.40_IOH_-2.00",24411710,"AP54RHC244_TRUTH_TABLE",0,1,"PIN12",1,"P1","","",1.15,"<=",1.26866,"V","<=",1.4,"P",8.456,603.67,""
1,"A244_VOLH_C","AP54RH504_tml.VOL_VOH","VOH_VCCY_1.40_IOH_-2.00",24411710,"AP54RHC244_TRUTH_TABLE",0,1,"PIN14",1,"P1","","",1.15,"<=",1.26778,"V","<=",1.4,"P",8.456,603.67,""
1,"A244_VOLH_C","AP54RH504_tml.VOL_VOH","VOH_VCCY_1.40_IOH_-2.00",24411710,"AP54RHC244_TRUTH_TABLE",0,1,"PIN16",1,"P1","","",1.15,"<=",1.26572,"V","<=",1.4,"P",8.456,603.67,""
1,"A244_VOLH_C","AP54RH504_tml.VOL_VOH","VOH_VCCY_1.40_IOH_-2.00",24411710,"AP54RHC244_TRUTH_TABLE",0,1,"PIN18",1,"P1","","",1.15,"<=",1.26546,"V","<=",1.4,"P",8.456,603.67,""
1,"A244_VOLH_C","AP54RH504_tml.VOL_VOH","VOH_VCCY_1.40_IOH_-2.00",24411710,"AP54RHC244_TRUTH_TABLE",0,1,"PIN3",1,"P1","","",1.15,"<=",1.26436,"V","<=",1.4,"P",8.456,603.67,""
1,"A244_VOLH_C","AP54RH504_tml.VOL_VOH","VOH_VCCY_1.40_IOH_-2.00",24411710,"AP54RHC244_TRUTH_TABLE",0,1,"PIN5",1,"P1","","",1.15,"<=",1.26245,"V","<=",1.4,"P",8.456,603.67,""
1,"A244_VOLH_C","AP54RH504_tml.VOL_VOH","VOH_VCCY_1.40_IOH_-2.00",24411710,"AP54RHC244_TRUTH_TABLE",0,1,"PIN7",1,"P1","","",1.15,"<=",1.26093,"V","<=",1.4,"P",8.456,603.67,""
1,"A244_VOLH_C","AP54RH504_tml.VOL_VOH","VOH_VCCY_1.40_IOH_-2.00",24411710,"AP54RHC244_TRUTH_TABLE",0,1,"PIN9",1,"P1","","",1.15,"<=",1.25865,"V","<=",1.4,"P",8.456,603.67,""
1,"A244_IILH_140_C","AP54RH504_tml.IO_Leakage","passCurrentLow_uA",24419818,"AP54RHC244_TRUTH_TABLE",0,1,"PIN2",1,"P1","","",-0.2,"<=",0,"uA","<=",0.15,"P",83.807,86.146,""
1,"A244_IILH_140_C","AP54RH504_tml.IO_Leakage","passCurrentLow_uA",24419818,"AP54RHC244_TRUTH_TABLE",0,1,"PIN4",1,"P1","","",-0.2,"<=",-0.001,"uA","<=",0.15,"P",83.807,86.146,""
1,"A244_IILH_140_C","AP54RH504_tml.IO_Leakage","passCurrentLow_uA",24419818,"AP54RHC244_TRUTH_TABLE",0,1,"PIN6",1,"P1","","",-0.2,"<=",-0.001,"uA","<=",0.15,"P",83.807,86.146,""
1,"A244_IILH_140_C","AP54RH504_tml.IO_Leakage","passCurrentLow_uA",24419818,"AP54RHC244_TRUTH_TABLE",0,1,"PIN8",1,"P1","","",-0.2,"<=",0,"uA","<=",0.15,"P",83.807,86.146,""
1,"A244_IILH_140_C","AP54RH504_tml.IO_Leakage","passCurrentLow_uA",24419818,"AP54RHC244_TRUTH_TABLE",0,1,"PIN1",1,"P1","","",-0.2,"<=",-0.001,"uA","<=",0.15,"P",83.807,86.146,""
1,"A244_IILH_140_C","AP54RH504_tml.IO_Leakage","passCurrentLow_uA",24419818,"AP54RHC244_TRUTH_TABLE",0,1,"PIN19",1,"P1","","",-0.2,"<=",0,"uA","<=",0.15,"P",83.807,86.146,""
1,"A244_IILH_140_C","AP54RH504_tml.IO_Leakage","passCurrentLow_uA",24419818,"AP54RHC244_TRUTH_TABLE",0,1,"PIN17",1,"P1","","",-0.2,"<=",-0.001,"uA","<=",0.15,"P",83.807,86.146,""
1,"A244_IILH_140_C","AP54RH504_tml.IO_Leakage","passCurrentLow_uA",24419818,"AP54RHC244_TRUTH_TABLE",0,1,"PIN15",1,"P1","","",-0.2,"<=",0,"uA","<=",0.15,"P",83.807,86.146,""
1,"A244_IILH_140_C","AP54RH504_tml.IO_Leakage","passCurrentLow_uA",24419818,"AP54RHC244_TRUTH_TABLE",0,1,"PIN13",1,"P1","","",-0.2,"<=",0,"uA","<=",0.15,"P",83.807,86.146,""
1,"A244_IILH_140_C","AP54RH504_tml.IO_Leakage","passCurrentLow_uA",24419818,"AP54RHC244_TRUTH_TABLE",0,1,"PIN11",1,"P1","","",-0.2,"<=",0,"uA","<=",0.15,"P",83.807,86.146,""
1,"A244_IILH_140_C","AP54RH504_tml.IO_Leakage","passCurrentHigh_uA",24419820,"AP54RHC244_TRUTH_TABLE",0,1,"PIN2",1,"P1","","",-0.5,"<=",0,"uA","<=",0.5,"P",0.01,86.146,""
1,"A244_IILH_140_C","AP54RH504_tml.IO_Leakage","passCurrentHigh_uA",24419820,"AP54RHC244_TRUTH_TABLE",0,1,"PIN4",1,"P1","","",-0.5,"<=",0.002,"uA","<=",0.5,"P",0.01,86.146,""
1,"A244_IILH_140_C","AP54RH504_tml.IO_Leakage","passCurrentHigh_uA",24419820,"AP54RHC244_TRUTH_TABLE",0,1,"PIN6",1,"P1","","",-0.5,"<=",-0.001,"uA","<=",0.5,"P",0.01,86.146,""
1,"A244_IILH_140_C","AP54RH504_tml.IO_Leakage","passCurrentHigh_uA",24419820,"AP54RHC244_TRUTH_TABLE",0,1,"PIN8",1,"P1","","",-0.5,"<=",0,"uA","<=",0.5,"P",0.01,86.146,""
1,"A244_IILH_140_C","AP54RH504_tml.IO_Leakage","passCurrentHigh_uA",24419820,"AP54RHC244_TRUTH_TABLE",0,1,"PIN1",1,"P1","","",-0.5,"<=",-0.001,"uA","<=",0.5,"P",0.01,86.146,""
1,"A244_IILH_140_C","AP54RH504_tml.IO_Leakage","passCurrentHigh_uA",24419820,"AP54RHC244_TRUTH_TABLE",0,1,"PIN19",1,"P1","","",-0.5,"<=",-0.001,"uA","<=",0.5,"P",0.01,86.146,""
1,"A244_IILH_140_C","AP54RH504_tml.IO_Leakage","passCurrentHigh_uA",24419820,"AP54RHC244_TRUTH_TABLE",0,1,"PIN17",1,"P1","","",-0.5,"<=",-0.001,"uA","<=",0.5,"P",0.01,86.146,""
1,"A244_IILH_140_C","AP54RH504_tml.IO_Leakage","passCurrentHigh_uA",24419820,"AP54RHC244_TRUTH_TABLE",0,1,"PIN15",1,"P1","","",-0.5,"<=",0,"uA","<=",0.5,"P",0.01,86.146,""
1,"A244_IILH_140_C","AP54RH504_tml.IO_Leakage","passCurrentHigh_uA",24419820,"AP54RHC244_TRUTH_TABLE",0,1,"PIN13",1,"P1","","",-0.5,"<=",0,"uA","<=",0.5,"P",0.01,86.146,""
1,"A244_IILH_140_C","AP54RH504_tml.IO_Leakage","passCurrentHigh_uA",24419820,"AP54RHC244_TRUTH_TABLE",0,1,"PIN11",1,"P1","","",-0.5,"<=",-0.001,"uA","<=",0.5,"P",0.01,86.146,""
1,"A244_IILH_550_C","AP54RH504_tml.IO_Leakage","passCurrentLow_uA",24411760,"AP54RHC244_TRUTH_TABLE",0,1,"PIN2",1,"P1","","",-0.15,"<=",0,"uA","<=",0.15,"P",89.821,91.943,""
1,"A244_IILH_550_C","AP54RH504_tml.IO_Leakage","passCurrentLow_uA",24411760,"AP54RHC244_TRUTH_TABLE",0,1,"PIN4",1,"P1","","",-0.15,"<=",-0.001,"uA","<=",0.15,"P",89.821,91.943,""
1,"A244_IILH_550_C","AP54RH504_tml.IO_Leakage","passCurrentLow_uA",24411760,"AP54RHC244_TRUTH_TABLE",0,1,"PIN6",1,"P1","","",-0.15,"<=",-0.001,"uA","<=",0.15,"P",89.821,91.943,""
1,"A244_IILH_550_C","AP54RH504_tml.IO_Leakage","passCurrentLow_uA",24411760,"AP54RHC244_TRUTH_TABLE",0,1,"PIN8",1,"P1","","",-0.15,"<=",0,"uA","<=",0.15,"P",89.821,91.943,""
1,"A244_IILH_550_C","AP54RH504_tml.IO_Leakage","passCurrentLow_uA",24411760,"AP54RHC244_TRUTH_TABLE",0,1,"PIN1",1,"P1","","",-0.15,"<=",-0.001,"uA","<=",0.15,"P",89.821,91.943,""
1,"A244_IILH_550_C","AP54RH504_tml.IO_Leakage","passCurrentLow_uA",24411760,"AP54RHC244_TRUTH_TABLE",0,1,"PIN19",1,"P1","","",-0.15,"<=",-0.001,"uA","<=",0.15,"P",89.821,91.943,""
1,"A244_IILH_550_C","AP54RH504_tml.IO_Leakage","passCurrentLow_uA",24411760,"AP54RHC244_TRUTH_TABLE",0,1,"PIN17",1,"P1","","",-0.15,"<=",0,"uA","<=",0.15,"P",89.821,91.943,""
1,"A244_IILH_550_C","AP54RH504_tml.IO_Leakage","passCurrentLow_uA",24411760,"AP54RHC244_TRUTH_TABLE",0,1,"PIN15",1,"P1","","",-0.15,"<=",0,"uA","<=",0.15,"P",89.821,91.943,""
1,"A244_IILH_550_C","AP54RH504_tml.IO_Leakage","passCurrentLow_uA",24411760,"AP54RHC244_TRUTH_TABLE",0,1,"PIN13",1,"P1","","",-0.15,"<=",0,"uA","<=",0.15,"P",89.821,91.943,""
1,"A244_IILH_550_C","AP54RH504_tml.IO_Leakage","passCurrentLow_uA",24411760,"AP54RHC244_TRUTH_TABLE",0,1,"PIN11",1,"P1","","",-0.15,"<=",0,"uA","<=",0.15,"P",89.821,91.943,""
1,"A244_IILH_550_C","AP54RH504_tml.IO_Leakage","passCurrentHigh_uA",24411770,"AP54RHC244_TRUTH_TABLE",0,1,"PIN2",1,"P1","","",-0.5,"<=",0.001,"uA","<=",0.5,"P",0.011,91.943,""
1,"A244_IILH_550_C","AP54RH504_tml.IO_Leakage","passCurrentHigh_uA",24411770,"AP54RHC244_TRUTH_TABLE",0,1,"PIN4",1,"P1","","",-0.5,"<=",0.016,"uA","<=",0.5,"P",0.011,91.943,""
1,"A244_IILH_550_C","AP54RH504_tml.IO_Leakage","passCurrentHigh_uA",24411770,"AP54RHC244_TRUTH_TABLE",0,1,"PIN6",1,"P1","","",-0.5,"<=",0,"uA","<=",0.5,"P",0.011,91.943,""
1,"A244_IILH_550_C","AP54RH504_tml.IO_Leakage","passCurrentHigh_uA",24411770,"AP54RHC244_TRUTH_TABLE",0,1,"PIN8",1,"P1","","",-0.5,"<=",0.001,"uA","<=",0.5,"P",0.011,91.943,""
1,"A244_IILH_550_C","AP54RH504_tml.IO_Leakage","passCurrentHigh_uA",24411770,"AP54RHC244_TRUTH_TABLE",0,1,"PIN1",1,"P1","","",-0.5,"<=",-0.001,"uA","<=",0.5,"P",0.011,91.943,""
1,"A244_IILH_550_C","AP54RH504_tml.IO_Leakage","passCurrentHigh_uA",24411770,"AP54RHC244_TRUTH_TABLE",0,1,"PIN19",1,"P1","","",-0.5,"<=",0,"uA","<=",0.5,"P",0.011,91.943,""
1,"A244_IILH_550_C","AP54RH504_tml.IO_Leakage","passCurrentHigh_uA",24411770,"AP54RHC244_TRUTH_TABLE",0,1,"PIN17",1,"P1","","",-0.5,"<=",0.001,"uA","<=",0.5,"P",0.011,91.943,""
1,"A244_IILH_550_C","AP54RH504_tml.IO_Leakage","passCurrentHigh_uA",24411770,"AP54RHC244_TRUTH_TABLE",0,1,"PIN15",1,"P1","","",-0.5,"<=",0,"uA","<=",0.5,"P",0.011,91.943,""
1,"A244_IILH_550_C","AP54RH504_tml.IO_Leakage","passCurrentHigh_uA",24411770,"AP54RHC244_TRUTH_TABLE",0,1,"PIN13",1,"P1","","",-0.5,"<=",0.001,"uA","<=",0.5,"P",0.011,91.943,""
1,"A244_IILH_550_C","AP54RH504_tml.IO_Leakage","passCurrentHigh_uA",24411770,"AP54RHC244_TRUTH_TABLE",0,1,"PIN11",1,"P1","","",-0.5,"<=",0,"uA","<=",0.5,"P",0.011,91.943,""
1,"A244_IOZLH_140_C","AP54RH504_tml.IO_Leakage","passCurrentLow_uA",24419822,"AP54RHC244_TRUTH_TABLE",0,1,"PIN12",1,"P1","","",-0.5,"<=",0,"uA","<=",0.2,"P",83.729,86.282,""
1,"A244_IOZLH_140_C","AP54RH504_tml.IO_Leakage","passCurrentLow_uA",24419822,"AP54RHC244_TRUTH_TABLE",0,1,"PIN14",1,"P1","","",-0.5,"<=",0,"uA","<=",0.2,"P",83.729,86.282,""
1,"A244_IOZLH_140_C","AP54RH504_tml.IO_Leakage","passCurrentLow_uA",24419822,"AP54RHC244_TRUTH_TABLE",0,1,"PIN16",1,"P1","","",-0.5,"<=",0,"uA","<=",0.2,"P",83.729,86.282,""
1,"A244_IOZLH_140_C","AP54RH504_tml.IO_Leakage","passCurrentLow_uA",24419822,"AP54RHC244_TRUTH_TABLE",0,1,"PIN18",1,"P1","","",-0.5,"<=",0,"uA","<=",0.2,"P",83.729,86.282,""
1,"A244_IOZLH_140_C","AP54RH504_tml.IO_Leakage","passCurrentLow_uA",24419822,"AP54RHC244_TRUTH_TABLE",0,1,"PIN3",1,"P1","","",-0.5,"<=",0,"uA","<=",0.2,"P",83.729,86.282,""
1,"A244_IOZLH_140_C","AP54RH504_tml.IO_Leakage","passCurrentLow_uA",24419822,"AP54RHC244_TRUTH_TABLE",0,1,"PIN5",1,"P1","","",-0.5,"<=",0,"uA","<=",0.2,"P",83.729,86.282,""
1,"A244_IOZLH_140_C","AP54RH504_tml.IO_Leakage","passCurrentLow_uA",24419822,"AP54RHC244_TRUTH_TABLE",0,1,"PIN7",1,"P1","","",-0.5,"<=",0,"uA","<=",0.2,"P",83.729,86.282,""
1,"A244_IOZLH_140_C","AP54RH504_tml.IO_Leakage","passCurrentLow_uA",24419822,"AP54RHC244_TRUTH_TABLE",0,1,"PIN9",1,"P1","","",-0.5,"<=",0,"uA","<=",0.2,"P",83.729,86.282,""
1,"A244_IOZLH_140_C","AP54RH504_tml.IO_Leakage","passCurrentHigh_uA",24419824,"AP54RHC244_TRUTH_TABLE",0,1,"PIN12",1,"P1","","",-0.2,"<=",0,"uA","<=",0.9,"P",0.024,86.282,""
1,"A244_IOZLH_140_C","AP54RH504_tml.IO_Leakage","passCurrentHigh_uA",24419824,"AP54RHC244_TRUTH_TABLE",0,1,"PIN14",1,"P1","","",-0.2,"<=",0,"uA","<=",0.9,"P",0.024,86.282,""
1,"A244_IOZLH_140_C","AP54RH504_tml.IO_Leakage","passCurrentHigh_uA",24419824,"AP54RHC244_TRUTH_TABLE",0,1,"PIN16",1,"P1","","",-0.2,"<=",0,"uA","<=",0.9,"P",0.024,86.282,""
1,"A244_IOZLH_140_C","AP54RH504_tml.IO_Leakage","passCurrentHigh_uA",24419824,"AP54RHC244_TRUTH_TABLE",0,1,"PIN18",1,"P1","","",-0.2,"<=",0,"uA","<=",0.9,"P",0.024,86.282,""
1,"A244_IOZLH_140_C","AP54RH504_tml.IO_Leakage","passCurrentHigh_uA",24419824,"AP54RHC244_TRUTH_TABLE",0,1,"PIN3",1,"P1","","",-0.2,"<=",0.001,"uA","<=",0.9,"P",0.024,86.282,""
1,"A244_IOZLH_140_C","AP54RH504_tml.IO_Leakage","passCurrentHigh_uA",24419824,"AP54RHC244_TRUTH_TABLE",0,1,"PIN5",1,"P1","","",-0.2,"<=",0,"uA","<=",0.9,"P",0.024,86.282,""
1,"A244_IOZLH_140_C","AP54RH504_tml.IO_Leakage","passCurrentHigh_uA",24419824,"AP54RHC244_TRUTH_TABLE",0,1,"PIN7",1,"P1","","",-0.2,"<=",0,"uA","<=",0.9,"P",0.024,86.282,""
1,"A244_IOZLH_140_C","AP54RH504_tml.IO_Leakage","passCurrentHigh_uA",24419824,"AP54RHC244_TRUTH_TABLE",0,1,"PIN9",1,"P1","","",-0.2,"<=",0,"uA","<=",0.9,"P",0.024,86.282,""
1,"A244_IOZLH_550_C","AP54RH504_tml.IO_Leakage","passCurrentLow_uA",24411800,"AP54RHC244_TRUTH_TABLE",0,1,"PIN12",1,"P1","","",-0.5,"<=",0,"uA","<=",0.3,"P",88.387,91.266,""
1,"A244_IOZLH_550_C","AP54RH504_tml.IO_Leakage","passCurrentLow_uA",24411800,"AP54RHC244_TRUTH_TABLE",0,1,"PIN14",1,"P1","","",-0.5,"<=",0,"uA","<=",0.3,"P",88.387,91.266,""
1,"A244_IOZLH_550_C","AP54RH504_tml.IO_Leakage","passCurrentLow_uA",24411800,"AP54RHC244_TRUTH_TABLE",0,1,"PIN16",1,"P1","","",-0.5,"<=",0,"uA","<=",0.3,"P",88.387,91.266,""
1,"A244_IOZLH_550_C","AP54RH504_tml.IO_Leakage","passCurrentLow_uA",24411800,"AP54RHC244_TRUTH_TABLE",0,1,"PIN18",1,"P1","","",-0.5,"<=",0,"uA","<=",0.3,"P",88.387,91.266,""
1,"A244_IOZLH_550_C","AP54RH504_tml.IO_Leakage","passCurrentLow_uA",24411800,"AP54RHC244_TRUTH_TABLE",0,1,"PIN3",1,"P1","","",-0.5,"<=",0,"uA","<=",0.3,"P",88.387,91.266,""
1,"A244_IOZLH_550_C","AP54RH504_tml.IO_Leakage","passCurrentLow_uA",24411800,"AP54RHC244_TRUTH_TABLE",0,1,"PIN5",1,"P1","","",-0.5,"<=",0,"uA","<=",0.3,"P",88.387,91.266,""
1,"A244_IOZLH_550_C","AP54RH504_tml.IO_Leakage","passCurrentLow_uA",24411800,"AP54RHC244_TRUTH_TABLE",0,1,"PIN7",1,"P1","","",-0.5,"<=",0,"uA","<=",0.3,"P",88.387,91.266,""
1,"A244_IOZLH_550_C","AP54RH504_tml.IO_Leakage","passCurrentLow_uA",24411800,"AP54RHC244_TRUTH_TABLE",0,1,"PIN9",1,"P1","","",-0.5,"<=",0,"uA","<=",0.3,"P",88.387,91.266,""
1,"A244_IOZLH_550_C","AP54RH504_tml.IO_Leakage","passCurrentHigh_uA",24411810,"AP54RHC244_TRUTH_TABLE",0,1,"PIN12",1,"P1","","",-0.5,"<=",0.006,"uA","<=",0.5,"P",0.024,91.266,""
1,"A244_IOZLH_550_C","AP54RH504_tml.IO_Leakage","passCurrentHigh_uA",24411810,"AP54RHC244_TRUTH_TABLE",0,1,"PIN14",1,"P1","","",-0.5,"<=",0.001,"uA","<=",0.5,"P",0.024,91.266,""
1,"A244_IOZLH_550_C","AP54RH504_tml.IO_Leakage","passCurrentHigh_uA",24411810,"AP54RHC244_TRUTH_TABLE",0,1,"PIN16",1,"P1","","",-0.5,"<=",0,"uA","<=",0.5,"P",0.024,91.266,""
1,"A244_IOZLH_550_C","AP54RH504_tml.IO_Leakage","passCurrentHigh_uA",24411810,"AP54RHC244_TRUTH_TABLE",0,1,"PIN18",1,"P1","","",-0.5,"<=",0.001,"uA","<=",0.5,"P",0.024,91.266,""
1,"A244_IOZLH_550_C","AP54RH504_tml.IO_Leakage","passCurrentHigh_uA",24411810,"AP54RHC244_TRUTH_TABLE",0,1,"PIN3",1,"P1","","",-0.5,"<=",0.004,"uA","<=",0.5,"P",0.024,91.266,""
1,"A244_IOZLH_550_C","AP54RH504_tml.IO_Leakage","passCurrentHigh_uA",24411810,"AP54RHC244_TRUTH_TABLE",0,1,"PIN5",1,"P1","","",-0.5,"<=",0.002,"uA","<=",0.5,"P",0.024,91.266,""
1,"A244_IOZLH_550_C","AP54RH504_tml.IO_Leakage","passCurrentHigh_uA",24411810,"AP54RHC244_TRUTH_TABLE",0,1,"PIN7",1,"P1","","",-0.5,"<=",0,"uA","<=",0.5,"P",0.024,91.266,""
1,"A244_IOZLH_550_C","AP54RH504_tml.IO_Leakage","passCurrentHigh_uA",24411810,"AP54RHC244_TRUTH_TABLE",0,1,"PIN9",1,"P1","","",-0.5,"<=",0.001,"uA","<=",0.5,"P",0.024,91.266,""
1,"A244_T_PD_C","AP54RH504_tml.T_ENABLE_DISABLE","T_EDGE_HI_VCCY_4.5000",24419010,"AP54RHC244_TRAFFIC_ALL_OUT",0,1,"PIN12",1,"P1","","",***,"NA",6.05,"nS","<=",6.9,"P",110.755,1032.82,""
1,"A244_T_PD_C","AP54RH504_tml.T_ENABLE_DISABLE","T_EDGE_HI_VCCY_4.5000",24419010,"AP54RHC244_TRAFFIC_ALL_OUT",0,1,"PIN14",1,"P1","","",***,"NA",6.06,"nS","<=",6.9,"P",110.755,1032.82,""
1,"A244_T_PD_C","AP54RH504_tml.T_ENABLE_DISABLE","T_EDGE_HI_VCCY_4.5000",24419010,"AP54RHC244_TRAFFIC_ALL_OUT",0,1,"PIN16",1,"P1","","",***,"NA",6.08,"nS","<=",6.9,"P",110.755,1032.82,""
1,"A244_T_PD_C","AP54RH504_tml.T_ENABLE_DISABLE","T_EDGE_HI_VCCY_4.5000",24419010,"AP54RHC244_TRAFFIC_ALL_OUT",0,1,"PIN18",1,"P1","","",***,"NA",6.11,"nS","<=",6.9,"P",110.755,1032.82,""
1,"A244_T_PD_C","AP54RH504_tml.T_ENABLE_DISABLE","T_EDGE_HI_VCCY_4.5000",24419010,"AP54RHC244_TRAFFIC_ALL_OUT",0,1,"PIN3",1,"P1","","",***,"NA",6.09,"nS","<=",6.9,"P",110.755,1032.82,""
1,"A244_T_PD_C","AP54RH504_tml.T_ENABLE_DISABLE","T_EDGE_HI_VCCY_4.5000",24419010,"AP54RHC244_TRAFFIC_ALL_OUT",0,1,"PIN5",1,"P1","","",***,"NA",5.94,"nS","<=",6.9,"P",110.755,1032.82,""
1,"A244_T_PD_C","AP54RH504_tml.T_ENABLE_DISABLE","T_EDGE_HI_VCCY_4.5000",24419010,"AP54RHC244_TRAFFIC_ALL_OUT",0,1,"PIN7",1,"P1","","",***,"NA",5.99,"nS","<=",6.9,"P",110.755,1032.82,""
1,"A244_T_PD_C","AP54RH504_tml.T_ENABLE_DISABLE","T_EDGE_HI_VCCY_4.5000",24419010,"AP54RHC244_TRAFFIC_ALL_OUT",0,1,"PIN9",1,"P1","","",***,"NA",6.3,"nS","<=",6.9,"P",110.755,1032.82,""
1,"A244_T_PD_C","AP54RH504_tml.T_ENABLE_DISABLE","T_SKEW_HI_VCCY_4.5000",24419020,"AP54RHC244_TRAFFIC_ALL_OUT",0,1,"PIN12",1,"P1","","",***,"NA",0.36,"nS","<=",1,"P",0.01,1032.82,""
1,"A244_T_PD_C","AP54RH504_tml.T_ENABLE_DISABLE","T_EDGE_LO_VCCY_4.5000",24419170,"AP54RHC244_TRAFFIC_ALL_OUT",0,1,"PIN12",1,"P1","","",***,"NA",6.45,"nS","<=",6.9,"P",100.604,1032.82,""
1,"A244_T_PD_C","AP54RH504_tml.T_ENABLE_DISABLE","T_EDGE_LO_VCCY_4.5000",24419170,"AP54RHC244_TRAFFIC_ALL_OUT",0,1,"PIN14",1,"P1","","",***,"NA",6.33,"nS","<=",6.9,"P",100.604,1032.82,""
1,"A244_T_PD_C","AP54RH504_tml.T_ENABLE_DISABLE","T_EDGE_LO_VCCY_4.5000",24419170,"AP54RHC244_TRAFFIC_ALL_OUT",0,1,"PIN16",1,"P1","","",***,"NA",6.34,"nS","<=",6.9,"P",100.604,1032.82,""
1,"A244_T_PD_C","AP54RH504_tml.T_ENABLE_DISABLE","T_EDGE_LO_VCCY_4.5000",24419170,"AP54RHC244_TRAFFIC_ALL_OUT",0,1,"PIN18",1,"P1","","",***,"NA",6.37,"nS","<=",6.9,"P",100.604,1032.82,""
1,"A244_T_PD_C","AP54RH504_tml.T_ENABLE_DISABLE","T_EDGE_LO_VCCY_4.5000",24419170,"AP54RHC244_TRAFFIC_ALL_OUT",0,1,"PIN3",1,"P1","","",***,"NA",6.43,"nS","<=",6.9,"P",100.604,1032.82,""
1,"A244_T_PD_C","AP54RH504_tml.T_ENABLE_DISABLE","T_EDGE_LO_VCCY_4.5000",24419170,"AP54RHC244_TRAFFIC_ALL_OUT",0,1,"PIN5",1,"P1","","",***,"NA",6.25,"nS","<=",6.9,"P",100.604,1032.82,""
1,"A244_T_PD_C","AP54RH504_tml.T_ENABLE_DISABLE","T_EDGE_LO_VCCY_4.5000",24419170,"AP54RHC244_TRAFFIC_ALL_OUT",0,1,"PIN7",1,"P1","","",***,"NA",6.33,"nS","<=",6.9,"P",100.604,1032.82,""
1,"A244_T_PD_C","AP54RH504_tml.T_ENABLE_DISABLE","T_EDGE_LO_VCCY_4.5000",24419170,"AP54RHC244_TRAFFIC_ALL_OUT",0,1,"PIN9",1,"P1","","",***,"NA",6.45,"nS","<=",6.9,"P",100.604,1032.82,""
1,"A244_T_PD_C","AP54RH504_tml.T_ENABLE_DISABLE","T_SKEW_LO_VCCY_4.5000",24419180,"AP54RHC244_TRAFFIC_ALL_OUT",0,1,"PIN12",1,"P1","","",***,"NA",0.2,"nS","<=",1,"P",0.01,1032.82,""
1,"A244_T_PD_C","AP54RH504_tml.T_ENABLE_DISABLE","T_EDGE_HI_VCCY_3.0000",24419050,"AP54RHC244_TRAFFIC_ALL_OUT",0,1,"PIN12",1,"P1","","",***,"NA",7.13,"nS","<=",9.4,"P",102.961,1032.82,""
1,"A244_T_PD_C","AP54RH504_tml.T_ENABLE_DISABLE","T_EDGE_HI_VCCY_3.0000",24419050,"AP54RHC244_TRAFFIC_ALL_OUT",0,1,"PIN14",1,"P1","","",***,"NA",7.13,"nS","<=",9.4,"P",102.961,1032.82,""
1,"A244_T_PD_C","AP54RH504_tml.T_ENABLE_DISABLE","T_EDGE_HI_VCCY_3.0000",24419050,"AP54RHC244_TRAFFIC_ALL_OUT",0,1,"PIN16",1,"P1","","",***,"NA",7.18,"nS","<=",9.4,"P",102.961,1032.82,""
1,"A244_T_PD_C","AP54RH504_tml.T_ENABLE_DISABLE","T_EDGE_HI_VCCY_3.0000",24419050,"AP54RHC244_TRAFFIC_ALL_OUT",0,1,"PIN18",1,"P1","","",***,"NA",7.18,"nS","<=",9.4,"P",102.961,1032.82,""
1,"A244_T_PD_C","AP54RH504_tml.T_ENABLE_DISABLE","T_EDGE_HI_VCCY_3.0000",24419050,"AP54RHC244_TRAFFIC_ALL_OUT",0,1,"PIN3",1,"P1","","",***,"NA",7.19,"nS","<=",9.4,"P",102.961,1032.82,""
1,"A244_T_PD_C","AP54RH504_tml.T_ENABLE_DISABLE","T_EDGE_HI_VCCY_3.0000",24419050,"AP54RHC244_TRAFFIC_ALL_OUT",0,1,"PIN5",1,"P1","","",***,"NA",7.02,"nS","<=",9.4,"P",102.961,1032.82,""
1,"A244_T_PD_C","AP54RH504_tml.T_ENABLE_DISABLE","T_EDGE_HI_VCCY_3.0000",24419050,"AP54RHC244_TRAFFIC_ALL_OUT",0,1,"PIN7",1,"P1","","",***,"NA",7.06,"nS","<=",9.4,"P",102.961,1032.82,""
1,"A244_T_PD_C","AP54RH504_tml.T_ENABLE_DISABLE","T_EDGE_HI_VCCY_3.0000",24419050,"AP54RHC244_TRAFFIC_ALL_OUT",0,1,"PIN9",1,"P1","","",***,"NA",7.35,"nS","<=",9.4,"P",102.961,1032.82,""
1,"A244_T_PD_C","AP54RH504_tml.T_ENABLE_DISABLE","T_SKEW_HI_VCCY_3.0000",24419060,"AP54RHC244_TRAFFIC_ALL_OUT",0,1,"PIN12",1,"P1","","",***,"NA",0.33,"nS","<=",1,"P",0.01,1032.82,""
1,"A244_T_PD_C","AP54RH504_tml.T_ENABLE_DISABLE","T_EDGE_LO_VCCY_3.0000",24419210,"AP54RHC244_TRAFFIC_ALL_OUT",0,1,"PIN12",1,"P1","","",***,"NA",8.06,"nS","<=",9.4,"P",102.034,1032.82,""
1,"A244_T_PD_C","AP54RH504_tml.T_ENABLE_DISABLE","T_EDGE_LO_VCCY_3.0000",24419210,"AP54RHC244_TRAFFIC_ALL_OUT",0,1,"PIN14",1,"P1","","",***,"NA",7.95,"nS","<=",9.4,"P",102.034,1032.82,""
1,"A244_T_PD_C","AP54RH504_tml.T_ENABLE_DISABLE","T_EDGE_LO_VCCY_3.0000",24419210,"AP54RHC244_TRAFFIC_ALL_OUT",0,1,"PIN16",1,"P1","","",***,"NA",7.79,"nS","<=",9.4,"P",102.034,1032.82,""
1,"A244_T_PD_C","AP54RH504_tml.T_ENABLE_DISABLE","T_EDGE_LO_VCCY_3.0000",24419210,"AP54RHC244_TRAFFIC_ALL_OUT",0,1,"PIN18",1,"P1","","",***,"NA",7.96,"nS","<=",9.4,"P",102.034,1032.82,""
1,"A244_T_PD_C","AP54RH504_tml.T_ENABLE_DISABLE","T_EDGE_LO_VCCY_3.0000",24419210,"AP54RHC244_TRAFFIC_ALL_OUT",0,1,"PIN3",1,"P1","","",***,"NA",8.03,"nS","<=",9.4,"P",102.034,1032.82,""
1,"A244_T_PD_C","AP54RH504_tml.T_ENABLE_DISABLE","T_EDGE_LO_VCCY_3.0000",24419210,"AP54RHC244_TRAFFIC_ALL_OUT",0,1,"PIN5",1,"P1","","",***,"NA",7.97,"nS","<=",9.4,"P",102.034,1032.82,""
1,"A244_T_PD_C","AP54RH504_tml.T_ENABLE_DISABLE","T_EDGE_LO_VCCY_3.0000",24419210,"AP54RHC244_TRAFFIC_ALL_OUT",0,1,"PIN7",1,"P1","","",***,"NA",7.97,"nS","<=",9.4,"P",102.034,1032.82,""
1,"A244_T_PD_C","AP54RH504_tml.T_ENABLE_DISABLE","T_EDGE_LO_VCCY_3.0000",24419210,"AP54RHC244_TRAFFIC_ALL_OUT",0,1,"PIN9",1,"P1","","",***,"NA",7.99,"nS","<=",9.4,"P",102.034,1032.82,""
1,"A244_T_PD_C","AP54RH504_tml.T_ENABLE_DISABLE","T_SKEW_LO_VCCY_3.0000",24419220,"AP54RHC244_TRAFFIC_ALL_OUT",0,1,"PIN12",1,"P1","","",***,"NA",0.27,"nS","<=",1,"P",0.019,1032.82,""
1,"A244_T_PD_C","AP54RH504_tml.T_ENABLE_DISABLE","T_EDGE_HI_VCCY_2.3000",24419090,"AP54RHC244_TRAFFIC_ALL_OUT",0,1,"PIN12",1,"P1","","",***,"NA",8.82,"nS","<=",12,"P",101.425,1032.82,""
1,"A244_T_PD_C","AP54RH504_tml.T_ENABLE_DISABLE","T_EDGE_HI_VCCY_2.3000",24419090,"AP54RHC244_TRAFFIC_ALL_OUT",0,1,"PIN14",1,"P1","","",***,"NA",8.8,"nS","<=",12,"P",101.425,1032.82,""
1,"A244_T_PD_C","AP54RH504_tml.T_ENABLE_DISABLE","T_EDGE_HI_VCCY_2.3000",24419090,"AP54RHC244_TRAFFIC_ALL_OUT",0,1,"PIN16",1,"P1","","",***,"NA",8.86,"nS","<=",12,"P",101.425,1032.82,""
1,"A244_T_PD_C","AP54RH504_tml.T_ENABLE_DISABLE","T_EDGE_HI_VCCY_2.3000",24419090,"AP54RHC244_TRAFFIC_ALL_OUT",0,1,"PIN18",1,"P1","","",***,"NA",8.83,"nS","<=",12,"P",101.425,1032.82,""
1,"A244_T_PD_C","AP54RH504_tml.T_ENABLE_DISABLE","T_EDGE_HI_VCCY_2.3000",24419090,"AP54RHC244_TRAFFIC_ALL_OUT",0,1,"PIN3",1,"P1","","",***,"NA",8.89,"nS","<=",12,"P",101.425,1032.82,""
1,"A244_T_PD_C","AP54RH504_tml.T_ENABLE_DISABLE","T_EDGE_HI_VCCY_2.3000",24419090,"AP54RHC244_TRAFFIC_ALL_OUT",0,1,"PIN5",1,"P1","","",***,"NA",8.73,"nS","<=",12,"P",101.425,1032.82,""
1,"A244_T_PD_C","AP54RH504_tml.T_ENABLE_DISABLE","T_EDGE_HI_VCCY_2.3000",24419090,"AP54RHC244_TRAFFIC_ALL_OUT",0,1,"PIN7",1,"P1","","",***,"NA",8.76,"nS","<=",12,"P",101.425,1032.82,""
1,"A244_T_PD_C","AP54RH504_tml.T_ENABLE_DISABLE","T_EDGE_HI_VCCY_2.3000",24419090,"AP54RHC244_TRAFFIC_ALL_OUT",0,1,"PIN9",1,"P1","","",***,"NA",9.05,"nS","<=",12,"P",101.425,1032.82,""
1,"A244_T_PD_C","AP54RH504_tml.T_ENABLE_DISABLE","T_SKEW_HI_VCCY_2.3000",24419100,"AP54RHC244_TRAFFIC_ALL_OUT",0,1,"PIN12",1,"P1","","",***,"NA",0.32,"nS","<=",1.5,"P",0.017,1032.82,""
1,"A244_T_PD_C","AP54RH504_tml.T_ENABLE_DISABLE","T_EDGE_LO_VCCY_2.3000",24419250,"AP54RHC244_TRAFFIC_ALL_OUT",0,1,"PIN12",1,"P1","","",***,"NA",10.02,"nS","<=",12,"P",99.498,1032.82,""
1,"A244_T_PD_C","AP54RH504_tml.T_ENABLE_DISABLE","T_EDGE_LO_VCCY_2.3000",24419250,"AP54RHC244_TRAFFIC_ALL_OUT",0,1,"PIN14",1,"P1","","",***,"NA",9.98,"nS","<=",12,"P",99.498,1032.82,""
1,"A244_T_PD_C","AP54RH504_tml.T_ENABLE_DISABLE","T_EDGE_LO_VCCY_2.3000",24419250,"AP54RHC244_TRAFFIC_ALL_OUT",0,1,"PIN16",1,"P1","","",***,"NA",9.51,"nS","<=",12,"P",99.498,1032.82,""
1,"A244_T_PD_C","AP54RH504_tml.T_ENABLE_DISABLE","T_EDGE_LO_VCCY_2.3000",24419250,"AP54RHC244_TRAFFIC_ALL_OUT",0,1,"PIN18",1,"P1","","",***,"NA",9.94,"nS","<=",12,"P",99.498,1032.82,""
1,"A244_T_PD_C","AP54RH504_tml.T_ENABLE_DISABLE","T_EDGE_LO_VCCY_2.3000",24419250,"AP54RHC244_TRAFFIC_ALL_OUT",0,1,"PIN3",1,"P1","","",***,"NA",9.96,"nS","<=",12,"P",99.498,1032.82,""
1,"A244_T_PD_C","AP54RH504_tml.T_ENABLE_DISABLE","T_EDGE_LO_VCCY_2.3000",24419250,"AP54RHC244_TRAFFIC_ALL_OUT",0,1,"PIN5",1,"P1","","",***,"NA",10.14,"nS","<=",12,"P",99.498,1032.82,""
1,"A244_T_PD_C","AP54RH504_tml.T_ENABLE_DISABLE","T_EDGE_LO_VCCY_2.3000",24419250,"AP54RHC244_TRAFFIC_ALL_OUT",0,1,"PIN7",1,"P1","","",***,"NA",9.98,"nS","<=",12,"P",99.498,1032.82,""
1,"A244_T_PD_C","AP54RH504_tml.T_ENABLE_DISABLE","T_EDGE_LO_VCCY_2.3000",24419250,"AP54RHC244_TRAFFIC_ALL_OUT",0,1,"PIN9",1,"P1","","",***,"NA",9.88,"nS","<=",12,"P",99.498,1032.82,""
1,"A244_T_PD_C","AP54RH504_tml.T_ENABLE_DISABLE","T_SKEW_LO_VCCY_2.3000",24419260,"AP54RHC244_TRAFFIC_ALL_OUT",0,1,"PIN12",1,"P1","","",***,"NA",0.63,"nS","<=",1.5,"P",0.014,1032.82,""
1,"A244_T_PD_C","AP54RH504_tml.T_ENABLE_DISABLE","T_EDGE_HI_VCCY_1.6500",24419130,"AP54RHC244_TRAFFIC_ALL_OUT",0,1,"PIN12",1,"P1","","",***,"NA",13.18,"nS","<=",17.3,"P",102.111,1032.82,""
1,"A244_T_PD_C","AP54RH504_tml.T_ENABLE_DISABLE","T_EDGE_HI_VCCY_1.6500",24419130,"AP54RHC244_TRAFFIC_ALL_OUT",0,1,"PIN14",1,"P1","","",***,"NA",13.14,"nS","<=",17.3,"P",102.111,1032.82,""
1,"A244_T_PD_C","AP54RH504_tml.T_ENABLE_DISABLE","T_EDGE_HI_VCCY_1.6500",24419130,"AP54RHC244_TRAFFIC_ALL_OUT",0,1,"PIN16",1,"P1","","",***,"NA",13.18,"nS","<=",17.3,"P",102.111,1032.82,""
1,"A244_T_PD_C","AP54RH504_tml.T_ENABLE_DISABLE","T_EDGE_HI_VCCY_1.6500",24419130,"AP54RHC244_TRAFFIC_ALL_OUT",0,1,"PIN18",1,"P1","","",***,"NA",13.11,"nS","<=",17.3,"P",102.111,1032.82,""
1,"A244_T_PD_C","AP54RH504_tml.T_ENABLE_DISABLE","T_EDGE_HI_VCCY_1.6500",24419130,"AP54RHC244_TRAFFIC_ALL_OUT",0,1,"PIN3",1,"P1","","",***,"NA",13.19,"nS","<=",17.3,"P",102.111,1032.82,""
1,"A244_T_PD_C","AP54RH504_tml.T_ENABLE_DISABLE","T_EDGE_HI_VCCY_1.6500",24419130,"AP54RHC244_TRAFFIC_ALL_OUT",0,1,"PIN5",1,"P1","","",***,"NA",13.1,"nS","<=",17.3,"P",102.111,1032.82,""
1,"A244_T_PD_C","AP54RH504_tml.T_ENABLE_DISABLE","T_EDGE_HI_VCCY_1.6500",24419130,"AP54RHC244_TRAFFIC_ALL_OUT",0,1,"PIN7",1,"P1","","",***,"NA",13.12,"nS","<=",17.3,"P",102.111,1032.82,""
1,"A244_T_PD_C","AP54RH504_tml.T_ENABLE_DISABLE","T_EDGE_HI_VCCY_1.6500",24419130,"AP54RHC244_TRAFFIC_ALL_OUT",0,1,"PIN9",1,"P1","","",***,"NA",13.43,"nS","<=",17.3,"P",102.111,1032.82,""
1,"A244_T_PD_C","AP54RH504_tml.T_ENABLE_DISABLE","T_SKEW_HI_VCCY_1.6500",24419140,"AP54RHC244_TRAFFIC_ALL_OUT",0,1,"PIN12",1,"P1","","",***,"NA",0.33,"nS","<=",2,"P",0.009,1032.82,""
1,"A244_T_PD_C","AP54RH504_tml.T_ENABLE_DISABLE","T_EDGE_LO_VCCY_1.6500",24419290,"AP54RHC244_TRAFFIC_ALL_OUT",0,1,"PIN12",1,"P1","","",***,"NA",15.74,"nS","<=",17.3,"P",97.263,1032.82,""
1,"A244_T_PD_C","AP54RH504_tml.T_ENABLE_DISABLE","T_EDGE_LO_VCCY_1.6500",24419290,"AP54RHC244_TRAFFIC_ALL_OUT",0,1,"PIN14",1,"P1","","",***,"NA",15.49,"nS","<=",17.3,"P",97.263,1032.82,""
1,"A244_T_PD_C","AP54RH504_tml.T_ENABLE_DISABLE","T_EDGE_LO_VCCY_1.6500",24419290,"AP54RHC244_TRAFFIC_ALL_OUT",0,1,"PIN16",1,"P1","","",***,"NA",14.27,"nS","<=",17.3,"P",97.263,1032.82,""
1,"A244_T_PD_C","AP54RH504_tml.T_ENABLE_DISABLE","T_EDGE_LO_VCCY_1.6500",24419290,"AP54RHC244_TRAFFIC_ALL_OUT",0,1,"PIN18",1,"P1","","",***,"NA",15.35,"nS","<=",17.3,"P",97.263,1032.82,""
1,"A244_T_PD_C","AP54RH504_tml.T_ENABLE_DISABLE","T_EDGE_LO_VCCY_1.6500",24419290,"AP54RHC244_TRAFFIC_ALL_OUT",0,1,"PIN3",1,"P1","","",***,"NA",15.4,"nS","<=",17.3,"P",97.263,1032.82,""
1,"A244_T_PD_C","AP54RH504_tml.T_ENABLE_DISABLE","T_EDGE_LO_VCCY_1.6500",24419290,"AP54RHC244_TRAFFIC_ALL_OUT",0,1,"PIN5",1,"P1","","",***,"NA",15.85,"nS","<=",17.3,"P",97.263,1032.82,""
1,"A244_T_PD_C","AP54RH504_tml.T_ENABLE_DISABLE","T_EDGE_LO_VCCY_1.6500",24419290,"AP54RHC244_TRAFFIC_ALL_OUT",0,1,"PIN7",1,"P1","","",***,"NA",15.51,"nS","<=",17.3,"P",97.263,1032.82,""
1,"A244_T_PD_C","AP54RH504_tml.T_ENABLE_DISABLE","T_EDGE_LO_VCCY_1.6500",24419290,"AP54RHC244_TRAFFIC_ALL_OUT",0,1,"PIN9",1,"P1","","",***,"NA",15.53,"nS","<=",17.3,"P",97.263,1032.82,""
1,"A244_T_PD_C","AP54RH504_tml.T_ENABLE_DISABLE","T_SKEW_LO_VCCY_1.6500",24419300,"AP54RHC244_TRAFFIC_ALL_OUT",0,1,"PIN12",1,"P1","","",***,"NA",1.58,"nS","<=",2,"P",0.024,1032.82,""
1,"A244_T_PD_C","AP54RH504_tml.T_ENABLE_DISABLE","T_EDGE_HI_VCCY_1.4000",24419802,"AP54RHC244_TRAFFIC_ALL_OUT",0,1,"PIN12",1,"P1","","",***,"NA",18.22,"nS","<=",40,"P",104.79,1032.82,""
1,"A244_T_PD_C","AP54RH504_tml.T_ENABLE_DISABLE","T_EDGE_HI_VCCY_1.4000",24419802,"AP54RHC244_TRAFFIC_ALL_OUT",0,1,"PIN14",1,"P1","","",***,"NA",18.13,"nS","<=",40,"P",104.79,1032.82,""
1,"A244_T_PD_C","AP54RH504_tml.T_ENABLE_DISABLE","T_EDGE_HI_VCCY_1.4000",24419802,"AP54RHC244_TRAFFIC_ALL_OUT",0,1,"PIN16",1,"P1","","",***,"NA",18.2,"nS","<=",40,"P",104.79,1032.82,""
1,"A244_T_PD_C","AP54RH504_tml.T_ENABLE_DISABLE","T_EDGE_HI_VCCY_1.4000",24419802,"AP54RHC244_TRAFFIC_ALL_OUT",0,1,"PIN18",1,"P1","","",***,"NA",18.12,"nS","<=",40,"P",104.79,1032.82,""
1,"A244_T_PD_C","AP54RH504_tml.T_ENABLE_DISABLE","T_EDGE_HI_VCCY_1.4000",24419802,"AP54RHC244_TRAFFIC_ALL_OUT",0,1,"PIN3",1,"P1","","",***,"NA",18.28,"nS","<=",40,"P",104.79,1032.82,""
1,"A244_T_PD_C","AP54RH504_tml.T_ENABLE_DISABLE","T_EDGE_HI_VCCY_1.4000",24419802,"AP54RHC244_TRAFFIC_ALL_OUT",0,1,"PIN5",1,"P1","","",***,"NA",18.13,"nS","<=",40,"P",104.79,1032.82,""
1,"A244_T_PD_C","AP54RH504_tml.T_ENABLE_DISABLE","T_EDGE_HI_VCCY_1.4000",24419802,"AP54RHC244_TRAFFIC_ALL_OUT",0,1,"PIN7",1,"P1","","",***,"NA",18.17,"nS","<=",40,"P",104.79,1032.82,""
1,"A244_T_PD_C","AP54RH504_tml.T_ENABLE_DISABLE","T_EDGE_HI_VCCY_1.4000",24419802,"AP54RHC244_TRAFFIC_ALL_OUT",0,1,"PIN9",1,"P1","","",***,"NA",18.51,"nS","<=",40,"P",104.79,1032.82,""
1,"A244_T_PD_C","AP54RH504_tml.T_ENABLE_DISABLE","T_SKEW_HI_VCCY_1.4000",24419800,"AP54RHC244_TRAFFIC_ALL_OUT",0,1,"PIN12",1,"P1","","",***,"NA",0.39,"nS","<=",2,"P",0.023,1032.82,""
1,"A244_T_PD_C","AP54RH504_tml.T_ENABLE_DISABLE","T_EDGE_LO_VCCY_1.4000",24419804,"AP54RHC244_TRAFFIC_ALL_OUT",0,1,"PIN12",1,"P1","","",***,"NA",20.13,"nS","<=",40,"P",103.07,1032.82,""
1,"A244_T_PD_C","AP54RH504_tml.T_ENABLE_DISABLE","T_EDGE_LO_VCCY_1.4000",24419804,"AP54RHC244_TRAFFIC_ALL_OUT",0,1,"PIN14",1,"P1","","",***,"NA",19.87,"nS","<=",40,"P",103.07,1032.82,""
1,"A244_T_PD_C","AP54RH504_tml.T_ENABLE_DISABLE","T_EDGE_LO_VCCY_1.4000",24419804,"AP54RHC244_TRAFFIC_ALL_OUT",0,1,"PIN16",1,"P1","","",***,"NA",18.48,"nS","<=",40,"P",103.07,1032.82,""
1,"A244_T_PD_C","AP54RH504_tml.T_ENABLE_DISABLE","T_EDGE_LO_VCCY_1.4000",24419804,"AP54RHC244_TRAFFIC_ALL_OUT",0,1,"PIN18",1,"P1","","",***,"NA",19.54,"nS","<=",40,"P",103.07,1032.82,""
1,"A244_T_PD_C","AP54RH504_tml.T_ENABLE_DISABLE","T_EDGE_LO_VCCY_1.4000",24419804,"AP54RHC244_TRAFFIC_ALL_OUT",0,1,"PIN3",1,"P1","","",***,"NA",19.74,"nS","<=",40,"P",103.07,1032.82,""
1,"A244_T_PD_C","AP54RH504_tml.T_ENABLE_DISABLE","T_EDGE_LO_VCCY_1.4000",24419804,"AP54RHC244_TRAFFIC_ALL_OUT",0,1,"PIN5",1,"P1","","",***,"NA",20.3,"nS","<=",40,"P",103.07,1032.82,""
1,"A244_T_PD_C","AP54RH504_tml.T_ENABLE_DISABLE","T_EDGE_LO_VCCY_1.4000",24419804,"AP54RHC244_TRAFFIC_ALL_OUT",0,1,"PIN7",1,"P1","","",***,"NA",20.04,"nS","<=",40,"P",103.07,1032.82,""
1,"A244_T_PD_C","AP54RH504_tml.T_ENABLE_DISABLE","T_EDGE_LO_VCCY_1.4000",24419804,"AP54RHC244_TRAFFIC_ALL_OUT",0,1,"PIN9",1,"P1","","",***,"NA",19.95,"nS","<=",40,"P",103.07,1032.82,""
1,"A244_T_PD_C","AP54RH504_tml.T_ENABLE_DISABLE","T_SKEW_LO_VCCY_1.4000",24419798,"AP54RHC244_TRAFFIC_ALL_OUT",0,1,"PIN12",1,"P1","","",***,"NA",1.82,"nS","<=",2,"P",0.011,1032.82,""
1,"A244_T_EN_C","AP54RH504_tml.T_ENABLE_DISABLE","T_EDGE_HI_VCCY_4.5000",24415160,"AP54RHC244_OUTPUT_ENABLE_HIGH",0,1,"PIN3",1,"P1","","",***,"NA",10.07,"nS","<=",20,"P",137.704,1202.13,""
1,"A244_T_EN_C","AP54RH504_tml.T_ENABLE_DISABLE","T_EDGE_HI_VCCY_4.5000",24415160,"AP54RHC244_OUTPUT_ENABLE_HIGH",0,1,"PIN5",1,"P1","","",***,"NA",10.12,"nS","<=",20,"P",137.704,1202.13,""
1,"A244_T_EN_C","AP54RH504_tml.T_ENABLE_DISABLE","T_EDGE_HI_VCCY_4.5000",24415160,"AP54RHC244_OUTPUT_ENABLE_HIGH",0,1,"PIN7",1,"P1","","",***,"NA",10.61,"nS","<=",20,"P",137.704,1202.13,""
1,"A244_T_EN_C","AP54RH504_tml.T_ENABLE_DISABLE","T_EDGE_HI_VCCY_4.5000",24415160,"AP54RHC244_OUTPUT_ENABLE_HIGH",0,1,"PIN9",1,"P1","","",***,"NA",10.83,"nS","<=",20,"P",137.704,1202.13,""
1,"A244_T_EN_C","AP54RH504_tml.T_ENABLE_DISABLE","T_EDGE_HI_VCCY_4.5000",24415160,"AP54RHC244_OUTPUT_ENABLE_HIGH",0,1,"PIN12",1,"P1","","",***,"NA",10.63,"nS","<=",20,"P",137.704,1202.13,""
1,"A244_T_EN_C","AP54RH504_tml.T_ENABLE_DISABLE","T_EDGE_HI_VCCY_4.5000",24415160,"AP54RHC244_OUTPUT_ENABLE_HIGH",0,1,"PIN14",1,"P1","","",***,"NA",10.08,"nS","<=",20,"P",137.704,1202.13,""
1,"A244_T_EN_C","AP54RH504_tml.T_ENABLE_DISABLE","T_EDGE_HI_VCCY_4.5000",24415160,"AP54RHC244_OUTPUT_ENABLE_HIGH",0,1,"PIN16",1,"P1","","",***,"NA",10.03,"nS","<=",20,"P",137.704,1202.13,""
1,"A244_T_EN_C","AP54RH504_tml.T_ENABLE_DISABLE","T_EDGE_HI_VCCY_4.5000",24415160,"AP54RHC244_OUTPUT_ENABLE_HIGH",0,1,"PIN18",1,"P1","","",***,"NA",9.98,"nS","<=",20,"P",137.704,1202.13,""
1,"A244_T_EN_C","AP54RH504_tml.T_ENABLE_DISABLE","T_EDGE_LO_VCCY_4.5000",24415240,"AP54RHC244_OUTPUT_ENABLE_HIGH",0,1,"PIN3",1,"P1","","",***,"NA",9.78,"nS","<=",20,"P",117.547,1202.13,""
1,"A244_T_EN_C","AP54RH504_tml.T_ENABLE_DISABLE","T_EDGE_LO_VCCY_4.5000",24415240,"AP54RHC244_OUTPUT_ENABLE_HIGH",0,1,"PIN5",1,"P1","","",***,"NA",9.75,"nS","<=",20,"P",117.547,1202.13,""
1,"A244_T_EN_C","AP54RH504_tml.T_ENABLE_DISABLE","T_EDGE_LO_VCCY_4.5000",24415240,"AP54RHC244_OUTPUT_ENABLE_HIGH",0,1,"PIN7",1,"P1","","",***,"NA",10.33,"nS","<=",20,"P",117.547,1202.13,""
1,"A244_T_EN_C","AP54RH504_tml.T_ENABLE_DISABLE","T_EDGE_LO_VCCY_4.5000",24415240,"AP54RHC244_OUTPUT_ENABLE_HIGH",0,1,"PIN9",1,"P1","","",***,"NA",10.51,"nS","<=",20,"P",117.547,1202.13,""
1,"A244_T_EN_C","AP54RH504_tml.T_ENABLE_DISABLE","T_EDGE_LO_VCCY_4.5000",24415240,"AP54RHC244_OUTPUT_ENABLE_HIGH",0,1,"PIN12",1,"P1","","",***,"NA",10.38,"nS","<=",20,"P",117.547,1202.13,""
1,"A244_T_EN_C","AP54RH504_tml.T_ENABLE_DISABLE","T_EDGE_LO_VCCY_4.5000",24415240,"AP54RHC244_OUTPUT_ENABLE_HIGH",0,1,"PIN14",1,"P1","","",***,"NA",9.77,"nS","<=",20,"P",117.547,1202.13,""
1,"A244_T_EN_C","AP54RH504_tml.T_ENABLE_DISABLE","T_EDGE_LO_VCCY_4.5000",24415240,"AP54RHC244_OUTPUT_ENABLE_HIGH",0,1,"PIN16",1,"P1","","",***,"NA",9.78,"nS","<=",20,"P",117.547,1202.13,""
1,"A244_T_EN_C","AP54RH504_tml.T_ENABLE_DISABLE","T_EDGE_LO_VCCY_4.5000",24415240,"AP54RHC244_OUTPUT_ENABLE_HIGH",0,1,"PIN18",1,"P1","","",***,"NA",9.78,"nS","<=",20,"P",117.547,1202.13,""
1,"A244_T_EN_C","AP54RH504_tml.T_ENABLE_DISABLE","T_EDGE_HI_VCCY_3.0000",24415180,"AP54RHC244_OUTPUT_ENABLE_HIGH",0,1,"PIN3",1,"P1","","",***,"NA",12.33,"nS","<=",30,"P",118.793,1202.13,""
1,"A244_T_EN_C","AP54RH504_tml.T_ENABLE_DISABLE","T_EDGE_HI_VCCY_3.0000",24415180,"AP54RHC244_OUTPUT_ENABLE_HIGH",0,1,"PIN5",1,"P1","","",***,"NA",12.36,"nS","<=",30,"P",118.793,1202.13,""
1,"A244_T_EN_C","AP54RH504_tml.T_ENABLE_DISABLE","T_EDGE_HI_VCCY_3.0000",24415180,"AP54RHC244_OUTPUT_ENABLE_HIGH",0,1,"PIN7",1,"P1","","",***,"NA",12.9,"nS","<=",30,"P",118.793,1202.13,""
1,"A244_T_EN_C","AP54RH504_tml.T_ENABLE_DISABLE","T_EDGE_HI_VCCY_3.0000",24415180,"AP54RHC244_OUTPUT_ENABLE_HIGH",0,1,"PIN9",1,"P1","","",***,"NA",13.11,"nS","<=",30,"P",118.793,1202.13,""
1,"A244_T_EN_C","AP54RH504_tml.T_ENABLE_DISABLE","T_EDGE_HI_VCCY_3.0000",24415180,"AP54RHC244_OUTPUT_ENABLE_HIGH",0,1,"PIN12",1,"P1","","",***,"NA",12.78,"nS","<=",30,"P",118.793,1202.13,""
1,"A244_T_EN_C","AP54RH504_tml.T_ENABLE_DISABLE","T_EDGE_HI_VCCY_3.0000",24415180,"AP54RHC244_OUTPUT_ENABLE_HIGH",0,1,"PIN14",1,"P1","","",***,"NA",12.1,"nS","<=",30,"P",118.793,1202.13,""
1,"A244_T_EN_C","AP54RH504_tml.T_ENABLE_DISABLE","T_EDGE_HI_VCCY_3.0000",24415180,"AP54RHC244_OUTPUT_ENABLE_HIGH",0,1,"PIN16",1,"P1","","",***,"NA",12.05,"nS","<=",30,"P",118.793,1202.13,""
1,"A244_T_EN_C","AP54RH504_tml.T_ENABLE_DISABLE","T_EDGE_HI_VCCY_3.0000",24415180,"AP54RHC244_OUTPUT_ENABLE_HIGH",0,1,"PIN18",1,"P1","","",***,"NA",12.01,"nS","<=",30,"P",118.793,1202.13,""
1,"A244_T_EN_C","AP54RH504_tml.T_ENABLE_DISABLE","T_EDGE_LO_VCCY_3.0000",24415260,"AP54RHC244_OUTPUT_ENABLE_HIGH",0,1,"PIN3",1,"P1","","",***,"NA",12.15,"nS","<=",30,"P",118.437,1202.13,""
1,"A244_T_EN_C","AP54RH504_tml.T_ENABLE_DISABLE","T_EDGE_LO_VCCY_3.0000",24415260,"AP54RHC244_OUTPUT_ENABLE_HIGH",0,1,"PIN5",1,"P1","","",***,"NA",12.13,"nS","<=",30,"P",118.437,1202.13,""
1,"A244_T_EN_C","AP54RH504_tml.T_ENABLE_DISABLE","T_EDGE_LO_VCCY_3.0000",24415260,"AP54RHC244_OUTPUT_ENABLE_HIGH",0,1,"PIN7",1,"P1","","",***,"NA",12.71,"nS","<=",30,"P",118.437,1202.13,""
1,"A244_T_EN_C","AP54RH504_tml.T_ENABLE_DISABLE","T_EDGE_LO_VCCY_3.0000",24415260,"AP54RHC244_OUTPUT_ENABLE_HIGH",0,1,"PIN9",1,"P1","","",***,"NA",12.88,"nS","<=",30,"P",118.437,1202.13,""
1,"A244_T_EN_C","AP54RH504_tml.T_ENABLE_DISABLE","T_EDGE_LO_VCCY_3.0000",24415260,"AP54RHC244_OUTPUT_ENABLE_HIGH",0,1,"PIN12",1,"P1","","",***,"NA",12.62,"nS","<=",30,"P",118.437,1202.13,""
1,"A244_T_EN_C","AP54RH504_tml.T_ENABLE_DISABLE","T_EDGE_LO_VCCY_3.0000",24415260,"AP54RHC244_OUTPUT_ENABLE_HIGH",0,1,"PIN14",1,"P1","","",***,"NA",11.95,"nS","<=",30,"P",118.437,1202.13,""
1,"A244_T_EN_C","AP54RH504_tml.T_ENABLE_DISABLE","T_EDGE_LO_VCCY_3.0000",24415260,"AP54RHC244_OUTPUT_ENABLE_HIGH",0,1,"PIN16",1,"P1","","",***,"NA",11.94,"nS","<=",30,"P",118.437,1202.13,""
1,"A244_T_EN_C","AP54RH504_tml.T_ENABLE_DISABLE","T_EDGE_LO_VCCY_3.0000",24415260,"AP54RHC244_OUTPUT_ENABLE_HIGH",0,1,"PIN18",1,"P1","","",***,"NA",11.93,"nS","<=",30,"P",118.437,1202.13,""
1,"A244_T_EN_C","AP54RH504_tml.T_ENABLE_DISABLE","T_EDGE_HI_VCCY_2.3000",24415200,"AP54RHC244_OUTPUT_ENABLE_HIGH",0,1,"PIN3",1,"P1","","",***,"NA",14.94,"nS","<=",36,"P",117.294,1202.13,""
1,"A244_T_EN_C","AP54RH504_tml.T_ENABLE_DISABLE","T_EDGE_HI_VCCY_2.3000",24415200,"AP54RHC244_OUTPUT_ENABLE_HIGH",0,1,"PIN5",1,"P1","","",***,"NA",15.02,"nS","<=",36,"P",117.294,1202.13,""
1,"A244_T_EN_C","AP54RH504_tml.T_ENABLE_DISABLE","T_EDGE_HI_VCCY_2.3000",24415200,"AP54RHC244_OUTPUT_ENABLE_HIGH",0,1,"PIN7",1,"P1","","",***,"NA",15.69,"nS","<=",36,"P",117.294,1202.13,""
1,"A244_T_EN_C","AP54RH504_tml.T_ENABLE_DISABLE","T_EDGE_HI_VCCY_2.3000",24415200,"AP54RHC244_OUTPUT_ENABLE_HIGH",0,1,"PIN9",1,"P1","","",***,"NA",15.87,"nS","<=",36,"P",117.294,1202.13,""
1,"A244_T_EN_C","AP54RH504_tml.T_ENABLE_DISABLE","T_EDGE_HI_VCCY_2.3000",24415200,"AP54RHC244_OUTPUT_ENABLE_HIGH",0,1,"PIN12",1,"P1","","",***,"NA",15.32,"nS","<=",36,"P",117.294,1202.13,""
1,"A244_T_EN_C","AP54RH504_tml.T_ENABLE_DISABLE","T_EDGE_HI_VCCY_2.3000",24415200,"AP54RHC244_OUTPUT_ENABLE_HIGH",0,1,"PIN14",1,"P1","","",***,"NA",14.53,"nS","<=",36,"P",117.294,1202.13,""
1,"A244_T_EN_C","AP54RH504_tml.T_ENABLE_DISABLE","T_EDGE_HI_VCCY_2.3000",24415200,"AP54RHC244_OUTPUT_ENABLE_HIGH",0,1,"PIN16",1,"P1","","",***,"NA",14.46,"nS","<=",36,"P",117.294,1202.13,""
1,"A244_T_EN_C","AP54RH504_tml.T_ENABLE_DISABLE","T_EDGE_HI_VCCY_2.3000",24415200,"AP54RHC244_OUTPUT_ENABLE_HIGH",0,1,"PIN18",1,"P1","","",***,"NA",14.44,"nS","<=",36,"P",117.294,1202.13,""
1,"A244_T_EN_C","AP54RH504_tml.T_ENABLE_DISABLE","T_EDGE_LO_VCCY_2.3000",24415280,"AP54RHC244_OUTPUT_ENABLE_HIGH",0,1,"PIN3",1,"P1","","",***,"NA",14.95,"nS","<=",36,"P",117.475,1202.13,""
1,"A244_T_EN_C","AP54RH504_tml.T_ENABLE_DISABLE","T_EDGE_LO_VCCY_2.3000",24415280,"AP54RHC244_OUTPUT_ENABLE_HIGH",0,1,"PIN5",1,"P1","","",***,"NA",14.93,"nS","<=",36,"P",117.475,1202.13,""
1,"A244_T_EN_C","AP54RH504_tml.T_ENABLE_DISABLE","T_EDGE_LO_VCCY_2.3000",24415280,"AP54RHC244_OUTPUT_ENABLE_HIGH",0,1,"PIN7",1,"P1","","",***,"NA",15.59,"nS","<=",36,"P",117.475,1202.13,""
1,"A244_T_EN_C","AP54RH504_tml.T_ENABLE_DISABLE","T_EDGE_LO_VCCY_2.3000",24415280,"AP54RHC244_OUTPUT_ENABLE_HIGH",0,1,"PIN9",1,"P1","","",***,"NA",15.74,"nS","<=",36,"P",117.475,1202.13,""
1,"A244_T_EN_C","AP54RH504_tml.T_ENABLE_DISABLE","T_EDGE_LO_VCCY_2.3000",24415280,"AP54RHC244_OUTPUT_ENABLE_HIGH",0,1,"PIN12",1,"P1","","",***,"NA",15.28,"nS","<=",36,"P",117.475,1202.13,""
1,"A244_T_EN_C","AP54RH504_tml.T_ENABLE_DISABLE","T_EDGE_LO_VCCY_2.3000",24415280,"AP54RHC244_OUTPUT_ENABLE_HIGH",0,1,"PIN14",1,"P1","","",***,"NA",14.55,"nS","<=",36,"P",117.475,1202.13,""
1,"A244_T_EN_C","AP54RH504_tml.T_ENABLE_DISABLE","T_EDGE_LO_VCCY_2.3000",24415280,"AP54RHC244_OUTPUT_ENABLE_HIGH",0,1,"PIN16",1,"P1","","",***,"NA",14.51,"nS","<=",36,"P",117.475,1202.13,""
1,"A244_T_EN_C","AP54RH504_tml.T_ENABLE_DISABLE","T_EDGE_LO_VCCY_2.3000",24415280,"AP54RHC244_OUTPUT_ENABLE_HIGH",0,1,"PIN18",1,"P1","","",***,"NA",14.51,"nS","<=",36,"P",117.475,1202.13,""
1,"A244_T_EN_C","AP54RH504_tml.T_ENABLE_DISABLE","T_EDGE_HI_VCCY_1.6500",24415220,"AP54RHC244_OUTPUT_ENABLE_HIGH",0,1,"PIN3",1,"P1","","",***,"NA",21.7,"nS","<=",48,"P",119.699,1202.13,""
1,"A244_T_EN_C","AP54RH504_tml.T_ENABLE_DISABLE","T_EDGE_HI_VCCY_1.6500",24415220,"AP54RHC244_OUTPUT_ENABLE_HIGH",0,1,"PIN5",1,"P1","","",***,"NA",21.7,"nS","<=",48,"P",119.699,1202.13,""
1,"A244_T_EN_C","AP54RH504_tml.T_ENABLE_DISABLE","T_EDGE_HI_VCCY_1.6500",24415220,"AP54RHC244_OUTPUT_ENABLE_HIGH",0,1,"PIN7",1,"P1","","",***,"NA",22.89,"nS","<=",48,"P",119.699,1202.13,""
1,"A244_T_EN_C","AP54RH504_tml.T_ENABLE_DISABLE","T_EDGE_HI_VCCY_1.6500",24415220,"AP54RHC244_OUTPUT_ENABLE_HIGH",0,1,"PIN9",1,"P1","","",***,"NA",22.9,"nS","<=",48,"P",119.699,1202.13,""
1,"A244_T_EN_C","AP54RH504_tml.T_ENABLE_DISABLE","T_EDGE_HI_VCCY_1.6500",24415220,"AP54RHC244_OUTPUT_ENABLE_HIGH",0,1,"PIN12",1,"P1","","",***,"NA",21.38,"nS","<=",48,"P",119.699,1202.13,""
1,"A244_T_EN_C","AP54RH504_tml.T_ENABLE_DISABLE","T_EDGE_HI_VCCY_1.6500",24415220,"AP54RHC244_OUTPUT_ENABLE_HIGH",0,1,"PIN14",1,"P1","","",***,"NA",20.3,"nS","<=",48,"P",119.699,1202.13,""
1,"A244_T_EN_C","AP54RH504_tml.T_ENABLE_DISABLE","T_EDGE_HI_VCCY_1.6500",24415220,"AP54RHC244_OUTPUT_ENABLE_HIGH",0,1,"PIN16",1,"P1","","",***,"NA",20.26,"nS","<=",48,"P",119.699,1202.13,""
1,"A244_T_EN_C","AP54RH504_tml.T_ENABLE_DISABLE","T_EDGE_HI_VCCY_1.6500",24415220,"AP54RHC244_OUTPUT_ENABLE_HIGH",0,1,"PIN18",1,"P1","","",***,"NA",20.27,"nS","<=",48,"P",119.699,1202.13,""
1,"A244_T_EN_C","AP54RH504_tml.T_ENABLE_DISABLE","T_EDGE_LO_VCCY_1.6500",24415300,"AP54RHC244_OUTPUT_ENABLE_HIGH",0,1,"PIN3",1,"P1","","",***,"NA",23.48,"nS","<=",48,"P",114.065,1202.13,""
1,"A244_T_EN_C","AP54RH504_tml.T_ENABLE_DISABLE","T_EDGE_LO_VCCY_1.6500",24415300,"AP54RHC244_OUTPUT_ENABLE_HIGH",0,1,"PIN5",1,"P1","","",***,"NA",23.22,"nS","<=",48,"P",114.065,1202.13,""
1,"A244_T_EN_C","AP54RH504_tml.T_ENABLE_DISABLE","T_EDGE_LO_VCCY_1.6500",24415300,"AP54RHC244_OUTPUT_ENABLE_HIGH",0,1,"PIN7",1,"P1","","",***,"NA",24.35,"nS","<=",48,"P",114.065,1202.13,""
1,"A244_T_EN_C","AP54RH504_tml.T_ENABLE_DISABLE","T_EDGE_LO_VCCY_1.6500",24415300,"AP54RHC244_OUTPUT_ENABLE_HIGH",0,1,"PIN9",1,"P1","","",***,"NA",24.3,"nS","<=",48,"P",114.065,1202.13,""
1,"A244_T_EN_C","AP54RH504_tml.T_ENABLE_DISABLE","T_EDGE_LO_VCCY_1.6500",24415300,"AP54RHC244_OUTPUT_ENABLE_HIGH",0,1,"PIN12",1,"P1","","",***,"NA",23.25,"nS","<=",48,"P",114.065,1202.13,""
1,"A244_T_EN_C","AP54RH504_tml.T_ENABLE_DISABLE","T_EDGE_LO_VCCY_1.6500",24415300,"AP54RHC244_OUTPUT_ENABLE_HIGH",0,1,"PIN14",1,"P1","","",***,"NA",22.21,"nS","<=",48,"P",114.065,1202.13,""
1,"A244_T_EN_C","AP54RH504_tml.T_ENABLE_DISABLE","T_EDGE_LO_VCCY_1.6500",24415300,"AP54RHC244_OUTPUT_ENABLE_HIGH",0,1,"PIN16",1,"P1","","",***,"NA",22.29,"nS","<=",48,"P",114.065,1202.13,""
1,"A244_T_EN_C","AP54RH504_tml.T_ENABLE_DISABLE","T_EDGE_LO_VCCY_1.6500",24415300,"AP54RHC244_OUTPUT_ENABLE_HIGH",0,1,"PIN18",1,"P1","","",***,"NA",22.36,"nS","<=",48,"P",114.065,1202.13,""
1,"A244_T_EN_C","AP54RH504_tml.T_ENABLE_DISABLE","T_EDGE_HI_VCCY_1.4000",24419782,"AP54RHC244_OUTPUT_ENABLE_HIGH",0,1,"PIN3",1,"P1","","",***,"NA",30.55,"nS","<=",62,"P",118.451,1202.13,""
1,"A244_T_EN_C","AP54RH504_tml.T_ENABLE_DISABLE","T_EDGE_HI_VCCY_1.4000",24419782,"AP54RHC244_OUTPUT_ENABLE_HIGH",0,1,"PIN5",1,"P1","","",***,"NA",30.14,"nS","<=",62,"P",118.451,1202.13,""
1,"A244_T_EN_C","AP54RH504_tml.T_ENABLE_DISABLE","T_EDGE_HI_VCCY_1.4000",24419782,"AP54RHC244_OUTPUT_ENABLE_HIGH",0,1,"PIN7",1,"P1","","",***,"NA",32.18,"nS","<=",62,"P",118.451,1202.13,""
1,"A244_T_EN_C","AP54RH504_tml.T_ENABLE_DISABLE","T_EDGE_HI_VCCY_1.4000",24419782,"AP54RHC244_OUTPUT_ENABLE_HIGH",0,1,"PIN9",1,"P1","","",***,"NA",32.1,"nS","<=",62,"P",118.451,1202.13,""
1,"A244_T_EN_C","AP54RH504_tml.T_ENABLE_DISABLE","T_EDGE_HI_VCCY_1.4000",24419782,"AP54RHC244_OUTPUT_ENABLE_HIGH",0,1,"PIN12",1,"P1","","",***,"NA",30.7,"nS","<=",62,"P",118.451,1202.13,""
1,"A244_T_EN_C","AP54RH504_tml.T_ENABLE_DISABLE","T_EDGE_HI_VCCY_1.4000",24419782,"AP54RHC244_OUTPUT_ENABLE_HIGH",0,1,"PIN14",1,"P1","","",***,"NA",28.47,"nS","<=",62,"P",118.451,1202.13,""
1,"A244_T_EN_C","AP54RH504_tml.T_ENABLE_DISABLE","T_EDGE_HI_VCCY_1.4000",24419782,"AP54RHC244_OUTPUT_ENABLE_HIGH",0,1,"PIN16",1,"P1","","",***,"NA",28.57,"nS","<=",62,"P",118.451,1202.13,""
1,"A244_T_EN_C","AP54RH504_tml.T_ENABLE_DISABLE","T_EDGE_HI_VCCY_1.4000",24419782,"AP54RHC244_OUTPUT_ENABLE_HIGH",0,1,"PIN18",1,"P1","","",***,"NA",28.61,"nS","<=",62,"P",118.451,1202.13,""
1,"A244_T_EN_C","AP54RH504_tml.T_ENABLE_DISABLE","T_EDGE_LO_VCCY_1.4000",24419784,"AP54RHC244_OUTPUT_ENABLE_HIGH",0,1,"PIN3",1,"P1","","",***,"NA",48.94,"nS","<=",62,"P",114.574,1202.13,""
1,"A244_T_EN_C","AP54RH504_tml.T_ENABLE_DISABLE","T_EDGE_LO_VCCY_1.4000",24419784,"AP54RHC244_OUTPUT_ENABLE_HIGH",0,1,"PIN5",1,"P1","","",***,"NA",47.74,"nS","<=",62,"P",114.574,1202.13,""
1,"A244_T_EN_C","AP54RH504_tml.T_ENABLE_DISABLE","T_EDGE_LO_VCCY_1.4000",24419784,"AP54RHC244_OUTPUT_ENABLE_HIGH",0,1,"PIN7",1,"P1","","",***,"NA",50.1,"nS","<=",62,"P",114.574,1202.13,""
1,"A244_T_EN_C","AP54RH504_tml.T_ENABLE_DISABLE","T_EDGE_LO_VCCY_1.4000",24419784,"AP54RHC244_OUTPUT_ENABLE_HIGH",0,1,"PIN9",1,"P1","","",***,"NA",49.12,"nS","<=",62,"P",114.574,1202.13,""
1,"A244_T_EN_C","AP54RH504_tml.T_ENABLE_DISABLE","T_EDGE_LO_VCCY_1.4000",24419784,"AP54RHC244_OUTPUT_ENABLE_HIGH",0,1,"PIN12",1,"P1","","",***,"NA",49.83,"nS","<=",62,"P",114.574,1202.13,""
1,"A244_T_EN_C","AP54RH504_tml.T_ENABLE_DISABLE","T_EDGE_LO_VCCY_1.4000",24419784,"AP54RHC244_OUTPUT_ENABLE_HIGH",0,1,"PIN14",1,"P1","","",***,"NA",48.5,"nS","<=",62,"P",114.574,1202.13,""
1,"A244_T_EN_C","AP54RH504_tml.T_ENABLE_DISABLE","T_EDGE_LO_VCCY_1.4000",24419784,"AP54RHC244_OUTPUT_ENABLE_HIGH",0,1,"PIN16",1,"P1","","",***,"NA",48.44,"nS","<=",62,"P",114.574,1202.13,""
1,"A244_T_EN_C","AP54RH504_tml.T_ENABLE_DISABLE","T_EDGE_LO_VCCY_1.4000",24419784,"AP54RHC244_OUTPUT_ENABLE_HIGH",0,1,"PIN18",1,"P1","","",***,"NA",48.4,"nS","<=",62,"P",114.574,1202.13,""
1,"A244_T_DIS_C","AP54RH504_tml.T_ENABLE_DISABLE","T_EDGE_HI_VCCY_4.5000",24415320,"",0,1,"PIN12",1,"P1","","",***,"NA",10.28,"nS","<=",20,"P",183.093,1641.65,""
1,"A244_T_DIS_C","AP54RH504_tml.T_ENABLE_DISABLE","T_EDGE_HI_VCCY_4.5000",24415320,"",0,1,"PIN14",1,"P1","","",***,"NA",9.1,"nS","<=",20,"P",183.093,1641.65,""
1,"A244_T_DIS_C","AP54RH504_tml.T_ENABLE_DISABLE","T_EDGE_HI_VCCY_4.5000",24415320,"",0,1,"PIN16",1,"P1","","",***,"NA",9.18,"nS","<=",20,"P",183.093,1641.65,""
1,"A244_T_DIS_C","AP54RH504_tml.T_ENABLE_DISABLE","T_EDGE_HI_VCCY_4.5000",24415320,"",0,1,"PIN18",1,"P1","","",***,"NA",9.22,"nS","<=",20,"P",183.093,1641.65,""
1,"A244_T_DIS_C","AP54RH504_tml.T_ENABLE_DISABLE","T_EDGE_HI_VCCY_4.5000",24415320,"",0,1,"PIN3",1,"P1","","",***,"NA",9.15,"nS","<=",20,"P",183.093,1641.65,""
1,"A244_T_DIS_C","AP54RH504_tml.T_ENABLE_DISABLE","T_EDGE_HI_VCCY_4.5000",24415320,"",0,1,"PIN5",1,"P1","","",***,"NA",9.05,"nS","<=",20,"P",183.093,1641.65,""
1,"A244_T_DIS_C","AP54RH504_tml.T_ENABLE_DISABLE","T_EDGE_HI_VCCY_4.5000",24415320,"",0,1,"PIN7",1,"P1","","",***,"NA",10.12,"nS","<=",20,"P",183.093,1641.65,""
1,"A244_T_DIS_C","AP54RH504_tml.T_ENABLE_DISABLE","T_EDGE_HI_VCCY_4.5000",24415320,"",0,1,"PIN9",1,"P1","","",***,"NA",9.95,"nS","<=",20,"P",183.093,1641.65,""
1,"A244_T_DIS_C","AP54RH504_tml.T_ENABLE_DISABLE","T_EDGE_LO_VCCY_4.5000",24415400,"",0,1,"PIN12",1,"P1","","",***,"NA",10.38,"nS","<=",20,"P",166.962,1641.65,""
1,"A244_T_DIS_C","AP54RH504_tml.T_ENABLE_DISABLE","T_EDGE_LO_VCCY_4.5000",24415400,"",0,1,"PIN14",1,"P1","","",***,"NA",9.14,"nS","<=",20,"P",166.962,1641.65,""
1,"A244_T_DIS_C","AP54RH504_tml.T_ENABLE_DISABLE","T_EDGE_LO_VCCY_4.5000",24415400,"",0,1,"PIN16",1,"P1","","",***,"NA",9.17,"nS","<=",20,"P",166.962,1641.65,""
1,"A244_T_DIS_C","AP54RH504_tml.T_ENABLE_DISABLE","T_EDGE_LO_VCCY_4.5000",24415400,"",0,1,"PIN18",1,"P1","","",***,"NA",9.17,"nS","<=",20,"P",166.962,1641.65,""
1,"A244_T_DIS_C","AP54RH504_tml.T_ENABLE_DISABLE","T_EDGE_LO_VCCY_4.5000",24415400,"",0,1,"PIN3",1,"P1","","",***,"NA",9.2,"nS","<=",20,"P",166.962,1641.65,""
1,"A244_T_DIS_C","AP54RH504_tml.T_ENABLE_DISABLE","T_EDGE_LO_VCCY_4.5000",24415400,"",0,1,"PIN5",1,"P1","","",***,"NA",9.14,"nS","<=",20,"P",166.962,1641.65,""
1,"A244_T_DIS_C","AP54RH504_tml.T_ENABLE_DISABLE","T_EDGE_LO_VCCY_4.5000",24415400,"",0,1,"PIN7",1,"P1","","",***,"NA",10.3,"nS","<=",20,"P",166.962,1641.65,""
1,"A244_T_DIS_C","AP54RH504_tml.T_ENABLE_DISABLE","T_EDGE_LO_VCCY_4.5000",24415400,"",0,1,"PIN9",1,"P1","","",***,"NA",10.25,"nS","<=",20,"P",166.962,1641.65,""
1,"A244_T_DIS_C","AP54RH504_tml.T_ENABLE_DISABLE","T_EDGE_HI_VCCY_3.0000",24415340,"",0,1,"PIN12",1,"P1","","",***,"NA",11.44,"nS","<=",30,"P",163.589,1641.65,""
1,"A244_T_DIS_C","AP54RH504_tml.T_ENABLE_DISABLE","T_EDGE_HI_VCCY_3.0000",24415340,"",0,1,"PIN14",1,"P1","","",***,"NA",10.39,"nS","<=",30,"P",163.589,1641.65,""
1,"A244_T_DIS_C","AP54RH504_tml.T_ENABLE_DISABLE","T_EDGE_HI_VCCY_3.0000",24415340,"",0,1,"PIN16",1,"P1","","",***,"NA",10.42,"nS","<=",30,"P",163.589,1641.65,""
1,"A244_T_DIS_C","AP54RH504_tml.T_ENABLE_DISABLE","T_EDGE_HI_VCCY_3.0000",24415340,"",0,1,"PIN18",1,"P1","","",***,"NA",10.46,"nS","<=",30,"P",163.589,1641.65,""
1,"A244_T_DIS_C","AP54RH504_tml.T_ENABLE_DISABLE","T_EDGE_HI_VCCY_3.0000",24415340,"",0,1,"PIN3",1,"P1","","",***,"NA",10.34,"nS","<=",30,"P",163.589,1641.65,""
1,"A244_T_DIS_C","AP54RH504_tml.T_ENABLE_DISABLE","T_EDGE_HI_VCCY_3.0000",24415340,"",0,1,"PIN5",1,"P1","","",***,"NA",10.26,"nS","<=",30,"P",163.589,1641.65,""
1,"A244_T_DIS_C","AP54RH504_tml.T_ENABLE_DISABLE","T_EDGE_HI_VCCY_3.0000",24415340,"",0,1,"PIN7",1,"P1","","",***,"NA",11.24,"nS","<=",30,"P",163.589,1641.65,""
1,"A244_T_DIS_C","AP54RH504_tml.T_ENABLE_DISABLE","T_EDGE_HI_VCCY_3.0000",24415340,"",0,1,"PIN9",1,"P1","","",***,"NA",11.23,"nS","<=",30,"P",163.589,1641.65,""
1,"A244_T_DIS_C","AP54RH504_tml.T_ENABLE_DISABLE","T_EDGE_LO_VCCY_3.0000",24415420,"",0,1,"PIN12",1,"P1","","",***,"NA",11.51,"nS","<=",30,"P",160.516,1641.65,""
1,"A244_T_DIS_C","AP54RH504_tml.T_ENABLE_DISABLE","T_EDGE_LO_VCCY_3.0000",24415420,"",0,1,"PIN14",1,"P1","","",***,"NA",10.4,"nS","<=",30,"P",160.516,1641.65,""
1,"A244_T_DIS_C","AP54RH504_tml.T_ENABLE_DISABLE","T_EDGE_LO_VCCY_3.0000",24415420,"",0,1,"PIN16",1,"P1","","",***,"NA",10.45,"nS","<=",30,"P",160.516,1641.65,""
1,"A244_T_DIS_C","AP54RH504_tml.T_ENABLE_DISABLE","T_EDGE_LO_VCCY_3.0000",24415420,"",0,1,"PIN18",1,"P1","","",***,"NA",10.45,"nS","<=",30,"P",160.516,1641.65,""
1,"A244_T_DIS_C","AP54RH504_tml.T_ENABLE_DISABLE","T_EDGE_LO_VCCY_3.0000",24415420,"",0,1,"PIN3",1,"P1","","",***,"NA",10.41,"nS","<=",30,"P",160.516,1641.65,""
1,"A244_T_DIS_C","AP54RH504_tml.T_ENABLE_DISABLE","T_EDGE_LO_VCCY_3.0000",24415420,"",0,1,"PIN5",1,"P1","","",***,"NA",10.36,"nS","<=",30,"P",160.516,1641.65,""
1,"A244_T_DIS_C","AP54RH504_tml.T_ENABLE_DISABLE","T_EDGE_LO_VCCY_3.0000",24415420,"",0,1,"PIN7",1,"P1","","",***,"NA",11.33,"nS","<=",30,"P",160.516,1641.65,""
1,"A244_T_DIS_C","AP54RH504_tml.T_ENABLE_DISABLE","T_EDGE_LO_VCCY_3.0000",24415420,"",0,1,"PIN9",1,"P1","","",***,"NA",11.41,"nS","<=",30,"P",160.516,1641.65,""
1,"A244_T_DIS_C","AP54RH504_tml.T_ENABLE_DISABLE","T_EDGE_HI_VCCY_2.3000",24415360,"",0,1,"PIN12",1,"P1","","",***,"NA",13.29,"nS","<=",36,"P",165.266,1641.65,""
1,"A244_T_DIS_C","AP54RH504_tml.T_ENABLE_DISABLE","T_EDGE_HI_VCCY_2.3000",24415360,"",0,1,"PIN14",1,"P1","","",***,"NA",12.34,"nS","<=",36,"P",165.266,1641.65,""
1,"A244_T_DIS_C","AP54RH504_tml.T_ENABLE_DISABLE","T_EDGE_HI_VCCY_2.3000",24415360,"",0,1,"PIN16",1,"P1","","",***,"NA",12.36,"nS","<=",36,"P",165.266,1641.65,""
1,"A244_T_DIS_C","AP54RH504_tml.T_ENABLE_DISABLE","T_EDGE_HI_VCCY_2.3000",24415360,"",0,1,"PIN18",1,"P1","","",***,"NA",12.43,"nS","<=",36,"P",165.266,1641.65,""
1,"A244_T_DIS_C","AP54RH504_tml.T_ENABLE_DISABLE","T_EDGE_HI_VCCY_2.3000",24415360,"",0,1,"PIN3",1,"P1","","",***,"NA",12.33,"nS","<=",36,"P",165.266,1641.65,""
1,"A244_T_DIS_C","AP54RH504_tml.T_ENABLE_DISABLE","T_EDGE_HI_VCCY_2.3000",24415360,"",0,1,"PIN5",1,"P1","","",***,"NA",12.2,"nS","<=",36,"P",165.266,1641.65,""
1,"A244_T_DIS_C","AP54RH504_tml.T_ENABLE_DISABLE","T_EDGE_HI_VCCY_2.3000",24415360,"",0,1,"PIN7",1,"P1","","",***,"NA",13.05,"nS","<=",36,"P",165.266,1641.65,""
1,"A244_T_DIS_C","AP54RH504_tml.T_ENABLE_DISABLE","T_EDGE_HI_VCCY_2.3000",24415360,"",0,1,"PIN9",1,"P1","","",***,"NA",13.14,"nS","<=",36,"P",165.266,1641.65,""
1,"A244_T_DIS_C","AP54RH504_tml.T_ENABLE_DISABLE","T_EDGE_LO_VCCY_2.3000",24415440,"",0,1,"PIN12",1,"P1","","",***,"NA",13.31,"nS","<=",36,"P",159.251,1641.65,""
1,"A244_T_DIS_C","AP54RH504_tml.T_ENABLE_DISABLE","T_EDGE_LO_VCCY_2.3000",24415440,"",0,1,"PIN14",1,"P1","","",***,"NA",12.3,"nS","<=",36,"P",159.251,1641.65,""
1,"A244_T_DIS_C","AP54RH504_tml.T_ENABLE_DISABLE","T_EDGE_LO_VCCY_2.3000",24415440,"",0,1,"PIN16",1,"P1","","",***,"NA",12.31,"nS","<=",36,"P",159.251,1641.65,""
1,"A244_T_DIS_C","AP54RH504_tml.T_ENABLE_DISABLE","T_EDGE_LO_VCCY_2.3000",24415440,"",0,1,"PIN18",1,"P1","","",***,"NA",12.27,"nS","<=",36,"P",159.251,1641.65,""
1,"A244_T_DIS_C","AP54RH504_tml.T_ENABLE_DISABLE","T_EDGE_LO_VCCY_2.3000",24415440,"",0,1,"PIN3",1,"P1","","",***,"NA",12.19,"nS","<=",36,"P",159.251,1641.65,""
1,"A244_T_DIS_C","AP54RH504_tml.T_ENABLE_DISABLE","T_EDGE_LO_VCCY_2.3000",24415440,"",0,1,"PIN5",1,"P1","","",***,"NA",12.21,"nS","<=",36,"P",159.251,1641.65,""
1,"A244_T_DIS_C","AP54RH504_tml.T_ENABLE_DISABLE","T_EDGE_LO_VCCY_2.3000",24415440,"",0,1,"PIN7",1,"P1","","",***,"NA",13.07,"nS","<=",36,"P",159.251,1641.65,""
1,"A244_T_DIS_C","AP54RH504_tml.T_ENABLE_DISABLE","T_EDGE_LO_VCCY_2.3000",24415440,"",0,1,"PIN9",1,"P1","","",***,"NA",13.2,"nS","<=",36,"P",159.251,1641.65,""
1,"A244_T_DIS_C","AP54RH504_tml.T_ENABLE_DISABLE","T_EDGE_HI_VCCY_1.6500",24415380,"",0,1,"PIN12",1,"P1","","",***,"NA",19.2,"nS","<=",48,"P",161.301,1641.65,""
1,"A244_T_DIS_C","AP54RH504_tml.T_ENABLE_DISABLE","T_EDGE_HI_VCCY_1.6500",24415380,"",0,1,"PIN14",1,"P1","","",***,"NA",18.35,"nS","<=",48,"P",161.301,1641.65,""
1,"A244_T_DIS_C","AP54RH504_tml.T_ENABLE_DISABLE","T_EDGE_HI_VCCY_1.6500",24415380,"",0,1,"PIN16",1,"P1","","",***,"NA",18.31,"nS","<=",48,"P",161.301,1641.65,""
1,"A244_T_DIS_C","AP54RH504_tml.T_ENABLE_DISABLE","T_EDGE_HI_VCCY_1.6500",24415380,"",0,1,"PIN18",1,"P1","","",***,"NA",18.33,"nS","<=",48,"P",161.301,1641.65,""
1,"A244_T_DIS_C","AP54RH504_tml.T_ENABLE_DISABLE","T_EDGE_HI_VCCY_1.6500",24415380,"",0,1,"PIN3",1,"P1","","",***,"NA",18.2,"nS","<=",48,"P",161.301,1641.65,""
1,"A244_T_DIS_C","AP54RH504_tml.T_ENABLE_DISABLE","T_EDGE_HI_VCCY_1.6500",24415380,"",0,1,"PIN5",1,"P1","","",***,"NA",18.11,"nS","<=",48,"P",161.301,1641.65,""
1,"A244_T_DIS_C","AP54RH504_tml.T_ENABLE_DISABLE","T_EDGE_HI_VCCY_1.6500",24415380,"",0,1,"PIN7",1,"P1","","",***,"NA",18.8,"nS","<=",48,"P",161.301,1641.65,""
1,"A244_T_DIS_C","AP54RH504_tml.T_ENABLE_DISABLE","T_EDGE_HI_VCCY_1.6500",24415380,"",0,1,"PIN9",1,"P1","","",***,"NA",19.04,"nS","<=",48,"P",161.301,1641.65,""
1,"A244_T_DIS_C","AP54RH504_tml.T_ENABLE_DISABLE","T_EDGE_LO_VCCY_1.6500",24415460,"",0,1,"PIN12",1,"P1","","",***,"NA",19.23,"nS","<=",48,"P",159.252,1641.65,""
1,"A244_T_DIS_C","AP54RH504_tml.T_ENABLE_DISABLE","T_EDGE_LO_VCCY_1.6500",24415460,"",0,1,"PIN14",1,"P1","","",***,"NA",18.24,"nS","<=",48,"P",159.252,1641.65,""
1,"A244_T_DIS_C","AP54RH504_tml.T_ENABLE_DISABLE","T_EDGE_LO_VCCY_1.6500",24415460,"",0,1,"PIN16",1,"P1","","",***,"NA",18.17,"nS","<=",48,"P",159.252,1641.65,""
1,"A244_T_DIS_C","AP54RH504_tml.T_ENABLE_DISABLE","T_EDGE_LO_VCCY_1.6500",24415460,"",0,1,"PIN18",1,"P1","","",***,"NA",18.2,"nS","<=",48,"P",159.252,1641.65,""
1,"A244_T_DIS_C","AP54RH504_tml.T_ENABLE_DISABLE","T_EDGE_LO_VCCY_1.6500",24415460,"",0,1,"PIN3",1,"P1","","",***,"NA",18.07,"nS","<=",48,"P",159.252,1641.65,""
1,"A244_T_DIS_C","AP54RH504_tml.T_ENABLE_DISABLE","T_EDGE_LO_VCCY_1.6500",24415460,"",0,1,"PIN5",1,"P1","","",***,"NA",18.03,"nS","<=",48,"P",159.252,1641.65,""
1,"A244_T_DIS_C","AP54RH504_tml.T_ENABLE_DISABLE","T_EDGE_LO_VCCY_1.6500",24415460,"",0,1,"PIN7",1,"P1","","",***,"NA",18.77,"nS","<=",48,"P",159.252,1641.65,""
1,"A244_T_DIS_C","AP54RH504_tml.T_ENABLE_DISABLE","T_EDGE_LO_VCCY_1.6500",24415460,"",0,1,"PIN9",1,"P1","","",***,"NA",19,"nS","<=",48,"P",159.252,1641.65,""
1,"A244_T_DIS_C","AP54RH504_tml.T_ENABLE_DISABLE","T_EDGE_HI_VCCY_1.4000",24419796,"",0,1,"PIN12",1,"P1","","",***,"NA",26.68,"nS","<=",62,"P",159.504,1641.65,""
1,"A244_T_DIS_C","AP54RH504_tml.T_ENABLE_DISABLE","T_EDGE_HI_VCCY_1.4000",24419796,"",0,1,"PIN14",1,"P1","","",***,"NA",26.02,"nS","<=",62,"P",159.504,1641.65,""
1,"A244_T_DIS_C","AP54RH504_tml.T_ENABLE_DISABLE","T_EDGE_HI_VCCY_1.4000",24419796,"",0,1,"PIN16",1,"P1","","",***,"NA",25.8,"nS","<=",62,"P",159.504,1641.65,""
1,"A244_T_DIS_C","AP54RH504_tml.T_ENABLE_DISABLE","T_EDGE_HI_VCCY_1.4000",24419796,"",0,1,"PIN18",1,"P1","","",***,"NA",25.83,"nS","<=",62,"P",159.504,1641.65,""
1,"A244_T_DIS_C","AP54RH504_tml.T_ENABLE_DISABLE","T_EDGE_HI_VCCY_1.4000",24419796,"",0,1,"PIN3",1,"P1","","",***,"NA",25.54,"nS","<=",62,"P",159.504,1641.65,""
1,"A244_T_DIS_C","AP54RH504_tml.T_ENABLE_DISABLE","T_EDGE_HI_VCCY_1.4000",24419796,"",0,1,"PIN5",1,"P1","","",***,"NA",25.55,"nS","<=",62,"P",159.504,1641.65,""
1,"A244_T_DIS_C","AP54RH504_tml.T_ENABLE_DISABLE","T_EDGE_HI_VCCY_1.4000",24419796,"",0,1,"PIN7",1,"P1","","",***,"NA",26.33,"nS","<=",62,"P",159.504,1641.65,""
1,"A244_T_DIS_C","AP54RH504_tml.T_ENABLE_DISABLE","T_EDGE_HI_VCCY_1.4000",24419796,"",0,1,"PIN9",1,"P1","","",***,"NA",26.63,"nS","<=",62,"P",159.504,1641.65,""
1,"A244_T_DIS_C","AP54RH504_tml.T_ENABLE_DISABLE","T_EDGE_LO_VCCY_1.4000",24419794,"",0,1,"PIN12",1,"P1","","",***,"NA",29.15,"nS","<=",62,"P",154.854,1641.65,""
1,"A244_T_DIS_C","AP54RH504_tml.T_ENABLE_DISABLE","T_EDGE_LO_VCCY_1.4000",24419794,"",0,1,"PIN14",1,"P1","","",***,"NA",25.56,"nS","<=",62,"P",154.854,1641.65,""
1,"A244_T_DIS_C","AP54RH504_tml.T_ENABLE_DISABLE","T_EDGE_LO_VCCY_1.4000",24419794,"",0,1,"PIN16",1,"P1","","",***,"NA",28.31,"nS","<=",62,"P",154.854,1641.65,""
1,"A244_T_DIS_C","AP54RH504_tml.T_ENABLE_DISABLE","T_EDGE_LO_VCCY_1.4000",24419794,"",0,1,"PIN18",1,"P1","","",***,"NA",27.82,"nS","<=",62,"P",154.854,1641.65,""
1,"A244_T_DIS_C","AP54RH504_tml.T_ENABLE_DISABLE","T_EDGE_LO_VCCY_1.4000",24419794,"",0,1,"PIN3",1,"P1","","",***,"NA",28.81,"nS","<=",62,"P",154.854,1641.65,""
1,"A244_T_DIS_C","AP54RH504_tml.T_ENABLE_DISABLE","T_EDGE_LO_VCCY_1.4000",24419794,"",0,1,"PIN5",1,"P1","","",***,"NA",28.98,"nS","<=",62,"P",154.854,1641.65,""
1,"A244_T_DIS_C","AP54RH504_tml.T_ENABLE_DISABLE","T_EDGE_LO_VCCY_1.4000",24419794,"",0,1,"PIN7",1,"P1","","",***,"NA",26.12,"nS","<=",62,"P",154.854,1641.65,""
1,"A244_T_DIS_C","AP54RH504_tml.T_ENABLE_DISABLE","T_EDGE_LO_VCCY_1.4000",24419794,"",0,1,"PIN9",1,"P1","","",***,"NA",26.4,"nS","<=",62,"P",154.854,1641.65,""
1,"A244_POR_C","AP54RH504_tml.T_PowerOnReset","T_POR_pos",24419764,"AP54RHC244_TRUTH_TABLE",0,1,"@",1,"P1","","",0.1,"<=",0.3,"V","<=",1.5,"P",793.341,800.976,""
1,"A244_POR_C","AP54RH504_tml.T_PowerOnReset","T_POR_hyst",24419762,"AP54RHC244_TRUTH_TABLE",0,1,"@",1,"P1","","",-0.2,"<=",0.3,"V","<=",0.9,"P",0.015,800.976,""