Testflow,Test Suite,Test Method,Test,Test#,Pattern,Wafer,Site,Pin,Device,Device ID,Part ID,Part Txt,Lower,LS,Value,Unit,US,Upper,P/F,Time,TS Time,Print To Data Log,Test Text
1,"CONTINUITY","","CONTINUITY",10030,"",1,1,"EN0_PS1600",1,"394","","",-500,"<=",-366.223,"mV","<=",-300,"P",1.22869,***,"",
1,"CONTINUITY","","CONTINUITY",10020,"",1,1,"FAULTB_PS1600",1,"394","","",-500,"<=",-424.216,"mV","<=",-300,"P",1.22869,***,"",
1,"CONTINUITY","","CONTINUITY",10050,"",1,1,"FCB_PS1600",1,"394","","",-500,"<=",-366.173,"mV","<=",-300,"P",1.22869,***,"",
1,"CONTINUITY","","CONTINUITY",10090,"",1,1,"ISEN_PS1600",1,"394","","",-500,"<=",-351.08,"mV","<=",-300,"P",1.22869,***,"",
1,"CONTINUITY","","CONTINUITY",10080,"",1,1,"ITRIP_PS1600",1,"394","","",-500,"<=",-367.824,"mV","<=",-300,"P",1.22869,***,"",
1,"CONTINUITY","","CONTINUITY",10040,"",1,1,"OFF_PS1600",1,"394","","",-500,"<=",-360.254,"mV","<=",-300,"P",1.22869,***,"",
1,"CONTINUITY","","CONTINUITY",10010,"",1,1,"SS_PS1600",1,"394","","",-500,"<=",-444.276,"mV","<=",-300,"P",1.22869,***,"",
1,"CONTINUITY","","CONTINUITY",10070,"",1,1,"VBIAS_PS1600",1,"394","","",-500,"<=",-295.027,"mV","<=",-200,"P",1.22869,***,"",
1,"CONTINUITY","","CONTINUITY",10060,"",1,1,"GND_PS1600",1,"394","","",-500,"<=",-375.61,"mV","<=",-300,"P",1.22869,***,"",
1,"CONTINUITY","","CONTINUITY",10180,"",1,1,"VIN1",1,"394","","",-360,"<=",-342.054,"mV","<=",-300,"P",1.22869,***,"",
1,"CONTINUITY","","CONTINUITY",10190,"",1,1,"VIN2",1,"394","","",-360,"<=",-343.13,"mV","<=",-300,"P",1.22869,***,"",
1,"CONTINUITY","","CONTINUITY",10200,"",1,1,"VIN3",1,"394","","",-360,"<=",-343.204,"mV","<=",-300,"P",1.22869,***,"",
1,"CONTINUITY","","CONTINUITY",10210,"",1,1,"VIN4_RS1",1,"394","","",-360,"<=",-343.157,"mV","<=",-300,"P",1.22869,***,"",
1,"CONTINUITY","","CONTINUITY",10220,"",1,1,"VIN4_RS2",1,"394","","",-360,"<=",-343.334,"mV","<=",-300,"P",1.22869,***,"",
1,"CONTINUITY","","CONTINUITY",10230,"",1,1,"VIN5_RS1",1,"394","","",-360,"<=",-343.248,"mV","<=",-300,"P",1.22869,***,"",
1,"CONTINUITY","","CONTINUITY",10240,"",1,1,"VIN5_RS2",1,"394","","",-360,"<=",-343.309,"mV","<=",-300,"P",1.22869,***,"",
1,"CONTINUITY","","CONTINUITY",10250,"",1,1,"VIN6",1,"394","","",-360,"<=",-343.376,"mV","<=",-300,"P",1.22869,***,"",
1,"CONTINUITY","","CONTINUITY",10100,"",1,1,"VOUT1",1,"394","","",-300,"<=",-227.169,"mV","<=",-200,"P",1.22869,***,"",
1,"CONTINUITY","","CONTINUITY",10110,"",1,1,"VOUT2_RS1",1,"394","","",-300,"<=",-227.247,"mV","<=",-200,"P",1.22869,***,"",
1,"CONTINUITY","","CONTINUITY",10120,"",1,1,"VOUT2_RS2",1,"394","","",-300,"<=",-227.077,"mV","<=",-200,"P",1.22869,***,"",
1,"CONTINUITY","","CONTINUITY",10130,"",1,1,"VOUT3_RS1",1,"394","","",-300,"<=",-227.057,"mV","<=",-200,"P",1.22869,***,"",
1,"CONTINUITY","","CONTINUITY",10140,"",1,1,"VOUT3_RS2",1,"394","","",-300,"<=",-226.81,"mV","<=",-200,"P",1.22869,***,"",
1,"CONTINUITY","","CONTINUITY",10150,"",1,1,"VOUT4",1,"394","","",-300,"<=",-226.801,"mV","<=",-200,"P",1.22869,***,"",
1,"CONTINUITY","","CONTINUITY",10160,"",1,1,"VOUT5",1,"394","","",-300,"<=",-227.156,"mV","<=",-200,"P",1.22869,***,"",
1,"CONTINUITY","","CONTINUITY",10170,"",1,1,"VOUT6",1,"394","","",-300,"<=",-227.114,"mV","<=",-200,"P",1.22869,***,"",
1,"Pin_to_Pin_Leakage","","PIN_TO_PIN_POS_LEAKAGE_PIN",20010,"",1,1,"FAULTB_PS1600",1,"394","","",-200,"<=",-5.73283,"nA","<=",200,"P",0.997255,***,"",
1,"Pin_to_Pin_Leakage","","PIN_TO_PIN_NEG_LEAKAGE_PIN",20110,"",1,1,"FAULTB_PS1600",1,"394","","",-200,"<=",-5.73283,"nA","<=",200,"P",0.997255,***,"",
1,"Pin_to_Pin_Leakage","","PIN_TO_PIN_POS_LEAKAGE_PIN",20020,"",1,1,"ITRIP_PS1600",1,"394","","",-200,"<=",-9.81458,"nA","<=",200,"P",0.997255,***,"",
1,"Pin_to_Pin_Leakage","","PIN_TO_PIN_NEG_LEAKAGE_PIN",20120,"",1,1,"ITRIP_PS1600",1,"394","","",-200,"<=",-9.81458,"nA","<=",200,"P",0.997255,***,"",
1,"Pin_to_Pin_Leakage","","PIN_TO_PIN_POS_LEAKAGE_PIN",20030,"",1,1,"OFF_PS1600",1,"394","","",-200,"<=",-8.28067,"nA","<=",200,"P",0.997255,***,"",
1,"Pin_to_Pin_Leakage","","PIN_TO_PIN_NEG_LEAKAGE_PIN",20130,"",1,1,"OFF_PS1600",1,"394","","",-200,"<=",-8.28067,"nA","<=",200,"P",0.997255,***,"",
1,"Pin_to_Pin_Leakage","","PIN_TO_PIN_POS_LEAKAGE_PIN",20040,"",1,1,"SS_PS1600",1,"394","","",-200,"<=",-10.5361,"nA","<=",200,"P",0.997255,***,"",
1,"Pin_to_Pin_Leakage","","PIN_TO_PIN_NEG_LEAKAGE_PIN",20140,"",1,1,"SS_PS1600",1,"394","","",-200,"<=",-10.5361,"nA","<=",200,"P",0.997255,***,"",
1,"Pin_to_Pin_Leakage","","PIN_TO_PIN_POS_LEAKAGE_PIN",20050,"",1,1,"VIN1",1,"394","","",10,"<=",300.257,"nA","<=",500,"P",0.997255,***,"",
1,"Pin_to_Pin_Leakage","","PIN_TO_PIN_NEG_LEAKAGE_PIN",20150,"",1,1,"VIN1",1,"394","","",-500,"<=",-299.344,"nA","<=",-10,"P",0.997255,***,"",
1,"Pin_to_Pin_Leakage","","PIN_TO_PIN_POS_LEAKAGE_PIN",20060,"",1,1,"VOUT1",1,"394","","",10,"<=",298.078,"nA","<=",500,"P",0.997255,***,"",
1,"Pin_to_Pin_Leakage","","PIN_TO_PIN_NEG_LEAKAGE_PIN",20160,"",1,1,"VOUT1",1,"394","","",-500,"<=",-296.797,"nA","<=",-10,"P",0.997255,***,"",
1,"Pin_to_Pin_Leakage","","PIN_TO_PIN_POS_LEAKAGE_PIN",20070,"",1,1,"EN0_PS1600",1,"394","","",300,"<=",507.901,"nA","<=",700,"P",0.997255,***,"",
1,"Pin_to_Pin_Leakage","","PIN_TO_PIN_NEG_LEAKAGE_PIN",20170,"",1,1,"EN0_PS1600",1,"394","","",-700,"<=",-511.97,"nA","<=",-300,"P",0.997255,***,"",
1,"Pin_to_Pin_Leakage","","PIN_TO_PIN_POS_LEAKAGE_PIN",20080,"",1,1,"FCB_PS1600",1,"394","","",-200,"<=",1.10631,"nA","<=",200,"P",0.997255,***,"",
1,"Pin_to_Pin_Leakage","","PIN_TO_PIN_NEG_LEAKAGE_PIN",20180,"",1,1,"FCB_PS1600",1,"394","","",-200,"<=",-5.67842,"nA","<=",200,"P",0.997255,***,"",
1,"Pin_to_Pin_Leakage","","PIN_TO_PIN_POS_LEAKAGE_PIN",20090,"",1,1,"ISEN_PS1600",1,"394","","",-200,"<=",0.608668,"nA","<=",200,"P",0.997255,***,"",
1,"Pin_to_Pin_Leakage","","PIN_TO_PIN_NEG_LEAKAGE_PIN",20190,"",1,1,"ISEN_PS1600",1,"394","","",-200,"<=",-9.62227,"nA","<=",200,"P",0.997255,***,"",
1,"Pin_to_Pin_Leakage","","PIN_TO_PIN_POS_LEAKAGE_PIN_VBIAS_PS1600",20100,"",1,1,"VBIAS_PS1600",1,"394","","",500,"<=",735,"nA","<=",1000,"P",0.997255,***,"",
1,"Pin_to_Pin_Leakage","","PIN_TO_PIN_NEG_LEAKAGE_PIN_VBIAS_PS1600",20200,"",1,1,"VBIAS_PS1600",1,"394","","",-1000,"<=",-817,"nA","<=",-500,"P",0.997255,***,"",
1,"IVDDFL_IVINFL_RONFL","","RON_200mAVDD_5_VIN_5",90040,"",1,1,"VIN1",1,"394","","",0.04,"<=",0.0561188,"ohm","<=",0.08,"P",0.399652,***,"",
1,"IVDDFL_IVINFL_RONFL","","DEVICE_VARIENT_TRUE",90060,"",1,1,"VIN1",1,"394","","",0.5,"<=",1,"","<=",1.5,"P",0.399652,***,"",
1,"Fuse_Burn_Check","","BANKA_BIT5_BLOWN_TRUE",1000001,"",1,1,"OFF_PS1600",1,"394","","",0,"<=",0,"","<=",1,"P",0.467429,***,"",
1,"Gross_Functional_EN_FCB_FAULTB_OFF","","EN_FCB_LOW_VOUT_LOW",30010,"",1,1,"VOUT4",1,"394","","",-0.001,"<=",0.000801086,"V","<=",1,"P",0.775695,***,"",
1,"Gross_Functional_EN_FCB_FAULTB_OFF","","EN_FCB_LOW_OFF_HIGH",30020,"",1,1,"OFF_PS1600",1,"394","","",1.6,"<=",1.8805,"V","<=",2.3,"P",0.775695,***,"",
1,"Gross_Functional_EN_FCB_FAULTB_OFF","","FCB_LOW_VOUT_LOW",30030,"",1,1,"VOUT4",1,"394","","",-0.001,"<=",0.000925064,"V","<=",0.5,"P",0.775695,***,"",
1,"Gross_Functional_EN_FCB_FAULTB_OFF","","FCB_LOW_OFF_HIGH",30040,"",1,1,"OFF_PS1600",1,"394","","",1.6,"<=",1.88089,"V","<=",2.3,"P",0.775695,***,"",
1,"Gross_Functional_EN_FCB_FAULTB_OFF","","EN_LOW_VOUT_LOW",30050,"",1,1,"VOUT4",1,"394","","",-0.001,"<=",0.00100327,"V","<=",0.5,"P",0.775695,***,"",
1,"Gross_Functional_EN_FCB_FAULTB_OFF","","EN_LOW_OFF_HIGH",30060,"",1,1,"OFF_PS1600",1,"394","","",1.6,"<=",1.88072,"V","<=",2.3,"P",0.775695,***,"",
1,"Gross_Functional_EN_FCB_FAULTB_OFF","","EN_FCB_HIGH_VOUT_HIGH",30070,"",1,1,"VOUT4",1,"394","","",4.85,"<=",5.00019,"V","<=",5.1,"P",0.775695,***,"",
1,"Gross_Functional_EN_FCB_FAULTB_OFF","","EN_FCB_HIGH_OFF_LOW",30080,"",1,1,"OFF_PS1600",1,"394","","",-0.001,"<=",0.000657352,"V","<=",0.5,"P",0.775695,***,"",
1,"Gross_Functional_EN_FCB_FAULTB_OFF","","FAULT_SET_VOUT_LOW",30090,"",1,1,"VOUT4",1,"394","","",-0.001,"<=",0.000335693,"V","<=",0.5,"P",0.775695,***,"",
1,"Gross_Functional_EN_FCB_FAULTB_OFF","","FAULT_SET_OFF_HIGH",30100,"",1,1,"OFF_PS1600",1,"394","","",1.6,"<=",1.92335,"V","<=",2.3,"P",0.775695,***,"",
1,"Gross_Functional_EN_FCB_FAULTB_OFF","","FAULT_RESET_VOUT_HIGH",30110,"",1,1,"VOUT4",1,"394","","",4.85,"<=",4.99975,"V","<=",5.1,"P",0.775695,***,"",
1,"Gross_Functional_EN_FCB_FAULTB_OFF","","FAULT_RESET_OFF_LOW",30120,"",1,1,"OFF_PS1600",1,"394","","",0,"<=",0.000657352,"V","<=",0.5,"P",0.775695,***,"",
1,"Output_disabled_leakage","","IVDDDIS_VDD_3_VIN_3",40010,"",1,1,"VDD",1,"394","","",10,"<=",107.959,"uA","<=",166.5,"P",0.318252,***,"",
1,"Output_disabled_leakage","","IVINDIS_VDD_3_VIN_3",40050,"",1,1,"VIN1",1,"394","","",10,"<=",74.8318,"uA","<=",166.5,"P",0.318252,***,"",
1,"Output_disabled_leakage","","IOFF_VDD_3_VIN_3",40090,"",1,1,"VOUT4",1,"394","","",-14,"<=",-0.713735,"uA","<=",11,"P",0.318252,***,"",
1,"Output_disabled_leakage","","IVDDDIS_VDD_3_VIN_50",40180,"",1,1,"VDD",1,"394","","",10,"<=",116.232,"uA","<=",175,"P",0.318252,***,"",
1,"Output_disabled_leakage","","IVINDIS_VDD_3_VIN_50",40220,"",1,1,"VIN1",1,"394","","",10,"<=",121.234,"uA","<=",175,"P",0.318252,***,"",
1,"Output_disabled_leakage","","IOFF_VDD_3_VIN_50",40260,"",1,1,"VOUT4",1,"394","","",-20,"<=",-0.067284,"uA","<=",20,"P",0.318252,***,"",
1,"Output_disabled_leakage","","IVINVDD0_VIN_3",40130,"",1,1,"VIN1",1,"394","","",10,"<=",69.2671,"uA","<=",166.5,"P",0.318252,***,"",
1,"Output_disabled_leakage","","IOFFVDD0_VIN_3",40150,"",1,1,"VOUT4",1,"394","","",-14,"<=",-0.589593,"uA","<=",11,"P",0.318252,***,"",
1,"Output_disabled_leakage","","IVDDDIS_VDD_50_VIN_3",40190,"",1,1,"VDD",1,"394","","",10,"<=",139.164,"uA","<=",175,"P",0.318252,***,"",
1,"Output_disabled_leakage","","IVINDIS_VDD_50_VIN_3",40230,"",1,1,"VIN1",1,"394","","",10,"<=",67.4985,"uA","<=",175,"P",0.318252,***,"",
1,"Output_disabled_leakage","","IOFF_VDD_50_VIN_3",40270,"",1,1,"VOUT4",1,"394","","",-20,"<=",-0.736865,"uA","<=",20,"P",0.318252,***,"",
1,"Output_disabled_leakage","","IVDDDIS_VDD_50_VIN_50",40200,"",1,1,"VDD",1,"394","","",10,"<=",135.634,"uA","<=",185,"P",0.318252,***,"",
1,"Output_disabled_leakage","","IVINDIS_VDD_50_VIN_50",40240,"",1,1,"VIN1",1,"394","","",10,"<=",120.287,"uA","<=",175,"P",0.318252,***,"",
1,"Output_disabled_leakage","","IOFF_VDD_50_VIN_50",40280,"",1,1,"VOUT4",1,"394","","",-20,"<=",-0.053502,"uA","<=",20,"P",0.318252,***,"",
1,"Output_disabled_leakage","","IVINVDD0_VIN_50",40300,"",1,1,"VIN1",1,"394","","",10,"<=",151.07,"uA","<=",200,"P",0.318252,***,"",
1,"Output_disabled_leakage","","IOFFVDD0_VIN_50",40320,"",1,1,"VOUT4",1,"394","","",-20,"<=",-2.56792,"uA","<=",20,"P",0.318252,***,"",
1,"EN_pullup_resistor","","EN0V_PULLUP_RES",50010,"",1,1,"EN0_PS1600",1,"394","","",155,"<=",197.344,"Kohm","<=",230,"P",0.302149,***,"",
1,"EN_pullup_resistor","","EN1V_PULLUP_RES",50020,"",1,1,"EN0_PS1600",1,"394","","",155,"<=",198.132,"Kohm","<=",230,"P",0.302149,***,"",
1,"EN_pullup_resistor","","EN0V_Current",50030,"",1,1,"EN0_PS1600",1,"394","","",-11,"<=",-9.12111,"uA","<=",-7,"P",0.302149,***,"",
1,"EN_pullup_resistor","","EN1V_Current",50040,"",1,1,"EN0_PS1600",1,"394","","",-5.5,"<=",-4.03771,"uA","<=",-3,"P",0.302149,***,"",
1,"Leakage_Test","","IOFF_REVERSE_VOUT_VIN_LEAKAGE_1mA",60030,"",1,1,"VIN",1,"394","","",-331,"<=",-268.44,"mV","<=",-190,"P",0.22535,***,"",
1,"Leakage_Test","","IOFF_REVERSE_VOUT_VIN_LEAKAGE_10mA",60040,"",1,1,"VIN",1,"394","","",-340,"<=",-330.873,"mV","<=",-190,"P",0.22535,***,"",
1,"Leakage_Test","","IOFF_REVERSE_VOUT_VIN_LEAKAGE_100uA",60050,"",1,1,"VIN",1,"394","","",-331,"<=",-208.412,"mV","<=",-190,"P",0.22535,***,"",
1,"Nominal_Input_pin_Leakages","","LEAKAGE",70010,"",1,1,"EN0_PS1600",1,"394","","",10,"<=",24.5059,"uA","<=",40,"P",1.00053,***,"",
1,"Nominal_Input_pin_Leakages","","LEAKAGE",70060,"",1,1,"FAULTB_PS1600",1,"394","","",-0.2,"<=",0.000838392,"uA","<=",0.2,"P",1.00053,***,"",
1,"Nominal_Input_pin_Leakages","","LEAKAGE",70020,"",1,1,"FCB_PS1600",1,"394","","",-0.5,"<=",0.11181,"uA","<=",0.5,"P",1.00053,***,"",
1,"Nominal_Input_pin_Leakages","","LEAKAGE",70040,"",1,1,"ISEN_PS1600",1,"394","","",24,"<=",25.7888,"uA","<=",50,"P",1.00053,***,"",
1,"Nominal_Input_pin_Leakages","","LEAKAGE",70030,"",1,1,"ITRIP_PS1600",1,"394","","",14,"<=",16.1258,"uA","<=",25,"P",1.00053,***,"",
1,"Nominal_Input_pin_Leakages","","LEAKAGE",70080,"",1,1,"OFF_PS1600",1,"394","","",-0.2,"<=",0.0494294,"uA","<=",0.5,"P",1.00053,***,"",
1,"Nominal_Input_pin_Leakages","","LEAKAGE",70050,"",1,1,"SS_PS1600",1,"394","","",20,"<=",38.6434,"uA","<=",70,"P",1.00053,***,"",
1,"Nominal_Input_pin_Leakages","","LEAKAGE",70070,"",1,1,"VBIAS_PS1600",1,"394","","",5,"<=",24.4876,"uA","<=",40,"P",1.00053,***,"",
1,"Nominal_Input_pin_Leakages","","LEAKAGE_2V",70090,"",1,1,"OFF_PS1600",1,"394","","",-0.5,"<=",-0.00748535,"uA","<=",0.5,"P",1.00053,***,"",
1,"Output_enabled_leakage","","IVDD_VDD_3_Vin_3",80001,"",1,1,"VDD",1,"394","","",10,"<=",105.998,"uA","<=",130,"P",0.844944,***,"",
1,"Output_enabled_leakage","","IVIN_VDD_3_Vin_3",80005,"",1,1,"VIN1",1,"394","","",10,"<=",54.1825,"uA","<=",85,"P",0.844944,***,"",
1,"Output_enabled_leakage","","IVDD_VDD_3_Vin_50",80018,"",1,1,"VDD",1,"394","","",10,"<=",108.933,"uA","<=",175,"P",0.844944,***,"",
1,"Output_enabled_leakage","","IVIN_VDD_3_Vin_50",80022,"",1,1,"VIN1",1,"394","","",10,"<=",86.5916,"uA","<=",175,"P",0.844944,***,"",
1,"Output_enabled_leakage","","IVDD_VDD_50_Vin_3",80019,"",1,1,"VDD",1,"394","","",10,"<=",113.207,"uA","<=",175,"P",0.844944,***,"",
1,"Output_enabled_leakage","","IVIN_VDD_50_Vin_3",80023,"",1,1,"VIN1",1,"394","","",10,"<=",55.7513,"uA","<=",85,"P",0.844944,***,"",
1,"Output_enabled_leakage","","IVDD_VDD_50_Vin_50",80020,"",1,1,"VDD",1,"394","","",10,"<=",119.659,"uA","<=",175,"P",0.844944,***,"",
1,"Output_enabled_leakage","","IVIN_VDD_50_Vin_50",80024,"",1,1,"VIN1",1,"394","","",10,"<=",84.7811,"uA","<=",150,"P",0.844944,***,"",
1,"SCAN","","Scan_test",330010,"_rdi_burst_SCAN_bk4_mp",1,1,"@",1,"394","","",***,"",***," ","",***,"P",0.242606,***,"",
1,"Logic","","Logic_test",340010,"_rdi_burst_Logic_bk6_mp",1,1,"@",1,"394","","",***,"",***," ","",***,"P",0.421433,***,"",
1,"Vreftrim","","VBIAS_VALUE_CODE0",180020,"",1,1,"VBIAS_PS1600",1,"394","","",1.5,"<=",1.87514,"V","<=",2.5,"P",9.04603,***,"",
1,"Vreftrim","","VBIAS_VALUE_CODE1",180030,"",1,1,"VBIAS_PS1600",1,"394","","",1.5,"<=",1.89558,"V","<=",2.5,"P",9.04603,***,"",
1,"Vreftrim","","VBIAS_VALUE_CODE2",180040,"",1,1,"VBIAS_PS1600",1,"394","","",1.5,"<=",1.91328,"V","<=",2.5,"P",9.04603,***,"",
1,"Vreftrim","","VBIAS_VALUE_CODE3",180050,"",1,1,"VBIAS_PS1600",1,"394","","",1.5,"<=",1.93018,"V","<=",2.5,"P",9.04603,***,"",
1,"Vreftrim","","VBIAS_VALUE_CODE4",180060,"",1,1,"VBIAS_PS1600",1,"394","","",1.5,"<=",1.94771,"V","<=",2.5,"P",9.04603,***,"",
1,"Vreftrim","","VBIAS_VALUE_CODE5",180070,"",1,1,"VBIAS_PS1600",1,"394","","",1.5,"<=",1.96485,"V","<=",2.5,"P",9.04603,***,"",
1,"Vreftrim","","VBIAS_VALUE_CODE6",180080,"",1,1,"VBIAS_PS1600",1,"394","","",1.5,"<=",1.98198,"V","<=",2.5,"P",9.04603,***,"",
1,"Vreftrim","","VBIAS_VALUE_CODE7",180090,"",1,1,"VBIAS_PS1600",1,"394","","",1.5,"<=",1.99905,"V","<=",2.5,"P",9.04603,***,"",
1,"Vreftrim","","VBIAS_VALUE_CODE8",180100,"",1,1,"VBIAS_PS1600",1,"394","","",1.5,"<=",2.01715,"V","<=",2.5,"P",9.04603,***,"",
1,"Vreftrim","","VBIAS_VALUE_CODE9",180110,"",1,1,"VBIAS_PS1600",1,"394","","",1.5,"<=",2.034,"V","<=",2.5,"P",9.04603,***,"",
1,"Vreftrim","","VBIAS_VALUE_CODE10",180120,"",1,1,"VBIAS_PS1600",1,"394","","",1.5,"<=",2.05153,"V","<=",2.5,"P",9.04603,***,"",
1,"Vreftrim","","VBIAS_VALUE_CODE11",180130,"",1,1,"VBIAS_PS1600",1,"394","","",1.5,"<=",2.06838,"V","<=",2.5,"P",9.04603,***,"",
1,"Vreftrim","","VBIAS_VALUE_CODE12",180140,"",1,1,"VBIAS_PS1600",1,"394","","",1.5,"<=",2.08613,"V","<=",2.5,"P",9.04603,***,"",
1,"Vreftrim","","VBIAS_VALUE_CODE13",180150,"",1,1,"VBIAS_PS1600",1,"394","","",1.5,"<=",2.1031,"V","<=",2.5,"P",9.04603,***,"",
1,"Vreftrim","","VBIAS_VALUE_CODE14",180160,"",1,1,"VBIAS_PS1600",1,"394","","",1.5,"<=",2.12,"V","<=",2.5,"P",9.04603,***,"",
1,"Vreftrim","","VBIAS_VALUE_CODE15",180170,"",1,1,"VBIAS_PS1600",1,"394","","",1.5,"<=",2.13702,"V","<=",2.5,"P",9.04603,***,"",
1,"Vreftrim","","VBIAS_VALUE_CODE16",180180,"",1,1,"VBIAS_PS1600",1,"394","","",1.5,"<=",1.60582,"V","<=",2.5,"P",9.04603,***,"",
1,"Vreftrim","","VBIAS_VALUE_CODE17",180190,"",1,1,"VBIAS_PS1600",1,"394","","",1.5,"<=",1.62249,"V","<=",2.5,"P",9.04603,***,"",
1,"Vreftrim","","VBIAS_VALUE_CODE18",180200,"",1,1,"VBIAS_PS1600",1,"394","","",1.5,"<=",1.6394,"V","<=",2.5,"P",9.04603,***,"",
1,"Vreftrim","","VBIAS_VALUE_CODE19",180210,"",1,1,"VBIAS_PS1600",1,"394","","",1.5,"<=",1.65607,"V","<=",2.5,"P",9.04603,***,"",
1,"Vreftrim","","VBIAS_VALUE_CODE20",180220,"",1,1,"VBIAS_PS1600",1,"394","","",1.5,"<=",1.67366,"V","<=",2.5,"P",9.04603,***,"",
1,"Vreftrim","","VBIAS_VALUE_CODE21",180230,"",1,1,"VBIAS_PS1600",1,"394","","",1.5,"<=",1.69045,"V","<=",2.5,"P",9.04603,***,"",
1,"Vreftrim","","VBIAS_VALUE_CODE22",180240,"",1,1,"VBIAS_PS1600",1,"394","","",1.5,"<=",1.70741,"V","<=",2.5,"P",9.04603,***,"",
1,"Vreftrim","","VBIAS_VALUE_CODE23",180250,"",1,1,"VBIAS_PS1600",1,"394","","",1.5,"<=",1.72443,"V","<=",2.5,"P",9.04603,***,"",
1,"Vreftrim","","VBIAS_VALUE_CODE24",180260,"",1,1,"VBIAS_PS1600",1,"394","","",1.5,"<=",1.74236,"V","<=",2.5,"P",9.04603,***,"",
1,"Vreftrim","","VBIAS_VALUE_CODE25",180270,"",1,1,"VBIAS_PS1600",1,"394","","",1.5,"<=",1.75921,"V","<=",2.5,"P",9.04603,***,"",
1,"Vreftrim","","VBIAS_VALUE_CODE26",180280,"",1,1,"VBIAS_PS1600",1,"394","","",1.5,"<=",1.77617,"V","<=",2.5,"P",9.04603,***,"",
1,"Vreftrim","","VBIAS_VALUE_CODE27",180290,"",1,1,"VBIAS_PS1600",1,"394","","",1.5,"<=",1.7929,"V","<=",2.5,"P",9.04603,***,"",
1,"Vreftrim","","VBIAS_VALUE_CODE28",180300,"",1,1,"VBIAS_PS1600",1,"394","","",1.5,"<=",1.81026,"V","<=",2.5,"P",9.04603,***,"",
1,"Vreftrim","","VBIAS_VALUE_CODE29",180310,"",1,1,"VBIAS_PS1600",1,"394","","",1.5,"<=",1.82722,"V","<=",2.5,"P",9.04603,***,"",
1,"Vreftrim","","VBIAS_VALUE_CODE30",180320,"",1,1,"VBIAS_PS1600",1,"394","","",1.5,"<=",1.84435,"V","<=",2.5,"P",9.04603,***,"",
1,"Vreftrim","","VBIAS_VALUE_CODE31",180330,"",1,1,"VBIAS_PS1600",1,"394","","",1.5,"<=",1.86097,"V","<=",2.5,"P",9.04603,***,"",
1,"Vreftrim","","VREF_TRIM_CODE",180010,"",1,1,"VBIAS_PS1600",1,"394","","",0,"<=",27,"Code","<=",31,"P",9.04603,***,"",
1,"Vreftrim","","VBIAS_BEST_FIT_VALUE",180340,"",1,1,"VBIAS_PS1600",1,"394","","",1.77,"<=",1.7929,"V","<=",1.83,"P",9.04603,***,"",
1,"SS_Current_Trim","","SS_CURRENT_CODE0",220040,"",1,1,"SS_PS1600",1,"394","","",-16,"<=",-10.325,"uA","<=",-6,"P",8.73766,***,"",
1,"SS_Current_Trim","","SS_CURRENT_CODE1",220050,"",1,1,"SS_PS1600",1,"394","","",-16,"<=",-10.452,"uA","<=",-6,"P",8.73766,***,"",
1,"SS_Current_Trim","","SS_CURRENT_CODE2",220060,"",1,1,"SS_PS1600",1,"394","","",-16,"<=",-10.588,"uA","<=",-6,"P",8.73766,***,"",
1,"SS_Current_Trim","","SS_CURRENT_CODE3",220070,"",1,1,"SS_PS1600",1,"394","","",-16,"<=",-10.743,"uA","<=",-6,"P",8.73766,***,"",
1,"SS_Current_Trim","","SS_CURRENT_CODE4",220080,"",1,1,"SS_PS1600",1,"394","","",-16,"<=",-10.878,"uA","<=",-6,"P",8.73766,***,"",
1,"SS_Current_Trim","","SS_CURRENT_CODE5",220090,"",1,1,"SS_PS1600",1,"394","","",-16,"<=",-11.042,"uA","<=",-6,"P",8.73766,***,"",
1,"SS_Current_Trim","","SS_CURRENT_CODE6",220100,"",1,1,"SS_PS1600",1,"394","","",-16,"<=",-11.197,"uA","<=",-6,"P",8.73766,***,"",
1,"SS_Current_Trim","","SS_CURRENT_CODE7",220110,"",1,1,"SS_PS1600",1,"394","","",-16,"<=",-11.354,"uA","<=",-6,"P",8.73766,***,"",
1,"SS_Current_Trim","","SS_CURRENT_CODE8",220120,"",1,1,"SS_PS1600",1,"394","","",-16,"<=",-11.519,"uA","<=",-6,"P",8.73766,***,"",
1,"SS_Current_Trim","","SS_CURRENT_CODE9",220130,"",1,1,"SS_PS1600",1,"394","","",-16,"<=",-11.702,"uA","<=",-6,"P",8.73766,***,"",
1,"SS_Current_Trim","","SS_CURRENT_CODE10",220140,"",1,1,"SS_PS1600",1,"394","","",-16,"<=",-11.879,"uA","<=",-6,"P",8.73766,***,"",
1,"SS_Current_Trim","","SS_CURRENT_CODE11",220150,"",1,1,"SS_PS1600",1,"394","","",-16,"<=",-12.054,"uA","<=",-6,"P",8.73766,***,"",
1,"SS_Current_Trim","","SS_CURRENT_CODE12",220160,"",1,1,"SS_PS1600",1,"394","","",-16,"<=",-12.249,"uA","<=",-6,"P",8.73766,***,"",
1,"SS_Current_Trim","","SS_CURRENT_CODE13",220170,"",1,1,"SS_PS1600",1,"394","","",-16,"<=",-12.429,"uA","<=",-6,"P",8.73766,***,"",
1,"SS_Current_Trim","","SS_CURRENT_CODE14",220180,"",1,1,"SS_PS1600",1,"394","","",-16,"<=",-12.632,"uA","<=",-6,"P",8.73766,***,"",
1,"SS_Current_Trim","","SS_CURRENT_CODE15",220190,"",1,1,"SS_PS1600",1,"394","","",-16,"<=",-12.85,"uA","<=",-6,"P",8.73766,***,"",
1,"SS_Current_Trim","","SS_CURRENT_CODE16",220200,"",1,1,"SS_PS1600",1,"394","","",-16,"<=",-8.545,"uA","<=",-6,"P",8.73766,***,"",
1,"SS_Current_Trim","","SS_CURRENT_CODE17",220210,"",1,1,"SS_PS1600",1,"394","","",-16,"<=",-8.646,"uA","<=",-6,"P",8.73766,***,"",
1,"SS_Current_Trim","","SS_CURRENT_CODE18",220220,"",1,1,"SS_PS1600",1,"394","","",-16,"<=",-8.735,"uA","<=",-6,"P",8.73766,***,"",
1,"SS_Current_Trim","","SS_CURRENT_CODE19",220230,"",1,1,"SS_PS1600",1,"394","","",-16,"<=",-8.829,"uA","<=",-6,"P",8.73766,***,"",
1,"SS_Current_Trim","","SS_CURRENT_CODE20",220240,"",1,1,"SS_PS1600",1,"394","","",-16,"<=",-8.935,"uA","<=",-6,"P",8.73766,***,"",
1,"SS_Current_Trim","","SS_CURRENT_CODE21",220250,"",1,1,"SS_PS1600",1,"394","","",-16,"<=",-9.027,"uA","<=",-6,"P",8.73766,***,"",
1,"SS_Current_Trim","","SS_CURRENT_CODE22",220260,"",1,1,"SS_PS1600",1,"394","","",-16,"<=",-9.126,"uA","<=",-6,"P",8.73766,***,"",
1,"SS_Current_Trim","","SS_CURRENT_CODE23",220270,"",1,1,"SS_PS1600",1,"394","","",-16,"<=",-9.242,"uA","<=",-6,"P",8.73766,***,"",
1,"SS_Current_Trim","","SS_CURRENT_CODE24",220280,"",1,1,"SS_PS1600",1,"394","","",-16,"<=",-9.351,"uA","<=",-6,"P",8.73766,***,"",
1,"SS_Current_Trim","","SS_CURRENT_CODE25",220290,"",1,1,"SS_PS1600",1,"394","","",-16,"<=",-9.453,"uA","<=",-6,"P",8.73766,***,"",
1,"SS_Current_Trim","","SS_CURRENT_CODE26",220300,"",1,1,"SS_PS1600",1,"394","","",-16,"<=",-9.567,"uA","<=",-6,"P",8.73766,***,"",
1,"SS_Current_Trim","","SS_CURRENT_CODE27",220310,"",1,1,"SS_PS1600",1,"394","","",-16,"<=",-9.696,"uA","<=",-6,"P",8.73766,***,"",
1,"SS_Current_Trim","","SS_CURRENT_CODE28",220320,"",1,1,"SS_PS1600",1,"394","","",-16,"<=",-9.808,"uA","<=",-6,"P",8.73766,***,"",
1,"SS_Current_Trim","","SS_CURRENT_CODE29",220330,"",1,1,"SS_PS1600",1,"394","","",-16,"<=",-9.937,"uA","<=",-6,"P",8.73766,***,"",
1,"SS_Current_Trim","","SS_CURRENT_CODE30",220340,"",1,1,"SS_PS1600",1,"394","","",-16,"<=",-10.064,"uA","<=",-6,"P",8.73766,***,"",
1,"SS_Current_Trim","","SS_CURRENT_CODE31",220350,"",1,1,"SS_PS1600",1,"394","","",-16,"<=",-10.183,"uA","<=",-6,"P",8.73766,***,"",
1,"SS_Current_Trim","","SS_CURRENT_TRIM_CODE",220030,"",1,1,"SS_PS1600",1,"394","","",0,"<=",29,"Code","<=",31,"P",8.73766,***,"",
1,"SS_Current_Trim","","SS_CURRENT_BEST_FIT_VALUE",220360,"",1,1,"SS_PS1600",1,"394","","",-10.4,"<=",-9.937,"uA","<=",-9.6,"P",8.73766,***,"",
1,"SS_Gain","","CURRENT_SS_0P1V_CODE0",230020,"",1,1,"SS_PS1600",1,"394","","",150,"<=",208.296,"mA","<=",1800,"P",17.9057,***,"",
1,"SS_Gain","","CURRENT_SS_0P2V_CODE0",230180,"",1,1,"SS_PS1600",1,"394","","",300,"<=",436.226,"mA","<=",3200,"P",17.9057,***,"",
1,"SS_Gain","","CURRENT_SS_0P1V_CODE1",230030,"",1,1,"SS_PS1600",1,"394","","",150,"<=",240.989,"mA","<=",1800,"P",17.9057,***,"",
1,"SS_Gain","","CURRENT_SS_0P2V_CODE1",230190,"",1,1,"SS_PS1600",1,"394","","",300,"<=",499.18,"mA","<=",3200,"P",17.9057,***,"",
1,"SS_Gain","","CURRENT_SS_0P1V_CODE2",230040,"",1,1,"SS_PS1600",1,"394","","",150,"<=",274.041,"mA","<=",1800,"P",17.9057,***,"",
1,"SS_Gain","","CURRENT_SS_0P2V_CODE2",230200,"",1,1,"SS_PS1600",1,"394","","",300,"<=",562.782,"mA","<=",3200,"P",17.9057,***,"",
1,"SS_Gain","","CURRENT_SS_0P1V_CODE3",230050,"",1,1,"SS_PS1600",1,"394","","",150,"<=",308.086,"mA","<=",1800,"P",17.9057,***,"",
1,"SS_Gain","","CURRENT_SS_0P2V_CODE3",230210,"",1,1,"SS_PS1600",1,"394","","",300,"<=",627.156,"mA","<=",3200,"P",17.9057,***,"",
1,"SS_Gain","","CURRENT_SS_0P1V_CODE4",230060,"",1,1,"SS_PS1600",1,"394","","",150,"<=",339.554,"mA","<=",1800,"P",17.9057,***,"",
1,"SS_Gain","","CURRENT_SS_0P2V_CODE4",230220,"",1,1,"SS_PS1600",1,"394","","",300,"<=",689.189,"mA","<=",3200,"P",17.9057,***,"",
1,"SS_Gain","","CURRENT_SS_0P1V_CODE5",230070,"",1,1,"SS_PS1600",1,"394","","",150,"<=",374.661,"mA","<=",1800,"P",17.9057,***,"",
1,"SS_Gain","","CURRENT_SS_0P2V_CODE5",230230,"",1,1,"SS_PS1600",1,"394","","",300,"<=",754.811,"mA","<=",3200,"P",17.9057,***,"",
1,"SS_Gain","","CURRENT_SS_0P1V_CODE6",230080,"",1,1,"SS_PS1600",1,"394","","",150,"<=",408.508,"mA","<=",1800,"P",17.9057,***,"",
1,"SS_Gain","","CURRENT_SS_0P2V_CODE6",230240,"",1,1,"SS_PS1600",1,"394","","",300,"<=",819.001,"mA","<=",3200,"P",17.9057,***,"",
1,"SS_Gain","","CURRENT_SS_0P1V_CODE7",230090,"",1,1,"SS_PS1600",1,"394","","",150,"<=",441.326,"mA","<=",1800,"P",17.9057,***,"",
1,"SS_Gain","","CURRENT_SS_0P2V_CODE7",230250,"",1,1,"SS_PS1600",1,"394","","",300,"<=",883.764,"mA","<=",3200,"P",17.9057,***,"",
1,"SS_Gain","","CURRENT_SS_0P1V_CODE8",230100,"",1,1,"SS_PS1600",1,"394","","",150,"<=",473.408,"mA","<=",1800,"P",17.9057,***,"",
1,"SS_Gain","","CURRENT_SS_0P2V_CODE8",230260,"",1,1,"SS_PS1600",1,"394","","",300,"<=",946.548,"mA","<=",3200,"P",17.9057,***,"",
1,"SS_Gain","","CURRENT_SS_0P1V_CODE9",230110,"",1,1,"SS_PS1600",1,"394","","",150,"<=",509.266,"mA","<=",1800,"P",17.9057,***,"",
1,"SS_Gain","","CURRENT_SS_0P2V_CODE9",230270,"",1,1,"SS_PS1600",1,"394","","",300,"<=",1013.46,"mA","<=",3200,"P",17.9057,***,"",
1,"SS_Gain","","CURRENT_SS_0P1V_CODE10",230120,"",1,1,"SS_PS1600",1,"394","","",150,"<=",543.379,"mA","<=",1800,"P",17.9057,***,"",
1,"SS_Gain","","CURRENT_SS_0P2V_CODE10",230280,"",1,1,"SS_PS1600",1,"394","","",300,"<=",1079.15,"mA","<=",3200,"P",17.9057,***,"",
1,"SS_Gain","","CURRENT_SS_0P1V_CODE11",230130,"",1,1,"SS_PS1600",1,"394","","",150,"<=",576.561,"mA","<=",1800,"P",17.9057,***,"",
1,"SS_Gain","","CURRENT_SS_0P2V_CODE11",230290,"",1,1,"SS_PS1600",1,"394","","",300,"<=",1144.65,"mA","<=",3200,"P",17.9057,***,"",
1,"SS_Gain","","CURRENT_SS_0P1V_CODE12",230140,"",1,1,"SS_PS1600",1,"394","","",150,"<=",611.219,"mA","<=",1800,"P",17.9057,***,"",
1,"SS_Gain","","CURRENT_SS_0P2V_CODE12",230300,"",1,1,"SS_PS1600",1,"394","","",300,"<=",1209.66,"mA","<=",3200,"P",17.9057,***,"",
1,"SS_Gain","","CURRENT_SS_0P1V_CODE13",230150,"",1,1,"SS_PS1600",1,"394","","",150,"<=",644.662,"mA","<=",1800,"P",17.9057,***,"",
1,"SS_Gain","","CURRENT_SS_0P2V_CODE13",230310,"",1,1,"SS_PS1600",1,"394","","",300,"<=",1275.45,"mA","<=",3200,"P",17.9057,***,"",
1,"SS_Gain","","CURRENT_SS_0P1V_CODE14",230160,"",1,1,"SS_PS1600",1,"394","","",150,"<=",679.958,"mA","<=",1800,"P",17.9057,***,"",
1,"SS_Gain","","CURRENT_SS_0P2V_CODE14",230320,"",1,1,"SS_PS1600",1,"394","","",300,"<=",1340.63,"mA","<=",3200,"P",17.9057,***,"",
1,"SS_Gain","","CURRENT_SS_0P1V_CODE15",230170,"",1,1,"SS_PS1600",1,"394","","",150,"<=",715.046,"mA","<=",1800,"P",17.9057,***,"",
1,"SS_Gain","","CURRENT_SS_0P2V_CODE15",230330,"",1,1,"SS_PS1600",1,"394","","",300,"<=",1408.5,"mA","<=",3200,"P",17.9057,***,"",
1,"SS_Gain","","SS_GAIN_TRIM_CODE",230010,"",1,1,"SS_PS1600",1,"394","","",0,"<=",9,"Code","<=",15,"P",17.9057,***,"",
1,"SS_Gain","","BEST_CURR_SS_0p2V",230340,"",1,1,"SS_PS1600",1,"394","","",700,"<=",1013.46,"mA","<=",1300,"P",17.9057,***,"",
1,"SS_Gain","","BEST_CURR_SS_0p1V",230350,"",1,1,"SS_PS1600",1,"394","","",350,"<=",509.266,"mA","<=",650,"P",17.9057,***,"",
1,"SS_Gain","","BEST_CURR_SS_delta",230360,"",1,1,"SS_PS1600",1,"394","","",400,"<=",504.196,"mA","<=",600,"P",17.9057,***,"",
1,"SSoffset_Trim","","SS_OFFSET_CURRENT_CODE0",240020,"",1,1,"SS_PS1600",1,"394","","",-300,"<=",-234.885,"mA","<=",-70,"P",8.37868,***,"",
1,"SSoffset_Trim","","SS_OFFSET_CURRENT_CODE1",240030,"",1,1,"SS_PS1600",1,"394","","",-300,"<=",-227.423,"mA","<=",-70,"P",8.37868,***,"",
1,"SSoffset_Trim","","SS_OFFSET_CURRENT_CODE2",240040,"",1,1,"SS_PS1600",1,"394","","",-300,"<=",-218.913,"mA","<=",-70,"P",8.37868,***,"",
1,"SSoffset_Trim","","SS_OFFSET_CURRENT_CODE3",240050,"",1,1,"SS_PS1600",1,"394","","",-300,"<=",-213.465,"mA","<=",-70,"P",8.37868,***,"",
1,"SSoffset_Trim","","SS_OFFSET_CURRENT_CODE4",240060,"",1,1,"SS_PS1600",1,"394","","",-300,"<=",-204.597,"mA","<=",-70,"P",8.37868,***,"",
1,"SSoffset_Trim","","SS_OFFSET_CURRENT_CODE5",240070,"",1,1,"SS_PS1600",1,"394","","",-300,"<=",-199.217,"mA","<=",-70,"P",8.37868,***,"",
1,"SSoffset_Trim","","SS_OFFSET_CURRENT_CODE6",240080,"",1,1,"SS_PS1600",1,"394","","",-300,"<=",-191.441,"mA","<=",-70,"P",8.37868,***,"",
1,"SSoffset_Trim","","SS_OFFSET_CURRENT_CODE7",240090,"",1,1,"SS_PS1600",1,"394","","",-300,"<=",-184.418,"mA","<=",-70,"P",8.37868,***,"",
1,"SSoffset_Trim","","SS_OFFSET_CURRENT_CODE8",240100,"",1,1,"SS_PS1600",1,"394","","",-300,"<=",-177.047,"mA","<=",-70,"P",8.37868,***,"",
1,"SSoffset_Trim","","SS_OFFSET_CURRENT_CODE9",240110,"",1,1,"SS_PS1600",1,"394","","",-300,"<=",-172.03,"mA","<=",-70,"P",8.37868,***,"",
1,"SSoffset_Trim","","SS_OFFSET_CURRENT_CODE10",240120,"",1,1,"SS_PS1600",1,"394","","",-300,"<=",-164.575,"mA","<=",-70,"P",8.37868,***,"",
1,"SSoffset_Trim","","SS_OFFSET_CURRENT_CODE11",240130,"",1,1,"SS_PS1600",1,"394","","",-300,"<=",-158.055,"mA","<=",-70,"P",8.37868,***,"",
1,"SSoffset_Trim","","SS_OFFSET_CURRENT_CODE12",240140,"",1,1,"SS_PS1600",1,"394","","",-300,"<=",-151.283,"mA","<=",-70,"P",8.37868,***,"",
1,"SSoffset_Trim","","SS_OFFSET_CURRENT_CODE13",240150,"",1,1,"SS_PS1600",1,"394","","",-300,"<=",-144.744,"mA","<=",-70,"P",8.37868,***,"",
1,"SSoffset_Trim","","SS_OFFSET_CURRENT_CODE14",240160,"",1,1,"SS_PS1600",1,"394","","",-300,"<=",-137.538,"mA","<=",-70,"P",8.37868,***,"",
1,"SSoffset_Trim","","SS_OFFSET_CURRENT_CODE15",240170,"",1,1,"SS_PS1600",1,"394","","",-300,"<=",-132.508,"mA","<=",-70,"P",8.37868,***,"",
1,"SSoffset_Trim","","SS_OFFSET_TRIM_CODE",240010,"",1,1,"SS_PS1600",1,"394","","",0,"<=",5,"Code","<=",15,"P",8.37868,***,"",
1,"SSoffset_Trim","","BEST_Curr_SS_0p04V",240180,"",1,1,"SS_PS1600",1,"394","","",-250,"<=",-199.217,"mA","<=",-150,"P",8.37868,***,"",
1,"VDD_UVLO_OTS_POR","","Low_Temp_Voltage_bank0",200130,"",1,1,"OFF_PS1600",1,"394","","",0,"<=",0.000714269,"V","<=",0.2,"P",1.10021,***,"",
1,"VDD_UVLO_OTS_POR","","High_Temp_Voltage_bank0",200140,"",1,1,"OFF_PS1600",1,"394","","",1.6,"<=",1.87714,"V","<=",2.3,"P",1.10021,***,"",
1,"VDD_UVLO_OTS_POR","","Low_Temp_Voltage_bank0_reset",200150,"",1,1,"OFF_PS1600",1,"394","","",0,"<=",0.000657352,"V","<=",0.2,"P",1.10021,***,"",
1,"VDD_UVLO_OTS_POR","","Low_Temp_Voltage_bank1",200160,"",1,1,"OFF_PS1600",1,"394","","",0,"<=",0.000657352,"V","<=",0.2,"P",1.10021,***,"",
1,"VDD_UVLO_OTS_POR","","High_Temp_Voltage_bank1",200170,"",1,1,"OFF_PS1600",1,"394","","",1.6,"<=",1.87736,"V","<=",2.3,"P",1.10021,***,"",
1,"VDD_UVLO_OTS_POR","","Low_Temp_Voltage_bank1_reset",200180,"",1,1,"OFF_PS1600",1,"394","","",0,"<=",0.000657352,"V","<=",0.5,"P",1.10021,***,"",
1,"UVLO_POR_redundancy","","I_ISEN_UVLO",410010,"",1,1,"VBIAS_PS1600",1,"394","","",8,"<=",10.458,"uA","<=",13,"P",21.0549,***,"",
1,"UVLO_POR_redundancy","","I_IN_VDD3V",410020,"",1,1,"VBIAS_PS1600",1,"394","","",-10,"<=",0,"nA","<=",300,"P",21.0549,***,"",
1,"UVLO_POR_redundancy","","VDD_UVLO_Falling",410030,"",1,1,"VBIAS_PS1600",1,"394","","",2,"<=",2.45,"V","<=",2.75,"P",21.0549,***,"",
1,"UVLO_POR_redundancy","","I_IN_VDD_UVLO_Falling",410040,"",1,1,"VBIAS_PS1600",1,"394","","",8,"<=",10.461,"uA","<=",13,"P",21.0549,***,"",
1,"UVLO_POR_redundancy","","VBIAS_POR_Falling",410050,"",1,1,"VBIAS_PS1600",1,"394","","",1.1,"<=",1.235,"V","<=",1.45,"P",21.0549,***,"",
1,"UVLO_POR_redundancy","","I_IN_VBIAS_POR_Falling",410060,"",1,1,"VBIAS_PS1600",1,"394","","",20,"<=",26.3099,"uA","<=",33,"P",21.0549,***,"",
1,"UVLO_POR_redundancy","","VBIAS_PORsu_Falling",410070,"",1,1,"VBIAS_PS1600",1,"394","","",0.725,"<=",0.925,"V","<=",1.2,"P",21.0549,***,"",
1,"UVLO_POR_redundancy","","I_IN_VBIAS_PORsu_Falling",410080,"",1,1,"VBIAS_PS1600",1,"394","","",35,"<=",42.4841,"uA","<=",50,"P",21.0549,***,"",
1,"UVLO_POR_redundancy","","VBIAS_PORsu_Rising",410090,"",1,1,"VBIAS_PS1600",1,"394","","",0.75,"<=",0.985,"V","<=",1.3,"P",21.0549,***,"",
1,"UVLO_POR_redundancy","","I_IN_VBIAS_PORsu_Rising",410100,"",1,1,"VBIAS_PS1600",1,"394","","",20,"<=",26.1345,"uA","<=",32,"P",21.0549,***,"",
1,"UVLO_POR_redundancy","","PORsu_Hysteresis",410110,"",1,1,"VBIAS_PS1600",1,"394","","",0,"<=",0.06,"","<=",0.175,"P",21.0549,***,"",
1,"UVLO_POR_redundancy","","VBIAS_POR_Rising",410120,"",1,1,"VBIAS_PS1600",1,"394","","",1.2,"<=",1.435,"V","<=",1.6,"P",21.0549,***,"",
1,"UVLO_POR_redundancy","","I_IN_VBIAS_POR_Rising",410130,"",1,1,"VBIAS_PS1600",1,"394","","",8,"<=",10.4229,"uA","<=",13,"P",21.0549,***,"",
1,"UVLO_POR_redundancy","","POR_Hysteresis",410140,"",1,1,"VBIAS_PS1600",1,"394","","",0.03,"<=",0.2,"V","<=",0.25,"P",21.0549,***,"",
1,"UVLO_POR_redundancy","","VDD_UVLO_Rising",410150,"",1,1,"VBIAS_PS1600",1,"394","","",2.2,"<=",2.62,"V","<=",2.85,"P",21.0549,***,"",
1,"UVLO_POR_redundancy","","I_IN_VDD_UVLO_Rising",410160,"",1,1,"VBIAS_PS1600",1,"394","","",-200,"<=",-12.6018,"nA","<=",200,"P",21.0549,***,"",
1,"UVLO_POR_redundancy","","VDD_UVLO_Hysteresis",410170,"",1,1,"VBIAS_PS1600",1,"394","","",0.02,"<=",0.17,"","<=",0.3,"P",21.0549,***,"",
1,"ILIM_gain_Trim","","ILIM_GAIN_20PIMAX_CODE0",270020,"",1,1,"ITRIP_PS1600",1,"394","","",-36,"<=",-32.897,"uA","<=",-0.001,"P",14.8675,***,"",
1,"ILIM_gain_Trim","","ILIM_GAIN_20PIMAX_CODE1",270030,"",1,1,"ITRIP_PS1600",1,"394","","",-36,"<=",-31.852,"uA","<=",-0.001,"P",14.8675,***,"",
1,"ILIM_gain_Trim","","ILIM_GAIN_20PIMAX_CODE2",270040,"",1,1,"ITRIP_PS1600",1,"394","","",-36,"<=",-30.771,"uA","<=",-0.001,"P",14.8675,***,"",
1,"ILIM_gain_Trim","","ILIM_GAIN_20PIMAX_CODE3",270050,"",1,1,"ITRIP_PS1600",1,"394","","",-36,"<=",-29.711,"uA","<=",-0.001,"P",14.8675,***,"",
1,"ILIM_gain_Trim","","ILIM_GAIN_20PIMAX_CODE4",270060,"",1,1,"ITRIP_PS1600",1,"394","","",-36,"<=",-28.675,"uA","<=",-0.001,"P",14.8675,***,"",
1,"ILIM_gain_Trim","","ILIM_GAIN_20PIMAX_CODE5",270070,"",1,1,"ITRIP_PS1600",1,"394","","",-36,"<=",-27.623,"uA","<=",-0.001,"P",14.8675,***,"",
1,"ILIM_gain_Trim","","ILIM_GAIN_20PIMAX_CODE6",270080,"",1,1,"ITRIP_PS1600",1,"394","","",-36,"<=",-26.542,"uA","<=",-0.001,"P",14.8675,***,"",
1,"ILIM_gain_Trim","","ILIM_GAIN_20PIMAX_CODE7",270090,"",1,1,"ITRIP_PS1600",1,"394","","",-36,"<=",-25.484,"uA","<=",-0.001,"P",14.8675,***,"",
1,"ILIM_gain_Trim","","ILIM_GAIN_20PIMAX_CODE8",270100,"",1,1,"ITRIP_PS1600",1,"394","","",-36,"<=",-24.469,"uA","<=",-0.001,"P",14.8675,***,"",
1,"ILIM_gain_Trim","","ILIM_GAIN_20PIMAX_CODE9",270110,"",1,1,"ITRIP_PS1600",1,"394","","",-36,"<=",-23.396,"uA","<=",-0.001,"P",14.8675,***,"",
1,"ILIM_gain_Trim","","ILIM_GAIN_20PIMAX_CODE10",270120,"",1,1,"ITRIP_PS1600",1,"394","","",-36,"<=",-22.318,"uA","<=",-0.001,"P",14.8675,***,"",
1,"ILIM_gain_Trim","","ILIM_GAIN_20PIMAX_CODE11",270130,"",1,1,"ITRIP_PS1600",1,"394","","",-36,"<=",-21.267,"uA","<=",-0.001,"P",14.8675,***,"",
1,"ILIM_gain_Trim","","ILIM_GAIN_20PIMAX_CODE12",270140,"",1,1,"ITRIP_PS1600",1,"394","","",-36,"<=",-20.235,"uA","<=",-0.001,"P",14.8675,***,"",
1,"ILIM_gain_Trim","","ILIM_GAIN_20PIMAX_CODE13",270150,"",1,1,"ITRIP_PS1600",1,"394","","",-36,"<=",-19.177,"uA","<=",-0.001,"P",14.8675,***,"",
1,"ILIM_gain_Trim","","ILIM_GAIN_20PIMAX_CODE14",270160,"",1,1,"ITRIP_PS1600",1,"394","","",-36,"<=",-18.091,"uA","<=",-0.001,"P",14.8675,***,"",
1,"ILIM_gain_Trim","","ILIM_GAIN_20PIMAX_CODE15",270170,"",1,1,"ITRIP_PS1600",1,"394","","",-36,"<=",-17.041,"uA","<=",-0.001,"P",14.8675,***,"",
1,"ILIM_gain_Trim","","ILIM_GAIN_20PIMAX_CODE16",270180,"",1,1,"ITRIP_PS1600",1,"394","","",-36,"<=",-15.884,"uA","<=",-0.001,"P",14.8675,***,"",
1,"ILIM_gain_Trim","","ILIM_GAIN_20PIMAX_CODE17",270190,"",1,1,"ITRIP_PS1600",1,"394","","",-36,"<=",-14.829,"uA","<=",-0.001,"P",14.8675,***,"",
1,"ILIM_gain_Trim","","ILIM_GAIN_20PIMAX_CODE18",270200,"",1,1,"ITRIP_PS1600",1,"394","","",-36,"<=",-13.748,"uA","<=",-0.001,"P",14.8675,***,"",
1,"ILIM_gain_Trim","","ILIM_GAIN_20PIMAX_CODE19",270210,"",1,1,"ITRIP_PS1600",1,"394","","",-36,"<=",-12.69,"uA","<=",-0.001,"P",14.8675,***,"",
1,"ILIM_gain_Trim","","ILIM_GAIN_20PIMAX_CODE20",270220,"",1,1,"ITRIP_PS1600",1,"394","","",-36,"<=",-11.657,"uA","<=",1,"P",14.8675,***,"",
1,"ILIM_gain_Trim","","ILIM_GAIN_20PIMAX_CODE21",270230,"",1,1,"ITRIP_PS1600",1,"394","","",-36,"<=",-10.602,"uA","<=",-0.001,"P",14.8675,***,"",
1,"ILIM_gain_Trim","","ILIM_GAIN_20PIMAX_CODE22",270240,"",1,1,"ITRIP_PS1600",1,"394","","",-36,"<=",-9.519,"uA","<=",-0.001,"P",14.8675,***,"",
1,"ILIM_gain_Trim","","ILIM_GAIN_20PIMAX_CODE23",270250,"",1,1,"ITRIP_PS1600",1,"394","","",-36,"<=",-8.458,"uA","<=",-0.001,"P",14.8675,***,"",
1,"ILIM_gain_Trim","","ILIM_GAIN_20PIMAX_CODE24",270260,"",1,1,"ITRIP_PS1600",1,"394","","",-36,"<=",-7.436,"uA","<=",-0.001,"P",14.8675,***,"",
1,"ILIM_gain_Trim","","ILIM_GAIN_20PIMAX_CODE25",270270,"",1,1,"ITRIP_PS1600",1,"394","","",-36,"<=",-6.378,"uA","<=",-0.001,"P",14.8675,***,"",
1,"ILIM_gain_Trim","","ILIM_GAIN_20PIMAX_CODE26",270280,"",1,1,"ITRIP_PS1600",1,"394","","",-36,"<=",-5.297,"uA","<=",-0.001,"P",14.8675,***,"",
1,"ILIM_gain_Trim","","ILIM_GAIN_20PIMAX_CODE27",270290,"",1,1,"ITRIP_PS1600",1,"394","","",-36,"<=",-4.236,"uA","<=",-0.001,"P",14.8675,***,"",
1,"ILIM_gain_Trim","","ILIM_GAIN_20PIMAX_CODE28",270300,"",1,1,"ITRIP_PS1600",1,"394","","",-36,"<=",-3.209,"uA","<=",-0.001,"P",14.8675,***,"",
1,"ILIM_gain_Trim","","ILIM_GAIN_20PIMAX_CODE29",270310,"",1,1,"ITRIP_PS1600",1,"394","","",-36,"<=",-2.148,"uA","<=",-0.001,"P",14.8675,***,"",
1,"ILIM_gain_Trim","","ILIM_GAIN_20PIMAX_CODE30",270320,"",1,1,"ITRIP_PS1600",1,"394","","",-36,"<=",-1.065,"uA","<=",-0.001,"P",14.8675,***,"",
1,"ILIM_gain_Trim","","ILIM_GAIN_20PIMAX_CODE31",270330,"",1,1,"ITRIP_PS1600",1,"394","","",-36,"<=",-0.007,"uA","<=",0,"P",14.8675,***,"",
1,"ILIM_gain_Trim","","ILIM_GAIN_TRIM",270010,"",1,1,"ITRIP_PS1600",1,"394","","",0,"<=",12,"Code","<=",31,"P",14.8675,***,"",
1,"ILIM_gain_Trim","","BEST_MEAS_20pIMAX",270660,"",1,1,"ITRIP_PS1600",1,"394","","",-22,"<=",-20.235,"uA","<=",-18,"P",14.8675,***,"",
1,"ILIM_gain_Trim","","BEST_GAIN",270670,"",1,1,"ITRIP_PS1600",1,"394","","",35000,"<=",39535.5,"GAIN","<=",45000,"P",14.8675,***,"",
1,"ISENSE_BlockOffset_Trim_New","","ISNS_MEAS_10mAIOUT_CODE0",310020,"",1,1,"ISEN_PS1600",1,"394","","",-17,"<=",-0.002,"uA","<=",1,"P",14.8668,***,"",
1,"ISENSE_BlockOffset_Trim_New","","ISNS_MEAS_10mAIOUT_CODE1",310030,"",1,1,"ISEN_PS1600",1,"394","","",-17,"<=",-0.002,"uA","<=",1,"P",14.8668,***,"",
1,"ISENSE_BlockOffset_Trim_New","","ISNS_MEAS_10mAIOUT_CODE2",310040,"",1,1,"ISEN_PS1600",1,"394","","",-17,"<=",-0.002,"uA","<=",1,"P",14.8668,***,"",
1,"ISENSE_BlockOffset_Trim_New","","ISNS_MEAS_10mAIOUT_CODE3",310050,"",1,1,"ISEN_PS1600",1,"394","","",-17,"<=",-0.002,"uA","<=",1,"P",14.8668,***,"",
1,"ISENSE_BlockOffset_Trim_New","","ISNS_MEAS_10mAIOUT_CODE4",310060,"",1,1,"ISEN_PS1600",1,"394","","",-17,"<=",-0.002,"uA","<=",1,"P",14.8668,***,"",
1,"ISENSE_BlockOffset_Trim_New","","ISNS_MEAS_10mAIOUT_CODE5",310070,"",1,1,"ISEN_PS1600",1,"394","","",-17,"<=",-0.002,"uA","<=",1,"P",14.8668,***,"",
1,"ISENSE_BlockOffset_Trim_New","","ISNS_MEAS_10mAIOUT_CODE6",310080,"",1,1,"ISEN_PS1600",1,"394","","",-17,"<=",-0.002,"uA","<=",1,"P",14.8668,***,"",
1,"ISENSE_BlockOffset_Trim_New","","ISNS_MEAS_10mAIOUT_CODE7",310090,"",1,1,"ISEN_PS1600",1,"394","","",-17,"<=",-0.001,"uA","<=",1,"P",14.8668,***,"",
1,"ISENSE_BlockOffset_Trim_New","","ISNS_MEAS_10mAIOUT_CODE8",310100,"",1,1,"ISEN_PS1600",1,"394","","",-17,"<=",-0.002,"uA","<=",1,"P",14.8668,***,"",
1,"ISENSE_BlockOffset_Trim_New","","ISNS_MEAS_10mAIOUT_CODE9",310110,"",1,1,"ISEN_PS1600",1,"394","","",-17,"<=",-0.527,"uA","<=",1,"P",14.8668,***,"",
1,"ISENSE_BlockOffset_Trim_New","","ISNS_MEAS_10mAIOUT_CODE10",310120,"",1,1,"ISEN_PS1600",1,"394","","",-17,"<=",-1.708,"uA","<=",1,"P",14.8668,***,"",
1,"ISENSE_BlockOffset_Trim_New","","ISNS_MEAS_10mAIOUT_CODE11",310130,"",1,1,"ISEN_PS1600",1,"394","","",-17,"<=",-2.825,"uA","<=",1,"P",14.8668,***,"",
1,"ISENSE_BlockOffset_Trim_New","","ISNS_MEAS_10mAIOUT_CODE12",310140,"",1,1,"ISEN_PS1600",1,"394","","",-17,"<=",-3.978,"uA","<=",1,"P",14.8668,***,"",
1,"ISENSE_BlockOffset_Trim_New","","ISNS_MEAS_10mAIOUT_CODE13",310150,"",1,1,"ISEN_PS1600",1,"394","","",-17,"<=",-5.147,"uA","<=",1,"P",14.8668,***,"",
1,"ISENSE_BlockOffset_Trim_New","","ISNS_MEAS_10mAIOUT_CODE14",310160,"",1,1,"ISEN_PS1600",1,"394","","",-17,"<=",-6.188,"uA","<=",1,"P",14.8668,***,"",
1,"ISENSE_BlockOffset_Trim_New","","ISNS_MEAS_10mAIOUT_CODE15",310170,"",1,1,"ISEN_PS1600",1,"394","","",-17,"<=",-14.607,"uA","<=",1,"P",14.8668,***,"",
1,"ISENSE_BlockOffset_Trim_New","","ISNS_BLOCK_OFFSET_TRIM",310010,"",1,1,"ISEN_PS1600",1,"394","","",0,"<=",9,"Code","<=",15,"P",14.8668,***,"",
1,"ISENSE_BlockOffset_Trim_New","","BEST_MEAS_10mAIOUT",310350,"",1,1,"ISEN_PS1600",1,"394","","",-1.7,"<=",-0.527,"uA","<=",1.3,"P",14.8668,***,"",
1,"SNS_gain_Trim","","SNS_GAIN_20PIMAX_CODE0",320020,"",1,1,"ISEN_PS1600",1,"394","","",-300,"<=",-255.374,"uA","<=",-90,"P",16.298,***,"",
1,"SNS_gain_Trim","","SNS_GAIN_20PIMAX_CODE1",320030,"",1,1,"ISEN_PS1600",1,"394","","",-300,"<=",-247.34,"uA","<=",-90,"P",16.298,***,"",
1,"SNS_gain_Trim","","SNS_GAIN_20PIMAX_CODE2",320040,"",1,1,"ISEN_PS1600",1,"394","","",-300,"<=",-239.231,"uA","<=",-90,"P",16.298,***,"",
1,"SNS_gain_Trim","","SNS_GAIN_20PIMAX_CODE3",320050,"",1,1,"ISEN_PS1600",1,"394","","",-300,"<=",-231.046,"uA","<=",-90,"P",16.298,***,"",
1,"SNS_gain_Trim","","SNS_GAIN_20PIMAX_CODE4",320060,"",1,1,"ISEN_PS1600",1,"394","","",-300,"<=",-222.734,"uA","<=",-90,"P",16.298,***,"",
1,"SNS_gain_Trim","","SNS_GAIN_20PIMAX_CODE5",320070,"",1,1,"ISEN_PS1600",1,"394","","",-300,"<=",-214.523,"uA","<=",-90,"P",16.298,***,"",
1,"SNS_gain_Trim","","SNS_GAIN_20PIMAX_CODE6",320080,"",1,1,"ISEN_PS1600",1,"394","","",-300,"<=",-206.313,"uA","<=",-90,"P",16.298,***,"",
1,"SNS_gain_Trim","","SNS_GAIN_20PIMAX_CODE7",320090,"",1,1,"ISEN_PS1600",1,"394","","",-300,"<=",-198.128,"uA","<=",-90,"P",16.298,***,"",
1,"SNS_gain_Trim","","SNS_GAIN_20PIMAX_CODE8",320100,"",1,1,"ISEN_PS1600",1,"394","","",-300,"<=",-189.841,"uA","<=",-90,"P",16.298,***,"",
1,"SNS_gain_Trim","","SNS_GAIN_20PIMAX_CODE9",320110,"",1,1,"ISEN_PS1600",1,"394","","",-300,"<=",-181.555,"uA","<=",-90,"P",16.298,***,"",
1,"SNS_gain_Trim","","SNS_GAIN_20PIMAX_CODE10",320120,"",1,1,"ISEN_PS1600",1,"394","","",-300,"<=",-173.446,"uA","<=",-90,"P",16.298,***,"",
1,"SNS_gain_Trim","","SNS_GAIN_20PIMAX_CODE11",320130,"",1,1,"ISEN_PS1600",1,"394","","",-300,"<=",-165.235,"uA","<=",-90,"P",16.298,***,"",
1,"SNS_gain_Trim","","SNS_GAIN_20PIMAX_CODE12",320140,"",1,1,"ISEN_PS1600",1,"394","","",-300,"<=",-156.873,"uA","<=",-90,"P",16.298,***,"",
1,"SNS_gain_Trim","","SNS_GAIN_20PIMAX_CODE13",320150,"",1,1,"ISEN_PS1600",1,"394","","",-300,"<=",-148.662,"uA","<=",-90,"P",16.298,***,"",
1,"SNS_gain_Trim","","SNS_GAIN_20PIMAX_CODE14",320160,"",1,1,"ISEN_PS1600",1,"394","","",-300,"<=",-140.553,"uA","<=",-90,"P",16.298,***,"",
1,"SNS_gain_Trim","","SNS_GAIN_20PIMAX_CODE15",320170,"",1,1,"ISEN_PS1600",1,"394","","",-300,"<=",-132.393,"uA","<=",-90,"P",16.298,***,"",
1,"SNS_gain_Trim","","SNS_GAIN_TRIM",320010,"",1,1,"ISEN_PS1600",1,"394","","",0,"<=",7,"Code","<=",31,"P",16.298,***,"",
1,"SNS_gain_Trim","","BEST_MEAS_20pIMAX",320340,"",1,1,"ISEN_PS1600",1,"394","","",-210,"<=",-198.128,"uA","<=",-190,"P",16.298,***,"",
1,"OC_Delay_Trim","","slice0_Period",630010,"",1,1,"OFF_PS1600",1,"394","","",400,"<=",518.571,"nS","<=",600,"P",1.6249,***,"",
1,"OC_Delay_Trim","","slice1_Period",630020,"",1,1,"OFF_PS1600",1,"394","","",400,"<=",517.778,"nS","<=",600,"P",1.6249,***,"",
1,"OC_Delay_Trim","","slice2_Period",630030,"",1,1,"OFF_PS1600",1,"394","","",400,"<=",518.571,"nS","<=",600,"P",1.6249,***,"",
1,"OC_Delay_Trim","","median",630040,"",1,1,"OFF_PS1600",1,"394","","",400,"<=",518.571,"nS","<=",600,"P",1.6249,***,"",
1,"OC_Delay_Trim","","Count_Number",630050,"",1,1,"OFF_PS1600",1,"394","","",0,"<=",23.1254,"nS","<=",40,"P",1.6249,***,"",
1,"OC_Delay_Trim","","TRIM_CODE",630060,"",1,1,"OFF_PS1600",1,"394","","",0,"<=",7,"Code","<=",15,"P",1.6249,***,"",
1,"EFUSE_REFERENCE_CURRENT_VOLTAGE","","Efuse_Ref_Voltage",620010,"",1,1,"ISEN_PS1600",1,"394","","",1.5,"<=",1.7999,"V","<=",2,"P",0.362824,***,"",
1,"EFUSE_REFERENCE_CURRENT_VOLTAGE","","Efuse_Ref_Current",620020,"",1,1,"ISEN_PS1600",1,"394","","",140,"<=",213.213,"uA","<=",350,"P",0.362824,***,"",
1,"EFUSE_REFERENCE_CURRENT_VOLTAGE","","Efuse_Resistance",620030,"",1,1,"ISEN_PS1600",1,"394","","",100,"<=",380.666,"ohm","<=",1000,"P",0.362824,***,"",
1,"EFUSE_RESISTANCE_MEASUREMENT","","BANKA_EFUSE_RESISTANCE_BIT47",480010,"",1,1,"ISEN_PS1600",1,"394","","",65,"<=",68.2,"ohms","<=",200,"P",77.9915,***,"",
1,"EFUSE_RESISTANCE_MEASUREMENT","","BANKA_EFUSE_RESISTANCE_BIT46",480020,"",1,1,"ISEN_PS1600",1,"394","","",65,"<=",91,"ohms","<=",200,"P",77.9915,***,"",
1,"EFUSE_RESISTANCE_MEASUREMENT","","BANKA_EFUSE_RESISTANCE_BIT45",480030,"",1,1,"ISEN_PS1600",1,"394","","",65,"<=",79.6,"ohms","<=",200,"P",77.9915,***,"",
1,"EFUSE_RESISTANCE_MEASUREMENT","","BANKA_EFUSE_RESISTANCE_BIT44",480040,"",1,1,"ISEN_PS1600",1,"394","","",65,"<=",91,"ohms","<=",200,"P",77.9915,***,"",
1,"EFUSE_RESISTANCE_MEASUREMENT","","BANKA_EFUSE_RESISTANCE_BIT43",480050,"",1,1,"ISEN_PS1600",1,"394","","",65,"<=",79.6,"ohms","<=",200,"P",77.9915,***,"",
1,"EFUSE_RESISTANCE_MEASUREMENT","","BANKA_EFUSE_RESISTANCE_BIT42",480060,"",1,1,"ISEN_PS1600",1,"394","","",65,"<=",79.6,"ohms","<=",200,"P",77.9915,***,"",
1,"EFUSE_RESISTANCE_MEASUREMENT","","BANKA_EFUSE_RESISTANCE_BIT41",480070,"",1,1,"ISEN_PS1600",1,"394","","",65,"<=",91,"ohms","<=",200,"P",77.9915,***,"",
1,"EFUSE_RESISTANCE_MEASUREMENT","","BANKA_EFUSE_RESISTANCE_BIT40",480080,"",1,1,"ISEN_PS1600",1,"394","","",65,"<=",91,"ohms","<=",200,"P",77.9915,***,"",
1,"EFUSE_RESISTANCE_MEASUREMENT","","BANKA_EFUSE_RESISTANCE_BIT39",480090,"",1,1,"ISEN_PS1600",1,"394","","",65,"<=",79.6,"ohms","<=",200,"P",77.9915,***,"",
1,"EFUSE_RESISTANCE_MEASUREMENT","","BANKA_EFUSE_RESISTANCE_BIT38",480100,"",1,1,"ISEN_PS1600",1,"394","","",65,"<=",79.6,"ohms","<=",200,"P",77.9915,***,"",
1,"EFUSE_RESISTANCE_MEASUREMENT","","BANKA_EFUSE_RESISTANCE_BIT37",480110,"",1,1,"ISEN_PS1600",1,"394","","",65,"<=",79.6,"ohms","<=",200,"P",77.9915,***,"",
1,"EFUSE_RESISTANCE_MEASUREMENT","","BANKA_EFUSE_RESISTANCE_BIT36",480120,"",1,1,"ISEN_PS1600",1,"394","","",65,"<=",91,"ohms","<=",200,"P",77.9915,***,"",
1,"EFUSE_RESISTANCE_MEASUREMENT","","BANKA_EFUSE_RESISTANCE_BIT35",480130,"",1,1,"ISEN_PS1600",1,"394","","",65,"<=",91,"ohms","<=",200,"P",77.9915,***,"",
1,"EFUSE_RESISTANCE_MEASUREMENT","","BANKA_EFUSE_RESISTANCE_BIT34",480140,"",1,1,"ISEN_PS1600",1,"394","","",65,"<=",79.6,"ohms","<=",200,"P",77.9915,***,"",
1,"EFUSE_RESISTANCE_MEASUREMENT","","BANKA_EFUSE_RESISTANCE_BIT33",480150,"",1,1,"ISEN_PS1600",1,"394","","",65,"<=",79.6,"ohms","<=",200,"P",77.9915,***,"",
1,"EFUSE_RESISTANCE_MEASUREMENT","","BANKA_EFUSE_RESISTANCE_BIT32",480160,"",1,1,"ISEN_PS1600",1,"394","","",65,"<=",91,"ohms","<=",200,"P",77.9915,***,"",
1,"EFUSE_RESISTANCE_MEASUREMENT","","BANKA_EFUSE_RESISTANCE_BIT31",480170,"",1,1,"ISEN_PS1600",1,"394","","",65,"<=",91,"ohms","<=",200,"P",77.9915,***,"",
1,"EFUSE_RESISTANCE_MEASUREMENT","","BANKA_EFUSE_RESISTANCE_BIT30",480180,"",1,1,"ISEN_PS1600",1,"394","","",65,"<=",91,"ohms","<=",200,"P",77.9915,***,"",
1,"EFUSE_RESISTANCE_MEASUREMENT","","BANKA_EFUSE_RESISTANCE_BIT29",480190,"",1,1,"ISEN_PS1600",1,"394","","",65,"<=",91,"ohms","<=",200,"P",77.9915,***,"",
1,"EFUSE_RESISTANCE_MEASUREMENT","","BANKA_EFUSE_RESISTANCE_BIT28",480200,"",1,1,"ISEN_PS1600",1,"394","","",65,"<=",91,"ohms","<=",200,"P",77.9915,***,"",
1,"EFUSE_RESISTANCE_MEASUREMENT","","BANKA_EFUSE_RESISTANCE_BIT27",480210,"",1,1,"ISEN_PS1600",1,"394","","",65,"<=",79.6,"ohms","<=",200,"P",77.9915,***,"",
1,"EFUSE_RESISTANCE_MEASUREMENT","","BANKA_EFUSE_RESISTANCE_BIT26",480220,"",1,1,"ISEN_PS1600",1,"394","","",65,"<=",79.6,"ohms","<=",200,"P",77.9915,***,"",
1,"EFUSE_RESISTANCE_MEASUREMENT","","BANKA_EFUSE_RESISTANCE_BIT25",480230,"",1,1,"ISEN_PS1600",1,"394","","",65,"<=",79.6,"ohms","<=",200,"P",77.9915,***,"",
1,"EFUSE_RESISTANCE_MEASUREMENT","","BANKA_EFUSE_RESISTANCE_BIT24",480240,"",1,1,"ISEN_PS1600",1,"394","","",65,"<=",91,"ohms","<=",200,"P",77.9915,***,"",
1,"EFUSE_RESISTANCE_MEASUREMENT","","BANKA_EFUSE_RESISTANCE_BIT23",480250,"",1,1,"ISEN_PS1600",1,"394","","",65,"<=",79.6,"ohms","<=",200,"P",77.9915,***,"",
1,"EFUSE_RESISTANCE_MEASUREMENT","","BANKA_EFUSE_RESISTANCE_BIT22",480260,"",1,1,"ISEN_PS1600",1,"394","","",65,"<=",79.6,"ohms","<=",200,"P",77.9915,***,"",
1,"EFUSE_RESISTANCE_MEASUREMENT","","BANKA_EFUSE_RESISTANCE_BIT21",480270,"",1,1,"ISEN_PS1600",1,"394","","",65,"<=",79.6,"ohms","<=",200,"P",77.9915,***,"",
1,"EFUSE_RESISTANCE_MEASUREMENT","","BANKA_EFUSE_RESISTANCE_BIT20",480280,"",1,1,"ISEN_PS1600",1,"394","","",65,"<=",79.6,"ohms","<=",200,"P",77.9915,***,"",
1,"EFUSE_RESISTANCE_MEASUREMENT","","BANKA_EFUSE_RESISTANCE_BIT19",480290,"",1,1,"ISEN_PS1600",1,"394","","",65,"<=",79.6,"ohms","<=",200,"P",77.9915,***,"",
1,"EFUSE_RESISTANCE_MEASUREMENT","","BANKA_EFUSE_RESISTANCE_BIT18",480300,"",1,1,"ISEN_PS1600",1,"394","","",65,"<=",91,"ohms","<=",200,"P",77.9915,***,"",
1,"EFUSE_RESISTANCE_MEASUREMENT","","BANKA_EFUSE_RESISTANCE_BIT17",480310,"",1,1,"ISEN_PS1600",1,"394","","",65,"<=",91,"ohms","<=",200,"P",77.9915,***,"",
1,"EFUSE_RESISTANCE_MEASUREMENT","","BANKA_EFUSE_RESISTANCE_BIT16",480320,"",1,1,"ISEN_PS1600",1,"394","","",65,"<=",79.6,"ohms","<=",200,"P",77.9915,***,"",
1,"EFUSE_RESISTANCE_MEASUREMENT","","BANKA_EFUSE_RESISTANCE_BIT15",480330,"",1,1,"ISEN_PS1600",1,"394","","",65,"<=",91,"ohms","<=",200,"P",77.9915,***,"",
1,"EFUSE_RESISTANCE_MEASUREMENT","","BANKA_EFUSE_RESISTANCE_BIT14",480340,"",1,1,"ISEN_PS1600",1,"394","","",65,"<=",91,"ohms","<=",200,"P",77.9915,***,"",
1,"EFUSE_RESISTANCE_MEASUREMENT","","BANKA_EFUSE_RESISTANCE_BIT13",480350,"",1,1,"ISEN_PS1600",1,"394","","",65,"<=",91,"ohms","<=",200,"P",77.9915,***,"",
1,"EFUSE_RESISTANCE_MEASUREMENT","","BANKA_EFUSE_RESISTANCE_BIT12",480360,"",1,1,"ISEN_PS1600",1,"394","","",65,"<=",91,"ohms","<=",200,"P",77.9915,***,"",
1,"EFUSE_RESISTANCE_MEASUREMENT","","BANKA_EFUSE_RESISTANCE_BIT11",480370,"",1,1,"ISEN_PS1600",1,"394","","",65,"<=",91,"ohms","<=",200,"P",77.9915,***,"",
1,"EFUSE_RESISTANCE_MEASUREMENT","","BANKA_EFUSE_RESISTANCE_BIT10",480380,"",1,1,"ISEN_PS1600",1,"394","","",65,"<=",79.6,"ohms","<=",200,"P",77.9915,***,"",
1,"EFUSE_RESISTANCE_MEASUREMENT","","BANKA_EFUSE_RESISTANCE_BIT9",480390,"",1,1,"ISEN_PS1600",1,"394","","",65,"<=",91,"ohms","<=",200,"P",77.9915,***,"",
1,"EFUSE_RESISTANCE_MEASUREMENT","","BANKA_EFUSE_RESISTANCE_BIT8",480400,"",1,1,"ISEN_PS1600",1,"394","","",65,"<=",79.6,"ohms","<=",200,"P",77.9915,***,"",
1,"EFUSE_RESISTANCE_MEASUREMENT","","BANKA_EFUSE_RESISTANCE_BIT7",480410,"",1,1,"ISEN_PS1600",1,"394","","",65,"<=",91,"ohms","<=",200,"P",77.9915,***,"",
1,"EFUSE_RESISTANCE_MEASUREMENT","","BANKA_EFUSE_RESISTANCE_BIT6",480420,"",1,1,"ISEN_PS1600",1,"394","","",65,"<=",91,"ohms","<=",200,"P",77.9915,***,"",
1,"EFUSE_RESISTANCE_MEASUREMENT","","BANKA_EFUSE_RESISTANCE_BIT5",480430,"",1,1,"ISEN_PS1600",1,"394","","",65,"<=",79.6,"ohms","<=",200,"P",77.9915,***,"",
1,"EFUSE_RESISTANCE_MEASUREMENT","","BANKA_EFUSE_RESISTANCE_BIT4",480440,"",1,1,"ISEN_PS1600",1,"394","","",65,"<=",91,"ohms","<=",200,"P",77.9915,***,"",
1,"EFUSE_RESISTANCE_MEASUREMENT","","BANKA_EFUSE_RESISTANCE_BIT3",480450,"",1,1,"ISEN_PS1600",1,"394","","",65,"<=",79.6,"ohms","<=",200,"P",77.9915,***,"",
1,"EFUSE_RESISTANCE_MEASUREMENT","","BANKA_EFUSE_RESISTANCE_BIT2",480460,"",1,1,"ISEN_PS1600",1,"394","","",65,"<=",79.6,"ohms","<=",200,"P",77.9915,***,"",
1,"EFUSE_RESISTANCE_MEASUREMENT","","BANKA_EFUSE_RESISTANCE_BIT1",480470,"",1,1,"ISEN_PS1600",1,"394","","",65,"<=",79.6,"ohms","<=",200,"P",77.9915,***,"",
1,"EFUSE_RESISTANCE_MEASUREMENT","","BANKA_EFUSE_RESISTANCE_BIT0",480480,"",1,1,"ISEN_PS1600",1,"394","","",65,"<=",79.6,"ohms","<=",200,"P",77.9915,***,"",
1,"EFUSE_RESISTANCE_MEASUREMENT","","BANKB_EFUSE_RESISTANCE_BIT47",480490,"",1,1,"ISEN_PS1600",1,"394","","",65,"<=",79.6,"ohms","<=",200,"P",77.9915,***,"",
1,"EFUSE_RESISTANCE_MEASUREMENT","","BANKB_EFUSE_RESISTANCE_BIT46",480500,"",1,1,"ISEN_PS1600",1,"394","","",65,"<=",91,"ohms","<=",200,"P",77.9915,***,"",
1,"EFUSE_RESISTANCE_MEASUREMENT","","BANKB_EFUSE_RESISTANCE_BIT45",480510,"",1,1,"ISEN_PS1600",1,"394","","",65,"<=",79.6,"ohms","<=",200,"P",77.9915,***,"",
1,"EFUSE_RESISTANCE_MEASUREMENT","","BANKB_EFUSE_RESISTANCE_BIT44",480520,"",1,1,"ISEN_PS1600",1,"394","","",65,"<=",79.6,"ohms","<=",200,"P",77.9915,***,"",
1,"EFUSE_RESISTANCE_MEASUREMENT","","BANKB_EFUSE_RESISTANCE_BIT43",480530,"",1,1,"ISEN_PS1600",1,"394","","",65,"<=",79.6,"ohms","<=",200,"P",77.9915,***,"",
1,"EFUSE_RESISTANCE_MEASUREMENT","","BANKB_EFUSE_RESISTANCE_BIT42",480540,"",1,1,"ISEN_PS1600",1,"394","","",65,"<=",79.6,"ohms","<=",200,"P",77.9915,***,"",
1,"EFUSE_RESISTANCE_MEASUREMENT","","BANKB_EFUSE_RESISTANCE_BIT41",480550,"",1,1,"ISEN_PS1600",1,"394","","",65,"<=",79.6,"ohms","<=",200,"P",77.9915,***,"",
1,"EFUSE_RESISTANCE_MEASUREMENT","","BANKB_EFUSE_RESISTANCE_BIT40",480560,"",1,1,"ISEN_PS1600",1,"394","","",65,"<=",79.6,"ohms","<=",200,"P",77.9915,***,"",
1,"EFUSE_RESISTANCE_MEASUREMENT","","BANKB_EFUSE_RESISTANCE_BIT39",480570,"",1,1,"ISEN_PS1600",1,"394","","",65,"<=",68.2,"ohms","<=",200,"P",77.9915,***,"",
1,"EFUSE_RESISTANCE_MEASUREMENT","","BANKB_EFUSE_RESISTANCE_BIT38",480580,"",1,1,"ISEN_PS1600",1,"394","","",65,"<=",91,"ohms","<=",200,"P",77.9915,***,"",
1,"EFUSE_RESISTANCE_MEASUREMENT","","BANKB_EFUSE_RESISTANCE_BIT37",480590,"",1,1,"ISEN_PS1600",1,"394","","",65,"<=",79.6,"ohms","<=",200,"P",77.9915,***,"",
1,"EFUSE_RESISTANCE_MEASUREMENT","","BANKB_EFUSE_RESISTANCE_BIT36",480600,"",1,1,"ISEN_PS1600",1,"394","","",65,"<=",79.6,"ohms","<=",200,"P",77.9915,***,"",
1,"EFUSE_RESISTANCE_MEASUREMENT","","BANKB_EFUSE_RESISTANCE_BIT35",480610,"",1,1,"ISEN_PS1600",1,"394","","",65,"<=",79.6,"ohms","<=",200,"P",77.9915,***,"",
1,"EFUSE_RESISTANCE_MEASUREMENT","","BANKB_EFUSE_RESISTANCE_BIT34",480620,"",1,1,"ISEN_PS1600",1,"394","","",65,"<=",79.6,"ohms","<=",200,"P",77.9915,***,"",
1,"EFUSE_RESISTANCE_MEASUREMENT","","BANKB_EFUSE_RESISTANCE_BIT33",480630,"",1,1,"ISEN_PS1600",1,"394","","",65,"<=",91,"ohms","<=",200,"P",77.9915,***,"",
1,"EFUSE_RESISTANCE_MEASUREMENT","","BANKB_EFUSE_RESISTANCE_BIT32",480640,"",1,1,"ISEN_PS1600",1,"394","","",65,"<=",91,"ohms","<=",200,"P",77.9915,***,"",
1,"EFUSE_RESISTANCE_MEASUREMENT","","BANKB_EFUSE_RESISTANCE_BIT31",480650,"",1,1,"ISEN_PS1600",1,"394","","",65,"<=",91,"ohms","<=",200,"P",77.9915,***,"",
1,"EFUSE_RESISTANCE_MEASUREMENT","","BANKB_EFUSE_RESISTANCE_BIT30",480660,"",1,1,"ISEN_PS1600",1,"394","","",65,"<=",91,"ohms","<=",200,"P",77.9915,***,"",
1,"EFUSE_RESISTANCE_MEASUREMENT","","BANKB_EFUSE_RESISTANCE_BIT29",480670,"",1,1,"ISEN_PS1600",1,"394","","",65,"<=",91,"ohms","<=",200,"P",77.9915,***,"",
1,"EFUSE_RESISTANCE_MEASUREMENT","","BANKB_EFUSE_RESISTANCE_BIT28",480680,"",1,1,"ISEN_PS1600",1,"394","","",65,"<=",91,"ohms","<=",200,"P",77.9915,***,"",
1,"EFUSE_RESISTANCE_MEASUREMENT","","BANKB_EFUSE_RESISTANCE_BIT27",480690,"",1,1,"ISEN_PS1600",1,"394","","",65,"<=",79.6,"ohms","<=",200,"P",77.9915,***,"",
1,"EFUSE_RESISTANCE_MEASUREMENT","","BANKB_EFUSE_RESISTANCE_BIT26",480700,"",1,1,"ISEN_PS1600",1,"394","","",65,"<=",79.6,"ohms","<=",200,"P",77.9915,***,"",
1,"EFUSE_RESISTANCE_MEASUREMENT","","BANKB_EFUSE_RESISTANCE_BIT25",480710,"",1,1,"ISEN_PS1600",1,"394","","",65,"<=",91,"ohms","<=",200,"P",77.9915,***,"",
1,"EFUSE_RESISTANCE_MEASUREMENT","","BANKB_EFUSE_RESISTANCE_BIT24",480720,"",1,1,"ISEN_PS1600",1,"394","","",65,"<=",91,"ohms","<=",200,"P",77.9915,***,"",
1,"EFUSE_RESISTANCE_MEASUREMENT","","BANKB_EFUSE_RESISTANCE_BIT23",480730,"",1,1,"ISEN_PS1600",1,"394","","",65,"<=",91,"ohms","<=",200,"P",77.9915,***,"",
1,"EFUSE_RESISTANCE_MEASUREMENT","","BANKB_EFUSE_RESISTANCE_BIT22",480740,"",1,1,"ISEN_PS1600",1,"394","","",65,"<=",91,"ohms","<=",200,"P",77.9915,***,"",
1,"EFUSE_RESISTANCE_MEASUREMENT","","BANKB_EFUSE_RESISTANCE_BIT21",480750,"",1,1,"ISEN_PS1600",1,"394","","",65,"<=",91,"ohms","<=",200,"P",77.9915,***,"",
1,"EFUSE_RESISTANCE_MEASUREMENT","","BANKB_EFUSE_RESISTANCE_BIT20",480760,"",1,1,"ISEN_PS1600",1,"394","","",65,"<=",79.6,"ohms","<=",200,"P",77.9915,***,"",
1,"EFUSE_RESISTANCE_MEASUREMENT","","BANKB_EFUSE_RESISTANCE_BIT19",480770,"",1,1,"ISEN_PS1600",1,"394","","",65,"<=",91,"ohms","<=",200,"P",77.9915,***,"",
1,"EFUSE_RESISTANCE_MEASUREMENT","","BANKB_EFUSE_RESISTANCE_BIT18",480780,"",1,1,"ISEN_PS1600",1,"394","","",65,"<=",79.6,"ohms","<=",200,"P",77.9915,***,"",
1,"EFUSE_RESISTANCE_MEASUREMENT","","BANKB_EFUSE_RESISTANCE_BIT17",480790,"",1,1,"ISEN_PS1600",1,"394","","",65,"<=",79.6,"ohms","<=",200,"P",77.9915,***,"",
1,"EFUSE_RESISTANCE_MEASUREMENT","","BANKB_EFUSE_RESISTANCE_BIT16",480800,"",1,1,"ISEN_PS1600",1,"394","","",65,"<=",79.6,"ohms","<=",200,"P",77.9915,***,"",
1,"EFUSE_RESISTANCE_MEASUREMENT","","BANKB_EFUSE_RESISTANCE_BIT15",480810,"",1,1,"ISEN_PS1600",1,"394","","",65,"<=",79.6,"ohms","<=",200,"P",77.9915,***,"",
1,"EFUSE_RESISTANCE_MEASUREMENT","","BANKB_EFUSE_RESISTANCE_BIT14",480820,"",1,1,"ISEN_PS1600",1,"394","","",65,"<=",91,"ohms","<=",200,"P",77.9915,***,"",
1,"EFUSE_RESISTANCE_MEASUREMENT","","BANKB_EFUSE_RESISTANCE_BIT13",480830,"",1,1,"ISEN_PS1600",1,"394","","",65,"<=",79.6,"ohms","<=",200,"P",77.9915,***,"",
1,"EFUSE_RESISTANCE_MEASUREMENT","","BANKB_EFUSE_RESISTANCE_BIT12",480840,"",1,1,"ISEN_PS1600",1,"394","","",65,"<=",79.6,"ohms","<=",200,"P",77.9915,***,"",
1,"EFUSE_RESISTANCE_MEASUREMENT","","BANKB_EFUSE_RESISTANCE_BIT11",480850,"",1,1,"ISEN_PS1600",1,"394","","",65,"<=",79.6,"ohms","<=",200,"P",77.9915,***,"",
1,"EFUSE_RESISTANCE_MEASUREMENT","","BANKB_EFUSE_RESISTANCE_BIT10",480860,"",1,1,"ISEN_PS1600",1,"394","","",65,"<=",91,"ohms","<=",200,"P",77.9915,***,"",
1,"EFUSE_RESISTANCE_MEASUREMENT","","BANKB_EFUSE_RESISTANCE_BIT9",480870,"",1,1,"ISEN_PS1600",1,"394","","",65,"<=",79.6,"ohms","<=",200,"P",77.9915,***,"",
1,"EFUSE_RESISTANCE_MEASUREMENT","","BANKB_EFUSE_RESISTANCE_BIT8",480880,"",1,1,"ISEN_PS1600",1,"394","","",65,"<=",91,"ohms","<=",200,"P",77.9915,***,"",
1,"EFUSE_RESISTANCE_MEASUREMENT","","BANKB_EFUSE_RESISTANCE_BIT7",480890,"",1,1,"ISEN_PS1600",1,"394","","",65,"<=",91,"ohms","<=",200,"P",77.9915,***,"",
1,"EFUSE_RESISTANCE_MEASUREMENT","","BANKB_EFUSE_RESISTANCE_BIT6",480900,"",1,1,"ISEN_PS1600",1,"394","","",65,"<=",91,"ohms","<=",200,"P",77.9915,***,"",
1,"EFUSE_RESISTANCE_MEASUREMENT","","BANKB_EFUSE_RESISTANCE_BIT5",480910,"",1,1,"ISEN_PS1600",1,"394","","",65,"<=",79.6,"ohms","<=",200,"P",77.9915,***,"",
1,"EFUSE_RESISTANCE_MEASUREMENT","","BANKB_EFUSE_RESISTANCE_BIT4",480920,"",1,1,"ISEN_PS1600",1,"394","","",65,"<=",79.6,"ohms","<=",200,"P",77.9915,***,"",
1,"EFUSE_RESISTANCE_MEASUREMENT","","BANKB_EFUSE_RESISTANCE_BIT3",480930,"",1,1,"ISEN_PS1600",1,"394","","",65,"<=",79.6,"ohms","<=",200,"P",77.9915,***,"",
1,"EFUSE_RESISTANCE_MEASUREMENT","","BANKB_EFUSE_RESISTANCE_BIT2",480940,"",1,1,"ISEN_PS1600",1,"394","","",65,"<=",79.6,"ohms","<=",200,"P",77.9915,***,"",
1,"EFUSE_RESISTANCE_MEASUREMENT","","BANKB_EFUSE_RESISTANCE_BIT1",480950,"",1,1,"ISEN_PS1600",1,"394","","",65,"<=",79.6,"ohms","<=",200,"P",77.9915,***,"",
1,"EFUSE_RESISTANCE_MEASUREMENT","","BANKB_EFUSE_RESISTANCE_BIT0",480960,"",1,1,"ISEN_PS1600",1,"394","","",65,"<=",79.6,"ohms","<=",200,"P",77.9915,***,"",
1,"PRE_BURN_PASS_FET_LEAKAGE","","PRE_Forward_Leakage_FET",470010,"",1,1,"ISEN_PS1600",1,"394","","",-20,"<=",-1,"nA","<=",20,"P",0.508017,***,"",
1,"PRE_BURN_PASS_FET_LEAKAGE","","PRE_Reverse_Leakage_FET",470020,"",1,1,"ISEN_PS1600",1,"394","","",-20,"<=",-2,"nA","<=",20,"P",0.508017,***,"",
1,"EFUSE_BURN","","EFUSE_BURN_DONE",850010,"",1,1,"@",1,"394","","",1,"<=",1,"","<=",1,"P",51.4727,***,"",
1,"eFUSE_burn_readmargin","","BANKA_READMARGIN_UNBLOWN_BIT_0",430010,"",1,1,"OFF_PS1600",1,"394","","",0,"<=",0,"","<=",0,"P",141.581,***,"",
1,"eFUSE_burn_readmargin","","BANKA_UNBURN_BIT_0",430490,"",1,1,"OFF_PS1600",1,"394","","",0,"<=",0,"","<=",0,"P",141.581,***,"",
1,"eFUSE_burn_readmargin","","BANKA_BIT_UNBLOWN_TRUE_0",430970,"",1,1,"OFF_PS1600",1,"394","","",1,"<=",1,"","<=",1,"P",141.581,***,"",
1,"eFUSE_burn_readmargin","","BANKA_READMARGIN_UNBLOWN_BIT_1",430020,"",1,1,"OFF_PS1600",1,"394","","",0,"<=",0,"","<=",0,"P",141.581,***,"",
1,"eFUSE_burn_readmargin","","BANKA_UNBURN_BIT_1",430500,"",1,1,"OFF_PS1600",1,"394","","",0,"<=",0,"","<=",0,"P",141.581,***,"",
1,"eFUSE_burn_readmargin","","BANKA_BIT_UNBLOWN_TRUE_1",430980,"",1,1,"OFF_PS1600",1,"394","","",1,"<=",1,"","<=",1,"P",141.581,***,"",
1,"eFUSE_burn_readmargin","","BANKA_READMARGIN_UNBLOWN_BIT_2",430030,"",1,1,"OFF_PS1600",1,"394","","",0,"<=",0,"","<=",0,"P",141.581,***,"",
1,"eFUSE_burn_readmargin","","BANKA_UNBURN_BIT_2",430510,"",1,1,"OFF_PS1600",1,"394","","",0,"<=",0,"","<=",0,"P",141.581,***,"",
1,"eFUSE_burn_readmargin","","BANKA_BIT_UNBLOWN_TRUE_2",430990,"",1,1,"OFF_PS1600",1,"394","","",1,"<=",1,"","<=",1,"P",141.581,***,"",
1,"eFUSE_burn_readmargin","","BANKA_READMARGIN_UNBLOWN_BIT_3",430040,"",1,1,"OFF_PS1600",1,"394","","",0,"<=",0,"","<=",0,"P",141.581,***,"",
1,"eFUSE_burn_readmargin","","BANKA_UNBURN_BIT_3",430520,"",1,1,"OFF_PS1600",1,"394","","",0,"<=",0,"","<=",0,"P",141.581,***,"",
1,"eFUSE_burn_readmargin","","BANKA_BIT_UNBLOWN_TRUE_3",431000,"",1,1,"OFF_PS1600",1,"394","","",1,"<=",1,"","<=",1,"P",141.581,***,"",
1,"eFUSE_burn_readmargin","","BANKA_READMARGIN_UNBLOWN_BIT_4",430050,"",1,1,"OFF_PS1600",1,"394","","",0,"<=",0,"","<=",0,"P",141.581,***,"",
1,"eFUSE_burn_readmargin","","BANKA_UNBURN_BIT_4",430530,"",1,1,"OFF_PS1600",1,"394","","",0,"<=",0,"","<=",0,"P",141.581,***,"",
1,"eFUSE_burn_readmargin","","BANKA_BIT_UNBLOWN_TRUE_4",431010,"",1,1,"OFF_PS1600",1,"394","","",1,"<=",1,"","<=",1,"P",141.581,***,"",
1,"eFUSE_burn_readmargin","","BANKA_READMARGIN_BLOWN_BIT_5",530060,"",1,1,"OFF_PS1600",1,"394","","",1,"<=",1,"","<=",1,"P",141.581,***,"",
1,"eFUSE_burn_readmargin","","BANKA_BURN_BIT_5",530540,"",1,1,"OFF_PS1600",1,"394","","",1,"<=",1,"","<=",1,"P",141.581,***,"",
1,"eFUSE_burn_readmargin","","BANKA_BIT_BLOWN_TRUE_5",531020,"",1,1,"OFF_PS1600",1,"394","","",1,"<=",1,"","<=",1,"P",141.581,***,"",
1,"eFUSE_burn_readmargin","","BANKA_READMARGIN_UNBLOWN_BIT_6",430070,"",1,1,"OFF_PS1600",1,"394","","",0,"<=",0,"","<=",0,"P",141.581,***,"",
1,"eFUSE_burn_readmargin","","BANKA_UNBURN_BIT_6",430550,"",1,1,"OFF_PS1600",1,"394","","",0,"<=",0,"","<=",0,"P",141.581,***,"",
1,"eFUSE_burn_readmargin","","BANKA_BIT_UNBLOWN_TRUE_6",431030,"",1,1,"OFF_PS1600",1,"394","","",1,"<=",1,"","<=",1,"P",141.581,***,"",
1,"eFUSE_burn_readmargin","","BANKA_READMARGIN_BLOWN_BIT_7",530080,"",1,1,"OFF_PS1600",1,"394","","",1,"<=",1,"","<=",1,"P",141.581,***,"",
1,"eFUSE_burn_readmargin","","BANKA_BURN_BIT_7",530560,"",1,1,"OFF_PS1600",1,"394","","",1,"<=",1,"","<=",1,"P",141.581,***,"",
1,"eFUSE_burn_readmargin","","BANKA_BIT_BLOWN_TRUE_7",531040,"",1,1,"OFF_PS1600",1,"394","","",1,"<=",1,"","<=",1,"P",141.581,***,"",
1,"eFUSE_burn_readmargin","","BANKA_READMARGIN_BLOWN_BIT_8",530090,"",1,1,"OFF_PS1600",1,"394","","",1,"<=",1,"","<=",1,"P",141.581,***,"",
1,"eFUSE_burn_readmargin","","BANKA_BURN_BIT_8",530570,"",1,1,"OFF_PS1600",1,"394","","",1,"<=",1,"","<=",1,"P",141.581,***,"",
1,"eFUSE_burn_readmargin","","BANKA_BIT_BLOWN_TRUE_8",531050,"",1,1,"OFF_PS1600",1,"394","","",1,"<=",1,"","<=",1,"P",141.581,***,"",
1,"eFUSE_burn_readmargin","","BANKA_READMARGIN_BLOWN_BIT_9",530100,"",1,1,"OFF_PS1600",1,"394","","",1,"<=",1,"","<=",1,"P",141.581,***,"",
1,"eFUSE_burn_readmargin","","BANKA_BURN_BIT_9",530580,"",1,1,"OFF_PS1600",1,"394","","",1,"<=",1,"","<=",1,"P",141.581,***,"",
1,"eFUSE_burn_readmargin","","BANKA_BIT_BLOWN_TRUE_9",531060,"",1,1,"OFF_PS1600",1,"394","","",1,"<=",1,"","<=",1,"P",141.581,***,"",
1,"eFUSE_burn_readmargin","","BANKA_READMARGIN_UNBLOWN_BIT_10",430110,"",1,1,"OFF_PS1600",1,"394","","",0,"<=",0,"","<=",0,"P",141.581,***,"",
1,"eFUSE_burn_readmargin","","BANKA_UNBURN_BIT_10",430590,"",1,1,"OFF_PS1600",1,"394","","",0,"<=",0,"","<=",0,"P",141.581,***,"",
1,"eFUSE_burn_readmargin","","BANKA_BIT_UNBLOWN_TRUE_10",431070,"",1,1,"OFF_PS1600",1,"394","","",1,"<=",1,"","<=",1,"P",141.581,***,"",
1,"eFUSE_burn_readmargin","","BANKA_READMARGIN_BLOWN_BIT_11",530120,"",1,1,"OFF_PS1600",1,"394","","",1,"<=",1,"","<=",1,"P",141.581,***,"",
1,"eFUSE_burn_readmargin","","BANKA_BURN_BIT_11",530600,"",1,1,"OFF_PS1600",1,"394","","",1,"<=",1,"","<=",1,"P",141.581,***,"",
1,"eFUSE_burn_readmargin","","BANKA_BIT_BLOWN_TRUE_11",531080,"",1,1,"OFF_PS1600",1,"394","","",1,"<=",1,"","<=",1,"P",141.581,***,"",
1,"eFUSE_burn_readmargin","","BANKA_READMARGIN_UNBLOWN_BIT_12",430130,"",1,1,"OFF_PS1600",1,"394","","",0,"<=",0,"","<=",0,"P",141.581,***,"",
1,"eFUSE_burn_readmargin","","BANKA_UNBURN_BIT_12",430610,"",1,1,"OFF_PS1600",1,"394","","",0,"<=",0,"","<=",0,"P",141.581,***,"",
1,"eFUSE_burn_readmargin","","BANKA_BIT_UNBLOWN_TRUE_12",431090,"",1,1,"OFF_PS1600",1,"394","","",1,"<=",1,"","<=",1,"P",141.581,***,"",
1,"eFUSE_burn_readmargin","","BANKA_READMARGIN_UNBLOWN_BIT_13",430140,"",1,1,"OFF_PS1600",1,"394","","",0,"<=",0,"","<=",0,"P",141.581,***,"",
1,"eFUSE_burn_readmargin","","BANKA_UNBURN_BIT_13",430620,"",1,1,"OFF_PS1600",1,"394","","",0,"<=",0,"","<=",0,"P",141.581,***,"",
1,"eFUSE_burn_readmargin","","BANKA_BIT_UNBLOWN_TRUE_13",431100,"",1,1,"OFF_PS1600",1,"394","","",1,"<=",1,"","<=",1,"P",141.581,***,"",
1,"eFUSE_burn_readmargin","","BANKA_READMARGIN_BLOWN_BIT_14",530150,"",1,1,"OFF_PS1600",1,"394","","",1,"<=",1,"","<=",1,"P",141.581,***,"",
1,"eFUSE_burn_readmargin","","BANKA_BURN_BIT_14",530630,"",1,1,"OFF_PS1600",1,"394","","",1,"<=",1,"","<=",1,"P",141.581,***,"",
1,"eFUSE_burn_readmargin","","BANKA_BIT_BLOWN_TRUE_14",531110,"",1,1,"OFF_PS1600",1,"394","","",1,"<=",1,"","<=",1,"P",141.581,***,"",
1,"eFUSE_burn_readmargin","","BANKA_READMARGIN_BLOWN_BIT_15",530160,"",1,1,"OFF_PS1600",1,"394","","",1,"<=",1,"","<=",1,"P",141.581,***,"",
1,"eFUSE_burn_readmargin","","BANKA_BURN_BIT_15",530640,"",1,1,"OFF_PS1600",1,"394","","",1,"<=",1,"","<=",1,"P",141.581,***,"",
1,"eFUSE_burn_readmargin","","BANKA_BIT_BLOWN_TRUE_15",531120,"",1,1,"OFF_PS1600",1,"394","","",1,"<=",1,"","<=",1,"P",141.581,***,"",
1,"eFUSE_burn_readmargin","","BANKA_READMARGIN_BLOWN_BIT_16",530170,"",1,1,"OFF_PS1600",1,"394","","",1,"<=",1,"","<=",1,"P",141.581,***,"",
1,"eFUSE_burn_readmargin","","BANKA_BURN_BIT_16",530650,"",1,1,"OFF_PS1600",1,"394","","",1,"<=",1,"","<=",1,"P",141.581,***,"",
1,"eFUSE_burn_readmargin","","BANKA_BIT_BLOWN_TRUE_16",531130,"",1,1,"OFF_PS1600",1,"394","","",1,"<=",1,"","<=",1,"P",141.581,***,"",
1,"eFUSE_burn_readmargin","","BANKA_READMARGIN_BLOWN_BIT_17",530180,"",1,1,"OFF_PS1600",1,"394","","",1,"<=",1,"","<=",1,"P",141.581,***,"",
1,"eFUSE_burn_readmargin","","BANKA_BURN_BIT_17",530660,"",1,1,"OFF_PS1600",1,"394","","",1,"<=",1,"","<=",1,"P",141.581,***,"",
1,"eFUSE_burn_readmargin","","BANKA_BIT_BLOWN_TRUE_17",531140,"",1,1,"OFF_PS1600",1,"394","","",1,"<=",1,"","<=",1,"P",141.581,***,"",
1,"eFUSE_burn_readmargin","","BANKA_READMARGIN_UNBLOWN_BIT_18",430190,"",1,1,"OFF_PS1600",1,"394","","",0,"<=",0,"","<=",0,"P",141.581,***,"",
1,"eFUSE_burn_readmargin","","BANKA_UNBURN_BIT_18",430670,"",1,1,"OFF_PS1600",1,"394","","",0,"<=",0,"","<=",0,"P",141.581,***,"",
1,"eFUSE_burn_readmargin","","BANKA_BIT_UNBLOWN_TRUE_18",431150,"",1,1,"OFF_PS1600",1,"394","","",1,"<=",1,"","<=",1,"P",141.581,***,"",
1,"eFUSE_burn_readmargin","","BANKA_READMARGIN_UNBLOWN_BIT_19",430200,"",1,1,"OFF_PS1600",1,"394","","",0,"<=",0,"","<=",0,"P",141.581,***,"",
1,"eFUSE_burn_readmargin","","BANKA_UNBURN_BIT_19",430680,"",1,1,"OFF_PS1600",1,"394","","",0,"<=",0,"","<=",0,"P",141.581,***,"",
1,"eFUSE_burn_readmargin","","BANKA_BIT_UNBLOWN_TRUE_19",431160,"",1,1,"OFF_PS1600",1,"394","","",1,"<=",1,"","<=",1,"P",141.581,***,"",
1,"eFUSE_burn_readmargin","","BANKA_READMARGIN_UNBLOWN_BIT_20",430210,"",1,1,"OFF_PS1600",1,"394","","",0,"<=",0,"","<=",0,"P",141.581,***,"",
1,"eFUSE_burn_readmargin","","BANKA_UNBURN_BIT_20",430690,"",1,1,"OFF_PS1600",1,"394","","",0,"<=",0,"","<=",0,"P",141.581,***,"",
1,"eFUSE_burn_readmargin","","BANKA_BIT_UNBLOWN_TRUE_20",431170,"",1,1,"OFF_PS1600",1,"394","","",1,"<=",1,"","<=",1,"P",141.581,***,"",
1,"eFUSE_burn_readmargin","","BANKA_READMARGIN_UNBLOWN_BIT_21",430220,"",1,1,"OFF_PS1600",1,"394","","",0,"<=",0,"","<=",0,"P",141.581,***,"",
1,"eFUSE_burn_readmargin","","BANKA_UNBURN_BIT_21",430700,"",1,1,"OFF_PS1600",1,"394","","",0,"<=",0,"","<=",0,"P",141.581,***,"",
1,"eFUSE_burn_readmargin","","BANKA_BIT_UNBLOWN_TRUE_21",431180,"",1,1,"OFF_PS1600",1,"394","","",1,"<=",1,"","<=",1,"P",141.581,***,"",
1,"eFUSE_burn_readmargin","","BANKA_READMARGIN_UNBLOWN_BIT_22",430230,"",1,1,"OFF_PS1600",1,"394","","",0,"<=",0,"","<=",0,"P",141.581,***,"",
1,"eFUSE_burn_readmargin","","BANKA_UNBURN_BIT_22",430710,"",1,1,"OFF_PS1600",1,"394","","",0,"<=",0,"","<=",0,"P",141.581,***,"",
1,"eFUSE_burn_readmargin","","BANKA_BIT_UNBLOWN_TRUE_22",431190,"",1,1,"OFF_PS1600",1,"394","","",1,"<=",1,"","<=",1,"P",141.581,***,"",
1,"eFUSE_burn_readmargin","","BANKA_READMARGIN_UNBLOWN_BIT_23",430240,"",1,1,"OFF_PS1600",1,"394","","",0,"<=",0,"","<=",0,"P",141.581,***,"",
1,"eFUSE_burn_readmargin","","BANKA_UNBURN_BIT_23",430720,"",1,1,"OFF_PS1600",1,"394","","",0,"<=",0,"","<=",0,"P",141.581,***,"",
1,"eFUSE_burn_readmargin","","BANKA_BIT_UNBLOWN_TRUE_23",431200,"",1,1,"OFF_PS1600",1,"394","","",1,"<=",1,"","<=",1,"P",141.581,***,"",
1,"eFUSE_burn_readmargin","","BANKA_READMARGIN_UNBLOWN_BIT_24",430250,"",1,1,"OFF_PS1600",1,"394","","",0,"<=",0,"","<=",0,"P",141.581,***,"",
1,"eFUSE_burn_readmargin","","BANKA_UNBURN_BIT_24",430730,"",1,1,"OFF_PS1600",1,"394","","",0,"<=",0,"","<=",0,"P",141.581,***,"",
1,"eFUSE_burn_readmargin","","BANKA_BIT_UNBLOWN_TRUE_24",431210,"",1,1,"OFF_PS1600",1,"394","","",1,"<=",1,"","<=",1,"P",141.581,***,"",
1,"eFUSE_burn_readmargin","","BANKA_READMARGIN_UNBLOWN_BIT_25",430260,"",1,1,"OFF_PS1600",1,"394","","",0,"<=",0,"","<=",0,"P",141.581,***,"",
1,"eFUSE_burn_readmargin","","BANKA_UNBURN_BIT_25",430740,"",1,1,"OFF_PS1600",1,"394","","",0,"<=",0,"","<=",0,"P",141.581,***,"",
1,"eFUSE_burn_readmargin","","BANKA_BIT_UNBLOWN_TRUE_25",431220,"",1,1,"OFF_PS1600",1,"394","","",1,"<=",1,"","<=",1,"P",141.581,***,"",
1,"eFUSE_burn_readmargin","","BANKA_READMARGIN_BLOWN_BIT_26",530270,"",1,1,"OFF_PS1600",1,"394","","",1,"<=",1,"","<=",1,"P",141.581,***,"",
1,"eFUSE_burn_readmargin","","BANKA_BURN_BIT_26",530750,"",1,1,"OFF_PS1600",1,"394","","",1,"<=",1,"","<=",1,"P",141.581,***,"",
1,"eFUSE_burn_readmargin","","BANKA_BIT_BLOWN_TRUE_26",531230,"",1,1,"OFF_PS1600",1,"394","","",1,"<=",1,"","<=",1,"P",141.581,***,"",
1,"eFUSE_burn_readmargin","","BANKA_READMARGIN_BLOWN_BIT_27",530280,"",1,1,"OFF_PS1600",1,"394","","",1,"<=",1,"","<=",1,"P",141.581,***,"",
1,"eFUSE_burn_readmargin","","BANKA_BURN_BIT_27",530760,"",1,1,"OFF_PS1600",1,"394","","",1,"<=",1,"","<=",1,"P",141.581,***,"",
1,"eFUSE_burn_readmargin","","BANKA_BIT_BLOWN_TRUE_27",531240,"",1,1,"OFF_PS1600",1,"394","","",1,"<=",1,"","<=",1,"P",141.581,***,"",
1,"eFUSE_burn_readmargin","","BANKA_READMARGIN_UNBLOWN_BIT_28",430290,"",1,1,"OFF_PS1600",1,"394","","",0,"<=",0,"","<=",0,"P",141.581,***,"",
1,"eFUSE_burn_readmargin","","BANKA_UNBURN_BIT_28",430770,"",1,1,"OFF_PS1600",1,"394","","",0,"<=",0,"","<=",0,"P",141.581,***,"",
1,"eFUSE_burn_readmargin","","BANKA_BIT_UNBLOWN_TRUE_28",431250,"",1,1,"OFF_PS1600",1,"394","","",1,"<=",1,"","<=",1,"P",141.581,***,"",
1,"eFUSE_burn_readmargin","","BANKA_READMARGIN_BLOWN_BIT_29",530300,"",1,1,"OFF_PS1600",1,"394","","",1,"<=",1,"","<=",1,"P",141.581,***,"",
1,"eFUSE_burn_readmargin","","BANKA_BURN_BIT_29",530780,"",1,1,"OFF_PS1600",1,"394","","",1,"<=",1,"","<=",1,"P",141.581,***,"",
1,"eFUSE_burn_readmargin","","BANKA_BIT_BLOWN_TRUE_29",531260,"",1,1,"OFF_PS1600",1,"394","","",1,"<=",1,"","<=",1,"P",141.581,***,"",
1,"eFUSE_burn_readmargin","","BANKA_READMARGIN_UNBLOWN_BIT_30",430310,"",1,1,"OFF_PS1600",1,"394","","",0,"<=",0,"","<=",0,"P",141.581,***,"",
1,"eFUSE_burn_readmargin","","BANKA_UNBURN_BIT_30",430790,"",1,1,"OFF_PS1600",1,"394","","",0,"<=",0,"","<=",0,"P",141.581,***,"",
1,"eFUSE_burn_readmargin","","BANKA_BIT_UNBLOWN_TRUE_30",431270,"",1,1,"OFF_PS1600",1,"394","","",1,"<=",1,"","<=",1,"P",141.581,***,"",
1,"eFUSE_burn_readmargin","","BANKA_READMARGIN_BLOWN_BIT_31",530320,"",1,1,"OFF_PS1600",1,"394","","",1,"<=",1,"","<=",1,"P",141.581,***,"",
1,"eFUSE_burn_readmargin","","BANKA_BURN_BIT_31",530800,"",1,1,"OFF_PS1600",1,"394","","",1,"<=",1,"","<=",1,"P",141.581,***,"",
1,"eFUSE_burn_readmargin","","BANKA_BIT_BLOWN_TRUE_31",531280,"",1,1,"OFF_PS1600",1,"394","","",1,"<=",1,"","<=",1,"P",141.581,***,"",
1,"eFUSE_burn_readmargin","","BANKA_READMARGIN_UNBLOWN_BIT_32",430330,"",1,1,"OFF_PS1600",1,"394","","",0,"<=",0,"","<=",0,"P",141.581,***,"",
1,"eFUSE_burn_readmargin","","BANKA_UNBURN_BIT_32",430810,"",1,1,"OFF_PS1600",1,"394","","",0,"<=",0,"","<=",0,"P",141.581,***,"",
1,"eFUSE_burn_readmargin","","BANKA_BIT_UNBLOWN_TRUE_32",431290,"",1,1,"OFF_PS1600",1,"394","","",1,"<=",1,"","<=",1,"P",141.581,***,"",
1,"eFUSE_burn_readmargin","","BANKA_READMARGIN_BLOWN_BIT_33",530340,"",1,1,"OFF_PS1600",1,"394","","",1,"<=",1,"","<=",1,"P",141.581,***,"",
1,"eFUSE_burn_readmargin","","BANKA_BURN_BIT_33",530820,"",1,1,"OFF_PS1600",1,"394","","",1,"<=",1,"","<=",1,"P",141.581,***,"",
1,"eFUSE_burn_readmargin","","BANKA_BIT_BLOWN_TRUE_33",531300,"",1,1,"OFF_PS1600",1,"394","","",1,"<=",1,"","<=",1,"P",141.581,***,"",
1,"eFUSE_burn_readmargin","","BANKA_READMARGIN_UNBLOWN_BIT_34",430350,"",1,1,"OFF_PS1600",1,"394","","",0,"<=",0,"","<=",0,"P",141.581,***,"",
1,"eFUSE_burn_readmargin","","BANKA_UNBURN_BIT_34",430830,"",1,1,"OFF_PS1600",1,"394","","",0,"<=",0,"","<=",0,"P",141.581,***,"",
1,"eFUSE_burn_readmargin","","BANKA_BIT_UNBLOWN_TRUE_34",431310,"",1,1,"OFF_PS1600",1,"394","","",1,"<=",1,"","<=",1,"P",141.581,***,"",
1,"eFUSE_burn_readmargin","","BANKA_READMARGIN_UNBLOWN_BIT_35",430360,"",1,1,"OFF_PS1600",1,"394","","",0,"<=",0,"","<=",0,"P",141.581,***,"",
1,"eFUSE_burn_readmargin","","BANKA_UNBURN_BIT_35",430840,"",1,1,"OFF_PS1600",1,"394","","",0,"<=",0,"","<=",0,"P",141.581,***,"",
1,"eFUSE_burn_readmargin","","BANKA_BIT_UNBLOWN_TRUE_35",431320,"",1,1,"OFF_PS1600",1,"394","","",1,"<=",1,"","<=",1,"P",141.581,***,"",
1,"eFUSE_burn_readmargin","","BANKA_READMARGIN_BLOWN_BIT_36",530370,"",1,1,"OFF_PS1600",1,"394","","",1,"<=",1,"","<=",1,"P",141.581,***,"",
1,"eFUSE_burn_readmargin","","BANKA_BURN_BIT_36",530850,"",1,1,"OFF_PS1600",1,"394","","",1,"<=",1,"","<=",1,"P",141.581,***,"",
1,"eFUSE_burn_readmargin","","BANKA_BIT_BLOWN_TRUE_36",531330,"",1,1,"OFF_PS1600",1,"394","","",1,"<=",1,"","<=",1,"P",141.581,***,"",
1,"eFUSE_burn_readmargin","","BANKA_READMARGIN_BLOWN_BIT_37",530380,"",1,1,"OFF_PS1600",1,"394","","",1,"<=",1,"","<=",1,"P",141.581,***,"",
1,"eFUSE_burn_readmargin","","BANKA_BURN_BIT_37",530860,"",1,1,"OFF_PS1600",1,"394","","",1,"<=",1,"","<=",1,"P",141.581,***,"",
1,"eFUSE_burn_readmargin","","BANKA_BIT_BLOWN_TRUE_37",531340,"",1,1,"OFF_PS1600",1,"394","","",1,"<=",1,"","<=",1,"P",141.581,***,"",
1,"eFUSE_burn_readmargin","","BANKA_READMARGIN_BLOWN_BIT_38",530390,"",1,1,"OFF_PS1600",1,"394","","",1,"<=",1,"","<=",1,"P",141.581,***,"",
1,"eFUSE_burn_readmargin","","BANKA_BURN_BIT_38",530870,"",1,1,"OFF_PS1600",1,"394","","",1,"<=",1,"","<=",1,"P",141.581,***,"",
1,"eFUSE_burn_readmargin","","BANKA_BIT_BLOWN_TRUE_38",531350,"",1,1,"OFF_PS1600",1,"394","","",1,"<=",1,"","<=",1,"P",141.581,***,"",
1,"eFUSE_burn_readmargin","","BANKA_READMARGIN_UNBLOWN_BIT_39",430400,"",1,1,"OFF_PS1600",1,"394","","",0,"<=",0,"","<=",0,"P",141.581,***,"",
1,"eFUSE_burn_readmargin","","BANKA_UNBURN_BIT_39",430880,"",1,1,"OFF_PS1600",1,"394","","",0,"<=",0,"","<=",0,"P",141.581,***,"",
1,"eFUSE_burn_readmargin","","BANKA_BIT_UNBLOWN_TRUE_39",431360,"",1,1,"OFF_PS1600",1,"394","","",1,"<=",1,"","<=",1,"P",141.581,***,"",
1,"eFUSE_burn_readmargin","","BANKA_READMARGIN_BLOWN_BIT_40",530410,"",1,1,"OFF_PS1600",1,"394","","",1,"<=",1,"","<=",1,"P",141.581,***,"",
1,"eFUSE_burn_readmargin","","BANKA_BURN_BIT_40",530890,"",1,1,"OFF_PS1600",1,"394","","",1,"<=",1,"","<=",1,"P",141.581,***,"",
1,"eFUSE_burn_readmargin","","BANKA_BIT_BLOWN_TRUE_40",531370,"",1,1,"OFF_PS1600",1,"394","","",1,"<=",1,"","<=",1,"P",141.581,***,"",
1,"eFUSE_burn_readmargin","","BANKA_READMARGIN_BLOWN_BIT_41",530420,"",1,1,"OFF_PS1600",1,"394","","",1,"<=",1,"","<=",1,"P",141.581,***,"",
1,"eFUSE_burn_readmargin","","BANKA_BURN_BIT_41",530900,"",1,1,"OFF_PS1600",1,"394","","",1,"<=",1,"","<=",1,"P",141.581,***,"",
1,"eFUSE_burn_readmargin","","BANKA_BIT_BLOWN_TRUE_41",531380,"",1,1,"OFF_PS1600",1,"394","","",1,"<=",1,"","<=",1,"P",141.581,***,"",
1,"eFUSE_burn_readmargin","","BANKA_READMARGIN_BLOWN_BIT_42",530430,"",1,1,"OFF_PS1600",1,"394","","",1,"<=",1,"","<=",1,"P",141.581,***,"",
1,"eFUSE_burn_readmargin","","BANKA_BURN_BIT_42",530910,"",1,1,"OFF_PS1600",1,"394","","",1,"<=",1,"","<=",1,"P",141.581,***,"",
1,"eFUSE_burn_readmargin","","BANKA_BIT_BLOWN_TRUE_42",531390,"",1,1,"OFF_PS1600",1,"394","","",1,"<=",1,"","<=",1,"P",141.581,***,"",
1,"eFUSE_burn_readmargin","","BANKA_READMARGIN_BLOWN_BIT_43",530440,"",1,1,"OFF_PS1600",1,"394","","",1,"<=",1,"","<=",1,"P",141.581,***,"",
1,"eFUSE_burn_readmargin","","BANKA_BURN_BIT_43",530920,"",1,1,"OFF_PS1600",1,"394","","",1,"<=",1,"","<=",1,"P",141.581,***,"",
1,"eFUSE_burn_readmargin","","BANKA_BIT_BLOWN_TRUE_43",531400,"",1,1,"OFF_PS1600",1,"394","","",1,"<=",1,"","<=",1,"P",141.581,***,"",
1,"eFUSE_burn_readmargin","","BANKA_READMARGIN_BLOWN_BIT_44",530450,"",1,1,"OFF_PS1600",1,"394","","",1,"<=",1,"","<=",1,"P",141.581,***,"",
1,"eFUSE_burn_readmargin","","BANKA_BURN_BIT_44",530930,"",1,1,"OFF_PS1600",1,"394","","",1,"<=",1,"","<=",1,"P",141.581,***,"",
1,"eFUSE_burn_readmargin","","BANKA_BIT_BLOWN_TRUE_44",531410,"",1,1,"OFF_PS1600",1,"394","","",1,"<=",1,"","<=",1,"P",141.581,***,"",
1,"eFUSE_burn_readmargin","","BANKA_READMARGIN_UNBLOWN_BIT_45",430460,"",1,1,"OFF_PS1600",1,"394","","",0,"<=",0,"","<=",0,"P",141.581,***,"",
1,"eFUSE_burn_readmargin","","BANKA_UNBURN_BIT_45",430940,"",1,1,"OFF_PS1600",1,"394","","",0,"<=",0,"","<=",0,"P",141.581,***,"",
1,"eFUSE_burn_readmargin","","BANKA_BIT_UNBLOWN_TRUE_45",431420,"",1,1,"OFF_PS1600",1,"394","","",1,"<=",1,"","<=",1,"P",141.581,***,"",
1,"eFUSE_burn_readmargin","","BANKA_READMARGIN_BLOWN_BIT_46",530470,"",1,1,"OFF_PS1600",1,"394","","",1,"<=",1,"","<=",1,"P",141.581,***,"",
1,"eFUSE_burn_readmargin","","BANKA_BURN_BIT_46",530950,"",1,1,"OFF_PS1600",1,"394","","",1,"<=",1,"","<=",1,"P",141.581,***,"",
1,"eFUSE_burn_readmargin","","BANKA_BIT_BLOWN_TRUE_46",531430,"",1,1,"OFF_PS1600",1,"394","","",1,"<=",1,"","<=",1,"P",141.581,***,"",
1,"eFUSE_burn_readmargin","","BANKA_READMARGIN_BLOWN_BIT_47",530480,"",1,1,"OFF_PS1600",1,"394","","",1,"<=",1,"","<=",1,"P",141.581,***,"",
1,"eFUSE_burn_readmargin","","BANKA_BURN_BIT_47",530960,"",1,1,"OFF_PS1600",1,"394","","",1,"<=",1,"","<=",1,"P",141.581,***,"",
1,"eFUSE_burn_readmargin","","BANKA_BIT_BLOWN_TRUE_47",531440,"",1,1,"OFF_PS1600",1,"394","","",1,"<=",1,"","<=",1,"P",141.581,***,"",
1,"eFUSE_burn_readmargin","","BANKB_READMARGIN_UNBLOWN_BIT_0",431450,"",1,1,"OFF_PS1600",1,"394","","",0,"<=",0,"","<=",0,"P",141.581,***,"",
1,"eFUSE_burn_readmargin","","BANKB_UNBURN_BIT_0",431930,"",1,1,"OFF_PS1600",1,"394","","",0,"<=",0,"","<=",0,"P",141.581,***,"",
1,"eFUSE_burn_readmargin","","BANKB_BIT_UNBLOWN_TRUE_0",432410,"",1,1,"OFF_PS1600",1,"394","","",1,"<=",1,"","<=",1,"P",141.581,***,"",
1,"eFUSE_burn_readmargin","","BANKB_READMARGIN_UNBLOWN_BIT_1",431460,"",1,1,"OFF_PS1600",1,"394","","",0,"<=",0,"","<=",0,"P",141.581,***,"",
1,"eFUSE_burn_readmargin","","BANKB_UNBURN_BIT_1",431940,"",1,1,"OFF_PS1600",1,"394","","",0,"<=",0,"","<=",0,"P",141.581,***,"",
1,"eFUSE_burn_readmargin","","BANKB_BIT_UNBLOWN_TRUE_1",432420,"",1,1,"OFF_PS1600",1,"394","","",1,"<=",1,"","<=",1,"P",141.581,***,"",
1,"eFUSE_burn_readmargin","","BANKB_READMARGIN_UNBLOWN_BIT_2",431470,"",1,1,"OFF_PS1600",1,"394","","",0,"<=",0,"","<=",0,"P",141.581,***,"",
1,"eFUSE_burn_readmargin","","BANKB_UNBURN_BIT_2",431950,"",1,1,"OFF_PS1600",1,"394","","",0,"<=",0,"","<=",0,"P",141.581,***,"",
1,"eFUSE_burn_readmargin","","BANKB_BIT_UNBLOWN_TRUE_2",432430,"",1,1,"OFF_PS1600",1,"394","","",1,"<=",1,"","<=",1,"P",141.581,***,"",
1,"eFUSE_burn_readmargin","","BANKB_READMARGIN_UNBLOWN_BIT_3",431480,"",1,1,"OFF_PS1600",1,"394","","",0,"<=",0,"","<=",0,"P",141.581,***,"",
1,"eFUSE_burn_readmargin","","BANKB_UNBURN_BIT_3",431960,"",1,1,"OFF_PS1600",1,"394","","",0,"<=",0,"","<=",0,"P",141.581,***,"",
1,"eFUSE_burn_readmargin","","BANKB_BIT_UNBLOWN_TRUE_3",432440,"",1,1,"OFF_PS1600",1,"394","","",1,"<=",1,"","<=",1,"P",141.581,***,"",
1,"eFUSE_burn_readmargin","","BANKB_READMARGIN_UNBLOWN_BIT_4",431490,"",1,1,"OFF_PS1600",1,"394","","",0,"<=",0,"","<=",0,"P",141.581,***,"",
1,"eFUSE_burn_readmargin","","BANKB_UNBURN_BIT_4",431970,"",1,1,"OFF_PS1600",1,"394","","",0,"<=",0,"","<=",0,"P",141.581,***,"",
1,"eFUSE_burn_readmargin","","BANKB_BIT_UNBLOWN_TRUE_4",432450,"",1,1,"OFF_PS1600",1,"394","","",1,"<=",1,"","<=",1,"P",141.581,***,"",
1,"eFUSE_burn_readmargin","","BANKB_READMARGIN_BLOWN_BIT_5",531500,"",1,1,"OFF_PS1600",1,"394","","",1,"<=",1,"","<=",1,"P",141.581,***,"",
1,"eFUSE_burn_readmargin","","BANKB_BURN_BIT_5",531980,"",1,1,"OFF_PS1600",1,"394","","",1,"<=",1,"","<=",1,"P",141.581,***,"",
1,"eFUSE_burn_readmargin","","BANKB_BIT_BLOWN_TRUE_5",532460,"",1,1,"OFF_PS1600",1,"394","","",1,"<=",1,"","<=",1,"P",141.581,***,"",
1,"eFUSE_burn_readmargin","","BANKB_READMARGIN_UNBLOWN_BIT_6",431510,"",1,1,"OFF_PS1600",1,"394","","",0,"<=",0,"","<=",0,"P",141.581,***,"",
1,"eFUSE_burn_readmargin","","BANKB_UNBURN_BIT_6",431990,"",1,1,"OFF_PS1600",1,"394","","",0,"<=",0,"","<=",0,"P",141.581,***,"",
1,"eFUSE_burn_readmargin","","BANKB_BIT_UNBLOWN_TRUE_6",432470,"",1,1,"OFF_PS1600",1,"394","","",1,"<=",1,"","<=",1,"P",141.581,***,"",
1,"eFUSE_burn_readmargin","","BANKB_READMARGIN_BLOWN_BIT_7",531520,"",1,1,"OFF_PS1600",1,"394","","",1,"<=",1,"","<=",1,"P",141.581,***,"",
1,"eFUSE_burn_readmargin","","BANKB_BURN_BIT_7",532000,"",1,1,"OFF_PS1600",1,"394","","",1,"<=",1,"","<=",1,"P",141.581,***,"",
1,"eFUSE_burn_readmargin","","BANKB_BIT_BLOWN_TRUE_7",532480,"",1,1,"OFF_PS1600",1,"394","","",1,"<=",1,"","<=",1,"P",141.581,***,"",
1,"eFUSE_burn_readmargin","","BANKB_READMARGIN_BLOWN_BIT_8",531530,"",1,1,"OFF_PS1600",1,"394","","",1,"<=",1,"","<=",1,"P",141.581,***,"",
1,"eFUSE_burn_readmargin","","BANKB_BURN_BIT_8",532010,"",1,1,"OFF_PS1600",1,"394","","",1,"<=",1,"","<=",1,"P",141.581,***,"",
1,"eFUSE_burn_readmargin","","BANKB_BIT_BLOWN_TRUE_8",532490,"",1,1,"OFF_PS1600",1,"394","","",1,"<=",1,"","<=",1,"P",141.581,***,"",
1,"eFUSE_burn_readmargin","","BANKB_READMARGIN_BLOWN_BIT_9",531540,"",1,1,"OFF_PS1600",1,"394","","",1,"<=",1,"","<=",1,"P",141.581,***,"",
1,"eFUSE_burn_readmargin","","BANKB_BURN_BIT_9",532020,"",1,1,"OFF_PS1600",1,"394","","",1,"<=",1,"","<=",1,"P",141.581,***,"",
1,"eFUSE_burn_readmargin","","BANKB_BIT_BLOWN_TRUE_9",532500,"",1,1,"OFF_PS1600",1,"394","","",1,"<=",1,"","<=",1,"P",141.581,***,"",
1,"eFUSE_burn_readmargin","","BANKB_READMARGIN_UNBLOWN_BIT_10",431550,"",1,1,"OFF_PS1600",1,"394","","",0,"<=",0,"","<=",0,"P",141.581,***,"",
1,"eFUSE_burn_readmargin","","BANKB_UNBURN_BIT_10",432030,"",1,1,"OFF_PS1600",1,"394","","",0,"<=",0,"","<=",0,"P",141.581,***,"",
1,"eFUSE_burn_readmargin","","BANKB_BIT_UNBLOWN_TRUE_10",432510,"",1,1,"OFF_PS1600",1,"394","","",1,"<=",1,"","<=",1,"P",141.581,***,"",
1,"eFUSE_burn_readmargin","","BANKB_READMARGIN_BLOWN_BIT_11",531560,"",1,1,"OFF_PS1600",1,"394","","",1,"<=",1,"","<=",1,"P",141.581,***,"",
1,"eFUSE_burn_readmargin","","BANKB_BURN_BIT_11",532040,"",1,1,"OFF_PS1600",1,"394","","",1,"<=",1,"","<=",1,"P",141.581,***,"",
1,"eFUSE_burn_readmargin","","BANKB_BIT_BLOWN_TRUE_11",532520,"",1,1,"OFF_PS1600",1,"394","","",1,"<=",1,"","<=",1,"P",141.581,***,"",
1,"eFUSE_burn_readmargin","","BANKB_READMARGIN_UNBLOWN_BIT_12",431570,"",1,1,"OFF_PS1600",1,"394","","",0,"<=",0,"","<=",0,"P",141.581,***,"",
1,"eFUSE_burn_readmargin","","BANKB_UNBURN_BIT_12",432050,"",1,1,"OFF_PS1600",1,"394","","",0,"<=",0,"","<=",0,"P",141.581,***,"",
1,"eFUSE_burn_readmargin","","BANKB_BIT_UNBLOWN_TRUE_12",432530,"",1,1,"OFF_PS1600",1,"394","","",1,"<=",1,"","<=",1,"P",141.581,***,"",
1,"eFUSE_burn_readmargin","","BANKB_READMARGIN_UNBLOWN_BIT_13",431580,"",1,1,"OFF_PS1600",1,"394","","",0,"<=",0,"","<=",0,"P",141.581,***,"",
1,"eFUSE_burn_readmargin","","BANKB_UNBURN_BIT_13",432060,"",1,1,"OFF_PS1600",1,"394","","",0,"<=",0,"","<=",0,"P",141.581,***,"",
1,"eFUSE_burn_readmargin","","BANKB_BIT_UNBLOWN_TRUE_13",432540,"",1,1,"OFF_PS1600",1,"394","","",1,"<=",1,"","<=",1,"P",141.581,***,"",
1,"eFUSE_burn_readmargin","","BANKB_READMARGIN_BLOWN_BIT_14",531590,"",1,1,"OFF_PS1600",1,"394","","",1,"<=",1,"","<=",1,"P",141.581,***,"",
1,"eFUSE_burn_readmargin","","BANKB_BURN_BIT_14",532070,"",1,1,"OFF_PS1600",1,"394","","",1,"<=",1,"","<=",1,"P",141.581,***,"",
1,"eFUSE_burn_readmargin","","BANKB_BIT_BLOWN_TRUE_14",532550,"",1,1,"OFF_PS1600",1,"394","","",1,"<=",1,"","<=",1,"P",141.581,***,"",
1,"eFUSE_burn_readmargin","","BANKB_READMARGIN_BLOWN_BIT_15",531600,"",1,1,"OFF_PS1600",1,"394","","",1,"<=",1,"","<=",1,"P",141.581,***,"",
1,"eFUSE_burn_readmargin","","BANKB_BURN_BIT_15",532080,"",1,1,"OFF_PS1600",1,"394","","",1,"<=",1,"","<=",1,"P",141.581,***,"",
1,"eFUSE_burn_readmargin","","BANKB_BIT_BLOWN_TRUE_15",532560,"",1,1,"OFF_PS1600",1,"394","","",1,"<=",1,"","<=",1,"P",141.581,***,"",
1,"eFUSE_burn_readmargin","","BANKB_READMARGIN_BLOWN_BIT_16",531610,"",1,1,"OFF_PS1600",1,"394","","",1,"<=",1,"","<=",1,"P",141.581,***,"",
1,"eFUSE_burn_readmargin","","BANKB_BURN_BIT_16",532090,"",1,1,"OFF_PS1600",1,"394","","",1,"<=",1,"","<=",1,"P",141.581,***,"",
1,"eFUSE_burn_readmargin","","BANKB_BIT_BLOWN_TRUE_16",532570,"",1,1,"OFF_PS1600",1,"394","","",1,"<=",1,"","<=",1,"P",141.581,***,"",
1,"eFUSE_burn_readmargin","","BANKB_READMARGIN_BLOWN_BIT_17",531620,"",1,1,"OFF_PS1600",1,"394","","",1,"<=",1,"","<=",1,"P",141.581,***,"",
1,"eFUSE_burn_readmargin","","BANKB_BURN_BIT_17",532100,"",1,1,"OFF_PS1600",1,"394","","",1,"<=",1,"","<=",1,"P",141.581,***,"",
1,"eFUSE_burn_readmargin","","BANKB_BIT_BLOWN_TRUE_17",532580,"",1,1,"OFF_PS1600",1,"394","","",1,"<=",1,"","<=",1,"P",141.581,***,"",
1,"eFUSE_burn_readmargin","","BANKB_READMARGIN_UNBLOWN_BIT_18",431630,"",1,1,"OFF_PS1600",1,"394","","",0,"<=",0,"","<=",0,"P",141.581,***,"",
1,"eFUSE_burn_readmargin","","BANKB_UNBURN_BIT_18",432110,"",1,1,"OFF_PS1600",1,"394","","",0,"<=",0,"","<=",0,"P",141.581,***,"",
1,"eFUSE_burn_readmargin","","BANKB_BIT_UNBLOWN_TRUE_18",432590,"",1,1,"OFF_PS1600",1,"394","","",1,"<=",1,"","<=",1,"P",141.581,***,"",
1,"eFUSE_burn_readmargin","","BANKB_READMARGIN_UNBLOWN_BIT_19",431640,"",1,1,"OFF_PS1600",1,"394","","",0,"<=",0,"","<=",0,"P",141.581,***,"",
1,"eFUSE_burn_readmargin","","BANKB_UNBURN_BIT_19",432120,"",1,1,"OFF_PS1600",1,"394","","",0,"<=",0,"","<=",0,"P",141.581,***,"",
1,"eFUSE_burn_readmargin","","BANKB_BIT_UNBLOWN_TRUE_19",432600,"",1,1,"OFF_PS1600",1,"394","","",1,"<=",1,"","<=",1,"P",141.581,***,"",
1,"eFUSE_burn_readmargin","","BANKB_READMARGIN_UNBLOWN_BIT_20",431650,"",1,1,"OFF_PS1600",1,"394","","",0,"<=",0,"","<=",0,"P",141.581,***,"",
1,"eFUSE_burn_readmargin","","BANKB_UNBURN_BIT_20",432130,"",1,1,"OFF_PS1600",1,"394","","",0,"<=",0,"","<=",0,"P",141.581,***,"",
1,"eFUSE_burn_readmargin","","BANKB_BIT_UNBLOWN_TRUE_20",432610,"",1,1,"OFF_PS1600",1,"394","","",1,"<=",1,"","<=",1,"P",141.581,***,"",
1,"eFUSE_burn_readmargin","","BANKB_READMARGIN_UNBLOWN_BIT_21",431660,"",1,1,"OFF_PS1600",1,"394","","",0,"<=",0,"","<=",0,"P",141.581,***,"",
1,"eFUSE_burn_readmargin","","BANKB_UNBURN_BIT_21",432140,"",1,1,"OFF_PS1600",1,"394","","",0,"<=",0,"","<=",0,"P",141.581,***,"",
1,"eFUSE_burn_readmargin","","BANKB_BIT_UNBLOWN_TRUE_21",432620,"",1,1,"OFF_PS1600",1,"394","","",1,"<=",1,"","<=",1,"P",141.581,***,"",
1,"eFUSE_burn_readmargin","","BANKB_READMARGIN_UNBLOWN_BIT_22",431670,"",1,1,"OFF_PS1600",1,"394","","",0,"<=",0,"","<=",0,"P",141.581,***,"",
1,"eFUSE_burn_readmargin","","BANKB_UNBURN_BIT_22",432150,"",1,1,"OFF_PS1600",1,"394","","",0,"<=",0,"","<=",0,"P",141.581,***,"",
1,"eFUSE_burn_readmargin","","BANKB_BIT_UNBLOWN_TRUE_22",432630,"",1,1,"OFF_PS1600",1,"394","","",1,"<=",1,"","<=",1,"P",141.581,***,"",
1,"eFUSE_burn_readmargin","","BANKB_READMARGIN_UNBLOWN_BIT_23",431680,"",1,1,"OFF_PS1600",1,"394","","",0,"<=",0,"","<=",0,"P",141.581,***,"",
1,"eFUSE_burn_readmargin","","BANKB_UNBURN_BIT_23",432160,"",1,1,"OFF_PS1600",1,"394","","",0,"<=",0,"","<=",0,"P",141.581,***,"",
1,"eFUSE_burn_readmargin","","BANKB_BIT_UNBLOWN_TRUE_23",432640,"",1,1,"OFF_PS1600",1,"394","","",1,"<=",1,"","<=",1,"P",141.581,***,"",
1,"eFUSE_burn_readmargin","","BANKB_READMARGIN_UNBLOWN_BIT_24",431690,"",1,1,"OFF_PS1600",1,"394","","",0,"<=",0,"","<=",0,"P",141.581,***,"",
1,"eFUSE_burn_readmargin","","BANKB_UNBURN_BIT_24",432170,"",1,1,"OFF_PS1600",1,"394","","",0,"<=",0,"","<=",0,"P",141.581,***,"",
1,"eFUSE_burn_readmargin","","BANKB_BIT_UNBLOWN_TRUE_24",432650,"",1,1,"OFF_PS1600",1,"394","","",1,"<=",1,"","<=",1,"P",141.581,***,"",
1,"eFUSE_burn_readmargin","","BANKB_READMARGIN_UNBLOWN_BIT_25",431700,"",1,1,"OFF_PS1600",1,"394","","",0,"<=",0,"","<=",0,"P",141.581,***,"",
1,"eFUSE_burn_readmargin","","BANKB_UNBURN_BIT_25",432180,"",1,1,"OFF_PS1600",1,"394","","",0,"<=",0,"","<=",0,"P",141.581,***,"",
1,"eFUSE_burn_readmargin","","BANKB_BIT_UNBLOWN_TRUE_25",432660,"",1,1,"OFF_PS1600",1,"394","","",1,"<=",1,"","<=",1,"P",141.581,***,"",
1,"eFUSE_burn_readmargin","","BANKB_READMARGIN_BLOWN_BIT_26",531710,"",1,1,"OFF_PS1600",1,"394","","",1,"<=",1,"","<=",1,"P",141.581,***,"",
1,"eFUSE_burn_readmargin","","BANKB_BURN_BIT_26",532190,"",1,1,"OFF_PS1600",1,"394","","",1,"<=",1,"","<=",1,"P",141.581,***,"",
1,"eFUSE_burn_readmargin","","BANKB_BIT_BLOWN_TRUE_26",532670,"",1,1,"OFF_PS1600",1,"394","","",1,"<=",1,"","<=",1,"P",141.581,***,"",
1,"eFUSE_burn_readmargin","","BANKB_READMARGIN_BLOWN_BIT_27",531720,"",1,1,"OFF_PS1600",1,"394","","",1,"<=",1,"","<=",1,"P",141.581,***,"",
1,"eFUSE_burn_readmargin","","BANKB_BURN_BIT_27",532200,"",1,1,"OFF_PS1600",1,"394","","",1,"<=",1,"","<=",1,"P",141.581,***,"",
1,"eFUSE_burn_readmargin","","BANKB_BIT_BLOWN_TRUE_27",532680,"",1,1,"OFF_PS1600",1,"394","","",1,"<=",1,"","<=",1,"P",141.581,***,"",
1,"eFUSE_burn_readmargin","","BANKB_READMARGIN_UNBLOWN_BIT_28",431730,"",1,1,"OFF_PS1600",1,"394","","",0,"<=",0,"","<=",0,"P",141.581,***,"",
1,"eFUSE_burn_readmargin","","BANKB_UNBURN_BIT_28",432210,"",1,1,"OFF_PS1600",1,"394","","",0,"<=",0,"","<=",0,"P",141.581,***,"",
1,"eFUSE_burn_readmargin","","BANKB_BIT_UNBLOWN_TRUE_28",432690,"",1,1,"OFF_PS1600",1,"394","","",1,"<=",1,"","<=",1,"P",141.581,***,"",
1,"eFUSE_burn_readmargin","","BANKB_READMARGIN_BLOWN_BIT_29",531740,"",1,1,"OFF_PS1600",1,"394","","",1,"<=",1,"","<=",1,"P",141.581,***,"",
1,"eFUSE_burn_readmargin","","BANKB_BURN_BIT_29",532220,"",1,1,"OFF_PS1600",1,"394","","",1,"<=",1,"","<=",1,"P",141.581,***,"",
1,"eFUSE_burn_readmargin","","BANKB_BIT_BLOWN_TRUE_29",532700,"",1,1,"OFF_PS1600",1,"394","","",1,"<=",1,"","<=",1,"P",141.581,***,"",
1,"eFUSE_burn_readmargin","","BANKB_READMARGIN_UNBLOWN_BIT_30",431750,"",1,1,"OFF_PS1600",1,"394","","",0,"<=",0,"","<=",0,"P",141.581,***,"",
1,"eFUSE_burn_readmargin","","BANKB_UNBURN_BIT_30",432230,"",1,1,"OFF_PS1600",1,"394","","",0,"<=",0,"","<=",0,"P",141.581,***,"",
1,"eFUSE_burn_readmargin","","BANKB_BIT_UNBLOWN_TRUE_30",432710,"",1,1,"OFF_PS1600",1,"394","","",1,"<=",1,"","<=",1,"P",141.581,***,"",
1,"eFUSE_burn_readmargin","","BANKB_READMARGIN_BLOWN_BIT_31",531760,"",1,1,"OFF_PS1600",1,"394","","",1,"<=",1,"","<=",1,"P",141.581,***,"",
1,"eFUSE_burn_readmargin","","BANKB_BURN_BIT_31",532240,"",1,1,"OFF_PS1600",1,"394","","",1,"<=",1,"","<=",1,"P",141.581,***,"",
1,"eFUSE_burn_readmargin","","BANKB_BIT_BLOWN_TRUE_31",532720,"",1,1,"OFF_PS1600",1,"394","","",1,"<=",1,"","<=",1,"P",141.581,***,"",
1,"eFUSE_burn_readmargin","","BANKB_READMARGIN_UNBLOWN_BIT_32",431770,"",1,1,"OFF_PS1600",1,"394","","",0,"<=",0,"","<=",0,"P",141.581,***,"",
1,"eFUSE_burn_readmargin","","BANKB_UNBURN_BIT_32",432250,"",1,1,"OFF_PS1600",1,"394","","",0,"<=",0,"","<=",0,"P",141.581,***,"",
1,"eFUSE_burn_readmargin","","BANKB_BIT_UNBLOWN_TRUE_32",432730,"",1,1,"OFF_PS1600",1,"394","","",1,"<=",1,"","<=",1,"P",141.581,***,"",
1,"eFUSE_burn_readmargin","","BANKB_READMARGIN_BLOWN_BIT_33",531780,"",1,1,"OFF_PS1600",1,"394","","",1,"<=",1,"","<=",1,"P",141.581,***,"",
1,"eFUSE_burn_readmargin","","BANKB_BURN_BIT_33",532260,"",1,1,"OFF_PS1600",1,"394","","",1,"<=",1,"","<=",1,"P",141.581,***,"",
1,"eFUSE_burn_readmargin","","BANKB_BIT_BLOWN_TRUE_33",532740,"",1,1,"OFF_PS1600",1,"394","","",1,"<=",1,"","<=",1,"P",141.581,***,"",
1,"eFUSE_burn_readmargin","","BANKB_READMARGIN_UNBLOWN_BIT_34",431790,"",1,1,"OFF_PS1600",1,"394","","",0,"<=",0,"","<=",0,"P",141.581,***,"",
1,"eFUSE_burn_readmargin","","BANKB_UNBURN_BIT_34",432270,"",1,1,"OFF_PS1600",1,"394","","",0,"<=",0,"","<=",0,"P",141.581,***,"",
1,"eFUSE_burn_readmargin","","BANKB_BIT_UNBLOWN_TRUE_34",432750,"",1,1,"OFF_PS1600",1,"394","","",1,"<=",1,"","<=",1,"P",141.581,***,"",
1,"eFUSE_burn_readmargin","","BANKB_READMARGIN_UNBLOWN_BIT_35",431800,"",1,1,"OFF_PS1600",1,"394","","",0,"<=",0,"","<=",0,"P",141.581,***,"",
1,"eFUSE_burn_readmargin","","BANKB_UNBURN_BIT_35",432280,"",1,1,"OFF_PS1600",1,"394","","",0,"<=",0,"","<=",0,"P",141.581,***,"",
1,"eFUSE_burn_readmargin","","BANKB_BIT_UNBLOWN_TRUE_35",432760,"",1,1,"OFF_PS1600",1,"394","","",1,"<=",1,"","<=",1,"P",141.581,***,"",
1,"eFUSE_burn_readmargin","","BANKB_READMARGIN_BLOWN_BIT_36",531810,"",1,1,"OFF_PS1600",1,"394","","",1,"<=",1,"","<=",1,"P",141.581,***,"",
1,"eFUSE_burn_readmargin","","BANKB_BURN_BIT_36",532290,"",1,1,"OFF_PS1600",1,"394","","",1,"<=",1,"","<=",1,"P",141.581,***,"",
1,"eFUSE_burn_readmargin","","BANKB_BIT_BLOWN_TRUE_36",532770,"",1,1,"OFF_PS1600",1,"394","","",1,"<=",1,"","<=",1,"P",141.581,***,"",
1,"eFUSE_burn_readmargin","","BANKB_READMARGIN_BLOWN_BIT_37",531820,"",1,1,"OFF_PS1600",1,"394","","",1,"<=",1,"","<=",1,"P",141.581,***,"",
1,"eFUSE_burn_readmargin","","BANKB_BURN_BIT_37",532300,"",1,1,"OFF_PS1600",1,"394","","",1,"<=",1,"","<=",1,"P",141.581,***,"",
1,"eFUSE_burn_readmargin","","BANKB_BIT_BLOWN_TRUE_37",532780,"",1,1,"OFF_PS1600",1,"394","","",1,"<=",1,"","<=",1,"P",141.581,***,"",
1,"eFUSE_burn_readmargin","","BANKB_READMARGIN_BLOWN_BIT_38",531830,"",1,1,"OFF_PS1600",1,"394","","",1,"<=",1,"","<=",1,"P",141.581,***,"",
1,"eFUSE_burn_readmargin","","BANKB_BURN_BIT_38",532310,"",1,1,"OFF_PS1600",1,"394","","",1,"<=",1,"","<=",1,"P",141.581,***,"",
1,"eFUSE_burn_readmargin","","BANKB_BIT_BLOWN_TRUE_38",532790,"",1,1,"OFF_PS1600",1,"394","","",1,"<=",1,"","<=",1,"P",141.581,***,"",
1,"eFUSE_burn_readmargin","","BANKB_READMARGIN_UNBLOWN_BIT_39",431840,"",1,1,"OFF_PS1600",1,"394","","",0,"<=",0,"","<=",0,"P",141.581,***,"",
1,"eFUSE_burn_readmargin","","BANKB_UNBURN_BIT_39",432320,"",1,1,"OFF_PS1600",1,"394","","",0,"<=",0,"","<=",0,"P",141.581,***,"",
1,"eFUSE_burn_readmargin","","BANKB_BIT_UNBLOWN_TRUE_39",432800,"",1,1,"OFF_PS1600",1,"394","","",1,"<=",1,"","<=",1,"P",141.581,***,"",
1,"eFUSE_burn_readmargin","","BANKB_READMARGIN_BLOWN_BIT_40",531850,"",1,1,"OFF_PS1600",1,"394","","",1,"<=",1,"","<=",1,"P",141.581,***,"",
1,"eFUSE_burn_readmargin","","BANKB_BURN_BIT_40",532330,"",1,1,"OFF_PS1600",1,"394","","",1,"<=",1,"","<=",1,"P",141.581,***,"",
1,"eFUSE_burn_readmargin","","BANKB_BIT_BLOWN_TRUE_40",532810,"",1,1,"OFF_PS1600",1,"394","","",1,"<=",1,"","<=",1,"P",141.581,***,"",
1,"eFUSE_burn_readmargin","","BANKB_READMARGIN_BLOWN_BIT_41",531860,"",1,1,"OFF_PS1600",1,"394","","",1,"<=",1,"","<=",1,"P",141.581,***,"",
1,"eFUSE_burn_readmargin","","BANKB_BURN_BIT_41",532340,"",1,1,"OFF_PS1600",1,"394","","",1,"<=",1,"","<=",1,"P",141.581,***,"",
1,"eFUSE_burn_readmargin","","BANKB_BIT_BLOWN_TRUE_41",532820,"",1,1,"OFF_PS1600",1,"394","","",1,"<=",1,"","<=",1,"P",141.581,***,"",
1,"eFUSE_burn_readmargin","","BANKB_READMARGIN_BLOWN_BIT_42",531870,"",1,1,"OFF_PS1600",1,"394","","",1,"<=",1,"","<=",1,"P",141.581,***,"",
1,"eFUSE_burn_readmargin","","BANKB_BURN_BIT_42",532350,"",1,1,"OFF_PS1600",1,"394","","",1,"<=",1,"","<=",1,"P",141.581,***,"",
1,"eFUSE_burn_readmargin","","BANKB_BIT_BLOWN_TRUE_42",532830,"",1,1,"OFF_PS1600",1,"394","","",1,"<=",1,"","<=",1,"P",141.581,***,"",
1,"eFUSE_burn_readmargin","","BANKB_READMARGIN_BLOWN_BIT_43",531880,"",1,1,"OFF_PS1600",1,"394","","",1,"<=",1,"","<=",1,"P",141.581,***,"",
1,"eFUSE_burn_readmargin","","BANKB_BURN_BIT_43",532360,"",1,1,"OFF_PS1600",1,"394","","",1,"<=",1,"","<=",1,"P",141.581,***,"",
1,"eFUSE_burn_readmargin","","BANKB_BIT_BLOWN_TRUE_43",532840,"",1,1,"OFF_PS1600",1,"394","","",1,"<=",1,"","<=",1,"P",141.581,***,"",
1,"eFUSE_burn_readmargin","","BANKB_READMARGIN_BLOWN_BIT_44",531890,"",1,1,"OFF_PS1600",1,"394","","",1,"<=",1,"","<=",1,"P",141.581,***,"",
1,"eFUSE_burn_readmargin","","BANKB_BURN_BIT_44",532370,"",1,1,"OFF_PS1600",1,"394","","",1,"<=",1,"","<=",1,"P",141.581,***,"",
1,"eFUSE_burn_readmargin","","BANKB_BIT_BLOWN_TRUE_44",532850,"",1,1,"OFF_PS1600",1,"394","","",1,"<=",1,"","<=",1,"P",141.581,***,"",
1,"eFUSE_burn_readmargin","","BANKB_READMARGIN_UNBLOWN_BIT_45",431900,"",1,1,"OFF_PS1600",1,"394","","",0,"<=",0,"","<=",0,"P",141.581,***,"",
1,"eFUSE_burn_readmargin","","BANKB_UNBURN_BIT_45",432380,"",1,1,"OFF_PS1600",1,"394","","",0,"<=",0,"","<=",0,"P",141.581,***,"",
1,"eFUSE_burn_readmargin","","BANKB_BIT_UNBLOWN_TRUE_45",432860,"",1,1,"OFF_PS1600",1,"394","","",1,"<=",1,"","<=",1,"P",141.581,***,"",
1,"eFUSE_burn_readmargin","","BANKB_READMARGIN_BLOWN_BIT_46",531910,"",1,1,"OFF_PS1600",1,"394","","",1,"<=",1,"","<=",1,"P",141.581,***,"",
1,"eFUSE_burn_readmargin","","BANKB_BURN_BIT_46",532390,"",1,1,"OFF_PS1600",1,"394","","",1,"<=",1,"","<=",1,"P",141.581,***,"",
1,"eFUSE_burn_readmargin","","BANKB_BIT_BLOWN_TRUE_46",532870,"",1,1,"OFF_PS1600",1,"394","","",1,"<=",1,"","<=",1,"P",141.581,***,"",
1,"eFUSE_burn_readmargin","","BANKB_READMARGIN_BLOWN_BIT_47",531920,"",1,1,"OFF_PS1600",1,"394","","",1,"<=",1,"","<=",1,"P",141.581,***,"",
1,"eFUSE_burn_readmargin","","BANKB_BURN_BIT_47",532400,"",1,1,"OFF_PS1600",1,"394","","",1,"<=",1,"","<=",1,"P",141.581,***,"",
1,"eFUSE_burn_readmargin","","BANKB_BIT_BLOWN_TRUE_47",532880,"",1,1,"OFF_PS1600",1,"394","","",1,"<=",1,"","<=",1,"P",141.581,***,"",
1,"POST_BURN_PASS_FET_LEAKAGE","","POST_Forward_Leakage_FET",470030,"",1,1,"ISEN_PS1600",1,"394","","",-20,"<=",-1,"nA","<=",20,"P",0.732504,***,"",
1,"POST_BURN_PASS_FET_LEAKAGE","","POST_Reverse_Leakage_FET",470040,"",1,1,"ISEN_PS1600",1,"394","","",-20,"<=",-2,"nA","<=",20,"P",0.732504,***,"",
1,"POST_BURN_PASS_FET_LEAKAGE","","Delta_Forward_Leakage_FET",470050,"",1,1,"ISEN_PS1600",1,"394","","",-20,"<=",0,"nA","<=",20,"P",0.732504,***,"",
1,"POST_BURN_PASS_FET_LEAKAGE","","Delta_Reverse_Leakage_FET",470060,"",1,1,"ISEN_PS1600",1,"394","","",-20,"<=",0,"nA","<=",20,"P",0.732504,***,"",