Testflow,Test Suite,Test Method,Test,Test#,Pattern,Wafer,Site,Pin,Device,Device ID,Part ID,Part Txt,Lower,LS,Value,Unit,US,Upper,P/F,Time,TS Time,Print To Data Log,Test Text
1,"CONTINUITY","","CONTINUITY",10030,"",1,1,"EN0_PS1600",1,"1300","","",-500,"<=",-369.125,"mV","<=",-300,"P",0.316992,***,"",
1,"CONTINUITY","","CONTINUITY",10020,"",1,1,"FAULTB_PS1600",1,"1300","","",-500,"<=",-430.079,"mV","<=",-300,"P",0.316992,***,"",
1,"CONTINUITY","","CONTINUITY",10050,"",1,1,"FCB_PS1600",1,"1300","","",-500,"<=",-368.45,"mV","<=",-300,"P",0.316992,***,"",
1,"CONTINUITY","","CONTINUITY",10090,"",1,1,"ISEN_PS1600",1,"1300","","",-500,"<=",-355.918,"mV","<=",-300,"P",0.316992,***,"",
1,"CONTINUITY","","CONTINUITY",10080,"",1,1,"ITRIP_PS1600",1,"1300","","",-500,"<=",-371.068,"mV","<=",-300,"P",0.316992,***,"",
1,"CONTINUITY","","CONTINUITY",10040,"",1,1,"OFF_PS1600",1,"1300","","",-500,"<=",-362.701,"mV","<=",-300,"P",0.316992,***,"",
1,"CONTINUITY","","CONTINUITY",10010,"",1,1,"SS_PS1600",1,"1300","","",-500,"<=",-454.578,"mV","<=",-300,"P",0.316992,***,"",
1,"CONTINUITY","","CONTINUITY",10070,"",1,1,"VBIAS_PS1600",1,"1300","","",-500,"<=",-294.97,"mV","<=",-200,"P",0.316992,***,"",
1,"CONTINUITY","","CONTINUITY",10060,"",1,1,"GND_PS1600",1,"1300","","",-500,"<=",-369.236,"mV","<=",-300,"P",0.316992,***,"",
1,"CONTINUITY","","CONTINUITY",10180,"",1,1,"VIN1",1,"1300","","",-360,"<=",-342.318,"mV","<=",-300,"P",0.316992,***,"",
1,"CONTINUITY","","CONTINUITY",10190,"",1,1,"VIN2",1,"1300","","",-360,"<=",-342.505,"mV","<=",-300,"P",0.316992,***,"",
1,"CONTINUITY","","CONTINUITY",10200,"",1,1,"VIN3",1,"1300","","",-360,"<=",-342.854,"mV","<=",-300,"P",0.316992,***,"",
1,"CONTINUITY","","CONTINUITY",10210,"",1,1,"VIN4_RS1",1,"1300","","",-360,"<=",-342.737,"mV","<=",-300,"P",0.316992,***,"",
1,"CONTINUITY","","CONTINUITY",10220,"",1,1,"VIN4_RS2",1,"1300","","",-360,"<=",-342.945,"mV","<=",-300,"P",0.316992,***,"",
1,"CONTINUITY","","CONTINUITY",10230,"",1,1,"VIN5_RS1",1,"1300","","",-360,"<=",-342.51,"mV","<=",-300,"P",0.316992,***,"",
1,"CONTINUITY","","CONTINUITY",10240,"",1,1,"VIN5_RS2",1,"1300","","",-360,"<=",-342.667,"mV","<=",-300,"P",0.316992,***,"",
1,"CONTINUITY","","CONTINUITY",10250,"",1,1,"VIN6",1,"1300","","",-360,"<=",-342.573,"mV","<=",-300,"P",0.316992,***,"",
1,"CONTINUITY","","CONTINUITY",10100,"",1,1,"VOUT1",1,"1300","","",-300,"<=",-226.225,"mV","<=",-200,"P",0.316992,***,"",
1,"CONTINUITY","","CONTINUITY",10110,"",1,1,"VOUT2_RS1",1,"1300","","",-300,"<=",-226.416,"mV","<=",-200,"P",0.316992,***,"",
1,"CONTINUITY","","CONTINUITY",10120,"",1,1,"VOUT2_RS2",1,"1300","","",-300,"<=",-226.009,"mV","<=",-200,"P",0.316992,***,"",
1,"CONTINUITY","","CONTINUITY",10130,"",1,1,"VOUT3_RS1",1,"1300","","",-300,"<=",-226.328,"mV","<=",-200,"P",0.316992,***,"",
1,"CONTINUITY","","CONTINUITY",10140,"",1,1,"VOUT3_RS2",1,"1300","","",-300,"<=",-226.234,"mV","<=",-200,"P",0.316992,***,"",
1,"CONTINUITY","","CONTINUITY",10150,"",1,1,"VOUT4",1,"1300","","",-300,"<=",-226.408,"mV","<=",-200,"P",0.316992,***,"",
1,"CONTINUITY","","CONTINUITY",10160,"",1,1,"VOUT5",1,"1300","","",-300,"<=",-226.154,"mV","<=",-200,"P",0.316992,***,"",
1,"CONTINUITY","","CONTINUITY",10170,"",1,1,"VOUT6",1,"1300","","",-300,"<=",-226.307,"mV","<=",-200,"P",0.316992,***,"",
1,"Pin_to_Pin_Leakage","","PIN_TO_PIN_POS_LEAKAGE_PIN",20010,"",1,1,"FAULTB_PS1600",1,"1300","","",-200,"<=",-4.81876,"nA","<=",200,"P",0.513109,***,"",
1,"Pin_to_Pin_Leakage","","PIN_TO_PIN_NEG_LEAKAGE_PIN",20110,"",1,1,"FAULTB_PS1600",1,"1300","","",-200,"<=",-4.81876,"nA","<=",200,"P",0.513109,***,"",
1,"Pin_to_Pin_Leakage","","PIN_TO_PIN_POS_LEAKAGE_PIN",20020,"",1,1,"ITRIP_PS1600",1,"1300","","",-200,"<=",-11.0854,"nA","<=",200,"P",0.513109,***,"",
1,"Pin_to_Pin_Leakage","","PIN_TO_PIN_NEG_LEAKAGE_PIN",20120,"",1,1,"ITRIP_PS1600",1,"1300","","",-200,"<=",-11.0854,"nA","<=",200,"P",0.513109,***,"",
1,"Pin_to_Pin_Leakage","","PIN_TO_PIN_POS_LEAKAGE_PIN",20030,"",1,1,"OFF_PS1600",1,"1300","","",-200,"<=",-7.25707,"nA","<=",200,"P",0.513109,***,"",
1,"Pin_to_Pin_Leakage","","PIN_TO_PIN_NEG_LEAKAGE_PIN",20130,"",1,1,"OFF_PS1600",1,"1300","","",-200,"<=",-7.25707,"nA","<=",200,"P",0.513109,***,"",
1,"Pin_to_Pin_Leakage","","PIN_TO_PIN_POS_LEAKAGE_PIN",20040,"",1,1,"SS_PS1600",1,"1300","","",-200,"<=",-12.5282,"nA","<=",200,"P",0.513109,***,"",
1,"Pin_to_Pin_Leakage","","PIN_TO_PIN_NEG_LEAKAGE_PIN",20140,"",1,1,"SS_PS1600",1,"1300","","",-200,"<=",-12.5282,"nA","<=",200,"P",0.513109,***,"",
1,"Pin_to_Pin_Leakage","","PIN_TO_PIN_POS_LEAKAGE_PIN",20050,"",1,1,"VIN1",1,"1300","","",10,"<=",301.072,"nA","<=",500,"P",0.513109,***,"",
1,"Pin_to_Pin_Leakage","","PIN_TO_PIN_NEG_LEAKAGE_PIN",20150,"",1,1,"VIN1",1,"1300","","",-500,"<=",-297.969,"nA","<=",-10,"P",0.513109,***,"",
1,"Pin_to_Pin_Leakage","","PIN_TO_PIN_POS_LEAKAGE_PIN",20060,"",1,1,"VOUT1",1,"1300","","",10,"<=",297.558,"nA","<=",500,"P",0.513109,***,"",
1,"Pin_to_Pin_Leakage","","PIN_TO_PIN_NEG_LEAKAGE_PIN",20160,"",1,1,"VOUT1",1,"1300","","",-500,"<=",-303.262,"nA","<=",-10,"P",0.513109,***,"",
1,"Pin_to_Pin_Leakage","","PIN_TO_PIN_POS_LEAKAGE_PIN",20070,"",1,1,"EN0_PS1600",1,"1300","","",300,"<=",505.797,"nA","<=",700,"P",0.513109,***,"",
1,"Pin_to_Pin_Leakage","","PIN_TO_PIN_NEG_LEAKAGE_PIN",20170,"",1,1,"EN0_PS1600",1,"1300","","",-700,"<=",-510.121,"nA","<=",-300,"P",0.513109,***,"",
1,"Pin_to_Pin_Leakage","","PIN_TO_PIN_POS_LEAKAGE_PIN",20080,"",1,1,"FCB_PS1600",1,"1300","","",-200,"<=",-0.36318,"nA","<=",200,"P",0.513109,***,"",
1,"Pin_to_Pin_Leakage","","PIN_TO_PIN_NEG_LEAKAGE_PIN",20180,"",1,1,"FCB_PS1600",1,"1300","","",-200,"<=",-5.42506,"nA","<=",200,"P",0.513109,***,"",
1,"Pin_to_Pin_Leakage","","PIN_TO_PIN_POS_LEAKAGE_PIN",20090,"",1,1,"ISEN_PS1600",1,"1300","","",-200,"<=",1.06904,"nA","<=",200,"P",0.513109,***,"",
1,"Pin_to_Pin_Leakage","","PIN_TO_PIN_NEG_LEAKAGE_PIN",20190,"",1,1,"ISEN_PS1600",1,"1300","","",-200,"<=",-9.11075,"nA","<=",200,"P",0.513109,***,"",
1,"Pin_to_Pin_Leakage","","PIN_TO_PIN_POS_LEAKAGE_PIN_VBIAS_PS1600",20100,"",1,1,"VBIAS_PS1600",1,"1300","","",500,"<=",786,"nA","<=",1000,"P",0.513109,***,"",
1,"Pin_to_Pin_Leakage","","PIN_TO_PIN_NEG_LEAKAGE_PIN_VBIAS_PS1600",20200,"",1,1,"VBIAS_PS1600",1,"1300","","",-1000,"<=",-853,"nA","<=",-500,"P",0.513109,***,"",
1,"IVDDFL_IVINFL_RONFL","","RON_200mAVDD_5_VIN_5_20V_Part",90050,"",1,1,"VIN1",1,"1300","","",0.01,"<=",0.0229031,"ohm","<=",0.03,"P",0.0955313,***,"",
1,"IVDDFL_IVINFL_RONFL","","DEVICE_VARIENT_TRUE",90060,"",1,1,"VIN1",1,"1300","","",0.5,"<=",1,"","<=",1.5,"P",0.0955313,***,"",
1,"Fuse_Burn_Check","","BANKA_BIT5_BLOWN_TRUE",1000001,"",1,1,"OFF_PS1600",1,"1300","","",0,"<=",0,"","<=",1,"P",0.15902,***,"",
1,"Gross_Functional_EN_FCB_FAULTB_OFF","","EN_FCB_LOW_VOUT_LOW",30010,"",1,1,"VOUT4",1,"1300","","",-0.001,"<=",0.00107384,"V","<=",1,"P",0.320704,***,"",
1,"Gross_Functional_EN_FCB_FAULTB_OFF","","EN_FCB_LOW_OFF_HIGH",30020,"",1,1,"OFF_PS1600",1,"1300","","",1.6,"<=",1.85614,"V","<=",2.3,"P",0.320704,***,"",
1,"Gross_Functional_EN_FCB_FAULTB_OFF","","FCB_LOW_VOUT_LOW",30030,"",1,1,"VOUT4",1,"1300","","",-0.001,"<=",0.00157356,"V","<=",0.5,"P",0.320704,***,"",
1,"Gross_Functional_EN_FCB_FAULTB_OFF","","FCB_LOW_OFF_HIGH",30040,"",1,1,"OFF_PS1600",1,"1300","","",1.6,"<=",1.85716,"V","<=",2.3,"P",0.320704,***,"",
1,"Gross_Functional_EN_FCB_FAULTB_OFF","","EN_LOW_VOUT_LOW",30050,"",1,1,"VOUT4",1,"1300","","",-0.001,"<=",0.000484467,"V","<=",0.5,"P",0.320704,***,"",
1,"Gross_Functional_EN_FCB_FAULTB_OFF","","EN_LOW_OFF_HIGH",30060,"",1,1,"OFF_PS1600",1,"1300","","",1.6,"<=",1.85636,"V","<=",2.3,"P",0.320704,***,"",
1,"Gross_Functional_EN_FCB_FAULTB_OFF","","EN_FCB_HIGH_VOUT_HIGH",30070,"",1,1,"VOUT4",1,"1300","","",4.85,"<=",5.0001,"V","<=",5.1,"P",0.320704,***,"",
1,"Gross_Functional_EN_FCB_FAULTB_OFF","","EN_FCB_HIGH_OFF_LOW",30080,"",1,1,"OFF_PS1600",1,"1300","","",-0.001,"<=",0.000657352,"V","<=",0.5,"P",0.320704,***,"",
1,"Gross_Functional_EN_FCB_FAULTB_OFF","","FAULT_SET_VOUT_LOW",30090,"",1,1,"VOUT4",1,"1300","","",-0.001,"<=",-1.9073e-05,"V","<=",0.5,"P",0.320704,***,"",
1,"Gross_Functional_EN_FCB_FAULTB_OFF","","FAULT_SET_OFF_HIGH",30100,"",1,1,"OFF_PS1600",1,"1300","","",1.6,"<=",1.9011,"V","<=",2.3,"P",0.320704,***,"",
1,"Gross_Functional_EN_FCB_FAULTB_OFF","","FAULT_RESET_VOUT_HIGH",30110,"",1,1,"VOUT4",1,"1300","","",4.85,"<=",4.99998,"V","<=",5.1,"P",0.320704,***,"",
1,"Gross_Functional_EN_FCB_FAULTB_OFF","","FAULT_RESET_OFF_LOW",30120,"",1,1,"OFF_PS1600",1,"1300","","",0,"<=",0.000657352,"V","<=",0.5,"P",0.320704,***,"",
1,"Output_disabled_leakage","","IVDDDIS_VDD_3_VIN_3",40010,"",1,1,"VDD",1,"1300","","",10,"<=",118.023,"uA","<=",166.5,"P",0.13908,***,"",
1,"Output_disabled_leakage","","IVINDIS_VDD_3_VIN_3",40050,"",1,1,"VIN1",1,"1300","","",10,"<=",68.0983,"uA","<=",166.5,"P",0.13908,***,"",
1,"Output_disabled_leakage","","IOFF_VDD_3_VIN_3",40090,"",1,1,"VOUT4",1,"1300","","",-14,"<=",-1.52236,"uA","<=",11,"P",0.13908,***,"",
1,"Output_disabled_leakage","","IVDDDIS_VDD_3_VIN_20",40020,"",1,1,"VDD",1,"1300","","",10,"<=",111.052,"uA","<=",166.5,"P",0.13908,***,"",
1,"Output_disabled_leakage","","IVINDIS_VDD_3_VIN_20",40060,"",1,1,"VIN1",1,"1300","","",10,"<=",97.4368,"uA","<=",166.5,"P",0.13908,***,"",
1,"Output_disabled_leakage","","IOFF_VDD_3_VIN_20",40100,"",1,1,"VOUT4",1,"1300","","",-14,"<=",-1.49969,"uA","<=",11,"P",0.13908,***,"",
1,"Output_disabled_leakage","","IVINVDD0_VIN_3",40130,"",1,1,"VIN1",1,"1300","","",10,"<=",67.8534,"uA","<=",166.5,"P",0.13908,***,"",
1,"Output_disabled_leakage","","IOFFVDD0_VIN_3",40150,"",1,1,"VOUT4",1,"1300","","",-14,"<=",-1.26689,"uA","<=",11,"P",0.13908,***,"",
1,"Output_disabled_leakage","","IVDDDIS_VDD_20_VIN_3",40030,"",1,1,"VDD",1,"1300","","",10,"<=",138.823,"uA","<=",166.5,"P",0.13908,***,"",
1,"Output_disabled_leakage","","IVINDIS_VDD_20_VIN_3",40070,"",1,1,"VIN1",1,"1300","","",10,"<=",61.3574,"uA","<=",166.5,"P",0.13908,***,"",
1,"Output_disabled_leakage","","IOFF_VDD_20_VIN_3",40110,"",1,1,"VOUT4",1,"1300","","",-14,"<=",-1.57105,"uA","<=",11,"P",0.13908,***,"",
1,"Output_disabled_leakage","","IVDDDIS_VDD_20_VIN_20",40040,"",1,1,"VDD",1,"1300","","",10,"<=",129.476,"uA","<=",166.5,"P",0.13908,***,"",
1,"Output_disabled_leakage","","IVINDIS_VDD_20_VIN_20",40080,"",1,1,"VIN1",1,"1300","","",10,"<=",97.082,"uA","<=",166.5,"P",0.13908,***,"",
1,"Output_disabled_leakage","","IOFF_VDD_20_VIN_20",40120,"",1,1,"VOUT4",1,"1300","","",-14,"<=",-1.27127,"uA","<=",11,"P",0.13908,***,"",
1,"Output_disabled_leakage","","IVINVDD0_VIN_20",40140,"",1,1,"VIN1",1,"1300","","",10,"<=",115.788,"uA","<=",166.5,"P",0.13908,***,"",
1,"Output_disabled_leakage","","IOFFVDD0_VIN_20",40160,"",1,1,"VOUT4",1,"1300","","",-14,"<=",-2.11361,"uA","<=",11,"P",0.13908,***,"",
1,"EN_pullup_resistor","","EN0V_PULLUP_RES",50010,"",1,1,"EN0_PS1600",1,"1300","","",155,"<=",198.51,"Kohm","<=",230,"P",0.0726727,***,"",
1,"EN_pullup_resistor","","EN1V_PULLUP_RES",50020,"",1,1,"EN0_PS1600",1,"1300","","",155,"<=",199.265,"Kohm","<=",230,"P",0.0726727,***,"",
1,"EN_pullup_resistor","","EN0V_Current",50030,"",1,1,"EN0_PS1600",1,"1300","","",-11,"<=",-9.06756,"uA","<=",-7,"P",0.0726727,***,"",
1,"EN_pullup_resistor","","EN1V_Current",50040,"",1,1,"EN0_PS1600",1,"1300","","",-5.5,"<=",-4.01476,"uA","<=",-3,"P",0.0726727,***,"",
1,"Leakage_Test","","IOFF_REVERSE_VOUT_VIN_LEAKAGE_1mA",60030,"",1,1,"VIN",1,"1300","","",-331,"<=",-267.427,"mV","<=",-205,"P",0.0784865,***,"",
1,"Leakage_Test","","IOFF_REVERSE_VOUT_VIN_LEAKAGE_10mA",60040,"",1,1,"VIN",1,"1300","","",-340,"<=",-330.111,"mV","<=",-205,"P",0.0784865,***,"",
1,"Leakage_Test","","IOFF_REVERSE_VOUT_VIN_LEAKAGE_100mA",60050,"",1,1,"VIN",1,"1300","","",-331,"<=",-209.881,"mV","<=",-205,"P",0.0784865,***,"",
1,"Nominal_Input_pin_Leakages","","LEAKAGE",70010,"",1,1,"EN0_PS1600",1,"1300","","",10,"<=",24.4039,"uA","<=",40,"P",0.26063,***,"",
1,"Nominal_Input_pin_Leakages","","LEAKAGE",70060,"",1,1,"FAULTB_PS1600",1,"1300","","",-0.2,"<=",0.00616929,"uA","<=",0.2,"P",0.26063,***,"",
1,"Nominal_Input_pin_Leakages","","LEAKAGE",70020,"",1,1,"FCB_PS1600",1,"1300","","",-0.5,"<=",-0.0135203,"uA","<=",0.5,"P",0.26063,***,"",
1,"Nominal_Input_pin_Leakages","","LEAKAGE",70040,"",1,1,"ISEN_PS1600",1,"1300","","",24,"<=",26.1677,"uA","<=",50,"P",0.26063,***,"",
1,"Nominal_Input_pin_Leakages","","LEAKAGE",70030,"",1,1,"ITRIP_PS1600",1,"1300","","",14,"<=",16.3769,"uA","<=",25,"P",0.26063,***,"",
1,"Nominal_Input_pin_Leakages","","LEAKAGE",70080,"",1,1,"OFF_PS1600",1,"1300","","",-0.2,"<=",0.125301,"uA","<=",0.5,"P",0.26063,***,"",
1,"Nominal_Input_pin_Leakages","","LEAKAGE",70050,"",1,1,"SS_PS1600",1,"1300","","",20,"<=",50.6873,"uA","<=",70,"P",0.26063,***,"",
1,"Nominal_Input_pin_Leakages","","LEAKAGE",70070,"",1,1,"VBIAS_PS1600",1,"1300","","",5,"<=",28.2882,"uA","<=",40,"P",0.26063,***,"",
1,"Nominal_Input_pin_Leakages","","LEAKAGE_2V",70090,"",1,1,"OFF_PS1600",1,"1300","","",-0.5,"<=",0.0936773,"uA","<=",0.5,"P",0.26063,***,"",
1,"Output_enabled_leakage","","IVDD_VDD_3_Vin_3",80001,"",1,1,"VDD",1,"1300","","",10,"<=",100.622,"uA","<=",130,"P",0.547819,***,"",
1,"Output_enabled_leakage","","IVIN_VDD_3_Vin_3",80005,"",1,1,"VIN1",1,"1300","","",10,"<=",53.4025,"uA","<=",75,"P",0.547819,***,"",
1,"Output_enabled_leakage","","IVDD_VDD_3_Vin_20",80010,"",1,1,"VDD",1,"1300","","",10,"<=",99.9589,"uA","<=",150,"P",0.547819,***,"",
1,"Output_enabled_leakage","","IVIN_VDD_3_Vin_20",80014,"",1,1,"VIN1",1,"1300","","",10,"<=",84.0761,"uA","<=",120,"P",0.547819,***,"",
1,"Output_enabled_leakage","","IVDD_VDD_20_Vin_3",80011,"",1,1,"VDD",1,"1300","","",10,"<=",123.445,"uA","<=",150,"P",0.547819,***,"",
1,"Output_enabled_leakage","","IVIN_VDD_20_Vin_3",80015,"",1,1,"VIN1",1,"1300","","",10,"<=",54.9327,"uA","<=",75,"P",0.547819,***,"",
1,"Output_enabled_leakage","","IVDD_VDD_20_Vin_20",80012,"",1,1,"VDD",1,"1300","","",10,"<=",126.177,"uA","<=",175,"P",0.547819,***,"",
1,"Output_enabled_leakage","","IVIN_VDD_20_Vin_20",80016,"",1,1,"VIN1",1,"1300","","",10,"<=",85.6519,"uA","<=",120,"P",0.547819,***,"",
1,"SCAN","","Scan_test",330010,"_rdi_burst_SCAN_bk4_mp",1,1,"@",1,"1300","","",***,"",***," ","",***,"P",0.079737,***,"",
1,"Logic","","Logic_test",340010,"_rdi_burst_Logic_bk6_mp",1,1,"@",1,"1300","","",***,"",***," ","",***,"P",0.300591,***,"",
1,"Vreftrim","","VBIAS_VALUE_CODE0",180020,"",1,1,"VBIAS_PS1600",1,"1300","","",1.5,"<=",1.85312,"V","<=",2.5,"P",2.20645,***,"",
1,"Vreftrim","","VBIAS_VALUE_CODE1",180030,"",1,1,"VBIAS_PS1600",1,"1300","","",1.5,"<=",1.87332,"V","<=",2.5,"P",2.20645,***,"",
1,"Vreftrim","","VBIAS_VALUE_CODE2",180040,"",1,1,"VBIAS_PS1600",1,"1300","","",1.5,"<=",1.89233,"V","<=",2.5,"P",2.20645,***,"",
1,"Vreftrim","","VBIAS_VALUE_CODE3",180050,"",1,1,"VBIAS_PS1600",1,"1300","","",1.5,"<=",1.91174,"V","<=",2.5,"P",2.20645,***,"",
1,"Vreftrim","","VBIAS_VALUE_CODE4",180060,"",1,1,"VBIAS_PS1600",1,"1300","","",1.5,"<=",1.93058,"V","<=",2.5,"P",2.20645,***,"",
1,"Vreftrim","","VBIAS_VALUE_CODE5",180070,"",1,1,"VBIAS_PS1600",1,"1300","","",1.5,"<=",1.94914,"V","<=",2.5,"P",2.20645,***,"",
1,"Vreftrim","","VBIAS_VALUE_CODE6",180080,"",1,1,"VBIAS_PS1600",1,"1300","","",1.5,"<=",1.96826,"V","<=",2.5,"P",2.20645,***,"",
1,"Vreftrim","","VBIAS_VALUE_CODE7",180090,"",1,1,"VBIAS_PS1600",1,"1300","","",1.5,"<=",1.98721,"V","<=",2.5,"P",2.20645,***,"",
1,"Vreftrim","","VBIAS_VALUE_CODE8",180100,"",1,1,"VBIAS_PS1600",1,"1300","","",1.5,"<=",2.00696,"V","<=",2.5,"P",2.20645,***,"",
1,"Vreftrim","","VBIAS_VALUE_CODE9",180110,"",1,1,"VBIAS_PS1600",1,"1300","","",1.5,"<=",2.0258,"V","<=",2.5,"P",2.20645,***,"",
1,"Vreftrim","","VBIAS_VALUE_CODE10",180120,"",1,1,"VBIAS_PS1600",1,"1300","","",1.5,"<=",2.04464,"V","<=",2.5,"P",2.20645,***,"",
1,"Vreftrim","","VBIAS_VALUE_CODE11",180130,"",1,1,"VBIAS_PS1600",1,"1300","","",1.5,"<=",2.06354,"V","<=",2.5,"P",2.20645,***,"",
1,"Vreftrim","","VBIAS_VALUE_CODE12",180140,"",1,1,"VBIAS_PS1600",1,"1300","","",1.5,"<=",2.08283,"V","<=",2.5,"P",2.20645,***,"",
1,"Vreftrim","","VBIAS_VALUE_CODE13",180150,"",1,1,"VBIAS_PS1600",1,"1300","","",1.5,"<=",2.10127,"V","<=",2.5,"P",2.20645,***,"",
1,"Vreftrim","","VBIAS_VALUE_CODE14",180160,"",1,1,"VBIAS_PS1600",1,"1300","","",1.5,"<=",2.12006,"V","<=",2.5,"P",2.20645,***,"",
1,"Vreftrim","","VBIAS_VALUE_CODE15",180170,"",1,1,"VBIAS_PS1600",1,"1300","","",1.5,"<=",2.13844,"V","<=",2.5,"P",2.20645,***,"",
1,"Vreftrim","","VBIAS_VALUE_CODE16",180180,"",1,1,"VBIAS_PS1600",1,"1300","","",1.5,"<=",1.55123,"V","<=",2.5,"P",2.20645,***,"",
1,"Vreftrim","","VBIAS_VALUE_CODE17",180190,"",1,1,"VBIAS_PS1600",1,"1300","","",1.5,"<=",1.56984,"V","<=",2.5,"P",2.20645,***,"",
1,"Vreftrim","","VBIAS_VALUE_CODE18",180200,"",1,1,"VBIAS_PS1600",1,"1300","","",1.5,"<=",1.58868,"V","<=",2.5,"P",2.20645,***,"",
1,"Vreftrim","","VBIAS_VALUE_CODE19",180210,"",1,1,"VBIAS_PS1600",1,"1300","","",1.5,"<=",1.60713,"V","<=",2.5,"P",2.20645,***,"",
1,"Vreftrim","","VBIAS_VALUE_CODE20",180220,"",1,1,"VBIAS_PS1600",1,"1300","","",1.5,"<=",1.62631,"V","<=",2.5,"P",2.20645,***,"",
1,"Vreftrim","","VBIAS_VALUE_CODE21",180230,"",1,1,"VBIAS_PS1600",1,"1300","","",1.5,"<=",1.64515,"V","<=",2.5,"P",2.20645,***,"",
1,"Vreftrim","","VBIAS_VALUE_CODE22",180240,"",1,1,"VBIAS_PS1600",1,"1300","","",1.5,"<=",1.66416,"V","<=",2.5,"P",2.20645,***,"",
1,"Vreftrim","","VBIAS_VALUE_CODE23",180250,"",1,1,"VBIAS_PS1600",1,"1300","","",1.5,"<=",1.68282,"V","<=",2.5,"P",2.20645,***,"",
1,"Vreftrim","","VBIAS_VALUE_CODE24",180260,"",1,1,"VBIAS_PS1600",1,"1300","","",1.5,"<=",1.70246,"V","<=",2.5,"P",2.20645,***,"",
1,"Vreftrim","","VBIAS_VALUE_CODE25",180270,"",1,1,"VBIAS_PS1600",1,"1300","","",1.5,"<=",1.72124,"V","<=",2.5,"P",2.20645,***,"",
1,"Vreftrim","","VBIAS_VALUE_CODE26",180280,"",1,1,"VBIAS_PS1600",1,"1300","","",1.5,"<=",1.74037,"V","<=",2.5,"P",2.20645,***,"",
1,"Vreftrim","","VBIAS_VALUE_CODE27",180290,"",1,1,"VBIAS_PS1600",1,"1300","","",1.5,"<=",1.75864,"V","<=",2.5,"P",2.20645,***,"",
1,"Vreftrim","","VBIAS_VALUE_CODE28",180300,"",1,1,"VBIAS_PS1600",1,"1300","","",1.5,"<=",1.77839,"V","<=",2.5,"P",2.20645,***,"",
1,"Vreftrim","","VBIAS_VALUE_CODE29",180310,"",1,1,"VBIAS_PS1600",1,"1300","","",1.5,"<=",1.79694,"V","<=",2.5,"P",2.20645,***,"",
1,"Vreftrim","","VBIAS_VALUE_CODE30",180320,"",1,1,"VBIAS_PS1600",1,"1300","","",1.5,"<=",1.81584,"V","<=",2.5,"P",2.20645,***,"",
1,"Vreftrim","","VBIAS_VALUE_CODE31",180330,"",1,1,"VBIAS_PS1600",1,"1300","","",1.5,"<=",1.83462,"V","<=",2.5,"P",2.20645,***,"",
1,"Vreftrim","","VREF_TRIM_CODE",180010,"",1,1,"VBIAS_PS1600",1,"1300","","",0,"<=",29,"Code","<=",31,"P",2.20645,***,"",
1,"Vreftrim","","VBIAS_BEST_FIT_VALUE",180340,"",1,1,"VBIAS_PS1600",1,"1300","","",1.77,"<=",1.79694,"V","<=",1.83,"P",2.20645,***,"",
1,"SS_Current_Trim","","SS_CURRENT_CODE0",220040,"",1,1,"SS_PS1600",1,"1300","","",-16,"<=",-10.652,"uA","<=",-6,"P",2.54068,***,"",
1,"SS_Current_Trim","","SS_CURRENT_CODE1",220050,"",1,1,"SS_PS1600",1,"1300","","",-16,"<=",-10.769,"uA","<=",-6,"P",2.54068,***,"",
1,"SS_Current_Trim","","SS_CURRENT_CODE2",220060,"",1,1,"SS_PS1600",1,"1300","","",-16,"<=",-10.916,"uA","<=",-6,"P",2.54068,***,"",
1,"SS_Current_Trim","","SS_CURRENT_CODE3",220070,"",1,1,"SS_PS1600",1,"1300","","",-16,"<=",-11.073,"uA","<=",-6,"P",2.54068,***,"",
1,"SS_Current_Trim","","SS_CURRENT_CODE4",220080,"",1,1,"SS_PS1600",1,"1300","","",-16,"<=",-11.21,"uA","<=",-6,"P",2.54068,***,"",
1,"SS_Current_Trim","","SS_CURRENT_CODE5",220090,"",1,1,"SS_PS1600",1,"1300","","",-16,"<=",-11.38,"uA","<=",-6,"P",2.54068,***,"",
1,"SS_Current_Trim","","SS_CURRENT_CODE6",220100,"",1,1,"SS_PS1600",1,"1300","","",-16,"<=",-11.544,"uA","<=",-6,"P",2.54068,***,"",
1,"SS_Current_Trim","","SS_CURRENT_CODE7",220110,"",1,1,"SS_PS1600",1,"1300","","",-16,"<=",-11.694,"uA","<=",-6,"P",2.54068,***,"",
1,"SS_Current_Trim","","SS_CURRENT_CODE8",220120,"",1,1,"SS_PS1600",1,"1300","","",-16,"<=",-11.869,"uA","<=",-6,"P",2.54068,***,"",
1,"SS_Current_Trim","","SS_CURRENT_CODE9",220130,"",1,1,"SS_PS1600",1,"1300","","",-16,"<=",-12.064,"uA","<=",-6,"P",2.54068,***,"",
1,"SS_Current_Trim","","SS_CURRENT_CODE10",220140,"",1,1,"SS_PS1600",1,"1300","","",-16,"<=",-12.247,"uA","<=",-6,"P",2.54068,***,"",
1,"SS_Current_Trim","","SS_CURRENT_CODE11",220150,"",1,1,"SS_PS1600",1,"1300","","",-16,"<=",-12.417,"uA","<=",-6,"P",2.54068,***,"",
1,"SS_Current_Trim","","SS_CURRENT_CODE12",220160,"",1,1,"SS_PS1600",1,"1300","","",-16,"<=",-12.627,"uA","<=",-6,"P",2.54068,***,"",
1,"SS_Current_Trim","","SS_CURRENT_CODE13",220170,"",1,1,"SS_PS1600",1,"1300","","",-16,"<=",-12.807,"uA","<=",-6,"P",2.54068,***,"",
1,"SS_Current_Trim","","SS_CURRENT_CODE14",220180,"",1,1,"SS_PS1600",1,"1300","","",-16,"<=",-13.015,"uA","<=",-6,"P",2.54068,***,"",
1,"SS_Current_Trim","","SS_CURRENT_CODE15",220190,"",1,1,"SS_PS1600",1,"1300","","",-16,"<=",-13.251,"uA","<=",-6,"P",2.54068,***,"",
1,"SS_Current_Trim","","SS_CURRENT_CODE16",220200,"",1,1,"SS_PS1600",1,"1300","","",-16,"<=",-8.806,"uA","<=",-6,"P",2.54068,***,"",
1,"SS_Current_Trim","","SS_CURRENT_CODE17",220210,"",1,1,"SS_PS1600",1,"1300","","",-16,"<=",-8.907,"uA","<=",-6,"P",2.54068,***,"",
1,"SS_Current_Trim","","SS_CURRENT_CODE18",220220,"",1,1,"SS_PS1600",1,"1300","","",-16,"<=",-9.009,"uA","<=",-6,"P",2.54068,***,"",
1,"SS_Current_Trim","","SS_CURRENT_CODE19",220230,"",1,1,"SS_PS1600",1,"1300","","",-16,"<=",-9.095,"uA","<=",-6,"P",2.54068,***,"",
1,"SS_Current_Trim","","SS_CURRENT_CODE20",220240,"",1,1,"SS_PS1600",1,"1300","","",-16,"<=",-9.207,"uA","<=",-6,"P",2.54068,***,"",
1,"SS_Current_Trim","","SS_CURRENT_CODE21",220250,"",1,1,"SS_PS1600",1,"1300","","",-16,"<=",-9.3,"uA","<=",-6,"P",2.54068,***,"",
1,"SS_Current_Trim","","SS_CURRENT_CODE22",220260,"",1,1,"SS_PS1600",1,"1300","","",-16,"<=",-9.407,"uA","<=",-6,"P",2.54068,***,"",
1,"SS_Current_Trim","","SS_CURRENT_CODE23",220270,"",1,1,"SS_PS1600",1,"1300","","",-16,"<=",-9.529,"uA","<=",-6,"P",2.54068,***,"",
1,"SS_Current_Trim","","SS_CURRENT_CODE24",220280,"",1,1,"SS_PS1600",1,"1300","","",-16,"<=",-9.643,"uA","<=",-6,"P",2.54068,***,"",
1,"SS_Current_Trim","","SS_CURRENT_CODE25",220290,"",1,1,"SS_PS1600",1,"1300","","",-16,"<=",-9.747,"uA","<=",-6,"P",2.54068,***,"",
1,"SS_Current_Trim","","SS_CURRENT_CODE26",220300,"",1,1,"SS_PS1600",1,"1300","","",-16,"<=",-9.863,"uA","<=",-6,"P",2.54068,***,"",
1,"SS_Current_Trim","","SS_CURRENT_CODE27",220310,"",1,1,"SS_PS1600",1,"1300","","",-16,"<=",-10,"uA","<=",-6,"P",2.54068,***,"",
1,"SS_Current_Trim","","SS_CURRENT_CODE28",220320,"",1,1,"SS_PS1600",1,"1300","","",-16,"<=",-10.102,"uA","<=",-6,"P",2.54068,***,"",
1,"SS_Current_Trim","","SS_CURRENT_CODE29",220330,"",1,1,"SS_PS1600",1,"1300","","",-16,"<=",-10.246,"uA","<=",-6,"P",2.54068,***,"",
1,"SS_Current_Trim","","SS_CURRENT_CODE30",220340,"",1,1,"SS_PS1600",1,"1300","","",-16,"<=",-10.373,"uA","<=",-6,"P",2.54068,***,"",
1,"SS_Current_Trim","","SS_CURRENT_CODE31",220350,"",1,1,"SS_PS1600",1,"1300","","",-16,"<=",-10.495,"uA","<=",-6,"P",2.54068,***,"",
1,"SS_Current_Trim","","SS_CURRENT_TRIM_CODE",220030,"",1,1,"SS_PS1600",1,"1300","","",0,"<=",27,"Code","<=",31,"P",2.54068,***,"",
1,"SS_Current_Trim","","SS_CURRENT_BEST_FIT_VALUE",220360,"",1,1,"SS_PS1600",1,"1300","","",-10.4,"<=",-10,"uA","<=",-9.6,"P",2.54068,***,"",
1,"SS_Gain","","CURRENT_SS_0P1V_CODE0",230020,"",1,1,"SS_PS1600",1,"1300","","",150,"<=",446.837,"mA","<=",1800,"P",3.92911,***,"",
1,"SS_Gain","","CURRENT_SS_0P2V_CODE0",230180,"",1,1,"SS_PS1600",1,"1300","","",300,"<=",922.937,"mA","<=",3200,"P",3.92911,***,"",
1,"SS_Gain","","CURRENT_SS_0P1V_CODE1",230030,"",1,1,"SS_PS1600",1,"1300","","",150,"<=",515.941,"mA","<=",1800,"P",3.92911,***,"",
1,"SS_Gain","","CURRENT_SS_0P2V_CODE1",230190,"",1,1,"SS_PS1600",1,"1300","","",300,"<=",1054.67,"mA","<=",3200,"P",3.92911,***,"",
1,"SS_Gain","","CURRENT_SS_0P1V_CODE2",230040,"",1,1,"SS_PS1600",1,"1300","","",150,"<=",585.955,"mA","<=",1800,"P",3.92911,***,"",
1,"SS_Gain","","CURRENT_SS_0P2V_CODE2",230200,"",1,1,"SS_PS1600",1,"1300","","",300,"<=",1187.44,"mA","<=",3200,"P",3.92911,***,"",
1,"SS_Gain","","CURRENT_SS_0P1V_CODE3",230050,"",1,1,"SS_PS1600",1,"1300","","",150,"<=",656.781,"mA","<=",1800,"P",3.92911,***,"",
1,"SS_Gain","","CURRENT_SS_0P2V_CODE3",230210,"",1,1,"SS_PS1600",1,"1300","","",300,"<=",1322.07,"mA","<=",3200,"P",3.92911,***,"",
1,"SS_Gain","","CURRENT_SS_0P1V_CODE4",230060,"",1,1,"SS_PS1600",1,"1300","","",150,"<=",723.97,"mA","<=",1800,"P",3.92911,***,"",
1,"SS_Gain","","CURRENT_SS_0P2V_CODE4",230220,"",1,1,"SS_PS1600",1,"1300","","",300,"<=",1451.69,"mA","<=",3200,"P",3.92911,***,"",
1,"SS_Gain","","CURRENT_SS_0P1V_CODE5",230070,"",1,1,"SS_PS1600",1,"1300","","",150,"<=",796.535,"mA","<=",1800,"P",3.92911,***,"",
1,"SS_Gain","","CURRENT_SS_0P2V_CODE5",230230,"",1,1,"SS_PS1600",1,"1300","","",300,"<=",1588.08,"mA","<=",3200,"P",3.92911,***,"",
1,"SS_Gain","","CURRENT_SS_0P1V_CODE6",230080,"",1,1,"SS_PS1600",1,"1300","","",150,"<=",867.121,"mA","<=",1800,"P",3.92911,***,"",
1,"SS_Gain","","CURRENT_SS_0P2V_CODE6",230240,"",1,1,"SS_PS1600",1,"1300","","",300,"<=",1723.44,"mA","<=",3200,"P",3.92911,***,"",
1,"SS_Gain","","CURRENT_SS_0P1V_CODE7",230090,"",1,1,"SS_PS1600",1,"1300","","",150,"<=",937.693,"mA","<=",1800,"P",3.92911,***,"",
1,"SS_Gain","","CURRENT_SS_0P2V_CODE7",230250,"",1,1,"SS_PS1600",1,"1300","","",300,"<=",1858.28,"mA","<=",3200,"P",3.92911,***,"",
1,"SS_Gain","","CURRENT_SS_0P1V_CODE8",230100,"",1,1,"SS_PS1600",1,"1300","","",150,"<=",1005.58,"mA","<=",1800,"P",3.92911,***,"",
1,"SS_Gain","","CURRENT_SS_0P2V_CODE8",230260,"",1,1,"SS_PS1600",1,"1300","","",300,"<=",1990.56,"mA","<=",3200,"P",3.92911,***,"",
1,"SS_Gain","","CURRENT_SS_0P1V_CODE9",230110,"",1,1,"SS_PS1600",1,"1300","","",150,"<=",1079.45,"mA","<=",1800,"P",3.92911,***,"",
1,"SS_Gain","","CURRENT_SS_0P2V_CODE9",230270,"",1,1,"SS_PS1600",1,"1300","","",300,"<=",2130.22,"mA","<=",3200,"P",3.92911,***,"",
1,"SS_Gain","","CURRENT_SS_0P1V_CODE10",230120,"",1,1,"SS_PS1600",1,"1300","","",150,"<=",1151.19,"mA","<=",1800,"P",3.92911,***,"",
1,"SS_Gain","","CURRENT_SS_0P2V_CODE10",230280,"",1,1,"SS_PS1600",1,"1300","","",300,"<=",2267.54,"mA","<=",3200,"P",3.92911,***,"",
1,"SS_Gain","","CURRENT_SS_0P1V_CODE11",230130,"",1,1,"SS_PS1600",1,"1300","","",150,"<=",1221.22,"mA","<=",1800,"P",3.92911,***,"",
1,"SS_Gain","","CURRENT_SS_0P2V_CODE11",230290,"",1,1,"SS_PS1600",1,"1300","","",300,"<=",2402.71,"mA","<=",3200,"P",3.92911,***,"",
1,"SS_Gain","","CURRENT_SS_0P1V_CODE12",230140,"",1,1,"SS_PS1600",1,"1300","","",150,"<=",1293.04,"mA","<=",1800,"P",3.92911,***,"",
1,"SS_Gain","","CURRENT_SS_0P2V_CODE12",230300,"",1,1,"SS_PS1600",1,"1300","","",300,"<=",2535.67,"mA","<=",3200,"P",3.92911,***,"",
1,"SS_Gain","","CURRENT_SS_0P1V_CODE13",230150,"",1,1,"SS_PS1600",1,"1300","","",150,"<=",1364.42,"mA","<=",1800,"P",3.92911,***,"",
1,"SS_Gain","","CURRENT_SS_0P2V_CODE13",230310,"",1,1,"SS_PS1600",1,"1300","","",300,"<=",2668.36,"mA","<=",3200,"P",3.92911,***,"",
1,"SS_Gain","","CURRENT_SS_0P1V_CODE14",230160,"",1,1,"SS_PS1600",1,"1300","","",150,"<=",1436.76,"mA","<=",1800,"P",3.92911,***,"",
1,"SS_Gain","","CURRENT_SS_0P2V_CODE14",230320,"",1,1,"SS_PS1600",1,"1300","","",300,"<=",2801.7,"mA","<=",3200,"P",3.92911,***,"",
1,"SS_Gain","","CURRENT_SS_0P1V_CODE15",230170,"",1,1,"SS_PS1600",1,"1300","","",150,"<=",1511.51,"mA","<=",1800,"P",3.92911,***,"",
1,"SS_Gain","","CURRENT_SS_0P2V_CODE15",230330,"",1,1,"SS_PS1600",1,"1300","","",300,"<=",2938.39,"mA","<=",4000,"P",3.92911,***,"",
1,"SS_Gain","","SS_GAIN_TRIM_CODE",230010,"",1,1,"SS_PS1600",1,"1300","","",0,"<=",8,"Code","<=",15,"P",3.92911,***,"",
1,"SS_Gain","","BEST_CURR_SS_0p2V",230340,"",1,1,"SS_PS1600",1,"1300","","",1700,"<=",1990.56,"mA","<=",2300,"P",3.92911,***,"",
1,"SS_Gain","","BEST_CURR_SS_0p1V",230350,"",1,1,"SS_PS1600",1,"1300","","",700,"<=",1005.58,"mA","<=",1300,"P",3.92911,***,"",
1,"SS_Gain","","BEST_CURR_SS_delta",230360,"",1,1,"SS_PS1600",1,"1300","","",900,"<=",984.985,"mA","<=",1100,"P",3.92911,***,"",
1,"SSoffset_Trim","","SS_OFFSET_CURRENT_CODE0",240020,"",1,1,"SS_PS1600",1,"1300","","",-700,"<=",-472.023,"mA","<=",-100,"P",1.87225,***,"",
1,"SSoffset_Trim","","SS_OFFSET_CURRENT_CODE1",240030,"",1,1,"SS_PS1600",1,"1300","","",-700,"<=",-461.31,"mA","<=",-100,"P",1.87225,***,"",
1,"SSoffset_Trim","","SS_OFFSET_CURRENT_CODE2",240040,"",1,1,"SS_PS1600",1,"1300","","",-700,"<=",-444.666,"mA","<=",-100,"P",1.87225,***,"",
1,"SSoffset_Trim","","SS_OFFSET_CURRENT_CODE3",240050,"",1,1,"SS_PS1600",1,"1300","","",-700,"<=",-430.758,"mA","<=",-100,"P",1.87225,***,"",
1,"SSoffset_Trim","","SS_OFFSET_CURRENT_CODE4",240060,"",1,1,"SS_PS1600",1,"1300","","",-700,"<=",-416.403,"mA","<=",-100,"P",1.87225,***,"",
1,"SSoffset_Trim","","SS_OFFSET_CURRENT_CODE5",240070,"",1,1,"SS_PS1600",1,"1300","","",-700,"<=",-402.161,"mA","<=",-100,"P",1.87225,***,"",
1,"SSoffset_Trim","","SS_OFFSET_CURRENT_CODE6",240080,"",1,1,"SS_PS1600",1,"1300","","",-700,"<=",-386.921,"mA","<=",-100,"P",1.87225,***,"",
1,"SSoffset_Trim","","SS_OFFSET_CURRENT_CODE7",240090,"",1,1,"SS_PS1600",1,"1300","","",-700,"<=",-376.081,"mA","<=",-100,"P",1.87225,***,"",
1,"SSoffset_Trim","","SS_OFFSET_CURRENT_CODE8",240100,"",1,1,"SS_PS1600",1,"1300","","",-700,"<=",-361.464,"mA","<=",-100,"P",1.87225,***,"",
1,"SSoffset_Trim","","SS_OFFSET_CURRENT_CODE9",240110,"",1,1,"SS_PS1600",1,"1300","","",-700,"<=",-348.53,"mA","<=",-100,"P",1.87225,***,"",
1,"SSoffset_Trim","","SS_OFFSET_CURRENT_CODE10",240120,"",1,1,"SS_PS1600",1,"1300","","",-700,"<=",-334.713,"mA","<=",-100,"P",1.87225,***,"",
1,"SSoffset_Trim","","SS_OFFSET_CURRENT_CODE11",240130,"",1,1,"SS_PS1600",1,"1300","","",-700,"<=",-324.9,"mA","<=",-100,"P",1.87225,***,"",
1,"SSoffset_Trim","","SS_OFFSET_CURRENT_CODE12",240140,"",1,1,"SS_PS1600",1,"1300","","",-700,"<=",-309.225,"mA","<=",-100,"P",1.87225,***,"",
1,"SSoffset_Trim","","SS_OFFSET_CURRENT_CODE13",240150,"",1,1,"SS_PS1600",1,"1300","","",-700,"<=",-298.814,"mA","<=",-100,"P",1.87225,***,"",
1,"SSoffset_Trim","","SS_OFFSET_CURRENT_CODE14",240160,"",1,1,"SS_PS1600",1,"1300","","",-700,"<=",-284.245,"mA","<=",-100,"P",1.87225,***,"",
1,"SSoffset_Trim","","SS_OFFSET_CURRENT_CODE15",240170,"",1,1,"SS_PS1600",1,"1300","","",-700,"<=",-272.238,"mA","<=",-100,"P",1.87225,***,"",
1,"SSoffset_Trim","","SS_OFFSET_TRIM_CODE",240010,"",1,1,"SS_PS1600",1,"1300","","",0,"<=",5,"Code","<=",15,"P",1.87225,***,"",
1,"SSoffset_Trim","","BEST_Curr_SS_0p04V",240180,"",1,1,"SS_PS1600",1,"1300","","",-450,"<=",-402.161,"mA","<=",-350,"P",1.87225,***,"",
1,"VDD_UVLO_OTS_POR","","Low_Temp_Voltage_bank0",200130,"",1,1,"OFF_PS1600",1,"1300","","",0,"<=",0.000771185,"V","<=",0.2,"P",0.250619,***,"",
1,"VDD_UVLO_OTS_POR","","High_Temp_Voltage_bank0",200140,"",1,1,"OFF_PS1600",1,"1300","","",1.6,"<=",1.85249,"V","<=",2.3,"P",0.250619,***,"",
1,"VDD_UVLO_OTS_POR","","Low_Temp_Voltage_bank0_reset",200150,"",1,1,"OFF_PS1600",1,"1300","","",0,"<=",0.000771185,"V","<=",0.2,"P",0.250619,***,"",
1,"VDD_UVLO_OTS_POR","","Low_Temp_Voltage_bank1",200160,"",1,1,"OFF_PS1600",1,"1300","","",0,"<=",0.000771185,"V","<=",0.2,"P",0.250619,***,"",
1,"VDD_UVLO_OTS_POR","","High_Temp_Voltage_bank1",200170,"",1,1,"OFF_PS1600",1,"1300","","",1.6,"<=",1.85283,"V","<=",2.3,"P",0.250619,***,"",
1,"VDD_UVLO_OTS_POR","","Low_Temp_Voltage_bank1_reset",200180,"",1,1,"OFF_PS1600",1,"1300","","",0,"<=",0.000771185,"V","<=",0.5,"P",0.250619,***,"",
1,"UVLO_POR_redundancy","","I_ISEN_UVLO",410010,"",1,1,"VBIAS_PS1600",1,"1300","","",8,"<=",10.359,"uA","<=",13,"P",9.10616,***,"",
1,"UVLO_POR_redundancy","","I_IN_VDD3V",410020,"",1,1,"VBIAS_PS1600",1,"1300","","",-10,"<=",-2,"nA","<=",300,"P",9.10616,***,"",
1,"UVLO_POR_redundancy","","VDD_UVLO_Falling",410030,"",1,1,"VBIAS_PS1600",1,"1300","","",2,"<=",2.425,"V","<=",2.75,"P",9.10616,***,"",
1,"UVLO_POR_redundancy","","I_IN_VDD_UVLO_Falling",410040,"",1,1,"VBIAS_PS1600",1,"1300","","",8,"<=",10.3568,"uA","<=",13,"P",9.10616,***,"",
1,"UVLO_POR_redundancy","","VBIAS_POR_Falling",410050,"",1,1,"VBIAS_PS1600",1,"1300","","",1.1,"<=",1.29,"V","<=",1.45,"P",9.10616,***,"",
1,"UVLO_POR_redundancy","","I_IN_VBIAS_POR_Falling",410060,"",1,1,"VBIAS_PS1600",1,"1300","","",20,"<=",26.0888,"uA","<=",33,"P",9.10616,***,"",
1,"UVLO_POR_redundancy","","VBIAS_PORsu_Falling",410070,"",1,1,"VBIAS_PS1600",1,"1300","","",0.725,"<=",0.93,"V","<=",1.2,"P",9.10616,***,"",
1,"UVLO_POR_redundancy","","I_IN_VBIAS_PORsu_Falling",410080,"",1,1,"VBIAS_PS1600",1,"1300","","",35,"<=",42.1613,"uA","<=",50,"P",9.10616,***,"",
1,"UVLO_POR_redundancy","","VBIAS_PORsu_Rising",410090,"",1,1,"VBIAS_PS1600",1,"1300","","",0.75,"<=",1,"V","<=",1.3,"P",9.10616,***,"",
1,"UVLO_POR_redundancy","","I_IN_VBIAS_PORsu_Rising",410100,"",1,1,"VBIAS_PS1600",1,"1300","","",20,"<=",25.921,"uA","<=",32,"P",9.10616,***,"",
1,"UVLO_POR_redundancy","","PORsu_Hysteresis",410110,"",1,1,"VBIAS_PS1600",1,"1300","","",0,"<=",0.07,"","<=",0.175,"P",9.10616,***,"",
1,"UVLO_POR_redundancy","","VBIAS_POR_Rising",410120,"",1,1,"VBIAS_PS1600",1,"1300","","",1.2,"<=",1.425,"V","<=",1.6,"P",9.10616,***,"",
1,"UVLO_POR_redundancy","","I_IN_VBIAS_POR_Rising",410130,"",1,1,"VBIAS_PS1600",1,"1300","","",8,"<=",10.3187,"uA","<=",13,"P",9.10616,***,"",
1,"UVLO_POR_redundancy","","POR_Hysteresis",410140,"",1,1,"VBIAS_PS1600",1,"1300","","",0.03,"<=",0.135,"","<=",0.25,"P",9.10616,***,"",
1,"UVLO_POR_redundancy","","VDD_UVLO_Rising",410150,"",1,1,"VBIAS_PS1600",1,"1300","","",2.2,"<=",2.595,"V","<=",2.85,"P",9.10616,***,"",
1,"UVLO_POR_redundancy","","I_IN_VDD_UVLO_Rising",410160,"",1,1,"VBIAS_PS1600",1,"1300","","",-200,"<=",-10.0603,"nA","<=",200,"P",9.10616,***,"",
1,"UVLO_POR_redundancy","","VDD_UVLO_Hysteresis",410170,"",1,1,"VBIAS_PS1600",1,"1300","","",0.02,"<=",0.17,"","<=",0.3,"P",9.10616,***,"",
1,"ILIM_gain_Trim","","ILIM_GAIN_20PIMAX_CODE0",270020,"",1,1,"ITRIP_PS1600",1,"1300","","",-40,"<=",-31.933,"uA","<=",-0.001,"P",3.75866,***,"",
1,"ILIM_gain_Trim","","ILIM_GAIN_20PIMAX_CODE1",270030,"",1,1,"ITRIP_PS1600",1,"1300","","",-40,"<=",-30.971,"uA","<=",-0.001,"P",3.75866,***,"",
1,"ILIM_gain_Trim","","ILIM_GAIN_20PIMAX_CODE2",270040,"",1,1,"ITRIP_PS1600",1,"1300","","",-40,"<=",-29.88,"uA","<=",-0.001,"P",3.75866,***,"",
1,"ILIM_gain_Trim","","ILIM_GAIN_20PIMAX_CODE3",270050,"",1,1,"ITRIP_PS1600",1,"1300","","",-40,"<=",-28.88,"uA","<=",-0.001,"P",3.75866,***,"",
1,"ILIM_gain_Trim","","ILIM_GAIN_20PIMAX_CODE4",270060,"",1,1,"ITRIP_PS1600",1,"1300","","",-40,"<=",-27.898,"uA","<=",-0.001,"P",3.75866,***,"",
1,"ILIM_gain_Trim","","ILIM_GAIN_20PIMAX_CODE5",270070,"",1,1,"ITRIP_PS1600",1,"1300","","",-40,"<=",-26.9,"uA","<=",-0.001,"P",3.75866,***,"",
1,"ILIM_gain_Trim","","ILIM_GAIN_20PIMAX_CODE6",270080,"",1,1,"ITRIP_PS1600",1,"1300","","",-40,"<=",-25.815,"uA","<=",-0.001,"P",3.75866,***,"",
1,"ILIM_gain_Trim","","ILIM_GAIN_20PIMAX_CODE7",270090,"",1,1,"ITRIP_PS1600",1,"1300","","",-40,"<=",-24.815,"uA","<=",-0.001,"P",3.75866,***,"",
1,"ILIM_gain_Trim","","ILIM_GAIN_20PIMAX_CODE8",270100,"",1,1,"ITRIP_PS1600",1,"1300","","",-40,"<=",-23.734,"uA","<=",-0.001,"P",3.75866,***,"",
1,"ILIM_gain_Trim","","ILIM_GAIN_20PIMAX_CODE9",270110,"",1,1,"ITRIP_PS1600",1,"1300","","",-40,"<=",-22.712,"uA","<=",-0.001,"P",3.75866,***,"",
1,"ILIM_gain_Trim","","ILIM_GAIN_20PIMAX_CODE10",270120,"",1,1,"ITRIP_PS1600",1,"1300","","",-40,"<=",-21.636,"uA","<=",-0.001,"P",3.75866,***,"",
1,"ILIM_gain_Trim","","ILIM_GAIN_20PIMAX_CODE11",270130,"",1,1,"ITRIP_PS1600",1,"1300","","",-40,"<=",-20.623,"uA","<=",-0.001,"P",3.75866,***,"",
1,"ILIM_gain_Trim","","ILIM_GAIN_20PIMAX_CODE12",270140,"",1,1,"ITRIP_PS1600",1,"1300","","",-40,"<=",-19.669,"uA","<=",-0.001,"P",3.75866,***,"",
1,"ILIM_gain_Trim","","ILIM_GAIN_20PIMAX_CODE13",270150,"",1,1,"ITRIP_PS1600",1,"1300","","",-40,"<=",-18.649,"uA","<=",-0.001,"P",3.75866,***,"",
1,"ILIM_gain_Trim","","ILIM_GAIN_20PIMAX_CODE14",270160,"",1,1,"ITRIP_PS1600",1,"1300","","",-40,"<=",-17.561,"uA","<=",-0.001,"P",3.75866,***,"",
1,"ILIM_gain_Trim","","ILIM_GAIN_20PIMAX_CODE15",270170,"",1,1,"ITRIP_PS1600",1,"1300","","",-40,"<=",-16.558,"uA","<=",-0.001,"P",3.75866,***,"",
1,"ILIM_gain_Trim","","ILIM_GAIN_20PIMAX_CODE16",270180,"",1,1,"ITRIP_PS1600",1,"1300","","",-40,"<=",-15.455,"uA","<=",-0.001,"P",3.75866,***,"",
1,"ILIM_gain_Trim","","ILIM_GAIN_20PIMAX_CODE17",270190,"",1,1,"ITRIP_PS1600",1,"1300","","",-40,"<=",-14.442,"uA","<=",-0.001,"P",3.75866,***,"",
1,"ILIM_gain_Trim","","ILIM_GAIN_20PIMAX_CODE18",270200,"",1,1,"ITRIP_PS1600",1,"1300","","",-40,"<=",-13.357,"uA","<=",-0.001,"P",3.75866,***,"",
1,"ILIM_gain_Trim","","ILIM_GAIN_20PIMAX_CODE19",270210,"",1,1,"ITRIP_PS1600",1,"1300","","",-40,"<=",-12.344,"uA","<=",-0.001,"P",3.75866,***,"",
1,"ILIM_gain_Trim","","ILIM_GAIN_20PIMAX_CODE20",270220,"",1,1,"ITRIP_PS1600",1,"1300","","",-40,"<=",-11.387,"uA","<=",-0.001,"P",3.75866,***,"",
1,"ILIM_gain_Trim","","ILIM_GAIN_20PIMAX_CODE21",270230,"",1,1,"ITRIP_PS1600",1,"1300","","",-40,"<=",-10.375,"uA","<=",-0.001,"P",3.75866,***,"",
1,"ILIM_gain_Trim","","ILIM_GAIN_20PIMAX_CODE22",270240,"",1,1,"ITRIP_PS1600",1,"1300","","",-40,"<=",-9.289,"uA","<=",-0.001,"P",3.75866,***,"",
1,"ILIM_gain_Trim","","ILIM_GAIN_20PIMAX_CODE23",270250,"",1,1,"ITRIP_PS1600",1,"1300","","",-40,"<=",-8.279,"uA","<=",-0.001,"P",3.75866,***,"",
1,"ILIM_gain_Trim","","ILIM_GAIN_20PIMAX_CODE24",270260,"",1,1,"ITRIP_PS1600",1,"1300","","",-40,"<=",-7.198,"uA","<=",-0.001,"P",3.75866,***,"",
1,"ILIM_gain_Trim","","ILIM_GAIN_20PIMAX_CODE25",270270,"",1,1,"ITRIP_PS1600",1,"1300","","",-40,"<=",-6.186,"uA","<=",-0.001,"P",3.75866,***,"",
1,"ILIM_gain_Trim","","ILIM_GAIN_20PIMAX_CODE26",270280,"",1,1,"ITRIP_PS1600",1,"1300","","",-40,"<=",-5.103,"uA","<=",-0.001,"P",3.75866,***,"",
1,"ILIM_gain_Trim","","ILIM_GAIN_20PIMAX_CODE27",270290,"",1,1,"ITRIP_PS1600",1,"1300","","",-40,"<=",-4.09,"uA","<=",-0.001,"P",3.75866,***,"",
1,"ILIM_gain_Trim","","ILIM_GAIN_20PIMAX_CODE28",270300,"",1,1,"ITRIP_PS1600",1,"1300","","",-40,"<=",-3.128,"uA","<=",-0.001,"P",3.75866,***,"",
1,"ILIM_gain_Trim","","ILIM_GAIN_20PIMAX_CODE29",270310,"",1,1,"ITRIP_PS1600",1,"1300","","",-40,"<=",-2.116,"uA","<=",-0.001,"P",3.75866,***,"",
1,"ILIM_gain_Trim","","ILIM_GAIN_20PIMAX_CODE30",270320,"",1,1,"ITRIP_PS1600",1,"1300","","",-40,"<=",-1.032,"uA","<=",-0.001,"P",3.75866,***,"",
1,"ILIM_gain_Trim","","ILIM_GAIN_20PIMAX_CODE31",270330,"",1,1,"ITRIP_PS1600",1,"1300","","",-40,"<=",-0.017,"uA","<=",0,"P",3.75866,***,"",
1,"ILIM_gain_Trim","","ILIM_GAIN_TRIM",270010,"",1,1,"ITRIP_PS1600",1,"1300","","",0,"<=",12,"Code","<=",31,"P",3.75866,***,"",
1,"ILIM_gain_Trim","","BEST_MEAS_20pIMAX",270660,"",1,1,"ITRIP_PS1600",1,"1300","","",-22,"<=",-19.669,"uA","<=",-18,"P",3.75866,***,"",
1,"ILIM_gain_Trim","","BEST_GAIN",270680,"",1,1,"ITRIP_PS1600",1,"1300","","",75000,"<=",81346.3,"GAIN","<=",85000,"P",3.75866,***,"",
1,"ISENSE_BlockOffset_Trim_New","","ISNS_MEAS_10mAIOUT_CODE0",310020,"",1,1,"ISEN_PS1600",1,"1300","","",-17,"<=",-0.004,"uA","<=",1,"P",3.35422,***,"",
1,"ISENSE_BlockOffset_Trim_New","","ISNS_MEAS_10mAIOUT_CODE1",310030,"",1,1,"ISEN_PS1600",1,"1300","","",-17,"<=",-0.004,"uA","<=",1,"P",3.35422,***,"",
1,"ISENSE_BlockOffset_Trim_New","","ISNS_MEAS_10mAIOUT_CODE2",310040,"",1,1,"ISEN_PS1600",1,"1300","","",-17,"<=",-0.004,"uA","<=",1,"P",3.35422,***,"",
1,"ISENSE_BlockOffset_Trim_New","","ISNS_MEAS_10mAIOUT_CODE3",310050,"",1,1,"ISEN_PS1600",1,"1300","","",-17,"<=",-0.004,"uA","<=",1,"P",3.35422,***,"",
1,"ISENSE_BlockOffset_Trim_New","","ISNS_MEAS_10mAIOUT_CODE4",310060,"",1,1,"ISEN_PS1600",1,"1300","","",-17,"<=",-0.004,"uA","<=",1,"P",3.35422,***,"",
1,"ISENSE_BlockOffset_Trim_New","","ISNS_MEAS_10mAIOUT_CODE5",310070,"",1,1,"ISEN_PS1600",1,"1300","","",-17,"<=",-0.004,"uA","<=",1,"P",3.35422,***,"",
1,"ISENSE_BlockOffset_Trim_New","","ISNS_MEAS_10mAIOUT_CODE6",310080,"",1,1,"ISEN_PS1600",1,"1300","","",-17,"<=",-0.004,"uA","<=",1,"P",3.35422,***,"",
1,"ISENSE_BlockOffset_Trim_New","","ISNS_MEAS_10mAIOUT_CODE7",310090,"",1,1,"ISEN_PS1600",1,"1300","","",-17,"<=",-0.004,"uA","<=",1,"P",3.35422,***,"",
1,"ISENSE_BlockOffset_Trim_New","","ISNS_MEAS_10mAIOUT_CODE8",310100,"",1,1,"ISEN_PS1600",1,"1300","","",-17,"<=",-0.004,"uA","<=",1,"P",3.35422,***,"",
1,"ISENSE_BlockOffset_Trim_New","","ISNS_MEAS_10mAIOUT_CODE9",310110,"",1,1,"ISEN_PS1600",1,"1300","","",-17,"<=",-1.269,"uA","<=",1,"P",3.35422,***,"",
1,"ISENSE_BlockOffset_Trim_New","","ISNS_MEAS_10mAIOUT_CODE10",310120,"",1,1,"ISEN_PS1600",1,"1300","","",-17,"<=",-2.815,"uA","<=",1,"P",3.35422,***,"",
1,"ISENSE_BlockOffset_Trim_New","","ISNS_MEAS_10mAIOUT_CODE11",310130,"",1,1,"ISEN_PS1600",1,"1300","","",-17,"<=",-4.389,"uA","<=",1,"P",3.35422,***,"",
1,"ISENSE_BlockOffset_Trim_New","","ISNS_MEAS_10mAIOUT_CODE12",310140,"",1,1,"ISEN_PS1600",1,"1300","","",-17,"<=",-5.931,"uA","<=",1,"P",3.35422,***,"",
1,"ISENSE_BlockOffset_Trim_New","","ISNS_MEAS_10mAIOUT_CODE13",310150,"",1,1,"ISEN_PS1600",1,"1300","","",-17,"<=",-7.448,"uA","<=",1,"P",3.35422,***,"",
1,"ISENSE_BlockOffset_Trim_New","","ISNS_MEAS_10mAIOUT_CODE14",310160,"",1,1,"ISEN_PS1600",1,"1300","","",-17,"<=",-8.851,"uA","<=",1,"P",3.35422,***,"",
1,"ISENSE_BlockOffset_Trim_New","","ISNS_MEAS_10mAIOUT_CODE15",310170,"",1,1,"ISEN_PS1600",1,"1300","","",-17,"<=",-14.605,"uA","<=",1,"P",3.35422,***,"",
1,"ISENSE_BlockOffset_Trim_New","","ISNS_BLOCK_OFFSET_TRIM",310010,"",1,1,"ISEN_PS1600",1,"1300","","",0,"<=",8,"Code","<=",15,"P",3.35422,***,"",
1,"ISENSE_BlockOffset_Trim_New","","BEST_MEAS_10mAIOUT",310350,"",1,1,"ISEN_PS1600",1,"1300","","",-1.7,"<=",-0.004,"uA","<=",1.3,"P",3.35422,***,"",
1,"SNS_gain_Trim","","SNS_GAIN_20PIMAX_CODE0",320020,"",1,1,"ISEN_PS1600",1,"1300","","",-300,"<=",-256.359,"uA","<=",-90,"P",3.37096,***,"",
1,"SNS_gain_Trim","","SNS_GAIN_20PIMAX_CODE1",320030,"",1,1,"ISEN_PS1600",1,"1300","","",-300,"<=",-248.098,"uA","<=",-90,"P",3.37096,***,"",
1,"SNS_gain_Trim","","SNS_GAIN_20PIMAX_CODE2",320040,"",1,1,"ISEN_PS1600",1,"1300","","",-300,"<=",-239.559,"uA","<=",-90,"P",3.37096,***,"",
1,"SNS_gain_Trim","","SNS_GAIN_20PIMAX_CODE3",320050,"",1,1,"ISEN_PS1600",1,"1300","","",-300,"<=",-231.424,"uA","<=",-90,"P",3.37096,***,"",
1,"SNS_gain_Trim","","SNS_GAIN_20PIMAX_CODE4",320060,"",1,1,"ISEN_PS1600",1,"1300","","",-300,"<=",-223.138,"uA","<=",-90,"P",3.37096,***,"",
1,"SNS_gain_Trim","","SNS_GAIN_20PIMAX_CODE5",320070,"",1,1,"ISEN_PS1600",1,"1300","","",-300,"<=",-214.953,"uA","<=",-90,"P",3.37096,***,"",
1,"SNS_gain_Trim","","SNS_GAIN_20PIMAX_CODE6",320080,"",1,1,"ISEN_PS1600",1,"1300","","",-300,"<=",-206.363,"uA","<=",-90,"P",3.37096,***,"",
1,"SNS_gain_Trim","","SNS_GAIN_20PIMAX_CODE7",320090,"",1,1,"ISEN_PS1600",1,"1300","","",-300,"<=",-198.254,"uA","<=",-90,"P",3.37096,***,"",
1,"SNS_gain_Trim","","SNS_GAIN_20PIMAX_CODE8",320100,"",1,1,"ISEN_PS1600",1,"1300","","",-300,"<=",-190.321,"uA","<=",-90,"P",3.37096,***,"",
1,"SNS_gain_Trim","","SNS_GAIN_20PIMAX_CODE9",320110,"",1,1,"ISEN_PS1600",1,"1300","","",-300,"<=",-182.187,"uA","<=",-90,"P",3.37096,***,"",
1,"SNS_gain_Trim","","SNS_GAIN_20PIMAX_CODE10",320120,"",1,1,"ISEN_PS1600",1,"1300","","",-300,"<=",-173.572,"uA","<=",-90,"P",3.37096,***,"",
1,"SNS_gain_Trim","","SNS_GAIN_20PIMAX_CODE11",320130,"",1,1,"ISEN_PS1600",1,"1300","","",-300,"<=",-165.437,"uA","<=",-90,"P",3.37096,***,"",
1,"SNS_gain_Trim","","SNS_GAIN_20PIMAX_CODE12",320140,"",1,1,"ISEN_PS1600",1,"1300","","",-300,"<=",-157.151,"uA","<=",-90,"P",3.37096,***,"",
1,"SNS_gain_Trim","","SNS_GAIN_20PIMAX_CODE13",320150,"",1,1,"ISEN_PS1600",1,"1300","","",-300,"<=",-148.966,"uA","<=",-90,"P",3.37096,***,"",
1,"SNS_gain_Trim","","SNS_GAIN_20PIMAX_CODE14",320160,"",1,1,"ISEN_PS1600",1,"1300","","",-300,"<=",-140.401,"uA","<=",-90,"P",3.37096,***,"",
1,"SNS_gain_Trim","","SNS_GAIN_20PIMAX_CODE15",320170,"",1,1,"ISEN_PS1600",1,"1300","","",-300,"<=",-132.267,"uA","<=",-90,"P",3.37096,***,"",
1,"SNS_gain_Trim","","SNS_GAIN_TRIM",320010,"",1,1,"ISEN_PS1600",1,"1300","","",0,"<=",7,"Code","<=",31,"P",3.37096,***,"",
1,"SNS_gain_Trim","","BEST_MEAS_20pIMAX",320340,"",1,1,"ISEN_PS1600",1,"1300","","",-210,"<=",-198.254,"uA","<=",-190,"P",3.37096,***,"",
1,"OC_Delay_Trim","","slice0_Period",630010,"",1,1,"OFF_PS1600",1,"1300","","",400,"<=",526.071,"nS","<=",600,"P",0.364781,***,"",
1,"OC_Delay_Trim","","slice1_Period",630020,"",1,1,"OFF_PS1600",1,"1300","","",400,"<=",525.556,"nS","<=",600,"P",0.364781,***,"",
1,"OC_Delay_Trim","","slice2_Period",630030,"",1,1,"OFF_PS1600",1,"1300","","",400,"<=",525.556,"nS","<=",600,"P",0.364781,***,"",
1,"OC_Delay_Trim","","median",630040,"",1,1,"OFF_PS1600",1,"1300","","",400,"<=",525.556,"nS","<=",600,"P",0.364781,***,"",
1,"OC_Delay_Trim","","Count_Number",630050,"",1,1,"OFF_PS1600",1,"1300","","",0,"<=",22.8181,"nS","<=",40,"P",0.364781,***,"",
1,"OC_Delay_Trim","","TRIM_CODE",630060,"",1,1,"OFF_PS1600",1,"1300","","",0,"<=",7,"Code","<=",15,"P",0.364781,***,"",
1,"EFUSE_REFERENCE_CURRENT_VOLTAGE","","Efuse_Ref_Voltage",620010,"",1,1,"ISEN_PS1600",1,"1300","","",1.5,"<=",1.78038,"V","<=",2,"P",0.103765,***,"",
1,"EFUSE_REFERENCE_CURRENT_VOLTAGE","","Efuse_Ref_Current",620020,"",1,1,"ISEN_PS1600",1,"1300","","",140,"<=",204.487,"uA","<=",350,"P",0.103765,***,"",
1,"EFUSE_REFERENCE_CURRENT_VOLTAGE","","Efuse_Resistance",620030,"",1,1,"ISEN_PS1600",1,"1300","","",100,"<=",377.149,"ohm","<=",1000,"P",0.103765,***,"",
1,"EFUSE_RESISTANCE_MEASUREMENT","","BANKA_EFUSE_RESISTANCE_BIT47",480010,"",1,1,"ISEN_PS1600",1,"1300","","",65,"<=",91,"ohms","<=",200,"P",15.4845,***,"",
1,"EFUSE_RESISTANCE_MEASUREMENT","","BANKA_EFUSE_RESISTANCE_BIT46",480020,"",1,1,"ISEN_PS1600",1,"1300","","",65,"<=",91,"ohms","<=",200,"P",15.4845,***,"",
1,"EFUSE_RESISTANCE_MEASUREMENT","","BANKA_EFUSE_RESISTANCE_BIT45",480030,"",1,1,"ISEN_PS1600",1,"1300","","",65,"<=",91,"ohms","<=",200,"P",15.4845,***,"",
1,"EFUSE_RESISTANCE_MEASUREMENT","","BANKA_EFUSE_RESISTANCE_BIT44",480040,"",1,1,"ISEN_PS1600",1,"1300","","",65,"<=",79.6,"ohms","<=",200,"P",15.4845,***,"",
1,"EFUSE_RESISTANCE_MEASUREMENT","","BANKA_EFUSE_RESISTANCE_BIT43",480050,"",1,1,"ISEN_PS1600",1,"1300","","",65,"<=",79.6,"ohms","<=",200,"P",15.4845,***,"",
1,"EFUSE_RESISTANCE_MEASUREMENT","","BANKA_EFUSE_RESISTANCE_BIT42",480060,"",1,1,"ISEN_PS1600",1,"1300","","",65,"<=",91,"ohms","<=",200,"P",15.4845,***,"",
1,"EFUSE_RESISTANCE_MEASUREMENT","","BANKA_EFUSE_RESISTANCE_BIT41",480070,"",1,1,"ISEN_PS1600",1,"1300","","",65,"<=",79.6,"ohms","<=",200,"P",15.4845,***,"",
1,"EFUSE_RESISTANCE_MEASUREMENT","","BANKA_EFUSE_RESISTANCE_BIT40",480080,"",1,1,"ISEN_PS1600",1,"1300","","",65,"<=",91,"ohms","<=",200,"P",15.4845,***,"",
1,"EFUSE_RESISTANCE_MEASUREMENT","","BANKA_EFUSE_RESISTANCE_BIT39",480090,"",1,1,"ISEN_PS1600",1,"1300","","",65,"<=",91,"ohms","<=",200,"P",15.4845,***,"",
1,"EFUSE_RESISTANCE_MEASUREMENT","","BANKA_EFUSE_RESISTANCE_BIT38",480100,"",1,1,"ISEN_PS1600",1,"1300","","",65,"<=",79.6,"ohms","<=",200,"P",15.4845,***,"",
1,"EFUSE_RESISTANCE_MEASUREMENT","","BANKA_EFUSE_RESISTANCE_BIT37",480110,"",1,1,"ISEN_PS1600",1,"1300","","",65,"<=",79.6,"ohms","<=",200,"P",15.4845,***,"",
1,"EFUSE_RESISTANCE_MEASUREMENT","","BANKA_EFUSE_RESISTANCE_BIT36",480120,"",1,1,"ISEN_PS1600",1,"1300","","",65,"<=",91,"ohms","<=",200,"P",15.4845,***,"",
1,"EFUSE_RESISTANCE_MEASUREMENT","","BANKA_EFUSE_RESISTANCE_BIT35",480130,"",1,1,"ISEN_PS1600",1,"1300","","",65,"<=",79.6,"ohms","<=",200,"P",15.4845,***,"",
1,"EFUSE_RESISTANCE_MEASUREMENT","","BANKA_EFUSE_RESISTANCE_BIT34",480140,"",1,1,"ISEN_PS1600",1,"1300","","",65,"<=",79.6,"ohms","<=",200,"P",15.4845,***,"",
1,"EFUSE_RESISTANCE_MEASUREMENT","","BANKA_EFUSE_RESISTANCE_BIT33",480150,"",1,1,"ISEN_PS1600",1,"1300","","",65,"<=",91,"ohms","<=",200,"P",15.4845,***,"",
1,"EFUSE_RESISTANCE_MEASUREMENT","","BANKA_EFUSE_RESISTANCE_BIT32",480160,"",1,1,"ISEN_PS1600",1,"1300","","",65,"<=",79.6,"ohms","<=",200,"P",15.4845,***,"",
1,"EFUSE_RESISTANCE_MEASUREMENT","","BANKA_EFUSE_RESISTANCE_BIT31",480170,"",1,1,"ISEN_PS1600",1,"1300","","",65,"<=",79.6,"ohms","<=",200,"P",15.4845,***,"",
1,"EFUSE_RESISTANCE_MEASUREMENT","","BANKA_EFUSE_RESISTANCE_BIT30",480180,"",1,1,"ISEN_PS1600",1,"1300","","",65,"<=",79.6,"ohms","<=",200,"P",15.4845,***,"",
1,"EFUSE_RESISTANCE_MEASUREMENT","","BANKA_EFUSE_RESISTANCE_BIT29",480190,"",1,1,"ISEN_PS1600",1,"1300","","",65,"<=",91,"ohms","<=",200,"P",15.4845,***,"",
1,"EFUSE_RESISTANCE_MEASUREMENT","","BANKA_EFUSE_RESISTANCE_BIT28",480200,"",1,1,"ISEN_PS1600",1,"1300","","",65,"<=",79.6,"ohms","<=",200,"P",15.4845,***,"",
1,"EFUSE_RESISTANCE_MEASUREMENT","","BANKA_EFUSE_RESISTANCE_BIT27",480210,"",1,1,"ISEN_PS1600",1,"1300","","",65,"<=",91,"ohms","<=",200,"P",15.4845,***,"",
1,"EFUSE_RESISTANCE_MEASUREMENT","","BANKA_EFUSE_RESISTANCE_BIT26",480220,"",1,1,"ISEN_PS1600",1,"1300","","",65,"<=",91,"ohms","<=",200,"P",15.4845,***,"",
1,"EFUSE_RESISTANCE_MEASUREMENT","","BANKA_EFUSE_RESISTANCE_BIT25",480230,"",1,1,"ISEN_PS1600",1,"1300","","",65,"<=",91,"ohms","<=",200,"P",15.4845,***,"",
1,"EFUSE_RESISTANCE_MEASUREMENT","","BANKA_EFUSE_RESISTANCE_BIT24",480240,"",1,1,"ISEN_PS1600",1,"1300","","",65,"<=",79.6,"ohms","<=",200,"P",15.4845,***,"",
1,"EFUSE_RESISTANCE_MEASUREMENT","","BANKA_EFUSE_RESISTANCE_BIT23",480250,"",1,1,"ISEN_PS1600",1,"1300","","",65,"<=",79.6,"ohms","<=",200,"P",15.4845,***,"",
1,"EFUSE_RESISTANCE_MEASUREMENT","","BANKA_EFUSE_RESISTANCE_BIT22",480260,"",1,1,"ISEN_PS1600",1,"1300","","",65,"<=",91,"ohms","<=",200,"P",15.4845,***,"",
1,"EFUSE_RESISTANCE_MEASUREMENT","","BANKA_EFUSE_RESISTANCE_BIT21",480270,"",1,1,"ISEN_PS1600",1,"1300","","",65,"<=",79.6,"ohms","<=",200,"P",15.4845,***,"",
1,"EFUSE_RESISTANCE_MEASUREMENT","","BANKA_EFUSE_RESISTANCE_BIT20",480280,"",1,1,"ISEN_PS1600",1,"1300","","",65,"<=",79.6,"ohms","<=",200,"P",15.4845,***,"",
1,"EFUSE_RESISTANCE_MEASUREMENT","","BANKA_EFUSE_RESISTANCE_BIT19",480290,"",1,1,"ISEN_PS1600",1,"1300","","",65,"<=",91,"ohms","<=",200,"P",15.4845,***,"",
1,"EFUSE_RESISTANCE_MEASUREMENT","","BANKA_EFUSE_RESISTANCE_BIT18",480300,"",1,1,"ISEN_PS1600",1,"1300","","",65,"<=",91,"ohms","<=",200,"P",15.4845,***,"",
1,"EFUSE_RESISTANCE_MEASUREMENT","","BANKA_EFUSE_RESISTANCE_BIT17",480310,"",1,1,"ISEN_PS1600",1,"1300","","",65,"<=",68.2,"ohms","<=",200,"P",15.4845,***,"",
1,"EFUSE_RESISTANCE_MEASUREMENT","","BANKA_EFUSE_RESISTANCE_BIT16",480320,"",1,1,"ISEN_PS1600",1,"1300","","",65,"<=",79.6,"ohms","<=",200,"P",15.4845,***,"",
1,"EFUSE_RESISTANCE_MEASUREMENT","","BANKA_EFUSE_RESISTANCE_BIT15",480330,"",1,1,"ISEN_PS1600",1,"1300","","",65,"<=",91,"ohms","<=",200,"P",15.4845,***,"",
1,"EFUSE_RESISTANCE_MEASUREMENT","","BANKA_EFUSE_RESISTANCE_BIT14",480340,"",1,1,"ISEN_PS1600",1,"1300","","",65,"<=",79.6,"ohms","<=",200,"P",15.4845,***,"",
1,"EFUSE_RESISTANCE_MEASUREMENT","","BANKA_EFUSE_RESISTANCE_BIT13",480350,"",1,1,"ISEN_PS1600",1,"1300","","",65,"<=",79.6,"ohms","<=",200,"P",15.4845,***,"",
1,"EFUSE_RESISTANCE_MEASUREMENT","","BANKA_EFUSE_RESISTANCE_BIT12",480360,"",1,1,"ISEN_PS1600",1,"1300","","",65,"<=",79.6,"ohms","<=",200,"P",15.4845,***,"",
1,"EFUSE_RESISTANCE_MEASUREMENT","","BANKA_EFUSE_RESISTANCE_BIT11",480370,"",1,1,"ISEN_PS1600",1,"1300","","",65,"<=",91,"ohms","<=",200,"P",15.4845,***,"",
1,"EFUSE_RESISTANCE_MEASUREMENT","","BANKA_EFUSE_RESISTANCE_BIT10",480380,"",1,1,"ISEN_PS1600",1,"1300","","",65,"<=",79.6,"ohms","<=",200,"P",15.4845,***,"",
1,"EFUSE_RESISTANCE_MEASUREMENT","","BANKA_EFUSE_RESISTANCE_BIT9",480390,"",1,1,"ISEN_PS1600",1,"1300","","",65,"<=",91,"ohms","<=",200,"P",15.4845,***,"",
1,"EFUSE_RESISTANCE_MEASUREMENT","","BANKA_EFUSE_RESISTANCE_BIT8",480400,"",1,1,"ISEN_PS1600",1,"1300","","",65,"<=",91,"ohms","<=",200,"P",15.4845,***,"",
1,"EFUSE_RESISTANCE_MEASUREMENT","","BANKA_EFUSE_RESISTANCE_BIT7",480410,"",1,1,"ISEN_PS1600",1,"1300","","",65,"<=",68.2,"ohms","<=",200,"P",15.4845,***,"",
1,"EFUSE_RESISTANCE_MEASUREMENT","","BANKA_EFUSE_RESISTANCE_BIT6",480420,"",1,1,"ISEN_PS1600",1,"1300","","",65,"<=",79.6,"ohms","<=",200,"P",15.4845,***,"",
1,"EFUSE_RESISTANCE_MEASUREMENT","","BANKA_EFUSE_RESISTANCE_BIT5",480430,"",1,1,"ISEN_PS1600",1,"1300","","",65,"<=",91,"ohms","<=",200,"P",15.4845,***,"",
1,"EFUSE_RESISTANCE_MEASUREMENT","","BANKA_EFUSE_RESISTANCE_BIT4",480440,"",1,1,"ISEN_PS1600",1,"1300","","",65,"<=",79.6,"ohms","<=",200,"P",15.4845,***,"",
1,"EFUSE_RESISTANCE_MEASUREMENT","","BANKA_EFUSE_RESISTANCE_BIT3",480450,"",1,1,"ISEN_PS1600",1,"1300","","",65,"<=",91,"ohms","<=",200,"P",15.4845,***,"",
1,"EFUSE_RESISTANCE_MEASUREMENT","","BANKA_EFUSE_RESISTANCE_BIT2",480460,"",1,1,"ISEN_PS1600",1,"1300","","",65,"<=",91,"ohms","<=",200,"P",15.4845,***,"",
1,"EFUSE_RESISTANCE_MEASUREMENT","","BANKA_EFUSE_RESISTANCE_BIT1",480470,"",1,1,"ISEN_PS1600",1,"1300","","",65,"<=",91,"ohms","<=",200,"P",15.4845,***,"",
1,"EFUSE_RESISTANCE_MEASUREMENT","","BANKA_EFUSE_RESISTANCE_BIT0",480480,"",1,1,"ISEN_PS1600",1,"1300","","",65,"<=",91,"ohms","<=",200,"P",15.4845,***,"",
1,"EFUSE_RESISTANCE_MEASUREMENT","","BANKB_EFUSE_RESISTANCE_BIT47",480490,"",1,1,"ISEN_PS1600",1,"1300","","",65,"<=",79.6,"ohms","<=",200,"P",15.4845,***,"",
1,"EFUSE_RESISTANCE_MEASUREMENT","","BANKB_EFUSE_RESISTANCE_BIT46",480500,"",1,1,"ISEN_PS1600",1,"1300","","",65,"<=",79.6,"ohms","<=",200,"P",15.4845,***,"",
1,"EFUSE_RESISTANCE_MEASUREMENT","","BANKB_EFUSE_RESISTANCE_BIT45",480510,"",1,1,"ISEN_PS1600",1,"1300","","",65,"<=",91,"ohms","<=",200,"P",15.4845,***,"",
1,"EFUSE_RESISTANCE_MEASUREMENT","","BANKB_EFUSE_RESISTANCE_BIT44",480520,"",1,1,"ISEN_PS1600",1,"1300","","",65,"<=",79.6,"ohms","<=",200,"P",15.4845,***,"",
1,"EFUSE_RESISTANCE_MEASUREMENT","","BANKB_EFUSE_RESISTANCE_BIT43",480530,"",1,1,"ISEN_PS1600",1,"1300","","",65,"<=",79.6,"ohms","<=",200,"P",15.4845,***,"",
1,"EFUSE_RESISTANCE_MEASUREMENT","","BANKB_EFUSE_RESISTANCE_BIT42",480540,"",1,1,"ISEN_PS1600",1,"1300","","",65,"<=",79.6,"ohms","<=",200,"P",15.4845,***,"",
1,"EFUSE_RESISTANCE_MEASUREMENT","","BANKB_EFUSE_RESISTANCE_BIT41",480550,"",1,1,"ISEN_PS1600",1,"1300","","",65,"<=",91,"ohms","<=",200,"P",15.4845,***,"",
1,"EFUSE_RESISTANCE_MEASUREMENT","","BANKB_EFUSE_RESISTANCE_BIT40",480560,"",1,1,"ISEN_PS1600",1,"1300","","",65,"<=",91,"ohms","<=",200,"P",15.4845,***,"",
1,"EFUSE_RESISTANCE_MEASUREMENT","","BANKB_EFUSE_RESISTANCE_BIT39",480570,"",1,1,"ISEN_PS1600",1,"1300","","",65,"<=",91,"ohms","<=",200,"P",15.4845,***,"",
1,"EFUSE_RESISTANCE_MEASUREMENT","","BANKB_EFUSE_RESISTANCE_BIT38",480580,"",1,1,"ISEN_PS1600",1,"1300","","",65,"<=",79.6,"ohms","<=",200,"P",15.4845,***,"",
1,"EFUSE_RESISTANCE_MEASUREMENT","","BANKB_EFUSE_RESISTANCE_BIT37",480590,"",1,1,"ISEN_PS1600",1,"1300","","",65,"<=",79.6,"ohms","<=",200,"P",15.4845,***,"",
1,"EFUSE_RESISTANCE_MEASUREMENT","","BANKB_EFUSE_RESISTANCE_BIT36",480600,"",1,1,"ISEN_PS1600",1,"1300","","",65,"<=",91,"ohms","<=",200,"P",15.4845,***,"",
1,"EFUSE_RESISTANCE_MEASUREMENT","","BANKB_EFUSE_RESISTANCE_BIT35",480610,"",1,1,"ISEN_PS1600",1,"1300","","",65,"<=",91,"ohms","<=",200,"P",15.4845,***,"",
1,"EFUSE_RESISTANCE_MEASUREMENT","","BANKB_EFUSE_RESISTANCE_BIT34",480620,"",1,1,"ISEN_PS1600",1,"1300","","",65,"<=",79.6,"ohms","<=",200,"P",15.4845,***,"",
1,"EFUSE_RESISTANCE_MEASUREMENT","","BANKB_EFUSE_RESISTANCE_BIT33",480630,"",1,1,"ISEN_PS1600",1,"1300","","",65,"<=",79.6,"ohms","<=",200,"P",15.4845,***,"",
1,"EFUSE_RESISTANCE_MEASUREMENT","","BANKB_EFUSE_RESISTANCE_BIT32",480640,"",1,1,"ISEN_PS1600",1,"1300","","",65,"<=",91,"ohms","<=",200,"P",15.4845,***,"",
1,"EFUSE_RESISTANCE_MEASUREMENT","","BANKB_EFUSE_RESISTANCE_BIT31",480650,"",1,1,"ISEN_PS1600",1,"1300","","",65,"<=",79.6,"ohms","<=",200,"P",15.4845,***,"",
1,"EFUSE_RESISTANCE_MEASUREMENT","","BANKB_EFUSE_RESISTANCE_BIT30",480660,"",1,1,"ISEN_PS1600",1,"1300","","",65,"<=",79.6,"ohms","<=",200,"P",15.4845,***,"",
1,"EFUSE_RESISTANCE_MEASUREMENT","","BANKB_EFUSE_RESISTANCE_BIT29",480670,"",1,1,"ISEN_PS1600",1,"1300","","",65,"<=",79.6,"ohms","<=",200,"P",15.4845,***,"",
1,"EFUSE_RESISTANCE_MEASUREMENT","","BANKB_EFUSE_RESISTANCE_BIT28",480680,"",1,1,"ISEN_PS1600",1,"1300","","",65,"<=",91,"ohms","<=",200,"P",15.4845,***,"",
1,"EFUSE_RESISTANCE_MEASUREMENT","","BANKB_EFUSE_RESISTANCE_BIT27",480690,"",1,1,"ISEN_PS1600",1,"1300","","",65,"<=",79.6,"ohms","<=",200,"P",15.4845,***,"",
1,"EFUSE_RESISTANCE_MEASUREMENT","","BANKB_EFUSE_RESISTANCE_BIT26",480700,"",1,1,"ISEN_PS1600",1,"1300","","",65,"<=",91,"ohms","<=",200,"P",15.4845,***,"",
1,"EFUSE_RESISTANCE_MEASUREMENT","","BANKB_EFUSE_RESISTANCE_BIT25",480710,"",1,1,"ISEN_PS1600",1,"1300","","",65,"<=",79.6,"ohms","<=",200,"P",15.4845,***,"",
1,"EFUSE_RESISTANCE_MEASUREMENT","","BANKB_EFUSE_RESISTANCE_BIT24",480720,"",1,1,"ISEN_PS1600",1,"1300","","",65,"<=",91,"ohms","<=",200,"P",15.4845,***,"",
1,"EFUSE_RESISTANCE_MEASUREMENT","","BANKB_EFUSE_RESISTANCE_BIT23",480730,"",1,1,"ISEN_PS1600",1,"1300","","",65,"<=",79.6,"ohms","<=",200,"P",15.4845,***,"",
1,"EFUSE_RESISTANCE_MEASUREMENT","","BANKB_EFUSE_RESISTANCE_BIT22",480740,"",1,1,"ISEN_PS1600",1,"1300","","",65,"<=",79.6,"ohms","<=",200,"P",15.4845,***,"",
1,"EFUSE_RESISTANCE_MEASUREMENT","","BANKB_EFUSE_RESISTANCE_BIT21",480750,"",1,1,"ISEN_PS1600",1,"1300","","",65,"<=",79.6,"ohms","<=",200,"P",15.4845,***,"",
1,"EFUSE_RESISTANCE_MEASUREMENT","","BANKB_EFUSE_RESISTANCE_BIT20",480760,"",1,1,"ISEN_PS1600",1,"1300","","",65,"<=",79.6,"ohms","<=",200,"P",15.4845,***,"",
1,"EFUSE_RESISTANCE_MEASUREMENT","","BANKB_EFUSE_RESISTANCE_BIT19",480770,"",1,1,"ISEN_PS1600",1,"1300","","",65,"<=",68.2,"ohms","<=",200,"P",15.4845,***,"",
1,"EFUSE_RESISTANCE_MEASUREMENT","","BANKB_EFUSE_RESISTANCE_BIT18",480780,"",1,1,"ISEN_PS1600",1,"1300","","",65,"<=",91,"ohms","<=",200,"P",15.4845,***,"",
1,"EFUSE_RESISTANCE_MEASUREMENT","","BANKB_EFUSE_RESISTANCE_BIT17",480790,"",1,1,"ISEN_PS1600",1,"1300","","",65,"<=",91,"ohms","<=",200,"P",15.4845,***,"",
1,"EFUSE_RESISTANCE_MEASUREMENT","","BANKB_EFUSE_RESISTANCE_BIT16",480800,"",1,1,"ISEN_PS1600",1,"1300","","",65,"<=",79.6,"ohms","<=",200,"P",15.4845,***,"",
1,"EFUSE_RESISTANCE_MEASUREMENT","","BANKB_EFUSE_RESISTANCE_BIT15",480810,"",1,1,"ISEN_PS1600",1,"1300","","",65,"<=",91,"ohms","<=",200,"P",15.4845,***,"",
1,"EFUSE_RESISTANCE_MEASUREMENT","","BANKB_EFUSE_RESISTANCE_BIT14",480820,"",1,1,"ISEN_PS1600",1,"1300","","",65,"<=",91,"ohms","<=",200,"P",15.4845,***,"",
1,"EFUSE_RESISTANCE_MEASUREMENT","","BANKB_EFUSE_RESISTANCE_BIT13",480830,"",1,1,"ISEN_PS1600",1,"1300","","",65,"<=",79.6,"ohms","<=",200,"P",15.4845,***,"",
1,"EFUSE_RESISTANCE_MEASUREMENT","","BANKB_EFUSE_RESISTANCE_BIT12",480840,"",1,1,"ISEN_PS1600",1,"1300","","",65,"<=",91,"ohms","<=",200,"P",15.4845,***,"",
1,"EFUSE_RESISTANCE_MEASUREMENT","","BANKB_EFUSE_RESISTANCE_BIT11",480850,"",1,1,"ISEN_PS1600",1,"1300","","",65,"<=",91,"ohms","<=",200,"P",15.4845,***,"",
1,"EFUSE_RESISTANCE_MEASUREMENT","","BANKB_EFUSE_RESISTANCE_BIT10",480860,"",1,1,"ISEN_PS1600",1,"1300","","",65,"<=",79.6,"ohms","<=",200,"P",15.4845,***,"",
1,"EFUSE_RESISTANCE_MEASUREMENT","","BANKB_EFUSE_RESISTANCE_BIT9",480870,"",1,1,"ISEN_PS1600",1,"1300","","",65,"<=",79.6,"ohms","<=",200,"P",15.4845,***,"",
1,"EFUSE_RESISTANCE_MEASUREMENT","","BANKB_EFUSE_RESISTANCE_BIT8",480880,"",1,1,"ISEN_PS1600",1,"1300","","",65,"<=",91,"ohms","<=",200,"P",15.4845,***,"",
1,"EFUSE_RESISTANCE_MEASUREMENT","","BANKB_EFUSE_RESISTANCE_BIT7",480890,"",1,1,"ISEN_PS1600",1,"1300","","",65,"<=",79.6,"ohms","<=",200,"P",15.4845,***,"",
1,"EFUSE_RESISTANCE_MEASUREMENT","","BANKB_EFUSE_RESISTANCE_BIT6",480900,"",1,1,"ISEN_PS1600",1,"1300","","",65,"<=",79.6,"ohms","<=",200,"P",15.4845,***,"",
1,"EFUSE_RESISTANCE_MEASUREMENT","","BANKB_EFUSE_RESISTANCE_BIT5",480910,"",1,1,"ISEN_PS1600",1,"1300","","",65,"<=",79.6,"ohms","<=",200,"P",15.4845,***,"",
1,"EFUSE_RESISTANCE_MEASUREMENT","","BANKB_EFUSE_RESISTANCE_BIT4",480920,"",1,1,"ISEN_PS1600",1,"1300","","",65,"<=",91,"ohms","<=",200,"P",15.4845,***,"",
1,"EFUSE_RESISTANCE_MEASUREMENT","","BANKB_EFUSE_RESISTANCE_BIT3",480930,"",1,1,"ISEN_PS1600",1,"1300","","",65,"<=",79.6,"ohms","<=",200,"P",15.4845,***,"",
1,"EFUSE_RESISTANCE_MEASUREMENT","","BANKB_EFUSE_RESISTANCE_BIT2",480940,"",1,1,"ISEN_PS1600",1,"1300","","",65,"<=",79.6,"ohms","<=",200,"P",15.4845,***,"",
1,"EFUSE_RESISTANCE_MEASUREMENT","","BANKB_EFUSE_RESISTANCE_BIT1",480950,"",1,1,"ISEN_PS1600",1,"1300","","",65,"<=",79.6,"ohms","<=",200,"P",15.4845,***,"",
1,"EFUSE_RESISTANCE_MEASUREMENT","","BANKB_EFUSE_RESISTANCE_BIT0",480960,"",1,1,"ISEN_PS1600",1,"1300","","",65,"<=",79.6,"ohms","<=",200,"P",15.4845,***,"",
1,"PRE_BURN_PASS_FET_LEAKAGE","","PRE_Forward_Leakage_FET",470010,"",1,1,"ISEN_PS1600",1,"1300","","",-20,"<=",-3,"nA","<=",20,"P",0.145231,***,"",
1,"PRE_BURN_PASS_FET_LEAKAGE","","PRE_Reverse_Leakage_FET",470020,"",1,1,"ISEN_PS1600",1,"1300","","",-20,"<=",-5,"nA","<=",20,"P",0.145231,***,"",
1,"EFUSE_BURN","","EFUSE_BURN_DONE",850010,"",1,1,"@",1,"1300","","",1,"<=",1,"","<=",1,"P",15.7901,***,"",
1,"eFUSE_burn_readmargin","","BANKA_READMARGIN_UNBLOWN_BIT_0",430010,"",1,1,"OFF_PS1600",1,"1300","","",0,"<=",0,"","<=",0,"P",23.7395,***,"",
1,"eFUSE_burn_readmargin","","BANKA_UNBURN_BIT_0",430490,"",1,1,"OFF_PS1600",1,"1300","","",0,"<=",0,"","<=",0,"P",23.7395,***,"",
1,"eFUSE_burn_readmargin","","BANKA_BIT_UNBLOWN_TRUE_0",430970,"",1,1,"OFF_PS1600",1,"1300","","",1,"<=",1,"","<=",1,"P",23.7395,***,"",
1,"eFUSE_burn_readmargin","","BANKA_READMARGIN_UNBLOWN_BIT_1",430020,"",1,1,"OFF_PS1600",1,"1300","","",0,"<=",0,"","<=",0,"P",23.7395,***,"",
1,"eFUSE_burn_readmargin","","BANKA_UNBURN_BIT_1",430500,"",1,1,"OFF_PS1600",1,"1300","","",0,"<=",0,"","<=",0,"P",23.7395,***,"",
1,"eFUSE_burn_readmargin","","BANKA_BIT_UNBLOWN_TRUE_1",430980,"",1,1,"OFF_PS1600",1,"1300","","",1,"<=",1,"","<=",1,"P",23.7395,***,"",
1,"eFUSE_burn_readmargin","","BANKA_READMARGIN_UNBLOWN_BIT_2",430030,"",1,1,"OFF_PS1600",1,"1300","","",0,"<=",0,"","<=",0,"P",23.7395,***,"",
1,"eFUSE_burn_readmargin","","BANKA_UNBURN_BIT_2",430510,"",1,1,"OFF_PS1600",1,"1300","","",0,"<=",0,"","<=",0,"P",23.7395,***,"",
1,"eFUSE_burn_readmargin","","BANKA_BIT_UNBLOWN_TRUE_2",430990,"",1,1,"OFF_PS1600",1,"1300","","",1,"<=",1,"","<=",1,"P",23.7395,***,"",
1,"eFUSE_burn_readmargin","","BANKA_READMARGIN_UNBLOWN_BIT_3",430040,"",1,1,"OFF_PS1600",1,"1300","","",0,"<=",0,"","<=",0,"P",23.7395,***,"",
1,"eFUSE_burn_readmargin","","BANKA_UNBURN_BIT_3",430520,"",1,1,"OFF_PS1600",1,"1300","","",0,"<=",0,"","<=",0,"P",23.7395,***,"",
1,"eFUSE_burn_readmargin","","BANKA_BIT_UNBLOWN_TRUE_3",431000,"",1,1,"OFF_PS1600",1,"1300","","",1,"<=",1,"","<=",1,"P",23.7395,***,"",
1,"eFUSE_burn_readmargin","","BANKA_READMARGIN_UNBLOWN_BIT_4",430050,"",1,1,"OFF_PS1600",1,"1300","","",0,"<=",0,"","<=",0,"P",23.7395,***,"",
1,"eFUSE_burn_readmargin","","BANKA_UNBURN_BIT_4",430530,"",1,1,"OFF_PS1600",1,"1300","","",0,"<=",0,"","<=",0,"P",23.7395,***,"",
1,"eFUSE_burn_readmargin","","BANKA_BIT_UNBLOWN_TRUE_4",431010,"",1,1,"OFF_PS1600",1,"1300","","",1,"<=",1,"","<=",1,"P",23.7395,***,"",
1,"eFUSE_burn_readmargin","","BANKA_READMARGIN_BLOWN_BIT_5",530060,"",1,1,"OFF_PS1600",1,"1300","","",1,"<=",1,"","<=",1,"P",23.7395,***,"",
1,"eFUSE_burn_readmargin","","BANKA_BURN_BIT_5",530540,"",1,1,"OFF_PS1600",1,"1300","","",1,"<=",1,"","<=",1,"P",23.7395,***,"",
1,"eFUSE_burn_readmargin","","BANKA_BIT_BLOWN_TRUE_5",531020,"",1,1,"OFF_PS1600",1,"1300","","",1,"<=",1,"","<=",1,"P",23.7395,***,"",
1,"eFUSE_burn_readmargin","","BANKA_READMARGIN_UNBLOWN_BIT_6",430070,"",1,1,"OFF_PS1600",1,"1300","","",0,"<=",0,"","<=",0,"P",23.7395,***,"",
1,"eFUSE_burn_readmargin","","BANKA_UNBURN_BIT_6",430550,"",1,1,"OFF_PS1600",1,"1300","","",0,"<=",0,"","<=",0,"P",23.7395,***,"",
1,"eFUSE_burn_readmargin","","BANKA_BIT_UNBLOWN_TRUE_6",431030,"",1,1,"OFF_PS1600",1,"1300","","",1,"<=",1,"","<=",1,"P",23.7395,***,"",
1,"eFUSE_burn_readmargin","","BANKA_READMARGIN_BLOWN_BIT_7",530080,"",1,1,"OFF_PS1600",1,"1300","","",1,"<=",1,"","<=",1,"P",34.7531,***,"",
1,"eFUSE_burn_readmargin","","BANKA_BURN_BIT_7",530560,"",1,1,"OFF_PS1600",1,"1300","","",1,"<=",1,"","<=",1,"P",34.7531,***,"",
1,"eFUSE_burn_readmargin","","BANKA_BIT_BLOWN_TRUE_7",531040,"",1,1,"OFF_PS1600",1,"1300","","",1,"<=",1,"","<=",1,"P",34.7531,***,"",
1,"eFUSE_burn_readmargin","","BANKA_READMARGIN_BLOWN_BIT_8",530090,"",1,1,"OFF_PS1600",1,"1300","","",1,"<=",1,"","<=",1,"P",133.614,***,"",
1,"eFUSE_burn_readmargin","","BANKA_BURN_BIT_8",530570,"",1,1,"OFF_PS1600",1,"1300","","",1,"<=",1,"","<=",1,"P",133.614,***,"",
1,"eFUSE_burn_readmargin","","BANKA_BIT_BLOWN_TRUE_8",531050,"",1,1,"OFF_PS1600",1,"1300","","",1,"<=",1,"","<=",1,"P",133.614,***,"",
1,"eFUSE_burn_readmargin","","BANKA_READMARGIN_BLOWN_BIT_9",530100,"",1,1,"OFF_PS1600",1,"1300","","",1,"<=",1,"","<=",1,"P",133.614,***,"",
1,"eFUSE_burn_readmargin","","BANKA_BURN_BIT_9",530580,"",1,1,"OFF_PS1600",1,"1300","","",1,"<=",1,"","<=",1,"P",133.614,***,"",
1,"eFUSE_burn_readmargin","","BANKA_BIT_BLOWN_TRUE_9",531060,"",1,1,"OFF_PS1600",1,"1300","","",1,"<=",1,"","<=",1,"P",133.614,***,"",
1,"eFUSE_burn_readmargin","","BANKA_READMARGIN_UNBLOWN_BIT_10",430110,"",1,1,"OFF_PS1600",1,"1300","","",0,"<=",0,"","<=",0,"P",133.614,***,"",
1,"eFUSE_burn_readmargin","","BANKA_UNBURN_BIT_10",430590,"",1,1,"OFF_PS1600",1,"1300","","",0,"<=",0,"","<=",0,"P",133.614,***,"",
1,"eFUSE_burn_readmargin","","BANKA_BIT_UNBLOWN_TRUE_10",431070,"",1,1,"OFF_PS1600",1,"1300","","",1,"<=",1,"","<=",1,"P",133.614,***,"",
1,"eFUSE_burn_readmargin","","BANKA_READMARGIN_UNBLOWN_BIT_11",430120,"",1,1,"OFF_PS1600",1,"1300","","",0,"<=",0,"","<=",0,"P",34.7523,***,"",
1,"eFUSE_burn_readmargin","","BANKA_UNBURN_BIT_11",430600,"",1,1,"OFF_PS1600",1,"1300","","",0,"<=",0,"","<=",0,"P",34.7523,***,"",
1,"eFUSE_burn_readmargin","","BANKA_BIT_UNBLOWN_TRUE_11",431080,"",1,1,"OFF_PS1600",1,"1300","","",1,"<=",1,"","<=",1,"P",34.7523,***,"",
1,"eFUSE_burn_readmargin","","BANKA_READMARGIN_UNBLOWN_BIT_12",430130,"",1,1,"OFF_PS1600",1,"1300","","",0,"<=",0,"","<=",0,"P",45.6797,***,"",
1,"eFUSE_burn_readmargin","","BANKA_UNBURN_BIT_12",430610,"",1,1,"OFF_PS1600",1,"1300","","",0,"<=",0,"","<=",0,"P",45.6797,***,"",
1,"eFUSE_burn_readmargin","","BANKA_BIT_UNBLOWN_TRUE_12",431090,"",1,1,"OFF_PS1600",1,"1300","","",1,"<=",1,"","<=",1,"P",45.6797,***,"",
1,"eFUSE_burn_readmargin","","BANKA_READMARGIN_UNBLOWN_BIT_13",430140,"",1,1,"OFF_PS1600",1,"1300","","",0,"<=",0,"","<=",0,"P",23.7395,***,"",
1,"eFUSE_burn_readmargin","","BANKA_UNBURN_BIT_13",430620,"",1,1,"OFF_PS1600",1,"1300","","",0,"<=",0,"","<=",0,"P",23.7395,***,"",
1,"eFUSE_burn_readmargin","","BANKA_BIT_UNBLOWN_TRUE_13",431100,"",1,1,"OFF_PS1600",1,"1300","","",1,"<=",1,"","<=",1,"P",23.7395,***,"",
1,"eFUSE_burn_readmargin","","BANKA_READMARGIN_BLOWN_BIT_14",530150,"",1,1,"OFF_PS1600",1,"1300","","",1,"<=",1,"","<=",1,"P",23.7395,***,"",
1,"eFUSE_burn_readmargin","","BANKA_BURN_BIT_14",530630,"",1,1,"OFF_PS1600",1,"1300","","",1,"<=",1,"","<=",1,"P",23.7395,***,"",
1,"eFUSE_burn_readmargin","","BANKA_BIT_BLOWN_TRUE_14",531110,"",1,1,"OFF_PS1600",1,"1300","","",1,"<=",1,"","<=",1,"P",23.7395,***,"",
1,"eFUSE_burn_readmargin","","BANKA_READMARGIN_BLOWN_BIT_15",530160,"",1,1,"OFF_PS1600",1,"1300","","",1,"<=",1,"","<=",1,"P",28.1464,***,"",
1,"eFUSE_burn_readmargin","","BANKA_BURN_BIT_15",530640,"",1,1,"OFF_PS1600",1,"1300","","",1,"<=",1,"","<=",1,"P",28.1464,***,"",
1,"eFUSE_burn_readmargin","","BANKA_BIT_BLOWN_TRUE_15",531120,"",1,1,"OFF_PS1600",1,"1300","","",1,"<=",1,"","<=",1,"P",28.1464,***,"",
1,"eFUSE_burn_readmargin","","BANKA_READMARGIN_BLOWN_BIT_16",530170,"",1,1,"OFF_PS1600",1,"1300","","",1,"<=",1,"","<=",1,"P",23.7395,***,"",
1,"eFUSE_burn_readmargin","","BANKA_BURN_BIT_16",530650,"",1,1,"OFF_PS1600",1,"1300","","",1,"<=",1,"","<=",1,"P",23.7395,***,"",
1,"eFUSE_burn_readmargin","","BANKA_BIT_BLOWN_TRUE_16",531130,"",1,1,"OFF_PS1600",1,"1300","","",1,"<=",1,"","<=",1,"P",23.7395,***,"",
1,"eFUSE_burn_readmargin","","BANKA_READMARGIN_BLOWN_BIT_17",530180,"",1,1,"OFF_PS1600",1,"1300","","",1,"<=",1,"","<=",1,"P",23.7395,***,"",
1,"eFUSE_burn_readmargin","","BANKA_BURN_BIT_17",530660,"",1,1,"OFF_PS1600",1,"1300","","",1,"<=",1,"","<=",1,"P",23.7395,***,"",
1,"eFUSE_burn_readmargin","","BANKA_BIT_BLOWN_TRUE_17",531140,"",1,1,"OFF_PS1600",1,"1300","","",1,"<=",1,"","<=",1,"P",23.7395,***,"",
1,"eFUSE_burn_readmargin","","BANKA_READMARGIN_UNBLOWN_BIT_18",430190,"",1,1,"OFF_PS1600",1,"1300","","",0,"<=",0,"","<=",0,"P",23.7395,***,"",
1,"eFUSE_burn_readmargin","","BANKA_UNBURN_BIT_18",430670,"",1,1,"OFF_PS1600",1,"1300","","",0,"<=",0,"","<=",0,"P",23.7395,***,"",
1,"eFUSE_burn_readmargin","","BANKA_BIT_UNBLOWN_TRUE_18",431150,"",1,1,"OFF_PS1600",1,"1300","","",1,"<=",1,"","<=",1,"P",23.7395,***,"",
1,"eFUSE_burn_readmargin","","BANKA_READMARGIN_UNBLOWN_BIT_19",430200,"",1,1,"OFF_PS1600",1,"1300","","",0,"<=",0,"","<=",0,"P",23.7395,***,"",
1,"eFUSE_burn_readmargin","","BANKA_UNBURN_BIT_19",430680,"",1,1,"OFF_PS1600",1,"1300","","",0,"<=",0,"","<=",0,"P",23.7395,***,"",
1,"eFUSE_burn_readmargin","","BANKA_BIT_UNBLOWN_TRUE_19",431160,"",1,1,"OFF_PS1600",1,"1300","","",1,"<=",1,"","<=",1,"P",23.7395,***,"",
1,"eFUSE_burn_readmargin","","BANKA_READMARGIN_UNBLOWN_BIT_20",430210,"",1,1,"OFF_PS1600",1,"1300","","",0,"<=",0,"","<=",0,"P",23.7395,***,"",
1,"eFUSE_burn_readmargin","","BANKA_UNBURN_BIT_20",430690,"",1,1,"OFF_PS1600",1,"1300","","",0,"<=",0,"","<=",0,"P",23.7395,***,"",
1,"eFUSE_burn_readmargin","","BANKA_BIT_UNBLOWN_TRUE_20",431170,"",1,1,"OFF_PS1600",1,"1300","","",1,"<=",1,"","<=",1,"P",23.7395,***,"",
1,"eFUSE_burn_readmargin","","BANKA_READMARGIN_UNBLOWN_BIT_21",430220,"",1,1,"OFF_PS1600",1,"1300","","",0,"<=",0,"","<=",0,"P",23.7395,***,"",
1,"eFUSE_burn_readmargin","","BANKA_UNBURN_BIT_21",430700,"",1,1,"OFF_PS1600",1,"1300","","",0,"<=",0,"","<=",0,"P",23.7395,***,"",
1,"eFUSE_burn_readmargin","","BANKA_BIT_UNBLOWN_TRUE_21",431180,"",1,1,"OFF_PS1600",1,"1300","","",1,"<=",1,"","<=",1,"P",23.7395,***,"",
1,"eFUSE_burn_readmargin","","BANKA_READMARGIN_UNBLOWN_BIT_22",430230,"",1,1,"OFF_PS1600",1,"1300","","",0,"<=",0,"","<=",0,"P",23.7395,***,"",
1,"eFUSE_burn_readmargin","","BANKA_UNBURN_BIT_22",430710,"",1,1,"OFF_PS1600",1,"1300","","",0,"<=",0,"","<=",0,"P",23.7395,***,"",
1,"eFUSE_burn_readmargin","","BANKA_BIT_UNBLOWN_TRUE_22",431190,"",1,1,"OFF_PS1600",1,"1300","","",1,"<=",1,"","<=",1,"P",23.7395,***,"",
1,"eFUSE_burn_readmargin","","BANKA_READMARGIN_UNBLOWN_BIT_23",430240,"",1,1,"OFF_PS1600",1,"1300","","",0,"<=",0,"","<=",0,"P",23.7395,***,"",
1,"eFUSE_burn_readmargin","","BANKA_UNBURN_BIT_23",430720,"",1,1,"OFF_PS1600",1,"1300","","",0,"<=",0,"","<=",0,"P",23.7395,***,"",
1,"eFUSE_burn_readmargin","","BANKA_BIT_UNBLOWN_TRUE_23",431200,"",1,1,"OFF_PS1600",1,"1300","","",1,"<=",1,"","<=",1,"P",23.7395,***,"",
1,"eFUSE_burn_readmargin","","BANKA_READMARGIN_UNBLOWN_BIT_24",430250,"",1,1,"OFF_PS1600",1,"1300","","",0,"<=",0,"","<=",0,"P",28.1462,***,"",
1,"eFUSE_burn_readmargin","","BANKA_UNBURN_BIT_24",430730,"",1,1,"OFF_PS1600",1,"1300","","",0,"<=",0,"","<=",0,"P",28.1462,***,"",
1,"eFUSE_burn_readmargin","","BANKA_BIT_UNBLOWN_TRUE_24",431210,"",1,1,"OFF_PS1600",1,"1300","","",1,"<=",1,"","<=",1,"P",28.1462,***,"",
1,"eFUSE_burn_readmargin","","BANKA_READMARGIN_UNBLOWN_BIT_25",430260,"",1,1,"OFF_PS1600",1,"1300","","",0,"<=",0,"","<=",0,"P",23.7395,***,"",
1,"eFUSE_burn_readmargin","","BANKA_UNBURN_BIT_25",430740,"",1,1,"OFF_PS1600",1,"1300","","",0,"<=",0,"","<=",0,"P",23.7395,***,"",
1,"eFUSE_burn_readmargin","","BANKA_BIT_UNBLOWN_TRUE_25",431220,"",1,1,"OFF_PS1600",1,"1300","","",1,"<=",1,"","<=",1,"P",23.7395,***,"",
1,"eFUSE_burn_readmargin","","BANKA_READMARGIN_BLOWN_BIT_26",530270,"",1,1,"OFF_PS1600",1,"1300","","",1,"<=",1,"","<=",1,"P",23.7395,***,"",
1,"eFUSE_burn_readmargin","","BANKA_BURN_BIT_26",530750,"",1,1,"OFF_PS1600",1,"1300","","",1,"<=",1,"","<=",1,"P",23.7395,***,"",
1,"eFUSE_burn_readmargin","","BANKA_BIT_BLOWN_TRUE_26",531230,"",1,1,"OFF_PS1600",1,"1300","","",1,"<=",1,"","<=",1,"P",23.7395,***,"",
1,"eFUSE_burn_readmargin","","BANKA_READMARGIN_BLOWN_BIT_27",530280,"",1,1,"OFF_PS1600",1,"1300","","",1,"<=",1,"","<=",1,"P",23.7395,***,"",
1,"eFUSE_burn_readmargin","","BANKA_BURN_BIT_27",530760,"",1,1,"OFF_PS1600",1,"1300","","",1,"<=",1,"","<=",1,"P",23.7395,***,"",
1,"eFUSE_burn_readmargin","","BANKA_BIT_BLOWN_TRUE_27",531240,"",1,1,"OFF_PS1600",1,"1300","","",1,"<=",1,"","<=",1,"P",23.7395,***,"",
1,"eFUSE_burn_readmargin","","BANKA_READMARGIN_UNBLOWN_BIT_28",430290,"",1,1,"OFF_PS1600",1,"1300","","",0,"<=",0,"","<=",0,"P",23.7395,***,"",
1,"eFUSE_burn_readmargin","","BANKA_UNBURN_BIT_28",430770,"",1,1,"OFF_PS1600",1,"1300","","",0,"<=",0,"","<=",0,"P",23.7395,***,"",
1,"eFUSE_burn_readmargin","","BANKA_BIT_UNBLOWN_TRUE_28",431250,"",1,1,"OFF_PS1600",1,"1300","","",1,"<=",1,"","<=",1,"P",23.7395,***,"",
1,"eFUSE_burn_readmargin","","BANKA_READMARGIN_BLOWN_BIT_29",530300,"",1,1,"OFF_PS1600",1,"1300","","",1,"<=",1,"","<=",1,"P",45.6738,***,"",
1,"eFUSE_burn_readmargin","","BANKA_BURN_BIT_29",530780,"",1,1,"OFF_PS1600",1,"1300","","",1,"<=",1,"","<=",1,"P",45.6738,***,"",
1,"eFUSE_burn_readmargin","","BANKA_BIT_BLOWN_TRUE_29",531260,"",1,1,"OFF_PS1600",1,"1300","","",1,"<=",1,"","<=",1,"P",45.6738,***,"",
1,"eFUSE_burn_readmargin","","BANKA_READMARGIN_UNBLOWN_BIT_30",430310,"",1,1,"OFF_PS1600",1,"1300","","",0,"<=",0,"","<=",0,"P",45.6797,***,"",
1,"eFUSE_burn_readmargin","","BANKA_UNBURN_BIT_30",430790,"",1,1,"OFF_PS1600",1,"1300","","",0,"<=",0,"","<=",0,"P",45.6797,***,"",
1,"eFUSE_burn_readmargin","","BANKA_BIT_UNBLOWN_TRUE_30",431270,"",1,1,"OFF_PS1600",1,"1300","","",1,"<=",1,"","<=",1,"P",45.6797,***,"",
1,"eFUSE_burn_readmargin","","BANKA_READMARGIN_BLOWN_BIT_31",530320,"",1,1,"OFF_PS1600",1,"1300","","",1,"<=",1,"","<=",1,"P",34.6861,***,"",
1,"eFUSE_burn_readmargin","","BANKA_BURN_BIT_31",530800,"",1,1,"OFF_PS1600",1,"1300","","",1,"<=",1,"","<=",1,"P",34.6861,***,"",
1,"eFUSE_burn_readmargin","","BANKA_BIT_BLOWN_TRUE_31",531280,"",1,1,"OFF_PS1600",1,"1300","","",1,"<=",1,"","<=",1,"P",34.6861,***,"",
1,"eFUSE_burn_readmargin","","BANKA_READMARGIN_UNBLOWN_BIT_32",430330,"",1,1,"OFF_PS1600",1,"1300","","",0,"<=",0,"","<=",0,"P",34.6861,***,"",
1,"eFUSE_burn_readmargin","","BANKA_UNBURN_BIT_32",430810,"",1,1,"OFF_PS1600",1,"1300","","",0,"<=",0,"","<=",0,"P",34.6861,***,"",
1,"eFUSE_burn_readmargin","","BANKA_BIT_UNBLOWN_TRUE_32",431290,"",1,1,"OFF_PS1600",1,"1300","","",1,"<=",1,"","<=",1,"P",34.6861,***,"",
1,"eFUSE_burn_readmargin","","BANKA_READMARGIN_UNBLOWN_BIT_33",430340,"",1,1,"OFF_PS1600",1,"1300","","",0,"<=",0,"","<=",0,"P",34.6861,***,"",
1,"eFUSE_burn_readmargin","","BANKA_UNBURN_BIT_33",430820,"",1,1,"OFF_PS1600",1,"1300","","",0,"<=",0,"","<=",0,"P",34.6861,***,"",
1,"eFUSE_burn_readmargin","","BANKA_BIT_UNBLOWN_TRUE_33",431300,"",1,1,"OFF_PS1600",1,"1300","","",1,"<=",1,"","<=",1,"P",34.6861,***,"",
1,"eFUSE_burn_readmargin","","BANKA_READMARGIN_UNBLOWN_BIT_34",430350,"",1,1,"OFF_PS1600",1,"1300","","",0,"<=",0,"","<=",0,"P",34.6861,***,"",
1,"eFUSE_burn_readmargin","","BANKA_UNBURN_BIT_34",430830,"",1,1,"OFF_PS1600",1,"1300","","",0,"<=",0,"","<=",0,"P",34.6861,***,"",
1,"eFUSE_burn_readmargin","","BANKA_BIT_UNBLOWN_TRUE_34",431310,"",1,1,"OFF_PS1600",1,"1300","","",1,"<=",1,"","<=",1,"P",34.6861,***,"",
1,"eFUSE_burn_readmargin","","BANKA_READMARGIN_UNBLOWN_BIT_35",430360,"",1,1,"OFF_PS1600",1,"1300","","",0,"<=",0,"","<=",0,"P",34.6861,***,"",
1,"eFUSE_burn_readmargin","","BANKA_UNBURN_BIT_35",430840,"",1,1,"OFF_PS1600",1,"1300","","",0,"<=",0,"","<=",0,"P",34.6861,***,"",
1,"eFUSE_burn_readmargin","","BANKA_BIT_UNBLOWN_TRUE_35",431320,"",1,1,"OFF_PS1600",1,"1300","","",1,"<=",1,"","<=",1,"P",34.6861,***,"",
1,"eFUSE_burn_readmargin","","BANKA_READMARGIN_BLOWN_BIT_36",530370,"",1,1,"OFF_PS1600",1,"1300","","",1,"<=",1,"","<=",1,"P",34.6861,***,"",
1,"eFUSE_burn_readmargin","","BANKA_BURN_BIT_36",530850,"",1,1,"OFF_PS1600",1,"1300","","",1,"<=",1,"","<=",1,"P",34.6861,***,"",
1,"eFUSE_burn_readmargin","","BANKA_BIT_BLOWN_TRUE_36",531330,"",1,1,"OFF_PS1600",1,"1300","","",1,"<=",1,"","<=",1,"P",34.6861,***,"",
1,"eFUSE_burn_readmargin","","BANKA_READMARGIN_BLOWN_BIT_37",530380,"",1,1,"OFF_PS1600",1,"1300","","",1,"<=",1,"","<=",1,"P",23.7395,***,"",
1,"eFUSE_burn_readmargin","","BANKA_BURN_BIT_37",530860,"",1,1,"OFF_PS1600",1,"1300","","",1,"<=",1,"","<=",1,"P",23.7395,***,"",
1,"eFUSE_burn_readmargin","","BANKA_BIT_BLOWN_TRUE_37",531340,"",1,1,"OFF_PS1600",1,"1300","","",1,"<=",1,"","<=",1,"P",23.7395,***,"",
1,"eFUSE_burn_readmargin","","BANKA_READMARGIN_BLOWN_BIT_38",530390,"",1,1,"OFF_PS1600",1,"1300","","",1,"<=",1,"","<=",1,"P",45.769,***,"",
1,"eFUSE_burn_readmargin","","BANKA_BURN_BIT_38",530870,"",1,1,"OFF_PS1600",1,"1300","","",1,"<=",1,"","<=",1,"P",45.769,***,"",
1,"eFUSE_burn_readmargin","","BANKA_BIT_BLOWN_TRUE_38",531350,"",1,1,"OFF_PS1600",1,"1300","","",1,"<=",1,"","<=",1,"P",45.769,***,"",
1,"eFUSE_burn_readmargin","","BANKA_READMARGIN_BLOWN_BIT_39",530400,"",1,1,"OFF_PS1600",1,"1300","","",1,"<=",1,"","<=",1,"P",67.6602,***,"",
1,"eFUSE_burn_readmargin","","BANKA_BURN_BIT_39",530880,"",1,1,"OFF_PS1600",1,"1300","","",1,"<=",1,"","<=",1,"P",67.6602,***,"",
1,"eFUSE_burn_readmargin","","BANKA_BIT_BLOWN_TRUE_39",531360,"",1,1,"OFF_PS1600",1,"1300","","",1,"<=",1,"","<=",1,"P",67.6602,***,"",
1,"eFUSE_burn_readmargin","","BANKA_READMARGIN_UNBLOWN_BIT_40",430410,"",1,1,"OFF_PS1600",1,"1300","","",0,"<=",0,"","<=",0,"P",34.6861,***,"",
1,"eFUSE_burn_readmargin","","BANKA_UNBURN_BIT_40",430890,"",1,1,"OFF_PS1600",1,"1300","","",0,"<=",0,"","<=",0,"P",34.6861,***,"",
1,"eFUSE_burn_readmargin","","BANKA_BIT_UNBLOWN_TRUE_40",431370,"",1,1,"OFF_PS1600",1,"1300","","",1,"<=",1,"","<=",1,"P",34.6861,***,"",
1,"eFUSE_burn_readmargin","","BANKA_READMARGIN_BLOWN_BIT_41",530420,"",1,1,"OFF_PS1600",1,"1300","","",1,"<=",1,"","<=",1,"P",34.6861,***,"",
1,"eFUSE_burn_readmargin","","BANKA_BURN_BIT_41",530900,"",1,1,"OFF_PS1600",1,"1300","","",1,"<=",1,"","<=",1,"P",34.6861,***,"",
1,"eFUSE_burn_readmargin","","BANKA_BIT_BLOWN_TRUE_41",531380,"",1,1,"OFF_PS1600",1,"1300","","",1,"<=",1,"","<=",1,"P",34.6861,***,"",
1,"eFUSE_burn_readmargin","","BANKA_READMARGIN_BLOWN_BIT_42",530430,"",1,1,"OFF_PS1600",1,"1300","","",1,"<=",1,"","<=",1,"P",23.7395,***,"",
1,"eFUSE_burn_readmargin","","BANKA_BURN_BIT_42",530910,"",1,1,"OFF_PS1600",1,"1300","","",1,"<=",1,"","<=",1,"P",23.7395,***,"",
1,"eFUSE_burn_readmargin","","BANKA_BIT_BLOWN_TRUE_42",531390,"",1,1,"OFF_PS1600",1,"1300","","",1,"<=",1,"","<=",1,"P",23.7395,***,"",
1,"eFUSE_burn_readmargin","","BANKA_READMARGIN_BLOWN_BIT_43",530440,"",1,1,"OFF_PS1600",1,"1300","","",1,"<=",1,"","<=",1,"P",28.1464,***,"",
1,"eFUSE_burn_readmargin","","BANKA_BURN_BIT_43",530920,"",1,1,"OFF_PS1600",1,"1300","","",1,"<=",1,"","<=",1,"P",28.1464,***,"",
1,"eFUSE_burn_readmargin","","BANKA_BIT_BLOWN_TRUE_43",531400,"",1,1,"OFF_PS1600",1,"1300","","",1,"<=",1,"","<=",1,"P",28.1464,***,"",
1,"eFUSE_burn_readmargin","","BANKA_READMARGIN_UNBLOWN_BIT_44",430450,"",1,1,"OFF_PS1600",1,"1300","","",0,"<=",0,"","<=",0,"P",34.7572,***,"",
1,"eFUSE_burn_readmargin","","BANKA_UNBURN_BIT_44",430930,"",1,1,"OFF_PS1600",1,"1300","","",0,"<=",0,"","<=",0,"P",34.7572,***,"",
1,"eFUSE_burn_readmargin","","BANKA_BIT_UNBLOWN_TRUE_44",431410,"",1,1,"OFF_PS1600",1,"1300","","",1,"<=",1,"","<=",1,"P",34.7572,***,"",
1,"eFUSE_burn_readmargin","","BANKA_READMARGIN_BLOWN_BIT_45",530460,"",1,1,"OFF_PS1600",1,"1300","","",1,"<=",1,"","<=",1,"P",67.658,***,"",
1,"eFUSE_burn_readmargin","","BANKA_BURN_BIT_45",530940,"",1,1,"OFF_PS1600",1,"1300","","",1,"<=",1,"","<=",1,"P",67.658,***,"",
1,"eFUSE_burn_readmargin","","BANKA_BIT_BLOWN_TRUE_45",531420,"",1,1,"OFF_PS1600",1,"1300","","",1,"<=",1,"","<=",1,"P",67.658,***,"",
1,"eFUSE_burn_readmargin","","BANKA_READMARGIN_BLOWN_BIT_46",530470,"",1,1,"OFF_PS1600",1,"1300","","",1,"<=",1,"","<=",1,"P",28.147,***,"",
1,"eFUSE_burn_readmargin","","BANKA_BURN_BIT_46",530950,"",1,1,"OFF_PS1600",1,"1300","","",1,"<=",1,"","<=",1,"P",28.147,***,"",
1,"eFUSE_burn_readmargin","","BANKA_BIT_BLOWN_TRUE_46",531430,"",1,1,"OFF_PS1600",1,"1300","","",1,"<=",1,"","<=",1,"P",28.147,***,"",
1,"eFUSE_burn_readmargin","","BANKA_READMARGIN_BLOWN_BIT_47",530480,"",1,1,"OFF_PS1600",1,"1300","","",1,"<=",1,"","<=",1,"P",23.7395,***,"",
1,"eFUSE_burn_readmargin","","BANKA_BURN_BIT_47",530960,"",1,1,"OFF_PS1600",1,"1300","","",1,"<=",1,"","<=",1,"P",23.7395,***,"",
1,"eFUSE_burn_readmargin","","BANKA_BIT_BLOWN_TRUE_47",531440,"",1,1,"OFF_PS1600",1,"1300","","",1,"<=",1,"","<=",1,"P",23.7395,***,"",
1,"eFUSE_burn_readmargin","","BANKB_READMARGIN_UNBLOWN_BIT_0",431450,"",1,1,"OFF_PS1600",1,"1300","","",0,"<=",0,"","<=",0,"P",23.7395,***,"",
1,"eFUSE_burn_readmargin","","BANKB_UNBURN_BIT_0",431930,"",1,1,"OFF_PS1600",1,"1300","","",0,"<=",0,"","<=",0,"P",23.7395,***,"",
1,"eFUSE_burn_readmargin","","BANKB_BIT_UNBLOWN_TRUE_0",432410,"",1,1,"OFF_PS1600",1,"1300","","",1,"<=",1,"","<=",1,"P",23.7395,***,"",
1,"eFUSE_burn_readmargin","","BANKB_READMARGIN_UNBLOWN_BIT_1",431460,"",1,1,"OFF_PS1600",1,"1300","","",0,"<=",0,"","<=",0,"P",23.7395,***,"",
1,"eFUSE_burn_readmargin","","BANKB_UNBURN_BIT_1",431940,"",1,1,"OFF_PS1600",1,"1300","","",0,"<=",0,"","<=",0,"P",23.7395,***,"",
1,"eFUSE_burn_readmargin","","BANKB_BIT_UNBLOWN_TRUE_1",432420,"",1,1,"OFF_PS1600",1,"1300","","",1,"<=",1,"","<=",1,"P",23.7395,***,"",
1,"eFUSE_burn_readmargin","","BANKB_READMARGIN_UNBLOWN_BIT_2",431470,"",1,1,"OFF_PS1600",1,"1300","","",0,"<=",0,"","<=",0,"P",23.7395,***,"",
1,"eFUSE_burn_readmargin","","BANKB_UNBURN_BIT_2",431950,"",1,1,"OFF_PS1600",1,"1300","","",0,"<=",0,"","<=",0,"P",23.7395,***,"",
1,"eFUSE_burn_readmargin","","BANKB_BIT_UNBLOWN_TRUE_2",432430,"",1,1,"OFF_PS1600",1,"1300","","",1,"<=",1,"","<=",1,"P",23.7395,***,"",
1,"eFUSE_burn_readmargin","","BANKB_READMARGIN_UNBLOWN_BIT_3",431480,"",1,1,"OFF_PS1600",1,"1300","","",0,"<=",0,"","<=",0,"P",23.7395,***,"",
1,"eFUSE_burn_readmargin","","BANKB_UNBURN_BIT_3",431960,"",1,1,"OFF_PS1600",1,"1300","","",0,"<=",0,"","<=",0,"P",23.7395,***,"",
1,"eFUSE_burn_readmargin","","BANKB_BIT_UNBLOWN_TRUE_3",432440,"",1,1,"OFF_PS1600",1,"1300","","",1,"<=",1,"","<=",1,"P",23.7395,***,"",
1,"eFUSE_burn_readmargin","","BANKB_READMARGIN_UNBLOWN_BIT_4",431490,"",1,1,"OFF_PS1600",1,"1300","","",0,"<=",0,"","<=",0,"P",23.7395,***,"",
1,"eFUSE_burn_readmargin","","BANKB_UNBURN_BIT_4",431970,"",1,1,"OFF_PS1600",1,"1300","","",0,"<=",0,"","<=",0,"P",23.7395,***,"",
1,"eFUSE_burn_readmargin","","BANKB_BIT_UNBLOWN_TRUE_4",432450,"",1,1,"OFF_PS1600",1,"1300","","",1,"<=",1,"","<=",1,"P",23.7395,***,"",
1,"eFUSE_burn_readmargin","","BANKB_READMARGIN_BLOWN_BIT_5",531500,"",1,1,"OFF_PS1600",1,"1300","","",1,"<=",1,"","<=",1,"P",23.7395,***,"",
1,"eFUSE_burn_readmargin","","BANKB_BURN_BIT_5",531980,"",1,1,"OFF_PS1600",1,"1300","","",1,"<=",1,"","<=",1,"P",23.7395,***,"",
1,"eFUSE_burn_readmargin","","BANKB_BIT_BLOWN_TRUE_5",532460,"",1,1,"OFF_PS1600",1,"1300","","",1,"<=",1,"","<=",1,"P",23.7395,***,"",
1,"eFUSE_burn_readmargin","","BANKB_READMARGIN_UNBLOWN_BIT_6",431510,"",1,1,"OFF_PS1600",1,"1300","","",0,"<=",0,"","<=",0,"P",23.7395,***,"",
1,"eFUSE_burn_readmargin","","BANKB_UNBURN_BIT_6",431990,"",1,1,"OFF_PS1600",1,"1300","","",0,"<=",0,"","<=",0,"P",23.7395,***,"",
1,"eFUSE_burn_readmargin","","BANKB_BIT_UNBLOWN_TRUE_6",432470,"",1,1,"OFF_PS1600",1,"1300","","",1,"<=",1,"","<=",1,"P",23.7395,***,"",
1,"eFUSE_burn_readmargin","","BANKB_READMARGIN_BLOWN_BIT_7",531520,"",1,1,"OFF_PS1600",1,"1300","","",1,"<=",1,"","<=",1,"P",34.7531,***,"",
1,"eFUSE_burn_readmargin","","BANKB_BURN_BIT_7",532000,"",1,1,"OFF_PS1600",1,"1300","","",1,"<=",1,"","<=",1,"P",34.7531,***,"",
1,"eFUSE_burn_readmargin","","BANKB_BIT_BLOWN_TRUE_7",532480,"",1,1,"OFF_PS1600",1,"1300","","",1,"<=",1,"","<=",1,"P",34.7531,***,"",
1,"eFUSE_burn_readmargin","","BANKB_READMARGIN_BLOWN_BIT_8",531530,"",1,1,"OFF_PS1600",1,"1300","","",1,"<=",1,"","<=",1,"P",133.614,***,"",
1,"eFUSE_burn_readmargin","","BANKB_BURN_BIT_8",532010,"",1,1,"OFF_PS1600",1,"1300","","",1,"<=",1,"","<=",1,"P",133.614,***,"",
1,"eFUSE_burn_readmargin","","BANKB_BIT_BLOWN_TRUE_8",532490,"",1,1,"OFF_PS1600",1,"1300","","",1,"<=",1,"","<=",1,"P",133.614,***,"",
1,"eFUSE_burn_readmargin","","BANKB_READMARGIN_BLOWN_BIT_9",531540,"",1,1,"OFF_PS1600",1,"1300","","",1,"<=",1,"","<=",1,"P",133.614,***,"",
1,"eFUSE_burn_readmargin","","BANKB_BURN_BIT_9",532020,"",1,1,"OFF_PS1600",1,"1300","","",1,"<=",1,"","<=",1,"P",133.614,***,"",
1,"eFUSE_burn_readmargin","","BANKB_BIT_BLOWN_TRUE_9",532500,"",1,1,"OFF_PS1600",1,"1300","","",1,"<=",1,"","<=",1,"P",133.614,***,"",
1,"eFUSE_burn_readmargin","","BANKB_READMARGIN_UNBLOWN_BIT_10",431550,"",1,1,"OFF_PS1600",1,"1300","","",0,"<=",0,"","<=",0,"P",133.614,***,"",
1,"eFUSE_burn_readmargin","","BANKB_UNBURN_BIT_10",432030,"",1,1,"OFF_PS1600",1,"1300","","",0,"<=",0,"","<=",0,"P",133.614,***,"",
1,"eFUSE_burn_readmargin","","BANKB_BIT_UNBLOWN_TRUE_10",432510,"",1,1,"OFF_PS1600",1,"1300","","",1,"<=",1,"","<=",1,"P",133.614,***,"",
1,"eFUSE_burn_readmargin","","BANKB_READMARGIN_UNBLOWN_BIT_11",431560,"",1,1,"OFF_PS1600",1,"1300","","",0,"<=",0,"","<=",0,"P",34.7523,***,"",
1,"eFUSE_burn_readmargin","","BANKB_UNBURN_BIT_11",432040,"",1,1,"OFF_PS1600",1,"1300","","",0,"<=",0,"","<=",0,"P",34.7523,***,"",
1,"eFUSE_burn_readmargin","","BANKB_BIT_UNBLOWN_TRUE_11",432520,"",1,1,"OFF_PS1600",1,"1300","","",1,"<=",1,"","<=",1,"P",34.7523,***,"",
1,"eFUSE_burn_readmargin","","BANKB_READMARGIN_UNBLOWN_BIT_12",431570,"",1,1,"OFF_PS1600",1,"1300","","",0,"<=",0,"","<=",0,"P",45.6797,***,"",
1,"eFUSE_burn_readmargin","","BANKB_UNBURN_BIT_12",432050,"",1,1,"OFF_PS1600",1,"1300","","",0,"<=",0,"","<=",0,"P",45.6797,***,"",
1,"eFUSE_burn_readmargin","","BANKB_BIT_UNBLOWN_TRUE_12",432530,"",1,1,"OFF_PS1600",1,"1300","","",1,"<=",1,"","<=",1,"P",45.6797,***,"",
1,"eFUSE_burn_readmargin","","BANKB_READMARGIN_UNBLOWN_BIT_13",431580,"",1,1,"OFF_PS1600",1,"1300","","",0,"<=",0,"","<=",0,"P",23.7395,***,"",
1,"eFUSE_burn_readmargin","","BANKB_UNBURN_BIT_13",432060,"",1,1,"OFF_PS1600",1,"1300","","",0,"<=",0,"","<=",0,"P",23.7395,***,"",
1,"eFUSE_burn_readmargin","","BANKB_BIT_UNBLOWN_TRUE_13",432540,"",1,1,"OFF_PS1600",1,"1300","","",1,"<=",1,"","<=",1,"P",23.7395,***,"",
1,"eFUSE_burn_readmargin","","BANKB_READMARGIN_BLOWN_BIT_14",531590,"",1,1,"OFF_PS1600",1,"1300","","",1,"<=",1,"","<=",1,"P",23.7395,***,"",
1,"eFUSE_burn_readmargin","","BANKB_BURN_BIT_14",532070,"",1,1,"OFF_PS1600",1,"1300","","",1,"<=",1,"","<=",1,"P",23.7395,***,"",
1,"eFUSE_burn_readmargin","","BANKB_BIT_BLOWN_TRUE_14",532550,"",1,1,"OFF_PS1600",1,"1300","","",1,"<=",1,"","<=",1,"P",23.7395,***,"",
1,"eFUSE_burn_readmargin","","BANKB_READMARGIN_BLOWN_BIT_15",531600,"",1,1,"OFF_PS1600",1,"1300","","",1,"<=",1,"","<=",1,"P",28.1464,***,"",
1,"eFUSE_burn_readmargin","","BANKB_BURN_BIT_15",532080,"",1,1,"OFF_PS1600",1,"1300","","",1,"<=",1,"","<=",1,"P",28.1464,***,"",
1,"eFUSE_burn_readmargin","","BANKB_BIT_BLOWN_TRUE_15",532560,"",1,1,"OFF_PS1600",1,"1300","","",1,"<=",1,"","<=",1,"P",28.1464,***,"",
1,"eFUSE_burn_readmargin","","BANKB_READMARGIN_BLOWN_BIT_16",531610,"",1,1,"OFF_PS1600",1,"1300","","",1,"<=",1,"","<=",1,"P",23.7395,***,"",
1,"eFUSE_burn_readmargin","","BANKB_BURN_BIT_16",532090,"",1,1,"OFF_PS1600",1,"1300","","",1,"<=",1,"","<=",1,"P",23.7395,***,"",
1,"eFUSE_burn_readmargin","","BANKB_BIT_BLOWN_TRUE_16",532570,"",1,1,"OFF_PS1600",1,"1300","","",1,"<=",1,"","<=",1,"P",23.7395,***,"",
1,"eFUSE_burn_readmargin","","BANKB_READMARGIN_BLOWN_BIT_17",531620,"",1,1,"OFF_PS1600",1,"1300","","",1,"<=",1,"","<=",1,"P",23.7395,***,"",
1,"eFUSE_burn_readmargin","","BANKB_BURN_BIT_17",532100,"",1,1,"OFF_PS1600",1,"1300","","",1,"<=",1,"","<=",1,"P",23.7395,***,"",
1,"eFUSE_burn_readmargin","","BANKB_BIT_BLOWN_TRUE_17",532580,"",1,1,"OFF_PS1600",1,"1300","","",1,"<=",1,"","<=",1,"P",23.7395,***,"",
1,"eFUSE_burn_readmargin","","BANKB_READMARGIN_UNBLOWN_BIT_18",431630,"",1,1,"OFF_PS1600",1,"1300","","",0,"<=",0,"","<=",0,"P",23.7395,***,"",
1,"eFUSE_burn_readmargin","","BANKB_UNBURN_BIT_18",432110,"",1,1,"OFF_PS1600",1,"1300","","",0,"<=",0,"","<=",0,"P",23.7395,***,"",
1,"eFUSE_burn_readmargin","","BANKB_BIT_UNBLOWN_TRUE_18",432590,"",1,1,"OFF_PS1600",1,"1300","","",1,"<=",1,"","<=",1,"P",23.7395,***,"",
1,"eFUSE_burn_readmargin","","BANKB_READMARGIN_UNBLOWN_BIT_19",431640,"",1,1,"OFF_PS1600",1,"1300","","",0,"<=",0,"","<=",0,"P",23.7395,***,"",
1,"eFUSE_burn_readmargin","","BANKB_UNBURN_BIT_19",432120,"",1,1,"OFF_PS1600",1,"1300","","",0,"<=",0,"","<=",0,"P",23.7395,***,"",
1,"eFUSE_burn_readmargin","","BANKB_BIT_UNBLOWN_TRUE_19",432600,"",1,1,"OFF_PS1600",1,"1300","","",1,"<=",1,"","<=",1,"P",23.7395,***,"",
1,"eFUSE_burn_readmargin","","BANKB_READMARGIN_UNBLOWN_BIT_20",431650,"",1,1,"OFF_PS1600",1,"1300","","",0,"<=",0,"","<=",0,"P",23.7395,***,"",
1,"eFUSE_burn_readmargin","","BANKB_UNBURN_BIT_20",432130,"",1,1,"OFF_PS1600",1,"1300","","",0,"<=",0,"","<=",0,"P",23.7395,***,"",
1,"eFUSE_burn_readmargin","","BANKB_BIT_UNBLOWN_TRUE_20",432610,"",1,1,"OFF_PS1600",1,"1300","","",1,"<=",1,"","<=",1,"P",23.7395,***,"",
1,"eFUSE_burn_readmargin","","BANKB_READMARGIN_UNBLOWN_BIT_21",431660,"",1,1,"OFF_PS1600",1,"1300","","",0,"<=",0,"","<=",0,"P",23.7395,***,"",
1,"eFUSE_burn_readmargin","","BANKB_UNBURN_BIT_21",432140,"",1,1,"OFF_PS1600",1,"1300","","",0,"<=",0,"","<=",0,"P",23.7395,***,"",
1,"eFUSE_burn_readmargin","","BANKB_BIT_UNBLOWN_TRUE_21",432620,"",1,1,"OFF_PS1600",1,"1300","","",1,"<=",1,"","<=",1,"P",23.7395,***,"",
1,"eFUSE_burn_readmargin","","BANKB_READMARGIN_UNBLOWN_BIT_22",431670,"",1,1,"OFF_PS1600",1,"1300","","",0,"<=",0,"","<=",0,"P",23.7395,***,"",
1,"eFUSE_burn_readmargin","","BANKB_UNBURN_BIT_22",432150,"",1,1,"OFF_PS1600",1,"1300","","",0,"<=",0,"","<=",0,"P",23.7395,***,"",
1,"eFUSE_burn_readmargin","","BANKB_BIT_UNBLOWN_TRUE_22",432630,"",1,1,"OFF_PS1600",1,"1300","","",1,"<=",1,"","<=",1,"P",23.7395,***,"",
1,"eFUSE_burn_readmargin","","BANKB_READMARGIN_UNBLOWN_BIT_23",431680,"",1,1,"OFF_PS1600",1,"1300","","",0,"<=",0,"","<=",0,"P",23.7395,***,"",
1,"eFUSE_burn_readmargin","","BANKB_UNBURN_BIT_23",432160,"",1,1,"OFF_PS1600",1,"1300","","",0,"<=",0,"","<=",0,"P",23.7395,***,"",
1,"eFUSE_burn_readmargin","","BANKB_BIT_UNBLOWN_TRUE_23",432640,"",1,1,"OFF_PS1600",1,"1300","","",1,"<=",1,"","<=",1,"P",23.7395,***,"",
1,"eFUSE_burn_readmargin","","BANKB_READMARGIN_UNBLOWN_BIT_24",431690,"",1,1,"OFF_PS1600",1,"1300","","",0,"<=",0,"","<=",0,"P",28.1462,***,"",
1,"eFUSE_burn_readmargin","","BANKB_UNBURN_BIT_24",432170,"",1,1,"OFF_PS1600",1,"1300","","",0,"<=",0,"","<=",0,"P",28.1462,***,"",
1,"eFUSE_burn_readmargin","","BANKB_BIT_UNBLOWN_TRUE_24",432650,"",1,1,"OFF_PS1600",1,"1300","","",1,"<=",1,"","<=",1,"P",28.1462,***,"",
1,"eFUSE_burn_readmargin","","BANKB_READMARGIN_UNBLOWN_BIT_25",431700,"",1,1,"OFF_PS1600",1,"1300","","",0,"<=",0,"","<=",0,"P",23.7395,***,"",
1,"eFUSE_burn_readmargin","","BANKB_UNBURN_BIT_25",432180,"",1,1,"OFF_PS1600",1,"1300","","",0,"<=",0,"","<=",0,"P",23.7395,***,"",
1,"eFUSE_burn_readmargin","","BANKB_BIT_UNBLOWN_TRUE_25",432660,"",1,1,"OFF_PS1600",1,"1300","","",1,"<=",1,"","<=",1,"P",23.7395,***,"",
1,"eFUSE_burn_readmargin","","BANKB_READMARGIN_BLOWN_BIT_26",531710,"",1,1,"OFF_PS1600",1,"1300","","",1,"<=",1,"","<=",1,"P",23.7395,***,"",
1,"eFUSE_burn_readmargin","","BANKB_BURN_BIT_26",532190,"",1,1,"OFF_PS1600",1,"1300","","",1,"<=",1,"","<=",1,"P",23.7395,***,"",
1,"eFUSE_burn_readmargin","","BANKB_BIT_BLOWN_TRUE_26",532670,"",1,1,"OFF_PS1600",1,"1300","","",1,"<=",1,"","<=",1,"P",23.7395,***,"",
1,"eFUSE_burn_readmargin","","BANKB_READMARGIN_BLOWN_BIT_27",531720,"",1,1,"OFF_PS1600",1,"1300","","",1,"<=",1,"","<=",1,"P",23.7395,***,"",
1,"eFUSE_burn_readmargin","","BANKB_BURN_BIT_27",532200,"",1,1,"OFF_PS1600",1,"1300","","",1,"<=",1,"","<=",1,"P",23.7395,***,"",
1,"eFUSE_burn_readmargin","","BANKB_BIT_BLOWN_TRUE_27",532680,"",1,1,"OFF_PS1600",1,"1300","","",1,"<=",1,"","<=",1,"P",23.7395,***,"",
1,"eFUSE_burn_readmargin","","BANKB_READMARGIN_UNBLOWN_BIT_28",431730,"",1,1,"OFF_PS1600",1,"1300","","",0,"<=",0,"","<=",0,"P",23.7395,***,"",
1,"eFUSE_burn_readmargin","","BANKB_UNBURN_BIT_28",432210,"",1,1,"OFF_PS1600",1,"1300","","",0,"<=",0,"","<=",0,"P",23.7395,***,"",
1,"eFUSE_burn_readmargin","","BANKB_BIT_UNBLOWN_TRUE_28",432690,"",1,1,"OFF_PS1600",1,"1300","","",1,"<=",1,"","<=",1,"P",23.7395,***,"",
1,"eFUSE_burn_readmargin","","BANKB_READMARGIN_BLOWN_BIT_29",531740,"",1,1,"OFF_PS1600",1,"1300","","",1,"<=",1,"","<=",1,"P",45.6738,***,"",
1,"eFUSE_burn_readmargin","","BANKB_BURN_BIT_29",532220,"",1,1,"OFF_PS1600",1,"1300","","",1,"<=",1,"","<=",1,"P",45.6738,***,"",
1,"eFUSE_burn_readmargin","","BANKB_BIT_BLOWN_TRUE_29",532700,"",1,1,"OFF_PS1600",1,"1300","","",1,"<=",1,"","<=",1,"P",45.6738,***,"",
1,"eFUSE_burn_readmargin","","BANKB_READMARGIN_UNBLOWN_BIT_30",431750,"",1,1,"OFF_PS1600",1,"1300","","",0,"<=",0,"","<=",0,"P",45.6797,***,"",
1,"eFUSE_burn_readmargin","","BANKB_UNBURN_BIT_30",432230,"",1,1,"OFF_PS1600",1,"1300","","",0,"<=",0,"","<=",0,"P",45.6797,***,"",
1,"eFUSE_burn_readmargin","","BANKB_BIT_UNBLOWN_TRUE_30",432710,"",1,1,"OFF_PS1600",1,"1300","","",1,"<=",1,"","<=",1,"P",45.6797,***,"",
1,"eFUSE_burn_readmargin","","BANKB_READMARGIN_BLOWN_BIT_31",531760,"",1,1,"OFF_PS1600",1,"1300","","",1,"<=",1,"","<=",1,"P",34.6861,***,"",
1,"eFUSE_burn_readmargin","","BANKB_BURN_BIT_31",532240,"",1,1,"OFF_PS1600",1,"1300","","",1,"<=",1,"","<=",1,"P",34.6861,***,"",
1,"eFUSE_burn_readmargin","","BANKB_BIT_BLOWN_TRUE_31",532720,"",1,1,"OFF_PS1600",1,"1300","","",1,"<=",1,"","<=",1,"P",34.6861,***,"",
1,"eFUSE_burn_readmargin","","BANKB_READMARGIN_UNBLOWN_BIT_32",431770,"",1,1,"OFF_PS1600",1,"1300","","",0,"<=",0,"","<=",0,"P",34.6861,***,"",
1,"eFUSE_burn_readmargin","","BANKB_UNBURN_BIT_32",432250,"",1,1,"OFF_PS1600",1,"1300","","",0,"<=",0,"","<=",0,"P",34.6861,***,"",
1,"eFUSE_burn_readmargin","","BANKB_BIT_UNBLOWN_TRUE_32",432730,"",1,1,"OFF_PS1600",1,"1300","","",1,"<=",1,"","<=",1,"P",34.6861,***,"",
1,"eFUSE_burn_readmargin","","BANKB_READMARGIN_UNBLOWN_BIT_33",431780,"",1,1,"OFF_PS1600",1,"1300","","",0,"<=",0,"","<=",0,"P",34.6861,***,"",
1,"eFUSE_burn_readmargin","","BANKB_UNBURN_BIT_33",432260,"",1,1,"OFF_PS1600",1,"1300","","",0,"<=",0,"","<=",0,"P",34.6861,***,"",
1,"eFUSE_burn_readmargin","","BANKB_BIT_UNBLOWN_TRUE_33",432740,"",1,1,"OFF_PS1600",1,"1300","","",1,"<=",1,"","<=",1,"P",34.6861,***,"",
1,"eFUSE_burn_readmargin","","BANKB_READMARGIN_UNBLOWN_BIT_34",431790,"",1,1,"OFF_PS1600",1,"1300","","",0,"<=",0,"","<=",0,"P",34.6861,***,"",
1,"eFUSE_burn_readmargin","","BANKB_UNBURN_BIT_34",432270,"",1,1,"OFF_PS1600",1,"1300","","",0,"<=",0,"","<=",0,"P",34.6861,***,"",
1,"eFUSE_burn_readmargin","","BANKB_BIT_UNBLOWN_TRUE_34",432750,"",1,1,"OFF_PS1600",1,"1300","","",1,"<=",1,"","<=",1,"P",34.6861,***,"",
1,"eFUSE_burn_readmargin","","BANKB_READMARGIN_UNBLOWN_BIT_35",431800,"",1,1,"OFF_PS1600",1,"1300","","",0,"<=",0,"","<=",0,"P",34.6861,***,"",
1,"eFUSE_burn_readmargin","","BANKB_UNBURN_BIT_35",432280,"",1,1,"OFF_PS1600",1,"1300","","",0,"<=",0,"","<=",0,"P",34.6861,***,"",
1,"eFUSE_burn_readmargin","","BANKB_BIT_UNBLOWN_TRUE_35",432760,"",1,1,"OFF_PS1600",1,"1300","","",1,"<=",1,"","<=",1,"P",34.6861,***,"",
1,"eFUSE_burn_readmargin","","BANKB_READMARGIN_BLOWN_BIT_36",531810,"",1,1,"OFF_PS1600",1,"1300","","",1,"<=",1,"","<=",1,"P",34.6861,***,"",
1,"eFUSE_burn_readmargin","","BANKB_BURN_BIT_36",532290,"",1,1,"OFF_PS1600",1,"1300","","",1,"<=",1,"","<=",1,"P",34.6861,***,"",
1,"eFUSE_burn_readmargin","","BANKB_BIT_BLOWN_TRUE_36",532770,"",1,1,"OFF_PS1600",1,"1300","","",1,"<=",1,"","<=",1,"P",34.6861,***,"",
1,"eFUSE_burn_readmargin","","BANKB_READMARGIN_BLOWN_BIT_37",531820,"",1,1,"OFF_PS1600",1,"1300","","",1,"<=",1,"","<=",1,"P",23.7395,***,"",
1,"eFUSE_burn_readmargin","","BANKB_BURN_BIT_37",532300,"",1,1,"OFF_PS1600",1,"1300","","",1,"<=",1,"","<=",1,"P",23.7395,***,"",
1,"eFUSE_burn_readmargin","","BANKB_BIT_BLOWN_TRUE_37",532780,"",1,1,"OFF_PS1600",1,"1300","","",1,"<=",1,"","<=",1,"P",23.7395,***,"",
1,"eFUSE_burn_readmargin","","BANKB_READMARGIN_BLOWN_BIT_38",531830,"",1,1,"OFF_PS1600",1,"1300","","",1,"<=",1,"","<=",1,"P",45.769,***,"",
1,"eFUSE_burn_readmargin","","BANKB_BURN_BIT_38",532310,"",1,1,"OFF_PS1600",1,"1300","","",1,"<=",1,"","<=",1,"P",45.769,***,"",
1,"eFUSE_burn_readmargin","","BANKB_BIT_BLOWN_TRUE_38",532790,"",1,1,"OFF_PS1600",1,"1300","","",1,"<=",1,"","<=",1,"P",45.769,***,"",
1,"eFUSE_burn_readmargin","","BANKB_READMARGIN_BLOWN_BIT_39",531840,"",1,1,"OFF_PS1600",1,"1300","","",1,"<=",1,"","<=",1,"P",67.6602,***,"",
1,"eFUSE_burn_readmargin","","BANKB_BURN_BIT_39",532320,"",1,1,"OFF_PS1600",1,"1300","","",1,"<=",1,"","<=",1,"P",67.6602,***,"",
1,"eFUSE_burn_readmargin","","BANKB_BIT_BLOWN_TRUE_39",532800,"",1,1,"OFF_PS1600",1,"1300","","",1,"<=",1,"","<=",1,"P",67.6602,***,"",
1,"eFUSE_burn_readmargin","","BANKB_READMARGIN_UNBLOWN_BIT_40",431850,"",1,1,"OFF_PS1600",1,"1300","","",0,"<=",0,"","<=",0,"P",34.6861,***,"",
1,"eFUSE_burn_readmargin","","BANKB_UNBURN_BIT_40",432330,"",1,1,"OFF_PS1600",1,"1300","","",0,"<=",0,"","<=",0,"P",34.6861,***,"",
1,"eFUSE_burn_readmargin","","BANKB_BIT_UNBLOWN_TRUE_40",432810,"",1,1,"OFF_PS1600",1,"1300","","",1,"<=",1,"","<=",1,"P",34.6861,***,"",
1,"eFUSE_burn_readmargin","","BANKB_READMARGIN_BLOWN_BIT_41",531860,"",1,1,"OFF_PS1600",1,"1300","","",1,"<=",1,"","<=",1,"P",34.6861,***,"",
1,"eFUSE_burn_readmargin","","BANKB_BURN_BIT_41",532340,"",1,1,"OFF_PS1600",1,"1300","","",1,"<=",1,"","<=",1,"P",34.6861,***,"",
1,"eFUSE_burn_readmargin","","BANKB_BIT_BLOWN_TRUE_41",532820,"",1,1,"OFF_PS1600",1,"1300","","",1,"<=",1,"","<=",1,"P",34.6861,***,"",
1,"eFUSE_burn_readmargin","","BANKB_READMARGIN_BLOWN_BIT_42",531870,"",1,1,"OFF_PS1600",1,"1300","","",1,"<=",1,"","<=",1,"P",23.7395,***,"",
1,"eFUSE_burn_readmargin","","BANKB_BURN_BIT_42",532350,"",1,1,"OFF_PS1600",1,"1300","","",1,"<=",1,"","<=",1,"P",23.7395,***,"",
1,"eFUSE_burn_readmargin","","BANKB_BIT_BLOWN_TRUE_42",532830,"",1,1,"OFF_PS1600",1,"1300","","",1,"<=",1,"","<=",1,"P",23.7395,***,"",
1,"eFUSE_burn_readmargin","","BANKB_READMARGIN_BLOWN_BIT_43",531880,"",1,1,"OFF_PS1600",1,"1300","","",1,"<=",1,"","<=",1,"P",28.1464,***,"",
1,"eFUSE_burn_readmargin","","BANKB_BURN_BIT_43",532360,"",1,1,"OFF_PS1600",1,"1300","","",1,"<=",1,"","<=",1,"P",28.1464,***,"",
1,"eFUSE_burn_readmargin","","BANKB_BIT_BLOWN_TRUE_43",532840,"",1,1,"OFF_PS1600",1,"1300","","",1,"<=",1,"","<=",1,"P",28.1464,***,"",
1,"eFUSE_burn_readmargin","","BANKB_READMARGIN_UNBLOWN_BIT_44",431890,"",1,1,"OFF_PS1600",1,"1300","","",0,"<=",0,"","<=",0,"P",34.7572,***,"",
1,"eFUSE_burn_readmargin","","BANKB_UNBURN_BIT_44",432370,"",1,1,"OFF_PS1600",1,"1300","","",0,"<=",0,"","<=",0,"P",34.7572,***,"",
1,"eFUSE_burn_readmargin","","BANKB_BIT_UNBLOWN_TRUE_44",432850,"",1,1,"OFF_PS1600",1,"1300","","",1,"<=",1,"","<=",1,"P",34.7572,***,"",
1,"eFUSE_burn_readmargin","","BANKB_READMARGIN_BLOWN_BIT_45",531900,"",1,1,"OFF_PS1600",1,"1300","","",1,"<=",1,"","<=",1,"P",67.658,***,"",
1,"eFUSE_burn_readmargin","","BANKB_BURN_BIT_45",532380,"",1,1,"OFF_PS1600",1,"1300","","",1,"<=",1,"","<=",1,"P",67.658,***,"",
1,"eFUSE_burn_readmargin","","BANKB_BIT_BLOWN_TRUE_45",532860,"",1,1,"OFF_PS1600",1,"1300","","",1,"<=",1,"","<=",1,"P",67.658,***,"",
1,"eFUSE_burn_readmargin","","BANKB_READMARGIN_BLOWN_BIT_46",531910,"",1,1,"OFF_PS1600",1,"1300","","",1,"<=",1,"","<=",1,"P",28.147,***,"",
1,"eFUSE_burn_readmargin","","BANKB_BURN_BIT_46",532390,"",1,1,"OFF_PS1600",1,"1300","","",1,"<=",1,"","<=",1,"P",28.147,***,"",
1,"eFUSE_burn_readmargin","","BANKB_BIT_BLOWN_TRUE_46",532870,"",1,1,"OFF_PS1600",1,"1300","","",1,"<=",1,"","<=",1,"P",28.147,***,"",
1,"eFUSE_burn_readmargin","","BANKB_READMARGIN_BLOWN_BIT_47",531920,"",1,1,"OFF_PS1600",1,"1300","","",1,"<=",1,"","<=",1,"P",23.7395,***,"",
1,"eFUSE_burn_readmargin","","BANKB_BURN_BIT_47",532400,"",1,1,"OFF_PS1600",1,"1300","","",1,"<=",1,"","<=",1,"P",23.7395,***,"",
1,"eFUSE_burn_readmargin","","BANKB_BIT_BLOWN_TRUE_47",532880,"",1,1,"OFF_PS1600",1,"1300","","",1,"<=",1,"","<=",1,"P",23.7395,***,"",
1,"POST_BURN_PASS_FET_LEAKAGE","","POST_Forward_Leakage_FET",470030,"",1,1,"ISEN_PS1600",1,"1300","","",-20,"<=",-2,"nA","<=",20,"P",0.180283,***,"",
1,"POST_BURN_PASS_FET_LEAKAGE","","POST_Reverse_Leakage_FET",470040,"",1,1,"ISEN_PS1600",1,"1300","","",-20,"<=",-3,"nA","<=",20,"P",0.180283,***,"",
1,"POST_BURN_PASS_FET_LEAKAGE","","Delta_Forward_Leakage_FET",470050,"",1,1,"ISEN_PS1600",1,"1300","","",-20,"<=",1,"nA","<=",20,"P",0.180283,***,"",
1,"POST_BURN_PASS_FET_LEAKAGE","","Delta_Reverse_Leakage_FET",470060,"",1,1,"ISEN_PS1600",1,"1300","","",-20,"<=",2,"nA","<=",20,"P",0.180283,***,"",
1,"POST_EFUSE_RESISTANCE","","POST_BANKA_EFUSE_RESISTANCE_BLOWN_BIT47",590001,"",1,1,"ISEN_PS1600",1,"1300","","",3500,"<=",69765,"ohms","<=",85000,"P",26.3014,***,"",
1,"POST_EFUSE_RESISTANCE","","POST_BANKA_EFUSE_RESISTANCE_BLOWN_BIT46",590002,"",1,1,"ISEN_PS1600",1,"1300","","",3500,"<=",66794.2,"ohms","<=",85000,"P",30.9562,***,"",
1,"POST_EFUSE_RESISTANCE","","POST_BANKA_EFUSE_RESISTANCE_BLOWN_BIT45",590003,"",1,1,"ISEN_PS1600",1,"1300","","",3500,"<=",66327.4,"ohms","<=",85000,"P",72.6954,***,"",
1,"POST_EFUSE_RESISTANCE","","POST_BANKA_EFUSE_RESISTANCE_UNBLOWN_BIT44",490004,"",1,1,"ISEN_PS1600",1,"1300","","",65,"<=",79.6,"ohms","<=",200,"P",37.9362,***,"",
1,"POST_EFUSE_RESISTANCE","","POST_BANKA_EFUSE_RESISTANCE_BLOWN_BIT43",590005,"",1,1,"ISEN_PS1600",1,"1300","","",3500,"<=",69970,"ohms","<=",85000,"P",30.9575,***,"",
1,"POST_EFUSE_RESISTANCE","","POST_BANKA_EFUSE_RESISTANCE_BLOWN_BIT42",590006,"",1,1,"ISEN_PS1600",1,"1300","","",3500,"<=",69491.8,"ohms","<=",85000,"P",26.3014,***,"",
1,"POST_EFUSE_RESISTANCE","","POST_BANKA_EFUSE_RESISTANCE_BLOWN_BIT41",590007,"",1,1,"ISEN_PS1600",1,"1300","","",3500,"<=",69970,"ohms","<=",85000,"P",37.8625,***,"",
1,"POST_EFUSE_RESISTANCE","","POST_BANKA_EFUSE_RESISTANCE_UNBLOWN_BIT40",490008,"",1,1,"ISEN_PS1600",1,"1300","","",65,"<=",79.6,"ohms","<=",200,"P",37.8625,***,"",
1,"POST_EFUSE_RESISTANCE","","POST_BANKA_EFUSE_RESISTANCE_BLOWN_BIT39",590009,"",1,1,"ISEN_PS1600",1,"1300","","",3500,"<=",69799.2,"ohms","<=",85000,"P",72.6995,***,"",
1,"POST_EFUSE_RESISTANCE","","POST_BANKA_EFUSE_RESISTANCE_BLOWN_BIT38",590010,"",1,1,"ISEN_PS1600",1,"1300","","",3500,"<=",69970,"ohms","<=",85000,"P",49.5738,***,"",
1,"POST_EFUSE_RESISTANCE","","POST_BANKA_EFUSE_RESISTANCE_BLOWN_BIT37",590011,"",1,1,"ISEN_PS1600",1,"1300","","",3500,"<=",69970,"ohms","<=",85000,"P",26.3014,***,"",
1,"POST_EFUSE_RESISTANCE","","POST_BANKA_EFUSE_RESISTANCE_BLOWN_BIT36",590012,"",1,1,"ISEN_PS1600",1,"1300","","",3500,"<=",69958.6,"ohms","<=",85000,"P",37.8625,***,"",
1,"POST_EFUSE_RESISTANCE","","POST_BANKA_EFUSE_RESISTANCE_UNBLOWN_BIT35",490013,"",1,1,"ISEN_PS1600",1,"1300","","",65,"<=",91,"ohms","<=",200,"P",37.8625,***,"",
1,"POST_EFUSE_RESISTANCE","","POST_BANKA_EFUSE_RESISTANCE_UNBLOWN_BIT34",490014,"",1,1,"ISEN_PS1600",1,"1300","","",65,"<=",79.6,"ohms","<=",200,"P",37.8625,***,"",
1,"POST_EFUSE_RESISTANCE","","POST_BANKA_EFUSE_RESISTANCE_UNBLOWN_BIT33",490015,"",1,1,"ISEN_PS1600",1,"1300","","",65,"<=",79.6,"ohms","<=",200,"P",37.8625,***,"",
1,"POST_EFUSE_RESISTANCE","","POST_BANKA_EFUSE_RESISTANCE_UNBLOWN_BIT32",490016,"",1,1,"ISEN_PS1600",1,"1300","","",65,"<=",79.6,"ohms","<=",200,"P",37.8625,***,"",
1,"POST_EFUSE_RESISTANCE","","POST_BANKA_EFUSE_RESISTANCE_BLOWN_BIT31",590017,"",1,1,"ISEN_PS1600",1,"1300","","",3500,"<=",69970,"ohms","<=",85000,"P",37.8625,***,"",
1,"POST_EFUSE_RESISTANCE","","POST_BANKA_EFUSE_RESISTANCE_UNBLOWN_BIT30",490018,"",1,1,"ISEN_PS1600",1,"1300","","",65,"<=",79.6,"ohms","<=",200,"P",49.4763,***,"",
1,"POST_EFUSE_RESISTANCE","","POST_BANKA_EFUSE_RESISTANCE_BLOWN_BIT29",590019,"",1,1,"ISEN_PS1600",1,"1300","","",3500,"<=",69981.4,"ohms","<=",85000,"P",49.4706,***,"",
1,"POST_EFUSE_RESISTANCE","","POST_BANKA_EFUSE_RESISTANCE_UNBLOWN_BIT28",490020,"",1,1,"ISEN_PS1600",1,"1300","","",65,"<=",79.6,"ohms","<=",200,"P",26.3014,***,"",
1,"POST_EFUSE_RESISTANCE","","POST_BANKA_EFUSE_RESISTANCE_BLOWN_BIT27",590021,"",1,1,"ISEN_PS1600",1,"1300","","",3500,"<=",69958.6,"ohms","<=",85000,"P",26.3014,***,"",
1,"POST_EFUSE_RESISTANCE","","POST_BANKA_EFUSE_RESISTANCE_BLOWN_BIT26",590022,"",1,1,"ISEN_PS1600",1,"1300","","",3500,"<=",69970,"ohms","<=",85000,"P",26.3014,***,"",
1,"POST_EFUSE_RESISTANCE","","POST_BANKA_EFUSE_RESISTANCE_UNBLOWN_BIT25",490023,"",1,1,"ISEN_PS1600",1,"1300","","",65,"<=",91,"ohms","<=",200,"P",26.3014,***,"",
1,"POST_EFUSE_RESISTANCE","","POST_BANKA_EFUSE_RESISTANCE_UNBLOWN_BIT24",490024,"",1,1,"ISEN_PS1600",1,"1300","","",65,"<=",79.6,"ohms","<=",200,"P",30.9545,***,"",
1,"POST_EFUSE_RESISTANCE","","POST_BANKA_EFUSE_RESISTANCE_UNBLOWN_BIT23",490025,"",1,1,"ISEN_PS1600",1,"1300","","",65,"<=",79.6,"ohms","<=",200,"P",26.3014,***,"",
1,"POST_EFUSE_RESISTANCE","","POST_BANKA_EFUSE_RESISTANCE_UNBLOWN_BIT22",490026,"",1,1,"ISEN_PS1600",1,"1300","","",65,"<=",79.6,"ohms","<=",200,"P",26.3014,***,"",
1,"POST_EFUSE_RESISTANCE","","POST_BANKA_EFUSE_RESISTANCE_UNBLOWN_BIT21",490027,"",1,1,"ISEN_PS1600",1,"1300","","",65,"<=",79.6,"ohms","<=",200,"P",26.3014,***,"",
1,"POST_EFUSE_RESISTANCE","","POST_BANKA_EFUSE_RESISTANCE_UNBLOWN_BIT20",490028,"",1,1,"ISEN_PS1600",1,"1300","","",65,"<=",79.6,"ohms","<=",200,"P",26.3014,***,"",
1,"POST_EFUSE_RESISTANCE","","POST_BANKA_EFUSE_RESISTANCE_UNBLOWN_BIT19",490029,"",1,1,"ISEN_PS1600",1,"1300","","",65,"<=",79.6,"ohms","<=",200,"P",26.3014,***,"",
1,"POST_EFUSE_RESISTANCE","","POST_BANKA_EFUSE_RESISTANCE_UNBLOWN_BIT18",490030,"",1,1,"ISEN_PS1600",1,"1300","","",65,"<=",79.6,"ohms","<=",200,"P",26.3014,***,"",
1,"POST_EFUSE_RESISTANCE","","POST_BANKA_EFUSE_RESISTANCE_BLOWN_BIT17",590031,"",1,1,"ISEN_PS1600",1,"1300","","",3500,"<=",69970,"ohms","<=",85000,"P",26.3014,***,"",
1,"POST_EFUSE_RESISTANCE","","POST_BANKA_EFUSE_RESISTANCE_BLOWN_BIT16",590032,"",1,1,"ISEN_PS1600",1,"1300","","",3500,"<=",69890.2,"ohms","<=",85000,"P",26.3014,***,"",
1,"POST_EFUSE_RESISTANCE","","POST_BANKA_EFUSE_RESISTANCE_BLOWN_BIT15",590033,"",1,1,"ISEN_PS1600",1,"1300","","",3500,"<=",69970,"ohms","<=",85000,"P",30.9575,***,"",
1,"POST_EFUSE_RESISTANCE","","POST_BANKA_EFUSE_RESISTANCE_BLOWN_BIT14",590034,"",1,1,"ISEN_PS1600",1,"1300","","",3500,"<=",69970,"ohms","<=",85000,"P",26.3014,***,"",
1,"POST_EFUSE_RESISTANCE","","POST_BANKA_EFUSE_RESISTANCE_UNBLOWN_BIT13",490035,"",1,1,"ISEN_PS1600",1,"1300","","",65,"<=",91,"ohms","<=",200,"P",26.3014,***,"",
1,"POST_EFUSE_RESISTANCE","","POST_BANKA_EFUSE_RESISTANCE_UNBLOWN_BIT12",490036,"",1,1,"ISEN_PS1600",1,"1300","","",65,"<=",79.6,"ohms","<=",200,"P",49.4763,***,"",
1,"POST_EFUSE_RESISTANCE","","POST_BANKA_EFUSE_RESISTANCE_UNBLOWN_BIT11",490037,"",1,1,"ISEN_PS1600",1,"1300","","",65,"<=",91,"ohms","<=",200,"P",37.9373,***,"",
1,"POST_EFUSE_RESISTANCE","","POST_BANKA_EFUSE_RESISTANCE_UNBLOWN_BIT10",490038,"",1,1,"ISEN_PS1600",1,"1300","","",65,"<=",79.6,"ohms","<=",200,"P",142.363,***,"",
1,"POST_EFUSE_RESISTANCE","","POST_BANKA_EFUSE_RESISTANCE_BLOWN_BIT9",590039,"",1,1,"ISEN_PS1600",1,"1300","","",3500,"<=",69981.4,"ohms","<=",85000,"P",142.363,***,"",
1,"POST_EFUSE_RESISTANCE","","POST_BANKA_EFUSE_RESISTANCE_BLOWN_BIT8",590040,"",1,1,"ISEN_PS1600",1,"1300","","",3500,"<=",69981.4,"ohms","<=",85000,"P",142.363,***,"",
1,"POST_EFUSE_RESISTANCE","","POST_BANKA_EFUSE_RESISTANCE_BLOWN_BIT7",590041,"",1,1,"ISEN_PS1600",1,"1300","","",3500,"<=",69970,"ohms","<=",85000,"P",37.9356,***,"",
1,"POST_EFUSE_RESISTANCE","","POST_BANKA_EFUSE_RESISTANCE_UNBLOWN_BIT6",490042,"",1,1,"ISEN_PS1600",1,"1300","","",65,"<=",79.6,"ohms","<=",200,"P",26.3014,***,"",
1,"POST_EFUSE_RESISTANCE","","POST_BANKA_EFUSE_RESISTANCE_BLOWN_BIT5",590043,"",1,1,"ISEN_PS1600",1,"1300","","",3500,"<=",69981.4,"ohms","<=",85000,"P",26.3014,***,"",
1,"POST_EFUSE_RESISTANCE","","POST_BANKA_EFUSE_RESISTANCE_UNBLOWN_BIT4",490044,"",1,1,"ISEN_PS1600",1,"1300","","",65,"<=",79.6,"ohms","<=",200,"P",26.3014,***,"",
1,"POST_EFUSE_RESISTANCE","","POST_BANKA_EFUSE_RESISTANCE_UNBLOWN_BIT3",490045,"",1,1,"ISEN_PS1600",1,"1300","","",65,"<=",79.6,"ohms","<=",200,"P",26.3014,***,"",
1,"POST_EFUSE_RESISTANCE","","POST_BANKA_EFUSE_RESISTANCE_UNBLOWN_BIT2",490046,"",1,1,"ISEN_PS1600",1,"1300","","",65,"<=",79.6,"ohms","<=",200,"P",26.3014,***,"",
1,"POST_EFUSE_RESISTANCE","","POST_BANKA_EFUSE_RESISTANCE_UNBLOWN_BIT1",490047,"",1,1,"ISEN_PS1600",1,"1300","","",65,"<=",79.6,"ohms","<=",200,"P",26.3014,***,"",
1,"POST_EFUSE_RESISTANCE","","POST_BANKA_EFUSE_RESISTANCE_UNBLOWN_BIT0",490048,"",1,1,"ISEN_PS1600",1,"1300","","",65,"<=",79.6,"ohms","<=",200,"P",26.3014,***,"",
1,"POST_EFUSE_RESISTANCE","","POST_BANKB_EFUSE_RESISTANCE_BLOWN_BIT47",590049,"",1,1,"ISEN_PS1600",1,"1300","","",3500,"<=",69526,"ohms","<=",85000,"P",26.3014,***,"",
1,"POST_EFUSE_RESISTANCE","","POST_BANKB_EFUSE_RESISTANCE_BLOWN_BIT46",590050,"",1,1,"ISEN_PS1600",1,"1300","","",3500,"<=",46179.8,"ohms","<=",85000,"P",30.9562,***,"",
1,"POST_EFUSE_RESISTANCE","","POST_BANKB_EFUSE_RESISTANCE_BLOWN_BIT45",590051,"",1,1,"ISEN_PS1600",1,"1300","","",3500,"<=",3653.8,"ohms","<=",85000,"P",72.6954,***,"",
1,"POST_EFUSE_RESISTANCE","","POST_BANKB_EFUSE_RESISTANCE_UNBLOWN_BIT44",490052,"",1,1,"ISEN_PS1600",1,"1300","","",65,"<=",79.6,"ohms","<=",200,"P",37.9362,***,"",
1,"POST_EFUSE_RESISTANCE","","POST_BANKB_EFUSE_RESISTANCE_BLOWN_BIT43",590053,"",1,1,"ISEN_PS1600",1,"1300","","",3500,"<=",69981.4,"ohms","<=",85000,"P",30.9575,***,"",
1,"POST_EFUSE_RESISTANCE","","POST_BANKB_EFUSE_RESISTANCE_BLOWN_BIT42",590054,"",1,1,"ISEN_PS1600",1,"1300","","",3500,"<=",69958.6,"ohms","<=",85000,"P",26.3014,***,"",
1,"POST_EFUSE_RESISTANCE","","POST_BANKB_EFUSE_RESISTANCE_BLOWN_BIT41",590055,"",1,1,"ISEN_PS1600",1,"1300","","",3500,"<=",69970,"ohms","<=",85000,"P",49.4741,***,"",
1,"POST_EFUSE_RESISTANCE","","POST_BANKB_EFUSE_RESISTANCE_UNBLOWN_BIT40",490056,"",1,1,"ISEN_PS1600",1,"1300","","",65,"<=",79.6,"ohms","<=",200,"P",49.4741,***,"",
1,"POST_EFUSE_RESISTANCE","","POST_BANKB_EFUSE_RESISTANCE_BLOWN_BIT39",590057,"",1,1,"ISEN_PS1600",1,"1300","","",3500,"<=",69981.4,"ohms","<=",85000,"P",72.6995,***,"",
1,"POST_EFUSE_RESISTANCE","","POST_BANKB_EFUSE_RESISTANCE_BLOWN_BIT38",590058,"",1,1,"ISEN_PS1600",1,"1300","","",3500,"<=",69970,"ohms","<=",85000,"P",49.5738,***,"",
1,"POST_EFUSE_RESISTANCE","","POST_BANKB_EFUSE_RESISTANCE_BLOWN_BIT37",590059,"",1,1,"ISEN_PS1600",1,"1300","","",3500,"<=",69981.4,"ohms","<=",85000,"P",30.9562,***,"",
1,"POST_EFUSE_RESISTANCE","","POST_BANKB_EFUSE_RESISTANCE_BLOWN_BIT36",590060,"",1,1,"ISEN_PS1600",1,"1300","","",3500,"<=",69970,"ohms","<=",85000,"P",49.4741,***,"",
1,"POST_EFUSE_RESISTANCE","","POST_BANKB_EFUSE_RESISTANCE_UNBLOWN_BIT35",490061,"",1,1,"ISEN_PS1600",1,"1300","","",65,"<=",79.6,"ohms","<=",200,"P",49.4741,***,"",
1,"POST_EFUSE_RESISTANCE","","POST_BANKB_EFUSE_RESISTANCE_UNBLOWN_BIT34",490062,"",1,1,"ISEN_PS1600",1,"1300","","",65,"<=",79.6,"ohms","<=",200,"P",49.4741,***,"",
1,"POST_EFUSE_RESISTANCE","","POST_BANKB_EFUSE_RESISTANCE_UNBLOWN_BIT33",490063,"",1,1,"ISEN_PS1600",1,"1300","","",65,"<=",79.6,"ohms","<=",200,"P",49.4741,***,"",
1,"POST_EFUSE_RESISTANCE","","POST_BANKB_EFUSE_RESISTANCE_UNBLOWN_BIT32",490064,"",1,1,"ISEN_PS1600",1,"1300","","",65,"<=",79.6,"ohms","<=",200,"P",49.4741,***,"",
1,"POST_EFUSE_RESISTANCE","","POST_BANKB_EFUSE_RESISTANCE_BLOWN_BIT31",590065,"",1,1,"ISEN_PS1600",1,"1300","","",3500,"<=",69981.4,"ohms","<=",85000,"P",49.4741,***,"",
1,"POST_EFUSE_RESISTANCE","","POST_BANKB_EFUSE_RESISTANCE_UNBLOWN_BIT30",490066,"",1,1,"ISEN_PS1600",1,"1300","","",65,"<=",79.6,"ohms","<=",200,"P",72.7006,***,"",
1,"POST_EFUSE_RESISTANCE","","POST_BANKB_EFUSE_RESISTANCE_BLOWN_BIT29",590067,"",1,1,"ISEN_PS1600",1,"1300","","",3500,"<=",69890.2,"ohms","<=",85000,"P",72.692,***,"",
1,"POST_EFUSE_RESISTANCE","","POST_BANKB_EFUSE_RESISTANCE_UNBLOWN_BIT28",490068,"",1,1,"ISEN_PS1600",1,"1300","","",65,"<=",79.6,"ohms","<=",200,"P",30.9562,***,"",
1,"POST_EFUSE_RESISTANCE","","POST_BANKB_EFUSE_RESISTANCE_BLOWN_BIT27",590069,"",1,1,"ISEN_PS1600",1,"1300","","",3500,"<=",69981.4,"ohms","<=",85000,"P",30.9562,***,"",
1,"POST_EFUSE_RESISTANCE","","POST_BANKB_EFUSE_RESISTANCE_BLOWN_BIT26",590070,"",1,1,"ISEN_PS1600",1,"1300","","",3500,"<=",55923.6,"ohms","<=",85000,"P",30.9562,***,"",
1,"POST_EFUSE_RESISTANCE","","POST_BANKB_EFUSE_RESISTANCE_UNBLOWN_BIT25",490071,"",1,1,"ISEN_PS1600",1,"1300","","",65,"<=",79.6,"ohms","<=",200,"P",30.9562,***,"",
1,"POST_EFUSE_RESISTANCE","","POST_BANKB_EFUSE_RESISTANCE_UNBLOWN_BIT24",490072,"",1,1,"ISEN_PS1600",1,"1300","","",65,"<=",79.6,"ohms","<=",200,"P",37.9362,***,"",
1,"POST_EFUSE_RESISTANCE","","POST_BANKB_EFUSE_RESISTANCE_UNBLOWN_BIT23",490073,"",1,1,"ISEN_PS1600",1,"1300","","",65,"<=",79.6,"ohms","<=",200,"P",30.9562,***,"",
1,"POST_EFUSE_RESISTANCE","","POST_BANKB_EFUSE_RESISTANCE_UNBLOWN_BIT22",490074,"",1,1,"ISEN_PS1600",1,"1300","","",65,"<=",79.6,"ohms","<=",200,"P",30.9562,***,"",
1,"POST_EFUSE_RESISTANCE","","POST_BANKB_EFUSE_RESISTANCE_UNBLOWN_BIT21",490075,"",1,1,"ISEN_PS1600",1,"1300","","",65,"<=",79.6,"ohms","<=",200,"P",30.9562,***,"",
1,"POST_EFUSE_RESISTANCE","","POST_BANKB_EFUSE_RESISTANCE_UNBLOWN_BIT20",490076,"",1,1,"ISEN_PS1600",1,"1300","","",65,"<=",79.6,"ohms","<=",200,"P",30.9562,***,"",
1,"POST_EFUSE_RESISTANCE","","POST_BANKB_EFUSE_RESISTANCE_UNBLOWN_BIT19",490077,"",1,1,"ISEN_PS1600",1,"1300","","",65,"<=",79.6,"ohms","<=",200,"P",30.9562,***,"",
1,"POST_EFUSE_RESISTANCE","","POST_BANKB_EFUSE_RESISTANCE_UNBLOWN_BIT18",490078,"",1,1,"ISEN_PS1600",1,"1300","","",65,"<=",79.6,"ohms","<=",200,"P",30.9562,***,"",
1,"POST_EFUSE_RESISTANCE","","POST_BANKB_EFUSE_RESISTANCE_BLOWN_BIT17",590079,"",1,1,"ISEN_PS1600",1,"1300","","",3500,"<=",49868,"ohms","<=",85000,"P",30.9562,***,"",
1,"POST_EFUSE_RESISTANCE","","POST_BANKB_EFUSE_RESISTANCE_BLOWN_BIT16",590080,"",1,1,"ISEN_PS1600",1,"1300","","",3500,"<=",69970,"ohms","<=",85000,"P",30.9562,***,"",
1,"POST_EFUSE_RESISTANCE","","POST_BANKB_EFUSE_RESISTANCE_BLOWN_BIT15",590081,"",1,1,"ISEN_PS1600",1,"1300","","",3500,"<=",69947.2,"ohms","<=",85000,"P",37.9399,***,"",
1,"POST_EFUSE_RESISTANCE","","POST_BANKB_EFUSE_RESISTANCE_BLOWN_BIT14",590082,"",1,1,"ISEN_PS1600",1,"1300","","",3500,"<=",69970,"ohms","<=",85000,"P",30.9562,***,"",
1,"POST_EFUSE_RESISTANCE","","POST_BANKB_EFUSE_RESISTANCE_UNBLOWN_BIT13",490083,"",1,1,"ISEN_PS1600",1,"1300","","",65,"<=",68.2,"ohms","<=",200,"P",30.9562,***,"",
1,"POST_EFUSE_RESISTANCE","","POST_BANKB_EFUSE_RESISTANCE_UNBLOWN_BIT12",490084,"",1,1,"ISEN_PS1600",1,"1300","","",65,"<=",79.6,"ohms","<=",200,"P",72.7006,***,"",
1,"POST_EFUSE_RESISTANCE","","POST_BANKB_EFUSE_RESISTANCE_UNBLOWN_BIT11",490085,"",1,1,"ISEN_PS1600",1,"1300","","",65,"<=",79.6,"ohms","<=",200,"P",49.5738,***,"",
1,"POST_EFUSE_RESISTANCE","","POST_BANKB_EFUSE_RESISTANCE_UNBLOWN_BIT10",490086,"",1,1,"ISEN_PS1600",1,"1300","","",65,"<=",91,"ohms","<=",200,"P",142.363,***,"",
1,"POST_EFUSE_RESISTANCE","","POST_BANKB_EFUSE_RESISTANCE_BLOWN_BIT9",590087,"",1,1,"ISEN_PS1600",1,"1300","","",3500,"<=",69981.4,"ohms","<=",85000,"P",142.363,***,"",
1,"POST_EFUSE_RESISTANCE","","POST_BANKB_EFUSE_RESISTANCE_BLOWN_BIT8",590088,"",1,1,"ISEN_PS1600",1,"1300","","",3500,"<=",69970,"ohms","<=",85000,"P",142.363,***,"",
1,"POST_EFUSE_RESISTANCE","","POST_BANKB_EFUSE_RESISTANCE_BLOWN_BIT7",590089,"",1,1,"ISEN_PS1600",1,"1300","","",3500,"<=",69981.2,"ohms","<=",85000,"P",37.9356,***,"",
1,"POST_EFUSE_RESISTANCE","","POST_BANKB_EFUSE_RESISTANCE_UNBLOWN_BIT6",490090,"",1,1,"ISEN_PS1600",1,"1300","","",65,"<=",79.6,"ohms","<=",200,"P",37.8646,***,"",
1,"POST_EFUSE_RESISTANCE","","POST_BANKB_EFUSE_RESISTANCE_BLOWN_BIT5",590091,"",1,1,"ISEN_PS1600",1,"1300","","",3500,"<=",51939.6,"ohms","<=",85000,"P",37.8646,***,"",
1,"POST_EFUSE_RESISTANCE","","POST_BANKB_EFUSE_RESISTANCE_UNBLOWN_BIT4",490092,"",1,1,"ISEN_PS1600",1,"1300","","",65,"<=",79.6,"ohms","<=",200,"P",37.8646,***,"",
1,"POST_EFUSE_RESISTANCE","","POST_BANKB_EFUSE_RESISTANCE_UNBLOWN_BIT3",490093,"",1,1,"ISEN_PS1600",1,"1300","","",65,"<=",79.6,"ohms","<=",200,"P",37.8646,***,"",
1,"POST_EFUSE_RESISTANCE","","POST_BANKB_EFUSE_RESISTANCE_UNBLOWN_BIT2",490094,"",1,1,"ISEN_PS1600",1,"1300","","",65,"<=",79.6,"ohms","<=",200,"P",37.8646,***,"",
1,"POST_EFUSE_RESISTANCE","","POST_BANKB_EFUSE_RESISTANCE_UNBLOWN_BIT1",490095,"",1,1,"ISEN_PS1600",1,"1300","","",65,"<=",79.6,"ohms","<=",200,"P",37.8646,***,"",
1,"POST_EFUSE_RESISTANCE","","POST_BANKB_EFUSE_RESISTANCE_UNBLOWN_BIT0",490096,"",1,1,"ISEN_PS1600",1,"1300","","",65,"<=",79.6,"ohms","<=",200,"P",37.8646,***,"",
1,"Post_Vbias_Test","","GENERAL TEST",510001,"",1,1,"VBIAS_PS1600",1,"1300","","",1.75,"<=",1.79888,"V","<=",1.85,"P",0.027212,***,"",
1,"Post_SS_Test","","ISS_0p4V",500010,"",1,1,"SS_PS1600",1,"1300","","",-10.7,"<=",-9.975,"uA","<=",-9.3,"P",0.359362,***,"",
1,"Post_SS_Test","","SS_gain_0p4V",500020,"",1,1,"SS_PS1600",1,"1300","","",9.6,"<=",9.92685,"A/V","<=",10.4,"P",0.359362,***,"",
1,"Post_SS_Test","","Vin_vout_Current",500030,"",1,1,"SS_PS1600",1,"1300","","",3.5,"<=",3.97074,"A","<=",4.5,"P",0.359362,***,"",
1,"Post_SS_Gain_Test","","POST_CURRENT_SS_0P1V",820010,"",1,1,"SS_PS1600",1,"1300","","",350,"<=",937.308,"mA","<=",1100,"P",0.292621,***,"",
1,"Post_SS_Gain_Test","","POST_CURRENT_SS_0P2V",820020,"",1,1,"SS_PS1600",1,"1300","","",1800,"<=",1929.18,"mA","<=",2200,"P",0.292621,***,"",
1,"Post_SS_Gain_Test","","POST_CURRENT_SS_Delta",820030,"",1,1,"SS_PS1600",1,"1300","","",920,"<=",991.872,"mA","<=",1080,"P",0.292621,***,"",
1,"Post_ILIM_Test","","ITRIP_10p_Current",810010,"",1,1,"ITRIP_PS1600",1,"1300","","",-11,"<=",-10.2,"uA","<=",-9,"P",4.77028,***,"",
1,"Post_ILIM_Test","","ITRIP_10p_Voltage",810020,"",1,1,"ITRIP_PS1600",1,"1300","","",0.9,"<=",1.01,"V","<=",1.2,"P",4.77028,***,"",
1,"Post_ILIM_Test","","ITRIP_20p_Current",810060,"",1,1,"VOUT1",1,"1300","","",-22,"<=",-19.631,"uA","<=",-18,"P",4.77028,***,"",
1,"Post_ILIM_Test","","ITRIP_20p_Voltage",810070,"",1,1,"VOUT1",1,"1300","","",0.9,"<=",1,"V","<=",1.2,"P",4.77028,***,"",
1,"Post_ILIM_Test","","Vin_vout_Current_10P",810160,"",1,1,"VOUT1",1,"1300","","",0,"<=",0.800033,"A","<=",0.9,"P",4.77028,***,"",
1,"Post_ILIM_Test","","Vin_vout_Current_20P",810150,"",1,1,"VOUT1",1,"1300","","",0,"<=",1.59983,"A","<=",1.7,"P",4.77028,***,"",
1,"Post_ILIM_Test","","gain_20V_10p",810050,"",1,1,"ITRIP_PS1600",1,"1300","","",70000,"<=",78434.6,"GAIN","<=",85000,"P",4.77028,***,"",
1,"Post_ILIM_Test","","gain_20V_20p",810100,"",1,1,"ITRIP_PS1600",1,"1300","","",75000,"<=",81495.2,"GAIN","<=",85000,"P",4.77028,***,"",
1,"Post_ISENSE_Gain","","POST_SNS_GAIN_20PIMAX_CODE",820040,"",1,1,"ISEN_DPS128",1,"1300","","",-210,"<=",-198.154,"uA","<=",-190,"P",0.068486,***,"",
1,"Post_ISENSE_Gain","","gain",820050,"",1,1,"ISEN_DPS128",1,"1300","","",7700,"<=",8074.17,"GAIN","<=",8300,"P",0.068486,***,"",
1,"Post_ISENSE_Gain","","Forced Current",820060,"",1,1,"VOUT1",1,"1300","","",1.55,"<=",1.59993,"A","<=",1.61,"P",0.068486,***,"",
1,"ILIM_Slowtrip","","ITRIP_VOLTAGE_ILIM_TM_011",830010,"",1,1,"ITRIP_PS1600",1,"1300","","",0.95,"<=",1.11572,"V","<=",1.15,"P",0.504391,***,"",
1,"ILIM_Slowtrip","","ITRIP_VOLTAGE_ILIM_TM_111",830020,"",1,1,"ITRIP_PS1600",1,"1300","","",0.95,"<=",1.11973,"V","<=",1.15,"P",0.504391,***,"",
1,"TISLOW","","TISLOW",840010,"",1,1,"ITRIP_PS1600",1,"1300","","",11.1,"<=",12.4,"mS","<=",12.7,"P",0.247661,***,"",
1,"IO_TEST","","OFF_VOLTAGE_LOW_EN_0V_IO_TM_1",460010,"",1,1,"OFF_PS1600",1,"1300","","",0,"<=",0.000828,"V","<=",0.2,"P",1.5494,***,"",
1,"IO_TEST","","OFF_VOLTAGE_HIGH_EN_1P8V_IO_TM_1",460020,"",1,1,"OFF_PS1600",1,"1300","","",1.75,"<=",1.7974,"V","<=",1.85,"P",1.5494,***,"",
1,"IO_TEST","","OFF_VOLTAGE_LOW_VIN_1P5V_IO_TM_1",460030,"",1,1,"OFF_PS1600",1,"1300","","",0,"<=",0.000828102,"V","<=",0.2,"P",1.5494,***,"",
1,"IO_TEST","","OFF_VOLTAGE_HIGH_VIN_5V_IO_TM_1",460040,"",1,1,"OFF_PS1600",1,"1300","","",1.75,"<=",1.79728,"V","<=",1.85,"P",1.5494,***,"",
1,"IO_TEST","","OFF_VOLTAGE_LOW_EN_0V_IO_TM_2",460070,"",1,1,"OFF_PS1600",1,"1300","","",0,"<=",0.000657,"V","<=",0.2,"P",1.5494,***,"",
1,"IO_TEST","","OFF_VOLTAGE_HIGH_EN_1P8V_IO_TM_2",460080,"",1,1,"OFF_PS1600",1,"1300","","",1.75,"<=",1.79802,"V","<=",1.85,"P",1.5494,***,"",
1,"IO_TEST","","OFF_VOLTAGE_LOW_VIN_1P5V_IO_TM_2",460090,"",1,1,"OFF_PS1600",1,"1300","","",0,"<=",0.000771185,"V","<=",0.2,"P",1.5494,***,"",
1,"IO_TEST","","OFF_VOLTAGE_HIGH_VIN_5V_IO_TM_2",460100,"",1,1,"OFF_PS1600",1,"1300","","",1.75,"<=",1.79745,"V","<=",1.85,"P",1.5494,***,"",
1,"IO_TEST","","OFF_VOLTAGE_LOW_FCB_0V_IO_TM_3",460050,"",1,1,"OFF_PS1600",1,"1300","","",0,"<=",0.000657,"V","<=",0.2,"P",1.5494,***,"",
1,"IO_TEST","","OFF_VOLTAGE_HIGH_FCB_1P8V_IO_TM_3",460060,"",1,1,"OFF_PS1600",1,"1300","","",1.75,"<=",1.79791,"V","<=",1.85,"P",1.5494,***,"",
1,"IO_TEST","","OFF_VOLTAGE_LOW_FCB_0V_IO_TM_4",460110,"",1,1,"OFF_PS1600",1,"1300","","",0,"<=",0.000771,"V","<=",0.2,"P",1.5494,***,"",
1,"IO_TEST","","OFF_VOLTAGE_HIGH_FCB_1P8V_IO_TM_4",460120,"",1,1,"OFF_PS1600",1,"1300","","",1.75,"<=",1.79757,"V","<=",1.85,"P",1.5494,***,"",
1,"SS_Threshold_Test","","VSS_T",210010,"",1,1,"SS_DPS128",1,"1300","","",0.96,"<=",1.03,"V","<=",1.095,"P",0.550171,***,"",
1,"UVLO_Threshold","","UVLO_RISING_VDD",350010,"",1,1,"VDD",1,"1300","","",2.2,"<=",2.58617,"V","<=",2.9,"P",7.02241,***,"",
1,"UVLO_Threshold","","UVLO_FALLING_VDD",350020,"",1,1,"VDD",1,"1300","","",2.2,"<=",2.39439,"V","<=",2.8,"P",7.02241,***,"",
1,"UVLO_Threshold","","UVLO_HYSTERISIS",350030,"",1,1,"VDD",1,"1300","","",0.12,"<=",0.191784,"V","<=",0.5,"P",7.02241,***,"",
1,"UVLO_Threshold","","UVLO_RISING_VIN",350040,"",1,1,"VIN1",1,"1300","","",2.5,"<=",2.65591,"V","<=",2.88,"P",7.02241,***,"",
1,"UVLO_Threshold","","UVLO_FALLING_VIN",350050,"",1,1,"VIN1",1,"1300","","",2.35,"<=",2.48156,"V","<=",2.7,"P",7.02241,***,"",
1,"UVLO_Threshold","","UVLO_HYSTERISIS_VIN",350060,"",1,1,"VIN1",1,"1300","","",0.07,"<=",0.174349,"V","<=",0.3,"P",7.02241,***,"",
1,"EN_Rise_Fall_Hysteresis","","EN_RISING_VDD",360010,"",1,1,"EN",1,"1300","","",0.65,"<=",0.721443,"V","<=",0.8,"P",0.882836,***,"",
1,"EN_Rise_Fall_Hysteresis","","EN_FALLING_VDD",360020,"",1,1,"EN",1,"1300","","",0.6,"<=",0.682365,"V","<=",0.75,"P",0.882836,***,"",
1,"EN_Rise_Fall_Hysteresis","","EN_HYSTERISIS",360030,"",1,1,"EN",1,"1300","","",0.025,"<=",0.0390782,"V","<=",0.06,"P",0.882836,***,"",
1,"FCB_Rise_Fall_Hysteresis","","FCB_RISING_VDD",370010,"",1,1,"FCB_PS1600",1,"1300","","",0.65,"<=",0.714765,"V","<=",0.8,"P",0.71379,***,"",
1,"FCB_Rise_Fall_Hysteresis","","FCB_FALLING_VDD",370020,"",1,1,"FCB_PS1600",1,"1300","","",0.6,"<=",0.674497,"V","<=",0.75,"P",0.71379,***,"",
1,"FCB_Rise_Fall_Hysteresis","","FCB_HYSTERISIS",370030,"",1,1,"FCB_PS1600",1,"1300","","",0.025,"<=",0.0402685,"V","<=",0.06,"P",0.71379,***,"",
1,"Output_characteristics_functional","","FAULTB_VOL_100UA",380010,"",1,1,"FAULTB_PS1600",1,"1300","","",0,"<=",2.137,"mV","<=",5,"P",0.422935,***,"",
1,"Output_characteristics_functional","","FAULTB_VOL_2MA",380020,"",1,1,"FAULTB_PS1600",1,"1300","","",0,"<=",25.814,"mV","<=",35,"P",0.422935,***,"",
1,"Output_characteristics_functional","","OFF_VOH_100UA",380030,"",1,1,"OFF_PS1600",1,"1300","","",1.75,"<=",1.78983,"V","<=",1.85,"P",0.422935,***,"",
1,"Output_characteristics_functional","","OFF_VOL_100UA",380040,"",1,1,"OFF_PS1600",1,"1300","","",0,"<=",5.381,"mV","<=",6,"P",0.422935,***,"",
1,"Output_characteristics_functional","","OFF_VOL_2MA",380050,"",1,1,"OFF_PS1600",1,"1300","","",20,"<=",78.69,"mV","<=",100,"P",0.422935,***,"",
1,"OVST","","GATE_DRIVE_MAIN_FET_PRE",1300010,"",1,1,"OFF_PS1600",1,"1300","","",1.65,"<=",1.74114,"V","<=",1.85,"P",0.534236,***,"",
1,"OVST","","OVST",1300020,"",1,1,"OFF_PS1600",1,"1300","","",2.7,"<=",2.73128,"V","<=",3,"P",0.534236,***,"",
1,"OVST","","GATE_DRIVE_MAIN_FET_POST",1300030,"",1,1,"OFF_PS1600",1,"1300","","",1.25,"<=",1.29862,"V","<=",1.4,"P",0.534236,***,"",
1,"Post_PintoPin_Leakage","","PIN_TO_PIN_POS_LEAKAGE_PIN",700010,"",1,1,"FAULTB_PS1600",1,"1300","","",-200,"<=",-5.58048,"nA","<=",200,"P",0.886031,***,"",
1,"Post_PintoPin_Leakage","","PIN_TO_PIN_NEG_LEAKAGE_PIN",700110,"",1,1,"FAULTB_PS1600",1,"1300","","",-200,"<=",-5.58048,"nA","<=",200,"P",0.886031,***,"",
1,"Post_PintoPin_Leakage","","DELTA_POS",700210,"",1,1,"FAULTB_PS1600",1,"1300","","",-50,"<=",0.507813,"nA","<=",50,"P",0.886031,***,"",
1,"Post_PintoPin_Leakage","","DELTA_NEG",700220,"",1,1,"FAULTB_PS1600",1,"1300","","",-50,"<=",-0.76172,"nA","<=",50,"P",0.886031,***,"",
1,"Post_PintoPin_Leakage","","PIN_TO_PIN_POS_LEAKAGE_PIN",700020,"",1,1,"ITRIP_PS1600",1,"1300","","",-200,"<=",-10.2721,"nA","<=",200,"P",0.886031,***,"",
1,"Post_PintoPin_Leakage","","PIN_TO_PIN_NEG_LEAKAGE_PIN",700120,"",1,1,"ITRIP_PS1600",1,"1300","","",-200,"<=",-10.2721,"nA","<=",200,"P",0.886031,***,"",
1,"Post_PintoPin_Leakage","","DELTA_POS",700210,"",1,1,"ITRIP_PS1600",1,"1300","","",-50,"<=",-0.508323,"nA","<=",50,"P",0.886031,***,"",
1,"Post_PintoPin_Leakage","","DELTA_NEG",700220,"",1,1,"ITRIP_PS1600",1,"1300","","",-50,"<=",0.813317,"nA","<=",50,"P",0.886031,***,"",
1,"Post_PintoPin_Leakage","","PIN_TO_PIN_POS_LEAKAGE_PIN",700030,"",1,1,"OFF_PS1600",1,"1300","","",-200,"<=",-7.66651,"nA","<=",200,"P",0.886031,***,"",
1,"Post_PintoPin_Leakage","","PIN_TO_PIN_NEG_LEAKAGE_PIN",700130,"",1,1,"OFF_PS1600",1,"1300","","",-200,"<=",-7.66651,"nA","<=",200,"P",0.886031,***,"",
1,"Post_PintoPin_Leakage","","DELTA_POS",700210,"",1,1,"OFF_PS1600",1,"1300","","",-50,"<=",0.0511801,"nA","<=",50,"P",0.886031,***,"",
1,"Post_PintoPin_Leakage","","DELTA_NEG",700220,"",1,1,"OFF_PS1600",1,"1300","","",-50,"<=",-0.40944,"nA","<=",50,"P",0.886031,***,"",
1,"Post_PintoPin_Leakage","","PIN_TO_PIN_POS_LEAKAGE_PIN",700040,"",1,1,"SS_PS1600",1,"1300","","",-200,"<=",-10.8937,"nA","<=",200,"P",0.886031,***,"",
1,"Post_PintoPin_Leakage","","PIN_TO_PIN_NEG_LEAKAGE_PIN",700140,"",1,1,"SS_PS1600",1,"1300","","",-200,"<=",-10.8937,"nA","<=",200,"P",0.886031,***,"",
1,"Post_PintoPin_Leakage","","DELTA_POS",700210,"",1,1,"SS_PS1600",1,"1300","","",-50,"<=",-1.99201,"nA","<=",50,"P",0.886031,***,"",
1,"Post_PintoPin_Leakage","","DELTA_NEG",700220,"",1,1,"SS_PS1600",1,"1300","","",-50,"<=",1.63447,"nA","<=",50,"P",0.886031,***,"",
1,"Post_PintoPin_Leakage","","PIN_TO_PIN_POS_LEAKAGE_PIN",700050,"",1,1,"VIN1",1,"1300","","",10,"<=",303.131,"nA","<=",500,"P",0.886031,***,"",
1,"Post_PintoPin_Leakage","","PIN_TO_PIN_NEG_LEAKAGE_PIN",700150,"",1,1,"VIN1",1,"1300","","",-500,"<=",-299.035,"nA","<=",-10,"P",0.886031,***,"",
1,"Post_PintoPin_Leakage","","DELTA_POS",700210,"",1,1,"VIN1",1,"1300","","",-50,"<=",2.0591,"nA","<=",50,"P",0.886031,***,"",
1,"Post_PintoPin_Leakage","","DELTA_NEG",700220,"",1,1,"VIN1",1,"1300","","",-50,"<=",-1.06593,"nA","<=",50,"P",0.886031,***,"",
1,"Post_PintoPin_Leakage","","PIN_TO_PIN_POS_LEAKAGE_PIN",700060,"",1,1,"VOUT1",1,"1300","","",10,"<=",302.978,"nA","<=",500,"P",0.886031,***,"",
1,"Post_PintoPin_Leakage","","PIN_TO_PIN_NEG_LEAKAGE_PIN",700160,"",1,1,"VOUT1",1,"1300","","",-500,"<=",-298.813,"nA","<=",-10,"P",0.886031,***,"",
1,"Post_PintoPin_Leakage","","DELTA_POS",700210,"",1,1,"VOUT1",1,"1300","","",-50,"<=",5.42059,"nA","<=",50,"P",0.886031,***,"",
1,"Post_PintoPin_Leakage","","DELTA_NEG",700220,"",1,1,"VOUT1",1,"1300","","",-50,"<=",4.44925,"nA","<=",50,"P",0.886031,***,"",
1,"Post_PintoPin_Leakage","","PIN_TO_PIN_POS_LEAKAGE_PIN",700070,"",1,1,"EN0_PS1600",1,"1300","","",300,"<=",505.591,"nA","<=",700,"P",0.886031,***,"",
1,"Post_PintoPin_Leakage","","PIN_TO_PIN_NEG_LEAKAGE_PIN",700170,"",1,1,"EN0_PS1600",1,"1300","","",-700,"<=",-509.197,"nA","<=",-300,"P",0.886031,***,"",
1,"Post_PintoPin_Leakage","","DELTA_POS",700210,"",1,1,"EN0_PS1600",1,"1300","","",-50,"<=",-0.205318,"nA","<=",50,"P",0.886031,***,"",
1,"Post_PintoPin_Leakage","","DELTA_NEG",700220,"",1,1,"EN0_PS1600",1,"1300","","",-50,"<=",0.924047,"nA","<=",50,"P",0.886031,***,"",
1,"Post_PintoPin_Leakage","","PIN_TO_PIN_POS_LEAKAGE_PIN",700080,"",1,1,"FCB_PS1600",1,"1300","","",-200,"<=",-0.00847432,"nA","<=",200,"P",0.886031,***,"",
1,"Post_PintoPin_Leakage","","PIN_TO_PIN_NEG_LEAKAGE_PIN",700180,"",1,1,"FCB_PS1600",1,"1300","","",-200,"<=",-5.42506,"nA","<=",200,"P",0.886031,***,"",
1,"Post_PintoPin_Leakage","","DELTA_POS",700210,"",1,1,"FCB_PS1600",1,"1300","","",-50,"<=",0.354705,"nA","<=",50,"P",0.886031,***,"",
1,"Post_PintoPin_Leakage","","DELTA_NEG",700220,"",1,1,"FCB_PS1600",1,"1300","","",-50,"<=",0,"nA","<=",50,"P",0.886031,***,"",
1,"Post_PintoPin_Leakage","","PIN_TO_PIN_POS_LEAKAGE_PIN",700090,"",1,1,"ISEN_PS1600",1,"1300","","",-200,"<=",0.301752,"nA","<=",200,"P",0.886031,***,"",
1,"Post_PintoPin_Leakage","","PIN_TO_PIN_NEG_LEAKAGE_PIN",700190,"",1,1,"ISEN_PS1600",1,"1300","","",-200,"<=",-8.65037,"nA","<=",200,"P",0.886031,***,"",
1,"Post_PintoPin_Leakage","","DELTA_POS",700210,"",1,1,"ISEN_PS1600",1,"1300","","",-50,"<=",-0.767291,"nA","<=",50,"P",0.886031,***,"",
1,"Post_PintoPin_Leakage","","DELTA_NEG",700220,"",1,1,"ISEN_PS1600",1,"1300","","",-50,"<=",0.460375,"nA","<=",50,"P",0.886031,***,"",
1,"Post_PintoPin_Leakage","","PIN_TO_PIN_POS_LEAKAGE_PIN_VBIAS_PS1600",700100,"",1,1,"VBIAS_PS1600",1,"1300","","",500,"<=",801,"nA","<=",1000,"P",0.886031,***,"",
1,"Post_PintoPin_Leakage","","PIN_TO_PIN_NEG_LEAKAGE_PIN_VBIAS_PS1600",700200,"",1,1,"VBIAS_PS1600",1,"1300","","",-1000,"<=",-873,"nA","<=",-500,"P",0.886031,***,"",
1,"Post_PintoPin_Leakage","","DELTA_POS",700210,"",1,1,"VBIAS_PS1600",1,"1300","","",-50,"<=",15,"nA","<=",50,"P",0.886031,***,"",
1,"Post_PintoPin_Leakage","","DELTA_NEG",700220,"",1,1,"VBIAS_PS1600",1,"1300","","",-50,"<=",-20,"nA","<=",50,"P",0.886031,***,"",
1,"Post_Contact","","POST_CONTINUITY",400030,"",1,1,"EN0_PS1600",1,"1300","","",-500,"<=",-368.954,"mV","<=",-300,"P",0.37378,***,"",
1,"Post_Contact","","Delta",400420,"",1,1,"EN0_PS1600",1,"1300","","",-5,"<=",0.170678,"mV","<=",5,"P",0.37378,***,"",
1,"Post_Contact","","POST_CONTINUITY",400020,"",1,1,"FAULTB_PS1600",1,"1300","","",-500,"<=",-430.079,"mV","<=",-300,"P",0.37378,***,"",
1,"Post_Contact","","Delta",400420,"",1,1,"FAULTB_PS1600",1,"1300","","",-5,"<=",0,"mV","<=",5,"P",0.37378,***,"",
1,"Post_Contact","","POST_CONTINUITY",400050,"",1,1,"FCB_PS1600",1,"1300","","",-500,"<=",-368.222,"mV","<=",-300,"P",0.37378,***,"",
1,"Post_Contact","","Delta",400420,"",1,1,"FCB_PS1600",1,"1300","","",-5,"<=",0.22766,"mV","<=",5,"P",0.37378,***,"",
1,"Post_Contact","","POST_CONTINUITY",400090,"",1,1,"ISEN_PS1600",1,"1300","","",-500,"<=",-356.088,"mV","<=",-300,"P",0.37378,***,"",
1,"Post_Contact","","Delta",400420,"",1,1,"ISEN_PS1600",1,"1300","","",-5,"<=",-0.170767,"mV","<=",5,"P",0.37378,***,"",
1,"Post_Contact","","POST_CONTINUITY",400080,"",1,1,"ITRIP_PS1600",1,"1300","","",-500,"<=",-370.84,"mV","<=",-300,"P",0.37378,***,"",
1,"Post_Contact","","Delta",400420,"",1,1,"ITRIP_PS1600",1,"1300","","",-5,"<=",0.22766,"mV","<=",5,"P",0.37378,***,"",
1,"Post_Contact","","POST_CONTINUITY",400040,"",1,1,"OFF_PS1600",1,"1300","","",-500,"<=",-362.587,"mV","<=",-300,"P",0.37378,***,"",
1,"Post_Contact","","Delta",400420,"",1,1,"OFF_PS1600",1,"1300","","",-5,"<=",0.113845,"mV","<=",5,"P",0.37378,***,"",
1,"Post_Contact","","POST_CONTINUITY",400010,"",1,1,"SS_PS1600",1,"1300","","",-500,"<=",-454.407,"mV","<=",-300,"P",0.37378,***,"",
1,"Post_Contact","","Delta",400420,"",1,1,"SS_PS1600",1,"1300","","",-5,"<=",0.170738,"mV","<=",5,"P",0.37378,***,"",
1,"Post_Contact","","POST_CONTINUITY",400070,"",1,1,"VBIAS_PS1600",1,"1300","","",-500,"<=",-294.742,"mV","<=",-200,"P",0.37378,***,"",
1,"Post_Contact","","Delta",400420,"",1,1,"VBIAS_PS1600",1,"1300","","",-5,"<=",0.22766,"mV","<=",5,"P",0.37378,***,"",
1,"Post_Contact","","POST_CONTINUITY",400060,"",1,1,"GND_PS1600",1,"1300","","",-500,"<=",-369.976,"mV","<=",-300,"P",0.37378,***,"",
1,"Post_Contact","","POST_CONTINUITY",400180,"",1,1,"VIN1",1,"1300","","",-360,"<=",-341.816,"mV","<=",-300,"P",0.37378,***,"",
1,"Post_Contact","","Delta",400420,"",1,1,"VIN1",1,"1300","","",-5,"<=",0.501633,"mV","<=",5,"P",0.37378,***,"",
1,"Post_Contact","","POST_CONTINUITY",400190,"",1,1,"VIN2",1,"1300","","",-360,"<=",-342.222,"mV","<=",-300,"P",0.37378,***,"",
1,"Post_Contact","","Delta",400420,"",1,1,"VIN2",1,"1300","","",-5,"<=",0.282288,"mV","<=",5,"P",0.37378,***,"",
1,"Post_Contact","","POST_CONTINUITY",400200,"",1,1,"VIN3",1,"1300","","",-360,"<=",-342.516,"mV","<=",-300,"P",0.37378,***,"",
1,"Post_Contact","","Delta",400420,"",1,1,"VIN3",1,"1300","","",-5,"<=",0.337601,"mV","<=",5,"P",0.37378,***,"",
1,"Post_Contact","","POST_CONTINUITY",400210,"",1,1,"VIN4_RS1",1,"1300","","",-360,"<=",-342.447,"mV","<=",-300,"P",0.37378,***,"",
1,"Post_Contact","","Delta",400420,"",1,1,"VIN4_RS1",1,"1300","","",-5,"<=",0.289917,"mV","<=",5,"P",0.37378,***,"",
1,"Post_Contact","","POST_CONTINUITY",400220,"",1,1,"VIN4_RS2",1,"1300","","",-360,"<=",-342.234,"mV","<=",-300,"P",0.37378,***,"",
1,"Post_Contact","","Delta",400420,"",1,1,"VIN4_RS2",1,"1300","","",-5,"<=",0.711441,"mV","<=",5,"P",0.37378,***,"",
1,"Post_Contact","","POST_CONTINUITY",400230,"",1,1,"VIN5_RS1",1,"1300","","",-360,"<=",-342.575,"mV","<=",-300,"P",0.37378,***,"",
1,"Post_Contact","","Delta",400420,"",1,1,"VIN5_RS1",1,"1300","","",-5,"<=",-0.0648499,"mV","<=",5,"P",0.37378,***,"",
1,"Post_Contact","","POST_CONTINUITY",400240,"",1,1,"VIN5_RS2",1,"1300","","",-360,"<=",-342.676,"mV","<=",-300,"P",0.37378,***,"",
1,"Post_Contact","","Delta",400420,"",1,1,"VIN5_RS2",1,"1300","","",-5,"<=",-0.00953674,"mV","<=",5,"P",0.37378,***,"",
1,"Post_Contact","","POST_CONTINUITY",400250,"",1,1,"VIN6",1,"1300","","",-360,"<=",-342.691,"mV","<=",-300,"P",0.37378,***,"",
1,"Post_Contact","","Delta",400420,"",1,1,"VIN6",1,"1300","","",-5,"<=",-0.118256,"mV","<=",5,"P",0.37378,***,"",
1,"Post_Contact","","POST_CONTINUITY",400100,"",1,1,"VOUT1",1,"1300","","",-300,"<=",-226.387,"mV","<=",-200,"P",0.37378,***,"",
1,"Post_Contact","","Delta",400420,"",1,1,"VOUT1",1,"1300","","",-5,"<=",-0.162125,"mV","<=",5,"P",0.37378,***,"",
1,"Post_Contact","","POST_CONTINUITY",400110,"",1,1,"VOUT2_RS1",1,"1300","","",-300,"<=",-226.412,"mV","<=",-200,"P",0.37378,***,"",
1,"Post_Contact","","Delta",400420,"",1,1,"VOUT2_RS1",1,"1300","","",-5,"<=",0.0038147,"mV","<=",5,"P",0.37378,***,"",
1,"Post_Contact","","POST_CONTINUITY",400120,"",1,1,"VOUT2_RS2",1,"1300","","",-300,"<=",-225.931,"mV","<=",-200,"P",0.37378,***,"",
1,"Post_Contact","","Delta",400420,"",1,1,"VOUT2_RS2",1,"1300","","",-5,"<=",0.0782013,"mV","<=",5,"P",0.37378,***,"",
1,"Post_Contact","","POST_CONTINUITY",400130,"",1,1,"VOUT3_RS1",1,"1300","","",-300,"<=",-226.297,"mV","<=",-200,"P",0.37378,***,"",
1,"Post_Contact","","Delta",400420,"",1,1,"VOUT3_RS1",1,"1300","","",-5,"<=",0.0305176,"mV","<=",5,"P",0.37378,***,"",
1,"Post_Contact","","POST_CONTINUITY",400140,"",1,1,"VOUT3_RS2",1,"1300","","",-300,"<=",-226.37,"mV","<=",-200,"P",0.37378,***,"",
1,"Post_Contact","","Delta",400420,"",1,1,"VOUT3_RS2",1,"1300","","",-5,"<=",-0.135422,"mV","<=",5,"P",0.37378,***,"",
1,"Post_Contact","","POST_CONTINUITY",400150,"",1,1,"VOUT4",1,"1300","","",-300,"<=",-226.429,"mV","<=",-200,"P",0.37378,***,"",
1,"Post_Contact","","Delta",400420,"",1,1,"VOUT4",1,"1300","","",-5,"<=",-0.0209808,"mV","<=",5,"P",0.37378,***,"",
1,"Post_Contact","","POST_CONTINUITY",400160,"",1,1,"VOUT5",1,"1300","","",-300,"<=",-226.271,"mV","<=",-200,"P",0.37378,***,"",
1,"Post_Contact","","Delta",400420,"",1,1,"VOUT5",1,"1300","","",-5,"<=",-0.116348,"mV","<=",5,"P",0.37378,***,"",
1,"Post_Contact","","POST_CONTINUITY",400170,"",1,1,"VOUT6",1,"1300","","",-300,"<=",-226.437,"mV","<=",-200,"P",0.37378,***,"",
1,"Post_Contact","","Delta",400420,"",1,1,"VOUT6",1,"1300","","",-5,"<=",-0.1297,"mV","<=",5,"P",0.37378,***,"",
2,"CONTINUITY","","CONTINUITY",10030,"",1,1,"EN0_PS1600",2,"365","","",-500,"<=",-360.534,"mV","<=",-300,"P",0.316992,***,"",
2,"CONTINUITY","","CONTINUITY",10020,"",1,1,"FAULTB_PS1600",2,"365","","",-500,"<=",-418.525,"mV","<=",-300,"P",0.316992,***,"",
2,"CONTINUITY","","CONTINUITY",10050,"",1,1,"FCB_PS1600",2,"365","","",-500,"<=",-360.595,"mV","<=",-300,"P",0.316992,***,"",
2,"CONTINUITY","","CONTINUITY",10090,"",1,1,"ISEN_PS1600",2,"365","","",-500,"<=",-344.193,"mV","<=",-300,"P",0.316992,***,"",
2,"CONTINUITY","","CONTINUITY",10080,"",1,1,"ITRIP_PS1600",2,"365","","",-500,"<=",-359.229,"mV","<=",-300,"P",0.316992,***,"",
2,"CONTINUITY","","CONTINUITY",10040,"",1,1,"OFF_PS1600",2,"365","","",-500,"<=",-356.156,"mV","<=",-300,"P",0.316992,***,"",
2,"CONTINUITY","","CONTINUITY",10010,"",1,1,"SS_PS1600",2,"365","","",-500,"<=",-444.276,"mV","<=",-300,"P",0.316992,***,"",
2,"CONTINUITY","","CONTINUITY",10070,"",1,1,"VBIAS_PS1600",2,"365","","",-500,"<=",-298.555,"mV","<=",-200,"P",0.316992,***,"",
2,"CONTINUITY","","CONTINUITY",10060,"",1,1,"GND_PS1600",2,"365","","",-500,"<=",-356.885,"mV","<=",-300,"P",0.316992,***,"",
2,"CONTINUITY","","CONTINUITY",10180,"",1,1,"VIN1",2,"365","","",-360,"<=",-336.596,"mV","<=",-300,"P",0.316992,***,"",
2,"CONTINUITY","","CONTINUITY",10190,"",1,1,"VIN2",2,"365","","",-360,"<=",-336.632,"mV","<=",-300,"P",0.316992,***,"",
2,"CONTINUITY","","CONTINUITY",10200,"",1,1,"VIN3",2,"365","","",-360,"<=",-336.933,"mV","<=",-300,"P",0.316992,***,"",
2,"CONTINUITY","","CONTINUITY",10210,"",1,1,"VIN4_RS1",2,"365","","",-360,"<=",-336.931,"mV","<=",-300,"P",0.316992,***,"",
2,"CONTINUITY","","CONTINUITY",10220,"",1,1,"VIN4_RS2",2,"365","","",-360,"<=",-336.485,"mV","<=",-300,"P",0.316992,***,"",
2,"CONTINUITY","","CONTINUITY",10230,"",1,1,"VIN5_RS1",2,"365","","",-360,"<=",-337.057,"mV","<=",-300,"P",0.316992,***,"",
2,"CONTINUITY","","CONTINUITY",10240,"",1,1,"VIN5_RS2",2,"365","","",-360,"<=",-336.805,"mV","<=",-300,"P",0.316992,***,"",
2,"CONTINUITY","","CONTINUITY",10250,"",1,1,"VIN6",2,"365","","",-360,"<=",-336.66,"mV","<=",-300,"P",0.316992,***,"",
2,"CONTINUITY","","CONTINUITY",10100,"",1,1,"VOUT1",2,"365","","",-300,"<=",-226.702,"mV","<=",-200,"P",0.316992,***,"",
2,"CONTINUITY","","CONTINUITY",10110,"",1,1,"VOUT2_RS1",2,"365","","",-300,"<=",-226.973,"mV","<=",-200,"P",0.316992,***,"",
2,"CONTINUITY","","CONTINUITY",10120,"",1,1,"VOUT2_RS2",2,"365","","",-300,"<=",-226.681,"mV","<=",-200,"P",0.316992,***,"",
2,"CONTINUITY","","CONTINUITY",10130,"",1,1,"VOUT3_RS1",2,"365","","",-300,"<=",-226.513,"mV","<=",-200,"P",0.316992,***,"",
2,"CONTINUITY","","CONTINUITY",10140,"",1,1,"VOUT3_RS2",2,"365","","",-300,"<=",-226.456,"mV","<=",-200,"P",0.316992,***,"",
2,"CONTINUITY","","CONTINUITY",10150,"",1,1,"VOUT4",2,"365","","",-300,"<=",-226.618,"mV","<=",-200,"P",0.316992,***,"",
2,"CONTINUITY","","CONTINUITY",10160,"",1,1,"VOUT5",2,"365","","",-300,"<=",-226.641,"mV","<=",-200,"P",0.316992,***,"",
2,"CONTINUITY","","CONTINUITY",10170,"",1,1,"VOUT6",2,"365","","",-300,"<=",-226.604,"mV","<=",-200,"P",0.316992,***,"",
2,"Pin_to_Pin_Leakage","","PIN_TO_PIN_POS_LEAKAGE_PIN",20010,"",1,1,"FAULTB_PS1600",2,"365","","",-200,"<=",-7.20549,"nA","<=",200,"P",0.513109,***,"",
2,"Pin_to_Pin_Leakage","","PIN_TO_PIN_NEG_LEAKAGE_PIN",20110,"",1,1,"FAULTB_PS1600",2,"365","","",-200,"<=",-7.20549,"nA","<=",200,"P",0.513109,***,"",
2,"Pin_to_Pin_Leakage","","PIN_TO_PIN_POS_LEAKAGE_PIN",20020,"",1,1,"ITRIP_PS1600",2,"365","","",-200,"<=",-11.0346,"nA","<=",200,"P",0.513109,***,"",
2,"Pin_to_Pin_Leakage","","PIN_TO_PIN_NEG_LEAKAGE_PIN",20120,"",1,1,"ITRIP_PS1600",2,"365","","",-200,"<=",-11.0346,"nA","<=",200,"P",0.513109,***,"",
2,"Pin_to_Pin_Leakage","","PIN_TO_PIN_POS_LEAKAGE_PIN",20030,"",1,1,"OFF_PS1600",2,"365","","",-200,"<=",-9.15073,"nA","<=",200,"P",0.513109,***,"",
2,"Pin_to_Pin_Leakage","","PIN_TO_PIN_NEG_LEAKAGE_PIN",20130,"",1,1,"OFF_PS1600",2,"365","","",-200,"<=",-9.15073,"nA","<=",200,"P",0.513109,***,"",
2,"Pin_to_Pin_Leakage","","PIN_TO_PIN_POS_LEAKAGE_PIN",20040,"",1,1,"SS_PS1600",2,"365","","",-200,"<=",-13.1922,"nA","<=",200,"P",0.513109,***,"",
2,"Pin_to_Pin_Leakage","","PIN_TO_PIN_NEG_LEAKAGE_PIN",20140,"",1,1,"SS_PS1600",2,"365","","",-200,"<=",-13.1922,"nA","<=",200,"P",0.513109,***,"",
2,"Pin_to_Pin_Leakage","","PIN_TO_PIN_POS_LEAKAGE_PIN",20050,"",1,1,"VIN1",2,"365","","",10,"<=",302.211,"nA","<=",500,"P",0.513109,***,"",
2,"Pin_to_Pin_Leakage","","PIN_TO_PIN_NEG_LEAKAGE_PIN",20150,"",1,1,"VIN1",2,"365","","",-500,"<=",-302.505,"nA","<=",-10,"P",0.513109,***,"",
2,"Pin_to_Pin_Leakage","","PIN_TO_PIN_POS_LEAKAGE_PIN",20060,"",1,1,"VOUT1",2,"365","","",10,"<=",299.638,"nA","<=",500,"P",0.513109,***,"",
2,"Pin_to_Pin_Leakage","","PIN_TO_PIN_NEG_LEAKAGE_PIN",20160,"",1,1,"VOUT1",2,"365","","",-500,"<=",-299.049,"nA","<=",-10,"P",0.513109,***,"",
2,"Pin_to_Pin_Leakage","","PIN_TO_PIN_POS_LEAKAGE_PIN",20070,"",1,1,"EN0_PS1600",2,"365","","",300,"<=",539.371,"nA","<=",700,"P",0.513109,***,"",
2,"Pin_to_Pin_Leakage","","PIN_TO_PIN_NEG_LEAKAGE_PIN",20170,"",1,1,"EN0_PS1600",2,"365","","",-700,"<=",-545.236,"nA","<=",-300,"P",0.513109,***,"",
2,"Pin_to_Pin_Leakage","","PIN_TO_PIN_POS_LEAKAGE_PIN",20080,"",1,1,"FCB_PS1600",2,"365","","",-200,"<=",-0.0591465,"nA","<=",200,"P",0.513109,***,"",
2,"Pin_to_Pin_Leakage","","PIN_TO_PIN_NEG_LEAKAGE_PIN",20180,"",1,1,"FCB_PS1600",2,"365","","",-200,"<=",-6.28649,"nA","<=",200,"P",0.513109,***,"",
2,"Pin_to_Pin_Leakage","","PIN_TO_PIN_POS_LEAKAGE_PIN",20090,"",1,1,"ISEN_PS1600",2,"365","","",-200,"<=",-0.00516475,"nA","<=",200,"P",0.513109,***,"",
2,"Pin_to_Pin_Leakage","","PIN_TO_PIN_NEG_LEAKAGE_PIN",20190,"",1,1,"ISEN_PS1600",2,"365","","",-200,"<=",-11.7195,"nA","<=",200,"P",0.513109,***,"",
2,"Pin_to_Pin_Leakage","","PIN_TO_PIN_POS_LEAKAGE_PIN_VBIAS_PS1600",20100,"",1,1,"VBIAS_PS1600",2,"365","","",500,"<=",697,"nA","<=",1000,"P",0.513109,***,"",
2,"Pin_to_Pin_Leakage","","PIN_TO_PIN_NEG_LEAKAGE_PIN_VBIAS_PS1600",20200,"",1,1,"VBIAS_PS1600",2,"365","","",-1000,"<=",-772,"nA","<=",-500,"P",0.513109,***,"",
2,"IVDDFL_IVINFL_RONFL","","RON_200mAVDD_5_VIN_5_20V_Part",90050,"",1,1,"VIN1",2,"365","","",0.01,"<=",0.0235299,"ohm","<=",0.03,"P",0.0955313,***,"",
2,"IVDDFL_IVINFL_RONFL","","DEVICE_VARIENT_TRUE",90060,"",1,1,"VIN1",2,"365","","",0.5,"<=",1,"","<=",1.5,"P",0.0955313,***,"",
2,"Fuse_Burn_Check","","BANKA_BIT5_BLOWN_TRUE",1000001,"",1,1,"OFF_PS1600",2,"365","","",0,"<=",0,"","<=",1,"P",0.15902,***,"",
2,"Gross_Functional_EN_FCB_FAULTB_OFF","","EN_FCB_LOW_VOUT_LOW",30010,"",1,1,"VOUT4",2,"365","","",-0.001,"<=",0.002882,"V","<=",1,"P",0.320704,***,"",
2,"Gross_Functional_EN_FCB_FAULTB_OFF","","EN_FCB_LOW_OFF_HIGH",30020,"",1,1,"OFF_PS1600",2,"365","","",1.6,"<=",1.95272,"V","<=",2.3,"P",0.320704,***,"",
2,"Gross_Functional_EN_FCB_FAULTB_OFF","","FCB_LOW_VOUT_LOW",30030,"",1,1,"VOUT4",2,"365","","",-0.001,"<=",0.00144958,"V","<=",0.5,"P",0.320704,***,"",
2,"Gross_Functional_EN_FCB_FAULTB_OFF","","FCB_LOW_OFF_HIGH",30040,"",1,1,"OFF_PS1600",2,"365","","",1.6,"<=",1.95341,"V","<=",2.3,"P",0.320704,***,"",
2,"Gross_Functional_EN_FCB_FAULTB_OFF","","EN_LOW_VOUT_LOW",30050,"",1,1,"VOUT4",2,"365","","",-0.001,"<=",0.00203514,"V","<=",0.5,"P",0.320704,***,"",
2,"Gross_Functional_EN_FCB_FAULTB_OFF","","EN_LOW_OFF_HIGH",30060,"",1,1,"OFF_PS1600",2,"365","","",1.6,"<=",1.95261,"V","<=",2.3,"P",0.320704,***,"",
2,"Gross_Functional_EN_FCB_FAULTB_OFF","","EN_FCB_HIGH_VOUT_HIGH",30070,"",1,1,"VOUT4",2,"365","","",4.85,"<=",5.00001,"V","<=",5.1,"P",0.320704,***,"",
2,"Gross_Functional_EN_FCB_FAULTB_OFF","","EN_FCB_HIGH_OFF_LOW",30080,"",1,1,"OFF_PS1600",2,"365","","",-0.001,"<=",0.000714269,"V","<=",0.5,"P",0.320704,***,"",
2,"Gross_Functional_EN_FCB_FAULTB_OFF","","FAULT_SET_VOUT_LOW",30090,"",1,1,"VOUT4",2,"365","","",-0.001,"<=",0.000219345,"V","<=",0.5,"P",0.320704,***,"",
2,"Gross_Functional_EN_FCB_FAULTB_OFF","","FAULT_SET_OFF_HIGH",30100,"",1,1,"OFF_PS1600",2,"365","","",1.6,"<=",1.99769,"V","<=",2.3,"P",0.320704,***,"",
2,"Gross_Functional_EN_FCB_FAULTB_OFF","","FAULT_RESET_VOUT_HIGH",30110,"",1,1,"VOUT4",2,"365","","",4.85,"<=",5.00005,"V","<=",5.1,"P",0.320704,***,"",
2,"Gross_Functional_EN_FCB_FAULTB_OFF","","FAULT_RESET_OFF_LOW",30120,"",1,1,"OFF_PS1600",2,"365","","",0,"<=",0.000657352,"V","<=",0.5,"P",0.320704,***,"",
2,"Output_disabled_leakage","","IVDDDIS_VDD_3_VIN_3",40010,"",1,1,"VDD",2,"365","","",10,"<=",119.325,"uA","<=",166.5,"P",0.13908,***,"",
2,"Output_disabled_leakage","","IVINDIS_VDD_3_VIN_3",40050,"",1,1,"VIN1",2,"365","","",10,"<=",76.4886,"uA","<=",166.5,"P",0.13908,***,"",
2,"Output_disabled_leakage","","IOFF_VDD_3_VIN_3",40090,"",1,1,"VOUT4",2,"365","","",-14,"<=",-1.82542,"uA","<=",11,"P",0.13908,***,"",
2,"Output_disabled_leakage","","IVDDDIS_VDD_3_VIN_20",40020,"",1,1,"VDD",2,"365","","",10,"<=",106.08,"uA","<=",166.5,"P",0.13908,***,"",
2,"Output_disabled_leakage","","IVINDIS_VDD_3_VIN_20",40060,"",1,1,"VIN1",2,"365","","",10,"<=",100.76,"uA","<=",166.5,"P",0.13908,***,"",
2,"Output_disabled_leakage","","IOFF_VDD_3_VIN_20",40100,"",1,1,"VOUT4",2,"365","","",-14,"<=",-2.19187,"uA","<=",11,"P",0.13908,***,"",
2,"Output_disabled_leakage","","IVINVDD0_VIN_3",40130,"",1,1,"VIN1",2,"365","","",10,"<=",71.0357,"uA","<=",166.5,"P",0.13908,***,"",
2,"Output_disabled_leakage","","IOFFVDD0_VIN_3",40150,"",1,1,"VOUT4",2,"365","","",-14,"<=",-1.57561,"uA","<=",11,"P",0.13908,***,"",
2,"Output_disabled_leakage","","IVDDDIS_VDD_20_VIN_3",40030,"",1,1,"VDD",2,"365","","",10,"<=",132.682,"uA","<=",166.5,"P",0.13908,***,"",
2,"Output_disabled_leakage","","IVINDIS_VDD_20_VIN_3",40070,"",1,1,"VIN1",2,"365","","",10,"<=",70.4508,"uA","<=",166.5,"P",0.13908,***,"",
2,"Output_disabled_leakage","","IOFF_VDD_20_VIN_3",40110,"",1,1,"VOUT4",2,"365","","",-14,"<=",-1.9025,"uA","<=",11,"P",0.13908,***,"",
2,"Output_disabled_leakage","","IVDDDIS_VDD_20_VIN_20",40040,"",1,1,"VDD",2,"365","","",10,"<=",139.769,"uA","<=",166.5,"P",0.13908,***,"",
2,"Output_disabled_leakage","","IVINDIS_VDD_20_VIN_20",40080,"",1,1,"VIN1",2,"365","","",10,"<=",96.8454,"uA","<=",166.5,"P",0.13908,***,"",
2,"Output_disabled_leakage","","IOFF_VDD_20_VIN_20",40120,"",1,1,"VOUT4",2,"365","","",-14,"<=",-1.70698,"uA","<=",11,"P",0.13908,***,"",
2,"Output_disabled_leakage","","IVINVDD0_VIN_20",40140,"",1,1,"VIN1",2,"365","","",10,"<=",117.091,"uA","<=",166.5,"P",0.13908,***,"",
2,"Output_disabled_leakage","","IOFFVDD0_VIN_20",40160,"",1,1,"VOUT4",2,"365","","",-14,"<=",-2.2499,"uA","<=",11,"P",0.13908,***,"",
2,"EN_pullup_resistor","","EN0V_PULLUP_RES",50010,"",1,1,"EN0_PS1600",2,"365","","",155,"<=",185.763,"Kohm","<=",230,"P",0.0726727,***,"",
2,"EN_pullup_resistor","","EN1V_PULLUP_RES",50020,"",1,1,"EN0_PS1600",2,"365","","",155,"<=",186.252,"Kohm","<=",230,"P",0.0726727,***,"",
2,"EN_pullup_resistor","","EN0V_Current",50030,"",1,1,"EN0_PS1600",2,"365","","",-11,"<=",-9.68977,"uA","<=",-7,"P",0.0726727,***,"",
2,"EN_pullup_resistor","","EN1V_Current",50040,"",1,1,"EN0_PS1600",2,"365","","",-5.5,"<=",-4.29526,"uA","<=",-3,"P",0.0726727,***,"",
2,"Leakage_Test","","IOFF_REVERSE_VOUT_VIN_LEAKAGE_1mA",60030,"",1,1,"VIN",2,"365","","",-331,"<=",-268.066,"mV","<=",-205,"P",0.0784865,***,"",
2,"Leakage_Test","","IOFF_REVERSE_VOUT_VIN_LEAKAGE_10mA",60040,"",1,1,"VIN",2,"365","","",-340,"<=",-330.297,"mV","<=",-205,"P",0.0784865,***,"",
2,"Leakage_Test","","IOFF_REVERSE_VOUT_VIN_LEAKAGE_100mA",60050,"",1,1,"VIN",2,"365","","",-331,"<=",-209.194,"mV","<=",-205,"P",0.0784865,***,"",
2,"Nominal_Input_pin_Leakages","","LEAKAGE",70010,"",1,1,"EN0_PS1600",2,"365","","",10,"<=",26.4057,"uA","<=",40,"P",0.26063,***,"",
2,"Nominal_Input_pin_Leakages","","LEAKAGE",70060,"",1,1,"FAULTB_PS1600",2,"365","","",-0.2,"<=",0.00693085,"uA","<=",0.2,"P",0.26063,***,"",
2,"Nominal_Input_pin_Leakages","","LEAKAGE",70020,"",1,1,"FCB_PS1600",2,"365","","",-0.5,"<=",-0.0135203,"uA","<=",0.5,"P",0.26063,***,"",
2,"Nominal_Input_pin_Leakages","","LEAKAGE",70040,"",1,1,"ISEN_PS1600",2,"365","","",24,"<=",26.9761,"uA","<=",50,"P",0.26063,***,"",
2,"Nominal_Input_pin_Leakages","","LEAKAGE",70030,"",1,1,"ITRIP_PS1600",2,"365","","",14,"<=",16.7032,"uA","<=",25,"P",0.26063,***,"",
2,"Nominal_Input_pin_Leakages","","LEAKAGE",70080,"",1,1,"OFF_PS1600",2,"365","","",-0.2,"<=",0.100011,"uA","<=",0.5,"P",0.26063,***,"",
2,"Nominal_Input_pin_Leakages","","LEAKAGE",70050,"",1,1,"SS_PS1600",2,"365","","",20,"<=",48.8228,"uA","<=",70,"P",0.26063,***,"",
2,"Nominal_Input_pin_Leakages","","LEAKAGE",70070,"",1,1,"VBIAS_PS1600",2,"365","","",5,"<=",27.7914,"uA","<=",40,"P",0.26063,***,"",
2,"Nominal_Input_pin_Leakages","","LEAKAGE_2V",70090,"",1,1,"OFF_PS1600",2,"365","","",-0.5,"<=",0.043096,"uA","<=",0.5,"P",0.26063,***,"",
2,"Output_enabled_leakage","","IVDD_VDD_3_Vin_3",80001,"",1,1,"VDD",2,"365","","",10,"<=",102.315,"uA","<=",130,"P",0.547819,***,"",
2,"Output_enabled_leakage","","IVIN_VDD_3_Vin_3",80005,"",1,1,"VIN1",2,"365","","",10,"<=",50.8111,"uA","<=",75,"P",0.547819,***,"",
2,"Output_enabled_leakage","","IVDD_VDD_3_Vin_20",80010,"",1,1,"VDD",2,"365","","",10,"<=",109.727,"uA","<=",150,"P",0.547819,***,"",
2,"Output_enabled_leakage","","IVIN_VDD_3_Vin_20",80014,"",1,1,"VIN1",2,"365","","",10,"<=",90.1455,"uA","<=",120,"P",0.547819,***,"",
2,"Output_enabled_leakage","","IVDD_VDD_20_Vin_3",80011,"",1,1,"VDD",2,"365","","",10,"<=",123.054,"uA","<=",150,"P",0.547819,***,"",
2,"Output_enabled_leakage","","IVIN_VDD_20_Vin_3",80015,"",1,1,"VIN1",2,"365","","",10,"<=",52.8796,"uA","<=",75,"P",0.547819,***,"",
2,"Output_enabled_leakage","","IVDD_VDD_20_Vin_20",80012,"",1,1,"VDD",2,"365","","",10,"<=",117.777,"uA","<=",175,"P",0.547819,***,"",
2,"Output_enabled_leakage","","IVIN_VDD_20_Vin_20",80016,"",1,1,"VIN1",2,"365","","",10,"<=",90.7062,"uA","<=",120,"P",0.547819,***,"",
2,"SCAN","","Scan_test",330010,"_rdi_burst_SCAN_bk4_mp",1,1,"@",2,"365","","",***,"",***," ","",***,"P",0.079737,***,"",
2,"Logic","","Logic_test",340010,"_rdi_burst_Logic_bk6_mp",1,1,"@",2,"365","","",***,"",***," ","",***,"P",0.300591,***,"",
2,"Vreftrim","","VBIAS_VALUE_CODE0",180020,"",1,1,"VBIAS_PS1600",2,"365","","",1.5,"<=",1.95147,"V","<=",2.5,"P",2.20645,***,"",
2,"Vreftrim","","VBIAS_VALUE_CODE1",180030,"",1,1,"VBIAS_PS1600",2,"365","","",1.5,"<=",1.96963,"V","<=",2.5,"P",2.20645,***,"",
2,"Vreftrim","","VBIAS_VALUE_CODE2",180040,"",1,1,"VBIAS_PS1600",2,"365","","",1.5,"<=",1.98955,"V","<=",2.5,"P",2.20645,***,"",
2,"Vreftrim","","VBIAS_VALUE_CODE3",180050,"",1,1,"VBIAS_PS1600",2,"365","","",1.5,"<=",2.00907,"V","<=",2.5,"P",2.20645,***,"",
2,"Vreftrim","","VBIAS_VALUE_CODE4",180060,"",1,1,"VBIAS_PS1600",2,"365","","",1.5,"<=",2.02905,"V","<=",2.5,"P",2.20645,***,"",
2,"Vreftrim","","VBIAS_VALUE_CODE5",180070,"",1,1,"VBIAS_PS1600",2,"365","","",1.5,"<=",2.04857,"V","<=",2.5,"P",2.20645,***,"",
2,"Vreftrim","","VBIAS_VALUE_CODE6",180080,"",1,1,"VBIAS_PS1600",2,"365","","",1.5,"<=",2.06832,"V","<=",2.5,"P",2.20645,***,"",
2,"Vreftrim","","VBIAS_VALUE_CODE7",180090,"",1,1,"VBIAS_PS1600",2,"365","","",1.5,"<=",2.08756,"V","<=",2.5,"P",2.20645,***,"",
2,"Vreftrim","","VBIAS_VALUE_CODE8",180100,"",1,1,"VBIAS_PS1600",2,"365","","",1.5,"<=",2.10799,"V","<=",2.5,"P",2.20645,***,"",
2,"Vreftrim","","VBIAS_VALUE_CODE9",180110,"",1,1,"VBIAS_PS1600",2,"365","","",1.5,"<=",2.1274,"V","<=",2.5,"P",2.20645,***,"",
2,"Vreftrim","","VBIAS_VALUE_CODE10",180120,"",1,1,"VBIAS_PS1600",2,"365","","",1.5,"<=",2.14669,"V","<=",2.5,"P",2.20645,***,"",
2,"Vreftrim","","VBIAS_VALUE_CODE11",180130,"",1,1,"VBIAS_PS1600",2,"365","","",1.5,"<=",2.16576,"V","<=",2.5,"P",2.20645,***,"",
2,"Vreftrim","","VBIAS_VALUE_CODE12",180140,"",1,1,"VBIAS_PS1600",2,"365","","",1.5,"<=",2.18597,"V","<=",2.5,"P",2.20645,***,"",
2,"Vreftrim","","VBIAS_VALUE_CODE13",180150,"",1,1,"VBIAS_PS1600",2,"365","","",1.5,"<=",2.20492,"V","<=",2.5,"P",2.20645,***,"",
2,"Vreftrim","","VBIAS_VALUE_CODE14",180160,"",1,1,"VBIAS_PS1600",2,"365","","",1.5,"<=",2.22399,"V","<=",2.5,"P",2.20645,***,"",
2,"Vreftrim","","VBIAS_VALUE_CODE15",180170,"",1,1,"VBIAS_PS1600",2,"365","","",1.5,"<=",2.24322,"V","<=",2.5,"P",2.20645,***,"",
2,"Vreftrim","","VBIAS_VALUE_CODE16",180180,"",1,1,"VBIAS_PS1600",2,"365","","",1.5,"<=",1.63245,"V","<=",2.5,"P",2.20645,***,"",
2,"Vreftrim","","VBIAS_VALUE_CODE17",180190,"",1,1,"VBIAS_PS1600",2,"365","","",1.5,"<=",1.65203,"V","<=",2.5,"P",2.20645,***,"",
2,"Vreftrim","","VBIAS_VALUE_CODE18",180200,"",1,1,"VBIAS_PS1600",2,"365","","",1.5,"<=",1.67207,"V","<=",2.5,"P",2.20645,***,"",
2,"Vreftrim","","VBIAS_VALUE_CODE19",180210,"",1,1,"VBIAS_PS1600",2,"365","","",1.5,"<=",1.69136,"V","<=",2.5,"P",2.20645,***,"",
2,"Vreftrim","","VBIAS_VALUE_CODE20",180220,"",1,1,"VBIAS_PS1600",2,"365","","",1.5,"<=",1.71174,"V","<=",2.5,"P",2.20645,***,"",
2,"Vreftrim","","VBIAS_VALUE_CODE21",180230,"",1,1,"VBIAS_PS1600",2,"365","","",1.5,"<=",1.73126,"V","<=",2.5,"P",2.20645,***,"",
2,"Vreftrim","","VBIAS_VALUE_CODE22",180240,"",1,1,"VBIAS_PS1600",2,"365","","",1.5,"<=",1.75107,"V","<=",2.5,"P",2.20645,***,"",
2,"Vreftrim","","VBIAS_VALUE_CODE23",180250,"",1,1,"VBIAS_PS1600",2,"365","","",1.5,"<=",1.77048,"V","<=",2.5,"P",2.20645,***,"",
2,"Vreftrim","","VBIAS_VALUE_CODE24",180260,"",1,1,"VBIAS_PS1600",2,"365","","",1.5,"<=",1.79148,"V","<=",2.5,"P",2.20645,***,"",
2,"Vreftrim","","VBIAS_VALUE_CODE25",180270,"",1,1,"VBIAS_PS1600",2,"365","","",1.5,"<=",1.81106,"V","<=",2.5,"P",2.20645,***,"",
2,"Vreftrim","","VBIAS_VALUE_CODE26",180280,"",1,1,"VBIAS_PS1600",2,"365","","",1.5,"<=",1.83086,"V","<=",2.5,"P",2.20645,***,"",
2,"Vreftrim","","VBIAS_VALUE_CODE27",180290,"",1,1,"VBIAS_PS1600",2,"365","","",1.5,"<=",1.85056,"V","<=",2.5,"P",2.20645,***,"",
2,"Vreftrim","","VBIAS_VALUE_CODE28",180300,"",1,1,"VBIAS_PS1600",2,"365","","",1.5,"<=",1.87059,"V","<=",2.5,"P",2.20645,***,"",
2,"Vreftrim","","VBIAS_VALUE_CODE29",180310,"",1,1,"VBIAS_PS1600",2,"365","","",1.5,"<=",1.89017,"V","<=",2.5,"P",2.20645,***,"",
2,"Vreftrim","","VBIAS_VALUE_CODE30",180320,"",1,1,"VBIAS_PS1600",2,"365","","",1.5,"<=",1.90986,"V","<=",2.5,"P",2.20645,***,"",
2,"Vreftrim","","VBIAS_VALUE_CODE31",180330,"",1,1,"VBIAS_PS1600",2,"365","","",1.5,"<=",1.92933,"V","<=",2.5,"P",2.20645,***,"",
2,"Vreftrim","","VREF_TRIM_CODE",180010,"",1,1,"VBIAS_PS1600",2,"365","","",0,"<=",24,"Code","<=",31,"P",2.20645,***,"",
2,"Vreftrim","","VBIAS_BEST_FIT_VALUE",180340,"",1,1,"VBIAS_PS1600",2,"365","","",1.77,"<=",1.79148,"V","<=",1.83,"P",2.20645,***,"",
2,"SS_Current_Trim","","SS_CURRENT_CODE0",220040,"",1,1,"SS_PS1600",2,"365","","",-16,"<=",-11.08,"uA","<=",-6,"P",2.54068,***,"",
2,"SS_Current_Trim","","SS_CURRENT_CODE1",220050,"",1,1,"SS_PS1600",2,"365","","",-16,"<=",-11.21,"uA","<=",-6,"P",2.54068,***,"",
2,"SS_Current_Trim","","SS_CURRENT_CODE2",220060,"",1,1,"SS_PS1600",2,"365","","",-16,"<=",-11.364,"uA","<=",-6,"P",2.54068,***,"",
2,"SS_Current_Trim","","SS_CURRENT_CODE3",220070,"",1,1,"SS_PS1600",2,"365","","",-16,"<=",-11.534,"uA","<=",-6,"P",2.54068,***,"",
2,"SS_Current_Trim","","SS_CURRENT_CODE4",220080,"",1,1,"SS_PS1600",2,"365","","",-16,"<=",-11.676,"uA","<=",-6,"P",2.54068,***,"",
2,"SS_Current_Trim","","SS_CURRENT_CODE5",220090,"",1,1,"SS_PS1600",2,"365","","",-16,"<=",-11.861,"uA","<=",-6,"P",2.54068,***,"",
2,"SS_Current_Trim","","SS_CURRENT_CODE6",220100,"",1,1,"SS_PS1600",2,"365","","",-16,"<=",-12.031,"uA","<=",-6,"P",2.54068,***,"",
2,"SS_Current_Trim","","SS_CURRENT_CODE7",220110,"",1,1,"SS_PS1600",2,"365","","",-16,"<=",-12.186,"uA","<=",-6,"P",2.54068,***,"",
2,"SS_Current_Trim","","SS_CURRENT_CODE8",220120,"",1,1,"SS_PS1600",2,"365","","",-16,"<=",-12.368,"uA","<=",-6,"P",2.54068,***,"",
2,"SS_Current_Trim","","SS_CURRENT_CODE9",220130,"",1,1,"SS_PS1600",2,"365","","",-16,"<=",-12.569,"uA","<=",-6,"P",2.54068,***,"",
2,"SS_Current_Trim","","SS_CURRENT_CODE10",220140,"",1,1,"SS_PS1600",2,"365","","",-16,"<=",-12.764,"uA","<=",-6,"P",2.54068,***,"",
2,"SS_Current_Trim","","SS_CURRENT_CODE11",220150,"",1,1,"SS_PS1600",2,"365","","",-16,"<=",-12.944,"uA","<=",-6,"P",2.54068,***,"",
2,"SS_Current_Trim","","SS_CURRENT_CODE12",220160,"",1,1,"SS_PS1600",2,"365","","",-16,"<=",-13.17,"uA","<=",-6,"P",2.54068,***,"",
2,"SS_Current_Trim","","SS_CURRENT_CODE13",220170,"",1,1,"SS_PS1600",2,"365","","",-16,"<=",-13.357,"uA","<=",-6,"P",2.54068,***,"",
2,"SS_Current_Trim","","SS_CURRENT_CODE14",220180,"",1,1,"SS_PS1600",2,"365","","",-16,"<=",-13.575,"uA","<=",-6,"P",2.54068,***,"",
2,"SS_Current_Trim","","SS_CURRENT_CODE15",220190,"",1,1,"SS_PS1600",2,"365","","",-16,"<=",-13.819,"uA","<=",-6,"P",2.54068,***,"",
2,"SS_Current_Trim","","SS_CURRENT_CODE16",220200,"",1,1,"SS_PS1600",2,"365","","",-16,"<=",-9.146,"uA","<=",-6,"P",2.54068,***,"",
2,"SS_Current_Trim","","SS_CURRENT_CODE17",220210,"",1,1,"SS_PS1600",2,"365","","",-16,"<=",-9.26,"uA","<=",-6,"P",2.54068,***,"",
2,"SS_Current_Trim","","SS_CURRENT_CODE18",220220,"",1,1,"SS_PS1600",2,"365","","",-16,"<=",-9.361,"uA","<=",-6,"P",2.54068,***,"",
2,"SS_Current_Trim","","SS_CURRENT_CODE19",220230,"",1,1,"SS_PS1600",2,"365","","",-16,"<=",-9.453,"uA","<=",-6,"P",2.54068,***,"",
2,"SS_Current_Trim","","SS_CURRENT_CODE20",220240,"",1,1,"SS_PS1600",2,"365","","",-16,"<=",-9.572,"uA","<=",-6,"P",2.54068,***,"",
2,"SS_Current_Trim","","SS_CURRENT_CODE21",220250,"",1,1,"SS_PS1600",2,"365","","",-16,"<=",-9.671,"uA","<=",-6,"P",2.54068,***,"",
2,"SS_Current_Trim","","SS_CURRENT_CODE22",220260,"",1,1,"SS_PS1600",2,"365","","",-16,"<=",-9.782,"uA","<=",-6,"P",2.54068,***,"",
2,"SS_Current_Trim","","SS_CURRENT_CODE23",220270,"",1,1,"SS_PS1600",2,"365","","",-16,"<=",-9.909,"uA","<=",-6,"P",2.54068,***,"",
2,"SS_Current_Trim","","SS_CURRENT_CODE24",220280,"",1,1,"SS_PS1600",2,"365","","",-16,"<=",-10.028,"uA","<=",-6,"P",2.54068,***,"",
2,"SS_Current_Trim","","SS_CURRENT_CODE25",220290,"",1,1,"SS_PS1600",2,"365","","",-16,"<=",-10.135,"uA","<=",-6,"P",2.54068,***,"",
2,"SS_Current_Trim","","SS_CURRENT_CODE26",220300,"",1,1,"SS_PS1600",2,"365","","",-16,"<=",-10.259,"uA","<=",-6,"P",2.54068,***,"",
2,"SS_Current_Trim","","SS_CURRENT_CODE27",220310,"",1,1,"SS_PS1600",2,"365","","",-16,"<=",-10.401,"uA","<=",-6,"P",2.54068,***,"",
2,"SS_Current_Trim","","SS_CURRENT_CODE28",220320,"",1,1,"SS_PS1600",2,"365","","",-16,"<=",-10.512,"uA","<=",-6,"P",2.54068,***,"",
2,"SS_Current_Trim","","SS_CURRENT_CODE29",220330,"",1,1,"SS_PS1600",2,"365","","",-16,"<=",-10.662,"uA","<=",-6,"P",2.54068,***,"",
2,"SS_Current_Trim","","SS_CURRENT_CODE30",220340,"",1,1,"SS_PS1600",2,"365","","",-16,"<=",-10.796,"uA","<=",-6,"P",2.54068,***,"",
2,"SS_Current_Trim","","SS_CURRENT_CODE31",220350,"",1,1,"SS_PS1600",2,"365","","",-16,"<=",-10.923,"uA","<=",-6,"P",2.54068,***,"",
2,"SS_Current_Trim","","SS_CURRENT_TRIM_CODE",220030,"",1,1,"SS_PS1600",2,"365","","",0,"<=",24,"Code","<=",31,"P",2.54068,***,"",
2,"SS_Current_Trim","","SS_CURRENT_BEST_FIT_VALUE",220360,"",1,1,"SS_PS1600",2,"365","","",-10.4,"<=",-10.028,"uA","<=",-9.6,"P",2.54068,***,"",
2,"SS_Gain","","CURRENT_SS_0P1V_CODE0",230020,"",1,1,"SS_PS1600",2,"365","","",150,"<=",469.825,"mA","<=",1800,"P",3.92911,***,"",
2,"SS_Gain","","CURRENT_SS_0P2V_CODE0",230180,"",1,1,"SS_PS1600",2,"365","","",300,"<=",952.675,"mA","<=",3200,"P",3.92911,***,"",
2,"SS_Gain","","CURRENT_SS_0P1V_CODE1",230030,"",1,1,"SS_PS1600",2,"365","","",150,"<=",540.414,"mA","<=",1800,"P",3.92911,***,"",
2,"SS_Gain","","CURRENT_SS_0P2V_CODE1",230190,"",1,1,"SS_PS1600",2,"365","","",300,"<=",1085.83,"mA","<=",3200,"P",3.92911,***,"",
2,"SS_Gain","","CURRENT_SS_0P1V_CODE2",230040,"",1,1,"SS_PS1600",2,"365","","",150,"<=",611.69,"mA","<=",1800,"P",3.92911,***,"",
2,"SS_Gain","","CURRENT_SS_0P2V_CODE2",230200,"",1,1,"SS_PS1600",2,"365","","",300,"<=",1220.29,"mA","<=",3200,"P",3.92911,***,"",
2,"SS_Gain","","CURRENT_SS_0P1V_CODE3",230050,"",1,1,"SS_PS1600",2,"365","","",150,"<=",685.299,"mA","<=",1800,"P",3.92911,***,"",
2,"SS_Gain","","CURRENT_SS_0P2V_CODE3",230210,"",1,1,"SS_PS1600",2,"365","","",300,"<=",1357.12,"mA","<=",3200,"P",3.92911,***,"",
2,"SS_Gain","","CURRENT_SS_0P1V_CODE4",230060,"",1,1,"SS_PS1600",2,"365","","",150,"<=",753.384,"mA","<=",1800,"P",3.92911,***,"",
2,"SS_Gain","","CURRENT_SS_0P2V_CODE4",230220,"",1,1,"SS_PS1600",2,"365","","",300,"<=",1487.56,"mA","<=",3200,"P",3.92911,***,"",
2,"SS_Gain","","CURRENT_SS_0P1V_CODE5",230070,"",1,1,"SS_PS1600",2,"365","","",150,"<=",827.494,"mA","<=",1800,"P",3.92911,***,"",
2,"SS_Gain","","CURRENT_SS_0P2V_CODE5",230230,"",1,1,"SS_PS1600",2,"365","","",300,"<=",1625.84,"mA","<=",3200,"P",3.92911,***,"",
2,"SS_Gain","","CURRENT_SS_0P1V_CODE6",230080,"",1,1,"SS_PS1600",2,"365","","",150,"<=",899.611,"mA","<=",1800,"P",3.92911,***,"",
2,"SS_Gain","","CURRENT_SS_0P2V_CODE6",230240,"",1,1,"SS_PS1600",2,"365","","",300,"<=",1762.26,"mA","<=",3200,"P",3.92911,***,"",
2,"SS_Gain","","CURRENT_SS_0P1V_CODE7",230090,"",1,1,"SS_PS1600",2,"365","","",150,"<=",970.07,"mA","<=",1800,"P",3.92911,***,"",
2,"SS_Gain","","CURRENT_SS_0P2V_CODE7",230250,"",1,1,"SS_PS1600",2,"365","","",300,"<=",1897.6,"mA","<=",3200,"P",3.92911,***,"",
2,"SS_Gain","","CURRENT_SS_0P1V_CODE8",230100,"",1,1,"SS_PS1600",2,"365","","",150,"<=",1041.09,"mA","<=",1800,"P",3.92911,***,"",
2,"SS_Gain","","CURRENT_SS_0P2V_CODE8",230260,"",1,1,"SS_PS1600",2,"365","","",300,"<=",2029.54,"mA","<=",3200,"P",3.92911,***,"",
2,"SS_Gain","","CURRENT_SS_0P1V_CODE9",230110,"",1,1,"SS_PS1600",2,"365","","",150,"<=",1114.77,"mA","<=",1800,"P",3.92911,***,"",
2,"SS_Gain","","CURRENT_SS_0P2V_CODE9",230270,"",1,1,"SS_PS1600",2,"365","","",300,"<=",2169.38,"mA","<=",3200,"P",3.92911,***,"",
2,"SS_Gain","","CURRENT_SS_0P1V_CODE10",230120,"",1,1,"SS_PS1600",2,"365","","",150,"<=",1188.53,"mA","<=",1800,"P",3.92911,***,"",
2,"SS_Gain","","CURRENT_SS_0P2V_CODE10",230280,"",1,1,"SS_PS1600",2,"365","","",300,"<=",2308.24,"mA","<=",3200,"P",3.92911,***,"",
2,"SS_Gain","","CURRENT_SS_0P1V_CODE11",230130,"",1,1,"SS_PS1600",2,"365","","",150,"<=",1258.04,"mA","<=",1800,"P",3.92911,***,"",
2,"SS_Gain","","CURRENT_SS_0P2V_CODE11",230290,"",1,1,"SS_PS1600",2,"365","","",300,"<=",2443.42,"mA","<=",3200,"P",3.92911,***,"",
2,"SS_Gain","","CURRENT_SS_0P1V_CODE12",230140,"",1,1,"SS_PS1600",2,"365","","",150,"<=",1331.92,"mA","<=",1800,"P",3.92911,***,"",
2,"SS_Gain","","CURRENT_SS_0P2V_CODE12",230300,"",1,1,"SS_PS1600",2,"365","","",300,"<=",2576.81,"mA","<=",3200,"P",3.92911,***,"",
2,"SS_Gain","","CURRENT_SS_0P1V_CODE13",230150,"",1,1,"SS_PS1600",2,"365","","",150,"<=",1402.77,"mA","<=",1800,"P",3.92911,***,"",
2,"SS_Gain","","CURRENT_SS_0P2V_CODE13",230310,"",1,1,"SS_PS1600",2,"365","","",300,"<=",2709.06,"mA","<=",3200,"P",3.92911,***,"",
2,"SS_Gain","","CURRENT_SS_0P1V_CODE14",230160,"",1,1,"SS_PS1600",2,"365","","",150,"<=",1473.48,"mA","<=",1800,"P",3.92911,***,"",
2,"SS_Gain","","CURRENT_SS_0P2V_CODE14",230320,"",1,1,"SS_PS1600",2,"365","","",300,"<=",2843.19,"mA","<=",3200,"P",3.92911,***,"",
2,"SS_Gain","","CURRENT_SS_0P1V_CODE15",230170,"",1,1,"SS_PS1600",2,"365","","",150,"<=",1552.71,"mA","<=",1800,"P",3.92911,***,"",
2,"SS_Gain","","CURRENT_SS_0P2V_CODE15",230330,"",1,1,"SS_PS1600",2,"365","","",300,"<=",2980.37,"mA","<=",4000,"P",3.92911,***,"",
2,"SS_Gain","","SS_GAIN_TRIM_CODE",230010,"",1,1,"SS_PS1600",2,"365","","",0,"<=",8,"Code","<=",15,"P",3.92911,***,"",
2,"SS_Gain","","BEST_CURR_SS_0p2V",230340,"",1,1,"SS_PS1600",2,"365","","",1700,"<=",2029.54,"mA","<=",2300,"P",3.92911,***,"",
2,"SS_Gain","","BEST_CURR_SS_0p1V",230350,"",1,1,"SS_PS1600",2,"365","","",700,"<=",1041.09,"mA","<=",1300,"P",3.92911,***,"",
2,"SS_Gain","","BEST_CURR_SS_delta",230360,"",1,1,"SS_PS1600",2,"365","","",900,"<=",988.451,"mA","<=",1100,"P",3.92911,***,"",
2,"SSoffset_Trim","","SS_OFFSET_CURRENT_CODE0",240020,"",1,1,"SS_PS1600",2,"365","","",-700,"<=",-495.797,"mA","<=",-100,"P",1.87225,***,"",
2,"SSoffset_Trim","","SS_OFFSET_CURRENT_CODE1",240030,"",1,1,"SS_PS1600",2,"365","","",-700,"<=",-484.641,"mA","<=",-100,"P",1.87225,***,"",
2,"SSoffset_Trim","","SS_OFFSET_CURRENT_CODE2",240040,"",1,1,"SS_PS1600",2,"365","","",-700,"<=",-470.348,"mA","<=",-100,"P",1.87225,***,"",
2,"SSoffset_Trim","","SS_OFFSET_CURRENT_CODE3",240050,"",1,1,"SS_PS1600",2,"365","","",-700,"<=",-455.431,"mA","<=",-100,"P",1.87225,***,"",
2,"SSoffset_Trim","","SS_OFFSET_CURRENT_CODE4",240060,"",1,1,"SS_PS1600",2,"365","","",-700,"<=",-441.463,"mA","<=",-100,"P",1.87225,***,"",
2,"SSoffset_Trim","","SS_OFFSET_CURRENT_CODE5",240070,"",1,1,"SS_PS1600",2,"365","","",-700,"<=",-426.226,"mA","<=",-100,"P",1.87225,***,"",
2,"SSoffset_Trim","","SS_OFFSET_CURRENT_CODE6",240080,"",1,1,"SS_PS1600",2,"365","","",-700,"<=",-409.332,"mA","<=",-100,"P",1.87225,***,"",
2,"SSoffset_Trim","","SS_OFFSET_CURRENT_CODE7",240090,"",1,1,"SS_PS1600",2,"365","","",-700,"<=",-398.588,"mA","<=",-100,"P",1.87225,***,"",
2,"SSoffset_Trim","","SS_OFFSET_CURRENT_CODE8",240100,"",1,1,"SS_PS1600",2,"365","","",-700,"<=",-383.535,"mA","<=",-100,"P",1.87225,***,"",
2,"SSoffset_Trim","","SS_OFFSET_CURRENT_CODE9",240110,"",1,1,"SS_PS1600",2,"365","","",-700,"<=",-370.126,"mA","<=",-100,"P",1.87225,***,"",
2,"SSoffset_Trim","","SS_OFFSET_CURRENT_CODE10",240120,"",1,1,"SS_PS1600",2,"365","","",-700,"<=",-354.554,"mA","<=",-100,"P",1.87225,***,"",
2,"SSoffset_Trim","","SS_OFFSET_CURRENT_CODE11",240130,"",1,1,"SS_PS1600",2,"365","","",-700,"<=",-343.428,"mA","<=",-100,"P",1.87225,***,"",
2,"SSoffset_Trim","","SS_OFFSET_CURRENT_CODE12",240140,"",1,1,"SS_PS1600",2,"365","","",-700,"<=",-326.603,"mA","<=",-100,"P",1.87225,***,"",
2,"SSoffset_Trim","","SS_OFFSET_CURRENT_CODE13",240150,"",1,1,"SS_PS1600",2,"365","","",-700,"<=",-315.348,"mA","<=",-100,"P",1.87225,***,"",
2,"SSoffset_Trim","","SS_OFFSET_CURRENT_CODE14",240160,"",1,1,"SS_PS1600",2,"365","","",-700,"<=",-299.719,"mA","<=",-100,"P",1.87225,***,"",
2,"SSoffset_Trim","","SS_OFFSET_CURRENT_CODE15",240170,"",1,1,"SS_PS1600",2,"365","","",-700,"<=",-286.347,"mA","<=",-100,"P",1.87225,***,"",
2,"SSoffset_Trim","","SS_OFFSET_TRIM_CODE",240010,"",1,1,"SS_PS1600",2,"365","","",0,"<=",7,"Code","<=",15,"P",1.87225,***,"",
2,"SSoffset_Trim","","BEST_Curr_SS_0p04V",240180,"",1,1,"SS_PS1600",2,"365","","",-450,"<=",-398.588,"mA","<=",-350,"P",1.87225,***,"",
2,"VDD_UVLO_OTS_POR","","Low_Temp_Voltage_bank0",200130,"",1,1,"OFF_PS1600",2,"365","","",0,"<=",0.000885018,"V","<=",0.2,"P",0.250619,***,"",
2,"VDD_UVLO_OTS_POR","","High_Temp_Voltage_bank0",200140,"",1,1,"OFF_PS1600",2,"365","","",1.6,"<=",1.93121,"V","<=",2.3,"P",0.250619,***,"",
2,"VDD_UVLO_OTS_POR","","Low_Temp_Voltage_bank0_reset",200150,"",1,1,"OFF_PS1600",2,"365","","",0,"<=",0.000885018,"V","<=",0.2,"P",0.250619,***,"",
2,"VDD_UVLO_OTS_POR","","Low_Temp_Voltage_bank1",200160,"",1,1,"OFF_PS1600",2,"365","","",0,"<=",0.000885018,"V","<=",0.2,"P",0.250619,***,"",
2,"VDD_UVLO_OTS_POR","","High_Temp_Voltage_bank1",200170,"",1,1,"OFF_PS1600",2,"365","","",1.6,"<=",1.93218,"V","<=",2.3,"P",0.250619,***,"",
2,"VDD_UVLO_OTS_POR","","Low_Temp_Voltage_bank1_reset",200180,"",1,1,"OFF_PS1600",2,"365","","",0,"<=",0.000828102,"V","<=",0.5,"P",0.250619,***,"",
2,"UVLO_POR_redundancy","","I_ISEN_UVLO",410010,"",1,1,"VBIAS_PS1600",2,"365","","",8,"<=",10.565,"uA","<=",13,"P",9.10616,***,"",
2,"UVLO_POR_redundancy","","I_IN_VDD3V",410020,"",1,1,"VBIAS_PS1600",2,"365","","",-10,"<=",0,"nA","<=",300,"P",9.10616,***,"",
2,"UVLO_POR_redundancy","","VDD_UVLO_Falling",410030,"",1,1,"VBIAS_PS1600",2,"365","","",2,"<=",2.56,"V","<=",2.75,"P",9.10616,***,"",
2,"UVLO_POR_redundancy","","I_IN_VDD_UVLO_Falling",410040,"",1,1,"VBIAS_PS1600",2,"365","","",8,"<=",10.5677,"uA","<=",13,"P",9.10616,***,"",
2,"UVLO_POR_redundancy","","VBIAS_POR_Falling",410050,"",1,1,"VBIAS_PS1600",2,"365","","",1.1,"<=",1.335,"V","<=",1.45,"P",9.10616,***,"",
2,"UVLO_POR_redundancy","","I_IN_VBIAS_POR_Falling",410060,"",1,1,"VBIAS_PS1600",2,"365","","",20,"<=",26.6174,"uA","<=",33,"P",9.10616,***,"",
2,"UVLO_POR_redundancy","","VBIAS_PORsu_Falling",410070,"",1,1,"VBIAS_PS1600",2,"365","","",0.725,"<=",0.96,"V","<=",1.2,"P",9.10616,***,"",
2,"UVLO_POR_redundancy","","I_IN_VBIAS_PORsu_Falling",410080,"",1,1,"VBIAS_PS1600",2,"365","","",35,"<=",42.8577,"uA","<=",50,"P",9.10616,***,"",
2,"UVLO_POR_redundancy","","VBIAS_PORsu_Rising",410090,"",1,1,"VBIAS_PS1600",2,"365","","",0.75,"<=",1.02,"V","<=",1.3,"P",9.10616,***,"",
2,"UVLO_POR_redundancy","","I_IN_VBIAS_PORsu_Rising",410100,"",1,1,"VBIAS_PS1600",2,"365","","",20,"<=",26.4166,"uA","<=",32,"P",9.10616,***,"",
2,"UVLO_POR_redundancy","","PORsu_Hysteresis",410110,"",1,1,"VBIAS_PS1600",2,"365","","",0,"<=",0.06,"","<=",0.175,"P",9.10616,***,"",
2,"UVLO_POR_redundancy","","VBIAS_POR_Rising",410120,"",1,1,"VBIAS_PS1600",2,"365","","",1.2,"<=",1.495,"V","<=",1.6,"P",9.10616,***,"",
2,"UVLO_POR_redundancy","","I_IN_VBIAS_POR_Rising",410130,"",1,1,"VBIAS_PS1600",2,"365","","",8,"<=",10.5372,"uA","<=",13,"P",9.10616,***,"",
2,"UVLO_POR_redundancy","","POR_Hysteresis",410140,"",1,1,"VBIAS_PS1600",2,"365","","",0.03,"<=",0.16,"","<=",0.25,"P",9.10616,***,"",
2,"UVLO_POR_redundancy","","VDD_UVLO_Rising",410150,"",1,1,"VBIAS_PS1600",2,"365","","",2.2,"<=",2.745,"V","<=",2.85,"P",9.10616,***,"",
2,"UVLO_POR_redundancy","","I_IN_VDD_UVLO_Rising",410160,"",1,1,"VBIAS_PS1600",2,"365","","",-200,"<=",-12.6018,"nA","<=",200,"P",9.10616,***,"",
2,"UVLO_POR_redundancy","","VDD_UVLO_Hysteresis",410170,"",1,1,"VBIAS_PS1600",2,"365","","",0.02,"<=",0.185,"","<=",0.3,"P",9.10616,***,"",
2,"ILIM_gain_Trim","","ILIM_GAIN_20PIMAX_CODE0",270020,"",1,1,"ITRIP_PS1600",2,"365","","",-40,"<=",-32.556,"uA","<=",-0.001,"P",3.75866,***,"",
2,"ILIM_gain_Trim","","ILIM_GAIN_20PIMAX_CODE1",270030,"",1,1,"ITRIP_PS1600",2,"365","","",-40,"<=",-31.531,"uA","<=",-0.001,"P",3.75866,***,"",
2,"ILIM_gain_Trim","","ILIM_GAIN_20PIMAX_CODE2",270040,"",1,1,"ITRIP_PS1600",2,"365","","",-40,"<=",-30.44,"uA","<=",-0.001,"P",3.75866,***,"",
2,"ILIM_gain_Trim","","ILIM_GAIN_20PIMAX_CODE3",270050,"",1,1,"ITRIP_PS1600",2,"365","","",-40,"<=",-29.408,"uA","<=",-0.001,"P",3.75866,***,"",
2,"ILIM_gain_Trim","","ILIM_GAIN_20PIMAX_CODE4",270060,"",1,1,"ITRIP_PS1600",2,"365","","",-40,"<=",-28.345,"uA","<=",-0.001,"P",3.75866,***,"",
2,"ILIM_gain_Trim","","ILIM_GAIN_20PIMAX_CODE5",270070,"",1,1,"ITRIP_PS1600",2,"365","","",-40,"<=",-27.322,"uA","<=",-0.001,"P",3.75866,***,"",
2,"ILIM_gain_Trim","","ILIM_GAIN_20PIMAX_CODE6",270080,"",1,1,"ITRIP_PS1600",2,"365","","",-40,"<=",-26.214,"uA","<=",-0.001,"P",3.75866,***,"",
2,"ILIM_gain_Trim","","ILIM_GAIN_20PIMAX_CODE7",270090,"",1,1,"ITRIP_PS1600",2,"365","","",-40,"<=",-25.178,"uA","<=",-0.001,"P",3.75866,***,"",
2,"ILIM_gain_Trim","","ILIM_GAIN_20PIMAX_CODE8",270100,"",1,1,"ITRIP_PS1600",2,"365","","",-40,"<=",-24.199,"uA","<=",-0.001,"P",3.75866,***,"",
2,"ILIM_gain_Trim","","ILIM_GAIN_20PIMAX_CODE9",270110,"",1,1,"ITRIP_PS1600",2,"365","","",-40,"<=",-23.179,"uA","<=",-0.001,"P",3.75866,***,"",
2,"ILIM_gain_Trim","","ILIM_GAIN_20PIMAX_CODE10",270120,"",1,1,"ITRIP_PS1600",2,"365","","",-40,"<=",-22.07,"uA","<=",-0.001,"P",3.75866,***,"",
2,"ILIM_gain_Trim","","ILIM_GAIN_20PIMAX_CODE11",270130,"",1,1,"ITRIP_PS1600",2,"365","","",-40,"<=",-21.04,"uA","<=",-0.001,"P",3.75866,***,"",
2,"ILIM_gain_Trim","","ILIM_GAIN_20PIMAX_CODE12",270140,"",1,1,"ITRIP_PS1600",2,"365","","",-40,"<=",-19.975,"uA","<=",-0.001,"P",3.75866,***,"",
2,"ILIM_gain_Trim","","ILIM_GAIN_20PIMAX_CODE13",270150,"",1,1,"ITRIP_PS1600",2,"365","","",-40,"<=",-18.944,"uA","<=",-0.001,"P",3.75866,***,"",
2,"ILIM_gain_Trim","","ILIM_GAIN_20PIMAX_CODE14",270160,"",1,1,"ITRIP_PS1600",2,"365","","",-40,"<=",-17.836,"uA","<=",-0.001,"P",3.75866,***,"",
2,"ILIM_gain_Trim","","ILIM_GAIN_20PIMAX_CODE15",270170,"",1,1,"ITRIP_PS1600",2,"365","","",-40,"<=",-16.811,"uA","<=",-0.001,"P",3.75866,***,"",
2,"ILIM_gain_Trim","","ILIM_GAIN_20PIMAX_CODE16",270180,"",1,1,"ITRIP_PS1600",2,"365","","",-40,"<=",-15.816,"uA","<=",-0.001,"P",3.75866,***,"",
2,"ILIM_gain_Trim","","ILIM_GAIN_20PIMAX_CODE17",270190,"",1,1,"ITRIP_PS1600",2,"365","","",-40,"<=",-14.783,"uA","<=",-0.001,"P",3.75866,***,"",
2,"ILIM_gain_Trim","","ILIM_GAIN_20PIMAX_CODE18",270200,"",1,1,"ITRIP_PS1600",2,"365","","",-40,"<=",-13.68,"uA","<=",-0.001,"P",3.75866,***,"",
2,"ILIM_gain_Trim","","ILIM_GAIN_20PIMAX_CODE19",270210,"",1,1,"ITRIP_PS1600",2,"365","","",-40,"<=",-12.642,"uA","<=",-0.001,"P",3.75866,***,"",
2,"ILIM_gain_Trim","","ILIM_GAIN_20PIMAX_CODE20",270220,"",1,1,"ITRIP_PS1600",2,"365","","",-40,"<=",-11.582,"uA","<=",-0.001,"P",3.75866,***,"",
2,"ILIM_gain_Trim","","ILIM_GAIN_20PIMAX_CODE21",270230,"",1,1,"ITRIP_PS1600",2,"365","","",-40,"<=",-10.549,"uA","<=",-0.001,"P",3.75866,***,"",
2,"ILIM_gain_Trim","","ILIM_GAIN_20PIMAX_CODE22",270240,"",1,1,"ITRIP_PS1600",2,"365","","",-40,"<=",-9.445,"uA","<=",-0.001,"P",3.75866,***,"",
2,"ILIM_gain_Trim","","ILIM_GAIN_20PIMAX_CODE23",270250,"",1,1,"ITRIP_PS1600",2,"365","","",-40,"<=",-8.408,"uA","<=",-0.001,"P",3.75866,***,"",
2,"ILIM_gain_Trim","","ILIM_GAIN_20PIMAX_CODE24",270260,"",1,1,"ITRIP_PS1600",2,"365","","",-40,"<=",-7.433,"uA","<=",-0.001,"P",3.75866,***,"",
2,"ILIM_gain_Trim","","ILIM_GAIN_20PIMAX_CODE25",270270,"",1,1,"ITRIP_PS1600",2,"365","","",-40,"<=",-6.393,"uA","<=",-0.001,"P",3.75866,***,"",
2,"ILIM_gain_Trim","","ILIM_GAIN_20PIMAX_CODE26",270280,"",1,1,"ITRIP_PS1600",2,"365","","",-40,"<=",-5.294,"uA","<=",-0.001,"P",3.75866,***,"",
2,"ILIM_gain_Trim","","ILIM_GAIN_20PIMAX_CODE27",270290,"",1,1,"ITRIP_PS1600",2,"365","","",-40,"<=",-4.259,"uA","<=",-0.001,"P",3.75866,***,"",
2,"ILIM_gain_Trim","","ILIM_GAIN_20PIMAX_CODE28",270300,"",1,1,"ITRIP_PS1600",2,"365","","",-40,"<=",-3.191,"uA","<=",-0.001,"P",3.75866,***,"",
2,"ILIM_gain_Trim","","ILIM_GAIN_20PIMAX_CODE29",270310,"",1,1,"ITRIP_PS1600",2,"365","","",-40,"<=",-2.153,"uA","<=",-0.001,"P",3.75866,***,"",
2,"ILIM_gain_Trim","","ILIM_GAIN_20PIMAX_CODE30",270320,"",1,1,"ITRIP_PS1600",2,"365","","",-40,"<=",-1.055,"uA","<=",-0.001,"P",3.75866,***,"",
2,"ILIM_gain_Trim","","ILIM_GAIN_20PIMAX_CODE31",270330,"",1,1,"ITRIP_PS1600",2,"365","","",-40,"<=",-0.017,"uA","<=",0,"P",3.75866,***,"",
2,"ILIM_gain_Trim","","ILIM_GAIN_TRIM",270010,"",1,1,"ITRIP_PS1600",2,"365","","",0,"<=",12,"Code","<=",31,"P",3.75866,***,"",
2,"ILIM_gain_Trim","","BEST_MEAS_20pIMAX",270660,"",1,1,"ITRIP_PS1600",2,"365","","",-22,"<=",-19.975,"uA","<=",-18,"P",3.75866,***,"",
2,"ILIM_gain_Trim","","BEST_GAIN",270680,"",1,1,"ITRIP_PS1600",2,"365","","",75000,"<=",80100.1,"GAIN","<=",85000,"P",3.75866,***,"",
2,"ISENSE_BlockOffset_Trim_New","","ISNS_MEAS_10mAIOUT_CODE0",310020,"",1,1,"ISEN_PS1600",2,"365","","",-17,"<=",-0.004,"uA","<=",1,"P",3.35422,***,"",
2,"ISENSE_BlockOffset_Trim_New","","ISNS_MEAS_10mAIOUT_CODE1",310030,"",1,1,"ISEN_PS1600",2,"365","","",-17,"<=",-0.004,"uA","<=",1,"P",3.35422,***,"",
2,"ISENSE_BlockOffset_Trim_New","","ISNS_MEAS_10mAIOUT_CODE2",310040,"",1,1,"ISEN_PS1600",2,"365","","",-17,"<=",-0.004,"uA","<=",1,"P",3.35422,***,"",
2,"ISENSE_BlockOffset_Trim_New","","ISNS_MEAS_10mAIOUT_CODE3",310050,"",1,1,"ISEN_PS1600",2,"365","","",-17,"<=",-0.003,"uA","<=",1,"P",3.35422,***,"",
2,"ISENSE_BlockOffset_Trim_New","","ISNS_MEAS_10mAIOUT_CODE4",310060,"",1,1,"ISEN_PS1600",2,"365","","",-17,"<=",-0.003,"uA","<=",1,"P",3.35422,***,"",
2,"ISENSE_BlockOffset_Trim_New","","ISNS_MEAS_10mAIOUT_CODE5",310070,"",1,1,"ISEN_PS1600",2,"365","","",-17,"<=",-0.003,"uA","<=",1,"P",3.35422,***,"",
2,"ISENSE_BlockOffset_Trim_New","","ISNS_MEAS_10mAIOUT_CODE6",310080,"",1,1,"ISEN_PS1600",2,"365","","",-17,"<=",-0.003,"uA","<=",1,"P",3.35422,***,"",
2,"ISENSE_BlockOffset_Trim_New","","ISNS_MEAS_10mAIOUT_CODE7",310090,"",1,1,"ISEN_PS1600",2,"365","","",-17,"<=",-0.003,"uA","<=",1,"P",3.35422,***,"",
2,"ISENSE_BlockOffset_Trim_New","","ISNS_MEAS_10mAIOUT_CODE8",310100,"",1,1,"ISEN_PS1600",2,"365","","",-17,"<=",-0.004,"uA","<=",1,"P",3.35422,***,"",
2,"ISENSE_BlockOffset_Trim_New","","ISNS_MEAS_10mAIOUT_CODE9",310110,"",1,1,"ISEN_PS1600",2,"365","","",-17,"<=",-0.004,"uA","<=",1,"P",3.35422,***,"",
2,"ISENSE_BlockOffset_Trim_New","","ISNS_MEAS_10mAIOUT_CODE10",310120,"",1,1,"ISEN_PS1600",2,"365","","",-17,"<=",-0.004,"uA","<=",1,"P",3.35422,***,"",
2,"ISENSE_BlockOffset_Trim_New","","ISNS_MEAS_10mAIOUT_CODE11",310130,"",1,1,"ISEN_PS1600",2,"365","","",-17,"<=",-0.76,"uA","<=",1,"P",3.35422,***,"",
2,"ISENSE_BlockOffset_Trim_New","","ISNS_MEAS_10mAIOUT_CODE12",310140,"",1,1,"ISEN_PS1600",2,"365","","",-17,"<=",-2.344,"uA","<=",1,"P",3.35422,***,"",
2,"ISENSE_BlockOffset_Trim_New","","ISNS_MEAS_10mAIOUT_CODE13",310150,"",1,1,"ISEN_PS1600",2,"365","","",-17,"<=",-4.06,"uA","<=",1,"P",3.35422,***,"",
2,"ISENSE_BlockOffset_Trim_New","","ISNS_MEAS_10mAIOUT_CODE14",310160,"",1,1,"ISEN_PS1600",2,"365","","",-17,"<=",-5.523,"uA","<=",1,"P",3.35422,***,"",
2,"ISENSE_BlockOffset_Trim_New","","ISNS_MEAS_10mAIOUT_CODE15",310170,"",1,1,"ISEN_PS1600",2,"365","","",-17,"<=",-14.605,"uA","<=",1,"P",3.35422,***,"",
2,"ISENSE_BlockOffset_Trim_New","","ISNS_BLOCK_OFFSET_TRIM",310010,"",1,1,"ISEN_PS1600",2,"365","","",0,"<=",11,"Code","<=",15,"P",3.35422,***,"",
2,"ISENSE_BlockOffset_Trim_New","","BEST_MEAS_10mAIOUT",310350,"",1,1,"ISEN_PS1600",2,"365","","",-1.7,"<=",-0.76,"uA","<=",1.3,"P",3.35422,***,"",
2,"SNS_gain_Trim","","SNS_GAIN_20PIMAX_CODE0",320020,"",1,1,"ISEN_PS1600",2,"365","","",-300,"<=",-251.382,"uA","<=",-90,"P",3.37096,***,"",
2,"SNS_gain_Trim","","SNS_GAIN_20PIMAX_CODE1",320030,"",1,1,"ISEN_PS1600",2,"365","","",-300,"<=",-243.374,"uA","<=",-90,"P",3.37096,***,"",
2,"SNS_gain_Trim","","SNS_GAIN_20PIMAX_CODE2",320040,"",1,1,"ISEN_PS1600",2,"365","","",-300,"<=",-235.315,"uA","<=",-90,"P",3.37096,***,"",
2,"SNS_gain_Trim","","SNS_GAIN_20PIMAX_CODE3",320050,"",1,1,"ISEN_PS1600",2,"365","","",-300,"<=",-227.206,"uA","<=",-90,"P",3.37096,***,"",
2,"SNS_gain_Trim","","SNS_GAIN_20PIMAX_CODE4",320060,"",1,1,"ISEN_PS1600",2,"365","","",-300,"<=",-218.742,"uA","<=",-90,"P",3.37096,***,"",
2,"SNS_gain_Trim","","SNS_GAIN_20PIMAX_CODE5",320070,"",1,1,"ISEN_PS1600",2,"365","","",-300,"<=",-210.633,"uA","<=",-90,"P",3.37096,***,"",
2,"SNS_gain_Trim","","SNS_GAIN_20PIMAX_CODE6",320080,"",1,1,"ISEN_PS1600",2,"365","","",-300,"<=",-202.523,"uA","<=",-90,"P",3.37096,***,"",
2,"SNS_gain_Trim","","SNS_GAIN_20PIMAX_CODE7",320090,"",1,1,"ISEN_PS1600",2,"365","","",-300,"<=",-194.439,"uA","<=",-90,"P",3.37096,***,"",
2,"SNS_gain_Trim","","SNS_GAIN_20PIMAX_CODE8",320100,"",1,1,"ISEN_PS1600",2,"365","","",-300,"<=",-186.582,"uA","<=",-90,"P",3.37096,***,"",
2,"SNS_gain_Trim","","SNS_GAIN_20PIMAX_CODE9",320110,"",1,1,"ISEN_PS1600",2,"365","","",-300,"<=",-178.473,"uA","<=",-90,"P",3.37096,***,"",
2,"SNS_gain_Trim","","SNS_GAIN_20PIMAX_CODE10",320120,"",1,1,"ISEN_PS1600",2,"365","","",-300,"<=",-170.389,"uA","<=",-90,"P",3.37096,***,"",
2,"SNS_gain_Trim","","SNS_GAIN_20PIMAX_CODE11",320130,"",1,1,"ISEN_PS1600",2,"365","","",-300,"<=",-162.305,"uA","<=",-90,"P",3.37096,***,"",
2,"SNS_gain_Trim","","SNS_GAIN_20PIMAX_CODE12",320140,"",1,1,"ISEN_PS1600",2,"365","","",-300,"<=",-153.816,"uA","<=",-90,"P",3.37096,***,"",
2,"SNS_gain_Trim","","SNS_GAIN_20PIMAX_CODE13",320150,"",1,1,"ISEN_PS1600",2,"365","","",-300,"<=",-145.757,"uA","<=",-90,"P",3.37096,***,"",
2,"SNS_gain_Trim","","SNS_GAIN_20PIMAX_CODE14",320160,"",1,1,"ISEN_PS1600",2,"365","","",-300,"<=",-137.698,"uA","<=",-90,"P",3.37096,***,"",
2,"SNS_gain_Trim","","SNS_GAIN_20PIMAX_CODE15",320170,"",1,1,"ISEN_PS1600",2,"365","","",-300,"<=",-129.589,"uA","<=",-90,"P",3.37096,***,"",
2,"SNS_gain_Trim","","SNS_GAIN_TRIM",320010,"",1,1,"ISEN_PS1600",2,"365","","",0,"<=",6,"Code","<=",31,"P",3.37096,***,"",
2,"SNS_gain_Trim","","BEST_MEAS_20pIMAX",320340,"",1,1,"ISEN_PS1600",2,"365","","",-210,"<=",-202.523,"uA","<=",-190,"P",3.37096,***,"",
2,"OC_Delay_Trim","","slice0_Period",630010,"",1,1,"OFF_PS1600",2,"365","","",400,"<=",473,"nS","<=",600,"P",0.364781,***,"",
2,"OC_Delay_Trim","","slice1_Period",630020,"",1,1,"OFF_PS1600",2,"365","","",400,"<=",474.194,"nS","<=",600,"P",0.364781,***,"",
2,"OC_Delay_Trim","","slice2_Period",630030,"",1,1,"OFF_PS1600",2,"365","","",400,"<=",473,"nS","<=",600,"P",0.364781,***,"",
2,"OC_Delay_Trim","","median",630040,"",1,1,"OFF_PS1600",2,"365","","",400,"<=",473,"nS","<=",600,"P",0.364781,***,"",
2,"OC_Delay_Trim","","Count_Number",630050,"",1,1,"OFF_PS1600",2,"365","","",0,"<=",25.3535,"nS","<=",40,"P",0.364781,***,"",
2,"OC_Delay_Trim","","TRIM_CODE",630060,"",1,1,"OFF_PS1600",2,"365","","",0,"<=",9,"Code","<=",15,"P",0.364781,***,"",
2,"EFUSE_REFERENCE_CURRENT_VOLTAGE","","Efuse_Ref_Voltage",620010,"",1,1,"ISEN_PS1600",2,"365","","",1.5,"<=",1.85733,"V","<=",2,"P",0.103765,***,"",
2,"EFUSE_REFERENCE_CURRENT_VOLTAGE","","Efuse_Ref_Current",620020,"",1,1,"ISEN_PS1600",2,"365","","",140,"<=",217.565,"uA","<=",350,"P",0.103765,***,"",
2,"EFUSE_REFERENCE_CURRENT_VOLTAGE","","Efuse_Resistance",620030,"",1,1,"ISEN_PS1600",2,"365","","",100,"<=",396.599,"ohm","<=",1000,"P",0.103765,***,"",
2,"EFUSE_RESISTANCE_MEASUREMENT","","BANKA_EFUSE_RESISTANCE_BIT47",480010,"",1,1,"ISEN_PS1600",2,"365","","",65,"<=",91,"ohms","<=",200,"P",15.4845,***,"",
2,"EFUSE_RESISTANCE_MEASUREMENT","","BANKA_EFUSE_RESISTANCE_BIT46",480020,"",1,1,"ISEN_PS1600",2,"365","","",65,"<=",91,"ohms","<=",200,"P",15.4845,***,"",
2,"EFUSE_RESISTANCE_MEASUREMENT","","BANKA_EFUSE_RESISTANCE_BIT45",480030,"",1,1,"ISEN_PS1600",2,"365","","",65,"<=",79.6,"ohms","<=",200,"P",15.4845,***,"",
2,"EFUSE_RESISTANCE_MEASUREMENT","","BANKA_EFUSE_RESISTANCE_BIT44",480040,"",1,1,"ISEN_PS1600",2,"365","","",65,"<=",91,"ohms","<=",200,"P",15.4845,***,"",
2,"EFUSE_RESISTANCE_MEASUREMENT","","BANKA_EFUSE_RESISTANCE_BIT43",480050,"",1,1,"ISEN_PS1600",2,"365","","",65,"<=",91,"ohms","<=",200,"P",15.4845,***,"",
2,"EFUSE_RESISTANCE_MEASUREMENT","","BANKA_EFUSE_RESISTANCE_BIT42",480060,"",1,1,"ISEN_PS1600",2,"365","","",65,"<=",79.6,"ohms","<=",200,"P",15.4845,***,"",
2,"EFUSE_RESISTANCE_MEASUREMENT","","BANKA_EFUSE_RESISTANCE_BIT41",480070,"",1,1,"ISEN_PS1600",2,"365","","",65,"<=",79.6,"ohms","<=",200,"P",15.4845,***,"",
2,"EFUSE_RESISTANCE_MEASUREMENT","","BANKA_EFUSE_RESISTANCE_BIT40",480080,"",1,1,"ISEN_PS1600",2,"365","","",65,"<=",91,"ohms","<=",200,"P",15.4845,***,"",
2,"EFUSE_RESISTANCE_MEASUREMENT","","BANKA_EFUSE_RESISTANCE_BIT39",480090,"",1,1,"ISEN_PS1600",2,"365","","",65,"<=",91,"ohms","<=",200,"P",15.4845,***,"",
2,"EFUSE_RESISTANCE_MEASUREMENT","","BANKA_EFUSE_RESISTANCE_BIT38",480100,"",1,1,"ISEN_PS1600",2,"365","","",65,"<=",79.6,"ohms","<=",200,"P",15.4845,***,"",
2,"EFUSE_RESISTANCE_MEASUREMENT","","BANKA_EFUSE_RESISTANCE_BIT37",480110,"",1,1,"ISEN_PS1600",2,"365","","",65,"<=",91,"ohms","<=",200,"P",15.4845,***,"",
2,"EFUSE_RESISTANCE_MEASUREMENT","","BANKA_EFUSE_RESISTANCE_BIT36",480120,"",1,1,"ISEN_PS1600",2,"365","","",65,"<=",91,"ohms","<=",200,"P",15.4845,***,"",
2,"EFUSE_RESISTANCE_MEASUREMENT","","BANKA_EFUSE_RESISTANCE_BIT35",480130,"",1,1,"ISEN_PS1600",2,"365","","",65,"<=",91,"ohms","<=",200,"P",15.4845,***,"",
2,"EFUSE_RESISTANCE_MEASUREMENT","","BANKA_EFUSE_RESISTANCE_BIT34",480140,"",1,1,"ISEN_PS1600",2,"365","","",65,"<=",79.6,"ohms","<=",200,"P",15.4845,***,"",
2,"EFUSE_RESISTANCE_MEASUREMENT","","BANKA_EFUSE_RESISTANCE_BIT33",480150,"",1,1,"ISEN_PS1600",2,"365","","",65,"<=",79.6,"ohms","<=",200,"P",15.4845,***,"",
2,"EFUSE_RESISTANCE_MEASUREMENT","","BANKA_EFUSE_RESISTANCE_BIT32",480160,"",1,1,"ISEN_PS1600",2,"365","","",65,"<=",79.6,"ohms","<=",200,"P",15.4845,***,"",
2,"EFUSE_RESISTANCE_MEASUREMENT","","BANKA_EFUSE_RESISTANCE_BIT31",480170,"",1,1,"ISEN_PS1600",2,"365","","",65,"<=",79.6,"ohms","<=",200,"P",15.4845,***,"",
2,"EFUSE_RESISTANCE_MEASUREMENT","","BANKA_EFUSE_RESISTANCE_BIT30",480180,"",1,1,"ISEN_PS1600",2,"365","","",65,"<=",79.6,"ohms","<=",200,"P",15.4845,***,"",
2,"EFUSE_RESISTANCE_MEASUREMENT","","BANKA_EFUSE_RESISTANCE_BIT29",480190,"",1,1,"ISEN_PS1600",2,"365","","",65,"<=",91,"ohms","<=",200,"P",15.4845,***,"",
2,"EFUSE_RESISTANCE_MEASUREMENT","","BANKA_EFUSE_RESISTANCE_BIT28",480200,"",1,1,"ISEN_PS1600",2,"365","","",65,"<=",79.6,"ohms","<=",200,"P",15.4845,***,"",
2,"EFUSE_RESISTANCE_MEASUREMENT","","BANKA_EFUSE_RESISTANCE_BIT27",480210,"",1,1,"ISEN_PS1600",2,"365","","",65,"<=",79.6,"ohms","<=",200,"P",15.4845,***,"",
2,"EFUSE_RESISTANCE_MEASUREMENT","","BANKA_EFUSE_RESISTANCE_BIT26",480220,"",1,1,"ISEN_PS1600",2,"365","","",65,"<=",79.6,"ohms","<=",200,"P",15.4845,***,"",
2,"EFUSE_RESISTANCE_MEASUREMENT","","BANKA_EFUSE_RESISTANCE_BIT25",480230,"",1,1,"ISEN_PS1600",2,"365","","",65,"<=",79.6,"ohms","<=",200,"P",15.4845,***,"",
2,"EFUSE_RESISTANCE_MEASUREMENT","","BANKA_EFUSE_RESISTANCE_BIT24",480240,"",1,1,"ISEN_PS1600",2,"365","","",65,"<=",91,"ohms","<=",200,"P",15.4845,***,"",
2,"EFUSE_RESISTANCE_MEASUREMENT","","BANKA_EFUSE_RESISTANCE_BIT23",480250,"",1,1,"ISEN_PS1600",2,"365","","",65,"<=",91,"ohms","<=",200,"P",15.4845,***,"",
2,"EFUSE_RESISTANCE_MEASUREMENT","","BANKA_EFUSE_RESISTANCE_BIT22",480260,"",1,1,"ISEN_PS1600",2,"365","","",65,"<=",91,"ohms","<=",200,"P",15.4845,***,"",
2,"EFUSE_RESISTANCE_MEASUREMENT","","BANKA_EFUSE_RESISTANCE_BIT21",480270,"",1,1,"ISEN_PS1600",2,"365","","",65,"<=",79.6,"ohms","<=",200,"P",15.4845,***,"",
2,"EFUSE_RESISTANCE_MEASUREMENT","","BANKA_EFUSE_RESISTANCE_BIT20",480280,"",1,1,"ISEN_PS1600",2,"365","","",65,"<=",91,"ohms","<=",200,"P",15.4845,***,"",
2,"EFUSE_RESISTANCE_MEASUREMENT","","BANKA_EFUSE_RESISTANCE_BIT19",480290,"",1,1,"ISEN_PS1600",2,"365","","",65,"<=",91,"ohms","<=",200,"P",15.4845,***,"",
2,"EFUSE_RESISTANCE_MEASUREMENT","","BANKA_EFUSE_RESISTANCE_BIT18",480300,"",1,1,"ISEN_PS1600",2,"365","","",65,"<=",91,"ohms","<=",200,"P",15.4845,***,"",
2,"EFUSE_RESISTANCE_MEASUREMENT","","BANKA_EFUSE_RESISTANCE_BIT17",480310,"",1,1,"ISEN_PS1600",2,"365","","",65,"<=",79.6,"ohms","<=",200,"P",15.4845,***,"",
2,"EFUSE_RESISTANCE_MEASUREMENT","","BANKA_EFUSE_RESISTANCE_BIT16",480320,"",1,1,"ISEN_PS1600",2,"365","","",65,"<=",79.6,"ohms","<=",200,"P",15.4845,***,"",
2,"EFUSE_RESISTANCE_MEASUREMENT","","BANKA_EFUSE_RESISTANCE_BIT15",480330,"",1,1,"ISEN_PS1600",2,"365","","",65,"<=",91,"ohms","<=",200,"P",15.4845,***,"",
2,"EFUSE_RESISTANCE_MEASUREMENT","","BANKA_EFUSE_RESISTANCE_BIT14",480340,"",1,1,"ISEN_PS1600",2,"365","","",65,"<=",91,"ohms","<=",200,"P",15.4845,***,"",
2,"EFUSE_RESISTANCE_MEASUREMENT","","BANKA_EFUSE_RESISTANCE_BIT13",480350,"",1,1,"ISEN_PS1600",2,"365","","",65,"<=",79.6,"ohms","<=",200,"P",15.4845,***,"",
2,"EFUSE_RESISTANCE_MEASUREMENT","","BANKA_EFUSE_RESISTANCE_BIT12",480360,"",1,1,"ISEN_PS1600",2,"365","","",65,"<=",79.6,"ohms","<=",200,"P",15.4845,***,"",
2,"EFUSE_RESISTANCE_MEASUREMENT","","BANKA_EFUSE_RESISTANCE_BIT11",480370,"",1,1,"ISEN_PS1600",2,"365","","",65,"<=",79.6,"ohms","<=",200,"P",15.4845,***,"",
2,"EFUSE_RESISTANCE_MEASUREMENT","","BANKA_EFUSE_RESISTANCE_BIT10",480380,"",1,1,"ISEN_PS1600",2,"365","","",65,"<=",79.6,"ohms","<=",200,"P",15.4845,***,"",
2,"EFUSE_RESISTANCE_MEASUREMENT","","BANKA_EFUSE_RESISTANCE_BIT9",480390,"",1,1,"ISEN_PS1600",2,"365","","",65,"<=",79.6,"ohms","<=",200,"P",15.4845,***,"",
2,"EFUSE_RESISTANCE_MEASUREMENT","","BANKA_EFUSE_RESISTANCE_BIT8",480400,"",1,1,"ISEN_PS1600",2,"365","","",65,"<=",91,"ohms","<=",200,"P",15.4845,***,"",
2,"EFUSE_RESISTANCE_MEASUREMENT","","BANKA_EFUSE_RESISTANCE_BIT7",480410,"",1,1,"ISEN_PS1600",2,"365","","",65,"<=",79.6,"ohms","<=",200,"P",15.4845,***,"",
2,"EFUSE_RESISTANCE_MEASUREMENT","","BANKA_EFUSE_RESISTANCE_BIT6",480420,"",1,1,"ISEN_PS1600",2,"365","","",65,"<=",79.6,"ohms","<=",200,"P",15.4845,***,"",
2,"EFUSE_RESISTANCE_MEASUREMENT","","BANKA_EFUSE_RESISTANCE_BIT5",480430,"",1,1,"ISEN_PS1600",2,"365","","",65,"<=",79.6,"ohms","<=",200,"P",15.4845,***,"",
2,"EFUSE_RESISTANCE_MEASUREMENT","","BANKA_EFUSE_RESISTANCE_BIT4",480440,"",1,1,"ISEN_PS1600",2,"365","","",65,"<=",91,"ohms","<=",200,"P",15.4845,***,"",
2,"EFUSE_RESISTANCE_MEASUREMENT","","BANKA_EFUSE_RESISTANCE_BIT3",480450,"",1,1,"ISEN_PS1600",2,"365","","",65,"<=",79.6,"ohms","<=",200,"P",15.4845,***,"",
2,"EFUSE_RESISTANCE_MEASUREMENT","","BANKA_EFUSE_RESISTANCE_BIT2",480460,"",1,1,"ISEN_PS1600",2,"365","","",65,"<=",91,"ohms","<=",200,"P",15.4845,***,"",
2,"EFUSE_RESISTANCE_MEASUREMENT","","BANKA_EFUSE_RESISTANCE_BIT1",480470,"",1,1,"ISEN_PS1600",2,"365","","",65,"<=",79.6,"ohms","<=",200,"P",15.4845,***,"",
2,"EFUSE_RESISTANCE_MEASUREMENT","","BANKA_EFUSE_RESISTANCE_BIT0",480480,"",1,1,"ISEN_PS1600",2,"365","","",65,"<=",79.6,"ohms","<=",200,"P",15.4845,***,"",
2,"EFUSE_RESISTANCE_MEASUREMENT","","BANKB_EFUSE_RESISTANCE_BIT47",480490,"",1,1,"ISEN_PS1600",2,"365","","",65,"<=",79.6,"ohms","<=",200,"P",15.4845,***,"",
2,"EFUSE_RESISTANCE_MEASUREMENT","","BANKB_EFUSE_RESISTANCE_BIT46",480500,"",1,1,"ISEN_PS1600",2,"365","","",65,"<=",91,"ohms","<=",200,"P",15.4845,***,"",
2,"EFUSE_RESISTANCE_MEASUREMENT","","BANKB_EFUSE_RESISTANCE_BIT45",480510,"",1,1,"ISEN_PS1600",2,"365","","",65,"<=",79.6,"ohms","<=",200,"P",15.4845,***,"",
2,"EFUSE_RESISTANCE_MEASUREMENT","","BANKB_EFUSE_RESISTANCE_BIT44",480520,"",1,1,"ISEN_PS1600",2,"365","","",65,"<=",79.6,"ohms","<=",200,"P",15.4845,***,"",
2,"EFUSE_RESISTANCE_MEASUREMENT","","BANKB_EFUSE_RESISTANCE_BIT43",480530,"",1,1,"ISEN_PS1600",2,"365","","",65,"<=",79.6,"ohms","<=",200,"P",15.4845,***,"",
2,"EFUSE_RESISTANCE_MEASUREMENT","","BANKB_EFUSE_RESISTANCE_BIT42",480540,"",1,1,"ISEN_PS1600",2,"365","","",65,"<=",79.6,"ohms","<=",200,"P",15.4845,***,"",
2,"EFUSE_RESISTANCE_MEASUREMENT","","BANKB_EFUSE_RESISTANCE_BIT41",480550,"",1,1,"ISEN_PS1600",2,"365","","",65,"<=",79.6,"ohms","<=",200,"P",15.4845,***,"",
2,"EFUSE_RESISTANCE_MEASUREMENT","","BANKB_EFUSE_RESISTANCE_BIT40",480560,"",1,1,"ISEN_PS1600",2,"365","","",65,"<=",79.6,"ohms","<=",200,"P",15.4845,***,"",
2,"EFUSE_RESISTANCE_MEASUREMENT","","BANKB_EFUSE_RESISTANCE_BIT39",480570,"",1,1,"ISEN_PS1600",2,"365","","",65,"<=",79.6,"ohms","<=",200,"P",15.4845,***,"",
2,"EFUSE_RESISTANCE_MEASUREMENT","","BANKB_EFUSE_RESISTANCE_BIT38",480580,"",1,1,"ISEN_PS1600",2,"365","","",65,"<=",91,"ohms","<=",200,"P",15.4845,***,"",
2,"EFUSE_RESISTANCE_MEASUREMENT","","BANKB_EFUSE_RESISTANCE_BIT37",480590,"",1,1,"ISEN_PS1600",2,"365","","",65,"<=",91,"ohms","<=",200,"P",15.4845,***,"",
2,"EFUSE_RESISTANCE_MEASUREMENT","","BANKB_EFUSE_RESISTANCE_BIT36",480600,"",1,1,"ISEN_PS1600",2,"365","","",65,"<=",79.6,"ohms","<=",200,"P",15.4845,***,"",
2,"EFUSE_RESISTANCE_MEASUREMENT","","BANKB_EFUSE_RESISTANCE_BIT35",480610,"",1,1,"ISEN_PS1600",2,"365","","",65,"<=",79.6,"ohms","<=",200,"P",15.4845,***,"",
2,"EFUSE_RESISTANCE_MEASUREMENT","","BANKB_EFUSE_RESISTANCE_BIT34",480620,"",1,1,"ISEN_PS1600",2,"365","","",65,"<=",79.6,"ohms","<=",200,"P",15.4845,***,"",
2,"EFUSE_RESISTANCE_MEASUREMENT","","BANKB_EFUSE_RESISTANCE_BIT33",480630,"",1,1,"ISEN_PS1600",2,"365","","",65,"<=",91,"ohms","<=",200,"P",15.4845,***,"",
2,"EFUSE_RESISTANCE_MEASUREMENT","","BANKB_EFUSE_RESISTANCE_BIT32",480640,"",1,1,"ISEN_PS1600",2,"365","","",65,"<=",91,"ohms","<=",200,"P",15.4845,***,"",
2,"EFUSE_RESISTANCE_MEASUREMENT","","BANKB_EFUSE_RESISTANCE_BIT31",480650,"",1,1,"ISEN_PS1600",2,"365","","",65,"<=",79.6,"ohms","<=",200,"P",15.4845,***,"",
2,"EFUSE_RESISTANCE_MEASUREMENT","","BANKB_EFUSE_RESISTANCE_BIT30",480660,"",1,1,"ISEN_PS1600",2,"365","","",65,"<=",102.4,"ohms","<=",200,"P",15.4845,***,"",
2,"EFUSE_RESISTANCE_MEASUREMENT","","BANKB_EFUSE_RESISTANCE_BIT29",480670,"",1,1,"ISEN_PS1600",2,"365","","",65,"<=",79.6,"ohms","<=",200,"P",15.4845,***,"",
2,"EFUSE_RESISTANCE_MEASUREMENT","","BANKB_EFUSE_RESISTANCE_BIT28",480680,"",1,1,"ISEN_PS1600",2,"365","","",65,"<=",79.6,"ohms","<=",200,"P",15.4845,***,"",
2,"EFUSE_RESISTANCE_MEASUREMENT","","BANKB_EFUSE_RESISTANCE_BIT27",480690,"",1,1,"ISEN_PS1600",2,"365","","",65,"<=",79.6,"ohms","<=",200,"P",15.4845,***,"",
2,"EFUSE_RESISTANCE_MEASUREMENT","","BANKB_EFUSE_RESISTANCE_BIT26",480700,"",1,1,"ISEN_PS1600",2,"365","","",65,"<=",79.6,"ohms","<=",200,"P",15.4845,***,"",
2,"EFUSE_RESISTANCE_MEASUREMENT","","BANKB_EFUSE_RESISTANCE_BIT25",480710,"",1,1,"ISEN_PS1600",2,"365","","",65,"<=",79.6,"ohms","<=",200,"P",15.4845,***,"",
2,"EFUSE_RESISTANCE_MEASUREMENT","","BANKB_EFUSE_RESISTANCE_BIT24",480720,"",1,1,"ISEN_PS1600",2,"365","","",65,"<=",79.6,"ohms","<=",200,"P",15.4845,***,"",
2,"EFUSE_RESISTANCE_MEASUREMENT","","BANKB_EFUSE_RESISTANCE_BIT23",480730,"",1,1,"ISEN_PS1600",2,"365","","",65,"<=",79.6,"ohms","<=",200,"P",15.4845,***,"",
2,"EFUSE_RESISTANCE_MEASUREMENT","","BANKB_EFUSE_RESISTANCE_BIT22",480740,"",1,1,"ISEN_PS1600",2,"365","","",65,"<=",79.6,"ohms","<=",200,"P",15.4845,***,"",
2,"EFUSE_RESISTANCE_MEASUREMENT","","BANKB_EFUSE_RESISTANCE_BIT21",480750,"",1,1,"ISEN_PS1600",2,"365","","",65,"<=",79.6,"ohms","<=",200,"P",15.4845,***,"",
2,"EFUSE_RESISTANCE_MEASUREMENT","","BANKB_EFUSE_RESISTANCE_BIT20",480760,"",1,1,"ISEN_PS1600",2,"365","","",65,"<=",79.6,"ohms","<=",200,"P",15.4845,***,"",
2,"EFUSE_RESISTANCE_MEASUREMENT","","BANKB_EFUSE_RESISTANCE_BIT19",480770,"",1,1,"ISEN_PS1600",2,"365","","",65,"<=",79.6,"ohms","<=",200,"P",15.4845,***,"",
2,"EFUSE_RESISTANCE_MEASUREMENT","","BANKB_EFUSE_RESISTANCE_BIT18",480780,"",1,1,"ISEN_PS1600",2,"365","","",65,"<=",79.6,"ohms","<=",200,"P",15.4845,***,"",
2,"EFUSE_RESISTANCE_MEASUREMENT","","BANKB_EFUSE_RESISTANCE_BIT17",480790,"",1,1,"ISEN_PS1600",2,"365","","",65,"<=",91,"ohms","<=",200,"P",15.4845,***,"",
2,"EFUSE_RESISTANCE_MEASUREMENT","","BANKB_EFUSE_RESISTANCE_BIT16",480800,"",1,1,"ISEN_PS1600",2,"365","","",65,"<=",91,"ohms","<=",200,"P",15.4845,***,"",
2,"EFUSE_RESISTANCE_MEASUREMENT","","BANKB_EFUSE_RESISTANCE_BIT15",480810,"",1,1,"ISEN_PS1600",2,"365","","",65,"<=",79.6,"ohms","<=",200,"P",15.4845,***,"",
2,"EFUSE_RESISTANCE_MEASUREMENT","","BANKB_EFUSE_RESISTANCE_BIT14",480820,"",1,1,"ISEN_PS1600",2,"365","","",65,"<=",79.6,"ohms","<=",200,"P",15.4845,***,"",
2,"EFUSE_RESISTANCE_MEASUREMENT","","BANKB_EFUSE_RESISTANCE_BIT13",480830,"",1,1,"ISEN_PS1600",2,"365","","",65,"<=",91,"ohms","<=",200,"P",15.4845,***,"",
2,"EFUSE_RESISTANCE_MEASUREMENT","","BANKB_EFUSE_RESISTANCE_BIT12",480840,"",1,1,"ISEN_PS1600",2,"365","","",65,"<=",91,"ohms","<=",200,"P",15.4845,***,"",
2,"EFUSE_RESISTANCE_MEASUREMENT","","BANKB_EFUSE_RESISTANCE_BIT11",480850,"",1,1,"ISEN_PS1600",2,"365","","",65,"<=",91,"ohms","<=",200,"P",15.4845,***,"",
2,"EFUSE_RESISTANCE_MEASUREMENT","","BANKB_EFUSE_RESISTANCE_BIT10",480860,"",1,1,"ISEN_PS1600",2,"365","","",65,"<=",91,"ohms","<=",200,"P",15.4845,***,"",
2,"EFUSE_RESISTANCE_MEASUREMENT","","BANKB_EFUSE_RESISTANCE_BIT9",480870,"",1,1,"ISEN_PS1600",2,"365","","",65,"<=",91,"ohms","<=",200,"P",15.4845,***,"",
2,"EFUSE_RESISTANCE_MEASUREMENT","","BANKB_EFUSE_RESISTANCE_BIT8",480880,"",1,1,"ISEN_PS1600",2,"365","","",65,"<=",91,"ohms","<=",200,"P",15.4845,***,"",
2,"EFUSE_RESISTANCE_MEASUREMENT","","BANKB_EFUSE_RESISTANCE_BIT7",480890,"",1,1,"ISEN_PS1600",2,"365","","",65,"<=",79.6,"ohms","<=",200,"P",15.4845,***,"",
2,"EFUSE_RESISTANCE_MEASUREMENT","","BANKB_EFUSE_RESISTANCE_BIT6",480900,"",1,1,"ISEN_PS1600",2,"365","","",65,"<=",79.6,"ohms","<=",200,"P",15.4845,***,"",
2,"EFUSE_RESISTANCE_MEASUREMENT","","BANKB_EFUSE_RESISTANCE_BIT5",480910,"",1,1,"ISEN_PS1600",2,"365","","",65,"<=",91,"ohms","<=",200,"P",15.4845,***,"",
2,"EFUSE_RESISTANCE_MEASUREMENT","","BANKB_EFUSE_RESISTANCE_BIT4",480920,"",1,1,"ISEN_PS1600",2,"365","","",65,"<=",91,"ohms","<=",200,"P",15.4845,***,"",
2,"EFUSE_RESISTANCE_MEASUREMENT","","BANKB_EFUSE_RESISTANCE_BIT3",480930,"",1,1,"ISEN_PS1600",2,"365","","",65,"<=",91,"ohms","<=",200,"P",15.4845,***,"",
2,"EFUSE_RESISTANCE_MEASUREMENT","","BANKB_EFUSE_RESISTANCE_BIT2",480940,"",1,1,"ISEN_PS1600",2,"365","","",65,"<=",79.6,"ohms","<=",200,"P",15.4845,***,"",
2,"EFUSE_RESISTANCE_MEASUREMENT","","BANKB_EFUSE_RESISTANCE_BIT1",480950,"",1,1,"ISEN_PS1600",2,"365","","",65,"<=",79.6,"ohms","<=",200,"P",15.4845,***,"",
2,"EFUSE_RESISTANCE_MEASUREMENT","","BANKB_EFUSE_RESISTANCE_BIT0",480960,"",1,1,"ISEN_PS1600",2,"365","","",65,"<=",91,"ohms","<=",200,"P",15.4845,***,"",
2,"PRE_BURN_PASS_FET_LEAKAGE","","PRE_Forward_Leakage_FET",470010,"",1,1,"ISEN_PS1600",2,"365","","",-20,"<=",0,"nA","<=",20,"P",0.145231,***,"",
2,"PRE_BURN_PASS_FET_LEAKAGE","","PRE_Reverse_Leakage_FET",470020,"",1,1,"ISEN_PS1600",2,"365","","",-20,"<=",-1,"nA","<=",20,"P",0.145231,***,"",
2,"EFUSE_BURN","","EFUSE_BURN_DONE",850010,"",1,1,"@",2,"365","","",1,"<=",1,"","<=",1,"P",15.7901,***,"",
2,"eFUSE_burn_readmargin","","BANKA_READMARGIN_UNBLOWN_BIT_0",430010,"",1,1,"OFF_PS1600",2,"365","","",0,"<=",0,"","<=",0,"P",23.7395,***,"",
2,"eFUSE_burn_readmargin","","BANKA_UNBURN_BIT_0",430490,"",1,1,"OFF_PS1600",2,"365","","",0,"<=",0,"","<=",0,"P",23.7395,***,"",
2,"eFUSE_burn_readmargin","","BANKA_BIT_UNBLOWN_TRUE_0",430970,"",1,1,"OFF_PS1600",2,"365","","",1,"<=",1,"","<=",1,"P",23.7395,***,"",
2,"eFUSE_burn_readmargin","","BANKA_READMARGIN_UNBLOWN_BIT_1",430020,"",1,1,"OFF_PS1600",2,"365","","",0,"<=",0,"","<=",0,"P",23.7395,***,"",
2,"eFUSE_burn_readmargin","","BANKA_UNBURN_BIT_1",430500,"",1,1,"OFF_PS1600",2,"365","","",0,"<=",0,"","<=",0,"P",23.7395,***,"",
2,"eFUSE_burn_readmargin","","BANKA_BIT_UNBLOWN_TRUE_1",430980,"",1,1,"OFF_PS1600",2,"365","","",1,"<=",1,"","<=",1,"P",23.7395,***,"",
2,"eFUSE_burn_readmargin","","BANKA_READMARGIN_UNBLOWN_BIT_2",430030,"",1,1,"OFF_PS1600",2,"365","","",0,"<=",0,"","<=",0,"P",23.7395,***,"",
2,"eFUSE_burn_readmargin","","BANKA_UNBURN_BIT_2",430510,"",1,1,"OFF_PS1600",2,"365","","",0,"<=",0,"","<=",0,"P",23.7395,***,"",
2,"eFUSE_burn_readmargin","","BANKA_BIT_UNBLOWN_TRUE_2",430990,"",1,1,"OFF_PS1600",2,"365","","",1,"<=",1,"","<=",1,"P",23.7395,***,"",
2,"eFUSE_burn_readmargin","","BANKA_READMARGIN_UNBLOWN_BIT_3",430040,"",1,1,"OFF_PS1600",2,"365","","",0,"<=",0,"","<=",0,"P",23.7395,***,"",
2,"eFUSE_burn_readmargin","","BANKA_UNBURN_BIT_3",430520,"",1,1,"OFF_PS1600",2,"365","","",0,"<=",0,"","<=",0,"P",23.7395,***,"",
2,"eFUSE_burn_readmargin","","BANKA_BIT_UNBLOWN_TRUE_3",431000,"",1,1,"OFF_PS1600",2,"365","","",1,"<=",1,"","<=",1,"P",23.7395,***,"",
2,"eFUSE_burn_readmargin","","BANKA_READMARGIN_UNBLOWN_BIT_4",430050,"",1,1,"OFF_PS1600",2,"365","","",0,"<=",0,"","<=",0,"P",23.7395,***,"",
2,"eFUSE_burn_readmargin","","BANKA_UNBURN_BIT_4",430530,"",1,1,"OFF_PS1600",2,"365","","",0,"<=",0,"","<=",0,"P",23.7395,***,"",
2,"eFUSE_burn_readmargin","","BANKA_BIT_UNBLOWN_TRUE_4",431010,"",1,1,"OFF_PS1600",2,"365","","",1,"<=",1,"","<=",1,"P",23.7395,***,"",
2,"eFUSE_burn_readmargin","","BANKA_READMARGIN_BLOWN_BIT_5",530060,"",1,1,"OFF_PS1600",2,"365","","",1,"<=",1,"","<=",1,"P",23.7395,***,"",
2,"eFUSE_burn_readmargin","","BANKA_BURN_BIT_5",530540,"",1,1,"OFF_PS1600",2,"365","","",1,"<=",1,"","<=",1,"P",23.7395,***,"",
2,"eFUSE_burn_readmargin","","BANKA_BIT_BLOWN_TRUE_5",531020,"",1,1,"OFF_PS1600",2,"365","","",1,"<=",1,"","<=",1,"P",23.7395,***,"",
2,"eFUSE_burn_readmargin","","BANKA_READMARGIN_UNBLOWN_BIT_6",430070,"",1,1,"OFF_PS1600",2,"365","","",0,"<=",0,"","<=",0,"P",23.7395,***,"",
2,"eFUSE_burn_readmargin","","BANKA_UNBURN_BIT_6",430550,"",1,1,"OFF_PS1600",2,"365","","",0,"<=",0,"","<=",0,"P",23.7395,***,"",
2,"eFUSE_burn_readmargin","","BANKA_BIT_UNBLOWN_TRUE_6",431030,"",1,1,"OFF_PS1600",2,"365","","",1,"<=",1,"","<=",1,"P",23.7395,***,"",
2,"eFUSE_burn_readmargin","","BANKA_READMARGIN_BLOWN_BIT_7",530080,"",1,1,"OFF_PS1600",2,"365","","",1,"<=",1,"","<=",1,"P",34.7531,***,"",
2,"eFUSE_burn_readmargin","","BANKA_BURN_BIT_7",530560,"",1,1,"OFF_PS1600",2,"365","","",1,"<=",1,"","<=",1,"P",34.7531,***,"",
2,"eFUSE_burn_readmargin","","BANKA_BIT_BLOWN_TRUE_7",531040,"",1,1,"OFF_PS1600",2,"365","","",1,"<=",1,"","<=",1,"P",34.7531,***,"",
2,"eFUSE_burn_readmargin","","BANKA_READMARGIN_UNBLOWN_BIT_8",430090,"",1,1,"OFF_PS1600",2,"365","","",0,"<=",0,"","<=",0,"P",1.76467,***,"",
2,"eFUSE_burn_readmargin","","BANKA_UNBURN_BIT_8",430570,"",1,1,"OFF_PS1600",2,"365","","",0,"<=",0,"","<=",0,"P",1.76467,***,"",
2,"eFUSE_burn_readmargin","","BANKA_BIT_UNBLOWN_TRUE_8",431050,"",1,1,"OFF_PS1600",2,"365","","",1,"<=",1,"","<=",1,"P",1.76467,***,"",
2,"eFUSE_burn_readmargin","","BANKA_READMARGIN_UNBLOWN_BIT_9",430100,"",1,1,"OFF_PS1600",2,"365","","",0,"<=",0,"","<=",0,"P",1.76467,***,"",
2,"eFUSE_burn_readmargin","","BANKA_UNBURN_BIT_9",430580,"",1,1,"OFF_PS1600",2,"365","","",0,"<=",0,"","<=",0,"P",1.76467,***,"",
2,"eFUSE_burn_readmargin","","BANKA_BIT_UNBLOWN_TRUE_9",431060,"",1,1,"OFF_PS1600",2,"365","","",1,"<=",1,"","<=",1,"P",1.76467,***,"",
2,"eFUSE_burn_readmargin","","BANKA_READMARGIN_BLOWN_BIT_10",530110,"",1,1,"OFF_PS1600",2,"365","","",1,"<=",1,"","<=",1,"P",1.76467,***,"",
2,"eFUSE_burn_readmargin","","BANKA_BURN_BIT_10",530590,"",1,1,"OFF_PS1600",2,"365","","",1,"<=",1,"","<=",1,"P",1.76467,***,"",
2,"eFUSE_burn_readmargin","","BANKA_BIT_BLOWN_TRUE_10",531070,"",1,1,"OFF_PS1600",2,"365","","",1,"<=",1,"","<=",1,"P",1.76467,***,"",
2,"eFUSE_burn_readmargin","","BANKA_READMARGIN_BLOWN_BIT_11",530120,"",1,1,"OFF_PS1600",2,"365","","",1,"<=",1,"","<=",1,"P",1.71409,***,"",
2,"eFUSE_burn_readmargin","","BANKA_BURN_BIT_11",530600,"",1,1,"OFF_PS1600",2,"365","","",1,"<=",1,"","<=",1,"P",1.71409,***,"",
2,"eFUSE_burn_readmargin","","BANKA_BIT_BLOWN_TRUE_11",531080,"",1,1,"OFF_PS1600",2,"365","","",1,"<=",1,"","<=",1,"P",1.71409,***,"",
2,"eFUSE_burn_readmargin","","BANKA_READMARGIN_BLOWN_BIT_12",530130,"",1,1,"OFF_PS1600",2,"365","","",1,"<=",1,"","<=",1,"P",1.79943,***,"",
2,"eFUSE_burn_readmargin","","BANKA_BURN_BIT_12",530610,"",1,1,"OFF_PS1600",2,"365","","",1,"<=",1,"","<=",1,"P",1.79943,***,"",
2,"eFUSE_burn_readmargin","","BANKA_BIT_BLOWN_TRUE_12",531090,"",1,1,"OFF_PS1600",2,"365","","",1,"<=",1,"","<=",1,"P",1.79943,***,"",
2,"eFUSE_burn_readmargin","","BANKA_READMARGIN_UNBLOWN_BIT_13",430140,"",1,1,"OFF_PS1600",2,"365","","",0,"<=",0,"","<=",0,"P",23.7395,***,"",
2,"eFUSE_burn_readmargin","","BANKA_UNBURN_BIT_13",430620,"",1,1,"OFF_PS1600",2,"365","","",0,"<=",0,"","<=",0,"P",23.7395,***,"",
2,"eFUSE_burn_readmargin","","BANKA_BIT_UNBLOWN_TRUE_13",431100,"",1,1,"OFF_PS1600",2,"365","","",1,"<=",1,"","<=",1,"P",23.7395,***,"",
2,"eFUSE_burn_readmargin","","BANKA_READMARGIN_BLOWN_BIT_14",530150,"",1,1,"OFF_PS1600",2,"365","","",1,"<=",1,"","<=",1,"P",23.7395,***,"",
2,"eFUSE_burn_readmargin","","BANKA_BURN_BIT_14",530630,"",1,1,"OFF_PS1600",2,"365","","",1,"<=",1,"","<=",1,"P",23.7395,***,"",
2,"eFUSE_burn_readmargin","","BANKA_BIT_BLOWN_TRUE_14",531110,"",1,1,"OFF_PS1600",2,"365","","",1,"<=",1,"","<=",1,"P",23.7395,***,"",
2,"eFUSE_burn_readmargin","","BANKA_READMARGIN_UNBLOWN_BIT_15",430160,"",1,1,"OFF_PS1600",2,"365","","",0,"<=",0,"","<=",0,"P",1.70525,***,"",
2,"eFUSE_burn_readmargin","","BANKA_UNBURN_BIT_15",430640,"",1,1,"OFF_PS1600",2,"365","","",0,"<=",0,"","<=",0,"P",1.70525,***,"",
2,"eFUSE_burn_readmargin","","BANKA_BIT_UNBLOWN_TRUE_15",431120,"",1,1,"OFF_PS1600",2,"365","","",1,"<=",1,"","<=",1,"P",1.70525,***,"",
2,"eFUSE_burn_readmargin","","BANKA_READMARGIN_BLOWN_BIT_16",530170,"",1,1,"OFF_PS1600",2,"365","","",1,"<=",1,"","<=",1,"P",23.7395,***,"",
2,"eFUSE_burn_readmargin","","BANKA_BURN_BIT_16",530650,"",1,1,"OFF_PS1600",2,"365","","",1,"<=",1,"","<=",1,"P",23.7395,***,"",
2,"eFUSE_burn_readmargin","","BANKA_BIT_BLOWN_TRUE_16",531130,"",1,1,"OFF_PS1600",2,"365","","",1,"<=",1,"","<=",1,"P",23.7395,***,"",
2,"eFUSE_burn_readmargin","","BANKA_READMARGIN_BLOWN_BIT_17",530180,"",1,1,"OFF_PS1600",2,"365","","",1,"<=",1,"","<=",1,"P",23.7395,***,"",
2,"eFUSE_burn_readmargin","","BANKA_BURN_BIT_17",530660,"",1,1,"OFF_PS1600",2,"365","","",1,"<=",1,"","<=",1,"P",23.7395,***,"",
2,"eFUSE_burn_readmargin","","BANKA_BIT_BLOWN_TRUE_17",531140,"",1,1,"OFF_PS1600",2,"365","","",1,"<=",1,"","<=",1,"P",23.7395,***,"",
2,"eFUSE_burn_readmargin","","BANKA_READMARGIN_UNBLOWN_BIT_18",430190,"",1,1,"OFF_PS1600",2,"365","","",0,"<=",0,"","<=",0,"P",23.7395,***,"",
2,"eFUSE_burn_readmargin","","BANKA_UNBURN_BIT_18",430670,"",1,1,"OFF_PS1600",2,"365","","",0,"<=",0,"","<=",0,"P",23.7395,***,"",
2,"eFUSE_burn_readmargin","","BANKA_BIT_UNBLOWN_TRUE_18",431150,"",1,1,"OFF_PS1600",2,"365","","",1,"<=",1,"","<=",1,"P",23.7395,***,"",
2,"eFUSE_burn_readmargin","","BANKA_READMARGIN_UNBLOWN_BIT_19",430200,"",1,1,"OFF_PS1600",2,"365","","",0,"<=",0,"","<=",0,"P",23.7395,***,"",
2,"eFUSE_burn_readmargin","","BANKA_UNBURN_BIT_19",430680,"",1,1,"OFF_PS1600",2,"365","","",0,"<=",0,"","<=",0,"P",23.7395,***,"",
2,"eFUSE_burn_readmargin","","BANKA_BIT_UNBLOWN_TRUE_19",431160,"",1,1,"OFF_PS1600",2,"365","","",1,"<=",1,"","<=",1,"P",23.7395,***,"",
2,"eFUSE_burn_readmargin","","BANKA_READMARGIN_UNBLOWN_BIT_20",430210,"",1,1,"OFF_PS1600",2,"365","","",0,"<=",0,"","<=",0,"P",23.7395,***,"",
2,"eFUSE_burn_readmargin","","BANKA_UNBURN_BIT_20",430690,"",1,1,"OFF_PS1600",2,"365","","",0,"<=",0,"","<=",0,"P",23.7395,***,"",
2,"eFUSE_burn_readmargin","","BANKA_BIT_UNBLOWN_TRUE_20",431170,"",1,1,"OFF_PS1600",2,"365","","",1,"<=",1,"","<=",1,"P",23.7395,***,"",
2,"eFUSE_burn_readmargin","","BANKA_READMARGIN_UNBLOWN_BIT_21",430220,"",1,1,"OFF_PS1600",2,"365","","",0,"<=",0,"","<=",0,"P",23.7395,***,"",
2,"eFUSE_burn_readmargin","","BANKA_UNBURN_BIT_21",430700,"",1,1,"OFF_PS1600",2,"365","","",0,"<=",0,"","<=",0,"P",23.7395,***,"",
2,"eFUSE_burn_readmargin","","BANKA_BIT_UNBLOWN_TRUE_21",431180,"",1,1,"OFF_PS1600",2,"365","","",1,"<=",1,"","<=",1,"P",23.7395,***,"",
2,"eFUSE_burn_readmargin","","BANKA_READMARGIN_UNBLOWN_BIT_22",430230,"",1,1,"OFF_PS1600",2,"365","","",0,"<=",0,"","<=",0,"P",23.7395,***,"",
2,"eFUSE_burn_readmargin","","BANKA_UNBURN_BIT_22",430710,"",1,1,"OFF_PS1600",2,"365","","",0,"<=",0,"","<=",0,"P",23.7395,***,"",
2,"eFUSE_burn_readmargin","","BANKA_BIT_UNBLOWN_TRUE_22",431190,"",1,1,"OFF_PS1600",2,"365","","",1,"<=",1,"","<=",1,"P",23.7395,***,"",
2,"eFUSE_burn_readmargin","","BANKA_READMARGIN_UNBLOWN_BIT_23",430240,"",1,1,"OFF_PS1600",2,"365","","",0,"<=",0,"","<=",0,"P",23.7395,***,"",
2,"eFUSE_burn_readmargin","","BANKA_UNBURN_BIT_23",430720,"",1,1,"OFF_PS1600",2,"365","","",0,"<=",0,"","<=",0,"P",23.7395,***,"",
2,"eFUSE_burn_readmargin","","BANKA_BIT_UNBLOWN_TRUE_23",431200,"",1,1,"OFF_PS1600",2,"365","","",1,"<=",1,"","<=",1,"P",23.7395,***,"",
2,"eFUSE_burn_readmargin","","BANKA_READMARGIN_UNBLOWN_BIT_24",430250,"",1,1,"OFF_PS1600",2,"365","","",0,"<=",0,"","<=",0,"P",28.1462,***,"",
2,"eFUSE_burn_readmargin","","BANKA_UNBURN_BIT_24",430730,"",1,1,"OFF_PS1600",2,"365","","",0,"<=",0,"","<=",0,"P",28.1462,***,"",
2,"eFUSE_burn_readmargin","","BANKA_BIT_UNBLOWN_TRUE_24",431210,"",1,1,"OFF_PS1600",2,"365","","",1,"<=",1,"","<=",1,"P",28.1462,***,"",
2,"eFUSE_burn_readmargin","","BANKA_READMARGIN_UNBLOWN_BIT_25",430260,"",1,1,"OFF_PS1600",2,"365","","",0,"<=",0,"","<=",0,"P",23.7395,***,"",
2,"eFUSE_burn_readmargin","","BANKA_UNBURN_BIT_25",430740,"",1,1,"OFF_PS1600",2,"365","","",0,"<=",0,"","<=",0,"P",23.7395,***,"",
2,"eFUSE_burn_readmargin","","BANKA_BIT_UNBLOWN_TRUE_25",431220,"",1,1,"OFF_PS1600",2,"365","","",1,"<=",1,"","<=",1,"P",23.7395,***,"",
2,"eFUSE_burn_readmargin","","BANKA_READMARGIN_BLOWN_BIT_26",530270,"",1,1,"OFF_PS1600",2,"365","","",1,"<=",1,"","<=",1,"P",23.7395,***,"",
2,"eFUSE_burn_readmargin","","BANKA_BURN_BIT_26",530750,"",1,1,"OFF_PS1600",2,"365","","",1,"<=",1,"","<=",1,"P",23.7395,***,"",
2,"eFUSE_burn_readmargin","","BANKA_BIT_BLOWN_TRUE_26",531230,"",1,1,"OFF_PS1600",2,"365","","",1,"<=",1,"","<=",1,"P",23.7395,***,"",
2,"eFUSE_burn_readmargin","","BANKA_READMARGIN_BLOWN_BIT_27",530280,"",1,1,"OFF_PS1600",2,"365","","",1,"<=",1,"","<=",1,"P",23.7395,***,"",
2,"eFUSE_burn_readmargin","","BANKA_BURN_BIT_27",530760,"",1,1,"OFF_PS1600",2,"365","","",1,"<=",1,"","<=",1,"P",23.7395,***,"",
2,"eFUSE_burn_readmargin","","BANKA_BIT_BLOWN_TRUE_27",531240,"",1,1,"OFF_PS1600",2,"365","","",1,"<=",1,"","<=",1,"P",23.7395,***,"",
2,"eFUSE_burn_readmargin","","BANKA_READMARGIN_UNBLOWN_BIT_28",430290,"",1,1,"OFF_PS1600",2,"365","","",0,"<=",0,"","<=",0,"P",23.7395,***,"",
2,"eFUSE_burn_readmargin","","BANKA_UNBURN_BIT_28",430770,"",1,1,"OFF_PS1600",2,"365","","",0,"<=",0,"","<=",0,"P",23.7395,***,"",
2,"eFUSE_burn_readmargin","","BANKA_BIT_UNBLOWN_TRUE_28",431250,"",1,1,"OFF_PS1600",2,"365","","",1,"<=",1,"","<=",1,"P",23.7395,***,"",
2,"eFUSE_burn_readmargin","","BANKA_READMARGIN_BLOWN_BIT_29",530300,"",1,1,"OFF_PS1600",2,"365","","",1,"<=",1,"","<=",1,"P",45.6738,***,"",
2,"eFUSE_burn_readmargin","","BANKA_BURN_BIT_29",530780,"",1,1,"OFF_PS1600",2,"365","","",1,"<=",1,"","<=",1,"P",45.6738,***,"",
2,"eFUSE_burn_readmargin","","BANKA_BIT_BLOWN_TRUE_29",531260,"",1,1,"OFF_PS1600",2,"365","","",1,"<=",1,"","<=",1,"P",45.6738,***,"",
2,"eFUSE_burn_readmargin","","BANKA_READMARGIN_BLOWN_BIT_30",530310,"",1,1,"OFF_PS1600",2,"365","","",1,"<=",1,"","<=",1,"P",1.79943,***,"",
2,"eFUSE_burn_readmargin","","BANKA_BURN_BIT_30",530790,"",1,1,"OFF_PS1600",2,"365","","",1,"<=",1,"","<=",1,"P",1.79943,***,"",
2,"eFUSE_burn_readmargin","","BANKA_BIT_BLOWN_TRUE_30",531270,"",1,1,"OFF_PS1600",2,"365","","",1,"<=",1,"","<=",1,"P",1.79943,***,"",
2,"eFUSE_burn_readmargin","","BANKA_READMARGIN_BLOWN_BIT_31",530320,"",1,1,"OFF_PS1600",2,"365","","",1,"<=",1,"","<=",1,"P",34.6861,***,"",
2,"eFUSE_burn_readmargin","","BANKA_BURN_BIT_31",530800,"",1,1,"OFF_PS1600",2,"365","","",1,"<=",1,"","<=",1,"P",34.6861,***,"",
2,"eFUSE_burn_readmargin","","BANKA_BIT_BLOWN_TRUE_31",531280,"",1,1,"OFF_PS1600",2,"365","","",1,"<=",1,"","<=",1,"P",34.6861,***,"",
2,"eFUSE_burn_readmargin","","BANKA_READMARGIN_UNBLOWN_BIT_32",430330,"",1,1,"OFF_PS1600",2,"365","","",0,"<=",0,"","<=",0,"P",34.6861,***,"",
2,"eFUSE_burn_readmargin","","BANKA_UNBURN_BIT_32",430810,"",1,1,"OFF_PS1600",2,"365","","",0,"<=",0,"","<=",0,"P",34.6861,***,"",
2,"eFUSE_burn_readmargin","","BANKA_BIT_UNBLOWN_TRUE_32",431290,"",1,1,"OFF_PS1600",2,"365","","",1,"<=",1,"","<=",1,"P",34.6861,***,"",
2,"eFUSE_burn_readmargin","","BANKA_READMARGIN_UNBLOWN_BIT_33",430340,"",1,1,"OFF_PS1600",2,"365","","",0,"<=",0,"","<=",0,"P",34.6861,***,"",
2,"eFUSE_burn_readmargin","","BANKA_UNBURN_BIT_33",430820,"",1,1,"OFF_PS1600",2,"365","","",0,"<=",0,"","<=",0,"P",34.6861,***,"",
2,"eFUSE_burn_readmargin","","BANKA_BIT_UNBLOWN_TRUE_33",431300,"",1,1,"OFF_PS1600",2,"365","","",1,"<=",1,"","<=",1,"P",34.6861,***,"",
2,"eFUSE_burn_readmargin","","BANKA_READMARGIN_UNBLOWN_BIT_34",430350,"",1,1,"OFF_PS1600",2,"365","","",0,"<=",0,"","<=",0,"P",34.6861,***,"",
2,"eFUSE_burn_readmargin","","BANKA_UNBURN_BIT_34",430830,"",1,1,"OFF_PS1600",2,"365","","",0,"<=",0,"","<=",0,"P",34.6861,***,"",
2,"eFUSE_burn_readmargin","","BANKA_BIT_UNBLOWN_TRUE_34",431310,"",1,1,"OFF_PS1600",2,"365","","",1,"<=",1,"","<=",1,"P",34.6861,***,"",
2,"eFUSE_burn_readmargin","","BANKA_READMARGIN_UNBLOWN_BIT_35",430360,"",1,1,"OFF_PS1600",2,"365","","",0,"<=",0,"","<=",0,"P",34.6861,***,"",
2,"eFUSE_burn_readmargin","","BANKA_UNBURN_BIT_35",430840,"",1,1,"OFF_PS1600",2,"365","","",0,"<=",0,"","<=",0,"P",34.6861,***,"",
2,"eFUSE_burn_readmargin","","BANKA_BIT_UNBLOWN_TRUE_35",431320,"",1,1,"OFF_PS1600",2,"365","","",1,"<=",1,"","<=",1,"P",34.6861,***,"",
2,"eFUSE_burn_readmargin","","BANKA_READMARGIN_BLOWN_BIT_36",530370,"",1,1,"OFF_PS1600",2,"365","","",1,"<=",1,"","<=",1,"P",34.6861,***,"",
2,"eFUSE_burn_readmargin","","BANKA_BURN_BIT_36",530850,"",1,1,"OFF_PS1600",2,"365","","",1,"<=",1,"","<=",1,"P",34.6861,***,"",
2,"eFUSE_burn_readmargin","","BANKA_BIT_BLOWN_TRUE_36",531330,"",1,1,"OFF_PS1600",2,"365","","",1,"<=",1,"","<=",1,"P",34.6861,***,"",
2,"eFUSE_burn_readmargin","","BANKA_READMARGIN_BLOWN_BIT_37",530380,"",1,1,"OFF_PS1600",2,"365","","",1,"<=",1,"","<=",1,"P",23.7395,***,"",
2,"eFUSE_burn_readmargin","","BANKA_BURN_BIT_37",530860,"",1,1,"OFF_PS1600",2,"365","","",1,"<=",1,"","<=",1,"P",23.7395,***,"",
2,"eFUSE_burn_readmargin","","BANKA_BIT_BLOWN_TRUE_37",531340,"",1,1,"OFF_PS1600",2,"365","","",1,"<=",1,"","<=",1,"P",23.7395,***,"",
2,"eFUSE_burn_readmargin","","BANKA_READMARGIN_UNBLOWN_BIT_38",430390,"",1,1,"OFF_PS1600",2,"365","","",0,"<=",0,"","<=",0,"P",1.7101,***,"",
2,"eFUSE_burn_readmargin","","BANKA_UNBURN_BIT_38",430870,"",1,1,"OFF_PS1600",2,"365","","",0,"<=",0,"","<=",0,"P",1.7101,***,"",
2,"eFUSE_burn_readmargin","","BANKA_BIT_UNBLOWN_TRUE_38",431350,"",1,1,"OFF_PS1600",2,"365","","",1,"<=",1,"","<=",1,"P",1.7101,***,"",
2,"eFUSE_burn_readmargin","","BANKA_READMARGIN_UNBLOWN_BIT_39",430400,"",1,1,"OFF_PS1600",2,"365","","",0,"<=",0,"","<=",0,"P",1.77922,***,"",
2,"eFUSE_burn_readmargin","","BANKA_UNBURN_BIT_39",430880,"",1,1,"OFF_PS1600",2,"365","","",0,"<=",0,"","<=",0,"P",1.77922,***,"",
2,"eFUSE_burn_readmargin","","BANKA_BIT_UNBLOWN_TRUE_39",431360,"",1,1,"OFF_PS1600",2,"365","","",1,"<=",1,"","<=",1,"P",1.77922,***,"",
2,"eFUSE_burn_readmargin","","BANKA_READMARGIN_UNBLOWN_BIT_40",430410,"",1,1,"OFF_PS1600",2,"365","","",0,"<=",0,"","<=",0,"P",34.6861,***,"",
2,"eFUSE_burn_readmargin","","BANKA_UNBURN_BIT_40",430890,"",1,1,"OFF_PS1600",2,"365","","",0,"<=",0,"","<=",0,"P",34.6861,***,"",
2,"eFUSE_burn_readmargin","","BANKA_BIT_UNBLOWN_TRUE_40",431370,"",1,1,"OFF_PS1600",2,"365","","",1,"<=",1,"","<=",1,"P",34.6861,***,"",
2,"eFUSE_burn_readmargin","","BANKA_READMARGIN_BLOWN_BIT_41",530420,"",1,1,"OFF_PS1600",2,"365","","",1,"<=",1,"","<=",1,"P",34.6861,***,"",
2,"eFUSE_burn_readmargin","","BANKA_BURN_BIT_41",530900,"",1,1,"OFF_PS1600",2,"365","","",1,"<=",1,"","<=",1,"P",34.6861,***,"",
2,"eFUSE_burn_readmargin","","BANKA_BIT_BLOWN_TRUE_41",531380,"",1,1,"OFF_PS1600",2,"365","","",1,"<=",1,"","<=",1,"P",34.6861,***,"",
2,"eFUSE_burn_readmargin","","BANKA_READMARGIN_BLOWN_BIT_42",530430,"",1,1,"OFF_PS1600",2,"365","","",1,"<=",1,"","<=",1,"P",23.7395,***,"",
2,"eFUSE_burn_readmargin","","BANKA_BURN_BIT_42",530910,"",1,1,"OFF_PS1600",2,"365","","",1,"<=",1,"","<=",1,"P",23.7395,***,"",
2,"eFUSE_burn_readmargin","","BANKA_BIT_BLOWN_TRUE_42",531390,"",1,1,"OFF_PS1600",2,"365","","",1,"<=",1,"","<=",1,"P",23.7395,***,"",
2,"eFUSE_burn_readmargin","","BANKA_READMARGIN_UNBLOWN_BIT_43",430440,"",1,1,"OFF_PS1600",2,"365","","",0,"<=",0,"","<=",0,"P",1.70525,***,"",
2,"eFUSE_burn_readmargin","","BANKA_UNBURN_BIT_43",430920,"",1,1,"OFF_PS1600",2,"365","","",0,"<=",0,"","<=",0,"P",1.70525,***,"",
2,"eFUSE_burn_readmargin","","BANKA_BIT_UNBLOWN_TRUE_43",431400,"",1,1,"OFF_PS1600",2,"365","","",1,"<=",1,"","<=",1,"P",1.70525,***,"",
2,"eFUSE_burn_readmargin","","BANKA_READMARGIN_UNBLOWN_BIT_44",430450,"",1,1,"OFF_PS1600",2,"365","","",0,"<=",0,"","<=",0,"P",34.7572,***,"",
2,"eFUSE_burn_readmargin","","BANKA_UNBURN_BIT_44",430930,"",1,1,"OFF_PS1600",2,"365","","",0,"<=",0,"","<=",0,"P",34.7572,***,"",
2,"eFUSE_burn_readmargin","","BANKA_BIT_UNBLOWN_TRUE_44",431410,"",1,1,"OFF_PS1600",2,"365","","",1,"<=",1,"","<=",1,"P",34.7572,***,"",
2,"eFUSE_burn_readmargin","","BANKA_READMARGIN_UNBLOWN_BIT_45",430460,"",1,1,"OFF_PS1600",2,"365","","",0,"<=",0,"","<=",0,"P",1.78031,***,"",
2,"eFUSE_burn_readmargin","","BANKA_UNBURN_BIT_45",430940,"",1,1,"OFF_PS1600",2,"365","","",0,"<=",0,"","<=",0,"P",1.78031,***,"",
2,"eFUSE_burn_readmargin","","BANKA_BIT_UNBLOWN_TRUE_45",431420,"",1,1,"OFF_PS1600",2,"365","","",1,"<=",1,"","<=",1,"P",1.78031,***,"",
2,"eFUSE_burn_readmargin","","BANKA_READMARGIN_BLOWN_BIT_46",530470,"",1,1,"OFF_PS1600",2,"365","","",1,"<=",1,"","<=",1,"P",28.147,***,"",
2,"eFUSE_burn_readmargin","","BANKA_BURN_BIT_46",530950,"",1,1,"OFF_PS1600",2,"365","","",1,"<=",1,"","<=",1,"P",28.147,***,"",
2,"eFUSE_burn_readmargin","","BANKA_BIT_BLOWN_TRUE_46",531430,"",1,1,"OFF_PS1600",2,"365","","",1,"<=",1,"","<=",1,"P",28.147,***,"",
2,"eFUSE_burn_readmargin","","BANKA_READMARGIN_BLOWN_BIT_47",530480,"",1,1,"OFF_PS1600",2,"365","","",1,"<=",1,"","<=",1,"P",23.7395,***,"",
2,"eFUSE_burn_readmargin","","BANKA_BURN_BIT_47",530960,"",1,1,"OFF_PS1600",2,"365","","",1,"<=",1,"","<=",1,"P",23.7395,***,"",
2,"eFUSE_burn_readmargin","","BANKA_BIT_BLOWN_TRUE_47",531440,"",1,1,"OFF_PS1600",2,"365","","",1,"<=",1,"","<=",1,"P",23.7395,***,"",
2,"eFUSE_burn_readmargin","","BANKB_READMARGIN_UNBLOWN_BIT_0",431450,"",1,1,"OFF_PS1600",2,"365","","",0,"<=",0,"","<=",0,"P",23.7395,***,"",
2,"eFUSE_burn_readmargin","","BANKB_UNBURN_BIT_0",431930,"",1,1,"OFF_PS1600",2,"365","","",0,"<=",0,"","<=",0,"P",23.7395,***,"",
2,"eFUSE_burn_readmargin","","BANKB_BIT_UNBLOWN_TRUE_0",432410,"",1,1,"OFF_PS1600",2,"365","","",1,"<=",1,"","<=",1,"P",23.7395,***,"",
2,"eFUSE_burn_readmargin","","BANKB_READMARGIN_UNBLOWN_BIT_1",431460,"",1,1,"OFF_PS1600",2,"365","","",0,"<=",0,"","<=",0,"P",23.7395,***,"",
2,"eFUSE_burn_readmargin","","BANKB_UNBURN_BIT_1",431940,"",1,1,"OFF_PS1600",2,"365","","",0,"<=",0,"","<=",0,"P",23.7395,***,"",
2,"eFUSE_burn_readmargin","","BANKB_BIT_UNBLOWN_TRUE_1",432420,"",1,1,"OFF_PS1600",2,"365","","",1,"<=",1,"","<=",1,"P",23.7395,***,"",
2,"eFUSE_burn_readmargin","","BANKB_READMARGIN_UNBLOWN_BIT_2",431470,"",1,1,"OFF_PS1600",2,"365","","",0,"<=",0,"","<=",0,"P",23.7395,***,"",
2,"eFUSE_burn_readmargin","","BANKB_UNBURN_BIT_2",431950,"",1,1,"OFF_PS1600",2,"365","","",0,"<=",0,"","<=",0,"P",23.7395,***,"",
2,"eFUSE_burn_readmargin","","BANKB_BIT_UNBLOWN_TRUE_2",432430,"",1,1,"OFF_PS1600",2,"365","","",1,"<=",1,"","<=",1,"P",23.7395,***,"",
2,"eFUSE_burn_readmargin","","BANKB_READMARGIN_UNBLOWN_BIT_3",431480,"",1,1,"OFF_PS1600",2,"365","","",0,"<=",0,"","<=",0,"P",23.7395,***,"",
2,"eFUSE_burn_readmargin","","BANKB_UNBURN_BIT_3",431960,"",1,1,"OFF_PS1600",2,"365","","",0,"<=",0,"","<=",0,"P",23.7395,***,"",
2,"eFUSE_burn_readmargin","","BANKB_BIT_UNBLOWN_TRUE_3",432440,"",1,1,"OFF_PS1600",2,"365","","",1,"<=",1,"","<=",1,"P",23.7395,***,"",
2,"eFUSE_burn_readmargin","","BANKB_READMARGIN_UNBLOWN_BIT_4",431490,"",1,1,"OFF_PS1600",2,"365","","",0,"<=",0,"","<=",0,"P",23.7395,***,"",
2,"eFUSE_burn_readmargin","","BANKB_UNBURN_BIT_4",431970,"",1,1,"OFF_PS1600",2,"365","","",0,"<=",0,"","<=",0,"P",23.7395,***,"",
2,"eFUSE_burn_readmargin","","BANKB_BIT_UNBLOWN_TRUE_4",432450,"",1,1,"OFF_PS1600",2,"365","","",1,"<=",1,"","<=",1,"P",23.7395,***,"",
2,"eFUSE_burn_readmargin","","BANKB_READMARGIN_BLOWN_BIT_5",531500,"",1,1,"OFF_PS1600",2,"365","","",1,"<=",1,"","<=",1,"P",23.7395,***,"",
2,"eFUSE_burn_readmargin","","BANKB_BURN_BIT_5",531980,"",1,1,"OFF_PS1600",2,"365","","",1,"<=",1,"","<=",1,"P",23.7395,***,"",
2,"eFUSE_burn_readmargin","","BANKB_BIT_BLOWN_TRUE_5",532460,"",1,1,"OFF_PS1600",2,"365","","",1,"<=",1,"","<=",1,"P",23.7395,***,"",
2,"eFUSE_burn_readmargin","","BANKB_READMARGIN_UNBLOWN_BIT_6",431510,"",1,1,"OFF_PS1600",2,"365","","",0,"<=",0,"","<=",0,"P",23.7395,***,"",
2,"eFUSE_burn_readmargin","","BANKB_UNBURN_BIT_6",431990,"",1,1,"OFF_PS1600",2,"365","","",0,"<=",0,"","<=",0,"P",23.7395,***,"",
2,"eFUSE_burn_readmargin","","BANKB_BIT_UNBLOWN_TRUE_6",432470,"",1,1,"OFF_PS1600",2,"365","","",1,"<=",1,"","<=",1,"P",23.7395,***,"",
2,"eFUSE_burn_readmargin","","BANKB_READMARGIN_BLOWN_BIT_7",531520,"",1,1,"OFF_PS1600",2,"365","","",1,"<=",1,"","<=",1,"P",34.7531,***,"",
2,"eFUSE_burn_readmargin","","BANKB_BURN_BIT_7",532000,"",1,1,"OFF_PS1600",2,"365","","",1,"<=",1,"","<=",1,"P",34.7531,***,"",
2,"eFUSE_burn_readmargin","","BANKB_BIT_BLOWN_TRUE_7",532480,"",1,1,"OFF_PS1600",2,"365","","",1,"<=",1,"","<=",1,"P",34.7531,***,"",
2,"eFUSE_burn_readmargin","","BANKB_READMARGIN_UNBLOWN_BIT_8",431530,"",1,1,"OFF_PS1600",2,"365","","",0,"<=",0,"","<=",0,"P",1.76467,***,"",
2,"eFUSE_burn_readmargin","","BANKB_UNBURN_BIT_8",432010,"",1,1,"OFF_PS1600",2,"365","","",0,"<=",0,"","<=",0,"P",1.76467,***,"",
2,"eFUSE_burn_readmargin","","BANKB_BIT_UNBLOWN_TRUE_8",432490,"",1,1,"OFF_PS1600",2,"365","","",1,"<=",1,"","<=",1,"P",1.76467,***,"",
2,"eFUSE_burn_readmargin","","BANKB_READMARGIN_UNBLOWN_BIT_9",431540,"",1,1,"OFF_PS1600",2,"365","","",0,"<=",0,"","<=",0,"P",1.76467,***,"",
2,"eFUSE_burn_readmargin","","BANKB_UNBURN_BIT_9",432020,"",1,1,"OFF_PS1600",2,"365","","",0,"<=",0,"","<=",0,"P",1.76467,***,"",
2,"eFUSE_burn_readmargin","","BANKB_BIT_UNBLOWN_TRUE_9",432500,"",1,1,"OFF_PS1600",2,"365","","",1,"<=",1,"","<=",1,"P",1.76467,***,"",
2,"eFUSE_burn_readmargin","","BANKB_READMARGIN_BLOWN_BIT_10",531550,"",1,1,"OFF_PS1600",2,"365","","",1,"<=",1,"","<=",1,"P",1.76467,***,"",
2,"eFUSE_burn_readmargin","","BANKB_BURN_BIT_10",532030,"",1,1,"OFF_PS1600",2,"365","","",1,"<=",1,"","<=",1,"P",1.76467,***,"",
2,"eFUSE_burn_readmargin","","BANKB_BIT_BLOWN_TRUE_10",532510,"",1,1,"OFF_PS1600",2,"365","","",1,"<=",1,"","<=",1,"P",1.76467,***,"",
2,"eFUSE_burn_readmargin","","BANKB_READMARGIN_BLOWN_BIT_11",531560,"",1,1,"OFF_PS1600",2,"365","","",1,"<=",1,"","<=",1,"P",1.71409,***,"",
2,"eFUSE_burn_readmargin","","BANKB_BURN_BIT_11",532040,"",1,1,"OFF_PS1600",2,"365","","",1,"<=",1,"","<=",1,"P",1.71409,***,"",
2,"eFUSE_burn_readmargin","","BANKB_BIT_BLOWN_TRUE_11",532520,"",1,1,"OFF_PS1600",2,"365","","",1,"<=",1,"","<=",1,"P",1.71409,***,"",
2,"eFUSE_burn_readmargin","","BANKB_READMARGIN_BLOWN_BIT_12",531570,"",1,1,"OFF_PS1600",2,"365","","",1,"<=",1,"","<=",1,"P",1.79943,***,"",
2,"eFUSE_burn_readmargin","","BANKB_BURN_BIT_12",532050,"",1,1,"OFF_PS1600",2,"365","","",1,"<=",1,"","<=",1,"P",1.79943,***,"",
2,"eFUSE_burn_readmargin","","BANKB_BIT_BLOWN_TRUE_12",532530,"",1,1,"OFF_PS1600",2,"365","","",1,"<=",1,"","<=",1,"P",1.79943,***,"",
2,"eFUSE_burn_readmargin","","BANKB_READMARGIN_UNBLOWN_BIT_13",431580,"",1,1,"OFF_PS1600",2,"365","","",0,"<=",0,"","<=",0,"P",23.7395,***,"",
2,"eFUSE_burn_readmargin","","BANKB_UNBURN_BIT_13",432060,"",1,1,"OFF_PS1600",2,"365","","",0,"<=",0,"","<=",0,"P",23.7395,***,"",
2,"eFUSE_burn_readmargin","","BANKB_BIT_UNBLOWN_TRUE_13",432540,"",1,1,"OFF_PS1600",2,"365","","",1,"<=",1,"","<=",1,"P",23.7395,***,"",
2,"eFUSE_burn_readmargin","","BANKB_READMARGIN_BLOWN_BIT_14",531590,"",1,1,"OFF_PS1600",2,"365","","",1,"<=",1,"","<=",1,"P",23.7395,***,"",
2,"eFUSE_burn_readmargin","","BANKB_BURN_BIT_14",532070,"",1,1,"OFF_PS1600",2,"365","","",1,"<=",1,"","<=",1,"P",23.7395,***,"",
2,"eFUSE_burn_readmargin","","BANKB_BIT_BLOWN_TRUE_14",532550,"",1,1,"OFF_PS1600",2,"365","","",1,"<=",1,"","<=",1,"P",23.7395,***,"",
2,"eFUSE_burn_readmargin","","BANKB_READMARGIN_UNBLOWN_BIT_15",431600,"",1,1,"OFF_PS1600",2,"365","","",0,"<=",0,"","<=",0,"P",1.70525,***,"",
2,"eFUSE_burn_readmargin","","BANKB_UNBURN_BIT_15",432080,"",1,1,"OFF_PS1600",2,"365","","",0,"<=",0,"","<=",0,"P",1.70525,***,"",
2,"eFUSE_burn_readmargin","","BANKB_BIT_UNBLOWN_TRUE_15",432560,"",1,1,"OFF_PS1600",2,"365","","",1,"<=",1,"","<=",1,"P",1.70525,***,"",
2,"eFUSE_burn_readmargin","","BANKB_READMARGIN_BLOWN_BIT_16",531610,"",1,1,"OFF_PS1600",2,"365","","",1,"<=",1,"","<=",1,"P",23.7395,***,"",
2,"eFUSE_burn_readmargin","","BANKB_BURN_BIT_16",532090,"",1,1,"OFF_PS1600",2,"365","","",1,"<=",1,"","<=",1,"P",23.7395,***,"",
2,"eFUSE_burn_readmargin","","BANKB_BIT_BLOWN_TRUE_16",532570,"",1,1,"OFF_PS1600",2,"365","","",1,"<=",1,"","<=",1,"P",23.7395,***,"",
2,"eFUSE_burn_readmargin","","BANKB_READMARGIN_BLOWN_BIT_17",531620,"",1,1,"OFF_PS1600",2,"365","","",1,"<=",1,"","<=",1,"P",23.7395,***,"",
2,"eFUSE_burn_readmargin","","BANKB_BURN_BIT_17",532100,"",1,1,"OFF_PS1600",2,"365","","",1,"<=",1,"","<=",1,"P",23.7395,***,"",
2,"eFUSE_burn_readmargin","","BANKB_BIT_BLOWN_TRUE_17",532580,"",1,1,"OFF_PS1600",2,"365","","",1,"<=",1,"","<=",1,"P",23.7395,***,"",
2,"eFUSE_burn_readmargin","","BANKB_READMARGIN_UNBLOWN_BIT_18",431630,"",1,1,"OFF_PS1600",2,"365","","",0,"<=",0,"","<=",0,"P",23.7395,***,"",
2,"eFUSE_burn_readmargin","","BANKB_UNBURN_BIT_18",432110,"",1,1,"OFF_PS1600",2,"365","","",0,"<=",0,"","<=",0,"P",23.7395,***,"",
2,"eFUSE_burn_readmargin","","BANKB_BIT_UNBLOWN_TRUE_18",432590,"",1,1,"OFF_PS1600",2,"365","","",1,"<=",1,"","<=",1,"P",23.7395,***,"",
2,"eFUSE_burn_readmargin","","BANKB_READMARGIN_UNBLOWN_BIT_19",431640,"",1,1,"OFF_PS1600",2,"365","","",0,"<=",0,"","<=",0,"P",23.7395,***,"",
2,"eFUSE_burn_readmargin","","BANKB_UNBURN_BIT_19",432120,"",1,1,"OFF_PS1600",2,"365","","",0,"<=",0,"","<=",0,"P",23.7395,***,"",
2,"eFUSE_burn_readmargin","","BANKB_BIT_UNBLOWN_TRUE_19",432600,"",1,1,"OFF_PS1600",2,"365","","",1,"<=",1,"","<=",1,"P",23.7395,***,"",
2,"eFUSE_burn_readmargin","","BANKB_READMARGIN_UNBLOWN_BIT_20",431650,"",1,1,"OFF_PS1600",2,"365","","",0,"<=",0,"","<=",0,"P",23.7395,***,"",
2,"eFUSE_burn_readmargin","","BANKB_UNBURN_BIT_20",432130,"",1,1,"OFF_PS1600",2,"365","","",0,"<=",0,"","<=",0,"P",23.7395,***,"",
2,"eFUSE_burn_readmargin","","BANKB_BIT_UNBLOWN_TRUE_20",432610,"",1,1,"OFF_PS1600",2,"365","","",1,"<=",1,"","<=",1,"P",23.7395,***,"",
2,"eFUSE_burn_readmargin","","BANKB_READMARGIN_UNBLOWN_BIT_21",431660,"",1,1,"OFF_PS1600",2,"365","","",0,"<=",0,"","<=",0,"P",23.7395,***,"",
2,"eFUSE_burn_readmargin","","BANKB_UNBURN_BIT_21",432140,"",1,1,"OFF_PS1600",2,"365","","",0,"<=",0,"","<=",0,"P",23.7395,***,"",
2,"eFUSE_burn_readmargin","","BANKB_BIT_UNBLOWN_TRUE_21",432620,"",1,1,"OFF_PS1600",2,"365","","",1,"<=",1,"","<=",1,"P",23.7395,***,"",
2,"eFUSE_burn_readmargin","","BANKB_READMARGIN_UNBLOWN_BIT_22",431670,"",1,1,"OFF_PS1600",2,"365","","",0,"<=",0,"","<=",0,"P",23.7395,***,"",
2,"eFUSE_burn_readmargin","","BANKB_UNBURN_BIT_22",432150,"",1,1,"OFF_PS1600",2,"365","","",0,"<=",0,"","<=",0,"P",23.7395,***,"",
2,"eFUSE_burn_readmargin","","BANKB_BIT_UNBLOWN_TRUE_22",432630,"",1,1,"OFF_PS1600",2,"365","","",1,"<=",1,"","<=",1,"P",23.7395,***,"",
2,"eFUSE_burn_readmargin","","BANKB_READMARGIN_UNBLOWN_BIT_23",431680,"",1,1,"OFF_PS1600",2,"365","","",0,"<=",0,"","<=",0,"P",23.7395,***,"",
2,"eFUSE_burn_readmargin","","BANKB_UNBURN_BIT_23",432160,"",1,1,"OFF_PS1600",2,"365","","",0,"<=",0,"","<=",0,"P",23.7395,***,"",
2,"eFUSE_burn_readmargin","","BANKB_BIT_UNBLOWN_TRUE_23",432640,"",1,1,"OFF_PS1600",2,"365","","",1,"<=",1,"","<=",1,"P",23.7395,***,"",
2,"eFUSE_burn_readmargin","","BANKB_READMARGIN_UNBLOWN_BIT_24",431690,"",1,1,"OFF_PS1600",2,"365","","",0,"<=",0,"","<=",0,"P",28.1462,***,"",
2,"eFUSE_burn_readmargin","","BANKB_UNBURN_BIT_24",432170,"",1,1,"OFF_PS1600",2,"365","","",0,"<=",0,"","<=",0,"P",28.1462,***,"",
2,"eFUSE_burn_readmargin","","BANKB_BIT_UNBLOWN_TRUE_24",432650,"",1,1,"OFF_PS1600",2,"365","","",1,"<=",1,"","<=",1,"P",28.1462,***,"",
2,"eFUSE_burn_readmargin","","BANKB_READMARGIN_UNBLOWN_BIT_25",431700,"",1,1,"OFF_PS1600",2,"365","","",0,"<=",0,"","<=",0,"P",23.7395,***,"",
2,"eFUSE_burn_readmargin","","BANKB_UNBURN_BIT_25",432180,"",1,1,"OFF_PS1600",2,"365","","",0,"<=",0,"","<=",0,"P",23.7395,***,"",
2,"eFUSE_burn_readmargin","","BANKB_BIT_UNBLOWN_TRUE_25",432660,"",1,1,"OFF_PS1600",2,"365","","",1,"<=",1,"","<=",1,"P",23.7395,***,"",
2,"eFUSE_burn_readmargin","","BANKB_READMARGIN_BLOWN_BIT_26",531710,"",1,1,"OFF_PS1600",2,"365","","",1,"<=",1,"","<=",1,"P",23.7395,***,"",
2,"eFUSE_burn_readmargin","","BANKB_BURN_BIT_26",532190,"",1,1,"OFF_PS1600",2,"365","","",1,"<=",1,"","<=",1,"P",23.7395,***,"",
2,"eFUSE_burn_readmargin","","BANKB_BIT_BLOWN_TRUE_26",532670,"",1,1,"OFF_PS1600",2,"365","","",1,"<=",1,"","<=",1,"P",23.7395,***,"",
2,"eFUSE_burn_readmargin","","BANKB_READMARGIN_BLOWN_BIT_27",531720,"",1,1,"OFF_PS1600",2,"365","","",1,"<=",1,"","<=",1,"P",23.7395,***,"",
2,"eFUSE_burn_readmargin","","BANKB_BURN_BIT_27",532200,"",1,1,"OFF_PS1600",2,"365","","",1,"<=",1,"","<=",1,"P",23.7395,***,"",
2,"eFUSE_burn_readmargin","","BANKB_BIT_BLOWN_TRUE_27",532680,"",1,1,"OFF_PS1600",2,"365","","",1,"<=",1,"","<=",1,"P",23.7395,***,"",
2,"eFUSE_burn_readmargin","","BANKB_READMARGIN_UNBLOWN_BIT_28",431730,"",1,1,"OFF_PS1600",2,"365","","",0,"<=",0,"","<=",0,"P",23.7395,***,"",
2,"eFUSE_burn_readmargin","","BANKB_UNBURN_BIT_28",432210,"",1,1,"OFF_PS1600",2,"365","","",0,"<=",0,"","<=",0,"P",23.7395,***,"",
2,"eFUSE_burn_readmargin","","BANKB_BIT_UNBLOWN_TRUE_28",432690,"",1,1,"OFF_PS1600",2,"365","","",1,"<=",1,"","<=",1,"P",23.7395,***,"",
2,"eFUSE_burn_readmargin","","BANKB_READMARGIN_BLOWN_BIT_29",531740,"",1,1,"OFF_PS1600",2,"365","","",1,"<=",1,"","<=",1,"P",45.6738,***,"",
2,"eFUSE_burn_readmargin","","BANKB_BURN_BIT_29",532220,"",1,1,"OFF_PS1600",2,"365","","",1,"<=",1,"","<=",1,"P",45.6738,***,"",
2,"eFUSE_burn_readmargin","","BANKB_BIT_BLOWN_TRUE_29",532700,"",1,1,"OFF_PS1600",2,"365","","",1,"<=",1,"","<=",1,"P",45.6738,***,"",
2,"eFUSE_burn_readmargin","","BANKB_READMARGIN_BLOWN_BIT_30",531750,"",1,1,"OFF_PS1600",2,"365","","",1,"<=",1,"","<=",1,"P",1.79943,***,"",
2,"eFUSE_burn_readmargin","","BANKB_BURN_BIT_30",532230,"",1,1,"OFF_PS1600",2,"365","","",1,"<=",1,"","<=",1,"P",1.79943,***,"",
2,"eFUSE_burn_readmargin","","BANKB_BIT_BLOWN_TRUE_30",532710,"",1,1,"OFF_PS1600",2,"365","","",1,"<=",1,"","<=",1,"P",1.79943,***,"",
2,"eFUSE_burn_readmargin","","BANKB_READMARGIN_BLOWN_BIT_31",531760,"",1,1,"OFF_PS1600",2,"365","","",1,"<=",1,"","<=",1,"P",34.6861,***,"",
2,"eFUSE_burn_readmargin","","BANKB_BURN_BIT_31",532240,"",1,1,"OFF_PS1600",2,"365","","",1,"<=",1,"","<=",1,"P",34.6861,***,"",
2,"eFUSE_burn_readmargin","","BANKB_BIT_BLOWN_TRUE_31",532720,"",1,1,"OFF_PS1600",2,"365","","",1,"<=",1,"","<=",1,"P",34.6861,***,"",
2,"eFUSE_burn_readmargin","","BANKB_READMARGIN_UNBLOWN_BIT_32",431770,"",1,1,"OFF_PS1600",2,"365","","",0,"<=",0,"","<=",0,"P",34.6861,***,"",
2,"eFUSE_burn_readmargin","","BANKB_UNBURN_BIT_32",432250,"",1,1,"OFF_PS1600",2,"365","","",0,"<=",0,"","<=",0,"P",34.6861,***,"",
2,"eFUSE_burn_readmargin","","BANKB_BIT_UNBLOWN_TRUE_32",432730,"",1,1,"OFF_PS1600",2,"365","","",1,"<=",1,"","<=",1,"P",34.6861,***,"",
2,"eFUSE_burn_readmargin","","BANKB_READMARGIN_UNBLOWN_BIT_33",431780,"",1,1,"OFF_PS1600",2,"365","","",0,"<=",0,"","<=",0,"P",34.6861,***,"",
2,"eFUSE_burn_readmargin","","BANKB_UNBURN_BIT_33",432260,"",1,1,"OFF_PS1600",2,"365","","",0,"<=",0,"","<=",0,"P",34.6861,***,"",
2,"eFUSE_burn_readmargin","","BANKB_BIT_UNBLOWN_TRUE_33",432740,"",1,1,"OFF_PS1600",2,"365","","",1,"<=",1,"","<=",1,"P",34.6861,***,"",
2,"eFUSE_burn_readmargin","","BANKB_READMARGIN_UNBLOWN_BIT_34",431790,"",1,1,"OFF_PS1600",2,"365","","",0,"<=",0,"","<=",0,"P",34.6861,***,"",
2,"eFUSE_burn_readmargin","","BANKB_UNBURN_BIT_34",432270,"",1,1,"OFF_PS1600",2,"365","","",0,"<=",0,"","<=",0,"P",34.6861,***,"",
2,"eFUSE_burn_readmargin","","BANKB_BIT_UNBLOWN_TRUE_34",432750,"",1,1,"OFF_PS1600",2,"365","","",1,"<=",1,"","<=",1,"P",34.6861,***,"",
2,"eFUSE_burn_readmargin","","BANKB_READMARGIN_UNBLOWN_BIT_35",431800,"",1,1,"OFF_PS1600",2,"365","","",0,"<=",0,"","<=",0,"P",34.6861,***,"",
2,"eFUSE_burn_readmargin","","BANKB_UNBURN_BIT_35",432280,"",1,1,"OFF_PS1600",2,"365","","",0,"<=",0,"","<=",0,"P",34.6861,***,"",
2,"eFUSE_burn_readmargin","","BANKB_BIT_UNBLOWN_TRUE_35",432760,"",1,1,"OFF_PS1600",2,"365","","",1,"<=",1,"","<=",1,"P",34.6861,***,"",
2,"eFUSE_burn_readmargin","","BANKB_READMARGIN_BLOWN_BIT_36",531810,"",1,1,"OFF_PS1600",2,"365","","",1,"<=",1,"","<=",1,"P",34.6861,***,"",
2,"eFUSE_burn_readmargin","","BANKB_BURN_BIT_36",532290,"",1,1,"OFF_PS1600",2,"365","","",1,"<=",1,"","<=",1,"P",34.6861,***,"",
2,"eFUSE_burn_readmargin","","BANKB_BIT_BLOWN_TRUE_36",532770,"",1,1,"OFF_PS1600",2,"365","","",1,"<=",1,"","<=",1,"P",34.6861,***,"",
2,"eFUSE_burn_readmargin","","BANKB_READMARGIN_BLOWN_BIT_37",531820,"",1,1,"OFF_PS1600",2,"365","","",1,"<=",1,"","<=",1,"P",23.7395,***,"",
2,"eFUSE_burn_readmargin","","BANKB_BURN_BIT_37",532300,"",1,1,"OFF_PS1600",2,"365","","",1,"<=",1,"","<=",1,"P",23.7395,***,"",
2,"eFUSE_burn_readmargin","","BANKB_BIT_BLOWN_TRUE_37",532780,"",1,1,"OFF_PS1600",2,"365","","",1,"<=",1,"","<=",1,"P",23.7395,***,"",
2,"eFUSE_burn_readmargin","","BANKB_READMARGIN_UNBLOWN_BIT_38",431830,"",1,1,"OFF_PS1600",2,"365","","",0,"<=",0,"","<=",0,"P",1.7101,***,"",
2,"eFUSE_burn_readmargin","","BANKB_UNBURN_BIT_38",432310,"",1,1,"OFF_PS1600",2,"365","","",0,"<=",0,"","<=",0,"P",1.7101,***,"",
2,"eFUSE_burn_readmargin","","BANKB_BIT_UNBLOWN_TRUE_38",432790,"",1,1,"OFF_PS1600",2,"365","","",1,"<=",1,"","<=",1,"P",1.7101,***,"",
2,"eFUSE_burn_readmargin","","BANKB_READMARGIN_UNBLOWN_BIT_39",431840,"",1,1,"OFF_PS1600",2,"365","","",0,"<=",0,"","<=",0,"P",1.77922,***,"",
2,"eFUSE_burn_readmargin","","BANKB_UNBURN_BIT_39",432320,"",1,1,"OFF_PS1600",2,"365","","",0,"<=",0,"","<=",0,"P",1.77922,***,"",
2,"eFUSE_burn_readmargin","","BANKB_BIT_UNBLOWN_TRUE_39",432800,"",1,1,"OFF_PS1600",2,"365","","",1,"<=",1,"","<=",1,"P",1.77922,***,"",
2,"eFUSE_burn_readmargin","","BANKB_READMARGIN_UNBLOWN_BIT_40",431850,"",1,1,"OFF_PS1600",2,"365","","",0,"<=",0,"","<=",0,"P",34.6861,***,"",
2,"eFUSE_burn_readmargin","","BANKB_UNBURN_BIT_40",432330,"",1,1,"OFF_PS1600",2,"365","","",0,"<=",0,"","<=",0,"P",34.6861,***,"",
2,"eFUSE_burn_readmargin","","BANKB_BIT_UNBLOWN_TRUE_40",432810,"",1,1,"OFF_PS1600",2,"365","","",1,"<=",1,"","<=",1,"P",34.6861,***,"",
2,"eFUSE_burn_readmargin","","BANKB_READMARGIN_BLOWN_BIT_41",531860,"",1,1,"OFF_PS1600",2,"365","","",1,"<=",1,"","<=",1,"P",34.6861,***,"",
2,"eFUSE_burn_readmargin","","BANKB_BURN_BIT_41",532340,"",1,1,"OFF_PS1600",2,"365","","",1,"<=",1,"","<=",1,"P",34.6861,***,"",
2,"eFUSE_burn_readmargin","","BANKB_BIT_BLOWN_TRUE_41",532820,"",1,1,"OFF_PS1600",2,"365","","",1,"<=",1,"","<=",1,"P",34.6861,***,"",
2,"eFUSE_burn_readmargin","","BANKB_READMARGIN_BLOWN_BIT_42",531870,"",1,1,"OFF_PS1600",2,"365","","",1,"<=",1,"","<=",1,"P",23.7395,***,"",
2,"eFUSE_burn_readmargin","","BANKB_BURN_BIT_42",532350,"",1,1,"OFF_PS1600",2,"365","","",1,"<=",1,"","<=",1,"P",23.7395,***,"",
2,"eFUSE_burn_readmargin","","BANKB_BIT_BLOWN_TRUE_42",532830,"",1,1,"OFF_PS1600",2,"365","","",1,"<=",1,"","<=",1,"P",23.7395,***,"",
2,"eFUSE_burn_readmargin","","BANKB_READMARGIN_UNBLOWN_BIT_43",431880,"",1,1,"OFF_PS1600",2,"365","","",0,"<=",0,"","<=",0,"P",1.70525,***,"",
2,"eFUSE_burn_readmargin","","BANKB_UNBURN_BIT_43",432360,"",1,1,"OFF_PS1600",2,"365","","",0,"<=",0,"","<=",0,"P",1.70525,***,"",
2,"eFUSE_burn_readmargin","","BANKB_BIT_UNBLOWN_TRUE_43",432840,"",1,1,"OFF_PS1600",2,"365","","",1,"<=",1,"","<=",1,"P",1.70525,***,"",
2,"eFUSE_burn_readmargin","","BANKB_READMARGIN_UNBLOWN_BIT_44",431890,"",1,1,"OFF_PS1600",2,"365","","",0,"<=",0,"","<=",0,"P",34.7572,***,"",
2,"eFUSE_burn_readmargin","","BANKB_UNBURN_BIT_44",432370,"",1,1,"OFF_PS1600",2,"365","","",0,"<=",0,"","<=",0,"P",34.7572,***,"",
2,"eFUSE_burn_readmargin","","BANKB_BIT_UNBLOWN_TRUE_44",432850,"",1,1,"OFF_PS1600",2,"365","","",1,"<=",1,"","<=",1,"P",34.7572,***,"",
2,"eFUSE_burn_readmargin","","BANKB_READMARGIN_UNBLOWN_BIT_45",431900,"",1,1,"OFF_PS1600",2,"365","","",0,"<=",0,"","<=",0,"P",1.78031,***,"",
2,"eFUSE_burn_readmargin","","BANKB_UNBURN_BIT_45",432380,"",1,1,"OFF_PS1600",2,"365","","",0,"<=",0,"","<=",0,"P",1.78031,***,"",
2,"eFUSE_burn_readmargin","","BANKB_BIT_UNBLOWN_TRUE_45",432860,"",1,1,"OFF_PS1600",2,"365","","",1,"<=",1,"","<=",1,"P",1.78031,***,"",
2,"eFUSE_burn_readmargin","","BANKB_READMARGIN_BLOWN_BIT_46",531910,"",1,1,"OFF_PS1600",2,"365","","",1,"<=",1,"","<=",1,"P",28.147,***,"",
2,"eFUSE_burn_readmargin","","BANKB_BURN_BIT_46",532390,"",1,1,"OFF_PS1600",2,"365","","",1,"<=",1,"","<=",1,"P",28.147,***,"",
2,"eFUSE_burn_readmargin","","BANKB_BIT_BLOWN_TRUE_46",532870,"",1,1,"OFF_PS1600",2,"365","","",1,"<=",1,"","<=",1,"P",28.147,***,"",
2,"eFUSE_burn_readmargin","","BANKB_READMARGIN_BLOWN_BIT_47",531920,"",1,1,"OFF_PS1600",2,"365","","",1,"<=",1,"","<=",1,"P",23.7395,***,"",
2,"eFUSE_burn_readmargin","","BANKB_BURN_BIT_47",532400,"",1,1,"OFF_PS1600",2,"365","","",1,"<=",1,"","<=",1,"P",23.7395,***,"",
2,"eFUSE_burn_readmargin","","BANKB_BIT_BLOWN_TRUE_47",532880,"",1,1,"OFF_PS1600",2,"365","","",1,"<=",1,"","<=",1,"P",23.7395,***,"",
2,"POST_BURN_PASS_FET_LEAKAGE","","POST_Forward_Leakage_FET",470030,"",1,1,"ISEN_PS1600",2,"365","","",-20,"<=",-2,"nA","<=",20,"P",0.180283,***,"",
2,"POST_BURN_PASS_FET_LEAKAGE","","POST_Reverse_Leakage_FET",470040,"",1,1,"ISEN_PS1600",2,"365","","",-20,"<=",-2,"nA","<=",20,"P",0.180283,***,"",
2,"POST_BURN_PASS_FET_LEAKAGE","","Delta_Forward_Leakage_FET",470050,"",1,1,"ISEN_PS1600",2,"365","","",-20,"<=",-2,"nA","<=",20,"P",0.180283,***,"",
2,"POST_BURN_PASS_FET_LEAKAGE","","Delta_Reverse_Leakage_FET",470060,"",1,1,"ISEN_PS1600",2,"365","","",-20,"<=",-1,"nA","<=",20,"P",0.180283,***,"",
2,"POST_EFUSE_RESISTANCE","","POST_BANKA_EFUSE_RESISTANCE_BLOWN_BIT47",590001,"",1,1,"ISEN_PS1600",2,"365","","",3500,"<=",66156.8,"ohms","<=",85000,"P",26.3014,***,"",
2,"POST_EFUSE_RESISTANCE","","POST_BANKA_EFUSE_RESISTANCE_BLOWN_BIT46",590002,"",1,1,"ISEN_PS1600",2,"365","","",3500,"<=",70596,"ohms","<=",85000,"P",30.9562,***,"",
2,"POST_EFUSE_RESISTANCE","","POST_BANKA_EFUSE_RESISTANCE_UNBLOWN_BIT45",490003,"",1,1,"ISEN_PS1600",2,"365","","",65,"<=",79.6,"ohms","<=",200,"P",3.10446,***,"",
2,"POST_EFUSE_RESISTANCE","","POST_BANKA_EFUSE_RESISTANCE_UNBLOWN_BIT44",490004,"",1,1,"ISEN_PS1600",2,"365","","",65,"<=",79.6,"ohms","<=",200,"P",37.9362,***,"",
2,"POST_EFUSE_RESISTANCE","","POST_BANKA_EFUSE_RESISTANCE_UNBLOWN_BIT43",490005,"",1,1,"ISEN_PS1600",2,"365","","",65,"<=",91,"ohms","<=",200,"P",3.02102,***,"",
2,"POST_EFUSE_RESISTANCE","","POST_BANKA_EFUSE_RESISTANCE_BLOWN_BIT42",590006,"",1,1,"ISEN_PS1600",2,"365","","",3500,"<=",70618.8,"ohms","<=",85000,"P",26.3014,***,"",
2,"POST_EFUSE_RESISTANCE","","POST_BANKA_EFUSE_RESISTANCE_BLOWN_BIT41",590007,"",1,1,"ISEN_PS1600",2,"365","","",3500,"<=",70584.6,"ohms","<=",85000,"P",37.8625,***,"",
2,"POST_EFUSE_RESISTANCE","","POST_BANKA_EFUSE_RESISTANCE_UNBLOWN_BIT40",490008,"",1,1,"ISEN_PS1600",2,"365","","",65,"<=",91,"ohms","<=",200,"P",37.8625,***,"",
2,"POST_EFUSE_RESISTANCE","","POST_BANKA_EFUSE_RESISTANCE_UNBLOWN_BIT39",490009,"",1,1,"ISEN_PS1600",2,"365","","",65,"<=",79.6,"ohms","<=",200,"P",3.10241,***,"",
2,"POST_EFUSE_RESISTANCE","","POST_BANKA_EFUSE_RESISTANCE_UNBLOWN_BIT38",490010,"",1,1,"ISEN_PS1600",2,"365","","",65,"<=",91,"ohms","<=",200,"P",3.02903,***,"",
2,"POST_EFUSE_RESISTANCE","","POST_BANKA_EFUSE_RESISTANCE_BLOWN_BIT37",590011,"",1,1,"ISEN_PS1600",2,"365","","",3500,"<=",70425.2,"ohms","<=",85000,"P",26.3014,***,"",
2,"POST_EFUSE_RESISTANCE","","POST_BANKA_EFUSE_RESISTANCE_BLOWN_BIT36",590012,"",1,1,"ISEN_PS1600",2,"365","","",3500,"<=",70596,"ohms","<=",85000,"P",37.8625,***,"",
2,"POST_EFUSE_RESISTANCE","","POST_BANKA_EFUSE_RESISTANCE_UNBLOWN_BIT35",490013,"",1,1,"ISEN_PS1600",2,"365","","",65,"<=",79.6,"ohms","<=",200,"P",37.8625,***,"",
2,"POST_EFUSE_RESISTANCE","","POST_BANKA_EFUSE_RESISTANCE_UNBLOWN_BIT34",490014,"",1,1,"ISEN_PS1600",2,"365","","",65,"<=",79.6,"ohms","<=",200,"P",37.8625,***,"",
2,"POST_EFUSE_RESISTANCE","","POST_BANKA_EFUSE_RESISTANCE_UNBLOWN_BIT33",490015,"",1,1,"ISEN_PS1600",2,"365","","",65,"<=",79.6,"ohms","<=",200,"P",37.8625,***,"",
2,"POST_EFUSE_RESISTANCE","","POST_BANKA_EFUSE_RESISTANCE_UNBLOWN_BIT32",490016,"",1,1,"ISEN_PS1600",2,"365","","",65,"<=",79.6,"ohms","<=",200,"P",37.8625,***,"",
2,"POST_EFUSE_RESISTANCE","","POST_BANKA_EFUSE_RESISTANCE_BLOWN_BIT31",590017,"",1,1,"ISEN_PS1600",2,"365","","",3500,"<=",70618.8,"ohms","<=",85000,"P",37.8625,***,"",
2,"POST_EFUSE_RESISTANCE","","POST_BANKA_EFUSE_RESISTANCE_BLOWN_BIT30",590018,"",1,1,"ISEN_PS1600",2,"365","","",3500,"<=",70596,"ohms","<=",85000,"P",3.12652,***,"",
2,"POST_EFUSE_RESISTANCE","","POST_BANKA_EFUSE_RESISTANCE_BLOWN_BIT29",590019,"",1,1,"ISEN_PS1600",2,"365","","",3500,"<=",7740.2,"ohms","<=",85000,"P",49.4706,***,"",
2,"POST_EFUSE_RESISTANCE","","POST_BANKA_EFUSE_RESISTANCE_UNBLOWN_BIT28",490020,"",1,1,"ISEN_PS1600",2,"365","","",65,"<=",79.6,"ohms","<=",200,"P",26.3014,***,"",
2,"POST_EFUSE_RESISTANCE","","POST_BANKA_EFUSE_RESISTANCE_BLOWN_BIT27",590021,"",1,1,"ISEN_PS1600",2,"365","","",3500,"<=",70561.8,"ohms","<=",85000,"P",26.3014,***,"",
2,"POST_EFUSE_RESISTANCE","","POST_BANKA_EFUSE_RESISTANCE_BLOWN_BIT26",590022,"",1,1,"ISEN_PS1600",2,"365","","",3500,"<=",13875.6,"ohms","<=",85000,"P",26.3014,***,"",
2,"POST_EFUSE_RESISTANCE","","POST_BANKA_EFUSE_RESISTANCE_UNBLOWN_BIT25",490023,"",1,1,"ISEN_PS1600",2,"365","","",65,"<=",79.6,"ohms","<=",200,"P",26.3014,***,"",
2,"POST_EFUSE_RESISTANCE","","POST_BANKA_EFUSE_RESISTANCE_UNBLOWN_BIT24",490024,"",1,1,"ISEN_PS1600",2,"365","","",65,"<=",79.6,"ohms","<=",200,"P",30.9545,***,"",
2,"POST_EFUSE_RESISTANCE","","POST_BANKA_EFUSE_RESISTANCE_UNBLOWN_BIT23",490025,"",1,1,"ISEN_PS1600",2,"365","","",65,"<=",91,"ohms","<=",200,"P",26.3014,***,"",
2,"POST_EFUSE_RESISTANCE","","POST_BANKA_EFUSE_RESISTANCE_UNBLOWN_BIT22",490026,"",1,1,"ISEN_PS1600",2,"365","","",65,"<=",79.6,"ohms","<=",200,"P",26.3014,***,"",
2,"POST_EFUSE_RESISTANCE","","POST_BANKA_EFUSE_RESISTANCE_UNBLOWN_BIT21",490027,"",1,1,"ISEN_PS1600",2,"365","","",65,"<=",79.6,"ohms","<=",200,"P",26.3014,***,"",
2,"POST_EFUSE_RESISTANCE","","POST_BANKA_EFUSE_RESISTANCE_UNBLOWN_BIT20",490028,"",1,1,"ISEN_PS1600",2,"365","","",65,"<=",79.6,"ohms","<=",200,"P",26.3014,***,"",
2,"POST_EFUSE_RESISTANCE","","POST_BANKA_EFUSE_RESISTANCE_UNBLOWN_BIT19",490029,"",1,1,"ISEN_PS1600",2,"365","","",65,"<=",79.8,"ohms","<=",200,"P",26.3014,***,"",
2,"POST_EFUSE_RESISTANCE","","POST_BANKA_EFUSE_RESISTANCE_UNBLOWN_BIT18",490030,"",1,1,"ISEN_PS1600",2,"365","","",65,"<=",91,"ohms","<=",200,"P",26.3014,***,"",
2,"POST_EFUSE_RESISTANCE","","POST_BANKA_EFUSE_RESISTANCE_BLOWN_BIT17",590031,"",1,1,"ISEN_PS1600",2,"365","","",3500,"<=",70618.8,"ohms","<=",85000,"P",26.3014,***,"",
2,"POST_EFUSE_RESISTANCE","","POST_BANKA_EFUSE_RESISTANCE_BLOWN_BIT16",590032,"",1,1,"ISEN_PS1600",2,"365","","",3500,"<=",70243.2,"ohms","<=",85000,"P",26.3014,***,"",
2,"POST_EFUSE_RESISTANCE","","POST_BANKA_EFUSE_RESISTANCE_UNBLOWN_BIT15",490033,"",1,1,"ISEN_PS1600",2,"365","","",65,"<=",79.6,"ohms","<=",200,"P",3.02102,***,"",
2,"POST_EFUSE_RESISTANCE","","POST_BANKA_EFUSE_RESISTANCE_BLOWN_BIT14",590034,"",1,1,"ISEN_PS1600",2,"365","","",3500,"<=",4735.2,"ohms","<=",85000,"P",26.3014,***,"",
2,"POST_EFUSE_RESISTANCE","","POST_BANKA_EFUSE_RESISTANCE_UNBLOWN_BIT13",490035,"",1,1,"ISEN_PS1600",2,"365","","",65,"<=",79.6,"ohms","<=",200,"P",26.3014,***,"",
2,"POST_EFUSE_RESISTANCE","","POST_BANKA_EFUSE_RESISTANCE_BLOWN_BIT12",590036,"",1,1,"ISEN_PS1600",2,"365","","",3500,"<=",70607.4,"ohms","<=",85000,"P",3.12652,***,"",
2,"POST_EFUSE_RESISTANCE","","POST_BANKA_EFUSE_RESISTANCE_BLOWN_BIT11",590037,"",1,1,"ISEN_PS1600",2,"365","","",3500,"<=",64028.2,"ohms","<=",85000,"P",3.02964,***,"",
2,"POST_EFUSE_RESISTANCE","","POST_BANKA_EFUSE_RESISTANCE_BLOWN_BIT10",590038,"",1,1,"ISEN_PS1600",2,"365","","",3500,"<=",44392.8,"ohms","<=",85000,"P",3.08913,***,"",
2,"POST_EFUSE_RESISTANCE","","POST_BANKA_EFUSE_RESISTANCE_UNBLOWN_BIT9",490039,"",1,1,"ISEN_PS1600",2,"365","","",65,"<=",79.6,"ohms","<=",200,"P",3.08913,***,"",
2,"POST_EFUSE_RESISTANCE","","POST_BANKA_EFUSE_RESISTANCE_UNBLOWN_BIT8",490040,"",1,1,"ISEN_PS1600",2,"365","","",65,"<=",79.6,"ohms","<=",200,"P",3.08913,***,"",
2,"POST_EFUSE_RESISTANCE","","POST_BANKA_EFUSE_RESISTANCE_BLOWN_BIT7",590041,"",1,1,"ISEN_PS1600",2,"365","","",3500,"<=",70618.8,"ohms","<=",85000,"P",37.9356,***,"",
2,"POST_EFUSE_RESISTANCE","","POST_BANKA_EFUSE_RESISTANCE_UNBLOWN_BIT6",490042,"",1,1,"ISEN_PS1600",2,"365","","",65,"<=",91,"ohms","<=",200,"P",26.3014,***,"",
2,"POST_EFUSE_RESISTANCE","","POST_BANKA_EFUSE_RESISTANCE_BLOWN_BIT5",590043,"",1,1,"ISEN_PS1600",2,"365","","",3500,"<=",52133.2,"ohms","<=",85000,"P",26.3014,***,"",
2,"POST_EFUSE_RESISTANCE","","POST_BANKA_EFUSE_RESISTANCE_UNBLOWN_BIT4",490044,"",1,1,"ISEN_PS1600",2,"365","","",65,"<=",79.6,"ohms","<=",200,"P",26.3014,***,"",
2,"POST_EFUSE_RESISTANCE","","POST_BANKA_EFUSE_RESISTANCE_UNBLOWN_BIT3",490045,"",1,1,"ISEN_PS1600",2,"365","","",65,"<=",79.6,"ohms","<=",200,"P",26.3014,***,"",
2,"POST_EFUSE_RESISTANCE","","POST_BANKA_EFUSE_RESISTANCE_UNBLOWN_BIT2",490046,"",1,1,"ISEN_PS1600",2,"365","","",65,"<=",79.6,"ohms","<=",200,"P",26.3014,***,"",
2,"POST_EFUSE_RESISTANCE","","POST_BANKA_EFUSE_RESISTANCE_UNBLOWN_BIT1",490047,"",1,1,"ISEN_PS1600",2,"365","","",65,"<=",91,"ohms","<=",200,"P",26.3014,***,"",
2,"POST_EFUSE_RESISTANCE","","POST_BANKA_EFUSE_RESISTANCE_UNBLOWN_BIT0",490048,"",1,1,"ISEN_PS1600",2,"365","","",65,"<=",91,"ohms","<=",200,"P",26.3014,***,"",
2,"POST_EFUSE_RESISTANCE","","POST_BANKB_EFUSE_RESISTANCE_BLOWN_BIT47",590049,"",1,1,"ISEN_PS1600",2,"365","","",3500,"<=",70641.4,"ohms","<=",85000,"P",26.3014,***,"",
2,"POST_EFUSE_RESISTANCE","","POST_BANKB_EFUSE_RESISTANCE_BLOWN_BIT46",590050,"",1,1,"ISEN_PS1600",2,"365","","",3500,"<=",70618.6,"ohms","<=",85000,"P",30.9562,***,"",
2,"POST_EFUSE_RESISTANCE","","POST_BANKB_EFUSE_RESISTANCE_UNBLOWN_BIT45",490051,"",1,1,"ISEN_PS1600",2,"365","","",65,"<=",79.6,"ohms","<=",200,"P",3.10446,***,"",
2,"POST_EFUSE_RESISTANCE","","POST_BANKB_EFUSE_RESISTANCE_UNBLOWN_BIT44",490052,"",1,1,"ISEN_PS1600",2,"365","","",65,"<=",79.6,"ohms","<=",200,"P",37.9362,***,"",
2,"POST_EFUSE_RESISTANCE","","POST_BANKB_EFUSE_RESISTANCE_UNBLOWN_BIT43",490053,"",1,1,"ISEN_PS1600",2,"365","","",65,"<=",79.6,"ohms","<=",200,"P",3.02102,***,"",
2,"POST_EFUSE_RESISTANCE","","POST_BANKB_EFUSE_RESISTANCE_BLOWN_BIT42",590054,"",1,1,"ISEN_PS1600",2,"365","","",3500,"<=",7763,"ohms","<=",85000,"P",26.3014,***,"",
2,"POST_EFUSE_RESISTANCE","","POST_BANKB_EFUSE_RESISTANCE_BLOWN_BIT41",590055,"",1,1,"ISEN_PS1600",2,"365","","",3500,"<=",70618.6,"ohms","<=",85000,"P",49.4741,***,"",
2,"POST_EFUSE_RESISTANCE","","POST_BANKB_EFUSE_RESISTANCE_UNBLOWN_BIT40",490056,"",1,1,"ISEN_PS1600",2,"365","","",65,"<=",79.8,"ohms","<=",200,"P",49.4741,***,"",
2,"POST_EFUSE_RESISTANCE","","POST_BANKB_EFUSE_RESISTANCE_UNBLOWN_BIT39",490057,"",1,1,"ISEN_PS1600",2,"365","","",65,"<=",79.6,"ohms","<=",200,"P",3.12727,***,"",
2,"POST_EFUSE_RESISTANCE","","POST_BANKB_EFUSE_RESISTANCE_UNBLOWN_BIT38",490058,"",1,1,"ISEN_PS1600",2,"365","","",65,"<=",79.6,"ohms","<=",200,"P",3.02964,***,"",
2,"POST_EFUSE_RESISTANCE","","POST_BANKB_EFUSE_RESISTANCE_BLOWN_BIT37",590059,"",1,1,"ISEN_PS1600",2,"365","","",3500,"<=",70630,"ohms","<=",85000,"P",30.9562,***,"",
2,"POST_EFUSE_RESISTANCE","","POST_BANKB_EFUSE_RESISTANCE_BLOWN_BIT36",590060,"",1,1,"ISEN_PS1600",2,"365","","",3500,"<=",70527.6,"ohms","<=",85000,"P",49.4741,***,"",
2,"POST_EFUSE_RESISTANCE","","POST_BANKB_EFUSE_RESISTANCE_UNBLOWN_BIT35",490061,"",1,1,"ISEN_PS1600",2,"365","","",65,"<=",91,"ohms","<=",200,"P",49.4741,***,"",
2,"POST_EFUSE_RESISTANCE","","POST_BANKB_EFUSE_RESISTANCE_UNBLOWN_BIT34",490062,"",1,1,"ISEN_PS1600",2,"365","","",65,"<=",79.6,"ohms","<=",200,"P",49.4741,***,"",
2,"POST_EFUSE_RESISTANCE","","POST_BANKB_EFUSE_RESISTANCE_UNBLOWN_BIT33",490063,"",1,1,"ISEN_PS1600",2,"365","","",65,"<=",79.6,"ohms","<=",200,"P",49.4741,***,"",
2,"POST_EFUSE_RESISTANCE","","POST_BANKB_EFUSE_RESISTANCE_UNBLOWN_BIT32",490064,"",1,1,"ISEN_PS1600",2,"365","","",65,"<=",79.6,"ohms","<=",200,"P",49.4741,***,"",
2,"POST_EFUSE_RESISTANCE","","POST_BANKB_EFUSE_RESISTANCE_BLOWN_BIT31",590065,"",1,1,"ISEN_PS1600",2,"365","","",3500,"<=",69765,"ohms","<=",85000,"P",49.4741,***,"",
2,"POST_EFUSE_RESISTANCE","","POST_BANKB_EFUSE_RESISTANCE_BLOWN_BIT30",590066,"",1,1,"ISEN_PS1600",2,"365","","",3500,"<=",65769.8,"ohms","<=",85000,"P",3.12652,***,"",
2,"POST_EFUSE_RESISTANCE","","POST_BANKB_EFUSE_RESISTANCE_BLOWN_BIT29",590067,"",1,1,"ISEN_PS1600",2,"365","","",3500,"<=",55616.2,"ohms","<=",85000,"P",72.692,***,"",
2,"POST_EFUSE_RESISTANCE","","POST_BANKB_EFUSE_RESISTANCE_UNBLOWN_BIT28",490068,"",1,1,"ISEN_PS1600",2,"365","","",65,"<=",91,"ohms","<=",200,"P",30.9562,***,"",
2,"POST_EFUSE_RESISTANCE","","POST_BANKB_EFUSE_RESISTANCE_BLOWN_BIT27",590069,"",1,1,"ISEN_PS1600",2,"365","","",3500,"<=",70573.4,"ohms","<=",85000,"P",30.9562,***,"",
2,"POST_EFUSE_RESISTANCE","","POST_BANKB_EFUSE_RESISTANCE_BLOWN_BIT26",590070,"",1,1,"ISEN_PS1600",2,"365","","",3500,"<=",62798.8,"ohms","<=",85000,"P",30.9562,***,"",
2,"POST_EFUSE_RESISTANCE","","POST_BANKB_EFUSE_RESISTANCE_UNBLOWN_BIT25",490071,"",1,1,"ISEN_PS1600",2,"365","","",65,"<=",79.6,"ohms","<=",200,"P",30.9562,***,"",
2,"POST_EFUSE_RESISTANCE","","POST_BANKB_EFUSE_RESISTANCE_UNBLOWN_BIT24",490072,"",1,1,"ISEN_PS1600",2,"365","","",65,"<=",91,"ohms","<=",200,"P",37.9362,***,"",
2,"POST_EFUSE_RESISTANCE","","POST_BANKB_EFUSE_RESISTANCE_UNBLOWN_BIT23",490073,"",1,1,"ISEN_PS1600",2,"365","","",65,"<=",91,"ohms","<=",200,"P",30.9562,***,"",
2,"POST_EFUSE_RESISTANCE","","POST_BANKB_EFUSE_RESISTANCE_UNBLOWN_BIT22",490074,"",1,1,"ISEN_PS1600",2,"365","","",65,"<=",91,"ohms","<=",200,"P",30.9562,***,"",
2,"POST_EFUSE_RESISTANCE","","POST_BANKB_EFUSE_RESISTANCE_UNBLOWN_BIT21",490075,"",1,1,"ISEN_PS1600",2,"365","","",65,"<=",91,"ohms","<=",200,"P",30.9562,***,"",
2,"POST_EFUSE_RESISTANCE","","POST_BANKB_EFUSE_RESISTANCE_UNBLOWN_BIT20",490076,"",1,1,"ISEN_PS1600",2,"365","","",65,"<=",91,"ohms","<=",200,"P",30.9562,***,"",
2,"POST_EFUSE_RESISTANCE","","POST_BANKB_EFUSE_RESISTANCE_UNBLOWN_BIT19",490077,"",1,1,"ISEN_PS1600",2,"365","","",65,"<=",79.8,"ohms","<=",200,"P",30.9562,***,"",
2,"POST_EFUSE_RESISTANCE","","POST_BANKB_EFUSE_RESISTANCE_UNBLOWN_BIT18",490078,"",1,1,"ISEN_PS1600",2,"365","","",65,"<=",91,"ohms","<=",200,"P",30.9562,***,"",
2,"POST_EFUSE_RESISTANCE","","POST_BANKB_EFUSE_RESISTANCE_BLOWN_BIT17",590079,"",1,1,"ISEN_PS1600",2,"365","","",3500,"<=",69605.8,"ohms","<=",85000,"P",30.9562,***,"",
2,"POST_EFUSE_RESISTANCE","","POST_BANKB_EFUSE_RESISTANCE_BLOWN_BIT16",590080,"",1,1,"ISEN_PS1600",2,"365","","",3500,"<=",41183,"ohms","<=",85000,"P",30.9562,***,"",
2,"POST_EFUSE_RESISTANCE","","POST_BANKB_EFUSE_RESISTANCE_UNBLOWN_BIT15",490081,"",1,1,"ISEN_PS1600",2,"365","","",65,"<=",79.6,"ohms","<=",200,"P",3.02102,***,"",
2,"POST_EFUSE_RESISTANCE","","POST_BANKB_EFUSE_RESISTANCE_BLOWN_BIT14",590082,"",1,1,"ISEN_PS1600",2,"365","","",3500,"<=",70618.8,"ohms","<=",85000,"P",30.9562,***,"",
2,"POST_EFUSE_RESISTANCE","","POST_BANKB_EFUSE_RESISTANCE_UNBLOWN_BIT13",490083,"",1,1,"ISEN_PS1600",2,"365","","",65,"<=",91,"ohms","<=",200,"P",30.9562,***,"",
2,"POST_EFUSE_RESISTANCE","","POST_BANKB_EFUSE_RESISTANCE_BLOWN_BIT12",590084,"",1,1,"ISEN_PS1600",2,"365","","",3500,"<=",52725,"ohms","<=",85000,"P",3.12652,***,"",
2,"POST_EFUSE_RESISTANCE","","POST_BANKB_EFUSE_RESISTANCE_BLOWN_BIT11",590085,"",1,1,"ISEN_PS1600",2,"365","","",3500,"<=",70596,"ohms","<=",85000,"P",3.02964,***,"",
2,"POST_EFUSE_RESISTANCE","","POST_BANKB_EFUSE_RESISTANCE_BLOWN_BIT10",590086,"",1,1,"ISEN_PS1600",2,"365","","",3500,"<=",70630.2,"ohms","<=",85000,"P",3.10446,***,"",
2,"POST_EFUSE_RESISTANCE","","POST_BANKB_EFUSE_RESISTANCE_UNBLOWN_BIT9",490087,"",1,1,"ISEN_PS1600",2,"365","","",65,"<=",79.6,"ohms","<=",200,"P",3.10446,***,"",
2,"POST_EFUSE_RESISTANCE","","POST_BANKB_EFUSE_RESISTANCE_UNBLOWN_BIT8",490088,"",1,1,"ISEN_PS1600",2,"365","","",65,"<=",91,"ohms","<=",200,"P",3.10446,***,"",
2,"POST_EFUSE_RESISTANCE","","POST_BANKB_EFUSE_RESISTANCE_BLOWN_BIT7",590089,"",1,1,"ISEN_PS1600",2,"365","","",3500,"<=",31086.4,"ohms","<=",85000,"P",37.9356,***,"",
2,"POST_EFUSE_RESISTANCE","","POST_BANKB_EFUSE_RESISTANCE_UNBLOWN_BIT6",490090,"",1,1,"ISEN_PS1600",2,"365","","",65,"<=",91,"ohms","<=",200,"P",37.8646,***,"",
2,"POST_EFUSE_RESISTANCE","","POST_BANKB_EFUSE_RESISTANCE_BLOWN_BIT5",590091,"",1,1,"ISEN_PS1600",2,"365","","",3500,"<=",18667.8,"ohms","<=",85000,"P",37.8646,***,"",
2,"POST_EFUSE_RESISTANCE","","POST_BANKB_EFUSE_RESISTANCE_UNBLOWN_BIT4",490092,"",1,1,"ISEN_PS1600",2,"365","","",65,"<=",91,"ohms","<=",200,"P",37.8646,***,"",
2,"POST_EFUSE_RESISTANCE","","POST_BANKB_EFUSE_RESISTANCE_UNBLOWN_BIT3",490093,"",1,1,"ISEN_PS1600",2,"365","","",65,"<=",79.8,"ohms","<=",200,"P",37.8646,***,"",
2,"POST_EFUSE_RESISTANCE","","POST_BANKB_EFUSE_RESISTANCE_UNBLOWN_BIT2",490094,"",1,1,"ISEN_PS1600",2,"365","","",65,"<=",79.6,"ohms","<=",200,"P",37.8646,***,"",
2,"POST_EFUSE_RESISTANCE","","POST_BANKB_EFUSE_RESISTANCE_UNBLOWN_BIT1",490095,"",1,1,"ISEN_PS1600",2,"365","","",65,"<=",79.6,"ohms","<=",200,"P",37.8646,***,"",
2,"POST_EFUSE_RESISTANCE","","POST_BANKB_EFUSE_RESISTANCE_UNBLOWN_BIT0",490096,"",1,1,"ISEN_PS1600",2,"365","","",65,"<=",79.6,"ohms","<=",200,"P",37.8646,***,"",
2,"Post_Vbias_Test","","GENERAL TEST",510001,"",1,1,"VBIAS_PS1600",2,"365","","",1.75,"<=",1.79341,"V","<=",1.85,"P",0.027212,***,"",
2,"Post_SS_Test","","ISS_0p4V",500010,"",1,1,"SS_PS1600",2,"365","","",-10.7,"<=",-9.488,"uA","<=",-9.3,"P",0.359362,***,"",
2,"Post_SS_Test","","SS_gain_0p4V",500020,"",1,1,"SS_PS1600",2,"365","","",9.6,"<=",9.92455,"A/V","<=",10.4,"P",0.359362,***,"",
2,"Post_SS_Test","","Vin_vout_Current",500030,"",1,1,"SS_PS1600",2,"365","","",3.5,"<=",3.96982,"A","<=",4.5,"P",0.359362,***,"",
2,"Post_SS_Gain_Test","","POST_CURRENT_SS_0P1V",820010,"",1,1,"SS_PS1600",2,"365","","",350,"<=",932.302,"mA","<=",1100,"P",0.292621,***,"",
2,"Post_SS_Gain_Test","","POST_CURRENT_SS_0P2V",820020,"",1,1,"SS_PS1600",2,"365","","",1800,"<=",1927.9,"mA","<=",2200,"P",0.292621,***,"",
2,"Post_SS_Gain_Test","","POST_CURRENT_SS_Delta",820030,"",1,1,"SS_PS1600",2,"365","","",920,"<=",995.595,"mA","<=",1080,"P",0.292621,***,"",
2,"Post_ILIM_Test","","ITRIP_10p_Current",810010,"",1,1,"ITRIP_PS1600",2,"365","","",-11,"<=",-10.354,"uA","<=",-9,"P",4.77028,***,"",
2,"Post_ILIM_Test","","ITRIP_10p_Voltage",810020,"",1,1,"ITRIP_PS1600",2,"365","","",0.9,"<=",1,"V","<=",1.2,"P",4.77028,***,"",
2,"Post_ILIM_Test","","ITRIP_20p_Current",810060,"",1,1,"VOUT1",2,"365","","",-22,"<=",-20.081,"uA","<=",-18,"P",4.77028,***,"",
2,"Post_ILIM_Test","","ITRIP_20p_Voltage",810070,"",1,1,"VOUT1",2,"365","","",0.9,"<=",1,"V","<=",1.2,"P",4.77028,***,"",
2,"Post_ILIM_Test","","Vin_vout_Current_10P",810160,"",1,1,"VOUT1",2,"365","","",0,"<=",0.800022,"A","<=",0.9,"P",4.77028,***,"",
2,"Post_ILIM_Test","","Vin_vout_Current_20P",810150,"",1,1,"VOUT1",2,"365","","",0,"<=",1.5999,"A","<=",1.7,"P",4.77028,***,"",
2,"Post_ILIM_Test","","gain_20V_10p",810050,"",1,1,"ITRIP_PS1600",2,"365","","",70000,"<=",77267,"GAIN","<=",85000,"P",4.77028,***,"",
2,"Post_ILIM_Test","","gain_20V_20p",810100,"",1,1,"ITRIP_PS1600",2,"365","","",75000,"<=",79672.4,"GAIN","<=",85000,"P",4.77028,***,"",
2,"Post_ISENSE_Gain","","POST_SNS_GAIN_20PIMAX_CODE",820040,"",1,1,"ISEN_DPS128",2,"365","","",-210,"<=",-206.685,"uA","<=",-190,"P",0.068486,***,"",
2,"Post_ISENSE_Gain","","gain",820050,"",1,1,"ISEN_DPS128",2,"365","","",7700,"<=",7743.42,"GAIN","<=",8300,"P",0.068486,***,"",
2,"Post_ISENSE_Gain","","Forced Current",820060,"",1,1,"VOUT1",2,"365","","",1.55,"<=",1.60044,"A","<=",1.61,"P",0.068486,***,"",
2,"ILIM_Slowtrip","","ITRIP_VOLTAGE_ILIM_TM_011",830010,"",1,1,"ITRIP_PS1600",2,"365","","",0.95,"<=",1.11572,"V","<=",1.15,"P",0.504391,***,"",
2,"ILIM_Slowtrip","","ITRIP_VOLTAGE_ILIM_TM_111",830020,"",1,1,"ITRIP_PS1600",2,"365","","",0.95,"<=",1.11672,"V","<=",1.15,"P",0.504391,***,"",
2,"TISLOW","","TISLOW",840010,"",1,1,"ITRIP_PS1600",2,"365","","",11.1,"<=",12.2,"mS","<=",12.7,"P",0.247661,***,"",
2,"IO_TEST","","OFF_VOLTAGE_LOW_EN_0V_IO_TM_1",460010,"",1,1,"OFF_PS1600",2,"365","","",0,"<=",0.000771,"V","<=",0.2,"P",1.5494,***,"",
2,"IO_TEST","","OFF_VOLTAGE_HIGH_EN_1P8V_IO_TM_1",460020,"",1,1,"OFF_PS1600",2,"365","","",1.75,"<=",1.79006,"V","<=",1.85,"P",1.5494,***,"",
2,"IO_TEST","","OFF_VOLTAGE_LOW_VIN_1P5V_IO_TM_1",460030,"",1,1,"OFF_PS1600",2,"365","","",0,"<=",0.000771185,"V","<=",0.2,"P",1.5494,***,"",
2,"IO_TEST","","OFF_VOLTAGE_HIGH_VIN_5V_IO_TM_1",460040,"",1,1,"OFF_PS1600",2,"365","","",1.75,"<=",1.79,"V","<=",1.85,"P",1.5494,***,"",
2,"IO_TEST","","OFF_VOLTAGE_LOW_EN_0V_IO_TM_2",460070,"",1,1,"OFF_PS1600",2,"365","","",0,"<=",0.000657,"V","<=",0.2,"P",1.5494,***,"",
2,"IO_TEST","","OFF_VOLTAGE_HIGH_EN_1P8V_IO_TM_2",460080,"",1,1,"OFF_PS1600",2,"365","","",1.75,"<=",1.78994,"V","<=",1.85,"P",1.5494,***,"",
2,"IO_TEST","","OFF_VOLTAGE_LOW_VIN_1P5V_IO_TM_2",460090,"",1,1,"OFF_PS1600",2,"365","","",0,"<=",0.000714269,"V","<=",0.2,"P",1.5494,***,"",
2,"IO_TEST","","OFF_VOLTAGE_HIGH_VIN_5V_IO_TM_2",460100,"",1,1,"OFF_PS1600",2,"365","","",1.75,"<=",1.7904,"V","<=",1.85,"P",1.5494,***,"",
2,"IO_TEST","","OFF_VOLTAGE_LOW_FCB_0V_IO_TM_3",460050,"",1,1,"OFF_PS1600",2,"365","","",0,"<=",0.000657,"V","<=",0.2,"P",1.5494,***,"",
2,"IO_TEST","","OFF_VOLTAGE_HIGH_FCB_1P8V_IO_TM_3",460060,"",1,1,"OFF_PS1600",2,"365","","",1.75,"<=",1.79079,"V","<=",1.85,"P",1.5494,***,"",
2,"IO_TEST","","OFF_VOLTAGE_LOW_FCB_0V_IO_TM_4",460110,"",1,1,"OFF_PS1600",2,"365","","",0,"<=",0.000771,"V","<=",0.2,"P",1.5494,***,"",
2,"IO_TEST","","OFF_VOLTAGE_HIGH_FCB_1P8V_IO_TM_4",460120,"",1,1,"OFF_PS1600",2,"365","","",1.75,"<=",1.79079,"V","<=",1.85,"P",1.5494,***,"",
2,"SS_Threshold_Test","","VSS_T",210010,"",1,1,"SS_DPS128",2,"365","","",0.96,"<=",1.03,"V","<=",1.095,"P",0.550171,***,"",
2,"UVLO_Threshold","","UVLO_RISING_VDD",350010,"",1,1,"VDD",2,"365","","",2.2,"<=",2.73146,"V","<=",2.9,"P",7.02241,***,"",
2,"UVLO_Threshold","","UVLO_FALLING_VDD",350020,"",1,1,"VDD",2,"365","","",2.2,"<=",2.51643,"V","<=",2.8,"P",7.02241,***,"",
2,"UVLO_Threshold","","UVLO_HYSTERISIS",350030,"",1,1,"VDD",2,"365","","",0.12,"<=",0.21503,"V","<=",0.5,"P",7.02241,***,"",
2,"UVLO_Threshold","","UVLO_RISING_VIN",350040,"",1,1,"VIN1",2,"365","","",2.5,"<=",2.58617,"V","<=",2.88,"P",7.02241,***,"",
2,"UVLO_Threshold","","UVLO_FALLING_VIN",350050,"",1,1,"VIN1",2,"365","","",2.35,"<=",2.48156,"V","<=",2.7,"P",7.02241,***,"",
2,"UVLO_Threshold","","UVLO_HYSTERISIS_VIN",350060,"",1,1,"VIN1",2,"365","","",0.07,"<=",0.104609,"V","<=",0.3,"P",7.02241,***,"",
2,"EN_Rise_Fall_Hysteresis","","EN_RISING_VDD",360010,"",1,1,"EN",2,"365","","",0.65,"<=",0.721443,"V","<=",0.8,"P",0.882836,***,"",
2,"EN_Rise_Fall_Hysteresis","","EN_FALLING_VDD",360020,"",1,1,"EN",2,"365","","",0.6,"<=",0.679359,"V","<=",0.75,"P",0.882836,***,"",
2,"EN_Rise_Fall_Hysteresis","","EN_HYSTERISIS",360030,"",1,1,"EN",2,"365","","",0.025,"<=",0.0420842,"V","<=",0.06,"P",0.882836,***,"",
2,"FCB_Rise_Fall_Hysteresis","","FCB_RISING_VDD",370010,"",1,1,"FCB_PS1600",2,"365","","",0.65,"<=",0.714765,"V","<=",0.8,"P",0.71379,***,"",
2,"FCB_Rise_Fall_Hysteresis","","FCB_FALLING_VDD",370020,"",1,1,"FCB_PS1600",2,"365","","",0.6,"<=",0.674497,"V","<=",0.75,"P",0.71379,***,"",
2,"FCB_Rise_Fall_Hysteresis","","FCB_HYSTERISIS",370030,"",1,1,"FCB_PS1600",2,"365","","",0.025,"<=",0.0402685,"V","<=",0.06,"P",0.71379,***,"",
2,"Output_characteristics_functional","","FAULTB_VOL_100UA",380010,"",1,1,"FAULTB_PS1600",2,"365","","",0,"<=",2.137,"mV","<=",5,"P",0.422935,***,"",
2,"Output_characteristics_functional","","FAULTB_VOL_2MA",380020,"",1,1,"FAULTB_PS1600",2,"365","","",0,"<=",26.042,"mV","<=",35,"P",0.422935,***,"",
2,"Output_characteristics_functional","","OFF_VOH_100UA",380030,"",1,1,"OFF_PS1600",2,"365","","",1.75,"<=",1.78476,"V","<=",1.85,"P",0.422935,***,"",
2,"Output_characteristics_functional","","OFF_VOL_100UA",380040,"",1,1,"OFF_PS1600",2,"365","","",0,"<=",5.211,"mV","<=",6,"P",0.422935,***,"",
2,"Output_characteristics_functional","","OFF_VOL_2MA",380050,"",1,1,"OFF_PS1600",2,"365","","",20,"<=",80.568,"mV","<=",100,"P",0.422935,***,"",
2,"OVST","","GATE_DRIVE_MAIN_FET_PRE",1300010,"",1,1,"OFF_PS1600",2,"365","","",1.65,"<=",1.81294,"V","<=",1.85,"P",0.534236,***,"",
2,"OVST","","OVST",1300020,"",1,1,"OFF_PS1600",2,"365","","",2.7,"<=",2.85919,"V","<=",3,"P",0.534236,***,"",
2,"OVST","","GATE_DRIVE_MAIN_FET_POST",1300030,"",1,1,"OFF_PS1600",2,"365","","",1.25,"<=",1.35363,"V","<=",1.4,"P",0.534236,***,"",
2,"Post_PintoPin_Leakage","","PIN_TO_PIN_POS_LEAKAGE_PIN",700010,"",1,1,"FAULTB_PS1600",2,"365","","",-200,"<=",-7.00236,"nA","<=",200,"P",0.886031,***,"",
2,"Post_PintoPin_Leakage","","PIN_TO_PIN_NEG_LEAKAGE_PIN",700110,"",1,1,"FAULTB_PS1600",2,"365","","",-200,"<=",-7.00236,"nA","<=",200,"P",0.886031,***,"",
2,"Post_PintoPin_Leakage","","DELTA_POS",700210,"",1,1,"FAULTB_PS1600",2,"365","","",-50,"<=",0.812501,"nA","<=",50,"P",0.886031,***,"",
2,"Post_PintoPin_Leakage","","DELTA_NEG",700220,"",1,1,"FAULTB_PS1600",2,"365","","",-50,"<=",0.203125,"nA","<=",50,"P",0.886031,***,"",
2,"Post_PintoPin_Leakage","","PIN_TO_PIN_POS_LEAKAGE_PIN",700020,"",1,1,"ITRIP_PS1600",2,"365","","",-200,"<=",-12.6612,"nA","<=",200,"P",0.886031,***,"",
2,"Post_PintoPin_Leakage","","PIN_TO_PIN_NEG_LEAKAGE_PIN",700120,"",1,1,"ITRIP_PS1600",2,"365","","",-200,"<=",-12.6612,"nA","<=",200,"P",0.886031,***,"",
2,"Post_PintoPin_Leakage","","DELTA_POS",700210,"",1,1,"ITRIP_PS1600",2,"365","","",-50,"<=",0.101665,"nA","<=",50,"P",0.886031,***,"",
2,"Post_PintoPin_Leakage","","DELTA_NEG",700220,"",1,1,"ITRIP_PS1600",2,"365","","",-50,"<=",-1.62663,"nA","<=",50,"P",0.886031,***,"",
2,"Post_PintoPin_Leakage","","PIN_TO_PIN_POS_LEAKAGE_PIN",700030,"",1,1,"OFF_PS1600",2,"365","","",-200,"<=",-9.71372,"nA","<=",200,"P",0.886031,***,"",
2,"Post_PintoPin_Leakage","","PIN_TO_PIN_NEG_LEAKAGE_PIN",700130,"",1,1,"OFF_PS1600",2,"365","","",-200,"<=",-9.71372,"nA","<=",200,"P",0.886031,***,"",
2,"Post_PintoPin_Leakage","","DELTA_POS",700210,"",1,1,"OFF_PS1600",2,"365","","",-50,"<=",-0.05118,"nA","<=",50,"P",0.886031,***,"",
2,"Post_PintoPin_Leakage","","DELTA_NEG",700220,"",1,1,"OFF_PS1600",2,"365","","",-50,"<=",-0.562981,"nA","<=",50,"P",0.886031,***,"",
2,"Post_PintoPin_Leakage","","PIN_TO_PIN_POS_LEAKAGE_PIN",700040,"",1,1,"SS_PS1600",2,"365","","",-200,"<=",-13.7029,"nA","<=",200,"P",0.886031,***,"",
2,"Post_PintoPin_Leakage","","PIN_TO_PIN_NEG_LEAKAGE_PIN",700140,"",1,1,"SS_PS1600",2,"365","","",-200,"<=",-13.7029,"nA","<=",200,"P",0.886031,***,"",
2,"Post_PintoPin_Leakage","","DELTA_POS",700210,"",1,1,"SS_PS1600",2,"365","","",-50,"<=",0.153232,"nA","<=",50,"P",0.886031,***,"",
2,"Post_PintoPin_Leakage","","DELTA_NEG",700220,"",1,1,"SS_PS1600",2,"365","","",-50,"<=",-0.510772,"nA","<=",50,"P",0.886031,***,"",
2,"Post_PintoPin_Leakage","","PIN_TO_PIN_POS_LEAKAGE_PIN",700050,"",1,1,"VIN1",2,"365","","",10,"<=",297.958,"nA","<=",500,"P",0.886031,***,"",
2,"Post_PintoPin_Leakage","","PIN_TO_PIN_NEG_LEAKAGE_PIN",700150,"",1,1,"VIN1",2,"365","","",-500,"<=",-300.479,"nA","<=",-10,"P",0.886031,***,"",
2,"Post_PintoPin_Leakage","","DELTA_POS",700210,"",1,1,"VIN1",2,"365","","",-50,"<=",-4.2528,"nA","<=",50,"P",0.886031,***,"",
2,"Post_PintoPin_Leakage","","DELTA_NEG",700220,"",1,1,"VIN1",2,"365","","",-50,"<=",2.02635,"nA","<=",50,"P",0.886031,***,"",
2,"Post_PintoPin_Leakage","","PIN_TO_PIN_POS_LEAKAGE_PIN",700060,"",1,1,"VOUT1",2,"365","","",10,"<=",300.173,"nA","<=",500,"P",0.886031,***,"",
2,"Post_PintoPin_Leakage","","PIN_TO_PIN_NEG_LEAKAGE_PIN",700160,"",1,1,"VOUT1",2,"365","","",-500,"<=",-303.971,"nA","<=",-10,"P",0.886031,***,"",
2,"Post_PintoPin_Leakage","","DELTA_POS",700210,"",1,1,"VOUT1",2,"365","","",-50,"<=",0.534783,"nA","<=",50,"P",0.886031,***,"",
2,"Post_PintoPin_Leakage","","DELTA_NEG",700220,"",1,1,"VOUT1",2,"365","","",-50,"<=",-4.92219,"nA","<=",50,"P",0.886031,***,"",
2,"Post_PintoPin_Leakage","","PIN_TO_PIN_POS_LEAKAGE_PIN",700070,"",1,1,"EN0_PS1600",2,"365","","",300,"<=",539.525,"nA","<=",700,"P",0.886031,***,"",
2,"Post_PintoPin_Leakage","","PIN_TO_PIN_NEG_LEAKAGE_PIN",700170,"",1,1,"EN0_PS1600",2,"365","","",-700,"<=",-546.057,"nA","<=",-300,"P",0.886031,***,"",
2,"Post_PintoPin_Leakage","","DELTA_POS",700210,"",1,1,"EN0_PS1600",2,"365","","",-50,"<=",0.154046,"nA","<=",50,"P",0.886031,***,"",
2,"Post_PintoPin_Leakage","","DELTA_NEG",700220,"",1,1,"EN0_PS1600",2,"365","","",-50,"<=",-0.821387,"nA","<=",50,"P",0.886031,***,"",
2,"Post_PintoPin_Leakage","","PIN_TO_PIN_POS_LEAKAGE_PIN",700080,"",1,1,"FCB_PS1600",2,"365","","",-200,"<=",-0.211163,"nA","<=",200,"P",0.886031,***,"",
2,"Post_PintoPin_Leakage","","PIN_TO_PIN_NEG_LEAKAGE_PIN",700180,"",1,1,"FCB_PS1600",2,"365","","",-200,"<=",-6.6412,"nA","<=",200,"P",0.886031,***,"",
2,"Post_PintoPin_Leakage","","DELTA_POS",700210,"",1,1,"FCB_PS1600",2,"365","","",-50,"<=",-0.152017,"nA","<=",50,"P",0.886031,***,"",
2,"Post_PintoPin_Leakage","","DELTA_NEG",700220,"",1,1,"FCB_PS1600",2,"365","","",-50,"<=",-0.354705,"nA","<=",50,"P",0.886031,***,"",
2,"Post_PintoPin_Leakage","","PIN_TO_PIN_POS_LEAKAGE_PIN",700090,"",1,1,"ISEN_PS1600",2,"365","","",-200,"<=",0.659821,"nA","<=",200,"P",0.886031,***,"",
2,"Post_PintoPin_Leakage","","PIN_TO_PIN_NEG_LEAKAGE_PIN",700190,"",1,1,"ISEN_PS1600",2,"365","","",-200,"<=",-12.896,"nA","<=",200,"P",0.886031,***,"",
2,"Post_PintoPin_Leakage","","DELTA_POS",700210,"",1,1,"ISEN_PS1600",2,"365","","",-50,"<=",0.664986,"nA","<=",50,"P",0.886031,***,"",
2,"Post_PintoPin_Leakage","","DELTA_NEG",700220,"",1,1,"ISEN_PS1600",2,"365","","",-50,"<=",-1.17651,"nA","<=",50,"P",0.886031,***,"",
2,"Post_PintoPin_Leakage","","PIN_TO_PIN_POS_LEAKAGE_PIN_VBIAS_PS1600",700100,"",1,1,"VBIAS_PS1600",2,"365","","",500,"<=",719,"nA","<=",1000,"P",0.886031,***,"",
2,"Post_PintoPin_Leakage","","PIN_TO_PIN_NEG_LEAKAGE_PIN_VBIAS_PS1600",700200,"",1,1,"VBIAS_PS1600",2,"365","","",-1000,"<=",-799,"nA","<=",-500,"P",0.886031,***,"",
2,"Post_PintoPin_Leakage","","DELTA_POS",700210,"",1,1,"VBIAS_PS1600",2,"365","","",-50,"<=",22,"nA","<=",50,"P",0.886031,***,"",
2,"Post_PintoPin_Leakage","","DELTA_NEG",700220,"",1,1,"VBIAS_PS1600",2,"365","","",-50,"<=",-27,"nA","<=",50,"P",0.886031,***,"",
2,"Post_Contact","","POST_CONTINUITY",400030,"",1,1,"EN0_PS1600",2,"365","","",-500,"<=",-359.966,"mV","<=",-300,"P",0.37378,***,"",
2,"Post_Contact","","Delta",400420,"",1,1,"EN0_PS1600",2,"365","","",-5,"<=",0.568897,"mV","<=",5,"P",0.37378,***,"",
2,"Post_Contact","","POST_CONTINUITY",400020,"",1,1,"FAULTB_PS1600",2,"365","","",-500,"<=",-417.842,"mV","<=",-300,"P",0.37378,***,"",
2,"Post_Contact","","Delta",400420,"",1,1,"FAULTB_PS1600",2,"365","","",-5,"<=",0.68298,"mV","<=",5,"P",0.37378,***,"",
2,"Post_Contact","","POST_CONTINUITY",400050,"",1,1,"FCB_PS1600",2,"365","","",-500,"<=",-359.912,"mV","<=",-300,"P",0.37378,***,"",
2,"Post_Contact","","Delta",400420,"",1,1,"FCB_PS1600",2,"365","","",-5,"<=",0.68298,"mV","<=",5,"P",0.37378,***,"",
2,"Post_Contact","","POST_CONTINUITY",400090,"",1,1,"ISEN_PS1600",2,"365","","",-500,"<=",-343.909,"mV","<=",-300,"P",0.37378,***,"",
2,"Post_Contact","","Delta",400420,"",1,1,"ISEN_PS1600",2,"365","","",-5,"<=",0.284582,"mV","<=",5,"P",0.37378,***,"",
2,"Post_Contact","","POST_CONTINUITY",400080,"",1,1,"ITRIP_PS1600",2,"365","","",-500,"<=",-358.66,"mV","<=",-300,"P",0.37378,***,"",
2,"Post_Contact","","Delta",400420,"",1,1,"ITRIP_PS1600",2,"365","","",-5,"<=",0.569165,"mV","<=",5,"P",0.37378,***,"",
2,"Post_Contact","","POST_CONTINUITY",400040,"",1,1,"OFF_PS1600",2,"365","","",-500,"<=",-355.473,"mV","<=",-300,"P",0.37378,***,"",
2,"Post_Contact","","Delta",400420,"",1,1,"OFF_PS1600",2,"365","","",-5,"<=",0.68301,"mV","<=",5,"P",0.37378,***,"",
2,"Post_Contact","","POST_CONTINUITY",400010,"",1,1,"SS_PS1600",2,"365","","",-500,"<=",-443.479,"mV","<=",-300,"P",0.37378,***,"",
2,"Post_Contact","","Delta",400420,"",1,1,"SS_PS1600",2,"365","","",-5,"<=",0.796854,"mV","<=",5,"P",0.37378,***,"",
2,"Post_Contact","","POST_CONTINUITY",400070,"",1,1,"VBIAS_PS1600",2,"365","","",-500,"<=",-297.929,"mV","<=",-200,"P",0.37378,***,"",
2,"Post_Contact","","Delta",400420,"",1,1,"VBIAS_PS1600",2,"365","","",-5,"<=",0.626087,"mV","<=",5,"P",0.37378,***,"",
2,"Post_Contact","","POST_CONTINUITY",400060,"",1,1,"GND_PS1600",2,"365","","",-500,"<=",-355.861,"mV","<=",-300,"P",0.37378,***,"",
2,"Post_Contact","","POST_CONTINUITY",400180,"",1,1,"VIN1",2,"365","","",-360,"<=",-336.311,"mV","<=",-300,"P",0.37378,***,"",
2,"Post_Contact","","Delta",400420,"",1,1,"VIN1",2,"365","","",-5,"<=",0.284195,"mV","<=",5,"P",0.37378,***,"",
2,"Post_Contact","","POST_CONTINUITY",400190,"",1,1,"VIN2",2,"365","","",-360,"<=",-336.481,"mV","<=",-300,"P",0.37378,***,"",
2,"Post_Contact","","Delta",400420,"",1,1,"VIN2",2,"365","","",-5,"<=",0.150681,"mV","<=",5,"P",0.37378,***,"",
2,"Post_Contact","","POST_CONTINUITY",400200,"",1,1,"VIN3",2,"365","","",-360,"<=",-336.222,"mV","<=",-300,"P",0.37378,***,"",
2,"Post_Contact","","Delta",400420,"",1,1,"VIN3",2,"365","","",-5,"<=",0.711441,"mV","<=",5,"P",0.37378,***,"",
2,"Post_Contact","","POST_CONTINUITY",400210,"",1,1,"VIN4_RS1",2,"365","","",-360,"<=",-336.498,"mV","<=",-300,"P",0.37378,***,"",
2,"Post_Contact","","Delta",400420,"",1,1,"VIN4_RS1",2,"365","","",-5,"<=",0.432968,"mV","<=",5,"P",0.37378,***,"",
2,"Post_Contact","","POST_CONTINUITY",400220,"",1,1,"VIN4_RS2",2,"365","","",-360,"<=",-336.334,"mV","<=",-300,"P",0.37378,***,"",
2,"Post_Contact","","Delta",400420,"",1,1,"VIN4_RS2",2,"365","","",-5,"<=",0.150681,"mV","<=",5,"P",0.37378,***,"",
2,"Post_Contact","","POST_CONTINUITY",400230,"",1,1,"VIN5_RS1",2,"365","","",-360,"<=",-336.414,"mV","<=",-300,"P",0.37378,***,"",
2,"Post_Contact","","Delta",400420,"",1,1,"VIN5_RS1",2,"365","","",-5,"<=",0.642776,"mV","<=",5,"P",0.37378,***,"",
2,"Post_Contact","","POST_CONTINUITY",400240,"",1,1,"VIN5_RS2",2,"365","","",-360,"<=",-336.411,"mV","<=",-300,"P",0.37378,***,"",
2,"Post_Contact","","Delta",400420,"",1,1,"VIN5_RS2",2,"365","","",-5,"<=",0.394821,"mV","<=",5,"P",0.37378,***,"",
2,"Post_Contact","","POST_CONTINUITY",400250,"",1,1,"VIN6",2,"365","","",-360,"<=",-336.353,"mV","<=",-300,"P",0.37378,***,"",
2,"Post_Contact","","Delta",400420,"",1,1,"VIN6",2,"365","","",-5,"<=",0.307083,"mV","<=",5,"P",0.37378,***,"",
2,"Post_Contact","","POST_CONTINUITY",400100,"",1,1,"VOUT1",2,"365","","",-300,"<=",-226.66,"mV","<=",-200,"P",0.37378,***,"",
2,"Post_Contact","","Delta",400420,"",1,1,"VOUT1",2,"365","","",-5,"<=",0.0419617,"mV","<=",5,"P",0.37378,***,"",
2,"Post_Contact","","POST_CONTINUITY",400110,"",1,1,"VOUT2_RS1",2,"365","","",-300,"<=",-226.677,"mV","<=",-200,"P",0.37378,***,"",
2,"Post_Contact","","Delta",400420,"",1,1,"VOUT2_RS1",2,"365","","",-5,"<=",0.295639,"mV","<=",5,"P",0.37378,***,"",
2,"Post_Contact","","POST_CONTINUITY",400120,"",1,1,"VOUT2_RS2",2,"365","","",-300,"<=",-226.519,"mV","<=",-200,"P",0.37378,***,"",
2,"Post_Contact","","Delta",400420,"",1,1,"VOUT2_RS2",2,"365","","",-5,"<=",0.162125,"mV","<=",5,"P",0.37378,***,"",
2,"Post_Contact","","POST_CONTINUITY",400130,"",1,1,"VOUT3_RS1",2,"365","","",-300,"<=",-226.246,"mV","<=",-200,"P",0.37378,***,"",
2,"Post_Contact","","Delta",400420,"",1,1,"VOUT3_RS1",2,"365","","",-5,"<=",0.267029,"mV","<=",5,"P",0.37378,***,"",
2,"Post_Contact","","POST_CONTINUITY",400140,"",1,1,"VOUT3_RS2",2,"365","","",-300,"<=",-226.505,"mV","<=",-200,"P",0.37378,***,"",
2,"Post_Contact","","Delta",400420,"",1,1,"VOUT3_RS2",2,"365","","",-5,"<=",-0.0495911,"mV","<=",5,"P",0.37378,***,"",
2,"Post_Contact","","POST_CONTINUITY",400150,"",1,1,"VOUT4",2,"365","","",-300,"<=",-226.505,"mV","<=",-200,"P",0.37378,***,"",
2,"Post_Contact","","Delta",400420,"",1,1,"VOUT4",2,"365","","",-5,"<=",0.112534,"mV","<=",5,"P",0.37378,***,"",
2,"Post_Contact","","POST_CONTINUITY",400160,"",1,1,"VOUT5",2,"365","","",-300,"<=",-226.234,"mV","<=",-200,"P",0.37378,***,"",
2,"Post_Contact","","Delta",400420,"",1,1,"VOUT5",2,"365","","",-5,"<=",0.406265,"mV","<=",5,"P",0.37378,***,"",
2,"Post_Contact","","POST_CONTINUITY",400170,"",1,1,"VOUT6",2,"365","","",-300,"<=",-226.36,"mV","<=",-200,"P",0.37378,***,"",
2,"Post_Contact","","Delta",400420,"",1,1,"VOUT6",2,"365","","",-5,"<=",0.244141,"mV","<=",5,"P",0.37378,***,"",
3,"CONTINUITY","","CONTINUITY",10030,"",1,1,"EN0_PS1600",3,"384","","",-500,"<=",-358.998,"mV","<=",-300,"P",0.316992,***,"",
3,"CONTINUITY","","CONTINUITY",10020,"",1,1,"FAULTB_PS1600",3,"384","","",-500,"<=",-415.337,"mV","<=",-300,"P",0.316992,***,"",
3,"CONTINUITY","","CONTINUITY",10050,"",1,1,"FCB_PS1600",3,"384","","",-500,"<=",-359.457,"mV","<=",-300,"P",0.316992,***,"",
3,"CONTINUITY","","CONTINUITY",10090,"",1,1,"ISEN_PS1600",3,"384","","",-500,"<=",-344.933,"mV","<=",-300,"P",0.316992,***,"",
3,"CONTINUITY","","CONTINUITY",10080,"",1,1,"ITRIP_PS1600",3,"384","","",-500,"<=",-361.676,"mV","<=",-300,"P",0.316992,***,"",
3,"CONTINUITY","","CONTINUITY",10040,"",1,1,"OFF_PS1600",3,"384","","",-500,"<=",-354.22,"mV","<=",-300,"P",0.316992,***,"",
3,"CONTINUITY","","CONTINUITY",10010,"",1,1,"SS_PS1600",3,"384","","",-500,"<=",-449.455,"mV","<=",-300,"P",0.316992,***,"",
3,"CONTINUITY","","CONTINUITY",10070,"",1,1,"VBIAS_PS1600",3,"384","","",-500,"<=",-299.58,"mV","<=",-200,"P",0.316992,***,"",
3,"CONTINUITY","","CONTINUITY",10060,"",1,1,"GND_PS1600",3,"384","","",-500,"<=",-356.43,"mV","<=",-300,"P",0.316992,***,"",
3,"CONTINUITY","","CONTINUITY",10180,"",1,1,"VIN1",3,"384","","",-360,"<=",-341.257,"mV","<=",-300,"P",0.316992,***,"",
3,"CONTINUITY","","CONTINUITY",10190,"",1,1,"VIN2",3,"384","","",-360,"<=",-341.482,"mV","<=",-300,"P",0.316992,***,"",
3,"CONTINUITY","","CONTINUITY",10200,"",1,1,"VIN3",3,"384","","",-360,"<=",-341.869,"mV","<=",-300,"P",0.316992,***,"",
3,"CONTINUITY","","CONTINUITY",10210,"",1,1,"VIN4_RS1",3,"384","","",-360,"<=",-341.513,"mV","<=",-300,"P",0.316992,***,"",
3,"CONTINUITY","","CONTINUITY",10220,"",1,1,"VIN4_RS2",3,"384","","",-360,"<=",-341.606,"mV","<=",-300,"P",0.316992,***,"",
3,"CONTINUITY","","CONTINUITY",10230,"",1,1,"VIN5_RS1",3,"384","","",-360,"<=",-341.692,"mV","<=",-300,"P",0.316992,***,"",
3,"CONTINUITY","","CONTINUITY",10240,"",1,1,"VIN5_RS2",3,"384","","",-360,"<=",-341.713,"mV","<=",-300,"P",0.316992,***,"",
3,"CONTINUITY","","CONTINUITY",10250,"",1,1,"VIN6",3,"384","","",-360,"<=",-341.547,"mV","<=",-300,"P",0.316992,***,"",
3,"CONTINUITY","","CONTINUITY",10100,"",1,1,"VOUT1",3,"384","","",-300,"<=",-226.501,"mV","<=",-200,"P",0.316992,***,"",
3,"CONTINUITY","","CONTINUITY",10110,"",1,1,"VOUT2_RS1",3,"384","","",-300,"<=",-226.32,"mV","<=",-200,"P",0.316992,***,"",
3,"CONTINUITY","","CONTINUITY",10120,"",1,1,"VOUT2_RS2",3,"384","","",-300,"<=",-226.583,"mV","<=",-200,"P",0.316992,***,"",
3,"CONTINUITY","","CONTINUITY",10130,"",1,1,"VOUT3_RS1",3,"384","","",-300,"<=",-226.629,"mV","<=",-200,"P",0.316992,***,"",
3,"CONTINUITY","","CONTINUITY",10140,"",1,1,"VOUT3_RS2",3,"384","","",-300,"<=",-226.494,"mV","<=",-200,"P",0.316992,***,"",
3,"CONTINUITY","","CONTINUITY",10150,"",1,1,"VOUT4",3,"384","","",-300,"<=",-226.458,"mV","<=",-200,"P",0.316992,***,"",
3,"CONTINUITY","","CONTINUITY",10160,"",1,1,"VOUT5",3,"384","","",-300,"<=",-226.221,"mV","<=",-200,"P",0.316992,***,"",
3,"CONTINUITY","","CONTINUITY",10170,"",1,1,"VOUT6",3,"384","","",-300,"<=",-226.639,"mV","<=",-200,"P",0.316992,***,"",
3,"Pin_to_Pin_Leakage","","PIN_TO_PIN_POS_LEAKAGE_PIN",20010,"",1,1,"FAULTB_PS1600",3,"384","","",-200,"<=",-7.35783,"nA","<=",200,"P",0.513109,***,"",
3,"Pin_to_Pin_Leakage","","PIN_TO_PIN_NEG_LEAKAGE_PIN",20110,"",1,1,"FAULTB_PS1600",3,"384","","",-200,"<=",-7.35783,"nA","<=",200,"P",0.513109,***,"",
3,"Pin_to_Pin_Leakage","","PIN_TO_PIN_POS_LEAKAGE_PIN",20020,"",1,1,"ITRIP_PS1600",3,"384","","",-200,"<=",-11.8479,"nA","<=",200,"P",0.513109,***,"",
3,"Pin_to_Pin_Leakage","","PIN_TO_PIN_NEG_LEAKAGE_PIN",20120,"",1,1,"ITRIP_PS1600",3,"384","","",-200,"<=",-11.8479,"nA","<=",200,"P",0.513109,***,"",
3,"Pin_to_Pin_Leakage","","PIN_TO_PIN_POS_LEAKAGE_PIN",20030,"",1,1,"OFF_PS1600",3,"384","","",-200,"<=",-10.1232,"nA","<=",200,"P",0.513109,***,"",
3,"Pin_to_Pin_Leakage","","PIN_TO_PIN_NEG_LEAKAGE_PIN",20130,"",1,1,"OFF_PS1600",3,"384","","",-200,"<=",-10.1232,"nA","<=",200,"P",0.513109,***,"",
3,"Pin_to_Pin_Leakage","","PIN_TO_PIN_POS_LEAKAGE_PIN",20040,"",1,1,"SS_PS1600",3,"384","","",-200,"<=",-13.4475,"nA","<=",200,"P",0.513109,***,"",
3,"Pin_to_Pin_Leakage","","PIN_TO_PIN_NEG_LEAKAGE_PIN",20140,"",1,1,"SS_PS1600",3,"384","","",-200,"<=",-13.4475,"nA","<=",200,"P",0.513109,***,"",
3,"Pin_to_Pin_Leakage","","PIN_TO_PIN_POS_LEAKAGE_PIN",20050,"",1,1,"VIN1",3,"384","","",10,"<=",301.687,"nA","<=",500,"P",0.513109,***,"",
3,"Pin_to_Pin_Leakage","","PIN_TO_PIN_NEG_LEAKAGE_PIN",20150,"",1,1,"VIN1",3,"384","","",-500,"<=",-295.164,"nA","<=",-10,"P",0.513109,***,"",
3,"Pin_to_Pin_Leakage","","PIN_TO_PIN_POS_LEAKAGE_PIN",20060,"",1,1,"VOUT1",3,"384","","",10,"<=",295.331,"nA","<=",500,"P",0.513109,***,"",
3,"Pin_to_Pin_Leakage","","PIN_TO_PIN_NEG_LEAKAGE_PIN",20160,"",1,1,"VOUT1",3,"384","","",-500,"<=",-300.195,"nA","<=",-10,"P",0.513109,***,"",
3,"Pin_to_Pin_Leakage","","PIN_TO_PIN_POS_LEAKAGE_PIN",20070,"",1,1,"EN0_PS1600",3,"384","","",300,"<=",516.269,"nA","<=",700,"P",0.513109,***,"",
3,"Pin_to_Pin_Leakage","","PIN_TO_PIN_NEG_LEAKAGE_PIN",20170,"",1,1,"EN0_PS1600",3,"384","","",-700,"<=",-523.161,"nA","<=",-300,"P",0.513109,***,"",
3,"Pin_to_Pin_Leakage","","PIN_TO_PIN_POS_LEAKAGE_PIN",20080,"",1,1,"FCB_PS1600",3,"384","","",-200,"<=",-0.515196,"nA","<=",200,"P",0.513109,***,"",
3,"Pin_to_Pin_Leakage","","PIN_TO_PIN_NEG_LEAKAGE_PIN",20180,"",1,1,"FCB_PS1600",3,"384","","",-200,"<=",-6.89456,"nA","<=",200,"P",0.513109,***,"",
3,"Pin_to_Pin_Leakage","","PIN_TO_PIN_POS_LEAKAGE_PIN",20090,"",1,1,"ISEN_PS1600",3,"384","","",-200,"<=",1.01789,"nA","<=",200,"P",0.513109,***,"",
3,"Pin_to_Pin_Leakage","","PIN_TO_PIN_NEG_LEAKAGE_PIN",20190,"",1,1,"ISEN_PS1600",3,"384","","",-200,"<=",-12.8449,"nA","<=",200,"P",0.513109,***,"",
3,"Pin_to_Pin_Leakage","","PIN_TO_PIN_POS_LEAKAGE_PIN_VBIAS_PS1600",20100,"",1,1,"VBIAS_PS1600",3,"384","","",500,"<=",730,"nA","<=",1000,"P",0.513109,***,"",
3,"Pin_to_Pin_Leakage","","PIN_TO_PIN_NEG_LEAKAGE_PIN_VBIAS_PS1600",20200,"",1,1,"VBIAS_PS1600",3,"384","","",-1000,"<=",-802,"nA","<=",-500,"P",0.513109,***,"",
3,"IVDDFL_IVINFL_RONFL","","RON_200mAVDD_5_VIN_5_20V_Part",90050,"",1,1,"VIN1",3,"384","","",0.01,"<=",0.022767,"ohm","<=",0.03,"P",0.0955313,***,"",
3,"IVDDFL_IVINFL_RONFL","","DEVICE_VARIENT_TRUE",90060,"",1,1,"VIN1",3,"384","","",0.5,"<=",1,"","<=",1.5,"P",0.0955313,***,"",
3,"Fuse_Burn_Check","","BANKA_BIT5_BLOWN_TRUE",1000001,"",1,1,"OFF_PS1600",3,"384","","",0,"<=",0,"","<=",1,"P",0.15902,***,"",
3,"Gross_Functional_EN_FCB_FAULTB_OFF","","EN_FCB_LOW_VOUT_LOW",30010,"",1,1,"VOUT4",3,"384","","",-0.001,"<=",0.000171661,"V","<=",1,"P",0.320704,***,"",
3,"Gross_Functional_EN_FCB_FAULTB_OFF","","EN_FCB_LOW_OFF_HIGH",30020,"",1,1,"OFF_PS1600",3,"384","","",1.6,"<=",1.94111,"V","<=",2.3,"P",0.320704,***,"",
3,"Gross_Functional_EN_FCB_FAULTB_OFF","","FCB_LOW_VOUT_LOW",30030,"",1,1,"VOUT4",3,"384","","",-0.001,"<=",0.00162506,"V","<=",0.5,"P",0.320704,***,"",
3,"Gross_Functional_EN_FCB_FAULTB_OFF","","FCB_LOW_OFF_HIGH",30040,"",1,1,"OFF_PS1600",3,"384","","",1.6,"<=",1.94185,"V","<=",2.3,"P",0.320704,***,"",
3,"Gross_Functional_EN_FCB_FAULTB_OFF","","EN_LOW_VOUT_LOW",30050,"",1,1,"VOUT4",3,"384","","",-0.001,"<=",9.72748e-05,"V","<=",0.5,"P",0.320704,***,"",
3,"Gross_Functional_EN_FCB_FAULTB_OFF","","EN_LOW_OFF_HIGH",30060,"",1,1,"OFF_PS1600",3,"384","","",1.6,"<=",1.94083,"V","<=",2.3,"P",0.320704,***,"",
3,"Gross_Functional_EN_FCB_FAULTB_OFF","","EN_FCB_HIGH_VOUT_HIGH",30070,"",1,1,"VOUT4",3,"384","","",4.85,"<=",4.99981,"V","<=",5.1,"P",0.320704,***,"",
3,"Gross_Functional_EN_FCB_FAULTB_OFF","","EN_FCB_HIGH_OFF_LOW",30080,"",1,1,"OFF_PS1600",3,"384","","",-0.001,"<=",0.000657352,"V","<=",0.5,"P",0.320704,***,"",
3,"Gross_Functional_EN_FCB_FAULTB_OFF","","FAULT_SET_VOUT_LOW",30090,"",1,1,"VOUT4",3,"384","","",-0.001,"<=",0.00019455,"V","<=",0.5,"P",0.320704,***,"",
3,"Gross_Functional_EN_FCB_FAULTB_OFF","","FAULT_SET_OFF_HIGH",30100,"",1,1,"OFF_PS1600",3,"384","","",1.6,"<=",1.98636,"V","<=",2.3,"P",0.320704,***,"",
3,"Gross_Functional_EN_FCB_FAULTB_OFF","","FAULT_RESET_VOUT_HIGH",30110,"",1,1,"VOUT4",3,"384","","",4.85,"<=",5.0001,"V","<=",5.1,"P",0.320704,***,"",
3,"Gross_Functional_EN_FCB_FAULTB_OFF","","FAULT_RESET_OFF_LOW",30120,"",1,1,"OFF_PS1600",3,"384","","",0,"<=",0.000657352,"V","<=",0.5,"P",0.320704,***,"",
3,"Output_disabled_leakage","","IVDDDIS_VDD_3_VIN_3",40010,"",1,1,"VDD",3,"384","","",10,"<=",108.677,"uA","<=",166.5,"P",0.13908,***,"",
3,"Output_disabled_leakage","","IVINDIS_VDD_3_VIN_3",40050,"",1,1,"VIN1",3,"384","","",10,"<=",70.7991,"uA","<=",166.5,"P",0.13908,***,"",
3,"Output_disabled_leakage","","IOFF_VDD_3_VIN_3",40090,"",1,1,"VOUT4",3,"384","","",-14,"<=",-1.49895,"uA","<=",11,"P",0.13908,***,"",
3,"Output_disabled_leakage","","IVDDDIS_VDD_3_VIN_20",40020,"",1,1,"VDD",3,"384","","",10,"<=",107.737,"uA","<=",166.5,"P",0.13908,***,"",
3,"Output_disabled_leakage","","IVINDIS_VDD_3_VIN_20",40060,"",1,1,"VIN1",3,"384","","",10,"<=",99.9235,"uA","<=",166.5,"P",0.13908,***,"",
3,"Output_disabled_leakage","","IOFF_VDD_3_VIN_20",40100,"",1,1,"VOUT4",3,"384","","",-14,"<=",-1.32844,"uA","<=",11,"P",0.13908,***,"",
3,"Output_disabled_leakage","","IVINVDD0_VIN_3",40130,"",1,1,"VIN1",3,"384","","",10,"<=",68.8005,"uA","<=",166.5,"P",0.13908,***,"",
3,"Output_disabled_leakage","","IOFFVDD0_VIN_3",40150,"",1,1,"VOUT4",3,"384","","",-14,"<=",-1.20568,"uA","<=",11,"P",0.13908,***,"",
3,"Output_disabled_leakage","","IVDDDIS_VDD_20_VIN_3",40030,"",1,1,"VDD",3,"384","","",10,"<=",156.19,"uA","<=",166.5,"P",0.13908,***,"",
3,"Output_disabled_leakage","","IVINDIS_VDD_20_VIN_3",40070,"",1,1,"VIN1",3,"384","","",10,"<=",73.2997,"uA","<=",166.5,"P",0.13908,***,"",
3,"Output_disabled_leakage","","IOFF_VDD_20_VIN_3",40110,"",1,1,"VOUT4",3,"384","","",-14,"<=",-1.53242,"uA","<=",11,"P",0.13908,***,"",
3,"Output_disabled_leakage","","IVDDDIS_VDD_20_VIN_20",40040,"",1,1,"VDD",3,"384","","",10,"<=",142.233,"uA","<=",166.5,"P",0.13908,***,"",
3,"Output_disabled_leakage","","IVINDIS_VDD_20_VIN_20",40080,"",1,1,"VIN1",3,"384","","",10,"<=",104.185,"uA","<=",166.5,"P",0.13908,***,"",
3,"Output_disabled_leakage","","IOFF_VDD_20_VIN_20",40120,"",1,1,"VOUT4",3,"384","","",-14,"<=",-1.20803,"uA","<=",11,"P",0.13908,***,"",
3,"Output_disabled_leakage","","IVINVDD0_VIN_20",40140,"",1,1,"VIN1",3,"384","","",10,"<=",122.419,"uA","<=",166.5,"P",0.13908,***,"",
3,"Output_disabled_leakage","","IOFFVDD0_VIN_20",40160,"",1,1,"VOUT4",3,"384","","",-14,"<=",-2.10246,"uA","<=",11,"P",0.13908,***,"",
3,"EN_pullup_resistor","","EN0V_PULLUP_RES",50010,"",1,1,"EN0_PS1600",3,"384","","",155,"<=",194.463,"Kohm","<=",230,"P",0.0726727,***,"",
3,"EN_pullup_resistor","","EN1V_PULLUP_RES",50020,"",1,1,"EN0_PS1600",3,"384","","",155,"<=",195.174,"Kohm","<=",230,"P",0.0726727,***,"",
3,"EN_pullup_resistor","","EN0V_Current",50030,"",1,1,"EN0_PS1600",3,"384","","",-11,"<=",-9.25627,"uA","<=",-7,"P",0.0726727,***,"",
3,"EN_pullup_resistor","","EN1V_Current",50040,"",1,1,"EN0_PS1600",3,"384","","",-5.5,"<=",-4.09891,"uA","<=",-3,"P",0.0726727,***,"",
3,"Leakage_Test","","IOFF_REVERSE_VOUT_VIN_LEAKAGE_1mA",60030,"",1,1,"VIN",3,"384","","",-331,"<=",-267.866,"mV","<=",-205,"P",0.0784865,***,"",
3,"Leakage_Test","","IOFF_REVERSE_VOUT_VIN_LEAKAGE_10mA",60040,"",1,1,"VIN",3,"384","","",-340,"<=",-330.173,"mV","<=",-205,"P",0.0784865,***,"",
3,"Leakage_Test","","IOFF_REVERSE_VOUT_VIN_LEAKAGE_100mA",60050,"",1,1,"VIN",3,"384","","",-331,"<=",-208.994,"mV","<=",-205,"P",0.0784865,***,"",
3,"Nominal_Input_pin_Leakages","","LEAKAGE",70010,"",1,1,"EN0_PS1600",3,"384","","",10,"<=",25.3142,"uA","<=",40,"P",0.26063,***,"",
3,"Nominal_Input_pin_Leakages","","LEAKAGE",70060,"",1,1,"FAULTB_PS1600",3,"384","","",-0.2,"<=",0.00794626,"uA","<=",0.2,"P",0.26063,***,"",
3,"Nominal_Input_pin_Leakages","","LEAKAGE",70020,"",1,1,"FCB_PS1600",3,"384","","",-0.5,"<=",-0.0385863,"uA","<=",0.5,"P",0.26063,***,"",
3,"Nominal_Input_pin_Leakages","","LEAKAGE",70040,"",1,1,"ISEN_PS1600",3,"384","","",24,"<=",26.4456,"uA","<=",50,"P",0.26063,***,"",
3,"Nominal_Input_pin_Leakages","","LEAKAGE",70030,"",1,1,"ITRIP_PS1600",3,"384","","",14,"<=",16.5275,"uA","<=",25,"P",0.26063,***,"",
3,"Nominal_Input_pin_Leakages","","LEAKAGE",70080,"",1,1,"OFF_PS1600",3,"384","","",-0.2,"<=",0.175883,"uA","<=",0.5,"P",0.26063,***,"",
3,"Nominal_Input_pin_Leakages","","LEAKAGE",70050,"",1,1,"SS_PS1600",3,"384","","",20,"<=",50.0826,"uA","<=",70,"P",0.26063,***,"",
3,"Nominal_Input_pin_Leakages","","LEAKAGE",70070,"",1,1,"VBIAS_PS1600",3,"384","","",5,"<=",27.3194,"uA","<=",40,"P",0.26063,***,"",
3,"Nominal_Input_pin_Leakages","","LEAKAGE_2V",70090,"",1,1,"OFF_PS1600",3,"384","","",-0.5,"<=",0.118968,"uA","<=",0.5,"P",0.26063,***,"",
3,"Output_enabled_leakage","","IVDD_VDD_3_Vin_3",80001,"",1,1,"VDD",3,"384","","",10,"<=",102.635,"uA","<=",130,"P",0.547819,***,"",
3,"Output_enabled_leakage","","IVIN_VDD_3_Vin_3",80005,"",1,1,"VIN1",3,"384","","",10,"<=",54.2589,"uA","<=",75,"P",0.547819,***,"",
3,"Output_enabled_leakage","","IVDD_VDD_3_Vin_20",80010,"",1,1,"VDD",3,"384","","",10,"<=",103.476,"uA","<=",150,"P",0.547819,***,"",
3,"Output_enabled_leakage","","IVIN_VDD_3_Vin_20",80014,"",1,1,"VIN1",3,"384","","",10,"<=",90.1381,"uA","<=",120,"P",0.547819,***,"",
3,"Output_enabled_leakage","","IVDD_VDD_20_Vin_3",80011,"",1,1,"VDD",3,"384","","",10,"<=",115.978,"uA","<=",150,"P",0.547819,***,"",
3,"Output_enabled_leakage","","IVIN_VDD_20_Vin_3",80015,"",1,1,"VIN1",3,"384","","",10,"<=",55.009,"uA","<=",75,"P",0.547819,***,"",
3,"Output_enabled_leakage","","IVDD_VDD_20_Vin_20",80012,"",1,1,"VDD",3,"384","","",10,"<=",125.162,"uA","<=",175,"P",0.547819,***,"",
3,"Output_enabled_leakage","","IVIN_VDD_20_Vin_20",80016,"",1,1,"VIN1",3,"384","","",10,"<=",88.3574,"uA","<=",120,"P",0.547819,***,"",
3,"SCAN","","Scan_test",330010,"_rdi_burst_SCAN_bk4_mp",1,1,"@",3,"384","","",***,"",***," ","",***,"P",0.079737,***,"",
3,"Logic","","Logic_test",340010,"_rdi_burst_Logic_bk6_mp",1,1,"@",3,"384","","",***,"",***," ","",***,"P",0.300591,***,"",
3,"Vreftrim","","VBIAS_VALUE_CODE0",180020,"",1,1,"VBIAS_PS1600",3,"384","","",1.5,"<=",1.94009,"V","<=",2.5,"P",2.20645,***,"",
3,"Vreftrim","","VBIAS_VALUE_CODE1",180030,"",1,1,"VBIAS_PS1600",3,"384","","",1.5,"<=",1.95864,"V","<=",2.5,"P",2.20645,***,"",
3,"Vreftrim","","VBIAS_VALUE_CODE2",180040,"",1,1,"VBIAS_PS1600",3,"384","","",1.5,"<=",1.97816,"V","<=",2.5,"P",2.20645,***,"",
3,"Vreftrim","","VBIAS_VALUE_CODE3",180050,"",1,1,"VBIAS_PS1600",3,"384","","",1.5,"<=",1.99786,"V","<=",2.5,"P",2.20645,***,"",
3,"Vreftrim","","VBIAS_VALUE_CODE4",180060,"",1,1,"VBIAS_PS1600",3,"384","","",1.5,"<=",2.01835,"V","<=",2.5,"P",2.20645,***,"",
3,"Vreftrim","","VBIAS_VALUE_CODE5",180070,"",1,1,"VBIAS_PS1600",3,"384","","",1.5,"<=",2.03781,"V","<=",2.5,"P",2.20645,***,"",
3,"Vreftrim","","VBIAS_VALUE_CODE6",180080,"",1,1,"VBIAS_PS1600",3,"384","","",1.5,"<=",2.05733,"V","<=",2.5,"P",2.20645,***,"",
3,"Vreftrim","","VBIAS_VALUE_CODE7",180090,"",1,1,"VBIAS_PS1600",3,"384","","",1.5,"<=",2.07674,"V","<=",2.5,"P",2.20645,***,"",
3,"Vreftrim","","VBIAS_VALUE_CODE8",180100,"",1,1,"VBIAS_PS1600",3,"384","","",1.5,"<=",2.09803,"V","<=",2.5,"P",2.20645,***,"",
3,"Vreftrim","","VBIAS_VALUE_CODE9",180110,"",1,1,"VBIAS_PS1600",3,"384","","",1.5,"<=",2.11738,"V","<=",2.5,"P",2.20645,***,"",
3,"Vreftrim","","VBIAS_VALUE_CODE10",180120,"",1,1,"VBIAS_PS1600",3,"384","","",1.5,"<=",2.13696,"V","<=",2.5,"P",2.20645,***,"",
3,"Vreftrim","","VBIAS_VALUE_CODE11",180130,"",1,1,"VBIAS_PS1600",3,"384","","",1.5,"<=",2.15626,"V","<=",2.5,"P",2.20645,***,"",
3,"Vreftrim","","VBIAS_VALUE_CODE12",180140,"",1,1,"VBIAS_PS1600",3,"384","","",1.5,"<=",2.17635,"V","<=",2.5,"P",2.20645,***,"",
3,"Vreftrim","","VBIAS_VALUE_CODE13",180150,"",1,1,"VBIAS_PS1600",3,"384","","",1.5,"<=",2.19547,"V","<=",2.5,"P",2.20645,***,"",
3,"Vreftrim","","VBIAS_VALUE_CODE14",180160,"",1,1,"VBIAS_PS1600",3,"384","","",1.5,"<=",2.21516,"V","<=",2.5,"P",2.20645,***,"",
3,"Vreftrim","","VBIAS_VALUE_CODE15",180170,"",1,1,"VBIAS_PS1600",3,"384","","",1.5,"<=",2.23423,"V","<=",2.5,"P",2.20645,***,"",
3,"Vreftrim","","VBIAS_VALUE_CODE16",180180,"",1,1,"VBIAS_PS1600",3,"384","","",1.5,"<=",1.61976,"V","<=",2.5,"P",2.20645,***,"",
3,"Vreftrim","","VBIAS_VALUE_CODE17",180190,"",1,1,"VBIAS_PS1600",3,"384","","",1.5,"<=",1.63951,"V","<=",2.5,"P",2.20645,***,"",
3,"Vreftrim","","VBIAS_VALUE_CODE18",180200,"",1,1,"VBIAS_PS1600",3,"384","","",1.5,"<=",1.65892,"V","<=",2.5,"P",2.20645,***,"",
3,"Vreftrim","","VBIAS_VALUE_CODE19",180210,"",1,1,"VBIAS_PS1600",3,"384","","",1.5,"<=",1.67856,"V","<=",2.5,"P",2.20645,***,"",
3,"Vreftrim","","VBIAS_VALUE_CODE20",180220,"",1,1,"VBIAS_PS1600",3,"384","","",1.5,"<=",1.69916,"V","<=",2.5,"P",2.20645,***,"",
3,"Vreftrim","","VBIAS_VALUE_CODE21",180230,"",1,1,"VBIAS_PS1600",3,"384","","",1.5,"<=",1.71868,"V","<=",2.5,"P",2.20645,***,"",
3,"Vreftrim","","VBIAS_VALUE_CODE22",180240,"",1,1,"VBIAS_PS1600",3,"384","","",1.5,"<=",1.73837,"V","<=",2.5,"P",2.20645,***,"",
3,"Vreftrim","","VBIAS_VALUE_CODE23",180250,"",1,1,"VBIAS_PS1600",3,"384","","",1.5,"<=",1.75824,"V","<=",2.5,"P",2.20645,***,"",
3,"Vreftrim","","VBIAS_VALUE_CODE24",180260,"",1,1,"VBIAS_PS1600",3,"384","","",1.5,"<=",1.77981,"V","<=",2.5,"P",2.20645,***,"",
3,"Vreftrim","","VBIAS_VALUE_CODE25",180270,"",1,1,"VBIAS_PS1600",3,"384","","",1.5,"<=",1.79939,"V","<=",2.5,"P",2.20645,***,"",
3,"Vreftrim","","VBIAS_VALUE_CODE26",180280,"",1,1,"VBIAS_PS1600",3,"384","","",1.5,"<=",1.81948,"V","<=",2.5,"P",2.20645,***,"",
3,"Vreftrim","","VBIAS_VALUE_CODE27",180290,"",1,1,"VBIAS_PS1600",3,"384","","",1.5,"<=",1.83872,"V","<=",2.5,"P",2.20645,***,"",
3,"Vreftrim","","VBIAS_VALUE_CODE28",180300,"",1,1,"VBIAS_PS1600",3,"384","","",1.5,"<=",1.85921,"V","<=",2.5,"P",2.20645,***,"",
3,"Vreftrim","","VBIAS_VALUE_CODE29",180310,"",1,1,"VBIAS_PS1600",3,"384","","",1.5,"<=",1.87896,"V","<=",2.5,"P",2.20645,***,"",
3,"Vreftrim","","VBIAS_VALUE_CODE30",180320,"",1,1,"VBIAS_PS1600",3,"384","","",1.5,"<=",1.89871,"V","<=",2.5,"P",2.20645,***,"",
3,"Vreftrim","","VBIAS_VALUE_CODE31",180330,"",1,1,"VBIAS_PS1600",3,"384","","",1.5,"<=",1.91795,"V","<=",2.5,"P",2.20645,***,"",
3,"Vreftrim","","VREF_TRIM_CODE",180010,"",1,1,"VBIAS_PS1600",3,"384","","",0,"<=",25,"Code","<=",31,"P",2.20645,***,"",
3,"Vreftrim","","VBIAS_BEST_FIT_VALUE",180340,"",1,1,"VBIAS_PS1600",3,"384","","",1.77,"<=",1.79939,"V","<=",1.83,"P",2.20645,***,"",
3,"SS_Current_Trim","","SS_CURRENT_CODE0",220040,"",1,1,"SS_PS1600",3,"384","","",-16,"<=",-11.052,"uA","<=",-6,"P",2.54068,***,"",
3,"SS_Current_Trim","","SS_CURRENT_CODE1",220050,"",1,1,"SS_PS1600",3,"384","","",-16,"<=",-11.182,"uA","<=",-6,"P",2.54068,***,"",
3,"SS_Current_Trim","","SS_CURRENT_CODE2",220060,"",1,1,"SS_PS1600",3,"384","","",-16,"<=",-11.334,"uA","<=",-6,"P",2.54068,***,"",
3,"SS_Current_Trim","","SS_CURRENT_CODE3",220070,"",1,1,"SS_PS1600",3,"384","","",-16,"<=",-11.499,"uA","<=",-6,"P",2.54068,***,"",
3,"SS_Current_Trim","","SS_CURRENT_CODE4",220080,"",1,1,"SS_PS1600",3,"384","","",-16,"<=",-11.636,"uA","<=",-6,"P",2.54068,***,"",
3,"SS_Current_Trim","","SS_CURRENT_CODE5",220090,"",1,1,"SS_PS1600",3,"384","","",-16,"<=",-11.816,"uA","<=",-6,"P",2.54068,***,"",
3,"SS_Current_Trim","","SS_CURRENT_CODE6",220100,"",1,1,"SS_PS1600",3,"384","","",-16,"<=",-11.983,"uA","<=",-6,"P",2.54068,***,"",
3,"SS_Current_Trim","","SS_CURRENT_CODE7",220110,"",1,1,"SS_PS1600",3,"384","","",-16,"<=",-12.135,"uA","<=",-6,"P",2.54068,***,"",
3,"SS_Current_Trim","","SS_CURRENT_CODE8",220120,"",1,1,"SS_PS1600",3,"384","","",-16,"<=",-12.32,"uA","<=",-6,"P",2.54068,***,"",
3,"SS_Current_Trim","","SS_CURRENT_CODE9",220130,"",1,1,"SS_PS1600",3,"384","","",-16,"<=",-12.521,"uA","<=",-6,"P",2.54068,***,"",
3,"SS_Current_Trim","","SS_CURRENT_CODE10",220140,"",1,1,"SS_PS1600",3,"384","","",-16,"<=",-12.708,"uA","<=",-6,"P",2.54068,***,"",
3,"SS_Current_Trim","","SS_CURRENT_CODE11",220150,"",1,1,"SS_PS1600",3,"384","","",-16,"<=",-12.883,"uA","<=",-6,"P",2.54068,***,"",
3,"SS_Current_Trim","","SS_CURRENT_CODE12",220160,"",1,1,"SS_PS1600",3,"384","","",-16,"<=",-13.101,"uA","<=",-6,"P",2.54068,***,"",
3,"SS_Current_Trim","","SS_CURRENT_CODE13",220170,"",1,1,"SS_PS1600",3,"384","","",-16,"<=",-13.286,"uA","<=",-6,"P",2.54068,***,"",
3,"SS_Current_Trim","","SS_CURRENT_CODE14",220180,"",1,1,"SS_PS1600",3,"384","","",-16,"<=",-13.499,"uA","<=",-6,"P",2.54068,***,"",
3,"SS_Current_Trim","","SS_CURRENT_CODE15",220190,"",1,1,"SS_PS1600",3,"384","","",-16,"<=",-13.74,"uA","<=",-6,"P",2.54068,***,"",
3,"SS_Current_Trim","","SS_CURRENT_CODE16",220200,"",1,1,"SS_PS1600",3,"384","","",-16,"<=",-9.138,"uA","<=",-6,"P",2.54068,***,"",
3,"SS_Current_Trim","","SS_CURRENT_CODE17",220210,"",1,1,"SS_PS1600",3,"384","","",-16,"<=",-9.25,"uA","<=",-6,"P",2.54068,***,"",
3,"SS_Current_Trim","","SS_CURRENT_CODE18",220220,"",1,1,"SS_PS1600",3,"384","","",-16,"<=",-9.349,"uA","<=",-6,"P",2.54068,***,"",
3,"SS_Current_Trim","","SS_CURRENT_CODE19",220230,"",1,1,"SS_PS1600",3,"384","","",-16,"<=",-9.437,"uA","<=",-6,"P",2.54068,***,"",
3,"SS_Current_Trim","","SS_CURRENT_CODE20",220240,"",1,1,"SS_PS1600",3,"384","","",-16,"<=",-9.559,"uA","<=",-6,"P",2.54068,***,"",
3,"SS_Current_Trim","","SS_CURRENT_CODE21",220250,"",1,1,"SS_PS1600",3,"384","","",-16,"<=",-9.65,"uA","<=",-6,"P",2.54068,***,"",
3,"SS_Current_Trim","","SS_CURRENT_CODE22",220260,"",1,1,"SS_PS1600",3,"384","","",-16,"<=",-9.759,"uA","<=",-6,"P",2.54068,***,"",
3,"SS_Current_Trim","","SS_CURRENT_CODE23",220270,"",1,1,"SS_PS1600",3,"384","","",-16,"<=",-9.886,"uA","<=",-6,"P",2.54068,***,"",
3,"SS_Current_Trim","","SS_CURRENT_CODE24",220280,"",1,1,"SS_PS1600",3,"384","","",-16,"<=",-10.01,"uA","<=",-6,"P",2.54068,***,"",
3,"SS_Current_Trim","","SS_CURRENT_CODE25",220290,"",1,1,"SS_PS1600",3,"384","","",-16,"<=",-10.114,"uA","<=",-6,"P",2.54068,***,"",
3,"SS_Current_Trim","","SS_CURRENT_CODE26",220300,"",1,1,"SS_PS1600",3,"384","","",-16,"<=",-10.236,"uA","<=",-6,"P",2.54068,***,"",
3,"SS_Current_Trim","","SS_CURRENT_CODE27",220310,"",1,1,"SS_PS1600",3,"384","","",-16,"<=",-10.378,"uA","<=",-6,"P",2.54068,***,"",
3,"SS_Current_Trim","","SS_CURRENT_CODE28",220320,"",1,1,"SS_PS1600",3,"384","","",-16,"<=",-10.495,"uA","<=",-6,"P",2.54068,***,"",
3,"SS_Current_Trim","","SS_CURRENT_CODE29",220330,"",1,1,"SS_PS1600",3,"384","","",-16,"<=",-10.642,"uA","<=",-6,"P",2.54068,***,"",
3,"SS_Current_Trim","","SS_CURRENT_CODE30",220340,"",1,1,"SS_PS1600",3,"384","","",-16,"<=",-10.771,"uA","<=",-6,"P",2.54068,***,"",
3,"SS_Current_Trim","","SS_CURRENT_CODE31",220350,"",1,1,"SS_PS1600",3,"384","","",-16,"<=",-10.893,"uA","<=",-6,"P",2.54068,***,"",
3,"SS_Current_Trim","","SS_CURRENT_TRIM_CODE",220030,"",1,1,"SS_PS1600",3,"384","","",0,"<=",24,"Code","<=",31,"P",2.54068,***,"",
3,"SS_Current_Trim","","SS_CURRENT_BEST_FIT_VALUE",220360,"",1,1,"SS_PS1600",3,"384","","",-10.4,"<=",-10.01,"uA","<=",-9.6,"P",2.54068,***,"",
3,"SS_Gain","","CURRENT_SS_0P1V_CODE0",230020,"",1,1,"SS_PS1600",3,"384","","",150,"<=",439.856,"mA","<=",1800,"P",3.92911,***,"",
3,"SS_Gain","","CURRENT_SS_0P2V_CODE0",230180,"",1,1,"SS_PS1600",3,"384","","",300,"<=",918.198,"mA","<=",3200,"P",3.92911,***,"",
3,"SS_Gain","","CURRENT_SS_0P1V_CODE1",230030,"",1,1,"SS_PS1600",3,"384","","",150,"<=",508.49,"mA","<=",1800,"P",3.92911,***,"",
3,"SS_Gain","","CURRENT_SS_0P2V_CODE1",230190,"",1,1,"SS_PS1600",3,"384","","",300,"<=",1050.17,"mA","<=",3200,"P",3.92911,***,"",
3,"SS_Gain","","CURRENT_SS_0P1V_CODE2",230040,"",1,1,"SS_PS1600",3,"384","","",150,"<=",576.97,"mA","<=",1800,"P",3.92911,***,"",
3,"SS_Gain","","CURRENT_SS_0P2V_CODE2",230200,"",1,1,"SS_PS1600",3,"384","","",300,"<=",1182.4,"mA","<=",3200,"P",3.92911,***,"",
3,"SS_Gain","","CURRENT_SS_0P1V_CODE3",230050,"",1,1,"SS_PS1600",3,"384","","",150,"<=",647.364,"mA","<=",1800,"P",3.92911,***,"",
3,"SS_Gain","","CURRENT_SS_0P2V_CODE3",230210,"",1,1,"SS_PS1600",3,"384","","",300,"<=",1317.27,"mA","<=",3200,"P",3.92911,***,"",
3,"SS_Gain","","CURRENT_SS_0P1V_CODE4",230060,"",1,1,"SS_PS1600",3,"384","","",150,"<=",714.52,"mA","<=",1800,"P",3.92911,***,"",
3,"SS_Gain","","CURRENT_SS_0P2V_CODE4",230220,"",1,1,"SS_PS1600",3,"384","","",300,"<=",1447.52,"mA","<=",3200,"P",3.92911,***,"",
3,"SS_Gain","","CURRENT_SS_0P1V_CODE5",230070,"",1,1,"SS_PS1600",3,"384","","",150,"<=",786.405,"mA","<=",1800,"P",3.92911,***,"",
3,"SS_Gain","","CURRENT_SS_0P2V_CODE5",230230,"",1,1,"SS_PS1600",3,"384","","",300,"<=",1584.16,"mA","<=",3200,"P",3.92911,***,"",
3,"SS_Gain","","CURRENT_SS_0P1V_CODE6",230080,"",1,1,"SS_PS1600",3,"384","","",150,"<=",855.503,"mA","<=",1800,"P",3.92911,***,"",
3,"SS_Gain","","CURRENT_SS_0P2V_CODE6",230240,"",1,1,"SS_PS1600",3,"384","","",300,"<=",1719.54,"mA","<=",3200,"P",3.92911,***,"",
3,"SS_Gain","","CURRENT_SS_0P1V_CODE7",230090,"",1,1,"SS_PS1600",3,"384","","",150,"<=",926.184,"mA","<=",1800,"P",3.92911,***,"",
3,"SS_Gain","","CURRENT_SS_0P2V_CODE7",230250,"",1,1,"SS_PS1600",3,"384","","",300,"<=",1854.35,"mA","<=",3200,"P",3.92911,***,"",
3,"SS_Gain","","CURRENT_SS_0P1V_CODE8",230100,"",1,1,"SS_PS1600",3,"384","","",150,"<=",993.626,"mA","<=",1800,"P",3.92911,***,"",
3,"SS_Gain","","CURRENT_SS_0P2V_CODE8",230260,"",1,1,"SS_PS1600",3,"384","","",300,"<=",1986.13,"mA","<=",3200,"P",3.92911,***,"",
3,"SS_Gain","","CURRENT_SS_0P1V_CODE9",230110,"",1,1,"SS_PS1600",3,"384","","",150,"<=",1066.65,"mA","<=",1800,"P",3.92911,***,"",
3,"SS_Gain","","CURRENT_SS_0P2V_CODE9",230270,"",1,1,"SS_PS1600",3,"384","","",300,"<=",2125.31,"mA","<=",3200,"P",3.92911,***,"",
3,"SS_Gain","","CURRENT_SS_0P1V_CODE10",230120,"",1,1,"SS_PS1600",3,"384","","",150,"<=",1137.79,"mA","<=",1800,"P",3.92911,***,"",
3,"SS_Gain","","CURRENT_SS_0P2V_CODE10",230280,"",1,1,"SS_PS1600",3,"384","","",300,"<=",2263.07,"mA","<=",3200,"P",3.92911,***,"",
3,"SS_Gain","","CURRENT_SS_0P1V_CODE11",230130,"",1,1,"SS_PS1600",3,"384","","",150,"<=",1207.1,"mA","<=",1800,"P",3.92911,***,"",
3,"SS_Gain","","CURRENT_SS_0P2V_CODE11",230290,"",1,1,"SS_PS1600",3,"384","","",300,"<=",2398.33,"mA","<=",3200,"P",3.92911,***,"",
3,"SS_Gain","","CURRENT_SS_0P1V_CODE12",230140,"",1,1,"SS_PS1600",3,"384","","",150,"<=",1278.03,"mA","<=",1800,"P",3.92911,***,"",
3,"SS_Gain","","CURRENT_SS_0P2V_CODE12",230300,"",1,1,"SS_PS1600",3,"384","","",300,"<=",2532.26,"mA","<=",3200,"P",3.92911,***,"",
3,"SS_Gain","","CURRENT_SS_0P1V_CODE13",230150,"",1,1,"SS_PS1600",3,"384","","",150,"<=",1349.5,"mA","<=",1800,"P",3.92911,***,"",
3,"SS_Gain","","CURRENT_SS_0P2V_CODE13",230310,"",1,1,"SS_PS1600",3,"384","","",300,"<=",2665.79,"mA","<=",3200,"P",3.92911,***,"",
3,"SS_Gain","","CURRENT_SS_0P1V_CODE14",230160,"",1,1,"SS_PS1600",3,"384","","",150,"<=",1419.62,"mA","<=",1800,"P",3.92911,***,"",
3,"SS_Gain","","CURRENT_SS_0P2V_CODE14",230320,"",1,1,"SS_PS1600",3,"384","","",300,"<=",2797.59,"mA","<=",3200,"P",3.92911,***,"",
3,"SS_Gain","","CURRENT_SS_0P1V_CODE15",230170,"",1,1,"SS_PS1600",3,"384","","",150,"<=",1495.03,"mA","<=",1800,"P",3.92911,***,"",
3,"SS_Gain","","CURRENT_SS_0P2V_CODE15",230330,"",1,1,"SS_PS1600",3,"384","","",300,"<=",2935.77,"mA","<=",4000,"P",3.92911,***,"",
3,"SS_Gain","","SS_GAIN_TRIM_CODE",230010,"",1,1,"SS_PS1600",3,"384","","",0,"<=",8,"Code","<=",15,"P",3.92911,***,"",
3,"SS_Gain","","BEST_CURR_SS_0p2V",230340,"",1,1,"SS_PS1600",3,"384","","",1700,"<=",1986.13,"mA","<=",2300,"P",3.92911,***,"",
3,"SS_Gain","","BEST_CURR_SS_0p1V",230350,"",1,1,"SS_PS1600",3,"384","","",700,"<=",993.626,"mA","<=",1300,"P",3.92911,***,"",
3,"SS_Gain","","BEST_CURR_SS_delta",230360,"",1,1,"SS_PS1600",3,"384","","",900,"<=",992.508,"mA","<=",1100,"P",3.92911,***,"",
3,"SSoffset_Trim","","SS_OFFSET_CURRENT_CODE0",240020,"",1,1,"SS_PS1600",3,"384","","",-700,"<=",-449.385,"mA","<=",-100,"P",1.87225,***,"",
3,"SSoffset_Trim","","SS_OFFSET_CURRENT_CODE1",240030,"",1,1,"SS_PS1600",3,"384","","",-700,"<=",-441.49,"mA","<=",-100,"P",1.87225,***,"",
3,"SSoffset_Trim","","SS_OFFSET_CURRENT_CODE2",240040,"",1,1,"SS_PS1600",3,"384","","",-700,"<=",-426.162,"mA","<=",-100,"P",1.87225,***,"",
3,"SSoffset_Trim","","SS_OFFSET_CURRENT_CODE3",240050,"",1,1,"SS_PS1600",3,"384","","",-700,"<=",-412.927,"mA","<=",-100,"P",1.87225,***,"",
3,"SSoffset_Trim","","SS_OFFSET_CURRENT_CODE4",240060,"",1,1,"SS_PS1600",3,"384","","",-700,"<=",-398.935,"mA","<=",-100,"P",1.87225,***,"",
3,"SSoffset_Trim","","SS_OFFSET_CURRENT_CODE5",240070,"",1,1,"SS_PS1600",3,"384","","",-700,"<=",-385.017,"mA","<=",-100,"P",1.87225,***,"",
3,"SSoffset_Trim","","SS_OFFSET_CURRENT_CODE6",240080,"",1,1,"SS_PS1600",3,"384","","",-700,"<=",-370.178,"mA","<=",-100,"P",1.87225,***,"",
3,"SSoffset_Trim","","SS_OFFSET_CURRENT_CODE7",240090,"",1,1,"SS_PS1600",3,"384","","",-700,"<=",-358.704,"mA","<=",-100,"P",1.87225,***,"",
3,"SSoffset_Trim","","SS_OFFSET_CURRENT_CODE8",240100,"",1,1,"SS_PS1600",3,"384","","",-700,"<=",-344.91,"mA","<=",-100,"P",1.87225,***,"",
3,"SSoffset_Trim","","SS_OFFSET_CURRENT_CODE9",240110,"",1,1,"SS_PS1600",3,"384","","",-700,"<=",-331.498,"mA","<=",-100,"P",1.87225,***,"",
3,"SSoffset_Trim","","SS_OFFSET_CURRENT_CODE10",240120,"",1,1,"SS_PS1600",3,"384","","",-700,"<=",-316.766,"mA","<=",-100,"P",1.87225,***,"",
3,"SSoffset_Trim","","SS_OFFSET_CURRENT_CODE11",240130,"",1,1,"SS_PS1600",3,"384","","",-700,"<=",-305.963,"mA","<=",-100,"P",1.87225,***,"",
3,"SSoffset_Trim","","SS_OFFSET_CURRENT_CODE12",240140,"",1,1,"SS_PS1600",3,"384","","",-700,"<=",-290.099,"mA","<=",-100,"P",1.87225,***,"",
3,"SSoffset_Trim","","SS_OFFSET_CURRENT_CODE13",240150,"",1,1,"SS_PS1600",3,"384","","",-700,"<=",-279.497,"mA","<=",-100,"P",1.87225,***,"",
3,"SSoffset_Trim","","SS_OFFSET_CURRENT_CODE14",240160,"",1,1,"SS_PS1600",3,"384","","",-700,"<=",-265.054,"mA","<=",-100,"P",1.87225,***,"",
3,"SSoffset_Trim","","SS_OFFSET_CURRENT_CODE15",240170,"",1,1,"SS_PS1600",3,"384","","",-700,"<=",-251.732,"mA","<=",-100,"P",1.87225,***,"",
3,"SSoffset_Trim","","SS_OFFSET_TRIM_CODE",240010,"",1,1,"SS_PS1600",3,"384","","",0,"<=",4,"Code","<=",15,"P",1.87225,***,"",
3,"SSoffset_Trim","","BEST_Curr_SS_0p04V",240180,"",1,1,"SS_PS1600",3,"384","","",-450,"<=",-398.935,"mA","<=",-350,"P",1.87225,***,"",
3,"VDD_UVLO_OTS_POR","","Low_Temp_Voltage_bank0",200130,"",1,1,"OFF_PS1600",3,"384","","",0,"<=",0.000885018,"V","<=",0.2,"P",0.250619,***,"",
3,"VDD_UVLO_OTS_POR","","High_Temp_Voltage_bank0",200140,"",1,1,"OFF_PS1600",3,"384","","",1.6,"<=",1.92438,"V","<=",2.3,"P",0.250619,***,"",
3,"VDD_UVLO_OTS_POR","","Low_Temp_Voltage_bank0_reset",200150,"",1,1,"OFF_PS1600",3,"384","","",0,"<=",0.000885018,"V","<=",0.2,"P",0.250619,***,"",
3,"VDD_UVLO_OTS_POR","","Low_Temp_Voltage_bank1",200160,"",1,1,"OFF_PS1600",3,"384","","",0,"<=",0.000771185,"V","<=",0.2,"P",0.250619,***,"",
3,"VDD_UVLO_OTS_POR","","High_Temp_Voltage_bank1",200170,"",1,1,"OFF_PS1600",3,"384","","",1.6,"<=",1.92489,"V","<=",2.3,"P",0.250619,***,"",
3,"VDD_UVLO_OTS_POR","","Low_Temp_Voltage_bank1_reset",200180,"",1,1,"OFF_PS1600",3,"384","","",0,"<=",0.000885018,"V","<=",0.5,"P",0.250619,***,"",
3,"UVLO_POR_redundancy","","I_ISEN_UVLO",410010,"",1,1,"VBIAS_PS1600",3,"384","","",8,"<=",10.596,"uA","<=",13,"P",9.10616,***,"",
3,"UVLO_POR_redundancy","","I_IN_VDD3V",410020,"",1,1,"VBIAS_PS1600",3,"384","","",-10,"<=",0,"nA","<=",300,"P",9.10616,***,"",
3,"UVLO_POR_redundancy","","VDD_UVLO_Falling",410030,"",1,1,"VBIAS_PS1600",3,"384","","",2,"<=",2.505,"V","<=",2.75,"P",9.10616,***,"",
3,"UVLO_POR_redundancy","","I_IN_VDD_UVLO_Falling",410040,"",1,1,"VBIAS_PS1600",3,"384","","",8,"<=",10.6033,"uA","<=",13,"P",9.10616,***,"",
3,"UVLO_POR_redundancy","","VBIAS_POR_Falling",410050,"",1,1,"VBIAS_PS1600",3,"384","","",1.1,"<=",1.31,"V","<=",1.45,"P",9.10616,***,"",
3,"UVLO_POR_redundancy","","I_IN_VBIAS_POR_Falling",410060,"",1,1,"VBIAS_PS1600",3,"384","","",20,"<=",26.6885,"uA","<=",33,"P",9.10616,***,"",
3,"UVLO_POR_redundancy","","VBIAS_PORsu_Falling",410070,"",1,1,"VBIAS_PS1600",3,"384","","",0.725,"<=",0.95,"V","<=",1.2,"P",9.10616,***,"",
3,"UVLO_POR_redundancy","","I_IN_VBIAS_PORsu_Falling",410080,"",1,1,"VBIAS_PS1600",3,"384","","",35,"<=",43.1194,"uA","<=",50,"P",9.10616,***,"",
3,"UVLO_POR_redundancy","","VBIAS_PORsu_Rising",410090,"",1,1,"VBIAS_PS1600",3,"384","","",0.75,"<=",1.015,"V","<=",1.3,"P",9.10616,***,"",
3,"UVLO_POR_redundancy","","I_IN_VBIAS_PORsu_Rising",410100,"",1,1,"VBIAS_PS1600",3,"384","","",20,"<=",26.5106,"uA","<=",32,"P",9.10616,***,"",
3,"UVLO_POR_redundancy","","PORsu_Hysteresis",410110,"",1,1,"VBIAS_PS1600",3,"384","","",0,"<=",0.065,"","<=",0.175,"P",9.10616,***,"",
3,"UVLO_POR_redundancy","","VBIAS_POR_Rising",410120,"",1,1,"VBIAS_PS1600",3,"384","","",1.2,"<=",1.46,"V","<=",1.6,"P",9.10616,***,"",
3,"UVLO_POR_redundancy","","I_IN_VBIAS_POR_Rising",410130,"",1,1,"VBIAS_PS1600",3,"384","","",8,"<=",10.5677,"uA","<=",13,"P",9.10616,***,"",
3,"UVLO_POR_redundancy","","POR_Hysteresis",410140,"",1,1,"VBIAS_PS1600",3,"384","","",0.03,"<=",0.15,"","<=",0.25,"P",9.10616,***,"",
3,"UVLO_POR_redundancy","","VDD_UVLO_Rising",410150,"",1,1,"VBIAS_PS1600",3,"384","","",2.2,"<=",2.68,"V","<=",2.85,"P",9.10616,***,"",
3,"UVLO_POR_redundancy","","I_IN_VDD_UVLO_Rising",410160,"",1,1,"VBIAS_PS1600",3,"384","","",-200,"<=",-12.6018,"nA","<=",200,"P",9.10616,***,"",
3,"UVLO_POR_redundancy","","VDD_UVLO_Hysteresis",410170,"",1,1,"VBIAS_PS1600",3,"384","","",0.02,"<=",0.175,"","<=",0.3,"P",9.10616,***,"",
3,"ILIM_gain_Trim","","ILIM_GAIN_20PIMAX_CODE0",270020,"",1,1,"ITRIP_PS1600",3,"384","","",-40,"<=",-32.271,"uA","<=",-0.001,"P",3.75866,***,"",
3,"ILIM_gain_Trim","","ILIM_GAIN_20PIMAX_CODE1",270030,"",1,1,"ITRIP_PS1600",3,"384","","",-40,"<=",-31.269,"uA","<=",-0.001,"P",3.75866,***,"",
3,"ILIM_gain_Trim","","ILIM_GAIN_20PIMAX_CODE2",270040,"",1,1,"ITRIP_PS1600",3,"384","","",-40,"<=",-30.221,"uA","<=",-0.001,"P",3.75866,***,"",
3,"ILIM_gain_Trim","","ILIM_GAIN_20PIMAX_CODE3",270050,"",1,1,"ITRIP_PS1600",3,"384","","",-40,"<=",-29.198,"uA","<=",-0.001,"P",3.75866,***,"",
3,"ILIM_gain_Trim","","ILIM_GAIN_20PIMAX_CODE4",270060,"",1,1,"ITRIP_PS1600",3,"384","","",-40,"<=",-28.183,"uA","<=",-0.001,"P",3.75866,***,"",
3,"ILIM_gain_Trim","","ILIM_GAIN_20PIMAX_CODE5",270070,"",1,1,"ITRIP_PS1600",3,"384","","",-40,"<=",-27.153,"uA","<=",-0.001,"P",3.75866,***,"",
3,"ILIM_gain_Trim","","ILIM_GAIN_20PIMAX_CODE6",270080,"",1,1,"ITRIP_PS1600",3,"384","","",-40,"<=",-26.103,"uA","<=",-0.001,"P",3.75866,***,"",
3,"ILIM_gain_Trim","","ILIM_GAIN_20PIMAX_CODE7",270090,"",1,1,"ITRIP_PS1600",3,"384","","",-40,"<=",-25.07,"uA","<=",-0.001,"P",3.75866,***,"",
3,"ILIM_gain_Trim","","ILIM_GAIN_20PIMAX_CODE8",270100,"",1,1,"ITRIP_PS1600",3,"384","","",-40,"<=",-24.007,"uA","<=",-0.001,"P",3.75866,***,"",
3,"ILIM_gain_Trim","","ILIM_GAIN_20PIMAX_CODE9",270110,"",1,1,"ITRIP_PS1600",3,"384","","",-40,"<=",-22.979,"uA","<=",-0.001,"P",3.75866,***,"",
3,"ILIM_gain_Trim","","ILIM_GAIN_20PIMAX_CODE10",270120,"",1,1,"ITRIP_PS1600",3,"384","","",-40,"<=",-21.919,"uA","<=",-0.001,"P",3.75866,***,"",
3,"ILIM_gain_Trim","","ILIM_GAIN_20PIMAX_CODE11",270130,"",1,1,"ITRIP_PS1600",3,"384","","",-40,"<=",-20.894,"uA","<=",-0.001,"P",3.75866,***,"",
3,"ILIM_gain_Trim","","ILIM_GAIN_20PIMAX_CODE12",270140,"",1,1,"ITRIP_PS1600",3,"384","","",-40,"<=",-19.868,"uA","<=",-0.001,"P",3.75866,***,"",
3,"ILIM_gain_Trim","","ILIM_GAIN_20PIMAX_CODE13",270150,"",1,1,"ITRIP_PS1600",3,"384","","",-40,"<=",-18.828,"uA","<=",-0.001,"P",3.75866,***,"",
3,"ILIM_gain_Trim","","ILIM_GAIN_20PIMAX_CODE14",270160,"",1,1,"ITRIP_PS1600",3,"384","","",-40,"<=",-17.77,"uA","<=",-0.001,"P",3.75866,***,"",
3,"ILIM_gain_Trim","","ILIM_GAIN_20PIMAX_CODE15",270170,"",1,1,"ITRIP_PS1600",3,"384","","",-40,"<=",-16.735,"uA","<=",-0.001,"P",3.75866,***,"",
3,"ILIM_gain_Trim","","ILIM_GAIN_20PIMAX_CODE16",270180,"",1,1,"ITRIP_PS1600",3,"384","","",-40,"<=",-15.682,"uA","<=",-0.001,"P",3.75866,***,"",
3,"ILIM_gain_Trim","","ILIM_GAIN_20PIMAX_CODE17",270190,"",1,1,"ITRIP_PS1600",3,"384","","",-40,"<=",-14.649,"uA","<=",-0.001,"P",3.75866,***,"",
3,"ILIM_gain_Trim","","ILIM_GAIN_20PIMAX_CODE18",270200,"",1,1,"ITRIP_PS1600",3,"384","","",-40,"<=",-13.581,"uA","<=",-0.001,"P",3.75866,***,"",
3,"ILIM_gain_Trim","","ILIM_GAIN_20PIMAX_CODE19",270210,"",1,1,"ITRIP_PS1600",3,"384","","",-40,"<=",-12.551,"uA","<=",-0.001,"P",3.75866,***,"",
3,"ILIM_gain_Trim","","ILIM_GAIN_20PIMAX_CODE20",270220,"",1,1,"ITRIP_PS1600",3,"384","","",-40,"<=",-11.516,"uA","<=",-0.001,"P",3.75866,***,"",
3,"ILIM_gain_Trim","","ILIM_GAIN_20PIMAX_CODE21",270230,"",1,1,"ITRIP_PS1600",3,"384","","",-40,"<=",-10.488,"uA","<=",-0.001,"P",3.75866,***,"",
3,"ILIM_gain_Trim","","ILIM_GAIN_20PIMAX_CODE22",270240,"",1,1,"ITRIP_PS1600",3,"384","","",-40,"<=",-9.42,"uA","<=",-0.001,"P",3.75866,***,"",
3,"ILIM_gain_Trim","","ILIM_GAIN_20PIMAX_CODE23",270250,"",1,1,"ITRIP_PS1600",3,"384","","",-40,"<=",-8.39,"uA","<=",-0.001,"P",3.75866,***,"",
3,"ILIM_gain_Trim","","ILIM_GAIN_20PIMAX_CODE24",270260,"",1,1,"ITRIP_PS1600",3,"384","","",-40,"<=",-7.327,"uA","<=",-0.001,"P",3.75866,***,"",
3,"ILIM_gain_Trim","","ILIM_GAIN_20PIMAX_CODE25",270270,"",1,1,"ITRIP_PS1600",3,"384","","",-40,"<=",-6.289,"uA","<=",-0.001,"P",3.75866,***,"",
3,"ILIM_gain_Trim","","ILIM_GAIN_20PIMAX_CODE26",270280,"",1,1,"ITRIP_PS1600",3,"384","","",-40,"<=",-5.221,"uA","<=",-0.001,"P",3.75866,***,"",
3,"ILIM_gain_Trim","","ILIM_GAIN_20PIMAX_CODE27",270290,"",1,1,"ITRIP_PS1600",3,"384","","",-40,"<=",-4.191,"uA","<=",-0.001,"P",3.75866,***,"",
3,"ILIM_gain_Trim","","ILIM_GAIN_20PIMAX_CODE28",270300,"",1,1,"ITRIP_PS1600",3,"384","","",-40,"<=",-3.156,"uA","<=",-0.001,"P",3.75866,***,"",
3,"ILIM_gain_Trim","","ILIM_GAIN_20PIMAX_CODE29",270310,"",1,1,"ITRIP_PS1600",3,"384","","",-40,"<=",-2.123,"uA","<=",-0.001,"P",3.75866,***,"",
3,"ILIM_gain_Trim","","ILIM_GAIN_20PIMAX_CODE30",270320,"",1,1,"ITRIP_PS1600",3,"384","","",-40,"<=",-1.055,"uA","<=",-0.001,"P",3.75866,***,"",
3,"ILIM_gain_Trim","","ILIM_GAIN_20PIMAX_CODE31",270330,"",1,1,"ITRIP_PS1600",3,"384","","",-40,"<=",-0.022,"uA","<=",0,"P",3.75866,***,"",
3,"ILIM_gain_Trim","","ILIM_GAIN_TRIM",270010,"",1,1,"ITRIP_PS1600",3,"384","","",0,"<=",12,"Code","<=",31,"P",3.75866,***,"",
3,"ILIM_gain_Trim","","BEST_MEAS_20pIMAX",270660,"",1,1,"ITRIP_PS1600",3,"384","","",-22,"<=",-19.868,"uA","<=",-18,"P",3.75866,***,"",
3,"ILIM_gain_Trim","","BEST_GAIN",270680,"",1,1,"ITRIP_PS1600",3,"384","","",75000,"<=",80531.5,"GAIN","<=",85000,"P",3.75866,***,"",
3,"ISENSE_BlockOffset_Trim_New","","ISNS_MEAS_10mAIOUT_CODE0",310020,"",1,1,"ISEN_PS1600",3,"384","","",-17,"<=",-0.004,"uA","<=",1,"P",3.35422,***,"",
3,"ISENSE_BlockOffset_Trim_New","","ISNS_MEAS_10mAIOUT_CODE1",310030,"",1,1,"ISEN_PS1600",3,"384","","",-17,"<=",-0.004,"uA","<=",1,"P",3.35422,***,"",
3,"ISENSE_BlockOffset_Trim_New","","ISNS_MEAS_10mAIOUT_CODE2",310040,"",1,1,"ISEN_PS1600",3,"384","","",-17,"<=",-0.004,"uA","<=",1,"P",3.35422,***,"",
3,"ISENSE_BlockOffset_Trim_New","","ISNS_MEAS_10mAIOUT_CODE3",310050,"",1,1,"ISEN_PS1600",3,"384","","",-17,"<=",-0.004,"uA","<=",1,"P",3.35422,***,"",
3,"ISENSE_BlockOffset_Trim_New","","ISNS_MEAS_10mAIOUT_CODE4",310060,"",1,1,"ISEN_PS1600",3,"384","","",-17,"<=",-0.004,"uA","<=",1,"P",3.35422,***,"",
3,"ISENSE_BlockOffset_Trim_New","","ISNS_MEAS_10mAIOUT_CODE5",310070,"",1,1,"ISEN_PS1600",3,"384","","",-17,"<=",-0.004,"uA","<=",1,"P",3.35422,***,"",
3,"ISENSE_BlockOffset_Trim_New","","ISNS_MEAS_10mAIOUT_CODE6",310080,"",1,1,"ISEN_PS1600",3,"384","","",-17,"<=",-0.004,"uA","<=",1,"P",3.35422,***,"",
3,"ISENSE_BlockOffset_Trim_New","","ISNS_MEAS_10mAIOUT_CODE7",310090,"",1,1,"ISEN_PS1600",3,"384","","",-17,"<=",-0.004,"uA","<=",1,"P",3.35422,***,"",
3,"ISENSE_BlockOffset_Trim_New","","ISNS_MEAS_10mAIOUT_CODE8",310100,"",1,1,"ISEN_PS1600",3,"384","","",-17,"<=",-0.004,"uA","<=",1,"P",3.35422,***,"",
3,"ISENSE_BlockOffset_Trim_New","","ISNS_MEAS_10mAIOUT_CODE9",310110,"",1,1,"ISEN_PS1600",3,"384","","",-17,"<=",-0.685,"uA","<=",1,"P",3.35422,***,"",
3,"ISENSE_BlockOffset_Trim_New","","ISNS_MEAS_10mAIOUT_CODE10",310120,"",1,1,"ISEN_PS1600",3,"384","","",-17,"<=",-2.43,"uA","<=",1,"P",3.35422,***,"",
3,"ISENSE_BlockOffset_Trim_New","","ISNS_MEAS_10mAIOUT_CODE11",310130,"",1,1,"ISEN_PS1600",3,"384","","",-17,"<=",-3.91,"uA","<=",1,"P",3.35422,***,"",
3,"ISENSE_BlockOffset_Trim_New","","ISNS_MEAS_10mAIOUT_CODE12",310140,"",1,1,"ISEN_PS1600",3,"384","","",-17,"<=",-5.72,"uA","<=",1,"P",3.35422,***,"",
3,"ISENSE_BlockOffset_Trim_New","","ISNS_MEAS_10mAIOUT_CODE13",310150,"",1,1,"ISEN_PS1600",3,"384","","",-17,"<=",-6.83,"uA","<=",1,"P",3.35422,***,"",
3,"ISENSE_BlockOffset_Trim_New","","ISNS_MEAS_10mAIOUT_CODE14",310160,"",1,1,"ISEN_PS1600",3,"384","","",-17,"<=",-8.345,"uA","<=",1,"P",3.35422,***,"",
3,"ISENSE_BlockOffset_Trim_New","","ISNS_MEAS_10mAIOUT_CODE15",310170,"",1,1,"ISEN_PS1600",3,"384","","",-17,"<=",-14.606,"uA","<=",1,"P",3.35422,***,"",
3,"ISENSE_BlockOffset_Trim_New","","ISNS_BLOCK_OFFSET_TRIM",310010,"",1,1,"ISEN_PS1600",3,"384","","",0,"<=",9,"Code","<=",15,"P",3.35422,***,"",
3,"ISENSE_BlockOffset_Trim_New","","BEST_MEAS_10mAIOUT",310350,"",1,1,"ISEN_PS1600",3,"384","","",-1.7,"<=",-0.685,"uA","<=",1.3,"P",3.35422,***,"",
3,"SNS_gain_Trim","","SNS_GAIN_20PIMAX_CODE0",320020,"",1,1,"ISEN_PS1600",3,"384","","",-300,"<=",-256.991,"uA","<=",-90,"P",3.37096,***,"",
3,"SNS_gain_Trim","","SNS_GAIN_20PIMAX_CODE1",320030,"",1,1,"ISEN_PS1600",3,"384","","",-300,"<=",-248.932,"uA","<=",-90,"P",3.37096,***,"",
3,"SNS_gain_Trim","","SNS_GAIN_20PIMAX_CODE2",320040,"",1,1,"ISEN_PS1600",3,"384","","",-300,"<=",-240.544,"uA","<=",-90,"P",3.37096,***,"",
3,"SNS_gain_Trim","","SNS_GAIN_20PIMAX_CODE3",320050,"",1,1,"ISEN_PS1600",3,"384","","",-300,"<=",-232.334,"uA","<=",-90,"P",3.37096,***,"",
3,"SNS_gain_Trim","","SNS_GAIN_20PIMAX_CODE4",320060,"",1,1,"ISEN_PS1600",3,"384","","",-300,"<=",-223.719,"uA","<=",-90,"P",3.37096,***,"",
3,"SNS_gain_Trim","","SNS_GAIN_20PIMAX_CODE5",320070,"",1,1,"ISEN_PS1600",3,"384","","",-300,"<=",-215.382,"uA","<=",-90,"P",3.37096,***,"",
3,"SNS_gain_Trim","","SNS_GAIN_20PIMAX_CODE6",320080,"",1,1,"ISEN_PS1600",3,"384","","",-300,"<=",-207.147,"uA","<=",-90,"P",3.37096,***,"",
3,"SNS_gain_Trim","","SNS_GAIN_20PIMAX_CODE7",320090,"",1,1,"ISEN_PS1600",3,"384","","",-300,"<=",-198.911,"uA","<=",-90,"P",3.37096,***,"",
3,"SNS_gain_Trim","","SNS_GAIN_20PIMAX_CODE8",320100,"",1,1,"ISEN_PS1600",3,"384","","",-300,"<=",-191.281,"uA","<=",-90,"P",3.37096,***,"",
3,"SNS_gain_Trim","","SNS_GAIN_20PIMAX_CODE9",320110,"",1,1,"ISEN_PS1600",3,"384","","",-300,"<=",-183.02,"uA","<=",-90,"P",3.37096,***,"",
3,"SNS_gain_Trim","","SNS_GAIN_20PIMAX_CODE10",320120,"",1,1,"ISEN_PS1600",3,"384","","",-300,"<=",-174.81,"uA","<=",-90,"P",3.37096,***,"",
3,"SNS_gain_Trim","","SNS_GAIN_20PIMAX_CODE11",320130,"",1,1,"ISEN_PS1600",3,"384","","",-300,"<=",-166.473,"uA","<=",-90,"P",3.37096,***,"",
3,"SNS_gain_Trim","","SNS_GAIN_20PIMAX_CODE12",320140,"",1,1,"ISEN_PS1600",3,"384","","",-300,"<=",-157.858,"uA","<=",-90,"P",3.37096,***,"",
3,"SNS_gain_Trim","","SNS_GAIN_20PIMAX_CODE13",320150,"",1,1,"ISEN_PS1600",3,"384","","",-300,"<=",-149.572,"uA","<=",-90,"P",3.37096,***,"",
3,"SNS_gain_Trim","","SNS_GAIN_20PIMAX_CODE14",320160,"",1,1,"ISEN_PS1600",3,"384","","",-300,"<=",-141.311,"uA","<=",-90,"P",3.37096,***,"",
3,"SNS_gain_Trim","","SNS_GAIN_20PIMAX_CODE15",320170,"",1,1,"ISEN_PS1600",3,"384","","",-300,"<=",-133.05,"uA","<=",-90,"P",3.37096,***,"",
3,"SNS_gain_Trim","","SNS_GAIN_TRIM",320010,"",1,1,"ISEN_PS1600",3,"384","","",0,"<=",7,"Code","<=",31,"P",3.37096,***,"",
3,"SNS_gain_Trim","","BEST_MEAS_20pIMAX",320340,"",1,1,"ISEN_PS1600",3,"384","","",-210,"<=",-198.911,"uA","<=",-190,"P",3.37096,***,"",
3,"OC_Delay_Trim","","slice0_Period",630010,"",1,1,"OFF_PS1600",3,"384","","",400,"<=",506.897,"nS","<=",600,"P",0.364781,***,"",
3,"OC_Delay_Trim","","slice1_Period",630020,"",1,1,"OFF_PS1600",3,"384","","",400,"<=",506.786,"nS","<=",600,"P",0.364781,***,"",
3,"OC_Delay_Trim","","slice2_Period",630030,"",1,1,"OFF_PS1600",3,"384","","",400,"<=",506.897,"nS","<=",600,"P",0.364781,***,"",
3,"OC_Delay_Trim","","median",630040,"",1,1,"OFF_PS1600",3,"384","","",400,"<=",506.897,"nS","<=",600,"P",0.364781,***,"",
3,"OC_Delay_Trim","","Count_Number",630050,"",1,1,"OFF_PS1600",3,"384","","",0,"<=",23.6581,"nS","<=",40,"P",0.364781,***,"",
3,"OC_Delay_Trim","","TRIM_CODE",630060,"",1,1,"OFF_PS1600",3,"384","","",0,"<=",8,"Code","<=",15,"P",0.364781,***,"",
3,"EFUSE_REFERENCE_CURRENT_VOLTAGE","","Efuse_Ref_Voltage",620010,"",1,1,"ISEN_PS1600",3,"384","","",1.5,"<=",1.85141,"V","<=",2,"P",0.103765,***,"",
3,"EFUSE_REFERENCE_CURRENT_VOLTAGE","","Efuse_Ref_Current",620020,"",1,1,"ISEN_PS1600",3,"384","","",140,"<=",209.952,"uA","<=",350,"P",0.103765,***,"",
3,"EFUSE_REFERENCE_CURRENT_VOLTAGE","","Efuse_Resistance",620030,"",1,1,"ISEN_PS1600",3,"384","","",100,"<=",389.289,"ohm","<=",1000,"P",0.103765,***,"",
3,"EFUSE_RESISTANCE_MEASUREMENT","","BANKA_EFUSE_RESISTANCE_BIT47",480010,"",1,1,"ISEN_PS1600",3,"384","","",65,"<=",79.6,"ohms","<=",200,"P",15.4845,***,"",
3,"EFUSE_RESISTANCE_MEASUREMENT","","BANKA_EFUSE_RESISTANCE_BIT46",480020,"",1,1,"ISEN_PS1600",3,"384","","",65,"<=",79.6,"ohms","<=",200,"P",15.4845,***,"",
3,"EFUSE_RESISTANCE_MEASUREMENT","","BANKA_EFUSE_RESISTANCE_BIT45",480030,"",1,1,"ISEN_PS1600",3,"384","","",65,"<=",79.6,"ohms","<=",200,"P",15.4845,***,"",
3,"EFUSE_RESISTANCE_MEASUREMENT","","BANKA_EFUSE_RESISTANCE_BIT44",480040,"",1,1,"ISEN_PS1600",3,"384","","",65,"<=",79.6,"ohms","<=",200,"P",15.4845,***,"",
3,"EFUSE_RESISTANCE_MEASUREMENT","","BANKA_EFUSE_RESISTANCE_BIT43",480050,"",1,1,"ISEN_PS1600",3,"384","","",65,"<=",79.6,"ohms","<=",200,"P",15.4845,***,"",
3,"EFUSE_RESISTANCE_MEASUREMENT","","BANKA_EFUSE_RESISTANCE_BIT42",480060,"",1,1,"ISEN_PS1600",3,"384","","",65,"<=",91,"ohms","<=",200,"P",15.4845,***,"",
3,"EFUSE_RESISTANCE_MEASUREMENT","","BANKA_EFUSE_RESISTANCE_BIT41",480070,"",1,1,"ISEN_PS1600",3,"384","","",65,"<=",91,"ohms","<=",200,"P",15.4845,***,"",
3,"EFUSE_RESISTANCE_MEASUREMENT","","BANKA_EFUSE_RESISTANCE_BIT40",480080,"",1,1,"ISEN_PS1600",3,"384","","",65,"<=",79.6,"ohms","<=",200,"P",15.4845,***,"",
3,"EFUSE_RESISTANCE_MEASUREMENT","","BANKA_EFUSE_RESISTANCE_BIT39",480090,"",1,1,"ISEN_PS1600",3,"384","","",65,"<=",79.6,"ohms","<=",200,"P",15.4845,***,"",
3,"EFUSE_RESISTANCE_MEASUREMENT","","BANKA_EFUSE_RESISTANCE_BIT38",480100,"",1,1,"ISEN_PS1600",3,"384","","",65,"<=",91,"ohms","<=",200,"P",15.4845,***,"",
3,"EFUSE_RESISTANCE_MEASUREMENT","","BANKA_EFUSE_RESISTANCE_BIT37",480110,"",1,1,"ISEN_PS1600",3,"384","","",65,"<=",91,"ohms","<=",200,"P",15.4845,***,"",
3,"EFUSE_RESISTANCE_MEASUREMENT","","BANKA_EFUSE_RESISTANCE_BIT36",480120,"",1,1,"ISEN_PS1600",3,"384","","",65,"<=",79.6,"ohms","<=",200,"P",15.4845,***,"",
3,"EFUSE_RESISTANCE_MEASUREMENT","","BANKA_EFUSE_RESISTANCE_BIT35",480130,"",1,1,"ISEN_PS1600",3,"384","","",65,"<=",79.6,"ohms","<=",200,"P",15.4845,***,"",
3,"EFUSE_RESISTANCE_MEASUREMENT","","BANKA_EFUSE_RESISTANCE_BIT34",480140,"",1,1,"ISEN_PS1600",3,"384","","",65,"<=",91,"ohms","<=",200,"P",15.4845,***,"",
3,"EFUSE_RESISTANCE_MEASUREMENT","","BANKA_EFUSE_RESISTANCE_BIT33",480150,"",1,1,"ISEN_PS1600",3,"384","","",65,"<=",79.6,"ohms","<=",200,"P",15.4845,***,"",
3,"EFUSE_RESISTANCE_MEASUREMENT","","BANKA_EFUSE_RESISTANCE_BIT32",480160,"",1,1,"ISEN_PS1600",3,"384","","",65,"<=",91,"ohms","<=",200,"P",15.4845,***,"",
3,"EFUSE_RESISTANCE_MEASUREMENT","","BANKA_EFUSE_RESISTANCE_BIT31",480170,"",1,1,"ISEN_PS1600",3,"384","","",65,"<=",91,"ohms","<=",200,"P",15.4845,***,"",
3,"EFUSE_RESISTANCE_MEASUREMENT","","BANKA_EFUSE_RESISTANCE_BIT30",480180,"",1,1,"ISEN_PS1600",3,"384","","",65,"<=",91,"ohms","<=",200,"P",15.4845,***,"",
3,"EFUSE_RESISTANCE_MEASUREMENT","","BANKA_EFUSE_RESISTANCE_BIT29",480190,"",1,1,"ISEN_PS1600",3,"384","","",65,"<=",79.6,"ohms","<=",200,"P",15.4845,***,"",
3,"EFUSE_RESISTANCE_MEASUREMENT","","BANKA_EFUSE_RESISTANCE_BIT28",480200,"",1,1,"ISEN_PS1600",3,"384","","",65,"<=",91,"ohms","<=",200,"P",15.4845,***,"",
3,"EFUSE_RESISTANCE_MEASUREMENT","","BANKA_EFUSE_RESISTANCE_BIT27",480210,"",1,1,"ISEN_PS1600",3,"384","","",65,"<=",91,"ohms","<=",200,"P",15.4845,***,"",
3,"EFUSE_RESISTANCE_MEASUREMENT","","BANKA_EFUSE_RESISTANCE_BIT26",480220,"",1,1,"ISEN_PS1600",3,"384","","",65,"<=",91,"ohms","<=",200,"P",15.4845,***,"",
3,"EFUSE_RESISTANCE_MEASUREMENT","","BANKA_EFUSE_RESISTANCE_BIT25",480230,"",1,1,"ISEN_PS1600",3,"384","","",65,"<=",91,"ohms","<=",200,"P",15.4845,***,"",
3,"EFUSE_RESISTANCE_MEASUREMENT","","BANKA_EFUSE_RESISTANCE_BIT24",480240,"",1,1,"ISEN_PS1600",3,"384","","",65,"<=",79.6,"ohms","<=",200,"P",15.4845,***,"",
3,"EFUSE_RESISTANCE_MEASUREMENT","","BANKA_EFUSE_RESISTANCE_BIT23",480250,"",1,1,"ISEN_PS1600",3,"384","","",65,"<=",91,"ohms","<=",200,"P",15.4845,***,"",
3,"EFUSE_RESISTANCE_MEASUREMENT","","BANKA_EFUSE_RESISTANCE_BIT22",480260,"",1,1,"ISEN_PS1600",3,"384","","",65,"<=",79.6,"ohms","<=",200,"P",15.4845,***,"",
3,"EFUSE_RESISTANCE_MEASUREMENT","","BANKA_EFUSE_RESISTANCE_BIT21",480270,"",1,1,"ISEN_PS1600",3,"384","","",65,"<=",91,"ohms","<=",200,"P",15.4845,***,"",
3,"EFUSE_RESISTANCE_MEASUREMENT","","BANKA_EFUSE_RESISTANCE_BIT20",480280,"",1,1,"ISEN_PS1600",3,"384","","",65,"<=",91,"ohms","<=",200,"P",15.4845,***,"",
3,"EFUSE_RESISTANCE_MEASUREMENT","","BANKA_EFUSE_RESISTANCE_BIT19",480290,"",1,1,"ISEN_PS1600",3,"384","","",65,"<=",79.6,"ohms","<=",200,"P",15.4845,***,"",
3,"EFUSE_RESISTANCE_MEASUREMENT","","BANKA_EFUSE_RESISTANCE_BIT18",480300,"",1,1,"ISEN_PS1600",3,"384","","",65,"<=",91,"ohms","<=",200,"P",15.4845,***,"",
3,"EFUSE_RESISTANCE_MEASUREMENT","","BANKA_EFUSE_RESISTANCE_BIT17",480310,"",1,1,"ISEN_PS1600",3,"384","","",65,"<=",91,"ohms","<=",200,"P",15.4845,***,"",
3,"EFUSE_RESISTANCE_MEASUREMENT","","BANKA_EFUSE_RESISTANCE_BIT16",480320,"",1,1,"ISEN_PS1600",3,"384","","",65,"<=",79.6,"ohms","<=",200,"P",15.4845,***,"",
3,"EFUSE_RESISTANCE_MEASUREMENT","","BANKA_EFUSE_RESISTANCE_BIT15",480330,"",1,1,"ISEN_PS1600",3,"384","","",65,"<=",91,"ohms","<=",200,"P",15.4845,***,"",
3,"EFUSE_RESISTANCE_MEASUREMENT","","BANKA_EFUSE_RESISTANCE_BIT14",480340,"",1,1,"ISEN_PS1600",3,"384","","",65,"<=",91,"ohms","<=",200,"P",15.4845,***,"",
3,"EFUSE_RESISTANCE_MEASUREMENT","","BANKA_EFUSE_RESISTANCE_BIT13",480350,"",1,1,"ISEN_PS1600",3,"384","","",65,"<=",91,"ohms","<=",200,"P",15.4845,***,"",
3,"EFUSE_RESISTANCE_MEASUREMENT","","BANKA_EFUSE_RESISTANCE_BIT12",480360,"",1,1,"ISEN_PS1600",3,"384","","",65,"<=",79.6,"ohms","<=",200,"P",15.4845,***,"",
3,"EFUSE_RESISTANCE_MEASUREMENT","","BANKA_EFUSE_RESISTANCE_BIT11",480370,"",1,1,"ISEN_PS1600",3,"384","","",65,"<=",91,"ohms","<=",200,"P",15.4845,***,"",
3,"EFUSE_RESISTANCE_MEASUREMENT","","BANKA_EFUSE_RESISTANCE_BIT10",480380,"",1,1,"ISEN_PS1600",3,"384","","",65,"<=",91,"ohms","<=",200,"P",15.4845,***,"",
3,"EFUSE_RESISTANCE_MEASUREMENT","","BANKA_EFUSE_RESISTANCE_BIT9",480390,"",1,1,"ISEN_PS1600",3,"384","","",65,"<=",91,"ohms","<=",200,"P",15.4845,***,"",
3,"EFUSE_RESISTANCE_MEASUREMENT","","BANKA_EFUSE_RESISTANCE_BIT8",480400,"",1,1,"ISEN_PS1600",3,"384","","",65,"<=",91,"ohms","<=",200,"P",15.4845,***,"",
3,"EFUSE_RESISTANCE_MEASUREMENT","","BANKA_EFUSE_RESISTANCE_BIT7",480410,"",1,1,"ISEN_PS1600",3,"384","","",65,"<=",79.6,"ohms","<=",200,"P",15.4845,***,"",
3,"EFUSE_RESISTANCE_MEASUREMENT","","BANKA_EFUSE_RESISTANCE_BIT6",480420,"",1,1,"ISEN_PS1600",3,"384","","",65,"<=",91,"ohms","<=",200,"P",15.4845,***,"",
3,"EFUSE_RESISTANCE_MEASUREMENT","","BANKA_EFUSE_RESISTANCE_BIT5",480430,"",1,1,"ISEN_PS1600",3,"384","","",65,"<=",91,"ohms","<=",200,"P",15.4845,***,"",
3,"EFUSE_RESISTANCE_MEASUREMENT","","BANKA_EFUSE_RESISTANCE_BIT4",480440,"",1,1,"ISEN_PS1600",3,"384","","",65,"<=",91,"ohms","<=",200,"P",15.4845,***,"",
3,"EFUSE_RESISTANCE_MEASUREMENT","","BANKA_EFUSE_RESISTANCE_BIT3",480450,"",1,1,"ISEN_PS1600",3,"384","","",65,"<=",91,"ohms","<=",200,"P",15.4845,***,"",
3,"EFUSE_RESISTANCE_MEASUREMENT","","BANKA_EFUSE_RESISTANCE_BIT2",480460,"",1,1,"ISEN_PS1600",3,"384","","",65,"<=",79.6,"ohms","<=",200,"P",15.4845,***,"",
3,"EFUSE_RESISTANCE_MEASUREMENT","","BANKA_EFUSE_RESISTANCE_BIT1",480470,"",1,1,"ISEN_PS1600",3,"384","","",65,"<=",91,"ohms","<=",200,"P",15.4845,***,"",
3,"EFUSE_RESISTANCE_MEASUREMENT","","BANKA_EFUSE_RESISTANCE_BIT0",480480,"",1,1,"ISEN_PS1600",3,"384","","",65,"<=",91,"ohms","<=",200,"P",15.4845,***,"",
3,"EFUSE_RESISTANCE_MEASUREMENT","","BANKB_EFUSE_RESISTANCE_BIT47",480490,"",1,1,"ISEN_PS1600",3,"384","","",65,"<=",91,"ohms","<=",200,"P",15.4845,***,"",
3,"EFUSE_RESISTANCE_MEASUREMENT","","BANKB_EFUSE_RESISTANCE_BIT46",480500,"",1,1,"ISEN_PS1600",3,"384","","",65,"<=",91,"ohms","<=",200,"P",15.4845,***,"",
3,"EFUSE_RESISTANCE_MEASUREMENT","","BANKB_EFUSE_RESISTANCE_BIT45",480510,"",1,1,"ISEN_PS1600",3,"384","","",65,"<=",91,"ohms","<=",200,"P",15.4845,***,"",
3,"EFUSE_RESISTANCE_MEASUREMENT","","BANKB_EFUSE_RESISTANCE_BIT44",480520,"",1,1,"ISEN_PS1600",3,"384","","",65,"<=",79.6,"ohms","<=",200,"P",15.4845,***,"",
3,"EFUSE_RESISTANCE_MEASUREMENT","","BANKB_EFUSE_RESISTANCE_BIT43",480530,"",1,1,"ISEN_PS1600",3,"384","","",65,"<=",91,"ohms","<=",200,"P",15.4845,***,"",
3,"EFUSE_RESISTANCE_MEASUREMENT","","BANKB_EFUSE_RESISTANCE_BIT42",480540,"",1,1,"ISEN_PS1600",3,"384","","",65,"<=",79.6,"ohms","<=",200,"P",15.4845,***,"",
3,"EFUSE_RESISTANCE_MEASUREMENT","","BANKB_EFUSE_RESISTANCE_BIT41",480550,"",1,1,"ISEN_PS1600",3,"384","","",65,"<=",91,"ohms","<=",200,"P",15.4845,***,"",
3,"EFUSE_RESISTANCE_MEASUREMENT","","BANKB_EFUSE_RESISTANCE_BIT40",480560,"",1,1,"ISEN_PS1600",3,"384","","",65,"<=",91,"ohms","<=",200,"P",15.4845,***,"",
3,"EFUSE_RESISTANCE_MEASUREMENT","","BANKB_EFUSE_RESISTANCE_BIT39",480570,"",1,1,"ISEN_PS1600",3,"384","","",65,"<=",91,"ohms","<=",200,"P",15.4845,***,"",
3,"EFUSE_RESISTANCE_MEASUREMENT","","BANKB_EFUSE_RESISTANCE_BIT38",480580,"",1,1,"ISEN_PS1600",3,"384","","",65,"<=",68.2,"ohms","<=",200,"P",15.4845,***,"",
3,"EFUSE_RESISTANCE_MEASUREMENT","","BANKB_EFUSE_RESISTANCE_BIT37",480590,"",1,1,"ISEN_PS1600",3,"384","","",65,"<=",91,"ohms","<=",200,"P",15.4845,***,"",
3,"EFUSE_RESISTANCE_MEASUREMENT","","BANKB_EFUSE_RESISTANCE_BIT36",480600,"",1,1,"ISEN_PS1600",3,"384","","",65,"<=",91,"ohms","<=",200,"P",15.4845,***,"",
3,"EFUSE_RESISTANCE_MEASUREMENT","","BANKB_EFUSE_RESISTANCE_BIT35",480610,"",1,1,"ISEN_PS1600",3,"384","","",65,"<=",91,"ohms","<=",200,"P",15.4845,***,"",
3,"EFUSE_RESISTANCE_MEASUREMENT","","BANKB_EFUSE_RESISTANCE_BIT34",480620,"",1,1,"ISEN_PS1600",3,"384","","",65,"<=",91,"ohms","<=",200,"P",15.4845,***,"",
3,"EFUSE_RESISTANCE_MEASUREMENT","","BANKB_EFUSE_RESISTANCE_BIT33",480630,"",1,1,"ISEN_PS1600",3,"384","","",65,"<=",91,"ohms","<=",200,"P",15.4845,***,"",
3,"EFUSE_RESISTANCE_MEASUREMENT","","BANKB_EFUSE_RESISTANCE_BIT32",480640,"",1,1,"ISEN_PS1600",3,"384","","",65,"<=",91,"ohms","<=",200,"P",15.4845,***,"",
3,"EFUSE_RESISTANCE_MEASUREMENT","","BANKB_EFUSE_RESISTANCE_BIT31",480650,"",1,1,"ISEN_PS1600",3,"384","","",65,"<=",79.6,"ohms","<=",200,"P",15.4845,***,"",
3,"EFUSE_RESISTANCE_MEASUREMENT","","BANKB_EFUSE_RESISTANCE_BIT30",480660,"",1,1,"ISEN_PS1600",3,"384","","",65,"<=",91,"ohms","<=",200,"P",15.4845,***,"",
3,"EFUSE_RESISTANCE_MEASUREMENT","","BANKB_EFUSE_RESISTANCE_BIT29",480670,"",1,1,"ISEN_PS1600",3,"384","","",65,"<=",91,"ohms","<=",200,"P",15.4845,***,"",
3,"EFUSE_RESISTANCE_MEASUREMENT","","BANKB_EFUSE_RESISTANCE_BIT28",480680,"",1,1,"ISEN_PS1600",3,"384","","",65,"<=",91,"ohms","<=",200,"P",15.4845,***,"",
3,"EFUSE_RESISTANCE_MEASUREMENT","","BANKB_EFUSE_RESISTANCE_BIT27",480690,"",1,1,"ISEN_PS1600",3,"384","","",65,"<=",79.6,"ohms","<=",200,"P",15.4845,***,"",
3,"EFUSE_RESISTANCE_MEASUREMENT","","BANKB_EFUSE_RESISTANCE_BIT26",480700,"",1,1,"ISEN_PS1600",3,"384","","",65,"<=",91,"ohms","<=",200,"P",15.4845,***,"",
3,"EFUSE_RESISTANCE_MEASUREMENT","","BANKB_EFUSE_RESISTANCE_BIT25",480710,"",1,1,"ISEN_PS1600",3,"384","","",65,"<=",91,"ohms","<=",200,"P",15.4845,***,"",
3,"EFUSE_RESISTANCE_MEASUREMENT","","BANKB_EFUSE_RESISTANCE_BIT24",480720,"",1,1,"ISEN_PS1600",3,"384","","",65,"<=",79.6,"ohms","<=",200,"P",15.4845,***,"",
3,"EFUSE_RESISTANCE_MEASUREMENT","","BANKB_EFUSE_RESISTANCE_BIT23",480730,"",1,1,"ISEN_PS1600",3,"384","","",65,"<=",79.6,"ohms","<=",200,"P",15.4845,***,"",
3,"EFUSE_RESISTANCE_MEASUREMENT","","BANKB_EFUSE_RESISTANCE_BIT22",480740,"",1,1,"ISEN_PS1600",3,"384","","",65,"<=",91,"ohms","<=",200,"P",15.4845,***,"",
3,"EFUSE_RESISTANCE_MEASUREMENT","","BANKB_EFUSE_RESISTANCE_BIT21",480750,"",1,1,"ISEN_PS1600",3,"384","","",65,"<=",91,"ohms","<=",200,"P",15.4845,***,"",
3,"EFUSE_RESISTANCE_MEASUREMENT","","BANKB_EFUSE_RESISTANCE_BIT20",480760,"",1,1,"ISEN_PS1600",3,"384","","",65,"<=",91,"ohms","<=",200,"P",15.4845,***,"",
3,"EFUSE_RESISTANCE_MEASUREMENT","","BANKB_EFUSE_RESISTANCE_BIT19",480770,"",1,1,"ISEN_PS1600",3,"384","","",65,"<=",91,"ohms","<=",200,"P",15.4845,***,"",
3,"EFUSE_RESISTANCE_MEASUREMENT","","BANKB_EFUSE_RESISTANCE_BIT18",480780,"",1,1,"ISEN_PS1600",3,"384","","",65,"<=",91,"ohms","<=",200,"P",15.4845,***,"",
3,"EFUSE_RESISTANCE_MEASUREMENT","","BANKB_EFUSE_RESISTANCE_BIT17",480790,"",1,1,"ISEN_PS1600",3,"384","","",65,"<=",79.6,"ohms","<=",200,"P",15.4845,***,"",
3,"EFUSE_RESISTANCE_MEASUREMENT","","BANKB_EFUSE_RESISTANCE_BIT16",480800,"",1,1,"ISEN_PS1600",3,"384","","",65,"<=",91,"ohms","<=",200,"P",15.4845,***,"",
3,"EFUSE_RESISTANCE_MEASUREMENT","","BANKB_EFUSE_RESISTANCE_BIT15",480810,"",1,1,"ISEN_PS1600",3,"384","","",65,"<=",91,"ohms","<=",200,"P",15.4845,***,"",
3,"EFUSE_RESISTANCE_MEASUREMENT","","BANKB_EFUSE_RESISTANCE_BIT14",480820,"",1,1,"ISEN_PS1600",3,"384","","",65,"<=",91,"ohms","<=",200,"P",15.4845,***,"",
3,"EFUSE_RESISTANCE_MEASUREMENT","","BANKB_EFUSE_RESISTANCE_BIT13",480830,"",1,1,"ISEN_PS1600",3,"384","","",65,"<=",91,"ohms","<=",200,"P",15.4845,***,"",
3,"EFUSE_RESISTANCE_MEASUREMENT","","BANKB_EFUSE_RESISTANCE_BIT12",480840,"",1,1,"ISEN_PS1600",3,"384","","",65,"<=",91,"ohms","<=",200,"P",15.4845,***,"",
3,"EFUSE_RESISTANCE_MEASUREMENT","","BANKB_EFUSE_RESISTANCE_BIT11",480850,"",1,1,"ISEN_PS1600",3,"384","","",65,"<=",91,"ohms","<=",200,"P",15.4845,***,"",
3,"EFUSE_RESISTANCE_MEASUREMENT","","BANKB_EFUSE_RESISTANCE_BIT10",480860,"",1,1,"ISEN_PS1600",3,"384","","",65,"<=",91,"ohms","<=",200,"P",15.4845,***,"",
3,"EFUSE_RESISTANCE_MEASUREMENT","","BANKB_EFUSE_RESISTANCE_BIT9",480870,"",1,1,"ISEN_PS1600",3,"384","","",65,"<=",91,"ohms","<=",200,"P",15.4845,***,"",
3,"EFUSE_RESISTANCE_MEASUREMENT","","BANKB_EFUSE_RESISTANCE_BIT8",480880,"",1,1,"ISEN_PS1600",3,"384","","",65,"<=",91,"ohms","<=",200,"P",15.4845,***,"",
3,"EFUSE_RESISTANCE_MEASUREMENT","","BANKB_EFUSE_RESISTANCE_BIT7",480890,"",1,1,"ISEN_PS1600",3,"384","","",65,"<=",91,"ohms","<=",200,"P",15.4845,***,"",
3,"EFUSE_RESISTANCE_MEASUREMENT","","BANKB_EFUSE_RESISTANCE_BIT6",480900,"",1,1,"ISEN_PS1600",3,"384","","",65,"<=",91,"ohms","<=",200,"P",15.4845,***,"",
3,"EFUSE_RESISTANCE_MEASUREMENT","","BANKB_EFUSE_RESISTANCE_BIT5",480910,"",1,1,"ISEN_PS1600",3,"384","","",65,"<=",91,"ohms","<=",200,"P",15.4845,***,"",
3,"EFUSE_RESISTANCE_MEASUREMENT","","BANKB_EFUSE_RESISTANCE_BIT4",480920,"",1,1,"ISEN_PS1600",3,"384","","",65,"<=",91,"ohms","<=",200,"P",15.4845,***,"",
3,"EFUSE_RESISTANCE_MEASUREMENT","","BANKB_EFUSE_RESISTANCE_BIT3",480930,"",1,1,"ISEN_PS1600",3,"384","","",65,"<=",91,"ohms","<=",200,"P",15.4845,***,"",
3,"EFUSE_RESISTANCE_MEASUREMENT","","BANKB_EFUSE_RESISTANCE_BIT2",480940,"",1,1,"ISEN_PS1600",3,"384","","",65,"<=",79.6,"ohms","<=",200,"P",15.4845,***,"",
3,"EFUSE_RESISTANCE_MEASUREMENT","","BANKB_EFUSE_RESISTANCE_BIT1",480950,"",1,1,"ISEN_PS1600",3,"384","","",65,"<=",91,"ohms","<=",200,"P",15.4845,***,"",
3,"EFUSE_RESISTANCE_MEASUREMENT","","BANKB_EFUSE_RESISTANCE_BIT0",480960,"",1,1,"ISEN_PS1600",3,"384","","",65,"<=",79.6,"ohms","<=",200,"P",15.4845,***,"",
3,"PRE_BURN_PASS_FET_LEAKAGE","","PRE_Forward_Leakage_FET",470010,"",1,1,"ISEN_PS1600",3,"384","","",-20,"<=",0,"nA","<=",20,"P",0.145231,***,"",
3,"PRE_BURN_PASS_FET_LEAKAGE","","PRE_Reverse_Leakage_FET",470020,"",1,1,"ISEN_PS1600",3,"384","","",-20,"<=",-2,"nA","<=",20,"P",0.145231,***,"",
3,"EFUSE_BURN","","EFUSE_BURN_DONE",850010,"",1,1,"@",3,"384","","",1,"<=",1,"","<=",1,"P",15.7901,***,"",
3,"eFUSE_burn_readmargin","","BANKA_READMARGIN_UNBLOWN_BIT_0",430010,"",1,1,"OFF_PS1600",3,"384","","",0,"<=",0,"","<=",0,"P",23.7395,***,"",
3,"eFUSE_burn_readmargin","","BANKA_UNBURN_BIT_0",430490,"",1,1,"OFF_PS1600",3,"384","","",0,"<=",0,"","<=",0,"P",23.7395,***,"",
3,"eFUSE_burn_readmargin","","BANKA_BIT_UNBLOWN_TRUE_0",430970,"",1,1,"OFF_PS1600",3,"384","","",1,"<=",1,"","<=",1,"P",23.7395,***,"",
3,"eFUSE_burn_readmargin","","BANKA_READMARGIN_UNBLOWN_BIT_1",430020,"",1,1,"OFF_PS1600",3,"384","","",0,"<=",0,"","<=",0,"P",23.7395,***,"",
3,"eFUSE_burn_readmargin","","BANKA_UNBURN_BIT_1",430500,"",1,1,"OFF_PS1600",3,"384","","",0,"<=",0,"","<=",0,"P",23.7395,***,"",
3,"eFUSE_burn_readmargin","","BANKA_BIT_UNBLOWN_TRUE_1",430980,"",1,1,"OFF_PS1600",3,"384","","",1,"<=",1,"","<=",1,"P",23.7395,***,"",
3,"eFUSE_burn_readmargin","","BANKA_READMARGIN_UNBLOWN_BIT_2",430030,"",1,1,"OFF_PS1600",3,"384","","",0,"<=",0,"","<=",0,"P",23.7395,***,"",
3,"eFUSE_burn_readmargin","","BANKA_UNBURN_BIT_2",430510,"",1,1,"OFF_PS1600",3,"384","","",0,"<=",0,"","<=",0,"P",23.7395,***,"",
3,"eFUSE_burn_readmargin","","BANKA_BIT_UNBLOWN_TRUE_2",430990,"",1,1,"OFF_PS1600",3,"384","","",1,"<=",1,"","<=",1,"P",23.7395,***,"",
3,"eFUSE_burn_readmargin","","BANKA_READMARGIN_UNBLOWN_BIT_3",430040,"",1,1,"OFF_PS1600",3,"384","","",0,"<=",0,"","<=",0,"P",23.7395,***,"",
3,"eFUSE_burn_readmargin","","BANKA_UNBURN_BIT_3",430520,"",1,1,"OFF_PS1600",3,"384","","",0,"<=",0,"","<=",0,"P",23.7395,***,"",
3,"eFUSE_burn_readmargin","","BANKA_BIT_UNBLOWN_TRUE_3",431000,"",1,1,"OFF_PS1600",3,"384","","",1,"<=",1,"","<=",1,"P",23.7395,***,"",
3,"eFUSE_burn_readmargin","","BANKA_READMARGIN_UNBLOWN_BIT_4",430050,"",1,1,"OFF_PS1600",3,"384","","",0,"<=",0,"","<=",0,"P",23.7395,***,"",
3,"eFUSE_burn_readmargin","","BANKA_UNBURN_BIT_4",430530,"",1,1,"OFF_PS1600",3,"384","","",0,"<=",0,"","<=",0,"P",23.7395,***,"",
3,"eFUSE_burn_readmargin","","BANKA_BIT_UNBLOWN_TRUE_4",431010,"",1,1,"OFF_PS1600",3,"384","","",1,"<=",1,"","<=",1,"P",23.7395,***,"",
3,"eFUSE_burn_readmargin","","BANKA_READMARGIN_BLOWN_BIT_5",530060,"",1,1,"OFF_PS1600",3,"384","","",1,"<=",1,"","<=",1,"P",23.7395,***,"",
3,"eFUSE_burn_readmargin","","BANKA_BURN_BIT_5",530540,"",1,1,"OFF_PS1600",3,"384","","",1,"<=",1,"","<=",1,"P",23.7395,***,"",
3,"eFUSE_burn_readmargin","","BANKA_BIT_BLOWN_TRUE_5",531020,"",1,1,"OFF_PS1600",3,"384","","",1,"<=",1,"","<=",1,"P",23.7395,***,"",
3,"eFUSE_burn_readmargin","","BANKA_READMARGIN_UNBLOWN_BIT_6",430070,"",1,1,"OFF_PS1600",3,"384","","",0,"<=",0,"","<=",0,"P",23.7395,***,"",
3,"eFUSE_burn_readmargin","","BANKA_UNBURN_BIT_6",430550,"",1,1,"OFF_PS1600",3,"384","","",0,"<=",0,"","<=",0,"P",23.7395,***,"",
3,"eFUSE_burn_readmargin","","BANKA_BIT_UNBLOWN_TRUE_6",431030,"",1,1,"OFF_PS1600",3,"384","","",1,"<=",1,"","<=",1,"P",23.7395,***,"",
3,"eFUSE_burn_readmargin","","BANKA_READMARGIN_UNBLOWN_BIT_7",430080,"",1,1,"OFF_PS1600",3,"384","","",0,"<=",0,"","<=",0,"P",1.71252,***,"",
3,"eFUSE_burn_readmargin","","BANKA_UNBURN_BIT_7",430560,"",1,1,"OFF_PS1600",3,"384","","",0,"<=",0,"","<=",0,"P",1.71252,***,"",
3,"eFUSE_burn_readmargin","","BANKA_BIT_UNBLOWN_TRUE_7",431040,"",1,1,"OFF_PS1600",3,"384","","",1,"<=",1,"","<=",1,"P",1.71252,***,"",
3,"eFUSE_burn_readmargin","","BANKA_READMARGIN_UNBLOWN_BIT_8",430090,"",1,1,"OFF_PS1600",3,"384","","",0,"<=",0,"","<=",0,"P",1.76467,***,"",
3,"eFUSE_burn_readmargin","","BANKA_UNBURN_BIT_8",430570,"",1,1,"OFF_PS1600",3,"384","","",0,"<=",0,"","<=",0,"P",1.76467,***,"",
3,"eFUSE_burn_readmargin","","BANKA_BIT_UNBLOWN_TRUE_8",431050,"",1,1,"OFF_PS1600",3,"384","","",1,"<=",1,"","<=",1,"P",1.76467,***,"",
3,"eFUSE_burn_readmargin","","BANKA_READMARGIN_UNBLOWN_BIT_9",430100,"",1,1,"OFF_PS1600",3,"384","","",0,"<=",0,"","<=",0,"P",1.76467,***,"",
3,"eFUSE_burn_readmargin","","BANKA_UNBURN_BIT_9",430580,"",1,1,"OFF_PS1600",3,"384","","",0,"<=",0,"","<=",0,"P",1.76467,***,"",
3,"eFUSE_burn_readmargin","","BANKA_BIT_UNBLOWN_TRUE_9",431060,"",1,1,"OFF_PS1600",3,"384","","",1,"<=",1,"","<=",1,"P",1.76467,***,"",
3,"eFUSE_burn_readmargin","","BANKA_READMARGIN_BLOWN_BIT_10",530110,"",1,1,"OFF_PS1600",3,"384","","",1,"<=",1,"","<=",1,"P",1.76467,***,"",
3,"eFUSE_burn_readmargin","","BANKA_BURN_BIT_10",530590,"",1,1,"OFF_PS1600",3,"384","","",1,"<=",1,"","<=",1,"P",1.76467,***,"",
3,"eFUSE_burn_readmargin","","BANKA_BIT_BLOWN_TRUE_10",531070,"",1,1,"OFF_PS1600",3,"384","","",1,"<=",1,"","<=",1,"P",1.76467,***,"",
3,"eFUSE_burn_readmargin","","BANKA_READMARGIN_BLOWN_BIT_11",530120,"",1,1,"OFF_PS1600",3,"384","","",1,"<=",1,"","<=",1,"P",1.71409,***,"",
3,"eFUSE_burn_readmargin","","BANKA_BURN_BIT_11",530600,"",1,1,"OFF_PS1600",3,"384","","",1,"<=",1,"","<=",1,"P",1.71409,***,"",
3,"eFUSE_burn_readmargin","","BANKA_BIT_BLOWN_TRUE_11",531080,"",1,1,"OFF_PS1600",3,"384","","",1,"<=",1,"","<=",1,"P",1.71409,***,"",
3,"eFUSE_burn_readmargin","","BANKA_READMARGIN_UNBLOWN_BIT_12",430130,"",1,1,"OFF_PS1600",3,"384","","",0,"<=",0,"","<=",0,"P",45.6797,***,"",
3,"eFUSE_burn_readmargin","","BANKA_UNBURN_BIT_12",430610,"",1,1,"OFF_PS1600",3,"384","","",0,"<=",0,"","<=",0,"P",45.6797,***,"",
3,"eFUSE_burn_readmargin","","BANKA_BIT_UNBLOWN_TRUE_12",431090,"",1,1,"OFF_PS1600",3,"384","","",1,"<=",1,"","<=",1,"P",45.6797,***,"",
3,"eFUSE_burn_readmargin","","BANKA_READMARGIN_UNBLOWN_BIT_13",430140,"",1,1,"OFF_PS1600",3,"384","","",0,"<=",0,"","<=",0,"P",23.7395,***,"",
3,"eFUSE_burn_readmargin","","BANKA_UNBURN_BIT_13",430620,"",1,1,"OFF_PS1600",3,"384","","",0,"<=",0,"","<=",0,"P",23.7395,***,"",
3,"eFUSE_burn_readmargin","","BANKA_BIT_UNBLOWN_TRUE_13",431100,"",1,1,"OFF_PS1600",3,"384","","",1,"<=",1,"","<=",1,"P",23.7395,***,"",
3,"eFUSE_burn_readmargin","","BANKA_READMARGIN_BLOWN_BIT_14",530150,"",1,1,"OFF_PS1600",3,"384","","",1,"<=",1,"","<=",1,"P",23.7395,***,"",
3,"eFUSE_burn_readmargin","","BANKA_BURN_BIT_14",530630,"",1,1,"OFF_PS1600",3,"384","","",1,"<=",1,"","<=",1,"P",23.7395,***,"",
3,"eFUSE_burn_readmargin","","BANKA_BIT_BLOWN_TRUE_14",531110,"",1,1,"OFF_PS1600",3,"384","","",1,"<=",1,"","<=",1,"P",23.7395,***,"",
3,"eFUSE_burn_readmargin","","BANKA_READMARGIN_BLOWN_BIT_15",530160,"",1,1,"OFF_PS1600",3,"384","","",1,"<=",1,"","<=",1,"P",28.1464,***,"",
3,"eFUSE_burn_readmargin","","BANKA_BURN_BIT_15",530640,"",1,1,"OFF_PS1600",3,"384","","",1,"<=",1,"","<=",1,"P",28.1464,***,"",
3,"eFUSE_burn_readmargin","","BANKA_BIT_BLOWN_TRUE_15",531120,"",1,1,"OFF_PS1600",3,"384","","",1,"<=",1,"","<=",1,"P",28.1464,***,"",
3,"eFUSE_burn_readmargin","","BANKA_READMARGIN_BLOWN_BIT_16",530170,"",1,1,"OFF_PS1600",3,"384","","",1,"<=",1,"","<=",1,"P",23.7395,***,"",
3,"eFUSE_burn_readmargin","","BANKA_BURN_BIT_16",530650,"",1,1,"OFF_PS1600",3,"384","","",1,"<=",1,"","<=",1,"P",23.7395,***,"",
3,"eFUSE_burn_readmargin","","BANKA_BIT_BLOWN_TRUE_16",531130,"",1,1,"OFF_PS1600",3,"384","","",1,"<=",1,"","<=",1,"P",23.7395,***,"",
3,"eFUSE_burn_readmargin","","BANKA_READMARGIN_BLOWN_BIT_17",530180,"",1,1,"OFF_PS1600",3,"384","","",1,"<=",1,"","<=",1,"P",23.7395,***,"",
3,"eFUSE_burn_readmargin","","BANKA_BURN_BIT_17",530660,"",1,1,"OFF_PS1600",3,"384","","",1,"<=",1,"","<=",1,"P",23.7395,***,"",
3,"eFUSE_burn_readmargin","","BANKA_BIT_BLOWN_TRUE_17",531140,"",1,1,"OFF_PS1600",3,"384","","",1,"<=",1,"","<=",1,"P",23.7395,***,"",
3,"eFUSE_burn_readmargin","","BANKA_READMARGIN_UNBLOWN_BIT_18",430190,"",1,1,"OFF_PS1600",3,"384","","",0,"<=",0,"","<=",0,"P",23.7395,***,"",
3,"eFUSE_burn_readmargin","","BANKA_UNBURN_BIT_18",430670,"",1,1,"OFF_PS1600",3,"384","","",0,"<=",0,"","<=",0,"P",23.7395,***,"",
3,"eFUSE_burn_readmargin","","BANKA_BIT_UNBLOWN_TRUE_18",431150,"",1,1,"OFF_PS1600",3,"384","","",1,"<=",1,"","<=",1,"P",23.7395,***,"",
3,"eFUSE_burn_readmargin","","BANKA_READMARGIN_UNBLOWN_BIT_19",430200,"",1,1,"OFF_PS1600",3,"384","","",0,"<=",0,"","<=",0,"P",23.7395,***,"",
3,"eFUSE_burn_readmargin","","BANKA_UNBURN_BIT_19",430680,"",1,1,"OFF_PS1600",3,"384","","",0,"<=",0,"","<=",0,"P",23.7395,***,"",
3,"eFUSE_burn_readmargin","","BANKA_BIT_UNBLOWN_TRUE_19",431160,"",1,1,"OFF_PS1600",3,"384","","",1,"<=",1,"","<=",1,"P",23.7395,***,"",
3,"eFUSE_burn_readmargin","","BANKA_READMARGIN_UNBLOWN_BIT_20",430210,"",1,1,"OFF_PS1600",3,"384","","",0,"<=",0,"","<=",0,"P",23.7395,***,"",
3,"eFUSE_burn_readmargin","","BANKA_UNBURN_BIT_20",430690,"",1,1,"OFF_PS1600",3,"384","","",0,"<=",0,"","<=",0,"P",23.7395,***,"",
3,"eFUSE_burn_readmargin","","BANKA_BIT_UNBLOWN_TRUE_20",431170,"",1,1,"OFF_PS1600",3,"384","","",1,"<=",1,"","<=",1,"P",23.7395,***,"",
3,"eFUSE_burn_readmargin","","BANKA_READMARGIN_UNBLOWN_BIT_21",430220,"",1,1,"OFF_PS1600",3,"384","","",0,"<=",0,"","<=",0,"P",23.7395,***,"",
3,"eFUSE_burn_readmargin","","BANKA_UNBURN_BIT_21",430700,"",1,1,"OFF_PS1600",3,"384","","",0,"<=",0,"","<=",0,"P",23.7395,***,"",
3,"eFUSE_burn_readmargin","","BANKA_BIT_UNBLOWN_TRUE_21",431180,"",1,1,"OFF_PS1600",3,"384","","",1,"<=",1,"","<=",1,"P",23.7395,***,"",
3,"eFUSE_burn_readmargin","","BANKA_READMARGIN_UNBLOWN_BIT_22",430230,"",1,1,"OFF_PS1600",3,"384","","",0,"<=",0,"","<=",0,"P",23.7395,***,"",
3,"eFUSE_burn_readmargin","","BANKA_UNBURN_BIT_22",430710,"",1,1,"OFF_PS1600",3,"384","","",0,"<=",0,"","<=",0,"P",23.7395,***,"",
3,"eFUSE_burn_readmargin","","BANKA_BIT_UNBLOWN_TRUE_22",431190,"",1,1,"OFF_PS1600",3,"384","","",1,"<=",1,"","<=",1,"P",23.7395,***,"",
3,"eFUSE_burn_readmargin","","BANKA_READMARGIN_UNBLOWN_BIT_23",430240,"",1,1,"OFF_PS1600",3,"384","","",0,"<=",0,"","<=",0,"P",23.7395,***,"",
3,"eFUSE_burn_readmargin","","BANKA_UNBURN_BIT_23",430720,"",1,1,"OFF_PS1600",3,"384","","",0,"<=",0,"","<=",0,"P",23.7395,***,"",
3,"eFUSE_burn_readmargin","","BANKA_BIT_UNBLOWN_TRUE_23",431200,"",1,1,"OFF_PS1600",3,"384","","",1,"<=",1,"","<=",1,"P",23.7395,***,"",
3,"eFUSE_burn_readmargin","","BANKA_READMARGIN_UNBLOWN_BIT_24",430250,"",1,1,"OFF_PS1600",3,"384","","",0,"<=",0,"","<=",0,"P",28.1462,***,"",
3,"eFUSE_burn_readmargin","","BANKA_UNBURN_BIT_24",430730,"",1,1,"OFF_PS1600",3,"384","","",0,"<=",0,"","<=",0,"P",28.1462,***,"",
3,"eFUSE_burn_readmargin","","BANKA_BIT_UNBLOWN_TRUE_24",431210,"",1,1,"OFF_PS1600",3,"384","","",1,"<=",1,"","<=",1,"P",28.1462,***,"",
3,"eFUSE_burn_readmargin","","BANKA_READMARGIN_UNBLOWN_BIT_25",430260,"",1,1,"OFF_PS1600",3,"384","","",0,"<=",0,"","<=",0,"P",23.7395,***,"",
3,"eFUSE_burn_readmargin","","BANKA_UNBURN_BIT_25",430740,"",1,1,"OFF_PS1600",3,"384","","",0,"<=",0,"","<=",0,"P",23.7395,***,"",
3,"eFUSE_burn_readmargin","","BANKA_BIT_UNBLOWN_TRUE_25",431220,"",1,1,"OFF_PS1600",3,"384","","",1,"<=",1,"","<=",1,"P",23.7395,***,"",
3,"eFUSE_burn_readmargin","","BANKA_READMARGIN_BLOWN_BIT_26",530270,"",1,1,"OFF_PS1600",3,"384","","",1,"<=",1,"","<=",1,"P",23.7395,***,"",
3,"eFUSE_burn_readmargin","","BANKA_BURN_BIT_26",530750,"",1,1,"OFF_PS1600",3,"384","","",1,"<=",1,"","<=",1,"P",23.7395,***,"",
3,"eFUSE_burn_readmargin","","BANKA_BIT_BLOWN_TRUE_26",531230,"",1,1,"OFF_PS1600",3,"384","","",1,"<=",1,"","<=",1,"P",23.7395,***,"",
3,"eFUSE_burn_readmargin","","BANKA_READMARGIN_BLOWN_BIT_27",530280,"",1,1,"OFF_PS1600",3,"384","","",1,"<=",1,"","<=",1,"P",23.7395,***,"",
3,"eFUSE_burn_readmargin","","BANKA_BURN_BIT_27",530760,"",1,1,"OFF_PS1600",3,"384","","",1,"<=",1,"","<=",1,"P",23.7395,***,"",
3,"eFUSE_burn_readmargin","","BANKA_BIT_BLOWN_TRUE_27",531240,"",1,1,"OFF_PS1600",3,"384","","",1,"<=",1,"","<=",1,"P",23.7395,***,"",
3,"eFUSE_burn_readmargin","","BANKA_READMARGIN_UNBLOWN_BIT_28",430290,"",1,1,"OFF_PS1600",3,"384","","",0,"<=",0,"","<=",0,"P",23.7395,***,"",
3,"eFUSE_burn_readmargin","","BANKA_UNBURN_BIT_28",430770,"",1,1,"OFF_PS1600",3,"384","","",0,"<=",0,"","<=",0,"P",23.7395,***,"",
3,"eFUSE_burn_readmargin","","BANKA_BIT_UNBLOWN_TRUE_28",431250,"",1,1,"OFF_PS1600",3,"384","","",1,"<=",1,"","<=",1,"P",23.7395,***,"",
3,"eFUSE_burn_readmargin","","BANKA_READMARGIN_UNBLOWN_BIT_29",430300,"",1,1,"OFF_PS1600",3,"384","","",0,"<=",0,"","<=",0,"P",1.80532,***,"",
3,"eFUSE_burn_readmargin","","BANKA_UNBURN_BIT_29",430780,"",1,1,"OFF_PS1600",3,"384","","",0,"<=",0,"","<=",0,"P",1.80532,***,"",
3,"eFUSE_burn_readmargin","","BANKA_BIT_UNBLOWN_TRUE_29",431260,"",1,1,"OFF_PS1600",3,"384","","",1,"<=",1,"","<=",1,"P",1.80532,***,"",
3,"eFUSE_burn_readmargin","","BANKA_READMARGIN_UNBLOWN_BIT_30",430310,"",1,1,"OFF_PS1600",3,"384","","",0,"<=",0,"","<=",0,"P",45.6797,***,"",
3,"eFUSE_burn_readmargin","","BANKA_UNBURN_BIT_30",430790,"",1,1,"OFF_PS1600",3,"384","","",0,"<=",0,"","<=",0,"P",45.6797,***,"",
3,"eFUSE_burn_readmargin","","BANKA_BIT_UNBLOWN_TRUE_30",431270,"",1,1,"OFF_PS1600",3,"384","","",1,"<=",1,"","<=",1,"P",45.6797,***,"",
3,"eFUSE_burn_readmargin","","BANKA_READMARGIN_BLOWN_BIT_31",530320,"",1,1,"OFF_PS1600",3,"384","","",1,"<=",1,"","<=",1,"P",34.6861,***,"",
3,"eFUSE_burn_readmargin","","BANKA_BURN_BIT_31",530800,"",1,1,"OFF_PS1600",3,"384","","",1,"<=",1,"","<=",1,"P",34.6861,***,"",
3,"eFUSE_burn_readmargin","","BANKA_BIT_BLOWN_TRUE_31",531280,"",1,1,"OFF_PS1600",3,"384","","",1,"<=",1,"","<=",1,"P",34.6861,***,"",
3,"eFUSE_burn_readmargin","","BANKA_READMARGIN_UNBLOWN_BIT_32",430330,"",1,1,"OFF_PS1600",3,"384","","",0,"<=",0,"","<=",0,"P",34.6861,***,"",
3,"eFUSE_burn_readmargin","","BANKA_UNBURN_BIT_32",430810,"",1,1,"OFF_PS1600",3,"384","","",0,"<=",0,"","<=",0,"P",34.6861,***,"",
3,"eFUSE_burn_readmargin","","BANKA_BIT_UNBLOWN_TRUE_32",431290,"",1,1,"OFF_PS1600",3,"384","","",1,"<=",1,"","<=",1,"P",34.6861,***,"",
3,"eFUSE_burn_readmargin","","BANKA_READMARGIN_UNBLOWN_BIT_33",430340,"",1,1,"OFF_PS1600",3,"384","","",0,"<=",0,"","<=",0,"P",34.6861,***,"",
3,"eFUSE_burn_readmargin","","BANKA_UNBURN_BIT_33",430820,"",1,1,"OFF_PS1600",3,"384","","",0,"<=",0,"","<=",0,"P",34.6861,***,"",
3,"eFUSE_burn_readmargin","","BANKA_BIT_UNBLOWN_TRUE_33",431300,"",1,1,"OFF_PS1600",3,"384","","",1,"<=",1,"","<=",1,"P",34.6861,***,"",
3,"eFUSE_burn_readmargin","","BANKA_READMARGIN_UNBLOWN_BIT_34",430350,"",1,1,"OFF_PS1600",3,"384","","",0,"<=",0,"","<=",0,"P",34.6861,***,"",
3,"eFUSE_burn_readmargin","","BANKA_UNBURN_BIT_34",430830,"",1,1,"OFF_PS1600",3,"384","","",0,"<=",0,"","<=",0,"P",34.6861,***,"",
3,"eFUSE_burn_readmargin","","BANKA_BIT_UNBLOWN_TRUE_34",431310,"",1,1,"OFF_PS1600",3,"384","","",1,"<=",1,"","<=",1,"P",34.6861,***,"",
3,"eFUSE_burn_readmargin","","BANKA_READMARGIN_UNBLOWN_BIT_35",430360,"",1,1,"OFF_PS1600",3,"384","","",0,"<=",0,"","<=",0,"P",34.6861,***,"",
3,"eFUSE_burn_readmargin","","BANKA_UNBURN_BIT_35",430840,"",1,1,"OFF_PS1600",3,"384","","",0,"<=",0,"","<=",0,"P",34.6861,***,"",
3,"eFUSE_burn_readmargin","","BANKA_BIT_UNBLOWN_TRUE_35",431320,"",1,1,"OFF_PS1600",3,"384","","",1,"<=",1,"","<=",1,"P",34.6861,***,"",
3,"eFUSE_burn_readmargin","","BANKA_READMARGIN_BLOWN_BIT_36",530370,"",1,1,"OFF_PS1600",3,"384","","",1,"<=",1,"","<=",1,"P",34.6861,***,"",
3,"eFUSE_burn_readmargin","","BANKA_BURN_BIT_36",530850,"",1,1,"OFF_PS1600",3,"384","","",1,"<=",1,"","<=",1,"P",34.6861,***,"",
3,"eFUSE_burn_readmargin","","BANKA_BIT_BLOWN_TRUE_36",531330,"",1,1,"OFF_PS1600",3,"384","","",1,"<=",1,"","<=",1,"P",34.6861,***,"",
3,"eFUSE_burn_readmargin","","BANKA_READMARGIN_BLOWN_BIT_37",530380,"",1,1,"OFF_PS1600",3,"384","","",1,"<=",1,"","<=",1,"P",23.7395,***,"",
3,"eFUSE_burn_readmargin","","BANKA_BURN_BIT_37",530860,"",1,1,"OFF_PS1600",3,"384","","",1,"<=",1,"","<=",1,"P",23.7395,***,"",
3,"eFUSE_burn_readmargin","","BANKA_BIT_BLOWN_TRUE_37",531340,"",1,1,"OFF_PS1600",3,"384","","",1,"<=",1,"","<=",1,"P",23.7395,***,"",
3,"eFUSE_burn_readmargin","","BANKA_READMARGIN_UNBLOWN_BIT_38",430390,"",1,1,"OFF_PS1600",3,"384","","",0,"<=",0,"","<=",0,"P",1.7101,***,"",
3,"eFUSE_burn_readmargin","","BANKA_UNBURN_BIT_38",430870,"",1,1,"OFF_PS1600",3,"384","","",0,"<=",0,"","<=",0,"P",1.7101,***,"",
3,"eFUSE_burn_readmargin","","BANKA_BIT_UNBLOWN_TRUE_38",431350,"",1,1,"OFF_PS1600",3,"384","","",1,"<=",1,"","<=",1,"P",1.7101,***,"",
3,"eFUSE_burn_readmargin","","BANKA_READMARGIN_UNBLOWN_BIT_39",430400,"",1,1,"OFF_PS1600",3,"384","","",0,"<=",0,"","<=",0,"P",1.77922,***,"",
3,"eFUSE_burn_readmargin","","BANKA_UNBURN_BIT_39",430880,"",1,1,"OFF_PS1600",3,"384","","",0,"<=",0,"","<=",0,"P",1.77922,***,"",
3,"eFUSE_burn_readmargin","","BANKA_BIT_UNBLOWN_TRUE_39",431360,"",1,1,"OFF_PS1600",3,"384","","",1,"<=",1,"","<=",1,"P",1.77922,***,"",
3,"eFUSE_burn_readmargin","","BANKA_READMARGIN_UNBLOWN_BIT_40",430410,"",1,1,"OFF_PS1600",3,"384","","",0,"<=",0,"","<=",0,"P",34.6861,***,"",
3,"eFUSE_burn_readmargin","","BANKA_UNBURN_BIT_40",430890,"",1,1,"OFF_PS1600",3,"384","","",0,"<=",0,"","<=",0,"P",34.6861,***,"",
3,"eFUSE_burn_readmargin","","BANKA_BIT_UNBLOWN_TRUE_40",431370,"",1,1,"OFF_PS1600",3,"384","","",1,"<=",1,"","<=",1,"P",34.6861,***,"",
3,"eFUSE_burn_readmargin","","BANKA_READMARGIN_BLOWN_BIT_41",530420,"",1,1,"OFF_PS1600",3,"384","","",1,"<=",1,"","<=",1,"P",34.6861,***,"",
3,"eFUSE_burn_readmargin","","BANKA_BURN_BIT_41",530900,"",1,1,"OFF_PS1600",3,"384","","",1,"<=",1,"","<=",1,"P",34.6861,***,"",
3,"eFUSE_burn_readmargin","","BANKA_BIT_BLOWN_TRUE_41",531380,"",1,1,"OFF_PS1600",3,"384","","",1,"<=",1,"","<=",1,"P",34.6861,***,"",
3,"eFUSE_burn_readmargin","","BANKA_READMARGIN_BLOWN_BIT_42",530430,"",1,1,"OFF_PS1600",3,"384","","",1,"<=",1,"","<=",1,"P",23.7395,***,"",
3,"eFUSE_burn_readmargin","","BANKA_BURN_BIT_42",530910,"",1,1,"OFF_PS1600",3,"384","","",1,"<=",1,"","<=",1,"P",23.7395,***,"",
3,"eFUSE_burn_readmargin","","BANKA_BIT_BLOWN_TRUE_42",531390,"",1,1,"OFF_PS1600",3,"384","","",1,"<=",1,"","<=",1,"P",23.7395,***,"",
3,"eFUSE_burn_readmargin","","BANKA_READMARGIN_BLOWN_BIT_43",530440,"",1,1,"OFF_PS1600",3,"384","","",1,"<=",1,"","<=",1,"P",28.1464,***,"",
3,"eFUSE_burn_readmargin","","BANKA_BURN_BIT_43",530920,"",1,1,"OFF_PS1600",3,"384","","",1,"<=",1,"","<=",1,"P",28.1464,***,"",
3,"eFUSE_burn_readmargin","","BANKA_BIT_BLOWN_TRUE_43",531400,"",1,1,"OFF_PS1600",3,"384","","",1,"<=",1,"","<=",1,"P",28.1464,***,"",
3,"eFUSE_burn_readmargin","","BANKA_READMARGIN_UNBLOWN_BIT_44",430450,"",1,1,"OFF_PS1600",3,"384","","",0,"<=",0,"","<=",0,"P",34.7572,***,"",
3,"eFUSE_burn_readmargin","","BANKA_UNBURN_BIT_44",430930,"",1,1,"OFF_PS1600",3,"384","","",0,"<=",0,"","<=",0,"P",34.7572,***,"",
3,"eFUSE_burn_readmargin","","BANKA_BIT_UNBLOWN_TRUE_44",431410,"",1,1,"OFF_PS1600",3,"384","","",1,"<=",1,"","<=",1,"P",34.7572,***,"",
3,"eFUSE_burn_readmargin","","BANKA_READMARGIN_UNBLOWN_BIT_45",430460,"",1,1,"OFF_PS1600",3,"384","","",0,"<=",0,"","<=",0,"P",1.78031,***,"",
3,"eFUSE_burn_readmargin","","BANKA_UNBURN_BIT_45",430940,"",1,1,"OFF_PS1600",3,"384","","",0,"<=",0,"","<=",0,"P",1.78031,***,"",
3,"eFUSE_burn_readmargin","","BANKA_BIT_UNBLOWN_TRUE_45",431420,"",1,1,"OFF_PS1600",3,"384","","",1,"<=",1,"","<=",1,"P",1.78031,***,"",
3,"eFUSE_burn_readmargin","","BANKA_READMARGIN_BLOWN_BIT_46",530470,"",1,1,"OFF_PS1600",3,"384","","",1,"<=",1,"","<=",1,"P",28.147,***,"",
3,"eFUSE_burn_readmargin","","BANKA_BURN_BIT_46",530950,"",1,1,"OFF_PS1600",3,"384","","",1,"<=",1,"","<=",1,"P",28.147,***,"",
3,"eFUSE_burn_readmargin","","BANKA_BIT_BLOWN_TRUE_46",531430,"",1,1,"OFF_PS1600",3,"384","","",1,"<=",1,"","<=",1,"P",28.147,***,"",
3,"eFUSE_burn_readmargin","","BANKA_READMARGIN_BLOWN_BIT_47",530480,"",1,1,"OFF_PS1600",3,"384","","",1,"<=",1,"","<=",1,"P",23.7395,***,"",
3,"eFUSE_burn_readmargin","","BANKA_BURN_BIT_47",530960,"",1,1,"OFF_PS1600",3,"384","","",1,"<=",1,"","<=",1,"P",23.7395,***,"",
3,"eFUSE_burn_readmargin","","BANKA_BIT_BLOWN_TRUE_47",531440,"",1,1,"OFF_PS1600",3,"384","","",1,"<=",1,"","<=",1,"P",23.7395,***,"",
3,"eFUSE_burn_readmargin","","BANKB_READMARGIN_UNBLOWN_BIT_0",431450,"",1,1,"OFF_PS1600",3,"384","","",0,"<=",0,"","<=",0,"P",23.7395,***,"",
3,"eFUSE_burn_readmargin","","BANKB_UNBURN_BIT_0",431930,"",1,1,"OFF_PS1600",3,"384","","",0,"<=",0,"","<=",0,"P",23.7395,***,"",
3,"eFUSE_burn_readmargin","","BANKB_BIT_UNBLOWN_TRUE_0",432410,"",1,1,"OFF_PS1600",3,"384","","",1,"<=",1,"","<=",1,"P",23.7395,***,"",
3,"eFUSE_burn_readmargin","","BANKB_READMARGIN_UNBLOWN_BIT_1",431460,"",1,1,"OFF_PS1600",3,"384","","",0,"<=",0,"","<=",0,"P",23.7395,***,"",
3,"eFUSE_burn_readmargin","","BANKB_UNBURN_BIT_1",431940,"",1,1,"OFF_PS1600",3,"384","","",0,"<=",0,"","<=",0,"P",23.7395,***,"",
3,"eFUSE_burn_readmargin","","BANKB_BIT_UNBLOWN_TRUE_1",432420,"",1,1,"OFF_PS1600",3,"384","","",1,"<=",1,"","<=",1,"P",23.7395,***,"",
3,"eFUSE_burn_readmargin","","BANKB_READMARGIN_UNBLOWN_BIT_2",431470,"",1,1,"OFF_PS1600",3,"384","","",0,"<=",0,"","<=",0,"P",23.7395,***,"",
3,"eFUSE_burn_readmargin","","BANKB_UNBURN_BIT_2",431950,"",1,1,"OFF_PS1600",3,"384","","",0,"<=",0,"","<=",0,"P",23.7395,***,"",
3,"eFUSE_burn_readmargin","","BANKB_BIT_UNBLOWN_TRUE_2",432430,"",1,1,"OFF_PS1600",3,"384","","",1,"<=",1,"","<=",1,"P",23.7395,***,"",
3,"eFUSE_burn_readmargin","","BANKB_READMARGIN_UNBLOWN_BIT_3",431480,"",1,1,"OFF_PS1600",3,"384","","",0,"<=",0,"","<=",0,"P",23.7395,***,"",
3,"eFUSE_burn_readmargin","","BANKB_UNBURN_BIT_3",431960,"",1,1,"OFF_PS1600",3,"384","","",0,"<=",0,"","<=",0,"P",23.7395,***,"",
3,"eFUSE_burn_readmargin","","BANKB_BIT_UNBLOWN_TRUE_3",432440,"",1,1,"OFF_PS1600",3,"384","","",1,"<=",1,"","<=",1,"P",23.7395,***,"",
3,"eFUSE_burn_readmargin","","BANKB_READMARGIN_UNBLOWN_BIT_4",431490,"",1,1,"OFF_PS1600",3,"384","","",0,"<=",0,"","<=",0,"P",23.7395,***,"",
3,"eFUSE_burn_readmargin","","BANKB_UNBURN_BIT_4",431970,"",1,1,"OFF_PS1600",3,"384","","",0,"<=",0,"","<=",0,"P",23.7395,***,"",
3,"eFUSE_burn_readmargin","","BANKB_BIT_UNBLOWN_TRUE_4",432450,"",1,1,"OFF_PS1600",3,"384","","",1,"<=",1,"","<=",1,"P",23.7395,***,"",
3,"eFUSE_burn_readmargin","","BANKB_READMARGIN_BLOWN_BIT_5",531500,"",1,1,"OFF_PS1600",3,"384","","",1,"<=",1,"","<=",1,"P",23.7395,***,"",
3,"eFUSE_burn_readmargin","","BANKB_BURN_BIT_5",531980,"",1,1,"OFF_PS1600",3,"384","","",1,"<=",1,"","<=",1,"P",23.7395,***,"",
3,"eFUSE_burn_readmargin","","BANKB_BIT_BLOWN_TRUE_5",532460,"",1,1,"OFF_PS1600",3,"384","","",1,"<=",1,"","<=",1,"P",23.7395,***,"",
3,"eFUSE_burn_readmargin","","BANKB_READMARGIN_UNBLOWN_BIT_6",431510,"",1,1,"OFF_PS1600",3,"384","","",0,"<=",0,"","<=",0,"P",23.7395,***,"",
3,"eFUSE_burn_readmargin","","BANKB_UNBURN_BIT_6",431990,"",1,1,"OFF_PS1600",3,"384","","",0,"<=",0,"","<=",0,"P",23.7395,***,"",
3,"eFUSE_burn_readmargin","","BANKB_BIT_UNBLOWN_TRUE_6",432470,"",1,1,"OFF_PS1600",3,"384","","",1,"<=",1,"","<=",1,"P",23.7395,***,"",
3,"eFUSE_burn_readmargin","","BANKB_READMARGIN_UNBLOWN_BIT_7",431520,"",1,1,"OFF_PS1600",3,"384","","",0,"<=",0,"","<=",0,"P",1.71252,***,"",
3,"eFUSE_burn_readmargin","","BANKB_UNBURN_BIT_7",432000,"",1,1,"OFF_PS1600",3,"384","","",0,"<=",0,"","<=",0,"P",1.71252,***,"",
3,"eFUSE_burn_readmargin","","BANKB_BIT_UNBLOWN_TRUE_7",432480,"",1,1,"OFF_PS1600",3,"384","","",1,"<=",1,"","<=",1,"P",1.71252,***,"",
3,"eFUSE_burn_readmargin","","BANKB_READMARGIN_UNBLOWN_BIT_8",431530,"",1,1,"OFF_PS1600",3,"384","","",0,"<=",0,"","<=",0,"P",1.76467,***,"",
3,"eFUSE_burn_readmargin","","BANKB_UNBURN_BIT_8",432010,"",1,1,"OFF_PS1600",3,"384","","",0,"<=",0,"","<=",0,"P",1.76467,***,"",
3,"eFUSE_burn_readmargin","","BANKB_BIT_UNBLOWN_TRUE_8",432490,"",1,1,"OFF_PS1600",3,"384","","",1,"<=",1,"","<=",1,"P",1.76467,***,"",
3,"eFUSE_burn_readmargin","","BANKB_READMARGIN_UNBLOWN_BIT_9",431540,"",1,1,"OFF_PS1600",3,"384","","",0,"<=",0,"","<=",0,"P",1.76467,***,"",
3,"eFUSE_burn_readmargin","","BANKB_UNBURN_BIT_9",432020,"",1,1,"OFF_PS1600",3,"384","","",0,"<=",0,"","<=",0,"P",1.76467,***,"",
3,"eFUSE_burn_readmargin","","BANKB_BIT_UNBLOWN_TRUE_9",432500,"",1,1,"OFF_PS1600",3,"384","","",1,"<=",1,"","<=",1,"P",1.76467,***,"",
3,"eFUSE_burn_readmargin","","BANKB_READMARGIN_BLOWN_BIT_10",531550,"",1,1,"OFF_PS1600",3,"384","","",1,"<=",1,"","<=",1,"P",1.76467,***,"",
3,"eFUSE_burn_readmargin","","BANKB_BURN_BIT_10",532030,"",1,1,"OFF_PS1600",3,"384","","",1,"<=",1,"","<=",1,"P",1.76467,***,"",
3,"eFUSE_burn_readmargin","","BANKB_BIT_BLOWN_TRUE_10",532510,"",1,1,"OFF_PS1600",3,"384","","",1,"<=",1,"","<=",1,"P",1.76467,***,"",
3,"eFUSE_burn_readmargin","","BANKB_READMARGIN_BLOWN_BIT_11",531560,"",1,1,"OFF_PS1600",3,"384","","",1,"<=",1,"","<=",1,"P",1.71409,***,"",
3,"eFUSE_burn_readmargin","","BANKB_BURN_BIT_11",532040,"",1,1,"OFF_PS1600",3,"384","","",1,"<=",1,"","<=",1,"P",1.71409,***,"",
3,"eFUSE_burn_readmargin","","BANKB_BIT_BLOWN_TRUE_11",532520,"",1,1,"OFF_PS1600",3,"384","","",1,"<=",1,"","<=",1,"P",1.71409,***,"",
3,"eFUSE_burn_readmargin","","BANKB_READMARGIN_UNBLOWN_BIT_12",431570,"",1,1,"OFF_PS1600",3,"384","","",0,"<=",0,"","<=",0,"P",45.6797,***,"",
3,"eFUSE_burn_readmargin","","BANKB_UNBURN_BIT_12",432050,"",1,1,"OFF_PS1600",3,"384","","",0,"<=",0,"","<=",0,"P",45.6797,***,"",
3,"eFUSE_burn_readmargin","","BANKB_BIT_UNBLOWN_TRUE_12",432530,"",1,1,"OFF_PS1600",3,"384","","",1,"<=",1,"","<=",1,"P",45.6797,***,"",
3,"eFUSE_burn_readmargin","","BANKB_READMARGIN_UNBLOWN_BIT_13",431580,"",1,1,"OFF_PS1600",3,"384","","",0,"<=",0,"","<=",0,"P",23.7395,***,"",
3,"eFUSE_burn_readmargin","","BANKB_UNBURN_BIT_13",432060,"",1,1,"OFF_PS1600",3,"384","","",0,"<=",0,"","<=",0,"P",23.7395,***,"",
3,"eFUSE_burn_readmargin","","BANKB_BIT_UNBLOWN_TRUE_13",432540,"",1,1,"OFF_PS1600",3,"384","","",1,"<=",1,"","<=",1,"P",23.7395,***,"",
3,"eFUSE_burn_readmargin","","BANKB_READMARGIN_BLOWN_BIT_14",531590,"",1,1,"OFF_PS1600",3,"384","","",1,"<=",1,"","<=",1,"P",23.7395,***,"",
3,"eFUSE_burn_readmargin","","BANKB_BURN_BIT_14",532070,"",1,1,"OFF_PS1600",3,"384","","",1,"<=",1,"","<=",1,"P",23.7395,***,"",
3,"eFUSE_burn_readmargin","","BANKB_BIT_BLOWN_TRUE_14",532550,"",1,1,"OFF_PS1600",3,"384","","",1,"<=",1,"","<=",1,"P",23.7395,***,"",
3,"eFUSE_burn_readmargin","","BANKB_READMARGIN_BLOWN_BIT_15",531600,"",1,1,"OFF_PS1600",3,"384","","",1,"<=",1,"","<=",1,"P",28.1464,***,"",
3,"eFUSE_burn_readmargin","","BANKB_BURN_BIT_15",532080,"",1,1,"OFF_PS1600",3,"384","","",1,"<=",1,"","<=",1,"P",28.1464,***,"",
3,"eFUSE_burn_readmargin","","BANKB_BIT_BLOWN_TRUE_15",532560,"",1,1,"OFF_PS1600",3,"384","","",1,"<=",1,"","<=",1,"P",28.1464,***,"",
3,"eFUSE_burn_readmargin","","BANKB_READMARGIN_BLOWN_BIT_16",531610,"",1,1,"OFF_PS1600",3,"384","","",1,"<=",1,"","<=",1,"P",23.7395,***,"",
3,"eFUSE_burn_readmargin","","BANKB_BURN_BIT_16",532090,"",1,1,"OFF_PS1600",3,"384","","",1,"<=",1,"","<=",1,"P",23.7395,***,"",
3,"eFUSE_burn_readmargin","","BANKB_BIT_BLOWN_TRUE_16",532570,"",1,1,"OFF_PS1600",3,"384","","",1,"<=",1,"","<=",1,"P",23.7395,***,"",
3,"eFUSE_burn_readmargin","","BANKB_READMARGIN_BLOWN_BIT_17",531620,"",1,1,"OFF_PS1600",3,"384","","",1,"<=",1,"","<=",1,"P",23.7395,***,"",
3,"eFUSE_burn_readmargin","","BANKB_BURN_BIT_17",532100,"",1,1,"OFF_PS1600",3,"384","","",1,"<=",1,"","<=",1,"P",23.7395,***,"",
3,"eFUSE_burn_readmargin","","BANKB_BIT_BLOWN_TRUE_17",532580,"",1,1,"OFF_PS1600",3,"384","","",1,"<=",1,"","<=",1,"P",23.7395,***,"",
3,"eFUSE_burn_readmargin","","BANKB_READMARGIN_UNBLOWN_BIT_18",431630,"",1,1,"OFF_PS1600",3,"384","","",0,"<=",0,"","<=",0,"P",23.7395,***,"",
3,"eFUSE_burn_readmargin","","BANKB_UNBURN_BIT_18",432110,"",1,1,"OFF_PS1600",3,"384","","",0,"<=",0,"","<=",0,"P",23.7395,***,"",
3,"eFUSE_burn_readmargin","","BANKB_BIT_UNBLOWN_TRUE_18",432590,"",1,1,"OFF_PS1600",3,"384","","",1,"<=",1,"","<=",1,"P",23.7395,***,"",
3,"eFUSE_burn_readmargin","","BANKB_READMARGIN_UNBLOWN_BIT_19",431640,"",1,1,"OFF_PS1600",3,"384","","",0,"<=",0,"","<=",0,"P",23.7395,***,"",
3,"eFUSE_burn_readmargin","","BANKB_UNBURN_BIT_19",432120,"",1,1,"OFF_PS1600",3,"384","","",0,"<=",0,"","<=",0,"P",23.7395,***,"",
3,"eFUSE_burn_readmargin","","BANKB_BIT_UNBLOWN_TRUE_19",432600,"",1,1,"OFF_PS1600",3,"384","","",1,"<=",1,"","<=",1,"P",23.7395,***,"",
3,"eFUSE_burn_readmargin","","BANKB_READMARGIN_UNBLOWN_BIT_20",431650,"",1,1,"OFF_PS1600",3,"384","","",0,"<=",0,"","<=",0,"P",23.7395,***,"",
3,"eFUSE_burn_readmargin","","BANKB_UNBURN_BIT_20",432130,"",1,1,"OFF_PS1600",3,"384","","",0,"<=",0,"","<=",0,"P",23.7395,***,"",
3,"eFUSE_burn_readmargin","","BANKB_BIT_UNBLOWN_TRUE_20",432610,"",1,1,"OFF_PS1600",3,"384","","",1,"<=",1,"","<=",1,"P",23.7395,***,"",
3,"eFUSE_burn_readmargin","","BANKB_READMARGIN_UNBLOWN_BIT_21",431660,"",1,1,"OFF_PS1600",3,"384","","",0,"<=",0,"","<=",0,"P",23.7395,***,"",
3,"eFUSE_burn_readmargin","","BANKB_UNBURN_BIT_21",432140,"",1,1,"OFF_PS1600",3,"384","","",0,"<=",0,"","<=",0,"P",23.7395,***,"",
3,"eFUSE_burn_readmargin","","BANKB_BIT_UNBLOWN_TRUE_21",432620,"",1,1,"OFF_PS1600",3,"384","","",1,"<=",1,"","<=",1,"P",23.7395,***,"",
3,"eFUSE_burn_readmargin","","BANKB_READMARGIN_UNBLOWN_BIT_22",431670,"",1,1,"OFF_PS1600",3,"384","","",0,"<=",0,"","<=",0,"P",23.7395,***,"",
3,"eFUSE_burn_readmargin","","BANKB_UNBURN_BIT_22",432150,"",1,1,"OFF_PS1600",3,"384","","",0,"<=",0,"","<=",0,"P",23.7395,***,"",
3,"eFUSE_burn_readmargin","","BANKB_BIT_UNBLOWN_TRUE_22",432630,"",1,1,"OFF_PS1600",3,"384","","",1,"<=",1,"","<=",1,"P",23.7395,***,"",
3,"eFUSE_burn_readmargin","","BANKB_READMARGIN_UNBLOWN_BIT_23",431680,"",1,1,"OFF_PS1600",3,"384","","",0,"<=",0,"","<=",0,"P",23.7395,***,"",
3,"eFUSE_burn_readmargin","","BANKB_UNBURN_BIT_23",432160,"",1,1,"OFF_PS1600",3,"384","","",0,"<=",0,"","<=",0,"P",23.7395,***,"",
3,"eFUSE_burn_readmargin","","BANKB_BIT_UNBLOWN_TRUE_23",432640,"",1,1,"OFF_PS1600",3,"384","","",1,"<=",1,"","<=",1,"P",23.7395,***,"",
3,"eFUSE_burn_readmargin","","BANKB_READMARGIN_UNBLOWN_BIT_24",431690,"",1,1,"OFF_PS1600",3,"384","","",0,"<=",0,"","<=",0,"P",28.1462,***,"",
3,"eFUSE_burn_readmargin","","BANKB_UNBURN_BIT_24",432170,"",1,1,"OFF_PS1600",3,"384","","",0,"<=",0,"","<=",0,"P",28.1462,***,"",
3,"eFUSE_burn_readmargin","","BANKB_BIT_UNBLOWN_TRUE_24",432650,"",1,1,"OFF_PS1600",3,"384","","",1,"<=",1,"","<=",1,"P",28.1462,***,"",
3,"eFUSE_burn_readmargin","","BANKB_READMARGIN_UNBLOWN_BIT_25",431700,"",1,1,"OFF_PS1600",3,"384","","",0,"<=",0,"","<=",0,"P",23.7395,***,"",
3,"eFUSE_burn_readmargin","","BANKB_UNBURN_BIT_25",432180,"",1,1,"OFF_PS1600",3,"384","","",0,"<=",0,"","<=",0,"P",23.7395,***,"",
3,"eFUSE_burn_readmargin","","BANKB_BIT_UNBLOWN_TRUE_25",432660,"",1,1,"OFF_PS1600",3,"384","","",1,"<=",1,"","<=",1,"P",23.7395,***,"",
3,"eFUSE_burn_readmargin","","BANKB_READMARGIN_BLOWN_BIT_26",531710,"",1,1,"OFF_PS1600",3,"384","","",1,"<=",1,"","<=",1,"P",23.7395,***,"",
3,"eFUSE_burn_readmargin","","BANKB_BURN_BIT_26",532190,"",1,1,"OFF_PS1600",3,"384","","",1,"<=",1,"","<=",1,"P",23.7395,***,"",
3,"eFUSE_burn_readmargin","","BANKB_BIT_BLOWN_TRUE_26",532670,"",1,1,"OFF_PS1600",3,"384","","",1,"<=",1,"","<=",1,"P",23.7395,***,"",
3,"eFUSE_burn_readmargin","","BANKB_READMARGIN_BLOWN_BIT_27",531720,"",1,1,"OFF_PS1600",3,"384","","",1,"<=",1,"","<=",1,"P",23.7395,***,"",
3,"eFUSE_burn_readmargin","","BANKB_BURN_BIT_27",532200,"",1,1,"OFF_PS1600",3,"384","","",1,"<=",1,"","<=",1,"P",23.7395,***,"",
3,"eFUSE_burn_readmargin","","BANKB_BIT_BLOWN_TRUE_27",532680,"",1,1,"OFF_PS1600",3,"384","","",1,"<=",1,"","<=",1,"P",23.7395,***,"",
3,"eFUSE_burn_readmargin","","BANKB_READMARGIN_UNBLOWN_BIT_28",431730,"",1,1,"OFF_PS1600",3,"384","","",0,"<=",0,"","<=",0,"P",23.7395,***,"",
3,"eFUSE_burn_readmargin","","BANKB_UNBURN_BIT_28",432210,"",1,1,"OFF_PS1600",3,"384","","",0,"<=",0,"","<=",0,"P",23.7395,***,"",
3,"eFUSE_burn_readmargin","","BANKB_BIT_UNBLOWN_TRUE_28",432690,"",1,1,"OFF_PS1600",3,"384","","",1,"<=",1,"","<=",1,"P",23.7395,***,"",
3,"eFUSE_burn_readmargin","","BANKB_READMARGIN_UNBLOWN_BIT_29",431740,"",1,1,"OFF_PS1600",3,"384","","",0,"<=",0,"","<=",0,"P",1.80532,***,"",
3,"eFUSE_burn_readmargin","","BANKB_UNBURN_BIT_29",432220,"",1,1,"OFF_PS1600",3,"384","","",0,"<=",0,"","<=",0,"P",1.80532,***,"",
3,"eFUSE_burn_readmargin","","BANKB_BIT_UNBLOWN_TRUE_29",432700,"",1,1,"OFF_PS1600",3,"384","","",1,"<=",1,"","<=",1,"P",1.80532,***,"",
3,"eFUSE_burn_readmargin","","BANKB_READMARGIN_UNBLOWN_BIT_30",431750,"",1,1,"OFF_PS1600",3,"384","","",0,"<=",0,"","<=",0,"P",45.6797,***,"",
3,"eFUSE_burn_readmargin","","BANKB_UNBURN_BIT_30",432230,"",1,1,"OFF_PS1600",3,"384","","",0,"<=",0,"","<=",0,"P",45.6797,***,"",
3,"eFUSE_burn_readmargin","","BANKB_BIT_UNBLOWN_TRUE_30",432710,"",1,1,"OFF_PS1600",3,"384","","",1,"<=",1,"","<=",1,"P",45.6797,***,"",
3,"eFUSE_burn_readmargin","","BANKB_READMARGIN_BLOWN_BIT_31",531760,"",1,1,"OFF_PS1600",3,"384","","",1,"<=",1,"","<=",1,"P",34.6861,***,"",
3,"eFUSE_burn_readmargin","","BANKB_BURN_BIT_31",532240,"",1,1,"OFF_PS1600",3,"384","","",1,"<=",1,"","<=",1,"P",34.6861,***,"",
3,"eFUSE_burn_readmargin","","BANKB_BIT_BLOWN_TRUE_31",532720,"",1,1,"OFF_PS1600",3,"384","","",1,"<=",1,"","<=",1,"P",34.6861,***,"",
3,"eFUSE_burn_readmargin","","BANKB_READMARGIN_UNBLOWN_BIT_32",431770,"",1,1,"OFF_PS1600",3,"384","","",0,"<=",0,"","<=",0,"P",34.6861,***,"",
3,"eFUSE_burn_readmargin","","BANKB_UNBURN_BIT_32",432250,"",1,1,"OFF_PS1600",3,"384","","",0,"<=",0,"","<=",0,"P",34.6861,***,"",
3,"eFUSE_burn_readmargin","","BANKB_BIT_UNBLOWN_TRUE_32",432730,"",1,1,"OFF_PS1600",3,"384","","",1,"<=",1,"","<=",1,"P",34.6861,***,"",
3,"eFUSE_burn_readmargin","","BANKB_READMARGIN_UNBLOWN_BIT_33",431780,"",1,1,"OFF_PS1600",3,"384","","",0,"<=",0,"","<=",0,"P",34.6861,***,"",
3,"eFUSE_burn_readmargin","","BANKB_UNBURN_BIT_33",432260,"",1,1,"OFF_PS1600",3,"384","","",0,"<=",0,"","<=",0,"P",34.6861,***,"",
3,"eFUSE_burn_readmargin","","BANKB_BIT_UNBLOWN_TRUE_33",432740,"",1,1,"OFF_PS1600",3,"384","","",1,"<=",1,"","<=",1,"P",34.6861,***,"",
3,"eFUSE_burn_readmargin","","BANKB_READMARGIN_UNBLOWN_BIT_34",431790,"",1,1,"OFF_PS1600",3,"384","","",0,"<=",0,"","<=",0,"P",34.6861,***,"",
3,"eFUSE_burn_readmargin","","BANKB_UNBURN_BIT_34",432270,"",1,1,"OFF_PS1600",3,"384","","",0,"<=",0,"","<=",0,"P",34.6861,***,"",
3,"eFUSE_burn_readmargin","","BANKB_BIT_UNBLOWN_TRUE_34",432750,"",1,1,"OFF_PS1600",3,"384","","",1,"<=",1,"","<=",1,"P",34.6861,***,"",
3,"eFUSE_burn_readmargin","","BANKB_READMARGIN_UNBLOWN_BIT_35",431800,"",1,1,"OFF_PS1600",3,"384","","",0,"<=",0,"","<=",0,"P",34.6861,***,"",
3,"eFUSE_burn_readmargin","","BANKB_UNBURN_BIT_35",432280,"",1,1,"OFF_PS1600",3,"384","","",0,"<=",0,"","<=",0,"P",34.6861,***,"",
3,"eFUSE_burn_readmargin","","BANKB_BIT_UNBLOWN_TRUE_35",432760,"",1,1,"OFF_PS1600",3,"384","","",1,"<=",1,"","<=",1,"P",34.6861,***,"",
3,"eFUSE_burn_readmargin","","BANKB_READMARGIN_BLOWN_BIT_36",531810,"",1,1,"OFF_PS1600",3,"384","","",1,"<=",1,"","<=",1,"P",34.6861,***,"",
3,"eFUSE_burn_readmargin","","BANKB_BURN_BIT_36",532290,"",1,1,"OFF_PS1600",3,"384","","",1,"<=",1,"","<=",1,"P",34.6861,***,"",
3,"eFUSE_burn_readmargin","","BANKB_BIT_BLOWN_TRUE_36",532770,"",1,1,"OFF_PS1600",3,"384","","",1,"<=",1,"","<=",1,"P",34.6861,***,"",
3,"eFUSE_burn_readmargin","","BANKB_READMARGIN_BLOWN_BIT_37",531820,"",1,1,"OFF_PS1600",3,"384","","",1,"<=",1,"","<=",1,"P",23.7395,***,"",
3,"eFUSE_burn_readmargin","","BANKB_BURN_BIT_37",532300,"",1,1,"OFF_PS1600",3,"384","","",1,"<=",1,"","<=",1,"P",23.7395,***,"",
3,"eFUSE_burn_readmargin","","BANKB_BIT_BLOWN_TRUE_37",532780,"",1,1,"OFF_PS1600",3,"384","","",1,"<=",1,"","<=",1,"P",23.7395,***,"",
3,"eFUSE_burn_readmargin","","BANKB_READMARGIN_UNBLOWN_BIT_38",431830,"",1,1,"OFF_PS1600",3,"384","","",0,"<=",0,"","<=",0,"P",1.7101,***,"",
3,"eFUSE_burn_readmargin","","BANKB_UNBURN_BIT_38",432310,"",1,1,"OFF_PS1600",3,"384","","",0,"<=",0,"","<=",0,"P",1.7101,***,"",
3,"eFUSE_burn_readmargin","","BANKB_BIT_UNBLOWN_TRUE_38",432790,"",1,1,"OFF_PS1600",3,"384","","",1,"<=",1,"","<=",1,"P",1.7101,***,"",
3,"eFUSE_burn_readmargin","","BANKB_READMARGIN_UNBLOWN_BIT_39",431840,"",1,1,"OFF_PS1600",3,"384","","",0,"<=",0,"","<=",0,"P",1.77922,***,"",
3,"eFUSE_burn_readmargin","","BANKB_UNBURN_BIT_39",432320,"",1,1,"OFF_PS1600",3,"384","","",0,"<=",0,"","<=",0,"P",1.77922,***,"",
3,"eFUSE_burn_readmargin","","BANKB_BIT_UNBLOWN_TRUE_39",432800,"",1,1,"OFF_PS1600",3,"384","","",1,"<=",1,"","<=",1,"P",1.77922,***,"",
3,"eFUSE_burn_readmargin","","BANKB_READMARGIN_UNBLOWN_BIT_40",431850,"",1,1,"OFF_PS1600",3,"384","","",0,"<=",0,"","<=",0,"P",34.6861,***,"",
3,"eFUSE_burn_readmargin","","BANKB_UNBURN_BIT_40",432330,"",1,1,"OFF_PS1600",3,"384","","",0,"<=",0,"","<=",0,"P",34.6861,***,"",
3,"eFUSE_burn_readmargin","","BANKB_BIT_UNBLOWN_TRUE_40",432810,"",1,1,"OFF_PS1600",3,"384","","",1,"<=",1,"","<=",1,"P",34.6861,***,"",
3,"eFUSE_burn_readmargin","","BANKB_READMARGIN_BLOWN_BIT_41",531860,"",1,1,"OFF_PS1600",3,"384","","",1,"<=",1,"","<=",1,"P",34.6861,***,"",
3,"eFUSE_burn_readmargin","","BANKB_BURN_BIT_41",532340,"",1,1,"OFF_PS1600",3,"384","","",1,"<=",1,"","<=",1,"P",34.6861,***,"",
3,"eFUSE_burn_readmargin","","BANKB_BIT_BLOWN_TRUE_41",532820,"",1,1,"OFF_PS1600",3,"384","","",1,"<=",1,"","<=",1,"P",34.6861,***,"",
3,"eFUSE_burn_readmargin","","BANKB_READMARGIN_BLOWN_BIT_42",531870,"",1,1,"OFF_PS1600",3,"384","","",1,"<=",1,"","<=",1,"P",23.7395,***,"",
3,"eFUSE_burn_readmargin","","BANKB_BURN_BIT_42",532350,"",1,1,"OFF_PS1600",3,"384","","",1,"<=",1,"","<=",1,"P",23.7395,***,"",
3,"eFUSE_burn_readmargin","","BANKB_BIT_BLOWN_TRUE_42",532830,"",1,1,"OFF_PS1600",3,"384","","",1,"<=",1,"","<=",1,"P",23.7395,***,"",
3,"eFUSE_burn_readmargin","","BANKB_READMARGIN_BLOWN_BIT_43",531880,"",1,1,"OFF_PS1600",3,"384","","",1,"<=",1,"","<=",1,"P",28.1464,***,"",
3,"eFUSE_burn_readmargin","","BANKB_BURN_BIT_43",532360,"",1,1,"OFF_PS1600",3,"384","","",1,"<=",1,"","<=",1,"P",28.1464,***,"",
3,"eFUSE_burn_readmargin","","BANKB_BIT_BLOWN_TRUE_43",532840,"",1,1,"OFF_PS1600",3,"384","","",1,"<=",1,"","<=",1,"P",28.1464,***,"",
3,"eFUSE_burn_readmargin","","BANKB_READMARGIN_UNBLOWN_BIT_44",431890,"",1,1,"OFF_PS1600",3,"384","","",0,"<=",0,"","<=",0,"P",34.7572,***,"",
3,"eFUSE_burn_readmargin","","BANKB_UNBURN_BIT_44",432370,"",1,1,"OFF_PS1600",3,"384","","",0,"<=",0,"","<=",0,"P",34.7572,***,"",
3,"eFUSE_burn_readmargin","","BANKB_BIT_UNBLOWN_TRUE_44",432850,"",1,1,"OFF_PS1600",3,"384","","",1,"<=",1,"","<=",1,"P",34.7572,***,"",
3,"eFUSE_burn_readmargin","","BANKB_READMARGIN_UNBLOWN_BIT_45",431900,"",1,1,"OFF_PS1600",3,"384","","",0,"<=",0,"","<=",0,"P",1.78031,***,"",
3,"eFUSE_burn_readmargin","","BANKB_UNBURN_BIT_45",432380,"",1,1,"OFF_PS1600",3,"384","","",0,"<=",0,"","<=",0,"P",1.78031,***,"",
3,"eFUSE_burn_readmargin","","BANKB_BIT_UNBLOWN_TRUE_45",432860,"",1,1,"OFF_PS1600",3,"384","","",1,"<=",1,"","<=",1,"P",1.78031,***,"",
3,"eFUSE_burn_readmargin","","BANKB_READMARGIN_BLOWN_BIT_46",531910,"",1,1,"OFF_PS1600",3,"384","","",1,"<=",1,"","<=",1,"P",28.147,***,"",
3,"eFUSE_burn_readmargin","","BANKB_BURN_BIT_46",532390,"",1,1,"OFF_PS1600",3,"384","","",1,"<=",1,"","<=",1,"P",28.147,***,"",
3,"eFUSE_burn_readmargin","","BANKB_BIT_BLOWN_TRUE_46",532870,"",1,1,"OFF_PS1600",3,"384","","",1,"<=",1,"","<=",1,"P",28.147,***,"",
3,"eFUSE_burn_readmargin","","BANKB_READMARGIN_BLOWN_BIT_47",531920,"",1,1,"OFF_PS1600",3,"384","","",1,"<=",1,"","<=",1,"P",23.7395,***,"",
3,"eFUSE_burn_readmargin","","BANKB_BURN_BIT_47",532400,"",1,1,"OFF_PS1600",3,"384","","",1,"<=",1,"","<=",1,"P",23.7395,***,"",
3,"eFUSE_burn_readmargin","","BANKB_BIT_BLOWN_TRUE_47",532880,"",1,1,"OFF_PS1600",3,"384","","",1,"<=",1,"","<=",1,"P",23.7395,***,"",
3,"POST_BURN_PASS_FET_LEAKAGE","","POST_Forward_Leakage_FET",470030,"",1,1,"ISEN_PS1600",3,"384","","",-20,"<=",-2,"nA","<=",20,"P",0.180283,***,"",
3,"POST_BURN_PASS_FET_LEAKAGE","","POST_Reverse_Leakage_FET",470040,"",1,1,"ISEN_PS1600",3,"384","","",-20,"<=",-3,"nA","<=",20,"P",0.180283,***,"",
3,"POST_BURN_PASS_FET_LEAKAGE","","Delta_Forward_Leakage_FET",470050,"",1,1,"ISEN_PS1600",3,"384","","",-20,"<=",-2,"nA","<=",20,"P",0.180283,***,"",
3,"POST_BURN_PASS_FET_LEAKAGE","","Delta_Reverse_Leakage_FET",470060,"",1,1,"ISEN_PS1600",3,"384","","",-20,"<=",-1,"nA","<=",20,"P",0.180283,***,"",
3,"POST_EFUSE_RESISTANCE","","POST_BANKA_EFUSE_RESISTANCE_BLOWN_BIT47",590001,"",1,1,"ISEN_PS1600",3,"384","","",3500,"<=",70026.8,"ohms","<=",85000,"P",26.3014,***,"",
3,"POST_EFUSE_RESISTANCE","","POST_BANKA_EFUSE_RESISTANCE_BLOWN_BIT46",590002,"",1,1,"ISEN_PS1600",3,"384","","",3500,"<=",69116.2,"ohms","<=",85000,"P",30.9562,***,"",
3,"POST_EFUSE_RESISTANCE","","POST_BANKA_EFUSE_RESISTANCE_UNBLOWN_BIT45",490003,"",1,1,"ISEN_PS1600",3,"384","","",65,"<=",91,"ohms","<=",200,"P",3.10446,***,"",
3,"POST_EFUSE_RESISTANCE","","POST_BANKA_EFUSE_RESISTANCE_UNBLOWN_BIT44",490004,"",1,1,"ISEN_PS1600",3,"384","","",65,"<=",91,"ohms","<=",200,"P",37.9362,***,"",
3,"POST_EFUSE_RESISTANCE","","POST_BANKA_EFUSE_RESISTANCE_BLOWN_BIT43",590005,"",1,1,"ISEN_PS1600",3,"384","","",3500,"<=",70026.8,"ohms","<=",85000,"P",30.9575,***,"",
3,"POST_EFUSE_RESISTANCE","","POST_BANKA_EFUSE_RESISTANCE_BLOWN_BIT42",590006,"",1,1,"ISEN_PS1600",3,"384","","",3500,"<=",70061.2,"ohms","<=",85000,"P",26.3014,***,"",
3,"POST_EFUSE_RESISTANCE","","POST_BANKA_EFUSE_RESISTANCE_BLOWN_BIT41",590007,"",1,1,"ISEN_PS1600",3,"384","","",3500,"<=",64676.8,"ohms","<=",85000,"P",37.8625,***,"",
3,"POST_EFUSE_RESISTANCE","","POST_BANKA_EFUSE_RESISTANCE_UNBLOWN_BIT40",490008,"",1,1,"ISEN_PS1600",3,"384","","",65,"<=",79.6,"ohms","<=",200,"P",37.8625,***,"",
3,"POST_EFUSE_RESISTANCE","","POST_BANKA_EFUSE_RESISTANCE_UNBLOWN_BIT39",490009,"",1,1,"ISEN_PS1600",3,"384","","",65,"<=",79.6,"ohms","<=",200,"P",3.10241,***,"",
3,"POST_EFUSE_RESISTANCE","","POST_BANKA_EFUSE_RESISTANCE_UNBLOWN_BIT38",490010,"",1,1,"ISEN_PS1600",3,"384","","",65,"<=",79.6,"ohms","<=",200,"P",3.02903,***,"",
3,"POST_EFUSE_RESISTANCE","","POST_BANKA_EFUSE_RESISTANCE_BLOWN_BIT37",590011,"",1,1,"ISEN_PS1600",3,"384","","",3500,"<=",70061,"ohms","<=",85000,"P",26.3014,***,"",
3,"POST_EFUSE_RESISTANCE","","POST_BANKA_EFUSE_RESISTANCE_BLOWN_BIT36",590012,"",1,1,"ISEN_PS1600",3,"384","","",3500,"<=",28764.2,"ohms","<=",85000,"P",37.8625,***,"",
3,"POST_EFUSE_RESISTANCE","","POST_BANKA_EFUSE_RESISTANCE_UNBLOWN_BIT35",490013,"",1,1,"ISEN_PS1600",3,"384","","",65,"<=",79.6,"ohms","<=",200,"P",37.8625,***,"",
3,"POST_EFUSE_RESISTANCE","","POST_BANKA_EFUSE_RESISTANCE_UNBLOWN_BIT34",490014,"",1,1,"ISEN_PS1600",3,"384","","",65,"<=",79.6,"ohms","<=",200,"P",37.8625,***,"",
3,"POST_EFUSE_RESISTANCE","","POST_BANKA_EFUSE_RESISTANCE_UNBLOWN_BIT33",490015,"",1,1,"ISEN_PS1600",3,"384","","",65,"<=",91,"ohms","<=",200,"P",37.8625,***,"",
3,"POST_EFUSE_RESISTANCE","","POST_BANKA_EFUSE_RESISTANCE_UNBLOWN_BIT32",490016,"",1,1,"ISEN_PS1600",3,"384","","",65,"<=",91,"ohms","<=",200,"P",37.8625,***,"",
3,"POST_EFUSE_RESISTANCE","","POST_BANKA_EFUSE_RESISTANCE_BLOWN_BIT31",590017,"",1,1,"ISEN_PS1600",3,"384","","",3500,"<=",22185.2,"ohms","<=",85000,"P",37.8625,***,"",
3,"POST_EFUSE_RESISTANCE","","POST_BANKA_EFUSE_RESISTANCE_UNBLOWN_BIT30",490018,"",1,1,"ISEN_PS1600",3,"384","","",65,"<=",79.6,"ohms","<=",200,"P",49.4763,***,"",
3,"POST_EFUSE_RESISTANCE","","POST_BANKA_EFUSE_RESISTANCE_UNBLOWN_BIT29",490019,"",1,1,"ISEN_PS1600",3,"384","","",65,"<=",79.6,"ohms","<=",200,"P",3.13227,***,"",
3,"POST_EFUSE_RESISTANCE","","POST_BANKA_EFUSE_RESISTANCE_UNBLOWN_BIT28",490020,"",1,1,"ISEN_PS1600",3,"384","","",65,"<=",91,"ohms","<=",200,"P",26.3014,***,"",
3,"POST_EFUSE_RESISTANCE","","POST_BANKA_EFUSE_RESISTANCE_BLOWN_BIT27",590021,"",1,1,"ISEN_PS1600",3,"384","","",3500,"<=",30027.8,"ohms","<=",85000,"P",26.3014,***,"",
3,"POST_EFUSE_RESISTANCE","","POST_BANKA_EFUSE_RESISTANCE_BLOWN_BIT26",590022,"",1,1,"ISEN_PS1600",3,"384","","",3500,"<=",16664.4,"ohms","<=",85000,"P",26.3014,***,"",
3,"POST_EFUSE_RESISTANCE","","POST_BANKA_EFUSE_RESISTANCE_UNBLOWN_BIT25",490023,"",1,1,"ISEN_PS1600",3,"384","","",65,"<=",79.6,"ohms","<=",200,"P",26.3014,***,"",
3,"POST_EFUSE_RESISTANCE","","POST_BANKA_EFUSE_RESISTANCE_UNBLOWN_BIT24",490024,"",1,1,"ISEN_PS1600",3,"384","","",65,"<=",79.6,"ohms","<=",200,"P",30.9545,***,"",
3,"POST_EFUSE_RESISTANCE","","POST_BANKA_EFUSE_RESISTANCE_UNBLOWN_BIT23",490025,"",1,1,"ISEN_PS1600",3,"384","","",65,"<=",79.6,"ohms","<=",200,"P",26.3014,***,"",
3,"POST_EFUSE_RESISTANCE","","POST_BANKA_EFUSE_RESISTANCE_UNBLOWN_BIT22",490026,"",1,1,"ISEN_PS1600",3,"384","","",65,"<=",79.6,"ohms","<=",200,"P",26.3014,***,"",
3,"POST_EFUSE_RESISTANCE","","POST_BANKA_EFUSE_RESISTANCE_UNBLOWN_BIT21",490027,"",1,1,"ISEN_PS1600",3,"384","","",65,"<=",91,"ohms","<=",200,"P",26.3014,***,"",
3,"POST_EFUSE_RESISTANCE","","POST_BANKA_EFUSE_RESISTANCE_UNBLOWN_BIT20",490028,"",1,1,"ISEN_PS1600",3,"384","","",65,"<=",79.6,"ohms","<=",200,"P",26.3014,***,"",
3,"POST_EFUSE_RESISTANCE","","POST_BANKA_EFUSE_RESISTANCE_UNBLOWN_BIT19",490029,"",1,1,"ISEN_PS1600",3,"384","","",65,"<=",91,"ohms","<=",200,"P",26.3014,***,"",
3,"POST_EFUSE_RESISTANCE","","POST_BANKA_EFUSE_RESISTANCE_UNBLOWN_BIT18",490030,"",1,1,"ISEN_PS1600",3,"384","","",65,"<=",79.6,"ohms","<=",200,"P",26.3014,***,"",
3,"POST_EFUSE_RESISTANCE","","POST_BANKA_EFUSE_RESISTANCE_BLOWN_BIT17",590031,"",1,1,"ISEN_PS1600",3,"384","","",3500,"<=",62867.2,"ohms","<=",85000,"P",26.3014,***,"",
3,"POST_EFUSE_RESISTANCE","","POST_BANKA_EFUSE_RESISTANCE_BLOWN_BIT16",590032,"",1,1,"ISEN_PS1600",3,"384","","",3500,"<=",70072.4,"ohms","<=",85000,"P",26.3014,***,"",
3,"POST_EFUSE_RESISTANCE","","POST_BANKA_EFUSE_RESISTANCE_BLOWN_BIT15",590033,"",1,1,"ISEN_PS1600",3,"384","","",3500,"<=",70072.4,"ohms","<=",85000,"P",30.9575,***,"",
3,"POST_EFUSE_RESISTANCE","","POST_BANKA_EFUSE_RESISTANCE_BLOWN_BIT14",590034,"",1,1,"ISEN_PS1600",3,"384","","",3500,"<=",70004,"ohms","<=",85000,"P",26.3014,***,"",
3,"POST_EFUSE_RESISTANCE","","POST_BANKA_EFUSE_RESISTANCE_UNBLOWN_BIT13",490035,"",1,1,"ISEN_PS1600",3,"384","","",65,"<=",79.6,"ohms","<=",200,"P",26.3014,***,"",
3,"POST_EFUSE_RESISTANCE","","POST_BANKA_EFUSE_RESISTANCE_UNBLOWN_BIT12",490036,"",1,1,"ISEN_PS1600",3,"384","","",65,"<=",79.6,"ohms","<=",200,"P",49.4763,***,"",
3,"POST_EFUSE_RESISTANCE","","POST_BANKA_EFUSE_RESISTANCE_BLOWN_BIT11",590037,"",1,1,"ISEN_PS1600",3,"384","","",3500,"<=",18690.6,"ohms","<=",85000,"P",3.02964,***,"",
3,"POST_EFUSE_RESISTANCE","","POST_BANKA_EFUSE_RESISTANCE_BLOWN_BIT10",590038,"",1,1,"ISEN_PS1600",3,"384","","",3500,"<=",70072.4,"ohms","<=",85000,"P",3.08913,***,"",
3,"POST_EFUSE_RESISTANCE","","POST_BANKA_EFUSE_RESISTANCE_UNBLOWN_BIT9",490039,"",1,1,"ISEN_PS1600",3,"384","","",65,"<=",79.6,"ohms","<=",200,"P",3.08913,***,"",
3,"POST_EFUSE_RESISTANCE","","POST_BANKA_EFUSE_RESISTANCE_UNBLOWN_BIT8",490040,"",1,1,"ISEN_PS1600",3,"384","","",65,"<=",91,"ohms","<=",200,"P",3.08913,***,"",
3,"POST_EFUSE_RESISTANCE","","POST_BANKA_EFUSE_RESISTANCE_UNBLOWN_BIT7",490041,"",1,1,"ISEN_PS1600",3,"384","","",65,"<=",79.6,"ohms","<=",200,"P",3.03304,***,"",
3,"POST_EFUSE_RESISTANCE","","POST_BANKA_EFUSE_RESISTANCE_UNBLOWN_BIT6",490042,"",1,1,"ISEN_PS1600",3,"384","","",65,"<=",79.6,"ohms","<=",200,"P",26.3014,***,"",
3,"POST_EFUSE_RESISTANCE","","POST_BANKA_EFUSE_RESISTANCE_BLOWN_BIT5",590043,"",1,1,"ISEN_PS1600",3,"384","","",3500,"<=",70072.4,"ohms","<=",85000,"P",26.3014,***,"",
3,"POST_EFUSE_RESISTANCE","","POST_BANKA_EFUSE_RESISTANCE_UNBLOWN_BIT4",490044,"",1,1,"ISEN_PS1600",3,"384","","",65,"<=",79.6,"ohms","<=",200,"P",26.3014,***,"",
3,"POST_EFUSE_RESISTANCE","","POST_BANKA_EFUSE_RESISTANCE_UNBLOWN_BIT3",490045,"",1,1,"ISEN_PS1600",3,"384","","",65,"<=",79.6,"ohms","<=",200,"P",26.3014,***,"",
3,"POST_EFUSE_RESISTANCE","","POST_BANKA_EFUSE_RESISTANCE_UNBLOWN_BIT2",490046,"",1,1,"ISEN_PS1600",3,"384","","",65,"<=",79.6,"ohms","<=",200,"P",26.3014,***,"",
3,"POST_EFUSE_RESISTANCE","","POST_BANKA_EFUSE_RESISTANCE_UNBLOWN_BIT1",490047,"",1,1,"ISEN_PS1600",3,"384","","",65,"<=",79.6,"ohms","<=",200,"P",26.3014,***,"",
3,"POST_EFUSE_RESISTANCE","","POST_BANKA_EFUSE_RESISTANCE_UNBLOWN_BIT0",490048,"",1,1,"ISEN_PS1600",3,"384","","",65,"<=",79.6,"ohms","<=",200,"P",26.3014,***,"",
3,"POST_EFUSE_RESISTANCE","","POST_BANKB_EFUSE_RESISTANCE_BLOWN_BIT47",590049,"",1,1,"ISEN_PS1600",3,"384","","",3500,"<=",10938.8,"ohms","<=",85000,"P",26.3014,***,"",
3,"POST_EFUSE_RESISTANCE","","POST_BANKB_EFUSE_RESISTANCE_BLOWN_BIT46",590050,"",1,1,"ISEN_PS1600",3,"384","","",3500,"<=",70083.8,"ohms","<=",85000,"P",30.9562,***,"",
3,"POST_EFUSE_RESISTANCE","","POST_BANKB_EFUSE_RESISTANCE_UNBLOWN_BIT45",490051,"",1,1,"ISEN_PS1600",3,"384","","",65,"<=",79.6,"ohms","<=",200,"P",3.10446,***,"",
3,"POST_EFUSE_RESISTANCE","","POST_BANKB_EFUSE_RESISTANCE_UNBLOWN_BIT44",490052,"",1,1,"ISEN_PS1600",3,"384","","",65,"<=",91,"ohms","<=",200,"P",37.9362,***,"",
3,"POST_EFUSE_RESISTANCE","","POST_BANKB_EFUSE_RESISTANCE_BLOWN_BIT43",590053,"",1,1,"ISEN_PS1600",3,"384","","",3500,"<=",70083.8,"ohms","<=",85000,"P",30.9575,***,"",
3,"POST_EFUSE_RESISTANCE","","POST_BANKB_EFUSE_RESISTANCE_BLOWN_BIT42",590054,"",1,1,"ISEN_PS1600",3,"384","","",3500,"<=",70083.8,"ohms","<=",85000,"P",26.3014,***,"",
3,"POST_EFUSE_RESISTANCE","","POST_BANKB_EFUSE_RESISTANCE_BLOWN_BIT41",590055,"",1,1,"ISEN_PS1600",3,"384","","",3500,"<=",36242.6,"ohms","<=",85000,"P",49.4741,***,"",
3,"POST_EFUSE_RESISTANCE","","POST_BANKB_EFUSE_RESISTANCE_UNBLOWN_BIT40",490056,"",1,1,"ISEN_PS1600",3,"384","","",65,"<=",79.6,"ohms","<=",200,"P",49.4741,***,"",
3,"POST_EFUSE_RESISTANCE","","POST_BANKB_EFUSE_RESISTANCE_UNBLOWN_BIT39",490057,"",1,1,"ISEN_PS1600",3,"384","","",65,"<=",91,"ohms","<=",200,"P",3.12727,***,"",
3,"POST_EFUSE_RESISTANCE","","POST_BANKB_EFUSE_RESISTANCE_UNBLOWN_BIT38",490058,"",1,1,"ISEN_PS1600",3,"384","","",65,"<=",91,"ohms","<=",200,"P",3.02964,***,"",
3,"POST_EFUSE_RESISTANCE","","POST_BANKB_EFUSE_RESISTANCE_BLOWN_BIT37",590059,"",1,1,"ISEN_PS1600",3,"384","","",3500,"<=",24609.6,"ohms","<=",85000,"P",30.9562,***,"",
3,"POST_EFUSE_RESISTANCE","","POST_BANKB_EFUSE_RESISTANCE_BLOWN_BIT36",590060,"",1,1,"ISEN_PS1600",3,"384","","",3500,"<=",70083.8,"ohms","<=",85000,"P",49.4741,***,"",
3,"POST_EFUSE_RESISTANCE","","POST_BANKB_EFUSE_RESISTANCE_UNBLOWN_BIT35",490061,"",1,1,"ISEN_PS1600",3,"384","","",65,"<=",79.6,"ohms","<=",200,"P",49.4741,***,"",
3,"POST_EFUSE_RESISTANCE","","POST_BANKB_EFUSE_RESISTANCE_UNBLOWN_BIT34",490062,"",1,1,"ISEN_PS1600",3,"384","","",65,"<=",79.6,"ohms","<=",200,"P",49.4741,***,"",
3,"POST_EFUSE_RESISTANCE","","POST_BANKB_EFUSE_RESISTANCE_UNBLOWN_BIT33",490063,"",1,1,"ISEN_PS1600",3,"384","","",65,"<=",91,"ohms","<=",200,"P",49.4741,***,"",
3,"POST_EFUSE_RESISTANCE","","POST_BANKB_EFUSE_RESISTANCE_UNBLOWN_BIT32",490064,"",1,1,"ISEN_PS1600",3,"384","","",65,"<=",68.2,"ohms","<=",200,"P",49.4741,***,"",
3,"POST_EFUSE_RESISTANCE","","POST_BANKB_EFUSE_RESISTANCE_BLOWN_BIT31",590065,"",1,1,"ISEN_PS1600",3,"384","","",3500,"<=",50129.8,"ohms","<=",85000,"P",49.4741,***,"",
3,"POST_EFUSE_RESISTANCE","","POST_BANKB_EFUSE_RESISTANCE_UNBLOWN_BIT30",490066,"",1,1,"ISEN_PS1600",3,"384","","",65,"<=",79.6,"ohms","<=",200,"P",72.7006,***,"",
3,"POST_EFUSE_RESISTANCE","","POST_BANKB_EFUSE_RESISTANCE_UNBLOWN_BIT29",490067,"",1,1,"ISEN_PS1600",3,"384","","",65,"<=",79.6,"ohms","<=",200,"P",3.13227,***,"",
3,"POST_EFUSE_RESISTANCE","","POST_BANKB_EFUSE_RESISTANCE_UNBLOWN_BIT28",490068,"",1,1,"ISEN_PS1600",3,"384","","",65,"<=",79.6,"ohms","<=",200,"P",30.9562,***,"",
3,"POST_EFUSE_RESISTANCE","","POST_BANKB_EFUSE_RESISTANCE_BLOWN_BIT27",590069,"",1,1,"ISEN_PS1600",3,"384","","",3500,"<=",70095.2,"ohms","<=",85000,"P",30.9562,***,"",
3,"POST_EFUSE_RESISTANCE","","POST_BANKB_EFUSE_RESISTANCE_BLOWN_BIT26",590070,"",1,1,"ISEN_PS1600",3,"384","","",3500,"<=",70095.2,"ohms","<=",85000,"P",30.9562,***,"",
3,"POST_EFUSE_RESISTANCE","","POST_BANKB_EFUSE_RESISTANCE_UNBLOWN_BIT25",490071,"",1,1,"ISEN_PS1600",3,"384","","",65,"<=",79.6,"ohms","<=",200,"P",30.9562,***,"",
3,"POST_EFUSE_RESISTANCE","","POST_BANKB_EFUSE_RESISTANCE_UNBLOWN_BIT24",490072,"",1,1,"ISEN_PS1600",3,"384","","",65,"<=",79.6,"ohms","<=",200,"P",37.9362,***,"",
3,"POST_EFUSE_RESISTANCE","","POST_BANKB_EFUSE_RESISTANCE_UNBLOWN_BIT23",490073,"",1,1,"ISEN_PS1600",3,"384","","",65,"<=",79.6,"ohms","<=",200,"P",30.9562,***,"",
3,"POST_EFUSE_RESISTANCE","","POST_BANKB_EFUSE_RESISTANCE_UNBLOWN_BIT22",490074,"",1,1,"ISEN_PS1600",3,"384","","",65,"<=",79.6,"ohms","<=",200,"P",30.9562,***,"",
3,"POST_EFUSE_RESISTANCE","","POST_BANKB_EFUSE_RESISTANCE_UNBLOWN_BIT21",490075,"",1,1,"ISEN_PS1600",3,"384","","",65,"<=",79.6,"ohms","<=",200,"P",30.9562,***,"",
3,"POST_EFUSE_RESISTANCE","","POST_BANKB_EFUSE_RESISTANCE_UNBLOWN_BIT20",490076,"",1,1,"ISEN_PS1600",3,"384","","",65,"<=",79.6,"ohms","<=",200,"P",30.9562,***,"",
3,"POST_EFUSE_RESISTANCE","","POST_BANKB_EFUSE_RESISTANCE_UNBLOWN_BIT19",490077,"",1,1,"ISEN_PS1600",3,"384","","",65,"<=",79.6,"ohms","<=",200,"P",30.9562,***,"",
3,"POST_EFUSE_RESISTANCE","","POST_BANKB_EFUSE_RESISTANCE_UNBLOWN_BIT18",490078,"",1,1,"ISEN_PS1600",3,"384","","",65,"<=",79.6,"ohms","<=",200,"P",30.9562,***,"",
3,"POST_EFUSE_RESISTANCE","","POST_BANKB_EFUSE_RESISTANCE_BLOWN_BIT17",590079,"",1,1,"ISEN_PS1600",3,"384","","",3500,"<=",70095.2,"ohms","<=",85000,"P",30.9562,***,"",
3,"POST_EFUSE_RESISTANCE","","POST_BANKB_EFUSE_RESISTANCE_BLOWN_BIT16",590080,"",1,1,"ISEN_PS1600",3,"384","","",3500,"<=",5201.8,"ohms","<=",85000,"P",30.9562,***,"",
3,"POST_EFUSE_RESISTANCE","","POST_BANKB_EFUSE_RESISTANCE_BLOWN_BIT15",590081,"",1,1,"ISEN_PS1600",3,"384","","",3500,"<=",70095.2,"ohms","<=",85000,"P",37.9399,***,"",
3,"POST_EFUSE_RESISTANCE","","POST_BANKB_EFUSE_RESISTANCE_BLOWN_BIT14",590082,"",1,1,"ISEN_PS1600",3,"384","","",3500,"<=",69025.2,"ohms","<=",85000,"P",30.9562,***,"",
3,"POST_EFUSE_RESISTANCE","","POST_BANKB_EFUSE_RESISTANCE_UNBLOWN_BIT13",490083,"",1,1,"ISEN_PS1600",3,"384","","",65,"<=",79.6,"ohms","<=",200,"P",30.9562,***,"",
3,"POST_EFUSE_RESISTANCE","","POST_BANKB_EFUSE_RESISTANCE_UNBLOWN_BIT12",490084,"",1,1,"ISEN_PS1600",3,"384","","",65,"<=",79.6,"ohms","<=",200,"P",72.7006,***,"",
3,"POST_EFUSE_RESISTANCE","","POST_BANKB_EFUSE_RESISTANCE_BLOWN_BIT11",590085,"",1,1,"ISEN_PS1600",3,"384","","",3500,"<=",70095.2,"ohms","<=",85000,"P",3.02964,***,"",
3,"POST_EFUSE_RESISTANCE","","POST_BANKB_EFUSE_RESISTANCE_BLOWN_BIT10",590086,"",1,1,"ISEN_PS1600",3,"384","","",3500,"<=",70095.2,"ohms","<=",85000,"P",3.10446,***,"",
3,"POST_EFUSE_RESISTANCE","","POST_BANKB_EFUSE_RESISTANCE_UNBLOWN_BIT9",490087,"",1,1,"ISEN_PS1600",3,"384","","",65,"<=",79.6,"ohms","<=",200,"P",3.10446,***,"",
3,"POST_EFUSE_RESISTANCE","","POST_BANKB_EFUSE_RESISTANCE_UNBLOWN_BIT8",490088,"",1,1,"ISEN_PS1600",3,"384","","",65,"<=",79.6,"ohms","<=",200,"P",3.10446,***,"",
3,"POST_EFUSE_RESISTANCE","","POST_BANKB_EFUSE_RESISTANCE_UNBLOWN_BIT7",490089,"",1,1,"ISEN_PS1600",3,"384","","",65,"<=",79.6,"ohms","<=",200,"P",3.03826,***,"",
3,"POST_EFUSE_RESISTANCE","","POST_BANKB_EFUSE_RESISTANCE_UNBLOWN_BIT6",490090,"",1,1,"ISEN_PS1600",3,"384","","",65,"<=",79.6,"ohms","<=",200,"P",37.8646,***,"",
3,"POST_EFUSE_RESISTANCE","","POST_BANKB_EFUSE_RESISTANCE_BLOWN_BIT5",590091,"",1,1,"ISEN_PS1600",3,"384","","",3500,"<=",70106.6,"ohms","<=",85000,"P",37.8646,***,"",
3,"POST_EFUSE_RESISTANCE","","POST_BANKB_EFUSE_RESISTANCE_UNBLOWN_BIT4",490092,"",1,1,"ISEN_PS1600",3,"384","","",65,"<=",79.6,"ohms","<=",200,"P",37.8646,***,"",
3,"POST_EFUSE_RESISTANCE","","POST_BANKB_EFUSE_RESISTANCE_UNBLOWN_BIT3",490093,"",1,1,"ISEN_PS1600",3,"384","","",65,"<=",91,"ohms","<=",200,"P",37.8646,***,"",
3,"POST_EFUSE_RESISTANCE","","POST_BANKB_EFUSE_RESISTANCE_UNBLOWN_BIT2",490094,"",1,1,"ISEN_PS1600",3,"384","","",65,"<=",79.6,"ohms","<=",200,"P",37.8646,***,"",
3,"POST_EFUSE_RESISTANCE","","POST_BANKB_EFUSE_RESISTANCE_UNBLOWN_BIT1",490095,"",1,1,"ISEN_PS1600",3,"384","","",65,"<=",79.6,"ohms","<=",200,"P",37.8646,***,"",
3,"POST_EFUSE_RESISTANCE","","POST_BANKB_EFUSE_RESISTANCE_UNBLOWN_BIT0",490096,"",1,1,"ISEN_PS1600",3,"384","","",65,"<=",68.4,"ohms","<=",200,"P",37.8646,***,"",
3,"Post_Vbias_Test","","GENERAL TEST",510001,"",1,1,"VBIAS_PS1600",3,"384","","",1.75,"<=",1.80019,"V","<=",1.85,"P",0.027212,***,"",
3,"Post_SS_Test","","ISS_0p4V",500010,"",1,1,"SS_PS1600",3,"384","","",-10.7,"<=",-9.577,"uA","<=",-9.3,"P",0.359362,***,"",
3,"Post_SS_Test","","SS_gain_0p4V",500020,"",1,1,"SS_PS1600",3,"384","","",9.6,"<=",9.95008,"A/V","<=",10.4,"P",0.359362,***,"",
3,"Post_SS_Test","","Vin_vout_Current",500030,"",1,1,"SS_PS1600",3,"384","","",3.5,"<=",3.98003,"A","<=",4.5,"P",0.359362,***,"",
3,"Post_SS_Gain_Test","","POST_CURRENT_SS_0P1V",820010,"",1,1,"SS_PS1600",3,"384","","",350,"<=",923.469,"mA","<=",1100,"P",0.292621,***,"",
3,"Post_SS_Gain_Test","","POST_CURRENT_SS_0P2V",820020,"",1,1,"SS_PS1600",3,"384","","",1800,"<=",1921.84,"mA","<=",2200,"P",0.292621,***,"",
3,"Post_SS_Gain_Test","","POST_CURRENT_SS_Delta",820030,"",1,1,"SS_PS1600",3,"384","","",920,"<=",998.372,"mA","<=",1080,"P",0.292621,***,"",
3,"Post_ILIM_Test","","ITRIP_10p_Current",810010,"",1,1,"ITRIP_PS1600",3,"384","","",-11,"<=",-10.112,"uA","<=",-9,"P",4.77028,***,"",
3,"Post_ILIM_Test","","ITRIP_10p_Voltage",810020,"",1,1,"ITRIP_PS1600",3,"384","","",0.9,"<=",1.01,"V","<=",1.2,"P",4.77028,***,"",
3,"Post_ILIM_Test","","ITRIP_20p_Current",810060,"",1,1,"VOUT1",3,"384","","",-22,"<=",-19.896,"uA","<=",-18,"P",4.77028,***,"",
3,"Post_ILIM_Test","","ITRIP_20p_Voltage",810070,"",1,1,"VOUT1",3,"384","","",0.9,"<=",1.01,"V","<=",1.2,"P",4.77028,***,"",
3,"Post_ILIM_Test","","Vin_vout_Current_10P",810160,"",1,1,"VOUT1",3,"384","","",0,"<=",0.799922,"A","<=",0.9,"P",4.77028,***,"",
3,"Post_ILIM_Test","","Vin_vout_Current_20P",810150,"",1,1,"VOUT1",3,"384","","",0,"<=",1.59988,"A","<=",1.7,"P",4.77028,***,"",
3,"Post_ILIM_Test","","gain_20V_10p",810050,"",1,1,"ITRIP_PS1600",3,"384","","",70000,"<=",79106.2,"GAIN","<=",85000,"P",4.77028,***,"",
3,"Post_ILIM_Test","","gain_20V_20p",810100,"",1,1,"ITRIP_PS1600",3,"384","","",75000,"<=",80412.1,"GAIN","<=",85000,"P",4.77028,***,"",
3,"Post_ISENSE_Gain","","POST_SNS_GAIN_20PIMAX_CODE",820040,"",1,1,"ISEN_DPS128",3,"384","","",-210,"<=",-200.38,"uA","<=",-190,"P",0.068486,***,"",
3,"Post_ISENSE_Gain","","gain",820050,"",1,1,"ISEN_DPS128",3,"384","","",7700,"<=",7985.21,"GAIN","<=",8300,"P",0.068486,***,"",
3,"Post_ISENSE_Gain","","Forced Current",820060,"",1,1,"VOUT1",3,"384","","",1.55,"<=",1.60007,"A","<=",1.61,"P",0.068486,***,"",
3,"ILIM_Slowtrip","","ITRIP_VOLTAGE_ILIM_TM_011",830010,"",1,1,"ITRIP_PS1600",3,"384","","",0.95,"<=",1.11773,"V","<=",1.15,"P",0.504391,***,"",
3,"ILIM_Slowtrip","","ITRIP_VOLTAGE_ILIM_TM_111",830020,"",1,1,"ITRIP_PS1600",3,"384","","",0.95,"<=",1.12174,"V","<=",1.15,"P",0.504391,***,"",
3,"TISLOW","","TISLOW",840010,"",1,1,"ITRIP_PS1600",3,"384","","",11.1,"<=",12.5,"mS","<=",12.7,"P",0.247661,***,"",
3,"IO_TEST","","OFF_VOLTAGE_LOW_EN_0V_IO_TM_1",460010,"",1,1,"OFF_PS1600",3,"384","","",0,"<=",0.000771,"V","<=",0.2,"P",1.5494,***,"",
3,"IO_TEST","","OFF_VOLTAGE_HIGH_EN_1P8V_IO_TM_1",460020,"",1,1,"OFF_PS1600",3,"384","","",1.75,"<=",1.79774,"V","<=",1.85,"P",1.5494,***,"",
3,"IO_TEST","","OFF_VOLTAGE_LOW_VIN_1P5V_IO_TM_1",460030,"",1,1,"OFF_PS1600",3,"384","","",0,"<=",0.000828102,"V","<=",0.2,"P",1.5494,***,"",
3,"IO_TEST","","OFF_VOLTAGE_HIGH_VIN_5V_IO_TM_1",460040,"",1,1,"OFF_PS1600",3,"384","","",1.75,"<=",1.79825,"V","<=",1.85,"P",1.5494,***,"",
3,"IO_TEST","","OFF_VOLTAGE_LOW_EN_0V_IO_TM_2",460070,"",1,1,"OFF_PS1600",3,"384","","",0,"<=",0.000714,"V","<=",0.2,"P",1.5494,***,"",
3,"IO_TEST","","OFF_VOLTAGE_HIGH_EN_1P8V_IO_TM_2",460080,"",1,1,"OFF_PS1600",3,"384","","",1.75,"<=",1.79848,"V","<=",1.85,"P",1.5494,***,"",
3,"IO_TEST","","OFF_VOLTAGE_LOW_VIN_1P5V_IO_TM_2",460090,"",1,1,"OFF_PS1600",3,"384","","",0,"<=",0.000771185,"V","<=",0.2,"P",1.5494,***,"",
3,"IO_TEST","","OFF_VOLTAGE_HIGH_VIN_5V_IO_TM_2",460100,"",1,1,"OFF_PS1600",3,"384","","",1.75,"<=",1.79854,"V","<=",1.85,"P",1.5494,***,"",
3,"IO_TEST","","OFF_VOLTAGE_LOW_FCB_0V_IO_TM_3",460050,"",1,1,"OFF_PS1600",3,"384","","",0,"<=",0.000657,"V","<=",0.2,"P",1.5494,***,"",
3,"IO_TEST","","OFF_VOLTAGE_HIGH_FCB_1P8V_IO_TM_3",460060,"",1,1,"OFF_PS1600",3,"384","","",1.75,"<=",1.79819,"V","<=",1.85,"P",1.5494,***,"",
3,"IO_TEST","","OFF_VOLTAGE_LOW_FCB_0V_IO_TM_4",460110,"",1,1,"OFF_PS1600",3,"384","","",0,"<=",0.000771,"V","<=",0.2,"P",1.5494,***,"",
3,"IO_TEST","","OFF_VOLTAGE_HIGH_FCB_1P8V_IO_TM_4",460120,"",1,1,"OFF_PS1600",3,"384","","",1.75,"<=",1.79848,"V","<=",1.85,"P",1.5494,***,"",
3,"SS_Threshold_Test","","VSS_T",210010,"",1,1,"SS_DPS128",3,"384","","",0.96,"<=",1.04,"V","<=",1.095,"P",0.550171,***,"",
3,"UVLO_Threshold","","UVLO_RISING_VDD",350010,"",1,1,"VDD",3,"384","","",2.2,"<=",2.66754,"V","<=",2.9,"P",7.02241,***,"",
3,"UVLO_Threshold","","UVLO_FALLING_VDD",350020,"",1,1,"VDD",3,"384","","",2.2,"<=",2.46413,"V","<=",2.8,"P",7.02241,***,"",
3,"UVLO_Threshold","","UVLO_HYSTERISIS",350030,"",1,1,"VDD",3,"384","","",0.12,"<=",0.203407,"V","<=",0.5,"P",7.02241,***,"",
3,"UVLO_Threshold","","UVLO_RISING_VIN",350040,"",1,1,"VIN1",3,"384","","",2.5,"<=",2.62685,"V","<=",2.88,"P",7.02241,***,"",
3,"UVLO_Threshold","","UVLO_FALLING_VIN",350050,"",1,1,"VIN1",3,"384","","",2.35,"<=",2.51062,"V","<=",2.7,"P",7.02241,***,"",
3,"UVLO_Threshold","","UVLO_HYSTERISIS_VIN",350060,"",1,1,"VIN1",3,"384","","",0.07,"<=",0.116232,"V","<=",0.3,"P",7.02241,***,"",
3,"EN_Rise_Fall_Hysteresis","","EN_RISING_VDD",360010,"",1,1,"EN",3,"384","","",0.65,"<=",0.715431,"V","<=",0.8,"P",0.882836,***,"",
3,"EN_Rise_Fall_Hysteresis","","EN_FALLING_VDD",360020,"",1,1,"EN",3,"384","","",0.6,"<=",0.676353,"V","<=",0.75,"P",0.882836,***,"",
3,"EN_Rise_Fall_Hysteresis","","EN_HYSTERISIS",360030,"",1,1,"EN",3,"384","","",0.025,"<=",0.0390782,"V","<=",0.06,"P",0.882836,***,"",
3,"FCB_Rise_Fall_Hysteresis","","FCB_RISING_VDD",370010,"",1,1,"FCB_PS1600",3,"384","","",0.65,"<=",0.714765,"V","<=",0.8,"P",0.71379,***,"",
3,"FCB_Rise_Fall_Hysteresis","","FCB_FALLING_VDD",370020,"",1,1,"FCB_PS1600",3,"384","","",0.6,"<=",0.674497,"V","<=",0.75,"P",0.71379,***,"",
3,"FCB_Rise_Fall_Hysteresis","","FCB_HYSTERISIS",370030,"",1,1,"FCB_PS1600",3,"384","","",0.025,"<=",0.0402685,"V","<=",0.06,"P",0.71379,***,"",
3,"Output_characteristics_functional","","FAULTB_VOL_100UA",380010,"",1,1,"FAULTB_PS1600",3,"384","","",0,"<=",2.137,"mV","<=",5,"P",0.422935,***,"",
3,"Output_characteristics_functional","","FAULTB_VOL_2MA",380020,"",1,1,"FAULTB_PS1600",3,"384","","",0,"<=",25.871,"mV","<=",35,"P",0.422935,***,"",
3,"Output_characteristics_functional","","OFF_VOH_100UA",380030,"",1,1,"OFF_PS1600",3,"384","","",1.75,"<=",1.79216,"V","<=",1.85,"P",0.422935,***,"",
3,"Output_characteristics_functional","","OFF_VOL_100UA",380040,"",1,1,"OFF_PS1600",3,"384","","",0,"<=",5.154,"mV","<=",6,"P",0.422935,***,"",
3,"Output_characteristics_functional","","OFF_VOL_2MA",380050,"",1,1,"OFF_PS1600",3,"384","","",20,"<=",79.942,"mV","<=",100,"P",0.422935,***,"",
3,"OVST","","GATE_DRIVE_MAIN_FET_PRE",1300010,"",1,1,"OFF_PS1600",3,"384","","",1.65,"<=",1.80271,"V","<=",1.85,"P",0.534236,***,"",
3,"OVST","","OVST",1300020,"",1,1,"OFF_PS1600",3,"384","","",2.7,"<=",2.84924,"V","<=",3,"P",0.534236,***,"",
3,"OVST","","GATE_DRIVE_MAIN_FET_POST",1300030,"",1,1,"OFF_PS1600",3,"384","","",1.25,"<=",1.33766,"V","<=",1.4,"P",0.534236,***,"",
3,"Post_PintoPin_Leakage","","PIN_TO_PIN_POS_LEAKAGE_PIN",700010,"",1,1,"FAULTB_PS1600",3,"384","","",-200,"<=",-7.66252,"nA","<=",200,"P",0.886031,***,"",
3,"Post_PintoPin_Leakage","","PIN_TO_PIN_NEG_LEAKAGE_PIN",700110,"",1,1,"FAULTB_PS1600",3,"384","","",-200,"<=",-7.66252,"nA","<=",200,"P",0.886031,***,"",
3,"Post_PintoPin_Leakage","","DELTA_POS",700210,"",1,1,"FAULTB_PS1600",3,"384","","",-50,"<=",1.21875,"nA","<=",50,"P",0.886031,***,"",
3,"Post_PintoPin_Leakage","","DELTA_NEG",700220,"",1,1,"FAULTB_PS1600",3,"384","","",-50,"<=",-0.304688,"nA","<=",50,"P",0.886031,***,"",
3,"Post_PintoPin_Leakage","","PIN_TO_PIN_POS_LEAKAGE_PIN",700020,"",1,1,"ITRIP_PS1600",3,"384","","",-200,"<=",-12.5595,"nA","<=",200,"P",0.886031,***,"",
3,"Post_PintoPin_Leakage","","PIN_TO_PIN_NEG_LEAKAGE_PIN",700120,"",1,1,"ITRIP_PS1600",3,"384","","",-200,"<=",-12.5595,"nA","<=",200,"P",0.886031,***,"",
3,"Post_PintoPin_Leakage","","DELTA_POS",700210,"",1,1,"ITRIP_PS1600",3,"384","","",-50,"<=",-0.0508327,"nA","<=",50,"P",0.886031,***,"",
3,"Post_PintoPin_Leakage","","DELTA_NEG",700220,"",1,1,"ITRIP_PS1600",3,"384","","",-50,"<=",-0.711653,"nA","<=",50,"P",0.886031,***,"",
3,"Post_PintoPin_Leakage","","PIN_TO_PIN_POS_LEAKAGE_PIN",700030,"",1,1,"OFF_PS1600",3,"384","","",-200,"<=",-10.7885,"nA","<=",200,"P",0.886031,***,"",
3,"Post_PintoPin_Leakage","","PIN_TO_PIN_NEG_LEAKAGE_PIN",700130,"",1,1,"OFF_PS1600",3,"384","","",-200,"<=",-10.7885,"nA","<=",200,"P",0.886031,***,"",
3,"Post_PintoPin_Leakage","","DELTA_POS",700210,"",1,1,"OFF_PS1600",3,"384","","",-50,"<=",0.97242,"nA","<=",50,"P",0.886031,***,"",
3,"Post_PintoPin_Leakage","","DELTA_NEG",700220,"",1,1,"OFF_PS1600",3,"384","","",-50,"<=",-0.665341,"nA","<=",50,"P",0.886031,***,"",
3,"Post_PintoPin_Leakage","","PIN_TO_PIN_POS_LEAKAGE_PIN",700040,"",1,1,"SS_PS1600",3,"384","","",-200,"<=",-14.2137,"nA","<=",200,"P",0.886031,***,"",
3,"Post_PintoPin_Leakage","","PIN_TO_PIN_NEG_LEAKAGE_PIN",700140,"",1,1,"SS_PS1600",3,"384","","",-200,"<=",-14.2137,"nA","<=",200,"P",0.886031,***,"",
3,"Post_PintoPin_Leakage","","DELTA_POS",700210,"",1,1,"SS_PS1600",3,"384","","",-50,"<=",0.561849,"nA","<=",50,"P",0.886031,***,"",
3,"Post_PintoPin_Leakage","","DELTA_NEG",700220,"",1,1,"SS_PS1600",3,"384","","",-50,"<=",-0.766157,"nA","<=",50,"P",0.886031,***,"",
3,"Post_PintoPin_Leakage","","PIN_TO_PIN_POS_LEAKAGE_PIN",700050,"",1,1,"VIN1",3,"384","","",10,"<=",304.542,"nA","<=",500,"P",0.886031,***,"",
3,"Post_PintoPin_Leakage","","PIN_TO_PIN_NEG_LEAKAGE_PIN",700150,"",1,1,"VIN1",3,"384","","",-500,"<=",-300.988,"nA","<=",-10,"P",0.886031,***,"",
3,"Post_PintoPin_Leakage","","DELTA_POS",700210,"",1,1,"VIN1",3,"384","","",-50,"<=",2.85581,"nA","<=",50,"P",0.886031,***,"",
3,"Post_PintoPin_Leakage","","DELTA_NEG",700220,"",1,1,"VIN1",3,"384","","",-50,"<=",-5.8244,"nA","<=",50,"P",0.886031,***,"",
3,"Post_PintoPin_Leakage","","PIN_TO_PIN_POS_LEAKAGE_PIN",700060,"",1,1,"VOUT1",3,"384","","",10,"<=",302.694,"nA","<=",500,"P",0.886031,***,"",
3,"Post_PintoPin_Leakage","","PIN_TO_PIN_NEG_LEAKAGE_PIN",700160,"",1,1,"VOUT1",3,"384","","",-500,"<=",-294.986,"nA","<=",-10,"P",0.886031,***,"",
3,"Post_PintoPin_Leakage","","DELTA_POS",700210,"",1,1,"VOUT1",3,"384","","",-50,"<=",7.36327,"nA","<=",50,"P",0.886031,***,"",
3,"Post_PintoPin_Leakage","","DELTA_NEG",700220,"",1,1,"VOUT1",3,"384","","",-50,"<=",5.20959,"nA","<=",50,"P",0.886031,***,"",
3,"Post_PintoPin_Leakage","","PIN_TO_PIN_POS_LEAKAGE_PIN",700070,"",1,1,"EN0_PS1600",3,"384","","",300,"<=",515.037,"nA","<=",700,"P",0.886031,***,"",
3,"Post_PintoPin_Leakage","","PIN_TO_PIN_NEG_LEAKAGE_PIN",700170,"",1,1,"EN0_PS1600",3,"384","","",-700,"<=",-523.469,"nA","<=",-300,"P",0.886031,***,"",
3,"Post_PintoPin_Leakage","","DELTA_POS",700210,"",1,1,"EN0_PS1600",3,"384","","",-50,"<=",-1.23208,"nA","<=",50,"P",0.886031,***,"",
3,"Post_PintoPin_Leakage","","DELTA_NEG",700220,"",1,1,"EN0_PS1600",3,"384","","",-50,"<=",-0.307978,"nA","<=",50,"P",0.886031,***,"",
3,"Post_PintoPin_Leakage","","PIN_TO_PIN_POS_LEAKAGE_PIN",700080,"",1,1,"FCB_PS1600",3,"384","","",-200,"<=",-0.160491,"nA","<=",200,"P",0.886031,***,"",
3,"Post_PintoPin_Leakage","","PIN_TO_PIN_NEG_LEAKAGE_PIN",700180,"",1,1,"FCB_PS1600",3,"384","","",-200,"<=",-7.95867,"nA","<=",200,"P",0.886031,***,"",
3,"Post_PintoPin_Leakage","","DELTA_POS",700210,"",1,1,"FCB_PS1600",3,"384","","",-50,"<=",0.354705,"nA","<=",50,"P",0.886031,***,"",
3,"Post_PintoPin_Leakage","","DELTA_NEG",700220,"",1,1,"FCB_PS1600",3,"384","","",-50,"<=",-1.06412,"nA","<=",50,"P",0.886031,***,"",
3,"Post_PintoPin_Leakage","","PIN_TO_PIN_POS_LEAKAGE_PIN",700090,"",1,1,"ISEN_PS1600",3,"384","","",-200,"<=",0.148293,"nA","<=",200,"P",0.886031,***,"",
3,"Post_PintoPin_Leakage","","PIN_TO_PIN_NEG_LEAKAGE_PIN",700190,"",1,1,"ISEN_PS1600",3,"384","","",-200,"<=",-13.4587,"nA","<=",200,"P",0.886031,***,"",
3,"Post_PintoPin_Leakage","","DELTA_POS",700210,"",1,1,"ISEN_PS1600",3,"384","","",-50,"<=",-0.869597,"nA","<=",50,"P",0.886031,***,"",
3,"Post_PintoPin_Leakage","","DELTA_NEG",700220,"",1,1,"ISEN_PS1600",3,"384","","",-50,"<=",-0.613833,"nA","<=",50,"P",0.886031,***,"",
3,"Post_PintoPin_Leakage","","PIN_TO_PIN_POS_LEAKAGE_PIN_VBIAS_PS1600",700100,"",1,1,"VBIAS_PS1600",3,"384","","",500,"<=",751,"nA","<=",1000,"P",0.886031,***,"",
3,"Post_PintoPin_Leakage","","PIN_TO_PIN_NEG_LEAKAGE_PIN_VBIAS_PS1600",700200,"",1,1,"VBIAS_PS1600",3,"384","","",-1000,"<=",-835,"nA","<=",-500,"P",0.886031,***,"",
3,"Post_PintoPin_Leakage","","DELTA_POS",700210,"",1,1,"VBIAS_PS1600",3,"384","","",-50,"<=",21,"nA","<=",50,"P",0.886031,***,"",
3,"Post_PintoPin_Leakage","","DELTA_NEG",700220,"",1,1,"VBIAS_PS1600",3,"384","","",-50,"<=",-33,"nA","<=",50,"P",0.886031,***,"",
3,"Post_Contact","","POST_CONTINUITY",400030,"",1,1,"EN0_PS1600",3,"384","","",-500,"<=",-358.316,"mV","<=",-300,"P",0.37378,***,"",
3,"Post_Contact","","Delta",400420,"",1,1,"EN0_PS1600",3,"384","","",-5,"<=",0.682682,"mV","<=",5,"P",0.37378,***,"",
3,"Post_Contact","","POST_CONTINUITY",400020,"",1,1,"FAULTB_PS1600",3,"384","","",-500,"<=",-414.598,"mV","<=",-300,"P",0.37378,***,"",
3,"Post_Contact","","Delta",400420,"",1,1,"FAULTB_PS1600",3,"384","","",-5,"<=",0.739902,"mV","<=",5,"P",0.37378,***,"",
3,"Post_Contact","","POST_CONTINUITY",400050,"",1,1,"FCB_PS1600",3,"384","","",-500,"<=",-358.66,"mV","<=",-300,"P",0.37378,***,"",
3,"Post_Contact","","Delta",400420,"",1,1,"FCB_PS1600",3,"384","","",-5,"<=",0.796825,"mV","<=",5,"P",0.37378,***,"",
3,"Post_Contact","","POST_CONTINUITY",400090,"",1,1,"ISEN_PS1600",3,"384","","",-500,"<=",-344.478,"mV","<=",-300,"P",0.37378,***,"",
3,"Post_Contact","","Delta",400420,"",1,1,"ISEN_PS1600",3,"384","","",-5,"<=",0.45532,"mV","<=",5,"P",0.37378,***,"",
3,"Post_Contact","","POST_CONTINUITY",400080,"",1,1,"ITRIP_PS1600",3,"384","","",-500,"<=",-360.937,"mV","<=",-300,"P",0.37378,***,"",
3,"Post_Contact","","Delta",400420,"",1,1,"ITRIP_PS1600",3,"384","","",-5,"<=",0.739932,"mV","<=",5,"P",0.37378,***,"",
3,"Post_Contact","","POST_CONTINUITY",400040,"",1,1,"OFF_PS1600",3,"384","","",-500,"<=",-353.48,"mV","<=",-300,"P",0.37378,***,"",
3,"Post_Contact","","Delta",400420,"",1,1,"OFF_PS1600",3,"384","","",-5,"<=",0.739932,"mV","<=",5,"P",0.37378,***,"",
3,"Post_Contact","","POST_CONTINUITY",400010,"",1,1,"SS_PS1600",3,"384","","",-500,"<=",-448.602,"mV","<=",-300,"P",0.37378,***,"",
3,"Post_Contact","","Delta",400420,"",1,1,"SS_PS1600",3,"384","","",-5,"<=",0.853777,"mV","<=",5,"P",0.37378,***,"",
3,"Post_Contact","","POST_CONTINUITY",400070,"",1,1,"VBIAS_PS1600",3,"384","","",-500,"<=",-298.84,"mV","<=",-200,"P",0.37378,***,"",
3,"Post_Contact","","Delta",400420,"",1,1,"VBIAS_PS1600",3,"384","","",-5,"<=",0.739932,"mV","<=",5,"P",0.37378,***,"",
3,"Post_Contact","","POST_CONTINUITY",400060,"",1,1,"GND_PS1600",3,"384","","",-500,"<=",-355.007,"mV","<=",-300,"P",0.37378,***,"",
3,"Post_Contact","","POST_CONTINUITY",400180,"",1,1,"VIN1",3,"384","","",-360,"<=",-340.488,"mV","<=",-300,"P",0.37378,***,"",
3,"Post_Contact","","Delta",400420,"",1,1,"VIN1",3,"384","","",-5,"<=",0.768661,"mV","<=",5,"P",0.37378,***,"",
3,"Post_Contact","","POST_CONTINUITY",400190,"",1,1,"VIN2",3,"384","","",-360,"<=",-341.028,"mV","<=",-300,"P",0.37378,***,"",
3,"Post_Contact","","Delta",400420,"",1,1,"VIN2",3,"384","","",-5,"<=",0.453949,"mV","<=",5,"P",0.37378,***,"",
3,"Post_Contact","","POST_CONTINUITY",400200,"",1,1,"VIN3",3,"384","","",-360,"<=",-340.759,"mV","<=",-300,"P",0.37378,***,"",
3,"Post_Contact","","Delta",400420,"",1,1,"VIN3",3,"384","","",-5,"<=",1.11008,"mV","<=",5,"P",0.37378,***,"",
3,"Post_Contact","","POST_CONTINUITY",400210,"",1,1,"VIN4_RS1",3,"384","","",-360,"<=",-341.196,"mV","<=",-300,"P",0.37378,***,"",
3,"Post_Contact","","Delta",400420,"",1,1,"VIN4_RS1",3,"384","","",-5,"<=",0.31662,"mV","<=",5,"P",0.37378,***,"",
3,"Post_Contact","","POST_CONTINUITY",400220,"",1,1,"VIN4_RS2",3,"384","","",-360,"<=",-340.845,"mV","<=",-300,"P",0.37378,***,"",
3,"Post_Contact","","Delta",400420,"",1,1,"VIN4_RS2",3,"384","","",-5,"<=",0.761032,"mV","<=",5,"P",0.37378,***,"",
3,"Post_Contact","","POST_CONTINUITY",400230,"",1,1,"VIN5_RS1",3,"384","","",-360,"<=",-340.796,"mV","<=",-300,"P",0.37378,***,"",
3,"Post_Contact","","Delta",400420,"",1,1,"VIN5_RS1",3,"384","","",-5,"<=",0.896454,"mV","<=",5,"P",0.37378,***,"",
3,"Post_Contact","","POST_CONTINUITY",400240,"",1,1,"VIN5_RS2",3,"384","","",-360,"<=",-341.352,"mV","<=",-300,"P",0.37378,***,"",
3,"Post_Contact","","Delta",400420,"",1,1,"VIN5_RS2",3,"384","","",-5,"<=",0.360489,"mV","<=",5,"P",0.37378,***,"",
3,"Post_Contact","","POST_CONTINUITY",400250,"",1,1,"VIN6",3,"384","","",-360,"<=",-341.169,"mV","<=",-300,"P",0.37378,***,"",
3,"Post_Contact","","Delta",400420,"",1,1,"VIN6",3,"384","","",-5,"<=",0.377655,"mV","<=",5,"P",0.37378,***,"",
3,"Post_Contact","","POST_CONTINUITY",400100,"",1,1,"VOUT1",3,"384","","",-300,"<=",-226.295,"mV","<=",-200,"P",0.37378,***,"",
3,"Post_Contact","","Delta",400420,"",1,1,"VOUT1",3,"384","","",-5,"<=",0.205994,"mV","<=",5,"P",0.37378,***,"",
3,"Post_Contact","","POST_CONTINUITY",400110,"",1,1,"VOUT2_RS1",3,"384","","",-300,"<=",-226.149,"mV","<=",-200,"P",0.37378,***,"",
3,"Post_Contact","","Delta",400420,"",1,1,"VOUT2_RS1",3,"384","","",-5,"<=",0.171661,"mV","<=",5,"P",0.37378,***,"",
3,"Post_Contact","","POST_CONTINUITY",400120,"",1,1,"VOUT2_RS2",3,"384","","",-300,"<=",-226.456,"mV","<=",-200,"P",0.37378,***,"",
3,"Post_Contact","","Delta",400420,"",1,1,"VOUT2_RS2",3,"384","","",-5,"<=",0.127792,"mV","<=",5,"P",0.37378,***,"",
3,"Post_Contact","","POST_CONTINUITY",400130,"",1,1,"VOUT3_RS1",3,"384","","",-300,"<=",-226.593,"mV","<=",-200,"P",0.37378,***,"",
3,"Post_Contact","","Delta",400420,"",1,1,"VOUT3_RS1",3,"384","","",-5,"<=",0.0362396,"mV","<=",5,"P",0.37378,***,"",
3,"Post_Contact","","POST_CONTINUITY",400140,"",1,1,"VOUT3_RS2",3,"384","","",-300,"<=",-226.351,"mV","<=",-200,"P",0.37378,***,"",
3,"Post_Contact","","Delta",400420,"",1,1,"VOUT3_RS2",3,"384","","",-5,"<=",0.143051,"mV","<=",5,"P",0.37378,***,"",
3,"Post_Contact","","POST_CONTINUITY",400150,"",1,1,"VOUT4",3,"384","","",-300,"<=",-226.566,"mV","<=",-200,"P",0.37378,***,"",
3,"Post_Contact","","Delta",400420,"",1,1,"VOUT4",3,"384","","",-5,"<=",-0.108719,"mV","<=",5,"P",0.37378,***,"",
3,"Post_Contact","","POST_CONTINUITY",400160,"",1,1,"VOUT5",3,"384","","",-300,"<=",-226.204,"mV","<=",-200,"P",0.37378,***,"",
3,"Post_Contact","","Delta",400420,"",1,1,"VOUT5",3,"384","","",-5,"<=",0.0171661,"mV","<=",5,"P",0.37378,***,"",
3,"Post_Contact","","POST_CONTINUITY",400170,"",1,1,"VOUT6",3,"384","","",-300,"<=",-226.265,"mV","<=",-200,"P",0.37378,***,"",
3,"Post_Contact","","Delta",400420,"",1,1,"VOUT6",3,"384","","",-5,"<=",0.37384,"mV","<=",5,"P",0.37378,***,"",
4,"CONTINUITY","","CONTINUITY",10030,"",1,1,"EN0_PS1600",4,"403","","",-500,"<=",-376.293,"mV","<=",-300,"P",0.316992,***,"",
4,"CONTINUITY","","CONTINUITY",10020,"",1,1,"FAULTB_PS1600",4,"403","","",-500,"<=",-439.413,"mV","<=",-300,"P",0.316992,***,"",
4,"CONTINUITY","","CONTINUITY",10050,"",1,1,"FCB_PS1600",4,"403","","",-500,"<=",-376.646,"mV","<=",-300,"P",0.316992,***,"",
4,"CONTINUITY","","CONTINUITY",10090,"",1,1,"ISEN_PS1600",4,"403","","",-500,"<=",-363.715,"mV","<=",-300,"P",0.316992,***,"",
4,"CONTINUITY","","CONTINUITY",10080,"",1,1,"ITRIP_PS1600",4,"403","","",-500,"<=",-378.979,"mV","<=",-300,"P",0.316992,***,"",
4,"CONTINUITY","","CONTINUITY",10040,"",1,1,"OFF_PS1600",4,"403","","",-500,"<=",-370.669,"mV","<=",-300,"P",0.316992,***,"",
4,"CONTINUITY","","CONTINUITY",10010,"",1,1,"SS_PS1600",4,"403","","",-500,"<=",-468.466,"mV","<=",-300,"P",0.316992,***,"",
4,"CONTINUITY","","CONTINUITY",10070,"",1,1,"VBIAS_PS1600",4,"403","","",-500,"<=",-296.393,"mV","<=",-200,"P",0.316992,***,"",
4,"CONTINUITY","","CONTINUITY",10060,"",1,1,"GND_PS1600",4,"403","","",-500,"<=",-356.658,"mV","<=",-300,"P",0.316992,***,"",
4,"CONTINUITY","","CONTINUITY",10180,"",1,1,"VIN1",4,"403","","",-360,"<=",-333.963,"mV","<=",-300,"P",0.316992,***,"",
4,"CONTINUITY","","CONTINUITY",10190,"",1,1,"VIN2",4,"403","","",-360,"<=",-334.7,"mV","<=",-300,"P",0.316992,***,"",
4,"CONTINUITY","","CONTINUITY",10200,"",1,1,"VIN3",4,"403","","",-360,"<=",-334.715,"mV","<=",-300,"P",0.316992,***,"",
4,"CONTINUITY","","CONTINUITY",10210,"",1,1,"VIN4_RS1",4,"403","","",-360,"<=",-334.763,"mV","<=",-300,"P",0.316992,***,"",
4,"CONTINUITY","","CONTINUITY",10220,"",1,1,"VIN4_RS2",4,"403","","",-360,"<=",-334.641,"mV","<=",-300,"P",0.316992,***,"",
4,"CONTINUITY","","CONTINUITY",10230,"",1,1,"VIN5_RS1",4,"403","","",-360,"<=",-334.482,"mV","<=",-300,"P",0.316992,***,"",
4,"CONTINUITY","","CONTINUITY",10240,"",1,1,"VIN5_RS2",4,"403","","",-360,"<=",-334.723,"mV","<=",-300,"P",0.316992,***,"",
4,"CONTINUITY","","CONTINUITY",10250,"",1,1,"VIN6",4,"403","","",-360,"<=",-334.717,"mV","<=",-300,"P",0.316992,***,"",
4,"CONTINUITY","","CONTINUITY",10100,"",1,1,"VOUT1",4,"403","","",-300,"<=",-226.368,"mV","<=",-200,"P",0.316992,***,"",
4,"CONTINUITY","","CONTINUITY",10110,"",1,1,"VOUT2_RS1",4,"403","","",-300,"<=",-226.109,"mV","<=",-200,"P",0.316992,***,"",
4,"CONTINUITY","","CONTINUITY",10120,"",1,1,"VOUT2_RS2",4,"403","","",-300,"<=",-226.171,"mV","<=",-200,"P",0.316992,***,"",
4,"CONTINUITY","","CONTINUITY",10130,"",1,1,"VOUT3_RS1",4,"403","","",-300,"<=",-226.116,"mV","<=",-200,"P",0.316992,***,"",
4,"CONTINUITY","","CONTINUITY",10140,"",1,1,"VOUT3_RS2",4,"403","","",-300,"<=",-226.309,"mV","<=",-200,"P",0.316992,***,"",
4,"CONTINUITY","","CONTINUITY",10150,"",1,1,"VOUT4",4,"403","","",-300,"<=",-226.271,"mV","<=",-200,"P",0.316992,***,"",
4,"CONTINUITY","","CONTINUITY",10160,"",1,1,"VOUT5",4,"403","","",-300,"<=",-226.084,"mV","<=",-200,"P",0.316992,***,"",
4,"CONTINUITY","","CONTINUITY",10170,"",1,1,"VOUT6",4,"403","","",-300,"<=",-226.013,"mV","<=",-200,"P",0.316992,***,"",
4,"Pin_to_Pin_Leakage","","PIN_TO_PIN_POS_LEAKAGE_PIN",20010,"",1,1,"FAULTB_PS1600",4,"403","","",-200,"<=",-4.15861,"nA","<=",200,"P",0.513109,***,"",
4,"Pin_to_Pin_Leakage","","PIN_TO_PIN_NEG_LEAKAGE_PIN",20110,"",1,1,"FAULTB_PS1600",4,"403","","",-200,"<=",-4.15861,"nA","<=",200,"P",0.513109,***,"",
4,"Pin_to_Pin_Leakage","","PIN_TO_PIN_POS_LEAKAGE_PIN",20020,"",1,1,"ITRIP_PS1600",4,"403","","",-200,"<=",-9.40793,"nA","<=",200,"P",0.513109,***,"",
4,"Pin_to_Pin_Leakage","","PIN_TO_PIN_NEG_LEAKAGE_PIN",20120,"",1,1,"ITRIP_PS1600",4,"403","","",-200,"<=",-9.40793,"nA","<=",200,"P",0.513109,***,"",
4,"Pin_to_Pin_Leakage","","PIN_TO_PIN_POS_LEAKAGE_PIN",20030,"",1,1,"OFF_PS1600",4,"403","","",-200,"<=",-5.97757,"nA","<=",200,"P",0.513109,***,"",
4,"Pin_to_Pin_Leakage","","PIN_TO_PIN_NEG_LEAKAGE_PIN",20130,"",1,1,"OFF_PS1600",4,"403","","",-200,"<=",-5.97757,"nA","<=",200,"P",0.513109,***,"",
4,"Pin_to_Pin_Leakage","","PIN_TO_PIN_POS_LEAKAGE_PIN",20040,"",1,1,"SS_PS1600",4,"403","","",-200,"<=",-12.0174,"nA","<=",200,"P",0.513109,***,"",
4,"Pin_to_Pin_Leakage","","PIN_TO_PIN_NEG_LEAKAGE_PIN",20140,"",1,1,"SS_PS1600",4,"403","","",-200,"<=",-12.0174,"nA","<=",200,"P",0.513109,***,"",
4,"Pin_to_Pin_Leakage","","PIN_TO_PIN_POS_LEAKAGE_PIN",20050,"",1,1,"VIN1",4,"403","","",10,"<=",299.013,"nA","<=",500,"P",0.513109,***,"",
4,"Pin_to_Pin_Leakage","","PIN_TO_PIN_NEG_LEAKAGE_PIN",20150,"",1,1,"VIN1",4,"403","","",-500,"<=",-301.96,"nA","<=",-10,"P",0.513109,***,"",
4,"Pin_to_Pin_Leakage","","PIN_TO_PIN_POS_LEAKAGE_PIN",20060,"",1,1,"VOUT1",4,"403","","",10,"<=",299.995,"nA","<=",500,"P",0.513109,***,"",
4,"Pin_to_Pin_Leakage","","PIN_TO_PIN_NEG_LEAKAGE_PIN",20160,"",1,1,"VOUT1",4,"403","","",-500,"<=",-301.923,"nA","<=",-10,"P",0.513109,***,"",
4,"Pin_to_Pin_Leakage","","PIN_TO_PIN_POS_LEAKAGE_PIN",20070,"",1,1,"EN0_PS1600",4,"403","","",300,"<=",554.258,"nA","<=",700,"P",0.513109,***,"",
4,"Pin_to_Pin_Leakage","","PIN_TO_PIN_NEG_LEAKAGE_PIN",20170,"",1,1,"EN0_PS1600",4,"403","","",-700,"<=",-557.454,"nA","<=",-300,"P",0.513109,***,"",
4,"Pin_to_Pin_Leakage","","PIN_TO_PIN_POS_LEAKAGE_PIN",20080,"",1,1,"FCB_PS1600",4,"403","","",-200,"<=",-0.768557,"nA","<=",200,"P",0.513109,***,"",
4,"Pin_to_Pin_Leakage","","PIN_TO_PIN_NEG_LEAKAGE_PIN",20180,"",1,1,"FCB_PS1600",4,"403","","",-200,"<=",-3.85423,"nA","<=",200,"P",0.513109,***,"",
4,"Pin_to_Pin_Leakage","","PIN_TO_PIN_POS_LEAKAGE_PIN",20090,"",1,1,"ISEN_PS1600",4,"403","","",-200,"<=",0.813279,"nA","<=",200,"P",0.513109,***,"",
4,"Pin_to_Pin_Leakage","","PIN_TO_PIN_NEG_LEAKAGE_PIN",20190,"",1,1,"ISEN_PS1600",4,"403","","",-200,"<=",-6.96233,"nA","<=",200,"P",0.513109,***,"",
4,"Pin_to_Pin_Leakage","","PIN_TO_PIN_POS_LEAKAGE_PIN_VBIAS_PS1600",20100,"",1,1,"VBIAS_PS1600",4,"403","","",500,"<=",819,"nA","<=",1000,"P",0.513109,***,"",
4,"Pin_to_Pin_Leakage","","PIN_TO_PIN_NEG_LEAKAGE_PIN_VBIAS_PS1600",20200,"",1,1,"VBIAS_PS1600",4,"403","","",-1000,"<=",-870,"nA","<=",-500,"P",0.513109,***,"",
4,"IVDDFL_IVINFL_RONFL","","RON_200mAVDD_5_VIN_5_20V_Part",90050,"",1,1,"VIN1",4,"403","","",0.01,"<=",0.0229329,"ohm","<=",0.03,"P",0.0955313,***,"",
4,"IVDDFL_IVINFL_RONFL","","DEVICE_VARIENT_TRUE",90060,"",1,1,"VIN1",4,"403","","",0.5,"<=",1,"","<=",1.5,"P",0.0955313,***,"",
4,"Fuse_Burn_Check","","BANKA_BIT5_BLOWN_TRUE",1000001,"",1,1,"OFF_PS1600",4,"403","","",0,"<=",0,"","<=",1,"P",0.15902,***,"",
4,"Gross_Functional_EN_FCB_FAULTB_OFF","","EN_FCB_LOW_VOUT_LOW",30010,"",1,1,"VOUT4",4,"403","","",-0.001,"<=",0.00950813,"V","<=",1,"P",0.320704,***,"",
4,"Gross_Functional_EN_FCB_FAULTB_OFF","","EN_FCB_LOW_OFF_HIGH",30020,"",1,1,"OFF_PS1600",4,"403","","",1.6,"<=",1.91197,"V","<=",2.3,"P",0.320704,***,"",
4,"Gross_Functional_EN_FCB_FAULTB_OFF","","FCB_LOW_VOUT_LOW",30030,"",1,1,"VOUT4",4,"403","","",-0.001,"<=",6.67572e-05,"V","<=",0.5,"P",0.320704,***,"",
4,"Gross_Functional_EN_FCB_FAULTB_OFF","","FCB_LOW_OFF_HIGH",30040,"",1,1,"OFF_PS1600",4,"403","","",1.6,"<=",1.91277,"V","<=",2.3,"P",0.320704,***,"",
4,"Gross_Functional_EN_FCB_FAULTB_OFF","","EN_LOW_VOUT_LOW",30050,"",1,1,"VOUT4",4,"403","","",-0.001,"<=",0.00123787,"V","<=",0.5,"P",0.320704,***,"",
4,"Gross_Functional_EN_FCB_FAULTB_OFF","","EN_LOW_OFF_HIGH",30060,"",1,1,"OFF_PS1600",4,"403","","",1.6,"<=",1.91225,"V","<=",2.3,"P",0.320704,***,"",
4,"Gross_Functional_EN_FCB_FAULTB_OFF","","EN_FCB_HIGH_VOUT_HIGH",30070,"",1,1,"VOUT4",4,"403","","",4.85,"<=",4.99975,"V","<=",5.1,"P",0.320704,***,"",
4,"Gross_Functional_EN_FCB_FAULTB_OFF","","EN_FCB_HIGH_OFF_LOW",30080,"",1,1,"OFF_PS1600",4,"403","","",-0.001,"<=",0.000714269,"V","<=",0.5,"P",0.320704,***,"",
4,"Gross_Functional_EN_FCB_FAULTB_OFF","","FAULT_SET_VOUT_LOW",30090,"",1,1,"VOUT4",4,"403","","",-0.001,"<=",0.000179291,"V","<=",0.5,"P",0.320704,***,"",
4,"Gross_Functional_EN_FCB_FAULTB_OFF","","FAULT_SET_OFF_HIGH",30100,"",1,1,"OFF_PS1600",4,"403","","",1.6,"<=",1.95671,"V","<=",2.3,"P",0.320704,***,"",
4,"Gross_Functional_EN_FCB_FAULTB_OFF","","FAULT_RESET_VOUT_HIGH",30110,"",1,1,"VOUT4",4,"403","","",4.85,"<=",5.00008,"V","<=",5.1,"P",0.320704,***,"",
4,"Gross_Functional_EN_FCB_FAULTB_OFF","","FAULT_RESET_OFF_LOW",30120,"",1,1,"OFF_PS1600",4,"403","","",0,"<=",0.000714269,"V","<=",0.5,"P",0.320704,***,"",
4,"Output_disabled_leakage","","IVDDDIS_VDD_3_VIN_3",40010,"",1,1,"VDD",4,"403","","",10,"<=",111.629,"uA","<=",166.5,"P",0.13908,***,"",
4,"Output_disabled_leakage","","IVINDIS_VDD_3_VIN_3",40050,"",1,1,"VIN1",4,"403","","",10,"<=",79.3226,"uA","<=",166.5,"P",0.13908,***,"",
4,"Output_disabled_leakage","","IOFF_VDD_3_VIN_3",40090,"",1,1,"VOUT4",4,"403","","",-14,"<=",-2.07755,"uA","<=",11,"P",0.13908,***,"",
4,"Output_disabled_leakage","","IVDDDIS_VDD_3_VIN_20",40020,"",1,1,"VDD",4,"403","","",10,"<=",112.82,"uA","<=",166.5,"P",0.13908,***,"",
4,"Output_disabled_leakage","","IVINDIS_VDD_3_VIN_20",40060,"",1,1,"VIN1",4,"403","","",10,"<=",104.067,"uA","<=",166.5,"P",0.13908,***,"",
4,"Output_disabled_leakage","","IOFF_VDD_3_VIN_20",40100,"",1,1,"VOUT4",4,"403","","",-14,"<=",-2.69376,"uA","<=",11,"P",0.13908,***,"",
4,"Output_disabled_leakage","","IVINVDD0_VIN_3",40130,"",1,1,"VIN1",4,"403","","",10,"<=",78.1463,"uA","<=",166.5,"P",0.13908,***,"",
4,"Output_disabled_leakage","","IOFFVDD0_VIN_3",40150,"",1,1,"VOUT4",4,"403","","",-14,"<=",-1.82164,"uA","<=",11,"P",0.13908,***,"",
4,"Output_disabled_leakage","","IVDDDIS_VDD_20_VIN_3",40030,"",1,1,"VDD",4,"403","","",10,"<=",145.661,"uA","<=",166.5,"P",0.13908,***,"",
4,"Output_disabled_leakage","","IVINDIS_VDD_20_VIN_3",40070,"",1,1,"VIN1",4,"403","","",10,"<=",71.872,"uA","<=",166.5,"P",0.13908,***,"",
4,"Output_disabled_leakage","","IOFF_VDD_20_VIN_3",40110,"",1,1,"VOUT4",4,"403","","",-14,"<=",-2.22455,"uA","<=",11,"P",0.13908,***,"",
4,"Output_disabled_leakage","","IVDDDIS_VDD_20_VIN_20",40040,"",1,1,"VDD",4,"403","","",10,"<=",142.138,"uA","<=",166.5,"P",0.13908,***,"",
4,"Output_disabled_leakage","","IVINDIS_VDD_20_VIN_20",40080,"",1,1,"VIN1",4,"403","","",10,"<=",101.581,"uA","<=",166.5,"P",0.13908,***,"",
4,"Output_disabled_leakage","","IOFF_VDD_20_VIN_20",40120,"",1,1,"VOUT4",4,"403","","",-14,"<=",-1.91524,"uA","<=",11,"P",0.13908,***,"",
4,"Output_disabled_leakage","","IVINVDD0_VIN_20",40140,"",1,1,"VIN1",4,"403","","",10,"<=",124.194,"uA","<=",166.5,"P",0.13908,***,"",
4,"Output_disabled_leakage","","IOFFVDD0_VIN_20",40160,"",1,1,"VOUT4",4,"403","","",-14,"<=",-1.8922,"uA","<=",11,"P",0.13908,***,"",
4,"EN_pullup_resistor","","EN0V_PULLUP_RES",50010,"",1,1,"EN0_PS1600",4,"403","","",155,"<=",181,"Kohm","<=",230,"P",0.0726727,***,"",
4,"EN_pullup_resistor","","EN1V_PULLUP_RES",50020,"",1,1,"EN0_PS1600",4,"403","","",155,"<=",181.721,"Kohm","<=",230,"P",0.0726727,***,"",
4,"EN_pullup_resistor","","EN0V_Current",50030,"",1,1,"EN0_PS1600",4,"403","","",-11,"<=",-9.94478,"uA","<=",-7,"P",0.0726727,***,"",
4,"EN_pullup_resistor","","EN1V_Current",50040,"",1,1,"EN0_PS1600",4,"403","","",-5.5,"<=",-4.40236,"uA","<=",-3,"P",0.0726727,***,"",
4,"Leakage_Test","","IOFF_REVERSE_VOUT_VIN_LEAKAGE_1mA",60030,"",1,1,"VIN",4,"403","","",-331,"<=",-267.834,"mV","<=",-205,"P",0.0784865,***,"",
4,"Leakage_Test","","IOFF_REVERSE_VOUT_VIN_LEAKAGE_10mA",60040,"",1,1,"VIN",4,"403","","",-340,"<=",-330.172,"mV","<=",-205,"P",0.0784865,***,"",
4,"Leakage_Test","","IOFF_REVERSE_VOUT_VIN_LEAKAGE_100mA",60050,"",1,1,"VIN",4,"403","","",-331,"<=",-209.324,"mV","<=",-205,"P",0.0784865,***,"",
4,"Nominal_Input_pin_Leakages","","LEAKAGE",70010,"",1,1,"EN0_PS1600",4,"403","","",10,"<=",27.1375,"uA","<=",40,"P",0.26063,***,"",
4,"Nominal_Input_pin_Leakages","","LEAKAGE",70060,"",1,1,"FAULTB_PS1600",4,"403","","",-0.2,"<=",0.00820011,"uA","<=",0.2,"P",0.26063,***,"",
4,"Nominal_Input_pin_Leakages","","LEAKAGE",70020,"",1,1,"FCB_PS1600",4,"403","","",-0.5,"<=",-0.0636523,"uA","<=",0.5,"P",0.26063,***,"",
4,"Nominal_Input_pin_Leakages","","LEAKAGE",70040,"",1,1,"ISEN_PS1600",4,"403","","",24,"<=",28.3656,"uA","<=",50,"P",0.26063,***,"",
4,"Nominal_Input_pin_Leakages","","LEAKAGE",70030,"",1,1,"ITRIP_PS1600",4,"403","","",14,"<=",16.0254,"uA","<=",25,"P",0.26063,***,"",
4,"Nominal_Input_pin_Leakages","","LEAKAGE",70080,"",1,1,"OFF_PS1600",4,"403","","",-0.2,"<=",0.100011,"uA","<=",0.5,"P",0.26063,***,"",
4,"Nominal_Input_pin_Leakages","","LEAKAGE",70050,"",1,1,"SS_PS1600",4,"403","","",20,"<=",54.8195,"uA","<=",70,"P",0.26063,***,"",
4,"Nominal_Input_pin_Leakages","","LEAKAGE",70070,"",1,1,"VBIAS_PS1600",4,"403","","",5,"<=",27.4933,"uA","<=",40,"P",0.26063,***,"",
4,"Nominal_Input_pin_Leakages","","LEAKAGE_2V",70090,"",1,1,"OFF_PS1600",4,"403","","",-0.5,"<=",0.0683866,"uA","<=",0.5,"P",0.26063,***,"",
4,"Output_enabled_leakage","","IVDD_VDD_3_Vin_3",80001,"",1,1,"VDD",4,"403","","",10,"<=",102.019,"uA","<=",130,"P",0.547819,***,"",
4,"Output_enabled_leakage","","IVIN_VDD_3_Vin_3",80005,"",1,1,"VIN1",4,"403","","",10,"<=",53.6223,"uA","<=",75,"P",0.547819,***,"",
4,"Output_enabled_leakage","","IVDD_VDD_3_Vin_20",80010,"",1,1,"VDD",4,"403","","",10,"<=",112.462,"uA","<=",150,"P",0.547819,***,"",
4,"Output_enabled_leakage","","IVIN_VDD_3_Vin_20",80014,"",1,1,"VIN1",4,"403","","",10,"<=",92.8501,"uA","<=",120,"P",0.547819,***,"",
4,"Output_enabled_leakage","","IVDD_VDD_20_Vin_3",80011,"",1,1,"VDD",4,"403","","",10,"<=",124.311,"uA","<=",150,"P",0.547819,***,"",
4,"Output_enabled_leakage","","IVIN_VDD_20_Vin_3",80015,"",1,1,"VIN1",4,"403","","",10,"<=",54.4102,"uA","<=",75,"P",0.547819,***,"",
4,"Output_enabled_leakage","","IVDD_VDD_20_Vin_20",80012,"",1,1,"VDD",4,"403","","",10,"<=",129.135,"uA","<=",175,"P",0.547819,***,"",
4,"Output_enabled_leakage","","IVIN_VDD_20_Vin_20",80016,"",1,1,"VIN1",4,"403","","",10,"<=",92.2447,"uA","<=",120,"P",0.547819,***,"",
4,"SCAN","","Scan_test",330010,"_rdi_burst_SCAN_bk4_mp",1,1,"@",4,"403","","",***,"",***," ","",***,"P",0.079737,***,"",
4,"Logic","","Logic_test",340010,"_rdi_burst_Logic_bk6_mp",1,1,"@",4,"403","","",***,"",***," ","",***,"P",0.300591,***,"",
4,"Vreftrim","","VBIAS_VALUE_CODE0",180020,"",1,1,"VBIAS_PS1600",4,"403","","",1.5,"<=",1.91009,"V","<=",2.5,"P",2.20645,***,"",
4,"Vreftrim","","VBIAS_VALUE_CODE1",180030,"",1,1,"VBIAS_PS1600",4,"403","","",1.5,"<=",1.92887,"V","<=",2.5,"P",2.20645,***,"",
4,"Vreftrim","","VBIAS_VALUE_CODE2",180040,"",1,1,"VBIAS_PS1600",4,"403","","",1.5,"<=",1.94862,"V","<=",2.5,"P",2.20645,***,"",
4,"Vreftrim","","VBIAS_VALUE_CODE3",180050,"",1,1,"VBIAS_PS1600",4,"403","","",1.5,"<=",1.9682,"V","<=",2.5,"P",2.20645,***,"",
4,"Vreftrim","","VBIAS_VALUE_CODE4",180060,"",1,1,"VBIAS_PS1600",4,"403","","",1.5,"<=",1.98795,"V","<=",2.5,"P",2.20645,***,"",
4,"Vreftrim","","VBIAS_VALUE_CODE5",180070,"",1,1,"VBIAS_PS1600",4,"403","","",1.5,"<=",2.00753,"V","<=",2.5,"P",2.20645,***,"",
4,"Vreftrim","","VBIAS_VALUE_CODE6",180080,"",1,1,"VBIAS_PS1600",4,"403","","",1.5,"<=",2.02711,"V","<=",2.5,"P",2.20645,***,"",
4,"Vreftrim","","VBIAS_VALUE_CODE7",180090,"",1,1,"VBIAS_PS1600",4,"403","","",1.5,"<=",2.04658,"V","<=",2.5,"P",2.20645,***,"",
4,"Vreftrim","","VBIAS_VALUE_CODE8",180100,"",1,1,"VBIAS_PS1600",4,"403","","",1.5,"<=",2.06713,"V","<=",2.5,"P",2.20645,***,"",
4,"Vreftrim","","VBIAS_VALUE_CODE9",180110,"",1,1,"VBIAS_PS1600",4,"403","","",1.5,"<=",2.08653,"V","<=",2.5,"P",2.20645,***,"",
4,"Vreftrim","","VBIAS_VALUE_CODE10",180120,"",1,1,"VBIAS_PS1600",4,"403","","",1.5,"<=",2.10606,"V","<=",2.5,"P",2.20645,***,"",
4,"Vreftrim","","VBIAS_VALUE_CODE11",180130,"",1,1,"VBIAS_PS1600",4,"403","","",1.5,"<=",2.12512,"V","<=",2.5,"P",2.20645,***,"",
4,"Vreftrim","","VBIAS_VALUE_CODE12",180140,"",1,1,"VBIAS_PS1600",4,"403","","",1.5,"<=",2.14504,"V","<=",2.5,"P",2.20645,***,"",
4,"Vreftrim","","VBIAS_VALUE_CODE13",180150,"",1,1,"VBIAS_PS1600",4,"403","","",1.5,"<=",2.16445,"V","<=",2.5,"P",2.20645,***,"",
4,"Vreftrim","","VBIAS_VALUE_CODE14",180160,"",1,1,"VBIAS_PS1600",4,"403","","",1.5,"<=",2.18409,"V","<=",2.5,"P",2.20645,***,"",
4,"Vreftrim","","VBIAS_VALUE_CODE15",180170,"",1,1,"VBIAS_PS1600",4,"403","","",1.5,"<=",2.20338,"V","<=",2.5,"P",2.20645,***,"",
4,"Vreftrim","","VBIAS_VALUE_CODE16",180180,"",1,1,"VBIAS_PS1600",4,"403","","",1.5,"<=",1.59517,"V","<=",2.5,"P",2.20645,***,"",
4,"Vreftrim","","VBIAS_VALUE_CODE17",180190,"",1,1,"VBIAS_PS1600",4,"403","","",1.5,"<=",1.61447,"V","<=",2.5,"P",2.20645,***,"",
4,"Vreftrim","","VBIAS_VALUE_CODE18",180200,"",1,1,"VBIAS_PS1600",4,"403","","",1.5,"<=",1.63376,"V","<=",2.5,"P",2.20645,***,"",
4,"Vreftrim","","VBIAS_VALUE_CODE19",180210,"",1,1,"VBIAS_PS1600",4,"403","","",1.5,"<=",1.65306,"V","<=",2.5,"P",2.20645,***,"",
4,"Vreftrim","","VBIAS_VALUE_CODE20",180220,"",1,1,"VBIAS_PS1600",4,"403","","",1.5,"<=",1.67275,"V","<=",2.5,"P",2.20645,***,"",
4,"Vreftrim","","VBIAS_VALUE_CODE21",180230,"",1,1,"VBIAS_PS1600",4,"403","","",1.5,"<=",1.69216,"V","<=",2.5,"P",2.20645,***,"",
4,"Vreftrim","","VBIAS_VALUE_CODE22",180240,"",1,1,"VBIAS_PS1600",4,"403","","",1.5,"<=",1.71145,"V","<=",2.5,"P",2.20645,***,"",
4,"Vreftrim","","VBIAS_VALUE_CODE23",180250,"",1,1,"VBIAS_PS1600",4,"403","","",1.5,"<=",1.73092,"V","<=",2.5,"P",2.20645,***,"",
4,"Vreftrim","","VBIAS_VALUE_CODE24",180260,"",1,1,"VBIAS_PS1600",4,"403","","",1.5,"<=",1.75141,"V","<=",2.5,"P",2.20645,***,"",
4,"Vreftrim","","VBIAS_VALUE_CODE25",180270,"",1,1,"VBIAS_PS1600",4,"403","","",1.5,"<=",1.77087,"V","<=",2.5,"P",2.20645,***,"",
4,"Vreftrim","","VBIAS_VALUE_CODE26",180280,"",1,1,"VBIAS_PS1600",4,"403","","",1.5,"<=",1.79017,"V","<=",2.5,"P",2.20645,***,"",
4,"Vreftrim","","VBIAS_VALUE_CODE27",180290,"",1,1,"VBIAS_PS1600",4,"403","","",1.5,"<=",1.80981,"V","<=",2.5,"P",2.20645,***,"",
4,"Vreftrim","","VBIAS_VALUE_CODE28",180300,"",1,1,"VBIAS_PS1600",4,"403","","",1.5,"<=",1.82944,"V","<=",2.5,"P",2.20645,***,"",
4,"Vreftrim","","VBIAS_VALUE_CODE29",180310,"",1,1,"VBIAS_PS1600",4,"403","","",1.5,"<=",1.84913,"V","<=",2.5,"P",2.20645,***,"",
4,"Vreftrim","","VBIAS_VALUE_CODE30",180320,"",1,1,"VBIAS_PS1600",4,"403","","",1.5,"<=",1.86871,"V","<=",2.5,"P",2.20645,***,"",
4,"Vreftrim","","VBIAS_VALUE_CODE31",180330,"",1,1,"VBIAS_PS1600",4,"403","","",1.5,"<=",1.88806,"V","<=",2.5,"P",2.20645,***,"",
4,"Vreftrim","","VREF_TRIM_CODE",180010,"",1,1,"VBIAS_PS1600",4,"403","","",0,"<=",27,"Code","<=",31,"P",2.20645,***,"",
4,"Vreftrim","","VBIAS_BEST_FIT_VALUE",180340,"",1,1,"VBIAS_PS1600",4,"403","","",1.77,"<=",1.80981,"V","<=",1.83,"P",2.20645,***,"",
4,"SS_Current_Trim","","SS_CURRENT_CODE0",220040,"",1,1,"SS_PS1600",4,"403","","",-16,"<=",-11.22,"uA","<=",-6,"P",2.54068,***,"",
4,"SS_Current_Trim","","SS_CURRENT_CODE1",220050,"",1,1,"SS_PS1600",4,"403","","",-16,"<=",-11.347,"uA","<=",-6,"P",2.54068,***,"",
4,"SS_Current_Trim","","SS_CURRENT_CODE2",220060,"",1,1,"SS_PS1600",4,"403","","",-16,"<=",-11.499,"uA","<=",-6,"P",2.54068,***,"",
4,"SS_Current_Trim","","SS_CURRENT_CODE3",220070,"",1,1,"SS_PS1600",4,"403","","",-16,"<=",-11.671,"uA","<=",-6,"P",2.54068,***,"",
4,"SS_Current_Trim","","SS_CURRENT_CODE4",220080,"",1,1,"SS_PS1600",4,"403","","",-16,"<=",-11.816,"uA","<=",-6,"P",2.54068,***,"",
4,"SS_Current_Trim","","SS_CURRENT_CODE5",220090,"",1,1,"SS_PS1600",4,"403","","",-16,"<=",-11.996,"uA","<=",-6,"P",2.54068,***,"",
4,"SS_Current_Trim","","SS_CURRENT_CODE6",220100,"",1,1,"SS_PS1600",4,"403","","",-16,"<=",-12.16,"uA","<=",-6,"P",2.54068,***,"",
4,"SS_Current_Trim","","SS_CURRENT_CODE7",220110,"",1,1,"SS_PS1600",4,"403","","",-16,"<=",-12.318,"uA","<=",-6,"P",2.54068,***,"",
4,"SS_Current_Trim","","SS_CURRENT_CODE8",220120,"",1,1,"SS_PS1600",4,"403","","",-16,"<=",-12.5,"uA","<=",-6,"P",2.54068,***,"",
4,"SS_Current_Trim","","SS_CURRENT_CODE9",220130,"",1,1,"SS_PS1600",4,"403","","",-16,"<=",-12.703,"uA","<=",-6,"P",2.54068,***,"",
4,"SS_Current_Trim","","SS_CURRENT_CODE10",220140,"",1,1,"SS_PS1600",4,"403","","",-16,"<=",-12.886,"uA","<=",-6,"P",2.54068,***,"",
4,"SS_Current_Trim","","SS_CURRENT_CODE11",220150,"",1,1,"SS_PS1600",4,"403","","",-16,"<=",-13.066,"uA","<=",-6,"P",2.54068,***,"",
4,"SS_Current_Trim","","SS_CURRENT_CODE12",220160,"",1,1,"SS_PS1600",4,"403","","",-16,"<=",-13.289,"uA","<=",-6,"P",2.54068,***,"",
4,"SS_Current_Trim","","SS_CURRENT_CODE13",220170,"",1,1,"SS_PS1600",4,"403","","",-16,"<=",-13.479,"uA","<=",-6,"P",2.54068,***,"",
4,"SS_Current_Trim","","SS_CURRENT_CODE14",220180,"",1,1,"SS_PS1600",4,"403","","",-16,"<=",-13.694,"uA","<=",-6,"P",2.54068,***,"",
4,"SS_Current_Trim","","SS_CURRENT_CODE15",220190,"",1,1,"SS_PS1600",4,"403","","",-16,"<=",-13.935,"uA","<=",-6,"P",2.54068,***,"",
4,"SS_Current_Trim","","SS_CURRENT_CODE16",220200,"",1,1,"SS_PS1600",4,"403","","",-16,"<=",-9.29,"uA","<=",-6,"P",2.54068,***,"",
4,"SS_Current_Trim","","SS_CURRENT_CODE17",220210,"",1,1,"SS_PS1600",4,"403","","",-16,"<=",-9.407,"uA","<=",-6,"P",2.54068,***,"",
4,"SS_Current_Trim","","SS_CURRENT_CODE18",220220,"",1,1,"SS_PS1600",4,"403","","",-16,"<=",-9.506,"uA","<=",-6,"P",2.54068,***,"",
4,"SS_Current_Trim","","SS_CURRENT_CODE19",220230,"",1,1,"SS_PS1600",4,"403","","",-16,"<=",-9.597,"uA","<=",-6,"P",2.54068,***,"",
4,"SS_Current_Trim","","SS_CURRENT_CODE20",220240,"",1,1,"SS_PS1600",4,"403","","",-16,"<=",-9.721,"uA","<=",-6,"P",2.54068,***,"",
4,"SS_Current_Trim","","SS_CURRENT_CODE21",220250,"",1,1,"SS_PS1600",4,"403","","",-16,"<=",-9.815,"uA","<=",-6,"P",2.54068,***,"",
4,"SS_Current_Trim","","SS_CURRENT_CODE22",220260,"",1,1,"SS_PS1600",4,"403","","",-16,"<=",-9.927,"uA","<=",-6,"P",2.54068,***,"",
4,"SS_Current_Trim","","SS_CURRENT_CODE23",220270,"",1,1,"SS_PS1600",4,"403","","",-16,"<=",-10.056,"uA","<=",-6,"P",2.54068,***,"",
4,"SS_Current_Trim","","SS_CURRENT_CODE24",220280,"",1,1,"SS_PS1600",4,"403","","",-16,"<=",-10.17,"uA","<=",-6,"P",2.54068,***,"",
4,"SS_Current_Trim","","SS_CURRENT_CODE25",220290,"",1,1,"SS_PS1600",4,"403","","",-16,"<=",-10.274,"uA","<=",-6,"P",2.54068,***,"",
4,"SS_Current_Trim","","SS_CURRENT_CODE26",220300,"",1,1,"SS_PS1600",4,"403","","",-16,"<=",-10.396,"uA","<=",-6,"P",2.54068,***,"",
4,"SS_Current_Trim","","SS_CURRENT_CODE27",220310,"",1,1,"SS_PS1600",4,"403","","",-16,"<=",-10.538,"uA","<=",-6,"P",2.54068,***,"",
4,"SS_Current_Trim","","SS_CURRENT_CODE28",220320,"",1,1,"SS_PS1600",4,"403","","",-16,"<=",-10.654,"uA","<=",-6,"P",2.54068,***,"",
4,"SS_Current_Trim","","SS_CURRENT_CODE29",220330,"",1,1,"SS_PS1600",4,"403","","",-16,"<=",-10.804,"uA","<=",-6,"P",2.54068,***,"",
4,"SS_Current_Trim","","SS_CURRENT_CODE30",220340,"",1,1,"SS_PS1600",4,"403","","",-16,"<=",-10.936,"uA","<=",-6,"P",2.54068,***,"",
4,"SS_Current_Trim","","SS_CURRENT_CODE31",220350,"",1,1,"SS_PS1600",4,"403","","",-16,"<=",-11.065,"uA","<=",-6,"P",2.54068,***,"",
4,"SS_Current_Trim","","SS_CURRENT_TRIM_CODE",220030,"",1,1,"SS_PS1600",4,"403","","",0,"<=",23,"Code","<=",31,"P",2.54068,***,"",
4,"SS_Current_Trim","","SS_CURRENT_BEST_FIT_VALUE",220360,"",1,1,"SS_PS1600",4,"403","","",-10.4,"<=",-10.056,"uA","<=",-9.6,"P",2.54068,***,"",
4,"SS_Gain","","CURRENT_SS_0P1V_CODE0",230020,"",1,1,"SS_PS1600",4,"403","","",150,"<=",514.186,"mA","<=",1800,"P",3.92911,***,"",
4,"SS_Gain","","CURRENT_SS_0P2V_CODE0",230180,"",1,1,"SS_PS1600",4,"403","","",300,"<=",1037.83,"mA","<=",3200,"P",3.92911,***,"",
4,"SS_Gain","","CURRENT_SS_0P1V_CODE1",230030,"",1,1,"SS_PS1600",4,"403","","",150,"<=",592.246,"mA","<=",1800,"P",3.92911,***,"",
4,"SS_Gain","","CURRENT_SS_0P2V_CODE1",230190,"",1,1,"SS_PS1600",4,"403","","",300,"<=",1182.81,"mA","<=",3200,"P",3.92911,***,"",
4,"SS_Gain","","CURRENT_SS_0P1V_CODE2",230040,"",1,1,"SS_PS1600",4,"403","","",150,"<=",669.396,"mA","<=",1800,"P",3.92911,***,"",
4,"SS_Gain","","CURRENT_SS_0P2V_CODE2",230200,"",1,1,"SS_PS1600",4,"403","","",300,"<=",1327.71,"mA","<=",3200,"P",3.92911,***,"",
4,"SS_Gain","","CURRENT_SS_0P1V_CODE3",230050,"",1,1,"SS_PS1600",4,"403","","",150,"<=",749.463,"mA","<=",1800,"P",3.92911,***,"",
4,"SS_Gain","","CURRENT_SS_0P2V_CODE3",230210,"",1,1,"SS_PS1600",4,"403","","",300,"<=",1476.75,"mA","<=",3200,"P",3.92911,***,"",
4,"SS_Gain","","CURRENT_SS_0P1V_CODE4",230060,"",1,1,"SS_PS1600",4,"403","","",150,"<=",823.978,"mA","<=",1800,"P",3.92911,***,"",
4,"SS_Gain","","CURRENT_SS_0P2V_CODE4",230220,"",1,1,"SS_PS1600",4,"403","","",300,"<=",1618.79,"mA","<=",3200,"P",3.92911,***,"",
4,"SS_Gain","","CURRENT_SS_0P1V_CODE5",230070,"",1,1,"SS_PS1600",4,"403","","",150,"<=",904.413,"mA","<=",1800,"P",3.92911,***,"",
4,"SS_Gain","","CURRENT_SS_0P2V_CODE5",230230,"",1,1,"SS_PS1600",4,"403","","",300,"<=",1768.88,"mA","<=",3200,"P",3.92911,***,"",
4,"SS_Gain","","CURRENT_SS_0P1V_CODE6",230080,"",1,1,"SS_PS1600",4,"403","","",150,"<=",982.655,"mA","<=",1800,"P",3.92911,***,"",
4,"SS_Gain","","CURRENT_SS_0P2V_CODE6",230240,"",1,1,"SS_PS1600",4,"403","","",300,"<=",1916.22,"mA","<=",3200,"P",3.92911,***,"",
4,"SS_Gain","","CURRENT_SS_0P1V_CODE7",230090,"",1,1,"SS_PS1600",4,"403","","",150,"<=",1060.89,"mA","<=",1800,"P",3.92911,***,"",
4,"SS_Gain","","CURRENT_SS_0P2V_CODE7",230250,"",1,1,"SS_PS1600",4,"403","","",300,"<=",2064.95,"mA","<=",3200,"P",3.92911,***,"",
4,"SS_Gain","","CURRENT_SS_0P1V_CODE8",230100,"",1,1,"SS_PS1600",4,"403","","",150,"<=",1136.66,"mA","<=",1800,"P",3.92911,***,"",
4,"SS_Gain","","CURRENT_SS_0P2V_CODE8",230260,"",1,1,"SS_PS1600",4,"403","","",300,"<=",2208.18,"mA","<=",3200,"P",3.92911,***,"",
4,"SS_Gain","","CURRENT_SS_0P1V_CODE9",230110,"",1,1,"SS_PS1600",4,"403","","",150,"<=",1218.38,"mA","<=",1800,"P",3.92911,***,"",
4,"SS_Gain","","CURRENT_SS_0P2V_CODE9",230270,"",1,1,"SS_PS1600",4,"403","","",300,"<=",2360.39,"mA","<=",3200,"P",3.92911,***,"",
4,"SS_Gain","","CURRENT_SS_0P1V_CODE10",230120,"",1,1,"SS_PS1600",4,"403","","",150,"<=",1297.47,"mA","<=",1800,"P",3.92911,***,"",
4,"SS_Gain","","CURRENT_SS_0P2V_CODE10",230280,"",1,1,"SS_PS1600",4,"403","","",300,"<=",2506.61,"mA","<=",3200,"P",3.92911,***,"",
4,"SS_Gain","","CURRENT_SS_0P1V_CODE11",230130,"",1,1,"SS_PS1600",4,"403","","",150,"<=",1375.24,"mA","<=",1800,"P",3.92911,***,"",
4,"SS_Gain","","CURRENT_SS_0P2V_CODE11",230290,"",1,1,"SS_PS1600",4,"403","","",300,"<=",2650.61,"mA","<=",3200,"P",3.92911,***,"",
4,"SS_Gain","","CURRENT_SS_0P1V_CODE12",230140,"",1,1,"SS_PS1600",4,"403","","",150,"<=",1455.36,"mA","<=",1800,"P",3.92911,***,"",
4,"SS_Gain","","CURRENT_SS_0P2V_CODE12",230300,"",1,1,"SS_PS1600",4,"403","","",300,"<=",2794.83,"mA","<=",3200,"P",3.92911,***,"",
4,"SS_Gain","","CURRENT_SS_0P1V_CODE13",230150,"",1,1,"SS_PS1600",4,"403","","",150,"<=",1532.96,"mA","<=",1800,"P",3.92911,***,"",
4,"SS_Gain","","CURRENT_SS_0P2V_CODE13",230310,"",1,1,"SS_PS1600",4,"403","","",300,"<=",2938.23,"mA","<=",3200,"P",3.92911,***,"",
4,"SS_Gain","","CURRENT_SS_0P1V_CODE14",230160,"",1,1,"SS_PS1600",4,"403","","",150,"<=",1612.65,"mA","<=",1800,"P",3.92911,***,"",
4,"SS_Gain","","CURRENT_SS_0P2V_CODE14",230320,"",1,1,"SS_PS1600",4,"403","","",300,"<=",3081.15,"mA","<=",3200,"P",3.92911,***,"",
4,"SS_Gain","","CURRENT_SS_0P1V_CODE15",230170,"",1,1,"SS_PS1600",4,"403","","",150,"<=",1695.11,"mA","<=",1800,"P",3.92911,***,"",
4,"SS_Gain","","CURRENT_SS_0P2V_CODE15",230330,"",1,1,"SS_PS1600",4,"403","","",300,"<=",3221.15,"mA","<=",4000,"P",3.92911,***,"",
4,"SS_Gain","","SS_GAIN_TRIM_CODE",230010,"",1,1,"SS_PS1600",4,"403","","",0,"<=",7,"Code","<=",15,"P",3.92911,***,"",
4,"SS_Gain","","BEST_CURR_SS_0p2V",230340,"",1,1,"SS_PS1600",4,"403","","",1700,"<=",2064.95,"mA","<=",2300,"P",3.92911,***,"",
4,"SS_Gain","","BEST_CURR_SS_0p1V",230350,"",1,1,"SS_PS1600",4,"403","","",700,"<=",1060.89,"mA","<=",1300,"P",3.92911,***,"",
4,"SS_Gain","","BEST_CURR_SS_delta",230360,"",1,1,"SS_PS1600",4,"403","","",900,"<=",1004.06,"mA","<=",1100,"P",3.92911,***,"",
4,"SSoffset_Trim","","SS_OFFSET_CURRENT_CODE0",240020,"",1,1,"SS_PS1600",4,"403","","",-700,"<=",-549.53,"mA","<=",-100,"P",1.87225,***,"",
4,"SSoffset_Trim","","SS_OFFSET_CURRENT_CODE1",240030,"",1,1,"SS_PS1600",4,"403","","",-700,"<=",-541.224,"mA","<=",-100,"P",1.87225,***,"",
4,"SSoffset_Trim","","SS_OFFSET_CURRENT_CODE2",240040,"",1,1,"SS_PS1600",4,"403","","",-700,"<=",-526.249,"mA","<=",-100,"P",1.87225,***,"",
4,"SSoffset_Trim","","SS_OFFSET_CURRENT_CODE3",240050,"",1,1,"SS_PS1600",4,"403","","",-700,"<=",-511.072,"mA","<=",-100,"P",1.87225,***,"",
4,"SSoffset_Trim","","SS_OFFSET_CURRENT_CODE4",240060,"",1,1,"SS_PS1600",4,"403","","",-700,"<=",-496.137,"mA","<=",-100,"P",1.87225,***,"",
4,"SSoffset_Trim","","SS_OFFSET_CURRENT_CODE5",240070,"",1,1,"SS_PS1600",4,"403","","",-700,"<=",-480.238,"mA","<=",-100,"P",1.87225,***,"",
4,"SSoffset_Trim","","SS_OFFSET_CURRENT_CODE6",240080,"",1,1,"SS_PS1600",4,"403","","",-700,"<=",-464.41,"mA","<=",-100,"P",1.87225,***,"",
4,"SSoffset_Trim","","SS_OFFSET_CURRENT_CODE7",240090,"",1,1,"SS_PS1600",4,"403","","",-700,"<=",-452.491,"mA","<=",-100,"P",1.87225,***,"",
4,"SSoffset_Trim","","SS_OFFSET_CURRENT_CODE8",240100,"",1,1,"SS_PS1600",4,"403","","",-700,"<=",-436.611,"mA","<=",-100,"P",1.87225,***,"",
4,"SSoffset_Trim","","SS_OFFSET_CURRENT_CODE9",240110,"",1,1,"SS_PS1600",4,"403","","",-700,"<=",-421.481,"mA","<=",-100,"P",1.87225,***,"",
4,"SSoffset_Trim","","SS_OFFSET_CURRENT_CODE10",240120,"",1,1,"SS_PS1600",4,"403","","",-700,"<=",-405.363,"mA","<=",-100,"P",1.87225,***,"",
4,"SSoffset_Trim","","SS_OFFSET_CURRENT_CODE11",240130,"",1,1,"SS_PS1600",4,"403","","",-700,"<=",-394.633,"mA","<=",-100,"P",1.87225,***,"",
4,"SSoffset_Trim","","SS_OFFSET_CURRENT_CODE12",240140,"",1,1,"SS_PS1600",4,"403","","",-700,"<=",-377.117,"mA","<=",-100,"P",1.87225,***,"",
4,"SSoffset_Trim","","SS_OFFSET_CURRENT_CODE13",240150,"",1,1,"SS_PS1600",4,"403","","",-700,"<=",-366.406,"mA","<=",-100,"P",1.87225,***,"",
4,"SSoffset_Trim","","SS_OFFSET_CURRENT_CODE14",240160,"",1,1,"SS_PS1600",4,"403","","",-700,"<=",-350.618,"mA","<=",-100,"P",1.87225,***,"",
4,"SSoffset_Trim","","SS_OFFSET_CURRENT_CODE15",240170,"",1,1,"SS_PS1600",4,"403","","",-700,"<=",-335.783,"mA","<=",-100,"P",1.87225,***,"",
4,"SSoffset_Trim","","SS_OFFSET_TRIM_CODE",240010,"",1,1,"SS_PS1600",4,"403","","",0,"<=",10,"Code","<=",15,"P",1.87225,***,"",
4,"SSoffset_Trim","","BEST_Curr_SS_0p04V",240180,"",1,1,"SS_PS1600",4,"403","","",-450,"<=",-405.363,"mA","<=",-350,"P",1.87225,***,"",
4,"VDD_UVLO_OTS_POR","","Low_Temp_Voltage_bank0",200130,"",1,1,"OFF_PS1600",4,"403","","",0,"<=",0.00105577,"V","<=",0.2,"P",0.250619,***,"",
4,"VDD_UVLO_OTS_POR","","High_Temp_Voltage_bank0",200140,"",1,1,"OFF_PS1600",4,"403","","",1.6,"<=",1.88772,"V","<=",2.3,"P",0.250619,***,"",
4,"VDD_UVLO_OTS_POR","","Low_Temp_Voltage_bank0_reset",200150,"",1,1,"OFF_PS1600",4,"403","","",0,"<=",0.000998851,"V","<=",0.2,"P",0.250619,***,"",
4,"VDD_UVLO_OTS_POR","","Low_Temp_Voltage_bank1",200160,"",1,1,"OFF_PS1600",4,"403","","",0,"<=",0.000941935,"V","<=",0.2,"P",0.250619,***,"",
4,"VDD_UVLO_OTS_POR","","High_Temp_Voltage_bank1",200170,"",1,1,"OFF_PS1600",4,"403","","",1.6,"<=",1.88892,"V","<=",2.3,"P",0.250619,***,"",
4,"VDD_UVLO_OTS_POR","","Low_Temp_Voltage_bank1_reset",200180,"",1,1,"OFF_PS1600",4,"403","","",0,"<=",0.000941935,"V","<=",0.5,"P",0.250619,***,"",
4,"UVLO_POR_redundancy","","I_ISEN_UVLO",410010,"",1,1,"VBIAS_PS1600",4,"403","","",8,"<=",11.109,"uA","<=",13,"P",9.10616,***,"",
4,"UVLO_POR_redundancy","","I_IN_VDD3V",410020,"",1,1,"VBIAS_PS1600",4,"403","","",-10,"<=",-1,"nA","<=",300,"P",9.10616,***,"",
4,"UVLO_POR_redundancy","","VDD_UVLO_Falling",410030,"",1,1,"VBIAS_PS1600",4,"403","","",2,"<=",2.47,"V","<=",2.75,"P",9.10616,***,"",
4,"UVLO_POR_redundancy","","I_IN_VDD_UVLO_Falling",410040,"",1,1,"VBIAS_PS1600",4,"403","","",8,"<=",11.1218,"uA","<=",13,"P",9.10616,***,"",
4,"UVLO_POR_redundancy","","VBIAS_POR_Falling",410050,"",1,1,"VBIAS_PS1600",4,"403","","",1.1,"<=",1.3,"V","<=",1.45,"P",9.10616,***,"",
4,"UVLO_POR_redundancy","","I_IN_VBIAS_POR_Falling",410060,"",1,1,"VBIAS_PS1600",4,"403","","",20,"<=",28.0051,"uA","<=",33,"P",9.10616,***,"",
4,"UVLO_POR_redundancy","","VBIAS_PORsu_Falling",410070,"",1,1,"VBIAS_PS1600",4,"403","","",0.725,"<=",0.93,"V","<=",1.2,"P",9.10616,***,"",
4,"UVLO_POR_redundancy","","I_IN_VBIAS_PORsu_Falling",410080,"",1,1,"VBIAS_PS1600",4,"403","","",35,"<=",45.1272,"uA","<=",50,"P",9.10616,***,"",
4,"UVLO_POR_redundancy","","VBIAS_PORsu_Rising",410090,"",1,1,"VBIAS_PS1600",4,"403","","",0.75,"<=",0.985,"V","<=",1.3,"P",9.10616,***,"",
4,"UVLO_POR_redundancy","","I_IN_VBIAS_PORsu_Rising",410100,"",1,1,"VBIAS_PS1600",4,"403","","",20,"<=",27.7814,"uA","<=",32,"P",9.10616,***,"",
4,"UVLO_POR_redundancy","","PORsu_Hysteresis",410110,"",1,1,"VBIAS_PS1600",4,"403","","",0,"<=",0.055,"","<=",0.175,"P",9.10616,***,"",
4,"UVLO_POR_redundancy","","VBIAS_POR_Rising",410120,"",1,1,"VBIAS_PS1600",4,"403","","",1.2,"<=",1.415,"V","<=",1.6,"P",9.10616,***,"",
4,"UVLO_POR_redundancy","","I_IN_VBIAS_POR_Rising",410130,"",1,1,"VBIAS_PS1600",4,"403","","",8,"<=",11.0913,"uA","<=",13,"P",9.10616,***,"",
4,"UVLO_POR_redundancy","","POR_Hysteresis",410140,"",1,1,"VBIAS_PS1600",4,"403","","",0.03,"<=",0.115,"","<=",0.25,"P",9.10616,***,"",
4,"UVLO_POR_redundancy","","VDD_UVLO_Rising",410150,"",1,1,"VBIAS_PS1600",4,"403","","",2.2,"<=",2.67,"V","<=",2.85,"P",9.10616,***,"",
4,"UVLO_POR_redundancy","","I_IN_VDD_UVLO_Rising",410160,"",1,1,"VBIAS_PS1600",4,"403","","",-200,"<=",-12.6018,"nA","<=",200,"P",9.10616,***,"",
4,"UVLO_POR_redundancy","","VDD_UVLO_Hysteresis",410170,"",1,1,"VBIAS_PS1600",4,"403","","",0.02,"<=",0.2,"","<=",0.3,"P",9.10616,***,"",
4,"ILIM_gain_Trim","","ILIM_GAIN_20PIMAX_CODE0",270020,"",1,1,"ITRIP_PS1600",4,"403","","",-40,"<=",-33.741,"uA","<=",-0.001,"P",3.75866,***,"",
4,"ILIM_gain_Trim","","ILIM_GAIN_20PIMAX_CODE1",270030,"",1,1,"ITRIP_PS1600",4,"403","","",-40,"<=",-32.672,"uA","<=",-0.001,"P",3.75866,***,"",
4,"ILIM_gain_Trim","","ILIM_GAIN_20PIMAX_CODE2",270040,"",1,1,"ITRIP_PS1600",4,"403","","",-40,"<=",-31.544,"uA","<=",-0.001,"P",3.75866,***,"",
4,"ILIM_gain_Trim","","ILIM_GAIN_20PIMAX_CODE3",270050,"",1,1,"ITRIP_PS1600",4,"403","","",-40,"<=",-30.468,"uA","<=",-0.001,"P",3.75866,***,"",
4,"ILIM_gain_Trim","","ILIM_GAIN_20PIMAX_CODE4",270060,"",1,1,"ITRIP_PS1600",4,"403","","",-40,"<=",-29.388,"uA","<=",-0.001,"P",3.75866,***,"",
4,"ILIM_gain_Trim","","ILIM_GAIN_20PIMAX_CODE5",270070,"",1,1,"ITRIP_PS1600",4,"403","","",-40,"<=",-28.312,"uA","<=",-0.001,"P",3.75866,***,"",
4,"ILIM_gain_Trim","","ILIM_GAIN_20PIMAX_CODE6",270080,"",1,1,"ITRIP_PS1600",4,"403","","",-40,"<=",-27.186,"uA","<=",-0.001,"P",3.75866,***,"",
4,"ILIM_gain_Trim","","ILIM_GAIN_20PIMAX_CODE7",270090,"",1,1,"ITRIP_PS1600",4,"403","","",-40,"<=",-26.105,"uA","<=",-0.001,"P",3.75866,***,"",
4,"ILIM_gain_Trim","","ILIM_GAIN_20PIMAX_CODE8",270100,"",1,1,"ITRIP_PS1600",4,"403","","",-40,"<=",-25.077,"uA","<=",-0.001,"P",3.75866,***,"",
4,"ILIM_gain_Trim","","ILIM_GAIN_20PIMAX_CODE9",270110,"",1,1,"ITRIP_PS1600",4,"403","","",-40,"<=",-23.999,"uA","<=",-0.001,"P",3.75866,***,"",
4,"ILIM_gain_Trim","","ILIM_GAIN_20PIMAX_CODE10",270120,"",1,1,"ITRIP_PS1600",4,"403","","",-40,"<=",-22.868,"uA","<=",-0.001,"P",3.75866,***,"",
4,"ILIM_gain_Trim","","ILIM_GAIN_20PIMAX_CODE11",270130,"",1,1,"ITRIP_PS1600",4,"403","","",-40,"<=",-21.782,"uA","<=",-0.001,"P",3.75866,***,"",
4,"ILIM_gain_Trim","","ILIM_GAIN_20PIMAX_CODE12",270140,"",1,1,"ITRIP_PS1600",4,"403","","",-40,"<=",-20.704,"uA","<=",-0.001,"P",3.75866,***,"",
4,"ILIM_gain_Trim","","ILIM_GAIN_20PIMAX_CODE13",270150,"",1,1,"ITRIP_PS1600",4,"403","","",-40,"<=",-19.608,"uA","<=",-0.001,"P",3.75866,***,"",
4,"ILIM_gain_Trim","","ILIM_GAIN_20PIMAX_CODE14",270160,"",1,1,"ITRIP_PS1600",4,"403","","",-40,"<=",-18.487,"uA","<=",-0.001,"P",3.75866,***,"",
4,"ILIM_gain_Trim","","ILIM_GAIN_20PIMAX_CODE15",270170,"",1,1,"ITRIP_PS1600",4,"403","","",-40,"<=",-17.402,"uA","<=",-0.001,"P",3.75866,***,"",
4,"ILIM_gain_Trim","","ILIM_GAIN_20PIMAX_CODE16",270180,"",1,1,"ITRIP_PS1600",4,"403","","",-40,"<=",-16.424,"uA","<=",-0.001,"P",3.75866,***,"",
4,"ILIM_gain_Trim","","ILIM_GAIN_20PIMAX_CODE17",270190,"",1,1,"ITRIP_PS1600",4,"403","","",-40,"<=",-15.339,"uA","<=",-0.001,"P",3.75866,***,"",
4,"ILIM_gain_Trim","","ILIM_GAIN_20PIMAX_CODE18",270200,"",1,1,"ITRIP_PS1600",4,"403","","",-40,"<=",-14.205,"uA","<=",-0.001,"P",3.75866,***,"",
4,"ILIM_gain_Trim","","ILIM_GAIN_20PIMAX_CODE19",270210,"",1,1,"ITRIP_PS1600",4,"403","","",-40,"<=",-13.124,"uA","<=",-0.001,"P",3.75866,***,"",
4,"ILIM_gain_Trim","","ILIM_GAIN_20PIMAX_CODE20",270220,"",1,1,"ITRIP_PS1600",4,"403","","",-40,"<=",-12.044,"uA","<=",-0.001,"P",3.75866,***,"",
4,"ILIM_gain_Trim","","ILIM_GAIN_20PIMAX_CODE21",270230,"",1,1,"ITRIP_PS1600",4,"403","","",-40,"<=",-10.958,"uA","<=",-0.001,"P",3.75866,***,"",
4,"ILIM_gain_Trim","","ILIM_GAIN_20PIMAX_CODE22",270240,"",1,1,"ITRIP_PS1600",4,"403","","",-40,"<=",-9.824,"uA","<=",-0.001,"P",3.75866,***,"",
4,"ILIM_gain_Trim","","ILIM_GAIN_20PIMAX_CODE23",270250,"",1,1,"ITRIP_PS1600",4,"403","","",-40,"<=",-8.741,"uA","<=",-0.001,"P",3.75866,***,"",
4,"ILIM_gain_Trim","","ILIM_GAIN_20PIMAX_CODE24",270260,"",1,1,"ITRIP_PS1600",4,"403","","",-40,"<=",-7.703,"uA","<=",-0.001,"P",3.75866,***,"",
4,"ILIM_gain_Trim","","ILIM_GAIN_20PIMAX_CODE25",270270,"",1,1,"ITRIP_PS1600",4,"403","","",-40,"<=",-6.62,"uA","<=",-0.001,"P",3.75866,***,"",
4,"ILIM_gain_Trim","","ILIM_GAIN_20PIMAX_CODE26",270280,"",1,1,"ITRIP_PS1600",4,"403","","",-40,"<=",-5.484,"uA","<=",-0.001,"P",3.75866,***,"",
4,"ILIM_gain_Trim","","ILIM_GAIN_20PIMAX_CODE27",270290,"",1,1,"ITRIP_PS1600",4,"403","","",-40,"<=",-4.401,"uA","<=",-0.001,"P",3.75866,***,"",
4,"ILIM_gain_Trim","","ILIM_GAIN_20PIMAX_CODE28",270300,"",1,1,"ITRIP_PS1600",4,"403","","",-40,"<=",-3.317,"uA","<=",-0.001,"P",3.75866,***,"",
4,"ILIM_gain_Trim","","ILIM_GAIN_20PIMAX_CODE29",270310,"",1,1,"ITRIP_PS1600",4,"403","","",-40,"<=",-2.229,"uA","<=",-0.001,"P",3.75866,***,"",
4,"ILIM_gain_Trim","","ILIM_GAIN_20PIMAX_CODE30",270320,"",1,1,"ITRIP_PS1600",4,"403","","",-40,"<=",-1.095,"uA","<=",-0.001,"P",3.75866,***,"",
4,"ILIM_gain_Trim","","ILIM_GAIN_20PIMAX_CODE31",270330,"",1,1,"ITRIP_PS1600",4,"403","","",-40,"<=",-0.012,"uA","<=",0,"P",3.75866,***,"",
4,"ILIM_gain_Trim","","ILIM_GAIN_TRIM",270010,"",1,1,"ITRIP_PS1600",4,"403","","",0,"<=",13,"Code","<=",31,"P",3.75866,***,"",
4,"ILIM_gain_Trim","","BEST_MEAS_20pIMAX",270660,"",1,1,"ITRIP_PS1600",4,"403","","",-22,"<=",-19.608,"uA","<=",-18,"P",3.75866,***,"",
4,"ILIM_gain_Trim","","BEST_GAIN",270680,"",1,1,"ITRIP_PS1600",4,"403","","",75000,"<=",81599.3,"GAIN","<=",85000,"P",3.75866,***,"",
4,"ISENSE_BlockOffset_Trim_New","","ISNS_MEAS_10mAIOUT_CODE0",310020,"",1,1,"ISEN_PS1600",4,"403","","",-17,"<=",-0.005,"uA","<=",1,"P",3.35422,***,"",
4,"ISENSE_BlockOffset_Trim_New","","ISNS_MEAS_10mAIOUT_CODE1",310030,"",1,1,"ISEN_PS1600",4,"403","","",-17,"<=",-0.005,"uA","<=",1,"P",3.35422,***,"",
4,"ISENSE_BlockOffset_Trim_New","","ISNS_MEAS_10mAIOUT_CODE2",310040,"",1,1,"ISEN_PS1600",4,"403","","",-17,"<=",-0.005,"uA","<=",1,"P",3.35422,***,"",
4,"ISENSE_BlockOffset_Trim_New","","ISNS_MEAS_10mAIOUT_CODE3",310050,"",1,1,"ISEN_PS1600",4,"403","","",-17,"<=",-0.005,"uA","<=",1,"P",3.35422,***,"",
4,"ISENSE_BlockOffset_Trim_New","","ISNS_MEAS_10mAIOUT_CODE4",310060,"",1,1,"ISEN_PS1600",4,"403","","",-17,"<=",-0.005,"uA","<=",1,"P",3.35422,***,"",
4,"ISENSE_BlockOffset_Trim_New","","ISNS_MEAS_10mAIOUT_CODE5",310070,"",1,1,"ISEN_PS1600",4,"403","","",-17,"<=",-0.005,"uA","<=",1,"P",3.35422,***,"",
4,"ISENSE_BlockOffset_Trim_New","","ISNS_MEAS_10mAIOUT_CODE6",310080,"",1,1,"ISEN_PS1600",4,"403","","",-17,"<=",-0.005,"uA","<=",1,"P",3.35422,***,"",
4,"ISENSE_BlockOffset_Trim_New","","ISNS_MEAS_10mAIOUT_CODE7",310090,"",1,1,"ISEN_PS1600",4,"403","","",-17,"<=",-0.005,"uA","<=",1,"P",3.35422,***,"",
4,"ISENSE_BlockOffset_Trim_New","","ISNS_MEAS_10mAIOUT_CODE8",310100,"",1,1,"ISEN_PS1600",4,"403","","",-17,"<=",-0.005,"uA","<=",1,"P",3.35422,***,"",
4,"ISENSE_BlockOffset_Trim_New","","ISNS_MEAS_10mAIOUT_CODE9",310110,"",1,1,"ISEN_PS1600",4,"403","","",-17,"<=",-0.005,"uA","<=",1,"P",3.35422,***,"",
4,"ISENSE_BlockOffset_Trim_New","","ISNS_MEAS_10mAIOUT_CODE10",310120,"",1,1,"ISEN_PS1600",4,"403","","",-17,"<=",-0.389,"uA","<=",1,"P",3.35422,***,"",
4,"ISENSE_BlockOffset_Trim_New","","ISNS_MEAS_10mAIOUT_CODE11",310130,"",1,1,"ISEN_PS1600",4,"403","","",-17,"<=",-2.212,"uA","<=",1,"P",3.35422,***,"",
4,"ISENSE_BlockOffset_Trim_New","","ISNS_MEAS_10mAIOUT_CODE12",310140,"",1,1,"ISEN_PS1600",4,"403","","",-17,"<=",-3.754,"uA","<=",1,"P",3.35422,***,"",
4,"ISENSE_BlockOffset_Trim_New","","ISNS_MEAS_10mAIOUT_CODE13",310150,"",1,1,"ISEN_PS1600",4,"403","","",-17,"<=",-5.27,"uA","<=",1,"P",3.35422,***,"",
4,"ISENSE_BlockOffset_Trim_New","","ISNS_MEAS_10mAIOUT_CODE14",310160,"",1,1,"ISEN_PS1600",4,"403","","",-17,"<=",-6.867,"uA","<=",1,"P",3.35422,***,"",
4,"ISENSE_BlockOffset_Trim_New","","ISNS_MEAS_10mAIOUT_CODE15",310170,"",1,1,"ISEN_PS1600",4,"403","","",-17,"<=",-14.604,"uA","<=",1,"P",3.35422,***,"",
4,"ISENSE_BlockOffset_Trim_New","","ISNS_BLOCK_OFFSET_TRIM",310010,"",1,1,"ISEN_PS1600",4,"403","","",0,"<=",10,"Code","<=",15,"P",3.35422,***,"",
4,"ISENSE_BlockOffset_Trim_New","","BEST_MEAS_10mAIOUT",310350,"",1,1,"ISEN_PS1600",4,"403","","",-1.7,"<=",-0.389,"uA","<=",1.3,"P",3.35422,***,"",
4,"SNS_gain_Trim","","SNS_GAIN_20PIMAX_CODE0",320020,"",1,1,"ISEN_PS1600",4,"403","","",-300,"<=",-256.132,"uA","<=",-90,"P",3.37096,***,"",
4,"SNS_gain_Trim","","SNS_GAIN_20PIMAX_CODE1",320030,"",1,1,"ISEN_PS1600",4,"403","","",-300,"<=",-247.871,"uA","<=",-90,"P",3.37096,***,"",
4,"SNS_gain_Trim","","SNS_GAIN_20PIMAX_CODE2",320040,"",1,1,"ISEN_PS1600",4,"403","","",-300,"<=",-239.509,"uA","<=",-90,"P",3.37096,***,"",
4,"SNS_gain_Trim","","SNS_GAIN_20PIMAX_CODE3",320050,"",1,1,"ISEN_PS1600",4,"403","","",-300,"<=",-231.121,"uA","<=",-90,"P",3.37096,***,"",
4,"SNS_gain_Trim","","SNS_GAIN_20PIMAX_CODE4",320060,"",1,1,"ISEN_PS1600",4,"403","","",-300,"<=",-223.062,"uA","<=",-90,"P",3.37096,***,"",
4,"SNS_gain_Trim","","SNS_GAIN_20PIMAX_CODE5",320070,"",1,1,"ISEN_PS1600",4,"403","","",-300,"<=",-214.675,"uA","<=",-90,"P",3.37096,***,"",
4,"SNS_gain_Trim","","SNS_GAIN_20PIMAX_CODE6",320080,"",1,1,"ISEN_PS1600",4,"403","","",-300,"<=",-206.288,"uA","<=",-90,"P",3.37096,***,"",
4,"SNS_gain_Trim","","SNS_GAIN_20PIMAX_CODE7",320090,"",1,1,"ISEN_PS1600",4,"403","","",-300,"<=",-197.875,"uA","<=",-90,"P",3.37096,***,"",
4,"SNS_gain_Trim","","SNS_GAIN_20PIMAX_CODE8",320100,"",1,1,"ISEN_PS1600",4,"403","","",-300,"<=",-190.321,"uA","<=",-90,"P",3.37096,***,"",
4,"SNS_gain_Trim","","SNS_GAIN_20PIMAX_CODE9",320110,"",1,1,"ISEN_PS1600",4,"403","","",-300,"<=",-181.934,"uA","<=",-90,"P",3.37096,***,"",
4,"SNS_gain_Trim","","SNS_GAIN_20PIMAX_CODE10",320120,"",1,1,"ISEN_PS1600",4,"403","","",-300,"<=",-173.572,"uA","<=",-90,"P",3.37096,***,"",
4,"SNS_gain_Trim","","SNS_GAIN_20PIMAX_CODE11",320130,"",1,1,"ISEN_PS1600",4,"403","","",-300,"<=",-165.159,"uA","<=",-90,"P",3.37096,***,"",
4,"SNS_gain_Trim","","SNS_GAIN_20PIMAX_CODE12",320140,"",1,1,"ISEN_PS1600",4,"403","","",-300,"<=",-157.151,"uA","<=",-90,"P",3.37096,***,"",
4,"SNS_gain_Trim","","SNS_GAIN_20PIMAX_CODE13",320150,"",1,1,"ISEN_PS1600",4,"403","","",-300,"<=",-148.738,"uA","<=",-90,"P",3.37096,***,"",
4,"SNS_gain_Trim","","SNS_GAIN_20PIMAX_CODE14",320160,"",1,1,"ISEN_PS1600",4,"403","","",-300,"<=",-140.351,"uA","<=",-90,"P",3.37096,***,"",
4,"SNS_gain_Trim","","SNS_GAIN_20PIMAX_CODE15",320170,"",1,1,"ISEN_PS1600",4,"403","","",-300,"<=",-131.938,"uA","<=",-90,"P",3.37096,***,"",
4,"SNS_gain_Trim","","SNS_GAIN_TRIM",320010,"",1,1,"ISEN_PS1600",4,"403","","",0,"<=",7,"Code","<=",31,"P",3.37096,***,"",
4,"SNS_gain_Trim","","BEST_MEAS_20pIMAX",320340,"",1,1,"ISEN_PS1600",4,"403","","",-210,"<=",-197.875,"uA","<=",-190,"P",3.37096,***,"",
4,"OC_Delay_Trim","","slice0_Period",630010,"",1,1,"OFF_PS1600",4,"403","","",400,"<=",477,"nS","<=",600,"P",0.364781,***,"",
4,"OC_Delay_Trim","","slice1_Period",630020,"",1,1,"OFF_PS1600",4,"403","","",400,"<=",477,"nS","<=",600,"P",0.364781,***,"",
4,"OC_Delay_Trim","","slice2_Period",630030,"",1,1,"OFF_PS1600",4,"403","","",400,"<=",477.097,"nS","<=",600,"P",0.364781,***,"",
4,"OC_Delay_Trim","","median",630040,"",1,1,"OFF_PS1600",4,"403","","",400,"<=",477,"nS","<=",600,"P",0.364781,***,"",
4,"OC_Delay_Trim","","Count_Number",630050,"",1,1,"OFF_PS1600",4,"403","","",0,"<=",25.1409,"nS","<=",40,"P",0.364781,***,"",
4,"OC_Delay_Trim","","TRIM_CODE",630060,"",1,1,"OFF_PS1600",4,"403","","",0,"<=",9,"Code","<=",15,"P",0.364781,***,"",
4,"EFUSE_REFERENCE_CURRENT_VOLTAGE","","Efuse_Ref_Voltage",620010,"",1,1,"ISEN_PS1600",4,"403","","",1.5,"<=",1.81544,"V","<=",2,"P",0.103765,***,"",
4,"EFUSE_REFERENCE_CURRENT_VOLTAGE","","Efuse_Ref_Current",620020,"",1,1,"ISEN_PS1600",4,"403","","",140,"<=",222.875,"uA","<=",350,"P",0.103765,***,"",
4,"EFUSE_REFERENCE_CURRENT_VOLTAGE","","Efuse_Resistance",620030,"",1,1,"ISEN_PS1600",4,"403","","",100,"<=",393.274,"ohm","<=",1000,"P",0.103765,***,"",
4,"EFUSE_RESISTANCE_MEASUREMENT","","BANKA_EFUSE_RESISTANCE_BIT47",480010,"",1,1,"ISEN_PS1600",4,"403","","",65,"<=",91,"ohms","<=",200,"P",15.4845,***,"",
4,"EFUSE_RESISTANCE_MEASUREMENT","","BANKA_EFUSE_RESISTANCE_BIT46",480020,"",1,1,"ISEN_PS1600",4,"403","","",65,"<=",79.6,"ohms","<=",200,"P",15.4845,***,"",
4,"EFUSE_RESISTANCE_MEASUREMENT","","BANKA_EFUSE_RESISTANCE_BIT45",480030,"",1,1,"ISEN_PS1600",4,"403","","",65,"<=",91,"ohms","<=",200,"P",15.4845,***,"",
4,"EFUSE_RESISTANCE_MEASUREMENT","","BANKA_EFUSE_RESISTANCE_BIT44",480040,"",1,1,"ISEN_PS1600",4,"403","","",65,"<=",79.6,"ohms","<=",200,"P",15.4845,***,"",
4,"EFUSE_RESISTANCE_MEASUREMENT","","BANKA_EFUSE_RESISTANCE_BIT43",480050,"",1,1,"ISEN_PS1600",4,"403","","",65,"<=",79.6,"ohms","<=",200,"P",15.4845,***,"",
4,"EFUSE_RESISTANCE_MEASUREMENT","","BANKA_EFUSE_RESISTANCE_BIT42",480060,"",1,1,"ISEN_PS1600",4,"403","","",65,"<=",79.6,"ohms","<=",200,"P",15.4845,***,"",
4,"EFUSE_RESISTANCE_MEASUREMENT","","BANKA_EFUSE_RESISTANCE_BIT41",480070,"",1,1,"ISEN_PS1600",4,"403","","",65,"<=",79.6,"ohms","<=",200,"P",15.4845,***,"",
4,"EFUSE_RESISTANCE_MEASUREMENT","","BANKA_EFUSE_RESISTANCE_BIT40",480080,"",1,1,"ISEN_PS1600",4,"403","","",65,"<=",79.6,"ohms","<=",200,"P",15.4845,***,"",
4,"EFUSE_RESISTANCE_MEASUREMENT","","BANKA_EFUSE_RESISTANCE_BIT39",480090,"",1,1,"ISEN_PS1600",4,"403","","",65,"<=",68.2,"ohms","<=",200,"P",15.4845,***,"",
4,"EFUSE_RESISTANCE_MEASUREMENT","","BANKA_EFUSE_RESISTANCE_BIT38",480100,"",1,1,"ISEN_PS1600",4,"403","","",65,"<=",79.6,"ohms","<=",200,"P",15.4845,***,"",
4,"EFUSE_RESISTANCE_MEASUREMENT","","BANKA_EFUSE_RESISTANCE_BIT37",480110,"",1,1,"ISEN_PS1600",4,"403","","",65,"<=",79.6,"ohms","<=",200,"P",15.4845,***,"",
4,"EFUSE_RESISTANCE_MEASUREMENT","","BANKA_EFUSE_RESISTANCE_BIT36",480120,"",1,1,"ISEN_PS1600",4,"403","","",65,"<=",91,"ohms","<=",200,"P",15.4845,***,"",
4,"EFUSE_RESISTANCE_MEASUREMENT","","BANKA_EFUSE_RESISTANCE_BIT35",480130,"",1,1,"ISEN_PS1600",4,"403","","",65,"<=",79.6,"ohms","<=",200,"P",15.4845,***,"",
4,"EFUSE_RESISTANCE_MEASUREMENT","","BANKA_EFUSE_RESISTANCE_BIT34",480140,"",1,1,"ISEN_PS1600",4,"403","","",65,"<=",91,"ohms","<=",200,"P",15.4845,***,"",
4,"EFUSE_RESISTANCE_MEASUREMENT","","BANKA_EFUSE_RESISTANCE_BIT33",480150,"",1,1,"ISEN_PS1600",4,"403","","",65,"<=",79.6,"ohms","<=",200,"P",15.4845,***,"",
4,"EFUSE_RESISTANCE_MEASUREMENT","","BANKA_EFUSE_RESISTANCE_BIT32",480160,"",1,1,"ISEN_PS1600",4,"403","","",65,"<=",79.6,"ohms","<=",200,"P",15.4845,***,"",
4,"EFUSE_RESISTANCE_MEASUREMENT","","BANKA_EFUSE_RESISTANCE_BIT31",480170,"",1,1,"ISEN_PS1600",4,"403","","",65,"<=",79.6,"ohms","<=",200,"P",15.4845,***,"",
4,"EFUSE_RESISTANCE_MEASUREMENT","","BANKA_EFUSE_RESISTANCE_BIT30",480180,"",1,1,"ISEN_PS1600",4,"403","","",65,"<=",79.6,"ohms","<=",200,"P",15.4845,***,"",
4,"EFUSE_RESISTANCE_MEASUREMENT","","BANKA_EFUSE_RESISTANCE_BIT29",480190,"",1,1,"ISEN_PS1600",4,"403","","",65,"<=",79.6,"ohms","<=",200,"P",15.4845,***,"",
4,"EFUSE_RESISTANCE_MEASUREMENT","","BANKA_EFUSE_RESISTANCE_BIT28",480200,"",1,1,"ISEN_PS1600",4,"403","","",65,"<=",91,"ohms","<=",200,"P",15.4845,***,"",
4,"EFUSE_RESISTANCE_MEASUREMENT","","BANKA_EFUSE_RESISTANCE_BIT27",480210,"",1,1,"ISEN_PS1600",4,"403","","",65,"<=",91,"ohms","<=",200,"P",15.4845,***,"",
4,"EFUSE_RESISTANCE_MEASUREMENT","","BANKA_EFUSE_RESISTANCE_BIT26",480220,"",1,1,"ISEN_PS1600",4,"403","","",65,"<=",91,"ohms","<=",200,"P",15.4845,***,"",
4,"EFUSE_RESISTANCE_MEASUREMENT","","BANKA_EFUSE_RESISTANCE_BIT25",480230,"",1,1,"ISEN_PS1600",4,"403","","",65,"<=",79.6,"ohms","<=",200,"P",15.4845,***,"",
4,"EFUSE_RESISTANCE_MEASUREMENT","","BANKA_EFUSE_RESISTANCE_BIT24",480240,"",1,1,"ISEN_PS1600",4,"403","","",65,"<=",91,"ohms","<=",200,"P",15.4845,***,"",
4,"EFUSE_RESISTANCE_MEASUREMENT","","BANKA_EFUSE_RESISTANCE_BIT23",480250,"",1,1,"ISEN_PS1600",4,"403","","",65,"<=",79.6,"ohms","<=",200,"P",15.4845,***,"",
4,"EFUSE_RESISTANCE_MEASUREMENT","","BANKA_EFUSE_RESISTANCE_BIT22",480260,"",1,1,"ISEN_PS1600",4,"403","","",65,"<=",91,"ohms","<=",200,"P",15.4845,***,"",
4,"EFUSE_RESISTANCE_MEASUREMENT","","BANKA_EFUSE_RESISTANCE_BIT21",480270,"",1,1,"ISEN_PS1600",4,"403","","",65,"<=",91,"ohms","<=",200,"P",15.4845,***,"",
4,"EFUSE_RESISTANCE_MEASUREMENT","","BANKA_EFUSE_RESISTANCE_BIT20",480280,"",1,1,"ISEN_PS1600",4,"403","","",65,"<=",91,"ohms","<=",200,"P",15.4845,***,"",
4,"EFUSE_RESISTANCE_MEASUREMENT","","BANKA_EFUSE_RESISTANCE_BIT19",480290,"",1,1,"ISEN_PS1600",4,"403","","",65,"<=",79.6,"ohms","<=",200,"P",15.4845,***,"",
4,"EFUSE_RESISTANCE_MEASUREMENT","","BANKA_EFUSE_RESISTANCE_BIT18",480300,"",1,1,"ISEN_PS1600",4,"403","","",65,"<=",91,"ohms","<=",200,"P",15.4845,***,"",
4,"EFUSE_RESISTANCE_MEASUREMENT","","BANKA_EFUSE_RESISTANCE_BIT17",480310,"",1,1,"ISEN_PS1600",4,"403","","",65,"<=",91,"ohms","<=",200,"P",15.4845,***,"",
4,"EFUSE_RESISTANCE_MEASUREMENT","","BANKA_EFUSE_RESISTANCE_BIT16",480320,"",1,1,"ISEN_PS1600",4,"403","","",65,"<=",91,"ohms","<=",200,"P",15.4845,***,"",
4,"EFUSE_RESISTANCE_MEASUREMENT","","BANKA_EFUSE_RESISTANCE_BIT15",480330,"",1,1,"ISEN_PS1600",4,"403","","",65,"<=",91,"ohms","<=",200,"P",15.4845,***,"",
4,"EFUSE_RESISTANCE_MEASUREMENT","","BANKA_EFUSE_RESISTANCE_BIT14",480340,"",1,1,"ISEN_PS1600",4,"403","","",65,"<=",91,"ohms","<=",200,"P",15.4845,***,"",
4,"EFUSE_RESISTANCE_MEASUREMENT","","BANKA_EFUSE_RESISTANCE_BIT13",480350,"",1,1,"ISEN_PS1600",4,"403","","",65,"<=",91,"ohms","<=",200,"P",15.4845,***,"",
4,"EFUSE_RESISTANCE_MEASUREMENT","","BANKA_EFUSE_RESISTANCE_BIT12",480360,"",1,1,"ISEN_PS1600",4,"403","","",65,"<=",91,"ohms","<=",200,"P",15.4845,***,"",
4,"EFUSE_RESISTANCE_MEASUREMENT","","BANKA_EFUSE_RESISTANCE_BIT11",480370,"",1,1,"ISEN_PS1600",4,"403","","",65,"<=",79.6,"ohms","<=",200,"P",15.4845,***,"",
4,"EFUSE_RESISTANCE_MEASUREMENT","","BANKA_EFUSE_RESISTANCE_BIT10",480380,"",1,1,"ISEN_PS1600",4,"403","","",65,"<=",79.6,"ohms","<=",200,"P",15.4845,***,"",
4,"EFUSE_RESISTANCE_MEASUREMENT","","BANKA_EFUSE_RESISTANCE_BIT9",480390,"",1,1,"ISEN_PS1600",4,"403","","",65,"<=",91,"ohms","<=",200,"P",15.4845,***,"",
4,"EFUSE_RESISTANCE_MEASUREMENT","","BANKA_EFUSE_RESISTANCE_BIT8",480400,"",1,1,"ISEN_PS1600",4,"403","","",65,"<=",91,"ohms","<=",200,"P",15.4845,***,"",
4,"EFUSE_RESISTANCE_MEASUREMENT","","BANKA_EFUSE_RESISTANCE_BIT7",480410,"",1,1,"ISEN_PS1600",4,"403","","",65,"<=",79.6,"ohms","<=",200,"P",15.4845,***,"",
4,"EFUSE_RESISTANCE_MEASUREMENT","","BANKA_EFUSE_RESISTANCE_BIT6",480420,"",1,1,"ISEN_PS1600",4,"403","","",65,"<=",79.6,"ohms","<=",200,"P",15.4845,***,"",
4,"EFUSE_RESISTANCE_MEASUREMENT","","BANKA_EFUSE_RESISTANCE_BIT5",480430,"",1,1,"ISEN_PS1600",4,"403","","",65,"<=",79.6,"ohms","<=",200,"P",15.4845,***,"",
4,"EFUSE_RESISTANCE_MEASUREMENT","","BANKA_EFUSE_RESISTANCE_BIT4",480440,"",1,1,"ISEN_PS1600",4,"403","","",65,"<=",91,"ohms","<=",200,"P",15.4845,***,"",
4,"EFUSE_RESISTANCE_MEASUREMENT","","BANKA_EFUSE_RESISTANCE_BIT3",480450,"",1,1,"ISEN_PS1600",4,"403","","",65,"<=",91,"ohms","<=",200,"P",15.4845,***,"",
4,"EFUSE_RESISTANCE_MEASUREMENT","","BANKA_EFUSE_RESISTANCE_BIT2",480460,"",1,1,"ISEN_PS1600",4,"403","","",65,"<=",91,"ohms","<=",200,"P",15.4845,***,"",
4,"EFUSE_RESISTANCE_MEASUREMENT","","BANKA_EFUSE_RESISTANCE_BIT1",480470,"",1,1,"ISEN_PS1600",4,"403","","",65,"<=",79.6,"ohms","<=",200,"P",15.4845,***,"",
4,"EFUSE_RESISTANCE_MEASUREMENT","","BANKA_EFUSE_RESISTANCE_BIT0",480480,"",1,1,"ISEN_PS1600",4,"403","","",65,"<=",91,"ohms","<=",200,"P",15.4845,***,"",
4,"EFUSE_RESISTANCE_MEASUREMENT","","BANKB_EFUSE_RESISTANCE_BIT47",480490,"",1,1,"ISEN_PS1600",4,"403","","",65,"<=",79.6,"ohms","<=",200,"P",15.4845,***,"",
4,"EFUSE_RESISTANCE_MEASUREMENT","","BANKB_EFUSE_RESISTANCE_BIT46",480500,"",1,1,"ISEN_PS1600",4,"403","","",65,"<=",91,"ohms","<=",200,"P",15.4845,***,"",
4,"EFUSE_RESISTANCE_MEASUREMENT","","BANKB_EFUSE_RESISTANCE_BIT45",480510,"",1,1,"ISEN_PS1600",4,"403","","",65,"<=",91,"ohms","<=",200,"P",15.4845,***,"",
4,"EFUSE_RESISTANCE_MEASUREMENT","","BANKB_EFUSE_RESISTANCE_BIT44",480520,"",1,1,"ISEN_PS1600",4,"403","","",65,"<=",91,"ohms","<=",200,"P",15.4845,***,"",
4,"EFUSE_RESISTANCE_MEASUREMENT","","BANKB_EFUSE_RESISTANCE_BIT43",480530,"",1,1,"ISEN_PS1600",4,"403","","",65,"<=",91,"ohms","<=",200,"P",15.4845,***,"",
4,"EFUSE_RESISTANCE_MEASUREMENT","","BANKB_EFUSE_RESISTANCE_BIT42",480540,"",1,1,"ISEN_PS1600",4,"403","","",65,"<=",91,"ohms","<=",200,"P",15.4845,***,"",
4,"EFUSE_RESISTANCE_MEASUREMENT","","BANKB_EFUSE_RESISTANCE_BIT41",480550,"",1,1,"ISEN_PS1600",4,"403","","",65,"<=",79.6,"ohms","<=",200,"P",15.4845,***,"",
4,"EFUSE_RESISTANCE_MEASUREMENT","","BANKB_EFUSE_RESISTANCE_BIT40",480560,"",1,1,"ISEN_PS1600",4,"403","","",65,"<=",79.6,"ohms","<=",200,"P",15.4845,***,"",
4,"EFUSE_RESISTANCE_MEASUREMENT","","BANKB_EFUSE_RESISTANCE_BIT39",480570,"",1,1,"ISEN_PS1600",4,"403","","",65,"<=",91,"ohms","<=",200,"P",15.4845,***,"",
4,"EFUSE_RESISTANCE_MEASUREMENT","","BANKB_EFUSE_RESISTANCE_BIT38",480580,"",1,1,"ISEN_PS1600",4,"403","","",65,"<=",91,"ohms","<=",200,"P",15.4845,***,"",
4,"EFUSE_RESISTANCE_MEASUREMENT","","BANKB_EFUSE_RESISTANCE_BIT37",480590,"",1,1,"ISEN_PS1600",4,"403","","",65,"<=",91,"ohms","<=",200,"P",15.4845,***,"",
4,"EFUSE_RESISTANCE_MEASUREMENT","","BANKB_EFUSE_RESISTANCE_BIT36",480600,"",1,1,"ISEN_PS1600",4,"403","","",65,"<=",91,"ohms","<=",200,"P",15.4845,***,"",
4,"EFUSE_RESISTANCE_MEASUREMENT","","BANKB_EFUSE_RESISTANCE_BIT35",480610,"",1,1,"ISEN_PS1600",4,"403","","",65,"<=",79.6,"ohms","<=",200,"P",15.4845,***,"",
4,"EFUSE_RESISTANCE_MEASUREMENT","","BANKB_EFUSE_RESISTANCE_BIT34",480620,"",1,1,"ISEN_PS1600",4,"403","","",65,"<=",79.6,"ohms","<=",200,"P",15.4845,***,"",
4,"EFUSE_RESISTANCE_MEASUREMENT","","BANKB_EFUSE_RESISTANCE_BIT33",480630,"",1,1,"ISEN_PS1600",4,"403","","",65,"<=",91,"ohms","<=",200,"P",15.4845,***,"",
4,"EFUSE_RESISTANCE_MEASUREMENT","","BANKB_EFUSE_RESISTANCE_BIT32",480640,"",1,1,"ISEN_PS1600",4,"403","","",65,"<=",79.6,"ohms","<=",200,"P",15.4845,***,"",
4,"EFUSE_RESISTANCE_MEASUREMENT","","BANKB_EFUSE_RESISTANCE_BIT31",480650,"",1,1,"ISEN_PS1600",4,"403","","",65,"<=",91,"ohms","<=",200,"P",15.4845,***,"",
4,"EFUSE_RESISTANCE_MEASUREMENT","","BANKB_EFUSE_RESISTANCE_BIT30",480660,"",1,1,"ISEN_PS1600",4,"403","","",65,"<=",91,"ohms","<=",200,"P",15.4845,***,"",
4,"EFUSE_RESISTANCE_MEASUREMENT","","BANKB_EFUSE_RESISTANCE_BIT29",480670,"",1,1,"ISEN_PS1600",4,"403","","",65,"<=",91,"ohms","<=",200,"P",15.4845,***,"",
4,"EFUSE_RESISTANCE_MEASUREMENT","","BANKB_EFUSE_RESISTANCE_BIT28",480680,"",1,1,"ISEN_PS1600",4,"403","","",65,"<=",91,"ohms","<=",200,"P",15.4845,***,"",
4,"EFUSE_RESISTANCE_MEASUREMENT","","BANKB_EFUSE_RESISTANCE_BIT27",480690,"",1,1,"ISEN_PS1600",4,"403","","",65,"<=",91,"ohms","<=",200,"P",15.4845,***,"",
4,"EFUSE_RESISTANCE_MEASUREMENT","","BANKB_EFUSE_RESISTANCE_BIT26",480700,"",1,1,"ISEN_PS1600",4,"403","","",65,"<=",91,"ohms","<=",200,"P",15.4845,***,"",
4,"EFUSE_RESISTANCE_MEASUREMENT","","BANKB_EFUSE_RESISTANCE_BIT25",480710,"",1,1,"ISEN_PS1600",4,"403","","",65,"<=",91,"ohms","<=",200,"P",15.4845,***,"",
4,"EFUSE_RESISTANCE_MEASUREMENT","","BANKB_EFUSE_RESISTANCE_BIT24",480720,"",1,1,"ISEN_PS1600",4,"403","","",65,"<=",79.6,"ohms","<=",200,"P",15.4845,***,"",
4,"EFUSE_RESISTANCE_MEASUREMENT","","BANKB_EFUSE_RESISTANCE_BIT23",480730,"",1,1,"ISEN_PS1600",4,"403","","",65,"<=",79.6,"ohms","<=",200,"P",15.4845,***,"",
4,"EFUSE_RESISTANCE_MEASUREMENT","","BANKB_EFUSE_RESISTANCE_BIT22",480740,"",1,1,"ISEN_PS1600",4,"403","","",65,"<=",91,"ohms","<=",200,"P",15.4845,***,"",
4,"EFUSE_RESISTANCE_MEASUREMENT","","BANKB_EFUSE_RESISTANCE_BIT21",480750,"",1,1,"ISEN_PS1600",4,"403","","",65,"<=",79.6,"ohms","<=",200,"P",15.4845,***,"",
4,"EFUSE_RESISTANCE_MEASUREMENT","","BANKB_EFUSE_RESISTANCE_BIT20",480760,"",1,1,"ISEN_PS1600",4,"403","","",65,"<=",79.6,"ohms","<=",200,"P",15.4845,***,"",
4,"EFUSE_RESISTANCE_MEASUREMENT","","BANKB_EFUSE_RESISTANCE_BIT19",480770,"",1,1,"ISEN_PS1600",4,"403","","",65,"<=",91,"ohms","<=",200,"P",15.4845,***,"",
4,"EFUSE_RESISTANCE_MEASUREMENT","","BANKB_EFUSE_RESISTANCE_BIT18",480780,"",1,1,"ISEN_PS1600",4,"403","","",65,"<=",79.6,"ohms","<=",200,"P",15.4845,***,"",
4,"EFUSE_RESISTANCE_MEASUREMENT","","BANKB_EFUSE_RESISTANCE_BIT17",480790,"",1,1,"ISEN_PS1600",4,"403","","",65,"<=",91,"ohms","<=",200,"P",15.4845,***,"",
4,"EFUSE_RESISTANCE_MEASUREMENT","","BANKB_EFUSE_RESISTANCE_BIT16",480800,"",1,1,"ISEN_PS1600",4,"403","","",65,"<=",79.6,"ohms","<=",200,"P",15.4845,***,"",
4,"EFUSE_RESISTANCE_MEASUREMENT","","BANKB_EFUSE_RESISTANCE_BIT15",480810,"",1,1,"ISEN_PS1600",4,"403","","",65,"<=",79.6,"ohms","<=",200,"P",15.4845,***,"",
4,"EFUSE_RESISTANCE_MEASUREMENT","","BANKB_EFUSE_RESISTANCE_BIT14",480820,"",1,1,"ISEN_PS1600",4,"403","","",65,"<=",91,"ohms","<=",200,"P",15.4845,***,"",
4,"EFUSE_RESISTANCE_MEASUREMENT","","BANKB_EFUSE_RESISTANCE_BIT13",480830,"",1,1,"ISEN_PS1600",4,"403","","",65,"<=",79.6,"ohms","<=",200,"P",15.4845,***,"",
4,"EFUSE_RESISTANCE_MEASUREMENT","","BANKB_EFUSE_RESISTANCE_BIT12",480840,"",1,1,"ISEN_PS1600",4,"403","","",65,"<=",91,"ohms","<=",200,"P",15.4845,***,"",
4,"EFUSE_RESISTANCE_MEASUREMENT","","BANKB_EFUSE_RESISTANCE_BIT11",480850,"",1,1,"ISEN_PS1600",4,"403","","",65,"<=",91,"ohms","<=",200,"P",15.4845,***,"",
4,"EFUSE_RESISTANCE_MEASUREMENT","","BANKB_EFUSE_RESISTANCE_BIT10",480860,"",1,1,"ISEN_PS1600",4,"403","","",65,"<=",91,"ohms","<=",200,"P",15.4845,***,"",
4,"EFUSE_RESISTANCE_MEASUREMENT","","BANKB_EFUSE_RESISTANCE_BIT9",480870,"",1,1,"ISEN_PS1600",4,"403","","",65,"<=",79.6,"ohms","<=",200,"P",15.4845,***,"",
4,"EFUSE_RESISTANCE_MEASUREMENT","","BANKB_EFUSE_RESISTANCE_BIT8",480880,"",1,1,"ISEN_PS1600",4,"403","","",65,"<=",91,"ohms","<=",200,"P",15.4845,***,"",
4,"EFUSE_RESISTANCE_MEASUREMENT","","BANKB_EFUSE_RESISTANCE_BIT7",480890,"",1,1,"ISEN_PS1600",4,"403","","",65,"<=",91,"ohms","<=",200,"P",15.4845,***,"",
4,"EFUSE_RESISTANCE_MEASUREMENT","","BANKB_EFUSE_RESISTANCE_BIT6",480900,"",1,1,"ISEN_PS1600",4,"403","","",65,"<=",91,"ohms","<=",200,"P",15.4845,***,"",
4,"EFUSE_RESISTANCE_MEASUREMENT","","BANKB_EFUSE_RESISTANCE_BIT5",480910,"",1,1,"ISEN_PS1600",4,"403","","",65,"<=",91,"ohms","<=",200,"P",15.4845,***,"",
4,"EFUSE_RESISTANCE_MEASUREMENT","","BANKB_EFUSE_RESISTANCE_BIT4",480920,"",1,1,"ISEN_PS1600",4,"403","","",65,"<=",91,"ohms","<=",200,"P",15.4845,***,"",
4,"EFUSE_RESISTANCE_MEASUREMENT","","BANKB_EFUSE_RESISTANCE_BIT3",480930,"",1,1,"ISEN_PS1600",4,"403","","",65,"<=",91,"ohms","<=",200,"P",15.4845,***,"",
4,"EFUSE_RESISTANCE_MEASUREMENT","","BANKB_EFUSE_RESISTANCE_BIT2",480940,"",1,1,"ISEN_PS1600",4,"403","","",65,"<=",91,"ohms","<=",200,"P",15.4845,***,"",
4,"EFUSE_RESISTANCE_MEASUREMENT","","BANKB_EFUSE_RESISTANCE_BIT1",480950,"",1,1,"ISEN_PS1600",4,"403","","",65,"<=",79.6,"ohms","<=",200,"P",15.4845,***,"",
4,"EFUSE_RESISTANCE_MEASUREMENT","","BANKB_EFUSE_RESISTANCE_BIT0",480960,"",1,1,"ISEN_PS1600",4,"403","","",65,"<=",91,"ohms","<=",200,"P",15.4845,***,"",
4,"PRE_BURN_PASS_FET_LEAKAGE","","PRE_Forward_Leakage_FET",470010,"",1,1,"ISEN_PS1600",4,"403","","",-20,"<=",-1,"nA","<=",20,"P",0.145231,***,"",
4,"PRE_BURN_PASS_FET_LEAKAGE","","PRE_Reverse_Leakage_FET",470020,"",1,1,"ISEN_PS1600",4,"403","","",-20,"<=",-2,"nA","<=",20,"P",0.145231,***,"",
4,"EFUSE_BURN","","EFUSE_BURN_DONE",850010,"",1,1,"@",4,"403","","",1,"<=",1,"","<=",1,"P",15.7901,***,"",
4,"eFUSE_burn_readmargin","","BANKA_READMARGIN_UNBLOWN_BIT_0",430010,"",1,1,"OFF_PS1600",4,"403","","",0,"<=",0,"","<=",0,"P",23.7395,***,"",
4,"eFUSE_burn_readmargin","","BANKA_UNBURN_BIT_0",430490,"",1,1,"OFF_PS1600",4,"403","","",0,"<=",0,"","<=",0,"P",23.7395,***,"",
4,"eFUSE_burn_readmargin","","BANKA_BIT_UNBLOWN_TRUE_0",430970,"",1,1,"OFF_PS1600",4,"403","","",1,"<=",1,"","<=",1,"P",23.7395,***,"",
4,"eFUSE_burn_readmargin","","BANKA_READMARGIN_UNBLOWN_BIT_1",430020,"",1,1,"OFF_PS1600",4,"403","","",0,"<=",0,"","<=",0,"P",23.7395,***,"",
4,"eFUSE_burn_readmargin","","BANKA_UNBURN_BIT_1",430500,"",1,1,"OFF_PS1600",4,"403","","",0,"<=",0,"","<=",0,"P",23.7395,***,"",
4,"eFUSE_burn_readmargin","","BANKA_BIT_UNBLOWN_TRUE_1",430980,"",1,1,"OFF_PS1600",4,"403","","",1,"<=",1,"","<=",1,"P",23.7395,***,"",
4,"eFUSE_burn_readmargin","","BANKA_READMARGIN_UNBLOWN_BIT_2",430030,"",1,1,"OFF_PS1600",4,"403","","",0,"<=",0,"","<=",0,"P",23.7395,***,"",
4,"eFUSE_burn_readmargin","","BANKA_UNBURN_BIT_2",430510,"",1,1,"OFF_PS1600",4,"403","","",0,"<=",0,"","<=",0,"P",23.7395,***,"",
4,"eFUSE_burn_readmargin","","BANKA_BIT_UNBLOWN_TRUE_2",430990,"",1,1,"OFF_PS1600",4,"403","","",1,"<=",1,"","<=",1,"P",23.7395,***,"",
4,"eFUSE_burn_readmargin","","BANKA_READMARGIN_UNBLOWN_BIT_3",430040,"",1,1,"OFF_PS1600",4,"403","","",0,"<=",0,"","<=",0,"P",23.7395,***,"",
4,"eFUSE_burn_readmargin","","BANKA_UNBURN_BIT_3",430520,"",1,1,"OFF_PS1600",4,"403","","",0,"<=",0,"","<=",0,"P",23.7395,***,"",
4,"eFUSE_burn_readmargin","","BANKA_BIT_UNBLOWN_TRUE_3",431000,"",1,1,"OFF_PS1600",4,"403","","",1,"<=",1,"","<=",1,"P",23.7395,***,"",
4,"eFUSE_burn_readmargin","","BANKA_READMARGIN_UNBLOWN_BIT_4",430050,"",1,1,"OFF_PS1600",4,"403","","",0,"<=",0,"","<=",0,"P",23.7395,***,"",
4,"eFUSE_burn_readmargin","","BANKA_UNBURN_BIT_4",430530,"",1,1,"OFF_PS1600",4,"403","","",0,"<=",0,"","<=",0,"P",23.7395,***,"",
4,"eFUSE_burn_readmargin","","BANKA_BIT_UNBLOWN_TRUE_4",431010,"",1,1,"OFF_PS1600",4,"403","","",1,"<=",1,"","<=",1,"P",23.7395,***,"",
4,"eFUSE_burn_readmargin","","BANKA_READMARGIN_BLOWN_BIT_5",530060,"",1,1,"OFF_PS1600",4,"403","","",1,"<=",1,"","<=",1,"P",23.7395,***,"",
4,"eFUSE_burn_readmargin","","BANKA_BURN_BIT_5",530540,"",1,1,"OFF_PS1600",4,"403","","",1,"<=",1,"","<=",1,"P",23.7395,***,"",
4,"eFUSE_burn_readmargin","","BANKA_BIT_BLOWN_TRUE_5",531020,"",1,1,"OFF_PS1600",4,"403","","",1,"<=",1,"","<=",1,"P",23.7395,***,"",
4,"eFUSE_burn_readmargin","","BANKA_READMARGIN_UNBLOWN_BIT_6",430070,"",1,1,"OFF_PS1600",4,"403","","",0,"<=",0,"","<=",0,"P",23.7395,***,"",
4,"eFUSE_burn_readmargin","","BANKA_UNBURN_BIT_6",430550,"",1,1,"OFF_PS1600",4,"403","","",0,"<=",0,"","<=",0,"P",23.7395,***,"",
4,"eFUSE_burn_readmargin","","BANKA_BIT_UNBLOWN_TRUE_6",431030,"",1,1,"OFF_PS1600",4,"403","","",1,"<=",1,"","<=",1,"P",23.7395,***,"",
4,"eFUSE_burn_readmargin","","BANKA_READMARGIN_BLOWN_BIT_7",530080,"",1,1,"OFF_PS1600",4,"403","","",1,"<=",1,"","<=",1,"P",34.7531,***,"",
4,"eFUSE_burn_readmargin","","BANKA_BURN_BIT_7",530560,"",1,1,"OFF_PS1600",4,"403","","",1,"<=",1,"","<=",1,"P",34.7531,***,"",
4,"eFUSE_burn_readmargin","","BANKA_BIT_BLOWN_TRUE_7",531040,"",1,1,"OFF_PS1600",4,"403","","",1,"<=",1,"","<=",1,"P",34.7531,***,"",
4,"eFUSE_burn_readmargin","","BANKA_READMARGIN_UNBLOWN_BIT_8",430090,"",1,1,"OFF_PS1600",4,"403","","",0,"<=",0,"","<=",0,"P",1.76467,***,"",
4,"eFUSE_burn_readmargin","","BANKA_UNBURN_BIT_8",430570,"",1,1,"OFF_PS1600",4,"403","","",0,"<=",0,"","<=",0,"P",1.76467,***,"",
4,"eFUSE_burn_readmargin","","BANKA_BIT_UNBLOWN_TRUE_8",431050,"",1,1,"OFF_PS1600",4,"403","","",1,"<=",1,"","<=",1,"P",1.76467,***,"",
4,"eFUSE_burn_readmargin","","BANKA_READMARGIN_UNBLOWN_BIT_9",430100,"",1,1,"OFF_PS1600",4,"403","","",0,"<=",0,"","<=",0,"P",1.76467,***,"",
4,"eFUSE_burn_readmargin","","BANKA_UNBURN_BIT_9",430580,"",1,1,"OFF_PS1600",4,"403","","",0,"<=",0,"","<=",0,"P",1.76467,***,"",
4,"eFUSE_burn_readmargin","","BANKA_BIT_UNBLOWN_TRUE_9",431060,"",1,1,"OFF_PS1600",4,"403","","",1,"<=",1,"","<=",1,"P",1.76467,***,"",
4,"eFUSE_burn_readmargin","","BANKA_READMARGIN_BLOWN_BIT_10",530110,"",1,1,"OFF_PS1600",4,"403","","",1,"<=",1,"","<=",1,"P",1.76467,***,"",
4,"eFUSE_burn_readmargin","","BANKA_BURN_BIT_10",530590,"",1,1,"OFF_PS1600",4,"403","","",1,"<=",1,"","<=",1,"P",1.76467,***,"",
4,"eFUSE_burn_readmargin","","BANKA_BIT_BLOWN_TRUE_10",531070,"",1,1,"OFF_PS1600",4,"403","","",1,"<=",1,"","<=",1,"P",1.76467,***,"",
4,"eFUSE_burn_readmargin","","BANKA_READMARGIN_UNBLOWN_BIT_11",430120,"",1,1,"OFF_PS1600",4,"403","","",0,"<=",0,"","<=",0,"P",34.7523,***,"",
4,"eFUSE_burn_readmargin","","BANKA_UNBURN_BIT_11",430600,"",1,1,"OFF_PS1600",4,"403","","",0,"<=",0,"","<=",0,"P",34.7523,***,"",
4,"eFUSE_burn_readmargin","","BANKA_BIT_UNBLOWN_TRUE_11",431080,"",1,1,"OFF_PS1600",4,"403","","",1,"<=",1,"","<=",1,"P",34.7523,***,"",
4,"eFUSE_burn_readmargin","","BANKA_READMARGIN_BLOWN_BIT_12",530130,"",1,1,"OFF_PS1600",4,"403","","",1,"<=",1,"","<=",1,"P",1.79943,***,"",
4,"eFUSE_burn_readmargin","","BANKA_BURN_BIT_12",530610,"",1,1,"OFF_PS1600",4,"403","","",1,"<=",1,"","<=",1,"P",1.79943,***,"",
4,"eFUSE_burn_readmargin","","BANKA_BIT_BLOWN_TRUE_12",531090,"",1,1,"OFF_PS1600",4,"403","","",1,"<=",1,"","<=",1,"P",1.79943,***,"",
4,"eFUSE_burn_readmargin","","BANKA_READMARGIN_UNBLOWN_BIT_13",430140,"",1,1,"OFF_PS1600",4,"403","","",0,"<=",0,"","<=",0,"P",23.7395,***,"",
4,"eFUSE_burn_readmargin","","BANKA_UNBURN_BIT_13",430620,"",1,1,"OFF_PS1600",4,"403","","",0,"<=",0,"","<=",0,"P",23.7395,***,"",
4,"eFUSE_burn_readmargin","","BANKA_BIT_UNBLOWN_TRUE_13",431100,"",1,1,"OFF_PS1600",4,"403","","",1,"<=",1,"","<=",1,"P",23.7395,***,"",
4,"eFUSE_burn_readmargin","","BANKA_READMARGIN_BLOWN_BIT_14",530150,"",1,1,"OFF_PS1600",4,"403","","",1,"<=",1,"","<=",1,"P",23.7395,***,"",
4,"eFUSE_burn_readmargin","","BANKA_BURN_BIT_14",530630,"",1,1,"OFF_PS1600",4,"403","","",1,"<=",1,"","<=",1,"P",23.7395,***,"",
4,"eFUSE_burn_readmargin","","BANKA_BIT_BLOWN_TRUE_14",531110,"",1,1,"OFF_PS1600",4,"403","","",1,"<=",1,"","<=",1,"P",23.7395,***,"",
4,"eFUSE_burn_readmargin","","BANKA_READMARGIN_BLOWN_BIT_15",530160,"",1,1,"OFF_PS1600",4,"403","","",1,"<=",1,"","<=",1,"P",28.1464,***,"",
4,"eFUSE_burn_readmargin","","BANKA_BURN_BIT_15",530640,"",1,1,"OFF_PS1600",4,"403","","",1,"<=",1,"","<=",1,"P",28.1464,***,"",
4,"eFUSE_burn_readmargin","","BANKA_BIT_BLOWN_TRUE_15",531120,"",1,1,"OFF_PS1600",4,"403","","",1,"<=",1,"","<=",1,"P",28.1464,***,"",
4,"eFUSE_burn_readmargin","","BANKA_READMARGIN_BLOWN_BIT_16",530170,"",1,1,"OFF_PS1600",4,"403","","",1,"<=",1,"","<=",1,"P",23.7395,***,"",
4,"eFUSE_burn_readmargin","","BANKA_BURN_BIT_16",530650,"",1,1,"OFF_PS1600",4,"403","","",1,"<=",1,"","<=",1,"P",23.7395,***,"",
4,"eFUSE_burn_readmargin","","BANKA_BIT_BLOWN_TRUE_16",531130,"",1,1,"OFF_PS1600",4,"403","","",1,"<=",1,"","<=",1,"P",23.7395,***,"",
4,"eFUSE_burn_readmargin","","BANKA_READMARGIN_BLOWN_BIT_17",530180,"",1,1,"OFF_PS1600",4,"403","","",1,"<=",1,"","<=",1,"P",23.7395,***,"",
4,"eFUSE_burn_readmargin","","BANKA_BURN_BIT_17",530660,"",1,1,"OFF_PS1600",4,"403","","",1,"<=",1,"","<=",1,"P",23.7395,***,"",
4,"eFUSE_burn_readmargin","","BANKA_BIT_BLOWN_TRUE_17",531140,"",1,1,"OFF_PS1600",4,"403","","",1,"<=",1,"","<=",1,"P",23.7395,***,"",
4,"eFUSE_burn_readmargin","","BANKA_READMARGIN_UNBLOWN_BIT_18",430190,"",1,1,"OFF_PS1600",4,"403","","",0,"<=",0,"","<=",0,"P",23.7395,***,"",
4,"eFUSE_burn_readmargin","","BANKA_UNBURN_BIT_18",430670,"",1,1,"OFF_PS1600",4,"403","","",0,"<=",0,"","<=",0,"P",23.7395,***,"",
4,"eFUSE_burn_readmargin","","BANKA_BIT_UNBLOWN_TRUE_18",431150,"",1,1,"OFF_PS1600",4,"403","","",1,"<=",1,"","<=",1,"P",23.7395,***,"",
4,"eFUSE_burn_readmargin","","BANKA_READMARGIN_UNBLOWN_BIT_19",430200,"",1,1,"OFF_PS1600",4,"403","","",0,"<=",0,"","<=",0,"P",23.7395,***,"",
4,"eFUSE_burn_readmargin","","BANKA_UNBURN_BIT_19",430680,"",1,1,"OFF_PS1600",4,"403","","",0,"<=",0,"","<=",0,"P",23.7395,***,"",
4,"eFUSE_burn_readmargin","","BANKA_BIT_UNBLOWN_TRUE_19",431160,"",1,1,"OFF_PS1600",4,"403","","",1,"<=",1,"","<=",1,"P",23.7395,***,"",
4,"eFUSE_burn_readmargin","","BANKA_READMARGIN_UNBLOWN_BIT_20",430210,"",1,1,"OFF_PS1600",4,"403","","",0,"<=",0,"","<=",0,"P",23.7395,***,"",
4,"eFUSE_burn_readmargin","","BANKA_UNBURN_BIT_20",430690,"",1,1,"OFF_PS1600",4,"403","","",0,"<=",0,"","<=",0,"P",23.7395,***,"",
4,"eFUSE_burn_readmargin","","BANKA_BIT_UNBLOWN_TRUE_20",431170,"",1,1,"OFF_PS1600",4,"403","","",1,"<=",1,"","<=",1,"P",23.7395,***,"",
4,"eFUSE_burn_readmargin","","BANKA_READMARGIN_UNBLOWN_BIT_21",430220,"",1,1,"OFF_PS1600",4,"403","","",0,"<=",0,"","<=",0,"P",23.7395,***,"",
4,"eFUSE_burn_readmargin","","BANKA_UNBURN_BIT_21",430700,"",1,1,"OFF_PS1600",4,"403","","",0,"<=",0,"","<=",0,"P",23.7395,***,"",
4,"eFUSE_burn_readmargin","","BANKA_BIT_UNBLOWN_TRUE_21",431180,"",1,1,"OFF_PS1600",4,"403","","",1,"<=",1,"","<=",1,"P",23.7395,***,"",
4,"eFUSE_burn_readmargin","","BANKA_READMARGIN_UNBLOWN_BIT_22",430230,"",1,1,"OFF_PS1600",4,"403","","",0,"<=",0,"","<=",0,"P",23.7395,***,"",
4,"eFUSE_burn_readmargin","","BANKA_UNBURN_BIT_22",430710,"",1,1,"OFF_PS1600",4,"403","","",0,"<=",0,"","<=",0,"P",23.7395,***,"",
4,"eFUSE_burn_readmargin","","BANKA_BIT_UNBLOWN_TRUE_22",431190,"",1,1,"OFF_PS1600",4,"403","","",1,"<=",1,"","<=",1,"P",23.7395,***,"",
4,"eFUSE_burn_readmargin","","BANKA_READMARGIN_UNBLOWN_BIT_23",430240,"",1,1,"OFF_PS1600",4,"403","","",0,"<=",0,"","<=",0,"P",23.7395,***,"",
4,"eFUSE_burn_readmargin","","BANKA_UNBURN_BIT_23",430720,"",1,1,"OFF_PS1600",4,"403","","",0,"<=",0,"","<=",0,"P",23.7395,***,"",
4,"eFUSE_burn_readmargin","","BANKA_BIT_UNBLOWN_TRUE_23",431200,"",1,1,"OFF_PS1600",4,"403","","",1,"<=",1,"","<=",1,"P",23.7395,***,"",
4,"eFUSE_burn_readmargin","","BANKA_READMARGIN_BLOWN_BIT_24",530250,"",1,1,"OFF_PS1600",4,"403","","",1,"<=",1,"","<=",1,"P",1.70644,***,"",
4,"eFUSE_burn_readmargin","","BANKA_BURN_BIT_24",530730,"",1,1,"OFF_PS1600",4,"403","","",1,"<=",1,"","<=",1,"P",1.70644,***,"",
4,"eFUSE_burn_readmargin","","BANKA_BIT_BLOWN_TRUE_24",531210,"",1,1,"OFF_PS1600",4,"403","","",1,"<=",1,"","<=",1,"P",1.70644,***,"",
4,"eFUSE_burn_readmargin","","BANKA_READMARGIN_UNBLOWN_BIT_25",430260,"",1,1,"OFF_PS1600",4,"403","","",0,"<=",0,"","<=",0,"P",23.7395,***,"",
4,"eFUSE_burn_readmargin","","BANKA_UNBURN_BIT_25",430740,"",1,1,"OFF_PS1600",4,"403","","",0,"<=",0,"","<=",0,"P",23.7395,***,"",
4,"eFUSE_burn_readmargin","","BANKA_BIT_UNBLOWN_TRUE_25",431220,"",1,1,"OFF_PS1600",4,"403","","",1,"<=",1,"","<=",1,"P",23.7395,***,"",
4,"eFUSE_burn_readmargin","","BANKA_READMARGIN_BLOWN_BIT_26",530270,"",1,1,"OFF_PS1600",4,"403","","",1,"<=",1,"","<=",1,"P",23.7395,***,"",
4,"eFUSE_burn_readmargin","","BANKA_BURN_BIT_26",530750,"",1,1,"OFF_PS1600",4,"403","","",1,"<=",1,"","<=",1,"P",23.7395,***,"",
4,"eFUSE_burn_readmargin","","BANKA_BIT_BLOWN_TRUE_26",531230,"",1,1,"OFF_PS1600",4,"403","","",1,"<=",1,"","<=",1,"P",23.7395,***,"",
4,"eFUSE_burn_readmargin","","BANKA_READMARGIN_BLOWN_BIT_27",530280,"",1,1,"OFF_PS1600",4,"403","","",1,"<=",1,"","<=",1,"P",23.7395,***,"",
4,"eFUSE_burn_readmargin","","BANKA_BURN_BIT_27",530760,"",1,1,"OFF_PS1600",4,"403","","",1,"<=",1,"","<=",1,"P",23.7395,***,"",
4,"eFUSE_burn_readmargin","","BANKA_BIT_BLOWN_TRUE_27",531240,"",1,1,"OFF_PS1600",4,"403","","",1,"<=",1,"","<=",1,"P",23.7395,***,"",
4,"eFUSE_burn_readmargin","","BANKA_READMARGIN_UNBLOWN_BIT_28",430290,"",1,1,"OFF_PS1600",4,"403","","",0,"<=",0,"","<=",0,"P",23.7395,***,"",
4,"eFUSE_burn_readmargin","","BANKA_UNBURN_BIT_28",430770,"",1,1,"OFF_PS1600",4,"403","","",0,"<=",0,"","<=",0,"P",23.7395,***,"",
4,"eFUSE_burn_readmargin","","BANKA_BIT_UNBLOWN_TRUE_28",431250,"",1,1,"OFF_PS1600",4,"403","","",1,"<=",1,"","<=",1,"P",23.7395,***,"",
4,"eFUSE_burn_readmargin","","BANKA_READMARGIN_UNBLOWN_BIT_29",430300,"",1,1,"OFF_PS1600",4,"403","","",0,"<=",0,"","<=",0,"P",1.80532,***,"",
4,"eFUSE_burn_readmargin","","BANKA_UNBURN_BIT_29",430780,"",1,1,"OFF_PS1600",4,"403","","",0,"<=",0,"","<=",0,"P",1.80532,***,"",
4,"eFUSE_burn_readmargin","","BANKA_BIT_UNBLOWN_TRUE_29",431260,"",1,1,"OFF_PS1600",4,"403","","",1,"<=",1,"","<=",1,"P",1.80532,***,"",
4,"eFUSE_burn_readmargin","","BANKA_READMARGIN_BLOWN_BIT_30",530310,"",1,1,"OFF_PS1600",4,"403","","",1,"<=",1,"","<=",1,"P",1.79943,***,"",
4,"eFUSE_burn_readmargin","","BANKA_BURN_BIT_30",530790,"",1,1,"OFF_PS1600",4,"403","","",1,"<=",1,"","<=",1,"P",1.79943,***,"",
4,"eFUSE_burn_readmargin","","BANKA_BIT_BLOWN_TRUE_30",531270,"",1,1,"OFF_PS1600",4,"403","","",1,"<=",1,"","<=",1,"P",1.79943,***,"",
4,"eFUSE_burn_readmargin","","BANKA_READMARGIN_UNBLOWN_BIT_31",430320,"",1,1,"OFF_PS1600",4,"403","","",0,"<=",0,"","<=",0,"P",1.84652,***,"",
4,"eFUSE_burn_readmargin","","BANKA_UNBURN_BIT_31",430800,"",1,1,"OFF_PS1600",4,"403","","",0,"<=",0,"","<=",0,"P",1.84652,***,"",
4,"eFUSE_burn_readmargin","","BANKA_BIT_UNBLOWN_TRUE_31",431280,"",1,1,"OFF_PS1600",4,"403","","",1,"<=",1,"","<=",1,"P",1.84652,***,"",
4,"eFUSE_burn_readmargin","","BANKA_READMARGIN_BLOWN_BIT_32",530330,"",1,1,"OFF_PS1600",4,"403","","",1,"<=",1,"","<=",1,"P",1.84652,***,"",
4,"eFUSE_burn_readmargin","","BANKA_BURN_BIT_32",530810,"",1,1,"OFF_PS1600",4,"403","","",1,"<=",1,"","<=",1,"P",1.84652,***,"",
4,"eFUSE_burn_readmargin","","BANKA_BIT_BLOWN_TRUE_32",531290,"",1,1,"OFF_PS1600",4,"403","","",1,"<=",1,"","<=",1,"P",1.84652,***,"",
4,"eFUSE_burn_readmargin","","BANKA_READMARGIN_BLOWN_BIT_33",530340,"",1,1,"OFF_PS1600",4,"403","","",1,"<=",1,"","<=",1,"P",1.84652,***,"",
4,"eFUSE_burn_readmargin","","BANKA_BURN_BIT_33",530820,"",1,1,"OFF_PS1600",4,"403","","",1,"<=",1,"","<=",1,"P",1.84652,***,"",
4,"eFUSE_burn_readmargin","","BANKA_BIT_BLOWN_TRUE_33",531300,"",1,1,"OFF_PS1600",4,"403","","",1,"<=",1,"","<=",1,"P",1.84652,***,"",
4,"eFUSE_burn_readmargin","","BANKA_READMARGIN_BLOWN_BIT_34",530350,"",1,1,"OFF_PS1600",4,"403","","",1,"<=",1,"","<=",1,"P",1.84652,***,"",
4,"eFUSE_burn_readmargin","","BANKA_BURN_BIT_34",530830,"",1,1,"OFF_PS1600",4,"403","","",1,"<=",1,"","<=",1,"P",1.84652,***,"",
4,"eFUSE_burn_readmargin","","BANKA_BIT_BLOWN_TRUE_34",531310,"",1,1,"OFF_PS1600",4,"403","","",1,"<=",1,"","<=",1,"P",1.84652,***,"",
4,"eFUSE_burn_readmargin","","BANKA_READMARGIN_BLOWN_BIT_35",530360,"",1,1,"OFF_PS1600",4,"403","","",1,"<=",1,"","<=",1,"P",1.84652,***,"",
4,"eFUSE_burn_readmargin","","BANKA_BURN_BIT_35",530840,"",1,1,"OFF_PS1600",4,"403","","",1,"<=",1,"","<=",1,"P",1.84652,***,"",
4,"eFUSE_burn_readmargin","","BANKA_BIT_BLOWN_TRUE_35",531320,"",1,1,"OFF_PS1600",4,"403","","",1,"<=",1,"","<=",1,"P",1.84652,***,"",
4,"eFUSE_burn_readmargin","","BANKA_READMARGIN_UNBLOWN_BIT_36",430370,"",1,1,"OFF_PS1600",4,"403","","",0,"<=",0,"","<=",0,"P",1.84652,***,"",
4,"eFUSE_burn_readmargin","","BANKA_UNBURN_BIT_36",430850,"",1,1,"OFF_PS1600",4,"403","","",0,"<=",0,"","<=",0,"P",1.84652,***,"",
4,"eFUSE_burn_readmargin","","BANKA_BIT_UNBLOWN_TRUE_36",431330,"",1,1,"OFF_PS1600",4,"403","","",1,"<=",1,"","<=",1,"P",1.84652,***,"",
4,"eFUSE_burn_readmargin","","BANKA_READMARGIN_BLOWN_BIT_37",530380,"",1,1,"OFF_PS1600",4,"403","","",1,"<=",1,"","<=",1,"P",23.7395,***,"",
4,"eFUSE_burn_readmargin","","BANKA_BURN_BIT_37",530860,"",1,1,"OFF_PS1600",4,"403","","",1,"<=",1,"","<=",1,"P",23.7395,***,"",
4,"eFUSE_burn_readmargin","","BANKA_BIT_BLOWN_TRUE_37",531340,"",1,1,"OFF_PS1600",4,"403","","",1,"<=",1,"","<=",1,"P",23.7395,***,"",
4,"eFUSE_burn_readmargin","","BANKA_READMARGIN_BLOWN_BIT_38",530390,"",1,1,"OFF_PS1600",4,"403","","",1,"<=",1,"","<=",1,"P",45.769,***,"",
4,"eFUSE_burn_readmargin","","BANKA_BURN_BIT_38",530870,"",1,1,"OFF_PS1600",4,"403","","",1,"<=",1,"","<=",1,"P",45.769,***,"",
4,"eFUSE_burn_readmargin","","BANKA_BIT_BLOWN_TRUE_38",531350,"",1,1,"OFF_PS1600",4,"403","","",1,"<=",1,"","<=",1,"P",45.769,***,"",
4,"eFUSE_burn_readmargin","","BANKA_READMARGIN_BLOWN_BIT_39",530400,"",1,1,"OFF_PS1600",4,"403","","",1,"<=",1,"","<=",1,"P",67.6602,***,"",
4,"eFUSE_burn_readmargin","","BANKA_BURN_BIT_39",530880,"",1,1,"OFF_PS1600",4,"403","","",1,"<=",1,"","<=",1,"P",67.6602,***,"",
4,"eFUSE_burn_readmargin","","BANKA_BIT_BLOWN_TRUE_39",531360,"",1,1,"OFF_PS1600",4,"403","","",1,"<=",1,"","<=",1,"P",67.6602,***,"",
4,"eFUSE_burn_readmargin","","BANKA_READMARGIN_BLOWN_BIT_40",530410,"",1,1,"OFF_PS1600",4,"403","","",1,"<=",1,"","<=",1,"P",1.84652,***,"",
4,"eFUSE_burn_readmargin","","BANKA_BURN_BIT_40",530890,"",1,1,"OFF_PS1600",4,"403","","",1,"<=",1,"","<=",1,"P",1.84652,***,"",
4,"eFUSE_burn_readmargin","","BANKA_BIT_BLOWN_TRUE_40",531370,"",1,1,"OFF_PS1600",4,"403","","",1,"<=",1,"","<=",1,"P",1.84652,***,"",
4,"eFUSE_burn_readmargin","","BANKA_READMARGIN_UNBLOWN_BIT_41",430420,"",1,1,"OFF_PS1600",4,"403","","",0,"<=",0,"","<=",0,"P",1.84652,***,"",
4,"eFUSE_burn_readmargin","","BANKA_UNBURN_BIT_41",430900,"",1,1,"OFF_PS1600",4,"403","","",0,"<=",0,"","<=",0,"P",1.84652,***,"",
4,"eFUSE_burn_readmargin","","BANKA_BIT_UNBLOWN_TRUE_41",431380,"",1,1,"OFF_PS1600",4,"403","","",1,"<=",1,"","<=",1,"P",1.84652,***,"",
4,"eFUSE_burn_readmargin","","BANKA_READMARGIN_BLOWN_BIT_42",530430,"",1,1,"OFF_PS1600",4,"403","","",1,"<=",1,"","<=",1,"P",23.7395,***,"",
4,"eFUSE_burn_readmargin","","BANKA_BURN_BIT_42",530910,"",1,1,"OFF_PS1600",4,"403","","",1,"<=",1,"","<=",1,"P",23.7395,***,"",
4,"eFUSE_burn_readmargin","","BANKA_BIT_BLOWN_TRUE_42",531390,"",1,1,"OFF_PS1600",4,"403","","",1,"<=",1,"","<=",1,"P",23.7395,***,"",
4,"eFUSE_burn_readmargin","","BANKA_READMARGIN_BLOWN_BIT_43",530440,"",1,1,"OFF_PS1600",4,"403","","",1,"<=",1,"","<=",1,"P",28.1464,***,"",
4,"eFUSE_burn_readmargin","","BANKA_BURN_BIT_43",530920,"",1,1,"OFF_PS1600",4,"403","","",1,"<=",1,"","<=",1,"P",28.1464,***,"",
4,"eFUSE_burn_readmargin","","BANKA_BIT_BLOWN_TRUE_43",531400,"",1,1,"OFF_PS1600",4,"403","","",1,"<=",1,"","<=",1,"P",28.1464,***,"",
4,"eFUSE_burn_readmargin","","BANKA_READMARGIN_BLOWN_BIT_44",530450,"",1,1,"OFF_PS1600",4,"403","","",1,"<=",1,"","<=",1,"P",1.70428,***,"",
4,"eFUSE_burn_readmargin","","BANKA_BURN_BIT_44",530930,"",1,1,"OFF_PS1600",4,"403","","",1,"<=",1,"","<=",1,"P",1.70428,***,"",
4,"eFUSE_burn_readmargin","","BANKA_BIT_BLOWN_TRUE_44",531410,"",1,1,"OFF_PS1600",4,"403","","",1,"<=",1,"","<=",1,"P",1.70428,***,"",
4,"eFUSE_burn_readmargin","","BANKA_READMARGIN_UNBLOWN_BIT_45",430460,"",1,1,"OFF_PS1600",4,"403","","",0,"<=",0,"","<=",0,"P",1.78031,***,"",
4,"eFUSE_burn_readmargin","","BANKA_UNBURN_BIT_45",430940,"",1,1,"OFF_PS1600",4,"403","","",0,"<=",0,"","<=",0,"P",1.78031,***,"",
4,"eFUSE_burn_readmargin","","BANKA_BIT_UNBLOWN_TRUE_45",431420,"",1,1,"OFF_PS1600",4,"403","","",1,"<=",1,"","<=",1,"P",1.78031,***,"",
4,"eFUSE_burn_readmargin","","BANKA_READMARGIN_BLOWN_BIT_46",530470,"",1,1,"OFF_PS1600",4,"403","","",1,"<=",1,"","<=",1,"P",28.147,***,"",
4,"eFUSE_burn_readmargin","","BANKA_BURN_BIT_46",530950,"",1,1,"OFF_PS1600",4,"403","","",1,"<=",1,"","<=",1,"P",28.147,***,"",
4,"eFUSE_burn_readmargin","","BANKA_BIT_BLOWN_TRUE_46",531430,"",1,1,"OFF_PS1600",4,"403","","",1,"<=",1,"","<=",1,"P",28.147,***,"",
4,"eFUSE_burn_readmargin","","BANKA_READMARGIN_BLOWN_BIT_47",530480,"",1,1,"OFF_PS1600",4,"403","","",1,"<=",1,"","<=",1,"P",23.7395,***,"",
4,"eFUSE_burn_readmargin","","BANKA_BURN_BIT_47",530960,"",1,1,"OFF_PS1600",4,"403","","",1,"<=",1,"","<=",1,"P",23.7395,***,"",
4,"eFUSE_burn_readmargin","","BANKA_BIT_BLOWN_TRUE_47",531440,"",1,1,"OFF_PS1600",4,"403","","",1,"<=",1,"","<=",1,"P",23.7395,***,"",
4,"eFUSE_burn_readmargin","","BANKB_READMARGIN_UNBLOWN_BIT_0",431450,"",1,1,"OFF_PS1600",4,"403","","",0,"<=",0,"","<=",0,"P",23.7395,***,"",
4,"eFUSE_burn_readmargin","","BANKB_UNBURN_BIT_0",431930,"",1,1,"OFF_PS1600",4,"403","","",0,"<=",0,"","<=",0,"P",23.7395,***,"",
4,"eFUSE_burn_readmargin","","BANKB_BIT_UNBLOWN_TRUE_0",432410,"",1,1,"OFF_PS1600",4,"403","","",1,"<=",1,"","<=",1,"P",23.7395,***,"",
4,"eFUSE_burn_readmargin","","BANKB_READMARGIN_UNBLOWN_BIT_1",431460,"",1,1,"OFF_PS1600",4,"403","","",0,"<=",0,"","<=",0,"P",23.7395,***,"",
4,"eFUSE_burn_readmargin","","BANKB_UNBURN_BIT_1",431940,"",1,1,"OFF_PS1600",4,"403","","",0,"<=",0,"","<=",0,"P",23.7395,***,"",
4,"eFUSE_burn_readmargin","","BANKB_BIT_UNBLOWN_TRUE_1",432420,"",1,1,"OFF_PS1600",4,"403","","",1,"<=",1,"","<=",1,"P",23.7395,***,"",
4,"eFUSE_burn_readmargin","","BANKB_READMARGIN_UNBLOWN_BIT_2",431470,"",1,1,"OFF_PS1600",4,"403","","",0,"<=",0,"","<=",0,"P",23.7395,***,"",
4,"eFUSE_burn_readmargin","","BANKB_UNBURN_BIT_2",431950,"",1,1,"OFF_PS1600",4,"403","","",0,"<=",0,"","<=",0,"P",23.7395,***,"",
4,"eFUSE_burn_readmargin","","BANKB_BIT_UNBLOWN_TRUE_2",432430,"",1,1,"OFF_PS1600",4,"403","","",1,"<=",1,"","<=",1,"P",23.7395,***,"",
4,"eFUSE_burn_readmargin","","BANKB_READMARGIN_UNBLOWN_BIT_3",431480,"",1,1,"OFF_PS1600",4,"403","","",0,"<=",0,"","<=",0,"P",23.7395,***,"",
4,"eFUSE_burn_readmargin","","BANKB_UNBURN_BIT_3",431960,"",1,1,"OFF_PS1600",4,"403","","",0,"<=",0,"","<=",0,"P",23.7395,***,"",
4,"eFUSE_burn_readmargin","","BANKB_BIT_UNBLOWN_TRUE_3",432440,"",1,1,"OFF_PS1600",4,"403","","",1,"<=",1,"","<=",1,"P",23.7395,***,"",
4,"eFUSE_burn_readmargin","","BANKB_READMARGIN_UNBLOWN_BIT_4",431490,"",1,1,"OFF_PS1600",4,"403","","",0,"<=",0,"","<=",0,"P",23.7395,***,"",
4,"eFUSE_burn_readmargin","","BANKB_UNBURN_BIT_4",431970,"",1,1,"OFF_PS1600",4,"403","","",0,"<=",0,"","<=",0,"P",23.7395,***,"",
4,"eFUSE_burn_readmargin","","BANKB_BIT_UNBLOWN_TRUE_4",432450,"",1,1,"OFF_PS1600",4,"403","","",1,"<=",1,"","<=",1,"P",23.7395,***,"",
4,"eFUSE_burn_readmargin","","BANKB_READMARGIN_BLOWN_BIT_5",531500,"",1,1,"OFF_PS1600",4,"403","","",1,"<=",1,"","<=",1,"P",23.7395,***,"",
4,"eFUSE_burn_readmargin","","BANKB_BURN_BIT_5",531980,"",1,1,"OFF_PS1600",4,"403","","",1,"<=",1,"","<=",1,"P",23.7395,***,"",
4,"eFUSE_burn_readmargin","","BANKB_BIT_BLOWN_TRUE_5",532460,"",1,1,"OFF_PS1600",4,"403","","",1,"<=",1,"","<=",1,"P",23.7395,***,"",
4,"eFUSE_burn_readmargin","","BANKB_READMARGIN_UNBLOWN_BIT_6",431510,"",1,1,"OFF_PS1600",4,"403","","",0,"<=",0,"","<=",0,"P",23.7395,***,"",
4,"eFUSE_burn_readmargin","","BANKB_UNBURN_BIT_6",431990,"",1,1,"OFF_PS1600",4,"403","","",0,"<=",0,"","<=",0,"P",23.7395,***,"",
4,"eFUSE_burn_readmargin","","BANKB_BIT_UNBLOWN_TRUE_6",432470,"",1,1,"OFF_PS1600",4,"403","","",1,"<=",1,"","<=",1,"P",23.7395,***,"",
4,"eFUSE_burn_readmargin","","BANKB_READMARGIN_BLOWN_BIT_7",531520,"",1,1,"OFF_PS1600",4,"403","","",1,"<=",1,"","<=",1,"P",34.7531,***,"",
4,"eFUSE_burn_readmargin","","BANKB_BURN_BIT_7",532000,"",1,1,"OFF_PS1600",4,"403","","",1,"<=",1,"","<=",1,"P",34.7531,***,"",
4,"eFUSE_burn_readmargin","","BANKB_BIT_BLOWN_TRUE_7",532480,"",1,1,"OFF_PS1600",4,"403","","",1,"<=",1,"","<=",1,"P",34.7531,***,"",
4,"eFUSE_burn_readmargin","","BANKB_READMARGIN_UNBLOWN_BIT_8",431530,"",1,1,"OFF_PS1600",4,"403","","",0,"<=",0,"","<=",0,"P",1.76467,***,"",
4,"eFUSE_burn_readmargin","","BANKB_UNBURN_BIT_8",432010,"",1,1,"OFF_PS1600",4,"403","","",0,"<=",0,"","<=",0,"P",1.76467,***,"",
4,"eFUSE_burn_readmargin","","BANKB_BIT_UNBLOWN_TRUE_8",432490,"",1,1,"OFF_PS1600",4,"403","","",1,"<=",1,"","<=",1,"P",1.76467,***,"",
4,"eFUSE_burn_readmargin","","BANKB_READMARGIN_UNBLOWN_BIT_9",431540,"",1,1,"OFF_PS1600",4,"403","","",0,"<=",0,"","<=",0,"P",1.76467,***,"",
4,"eFUSE_burn_readmargin","","BANKB_UNBURN_BIT_9",432020,"",1,1,"OFF_PS1600",4,"403","","",0,"<=",0,"","<=",0,"P",1.76467,***,"",
4,"eFUSE_burn_readmargin","","BANKB_BIT_UNBLOWN_TRUE_9",432500,"",1,1,"OFF_PS1600",4,"403","","",1,"<=",1,"","<=",1,"P",1.76467,***,"",
4,"eFUSE_burn_readmargin","","BANKB_READMARGIN_BLOWN_BIT_10",531550,"",1,1,"OFF_PS1600",4,"403","","",1,"<=",1,"","<=",1,"P",1.76467,***,"",
4,"eFUSE_burn_readmargin","","BANKB_BURN_BIT_10",532030,"",1,1,"OFF_PS1600",4,"403","","",1,"<=",1,"","<=",1,"P",1.76467,***,"",
4,"eFUSE_burn_readmargin","","BANKB_BIT_BLOWN_TRUE_10",532510,"",1,1,"OFF_PS1600",4,"403","","",1,"<=",1,"","<=",1,"P",1.76467,***,"",
4,"eFUSE_burn_readmargin","","BANKB_READMARGIN_UNBLOWN_BIT_11",431560,"",1,1,"OFF_PS1600",4,"403","","",0,"<=",0,"","<=",0,"P",34.7523,***,"",
4,"eFUSE_burn_readmargin","","BANKB_UNBURN_BIT_11",432040,"",1,1,"OFF_PS1600",4,"403","","",0,"<=",0,"","<=",0,"P",34.7523,***,"",
4,"eFUSE_burn_readmargin","","BANKB_BIT_UNBLOWN_TRUE_11",432520,"",1,1,"OFF_PS1600",4,"403","","",1,"<=",1,"","<=",1,"P",34.7523,***,"",
4,"eFUSE_burn_readmargin","","BANKB_READMARGIN_BLOWN_BIT_12",531570,"",1,1,"OFF_PS1600",4,"403","","",1,"<=",1,"","<=",1,"P",1.79943,***,"",
4,"eFUSE_burn_readmargin","","BANKB_BURN_BIT_12",532050,"",1,1,"OFF_PS1600",4,"403","","",1,"<=",1,"","<=",1,"P",1.79943,***,"",
4,"eFUSE_burn_readmargin","","BANKB_BIT_BLOWN_TRUE_12",532530,"",1,1,"OFF_PS1600",4,"403","","",1,"<=",1,"","<=",1,"P",1.79943,***,"",
4,"eFUSE_burn_readmargin","","BANKB_READMARGIN_UNBLOWN_BIT_13",431580,"",1,1,"OFF_PS1600",4,"403","","",0,"<=",0,"","<=",0,"P",23.7395,***,"",
4,"eFUSE_burn_readmargin","","BANKB_UNBURN_BIT_13",432060,"",1,1,"OFF_PS1600",4,"403","","",0,"<=",0,"","<=",0,"P",23.7395,***,"",
4,"eFUSE_burn_readmargin","","BANKB_BIT_UNBLOWN_TRUE_13",432540,"",1,1,"OFF_PS1600",4,"403","","",1,"<=",1,"","<=",1,"P",23.7395,***,"",
4,"eFUSE_burn_readmargin","","BANKB_READMARGIN_BLOWN_BIT_14",531590,"",1,1,"OFF_PS1600",4,"403","","",1,"<=",1,"","<=",1,"P",23.7395,***,"",
4,"eFUSE_burn_readmargin","","BANKB_BURN_BIT_14",532070,"",1,1,"OFF_PS1600",4,"403","","",1,"<=",1,"","<=",1,"P",23.7395,***,"",
4,"eFUSE_burn_readmargin","","BANKB_BIT_BLOWN_TRUE_14",532550,"",1,1,"OFF_PS1600",4,"403","","",1,"<=",1,"","<=",1,"P",23.7395,***,"",
4,"eFUSE_burn_readmargin","","BANKB_READMARGIN_BLOWN_BIT_15",531600,"",1,1,"OFF_PS1600",4,"403","","",1,"<=",1,"","<=",1,"P",28.1464,***,"",
4,"eFUSE_burn_readmargin","","BANKB_BURN_BIT_15",532080,"",1,1,"OFF_PS1600",4,"403","","",1,"<=",1,"","<=",1,"P",28.1464,***,"",
4,"eFUSE_burn_readmargin","","BANKB_BIT_BLOWN_TRUE_15",532560,"",1,1,"OFF_PS1600",4,"403","","",1,"<=",1,"","<=",1,"P",28.1464,***,"",
4,"eFUSE_burn_readmargin","","BANKB_READMARGIN_BLOWN_BIT_16",531610,"",1,1,"OFF_PS1600",4,"403","","",1,"<=",1,"","<=",1,"P",23.7395,***,"",
4,"eFUSE_burn_readmargin","","BANKB_BURN_BIT_16",532090,"",1,1,"OFF_PS1600",4,"403","","",1,"<=",1,"","<=",1,"P",23.7395,***,"",
4,"eFUSE_burn_readmargin","","BANKB_BIT_BLOWN_TRUE_16",532570,"",1,1,"OFF_PS1600",4,"403","","",1,"<=",1,"","<=",1,"P",23.7395,***,"",
4,"eFUSE_burn_readmargin","","BANKB_READMARGIN_BLOWN_BIT_17",531620,"",1,1,"OFF_PS1600",4,"403","","",1,"<=",1,"","<=",1,"P",23.7395,***,"",
4,"eFUSE_burn_readmargin","","BANKB_BURN_BIT_17",532100,"",1,1,"OFF_PS1600",4,"403","","",1,"<=",1,"","<=",1,"P",23.7395,***,"",
4,"eFUSE_burn_readmargin","","BANKB_BIT_BLOWN_TRUE_17",532580,"",1,1,"OFF_PS1600",4,"403","","",1,"<=",1,"","<=",1,"P",23.7395,***,"",
4,"eFUSE_burn_readmargin","","BANKB_READMARGIN_UNBLOWN_BIT_18",431630,"",1,1,"OFF_PS1600",4,"403","","",0,"<=",0,"","<=",0,"P",23.7395,***,"",
4,"eFUSE_burn_readmargin","","BANKB_UNBURN_BIT_18",432110,"",1,1,"OFF_PS1600",4,"403","","",0,"<=",0,"","<=",0,"P",23.7395,***,"",
4,"eFUSE_burn_readmargin","","BANKB_BIT_UNBLOWN_TRUE_18",432590,"",1,1,"OFF_PS1600",4,"403","","",1,"<=",1,"","<=",1,"P",23.7395,***,"",
4,"eFUSE_burn_readmargin","","BANKB_READMARGIN_UNBLOWN_BIT_19",431640,"",1,1,"OFF_PS1600",4,"403","","",0,"<=",0,"","<=",0,"P",23.7395,***,"",
4,"eFUSE_burn_readmargin","","BANKB_UNBURN_BIT_19",432120,"",1,1,"OFF_PS1600",4,"403","","",0,"<=",0,"","<=",0,"P",23.7395,***,"",
4,"eFUSE_burn_readmargin","","BANKB_BIT_UNBLOWN_TRUE_19",432600,"",1,1,"OFF_PS1600",4,"403","","",1,"<=",1,"","<=",1,"P",23.7395,***,"",
4,"eFUSE_burn_readmargin","","BANKB_READMARGIN_UNBLOWN_BIT_20",431650,"",1,1,"OFF_PS1600",4,"403","","",0,"<=",0,"","<=",0,"P",23.7395,***,"",
4,"eFUSE_burn_readmargin","","BANKB_UNBURN_BIT_20",432130,"",1,1,"OFF_PS1600",4,"403","","",0,"<=",0,"","<=",0,"P",23.7395,***,"",
4,"eFUSE_burn_readmargin","","BANKB_BIT_UNBLOWN_TRUE_20",432610,"",1,1,"OFF_PS1600",4,"403","","",1,"<=",1,"","<=",1,"P",23.7395,***,"",
4,"eFUSE_burn_readmargin","","BANKB_READMARGIN_UNBLOWN_BIT_21",431660,"",1,1,"OFF_PS1600",4,"403","","",0,"<=",0,"","<=",0,"P",23.7395,***,"",
4,"eFUSE_burn_readmargin","","BANKB_UNBURN_BIT_21",432140,"",1,1,"OFF_PS1600",4,"403","","",0,"<=",0,"","<=",0,"P",23.7395,***,"",
4,"eFUSE_burn_readmargin","","BANKB_BIT_UNBLOWN_TRUE_21",432620,"",1,1,"OFF_PS1600",4,"403","","",1,"<=",1,"","<=",1,"P",23.7395,***,"",
4,"eFUSE_burn_readmargin","","BANKB_READMARGIN_UNBLOWN_BIT_22",431670,"",1,1,"OFF_PS1600",4,"403","","",0,"<=",0,"","<=",0,"P",23.7395,***,"",
4,"eFUSE_burn_readmargin","","BANKB_UNBURN_BIT_22",432150,"",1,1,"OFF_PS1600",4,"403","","",0,"<=",0,"","<=",0,"P",23.7395,***,"",
4,"eFUSE_burn_readmargin","","BANKB_BIT_UNBLOWN_TRUE_22",432630,"",1,1,"OFF_PS1600",4,"403","","",1,"<=",1,"","<=",1,"P",23.7395,***,"",
4,"eFUSE_burn_readmargin","","BANKB_READMARGIN_UNBLOWN_BIT_23",431680,"",1,1,"OFF_PS1600",4,"403","","",0,"<=",0,"","<=",0,"P",23.7395,***,"",
4,"eFUSE_burn_readmargin","","BANKB_UNBURN_BIT_23",432160,"",1,1,"OFF_PS1600",4,"403","","",0,"<=",0,"","<=",0,"P",23.7395,***,"",
4,"eFUSE_burn_readmargin","","BANKB_BIT_UNBLOWN_TRUE_23",432640,"",1,1,"OFF_PS1600",4,"403","","",1,"<=",1,"","<=",1,"P",23.7395,***,"",
4,"eFUSE_burn_readmargin","","BANKB_READMARGIN_BLOWN_BIT_24",531690,"",1,1,"OFF_PS1600",4,"403","","",1,"<=",1,"","<=",1,"P",1.70644,***,"",
4,"eFUSE_burn_readmargin","","BANKB_BURN_BIT_24",532170,"",1,1,"OFF_PS1600",4,"403","","",1,"<=",1,"","<=",1,"P",1.70644,***,"",
4,"eFUSE_burn_readmargin","","BANKB_BIT_BLOWN_TRUE_24",532650,"",1,1,"OFF_PS1600",4,"403","","",1,"<=",1,"","<=",1,"P",1.70644,***,"",
4,"eFUSE_burn_readmargin","","BANKB_READMARGIN_UNBLOWN_BIT_25",431700,"",1,1,"OFF_PS1600",4,"403","","",0,"<=",0,"","<=",0,"P",23.7395,***,"",
4,"eFUSE_burn_readmargin","","BANKB_UNBURN_BIT_25",432180,"",1,1,"OFF_PS1600",4,"403","","",0,"<=",0,"","<=",0,"P",23.7395,***,"",
4,"eFUSE_burn_readmargin","","BANKB_BIT_UNBLOWN_TRUE_25",432660,"",1,1,"OFF_PS1600",4,"403","","",1,"<=",1,"","<=",1,"P",23.7395,***,"",
4,"eFUSE_burn_readmargin","","BANKB_READMARGIN_BLOWN_BIT_26",531710,"",1,1,"OFF_PS1600",4,"403","","",1,"<=",1,"","<=",1,"P",23.7395,***,"",
4,"eFUSE_burn_readmargin","","BANKB_BURN_BIT_26",532190,"",1,1,"OFF_PS1600",4,"403","","",1,"<=",1,"","<=",1,"P",23.7395,***,"",
4,"eFUSE_burn_readmargin","","BANKB_BIT_BLOWN_TRUE_26",532670,"",1,1,"OFF_PS1600",4,"403","","",1,"<=",1,"","<=",1,"P",23.7395,***,"",
4,"eFUSE_burn_readmargin","","BANKB_READMARGIN_BLOWN_BIT_27",531720,"",1,1,"OFF_PS1600",4,"403","","",1,"<=",1,"","<=",1,"P",23.7395,***,"",
4,"eFUSE_burn_readmargin","","BANKB_BURN_BIT_27",532200,"",1,1,"OFF_PS1600",4,"403","","",1,"<=",1,"","<=",1,"P",23.7395,***,"",
4,"eFUSE_burn_readmargin","","BANKB_BIT_BLOWN_TRUE_27",532680,"",1,1,"OFF_PS1600",4,"403","","",1,"<=",1,"","<=",1,"P",23.7395,***,"",
4,"eFUSE_burn_readmargin","","BANKB_READMARGIN_UNBLOWN_BIT_28",431730,"",1,1,"OFF_PS1600",4,"403","","",0,"<=",0,"","<=",0,"P",23.7395,***,"",
4,"eFUSE_burn_readmargin","","BANKB_UNBURN_BIT_28",432210,"",1,1,"OFF_PS1600",4,"403","","",0,"<=",0,"","<=",0,"P",23.7395,***,"",
4,"eFUSE_burn_readmargin","","BANKB_BIT_UNBLOWN_TRUE_28",432690,"",1,1,"OFF_PS1600",4,"403","","",1,"<=",1,"","<=",1,"P",23.7395,***,"",
4,"eFUSE_burn_readmargin","","BANKB_READMARGIN_UNBLOWN_BIT_29",431740,"",1,1,"OFF_PS1600",4,"403","","",0,"<=",0,"","<=",0,"P",1.80532,***,"",
4,"eFUSE_burn_readmargin","","BANKB_UNBURN_BIT_29",432220,"",1,1,"OFF_PS1600",4,"403","","",0,"<=",0,"","<=",0,"P",1.80532,***,"",
4,"eFUSE_burn_readmargin","","BANKB_BIT_UNBLOWN_TRUE_29",432700,"",1,1,"OFF_PS1600",4,"403","","",1,"<=",1,"","<=",1,"P",1.80532,***,"",
4,"eFUSE_burn_readmargin","","BANKB_READMARGIN_BLOWN_BIT_30",531750,"",1,1,"OFF_PS1600",4,"403","","",1,"<=",1,"","<=",1,"P",1.79943,***,"",
4,"eFUSE_burn_readmargin","","BANKB_BURN_BIT_30",532230,"",1,1,"OFF_PS1600",4,"403","","",1,"<=",1,"","<=",1,"P",1.79943,***,"",
4,"eFUSE_burn_readmargin","","BANKB_BIT_BLOWN_TRUE_30",532710,"",1,1,"OFF_PS1600",4,"403","","",1,"<=",1,"","<=",1,"P",1.79943,***,"",
4,"eFUSE_burn_readmargin","","BANKB_READMARGIN_UNBLOWN_BIT_31",431760,"",1,1,"OFF_PS1600",4,"403","","",0,"<=",0,"","<=",0,"P",1.84652,***,"",
4,"eFUSE_burn_readmargin","","BANKB_UNBURN_BIT_31",432240,"",1,1,"OFF_PS1600",4,"403","","",0,"<=",0,"","<=",0,"P",1.84652,***,"",
4,"eFUSE_burn_readmargin","","BANKB_BIT_UNBLOWN_TRUE_31",432720,"",1,1,"OFF_PS1600",4,"403","","",1,"<=",1,"","<=",1,"P",1.84652,***,"",
4,"eFUSE_burn_readmargin","","BANKB_READMARGIN_BLOWN_BIT_32",531770,"",1,1,"OFF_PS1600",4,"403","","",1,"<=",1,"","<=",1,"P",1.84652,***,"",
4,"eFUSE_burn_readmargin","","BANKB_BURN_BIT_32",532250,"",1,1,"OFF_PS1600",4,"403","","",1,"<=",1,"","<=",1,"P",1.84652,***,"",
4,"eFUSE_burn_readmargin","","BANKB_BIT_BLOWN_TRUE_32",532730,"",1,1,"OFF_PS1600",4,"403","","",1,"<=",1,"","<=",1,"P",1.84652,***,"",
4,"eFUSE_burn_readmargin","","BANKB_READMARGIN_BLOWN_BIT_33",531780,"",1,1,"OFF_PS1600",4,"403","","",1,"<=",1,"","<=",1,"P",1.84652,***,"",
4,"eFUSE_burn_readmargin","","BANKB_BURN_BIT_33",532260,"",1,1,"OFF_PS1600",4,"403","","",1,"<=",1,"","<=",1,"P",1.84652,***,"",
4,"eFUSE_burn_readmargin","","BANKB_BIT_BLOWN_TRUE_33",532740,"",1,1,"OFF_PS1600",4,"403","","",1,"<=",1,"","<=",1,"P",1.84652,***,"",
4,"eFUSE_burn_readmargin","","BANKB_READMARGIN_BLOWN_BIT_34",531790,"",1,1,"OFF_PS1600",4,"403","","",1,"<=",1,"","<=",1,"P",1.84652,***,"",
4,"eFUSE_burn_readmargin","","BANKB_BURN_BIT_34",532270,"",1,1,"OFF_PS1600",4,"403","","",1,"<=",1,"","<=",1,"P",1.84652,***,"",
4,"eFUSE_burn_readmargin","","BANKB_BIT_BLOWN_TRUE_34",532750,"",1,1,"OFF_PS1600",4,"403","","",1,"<=",1,"","<=",1,"P",1.84652,***,"",
4,"eFUSE_burn_readmargin","","BANKB_READMARGIN_BLOWN_BIT_35",531800,"",1,1,"OFF_PS1600",4,"403","","",1,"<=",1,"","<=",1,"P",1.84652,***,"",
4,"eFUSE_burn_readmargin","","BANKB_BURN_BIT_35",532280,"",1,1,"OFF_PS1600",4,"403","","",1,"<=",1,"","<=",1,"P",1.84652,***,"",
4,"eFUSE_burn_readmargin","","BANKB_BIT_BLOWN_TRUE_35",532760,"",1,1,"OFF_PS1600",4,"403","","",1,"<=",1,"","<=",1,"P",1.84652,***,"",
4,"eFUSE_burn_readmargin","","BANKB_READMARGIN_UNBLOWN_BIT_36",431810,"",1,1,"OFF_PS1600",4,"403","","",0,"<=",0,"","<=",0,"P",1.84652,***,"",
4,"eFUSE_burn_readmargin","","BANKB_UNBURN_BIT_36",432290,"",1,1,"OFF_PS1600",4,"403","","",0,"<=",0,"","<=",0,"P",1.84652,***,"",
4,"eFUSE_burn_readmargin","","BANKB_BIT_UNBLOWN_TRUE_36",432770,"",1,1,"OFF_PS1600",4,"403","","",1,"<=",1,"","<=",1,"P",1.84652,***,"",
4,"eFUSE_burn_readmargin","","BANKB_READMARGIN_BLOWN_BIT_37",531820,"",1,1,"OFF_PS1600",4,"403","","",1,"<=",1,"","<=",1,"P",23.7395,***,"",
4,"eFUSE_burn_readmargin","","BANKB_BURN_BIT_37",532300,"",1,1,"OFF_PS1600",4,"403","","",1,"<=",1,"","<=",1,"P",23.7395,***,"",
4,"eFUSE_burn_readmargin","","BANKB_BIT_BLOWN_TRUE_37",532780,"",1,1,"OFF_PS1600",4,"403","","",1,"<=",1,"","<=",1,"P",23.7395,***,"",
4,"eFUSE_burn_readmargin","","BANKB_READMARGIN_BLOWN_BIT_38",531830,"",1,1,"OFF_PS1600",4,"403","","",1,"<=",1,"","<=",1,"P",45.769,***,"",
4,"eFUSE_burn_readmargin","","BANKB_BURN_BIT_38",532310,"",1,1,"OFF_PS1600",4,"403","","",1,"<=",1,"","<=",1,"P",45.769,***,"",
4,"eFUSE_burn_readmargin","","BANKB_BIT_BLOWN_TRUE_38",532790,"",1,1,"OFF_PS1600",4,"403","","",1,"<=",1,"","<=",1,"P",45.769,***,"",
4,"eFUSE_burn_readmargin","","BANKB_READMARGIN_BLOWN_BIT_39",531840,"",1,1,"OFF_PS1600",4,"403","","",1,"<=",1,"","<=",1,"P",67.6602,***,"",
4,"eFUSE_burn_readmargin","","BANKB_BURN_BIT_39",532320,"",1,1,"OFF_PS1600",4,"403","","",1,"<=",1,"","<=",1,"P",67.6602,***,"",
4,"eFUSE_burn_readmargin","","BANKB_BIT_BLOWN_TRUE_39",532800,"",1,1,"OFF_PS1600",4,"403","","",1,"<=",1,"","<=",1,"P",67.6602,***,"",
4,"eFUSE_burn_readmargin","","BANKB_READMARGIN_BLOWN_BIT_40",531850,"",1,1,"OFF_PS1600",4,"403","","",1,"<=",1,"","<=",1,"P",1.84652,***,"",
4,"eFUSE_burn_readmargin","","BANKB_BURN_BIT_40",532330,"",1,1,"OFF_PS1600",4,"403","","",1,"<=",1,"","<=",1,"P",1.84652,***,"",
4,"eFUSE_burn_readmargin","","BANKB_BIT_BLOWN_TRUE_40",532810,"",1,1,"OFF_PS1600",4,"403","","",1,"<=",1,"","<=",1,"P",1.84652,***,"",
4,"eFUSE_burn_readmargin","","BANKB_READMARGIN_UNBLOWN_BIT_41",431860,"",1,1,"OFF_PS1600",4,"403","","",0,"<=",0,"","<=",0,"P",1.84652,***,"",
4,"eFUSE_burn_readmargin","","BANKB_UNBURN_BIT_41",432340,"",1,1,"OFF_PS1600",4,"403","","",0,"<=",0,"","<=",0,"P",1.84652,***,"",
4,"eFUSE_burn_readmargin","","BANKB_BIT_UNBLOWN_TRUE_41",432820,"",1,1,"OFF_PS1600",4,"403","","",1,"<=",1,"","<=",1,"P",1.84652,***,"",
4,"eFUSE_burn_readmargin","","BANKB_READMARGIN_BLOWN_BIT_42",531870,"",1,1,"OFF_PS1600",4,"403","","",1,"<=",1,"","<=",1,"P",23.7395,***,"",
4,"eFUSE_burn_readmargin","","BANKB_BURN_BIT_42",532350,"",1,1,"OFF_PS1600",4,"403","","",1,"<=",1,"","<=",1,"P",23.7395,***,"",
4,"eFUSE_burn_readmargin","","BANKB_BIT_BLOWN_TRUE_42",532830,"",1,1,"OFF_PS1600",4,"403","","",1,"<=",1,"","<=",1,"P",23.7395,***,"",
4,"eFUSE_burn_readmargin","","BANKB_READMARGIN_BLOWN_BIT_43",531880,"",1,1,"OFF_PS1600",4,"403","","",1,"<=",1,"","<=",1,"P",28.1464,***,"",
4,"eFUSE_burn_readmargin","","BANKB_BURN_BIT_43",532360,"",1,1,"OFF_PS1600",4,"403","","",1,"<=",1,"","<=",1,"P",28.1464,***,"",
4,"eFUSE_burn_readmargin","","BANKB_BIT_BLOWN_TRUE_43",532840,"",1,1,"OFF_PS1600",4,"403","","",1,"<=",1,"","<=",1,"P",28.1464,***,"",
4,"eFUSE_burn_readmargin","","BANKB_READMARGIN_BLOWN_BIT_44",531890,"",1,1,"OFF_PS1600",4,"403","","",1,"<=",1,"","<=",1,"P",1.70428,***,"",
4,"eFUSE_burn_readmargin","","BANKB_BURN_BIT_44",532370,"",1,1,"OFF_PS1600",4,"403","","",1,"<=",1,"","<=",1,"P",1.70428,***,"",
4,"eFUSE_burn_readmargin","","BANKB_BIT_BLOWN_TRUE_44",532850,"",1,1,"OFF_PS1600",4,"403","","",1,"<=",1,"","<=",1,"P",1.70428,***,"",
4,"eFUSE_burn_readmargin","","BANKB_READMARGIN_UNBLOWN_BIT_45",431900,"",1,1,"OFF_PS1600",4,"403","","",0,"<=",0,"","<=",0,"P",1.78031,***,"",
4,"eFUSE_burn_readmargin","","BANKB_UNBURN_BIT_45",432380,"",1,1,"OFF_PS1600",4,"403","","",0,"<=",0,"","<=",0,"P",1.78031,***,"",
4,"eFUSE_burn_readmargin","","BANKB_BIT_UNBLOWN_TRUE_45",432860,"",1,1,"OFF_PS1600",4,"403","","",1,"<=",1,"","<=",1,"P",1.78031,***,"",
4,"eFUSE_burn_readmargin","","BANKB_READMARGIN_BLOWN_BIT_46",531910,"",1,1,"OFF_PS1600",4,"403","","",1,"<=",1,"","<=",1,"P",28.147,***,"",
4,"eFUSE_burn_readmargin","","BANKB_BURN_BIT_46",532390,"",1,1,"OFF_PS1600",4,"403","","",1,"<=",1,"","<=",1,"P",28.147,***,"",
4,"eFUSE_burn_readmargin","","BANKB_BIT_BLOWN_TRUE_46",532870,"",1,1,"OFF_PS1600",4,"403","","",1,"<=",1,"","<=",1,"P",28.147,***,"",
4,"eFUSE_burn_readmargin","","BANKB_READMARGIN_BLOWN_BIT_47",531920,"",1,1,"OFF_PS1600",4,"403","","",1,"<=",1,"","<=",1,"P",23.7395,***,"",
4,"eFUSE_burn_readmargin","","BANKB_BURN_BIT_47",532400,"",1,1,"OFF_PS1600",4,"403","","",1,"<=",1,"","<=",1,"P",23.7395,***,"",
4,"eFUSE_burn_readmargin","","BANKB_BIT_BLOWN_TRUE_47",532880,"",1,1,"OFF_PS1600",4,"403","","",1,"<=",1,"","<=",1,"P",23.7395,***,"",
4,"POST_BURN_PASS_FET_LEAKAGE","","POST_Forward_Leakage_FET",470030,"",1,1,"ISEN_PS1600",4,"403","","",-20,"<=",-3,"nA","<=",20,"P",0.180283,***,"",
4,"POST_BURN_PASS_FET_LEAKAGE","","POST_Reverse_Leakage_FET",470040,"",1,1,"ISEN_PS1600",4,"403","","",-20,"<=",-4,"nA","<=",20,"P",0.180283,***,"",
4,"POST_BURN_PASS_FET_LEAKAGE","","Delta_Forward_Leakage_FET",470050,"",1,1,"ISEN_PS1600",4,"403","","",-20,"<=",-2,"nA","<=",20,"P",0.180283,***,"",
4,"POST_BURN_PASS_FET_LEAKAGE","","Delta_Reverse_Leakage_FET",470060,"",1,1,"ISEN_PS1600",4,"403","","",-20,"<=",-2,"nA","<=",20,"P",0.180283,***,"",
4,"POST_EFUSE_RESISTANCE","","POST_BANKA_EFUSE_RESISTANCE_BLOWN_BIT47",590001,"",1,1,"ISEN_PS1600",4,"403","","",3500,"<=",69890.2,"ohms","<=",85000,"P",26.3014,***,"",
4,"POST_EFUSE_RESISTANCE","","POST_BANKA_EFUSE_RESISTANCE_BLOWN_BIT46",590002,"",1,1,"ISEN_PS1600",4,"403","","",3500,"<=",69890.2,"ohms","<=",85000,"P",30.9562,***,"",
4,"POST_EFUSE_RESISTANCE","","POST_BANKA_EFUSE_RESISTANCE_UNBLOWN_BIT45",490003,"",1,1,"ISEN_PS1600",4,"403","","",65,"<=",79.6,"ohms","<=",200,"P",3.10446,***,"",
4,"POST_EFUSE_RESISTANCE","","POST_BANKA_EFUSE_RESISTANCE_BLOWN_BIT44",590004,"",1,1,"ISEN_PS1600",4,"403","","",3500,"<=",69890.2,"ohms","<=",85000,"P",3.03192,***,"",
4,"POST_EFUSE_RESISTANCE","","POST_BANKA_EFUSE_RESISTANCE_BLOWN_BIT43",590005,"",1,1,"ISEN_PS1600",4,"403","","",3500,"<=",69901.6,"ohms","<=",85000,"P",30.9575,***,"",
4,"POST_EFUSE_RESISTANCE","","POST_BANKA_EFUSE_RESISTANCE_BLOWN_BIT42",590006,"",1,1,"ISEN_PS1600",4,"403","","",3500,"<=",69548.8,"ohms","<=",85000,"P",26.3014,***,"",
4,"POST_EFUSE_RESISTANCE","","POST_BANKA_EFUSE_RESISTANCE_UNBLOWN_BIT41",490007,"",1,1,"ISEN_PS1600",4,"403","","",65,"<=",79.6,"ohms","<=",200,"P",3.17928,***,"",
4,"POST_EFUSE_RESISTANCE","","POST_BANKA_EFUSE_RESISTANCE_BLOWN_BIT40",590008,"",1,1,"ISEN_PS1600",4,"403","","",3500,"<=",48820.6,"ohms","<=",85000,"P",3.17928,***,"",
4,"POST_EFUSE_RESISTANCE","","POST_BANKA_EFUSE_RESISTANCE_BLOWN_BIT39",590009,"",1,1,"ISEN_PS1600",4,"403","","",3500,"<=",69901.6,"ohms","<=",85000,"P",72.6995,***,"",
4,"POST_EFUSE_RESISTANCE","","POST_BANKA_EFUSE_RESISTANCE_BLOWN_BIT38",590010,"",1,1,"ISEN_PS1600",4,"403","","",3500,"<=",29663.6,"ohms","<=",85000,"P",49.5738,***,"",
4,"POST_EFUSE_RESISTANCE","","POST_BANKA_EFUSE_RESISTANCE_BLOWN_BIT37",590011,"",1,1,"ISEN_PS1600",4,"403","","",3500,"<=",6032.8,"ohms","<=",85000,"P",26.3014,***,"",
4,"POST_EFUSE_RESISTANCE","","POST_BANKA_EFUSE_RESISTANCE_UNBLOWN_BIT36",490012,"",1,1,"ISEN_PS1600",4,"403","","",65,"<=",79.6,"ohms","<=",200,"P",3.17928,***,"",
4,"POST_EFUSE_RESISTANCE","","POST_BANKA_EFUSE_RESISTANCE_BLOWN_BIT35",590013,"",1,1,"ISEN_PS1600",4,"403","","",3500,"<=",34717.6,"ohms","<=",85000,"P",3.17928,***,"",
4,"POST_EFUSE_RESISTANCE","","POST_BANKA_EFUSE_RESISTANCE_BLOWN_BIT34",590014,"",1,1,"ISEN_PS1600",4,"403","","",3500,"<=",8241,"ohms","<=",85000,"P",3.17928,***,"",
4,"POST_EFUSE_RESISTANCE","","POST_BANKA_EFUSE_RESISTANCE_BLOWN_BIT33",590015,"",1,1,"ISEN_PS1600",4,"403","","",3500,"<=",69787.8,"ohms","<=",85000,"P",3.17928,***,"",
4,"POST_EFUSE_RESISTANCE","","POST_BANKA_EFUSE_RESISTANCE_BLOWN_BIT32",590016,"",1,1,"ISEN_PS1600",4,"403","","",3500,"<=",3756.2,"ohms","<=",85000,"P",3.17928,***,"",
4,"POST_EFUSE_RESISTANCE","","POST_BANKA_EFUSE_RESISTANCE_UNBLOWN_BIT31",490017,"",1,1,"ISEN_PS1600",4,"403","","",65,"<=",79.6,"ohms","<=",200,"P",3.17928,***,"",
4,"POST_EFUSE_RESISTANCE","","POST_BANKA_EFUSE_RESISTANCE_BLOWN_BIT30",590018,"",1,1,"ISEN_PS1600",4,"403","","",3500,"<=",7159.8,"ohms","<=",85000,"P",3.12652,***,"",
4,"POST_EFUSE_RESISTANCE","","POST_BANKA_EFUSE_RESISTANCE_UNBLOWN_BIT29",490019,"",1,1,"ISEN_PS1600",4,"403","","",65,"<=",79.6,"ohms","<=",200,"P",3.13227,***,"",
4,"POST_EFUSE_RESISTANCE","","POST_BANKA_EFUSE_RESISTANCE_UNBLOWN_BIT28",490020,"",1,1,"ISEN_PS1600",4,"403","","",65,"<=",79.6,"ohms","<=",200,"P",26.3014,***,"",
4,"POST_EFUSE_RESISTANCE","","POST_BANKA_EFUSE_RESISTANCE_BLOWN_BIT27",590021,"",1,1,"ISEN_PS1600",4,"403","","",3500,"<=",3813.4,"ohms","<=",85000,"P",26.3014,***,"",
4,"POST_EFUSE_RESISTANCE","","POST_BANKA_EFUSE_RESISTANCE_BLOWN_BIT26",590022,"",1,1,"ISEN_PS1600",4,"403","","",3500,"<=",69901.8,"ohms","<=",85000,"P",26.3014,***,"",
4,"POST_EFUSE_RESISTANCE","","POST_BANKA_EFUSE_RESISTANCE_UNBLOWN_BIT25",490023,"",1,1,"ISEN_PS1600",4,"403","","",65,"<=",79.6,"ohms","<=",200,"P",26.3014,***,"",
4,"POST_EFUSE_RESISTANCE","","POST_BANKA_EFUSE_RESISTANCE_BLOWN_BIT24",590024,"",1,1,"ISEN_PS1600",4,"403","","",3500,"<=",44119.6,"ohms","<=",85000,"P",3.03601,***,"",
4,"POST_EFUSE_RESISTANCE","","POST_BANKA_EFUSE_RESISTANCE_UNBLOWN_BIT23",490025,"",1,1,"ISEN_PS1600",4,"403","","",65,"<=",91,"ohms","<=",200,"P",26.3014,***,"",
4,"POST_EFUSE_RESISTANCE","","POST_BANKA_EFUSE_RESISTANCE_UNBLOWN_BIT22",490026,"",1,1,"ISEN_PS1600",4,"403","","",65,"<=",79.6,"ohms","<=",200,"P",26.3014,***,"",
4,"POST_EFUSE_RESISTANCE","","POST_BANKA_EFUSE_RESISTANCE_UNBLOWN_BIT21",490027,"",1,1,"ISEN_PS1600",4,"403","","",65,"<=",79.6,"ohms","<=",200,"P",26.3014,***,"",
4,"POST_EFUSE_RESISTANCE","","POST_BANKA_EFUSE_RESISTANCE_UNBLOWN_BIT20",490028,"",1,1,"ISEN_PS1600",4,"403","","",65,"<=",79.6,"ohms","<=",200,"P",26.3014,***,"",
4,"POST_EFUSE_RESISTANCE","","POST_BANKA_EFUSE_RESISTANCE_UNBLOWN_BIT19",490029,"",1,1,"ISEN_PS1600",4,"403","","",65,"<=",79.6,"ohms","<=",200,"P",26.3014,***,"",
4,"POST_EFUSE_RESISTANCE","","POST_BANKA_EFUSE_RESISTANCE_UNBLOWN_BIT18",490030,"",1,1,"ISEN_PS1600",4,"403","","",65,"<=",79.6,"ohms","<=",200,"P",26.3014,***,"",
4,"POST_EFUSE_RESISTANCE","","POST_BANKA_EFUSE_RESISTANCE_BLOWN_BIT17",590031,"",1,1,"ISEN_PS1600",4,"403","","",3500,"<=",69890.4,"ohms","<=",85000,"P",26.3014,***,"",
4,"POST_EFUSE_RESISTANCE","","POST_BANKA_EFUSE_RESISTANCE_BLOWN_BIT16",590032,"",1,1,"ISEN_PS1600",4,"403","","",3500,"<=",55081.2,"ohms","<=",85000,"P",26.3014,***,"",
4,"POST_EFUSE_RESISTANCE","","POST_BANKA_EFUSE_RESISTANCE_BLOWN_BIT15",590033,"",1,1,"ISEN_PS1600",4,"403","","",3500,"<=",48297.2,"ohms","<=",85000,"P",30.9575,***,"",
4,"POST_EFUSE_RESISTANCE","","POST_BANKA_EFUSE_RESISTANCE_BLOWN_BIT14",590034,"",1,1,"ISEN_PS1600",4,"403","","",3500,"<=",40682.2,"ohms","<=",85000,"P",26.3014,***,"",
4,"POST_EFUSE_RESISTANCE","","POST_BANKA_EFUSE_RESISTANCE_UNBLOWN_BIT13",490035,"",1,1,"ISEN_PS1600",4,"403","","",65,"<=",79.6,"ohms","<=",200,"P",26.3014,***,"",
4,"POST_EFUSE_RESISTANCE","","POST_BANKA_EFUSE_RESISTANCE_BLOWN_BIT12",590036,"",1,1,"ISEN_PS1600",4,"403","","",3500,"<=",3619.6,"ohms","<=",85000,"P",3.12652,***,"",
4,"POST_EFUSE_RESISTANCE","","POST_BANKA_EFUSE_RESISTANCE_UNBLOWN_BIT11",490037,"",1,1,"ISEN_PS1600",4,"403","","",65,"<=",79.6,"ohms","<=",200,"P",37.9373,***,"",
4,"POST_EFUSE_RESISTANCE","","POST_BANKA_EFUSE_RESISTANCE_BLOWN_BIT10",590038,"",1,1,"ISEN_PS1600",4,"403","","",3500,"<=",69526,"ohms","<=",85000,"P",3.08913,***,"",
4,"POST_EFUSE_RESISTANCE","","POST_BANKA_EFUSE_RESISTANCE_UNBLOWN_BIT9",490039,"",1,1,"ISEN_PS1600",4,"403","","",65,"<=",79.6,"ohms","<=",200,"P",3.08913,***,"",
4,"POST_EFUSE_RESISTANCE","","POST_BANKA_EFUSE_RESISTANCE_UNBLOWN_BIT8",490040,"",1,1,"ISEN_PS1600",4,"403","","",65,"<=",79.6,"ohms","<=",200,"P",3.08913,***,"",
4,"POST_EFUSE_RESISTANCE","","POST_BANKA_EFUSE_RESISTANCE_BLOWN_BIT7",590041,"",1,1,"ISEN_PS1600",4,"403","","",3500,"<=",54910.4,"ohms","<=",85000,"P",37.9356,***,"",
4,"POST_EFUSE_RESISTANCE","","POST_BANKA_EFUSE_RESISTANCE_UNBLOWN_BIT6",490042,"",1,1,"ISEN_PS1600",4,"403","","",65,"<=",79.6,"ohms","<=",200,"P",26.3014,***,"",
4,"POST_EFUSE_RESISTANCE","","POST_BANKA_EFUSE_RESISTANCE_BLOWN_BIT5",590043,"",1,1,"ISEN_PS1600",4,"403","","",3500,"<=",53556,"ohms","<=",85000,"P",26.3014,***,"",
4,"POST_EFUSE_RESISTANCE","","POST_BANKA_EFUSE_RESISTANCE_UNBLOWN_BIT4",490044,"",1,1,"ISEN_PS1600",4,"403","","",65,"<=",79.6,"ohms","<=",200,"P",26.3014,***,"",
4,"POST_EFUSE_RESISTANCE","","POST_BANKA_EFUSE_RESISTANCE_UNBLOWN_BIT3",490045,"",1,1,"ISEN_PS1600",4,"403","","",65,"<=",79.6,"ohms","<=",200,"P",26.3014,***,"",
4,"POST_EFUSE_RESISTANCE","","POST_BANKA_EFUSE_RESISTANCE_UNBLOWN_BIT2",490046,"",1,1,"ISEN_PS1600",4,"403","","",65,"<=",79.6,"ohms","<=",200,"P",26.3014,***,"",
4,"POST_EFUSE_RESISTANCE","","POST_BANKA_EFUSE_RESISTANCE_UNBLOWN_BIT1",490047,"",1,1,"ISEN_PS1600",4,"403","","",65,"<=",79.6,"ohms","<=",200,"P",26.3014,***,"",
4,"POST_EFUSE_RESISTANCE","","POST_BANKA_EFUSE_RESISTANCE_UNBLOWN_BIT0",490048,"",1,1,"ISEN_PS1600",4,"403","","",65,"<=",79.6,"ohms","<=",200,"P",26.3014,***,"",
4,"POST_EFUSE_RESISTANCE","","POST_BANKB_EFUSE_RESISTANCE_BLOWN_BIT47",590049,"",1,1,"ISEN_PS1600",4,"403","","",3500,"<=",69913,"ohms","<=",85000,"P",26.3014,***,"",
4,"POST_EFUSE_RESISTANCE","","POST_BANKB_EFUSE_RESISTANCE_BLOWN_BIT46",590050,"",1,1,"ISEN_PS1600",4,"403","","",3500,"<=",69901.6,"ohms","<=",85000,"P",30.9562,***,"",
4,"POST_EFUSE_RESISTANCE","","POST_BANKB_EFUSE_RESISTANCE_UNBLOWN_BIT45",490051,"",1,1,"ISEN_PS1600",4,"403","","",65,"<=",79.6,"ohms","<=",200,"P",3.10446,***,"",
4,"POST_EFUSE_RESISTANCE","","POST_BANKB_EFUSE_RESISTANCE_BLOWN_BIT44",590052,"",1,1,"ISEN_PS1600",4,"403","","",3500,"<=",57209.8,"ohms","<=",85000,"P",3.03192,***,"",
4,"POST_EFUSE_RESISTANCE","","POST_BANKB_EFUSE_RESISTANCE_BLOWN_BIT43",590053,"",1,1,"ISEN_PS1600",4,"403","","",3500,"<=",69730.8,"ohms","<=",85000,"P",30.9575,***,"",
4,"POST_EFUSE_RESISTANCE","","POST_BANKB_EFUSE_RESISTANCE_BLOWN_BIT42",590054,"",1,1,"ISEN_PS1600",4,"403","","",3500,"<=",69537.4,"ohms","<=",85000,"P",26.3014,***,"",
4,"POST_EFUSE_RESISTANCE","","POST_BANKB_EFUSE_RESISTANCE_UNBLOWN_BIT41",490055,"",1,1,"ISEN_PS1600",4,"403","","",65,"<=",79.6,"ohms","<=",200,"P",3.17928,***,"",
4,"POST_EFUSE_RESISTANCE","","POST_BANKB_EFUSE_RESISTANCE_BLOWN_BIT40",590056,"",1,1,"ISEN_PS1600",4,"403","","",3500,"<=",7467.2,"ohms","<=",85000,"P",3.17928,***,"",
4,"POST_EFUSE_RESISTANCE","","POST_BANKB_EFUSE_RESISTANCE_BLOWN_BIT39",590057,"",1,1,"ISEN_PS1600",4,"403","","",3500,"<=",69583,"ohms","<=",85000,"P",72.6995,***,"",
4,"POST_EFUSE_RESISTANCE","","POST_BANKB_EFUSE_RESISTANCE_BLOWN_BIT38",590058,"",1,1,"ISEN_PS1600",4,"403","","",3500,"<=",46567,"ohms","<=",85000,"P",49.5738,***,"",
4,"POST_EFUSE_RESISTANCE","","POST_BANKB_EFUSE_RESISTANCE_BLOWN_BIT37",590059,"",1,1,"ISEN_PS1600",4,"403","","",3500,"<=",5042.6,"ohms","<=",85000,"P",30.9562,***,"",
4,"POST_EFUSE_RESISTANCE","","POST_BANKB_EFUSE_RESISTANCE_UNBLOWN_BIT36",490060,"",1,1,"ISEN_PS1600",4,"403","","",65,"<=",79.6,"ohms","<=",200,"P",3.17928,***,"",
4,"POST_EFUSE_RESISTANCE","","POST_BANKB_EFUSE_RESISTANCE_BLOWN_BIT35",590061,"",1,1,"ISEN_PS1600",4,"403","","",3500,"<=",69412.2,"ohms","<=",85000,"P",3.17928,***,"",
4,"POST_EFUSE_RESISTANCE","","POST_BANKB_EFUSE_RESISTANCE_BLOWN_BIT34",590062,"",1,1,"ISEN_PS1600",4,"403","","",3500,"<=",69879,"ohms","<=",85000,"P",3.17928,***,"",
4,"POST_EFUSE_RESISTANCE","","POST_BANKB_EFUSE_RESISTANCE_BLOWN_BIT33",590063,"",1,1,"ISEN_PS1600",4,"403","","",3500,"<=",38644.4,"ohms","<=",85000,"P",3.17928,***,"",
4,"POST_EFUSE_RESISTANCE","","POST_BANKB_EFUSE_RESISTANCE_BLOWN_BIT32",590064,"",1,1,"ISEN_PS1600",4,"403","","",3500,"<=",4860.4,"ohms","<=",85000,"P",3.17928,***,"",
4,"POST_EFUSE_RESISTANCE","","POST_BANKB_EFUSE_RESISTANCE_UNBLOWN_BIT31",490065,"",1,1,"ISEN_PS1600",4,"403","","",65,"<=",79.6,"ohms","<=",200,"P",3.17928,***,"",
4,"POST_EFUSE_RESISTANCE","","POST_BANKB_EFUSE_RESISTANCE_BLOWN_BIT30",590066,"",1,1,"ISEN_PS1600",4,"403","","",3500,"<=",44347.2,"ohms","<=",85000,"P",3.12652,***,"",
4,"POST_EFUSE_RESISTANCE","","POST_BANKB_EFUSE_RESISTANCE_UNBLOWN_BIT29",490067,"",1,1,"ISEN_PS1600",4,"403","","",65,"<=",79.6,"ohms","<=",200,"P",3.13227,***,"",
4,"POST_EFUSE_RESISTANCE","","POST_BANKB_EFUSE_RESISTANCE_UNBLOWN_BIT28",490068,"",1,1,"ISEN_PS1600",4,"403","","",65,"<=",79.6,"ohms","<=",200,"P",30.9562,***,"",
4,"POST_EFUSE_RESISTANCE","","POST_BANKB_EFUSE_RESISTANCE_BLOWN_BIT27",590069,"",1,1,"ISEN_PS1600",4,"403","","",3500,"<=",69901.6,"ohms","<=",85000,"P",30.9562,***,"",
4,"POST_EFUSE_RESISTANCE","","POST_BANKB_EFUSE_RESISTANCE_BLOWN_BIT26",590070,"",1,1,"ISEN_PS1600",4,"403","","",3500,"<=",69901.6,"ohms","<=",85000,"P",30.9562,***,"",
4,"POST_EFUSE_RESISTANCE","","POST_BANKB_EFUSE_RESISTANCE_UNBLOWN_BIT25",490071,"",1,1,"ISEN_PS1600",4,"403","","",65,"<=",79.6,"ohms","<=",200,"P",30.9562,***,"",
4,"POST_EFUSE_RESISTANCE","","POST_BANKB_EFUSE_RESISTANCE_BLOWN_BIT24",590072,"",1,1,"ISEN_PS1600",4,"403","","",3500,"<=",50676,"ohms","<=",85000,"P",3.03601,***,"",
4,"POST_EFUSE_RESISTANCE","","POST_BANKB_EFUSE_RESISTANCE_UNBLOWN_BIT23",490073,"",1,1,"ISEN_PS1600",4,"403","","",65,"<=",79.6,"ohms","<=",200,"P",30.9562,***,"",
4,"POST_EFUSE_RESISTANCE","","POST_BANKB_EFUSE_RESISTANCE_UNBLOWN_BIT22",490074,"",1,1,"ISEN_PS1600",4,"403","","",65,"<=",79.6,"ohms","<=",200,"P",30.9562,***,"",
4,"POST_EFUSE_RESISTANCE","","POST_BANKB_EFUSE_RESISTANCE_UNBLOWN_BIT21",490075,"",1,1,"ISEN_PS1600",4,"403","","",65,"<=",79.6,"ohms","<=",200,"P",30.9562,***,"",
4,"POST_EFUSE_RESISTANCE","","POST_BANKB_EFUSE_RESISTANCE_UNBLOWN_BIT20",490076,"",1,1,"ISEN_PS1600",4,"403","","",65,"<=",79.6,"ohms","<=",200,"P",30.9562,***,"",
4,"POST_EFUSE_RESISTANCE","","POST_BANKB_EFUSE_RESISTANCE_UNBLOWN_BIT19",490077,"",1,1,"ISEN_PS1600",4,"403","","",65,"<=",79.6,"ohms","<=",200,"P",30.9562,***,"",
4,"POST_EFUSE_RESISTANCE","","POST_BANKB_EFUSE_RESISTANCE_UNBLOWN_BIT18",490078,"",1,1,"ISEN_PS1600",4,"403","","",65,"<=",79.6,"ohms","<=",200,"P",30.9562,***,"",
4,"POST_EFUSE_RESISTANCE","","POST_BANKB_EFUSE_RESISTANCE_BLOWN_BIT17",590079,"",1,1,"ISEN_PS1600",4,"403","","",3500,"<=",69901.6,"ohms","<=",85000,"P",30.9562,***,"",
4,"POST_EFUSE_RESISTANCE","","POST_BANKB_EFUSE_RESISTANCE_BLOWN_BIT16",590080,"",1,1,"ISEN_PS1600",4,"403","","",3500,"<=",44688.8,"ohms","<=",85000,"P",30.9562,***,"",
4,"POST_EFUSE_RESISTANCE","","POST_BANKB_EFUSE_RESISTANCE_BLOWN_BIT15",590081,"",1,1,"ISEN_PS1600",4,"403","","",3500,"<=",69913,"ohms","<=",85000,"P",37.9399,***,"",
4,"POST_EFUSE_RESISTANCE","","POST_BANKB_EFUSE_RESISTANCE_BLOWN_BIT14",590082,"",1,1,"ISEN_PS1600",4,"403","","",3500,"<=",38246.2,"ohms","<=",85000,"P",30.9562,***,"",
4,"POST_EFUSE_RESISTANCE","","POST_BANKB_EFUSE_RESISTANCE_UNBLOWN_BIT13",490083,"",1,1,"ISEN_PS1600",4,"403","","",65,"<=",79.6,"ohms","<=",200,"P",30.9562,***,"",
4,"POST_EFUSE_RESISTANCE","","POST_BANKB_EFUSE_RESISTANCE_BLOWN_BIT12",590084,"",1,1,"ISEN_PS1600",4,"403","","",3500,"<=",69913,"ohms","<=",85000,"P",3.12652,***,"",
4,"POST_EFUSE_RESISTANCE","","POST_BANKB_EFUSE_RESISTANCE_UNBLOWN_BIT11",490085,"",1,1,"ISEN_PS1600",4,"403","","",65,"<=",79.6,"ohms","<=",200,"P",49.5738,***,"",
4,"POST_EFUSE_RESISTANCE","","POST_BANKB_EFUSE_RESISTANCE_BLOWN_BIT10",590086,"",1,1,"ISEN_PS1600",4,"403","","",3500,"<=",8332.2,"ohms","<=",85000,"P",3.10446,***,"",
4,"POST_EFUSE_RESISTANCE","","POST_BANKB_EFUSE_RESISTANCE_UNBLOWN_BIT9",490087,"",1,1,"ISEN_PS1600",4,"403","","",65,"<=",79.6,"ohms","<=",200,"P",3.10446,***,"",
4,"POST_EFUSE_RESISTANCE","","POST_BANKB_EFUSE_RESISTANCE_UNBLOWN_BIT8",490088,"",1,1,"ISEN_PS1600",4,"403","","",65,"<=",79.6,"ohms","<=",200,"P",3.10446,***,"",
4,"POST_EFUSE_RESISTANCE","","POST_BANKB_EFUSE_RESISTANCE_BLOWN_BIT7",590089,"",1,1,"ISEN_PS1600",4,"403","","",3500,"<=",13295,"ohms","<=",85000,"P",37.9356,***,"",
4,"POST_EFUSE_RESISTANCE","","POST_BANKB_EFUSE_RESISTANCE_UNBLOWN_BIT6",490090,"",1,1,"ISEN_PS1600",4,"403","","",65,"<=",79.6,"ohms","<=",200,"P",37.8646,***,"",
4,"POST_EFUSE_RESISTANCE","","POST_BANKB_EFUSE_RESISTANCE_BLOWN_BIT5",590091,"",1,1,"ISEN_PS1600",4,"403","","",3500,"<=",69867.4,"ohms","<=",85000,"P",37.8646,***,"",
4,"POST_EFUSE_RESISTANCE","","POST_BANKB_EFUSE_RESISTANCE_UNBLOWN_BIT4",490092,"",1,1,"ISEN_PS1600",4,"403","","",65,"<=",79.6,"ohms","<=",200,"P",37.8646,***,"",
4,"POST_EFUSE_RESISTANCE","","POST_BANKB_EFUSE_RESISTANCE_UNBLOWN_BIT3",490093,"",1,1,"ISEN_PS1600",4,"403","","",65,"<=",79.6,"ohms","<=",200,"P",37.8646,***,"",
4,"POST_EFUSE_RESISTANCE","","POST_BANKB_EFUSE_RESISTANCE_UNBLOWN_BIT2",490094,"",1,1,"ISEN_PS1600",4,"403","","",65,"<=",79.6,"ohms","<=",200,"P",37.8646,***,"",
4,"POST_EFUSE_RESISTANCE","","POST_BANKB_EFUSE_RESISTANCE_UNBLOWN_BIT1",490095,"",1,1,"ISEN_PS1600",4,"403","","",65,"<=",79.6,"ohms","<=",200,"P",37.8646,***,"",
4,"POST_EFUSE_RESISTANCE","","POST_BANKB_EFUSE_RESISTANCE_UNBLOWN_BIT0",490096,"",1,1,"ISEN_PS1600",4,"403","","",65,"<=",79.6,"ohms","<=",200,"P",37.8646,***,"",
4,"Post_Vbias_Test","","GENERAL TEST",510001,"",1,1,"VBIAS_PS1600",4,"403","","",1.75,"<=",1.81129,"V","<=",1.85,"P",0.027212,***,"",
4,"Post_SS_Test","","ISS_0p4V",500010,"",1,1,"SS_PS1600",4,"403","","",-10.7,"<=",-9.821,"uA","<=",-9.3,"P",0.359362,***,"",
4,"Post_SS_Test","","SS_gain_0p4V",500020,"",1,1,"SS_PS1600",4,"403","","",9.6,"<=",9.98793,"A/V","<=",10.4,"P",0.359362,***,"",
4,"Post_SS_Test","","Vin_vout_Current",500030,"",1,1,"SS_PS1600",4,"403","","",3.5,"<=",3.99517,"A","<=",4.5,"P",0.359362,***,"",
4,"Post_SS_Gain_Test","","POST_CURRENT_SS_0P1V",820010,"",1,1,"SS_PS1600",4,"403","","",350,"<=",921.386,"mA","<=",1100,"P",0.292621,***,"",
4,"Post_SS_Gain_Test","","POST_CURRENT_SS_0P2V",820020,"",1,1,"SS_PS1600",4,"403","","",1800,"<=",1929.76,"mA","<=",2200,"P",0.292621,***,"",
4,"Post_SS_Gain_Test","","POST_CURRENT_SS_Delta",820030,"",1,1,"SS_PS1600",4,"403","","",920,"<=",1008.37,"mA","<=",1080,"P",0.292621,***,"",
4,"Post_ILIM_Test","","ITRIP_10p_Current",810010,"",1,1,"ITRIP_PS1600",4,"403","","",-11,"<=",-9.882,"uA","<=",-9,"P",4.77028,***,"",
4,"Post_ILIM_Test","","ITRIP_10p_Voltage",810020,"",1,1,"ITRIP_PS1600",4,"403","","",0.9,"<=",1.02,"V","<=",1.2,"P",4.77028,***,"",
4,"Post_ILIM_Test","","ITRIP_20p_Current",810060,"",1,1,"VOUT1",4,"403","","",-22,"<=",-19.593,"uA","<=",-18,"P",4.77028,***,"",
4,"Post_ILIM_Test","","ITRIP_20p_Voltage",810070,"",1,1,"VOUT1",4,"403","","",0.9,"<=",1.02,"V","<=",1.2,"P",4.77028,***,"",
4,"Post_ILIM_Test","","Vin_vout_Current_10P",810160,"",1,1,"VOUT1",4,"403","","",0,"<=",0.799944,"A","<=",0.9,"P",4.77028,***,"",
4,"Post_ILIM_Test","","Vin_vout_Current_20P",810150,"",1,1,"VOUT1",4,"403","","",0,"<=",1.59978,"A","<=",1.7,"P",4.77028,***,"",
4,"Post_ILIM_Test","","gain_20V_10p",810050,"",1,1,"ITRIP_PS1600",4,"403","","",70000,"<=",80949.6,"GAIN","<=",85000,"P",4.77028,***,"",
4,"Post_ILIM_Test","","gain_20V_20p",810100,"",1,1,"ITRIP_PS1600",4,"403","","",75000,"<=",81650.5,"GAIN","<=",85000,"P",4.77028,***,"",
4,"Post_ISENSE_Gain","","POST_SNS_GAIN_20PIMAX_CODE",820040,"",1,1,"ISEN_DPS128",4,"403","","",-210,"<=",-200.672,"uA","<=",-190,"P",0.068486,***,"",
4,"Post_ISENSE_Gain","","gain",820050,"",1,1,"ISEN_DPS128",4,"403","","",7700,"<=",7973.77,"GAIN","<=",8300,"P",0.068486,***,"",
4,"Post_ISENSE_Gain","","Forced Current",820060,"",1,1,"VOUT1",4,"403","","",1.55,"<=",1.60011,"A","<=",1.61,"P",0.068486,***,"",
4,"ILIM_Slowtrip","","ITRIP_VOLTAGE_ILIM_TM_011",830010,"",1,1,"ITRIP_PS1600",4,"403","","",0.95,"<=",1.13077,"V","<=",1.15,"P",0.504391,***,"",
4,"ILIM_Slowtrip","","ITRIP_VOLTAGE_ILIM_TM_111",830020,"",1,1,"ITRIP_PS1600",4,"403","","",0.95,"<=",1.12977,"V","<=",1.15,"P",0.504391,***,"",
4,"TISLOW","","TISLOW",840010,"",1,1,"ITRIP_PS1600",4,"403","","",11.1,"<=",12.3,"mS","<=",12.7,"P",0.247661,***,"",
4,"IO_TEST","","OFF_VOLTAGE_LOW_EN_0V_IO_TM_1",460010,"",1,1,"OFF_PS1600",4,"403","","",0,"<=",0.000771,"V","<=",0.2,"P",1.5494,***,"",
4,"IO_TEST","","OFF_VOLTAGE_HIGH_EN_1P8V_IO_TM_1",460020,"",1,1,"OFF_PS1600",4,"403","","",1.75,"<=",1.80867,"V","<=",1.85,"P",1.5494,***,"",
4,"IO_TEST","","OFF_VOLTAGE_LOW_VIN_1P5V_IO_TM_1",460030,"",1,1,"OFF_PS1600",4,"403","","",0,"<=",0.000828102,"V","<=",0.2,"P",1.5494,***,"",
4,"IO_TEST","","OFF_VOLTAGE_HIGH_VIN_5V_IO_TM_1",460040,"",1,1,"OFF_PS1600",4,"403","","",1.75,"<=",1.80907,"V","<=",1.85,"P",1.5494,***,"",
4,"IO_TEST","","OFF_VOLTAGE_LOW_EN_0V_IO_TM_2",460070,"",1,1,"OFF_PS1600",4,"403","","",0,"<=",0.000714,"V","<=",0.2,"P",1.5494,***,"",
4,"IO_TEST","","OFF_VOLTAGE_HIGH_EN_1P8V_IO_TM_2",460080,"",1,1,"OFF_PS1600",4,"403","","",1.75,"<=",1.80912,"V","<=",1.85,"P",1.5494,***,"",
4,"IO_TEST","","OFF_VOLTAGE_LOW_VIN_1P5V_IO_TM_2",460090,"",1,1,"OFF_PS1600",4,"403","","",0,"<=",0.000828102,"V","<=",0.2,"P",1.5494,***,"",
4,"IO_TEST","","OFF_VOLTAGE_HIGH_VIN_5V_IO_TM_2",460100,"",1,1,"OFF_PS1600",4,"403","","",1.75,"<=",1.80895,"V","<=",1.85,"P",1.5494,***,"",
4,"IO_TEST","","OFF_VOLTAGE_LOW_FCB_0V_IO_TM_3",460050,"",1,1,"OFF_PS1600",4,"403","","",0,"<=",0.000714,"V","<=",0.2,"P",1.5494,***,"",
4,"IO_TEST","","OFF_VOLTAGE_HIGH_FCB_1P8V_IO_TM_3",460060,"",1,1,"OFF_PS1600",4,"403","","",1.75,"<=",1.80895,"V","<=",1.85,"P",1.5494,***,"",
4,"IO_TEST","","OFF_VOLTAGE_LOW_FCB_0V_IO_TM_4",460110,"",1,1,"OFF_PS1600",4,"403","","",0,"<=",0.000828,"V","<=",0.2,"P",1.5494,***,"",
4,"IO_TEST","","OFF_VOLTAGE_HIGH_FCB_1P8V_IO_TM_4",460120,"",1,1,"OFF_PS1600",4,"403","","",1.75,"<=",1.80884,"V","<=",1.85,"P",1.5494,***,"",
4,"SS_Threshold_Test","","VSS_T",210010,"",1,1,"SS_DPS128",4,"403","","",0.96,"<=",1.04,"V","<=",1.095,"P",0.550171,***,"",
4,"UVLO_Threshold","","UVLO_RISING_VDD",350010,"",1,1,"VDD",4,"403","","",2.2,"<=",2.66172,"V","<=",2.9,"P",7.02241,***,"",
4,"UVLO_Threshold","","UVLO_FALLING_VDD",350020,"",1,1,"VDD",4,"403","","",2.2,"<=",2.43507,"V","<=",2.8,"P",7.02241,***,"",
4,"UVLO_Threshold","","UVLO_HYSTERISIS",350030,"",1,1,"VDD",4,"403","","",0.12,"<=",0.226653,"V","<=",0.5,"P",7.02241,***,"",
4,"UVLO_Threshold","","UVLO_RISING_VIN",350040,"",1,1,"VIN1",4,"403","","",2.5,"<=",2.59198,"V","<=",2.88,"P",7.02241,***,"",
4,"UVLO_Threshold","","UVLO_FALLING_VIN",350050,"",1,1,"VIN1",4,"403","","",2.35,"<=",2.48737,"V","<=",2.7,"P",7.02241,***,"",
4,"UVLO_Threshold","","UVLO_HYSTERISIS_VIN",350060,"",1,1,"VIN1",4,"403","","",0.07,"<=",0.104609,"V","<=",0.3,"P",7.02241,***,"",
4,"EN_Rise_Fall_Hysteresis","","EN_RISING_VDD",360010,"",1,1,"EN",4,"403","","",0.65,"<=",0.727455,"V","<=",0.8,"P",0.882836,***,"",
4,"EN_Rise_Fall_Hysteresis","","EN_FALLING_VDD",360020,"",1,1,"EN",4,"403","","",0.6,"<=",0.688377,"V","<=",0.75,"P",0.882836,***,"",
4,"EN_Rise_Fall_Hysteresis","","EN_HYSTERISIS",360030,"",1,1,"EN",4,"403","","",0.025,"<=",0.0390782,"V","<=",0.06,"P",0.882836,***,"",
4,"FCB_Rise_Fall_Hysteresis","","FCB_RISING_VDD",370010,"",1,1,"FCB_PS1600",4,"403","","",0.65,"<=",0.724832,"V","<=",0.8,"P",0.71379,***,"",
4,"FCB_Rise_Fall_Hysteresis","","FCB_FALLING_VDD",370020,"",1,1,"FCB_PS1600",4,"403","","",0.6,"<=",0.684564,"V","<=",0.75,"P",0.71379,***,"",
4,"FCB_Rise_Fall_Hysteresis","","FCB_HYSTERISIS",370030,"",1,1,"FCB_PS1600",4,"403","","",0.025,"<=",0.0402685,"V","<=",0.06,"P",0.71379,***,"",
4,"Output_characteristics_functional","","FAULTB_VOL_100UA",380010,"",1,1,"FAULTB_PS1600",4,"403","","",0,"<=",2.137,"mV","<=",5,"P",0.422935,***,"",
4,"Output_characteristics_functional","","FAULTB_VOL_2MA",380020,"",1,1,"FAULTB_PS1600",4,"403","","",0,"<=",25.928,"mV","<=",35,"P",0.422935,***,"",
4,"Output_characteristics_functional","","OFF_VOH_100UA",380030,"",1,1,"OFF_PS1600",4,"403","","",1.75,"<=",1.80337,"V","<=",1.85,"P",0.422935,***,"",
4,"Output_characteristics_functional","","OFF_VOL_100UA",380040,"",1,1,"OFF_PS1600",4,"403","","",0,"<=",5.211,"mV","<=",6,"P",0.422935,***,"",
4,"Output_characteristics_functional","","OFF_VOL_2MA",380050,"",1,1,"OFF_PS1600",4,"403","","",20,"<=",79.43,"mV","<=",100,"P",0.422935,***,"",
4,"OVST","","GATE_DRIVE_MAIN_FET_PRE",1300010,"",1,1,"OFF_PS1600",4,"403","","",1.65,"<=",1.82653,"V","<=",1.85,"P",0.534236,***,"",
4,"OVST","","OVST",1300020,"",1,1,"OFF_PS1600",4,"403","","",2.7,"<=",2.87418,"V","<=",3,"P",0.534236,***,"",
4,"OVST","","GATE_DRIVE_MAIN_FET_POST",1300030,"",1,1,"OFF_PS1600",4,"403","","",1.25,"<=",1.31345,"V","<=",1.4,"P",0.534236,***,"",
4,"Post_PintoPin_Leakage","","PIN_TO_PIN_POS_LEAKAGE_PIN",700010,"",1,1,"FAULTB_PS1600",4,"403","","",-200,"<=",-4.66642,"nA","<=",200,"P",0.886031,***,"",
4,"Post_PintoPin_Leakage","","PIN_TO_PIN_NEG_LEAKAGE_PIN",700110,"",1,1,"FAULTB_PS1600",4,"403","","",-200,"<=",-4.66642,"nA","<=",200,"P",0.886031,***,"",
4,"Post_PintoPin_Leakage","","DELTA_POS",700210,"",1,1,"FAULTB_PS1600",4,"403","","",-50,"<=",1.11719,"nA","<=",50,"P",0.886031,***,"",
4,"Post_PintoPin_Leakage","","DELTA_NEG",700220,"",1,1,"FAULTB_PS1600",4,"403","","",-50,"<=",-0.507813,"nA","<=",50,"P",0.886031,***,"",
4,"Post_PintoPin_Leakage","","PIN_TO_PIN_POS_LEAKAGE_PIN",700020,"",1,1,"ITRIP_PS1600",4,"403","","",-200,"<=",-10.4754,"nA","<=",200,"P",0.886031,***,"",
4,"Post_PintoPin_Leakage","","PIN_TO_PIN_NEG_LEAKAGE_PIN",700120,"",1,1,"ITRIP_PS1600",4,"403","","",-200,"<=",-10.4754,"nA","<=",200,"P",0.886031,***,"",
4,"Post_PintoPin_Leakage","","DELTA_POS",700210,"",1,1,"ITRIP_PS1600",4,"403","","",-50,"<=",-0.152498,"nA","<=",50,"P",0.886031,***,"",
4,"Post_PintoPin_Leakage","","DELTA_NEG",700220,"",1,1,"ITRIP_PS1600",4,"403","","",-50,"<=",-1.06748,"nA","<=",50,"P",0.886031,***,"",
4,"Post_PintoPin_Leakage","","PIN_TO_PIN_POS_LEAKAGE_PIN",700030,"",1,1,"OFF_PS1600",4,"403","","",-200,"<=",-6.13111,"nA","<=",200,"P",0.886031,***,"",
4,"Post_PintoPin_Leakage","","PIN_TO_PIN_NEG_LEAKAGE_PIN",700130,"",1,1,"OFF_PS1600",4,"403","","",-200,"<=",-6.13111,"nA","<=",200,"P",0.886031,***,"",
4,"Post_PintoPin_Leakage","","DELTA_POS",700210,"",1,1,"OFF_PS1600",4,"403","","",-50,"<=",0.15354,"nA","<=",50,"P",0.886031,***,"",
4,"Post_PintoPin_Leakage","","DELTA_NEG",700220,"",1,1,"OFF_PS1600",4,"403","","",-50,"<=",-0.15354,"nA","<=",50,"P",0.886031,***,"",
4,"Post_PintoPin_Leakage","","PIN_TO_PIN_POS_LEAKAGE_PIN",700040,"",1,1,"SS_PS1600",4,"403","","",-200,"<=",-12.0685,"nA","<=",200,"P",0.886031,***,"",
4,"Post_PintoPin_Leakage","","PIN_TO_PIN_NEG_LEAKAGE_PIN",700140,"",1,1,"SS_PS1600",4,"403","","",-200,"<=",-12.0685,"nA","<=",200,"P",0.886031,***,"",
4,"Post_PintoPin_Leakage","","DELTA_POS",700210,"",1,1,"SS_PS1600",4,"403","","",-50,"<=",1.43016,"nA","<=",50,"P",0.886031,***,"",
4,"Post_PintoPin_Leakage","","DELTA_NEG",700220,"",1,1,"SS_PS1600",4,"403","","",-50,"<=",-0.0510774,"nA","<=",50,"P",0.886031,***,"",
4,"Post_PintoPin_Leakage","","PIN_TO_PIN_POS_LEAKAGE_PIN",700050,"",1,1,"VIN1",4,"403","","",10,"<=",300.493,"nA","<=",500,"P",0.886031,***,"",
4,"Post_PintoPin_Leakage","","PIN_TO_PIN_NEG_LEAKAGE_PIN",700150,"",1,1,"VIN1",4,"403","","",-500,"<=",-303.546,"nA","<=",-10,"P",0.886031,***,"",
4,"Post_PintoPin_Leakage","","DELTA_POS",700210,"",1,1,"VIN1",4,"403","","",-50,"<=",1.48066,"nA","<=",50,"P",0.886031,***,"",
4,"Post_PintoPin_Leakage","","DELTA_NEG",700220,"",1,1,"VIN1",4,"403","","",-50,"<=",-1.58616,"nA","<=",50,"P",0.886031,***,"",
4,"Post_PintoPin_Leakage","","PIN_TO_PIN_POS_LEAKAGE_PIN",700060,"",1,1,"VOUT1",4,"403","","",10,"<=",302.232,"nA","<=",500,"P",0.886031,***,"",
4,"Post_PintoPin_Leakage","","PIN_TO_PIN_NEG_LEAKAGE_PIN",700160,"",1,1,"VOUT1",4,"403","","",-500,"<=",-299.297,"nA","<=",-10,"P",0.886031,***,"",
4,"Post_PintoPin_Leakage","","DELTA_POS",700210,"",1,1,"VOUT1",4,"403","","",-50,"<=",2.23736,"nA","<=",50,"P",0.886031,***,"",
4,"Post_PintoPin_Leakage","","DELTA_NEG",700220,"",1,1,"VOUT1",4,"403","","",-50,"<=",2.62662,"nA","<=",50,"P",0.886031,***,"",
4,"Post_PintoPin_Leakage","","PIN_TO_PIN_POS_LEAKAGE_PIN",700070,"",1,1,"EN0_PS1600",4,"403","","",300,"<=",553.693,"nA","<=",700,"P",0.886031,***,"",
4,"Post_PintoPin_Leakage","","PIN_TO_PIN_NEG_LEAKAGE_PIN",700170,"",1,1,"EN0_PS1600",4,"403","","",-700,"<=",-558.121,"nA","<=",-300,"P",0.886031,***,"",
4,"Post_PintoPin_Leakage","","DELTA_POS",700210,"",1,1,"EN0_PS1600",4,"403","","",-50,"<=",-0.564683,"nA","<=",50,"P",0.886031,***,"",
4,"Post_PintoPin_Leakage","","DELTA_NEG",700220,"",1,1,"EN0_PS1600",4,"403","","",-50,"<=",-0.667399,"nA","<=",50,"P",0.886031,***,"",
4,"Post_PintoPin_Leakage","","PIN_TO_PIN_POS_LEAKAGE_PIN",700080,"",1,1,"FCB_PS1600",4,"403","","",-200,"<=",-0.61654,"nA","<=",200,"P",0.886031,***,"",
4,"Post_PintoPin_Leakage","","PIN_TO_PIN_NEG_LEAKAGE_PIN",700180,"",1,1,"FCB_PS1600",4,"403","","",-200,"<=",-4.36095,"nA","<=",200,"P",0.886031,***,"",
4,"Post_PintoPin_Leakage","","DELTA_POS",700210,"",1,1,"FCB_PS1600",4,"403","","",-50,"<=",0.152017,"nA","<=",50,"P",0.886031,***,"",
4,"Post_PintoPin_Leakage","","DELTA_NEG",700220,"",1,1,"FCB_PS1600",4,"403","","",-50,"<=",-0.506722,"nA","<=",50,"P",0.886031,***,"",
4,"Post_PintoPin_Leakage","","PIN_TO_PIN_POS_LEAKAGE_PIN",700090,"",1,1,"ISEN_PS1600",4,"403","","",-200,"<=",0.813279,"nA","<=",200,"P",0.886031,***,"",
4,"Post_PintoPin_Leakage","","PIN_TO_PIN_NEG_LEAKAGE_PIN",700190,"",1,1,"ISEN_PS1600",4,"403","","",-200,"<=",-7.26925,"nA","<=",200,"P",0.886031,***,"",
4,"Post_PintoPin_Leakage","","DELTA_POS",700210,"",1,1,"ISEN_PS1600",4,"403","","",-50,"<=",0,"nA","<=",50,"P",0.886031,***,"",
4,"Post_PintoPin_Leakage","","DELTA_NEG",700220,"",1,1,"ISEN_PS1600",4,"403","","",-50,"<=",-0.306916,"nA","<=",50,"P",0.886031,***,"",
4,"Post_PintoPin_Leakage","","PIN_TO_PIN_POS_LEAKAGE_PIN_VBIAS_PS1600",700100,"",1,1,"VBIAS_PS1600",4,"403","","",500,"<=",847,"nA","<=",1000,"P",0.886031,***,"",
4,"Post_PintoPin_Leakage","","PIN_TO_PIN_NEG_LEAKAGE_PIN_VBIAS_PS1600",700200,"",1,1,"VBIAS_PS1600",4,"403","","",-1000,"<=",-901,"nA","<=",-500,"P",0.886031,***,"",
4,"Post_PintoPin_Leakage","","DELTA_POS",700210,"",1,1,"VBIAS_PS1600",4,"403","","",-50,"<=",28,"nA","<=",50,"P",0.886031,***,"",
4,"Post_PintoPin_Leakage","","DELTA_NEG",700220,"",1,1,"VBIAS_PS1600",4,"403","","",-50,"<=",-31,"nA","<=",50,"P",0.886031,***,"",
4,"Post_Contact","","POST_CONTINUITY",400030,"",1,1,"EN0_PS1600",4,"403","","",-500,"<=",-375.838,"mV","<=",-300,"P",0.37378,***,"",
4,"Post_Contact","","Delta",400420,"",1,1,"EN0_PS1600",4,"403","","",-5,"<=",0.455111,"mV","<=",5,"P",0.37378,***,"",
4,"Post_Contact","","POST_CONTINUITY",400020,"",1,1,"FAULTB_PS1600",4,"403","","",-500,"<=",-439.014,"mV","<=",-300,"P",0.37378,***,"",
4,"Post_Contact","","Delta",400420,"",1,1,"FAULTB_PS1600",4,"403","","",-5,"<=",0.398427,"mV","<=",5,"P",0.37378,***,"",
4,"Post_Contact","","POST_CONTINUITY",400050,"",1,1,"FCB_PS1600",4,"403","","",-500,"<=",-376.076,"mV","<=",-300,"P",0.37378,***,"",
4,"Post_Contact","","Delta",400420,"",1,1,"FCB_PS1600",4,"403","","",-5,"<=",0.569165,"mV","<=",5,"P",0.37378,***,"",
4,"Post_Contact","","POST_CONTINUITY",400090,"",1,1,"ISEN_PS1600",4,"403","","",-500,"<=",-363.544,"mV","<=",-300,"P",0.37378,***,"",
4,"Post_Contact","","Delta",400420,"",1,1,"ISEN_PS1600",4,"403","","",-5,"<=",0.170738,"mV","<=",5,"P",0.37378,***,"",
4,"Post_Contact","","POST_CONTINUITY",400080,"",1,1,"ITRIP_PS1600",4,"403","","",-500,"<=",-378.467,"mV","<=",-300,"P",0.37378,***,"",
4,"Post_Contact","","Delta",400420,"",1,1,"ITRIP_PS1600",4,"403","","",-5,"<=",0.512272,"mV","<=",5,"P",0.37378,***,"",
4,"Post_Contact","","POST_CONTINUITY",400040,"",1,1,"OFF_PS1600",4,"403","","",-500,"<=",-370.157,"mV","<=",-300,"P",0.37378,***,"",
4,"Post_Contact","","Delta",400420,"",1,1,"OFF_PS1600",4,"403","","",-5,"<=",0.512242,"mV","<=",5,"P",0.37378,***,"",
4,"Post_Contact","","POST_CONTINUITY",400010,"",1,1,"SS_PS1600",4,"403","","",-500,"<=",-467.612,"mV","<=",-300,"P",0.37378,***,"",
4,"Post_Contact","","Delta",400420,"",1,1,"SS_PS1600",4,"403","","",-5,"<=",0.853777,"mV","<=",5,"P",0.37378,***,"",
4,"Post_Contact","","POST_CONTINUITY",400070,"",1,1,"VBIAS_PS1600",4,"403","","",-500,"<=",-295.823,"mV","<=",-200,"P",0.37378,***,"",
4,"Post_Contact","","Delta",400420,"",1,1,"VBIAS_PS1600",4,"403","","",-5,"<=",0.569165,"mV","<=",5,"P",0.37378,***,"",
4,"Post_Contact","","POST_CONTINUITY",400060,"",1,1,"GND_PS1600",4,"403","","",-500,"<=",-354.95,"mV","<=",-300,"P",0.37378,***,"",
4,"Post_Contact","","POST_CONTINUITY",400180,"",1,1,"VIN1",4,"403","","",-360,"<=",-334.063,"mV","<=",-300,"P",0.37378,***,"",
4,"Post_Contact","","Delta",400420,"",1,1,"VIN1",4,"403","","",-5,"<=",-0.0991821,"mV","<=",5,"P",0.37378,***,"",
4,"Post_Contact","","POST_CONTINUITY",400190,"",1,1,"VIN2",4,"403","","",-360,"<=",-333.981,"mV","<=",-300,"P",0.37378,***,"",
4,"Post_Contact","","Delta",400420,"",1,1,"VIN2",4,"403","","",-5,"<=",0.71907,"mV","<=",5,"P",0.37378,***,"",
4,"Post_Contact","","POST_CONTINUITY",400200,"",1,1,"VIN3",4,"403","","",-360,"<=",-334.303,"mV","<=",-300,"P",0.37378,***,"",
4,"Post_Contact","","Delta",400420,"",1,1,"VIN3",4,"403","","",-5,"<=",0.411987,"mV","<=",5,"P",0.37378,***,"",
4,"Post_Contact","","POST_CONTINUITY",400210,"",1,1,"VIN4_RS1",4,"403","","",-360,"<=",-334.101,"mV","<=",-300,"P",0.37378,***,"",
4,"Post_Contact","","Delta",400420,"",1,1,"VIN4_RS1",4,"403","","",-5,"<=",0.66185,"mV","<=",5,"P",0.37378,***,"",
4,"Post_Contact","","POST_CONTINUITY",400220,"",1,1,"VIN4_RS2",4,"403","","",-360,"<=",-334.106,"mV","<=",-300,"P",0.37378,***,"",
4,"Post_Contact","","Delta",400420,"",1,1,"VIN4_RS2",4,"403","","",-5,"<=",0.534058,"mV","<=",5,"P",0.37378,***,"",
4,"Post_Contact","","POST_CONTINUITY",400230,"",1,1,"VIN5_RS1",4,"403","","",-360,"<=",-334.139,"mV","<=",-300,"P",0.37378,***,"",
4,"Post_Contact","","Delta",400420,"",1,1,"VIN5_RS1",4,"403","","",-5,"<=",0.343323,"mV","<=",5,"P",0.37378,***,"",
4,"Post_Contact","","POST_CONTINUITY",400240,"",1,1,"VIN5_RS2",4,"403","","",-360,"<=",-333.971,"mV","<=",-300,"P",0.37378,***,"",
4,"Post_Contact","","Delta",400420,"",1,1,"VIN5_RS2",4,"403","","",-5,"<=",0.751495,"mV","<=",5,"P",0.37378,***,"",
4,"Post_Contact","","POST_CONTINUITY",400250,"",1,1,"VIN6",4,"403","","",-360,"<=",-334.28,"mV","<=",-300,"P",0.37378,***,"",
4,"Post_Contact","","Delta",400420,"",1,1,"VIN6",4,"403","","",-5,"<=",0.436783,"mV","<=",5,"P",0.37378,***,"",
4,"Post_Contact","","POST_CONTINUITY",400100,"",1,1,"VOUT1",4,"403","","",-300,"<=",-226.091,"mV","<=",-200,"P",0.37378,***,"",
4,"Post_Contact","","Delta",400420,"",1,1,"VOUT1",4,"403","","",-5,"<=",0.276566,"mV","<=",5,"P",0.37378,***,"",
4,"Post_Contact","","POST_CONTINUITY",400110,"",1,1,"VOUT2_RS1",4,"403","","",-300,"<=",-226.126,"mV","<=",-200,"P",0.37378,***,"",
4,"Post_Contact","","Delta",400420,"",1,1,"VOUT2_RS1",4,"403","","",-5,"<=",-0.0171661,"mV","<=",5,"P",0.37378,***,"",
4,"Post_Contact","","POST_CONTINUITY",400120,"",1,1,"VOUT2_RS2",4,"403","","",-300,"<=",-226.116,"mV","<=",-200,"P",0.37378,***,"",
4,"Post_Contact","","Delta",400420,"",1,1,"VOUT2_RS2",4,"403","","",-5,"<=",0.0553131,"mV","<=",5,"P",0.37378,***,"",
4,"Post_Contact","","POST_CONTINUITY",400130,"",1,1,"VOUT3_RS1",4,"403","","",-300,"<=",-225.842,"mV","<=",-200,"P",0.37378,***,"",
4,"Post_Contact","","Delta",400420,"",1,1,"VOUT3_RS1",4,"403","","",-5,"<=",0.274658,"mV","<=",5,"P",0.37378,***,"",
4,"Post_Contact","","POST_CONTINUITY",400140,"",1,1,"VOUT3_RS2",4,"403","","",-300,"<=",-226.124,"mV","<=",-200,"P",0.37378,***,"",
4,"Post_Contact","","Delta",400420,"",1,1,"VOUT3_RS2",4,"403","","",-5,"<=",0.185013,"mV","<=",5,"P",0.37378,***,"",
4,"Post_Contact","","POST_CONTINUITY",400150,"",1,1,"VOUT4",4,"403","","",-300,"<=",-226.099,"mV","<=",-200,"P",0.37378,***,"",
4,"Post_Contact","","Delta",400420,"",1,1,"VOUT4",4,"403","","",-5,"<=",0.171661,"mV","<=",5,"P",0.37378,***,"",
4,"Post_Contact","","POST_CONTINUITY",400160,"",1,1,"VOUT5",4,"403","","",-300,"<=",-225.996,"mV","<=",-200,"P",0.37378,***,"",
4,"Post_Contact","","Delta",400420,"",1,1,"VOUT5",4,"403","","",-5,"<=",0.087738,"mV","<=",5,"P",0.37378,***,"",
4,"Post_Contact","","POST_CONTINUITY",400170,"",1,1,"VOUT6",4,"403","","",-300,"<=",-225.916,"mV","<=",-200,"P",0.37378,***,"",
4,"Post_Contact","","Delta",400420,"",1,1,"VOUT6",4,"403","","",-5,"<=",0.0972748,"mV","<=",5,"P",0.37378,***,"",
5,"CONTINUITY","","CONTINUITY",10030,"",1,1,"EN0_PS1600",5,"422","","",-500,"<=",-377.374,"mV","<=",-300,"P",0.316992,***,"",
5,"CONTINUITY","","CONTINUITY",10020,"",1,1,"FAULTB_PS1600",5,"422","","",-500,"<=",-437.307,"mV","<=",-300,"P",0.316992,***,"",
5,"CONTINUITY","","CONTINUITY",10050,"",1,1,"FCB_PS1600",5,"422","","",-500,"<=",-376.93,"mV","<=",-300,"P",0.316992,***,"",
5,"CONTINUITY","","CONTINUITY",10090,"",1,1,"ISEN_PS1600",5,"422","","",-500,"<=",-363.032,"mV","<=",-300,"P",0.316992,***,"",
5,"CONTINUITY","","CONTINUITY",10080,"",1,1,"ITRIP_PS1600",5,"422","","",-500,"<=",-378.296,"mV","<=",-300,"P",0.316992,***,"",
5,"CONTINUITY","","CONTINUITY",10040,"",1,1,"OFF_PS1600",5,"422","","",-500,"<=",-370.214,"mV","<=",-300,"P",0.316992,***,"",
5,"CONTINUITY","","CONTINUITY",10010,"",1,1,"SS_PS1600",5,"422","","",-500,"<=",-469.548,"mV","<=",-300,"P",0.316992,***,"",
5,"CONTINUITY","","CONTINUITY",10070,"",1,1,"VBIAS_PS1600",5,"422","","",-500,"<=",-295.937,"mV","<=",-200,"P",0.316992,***,"",
5,"CONTINUITY","","CONTINUITY",10060,"",1,1,"GND_PS1600",5,"422","","",-500,"<=",-356.373,"mV","<=",-300,"P",0.316992,***,"",
5,"CONTINUITY","","CONTINUITY",10180,"",1,1,"VIN1",5,"422","","",-360,"<=",-334.965,"mV","<=",-300,"P",0.316992,***,"",
5,"CONTINUITY","","CONTINUITY",10190,"",1,1,"VIN2",5,"422","","",-360,"<=",-335.316,"mV","<=",-300,"P",0.316992,***,"",
5,"CONTINUITY","","CONTINUITY",10200,"",1,1,"VIN3",5,"422","","",-360,"<=",-335.543,"mV","<=",-300,"P",0.316992,***,"",
5,"CONTINUITY","","CONTINUITY",10210,"",1,1,"VIN4_RS1",5,"422","","",-360,"<=",-335.514,"mV","<=",-300,"P",0.316992,***,"",
5,"CONTINUITY","","CONTINUITY",10220,"",1,1,"VIN4_RS2",5,"422","","",-360,"<=",-335.3,"mV","<=",-300,"P",0.316992,***,"",
5,"CONTINUITY","","CONTINUITY",10230,"",1,1,"VIN5_RS1",5,"422","","",-360,"<=",-335.403,"mV","<=",-300,"P",0.316992,***,"",
5,"CONTINUITY","","CONTINUITY",10240,"",1,1,"VIN5_RS2",5,"422","","",-360,"<=",-335.695,"mV","<=",-300,"P",0.316992,***,"",
5,"CONTINUITY","","CONTINUITY",10250,"",1,1,"VIN6",5,"422","","",-360,"<=",-335.424,"mV","<=",-300,"P",0.316992,***,"",
5,"CONTINUITY","","CONTINUITY",10100,"",1,1,"VOUT1",5,"422","","",-300,"<=",-226.084,"mV","<=",-200,"P",0.316992,***,"",
5,"CONTINUITY","","CONTINUITY",10110,"",1,1,"VOUT2_RS1",5,"422","","",-300,"<=",-226.122,"mV","<=",-200,"P",0.316992,***,"",
5,"CONTINUITY","","CONTINUITY",10120,"",1,1,"VOUT2_RS2",5,"422","","",-300,"<=",-226.208,"mV","<=",-200,"P",0.316992,***,"",
5,"CONTINUITY","","CONTINUITY",10130,"",1,1,"VOUT3_RS1",5,"422","","",-300,"<=",-226.078,"mV","<=",-200,"P",0.316992,***,"",
5,"CONTINUITY","","CONTINUITY",10140,"",1,1,"VOUT3_RS2",5,"422","","",-300,"<=",-225.992,"mV","<=",-200,"P",0.316992,***,"",
5,"CONTINUITY","","CONTINUITY",10150,"",1,1,"VOUT4",5,"422","","",-300,"<=",-225.954,"mV","<=",-200,"P",0.316992,***,"",
5,"CONTINUITY","","CONTINUITY",10160,"",1,1,"VOUT5",5,"422","","",-300,"<=",-226.149,"mV","<=",-200,"P",0.316992,***,"",
5,"CONTINUITY","","CONTINUITY",10170,"",1,1,"VOUT6",5,"422","","",-300,"<=",-226.082,"mV","<=",-200,"P",0.316992,***,"",
5,"Pin_to_Pin_Leakage","","PIN_TO_PIN_POS_LEAKAGE_PIN",20010,"",1,1,"FAULTB_PS1600",5,"422","","",-200,"<=",-3.85392,"nA","<=",200,"P",0.513109,***,"",
5,"Pin_to_Pin_Leakage","","PIN_TO_PIN_NEG_LEAKAGE_PIN",20110,"",1,1,"FAULTB_PS1600",5,"422","","",-200,"<=",-3.85392,"nA","<=",200,"P",0.513109,***,"",
5,"Pin_to_Pin_Leakage","","PIN_TO_PIN_POS_LEAKAGE_PIN",20020,"",1,1,"ITRIP_PS1600",5,"422","","",-200,"<=",-8.64544,"nA","<=",200,"P",0.513109,***,"",
5,"Pin_to_Pin_Leakage","","PIN_TO_PIN_NEG_LEAKAGE_PIN",20120,"",1,1,"ITRIP_PS1600",5,"422","","",-200,"<=",-8.64544,"nA","<=",200,"P",0.513109,***,"",
5,"Pin_to_Pin_Leakage","","PIN_TO_PIN_POS_LEAKAGE_PIN",20030,"",1,1,"OFF_PS1600",5,"422","","",-200,"<=",-5.87521,"nA","<=",200,"P",0.513109,***,"",
5,"Pin_to_Pin_Leakage","","PIN_TO_PIN_NEG_LEAKAGE_PIN",20130,"",1,1,"OFF_PS1600",5,"422","","",-200,"<=",-5.87521,"nA","<=",200,"P",0.513109,***,"",
5,"Pin_to_Pin_Leakage","","PIN_TO_PIN_POS_LEAKAGE_PIN",20040,"",1,1,"SS_PS1600",5,"422","","",-200,"<=",-11.4555,"nA","<=",200,"P",0.513109,***,"",
5,"Pin_to_Pin_Leakage","","PIN_TO_PIN_NEG_LEAKAGE_PIN",20140,"",1,1,"SS_PS1600",5,"422","","",-200,"<=",-11.4555,"nA","<=",200,"P",0.513109,***,"",
5,"Pin_to_Pin_Leakage","","PIN_TO_PIN_POS_LEAKAGE_PIN",20050,"",1,1,"VIN1",5,"422","","",10,"<=",299.166,"nA","<=",500,"P",0.513109,***,"",
5,"Pin_to_Pin_Leakage","","PIN_TO_PIN_NEG_LEAKAGE_PIN",20150,"",1,1,"VIN1",5,"422","","",-500,"<=",-300.337,"nA","<=",-10,"P",0.513109,***,"",
5,"Pin_to_Pin_Leakage","","PIN_TO_PIN_POS_LEAKAGE_PIN",20060,"",1,1,"VOUT1",5,"422","","",10,"<=",302.185,"nA","<=",500,"P",0.513109,***,"",
5,"Pin_to_Pin_Leakage","","PIN_TO_PIN_NEG_LEAKAGE_PIN",20160,"",1,1,"VOUT1",5,"422","","",-500,"<=",-300.031,"nA","<=",-10,"P",0.513109,***,"",
5,"Pin_to_Pin_Leakage","","PIN_TO_PIN_POS_LEAKAGE_PIN",20070,"",1,1,"EN0_PS1600",5,"422","","",300,"<=",551.999,"nA","<=",700,"P",0.513109,***,"",
5,"Pin_to_Pin_Leakage","","PIN_TO_PIN_NEG_LEAKAGE_PIN",20170,"",1,1,"EN0_PS1600",5,"422","","",-700,"<=",-554.784,"nA","<=",-300,"P",0.513109,***,"",
5,"Pin_to_Pin_Leakage","","PIN_TO_PIN_POS_LEAKAGE_PIN",20080,"",1,1,"FCB_PS1600",5,"422","","",-200,"<=",-0.312507,"nA","<=",200,"P",0.513109,***,"",
5,"Pin_to_Pin_Leakage","","PIN_TO_PIN_NEG_LEAKAGE_PIN",20180,"",1,1,"FCB_PS1600",5,"422","","",-200,"<=",-3.95557,"nA","<=",200,"P",0.513109,***,"",
5,"Pin_to_Pin_Leakage","","PIN_TO_PIN_POS_LEAKAGE_PIN",20090,"",1,1,"ISEN_PS1600",5,"422","","",-200,"<=",0.506363,"nA","<=",200,"P",0.513109,***,"",
5,"Pin_to_Pin_Leakage","","PIN_TO_PIN_NEG_LEAKAGE_PIN",20190,"",1,1,"ISEN_PS1600",5,"422","","",-200,"<=",-6.55311,"nA","<=",200,"P",0.513109,***,"",
5,"Pin_to_Pin_Leakage","","PIN_TO_PIN_POS_LEAKAGE_PIN_VBIAS_PS1600",20100,"",1,1,"VBIAS_PS1600",5,"422","","",500,"<=",807,"nA","<=",1000,"P",0.513109,***,"",
5,"Pin_to_Pin_Leakage","","PIN_TO_PIN_NEG_LEAKAGE_PIN_VBIAS_PS1600",20200,"",1,1,"VBIAS_PS1600",5,"422","","",-1000,"<=",-865,"nA","<=",-500,"P",0.513109,***,"",
5,"IVDDFL_IVINFL_RONFL","","RON_200mAVDD_5_VIN_5_20V_Part",90050,"",1,1,"VIN1",5,"422","","",0.01,"<=",0.0231812,"ohm","<=",0.03,"P",0.0955313,***,"",
5,"IVDDFL_IVINFL_RONFL","","DEVICE_VARIENT_TRUE",90060,"",1,1,"VIN1",5,"422","","",0.5,"<=",1,"","<=",1.5,"P",0.0955313,***,"",
5,"Fuse_Burn_Check","","BANKA_BIT5_BLOWN_TRUE",1000001,"",1,1,"OFF_PS1600",5,"422","","",0,"<=",0,"","<=",1,"P",0.15902,***,"",
5,"Gross_Functional_EN_FCB_FAULTB_OFF","","EN_FCB_LOW_VOUT_LOW",30010,"",1,1,"VOUT4",5,"422","","",-0.001,"<=",0.00806999,"V","<=",1,"P",0.320704,***,"",
5,"Gross_Functional_EN_FCB_FAULTB_OFF","","EN_FCB_LOW_OFF_HIGH",30020,"",1,1,"OFF_PS1600",5,"422","","",1.6,"<=",1.93593,"V","<=",2.3,"P",0.320704,***,"",
5,"Gross_Functional_EN_FCB_FAULTB_OFF","","FCB_LOW_VOUT_LOW",30030,"",1,1,"VOUT4",5,"422","","",-0.001,"<=",0.00136757,"V","<=",0.5,"P",0.320704,***,"",
5,"Gross_Functional_EN_FCB_FAULTB_OFF","","FCB_LOW_OFF_HIGH",30040,"",1,1,"OFF_PS1600",5,"422","","",1.6,"<=",1.93679,"V","<=",2.3,"P",0.320704,***,"",
5,"Gross_Functional_EN_FCB_FAULTB_OFF","","EN_LOW_VOUT_LOW",30050,"",1,1,"VOUT4",5,"422","","",-0.001,"<=",0.00146866,"V","<=",0.5,"P",0.320704,***,"",
5,"Gross_Functional_EN_FCB_FAULTB_OFF","","EN_LOW_OFF_HIGH",30060,"",1,1,"OFF_PS1600",5,"422","","",1.6,"<=",1.93593,"V","<=",2.3,"P",0.320704,***,"",
5,"Gross_Functional_EN_FCB_FAULTB_OFF","","EN_FCB_HIGH_VOUT_HIGH",30070,"",1,1,"VOUT4",5,"422","","",4.85,"<=",4.9995,"V","<=",5.1,"P",0.320704,***,"",
5,"Gross_Functional_EN_FCB_FAULTB_OFF","","EN_FCB_HIGH_OFF_LOW",30080,"",1,1,"OFF_PS1600",5,"422","","",-0.001,"<=",0.000657352,"V","<=",0.5,"P",0.320704,***,"",
5,"Gross_Functional_EN_FCB_FAULTB_OFF","","FAULT_SET_VOUT_LOW",30090,"",1,1,"VOUT4",5,"422","","",-0.001,"<=",4.7684e-05,"V","<=",0.5,"P",0.320704,***,"",
5,"Gross_Functional_EN_FCB_FAULTB_OFF","","FAULT_SET_OFF_HIGH",30100,"",1,1,"OFF_PS1600",5,"422","","",1.6,"<=",1.98095,"V","<=",2.3,"P",0.320704,***,"",
5,"Gross_Functional_EN_FCB_FAULTB_OFF","","FAULT_RESET_VOUT_HIGH",30110,"",1,1,"VOUT4",5,"422","","",4.85,"<=",4.99958,"V","<=",5.1,"P",0.320704,***,"",
5,"Gross_Functional_EN_FCB_FAULTB_OFF","","FAULT_RESET_OFF_LOW",30120,"",1,1,"OFF_PS1600",5,"422","","",0,"<=",0.000657352,"V","<=",0.5,"P",0.320704,***,"",
5,"Output_disabled_leakage","","IVDDDIS_VDD_3_VIN_3",40010,"",1,1,"VDD",5,"422","","",10,"<=",132.214,"uA","<=",166.5,"P",0.13908,***,"",
5,"Output_disabled_leakage","","IVINDIS_VDD_3_VIN_3",40050,"",1,1,"VIN1",5,"422","","",10,"<=",77.9098,"uA","<=",166.5,"P",0.13908,***,"",
5,"Output_disabled_leakage","","IOFF_VDD_3_VIN_3",40090,"",1,1,"VOUT4",5,"422","","",-14,"<=",-1.95814,"uA","<=",11,"P",0.13908,***,"",
5,"Output_disabled_leakage","","IVDDDIS_VDD_3_VIN_20",40020,"",1,1,"VDD",5,"422","","",10,"<=",122.16,"uA","<=",166.5,"P",0.13908,***,"",
5,"Output_disabled_leakage","","IVINDIS_VDD_3_VIN_20",40060,"",1,1,"VIN1",5,"422","","",10,"<=",101.344,"uA","<=",166.5,"P",0.13908,***,"",
5,"Output_disabled_leakage","","IOFF_VDD_3_VIN_20",40100,"",1,1,"VOUT4",5,"422","","",-14,"<=",-2.42778,"uA","<=",11,"P",0.13908,***,"",
5,"Output_disabled_leakage","","IVINVDD0_VIN_3",40130,"",1,1,"VIN1",5,"422","","",10,"<=",74.5943,"uA","<=",166.5,"P",0.13908,***,"",
5,"Output_disabled_leakage","","IOFFVDD0_VIN_3",40150,"",1,1,"VOUT4",5,"422","","",-14,"<=",-1.71839,"uA","<=",11,"P",0.13908,***,"",
5,"Output_disabled_leakage","","IVDDDIS_VDD_20_VIN_3",40030,"",1,1,"VDD",5,"422","","",10,"<=",153.231,"uA","<=",166.5,"P",0.13908,***,"",
5,"Output_disabled_leakage","","IVINDIS_VDD_20_VIN_3",40070,"",1,1,"VIN1",5,"422","","",10,"<=",74.9575,"uA","<=",166.5,"P",0.13908,***,"",
5,"Output_disabled_leakage","","IOFF_VDD_20_VIN_3",40110,"",1,1,"VOUT4",5,"422","","",-14,"<=",-2.1462,"uA","<=",11,"P",0.13908,***,"",
5,"Output_disabled_leakage","","IVDDDIS_VDD_20_VIN_20",40040,"",1,1,"VDD",5,"422","","",10,"<=",147.346,"uA","<=",166.5,"P",0.13908,***,"",
5,"Output_disabled_leakage","","IVINDIS_VDD_20_VIN_20",40080,"",1,1,"VIN1",5,"422","","",10,"<=",98.0366,"uA","<=",166.5,"P",0.13908,***,"",
5,"Output_disabled_leakage","","IOFF_VDD_20_VIN_20",40120,"",1,1,"VOUT4",5,"422","","",-14,"<=",-1.89134,"uA","<=",11,"P",0.13908,***,"",
5,"Output_disabled_leakage","","IVINVDD0_VIN_20",40140,"",1,1,"VIN1",5,"422","","",10,"<=",112.355,"uA","<=",166.5,"P",0.13908,***,"",
5,"Output_disabled_leakage","","IOFFVDD0_VIN_20",40160,"",1,1,"VOUT4",5,"422","","",-14,"<=",-1.94254,"uA","<=",11,"P",0.13908,***,"",
5,"EN_pullup_resistor","","EN0V_PULLUP_RES",50010,"",1,1,"EN0_PS1600",5,"422","","",155,"<=",181.698,"Kohm","<=",230,"P",0.0726727,***,"",
5,"EN_pullup_resistor","","EN1V_PULLUP_RES",50020,"",1,1,"EN0_PS1600",5,"422","","",155,"<=",182.46,"Kohm","<=",230,"P",0.0726727,***,"",
5,"EN_pullup_resistor","","EN0V_Current",50030,"",1,1,"EN0_PS1600",5,"422","","",-11,"<=",-9.90652,"uA","<=",-7,"P",0.0726727,***,"",
5,"EN_pullup_resistor","","EN1V_Current",50040,"",1,1,"EN0_PS1600",5,"422","","",-5.5,"<=",-4.38451,"uA","<=",-3,"P",0.0726727,***,"",
5,"Leakage_Test","","IOFF_REVERSE_VOUT_VIN_LEAKAGE_1mA",60030,"",1,1,"VIN",5,"422","","",-331,"<=",-267.91,"mV","<=",-205,"P",0.0784865,***,"",
5,"Leakage_Test","","IOFF_REVERSE_VOUT_VIN_LEAKAGE_10mA",60040,"",1,1,"VIN",5,"422","","",-340,"<=",-329.895,"mV","<=",-205,"P",0.0784865,***,"",
5,"Leakage_Test","","IOFF_REVERSE_VOUT_VIN_LEAKAGE_100mA",60050,"",1,1,"VIN",5,"422","","",-331,"<=",-209.675,"mV","<=",-205,"P",0.0784865,***,"",
5,"Nominal_Input_pin_Leakages","","LEAKAGE",70010,"",1,1,"EN0_PS1600",5,"422","","",10,"<=",27.0279,"uA","<=",40,"P",0.26063,***,"",
5,"Nominal_Input_pin_Leakages","","LEAKAGE",70060,"",1,1,"FAULTB_PS1600",5,"422","","",-0.2,"<=",0.0102309,"uA","<=",0.2,"P",0.26063,***,"",
5,"Nominal_Input_pin_Leakages","","LEAKAGE",70020,"",1,1,"FCB_PS1600",5,"422","","",-0.5,"<=",0.0115457,"uA","<=",0.5,"P",0.26063,***,"",
5,"Nominal_Input_pin_Leakages","","LEAKAGE",70040,"",1,1,"ISEN_PS1600",5,"422","","",24,"<=",28.0877,"uA","<=",50,"P",0.26063,***,"",
5,"Nominal_Input_pin_Leakages","","LEAKAGE",70030,"",1,1,"ITRIP_PS1600",5,"422","","",14,"<=",16.0003,"uA","<=",25,"P",0.26063,***,"",
5,"Nominal_Input_pin_Leakages","","LEAKAGE",70080,"",1,1,"OFF_PS1600",5,"422","","",-0.2,"<=",0.150592,"uA","<=",0.5,"P",0.26063,***,"",
5,"Nominal_Input_pin_Leakages","","LEAKAGE",70050,"",1,1,"SS_PS1600",5,"422","","",20,"<=",54.2148,"uA","<=",70,"P",0.26063,***,"",
5,"Nominal_Input_pin_Leakages","","LEAKAGE",70070,"",1,1,"VBIAS_PS1600",5,"422","","",5,"<=",28.0398,"uA","<=",40,"P",0.26063,***,"",
5,"Nominal_Input_pin_Leakages","","LEAKAGE_2V",70090,"",1,1,"OFF_PS1600",5,"422","","",-0.5,"<=",0.144259,"uA","<=",0.5,"P",0.26063,***,"",
5,"Output_enabled_leakage","","IVDD_VDD_3_Vin_3",80001,"",1,1,"VDD",5,"422","","",10,"<=",105.157,"uA","<=",130,"P",0.547819,***,"",
5,"Output_enabled_leakage","","IVIN_VDD_3_Vin_3",80005,"",1,1,"VIN1",5,"422","","",10,"<=",56.176,"uA","<=",75,"P",0.547819,***,"",
5,"Output_enabled_leakage","","IVDD_VDD_3_Vin_20",80010,"",1,1,"VDD",5,"422","","",10,"<=",109.809,"uA","<=",150,"P",0.547819,***,"",
5,"Output_enabled_leakage","","IVIN_VDD_3_Vin_20",80014,"",1,1,"VIN1",5,"422","","",10,"<=",92.5325,"uA","<=",120,"P",0.547819,***,"",
5,"Output_enabled_leakage","","IVDD_VDD_20_Vin_3",80011,"",1,1,"VDD",5,"422","","",10,"<=",122.558,"uA","<=",150,"P",0.547819,***,"",
5,"Output_enabled_leakage","","IVIN_VDD_20_Vin_3",80015,"",1,1,"VIN1",5,"422","","",10,"<=",54.5466,"uA","<=",75,"P",0.547819,***,"",
5,"Output_enabled_leakage","","IVDD_VDD_20_Vin_20",80012,"",1,1,"VDD",5,"422","","",10,"<=",127.466,"uA","<=",175,"P",0.547819,***,"",
5,"Output_enabled_leakage","","IVIN_VDD_20_Vin_20",80016,"",1,1,"VIN1",5,"422","","",10,"<=",91.7139,"uA","<=",120,"P",0.547819,***,"",
5,"SCAN","","Scan_test",330010,"_rdi_burst_SCAN_bk4_mp",1,1,"@",5,"422","","",***,"",***," ","",***,"P",0.079737,***,"",
5,"Logic","","Logic_test",340010,"_rdi_burst_Logic_bk6_mp",1,1,"@",5,"422","","",***,"",***," ","",***,"P",0.300591,***,"",
5,"Vreftrim","","VBIAS_VALUE_CODE0",180020,"",1,1,"VBIAS_PS1600",5,"422","","",1.5,"<=",1.93451,"V","<=",2.5,"P",2.20645,***,"",
5,"Vreftrim","","VBIAS_VALUE_CODE1",180030,"",1,1,"VBIAS_PS1600",5,"422","","",1.5,"<=",1.95352,"V","<=",2.5,"P",2.20645,***,"",
5,"Vreftrim","","VBIAS_VALUE_CODE2",180040,"",1,1,"VBIAS_PS1600",5,"422","","",1.5,"<=",1.97321,"V","<=",2.5,"P",2.20645,***,"",
5,"Vreftrim","","VBIAS_VALUE_CODE3",180050,"",1,1,"VBIAS_PS1600",5,"422","","",1.5,"<=",1.99296,"V","<=",2.5,"P",2.20645,***,"",
5,"Vreftrim","","VBIAS_VALUE_CODE4",180060,"",1,1,"VBIAS_PS1600",5,"422","","",1.5,"<=",2.01323,"V","<=",2.5,"P",2.20645,***,"",
5,"Vreftrim","","VBIAS_VALUE_CODE5",180070,"",1,1,"VBIAS_PS1600",5,"422","","",1.5,"<=",2.03309,"V","<=",2.5,"P",2.20645,***,"",
5,"Vreftrim","","VBIAS_VALUE_CODE6",180080,"",1,1,"VBIAS_PS1600",5,"422","","",1.5,"<=",2.05284,"V","<=",2.5,"P",2.20645,***,"",
5,"Vreftrim","","VBIAS_VALUE_CODE7",180090,"",1,1,"VBIAS_PS1600",5,"422","","",1.5,"<=",2.07225,"V","<=",2.5,"P",2.20645,***,"",
5,"Vreftrim","","VBIAS_VALUE_CODE8",180100,"",1,1,"VBIAS_PS1600",5,"422","","",1.5,"<=",2.09302,"V","<=",2.5,"P",2.20645,***,"",
5,"Vreftrim","","VBIAS_VALUE_CODE9",180110,"",1,1,"VBIAS_PS1600",5,"422","","",1.5,"<=",2.1126,"V","<=",2.5,"P",2.20645,***,"",
5,"Vreftrim","","VBIAS_VALUE_CODE10",180120,"",1,1,"VBIAS_PS1600",5,"422","","",1.5,"<=",2.13212,"V","<=",2.5,"P",2.20645,***,"",
5,"Vreftrim","","VBIAS_VALUE_CODE11",180130,"",1,1,"VBIAS_PS1600",5,"422","","",1.5,"<=",2.15176,"V","<=",2.5,"P",2.20645,***,"",
5,"Vreftrim","","VBIAS_VALUE_CODE12",180140,"",1,1,"VBIAS_PS1600",5,"422","","",1.5,"<=",2.17202,"V","<=",2.5,"P",2.20645,***,"",
5,"Vreftrim","","VBIAS_VALUE_CODE13",180150,"",1,1,"VBIAS_PS1600",5,"422","","",1.5,"<=",2.19166,"V","<=",2.5,"P",2.20645,***,"",
5,"Vreftrim","","VBIAS_VALUE_CODE14",180160,"",1,1,"VBIAS_PS1600",5,"422","","",1.5,"<=",2.21129,"V","<=",2.5,"P",2.20645,***,"",
5,"Vreftrim","","VBIAS_VALUE_CODE15",180170,"",1,1,"VBIAS_PS1600",5,"422","","",1.5,"<=",2.23087,"V","<=",2.5,"P",2.20645,***,"",
5,"Vreftrim","","VBIAS_VALUE_CODE16",180180,"",1,1,"VBIAS_PS1600",5,"422","","",1.5,"<=",1.61492,"V","<=",2.5,"P",2.20645,***,"",
5,"Vreftrim","","VBIAS_VALUE_CODE17",180190,"",1,1,"VBIAS_PS1600",5,"422","","",1.5,"<=",1.63422,"V","<=",2.5,"P",2.20645,***,"",
5,"Vreftrim","","VBIAS_VALUE_CODE18",180200,"",1,1,"VBIAS_PS1600",5,"422","","",1.5,"<=",1.65391,"V","<=",2.5,"P",2.20645,***,"",
5,"Vreftrim","","VBIAS_VALUE_CODE19",180210,"",1,1,"VBIAS_PS1600",5,"422","","",1.5,"<=",1.67338,"V","<=",2.5,"P",2.20645,***,"",
5,"Vreftrim","","VBIAS_VALUE_CODE20",180220,"",1,1,"VBIAS_PS1600",5,"422","","",1.5,"<=",1.69364,"V","<=",2.5,"P",2.20645,***,"",
5,"Vreftrim","","VBIAS_VALUE_CODE21",180230,"",1,1,"VBIAS_PS1600",5,"422","","",1.5,"<=",1.71305,"V","<=",2.5,"P",2.20645,***,"",
5,"Vreftrim","","VBIAS_VALUE_CODE22",180240,"",1,1,"VBIAS_PS1600",5,"422","","",1.5,"<=",1.73274,"V","<=",2.5,"P",2.20645,***,"",
5,"Vreftrim","","VBIAS_VALUE_CODE23",180250,"",1,1,"VBIAS_PS1600",5,"422","","",1.5,"<=",1.75221,"V","<=",2.5,"P",2.20645,***,"",
5,"Vreftrim","","VBIAS_VALUE_CODE24",180260,"",1,1,"VBIAS_PS1600",5,"422","","",1.5,"<=",1.77309,"V","<=",2.5,"P",2.20645,***,"",
5,"Vreftrim","","VBIAS_VALUE_CODE25",180270,"",1,1,"VBIAS_PS1600",5,"422","","",1.5,"<=",1.7929,"V","<=",2.5,"P",2.20645,***,"",
5,"Vreftrim","","VBIAS_VALUE_CODE26",180280,"",1,1,"VBIAS_PS1600",5,"422","","",1.5,"<=",1.81254,"V","<=",2.5,"P",2.20645,***,"",
5,"Vreftrim","","VBIAS_VALUE_CODE27",180290,"",1,1,"VBIAS_PS1600",5,"422","","",1.5,"<=",1.83206,"V","<=",2.5,"P",2.20645,***,"",
5,"Vreftrim","","VBIAS_VALUE_CODE28",180300,"",1,1,"VBIAS_PS1600",5,"422","","",1.5,"<=",1.85244,"V","<=",2.5,"P",2.20645,***,"",
5,"Vreftrim","","VBIAS_VALUE_CODE29",180310,"",1,1,"VBIAS_PS1600",5,"422","","",1.5,"<=",1.87201,"V","<=",2.5,"P",2.20645,***,"",
5,"Vreftrim","","VBIAS_VALUE_CODE30",180320,"",1,1,"VBIAS_PS1600",5,"422","","",1.5,"<=",1.89171,"V","<=",2.5,"P",2.20645,***,"",
5,"Vreftrim","","VBIAS_VALUE_CODE31",180330,"",1,1,"VBIAS_PS1600",5,"422","","",1.5,"<=",1.91146,"V","<=",2.5,"P",2.20645,***,"",
5,"Vreftrim","","VREF_TRIM_CODE",180010,"",1,1,"VBIAS_PS1600",5,"422","","",0,"<=",25,"Code","<=",31,"P",2.20645,***,"",
5,"Vreftrim","","VBIAS_BEST_FIT_VALUE",180340,"",1,1,"VBIAS_PS1600",5,"422","","",1.77,"<=",1.7929,"V","<=",1.83,"P",2.20645,***,"",
5,"SS_Current_Trim","","SS_CURRENT_CODE0",220040,"",1,1,"SS_PS1600",5,"422","","",-16,"<=",-11.39,"uA","<=",-6,"P",2.54068,***,"",
5,"SS_Current_Trim","","SS_CURRENT_CODE1",220050,"",1,1,"SS_PS1600",5,"422","","",-16,"<=",-11.519,"uA","<=",-6,"P",2.54068,***,"",
5,"SS_Current_Trim","","SS_CURRENT_CODE2",220060,"",1,1,"SS_PS1600",5,"422","","",-16,"<=",-11.674,"uA","<=",-6,"P",2.54068,***,"",
5,"SS_Current_Trim","","SS_CURRENT_CODE3",220070,"",1,1,"SS_PS1600",5,"422","","",-16,"<=",-11.846,"uA","<=",-6,"P",2.54068,***,"",
5,"SS_Current_Trim","","SS_CURRENT_CODE4",220080,"",1,1,"SS_PS1600",5,"422","","",-16,"<=",-11.991,"uA","<=",-6,"P",2.54068,***,"",
5,"SS_Current_Trim","","SS_CURRENT_CODE5",220090,"",1,1,"SS_PS1600",5,"422","","",-16,"<=",-12.173,"uA","<=",-6,"P",2.54068,***,"",
5,"SS_Current_Trim","","SS_CURRENT_CODE6",220100,"",1,1,"SS_PS1600",5,"422","","",-16,"<=",-12.343,"uA","<=",-6,"P",2.54068,***,"",
5,"SS_Current_Trim","","SS_CURRENT_CODE7",220110,"",1,1,"SS_PS1600",5,"422","","",-16,"<=",-12.5,"uA","<=",-6,"P",2.54068,***,"",
5,"SS_Current_Trim","","SS_CURRENT_CODE8",220120,"",1,1,"SS_PS1600",5,"422","","",-16,"<=",-12.68,"uA","<=",-6,"P",2.54068,***,"",
5,"SS_Current_Trim","","SS_CURRENT_CODE9",220130,"",1,1,"SS_PS1600",5,"422","","",-16,"<=",-12.888,"uA","<=",-6,"P",2.54068,***,"",
5,"SS_Current_Trim","","SS_CURRENT_CODE10",220140,"",1,1,"SS_PS1600",5,"422","","",-16,"<=",-13.078,"uA","<=",-6,"P",2.54068,***,"",
5,"SS_Current_Trim","","SS_CURRENT_CODE11",220150,"",1,1,"SS_PS1600",5,"422","","",-16,"<=",-13.253,"uA","<=",-6,"P",2.54068,***,"",
5,"SS_Current_Trim","","SS_CURRENT_CODE12",220160,"",1,1,"SS_PS1600",5,"422","","",-16,"<=",-13.479,"uA","<=",-6,"P",2.54068,***,"",
5,"SS_Current_Trim","","SS_CURRENT_CODE13",220170,"",1,1,"SS_PS1600",5,"422","","",-16,"<=",-13.672,"uA","<=",-6,"P",2.54068,***,"",
5,"SS_Current_Trim","","SS_CURRENT_CODE14",220180,"",1,1,"SS_PS1600",5,"422","","",-16,"<=",-13.885,"uA","<=",-6,"P",2.54068,***,"",
5,"SS_Current_Trim","","SS_CURRENT_CODE15",220190,"",1,1,"SS_PS1600",5,"422","","",-16,"<=",-14.136,"uA","<=",-6,"P",2.54068,***,"",
5,"SS_Current_Trim","","SS_CURRENT_CODE16",220200,"",1,1,"SS_PS1600",5,"422","","",-16,"<=",-9.44,"uA","<=",-6,"P",2.54068,***,"",
5,"SS_Current_Trim","","SS_CURRENT_CODE17",220210,"",1,1,"SS_PS1600",5,"422","","",-16,"<=",-9.554,"uA","<=",-6,"P",2.54068,***,"",
5,"SS_Current_Trim","","SS_CURRENT_CODE18",220220,"",1,1,"SS_PS1600",5,"422","","",-16,"<=",-9.658,"uA","<=",-6,"P",2.54068,***,"",
5,"SS_Current_Trim","","SS_CURRENT_CODE19",220230,"",1,1,"SS_PS1600",5,"422","","",-16,"<=",-9.749,"uA","<=",-6,"P",2.54068,***,"",
5,"SS_Current_Trim","","SS_CURRENT_CODE20",220240,"",1,1,"SS_PS1600",5,"422","","",-16,"<=",-9.871,"uA","<=",-6,"P",2.54068,***,"",
5,"SS_Current_Trim","","SS_CURRENT_CODE21",220250,"",1,1,"SS_PS1600",5,"422","","",-16,"<=",-9.965,"uA","<=",-6,"P",2.54068,***,"",
5,"SS_Current_Trim","","SS_CURRENT_CODE22",220260,"",1,1,"SS_PS1600",5,"422","","",-16,"<=",-10.076,"uA","<=",-6,"P",2.54068,***,"",
5,"SS_Current_Trim","","SS_CURRENT_CODE23",220270,"",1,1,"SS_PS1600",5,"422","","",-16,"<=",-10.211,"uA","<=",-6,"P",2.54068,***,"",
5,"SS_Current_Trim","","SS_CURRENT_CODE24",220280,"",1,1,"SS_PS1600",5,"422","","",-16,"<=",-10.332,"uA","<=",-6,"P",2.54068,***,"",
5,"SS_Current_Trim","","SS_CURRENT_CODE25",220290,"",1,1,"SS_PS1600",5,"422","","",-16,"<=",-10.436,"uA","<=",-6,"P",2.54068,***,"",
5,"SS_Current_Trim","","SS_CURRENT_CODE26",220300,"",1,1,"SS_PS1600",5,"422","","",-16,"<=",-10.561,"uA","<=",-6,"P",2.54068,***,"",
5,"SS_Current_Trim","","SS_CURRENT_CODE27",220310,"",1,1,"SS_PS1600",5,"422","","",-16,"<=",-10.7,"uA","<=",-6,"P",2.54068,***,"",
5,"SS_Current_Trim","","SS_CURRENT_CODE28",220320,"",1,1,"SS_PS1600",5,"422","","",-16,"<=",-10.817,"uA","<=",-6,"P",2.54068,***,"",
5,"SS_Current_Trim","","SS_CURRENT_CODE29",220330,"",1,1,"SS_PS1600",5,"422","","",-16,"<=",-10.966,"uA","<=",-6,"P",2.54068,***,"",
5,"SS_Current_Trim","","SS_CURRENT_CODE30",220340,"",1,1,"SS_PS1600",5,"422","","",-16,"<=",-11.103,"uA","<=",-6,"P",2.54068,***,"",
5,"SS_Current_Trim","","SS_CURRENT_CODE31",220350,"",1,1,"SS_PS1600",5,"422","","",-16,"<=",-11.23,"uA","<=",-6,"P",2.54068,***,"",
5,"SS_Current_Trim","","SS_CURRENT_TRIM_CODE",220030,"",1,1,"SS_PS1600",5,"422","","",0,"<=",21,"Code","<=",31,"P",2.54068,***,"",
5,"SS_Current_Trim","","SS_CURRENT_BEST_FIT_VALUE",220360,"",1,1,"SS_PS1600",5,"422","","",-10.4,"<=",-9.965,"uA","<=",-9.6,"P",2.54068,***,"",
5,"SS_Gain","","CURRENT_SS_0P1V_CODE0",230020,"",1,1,"SS_PS1600",5,"422","","",150,"<=",513.834,"mA","<=",1800,"P",3.92911,***,"",
5,"SS_Gain","","CURRENT_SS_0P2V_CODE0",230180,"",1,1,"SS_PS1600",5,"422","","",300,"<=",1035.22,"mA","<=",3200,"P",3.92911,***,"",
5,"SS_Gain","","CURRENT_SS_0P1V_CODE1",230030,"",1,1,"SS_PS1600",5,"422","","",150,"<=",520.574,"mA","<=",1800,"P",3.92911,***,"",
5,"SS_Gain","","CURRENT_SS_0P2V_CODE1",230190,"",1,1,"SS_PS1600",5,"422","","",300,"<=",1041.64,"mA","<=",3200,"P",3.92911,***,"",
5,"SS_Gain","","CURRENT_SS_0P1V_CODE2",230040,"",1,1,"SS_PS1600",5,"422","","",150,"<=",667.686,"mA","<=",1800,"P",3.92911,***,"",
5,"SS_Gain","","CURRENT_SS_0P2V_CODE2",230200,"",1,1,"SS_PS1600",5,"422","","",300,"<=",1325.4,"mA","<=",3200,"P",3.92911,***,"",
5,"SS_Gain","","CURRENT_SS_0P1V_CODE3",230050,"",1,1,"SS_PS1600",5,"422","","",150,"<=",747.482,"mA","<=",1800,"P",3.92911,***,"",
5,"SS_Gain","","CURRENT_SS_0P2V_CODE3",230210,"",1,1,"SS_PS1600",5,"422","","",300,"<=",1473.06,"mA","<=",3200,"P",3.92911,***,"",
5,"SS_Gain","","CURRENT_SS_0P1V_CODE4",230060,"",1,1,"SS_PS1600",5,"422","","",150,"<=",822.674,"mA","<=",1800,"P",3.92911,***,"",
5,"SS_Gain","","CURRENT_SS_0P2V_CODE4",230220,"",1,1,"SS_PS1600",5,"422","","",300,"<=",1614.93,"mA","<=",3200,"P",3.92911,***,"",
5,"SS_Gain","","CURRENT_SS_0P1V_CODE5",230070,"",1,1,"SS_PS1600",5,"422","","",150,"<=",902.91,"mA","<=",1800,"P",3.92911,***,"",
5,"SS_Gain","","CURRENT_SS_0P2V_CODE5",230230,"",1,1,"SS_PS1600",5,"422","","",300,"<=",1764.48,"mA","<=",3200,"P",3.92911,***,"",
5,"SS_Gain","","CURRENT_SS_0P1V_CODE6",230080,"",1,1,"SS_PS1600",5,"422","","",150,"<=",980.499,"mA","<=",1800,"P",3.92911,***,"",
5,"SS_Gain","","CURRENT_SS_0P2V_CODE6",230240,"",1,1,"SS_PS1600",5,"422","","",300,"<=",1910.59,"mA","<=",3200,"P",3.92911,***,"",
5,"SS_Gain","","CURRENT_SS_0P1V_CODE7",230090,"",1,1,"SS_PS1600",5,"422","","",150,"<=",1057.83,"mA","<=",1800,"P",3.92911,***,"",
5,"SS_Gain","","CURRENT_SS_0P2V_CODE7",230250,"",1,1,"SS_PS1600",5,"422","","",300,"<=",2057.85,"mA","<=",3200,"P",3.92911,***,"",
5,"SS_Gain","","CURRENT_SS_0P1V_CODE8",230100,"",1,1,"SS_PS1600",5,"422","","",150,"<=",1134.6,"mA","<=",1800,"P",3.92911,***,"",
5,"SS_Gain","","CURRENT_SS_0P2V_CODE8",230260,"",1,1,"SS_PS1600",5,"422","","",300,"<=",2201.37,"mA","<=",3200,"P",3.92911,***,"",
5,"SS_Gain","","CURRENT_SS_0P1V_CODE9",230110,"",1,1,"SS_PS1600",5,"422","","",150,"<=",1215.3,"mA","<=",1800,"P",3.92911,***,"",
5,"SS_Gain","","CURRENT_SS_0P2V_CODE9",230270,"",1,1,"SS_PS1600",5,"422","","",300,"<=",2353.1,"mA","<=",3200,"P",3.92911,***,"",
5,"SS_Gain","","CURRENT_SS_0P1V_CODE10",230120,"",1,1,"SS_PS1600",5,"422","","",150,"<=",1294.27,"mA","<=",1800,"P",3.92911,***,"",
5,"SS_Gain","","CURRENT_SS_0P2V_CODE10",230280,"",1,1,"SS_PS1600",5,"422","","",300,"<=",2498.72,"mA","<=",3200,"P",3.92911,***,"",
5,"SS_Gain","","CURRENT_SS_0P1V_CODE11",230130,"",1,1,"SS_PS1600",5,"422","","",150,"<=",1371.4,"mA","<=",1800,"P",3.92911,***,"",
5,"SS_Gain","","CURRENT_SS_0P2V_CODE11",230290,"",1,1,"SS_PS1600",5,"422","","",300,"<=",2642.33,"mA","<=",3200,"P",3.92911,***,"",
5,"SS_Gain","","CURRENT_SS_0P1V_CODE12",230140,"",1,1,"SS_PS1600",5,"422","","",150,"<=",1451.68,"mA","<=",1800,"P",3.92911,***,"",
5,"SS_Gain","","CURRENT_SS_0P2V_CODE12",230300,"",1,1,"SS_PS1600",5,"422","","",300,"<=",2786.04,"mA","<=",3200,"P",3.92911,***,"",
5,"SS_Gain","","CURRENT_SS_0P1V_CODE13",230150,"",1,1,"SS_PS1600",5,"422","","",150,"<=",1528.15,"mA","<=",1800,"P",3.92911,***,"",
5,"SS_Gain","","CURRENT_SS_0P2V_CODE13",230310,"",1,1,"SS_PS1600",5,"422","","",300,"<=",2928.18,"mA","<=",3200,"P",3.92911,***,"",
5,"SS_Gain","","CURRENT_SS_0P1V_CODE14",230160,"",1,1,"SS_PS1600",5,"422","","",150,"<=",1606.32,"mA","<=",1800,"P",3.92911,***,"",
5,"SS_Gain","","CURRENT_SS_0P2V_CODE14",230320,"",1,1,"SS_PS1600",5,"422","","",300,"<=",3070.51,"mA","<=",3200,"P",3.92911,***,"",
5,"SS_Gain","","CURRENT_SS_0P1V_CODE15",230170,"",1,1,"SS_PS1600",5,"422","","",150,"<=",1690.41,"mA","<=",1800,"P",3.92911,***,"",
5,"SS_Gain","","CURRENT_SS_0P2V_CODE15",230330,"",1,1,"SS_PS1600",5,"422","","",300,"<=",2614.44,"mA","<=",4000,"P",3.92911,***,"",
5,"SS_Gain","","SS_GAIN_TRIM_CODE",230010,"",1,1,"SS_PS1600",5,"422","","",0,"<=",7,"Code","<=",15,"P",3.92911,***,"",
5,"SS_Gain","","BEST_CURR_SS_0p2V",230340,"",1,1,"SS_PS1600",5,"422","","",1700,"<=",2057.85,"mA","<=",2300,"P",3.92911,***,"",
5,"SS_Gain","","BEST_CURR_SS_0p1V",230350,"",1,1,"SS_PS1600",5,"422","","",700,"<=",1057.83,"mA","<=",1300,"P",3.92911,***,"",
5,"SS_Gain","","BEST_CURR_SS_delta",230360,"",1,1,"SS_PS1600",5,"422","","",900,"<=",1000.03,"mA","<=",1100,"P",3.92911,***,"",
5,"SSoffset_Trim","","SS_OFFSET_CURRENT_CODE0",240020,"",1,1,"SS_PS1600",5,"422","","",-700,"<=",-546.362,"mA","<=",-100,"P",1.87225,***,"",
5,"SSoffset_Trim","","SS_OFFSET_CURRENT_CODE1",240030,"",1,1,"SS_PS1600",5,"422","","",-700,"<=",-538.001,"mA","<=",-100,"P",1.87225,***,"",
5,"SSoffset_Trim","","SS_OFFSET_CURRENT_CODE2",240040,"",1,1,"SS_PS1600",5,"422","","",-700,"<=",-521.255,"mA","<=",-100,"P",1.87225,***,"",
5,"SSoffset_Trim","","SS_OFFSET_CURRENT_CODE3",240050,"",1,1,"SS_PS1600",5,"422","","",-700,"<=",-506.684,"mA","<=",-100,"P",1.87225,***,"",
5,"SSoffset_Trim","","SS_OFFSET_CURRENT_CODE4",240060,"",1,1,"SS_PS1600",5,"422","","",-700,"<=",-491.345,"mA","<=",-100,"P",1.87225,***,"",
5,"SSoffset_Trim","","SS_OFFSET_CURRENT_CODE5",240070,"",1,1,"SS_PS1600",5,"422","","",-700,"<=",-476.298,"mA","<=",-100,"P",1.87225,***,"",
5,"SSoffset_Trim","","SS_OFFSET_CURRENT_CODE6",240080,"",1,1,"SS_PS1600",5,"422","","",-700,"<=",-459.361,"mA","<=",-100,"P",1.87225,***,"",
5,"SSoffset_Trim","","SS_OFFSET_CURRENT_CODE7",240090,"",1,1,"SS_PS1600",5,"422","","",-700,"<=",-447.552,"mA","<=",-100,"P",1.87225,***,"",
5,"SSoffset_Trim","","SS_OFFSET_CURRENT_CODE8",240100,"",1,1,"SS_PS1600",5,"422","","",-700,"<=",-431.823,"mA","<=",-100,"P",1.87225,***,"",
5,"SSoffset_Trim","","SS_OFFSET_CURRENT_CODE9",240110,"",1,1,"SS_PS1600",5,"422","","",-700,"<=",-415.336,"mA","<=",-100,"P",1.87225,***,"",
5,"SSoffset_Trim","","SS_OFFSET_CURRENT_CODE10",240120,"",1,1,"SS_PS1600",5,"422","","",-700,"<=",-399.568,"mA","<=",-100,"P",1.87225,***,"",
5,"SSoffset_Trim","","SS_OFFSET_CURRENT_CODE11",240130,"",1,1,"SS_PS1600",5,"422","","",-700,"<=",-387.853,"mA","<=",-100,"P",1.87225,***,"",
5,"SSoffset_Trim","","SS_OFFSET_CURRENT_CODE12",240140,"",1,1,"SS_PS1600",5,"422","","",-700,"<=",-369.655,"mA","<=",-100,"P",1.87225,***,"",
5,"SSoffset_Trim","","SS_OFFSET_CURRENT_CODE13",240150,"",1,1,"SS_PS1600",5,"422","","",-700,"<=",-358.118,"mA","<=",-100,"P",1.87225,***,"",
5,"SSoffset_Trim","","SS_OFFSET_CURRENT_CODE14",240160,"",1,1,"SS_PS1600",5,"422","","",-700,"<=",-342.162,"mA","<=",-100,"P",1.87225,***,"",
5,"SSoffset_Trim","","SS_OFFSET_CURRENT_CODE15",240170,"",1,1,"SS_PS1600",5,"422","","",-700,"<=",-327.054,"mA","<=",-100,"P",1.87225,***,"",
5,"SSoffset_Trim","","SS_OFFSET_TRIM_CODE",240010,"",1,1,"SS_PS1600",5,"422","","",0,"<=",10,"Code","<=",15,"P",1.87225,***,"",
5,"SSoffset_Trim","","BEST_Curr_SS_0p04V",240180,"",1,1,"SS_PS1600",5,"422","","",-450,"<=",-399.568,"mA","<=",-350,"P",1.87225,***,"",
5,"VDD_UVLO_OTS_POR","","Low_Temp_Voltage_bank0",200130,"",1,1,"OFF_PS1600",5,"422","","",0,"<=",0.000998851,"V","<=",0.2,"P",0.250619,***,"",
5,"VDD_UVLO_OTS_POR","","High_Temp_Voltage_bank0",200140,"",1,1,"OFF_PS1600",5,"422","","",1.6,"<=",1.91112,"V","<=",2.3,"P",0.250619,***,"",
5,"VDD_UVLO_OTS_POR","","Low_Temp_Voltage_bank0_reset",200150,"",1,1,"OFF_PS1600",5,"422","","",0,"<=",0.000998851,"V","<=",0.2,"P",0.250619,***,"",
5,"VDD_UVLO_OTS_POR","","Low_Temp_Voltage_bank1",200160,"",1,1,"OFF_PS1600",5,"422","","",0,"<=",0.000998851,"V","<=",0.2,"P",0.250619,***,"",
5,"VDD_UVLO_OTS_POR","","High_Temp_Voltage_bank1",200170,"",1,1,"OFF_PS1600",5,"422","","",1.6,"<=",1.91237,"V","<=",2.3,"P",0.250619,***,"",
5,"VDD_UVLO_OTS_POR","","Low_Temp_Voltage_bank1_reset",200180,"",1,1,"OFF_PS1600",5,"422","","",0,"<=",0.000998851,"V","<=",0.5,"P",0.250619,***,"",
5,"UVLO_POR_redundancy","","I_ISEN_UVLO",410010,"",1,1,"VBIAS_PS1600",5,"422","","",8,"<=",11.038,"uA","<=",13,"P",9.10616,***,"",
5,"UVLO_POR_redundancy","","I_IN_VDD3V",410020,"",1,1,"VBIAS_PS1600",5,"422","","",-10,"<=",-1,"nA","<=",300,"P",9.10616,***,"",
5,"UVLO_POR_redundancy","","VDD_UVLO_Falling",410030,"",1,1,"VBIAS_PS1600",5,"422","","",2,"<=",2.52,"V","<=",2.75,"P",9.10616,***,"",
5,"UVLO_POR_redundancy","","I_IN_VDD_UVLO_Falling",410040,"",1,1,"VBIAS_PS1600",5,"422","","",8,"<=",11.0481,"uA","<=",13,"P",9.10616,***,"",
5,"UVLO_POR_redundancy","","VBIAS_POR_Falling",410050,"",1,1,"VBIAS_PS1600",5,"422","","",1.1,"<=",1.335,"V","<=",1.45,"P",9.10616,***,"",
5,"UVLO_POR_redundancy","","I_IN_VBIAS_POR_Falling",410060,"",1,1,"VBIAS_PS1600",5,"422","","",20,"<=",27.8373,"uA","<=",33,"P",9.10616,***,"",
5,"UVLO_POR_redundancy","","VBIAS_PORsu_Falling",410070,"",1,1,"VBIAS_PS1600",5,"422","","",0.725,"<=",0.965,"V","<=",1.2,"P",9.10616,***,"",
5,"UVLO_POR_redundancy","","I_IN_VBIAS_PORsu_Falling",410080,"",1,1,"VBIAS_PS1600",5,"422","","",35,"<=",44.807,"uA","<=",50,"P",9.10616,***,"",
5,"UVLO_POR_redundancy","","VBIAS_PORsu_Rising",410090,"",1,1,"VBIAS_PS1600",5,"422","","",0.75,"<=",1.04,"V","<=",1.3,"P",9.10616,***,"",
5,"UVLO_POR_redundancy","","I_IN_VBIAS_PORsu_Rising",410100,"",1,1,"VBIAS_PS1600",5,"422","","",20,"<=",27.6187,"uA","<=",32,"P",9.10616,***,"",
5,"UVLO_POR_redundancy","","PORsu_Hysteresis",410110,"",1,1,"VBIAS_PS1600",5,"422","","",0,"<=",0.075,"","<=",0.175,"P",9.10616,***,"",
5,"UVLO_POR_redundancy","","VBIAS_POR_Rising",410120,"",1,1,"VBIAS_PS1600",5,"422","","",1.2,"<=",1.515,"V","<=",1.6,"P",9.10616,***,"",
5,"UVLO_POR_redundancy","","I_IN_VBIAS_POR_Rising",410130,"",1,1,"VBIAS_PS1600",5,"422","","",8,"<=",11.0201,"uA","<=",13,"P",9.10616,***,"",
5,"UVLO_POR_redundancy","","POR_Hysteresis",410140,"",1,1,"VBIAS_PS1600",5,"422","","",0.03,"<=",0.18,"","<=",0.25,"P",9.10616,***,"",
5,"UVLO_POR_redundancy","","VDD_UVLO_Rising",410150,"",1,1,"VBIAS_PS1600",5,"422","","",2.2,"<=",2.68,"V","<=",2.85,"P",9.10616,***,"",
5,"UVLO_POR_redundancy","","I_IN_VDD_UVLO_Rising",410160,"",1,1,"VBIAS_PS1600",5,"422","","",-200,"<=",-7.51877,"nA","<=",200,"P",9.10616,***,"",
5,"UVLO_POR_redundancy","","VDD_UVLO_Hysteresis",410170,"",1,1,"VBIAS_PS1600",5,"422","","",0.02,"<=",0.16,"","<=",0.3,"P",9.10616,***,"",
5,"ILIM_gain_Trim","","ILIM_GAIN_20PIMAX_CODE0",270020,"",1,1,"ITRIP_PS1600",5,"422","","",-40,"<=",-33.392,"uA","<=",-0.001,"P",3.75866,***,"",
5,"ILIM_gain_Trim","","ILIM_GAIN_20PIMAX_CODE1",270030,"",1,1,"ITRIP_PS1600",5,"422","","",-40,"<=",-32.322,"uA","<=",-0.001,"P",3.75866,***,"",
5,"ILIM_gain_Trim","","ILIM_GAIN_20PIMAX_CODE2",270040,"",1,1,"ITRIP_PS1600",5,"422","","",-40,"<=",-31.203,"uA","<=",-0.001,"P",3.75866,***,"",
5,"ILIM_gain_Trim","","ILIM_GAIN_20PIMAX_CODE3",270050,"",1,1,"ITRIP_PS1600",5,"422","","",-40,"<=",-30.13,"uA","<=",-0.001,"P",3.75866,***,"",
5,"ILIM_gain_Trim","","ILIM_GAIN_20PIMAX_CODE4",270060,"",1,1,"ITRIP_PS1600",5,"422","","",-40,"<=",-29.125,"uA","<=",-0.001,"P",3.75866,***,"",
5,"ILIM_gain_Trim","","ILIM_GAIN_20PIMAX_CODE5",270070,"",1,1,"ITRIP_PS1600",5,"422","","",-40,"<=",-28.059,"uA","<=",-0.001,"P",3.75866,***,"",
5,"ILIM_gain_Trim","","ILIM_GAIN_20PIMAX_CODE6",270080,"",1,1,"ITRIP_PS1600",5,"422","","",-40,"<=",-26.926,"uA","<=",-0.001,"P",3.75866,***,"",
5,"ILIM_gain_Trim","","ILIM_GAIN_20PIMAX_CODE7",270090,"",1,1,"ITRIP_PS1600",5,"422","","",-40,"<=",-25.832,"uA","<=",-0.001,"P",3.75866,***,"",
5,"ILIM_gain_Trim","","ILIM_GAIN_20PIMAX_CODE8",270100,"",1,1,"ITRIP_PS1600",5,"422","","",-40,"<=",-24.822,"uA","<=",-0.001,"P",3.75866,***,"",
5,"ILIM_gain_Trim","","ILIM_GAIN_20PIMAX_CODE9",270110,"",1,1,"ITRIP_PS1600",5,"422","","",-40,"<=",-23.742,"uA","<=",-0.001,"P",3.75866,***,"",
5,"ILIM_gain_Trim","","ILIM_GAIN_20PIMAX_CODE10",270120,"",1,1,"ITRIP_PS1600",5,"422","","",-40,"<=",-22.613,"uA","<=",-0.001,"P",3.75866,***,"",
5,"ILIM_gain_Trim","","ILIM_GAIN_20PIMAX_CODE11",270130,"",1,1,"ITRIP_PS1600",5,"422","","",-40,"<=",-21.535,"uA","<=",-0.001,"P",3.75866,***,"",
5,"ILIM_gain_Trim","","ILIM_GAIN_20PIMAX_CODE12",270140,"",1,1,"ITRIP_PS1600",5,"422","","",-40,"<=",-20.53,"uA","<=",-0.001,"P",3.75866,***,"",
5,"ILIM_gain_Trim","","ILIM_GAIN_20PIMAX_CODE13",270150,"",1,1,"ITRIP_PS1600",5,"422","","",-40,"<=",-19.452,"uA","<=",-0.001,"P",3.75866,***,"",
5,"ILIM_gain_Trim","","ILIM_GAIN_20PIMAX_CODE14",270160,"",1,1,"ITRIP_PS1600",5,"422","","",-40,"<=",-18.321,"uA","<=",-0.001,"P",3.75866,***,"",
5,"ILIM_gain_Trim","","ILIM_GAIN_20PIMAX_CODE15",270170,"",1,1,"ITRIP_PS1600",5,"422","","",-40,"<=",-17.243,"uA","<=",-0.001,"P",3.75866,***,"",
5,"ILIM_gain_Trim","","ILIM_GAIN_20PIMAX_CODE16",270180,"",1,1,"ITRIP_PS1600",5,"422","","",-40,"<=",-16.24,"uA","<=",-0.001,"P",3.75866,***,"",
5,"ILIM_gain_Trim","","ILIM_GAIN_20PIMAX_CODE17",270190,"",1,1,"ITRIP_PS1600",5,"422","","",-40,"<=",-15.159,"uA","<=",-0.001,"P",3.75866,***,"",
5,"ILIM_gain_Trim","","ILIM_GAIN_20PIMAX_CODE18",270200,"",1,1,"ITRIP_PS1600",5,"422","","",-40,"<=",-14.023,"uA","<=",-0.001,"P",3.75866,***,"",
5,"ILIM_gain_Trim","","ILIM_GAIN_20PIMAX_CODE19",270210,"",1,1,"ITRIP_PS1600",5,"422","","",-40,"<=",-12.943,"uA","<=",-0.001,"P",3.75866,***,"",
5,"ILIM_gain_Trim","","ILIM_GAIN_20PIMAX_CODE20",270220,"",1,1,"ITRIP_PS1600",5,"422","","",-40,"<=",-11.94,"uA","<=",-0.001,"P",3.75866,***,"",
5,"ILIM_gain_Trim","","ILIM_GAIN_20PIMAX_CODE21",270230,"",1,1,"ITRIP_PS1600",5,"422","","",-40,"<=",-10.857,"uA","<=",-0.001,"P",3.75866,***,"",
5,"ILIM_gain_Trim","","ILIM_GAIN_20PIMAX_CODE22",270240,"",1,1,"ITRIP_PS1600",5,"422","","",-40,"<=",-9.721,"uA","<=",-0.001,"P",3.75866,***,"",
5,"ILIM_gain_Trim","","ILIM_GAIN_20PIMAX_CODE23",270250,"",1,1,"ITRIP_PS1600",5,"422","","",-40,"<=",-8.645,"uA","<=",-0.001,"P",3.75866,***,"",
5,"ILIM_gain_Trim","","ILIM_GAIN_20PIMAX_CODE24",270260,"",1,1,"ITRIP_PS1600",5,"422","","",-40,"<=",-7.62,"uA","<=",-0.001,"P",3.75866,***,"",
5,"ILIM_gain_Trim","","ILIM_GAIN_20PIMAX_CODE25",270270,"",1,1,"ITRIP_PS1600",5,"422","","",-40,"<=",-6.542,"uA","<=",-0.001,"P",3.75866,***,"",
5,"ILIM_gain_Trim","","ILIM_GAIN_20PIMAX_CODE26",270280,"",1,1,"ITRIP_PS1600",5,"422","","",-40,"<=",-5.4,"uA","<=",-0.001,"P",3.75866,***,"",
5,"ILIM_gain_Trim","","ILIM_GAIN_20PIMAX_CODE27",270290,"",1,1,"ITRIP_PS1600",5,"422","","",-40,"<=",-4.322,"uA","<=",-0.001,"P",3.75866,***,"",
5,"ILIM_gain_Trim","","ILIM_GAIN_20PIMAX_CODE28",270300,"",1,1,"ITRIP_PS1600",5,"422","","",-40,"<=",-3.31,"uA","<=",-0.001,"P",3.75866,***,"",
5,"ILIM_gain_Trim","","ILIM_GAIN_20PIMAX_CODE29",270310,"",1,1,"ITRIP_PS1600",5,"422","","",-40,"<=",-2.234,"uA","<=",-0.001,"P",3.75866,***,"",
5,"ILIM_gain_Trim","","ILIM_GAIN_20PIMAX_CODE30",270320,"",1,1,"ITRIP_PS1600",5,"422","","",-40,"<=",-1.093,"uA","<=",-0.001,"P",3.75866,***,"",
5,"ILIM_gain_Trim","","ILIM_GAIN_20PIMAX_CODE31",270330,"",1,1,"ITRIP_PS1600",5,"422","","",-40,"<=",-0.012,"uA","<=",0,"P",3.75866,***,"",
5,"ILIM_gain_Trim","","ILIM_GAIN_TRIM",270010,"",1,1,"ITRIP_PS1600",5,"422","","",0,"<=",12,"Code","<=",31,"P",3.75866,***,"",
5,"ILIM_gain_Trim","","BEST_MEAS_20pIMAX",270660,"",1,1,"ITRIP_PS1600",5,"422","","",-22,"<=",-20.53,"uA","<=",-18,"P",3.75866,***,"",
5,"ILIM_gain_Trim","","BEST_GAIN",270680,"",1,1,"ITRIP_PS1600",5,"422","","",75000,"<=",77934.7,"GAIN","<=",85000,"P",3.75866,***,"",
5,"ISENSE_BlockOffset_Trim_New","","ISNS_MEAS_10mAIOUT_CODE0",310020,"",1,1,"ISEN_PS1600",5,"422","","",-17,"<=",-0.004,"uA","<=",1,"P",3.35422,***,"",
5,"ISENSE_BlockOffset_Trim_New","","ISNS_MEAS_10mAIOUT_CODE1",310030,"",1,1,"ISEN_PS1600",5,"422","","",-17,"<=",-0.004,"uA","<=",1,"P",3.35422,***,"",
5,"ISENSE_BlockOffset_Trim_New","","ISNS_MEAS_10mAIOUT_CODE2",310040,"",1,1,"ISEN_PS1600",5,"422","","",-17,"<=",-0.004,"uA","<=",1,"P",3.35422,***,"",
5,"ISENSE_BlockOffset_Trim_New","","ISNS_MEAS_10mAIOUT_CODE3",310050,"",1,1,"ISEN_PS1600",5,"422","","",-17,"<=",-0.004,"uA","<=",1,"P",3.35422,***,"",
5,"ISENSE_BlockOffset_Trim_New","","ISNS_MEAS_10mAIOUT_CODE4",310060,"",1,1,"ISEN_PS1600",5,"422","","",-17,"<=",-0.004,"uA","<=",1,"P",3.35422,***,"",
5,"ISENSE_BlockOffset_Trim_New","","ISNS_MEAS_10mAIOUT_CODE5",310070,"",1,1,"ISEN_PS1600",5,"422","","",-17,"<=",-0.005,"uA","<=",1,"P",3.35422,***,"",
5,"ISENSE_BlockOffset_Trim_New","","ISNS_MEAS_10mAIOUT_CODE6",310080,"",1,1,"ISEN_PS1600",5,"422","","",-17,"<=",-0.005,"uA","<=",1,"P",3.35422,***,"",
5,"ISENSE_BlockOffset_Trim_New","","ISNS_MEAS_10mAIOUT_CODE7",310090,"",1,1,"ISEN_PS1600",5,"422","","",-17,"<=",-0.004,"uA","<=",1,"P",3.35422,***,"",
5,"ISENSE_BlockOffset_Trim_New","","ISNS_MEAS_10mAIOUT_CODE8",310100,"",1,1,"ISEN_PS1600",5,"422","","",-17,"<=",-0.005,"uA","<=",1,"P",3.35422,***,"",
5,"ISENSE_BlockOffset_Trim_New","","ISNS_MEAS_10mAIOUT_CODE9",310110,"",1,1,"ISEN_PS1600",5,"422","","",-17,"<=",-0.005,"uA","<=",1,"P",3.35422,***,"",
5,"ISENSE_BlockOffset_Trim_New","","ISNS_MEAS_10mAIOUT_CODE10",310120,"",1,1,"ISEN_PS1600",5,"422","","",-17,"<=",-0.788,"uA","<=",1,"P",3.35422,***,"",
5,"ISENSE_BlockOffset_Trim_New","","ISNS_MEAS_10mAIOUT_CODE11",310130,"",1,1,"ISEN_PS1600",5,"422","","",-17,"<=",-2.437,"uA","<=",1,"P",3.35422,***,"",
5,"ISENSE_BlockOffset_Trim_New","","ISNS_MEAS_10mAIOUT_CODE12",310140,"",1,1,"ISEN_PS1600",5,"422","","",-17,"<=",-4.005,"uA","<=",1,"P",3.35422,***,"",
5,"ISENSE_BlockOffset_Trim_New","","ISNS_MEAS_10mAIOUT_CODE13",310150,"",1,1,"ISEN_PS1600",5,"422","","",-17,"<=",-5.616,"uA","<=",1,"P",3.35422,***,"",
5,"ISENSE_BlockOffset_Trim_New","","ISNS_MEAS_10mAIOUT_CODE14",310160,"",1,1,"ISEN_PS1600",5,"422","","",-17,"<=",-7.186,"uA","<=",1,"P",3.35422,***,"",
5,"ISENSE_BlockOffset_Trim_New","","ISNS_MEAS_10mAIOUT_CODE15",310170,"",1,1,"ISEN_PS1600",5,"422","","",-17,"<=",-14.605,"uA","<=",1,"P",3.35422,***,"",
5,"ISENSE_BlockOffset_Trim_New","","ISNS_BLOCK_OFFSET_TRIM",310010,"",1,1,"ISEN_PS1600",5,"422","","",0,"<=",10,"Code","<=",15,"P",3.35422,***,"",
5,"ISENSE_BlockOffset_Trim_New","","BEST_MEAS_10mAIOUT",310350,"",1,1,"ISEN_PS1600",5,"422","","",-1.7,"<=",-0.788,"uA","<=",1.3,"P",3.35422,***,"",
5,"SNS_gain_Trim","","SNS_GAIN_20PIMAX_CODE0",320020,"",1,1,"ISEN_PS1600",5,"422","","",-300,"<=",-256.309,"uA","<=",-90,"P",3.37096,***,"",
5,"SNS_gain_Trim","","SNS_GAIN_20PIMAX_CODE1",320030,"",1,1,"ISEN_PS1600",5,"422","","",-300,"<=",-248.25,"uA","<=",-90,"P",3.37096,***,"",
5,"SNS_gain_Trim","","SNS_GAIN_20PIMAX_CODE2",320040,"",1,1,"ISEN_PS1600",5,"422","","",-300,"<=",-239.913,"uA","<=",-90,"P",3.37096,***,"",
5,"SNS_gain_Trim","","SNS_GAIN_20PIMAX_CODE3",320050,"",1,1,"ISEN_PS1600",5,"422","","",-300,"<=",-231.652,"uA","<=",-90,"P",3.37096,***,"",
5,"SNS_gain_Trim","","SNS_GAIN_20PIMAX_CODE4",320060,"",1,1,"ISEN_PS1600",5,"422","","",-300,"<=",-223.315,"uA","<=",-90,"P",3.37096,***,"",
5,"SNS_gain_Trim","","SNS_GAIN_20PIMAX_CODE5",320070,"",1,1,"ISEN_PS1600",5,"422","","",-300,"<=",-215.104,"uA","<=",-90,"P",3.37096,***,"",
5,"SNS_gain_Trim","","SNS_GAIN_20PIMAX_CODE6",320080,"",1,1,"ISEN_PS1600",5,"422","","",-300,"<=",-206.641,"uA","<=",-90,"P",3.37096,***,"",
5,"SNS_gain_Trim","","SNS_GAIN_20PIMAX_CODE7",320090,"",1,1,"ISEN_PS1600",5,"422","","",-300,"<=",-198.481,"uA","<=",-90,"P",3.37096,***,"",
5,"SNS_gain_Trim","","SNS_GAIN_20PIMAX_CODE8",320100,"",1,1,"ISEN_PS1600",5,"422","","",-300,"<=",-190.246,"uA","<=",-90,"P",3.37096,***,"",
5,"SNS_gain_Trim","","SNS_GAIN_20PIMAX_CODE9",320110,"",1,1,"ISEN_PS1600",5,"422","","",-300,"<=",-182.111,"uA","<=",-90,"P",3.37096,***,"",
5,"SNS_gain_Trim","","SNS_GAIN_20PIMAX_CODE10",320120,"",1,1,"ISEN_PS1600",5,"422","","",-300,"<=",-173.673,"uA","<=",-90,"P",3.37096,***,"",
5,"SNS_gain_Trim","","SNS_GAIN_20PIMAX_CODE11",320130,"",1,1,"ISEN_PS1600",5,"422","","",-300,"<=",-165.462,"uA","<=",-90,"P",3.37096,***,"",
5,"SNS_gain_Trim","","SNS_GAIN_20PIMAX_CODE12",320140,"",1,1,"ISEN_PS1600",5,"422","","",-300,"<=",-157.1,"uA","<=",-90,"P",3.37096,***,"",
5,"SNS_gain_Trim","","SNS_GAIN_20PIMAX_CODE13",320150,"",1,1,"ISEN_PS1600",5,"422","","",-300,"<=",-148.89,"uA","<=",-90,"P",3.37096,***,"",
5,"SNS_gain_Trim","","SNS_GAIN_20PIMAX_CODE14",320160,"",1,1,"ISEN_PS1600",5,"422","","",-300,"<=",-140.427,"uA","<=",-90,"P",3.37096,***,"",
5,"SNS_gain_Trim","","SNS_GAIN_20PIMAX_CODE15",320170,"",1,1,"ISEN_PS1600",5,"422","","",-300,"<=",-132.267,"uA","<=",-90,"P",3.37096,***,"",
5,"SNS_gain_Trim","","SNS_GAIN_TRIM",320010,"",1,1,"ISEN_PS1600",5,"422","","",0,"<=",7,"Code","<=",31,"P",3.37096,***,"",
5,"SNS_gain_Trim","","BEST_MEAS_20pIMAX",320340,"",1,1,"ISEN_PS1600",5,"422","","",-210,"<=",-198.481,"uA","<=",-190,"P",3.37096,***,"",
5,"OC_Delay_Trim","","slice0_Period",630010,"",1,1,"OFF_PS1600",5,"422","","",400,"<=",479,"nS","<=",600,"P",0.364781,***,"",
5,"OC_Delay_Trim","","slice1_Period",630020,"",1,1,"OFF_PS1600",5,"422","","",400,"<=",479,"nS","<=",600,"P",0.364781,***,"",
5,"OC_Delay_Trim","","slice2_Period",630030,"",1,1,"OFF_PS1600",5,"422","","",400,"<=",480,"nS","<=",600,"P",0.364781,***,"",
5,"OC_Delay_Trim","","median",630040,"",1,1,"OFF_PS1600",5,"422","","",400,"<=",479,"nS","<=",600,"P",0.364781,***,"",
5,"OC_Delay_Trim","","Count_Number",630050,"",1,1,"OFF_PS1600",5,"422","","",0,"<=",25.0359,"nS","<=",40,"P",0.364781,***,"",
5,"OC_Delay_Trim","","TRIM_CODE",630060,"",1,1,"OFF_PS1600",5,"422","","",0,"<=",9,"Code","<=",15,"P",0.364781,***,"",
5,"EFUSE_REFERENCE_CURRENT_VOLTAGE","","Efuse_Ref_Voltage",620010,"",1,1,"ISEN_PS1600",5,"422","","",1.5,"<=",1.83934,"V","<=",2,"P",0.103765,***,"",
5,"EFUSE_REFERENCE_CURRENT_VOLTAGE","","Efuse_Ref_Current",620020,"",1,1,"ISEN_PS1600",5,"422","","",140,"<=",224.443,"uA","<=",350,"P",0.103765,***,"",
5,"EFUSE_REFERENCE_CURRENT_VOLTAGE","","Efuse_Resistance",620030,"",1,1,"ISEN_PS1600",5,"422","","",100,"<=",390.273,"ohm","<=",1000,"P",0.103765,***,"",
5,"EFUSE_RESISTANCE_MEASUREMENT","","BANKA_EFUSE_RESISTANCE_BIT47",480010,"",1,1,"ISEN_PS1600",5,"422","","",65,"<=",91,"ohms","<=",200,"P",15.4845,***,"",
5,"EFUSE_RESISTANCE_MEASUREMENT","","BANKA_EFUSE_RESISTANCE_BIT46",480020,"",1,1,"ISEN_PS1600",5,"422","","",65,"<=",79.6,"ohms","<=",200,"P",15.4845,***,"",
5,"EFUSE_RESISTANCE_MEASUREMENT","","BANKA_EFUSE_RESISTANCE_BIT45",480030,"",1,1,"ISEN_PS1600",5,"422","","",65,"<=",79.6,"ohms","<=",200,"P",15.4845,***,"",
5,"EFUSE_RESISTANCE_MEASUREMENT","","BANKA_EFUSE_RESISTANCE_BIT44",480040,"",1,1,"ISEN_PS1600",5,"422","","",65,"<=",79.6,"ohms","<=",200,"P",15.4845,***,"",
5,"EFUSE_RESISTANCE_MEASUREMENT","","BANKA_EFUSE_RESISTANCE_BIT43",480050,"",1,1,"ISEN_PS1600",5,"422","","",65,"<=",79.6,"ohms","<=",200,"P",15.4845,***,"",
5,"EFUSE_RESISTANCE_MEASUREMENT","","BANKA_EFUSE_RESISTANCE_BIT42",480060,"",1,1,"ISEN_PS1600",5,"422","","",65,"<=",79.6,"ohms","<=",200,"P",15.4845,***,"",
5,"EFUSE_RESISTANCE_MEASUREMENT","","BANKA_EFUSE_RESISTANCE_BIT41",480070,"",1,1,"ISEN_PS1600",5,"422","","",65,"<=",79.6,"ohms","<=",200,"P",15.4845,***,"",
5,"EFUSE_RESISTANCE_MEASUREMENT","","BANKA_EFUSE_RESISTANCE_BIT40",480080,"",1,1,"ISEN_PS1600",5,"422","","",65,"<=",91,"ohms","<=",200,"P",15.4845,***,"",
5,"EFUSE_RESISTANCE_MEASUREMENT","","BANKA_EFUSE_RESISTANCE_BIT39",480090,"",1,1,"ISEN_PS1600",5,"422","","",65,"<=",91,"ohms","<=",200,"P",15.4845,***,"",
5,"EFUSE_RESISTANCE_MEASUREMENT","","BANKA_EFUSE_RESISTANCE_BIT38",480100,"",1,1,"ISEN_PS1600",5,"422","","",65,"<=",79.6,"ohms","<=",200,"P",15.4845,***,"",
5,"EFUSE_RESISTANCE_MEASUREMENT","","BANKA_EFUSE_RESISTANCE_BIT37",480110,"",1,1,"ISEN_PS1600",5,"422","","",65,"<=",91,"ohms","<=",200,"P",15.4845,***,"",
5,"EFUSE_RESISTANCE_MEASUREMENT","","BANKA_EFUSE_RESISTANCE_BIT36",480120,"",1,1,"ISEN_PS1600",5,"422","","",65,"<=",79.6,"ohms","<=",200,"P",15.4845,***,"",
5,"EFUSE_RESISTANCE_MEASUREMENT","","BANKA_EFUSE_RESISTANCE_BIT35",480130,"",1,1,"ISEN_PS1600",5,"422","","",65,"<=",79.6,"ohms","<=",200,"P",15.4845,***,"",
5,"EFUSE_RESISTANCE_MEASUREMENT","","BANKA_EFUSE_RESISTANCE_BIT34",480140,"",1,1,"ISEN_PS1600",5,"422","","",65,"<=",79.6,"ohms","<=",200,"P",15.4845,***,"",
5,"EFUSE_RESISTANCE_MEASUREMENT","","BANKA_EFUSE_RESISTANCE_BIT33",480150,"",1,1,"ISEN_PS1600",5,"422","","",65,"<=",79.6,"ohms","<=",200,"P",15.4845,***,"",
5,"EFUSE_RESISTANCE_MEASUREMENT","","BANKA_EFUSE_RESISTANCE_BIT32",480160,"",1,1,"ISEN_PS1600",5,"422","","",65,"<=",79.6,"ohms","<=",200,"P",15.4845,***,"",
5,"EFUSE_RESISTANCE_MEASUREMENT","","BANKA_EFUSE_RESISTANCE_BIT31",480170,"",1,1,"ISEN_PS1600",5,"422","","",65,"<=",79.6,"ohms","<=",200,"P",15.4845,***,"",
5,"EFUSE_RESISTANCE_MEASUREMENT","","BANKA_EFUSE_RESISTANCE_BIT30",480180,"",1,1,"ISEN_PS1600",5,"422","","",65,"<=",79.6,"ohms","<=",200,"P",15.4845,***,"",
5,"EFUSE_RESISTANCE_MEASUREMENT","","BANKA_EFUSE_RESISTANCE_BIT29",480190,"",1,1,"ISEN_PS1600",5,"422","","",65,"<=",79.6,"ohms","<=",200,"P",15.4845,***,"",
5,"EFUSE_RESISTANCE_MEASUREMENT","","BANKA_EFUSE_RESISTANCE_BIT28",480200,"",1,1,"ISEN_PS1600",5,"422","","",65,"<=",79.6,"ohms","<=",200,"P",15.4845,***,"",
5,"EFUSE_RESISTANCE_MEASUREMENT","","BANKA_EFUSE_RESISTANCE_BIT27",480210,"",1,1,"ISEN_PS1600",5,"422","","",65,"<=",79.6,"ohms","<=",200,"P",15.4845,***,"",
5,"EFUSE_RESISTANCE_MEASUREMENT","","BANKA_EFUSE_RESISTANCE_BIT26",480220,"",1,1,"ISEN_PS1600",5,"422","","",65,"<=",91,"ohms","<=",200,"P",15.4845,***,"",
5,"EFUSE_RESISTANCE_MEASUREMENT","","BANKA_EFUSE_RESISTANCE_BIT25",480230,"",1,1,"ISEN_PS1600",5,"422","","",65,"<=",91,"ohms","<=",200,"P",15.4845,***,"",
5,"EFUSE_RESISTANCE_MEASUREMENT","","BANKA_EFUSE_RESISTANCE_BIT24",480240,"",1,1,"ISEN_PS1600",5,"422","","",65,"<=",79.6,"ohms","<=",200,"P",15.4845,***,"",
5,"EFUSE_RESISTANCE_MEASUREMENT","","BANKA_EFUSE_RESISTANCE_BIT23",480250,"",1,1,"ISEN_PS1600",5,"422","","",65,"<=",79.6,"ohms","<=",200,"P",15.4845,***,"",
5,"EFUSE_RESISTANCE_MEASUREMENT","","BANKA_EFUSE_RESISTANCE_BIT22",480260,"",1,1,"ISEN_PS1600",5,"422","","",65,"<=",79.6,"ohms","<=",200,"P",15.4845,***,"",
5,"EFUSE_RESISTANCE_MEASUREMENT","","BANKA_EFUSE_RESISTANCE_BIT21",480270,"",1,1,"ISEN_PS1600",5,"422","","",65,"<=",91,"ohms","<=",200,"P",15.4845,***,"",
5,"EFUSE_RESISTANCE_MEASUREMENT","","BANKA_EFUSE_RESISTANCE_BIT20",480280,"",1,1,"ISEN_PS1600",5,"422","","",65,"<=",79.6,"ohms","<=",200,"P",15.4845,***,"",
5,"EFUSE_RESISTANCE_MEASUREMENT","","BANKA_EFUSE_RESISTANCE_BIT19",480290,"",1,1,"ISEN_PS1600",5,"422","","",65,"<=",91,"ohms","<=",200,"P",15.4845,***,"",
5,"EFUSE_RESISTANCE_MEASUREMENT","","BANKA_EFUSE_RESISTANCE_BIT18",480300,"",1,1,"ISEN_PS1600",5,"422","","",65,"<=",79.6,"ohms","<=",200,"P",15.4845,***,"",
5,"EFUSE_RESISTANCE_MEASUREMENT","","BANKA_EFUSE_RESISTANCE_BIT17",480310,"",1,1,"ISEN_PS1600",5,"422","","",65,"<=",79.6,"ohms","<=",200,"P",15.4845,***,"",
5,"EFUSE_RESISTANCE_MEASUREMENT","","BANKA_EFUSE_RESISTANCE_BIT16",480320,"",1,1,"ISEN_PS1600",5,"422","","",65,"<=",79.6,"ohms","<=",200,"P",15.4845,***,"",
5,"EFUSE_RESISTANCE_MEASUREMENT","","BANKA_EFUSE_RESISTANCE_BIT15",480330,"",1,1,"ISEN_PS1600",5,"422","","",65,"<=",79.6,"ohms","<=",200,"P",15.4845,***,"",
5,"EFUSE_RESISTANCE_MEASUREMENT","","BANKA_EFUSE_RESISTANCE_BIT14",480340,"",1,1,"ISEN_PS1600",5,"422","","",65,"<=",79.6,"ohms","<=",200,"P",15.4845,***,"",
5,"EFUSE_RESISTANCE_MEASUREMENT","","BANKA_EFUSE_RESISTANCE_BIT13",480350,"",1,1,"ISEN_PS1600",5,"422","","",65,"<=",91,"ohms","<=",200,"P",15.4845,***,"",
5,"EFUSE_RESISTANCE_MEASUREMENT","","BANKA_EFUSE_RESISTANCE_BIT12",480360,"",1,1,"ISEN_PS1600",5,"422","","",65,"<=",79.6,"ohms","<=",200,"P",15.4845,***,"",
5,"EFUSE_RESISTANCE_MEASUREMENT","","BANKA_EFUSE_RESISTANCE_BIT11",480370,"",1,1,"ISEN_PS1600",5,"422","","",65,"<=",79.6,"ohms","<=",200,"P",15.4845,***,"",
5,"EFUSE_RESISTANCE_MEASUREMENT","","BANKA_EFUSE_RESISTANCE_BIT10",480380,"",1,1,"ISEN_PS1600",5,"422","","",65,"<=",91,"ohms","<=",200,"P",15.4845,***,"",
5,"EFUSE_RESISTANCE_MEASUREMENT","","BANKA_EFUSE_RESISTANCE_BIT9",480390,"",1,1,"ISEN_PS1600",5,"422","","",65,"<=",79.6,"ohms","<=",200,"P",15.4845,***,"",
5,"EFUSE_RESISTANCE_MEASUREMENT","","BANKA_EFUSE_RESISTANCE_BIT8",480400,"",1,1,"ISEN_PS1600",5,"422","","",65,"<=",79.6,"ohms","<=",200,"P",15.4845,***,"",
5,"EFUSE_RESISTANCE_MEASUREMENT","","BANKA_EFUSE_RESISTANCE_BIT7",480410,"",1,1,"ISEN_PS1600",5,"422","","",65,"<=",91,"ohms","<=",200,"P",15.4845,***,"",
5,"EFUSE_RESISTANCE_MEASUREMENT","","BANKA_EFUSE_RESISTANCE_BIT6",480420,"",1,1,"ISEN_PS1600",5,"422","","",65,"<=",91,"ohms","<=",200,"P",15.4845,***,"",
5,"EFUSE_RESISTANCE_MEASUREMENT","","BANKA_EFUSE_RESISTANCE_BIT5",480430,"",1,1,"ISEN_PS1600",5,"422","","",65,"<=",79.6,"ohms","<=",200,"P",15.4845,***,"",
5,"EFUSE_RESISTANCE_MEASUREMENT","","BANKA_EFUSE_RESISTANCE_BIT4",480440,"",1,1,"ISEN_PS1600",5,"422","","",65,"<=",91,"ohms","<=",200,"P",15.4845,***,"",
5,"EFUSE_RESISTANCE_MEASUREMENT","","BANKA_EFUSE_RESISTANCE_BIT3",480450,"",1,1,"ISEN_PS1600",5,"422","","",65,"<=",79.6,"ohms","<=",200,"P",15.4845,***,"",
5,"EFUSE_RESISTANCE_MEASUREMENT","","BANKA_EFUSE_RESISTANCE_BIT2",480460,"",1,1,"ISEN_PS1600",5,"422","","",65,"<=",79.6,"ohms","<=",200,"P",15.4845,***,"",
5,"EFUSE_RESISTANCE_MEASUREMENT","","BANKA_EFUSE_RESISTANCE_BIT1",480470,"",1,1,"ISEN_PS1600",5,"422","","",65,"<=",79.6,"ohms","<=",200,"P",15.4845,***,"",
5,"EFUSE_RESISTANCE_MEASUREMENT","","BANKA_EFUSE_RESISTANCE_BIT0",480480,"",1,1,"ISEN_PS1600",5,"422","","",65,"<=",91,"ohms","<=",200,"P",15.4845,***,"",
5,"EFUSE_RESISTANCE_MEASUREMENT","","BANKB_EFUSE_RESISTANCE_BIT47",480490,"",1,1,"ISEN_PS1600",5,"422","","",65,"<=",79.6,"ohms","<=",200,"P",15.4845,***,"",
5,"EFUSE_RESISTANCE_MEASUREMENT","","BANKB_EFUSE_RESISTANCE_BIT46",480500,"",1,1,"ISEN_PS1600",5,"422","","",65,"<=",79.6,"ohms","<=",200,"P",15.4845,***,"",
5,"EFUSE_RESISTANCE_MEASUREMENT","","BANKB_EFUSE_RESISTANCE_BIT45",480510,"",1,1,"ISEN_PS1600",5,"422","","",65,"<=",79.6,"ohms","<=",200,"P",15.4845,***,"",
5,"EFUSE_RESISTANCE_MEASUREMENT","","BANKB_EFUSE_RESISTANCE_BIT44",480520,"",1,1,"ISEN_PS1600",5,"422","","",65,"<=",91,"ohms","<=",200,"P",15.4845,***,"",
5,"EFUSE_RESISTANCE_MEASUREMENT","","BANKB_EFUSE_RESISTANCE_BIT43",480530,"",1,1,"ISEN_PS1600",5,"422","","",65,"<=",91,"ohms","<=",200,"P",15.4845,***,"",
5,"EFUSE_RESISTANCE_MEASUREMENT","","BANKB_EFUSE_RESISTANCE_BIT42",480540,"",1,1,"ISEN_PS1600",5,"422","","",65,"<=",91,"ohms","<=",200,"P",15.4845,***,"",
5,"EFUSE_RESISTANCE_MEASUREMENT","","BANKB_EFUSE_RESISTANCE_BIT41",480550,"",1,1,"ISEN_PS1600",5,"422","","",65,"<=",79.6,"ohms","<=",200,"P",15.4845,***,"",
5,"EFUSE_RESISTANCE_MEASUREMENT","","BANKB_EFUSE_RESISTANCE_BIT40",480560,"",1,1,"ISEN_PS1600",5,"422","","",65,"<=",91,"ohms","<=",200,"P",15.4845,***,"",
5,"EFUSE_RESISTANCE_MEASUREMENT","","BANKB_EFUSE_RESISTANCE_BIT39",480570,"",1,1,"ISEN_PS1600",5,"422","","",65,"<=",79.6,"ohms","<=",200,"P",15.4845,***,"",
5,"EFUSE_RESISTANCE_MEASUREMENT","","BANKB_EFUSE_RESISTANCE_BIT38",480580,"",1,1,"ISEN_PS1600",5,"422","","",65,"<=",79.6,"ohms","<=",200,"P",15.4845,***,"",
5,"EFUSE_RESISTANCE_MEASUREMENT","","BANKB_EFUSE_RESISTANCE_BIT37",480590,"",1,1,"ISEN_PS1600",5,"422","","",65,"<=",79.6,"ohms","<=",200,"P",15.4845,***,"",
5,"EFUSE_RESISTANCE_MEASUREMENT","","BANKB_EFUSE_RESISTANCE_BIT36",480600,"",1,1,"ISEN_PS1600",5,"422","","",65,"<=",79.6,"ohms","<=",200,"P",15.4845,***,"",
5,"EFUSE_RESISTANCE_MEASUREMENT","","BANKB_EFUSE_RESISTANCE_BIT35",480610,"",1,1,"ISEN_PS1600",5,"422","","",65,"<=",68.2,"ohms","<=",200,"P",15.4845,***,"",
5,"EFUSE_RESISTANCE_MEASUREMENT","","BANKB_EFUSE_RESISTANCE_BIT34",480620,"",1,1,"ISEN_PS1600",5,"422","","",65,"<=",79.6,"ohms","<=",200,"P",15.4845,***,"",
5,"EFUSE_RESISTANCE_MEASUREMENT","","BANKB_EFUSE_RESISTANCE_BIT33",480630,"",1,1,"ISEN_PS1600",5,"422","","",65,"<=",79.6,"ohms","<=",200,"P",15.4845,***,"",
5,"EFUSE_RESISTANCE_MEASUREMENT","","BANKB_EFUSE_RESISTANCE_BIT32",480640,"",1,1,"ISEN_PS1600",5,"422","","",65,"<=",79.6,"ohms","<=",200,"P",15.4845,***,"",
5,"EFUSE_RESISTANCE_MEASUREMENT","","BANKB_EFUSE_RESISTANCE_BIT31",480650,"",1,1,"ISEN_PS1600",5,"422","","",65,"<=",79.6,"ohms","<=",200,"P",15.4845,***,"",
5,"EFUSE_RESISTANCE_MEASUREMENT","","BANKB_EFUSE_RESISTANCE_BIT30",480660,"",1,1,"ISEN_PS1600",5,"422","","",65,"<=",79.6,"ohms","<=",200,"P",15.4845,***,"",
5,"EFUSE_RESISTANCE_MEASUREMENT","","BANKB_EFUSE_RESISTANCE_BIT29",480670,"",1,1,"ISEN_PS1600",5,"422","","",65,"<=",79.6,"ohms","<=",200,"P",15.4845,***,"",
5,"EFUSE_RESISTANCE_MEASUREMENT","","BANKB_EFUSE_RESISTANCE_BIT28",480680,"",1,1,"ISEN_PS1600",5,"422","","",65,"<=",79.6,"ohms","<=",200,"P",15.4845,***,"",
5,"EFUSE_RESISTANCE_MEASUREMENT","","BANKB_EFUSE_RESISTANCE_BIT27",480690,"",1,1,"ISEN_PS1600",5,"422","","",65,"<=",91,"ohms","<=",200,"P",15.4845,***,"",
5,"EFUSE_RESISTANCE_MEASUREMENT","","BANKB_EFUSE_RESISTANCE_BIT26",480700,"",1,1,"ISEN_PS1600",5,"422","","",65,"<=",91,"ohms","<=",200,"P",15.4845,***,"",
5,"EFUSE_RESISTANCE_MEASUREMENT","","BANKB_EFUSE_RESISTANCE_BIT25",480710,"",1,1,"ISEN_PS1600",5,"422","","",65,"<=",79.6,"ohms","<=",200,"P",15.4845,***,"",
5,"EFUSE_RESISTANCE_MEASUREMENT","","BANKB_EFUSE_RESISTANCE_BIT24",480720,"",1,1,"ISEN_PS1600",5,"422","","",65,"<=",91,"ohms","<=",200,"P",15.4845,***,"",
5,"EFUSE_RESISTANCE_MEASUREMENT","","BANKB_EFUSE_RESISTANCE_BIT23",480730,"",1,1,"ISEN_PS1600",5,"422","","",65,"<=",79.6,"ohms","<=",200,"P",15.4845,***,"",
5,"EFUSE_RESISTANCE_MEASUREMENT","","BANKB_EFUSE_RESISTANCE_BIT22",480740,"",1,1,"ISEN_PS1600",5,"422","","",65,"<=",79.6,"ohms","<=",200,"P",15.4845,***,"",
5,"EFUSE_RESISTANCE_MEASUREMENT","","BANKB_EFUSE_RESISTANCE_BIT21",480750,"",1,1,"ISEN_PS1600",5,"422","","",65,"<=",79.6,"ohms","<=",200,"P",15.4845,***,"",
5,"EFUSE_RESISTANCE_MEASUREMENT","","BANKB_EFUSE_RESISTANCE_BIT20",480760,"",1,1,"ISEN_PS1600",5,"422","","",65,"<=",91,"ohms","<=",200,"P",15.4845,***,"",
5,"EFUSE_RESISTANCE_MEASUREMENT","","BANKB_EFUSE_RESISTANCE_BIT19",480770,"",1,1,"ISEN_PS1600",5,"422","","",65,"<=",91,"ohms","<=",200,"P",15.4845,***,"",
5,"EFUSE_RESISTANCE_MEASUREMENT","","BANKB_EFUSE_RESISTANCE_BIT18",480780,"",1,1,"ISEN_PS1600",5,"422","","",65,"<=",79.6,"ohms","<=",200,"P",15.4845,***,"",
5,"EFUSE_RESISTANCE_MEASUREMENT","","BANKB_EFUSE_RESISTANCE_BIT17",480790,"",1,1,"ISEN_PS1600",5,"422","","",65,"<=",79.6,"ohms","<=",200,"P",15.4845,***,"",
5,"EFUSE_RESISTANCE_MEASUREMENT","","BANKB_EFUSE_RESISTANCE_BIT16",480800,"",1,1,"ISEN_PS1600",5,"422","","",65,"<=",91,"ohms","<=",200,"P",15.4845,***,"",
5,"EFUSE_RESISTANCE_MEASUREMENT","","BANKB_EFUSE_RESISTANCE_BIT15",480810,"",1,1,"ISEN_PS1600",5,"422","","",65,"<=",79.6,"ohms","<=",200,"P",15.4845,***,"",
5,"EFUSE_RESISTANCE_MEASUREMENT","","BANKB_EFUSE_RESISTANCE_BIT14",480820,"",1,1,"ISEN_PS1600",5,"422","","",65,"<=",91,"ohms","<=",200,"P",15.4845,***,"",
5,"EFUSE_RESISTANCE_MEASUREMENT","","BANKB_EFUSE_RESISTANCE_BIT13",480830,"",1,1,"ISEN_PS1600",5,"422","","",65,"<=",79.6,"ohms","<=",200,"P",15.4845,***,"",
5,"EFUSE_RESISTANCE_MEASUREMENT","","BANKB_EFUSE_RESISTANCE_BIT12",480840,"",1,1,"ISEN_PS1600",5,"422","","",65,"<=",91,"ohms","<=",200,"P",15.4845,***,"",
5,"EFUSE_RESISTANCE_MEASUREMENT","","BANKB_EFUSE_RESISTANCE_BIT11",480850,"",1,1,"ISEN_PS1600",5,"422","","",65,"<=",79.6,"ohms","<=",200,"P",15.4845,***,"",
5,"EFUSE_RESISTANCE_MEASUREMENT","","BANKB_EFUSE_RESISTANCE_BIT10",480860,"",1,1,"ISEN_PS1600",5,"422","","",65,"<=",79.6,"ohms","<=",200,"P",15.4845,***,"",
5,"EFUSE_RESISTANCE_MEASUREMENT","","BANKB_EFUSE_RESISTANCE_BIT9",480870,"",1,1,"ISEN_PS1600",5,"422","","",65,"<=",91,"ohms","<=",200,"P",15.4845,***,"",
5,"EFUSE_RESISTANCE_MEASUREMENT","","BANKB_EFUSE_RESISTANCE_BIT8",480880,"",1,1,"ISEN_PS1600",5,"422","","",65,"<=",91,"ohms","<=",200,"P",15.4845,***,"",
5,"EFUSE_RESISTANCE_MEASUREMENT","","BANKB_EFUSE_RESISTANCE_BIT7",480890,"",1,1,"ISEN_PS1600",5,"422","","",65,"<=",91,"ohms","<=",200,"P",15.4845,***,"",
5,"EFUSE_RESISTANCE_MEASUREMENT","","BANKB_EFUSE_RESISTANCE_BIT6",480900,"",1,1,"ISEN_PS1600",5,"422","","",65,"<=",79.6,"ohms","<=",200,"P",15.4845,***,"",
5,"EFUSE_RESISTANCE_MEASUREMENT","","BANKB_EFUSE_RESISTANCE_BIT5",480910,"",1,1,"ISEN_PS1600",5,"422","","",65,"<=",91,"ohms","<=",200,"P",15.4845,***,"",
5,"EFUSE_RESISTANCE_MEASUREMENT","","BANKB_EFUSE_RESISTANCE_BIT4",480920,"",1,1,"ISEN_PS1600",5,"422","","",65,"<=",91,"ohms","<=",200,"P",15.4845,***,"",
5,"EFUSE_RESISTANCE_MEASUREMENT","","BANKB_EFUSE_RESISTANCE_BIT3",480930,"",1,1,"ISEN_PS1600",5,"422","","",65,"<=",91,"ohms","<=",200,"P",15.4845,***,"",
5,"EFUSE_RESISTANCE_MEASUREMENT","","BANKB_EFUSE_RESISTANCE_BIT2",480940,"",1,1,"ISEN_PS1600",5,"422","","",65,"<=",91,"ohms","<=",200,"P",15.4845,***,"",
5,"EFUSE_RESISTANCE_MEASUREMENT","","BANKB_EFUSE_RESISTANCE_BIT1",480950,"",1,1,"ISEN_PS1600",5,"422","","",65,"<=",91,"ohms","<=",200,"P",15.4845,***,"",
5,"EFUSE_RESISTANCE_MEASUREMENT","","BANKB_EFUSE_RESISTANCE_BIT0",480960,"",1,1,"ISEN_PS1600",5,"422","","",65,"<=",91,"ohms","<=",200,"P",15.4845,***,"",
5,"PRE_BURN_PASS_FET_LEAKAGE","","PRE_Forward_Leakage_FET",470010,"",1,1,"ISEN_PS1600",5,"422","","",-20,"<=",0,"nA","<=",20,"P",0.145231,***,"",
5,"PRE_BURN_PASS_FET_LEAKAGE","","PRE_Reverse_Leakage_FET",470020,"",1,1,"ISEN_PS1600",5,"422","","",-20,"<=",-2,"nA","<=",20,"P",0.145231,***,"",
5,"EFUSE_BURN","","EFUSE_BURN_DONE",850010,"",1,1,"@",5,"422","","",1,"<=",1,"","<=",1,"P",15.7901,***,"",
5,"eFUSE_burn_readmargin","","BANKA_READMARGIN_UNBLOWN_BIT_0",430010,"",1,1,"OFF_PS1600",5,"422","","",0,"<=",0,"","<=",0,"P",23.7395,***,"",
5,"eFUSE_burn_readmargin","","BANKA_UNBURN_BIT_0",430490,"",1,1,"OFF_PS1600",5,"422","","",0,"<=",0,"","<=",0,"P",23.7395,***,"",
5,"eFUSE_burn_readmargin","","BANKA_BIT_UNBLOWN_TRUE_0",430970,"",1,1,"OFF_PS1600",5,"422","","",1,"<=",1,"","<=",1,"P",23.7395,***,"",
5,"eFUSE_burn_readmargin","","BANKA_READMARGIN_UNBLOWN_BIT_1",430020,"",1,1,"OFF_PS1600",5,"422","","",0,"<=",0,"","<=",0,"P",23.7395,***,"",
5,"eFUSE_burn_readmargin","","BANKA_UNBURN_BIT_1",430500,"",1,1,"OFF_PS1600",5,"422","","",0,"<=",0,"","<=",0,"P",23.7395,***,"",
5,"eFUSE_burn_readmargin","","BANKA_BIT_UNBLOWN_TRUE_1",430980,"",1,1,"OFF_PS1600",5,"422","","",1,"<=",1,"","<=",1,"P",23.7395,***,"",
5,"eFUSE_burn_readmargin","","BANKA_READMARGIN_UNBLOWN_BIT_2",430030,"",1,1,"OFF_PS1600",5,"422","","",0,"<=",0,"","<=",0,"P",23.7395,***,"",
5,"eFUSE_burn_readmargin","","BANKA_UNBURN_BIT_2",430510,"",1,1,"OFF_PS1600",5,"422","","",0,"<=",0,"","<=",0,"P",23.7395,***,"",
5,"eFUSE_burn_readmargin","","BANKA_BIT_UNBLOWN_TRUE_2",430990,"",1,1,"OFF_PS1600",5,"422","","",1,"<=",1,"","<=",1,"P",23.7395,***,"",
5,"eFUSE_burn_readmargin","","BANKA_READMARGIN_UNBLOWN_BIT_3",430040,"",1,1,"OFF_PS1600",5,"422","","",0,"<=",0,"","<=",0,"P",23.7395,***,"",
5,"eFUSE_burn_readmargin","","BANKA_UNBURN_BIT_3",430520,"",1,1,"OFF_PS1600",5,"422","","",0,"<=",0,"","<=",0,"P",23.7395,***,"",
5,"eFUSE_burn_readmargin","","BANKA_BIT_UNBLOWN_TRUE_3",431000,"",1,1,"OFF_PS1600",5,"422","","",1,"<=",1,"","<=",1,"P",23.7395,***,"",
5,"eFUSE_burn_readmargin","","BANKA_READMARGIN_UNBLOWN_BIT_4",430050,"",1,1,"OFF_PS1600",5,"422","","",0,"<=",0,"","<=",0,"P",23.7395,***,"",
5,"eFUSE_burn_readmargin","","BANKA_UNBURN_BIT_4",430530,"",1,1,"OFF_PS1600",5,"422","","",0,"<=",0,"","<=",0,"P",23.7395,***,"",
5,"eFUSE_burn_readmargin","","BANKA_BIT_UNBLOWN_TRUE_4",431010,"",1,1,"OFF_PS1600",5,"422","","",1,"<=",1,"","<=",1,"P",23.7395,***,"",
5,"eFUSE_burn_readmargin","","BANKA_READMARGIN_BLOWN_BIT_5",530060,"",1,1,"OFF_PS1600",5,"422","","",1,"<=",1,"","<=",1,"P",23.7395,***,"",
5,"eFUSE_burn_readmargin","","BANKA_BURN_BIT_5",530540,"",1,1,"OFF_PS1600",5,"422","","",1,"<=",1,"","<=",1,"P",23.7395,***,"",
5,"eFUSE_burn_readmargin","","BANKA_BIT_BLOWN_TRUE_5",531020,"",1,1,"OFF_PS1600",5,"422","","",1,"<=",1,"","<=",1,"P",23.7395,***,"",
5,"eFUSE_burn_readmargin","","BANKA_READMARGIN_UNBLOWN_BIT_6",430070,"",1,1,"OFF_PS1600",5,"422","","",0,"<=",0,"","<=",0,"P",23.7395,***,"",
5,"eFUSE_burn_readmargin","","BANKA_UNBURN_BIT_6",430550,"",1,1,"OFF_PS1600",5,"422","","",0,"<=",0,"","<=",0,"P",23.7395,***,"",
5,"eFUSE_burn_readmargin","","BANKA_BIT_UNBLOWN_TRUE_6",431030,"",1,1,"OFF_PS1600",5,"422","","",1,"<=",1,"","<=",1,"P",23.7395,***,"",
5,"eFUSE_burn_readmargin","","BANKA_READMARGIN_BLOWN_BIT_7",530080,"",1,1,"OFF_PS1600",5,"422","","",1,"<=",1,"","<=",1,"P",34.7531,***,"",
5,"eFUSE_burn_readmargin","","BANKA_BURN_BIT_7",530560,"",1,1,"OFF_PS1600",5,"422","","",1,"<=",1,"","<=",1,"P",34.7531,***,"",
5,"eFUSE_burn_readmargin","","BANKA_BIT_BLOWN_TRUE_7",531040,"",1,1,"OFF_PS1600",5,"422","","",1,"<=",1,"","<=",1,"P",34.7531,***,"",
5,"eFUSE_burn_readmargin","","BANKA_READMARGIN_UNBLOWN_BIT_8",430090,"",1,1,"OFF_PS1600",5,"422","","",0,"<=",0,"","<=",0,"P",1.76467,***,"",
5,"eFUSE_burn_readmargin","","BANKA_UNBURN_BIT_8",430570,"",1,1,"OFF_PS1600",5,"422","","",0,"<=",0,"","<=",0,"P",1.76467,***,"",
5,"eFUSE_burn_readmargin","","BANKA_BIT_UNBLOWN_TRUE_8",431050,"",1,1,"OFF_PS1600",5,"422","","",1,"<=",1,"","<=",1,"P",1.76467,***,"",
5,"eFUSE_burn_readmargin","","BANKA_READMARGIN_UNBLOWN_BIT_9",430100,"",1,1,"OFF_PS1600",5,"422","","",0,"<=",0,"","<=",0,"P",1.76467,***,"",
5,"eFUSE_burn_readmargin","","BANKA_UNBURN_BIT_9",430580,"",1,1,"OFF_PS1600",5,"422","","",0,"<=",0,"","<=",0,"P",1.76467,***,"",
5,"eFUSE_burn_readmargin","","BANKA_BIT_UNBLOWN_TRUE_9",431060,"",1,1,"OFF_PS1600",5,"422","","",1,"<=",1,"","<=",1,"P",1.76467,***,"",
5,"eFUSE_burn_readmargin","","BANKA_READMARGIN_BLOWN_BIT_10",530110,"",1,1,"OFF_PS1600",5,"422","","",1,"<=",1,"","<=",1,"P",1.76467,***,"",
5,"eFUSE_burn_readmargin","","BANKA_BURN_BIT_10",530590,"",1,1,"OFF_PS1600",5,"422","","",1,"<=",1,"","<=",1,"P",1.76467,***,"",
5,"eFUSE_burn_readmargin","","BANKA_BIT_BLOWN_TRUE_10",531070,"",1,1,"OFF_PS1600",5,"422","","",1,"<=",1,"","<=",1,"P",1.76467,***,"",
5,"eFUSE_burn_readmargin","","BANKA_READMARGIN_UNBLOWN_BIT_11",430120,"",1,1,"OFF_PS1600",5,"422","","",0,"<=",0,"","<=",0,"P",34.7523,***,"",
5,"eFUSE_burn_readmargin","","BANKA_UNBURN_BIT_11",430600,"",1,1,"OFF_PS1600",5,"422","","",0,"<=",0,"","<=",0,"P",34.7523,***,"",
5,"eFUSE_burn_readmargin","","BANKA_BIT_UNBLOWN_TRUE_11",431080,"",1,1,"OFF_PS1600",5,"422","","",1,"<=",1,"","<=",1,"P",34.7523,***,"",
5,"eFUSE_burn_readmargin","","BANKA_READMARGIN_BLOWN_BIT_12",530130,"",1,1,"OFF_PS1600",5,"422","","",1,"<=",1,"","<=",1,"P",1.79943,***,"",
5,"eFUSE_burn_readmargin","","BANKA_BURN_BIT_12",530610,"",1,1,"OFF_PS1600",5,"422","","",1,"<=",1,"","<=",1,"P",1.79943,***,"",
5,"eFUSE_burn_readmargin","","BANKA_BIT_BLOWN_TRUE_12",531090,"",1,1,"OFF_PS1600",5,"422","","",1,"<=",1,"","<=",1,"P",1.79943,***,"",
5,"eFUSE_burn_readmargin","","BANKA_READMARGIN_UNBLOWN_BIT_13",430140,"",1,1,"OFF_PS1600",5,"422","","",0,"<=",0,"","<=",0,"P",23.7395,***,"",
5,"eFUSE_burn_readmargin","","BANKA_UNBURN_BIT_13",430620,"",1,1,"OFF_PS1600",5,"422","","",0,"<=",0,"","<=",0,"P",23.7395,***,"",
5,"eFUSE_burn_readmargin","","BANKA_BIT_UNBLOWN_TRUE_13",431100,"",1,1,"OFF_PS1600",5,"422","","",1,"<=",1,"","<=",1,"P",23.7395,***,"",
5,"eFUSE_burn_readmargin","","BANKA_READMARGIN_BLOWN_BIT_14",530150,"",1,1,"OFF_PS1600",5,"422","","",1,"<=",1,"","<=",1,"P",23.7395,***,"",
5,"eFUSE_burn_readmargin","","BANKA_BURN_BIT_14",530630,"",1,1,"OFF_PS1600",5,"422","","",1,"<=",1,"","<=",1,"P",23.7395,***,"",
5,"eFUSE_burn_readmargin","","BANKA_BIT_BLOWN_TRUE_14",531110,"",1,1,"OFF_PS1600",5,"422","","",1,"<=",1,"","<=",1,"P",23.7395,***,"",
5,"eFUSE_burn_readmargin","","BANKA_READMARGIN_BLOWN_BIT_15",530160,"",1,1,"OFF_PS1600",5,"422","","",1,"<=",1,"","<=",1,"P",28.1464,***,"",
5,"eFUSE_burn_readmargin","","BANKA_BURN_BIT_15",530640,"",1,1,"OFF_PS1600",5,"422","","",1,"<=",1,"","<=",1,"P",28.1464,***,"",
5,"eFUSE_burn_readmargin","","BANKA_BIT_BLOWN_TRUE_15",531120,"",1,1,"OFF_PS1600",5,"422","","",1,"<=",1,"","<=",1,"P",28.1464,***,"",
5,"eFUSE_burn_readmargin","","BANKA_READMARGIN_BLOWN_BIT_16",530170,"",1,1,"OFF_PS1600",5,"422","","",1,"<=",1,"","<=",1,"P",23.7395,***,"",
5,"eFUSE_burn_readmargin","","BANKA_BURN_BIT_16",530650,"",1,1,"OFF_PS1600",5,"422","","",1,"<=",1,"","<=",1,"P",23.7395,***,"",
5,"eFUSE_burn_readmargin","","BANKA_BIT_BLOWN_TRUE_16",531130,"",1,1,"OFF_PS1600",5,"422","","",1,"<=",1,"","<=",1,"P",23.7395,***,"",
5,"eFUSE_burn_readmargin","","BANKA_READMARGIN_BLOWN_BIT_17",530180,"",1,1,"OFF_PS1600",5,"422","","",1,"<=",1,"","<=",1,"P",23.7395,***,"",
5,"eFUSE_burn_readmargin","","BANKA_BURN_BIT_17",530660,"",1,1,"OFF_PS1600",5,"422","","",1,"<=",1,"","<=",1,"P",23.7395,***,"",
5,"eFUSE_burn_readmargin","","BANKA_BIT_BLOWN_TRUE_17",531140,"",1,1,"OFF_PS1600",5,"422","","",1,"<=",1,"","<=",1,"P",23.7395,***,"",
5,"eFUSE_burn_readmargin","","BANKA_READMARGIN_UNBLOWN_BIT_18",430190,"",1,1,"OFF_PS1600",5,"422","","",0,"<=",0,"","<=",0,"P",23.7395,***,"",
5,"eFUSE_burn_readmargin","","BANKA_UNBURN_BIT_18",430670,"",1,1,"OFF_PS1600",5,"422","","",0,"<=",0,"","<=",0,"P",23.7395,***,"",
5,"eFUSE_burn_readmargin","","BANKA_BIT_UNBLOWN_TRUE_18",431150,"",1,1,"OFF_PS1600",5,"422","","",1,"<=",1,"","<=",1,"P",23.7395,***,"",
5,"eFUSE_burn_readmargin","","BANKA_READMARGIN_UNBLOWN_BIT_19",430200,"",1,1,"OFF_PS1600",5,"422","","",0,"<=",0,"","<=",0,"P",23.7395,***,"",
5,"eFUSE_burn_readmargin","","BANKA_UNBURN_BIT_19",430680,"",1,1,"OFF_PS1600",5,"422","","",0,"<=",0,"","<=",0,"P",23.7395,***,"",
5,"eFUSE_burn_readmargin","","BANKA_BIT_UNBLOWN_TRUE_19",431160,"",1,1,"OFF_PS1600",5,"422","","",1,"<=",1,"","<=",1,"P",23.7395,***,"",
5,"eFUSE_burn_readmargin","","BANKA_READMARGIN_UNBLOWN_BIT_20",430210,"",1,1,"OFF_PS1600",5,"422","","",0,"<=",0,"","<=",0,"P",23.7395,***,"",
5,"eFUSE_burn_readmargin","","BANKA_UNBURN_BIT_20",430690,"",1,1,"OFF_PS1600",5,"422","","",0,"<=",0,"","<=",0,"P",23.7395,***,"",
5,"eFUSE_burn_readmargin","","BANKA_BIT_UNBLOWN_TRUE_20",431170,"",1,1,"OFF_PS1600",5,"422","","",1,"<=",1,"","<=",1,"P",23.7395,***,"",
5,"eFUSE_burn_readmargin","","BANKA_READMARGIN_UNBLOWN_BIT_21",430220,"",1,1,"OFF_PS1600",5,"422","","",0,"<=",0,"","<=",0,"P",23.7395,***,"",
5,"eFUSE_burn_readmargin","","BANKA_UNBURN_BIT_21",430700,"",1,1,"OFF_PS1600",5,"422","","",0,"<=",0,"","<=",0,"P",23.7395,***,"",
5,"eFUSE_burn_readmargin","","BANKA_BIT_UNBLOWN_TRUE_21",431180,"",1,1,"OFF_PS1600",5,"422","","",1,"<=",1,"","<=",1,"P",23.7395,***,"",
5,"eFUSE_burn_readmargin","","BANKA_READMARGIN_UNBLOWN_BIT_22",430230,"",1,1,"OFF_PS1600",5,"422","","",0,"<=",0,"","<=",0,"P",23.7395,***,"",
5,"eFUSE_burn_readmargin","","BANKA_UNBURN_BIT_22",430710,"",1,1,"OFF_PS1600",5,"422","","",0,"<=",0,"","<=",0,"P",23.7395,***,"",
5,"eFUSE_burn_readmargin","","BANKA_BIT_UNBLOWN_TRUE_22",431190,"",1,1,"OFF_PS1600",5,"422","","",1,"<=",1,"","<=",1,"P",23.7395,***,"",
5,"eFUSE_burn_readmargin","","BANKA_READMARGIN_UNBLOWN_BIT_23",430240,"",1,1,"OFF_PS1600",5,"422","","",0,"<=",0,"","<=",0,"P",23.7395,***,"",
5,"eFUSE_burn_readmargin","","BANKA_UNBURN_BIT_23",430720,"",1,1,"OFF_PS1600",5,"422","","",0,"<=",0,"","<=",0,"P",23.7395,***,"",
5,"eFUSE_burn_readmargin","","BANKA_BIT_UNBLOWN_TRUE_23",431200,"",1,1,"OFF_PS1600",5,"422","","",1,"<=",1,"","<=",1,"P",23.7395,***,"",
5,"eFUSE_burn_readmargin","","BANKA_READMARGIN_UNBLOWN_BIT_24",430250,"",1,1,"OFF_PS1600",5,"422","","",0,"<=",0,"","<=",0,"P",28.1462,***,"",
5,"eFUSE_burn_readmargin","","BANKA_UNBURN_BIT_24",430730,"",1,1,"OFF_PS1600",5,"422","","",0,"<=",0,"","<=",0,"P",28.1462,***,"",
5,"eFUSE_burn_readmargin","","BANKA_BIT_UNBLOWN_TRUE_24",431210,"",1,1,"OFF_PS1600",5,"422","","",1,"<=",1,"","<=",1,"P",28.1462,***,"",
5,"eFUSE_burn_readmargin","","BANKA_READMARGIN_UNBLOWN_BIT_25",430260,"",1,1,"OFF_PS1600",5,"422","","",0,"<=",0,"","<=",0,"P",23.7395,***,"",
5,"eFUSE_burn_readmargin","","BANKA_UNBURN_BIT_25",430740,"",1,1,"OFF_PS1600",5,"422","","",0,"<=",0,"","<=",0,"P",23.7395,***,"",
5,"eFUSE_burn_readmargin","","BANKA_BIT_UNBLOWN_TRUE_25",431220,"",1,1,"OFF_PS1600",5,"422","","",1,"<=",1,"","<=",1,"P",23.7395,***,"",
5,"eFUSE_burn_readmargin","","BANKA_READMARGIN_BLOWN_BIT_26",530270,"",1,1,"OFF_PS1600",5,"422","","",1,"<=",1,"","<=",1,"P",23.7395,***,"",
5,"eFUSE_burn_readmargin","","BANKA_BURN_BIT_26",530750,"",1,1,"OFF_PS1600",5,"422","","",1,"<=",1,"","<=",1,"P",23.7395,***,"",
5,"eFUSE_burn_readmargin","","BANKA_BIT_BLOWN_TRUE_26",531230,"",1,1,"OFF_PS1600",5,"422","","",1,"<=",1,"","<=",1,"P",23.7395,***,"",
5,"eFUSE_burn_readmargin","","BANKA_READMARGIN_BLOWN_BIT_27",530280,"",1,1,"OFF_PS1600",5,"422","","",1,"<=",1,"","<=",1,"P",23.7395,***,"",
5,"eFUSE_burn_readmargin","","BANKA_BURN_BIT_27",530760,"",1,1,"OFF_PS1600",5,"422","","",1,"<=",1,"","<=",1,"P",23.7395,***,"",
5,"eFUSE_burn_readmargin","","BANKA_BIT_BLOWN_TRUE_27",531240,"",1,1,"OFF_PS1600",5,"422","","",1,"<=",1,"","<=",1,"P",23.7395,***,"",
5,"eFUSE_burn_readmargin","","BANKA_READMARGIN_UNBLOWN_BIT_28",430290,"",1,1,"OFF_PS1600",5,"422","","",0,"<=",0,"","<=",0,"P",23.7395,***,"",
5,"eFUSE_burn_readmargin","","BANKA_UNBURN_BIT_28",430770,"",1,1,"OFF_PS1600",5,"422","","",0,"<=",0,"","<=",0,"P",23.7395,***,"",
5,"eFUSE_burn_readmargin","","BANKA_BIT_UNBLOWN_TRUE_28",431250,"",1,1,"OFF_PS1600",5,"422","","",1,"<=",1,"","<=",1,"P",23.7395,***,"",
5,"eFUSE_burn_readmargin","","BANKA_READMARGIN_UNBLOWN_BIT_29",430300,"",1,1,"OFF_PS1600",5,"422","","",0,"<=",0,"","<=",0,"P",1.80532,***,"",
5,"eFUSE_burn_readmargin","","BANKA_UNBURN_BIT_29",430780,"",1,1,"OFF_PS1600",5,"422","","",0,"<=",0,"","<=",0,"P",1.80532,***,"",
5,"eFUSE_burn_readmargin","","BANKA_BIT_UNBLOWN_TRUE_29",431260,"",1,1,"OFF_PS1600",5,"422","","",1,"<=",1,"","<=",1,"P",1.80532,***,"",
5,"eFUSE_burn_readmargin","","BANKA_READMARGIN_BLOWN_BIT_30",530310,"",1,1,"OFF_PS1600",5,"422","","",1,"<=",1,"","<=",1,"P",1.79943,***,"",
5,"eFUSE_burn_readmargin","","BANKA_BURN_BIT_30",530790,"",1,1,"OFF_PS1600",5,"422","","",1,"<=",1,"","<=",1,"P",1.79943,***,"",
5,"eFUSE_burn_readmargin","","BANKA_BIT_BLOWN_TRUE_30",531270,"",1,1,"OFF_PS1600",5,"422","","",1,"<=",1,"","<=",1,"P",1.79943,***,"",
5,"eFUSE_burn_readmargin","","BANKA_READMARGIN_UNBLOWN_BIT_31",430320,"",1,1,"OFF_PS1600",5,"422","","",0,"<=",0,"","<=",0,"P",1.84652,***,"",
5,"eFUSE_burn_readmargin","","BANKA_UNBURN_BIT_31",430800,"",1,1,"OFF_PS1600",5,"422","","",0,"<=",0,"","<=",0,"P",1.84652,***,"",
5,"eFUSE_burn_readmargin","","BANKA_BIT_UNBLOWN_TRUE_31",431280,"",1,1,"OFF_PS1600",5,"422","","",1,"<=",1,"","<=",1,"P",1.84652,***,"",
5,"eFUSE_burn_readmargin","","BANKA_READMARGIN_BLOWN_BIT_32",530330,"",1,1,"OFF_PS1600",5,"422","","",1,"<=",1,"","<=",1,"P",1.84652,***,"",
5,"eFUSE_burn_readmargin","","BANKA_BURN_BIT_32",530810,"",1,1,"OFF_PS1600",5,"422","","",1,"<=",1,"","<=",1,"P",1.84652,***,"",
5,"eFUSE_burn_readmargin","","BANKA_BIT_BLOWN_TRUE_32",531290,"",1,1,"OFF_PS1600",5,"422","","",1,"<=",1,"","<=",1,"P",1.84652,***,"",
5,"eFUSE_burn_readmargin","","BANKA_READMARGIN_BLOWN_BIT_33",530340,"",1,1,"OFF_PS1600",5,"422","","",1,"<=",1,"","<=",1,"P",1.84652,***,"",
5,"eFUSE_burn_readmargin","","BANKA_BURN_BIT_33",530820,"",1,1,"OFF_PS1600",5,"422","","",1,"<=",1,"","<=",1,"P",1.84652,***,"",
5,"eFUSE_burn_readmargin","","BANKA_BIT_BLOWN_TRUE_33",531300,"",1,1,"OFF_PS1600",5,"422","","",1,"<=",1,"","<=",1,"P",1.84652,***,"",
5,"eFUSE_burn_readmargin","","BANKA_READMARGIN_BLOWN_BIT_34",530350,"",1,1,"OFF_PS1600",5,"422","","",1,"<=",1,"","<=",1,"P",1.84652,***,"",
5,"eFUSE_burn_readmargin","","BANKA_BURN_BIT_34",530830,"",1,1,"OFF_PS1600",5,"422","","",1,"<=",1,"","<=",1,"P",1.84652,***,"",
5,"eFUSE_burn_readmargin","","BANKA_BIT_BLOWN_TRUE_34",531310,"",1,1,"OFF_PS1600",5,"422","","",1,"<=",1,"","<=",1,"P",1.84652,***,"",
5,"eFUSE_burn_readmargin","","BANKA_READMARGIN_BLOWN_BIT_35",530360,"",1,1,"OFF_PS1600",5,"422","","",1,"<=",1,"","<=",1,"P",1.84652,***,"",
5,"eFUSE_burn_readmargin","","BANKA_BURN_BIT_35",530840,"",1,1,"OFF_PS1600",5,"422","","",1,"<=",1,"","<=",1,"P",1.84652,***,"",
5,"eFUSE_burn_readmargin","","BANKA_BIT_BLOWN_TRUE_35",531320,"",1,1,"OFF_PS1600",5,"422","","",1,"<=",1,"","<=",1,"P",1.84652,***,"",
5,"eFUSE_burn_readmargin","","BANKA_READMARGIN_UNBLOWN_BIT_36",430370,"",1,1,"OFF_PS1600",5,"422","","",0,"<=",0,"","<=",0,"P",1.84652,***,"",
5,"eFUSE_burn_readmargin","","BANKA_UNBURN_BIT_36",430850,"",1,1,"OFF_PS1600",5,"422","","",0,"<=",0,"","<=",0,"P",1.84652,***,"",
5,"eFUSE_burn_readmargin","","BANKA_BIT_UNBLOWN_TRUE_36",431330,"",1,1,"OFF_PS1600",5,"422","","",1,"<=",1,"","<=",1,"P",1.84652,***,"",
5,"eFUSE_burn_readmargin","","BANKA_READMARGIN_BLOWN_BIT_37",530380,"",1,1,"OFF_PS1600",5,"422","","",1,"<=",1,"","<=",1,"P",23.7395,***,"",
5,"eFUSE_burn_readmargin","","BANKA_BURN_BIT_37",530860,"",1,1,"OFF_PS1600",5,"422","","",1,"<=",1,"","<=",1,"P",23.7395,***,"",
5,"eFUSE_burn_readmargin","","BANKA_BIT_BLOWN_TRUE_37",531340,"",1,1,"OFF_PS1600",5,"422","","",1,"<=",1,"","<=",1,"P",23.7395,***,"",
5,"eFUSE_burn_readmargin","","BANKA_READMARGIN_BLOWN_BIT_38",530390,"",1,1,"OFF_PS1600",5,"422","","",1,"<=",1,"","<=",1,"P",45.769,***,"",
5,"eFUSE_burn_readmargin","","BANKA_BURN_BIT_38",530870,"",1,1,"OFF_PS1600",5,"422","","",1,"<=",1,"","<=",1,"P",45.769,***,"",
5,"eFUSE_burn_readmargin","","BANKA_BIT_BLOWN_TRUE_38",531350,"",1,1,"OFF_PS1600",5,"422","","",1,"<=",1,"","<=",1,"P",45.769,***,"",
5,"eFUSE_burn_readmargin","","BANKA_READMARGIN_UNBLOWN_BIT_39",430400,"",1,1,"OFF_PS1600",5,"422","","",0,"<=",0,"","<=",0,"P",1.77922,***,"",
5,"eFUSE_burn_readmargin","","BANKA_UNBURN_BIT_39",430880,"",1,1,"OFF_PS1600",5,"422","","",0,"<=",0,"","<=",0,"P",1.77922,***,"",
5,"eFUSE_burn_readmargin","","BANKA_BIT_UNBLOWN_TRUE_39",431360,"",1,1,"OFF_PS1600",5,"422","","",1,"<=",1,"","<=",1,"P",1.77922,***,"",
5,"eFUSE_burn_readmargin","","BANKA_READMARGIN_BLOWN_BIT_40",530410,"",1,1,"OFF_PS1600",5,"422","","",1,"<=",1,"","<=",1,"P",1.84652,***,"",
5,"eFUSE_burn_readmargin","","BANKA_BURN_BIT_40",530890,"",1,1,"OFF_PS1600",5,"422","","",1,"<=",1,"","<=",1,"P",1.84652,***,"",
5,"eFUSE_burn_readmargin","","BANKA_BIT_BLOWN_TRUE_40",531370,"",1,1,"OFF_PS1600",5,"422","","",1,"<=",1,"","<=",1,"P",1.84652,***,"",
5,"eFUSE_burn_readmargin","","BANKA_READMARGIN_UNBLOWN_BIT_41",430420,"",1,1,"OFF_PS1600",5,"422","","",0,"<=",0,"","<=",0,"P",1.84652,***,"",
5,"eFUSE_burn_readmargin","","BANKA_UNBURN_BIT_41",430900,"",1,1,"OFF_PS1600",5,"422","","",0,"<=",0,"","<=",0,"P",1.84652,***,"",
5,"eFUSE_burn_readmargin","","BANKA_BIT_UNBLOWN_TRUE_41",431380,"",1,1,"OFF_PS1600",5,"422","","",1,"<=",1,"","<=",1,"P",1.84652,***,"",
5,"eFUSE_burn_readmargin","","BANKA_READMARGIN_BLOWN_BIT_42",530430,"",1,1,"OFF_PS1600",5,"422","","",1,"<=",1,"","<=",1,"P",23.7395,***,"",
5,"eFUSE_burn_readmargin","","BANKA_BURN_BIT_42",530910,"",1,1,"OFF_PS1600",5,"422","","",1,"<=",1,"","<=",1,"P",23.7395,***,"",
5,"eFUSE_burn_readmargin","","BANKA_BIT_BLOWN_TRUE_42",531390,"",1,1,"OFF_PS1600",5,"422","","",1,"<=",1,"","<=",1,"P",23.7395,***,"",
5,"eFUSE_burn_readmargin","","BANKA_READMARGIN_BLOWN_BIT_43",530440,"",1,1,"OFF_PS1600",5,"422","","",1,"<=",1,"","<=",1,"P",28.1464,***,"",
5,"eFUSE_burn_readmargin","","BANKA_BURN_BIT_43",530920,"",1,1,"OFF_PS1600",5,"422","","",1,"<=",1,"","<=",1,"P",28.1464,***,"",
5,"eFUSE_burn_readmargin","","BANKA_BIT_BLOWN_TRUE_43",531400,"",1,1,"OFF_PS1600",5,"422","","",1,"<=",1,"","<=",1,"P",28.1464,***,"",
5,"eFUSE_burn_readmargin","","BANKA_READMARGIN_UNBLOWN_BIT_44",430450,"",1,1,"OFF_PS1600",5,"422","","",0,"<=",0,"","<=",0,"P",34.7572,***,"",
5,"eFUSE_burn_readmargin","","BANKA_UNBURN_BIT_44",430930,"",1,1,"OFF_PS1600",5,"422","","",0,"<=",0,"","<=",0,"P",34.7572,***,"",
5,"eFUSE_burn_readmargin","","BANKA_BIT_UNBLOWN_TRUE_44",431410,"",1,1,"OFF_PS1600",5,"422","","",1,"<=",1,"","<=",1,"P",34.7572,***,"",
5,"eFUSE_burn_readmargin","","BANKA_READMARGIN_UNBLOWN_BIT_45",430460,"",1,1,"OFF_PS1600",5,"422","","",0,"<=",0,"","<=",0,"P",1.78031,***,"",
5,"eFUSE_burn_readmargin","","BANKA_UNBURN_BIT_45",430940,"",1,1,"OFF_PS1600",5,"422","","",0,"<=",0,"","<=",0,"P",1.78031,***,"",
5,"eFUSE_burn_readmargin","","BANKA_BIT_UNBLOWN_TRUE_45",431420,"",1,1,"OFF_PS1600",5,"422","","",1,"<=",1,"","<=",1,"P",1.78031,***,"",
5,"eFUSE_burn_readmargin","","BANKA_READMARGIN_BLOWN_BIT_46",530470,"",1,1,"OFF_PS1600",5,"422","","",1,"<=",1,"","<=",1,"P",28.147,***,"",
5,"eFUSE_burn_readmargin","","BANKA_BURN_BIT_46",530950,"",1,1,"OFF_PS1600",5,"422","","",1,"<=",1,"","<=",1,"P",28.147,***,"",
5,"eFUSE_burn_readmargin","","BANKA_BIT_BLOWN_TRUE_46",531430,"",1,1,"OFF_PS1600",5,"422","","",1,"<=",1,"","<=",1,"P",28.147,***,"",
5,"eFUSE_burn_readmargin","","BANKA_READMARGIN_BLOWN_BIT_47",530480,"",1,1,"OFF_PS1600",5,"422","","",1,"<=",1,"","<=",1,"P",23.7395,***,"",
5,"eFUSE_burn_readmargin","","BANKA_BURN_BIT_47",530960,"",1,1,"OFF_PS1600",5,"422","","",1,"<=",1,"","<=",1,"P",23.7395,***,"",
5,"eFUSE_burn_readmargin","","BANKA_BIT_BLOWN_TRUE_47",531440,"",1,1,"OFF_PS1600",5,"422","","",1,"<=",1,"","<=",1,"P",23.7395,***,"",
5,"eFUSE_burn_readmargin","","BANKB_READMARGIN_UNBLOWN_BIT_0",431450,"",1,1,"OFF_PS1600",5,"422","","",0,"<=",0,"","<=",0,"P",23.7395,***,"",
5,"eFUSE_burn_readmargin","","BANKB_UNBURN_BIT_0",431930,"",1,1,"OFF_PS1600",5,"422","","",0,"<=",0,"","<=",0,"P",23.7395,***,"",
5,"eFUSE_burn_readmargin","","BANKB_BIT_UNBLOWN_TRUE_0",432410,"",1,1,"OFF_PS1600",5,"422","","",1,"<=",1,"","<=",1,"P",23.7395,***,"",
5,"eFUSE_burn_readmargin","","BANKB_READMARGIN_UNBLOWN_BIT_1",431460,"",1,1,"OFF_PS1600",5,"422","","",0,"<=",0,"","<=",0,"P",23.7395,***,"",
5,"eFUSE_burn_readmargin","","BANKB_UNBURN_BIT_1",431940,"",1,1,"OFF_PS1600",5,"422","","",0,"<=",0,"","<=",0,"P",23.7395,***,"",
5,"eFUSE_burn_readmargin","","BANKB_BIT_UNBLOWN_TRUE_1",432420,"",1,1,"OFF_PS1600",5,"422","","",1,"<=",1,"","<=",1,"P",23.7395,***,"",
5,"eFUSE_burn_readmargin","","BANKB_READMARGIN_UNBLOWN_BIT_2",431470,"",1,1,"OFF_PS1600",5,"422","","",0,"<=",0,"","<=",0,"P",23.7395,***,"",
5,"eFUSE_burn_readmargin","","BANKB_UNBURN_BIT_2",431950,"",1,1,"OFF_PS1600",5,"422","","",0,"<=",0,"","<=",0,"P",23.7395,***,"",
5,"eFUSE_burn_readmargin","","BANKB_BIT_UNBLOWN_TRUE_2",432430,"",1,1,"OFF_PS1600",5,"422","","",1,"<=",1,"","<=",1,"P",23.7395,***,"",
5,"eFUSE_burn_readmargin","","BANKB_READMARGIN_UNBLOWN_BIT_3",431480,"",1,1,"OFF_PS1600",5,"422","","",0,"<=",0,"","<=",0,"P",23.7395,***,"",
5,"eFUSE_burn_readmargin","","BANKB_UNBURN_BIT_3",431960,"",1,1,"OFF_PS1600",5,"422","","",0,"<=",0,"","<=",0,"P",23.7395,***,"",
5,"eFUSE_burn_readmargin","","BANKB_BIT_UNBLOWN_TRUE_3",432440,"",1,1,"OFF_PS1600",5,"422","","",1,"<=",1,"","<=",1,"P",23.7395,***,"",
5,"eFUSE_burn_readmargin","","BANKB_READMARGIN_UNBLOWN_BIT_4",431490,"",1,1,"OFF_PS1600",5,"422","","",0,"<=",0,"","<=",0,"P",23.7395,***,"",
5,"eFUSE_burn_readmargin","","BANKB_UNBURN_BIT_4",431970,"",1,1,"OFF_PS1600",5,"422","","",0,"<=",0,"","<=",0,"P",23.7395,***,"",
5,"eFUSE_burn_readmargin","","BANKB_BIT_UNBLOWN_TRUE_4",432450,"",1,1,"OFF_PS1600",5,"422","","",1,"<=",1,"","<=",1,"P",23.7395,***,"",
5,"eFUSE_burn_readmargin","","BANKB_READMARGIN_BLOWN_BIT_5",531500,"",1,1,"OFF_PS1600",5,"422","","",1,"<=",1,"","<=",1,"P",23.7395,***,"",
5,"eFUSE_burn_readmargin","","BANKB_BURN_BIT_5",531980,"",1,1,"OFF_PS1600",5,"422","","",1,"<=",1,"","<=",1,"P",23.7395,***,"",
5,"eFUSE_burn_readmargin","","BANKB_BIT_BLOWN_TRUE_5",532460,"",1,1,"OFF_PS1600",5,"422","","",1,"<=",1,"","<=",1,"P",23.7395,***,"",
5,"eFUSE_burn_readmargin","","BANKB_READMARGIN_UNBLOWN_BIT_6",431510,"",1,1,"OFF_PS1600",5,"422","","",0,"<=",0,"","<=",0,"P",23.7395,***,"",
5,"eFUSE_burn_readmargin","","BANKB_UNBURN_BIT_6",431990,"",1,1,"OFF_PS1600",5,"422","","",0,"<=",0,"","<=",0,"P",23.7395,***,"",
5,"eFUSE_burn_readmargin","","BANKB_BIT_UNBLOWN_TRUE_6",432470,"",1,1,"OFF_PS1600",5,"422","","",1,"<=",1,"","<=",1,"P",23.7395,***,"",
5,"eFUSE_burn_readmargin","","BANKB_READMARGIN_BLOWN_BIT_7",531520,"",1,1,"OFF_PS1600",5,"422","","",1,"<=",1,"","<=",1,"P",34.7531,***,"",
5,"eFUSE_burn_readmargin","","BANKB_BURN_BIT_7",532000,"",1,1,"OFF_PS1600",5,"422","","",1,"<=",1,"","<=",1,"P",34.7531,***,"",
5,"eFUSE_burn_readmargin","","BANKB_BIT_BLOWN_TRUE_7",532480,"",1,1,"OFF_PS1600",5,"422","","",1,"<=",1,"","<=",1,"P",34.7531,***,"",
5,"eFUSE_burn_readmargin","","BANKB_READMARGIN_UNBLOWN_BIT_8",431530,"",1,1,"OFF_PS1600",5,"422","","",0,"<=",0,"","<=",0,"P",1.76467,***,"",
5,"eFUSE_burn_readmargin","","BANKB_UNBURN_BIT_8",432010,"",1,1,"OFF_PS1600",5,"422","","",0,"<=",0,"","<=",0,"P",1.76467,***,"",
5,"eFUSE_burn_readmargin","","BANKB_BIT_UNBLOWN_TRUE_8",432490,"",1,1,"OFF_PS1600",5,"422","","",1,"<=",1,"","<=",1,"P",1.76467,***,"",
5,"eFUSE_burn_readmargin","","BANKB_READMARGIN_UNBLOWN_BIT_9",431540,"",1,1,"OFF_PS1600",5,"422","","",0,"<=",0,"","<=",0,"P",1.76467,***,"",
5,"eFUSE_burn_readmargin","","BANKB_UNBURN_BIT_9",432020,"",1,1,"OFF_PS1600",5,"422","","",0,"<=",0,"","<=",0,"P",1.76467,***,"",
5,"eFUSE_burn_readmargin","","BANKB_BIT_UNBLOWN_TRUE_9",432500,"",1,1,"OFF_PS1600",5,"422","","",1,"<=",1,"","<=",1,"P",1.76467,***,"",
5,"eFUSE_burn_readmargin","","BANKB_READMARGIN_BLOWN_BIT_10",531550,"",1,1,"OFF_PS1600",5,"422","","",1,"<=",1,"","<=",1,"P",1.76467,***,"",
5,"eFUSE_burn_readmargin","","BANKB_BURN_BIT_10",532030,"",1,1,"OFF_PS1600",5,"422","","",1,"<=",1,"","<=",1,"P",1.76467,***,"",
5,"eFUSE_burn_readmargin","","BANKB_BIT_BLOWN_TRUE_10",532510,"",1,1,"OFF_PS1600",5,"422","","",1,"<=",1,"","<=",1,"P",1.76467,***,"",
5,"eFUSE_burn_readmargin","","BANKB_READMARGIN_UNBLOWN_BIT_11",431560,"",1,1,"OFF_PS1600",5,"422","","",0,"<=",0,"","<=",0,"P",34.7523,***,"",
5,"eFUSE_burn_readmargin","","BANKB_UNBURN_BIT_11",432040,"",1,1,"OFF_PS1600",5,"422","","",0,"<=",0,"","<=",0,"P",34.7523,***,"",
5,"eFUSE_burn_readmargin","","BANKB_BIT_UNBLOWN_TRUE_11",432520,"",1,1,"OFF_PS1600",5,"422","","",1,"<=",1,"","<=",1,"P",34.7523,***,"",
5,"eFUSE_burn_readmargin","","BANKB_READMARGIN_BLOWN_BIT_12",531570,"",1,1,"OFF_PS1600",5,"422","","",1,"<=",1,"","<=",1,"P",1.79943,***,"",
5,"eFUSE_burn_readmargin","","BANKB_BURN_BIT_12",532050,"",1,1,"OFF_PS1600",5,"422","","",1,"<=",1,"","<=",1,"P",1.79943,***,"",
5,"eFUSE_burn_readmargin","","BANKB_BIT_BLOWN_TRUE_12",532530,"",1,1,"OFF_PS1600",5,"422","","",1,"<=",1,"","<=",1,"P",1.79943,***,"",
5,"eFUSE_burn_readmargin","","BANKB_READMARGIN_UNBLOWN_BIT_13",431580,"",1,1,"OFF_PS1600",5,"422","","",0,"<=",0,"","<=",0,"P",23.7395,***,"",
5,"eFUSE_burn_readmargin","","BANKB_UNBURN_BIT_13",432060,"",1,1,"OFF_PS1600",5,"422","","",0,"<=",0,"","<=",0,"P",23.7395,***,"",
5,"eFUSE_burn_readmargin","","BANKB_BIT_UNBLOWN_TRUE_13",432540,"",1,1,"OFF_PS1600",5,"422","","",1,"<=",1,"","<=",1,"P",23.7395,***,"",
5,"eFUSE_burn_readmargin","","BANKB_READMARGIN_BLOWN_BIT_14",531590,"",1,1,"OFF_PS1600",5,"422","","",1,"<=",1,"","<=",1,"P",23.7395,***,"",
5,"eFUSE_burn_readmargin","","BANKB_BURN_BIT_14",532070,"",1,1,"OFF_PS1600",5,"422","","",1,"<=",1,"","<=",1,"P",23.7395,***,"",
5,"eFUSE_burn_readmargin","","BANKB_BIT_BLOWN_TRUE_14",532550,"",1,1,"OFF_PS1600",5,"422","","",1,"<=",1,"","<=",1,"P",23.7395,***,"",
5,"eFUSE_burn_readmargin","","BANKB_READMARGIN_BLOWN_BIT_15",531600,"",1,1,"OFF_PS1600",5,"422","","",1,"<=",1,"","<=",1,"P",28.1464,***,"",
5,"eFUSE_burn_readmargin","","BANKB_BURN_BIT_15",532080,"",1,1,"OFF_PS1600",5,"422","","",1,"<=",1,"","<=",1,"P",28.1464,***,"",
5,"eFUSE_burn_readmargin","","BANKB_BIT_BLOWN_TRUE_15",532560,"",1,1,"OFF_PS1600",5,"422","","",1,"<=",1,"","<=",1,"P",28.1464,***,"",
5,"eFUSE_burn_readmargin","","BANKB_READMARGIN_BLOWN_BIT_16",531610,"",1,1,"OFF_PS1600",5,"422","","",1,"<=",1,"","<=",1,"P",23.7395,***,"",
5,"eFUSE_burn_readmargin","","BANKB_BURN_BIT_16",532090,"",1,1,"OFF_PS1600",5,"422","","",1,"<=",1,"","<=",1,"P",23.7395,***,"",
5,"eFUSE_burn_readmargin","","BANKB_BIT_BLOWN_TRUE_16",532570,"",1,1,"OFF_PS1600",5,"422","","",1,"<=",1,"","<=",1,"P",23.7395,***,"",
5,"eFUSE_burn_readmargin","","BANKB_READMARGIN_BLOWN_BIT_17",531620,"",1,1,"OFF_PS1600",5,"422","","",1,"<=",1,"","<=",1,"P",23.7395,***,"",
5,"eFUSE_burn_readmargin","","BANKB_BURN_BIT_17",532100,"",1,1,"OFF_PS1600",5,"422","","",1,"<=",1,"","<=",1,"P",23.7395,***,"",
5,"eFUSE_burn_readmargin","","BANKB_BIT_BLOWN_TRUE_17",532580,"",1,1,"OFF_PS1600",5,"422","","",1,"<=",1,"","<=",1,"P",23.7395,***,"",
5,"eFUSE_burn_readmargin","","BANKB_READMARGIN_UNBLOWN_BIT_18",431630,"",1,1,"OFF_PS1600",5,"422","","",0,"<=",0,"","<=",0,"P",23.7395,***,"",
5,"eFUSE_burn_readmargin","","BANKB_UNBURN_BIT_18",432110,"",1,1,"OFF_PS1600",5,"422","","",0,"<=",0,"","<=",0,"P",23.7395,***,"",
5,"eFUSE_burn_readmargin","","BANKB_BIT_UNBLOWN_TRUE_18",432590,"",1,1,"OFF_PS1600",5,"422","","",1,"<=",1,"","<=",1,"P",23.7395,***,"",
5,"eFUSE_burn_readmargin","","BANKB_READMARGIN_UNBLOWN_BIT_19",431640,"",1,1,"OFF_PS1600",5,"422","","",0,"<=",0,"","<=",0,"P",23.7395,***,"",
5,"eFUSE_burn_readmargin","","BANKB_UNBURN_BIT_19",432120,"",1,1,"OFF_PS1600",5,"422","","",0,"<=",0,"","<=",0,"P",23.7395,***,"",
5,"eFUSE_burn_readmargin","","BANKB_BIT_UNBLOWN_TRUE_19",432600,"",1,1,"OFF_PS1600",5,"422","","",1,"<=",1,"","<=",1,"P",23.7395,***,"",
5,"eFUSE_burn_readmargin","","BANKB_READMARGIN_UNBLOWN_BIT_20",431650,"",1,1,"OFF_PS1600",5,"422","","",0,"<=",0,"","<=",0,"P",23.7395,***,"",
5,"eFUSE_burn_readmargin","","BANKB_UNBURN_BIT_20",432130,"",1,1,"OFF_PS1600",5,"422","","",0,"<=",0,"","<=",0,"P",23.7395,***,"",
5,"eFUSE_burn_readmargin","","BANKB_BIT_UNBLOWN_TRUE_20",432610,"",1,1,"OFF_PS1600",5,"422","","",1,"<=",1,"","<=",1,"P",23.7395,***,"",
5,"eFUSE_burn_readmargin","","BANKB_READMARGIN_UNBLOWN_BIT_21",431660,"",1,1,"OFF_PS1600",5,"422","","",0,"<=",0,"","<=",0,"P",23.7395,***,"",
5,"eFUSE_burn_readmargin","","BANKB_UNBURN_BIT_21",432140,"",1,1,"OFF_PS1600",5,"422","","",0,"<=",0,"","<=",0,"P",23.7395,***,"",
5,"eFUSE_burn_readmargin","","BANKB_BIT_UNBLOWN_TRUE_21",432620,"",1,1,"OFF_PS1600",5,"422","","",1,"<=",1,"","<=",1,"P",23.7395,***,"",
5,"eFUSE_burn_readmargin","","BANKB_READMARGIN_UNBLOWN_BIT_22",431670,"",1,1,"OFF_PS1600",5,"422","","",0,"<=",0,"","<=",0,"P",23.7395,***,"",
5,"eFUSE_burn_readmargin","","BANKB_UNBURN_BIT_22",432150,"",1,1,"OFF_PS1600",5,"422","","",0,"<=",0,"","<=",0,"P",23.7395,***,"",
5,"eFUSE_burn_readmargin","","BANKB_BIT_UNBLOWN_TRUE_22",432630,"",1,1,"OFF_PS1600",5,"422","","",1,"<=",1,"","<=",1,"P",23.7395,***,"",
5,"eFUSE_burn_readmargin","","BANKB_READMARGIN_UNBLOWN_BIT_23",431680,"",1,1,"OFF_PS1600",5,"422","","",0,"<=",0,"","<=",0,"P",23.7395,***,"",
5,"eFUSE_burn_readmargin","","BANKB_UNBURN_BIT_23",432160,"",1,1,"OFF_PS1600",5,"422","","",0,"<=",0,"","<=",0,"P",23.7395,***,"",
5,"eFUSE_burn_readmargin","","BANKB_BIT_UNBLOWN_TRUE_23",432640,"",1,1,"OFF_PS1600",5,"422","","",1,"<=",1,"","<=",1,"P",23.7395,***,"",
5,"eFUSE_burn_readmargin","","BANKB_READMARGIN_UNBLOWN_BIT_24",431690,"",1,1,"OFF_PS1600",5,"422","","",0,"<=",0,"","<=",0,"P",28.1462,***,"",
5,"eFUSE_burn_readmargin","","BANKB_UNBURN_BIT_24",432170,"",1,1,"OFF_PS1600",5,"422","","",0,"<=",0,"","<=",0,"P",28.1462,***,"",
5,"eFUSE_burn_readmargin","","BANKB_BIT_UNBLOWN_TRUE_24",432650,"",1,1,"OFF_PS1600",5,"422","","",1,"<=",1,"","<=",1,"P",28.1462,***,"",
5,"eFUSE_burn_readmargin","","BANKB_READMARGIN_UNBLOWN_BIT_25",431700,"",1,1,"OFF_PS1600",5,"422","","",0,"<=",0,"","<=",0,"P",23.7395,***,"",
5,"eFUSE_burn_readmargin","","BANKB_UNBURN_BIT_25",432180,"",1,1,"OFF_PS1600",5,"422","","",0,"<=",0,"","<=",0,"P",23.7395,***,"",
5,"eFUSE_burn_readmargin","","BANKB_BIT_UNBLOWN_TRUE_25",432660,"",1,1,"OFF_PS1600",5,"422","","",1,"<=",1,"","<=",1,"P",23.7395,***,"",
5,"eFUSE_burn_readmargin","","BANKB_READMARGIN_BLOWN_BIT_26",531710,"",1,1,"OFF_PS1600",5,"422","","",1,"<=",1,"","<=",1,"P",23.7395,***,"",
5,"eFUSE_burn_readmargin","","BANKB_BURN_BIT_26",532190,"",1,1,"OFF_PS1600",5,"422","","",1,"<=",1,"","<=",1,"P",23.7395,***,"",
5,"eFUSE_burn_readmargin","","BANKB_BIT_BLOWN_TRUE_26",532670,"",1,1,"OFF_PS1600",5,"422","","",1,"<=",1,"","<=",1,"P",23.7395,***,"",
5,"eFUSE_burn_readmargin","","BANKB_READMARGIN_BLOWN_BIT_27",531720,"",1,1,"OFF_PS1600",5,"422","","",1,"<=",1,"","<=",1,"P",23.7395,***,"",
5,"eFUSE_burn_readmargin","","BANKB_BURN_BIT_27",532200,"",1,1,"OFF_PS1600",5,"422","","",1,"<=",1,"","<=",1,"P",23.7395,***,"",
5,"eFUSE_burn_readmargin","","BANKB_BIT_BLOWN_TRUE_27",532680,"",1,1,"OFF_PS1600",5,"422","","",1,"<=",1,"","<=",1,"P",23.7395,***,"",
5,"eFUSE_burn_readmargin","","BANKB_READMARGIN_UNBLOWN_BIT_28",431730,"",1,1,"OFF_PS1600",5,"422","","",0,"<=",0,"","<=",0,"P",23.7395,***,"",
5,"eFUSE_burn_readmargin","","BANKB_UNBURN_BIT_28",432210,"",1,1,"OFF_PS1600",5,"422","","",0,"<=",0,"","<=",0,"P",23.7395,***,"",
5,"eFUSE_burn_readmargin","","BANKB_BIT_UNBLOWN_TRUE_28",432690,"",1,1,"OFF_PS1600",5,"422","","",1,"<=",1,"","<=",1,"P",23.7395,***,"",
5,"eFUSE_burn_readmargin","","BANKB_READMARGIN_UNBLOWN_BIT_29",431740,"",1,1,"OFF_PS1600",5,"422","","",0,"<=",0,"","<=",0,"P",1.80532,***,"",
5,"eFUSE_burn_readmargin","","BANKB_UNBURN_BIT_29",432220,"",1,1,"OFF_PS1600",5,"422","","",0,"<=",0,"","<=",0,"P",1.80532,***,"",
5,"eFUSE_burn_readmargin","","BANKB_BIT_UNBLOWN_TRUE_29",432700,"",1,1,"OFF_PS1600",5,"422","","",1,"<=",1,"","<=",1,"P",1.80532,***,"",
5,"eFUSE_burn_readmargin","","BANKB_READMARGIN_BLOWN_BIT_30",531750,"",1,1,"OFF_PS1600",5,"422","","",1,"<=",1,"","<=",1,"P",1.79943,***,"",
5,"eFUSE_burn_readmargin","","BANKB_BURN_BIT_30",532230,"",1,1,"OFF_PS1600",5,"422","","",1,"<=",1,"","<=",1,"P",1.79943,***,"",
5,"eFUSE_burn_readmargin","","BANKB_BIT_BLOWN_TRUE_30",532710,"",1,1,"OFF_PS1600",5,"422","","",1,"<=",1,"","<=",1,"P",1.79943,***,"",
5,"eFUSE_burn_readmargin","","BANKB_READMARGIN_UNBLOWN_BIT_31",431760,"",1,1,"OFF_PS1600",5,"422","","",0,"<=",0,"","<=",0,"P",1.84652,***,"",
5,"eFUSE_burn_readmargin","","BANKB_UNBURN_BIT_31",432240,"",1,1,"OFF_PS1600",5,"422","","",0,"<=",0,"","<=",0,"P",1.84652,***,"",
5,"eFUSE_burn_readmargin","","BANKB_BIT_UNBLOWN_TRUE_31",432720,"",1,1,"OFF_PS1600",5,"422","","",1,"<=",1,"","<=",1,"P",1.84652,***,"",
5,"eFUSE_burn_readmargin","","BANKB_READMARGIN_BLOWN_BIT_32",531770,"",1,1,"OFF_PS1600",5,"422","","",1,"<=",1,"","<=",1,"P",1.84652,***,"",
5,"eFUSE_burn_readmargin","","BANKB_BURN_BIT_32",532250,"",1,1,"OFF_PS1600",5,"422","","",1,"<=",1,"","<=",1,"P",1.84652,***,"",
5,"eFUSE_burn_readmargin","","BANKB_BIT_BLOWN_TRUE_32",532730,"",1,1,"OFF_PS1600",5,"422","","",1,"<=",1,"","<=",1,"P",1.84652,***,"",
5,"eFUSE_burn_readmargin","","BANKB_READMARGIN_BLOWN_BIT_33",531780,"",1,1,"OFF_PS1600",5,"422","","",1,"<=",1,"","<=",1,"P",1.84652,***,"",
5,"eFUSE_burn_readmargin","","BANKB_BURN_BIT_33",532260,"",1,1,"OFF_PS1600",5,"422","","",1,"<=",1,"","<=",1,"P",1.84652,***,"",
5,"eFUSE_burn_readmargin","","BANKB_BIT_BLOWN_TRUE_33",532740,"",1,1,"OFF_PS1600",5,"422","","",1,"<=",1,"","<=",1,"P",1.84652,***,"",
5,"eFUSE_burn_readmargin","","BANKB_READMARGIN_BLOWN_BIT_34",531790,"",1,1,"OFF_PS1600",5,"422","","",1,"<=",1,"","<=",1,"P",1.84652,***,"",
5,"eFUSE_burn_readmargin","","BANKB_BURN_BIT_34",532270,"",1,1,"OFF_PS1600",5,"422","","",1,"<=",1,"","<=",1,"P",1.84652,***,"",
5,"eFUSE_burn_readmargin","","BANKB_BIT_BLOWN_TRUE_34",532750,"",1,1,"OFF_PS1600",5,"422","","",1,"<=",1,"","<=",1,"P",1.84652,***,"",
5,"eFUSE_burn_readmargin","","BANKB_READMARGIN_BLOWN_BIT_35",531800,"",1,1,"OFF_PS1600",5,"422","","",1,"<=",1,"","<=",1,"P",1.84652,***,"",
5,"eFUSE_burn_readmargin","","BANKB_BURN_BIT_35",532280,"",1,1,"OFF_PS1600",5,"422","","",1,"<=",1,"","<=",1,"P",1.84652,***,"",
5,"eFUSE_burn_readmargin","","BANKB_BIT_BLOWN_TRUE_35",532760,"",1,1,"OFF_PS1600",5,"422","","",1,"<=",1,"","<=",1,"P",1.84652,***,"",
5,"eFUSE_burn_readmargin","","BANKB_READMARGIN_UNBLOWN_BIT_36",431810,"",1,1,"OFF_PS1600",5,"422","","",0,"<=",0,"","<=",0,"P",1.84652,***,"",
5,"eFUSE_burn_readmargin","","BANKB_UNBURN_BIT_36",432290,"",1,1,"OFF_PS1600",5,"422","","",0,"<=",0,"","<=",0,"P",1.84652,***,"",
5,"eFUSE_burn_readmargin","","BANKB_BIT_UNBLOWN_TRUE_36",432770,"",1,1,"OFF_PS1600",5,"422","","",1,"<=",1,"","<=",1,"P",1.84652,***,"",
5,"eFUSE_burn_readmargin","","BANKB_READMARGIN_BLOWN_BIT_37",531820,"",1,1,"OFF_PS1600",5,"422","","",1,"<=",1,"","<=",1,"P",23.7395,***,"",
5,"eFUSE_burn_readmargin","","BANKB_BURN_BIT_37",532300,"",1,1,"OFF_PS1600",5,"422","","",1,"<=",1,"","<=",1,"P",23.7395,***,"",
5,"eFUSE_burn_readmargin","","BANKB_BIT_BLOWN_TRUE_37",532780,"",1,1,"OFF_PS1600",5,"422","","",1,"<=",1,"","<=",1,"P",23.7395,***,"",
5,"eFUSE_burn_readmargin","","BANKB_READMARGIN_BLOWN_BIT_38",531830,"",1,1,"OFF_PS1600",5,"422","","",1,"<=",1,"","<=",1,"P",45.769,***,"",
5,"eFUSE_burn_readmargin","","BANKB_BURN_BIT_38",532310,"",1,1,"OFF_PS1600",5,"422","","",1,"<=",1,"","<=",1,"P",45.769,***,"",
5,"eFUSE_burn_readmargin","","BANKB_BIT_BLOWN_TRUE_38",532790,"",1,1,"OFF_PS1600",5,"422","","",1,"<=",1,"","<=",1,"P",45.769,***,"",
5,"eFUSE_burn_readmargin","","BANKB_READMARGIN_UNBLOWN_BIT_39",431840,"",1,1,"OFF_PS1600",5,"422","","",0,"<=",0,"","<=",0,"P",1.77922,***,"",
5,"eFUSE_burn_readmargin","","BANKB_UNBURN_BIT_39",432320,"",1,1,"OFF_PS1600",5,"422","","",0,"<=",0,"","<=",0,"P",1.77922,***,"",
5,"eFUSE_burn_readmargin","","BANKB_BIT_UNBLOWN_TRUE_39",432800,"",1,1,"OFF_PS1600",5,"422","","",1,"<=",1,"","<=",1,"P",1.77922,***,"",
5,"eFUSE_burn_readmargin","","BANKB_READMARGIN_BLOWN_BIT_40",531850,"",1,1,"OFF_PS1600",5,"422","","",1,"<=",1,"","<=",1,"P",1.84652,***,"",
5,"eFUSE_burn_readmargin","","BANKB_BURN_BIT_40",532330,"",1,1,"OFF_PS1600",5,"422","","",1,"<=",1,"","<=",1,"P",1.84652,***,"",
5,"eFUSE_burn_readmargin","","BANKB_BIT_BLOWN_TRUE_40",532810,"",1,1,"OFF_PS1600",5,"422","","",1,"<=",1,"","<=",1,"P",1.84652,***,"",
5,"eFUSE_burn_readmargin","","BANKB_READMARGIN_UNBLOWN_BIT_41",431860,"",1,1,"OFF_PS1600",5,"422","","",0,"<=",0,"","<=",0,"P",1.84652,***,"",
5,"eFUSE_burn_readmargin","","BANKB_UNBURN_BIT_41",432340,"",1,1,"OFF_PS1600",5,"422","","",0,"<=",0,"","<=",0,"P",1.84652,***,"",
5,"eFUSE_burn_readmargin","","BANKB_BIT_UNBLOWN_TRUE_41",432820,"",1,1,"OFF_PS1600",5,"422","","",1,"<=",1,"","<=",1,"P",1.84652,***,"",
5,"eFUSE_burn_readmargin","","BANKB_READMARGIN_BLOWN_BIT_42",531870,"",1,1,"OFF_PS1600",5,"422","","",1,"<=",1,"","<=",1,"P",23.7395,***,"",
5,"eFUSE_burn_readmargin","","BANKB_BURN_BIT_42",532350,"",1,1,"OFF_PS1600",5,"422","","",1,"<=",1,"","<=",1,"P",23.7395,***,"",
5,"eFUSE_burn_readmargin","","BANKB_BIT_BLOWN_TRUE_42",532830,"",1,1,"OFF_PS1600",5,"422","","",1,"<=",1,"","<=",1,"P",23.7395,***,"",
5,"eFUSE_burn_readmargin","","BANKB_READMARGIN_BLOWN_BIT_43",531880,"",1,1,"OFF_PS1600",5,"422","","",1,"<=",1,"","<=",1,"P",28.1464,***,"",
5,"eFUSE_burn_readmargin","","BANKB_BURN_BIT_43",532360,"",1,1,"OFF_PS1600",5,"422","","",1,"<=",1,"","<=",1,"P",28.1464,***,"",
5,"eFUSE_burn_readmargin","","BANKB_BIT_BLOWN_TRUE_43",532840,"",1,1,"OFF_PS1600",5,"422","","",1,"<=",1,"","<=",1,"P",28.1464,***,"",
5,"eFUSE_burn_readmargin","","BANKB_READMARGIN_UNBLOWN_BIT_44",431890,"",1,1,"OFF_PS1600",5,"422","","",0,"<=",0,"","<=",0,"P",34.7572,***,"",
5,"eFUSE_burn_readmargin","","BANKB_UNBURN_BIT_44",432370,"",1,1,"OFF_PS1600",5,"422","","",0,"<=",0,"","<=",0,"P",34.7572,***,"",
5,"eFUSE_burn_readmargin","","BANKB_BIT_UNBLOWN_TRUE_44",432850,"",1,1,"OFF_PS1600",5,"422","","",1,"<=",1,"","<=",1,"P",34.7572,***,"",
5,"eFUSE_burn_readmargin","","BANKB_READMARGIN_UNBLOWN_BIT_45",431900,"",1,1,"OFF_PS1600",5,"422","","",0,"<=",0,"","<=",0,"P",1.78031,***,"",
5,"eFUSE_burn_readmargin","","BANKB_UNBURN_BIT_45",432380,"",1,1,"OFF_PS1600",5,"422","","",0,"<=",0,"","<=",0,"P",1.78031,***,"",
5,"eFUSE_burn_readmargin","","BANKB_BIT_UNBLOWN_TRUE_45",432860,"",1,1,"OFF_PS1600",5,"422","","",1,"<=",1,"","<=",1,"P",1.78031,***,"",
5,"eFUSE_burn_readmargin","","BANKB_READMARGIN_BLOWN_BIT_46",531910,"",1,1,"OFF_PS1600",5,"422","","",1,"<=",1,"","<=",1,"P",28.147,***,"",
5,"eFUSE_burn_readmargin","","BANKB_BURN_BIT_46",532390,"",1,1,"OFF_PS1600",5,"422","","",1,"<=",1,"","<=",1,"P",28.147,***,"",
5,"eFUSE_burn_readmargin","","BANKB_BIT_BLOWN_TRUE_46",532870,"",1,1,"OFF_PS1600",5,"422","","",1,"<=",1,"","<=",1,"P",28.147,***,"",
5,"eFUSE_burn_readmargin","","BANKB_READMARGIN_BLOWN_BIT_47",531920,"",1,1,"OFF_PS1600",5,"422","","",1,"<=",1,"","<=",1,"P",23.7395,***,"",
5,"eFUSE_burn_readmargin","","BANKB_BURN_BIT_47",532400,"",1,1,"OFF_PS1600",5,"422","","",1,"<=",1,"","<=",1,"P",23.7395,***,"",
5,"eFUSE_burn_readmargin","","BANKB_BIT_BLOWN_TRUE_47",532880,"",1,1,"OFF_PS1600",5,"422","","",1,"<=",1,"","<=",1,"P",23.7395,***,"",
5,"POST_BURN_PASS_FET_LEAKAGE","","POST_Forward_Leakage_FET",470030,"",1,1,"ISEN_PS1600",5,"422","","",-20,"<=",-3,"nA","<=",20,"P",0.180283,***,"",
5,"POST_BURN_PASS_FET_LEAKAGE","","POST_Reverse_Leakage_FET",470040,"",1,1,"ISEN_PS1600",5,"422","","",-20,"<=",-4,"nA","<=",20,"P",0.180283,***,"",
5,"POST_BURN_PASS_FET_LEAKAGE","","Delta_Forward_Leakage_FET",470050,"",1,1,"ISEN_PS1600",5,"422","","",-20,"<=",-3,"nA","<=",20,"P",0.180283,***,"",
5,"POST_BURN_PASS_FET_LEAKAGE","","Delta_Reverse_Leakage_FET",470060,"",1,1,"ISEN_PS1600",5,"422","","",-20,"<=",-2,"nA","<=",20,"P",0.180283,***,"",
5,"POST_EFUSE_RESISTANCE","","POST_BANKA_EFUSE_RESISTANCE_BLOWN_BIT47",590001,"",1,1,"ISEN_PS1600",5,"422","","",3500,"<=",66646.2,"ohms","<=",85000,"P",26.3014,***,"",
5,"POST_EFUSE_RESISTANCE","","POST_BANKA_EFUSE_RESISTANCE_BLOWN_BIT46",590002,"",1,1,"ISEN_PS1600",5,"422","","",3500,"<=",69662.6,"ohms","<=",85000,"P",30.9562,***,"",
5,"POST_EFUSE_RESISTANCE","","POST_BANKA_EFUSE_RESISTANCE_UNBLOWN_BIT45",490003,"",1,1,"ISEN_PS1600",5,"422","","",65,"<=",91,"ohms","<=",200,"P",3.10446,***,"",
5,"POST_EFUSE_RESISTANCE","","POST_BANKA_EFUSE_RESISTANCE_UNBLOWN_BIT44",490004,"",1,1,"ISEN_PS1600",5,"422","","",65,"<=",79.6,"ohms","<=",200,"P",37.9362,***,"",
5,"POST_EFUSE_RESISTANCE","","POST_BANKA_EFUSE_RESISTANCE_BLOWN_BIT43",590005,"",1,1,"ISEN_PS1600",5,"422","","",3500,"<=",69674,"ohms","<=",85000,"P",30.9575,***,"",
5,"POST_EFUSE_RESISTANCE","","POST_BANKA_EFUSE_RESISTANCE_BLOWN_BIT42",590006,"",1,1,"ISEN_PS1600",5,"422","","",3500,"<=",69674,"ohms","<=",85000,"P",26.3014,***,"",
5,"POST_EFUSE_RESISTANCE","","POST_BANKA_EFUSE_RESISTANCE_UNBLOWN_BIT41",490007,"",1,1,"ISEN_PS1600",5,"422","","",65,"<=",79.6,"ohms","<=",200,"P",3.17928,***,"",
5,"POST_EFUSE_RESISTANCE","","POST_BANKA_EFUSE_RESISTANCE_BLOWN_BIT40",590008,"",1,1,"ISEN_PS1600",5,"422","","",3500,"<=",69685.4,"ohms","<=",85000,"P",3.17928,***,"",
5,"POST_EFUSE_RESISTANCE","","POST_BANKA_EFUSE_RESISTANCE_UNBLOWN_BIT39",490009,"",1,1,"ISEN_PS1600",5,"422","","",65,"<=",79.6,"ohms","<=",200,"P",3.10241,***,"",
5,"POST_EFUSE_RESISTANCE","","POST_BANKA_EFUSE_RESISTANCE_BLOWN_BIT38",590010,"",1,1,"ISEN_PS1600",5,"422","","",3500,"<=",20933,"ohms","<=",85000,"P",49.5738,***,"",
5,"POST_EFUSE_RESISTANCE","","POST_BANKA_EFUSE_RESISTANCE_BLOWN_BIT37",590011,"",1,1,"ISEN_PS1600",5,"422","","",3500,"<=",57710.6,"ohms","<=",85000,"P",26.3014,***,"",
5,"POST_EFUSE_RESISTANCE","","POST_BANKA_EFUSE_RESISTANCE_UNBLOWN_BIT36",490012,"",1,1,"ISEN_PS1600",5,"422","","",65,"<=",91,"ohms","<=",200,"P",3.17928,***,"",
5,"POST_EFUSE_RESISTANCE","","POST_BANKA_EFUSE_RESISTANCE_BLOWN_BIT35",590013,"",1,1,"ISEN_PS1600",5,"422","","",3500,"<=",67636.6,"ohms","<=",85000,"P",3.17928,***,"",
5,"POST_EFUSE_RESISTANCE","","POST_BANKA_EFUSE_RESISTANCE_BLOWN_BIT34",590014,"",1,1,"ISEN_PS1600",5,"422","","",3500,"<=",34990.6,"ohms","<=",85000,"P",3.17928,***,"",
5,"POST_EFUSE_RESISTANCE","","POST_BANKA_EFUSE_RESISTANCE_BLOWN_BIT33",590015,"",1,1,"ISEN_PS1600",5,"422","","",3500,"<=",68091.8,"ohms","<=",85000,"P",3.17928,***,"",
5,"POST_EFUSE_RESISTANCE","","POST_BANKA_EFUSE_RESISTANCE_BLOWN_BIT32",590016,"",1,1,"ISEN_PS1600",5,"422","","",3500,"<=",69685.4,"ohms","<=",85000,"P",3.17928,***,"",
5,"POST_EFUSE_RESISTANCE","","POST_BANKA_EFUSE_RESISTANCE_UNBLOWN_BIT31",490017,"",1,1,"ISEN_PS1600",5,"422","","",65,"<=",91,"ohms","<=",200,"P",3.17928,***,"",
5,"POST_EFUSE_RESISTANCE","","POST_BANKA_EFUSE_RESISTANCE_BLOWN_BIT30",590018,"",1,1,"ISEN_PS1600",5,"422","","",3500,"<=",46180,"ohms","<=",85000,"P",3.12652,***,"",
5,"POST_EFUSE_RESISTANCE","","POST_BANKA_EFUSE_RESISTANCE_UNBLOWN_BIT29",490019,"",1,1,"ISEN_PS1600",5,"422","","",65,"<=",91,"ohms","<=",200,"P",3.13227,***,"",
5,"POST_EFUSE_RESISTANCE","","POST_BANKA_EFUSE_RESISTANCE_UNBLOWN_BIT28",490020,"",1,1,"ISEN_PS1600",5,"422","","",65,"<=",91,"ohms","<=",200,"P",26.3014,***,"",
5,"POST_EFUSE_RESISTANCE","","POST_BANKA_EFUSE_RESISTANCE_BLOWN_BIT27",590021,"",1,1,"ISEN_PS1600",5,"422","","",3500,"<=",17757.2,"ohms","<=",85000,"P",26.3014,***,"",
5,"POST_EFUSE_RESISTANCE","","POST_BANKA_EFUSE_RESISTANCE_BLOWN_BIT26",590022,"",1,1,"ISEN_PS1600",5,"422","","",3500,"<=",9903,"ohms","<=",85000,"P",26.3014,***,"",
5,"POST_EFUSE_RESISTANCE","","POST_BANKA_EFUSE_RESISTANCE_UNBLOWN_BIT25",490023,"",1,1,"ISEN_PS1600",5,"422","","",65,"<=",79.6,"ohms","<=",200,"P",26.3014,***,"",
5,"POST_EFUSE_RESISTANCE","","POST_BANKA_EFUSE_RESISTANCE_UNBLOWN_BIT24",490024,"",1,1,"ISEN_PS1600",5,"422","","",65,"<=",91,"ohms","<=",200,"P",30.9545,***,"",
5,"POST_EFUSE_RESISTANCE","","POST_BANKA_EFUSE_RESISTANCE_UNBLOWN_BIT23",490025,"",1,1,"ISEN_PS1600",5,"422","","",65,"<=",91,"ohms","<=",200,"P",26.3014,***,"",
5,"POST_EFUSE_RESISTANCE","","POST_BANKA_EFUSE_RESISTANCE_UNBLOWN_BIT22",490026,"",1,1,"ISEN_PS1600",5,"422","","",65,"<=",91,"ohms","<=",200,"P",26.3014,***,"",
5,"POST_EFUSE_RESISTANCE","","POST_BANKA_EFUSE_RESISTANCE_UNBLOWN_BIT21",490027,"",1,1,"ISEN_PS1600",5,"422","","",65,"<=",79.6,"ohms","<=",200,"P",26.3014,***,"",
5,"POST_EFUSE_RESISTANCE","","POST_BANKA_EFUSE_RESISTANCE_UNBLOWN_BIT20",490028,"",1,1,"ISEN_PS1600",5,"422","","",65,"<=",79.6,"ohms","<=",200,"P",26.3014,***,"",
5,"POST_EFUSE_RESISTANCE","","POST_BANKA_EFUSE_RESISTANCE_UNBLOWN_BIT19",490029,"",1,1,"ISEN_PS1600",5,"422","","",65,"<=",79.6,"ohms","<=",200,"P",26.3014,***,"",
5,"POST_EFUSE_RESISTANCE","","POST_BANKA_EFUSE_RESISTANCE_UNBLOWN_BIT18",490030,"",1,1,"ISEN_PS1600",5,"422","","",65,"<=",79.6,"ohms","<=",200,"P",26.3014,***,"",
5,"POST_EFUSE_RESISTANCE","","POST_BANKA_EFUSE_RESISTANCE_BLOWN_BIT17",590031,"",1,1,"ISEN_PS1600",5,"422","","",3500,"<=",69696.6,"ohms","<=",85000,"P",26.3014,***,"",
5,"POST_EFUSE_RESISTANCE","","POST_BANKA_EFUSE_RESISTANCE_BLOWN_BIT16",590032,"",1,1,"ISEN_PS1600",5,"422","","",3500,"<=",6363,"ohms","<=",85000,"P",26.3014,***,"",
5,"POST_EFUSE_RESISTANCE","","POST_BANKA_EFUSE_RESISTANCE_BLOWN_BIT15",590033,"",1,1,"ISEN_PS1600",5,"422","","",3500,"<=",11599,"ohms","<=",85000,"P",30.9575,***,"",
5,"POST_EFUSE_RESISTANCE","","POST_BANKA_EFUSE_RESISTANCE_BLOWN_BIT14",590034,"",1,1,"ISEN_PS1600",5,"422","","",3500,"<=",10051,"ohms","<=",85000,"P",26.3014,***,"",
5,"POST_EFUSE_RESISTANCE","","POST_BANKA_EFUSE_RESISTANCE_UNBLOWN_BIT13",490035,"",1,1,"ISEN_PS1600",5,"422","","",65,"<=",91,"ohms","<=",200,"P",26.3014,***,"",
5,"POST_EFUSE_RESISTANCE","","POST_BANKA_EFUSE_RESISTANCE_BLOWN_BIT12",590036,"",1,1,"ISEN_PS1600",5,"422","","",3500,"<=",69708.2,"ohms","<=",85000,"P",3.12652,***,"",
5,"POST_EFUSE_RESISTANCE","","POST_BANKA_EFUSE_RESISTANCE_UNBLOWN_BIT11",490037,"",1,1,"ISEN_PS1600",5,"422","","",65,"<=",91,"ohms","<=",200,"P",37.9373,***,"",
5,"POST_EFUSE_RESISTANCE","","POST_BANKA_EFUSE_RESISTANCE_BLOWN_BIT10",590038,"",1,1,"ISEN_PS1600",5,"422","","",3500,"<=",7205.2,"ohms","<=",85000,"P",3.08913,***,"",
5,"POST_EFUSE_RESISTANCE","","POST_BANKA_EFUSE_RESISTANCE_UNBLOWN_BIT9",490039,"",1,1,"ISEN_PS1600",5,"422","","",65,"<=",91,"ohms","<=",200,"P",3.08913,***,"",
5,"POST_EFUSE_RESISTANCE","","POST_BANKA_EFUSE_RESISTANCE_UNBLOWN_BIT8",490040,"",1,1,"ISEN_PS1600",5,"422","","",65,"<=",91,"ohms","<=",200,"P",3.08913,***,"",
5,"POST_EFUSE_RESISTANCE","","POST_BANKA_EFUSE_RESISTANCE_BLOWN_BIT7",590041,"",1,1,"ISEN_PS1600",5,"422","","",3500,"<=",63197.2,"ohms","<=",85000,"P",37.9356,***,"",
5,"POST_EFUSE_RESISTANCE","","POST_BANKA_EFUSE_RESISTANCE_UNBLOWN_BIT6",490042,"",1,1,"ISEN_PS1600",5,"422","","",65,"<=",91,"ohms","<=",200,"P",26.3014,***,"",
5,"POST_EFUSE_RESISTANCE","","POST_BANKA_EFUSE_RESISTANCE_BLOWN_BIT5",590043,"",1,1,"ISEN_PS1600",5,"422","","",3500,"<=",69708.2,"ohms","<=",85000,"P",26.3014,***,"",
5,"POST_EFUSE_RESISTANCE","","POST_BANKA_EFUSE_RESISTANCE_UNBLOWN_BIT4",490044,"",1,1,"ISEN_PS1600",5,"422","","",65,"<=",68.2,"ohms","<=",200,"P",26.3014,***,"",
5,"POST_EFUSE_RESISTANCE","","POST_BANKA_EFUSE_RESISTANCE_UNBLOWN_BIT3",490045,"",1,1,"ISEN_PS1600",5,"422","","",65,"<=",79.6,"ohms","<=",200,"P",26.3014,***,"",
5,"POST_EFUSE_RESISTANCE","","POST_BANKA_EFUSE_RESISTANCE_UNBLOWN_BIT2",490046,"",1,1,"ISEN_PS1600",5,"422","","",65,"<=",91,"ohms","<=",200,"P",26.3014,***,"",
5,"POST_EFUSE_RESISTANCE","","POST_BANKA_EFUSE_RESISTANCE_UNBLOWN_BIT1",490047,"",1,1,"ISEN_PS1600",5,"422","","",65,"<=",79.6,"ohms","<=",200,"P",26.3014,***,"",
5,"POST_EFUSE_RESISTANCE","","POST_BANKA_EFUSE_RESISTANCE_UNBLOWN_BIT0",490048,"",1,1,"ISEN_PS1600",5,"422","","",65,"<=",79.6,"ohms","<=",200,"P",26.3014,***,"",
5,"POST_EFUSE_RESISTANCE","","POST_BANKB_EFUSE_RESISTANCE_BLOWN_BIT47",590049,"",1,1,"ISEN_PS1600",5,"422","","",3500,"<=",69708.2,"ohms","<=",85000,"P",26.3014,***,"",
5,"POST_EFUSE_RESISTANCE","","POST_BANKB_EFUSE_RESISTANCE_BLOWN_BIT46",590050,"",1,1,"ISEN_PS1600",5,"422","","",3500,"<=",69651.4,"ohms","<=",85000,"P",30.9562,***,"",
5,"POST_EFUSE_RESISTANCE","","POST_BANKB_EFUSE_RESISTANCE_UNBLOWN_BIT45",490051,"",1,1,"ISEN_PS1600",5,"422","","",65,"<=",79.6,"ohms","<=",200,"P",3.10446,***,"",
5,"POST_EFUSE_RESISTANCE","","POST_BANKB_EFUSE_RESISTANCE_UNBLOWN_BIT44",490052,"",1,1,"ISEN_PS1600",5,"422","","",65,"<=",68.2,"ohms","<=",200,"P",37.9362,***,"",
5,"POST_EFUSE_RESISTANCE","","POST_BANKB_EFUSE_RESISTANCE_BLOWN_BIT43",590053,"",1,1,"ISEN_PS1600",5,"422","","",3500,"<=",69708.2,"ohms","<=",85000,"P",30.9575,***,"",
5,"POST_EFUSE_RESISTANCE","","POST_BANKB_EFUSE_RESISTANCE_BLOWN_BIT42",590054,"",1,1,"ISEN_PS1600",5,"422","","",3500,"<=",69719.4,"ohms","<=",85000,"P",26.3014,***,"",
5,"POST_EFUSE_RESISTANCE","","POST_BANKB_EFUSE_RESISTANCE_UNBLOWN_BIT41",490055,"",1,1,"ISEN_PS1600",5,"422","","",65,"<=",79.6,"ohms","<=",200,"P",3.17928,***,"",
5,"POST_EFUSE_RESISTANCE","","POST_BANKB_EFUSE_RESISTANCE_BLOWN_BIT40",590056,"",1,1,"ISEN_PS1600",5,"422","","",3500,"<=",45223.8,"ohms","<=",85000,"P",3.17928,***,"",
5,"POST_EFUSE_RESISTANCE","","POST_BANKB_EFUSE_RESISTANCE_UNBLOWN_BIT39",490057,"",1,1,"ISEN_PS1600",5,"422","","",65,"<=",79.6,"ohms","<=",200,"P",3.12727,***,"",
5,"POST_EFUSE_RESISTANCE","","POST_BANKB_EFUSE_RESISTANCE_BLOWN_BIT38",590058,"",1,1,"ISEN_PS1600",5,"422","","",3500,"<=",30301,"ohms","<=",85000,"P",49.5738,***,"",
5,"POST_EFUSE_RESISTANCE","","POST_BANKB_EFUSE_RESISTANCE_BLOWN_BIT37",590059,"",1,1,"ISEN_PS1600",5,"422","","",3500,"<=",62639.4,"ohms","<=",85000,"P",30.9562,***,"",
5,"POST_EFUSE_RESISTANCE","","POST_BANKB_EFUSE_RESISTANCE_UNBLOWN_BIT36",490060,"",1,1,"ISEN_PS1600",5,"422","","",65,"<=",91,"ohms","<=",200,"P",3.17928,***,"",
5,"POST_EFUSE_RESISTANCE","","POST_BANKB_EFUSE_RESISTANCE_BLOWN_BIT35",590061,"",1,1,"ISEN_PS1600",5,"422","","",3500,"<=",69719.4,"ohms","<=",85000,"P",3.17928,***,"",
5,"POST_EFUSE_RESISTANCE","","POST_BANKB_EFUSE_RESISTANCE_BLOWN_BIT34",590062,"",1,1,"ISEN_PS1600",5,"422","","",3500,"<=",6408.4,"ohms","<=",85000,"P",3.17928,***,"",
5,"POST_EFUSE_RESISTANCE","","POST_BANKB_EFUSE_RESISTANCE_BLOWN_BIT33",590063,"",1,1,"ISEN_PS1600",5,"422","","",3500,"<=",69730.8,"ohms","<=",85000,"P",3.17928,***,"",
5,"POST_EFUSE_RESISTANCE","","POST_BANKB_EFUSE_RESISTANCE_BLOWN_BIT32",590064,"",1,1,"ISEN_PS1600",5,"422","","",3500,"<=",67272.2,"ohms","<=",85000,"P",3.17928,***,"",
5,"POST_EFUSE_RESISTANCE","","POST_BANKB_EFUSE_RESISTANCE_UNBLOWN_BIT31",490065,"",1,1,"ISEN_PS1600",5,"422","","",65,"<=",79.6,"ohms","<=",200,"P",3.17928,***,"",
5,"POST_EFUSE_RESISTANCE","","POST_BANKB_EFUSE_RESISTANCE_BLOWN_BIT30",590066,"",1,1,"ISEN_PS1600",5,"422","","",3500,"<=",69730.8,"ohms","<=",85000,"P",3.12652,***,"",
5,"POST_EFUSE_RESISTANCE","","POST_BANKB_EFUSE_RESISTANCE_UNBLOWN_BIT29",490067,"",1,1,"ISEN_PS1600",5,"422","","",65,"<=",79.6,"ohms","<=",200,"P",3.13227,***,"",
5,"POST_EFUSE_RESISTANCE","","POST_BANKB_EFUSE_RESISTANCE_UNBLOWN_BIT28",490068,"",1,1,"ISEN_PS1600",5,"422","","",65,"<=",79.6,"ohms","<=",200,"P",30.9562,***,"",
5,"POST_EFUSE_RESISTANCE","","POST_BANKB_EFUSE_RESISTANCE_BLOWN_BIT27",590069,"",1,1,"ISEN_PS1600",5,"422","","",3500,"<=",48263,"ohms","<=",85000,"P",30.9562,***,"",
5,"POST_EFUSE_RESISTANCE","","POST_BANKB_EFUSE_RESISTANCE_BLOWN_BIT26",590070,"",1,1,"ISEN_PS1600",5,"422","","",3500,"<=",49936.2,"ohms","<=",85000,"P",30.9562,***,"",
5,"POST_EFUSE_RESISTANCE","","POST_BANKB_EFUSE_RESISTANCE_UNBLOWN_BIT25",490071,"",1,1,"ISEN_PS1600",5,"422","","",65,"<=",91,"ohms","<=",200,"P",30.9562,***,"",
5,"POST_EFUSE_RESISTANCE","","POST_BANKB_EFUSE_RESISTANCE_UNBLOWN_BIT24",490072,"",1,1,"ISEN_PS1600",5,"422","","",65,"<=",68.2,"ohms","<=",200,"P",37.9362,***,"",
5,"POST_EFUSE_RESISTANCE","","POST_BANKB_EFUSE_RESISTANCE_UNBLOWN_BIT23",490073,"",1,1,"ISEN_PS1600",5,"422","","",65,"<=",79.6,"ohms","<=",200,"P",30.9562,***,"",
5,"POST_EFUSE_RESISTANCE","","POST_BANKB_EFUSE_RESISTANCE_UNBLOWN_BIT22",490074,"",1,1,"ISEN_PS1600",5,"422","","",65,"<=",79.6,"ohms","<=",200,"P",30.9562,***,"",
5,"POST_EFUSE_RESISTANCE","","POST_BANKB_EFUSE_RESISTANCE_UNBLOWN_BIT21",490075,"",1,1,"ISEN_PS1600",5,"422","","",65,"<=",68.2,"ohms","<=",200,"P",30.9562,***,"",
5,"POST_EFUSE_RESISTANCE","","POST_BANKB_EFUSE_RESISTANCE_UNBLOWN_BIT20",490076,"",1,1,"ISEN_PS1600",5,"422","","",65,"<=",79.6,"ohms","<=",200,"P",30.9562,***,"",
5,"POST_EFUSE_RESISTANCE","","POST_BANKB_EFUSE_RESISTANCE_UNBLOWN_BIT19",490077,"",1,1,"ISEN_PS1600",5,"422","","",65,"<=",91,"ohms","<=",200,"P",30.9562,***,"",
5,"POST_EFUSE_RESISTANCE","","POST_BANKB_EFUSE_RESISTANCE_UNBLOWN_BIT18",490078,"",1,1,"ISEN_PS1600",5,"422","","",65,"<=",79.6,"ohms","<=",200,"P",30.9562,***,"",
5,"POST_EFUSE_RESISTANCE","","POST_BANKB_EFUSE_RESISTANCE_BLOWN_BIT17",590079,"",1,1,"ISEN_PS1600",5,"422","","",3500,"<=",34000.2,"ohms","<=",85000,"P",30.9562,***,"",
5,"POST_EFUSE_RESISTANCE","","POST_BANKB_EFUSE_RESISTANCE_BLOWN_BIT16",590080,"",1,1,"ISEN_PS1600",5,"422","","",3500,"<=",23437,"ohms","<=",85000,"P",30.9562,***,"",
5,"POST_EFUSE_RESISTANCE","","POST_BANKB_EFUSE_RESISTANCE_BLOWN_BIT15",590081,"",1,1,"ISEN_PS1600",5,"422","","",3500,"<=",69719.6,"ohms","<=",85000,"P",37.9399,***,"",
5,"POST_EFUSE_RESISTANCE","","POST_BANKB_EFUSE_RESISTANCE_BLOWN_BIT14",590082,"",1,1,"ISEN_PS1600",5,"422","","",3500,"<=",3961.2,"ohms","<=",85000,"P",30.9562,***,"",
5,"POST_EFUSE_RESISTANCE","","POST_BANKB_EFUSE_RESISTANCE_UNBLOWN_BIT13",490083,"",1,1,"ISEN_PS1600",5,"422","","",65,"<=",91,"ohms","<=",200,"P",30.9562,***,"",
5,"POST_EFUSE_RESISTANCE","","POST_BANKB_EFUSE_RESISTANCE_BLOWN_BIT12",590084,"",1,1,"ISEN_PS1600",5,"422","","",3500,"<=",7933.8,"ohms","<=",85000,"P",3.12652,***,"",
5,"POST_EFUSE_RESISTANCE","","POST_BANKB_EFUSE_RESISTANCE_UNBLOWN_BIT11",490085,"",1,1,"ISEN_PS1600",5,"422","","",65,"<=",79.6,"ohms","<=",200,"P",49.5738,***,"",
5,"POST_EFUSE_RESISTANCE","","POST_BANKB_EFUSE_RESISTANCE_BLOWN_BIT10",590086,"",1,1,"ISEN_PS1600",5,"422","","",3500,"<=",54375.6,"ohms","<=",85000,"P",3.10446,***,"",
5,"POST_EFUSE_RESISTANCE","","POST_BANKB_EFUSE_RESISTANCE_UNBLOWN_BIT9",490087,"",1,1,"ISEN_PS1600",5,"422","","",65,"<=",91,"ohms","<=",200,"P",3.10446,***,"",
5,"POST_EFUSE_RESISTANCE","","POST_BANKB_EFUSE_RESISTANCE_UNBLOWN_BIT8",490088,"",1,1,"ISEN_PS1600",5,"422","","",65,"<=",79.6,"ohms","<=",200,"P",3.10446,***,"",
5,"POST_EFUSE_RESISTANCE","","POST_BANKB_EFUSE_RESISTANCE_BLOWN_BIT7",590089,"",1,1,"ISEN_PS1600",5,"422","","",3500,"<=",3027.8,"ohms","<=",85000,"F",37.9356,***,"",
6,"CONTINUITY","","CONTINUITY",10030,"",1,1,"EN0_PS1600",6,"441","","",-500,"<=",-358.543,"mV","<=",-300,"P",0.316992,***,"",
6,"CONTINUITY","","CONTINUITY",10020,"",1,1,"FAULTB_PS1600",6,"441","","",-500,"<=",-412.947,"mV","<=",-300,"P",0.316992,***,"",
6,"CONTINUITY","","CONTINUITY",10050,"",1,1,"FCB_PS1600",6,"441","","",-500,"<=",-358.774,"mV","<=",-300,"P",0.316992,***,"",
6,"CONTINUITY","","CONTINUITY",10090,"",1,1,"ISEN_PS1600",6,"441","","",-500,"<=",-344.364,"mV","<=",-300,"P",0.316992,***,"",
6,"CONTINUITY","","CONTINUITY",10080,"",1,1,"ITRIP_PS1600",6,"441","","",-500,"<=",-360.766,"mV","<=",-300,"P",0.316992,***,"",
6,"CONTINUITY","","CONTINUITY",10040,"",1,1,"OFF_PS1600",6,"441","","",-500,"<=",-353.879,"mV","<=",-300,"P",0.316992,***,"",
6,"CONTINUITY","","CONTINUITY",10010,"",1,1,"SS_PS1600",6,"441","","",-500,"<=",-444.162,"mV","<=",-300,"P",0.316992,***,"",
6,"CONTINUITY","","CONTINUITY",10070,"",1,1,"VBIAS_PS1600",6,"441","","",-500,"<=",-299.239,"mV","<=",-200,"P",0.316992,***,"",
6,"CONTINUITY","","CONTINUITY",10060,"",1,1,"GND_PS1600",6,"441","","",-500,"<=",-355.918,"mV","<=",-300,"P",0.316992,***,"",
6,"CONTINUITY","","CONTINUITY",10180,"",1,1,"VIN1",6,"441","","",-360,"<=",-341.389,"mV","<=",-300,"P",0.316992,***,"",
6,"CONTINUITY","","CONTINUITY",10190,"",1,1,"VIN2",6,"441","","",-360,"<=",-341.48,"mV","<=",-300,"P",0.316992,***,"",
6,"CONTINUITY","","CONTINUITY",10200,"",1,1,"VIN3",6,"441","","",-360,"<=",-341.948,"mV","<=",-300,"P",0.316992,***,"",
6,"CONTINUITY","","CONTINUITY",10210,"",1,1,"VIN4_RS1",6,"441","","",-360,"<=",-341.486,"mV","<=",-300,"P",0.316992,***,"",
6,"CONTINUITY","","CONTINUITY",10220,"",1,1,"VIN4_RS2",6,"441","","",-360,"<=",-341.364,"mV","<=",-300,"P",0.316992,***,"",
6,"CONTINUITY","","CONTINUITY",10230,"",1,1,"VIN5_RS1",6,"441","","",-360,"<=",-341.667,"mV","<=",-300,"P",0.316992,***,"",
6,"CONTINUITY","","CONTINUITY",10240,"",1,1,"VIN5_RS2",6,"441","","",-360,"<=",-341.509,"mV","<=",-300,"P",0.316992,***,"",
6,"CONTINUITY","","CONTINUITY",10250,"",1,1,"VIN6",6,"441","","",-360,"<=",-341.85,"mV","<=",-300,"P",0.316992,***,"",
6,"CONTINUITY","","CONTINUITY",10100,"",1,1,"VOUT1",6,"441","","",-300,"<=",-225.801,"mV","<=",-200,"P",0.316992,***,"",
6,"CONTINUITY","","CONTINUITY",10110,"",1,1,"VOUT2_RS1",6,"441","","",-300,"<=",-226.25,"mV","<=",-200,"P",0.316992,***,"",
6,"CONTINUITY","","CONTINUITY",10120,"",1,1,"VOUT2_RS2",6,"441","","",-300,"<=",-226.198,"mV","<=",-200,"P",0.316992,***,"",
6,"CONTINUITY","","CONTINUITY",10130,"",1,1,"VOUT3_RS1",6,"441","","",-300,"<=",-226.151,"mV","<=",-200,"P",0.316992,***,"",
6,"CONTINUITY","","CONTINUITY",10140,"",1,1,"VOUT3_RS2",6,"441","","",-300,"<=",-226.204,"mV","<=",-200,"P",0.316992,***,"",
6,"CONTINUITY","","CONTINUITY",10150,"",1,1,"VOUT4",6,"441","","",-300,"<=",-226.051,"mV","<=",-200,"P",0.316992,***,"",
6,"CONTINUITY","","CONTINUITY",10160,"",1,1,"VOUT5",6,"441","","",-300,"<=",-226.07,"mV","<=",-200,"P",0.316992,***,"",
6,"CONTINUITY","","CONTINUITY",10170,"",1,1,"VOUT6",6,"441","","",-300,"<=",-226.145,"mV","<=",-200,"P",0.316992,***,"",
6,"Pin_to_Pin_Leakage","","PIN_TO_PIN_POS_LEAKAGE_PIN",20010,"",1,1,"FAULTB_PS1600",6,"441","","",-200,"<=",-8.22111,"nA","<=",200,"P",0.513109,***,"",
6,"Pin_to_Pin_Leakage","","PIN_TO_PIN_NEG_LEAKAGE_PIN",20110,"",1,1,"FAULTB_PS1600",6,"441","","",-200,"<=",-8.22111,"nA","<=",200,"P",0.513109,***,"",
6,"Pin_to_Pin_Leakage","","PIN_TO_PIN_POS_LEAKAGE_PIN",20020,"",1,1,"ITRIP_PS1600",6,"441","","",-200,"<=",-11.2379,"nA","<=",200,"P",0.513109,***,"",
6,"Pin_to_Pin_Leakage","","PIN_TO_PIN_NEG_LEAKAGE_PIN",20120,"",1,1,"ITRIP_PS1600",6,"441","","",-200,"<=",-11.2379,"nA","<=",200,"P",0.513109,***,"",
6,"Pin_to_Pin_Leakage","","PIN_TO_PIN_POS_LEAKAGE_PIN",20030,"",1,1,"OFF_PS1600",6,"441","","",-200,"<=",-11.0956,"nA","<=",200,"P",0.513109,***,"",
6,"Pin_to_Pin_Leakage","","PIN_TO_PIN_NEG_LEAKAGE_PIN",20130,"",1,1,"OFF_PS1600",6,"441","","",-200,"<=",-11.0956,"nA","<=",200,"P",0.513109,***,"",
6,"Pin_to_Pin_Leakage","","PIN_TO_PIN_POS_LEAKAGE_PIN",20040,"",1,1,"SS_PS1600",6,"441","","",-200,"<=",-12.8857,"nA","<=",200,"P",0.513109,***,"",
6,"Pin_to_Pin_Leakage","","PIN_TO_PIN_NEG_LEAKAGE_PIN",20140,"",1,1,"SS_PS1600",6,"441","","",-200,"<=",-12.8857,"nA","<=",200,"P",0.513109,***,"",
6,"Pin_to_Pin_Leakage","","PIN_TO_PIN_POS_LEAKAGE_PIN",20050,"",1,1,"VIN1",6,"441","","",10,"<=",300.221,"nA","<=",500,"P",0.513109,***,"",
6,"Pin_to_Pin_Leakage","","PIN_TO_PIN_NEG_LEAKAGE_PIN",20150,"",1,1,"VIN1",6,"441","","",-500,"<=",-304.291,"nA","<=",-10,"P",0.513109,***,"",
6,"Pin_to_Pin_Leakage","","PIN_TO_PIN_POS_LEAKAGE_PIN",20060,"",1,1,"VOUT1",6,"441","","",10,"<=",299.002,"nA","<=",500,"P",0.513109,***,"",
6,"Pin_to_Pin_Leakage","","PIN_TO_PIN_NEG_LEAKAGE_PIN",20160,"",1,1,"VOUT1",6,"441","","",-500,"<=",-301.214,"nA","<=",-10,"P",0.513109,***,"",
6,"Pin_to_Pin_Leakage","","PIN_TO_PIN_POS_LEAKAGE_PIN",20070,"",1,1,"EN0_PS1600",6,"441","","",300,"<=",512.316,"nA","<=",700,"P",0.513109,***,"",
6,"Pin_to_Pin_Leakage","","PIN_TO_PIN_NEG_LEAKAGE_PIN",20170,"",1,1,"EN0_PS1600",6,"441","","",-700,"<=",-519.157,"nA","<=",-300,"P",0.513109,***,"",
6,"Pin_to_Pin_Leakage","","PIN_TO_PIN_POS_LEAKAGE_PIN",20080,"",1,1,"FCB_PS1600",6,"441","","",-200,"<=",-0.717885,"nA","<=",200,"P",0.513109,***,"",
6,"Pin_to_Pin_Leakage","","PIN_TO_PIN_NEG_LEAKAGE_PIN",20180,"",1,1,"FCB_PS1600",6,"441","","",-200,"<=",-7.29993,"nA","<=",200,"P",0.513109,***,"",
6,"Pin_to_Pin_Leakage","","PIN_TO_PIN_POS_LEAKAGE_PIN",20090,"",1,1,"ISEN_PS1600",6,"441","","",-200,"<=",0.608668,"nA","<=",200,"P",0.513109,***,"",
6,"Pin_to_Pin_Leakage","","PIN_TO_PIN_NEG_LEAKAGE_PIN",20190,"",1,1,"ISEN_PS1600",6,"441","","",-200,"<=",-12.6403,"nA","<=",200,"P",0.513109,***,"",
6,"Pin_to_Pin_Leakage","","PIN_TO_PIN_POS_LEAKAGE_PIN_VBIAS_PS1600",20100,"",1,1,"VBIAS_PS1600",6,"441","","",500,"<=",726,"nA","<=",1000,"P",0.513109,***,"",
6,"Pin_to_Pin_Leakage","","PIN_TO_PIN_NEG_LEAKAGE_PIN_VBIAS_PS1600",20200,"",1,1,"VBIAS_PS1600",6,"441","","",-1000,"<=",-804,"nA","<=",-500,"P",0.513109,***,"",
6,"IVDDFL_IVINFL_RONFL","","RON_200mAVDD_5_VIN_5_20V_Part",90050,"",1,1,"VIN1",6,"441","","",0.01,"<=",0.0224739,"ohm","<=",0.03,"P",0.0955313,***,"",
6,"IVDDFL_IVINFL_RONFL","","DEVICE_VARIENT_TRUE",90060,"",1,1,"VIN1",6,"441","","",0.5,"<=",1,"","<=",1.5,"P",0.0955313,***,"",
6,"Fuse_Burn_Check","","BANKA_BIT5_BLOWN_TRUE",1000001,"",1,1,"OFF_PS1600",6,"441","","",0,"<=",0,"","<=",1,"P",0.15902,***,"",
6,"Gross_Functional_EN_FCB_FAULTB_OFF","","EN_FCB_LOW_VOUT_LOW",30010,"",1,1,"VOUT4",6,"441","","",-0.001,"<=",0.00178909,"V","<=",1,"P",0.320704,***,"",
6,"Gross_Functional_EN_FCB_FAULTB_OFF","","EN_FCB_LOW_OFF_HIGH",30020,"",1,1,"OFF_PS1600",6,"441","","",1.6,"<=",1.98044,"V","<=",2.3,"P",0.320704,***,"",
6,"Gross_Functional_EN_FCB_FAULTB_OFF","","FCB_LOW_VOUT_LOW",30030,"",1,1,"VOUT4",6,"441","","",-0.001,"<=",0.00094223,"V","<=",0.5,"P",0.320704,***,"",
6,"Gross_Functional_EN_FCB_FAULTB_OFF","","FCB_LOW_OFF_HIGH",30040,"",1,1,"OFF_PS1600",6,"441","","",1.6,"<=",1.98078,"V","<=",2.3,"P",0.320704,***,"",
6,"Gross_Functional_EN_FCB_FAULTB_OFF","","EN_LOW_VOUT_LOW",30050,"",1,1,"VOUT4",6,"441","","",-0.001,"<=",0.00206184,"V","<=",0.5,"P",0.320704,***,"",
6,"Gross_Functional_EN_FCB_FAULTB_OFF","","EN_LOW_OFF_HIGH",30060,"",1,1,"OFF_PS1600",6,"441","","",1.6,"<=",1.9805,"V","<=",2.3,"P",0.320704,***,"",
6,"Gross_Functional_EN_FCB_FAULTB_OFF","","EN_FCB_HIGH_VOUT_HIGH",30070,"",1,1,"VOUT4",6,"441","","",4.85,"<=",4.9997,"V","<=",5.1,"P",0.320704,***,"",
6,"Gross_Functional_EN_FCB_FAULTB_OFF","","EN_FCB_HIGH_OFF_LOW",30080,"",1,1,"OFF_PS1600",6,"441","","",-0.001,"<=",0.000657352,"V","<=",0.5,"P",0.320704,***,"",
6,"Gross_Functional_EN_FCB_FAULTB_OFF","","FAULT_SET_VOUT_LOW",30090,"",1,1,"VOUT4",6,"441","","",-0.001,"<=",0.000108719,"V","<=",0.5,"P",0.320704,***,"",
6,"Gross_Functional_EN_FCB_FAULTB_OFF","","FAULT_SET_OFF_HIGH",30100,"",1,1,"OFF_PS1600",6,"441","","",1.6,"<=",2.02518,"V","<=",2.3,"P",0.320704,***,"",
6,"Gross_Functional_EN_FCB_FAULTB_OFF","","FAULT_RESET_VOUT_HIGH",30110,"",1,1,"VOUT4",6,"441","","",4.85,"<=",5.00016,"V","<=",5.1,"P",0.320704,***,"",
6,"Gross_Functional_EN_FCB_FAULTB_OFF","","FAULT_RESET_OFF_LOW",30120,"",1,1,"OFF_PS1600",6,"441","","",0,"<=",0.000657352,"V","<=",0.5,"P",0.320704,***,"",
6,"Output_disabled_leakage","","IVDDDIS_VDD_3_VIN_3",40010,"",1,1,"VDD",6,"441","","",10,"<=",103.705,"uA","<=",166.5,"P",0.13908,***,"",
6,"Output_disabled_leakage","","IVINDIS_VDD_3_VIN_3",40050,"",1,1,"VIN1",6,"441","","",10,"<=",74.232,"uA","<=",166.5,"P",0.13908,***,"",
6,"Output_disabled_leakage","","IOFF_VDD_3_VIN_3",40090,"",1,1,"VOUT4",6,"441","","",-14,"<=",-1.46298,"uA","<=",11,"P",0.13908,***,"",
6,"Output_disabled_leakage","","IVDDDIS_VDD_3_VIN_20",40020,"",1,1,"VDD",6,"441","","",10,"<=",117.43,"uA","<=",166.5,"P",0.13908,***,"",
6,"Output_disabled_leakage","","IVINDIS_VDD_3_VIN_20",40060,"",1,1,"VIN1",6,"441","","",10,"<=",96.7272,"uA","<=",166.5,"P",0.13908,***,"",
6,"Output_disabled_leakage","","IOFF_VDD_3_VIN_20",40100,"",1,1,"VOUT4",6,"441","","",-14,"<=",-1.39243,"uA","<=",11,"P",0.13908,***,"",
6,"Output_disabled_leakage","","IVINVDD0_VIN_3",40130,"",1,1,"VIN1",6,"441","","",10,"<=",75.0609,"uA","<=",166.5,"P",0.13908,***,"",
6,"Output_disabled_leakage","","IOFFVDD0_VIN_3",40150,"",1,1,"VOUT4",6,"441","","",-14,"<=",-1.20916,"uA","<=",11,"P",0.13908,***,"",
6,"Output_disabled_leakage","","IVDDDIS_VDD_20_VIN_3",40030,"",1,1,"VDD",6,"441","","",10,"<=",154.901,"uA","<=",166.5,"P",0.13908,***,"",
6,"Output_disabled_leakage","","IVINDIS_VDD_20_VIN_3",40070,"",1,1,"VIN1",6,"441","","",10,"<=",67.7202,"uA","<=",166.5,"P",0.13908,***,"",
6,"Output_disabled_leakage","","IOFF_VDD_20_VIN_3",40110,"",1,1,"VOUT4",6,"441","","",-14,"<=",-1.41645,"uA","<=",11,"P",0.13908,***,"",
6,"Output_disabled_leakage","","IVDDDIS_VDD_20_VIN_20",40040,"",1,1,"VDD",6,"441","","",10,"<=",157.122,"uA","<=",166.5,"P",0.13908,***,"",
6,"Output_disabled_leakage","","IVINDIS_VDD_20_VIN_20",40080,"",1,1,"VIN1",6,"441","","",10,"<=",106.08,"uA","<=",166.5,"P",0.13908,***,"",
6,"Output_disabled_leakage","","IOFF_VDD_20_VIN_20",40120,"",1,1,"VOUT4",6,"441","","",-14,"<=",-1.31148,"uA","<=",11,"P",0.13908,***,"",
6,"Output_disabled_leakage","","IVINVDD0_VIN_20",40140,"",1,1,"VIN1",6,"441","","",10,"<=",120.523,"uA","<=",166.5,"P",0.13908,***,"",
6,"Output_disabled_leakage","","IOFFVDD0_VIN_20",40160,"",1,1,"VOUT4",6,"441","","",-14,"<=",-2.09041,"uA","<=",11,"P",0.13908,***,"",
6,"EN_pullup_resistor","","EN0V_PULLUP_RES",50010,"",1,1,"EN0_PS1600",6,"441","","",155,"<=",195.594,"Kohm","<=",230,"P",0.0726727,***,"",
6,"EN_pullup_resistor","","EN1V_PULLUP_RES",50020,"",1,1,"EN0_PS1600",6,"441","","",155,"<=",196.273,"Kohm","<=",230,"P",0.0726727,***,"",
6,"EN_pullup_resistor","","EN0V_Current",50030,"",1,1,"EN0_PS1600",6,"441","","",-11,"<=",-9.20271,"uA","<=",-7,"P",0.0726727,***,"",
6,"EN_pullup_resistor","","EN1V_Current",50040,"",1,1,"EN0_PS1600",6,"441","","",-5.5,"<=",-4.07596,"uA","<=",-3,"P",0.0726727,***,"",
6,"Leakage_Test","","IOFF_REVERSE_VOUT_VIN_LEAKAGE_1mA",60030,"",1,1,"VIN",6,"441","","",-331,"<=",-267.345,"mV","<=",-205,"P",0.0784865,***,"",
6,"Leakage_Test","","IOFF_REVERSE_VOUT_VIN_LEAKAGE_10mA",60040,"",1,1,"VIN",6,"441","","",-340,"<=",-330.175,"mV","<=",-205,"P",0.0784865,***,"",
6,"Leakage_Test","","IOFF_REVERSE_VOUT_VIN_LEAKAGE_100mA",60050,"",1,1,"VIN",6,"441","","",-331,"<=",-209.291,"mV","<=",-205,"P",0.0784865,***,"",
6,"Nominal_Input_pin_Leakages","","LEAKAGE",70010,"",1,1,"EN0_PS1600",6,"441","","",10,"<=",25.1383,"uA","<=",40,"P",0.26063,***,"",
6,"Nominal_Input_pin_Leakages","","LEAKAGE",70060,"",1,1,"FAULTB_PS1600",6,"441","","",-0.2,"<=",0.00743855,"uA","<=",0.2,"P",0.26063,***,"",
6,"Nominal_Input_pin_Leakages","","LEAKAGE",70020,"",1,1,"FCB_PS1600",6,"441","","",-0.5,"<=",-0.0385863,"uA","<=",0.5,"P",0.26063,***,"",
6,"Nominal_Input_pin_Leakages","","LEAKAGE",70040,"",1,1,"ISEN_PS1600",6,"441","","",24,"<=",26.4204,"uA","<=",50,"P",0.26063,***,"",
6,"Nominal_Input_pin_Leakages","","LEAKAGE",70030,"",1,1,"ITRIP_PS1600",6,"441","","",14,"<=",16.4271,"uA","<=",25,"P",0.26063,***,"",
6,"Nominal_Input_pin_Leakages","","LEAKAGE",70080,"",1,1,"OFF_PS1600",6,"441","","",-0.2,"<=",0.150592,"uA","<=",0.5,"P",0.26063,***,"",
6,"Nominal_Input_pin_Leakages","","LEAKAGE",70050,"",1,1,"SS_PS1600",6,"441","","",20,"<=",49.5787,"uA","<=",70,"P",0.26063,***,"",
6,"Nominal_Input_pin_Leakages","","LEAKAGE",70070,"",1,1,"VBIAS_PS1600",6,"441","","",5,"<=",27.5927,"uA","<=",40,"P",0.26063,***,"",
6,"Nominal_Input_pin_Leakages","","LEAKAGE_2V",70090,"",1,1,"OFF_PS1600",6,"441","","",-0.5,"<=",0.043096,"uA","<=",0.5,"P",0.26063,***,"",
6,"Output_enabled_leakage","","IVDD_VDD_3_Vin_3",80001,"",1,1,"VDD",6,"441","","",10,"<=",104.316,"uA","<=",130,"P",0.547819,***,"",
6,"Output_enabled_leakage","","IVIN_VDD_3_Vin_3",80005,"",1,1,"VIN1",6,"441","","",10,"<=",56.5164,"uA","<=",75,"P",0.547819,***,"",
6,"Output_enabled_leakage","","IVDD_VDD_3_Vin_20",80010,"",1,1,"VDD",6,"441","","",10,"<=",111.088,"uA","<=",150,"P",0.547819,***,"",
6,"Output_enabled_leakage","","IVIN_VDD_3_Vin_20",80014,"",1,1,"VIN1",6,"441","","",10,"<=",92.5018,"uA","<=",120,"P",0.547819,***,"",
6,"Output_enabled_leakage","","IVDD_VDD_20_Vin_3",80011,"",1,1,"VDD",6,"441","","",10,"<=",136.273,"uA","<=",150,"P",0.547819,***,"",
6,"Output_enabled_leakage","","IVIN_VDD_20_Vin_3",80015,"",1,1,"VIN1",6,"441","","",10,"<=",53.3191,"uA","<=",75,"P",0.547819,***,"",
6,"Output_enabled_leakage","","IVDD_VDD_20_Vin_20",80012,"",1,1,"VDD",6,"441","","",10,"<=",125.812,"uA","<=",175,"P",0.547819,***,"",
6,"Output_enabled_leakage","","IVIN_VDD_20_Vin_20",80016,"",1,1,"VIN1",6,"441","","",10,"<=",93.2366,"uA","<=",120,"P",0.547819,***,"",
6,"SCAN","","Scan_test",330010,"_rdi_burst_SCAN_bk4_mp",1,1,"@",6,"441","","",***,"",***," ","",***,"P",0.079737,***,"",
6,"Logic","","Logic_test",340010,"_rdi_burst_Logic_bk6_mp",1,1,"@",6,"441","","",***,"",***," ","",***,"P",0.300591,***,"",
6,"Vreftrim","","VBIAS_VALUE_CODE0",180020,"",1,1,"VBIAS_PS1600",6,"441","","",1.5,"<=",1.97828,"V","<=",2.5,"P",2.20645,***,"",
6,"Vreftrim","","VBIAS_VALUE_CODE1",180030,"",1,1,"VBIAS_PS1600",6,"441","","",1.5,"<=",1.99803,"V","<=",2.5,"P",2.20645,***,"",
6,"Vreftrim","","VBIAS_VALUE_CODE2",180040,"",1,1,"VBIAS_PS1600",6,"441","","",1.5,"<=",2.01857,"V","<=",2.5,"P",2.20645,***,"",
6,"Vreftrim","","VBIAS_VALUE_CODE3",180050,"",1,1,"VBIAS_PS1600",6,"441","","",1.5,"<=",2.03804,"V","<=",2.5,"P",2.20645,***,"",
6,"Vreftrim","","VBIAS_VALUE_CODE4",180060,"",1,1,"VBIAS_PS1600",6,"441","","",1.5,"<=",2.05944,"V","<=",2.5,"P",2.20645,***,"",
6,"Vreftrim","","VBIAS_VALUE_CODE5",180070,"",1,1,"VBIAS_PS1600",6,"441","","",1.5,"<=",2.07913,"V","<=",2.5,"P",2.20645,***,"",
6,"Vreftrim","","VBIAS_VALUE_CODE6",180080,"",1,1,"VBIAS_PS1600",6,"441","","",1.5,"<=",2.09934,"V","<=",2.5,"P",2.20645,***,"",
6,"Vreftrim","","VBIAS_VALUE_CODE7",180090,"",1,1,"VBIAS_PS1600",6,"441","","",1.5,"<=",2.11915,"V","<=",2.5,"P",2.20645,***,"",
6,"Vreftrim","","VBIAS_VALUE_CODE8",180100,"",1,1,"VBIAS_PS1600",6,"441","","",1.5,"<=",2.14083,"V","<=",2.5,"P",2.20645,***,"",
6,"Vreftrim","","VBIAS_VALUE_CODE9",180110,"",1,1,"VBIAS_PS1600",6,"441","","",1.5,"<=",2.16058,"V","<=",2.5,"P",2.20645,***,"",
6,"Vreftrim","","VBIAS_VALUE_CODE10",180120,"",1,1,"VBIAS_PS1600",6,"441","","",1.5,"<=",2.18079,"V","<=",2.5,"P",2.20645,***,"",
6,"Vreftrim","","VBIAS_VALUE_CODE11",180130,"",1,1,"VBIAS_PS1600",6,"441","","",1.5,"<=",2.20065,"V","<=",2.5,"P",2.20645,***,"",
6,"Vreftrim","","VBIAS_VALUE_CODE12",180140,"",1,1,"VBIAS_PS1600",6,"441","","",1.5,"<=",2.22108,"V","<=",2.5,"P",2.20645,***,"",
6,"Vreftrim","","VBIAS_VALUE_CODE13",180150,"",1,1,"VBIAS_PS1600",6,"441","","",1.5,"<=",2.24072,"V","<=",2.5,"P",2.20645,***,"",
6,"Vreftrim","","VBIAS_VALUE_CODE14",180160,"",1,1,"VBIAS_PS1600",6,"441","","",1.5,"<=",2.2607,"V","<=",2.5,"P",2.20645,***,"",
6,"Vreftrim","","VBIAS_VALUE_CODE15",180170,"",1,1,"VBIAS_PS1600",6,"441","","",1.5,"<=",2.28045,"V","<=",2.5,"P",2.20645,***,"",
6,"Vreftrim","","VBIAS_VALUE_CODE16",180180,"",1,1,"VBIAS_PS1600",6,"441","","",1.5,"<=",1.65158,"V","<=",2.5,"P",2.20645,***,"",
6,"Vreftrim","","VBIAS_VALUE_CODE17",180190,"",1,1,"VBIAS_PS1600",6,"441","","",1.5,"<=",1.67127,"V","<=",2.5,"P",2.20645,***,"",
6,"Vreftrim","","VBIAS_VALUE_CODE18",180200,"",1,1,"VBIAS_PS1600",6,"441","","",1.5,"<=",1.69142,"V","<=",2.5,"P",2.20645,***,"",
6,"Vreftrim","","VBIAS_VALUE_CODE19",180210,"",1,1,"VBIAS_PS1600",6,"441","","",1.5,"<=",1.71117,"V","<=",2.5,"P",2.20645,***,"",
6,"Vreftrim","","VBIAS_VALUE_CODE20",180220,"",1,1,"VBIAS_PS1600",6,"441","","",1.5,"<=",1.7324,"V","<=",2.5,"P",2.20645,***,"",
6,"Vreftrim","","VBIAS_VALUE_CODE21",180230,"",1,1,"VBIAS_PS1600",6,"441","","",1.5,"<=",1.75243,"V","<=",2.5,"P",2.20645,***,"",
6,"Vreftrim","","VBIAS_VALUE_CODE22",180240,"",1,1,"VBIAS_PS1600",6,"441","","",1.5,"<=",1.77292,"V","<=",2.5,"P",2.20645,***,"",
6,"Vreftrim","","VBIAS_VALUE_CODE23",180250,"",1,1,"VBIAS_PS1600",6,"441","","",1.5,"<=",1.79279,"V","<=",2.5,"P",2.20645,***,"",
6,"Vreftrim","","VBIAS_VALUE_CODE24",180260,"",1,1,"VBIAS_PS1600",6,"441","","",1.5,"<=",1.81464,"V","<=",2.5,"P",2.20645,***,"",
6,"Vreftrim","","VBIAS_VALUE_CODE25",180270,"",1,1,"VBIAS_PS1600",6,"441","","",1.5,"<=",1.83462,"V","<=",2.5,"P",2.20645,***,"",
6,"Vreftrim","","VBIAS_VALUE_CODE26",180280,"",1,1,"VBIAS_PS1600",6,"441","","",1.5,"<=",1.8546,"V","<=",2.5,"P",2.20645,***,"",
6,"Vreftrim","","VBIAS_VALUE_CODE27",180290,"",1,1,"VBIAS_PS1600",6,"441","","",1.5,"<=",1.87469,"V","<=",2.5,"P",2.20645,***,"",
6,"Vreftrim","","VBIAS_VALUE_CODE28",180300,"",1,1,"VBIAS_PS1600",6,"441","","",1.5,"<=",1.89581,"V","<=",2.5,"P",2.20645,***,"",
6,"Vreftrim","","VBIAS_VALUE_CODE29",180310,"",1,1,"VBIAS_PS1600",6,"441","","",1.5,"<=",1.91578,"V","<=",2.5,"P",2.20645,***,"",
6,"Vreftrim","","VBIAS_VALUE_CODE30",180320,"",1,1,"VBIAS_PS1600",6,"441","","",1.5,"<=",1.93605,"V","<=",2.5,"P",2.20645,***,"",
6,"Vreftrim","","VBIAS_VALUE_CODE31",180330,"",1,1,"VBIAS_PS1600",6,"441","","",1.5,"<=",1.95585,"V","<=",2.5,"P",2.20645,***,"",
6,"Vreftrim","","VREF_TRIM_CODE",180010,"",1,1,"VBIAS_PS1600",6,"441","","",0,"<=",23,"Code","<=",31,"P",2.20645,***,"",
6,"Vreftrim","","VBIAS_BEST_FIT_VALUE",180340,"",1,1,"VBIAS_PS1600",6,"441","","",1.77,"<=",1.79279,"V","<=",1.83,"P",2.20645,***,"",
6,"SS_Current_Trim","","SS_CURRENT_CODE0",220040,"",1,1,"SS_PS1600",6,"441","","",-16,"<=",-11.098,"uA","<=",-6,"P",2.54068,***,"",
6,"SS_Current_Trim","","SS_CURRENT_CODE1",220050,"",1,1,"SS_PS1600",6,"441","","",-16,"<=",-11.227,"uA","<=",-6,"P",2.54068,***,"",
6,"SS_Current_Trim","","SS_CURRENT_CODE2",220060,"",1,1,"SS_PS1600",6,"441","","",-16,"<=",-11.382,"uA","<=",-6,"P",2.54068,***,"",
6,"SS_Current_Trim","","SS_CURRENT_CODE3",220070,"",1,1,"SS_PS1600",6,"441","","",-16,"<=",-11.552,"uA","<=",-6,"P",2.54068,***,"",
6,"SS_Current_Trim","","SS_CURRENT_CODE4",220080,"",1,1,"SS_PS1600",6,"441","","",-16,"<=",-11.696,"uA","<=",-6,"P",2.54068,***,"",
6,"SS_Current_Trim","","SS_CURRENT_CODE5",220090,"",1,1,"SS_PS1600",6,"441","","",-16,"<=",-11.877,"uA","<=",-6,"P",2.54068,***,"",
6,"SS_Current_Trim","","SS_CURRENT_CODE6",220100,"",1,1,"SS_PS1600",6,"441","","",-16,"<=",-12.046,"uA","<=",-6,"P",2.54068,***,"",
6,"SS_Current_Trim","","SS_CURRENT_CODE7",220110,"",1,1,"SS_PS1600",6,"441","","",-16,"<=",-12.204,"uA","<=",-6,"P",2.54068,***,"",
6,"SS_Current_Trim","","SS_CURRENT_CODE8",220120,"",1,1,"SS_PS1600",6,"441","","",-16,"<=",-12.384,"uA","<=",-6,"P",2.54068,***,"",
6,"SS_Current_Trim","","SS_CURRENT_CODE9",220130,"",1,1,"SS_PS1600",6,"441","","",-16,"<=",-12.589,"uA","<=",-6,"P",2.54068,***,"",
6,"SS_Current_Trim","","SS_CURRENT_CODE10",220140,"",1,1,"SS_PS1600",6,"441","","",-16,"<=",-12.782,"uA","<=",-6,"P",2.54068,***,"",
6,"SS_Current_Trim","","SS_CURRENT_CODE11",220150,"",1,1,"SS_PS1600",6,"441","","",-16,"<=",-12.957,"uA","<=",-6,"P",2.54068,***,"",
6,"SS_Current_Trim","","SS_CURRENT_CODE12",220160,"",1,1,"SS_PS1600",6,"441","","",-16,"<=",-13.177,"uA","<=",-6,"P",2.54068,***,"",
6,"SS_Current_Trim","","SS_CURRENT_CODE13",220170,"",1,1,"SS_PS1600",6,"441","","",-16,"<=",-13.367,"uA","<=",-6,"P",2.54068,***,"",
6,"SS_Current_Trim","","SS_CURRENT_CODE14",220180,"",1,1,"SS_PS1600",6,"441","","",-16,"<=",-13.585,"uA","<=",-6,"P",2.54068,***,"",
6,"SS_Current_Trim","","SS_CURRENT_CODE15",220190,"",1,1,"SS_PS1600",6,"441","","",-16,"<=",-13.824,"uA","<=",-6,"P",2.54068,***,"",
6,"SS_Current_Trim","","SS_CURRENT_CODE16",220200,"",1,1,"SS_PS1600",6,"441","","",-16,"<=",-9.171,"uA","<=",-6,"P",2.54068,***,"",
6,"SS_Current_Trim","","SS_CURRENT_CODE17",220210,"",1,1,"SS_PS1600",6,"441","","",-16,"<=",-9.285,"uA","<=",-6,"P",2.54068,***,"",
6,"SS_Current_Trim","","SS_CURRENT_CODE18",220220,"",1,1,"SS_PS1600",6,"441","","",-16,"<=",-9.387,"uA","<=",-6,"P",2.54068,***,"",
6,"SS_Current_Trim","","SS_CURRENT_CODE19",220230,"",1,1,"SS_PS1600",6,"441","","",-16,"<=",-9.475,"uA","<=",-6,"P",2.54068,***,"",
6,"SS_Current_Trim","","SS_CURRENT_CODE20",220240,"",1,1,"SS_PS1600",6,"441","","",-16,"<=",-9.595,"uA","<=",-6,"P",2.54068,***,"",
6,"SS_Current_Trim","","SS_CURRENT_CODE21",220250,"",1,1,"SS_PS1600",6,"441","","",-16,"<=",-9.688,"uA","<=",-6,"P",2.54068,***,"",
6,"SS_Current_Trim","","SS_CURRENT_CODE22",220260,"",1,1,"SS_PS1600",6,"441","","",-16,"<=",-9.802,"uA","<=",-6,"P",2.54068,***,"",
6,"SS_Current_Trim","","SS_CURRENT_CODE23",220270,"",1,1,"SS_PS1600",6,"441","","",-16,"<=",-9.927,"uA","<=",-6,"P",2.54068,***,"",
6,"SS_Current_Trim","","SS_CURRENT_CODE24",220280,"",1,1,"SS_PS1600",6,"441","","",-16,"<=",-10.048,"uA","<=",-6,"P",2.54068,***,"",
6,"SS_Current_Trim","","SS_CURRENT_CODE25",220290,"",1,1,"SS_PS1600",6,"441","","",-16,"<=",-10.155,"uA","<=",-6,"P",2.54068,***,"",
6,"SS_Current_Trim","","SS_CURRENT_CODE26",220300,"",1,1,"SS_PS1600",6,"441","","",-16,"<=",-10.274,"uA","<=",-6,"P",2.54068,***,"",
6,"SS_Current_Trim","","SS_CURRENT_CODE27",220310,"",1,1,"SS_PS1600",6,"441","","",-16,"<=",-10.416,"uA","<=",-6,"P",2.54068,***,"",
6,"SS_Current_Trim","","SS_CURRENT_CODE28",220320,"",1,1,"SS_PS1600",6,"441","","",-16,"<=",-10.53,"uA","<=",-6,"P",2.54068,***,"",
6,"SS_Current_Trim","","SS_CURRENT_CODE29",220330,"",1,1,"SS_PS1600",6,"441","","",-16,"<=",-10.677,"uA","<=",-6,"P",2.54068,***,"",
6,"SS_Current_Trim","","SS_CURRENT_CODE30",220340,"",1,1,"SS_PS1600",6,"441","","",-16,"<=",-10.814,"uA","<=",-6,"P",2.54068,***,"",
6,"SS_Current_Trim","","SS_CURRENT_CODE31",220350,"",1,1,"SS_PS1600",6,"441","","",-16,"<=",-10.936,"uA","<=",-6,"P",2.54068,***,"",
6,"SS_Current_Trim","","SS_CURRENT_TRIM_CODE",220030,"",1,1,"SS_PS1600",6,"441","","",0,"<=",24,"Code","<=",31,"P",2.54068,***,"",
6,"SS_Current_Trim","","SS_CURRENT_BEST_FIT_VALUE",220360,"",1,1,"SS_PS1600",6,"441","","",-10.4,"<=",-10.048,"uA","<=",-9.6,"P",2.54068,***,"",
6,"SS_Gain","","CURRENT_SS_0P1V_CODE0",230020,"",1,1,"SS_PS1600",6,"441","","",150,"<=",451.173,"mA","<=",1800,"P",3.92911,***,"",
6,"SS_Gain","","CURRENT_SS_0P2V_CODE0",230180,"",1,1,"SS_PS1600",6,"441","","",300,"<=",931.824,"mA","<=",3200,"P",3.92911,***,"",
6,"SS_Gain","","CURRENT_SS_0P1V_CODE1",230030,"",1,1,"SS_PS1600",6,"441","","",150,"<=",520.858,"mA","<=",1800,"P",3.92911,***,"",
6,"SS_Gain","","CURRENT_SS_0P2V_CODE1",230190,"",1,1,"SS_PS1600",6,"441","","",300,"<=",1064.86,"mA","<=",3200,"P",3.92911,***,"",
6,"SS_Gain","","CURRENT_SS_0P1V_CODE2",230040,"",1,1,"SS_PS1600",6,"441","","",150,"<=",590.444,"mA","<=",1800,"P",3.92911,***,"",
6,"SS_Gain","","CURRENT_SS_0P2V_CODE2",230200,"",1,1,"SS_PS1600",6,"441","","",300,"<=",1198.21,"mA","<=",3200,"P",3.92911,***,"",
6,"SS_Gain","","CURRENT_SS_0P1V_CODE3",230050,"",1,1,"SS_PS1600",6,"441","","",150,"<=",662.141,"mA","<=",1800,"P",3.92911,***,"",
6,"SS_Gain","","CURRENT_SS_0P2V_CODE3",230210,"",1,1,"SS_PS1600",6,"441","","",300,"<=",1334.6,"mA","<=",3200,"P",3.92911,***,"",
6,"SS_Gain","","CURRENT_SS_0P1V_CODE4",230060,"",1,1,"SS_PS1600",6,"441","","",150,"<=",731.6,"mA","<=",1800,"P",3.92911,***,"",
6,"SS_Gain","","CURRENT_SS_0P2V_CODE4",230220,"",1,1,"SS_PS1600",6,"441","","",300,"<=",1466.8,"mA","<=",3200,"P",3.92911,***,"",
6,"SS_Gain","","CURRENT_SS_0P1V_CODE5",230070,"",1,1,"SS_PS1600",6,"441","","",150,"<=",803.719,"mA","<=",1800,"P",3.92911,***,"",
6,"SS_Gain","","CURRENT_SS_0P2V_CODE5",230230,"",1,1,"SS_PS1600",6,"441","","",300,"<=",1605.16,"mA","<=",3200,"P",3.92911,***,"",
6,"SS_Gain","","CURRENT_SS_0P1V_CODE6",230080,"",1,1,"SS_PS1600",6,"441","","",150,"<=",875.309,"mA","<=",1800,"P",3.92911,***,"",
6,"SS_Gain","","CURRENT_SS_0P2V_CODE6",230240,"",1,1,"SS_PS1600",6,"441","","",300,"<=",1741.18,"mA","<=",3200,"P",3.92911,***,"",
6,"SS_Gain","","CURRENT_SS_0P1V_CODE7",230090,"",1,1,"SS_PS1600",6,"441","","",150,"<=",945.581,"mA","<=",1800,"P",3.92911,***,"",
6,"SS_Gain","","CURRENT_SS_0P2V_CODE7",230250,"",1,1,"SS_PS1600",6,"441","","",300,"<=",1878.14,"mA","<=",3200,"P",3.92911,***,"",
6,"SS_Gain","","CURRENT_SS_0P1V_CODE8",230100,"",1,1,"SS_PS1600",6,"441","","",150,"<=",1014.5,"mA","<=",1800,"P",3.92911,***,"",
6,"SS_Gain","","CURRENT_SS_0P2V_CODE8",230260,"",1,1,"SS_PS1600",6,"441","","",300,"<=",2009.9,"mA","<=",3200,"P",3.92911,***,"",
6,"SS_Gain","","CURRENT_SS_0P1V_CODE9",230110,"",1,1,"SS_PS1600",6,"441","","",150,"<=",1087.83,"mA","<=",1800,"P",3.92911,***,"",
6,"SS_Gain","","CURRENT_SS_0P2V_CODE9",230270,"",1,1,"SS_PS1600",6,"441","","",300,"<=",2152.77,"mA","<=",3200,"P",3.92911,***,"",
6,"SS_Gain","","CURRENT_SS_0P1V_CODE10",230120,"",1,1,"SS_PS1600",6,"441","","",150,"<=",1160.83,"mA","<=",1800,"P",3.92911,***,"",
6,"SS_Gain","","CURRENT_SS_0P2V_CODE10",230280,"",1,1,"SS_PS1600",6,"441","","",300,"<=",2288.52,"mA","<=",3200,"P",3.92911,***,"",
6,"SS_Gain","","CURRENT_SS_0P1V_CODE11",230130,"",1,1,"SS_PS1600",6,"441","","",150,"<=",1232.04,"mA","<=",1800,"P",3.92911,***,"",
6,"SS_Gain","","CURRENT_SS_0P2V_CODE11",230290,"",1,1,"SS_PS1600",6,"441","","",300,"<=",2424.67,"mA","<=",3200,"P",3.92911,***,"",
6,"SS_Gain","","CURRENT_SS_0P1V_CODE12",230140,"",1,1,"SS_PS1600",6,"441","","",150,"<=",1304.33,"mA","<=",1800,"P",3.92911,***,"",
6,"SS_Gain","","CURRENT_SS_0P2V_CODE12",230300,"",1,1,"SS_PS1600",6,"441","","",300,"<=",2561.26,"mA","<=",3200,"P",3.92911,***,"",
6,"SS_Gain","","CURRENT_SS_0P1V_CODE13",230150,"",1,1,"SS_PS1600",6,"441","","",150,"<=",1376.61,"mA","<=",1800,"P",3.92911,***,"",
6,"SS_Gain","","CURRENT_SS_0P2V_CODE13",230310,"",1,1,"SS_PS1600",6,"441","","",300,"<=",2694.38,"mA","<=",3200,"P",3.92911,***,"",
6,"SS_Gain","","CURRENT_SS_0P1V_CODE14",230160,"",1,1,"SS_PS1600",6,"441","","",150,"<=",1448.84,"mA","<=",1800,"P",3.92911,***,"",
6,"SS_Gain","","CURRENT_SS_0P2V_CODE14",230320,"",1,1,"SS_PS1600",6,"441","","",300,"<=",2828.76,"mA","<=",3200,"P",3.92911,***,"",
6,"SS_Gain","","CURRENT_SS_0P1V_CODE15",230170,"",1,1,"SS_PS1600",6,"441","","",150,"<=",1524.94,"mA","<=",1800,"P",3.92911,***,"",
6,"SS_Gain","","CURRENT_SS_0P2V_CODE15",230330,"",1,1,"SS_PS1600",6,"441","","",300,"<=",2966.08,"mA","<=",4000,"P",3.92911,***,"",
6,"SS_Gain","","SS_GAIN_TRIM_CODE",230010,"",1,1,"SS_PS1600",6,"441","","",0,"<=",8,"Code","<=",15,"P",3.92911,***,"",
6,"SS_Gain","","BEST_CURR_SS_0p2V",230340,"",1,1,"SS_PS1600",6,"441","","",1700,"<=",2009.9,"mA","<=",2300,"P",3.92911,***,"",
6,"SS_Gain","","BEST_CURR_SS_0p1V",230350,"",1,1,"SS_PS1600",6,"441","","",700,"<=",1014.5,"mA","<=",1300,"P",3.92911,***,"",
6,"SS_Gain","","BEST_CURR_SS_delta",230360,"",1,1,"SS_PS1600",6,"441","","",900,"<=",995.398,"mA","<=",1100,"P",3.92911,***,"",
6,"SSoffset_Trim","","SS_OFFSET_CURRENT_CODE0",240020,"",1,1,"SS_PS1600",6,"441","","",-700,"<=",-469.316,"mA","<=",-100,"P",1.87225,***,"",
6,"SSoffset_Trim","","SS_OFFSET_CURRENT_CODE1",240030,"",1,1,"SS_PS1600",6,"441","","",-700,"<=",-460.147,"mA","<=",-100,"P",1.87225,***,"",
6,"SSoffset_Trim","","SS_OFFSET_CURRENT_CODE2",240040,"",1,1,"SS_PS1600",6,"441","","",-700,"<=",-446.205,"mA","<=",-100,"P",1.87225,***,"",
6,"SSoffset_Trim","","SS_OFFSET_CURRENT_CODE3",240050,"",1,1,"SS_PS1600",6,"441","","",-700,"<=",-431.786,"mA","<=",-100,"P",1.87225,***,"",
6,"SSoffset_Trim","","SS_OFFSET_CURRENT_CODE4",240060,"",1,1,"SS_PS1600",6,"441","","",-700,"<=",-417.946,"mA","<=",-100,"P",1.87225,***,"",
6,"SSoffset_Trim","","SS_OFFSET_CURRENT_CODE5",240070,"",1,1,"SS_PS1600",6,"441","","",-700,"<=",-404.077,"mA","<=",-100,"P",1.87225,***,"",
6,"SSoffset_Trim","","SS_OFFSET_CURRENT_CODE6",240080,"",1,1,"SS_PS1600",6,"441","","",-700,"<=",-388.516,"mA","<=",-100,"P",1.87225,***,"",
6,"SSoffset_Trim","","SS_OFFSET_CURRENT_CODE7",240090,"",1,1,"SS_PS1600",6,"441","","",-700,"<=",-376.386,"mA","<=",-100,"P",1.87225,***,"",
6,"SSoffset_Trim","","SS_OFFSET_CURRENT_CODE8",240100,"",1,1,"SS_PS1600",6,"441","","",-700,"<=",-362.094,"mA","<=",-100,"P",1.87225,***,"",
6,"SSoffset_Trim","","SS_OFFSET_CURRENT_CODE9",240110,"",1,1,"SS_PS1600",6,"441","","",-700,"<=",-348.862,"mA","<=",-100,"P",1.87225,***,"",
6,"SSoffset_Trim","","SS_OFFSET_CURRENT_CODE10",240120,"",1,1,"SS_PS1600",6,"441","","",-700,"<=",-333.57,"mA","<=",-100,"P",1.87225,***,"",
6,"SSoffset_Trim","","SS_OFFSET_CURRENT_CODE11",240130,"",1,1,"SS_PS1600",6,"441","","",-700,"<=",-323.218,"mA","<=",-100,"P",1.87225,***,"",
6,"SSoffset_Trim","","SS_OFFSET_CURRENT_CODE12",240140,"",1,1,"SS_PS1600",6,"441","","",-700,"<=",-306.828,"mA","<=",-100,"P",1.87225,***,"",
6,"SSoffset_Trim","","SS_OFFSET_CURRENT_CODE13",240150,"",1,1,"SS_PS1600",6,"441","","",-700,"<=",-296.239,"mA","<=",-100,"P",1.87225,***,"",
6,"SSoffset_Trim","","SS_OFFSET_CURRENT_CODE14",240160,"",1,1,"SS_PS1600",6,"441","","",-700,"<=",-281.426,"mA","<=",-100,"P",1.87225,***,"",
6,"SSoffset_Trim","","SS_OFFSET_CURRENT_CODE15",240170,"",1,1,"SS_PS1600",6,"441","","",-700,"<=",-268.022,"mA","<=",-100,"P",1.87225,***,"",
6,"SSoffset_Trim","","SS_OFFSET_TRIM_CODE",240010,"",1,1,"SS_PS1600",6,"441","","",0,"<=",5,"Code","<=",15,"P",1.87225,***,"",
6,"SSoffset_Trim","","BEST_Curr_SS_0p04V",240180,"",1,1,"SS_PS1600",6,"441","","",-450,"<=",-404.077,"mA","<=",-350,"P",1.87225,***,"",
6,"VDD_UVLO_OTS_POR","","Low_Temp_Voltage_bank0",200130,"",1,1,"OFF_PS1600",6,"441","","",0,"<=",0.000941935,"V","<=",0.2,"P",0.250619,***,"",
6,"VDD_UVLO_OTS_POR","","High_Temp_Voltage_bank0",200140,"",1,1,"OFF_PS1600",6,"441","","",1.6,"<=",1.95614,"V","<=",2.3,"P",0.250619,***,"",
6,"VDD_UVLO_OTS_POR","","Low_Temp_Voltage_bank0_reset",200150,"",1,1,"OFF_PS1600",6,"441","","",0,"<=",0.000941935,"V","<=",0.2,"P",0.250619,***,"",
6,"VDD_UVLO_OTS_POR","","Low_Temp_Voltage_bank1",200160,"",1,1,"OFF_PS1600",6,"441","","",0,"<=",0.000941935,"V","<=",0.2,"P",0.250619,***,"",
6,"VDD_UVLO_OTS_POR","","High_Temp_Voltage_bank1",200170,"",1,1,"OFF_PS1600",6,"441","","",1.6,"<=",1.95722,"V","<=",2.3,"P",0.250619,***,"",
6,"VDD_UVLO_OTS_POR","","Low_Temp_Voltage_bank1_reset",200180,"",1,1,"OFF_PS1600",6,"441","","",0,"<=",0.000885018,"V","<=",0.5,"P",0.250619,***,"",
6,"UVLO_POR_redundancy","","I_ISEN_UVLO",410010,"",1,1,"VBIAS_PS1600",6,"441","","",8,"<=",10.552,"uA","<=",13,"P",9.10616,***,"",
6,"UVLO_POR_redundancy","","I_IN_VDD3V",410020,"",1,1,"VBIAS_PS1600",6,"441","","",-10,"<=",0,"nA","<=",300,"P",9.10616,***,"",
6,"UVLO_POR_redundancy","","VDD_UVLO_Falling",410030,"",1,1,"VBIAS_PS1600",6,"441","","",2,"<=",2.56,"V","<=",2.75,"P",9.10616,***,"",
6,"UVLO_POR_redundancy","","I_IN_VDD_UVLO_Falling",410040,"",1,1,"VBIAS_PS1600",6,"441","","",8,"<=",10.5601,"uA","<=",13,"P",9.10616,***,"",
6,"UVLO_POR_redundancy","","VBIAS_POR_Falling",410050,"",1,1,"VBIAS_PS1600",6,"441","","",1.1,"<=",1.315,"V","<=",1.45,"P",9.10616,***,"",
6,"UVLO_POR_redundancy","","I_IN_VBIAS_POR_Falling",410060,"",1,1,"VBIAS_PS1600",6,"441","","",20,"<=",26.5793,"uA","<=",33,"P",9.10616,***,"",
6,"UVLO_POR_redundancy","","VBIAS_PORsu_Falling",410070,"",1,1,"VBIAS_PS1600",6,"441","","",0.725,"<=",0.945,"V","<=",1.2,"P",9.10616,***,"",
6,"UVLO_POR_redundancy","","I_IN_VBIAS_PORsu_Falling",410080,"",1,1,"VBIAS_PS1600",6,"441","","",35,"<=",42.878,"uA","<=",50,"P",9.10616,***,"",
6,"UVLO_POR_redundancy","","VBIAS_PORsu_Rising",410090,"",1,1,"VBIAS_PS1600",6,"441","","",0.75,"<=",1.035,"V","<=",1.3,"P",9.10616,***,"",
6,"UVLO_POR_redundancy","","I_IN_VBIAS_PORsu_Rising",410100,"",1,1,"VBIAS_PS1600",6,"441","","",20,"<=",26.4141,"uA","<=",32,"P",9.10616,***,"",
6,"UVLO_POR_redundancy","","PORsu_Hysteresis",410110,"",1,1,"VBIAS_PS1600",6,"441","","",0,"<=",0.09,"","<=",0.175,"P",9.10616,***,"",
6,"UVLO_POR_redundancy","","VBIAS_POR_Rising",410120,"",1,1,"VBIAS_PS1600",6,"441","","",1.2,"<=",1.51,"V","<=",1.6,"P",9.10616,***,"",
6,"UVLO_POR_redundancy","","I_IN_VBIAS_POR_Rising",410130,"",1,1,"VBIAS_PS1600",6,"441","","",8,"<=",10.5245,"uA","<=",13,"P",9.10616,***,"",
6,"UVLO_POR_redundancy","","POR_Hysteresis",410140,"",1,1,"VBIAS_PS1600",6,"441","","",0.03,"<=",0.195,"","<=",0.25,"P",9.10616,***,"",
6,"UVLO_POR_redundancy","","VDD_UVLO_Rising",410150,"",1,1,"VBIAS_PS1600",6,"441","","",2.2,"<=",2.73,"V","<=",2.85,"P",9.10616,***,"",
6,"UVLO_POR_redundancy","","I_IN_VDD_UVLO_Rising",410160,"",1,1,"VBIAS_PS1600",6,"441","","",-200,"<=",-10.0603,"nA","<=",200,"P",9.10616,***,"",
6,"UVLO_POR_redundancy","","VDD_UVLO_Hysteresis",410170,"",1,1,"VBIAS_PS1600",6,"441","","",0.02,"<=",0.17,"","<=",0.3,"P",9.10616,***,"",
6,"ILIM_gain_Trim","","ILIM_GAIN_20PIMAX_CODE0",270020,"",1,1,"ITRIP_PS1600",6,"441","","",-40,"<=",-32.094,"uA","<=",-0.001,"P",3.75866,***,"",
6,"ILIM_gain_Trim","","ILIM_GAIN_20PIMAX_CODE1",270030,"",1,1,"ITRIP_PS1600",6,"441","","",-40,"<=",-31.079,"uA","<=",-0.001,"P",3.75866,***,"",
6,"ILIM_gain_Trim","","ILIM_GAIN_20PIMAX_CODE2",270040,"",1,1,"ITRIP_PS1600",6,"441","","",-40,"<=",-30.059,"uA","<=",-0.001,"P",3.75866,***,"",
6,"ILIM_gain_Trim","","ILIM_GAIN_20PIMAX_CODE3",270050,"",1,1,"ITRIP_PS1600",6,"441","","",-40,"<=",-29.032,"uA","<=",-0.001,"P",3.75866,***,"",
6,"ILIM_gain_Trim","","ILIM_GAIN_20PIMAX_CODE4",270060,"",1,1,"ITRIP_PS1600",6,"441","","",-40,"<=",-27.958,"uA","<=",-0.001,"P",3.75866,***,"",
6,"ILIM_gain_Trim","","ILIM_GAIN_20PIMAX_CODE5",270070,"",1,1,"ITRIP_PS1600",6,"441","","",-40,"<=",-26.943,"uA","<=",-0.001,"P",3.75866,***,"",
6,"ILIM_gain_Trim","","ILIM_GAIN_20PIMAX_CODE6",270080,"",1,1,"ITRIP_PS1600",6,"441","","",-40,"<=",-25.908,"uA","<=",-0.001,"P",3.75866,***,"",
6,"ILIM_gain_Trim","","ILIM_GAIN_20PIMAX_CODE7",270090,"",1,1,"ITRIP_PS1600",6,"441","","",-40,"<=",-24.893,"uA","<=",-0.001,"P",3.75866,***,"",
6,"ILIM_gain_Trim","","ILIM_GAIN_20PIMAX_CODE8",270100,"",1,1,"ITRIP_PS1600",6,"441","","",-40,"<=",-23.81,"uA","<=",-0.001,"P",3.75866,***,"",
6,"ILIM_gain_Trim","","ILIM_GAIN_20PIMAX_CODE9",270110,"",1,1,"ITRIP_PS1600",6,"441","","",-40,"<=",-22.792,"uA","<=",-0.001,"P",3.75866,***,"",
6,"ILIM_gain_Trim","","ILIM_GAIN_20PIMAX_CODE10",270120,"",1,1,"ITRIP_PS1600",6,"441","","",-40,"<=",-21.757,"uA","<=",-0.001,"P",3.75866,***,"",
6,"ILIM_gain_Trim","","ILIM_GAIN_20PIMAX_CODE11",270130,"",1,1,"ITRIP_PS1600",6,"441","","",-40,"<=",-20.732,"uA","<=",-0.001,"P",3.75866,***,"",
6,"ILIM_gain_Trim","","ILIM_GAIN_20PIMAX_CODE12",270140,"",1,1,"ITRIP_PS1600",6,"441","","",-40,"<=",-19.654,"uA","<=",-0.001,"P",3.75866,***,"",
6,"ILIM_gain_Trim","","ILIM_GAIN_20PIMAX_CODE13",270150,"",1,1,"ITRIP_PS1600",6,"441","","",-40,"<=",-18.629,"uA","<=",-0.001,"P",3.75866,***,"",
6,"ILIM_gain_Trim","","ILIM_GAIN_20PIMAX_CODE14",270160,"",1,1,"ITRIP_PS1600",6,"441","","",-40,"<=",-17.596,"uA","<=",-0.001,"P",3.75866,***,"",
6,"ILIM_gain_Trim","","ILIM_GAIN_20PIMAX_CODE15",270170,"",1,1,"ITRIP_PS1600",6,"441","","",-40,"<=",-16.573,"uA","<=",-0.001,"P",3.75866,***,"",
6,"ILIM_gain_Trim","","ILIM_GAIN_20PIMAX_CODE16",270180,"",1,1,"ITRIP_PS1600",6,"441","","",-40,"<=",-15.591,"uA","<=",-0.001,"P",3.75866,***,"",
6,"ILIM_gain_Trim","","ILIM_GAIN_20PIMAX_CODE17",270190,"",1,1,"ITRIP_PS1600",6,"441","","",-40,"<=",-14.564,"uA","<=",-0.001,"P",3.75866,***,"",
6,"ILIM_gain_Trim","","ILIM_GAIN_20PIMAX_CODE18",270200,"",1,1,"ITRIP_PS1600",6,"441","","",-40,"<=",-13.528,"uA","<=",-0.001,"P",3.75866,***,"",
6,"ILIM_gain_Trim","","ILIM_GAIN_20PIMAX_CODE19",270210,"",1,1,"ITRIP_PS1600",6,"441","","",-40,"<=",-12.511,"uA","<=",-0.001,"P",3.75866,***,"",
6,"ILIM_gain_Trim","","ILIM_GAIN_20PIMAX_CODE20",270220,"",1,1,"ITRIP_PS1600",6,"441","","",-40,"<=",-11.428,"uA","<=",-0.001,"P",3.75866,***,"",
6,"ILIM_gain_Trim","","ILIM_GAIN_20PIMAX_CODE21",270230,"",1,1,"ITRIP_PS1600",6,"441","","",-40,"<=",-10.402,"uA","<=",-0.001,"P",3.75866,***,"",
6,"ILIM_gain_Trim","","ILIM_GAIN_20PIMAX_CODE22",270240,"",1,1,"ITRIP_PS1600",6,"441","","",-40,"<=",-9.37,"uA","<=",-0.001,"P",3.75866,***,"",
6,"ILIM_gain_Trim","","ILIM_GAIN_20PIMAX_CODE23",270250,"",1,1,"ITRIP_PS1600",6,"441","","",-40,"<=",-8.347,"uA","<=",-0.001,"P",3.75866,***,"",
6,"ILIM_gain_Trim","","ILIM_GAIN_20PIMAX_CODE24",270260,"",1,1,"ITRIP_PS1600",6,"441","","",-40,"<=",-7.266,"uA","<=",-0.001,"P",3.75866,***,"",
6,"ILIM_gain_Trim","","ILIM_GAIN_20PIMAX_CODE25",270270,"",1,1,"ITRIP_PS1600",6,"441","","",-40,"<=",-6.246,"uA","<=",-0.001,"P",3.75866,***,"",
6,"ILIM_gain_Trim","","ILIM_GAIN_20PIMAX_CODE26",270280,"",1,1,"ITRIP_PS1600",6,"441","","",-40,"<=",-5.206,"uA","<=",-0.001,"P",3.75866,***,"",
6,"ILIM_gain_Trim","","ILIM_GAIN_20PIMAX_CODE27",270290,"",1,1,"ITRIP_PS1600",6,"441","","",-40,"<=",-4.181,"uA","<=",-0.001,"P",3.75866,***,"",
6,"ILIM_gain_Trim","","ILIM_GAIN_20PIMAX_CODE28",270300,"",1,1,"ITRIP_PS1600",6,"441","","",-40,"<=",-3.098,"uA","<=",-0.001,"P",3.75866,***,"",
6,"ILIM_gain_Trim","","ILIM_GAIN_20PIMAX_CODE29",270310,"",1,1,"ITRIP_PS1600",6,"441","","",-40,"<=",-2.078,"uA","<=",-0.001,"P",3.75866,***,"",
6,"ILIM_gain_Trim","","ILIM_GAIN_20PIMAX_CODE30",270320,"",1,1,"ITRIP_PS1600",6,"441","","",-40,"<=",-1.037,"uA","<=",-0.001,"P",3.75866,***,"",
6,"ILIM_gain_Trim","","ILIM_GAIN_20PIMAX_CODE31",270330,"",1,1,"ITRIP_PS1600",6,"441","","",-40,"<=",-0.015,"uA","<=",0,"P",3.75866,***,"",
6,"ILIM_gain_Trim","","ILIM_GAIN_TRIM",270010,"",1,1,"ITRIP_PS1600",6,"441","","",0,"<=",12,"Code","<=",31,"P",3.75866,***,"",
6,"ILIM_gain_Trim","","BEST_MEAS_20pIMAX",270660,"",1,1,"ITRIP_PS1600",6,"441","","",-22,"<=",-19.654,"uA","<=",-18,"P",3.75866,***,"",
6,"ILIM_gain_Trim","","BEST_GAIN",270680,"",1,1,"ITRIP_PS1600",6,"441","","",75000,"<=",81408.4,"GAIN","<=",85000,"P",3.75866,***,"",
6,"ISENSE_BlockOffset_Trim_New","","ISNS_MEAS_10mAIOUT_CODE0",310020,"",1,1,"ISEN_PS1600",6,"441","","",-17,"<=",-0.915,"uA","<=",1,"P",3.35422,***,"",
6,"ISENSE_BlockOffset_Trim_New","","ISNS_MEAS_10mAIOUT_CODE1",310030,"",1,1,"ISEN_PS1600",6,"441","","",-17,"<=",-0.004,"uA","<=",1,"P",3.35422,***,"",
6,"ISENSE_BlockOffset_Trim_New","","ISNS_MEAS_10mAIOUT_CODE2",310040,"",1,1,"ISEN_PS1600",6,"441","","",-17,"<=",-0.004,"uA","<=",1,"P",3.35422,***,"",
6,"ISENSE_BlockOffset_Trim_New","","ISNS_MEAS_10mAIOUT_CODE3",310050,"",1,1,"ISEN_PS1600",6,"441","","",-17,"<=",-0.004,"uA","<=",1,"P",3.35422,***,"",
6,"ISENSE_BlockOffset_Trim_New","","ISNS_MEAS_10mAIOUT_CODE4",310060,"",1,1,"ISEN_PS1600",6,"441","","",-17,"<=",-0.004,"uA","<=",1,"P",3.35422,***,"",
6,"ISENSE_BlockOffset_Trim_New","","ISNS_MEAS_10mAIOUT_CODE5",310070,"",1,1,"ISEN_PS1600",6,"441","","",-17,"<=",-0.004,"uA","<=",1,"P",3.35422,***,"",
6,"ISENSE_BlockOffset_Trim_New","","ISNS_MEAS_10mAIOUT_CODE6",310080,"",1,1,"ISEN_PS1600",6,"441","","",-17,"<=",-0.004,"uA","<=",1,"P",3.35422,***,"",
6,"ISENSE_BlockOffset_Trim_New","","ISNS_MEAS_10mAIOUT_CODE7",310090,"",1,1,"ISEN_PS1600",6,"441","","",-17,"<=",-0.004,"uA","<=",1,"P",3.35422,***,"",
6,"ISENSE_BlockOffset_Trim_New","","ISNS_MEAS_10mAIOUT_CODE8",310100,"",1,1,"ISEN_PS1600",6,"441","","",-17,"<=",-0.994,"uA","<=",1,"P",3.35422,***,"",
6,"ISENSE_BlockOffset_Trim_New","","ISNS_MEAS_10mAIOUT_CODE9",310110,"",1,1,"ISEN_PS1600",6,"441","","",-17,"<=",-2.452,"uA","<=",1,"P",3.35422,***,"",
6,"ISENSE_BlockOffset_Trim_New","","ISNS_MEAS_10mAIOUT_CODE10",310120,"",1,1,"ISEN_PS1600",6,"441","","",-17,"<=",-4.138,"uA","<=",1,"P",3.35422,***,"",
6,"ISENSE_BlockOffset_Trim_New","","ISNS_MEAS_10mAIOUT_CODE11",310130,"",1,1,"ISEN_PS1600",6,"441","","",-17,"<=",-5.812,"uA","<=",1,"P",3.35422,***,"",
6,"ISENSE_BlockOffset_Trim_New","","ISNS_MEAS_10mAIOUT_CODE12",310140,"",1,1,"ISEN_PS1600",6,"441","","",-17,"<=",-7.228,"uA","<=",1,"P",3.35422,***,"",
6,"ISENSE_BlockOffset_Trim_New","","ISNS_MEAS_10mAIOUT_CODE13",310150,"",1,1,"ISEN_PS1600",6,"441","","",-17,"<=",-9.004,"uA","<=",1,"P",3.35422,***,"",
6,"ISENSE_BlockOffset_Trim_New","","ISNS_MEAS_10mAIOUT_CODE14",310160,"",1,1,"ISEN_PS1600",6,"441","","",-17,"<=",-10.268,"uA","<=",1,"P",3.35422,***,"",
6,"ISENSE_BlockOffset_Trim_New","","ISNS_MEAS_10mAIOUT_CODE15",310170,"",1,1,"ISEN_PS1600",6,"441","","",-17,"<=",-14.606,"uA","<=",1,"P",3.35422,***,"",
6,"ISENSE_BlockOffset_Trim_New","","ISNS_BLOCK_OFFSET_TRIM",310010,"",1,1,"ISEN_PS1600",6,"441","","",0,"<=",8,"Code","<=",15,"P",3.35422,***,"",
6,"ISENSE_BlockOffset_Trim_New","","BEST_MEAS_10mAIOUT",310350,"",1,1,"ISEN_PS1600",6,"441","","",-1.7,"<=",-0.994,"uA","<=",1.3,"P",3.35422,***,"",
6,"SNS_gain_Trim","","SNS_GAIN_20PIMAX_CODE0",320020,"",1,1,"ISEN_PS1600",6,"441","","",-300,"<=",-260.048,"uA","<=",-90,"P",3.37096,***,"",
6,"SNS_gain_Trim","","SNS_GAIN_20PIMAX_CODE1",320030,"",1,1,"ISEN_PS1600",6,"441","","",-300,"<=",-251.66,"uA","<=",-90,"P",3.37096,***,"",
6,"SNS_gain_Trim","","SNS_GAIN_20PIMAX_CODE2",320040,"",1,1,"ISEN_PS1600",6,"441","","",-300,"<=",-243.172,"uA","<=",-90,"P",3.37096,***,"",
6,"SNS_gain_Trim","","SNS_GAIN_20PIMAX_CODE3",320050,"",1,1,"ISEN_PS1600",6,"441","","",-300,"<=",-234.911,"uA","<=",-90,"P",3.37096,***,"",
6,"SNS_gain_Trim","","SNS_GAIN_20PIMAX_CODE4",320060,"",1,1,"ISEN_PS1600",6,"441","","",-300,"<=",-226.17,"uA","<=",-90,"P",3.37096,***,"",
6,"SNS_gain_Trim","","SNS_GAIN_20PIMAX_CODE5",320070,"",1,1,"ISEN_PS1600",6,"441","","",-300,"<=",-217.934,"uA","<=",-90,"P",3.37096,***,"",
6,"SNS_gain_Trim","","SNS_GAIN_20PIMAX_CODE6",320080,"",1,1,"ISEN_PS1600",6,"441","","",-300,"<=",-209.294,"uA","<=",-90,"P",3.37096,***,"",
6,"SNS_gain_Trim","","SNS_GAIN_20PIMAX_CODE7",320090,"",1,1,"ISEN_PS1600",6,"441","","",-300,"<=",-201.033,"uA","<=",-90,"P",3.37096,***,"",
6,"SNS_gain_Trim","","SNS_GAIN_20PIMAX_CODE8",320100,"",1,1,"ISEN_PS1600",6,"441","","",-300,"<=",-193.227,"uA","<=",-90,"P",3.37096,***,"",
6,"SNS_gain_Trim","","SNS_GAIN_20PIMAX_CODE9",320110,"",1,1,"ISEN_PS1600",6,"441","","",-300,"<=",-185.016,"uA","<=",-90,"P",3.37096,***,"",
6,"SNS_gain_Trim","","SNS_GAIN_20PIMAX_CODE10",320120,"",1,1,"ISEN_PS1600",6,"441","","",-300,"<=",-176.427,"uA","<=",-90,"P",3.37096,***,"",
6,"SNS_gain_Trim","","SNS_GAIN_20PIMAX_CODE11",320130,"",1,1,"ISEN_PS1600",6,"441","","",-300,"<=",-168.241,"uA","<=",-90,"P",3.37096,***,"",
6,"SNS_gain_Trim","","SNS_GAIN_20PIMAX_CODE12",320140,"",1,1,"ISEN_PS1600",6,"441","","",-300,"<=",-159.526,"uA","<=",-90,"P",3.37096,***,"",
6,"SNS_gain_Trim","","SNS_GAIN_20PIMAX_CODE13",320150,"",1,1,"ISEN_PS1600",6,"441","","",-300,"<=",-151.265,"uA","<=",-90,"P",3.37096,***,"",
6,"SNS_gain_Trim","","SNS_GAIN_20PIMAX_CODE14",320160,"",1,1,"ISEN_PS1600",6,"441","","",-300,"<=",-142.7,"uA","<=",-90,"P",3.37096,***,"",
6,"SNS_gain_Trim","","SNS_GAIN_20PIMAX_CODE15",320170,"",1,1,"ISEN_PS1600",6,"441","","",-300,"<=",-134.439,"uA","<=",-90,"P",3.37096,***,"",
6,"SNS_gain_Trim","","SNS_GAIN_TRIM",320010,"",1,1,"ISEN_PS1600",6,"441","","",0,"<=",7,"Code","<=",31,"P",3.37096,***,"",
6,"SNS_gain_Trim","","BEST_MEAS_20pIMAX",320340,"",1,1,"ISEN_PS1600",6,"441","","",-210,"<=",-201.033,"uA","<=",-190,"P",3.37096,***,"",
6,"OC_Delay_Trim","","slice0_Period",630010,"",1,1,"OFF_PS1600",6,"441","","",400,"<=",505.714,"nS","<=",600,"P",0.364781,***,"",
6,"OC_Delay_Trim","","slice1_Period",630020,"",1,1,"OFF_PS1600",6,"441","","",400,"<=",506.897,"nS","<=",600,"P",0.364781,***,"",
6,"OC_Delay_Trim","","slice2_Period",630030,"",1,1,"OFF_PS1600",6,"441","","",400,"<=",505.862,"nS","<=",600,"P",0.364781,***,"",
6,"OC_Delay_Trim","","median",630040,"",1,1,"OFF_PS1600",6,"441","","",400,"<=",505.862,"nS","<=",600,"P",0.364781,***,"",
6,"OC_Delay_Trim","","Count_Number",630050,"",1,1,"OFF_PS1600",6,"441","","",0,"<=",23.7064,"nS","<=",40,"P",0.364781,***,"",
6,"OC_Delay_Trim","","TRIM_CODE",630060,"",1,1,"OFF_PS1600",6,"441","","",0,"<=",8,"Code","<=",15,"P",0.364781,***,"",
6,"EFUSE_REFERENCE_CURRENT_VOLTAGE","","Efuse_Ref_Voltage",620010,"",1,1,"ISEN_PS1600",6,"441","","",1.5,"<=",1.88989,"V","<=",2,"P",0.103765,***,"",
6,"EFUSE_REFERENCE_CURRENT_VOLTAGE","","Efuse_Ref_Current",620020,"",1,1,"ISEN_PS1600",6,"441","","",140,"<=",206.615,"uA","<=",350,"P",0.103765,***,"",
6,"EFUSE_REFERENCE_CURRENT_VOLTAGE","","Efuse_Resistance",620030,"",1,1,"ISEN_PS1600",6,"441","","",100,"<=",383.452,"ohm","<=",1000,"P",0.103765,***,"",
6,"EFUSE_RESISTANCE_MEASUREMENT","","BANKA_EFUSE_RESISTANCE_BIT47",480010,"",1,1,"ISEN_PS1600",6,"441","","",65,"<=",91,"ohms","<=",200,"P",15.4845,***,"",
6,"EFUSE_RESISTANCE_MEASUREMENT","","BANKA_EFUSE_RESISTANCE_BIT46",480020,"",1,1,"ISEN_PS1600",6,"441","","",65,"<=",79.6,"ohms","<=",200,"P",15.4845,***,"",
6,"EFUSE_RESISTANCE_MEASUREMENT","","BANKA_EFUSE_RESISTANCE_BIT45",480030,"",1,1,"ISEN_PS1600",6,"441","","",65,"<=",79.6,"ohms","<=",200,"P",15.4845,***,"",
6,"EFUSE_RESISTANCE_MEASUREMENT","","BANKA_EFUSE_RESISTANCE_BIT44",480040,"",1,1,"ISEN_PS1600",6,"441","","",65,"<=",91,"ohms","<=",200,"P",15.4845,***,"",
6,"EFUSE_RESISTANCE_MEASUREMENT","","BANKA_EFUSE_RESISTANCE_BIT43",480050,"",1,1,"ISEN_PS1600",6,"441","","",65,"<=",91,"ohms","<=",200,"P",15.4845,***,"",
6,"EFUSE_RESISTANCE_MEASUREMENT","","BANKA_EFUSE_RESISTANCE_BIT42",480060,"",1,1,"ISEN_PS1600",6,"441","","",65,"<=",79.6,"ohms","<=",200,"P",15.4845,***,"",
6,"EFUSE_RESISTANCE_MEASUREMENT","","BANKA_EFUSE_RESISTANCE_BIT41",480070,"",1,1,"ISEN_PS1600",6,"441","","",65,"<=",79.6,"ohms","<=",200,"P",15.4845,***,"",
6,"EFUSE_RESISTANCE_MEASUREMENT","","BANKA_EFUSE_RESISTANCE_BIT40",480080,"",1,1,"ISEN_PS1600",6,"441","","",65,"<=",79.6,"ohms","<=",200,"P",15.4845,***,"",
6,"EFUSE_RESISTANCE_MEASUREMENT","","BANKA_EFUSE_RESISTANCE_BIT39",480090,"",1,1,"ISEN_PS1600",6,"441","","",65,"<=",79.6,"ohms","<=",200,"P",15.4845,***,"",
6,"EFUSE_RESISTANCE_MEASUREMENT","","BANKA_EFUSE_RESISTANCE_BIT38",480100,"",1,1,"ISEN_PS1600",6,"441","","",65,"<=",79.6,"ohms","<=",200,"P",15.4845,***,"",
6,"EFUSE_RESISTANCE_MEASUREMENT","","BANKA_EFUSE_RESISTANCE_BIT37",480110,"",1,1,"ISEN_PS1600",6,"441","","",65,"<=",79.6,"ohms","<=",200,"P",15.4845,***,"",
6,"EFUSE_RESISTANCE_MEASUREMENT","","BANKA_EFUSE_RESISTANCE_BIT36",480120,"",1,1,"ISEN_PS1600",6,"441","","",65,"<=",79.6,"ohms","<=",200,"P",15.4845,***,"",
6,"EFUSE_RESISTANCE_MEASUREMENT","","BANKA_EFUSE_RESISTANCE_BIT35",480130,"",1,1,"ISEN_PS1600",6,"441","","",65,"<=",91,"ohms","<=",200,"P",15.4845,***,"",
6,"EFUSE_RESISTANCE_MEASUREMENT","","BANKA_EFUSE_RESISTANCE_BIT34",480140,"",1,1,"ISEN_PS1600",6,"441","","",65,"<=",79.6,"ohms","<=",200,"P",15.4845,***,"",
6,"EFUSE_RESISTANCE_MEASUREMENT","","BANKA_EFUSE_RESISTANCE_BIT33",480150,"",1,1,"ISEN_PS1600",6,"441","","",65,"<=",79.6,"ohms","<=",200,"P",15.4845,***,"",
6,"EFUSE_RESISTANCE_MEASUREMENT","","BANKA_EFUSE_RESISTANCE_BIT32",480160,"",1,1,"ISEN_PS1600",6,"441","","",65,"<=",79.6,"ohms","<=",200,"P",15.4845,***,"",
6,"EFUSE_RESISTANCE_MEASUREMENT","","BANKA_EFUSE_RESISTANCE_BIT31",480170,"",1,1,"ISEN_PS1600",6,"441","","",65,"<=",91,"ohms","<=",200,"P",15.4845,***,"",
6,"EFUSE_RESISTANCE_MEASUREMENT","","BANKA_EFUSE_RESISTANCE_BIT30",480180,"",1,1,"ISEN_PS1600",6,"441","","",65,"<=",79.6,"ohms","<=",200,"P",15.4845,***,"",
6,"EFUSE_RESISTANCE_MEASUREMENT","","BANKA_EFUSE_RESISTANCE_BIT29",480190,"",1,1,"ISEN_PS1600",6,"441","","",65,"<=",79.6,"ohms","<=",200,"P",15.4845,***,"",
6,"EFUSE_RESISTANCE_MEASUREMENT","","BANKA_EFUSE_RESISTANCE_BIT28",480200,"",1,1,"ISEN_PS1600",6,"441","","",65,"<=",79.6,"ohms","<=",200,"P",15.4845,***,"",
6,"EFUSE_RESISTANCE_MEASUREMENT","","BANKA_EFUSE_RESISTANCE_BIT27",480210,"",1,1,"ISEN_PS1600",6,"441","","",65,"<=",79.6,"ohms","<=",200,"P",15.4845,***,"",
6,"EFUSE_RESISTANCE_MEASUREMENT","","BANKA_EFUSE_RESISTANCE_BIT26",480220,"",1,1,"ISEN_PS1600",6,"441","","",65,"<=",79.6,"ohms","<=",200,"P",15.4845,***,"",
6,"EFUSE_RESISTANCE_MEASUREMENT","","BANKA_EFUSE_RESISTANCE_BIT25",480230,"",1,1,"ISEN_PS1600",6,"441","","",65,"<=",91,"ohms","<=",200,"P",15.4845,***,"",
6,"EFUSE_RESISTANCE_MEASUREMENT","","BANKA_EFUSE_RESISTANCE_BIT24",480240,"",1,1,"ISEN_PS1600",6,"441","","",65,"<=",91,"ohms","<=",200,"P",15.4845,***,"",
6,"EFUSE_RESISTANCE_MEASUREMENT","","BANKA_EFUSE_RESISTANCE_BIT23",480250,"",1,1,"ISEN_PS1600",6,"441","","",65,"<=",91,"ohms","<=",200,"P",15.4845,***,"",
6,"EFUSE_RESISTANCE_MEASUREMENT","","BANKA_EFUSE_RESISTANCE_BIT22",480260,"",1,1,"ISEN_PS1600",6,"441","","",65,"<=",79.6,"ohms","<=",200,"P",15.4845,***,"",
6,"EFUSE_RESISTANCE_MEASUREMENT","","BANKA_EFUSE_RESISTANCE_BIT21",480270,"",1,1,"ISEN_PS1600",6,"441","","",65,"<=",79.6,"ohms","<=",200,"P",15.4845,***,"",
6,"EFUSE_RESISTANCE_MEASUREMENT","","BANKA_EFUSE_RESISTANCE_BIT20",480280,"",1,1,"ISEN_PS1600",6,"441","","",65,"<=",79.6,"ohms","<=",200,"P",15.4845,***,"",
6,"EFUSE_RESISTANCE_MEASUREMENT","","BANKA_EFUSE_RESISTANCE_BIT19",480290,"",1,1,"ISEN_PS1600",6,"441","","",65,"<=",79.6,"ohms","<=",200,"P",15.4845,***,"",
6,"EFUSE_RESISTANCE_MEASUREMENT","","BANKA_EFUSE_RESISTANCE_BIT18",480300,"",1,1,"ISEN_PS1600",6,"441","","",65,"<=",79.6,"ohms","<=",200,"P",15.4845,***,"",
6,"EFUSE_RESISTANCE_MEASUREMENT","","BANKA_EFUSE_RESISTANCE_BIT17",480310,"",1,1,"ISEN_PS1600",6,"441","","",65,"<=",79.6,"ohms","<=",200,"P",15.4845,***,"",
6,"EFUSE_RESISTANCE_MEASUREMENT","","BANKA_EFUSE_RESISTANCE_BIT16",480320,"",1,1,"ISEN_PS1600",6,"441","","",65,"<=",79.6,"ohms","<=",200,"P",15.4845,***,"",
6,"EFUSE_RESISTANCE_MEASUREMENT","","BANKA_EFUSE_RESISTANCE_BIT15",480330,"",1,1,"ISEN_PS1600",6,"441","","",65,"<=",91,"ohms","<=",200,"P",15.4845,***,"",
6,"EFUSE_RESISTANCE_MEASUREMENT","","BANKA_EFUSE_RESISTANCE_BIT14",480340,"",1,1,"ISEN_PS1600",6,"441","","",65,"<=",79.6,"ohms","<=",200,"P",15.4845,***,"",
6,"EFUSE_RESISTANCE_MEASUREMENT","","BANKA_EFUSE_RESISTANCE_BIT13",480350,"",1,1,"ISEN_PS1600",6,"441","","",65,"<=",79.6,"ohms","<=",200,"P",15.4845,***,"",
6,"EFUSE_RESISTANCE_MEASUREMENT","","BANKA_EFUSE_RESISTANCE_BIT12",480360,"",1,1,"ISEN_PS1600",6,"441","","",65,"<=",79.6,"ohms","<=",200,"P",15.4845,***,"",
6,"EFUSE_RESISTANCE_MEASUREMENT","","BANKA_EFUSE_RESISTANCE_BIT11",480370,"",1,1,"ISEN_PS1600",6,"441","","",65,"<=",79.6,"ohms","<=",200,"P",15.4845,***,"",
6,"EFUSE_RESISTANCE_MEASUREMENT","","BANKA_EFUSE_RESISTANCE_BIT10",480380,"",1,1,"ISEN_PS1600",6,"441","","",65,"<=",79.6,"ohms","<=",200,"P",15.4845,***,"",
6,"EFUSE_RESISTANCE_MEASUREMENT","","BANKA_EFUSE_RESISTANCE_BIT9",480390,"",1,1,"ISEN_PS1600",6,"441","","",65,"<=",91,"ohms","<=",200,"P",15.4845,***,"",
6,"EFUSE_RESISTANCE_MEASUREMENT","","BANKA_EFUSE_RESISTANCE_BIT8",480400,"",1,1,"ISEN_PS1600",6,"441","","",65,"<=",91,"ohms","<=",200,"P",15.4845,***,"",
6,"EFUSE_RESISTANCE_MEASUREMENT","","BANKA_EFUSE_RESISTANCE_BIT7",480410,"",1,1,"ISEN_PS1600",6,"441","","",65,"<=",91,"ohms","<=",200,"P",15.4845,***,"",
6,"EFUSE_RESISTANCE_MEASUREMENT","","BANKA_EFUSE_RESISTANCE_BIT6",480420,"",1,1,"ISEN_PS1600",6,"441","","",65,"<=",79.6,"ohms","<=",200,"P",15.4845,***,"",
6,"EFUSE_RESISTANCE_MEASUREMENT","","BANKA_EFUSE_RESISTANCE_BIT5",480430,"",1,1,"ISEN_PS1600",6,"441","","",65,"<=",91,"ohms","<=",200,"P",15.4845,***,"",
6,"EFUSE_RESISTANCE_MEASUREMENT","","BANKA_EFUSE_RESISTANCE_BIT4",480440,"",1,1,"ISEN_PS1600",6,"441","","",65,"<=",102.4,"ohms","<=",200,"P",15.4845,***,"",
6,"EFUSE_RESISTANCE_MEASUREMENT","","BANKA_EFUSE_RESISTANCE_BIT3",480450,"",1,1,"ISEN_PS1600",6,"441","","",65,"<=",91,"ohms","<=",200,"P",15.4845,***,"",
6,"EFUSE_RESISTANCE_MEASUREMENT","","BANKA_EFUSE_RESISTANCE_BIT2",480460,"",1,1,"ISEN_PS1600",6,"441","","",65,"<=",79.6,"ohms","<=",200,"P",15.4845,***,"",
6,"EFUSE_RESISTANCE_MEASUREMENT","","BANKA_EFUSE_RESISTANCE_BIT1",480470,"",1,1,"ISEN_PS1600",6,"441","","",65,"<=",91,"ohms","<=",200,"P",15.4845,***,"",
6,"EFUSE_RESISTANCE_MEASUREMENT","","BANKA_EFUSE_RESISTANCE_BIT0",480480,"",1,1,"ISEN_PS1600",6,"441","","",65,"<=",79.6,"ohms","<=",200,"P",15.4845,***,"",
6,"EFUSE_RESISTANCE_MEASUREMENT","","BANKB_EFUSE_RESISTANCE_BIT47",480490,"",1,1,"ISEN_PS1600",6,"441","","",65,"<=",91,"ohms","<=",200,"P",15.4845,***,"",
6,"EFUSE_RESISTANCE_MEASUREMENT","","BANKB_EFUSE_RESISTANCE_BIT46",480500,"",1,1,"ISEN_PS1600",6,"441","","",65,"<=",79.6,"ohms","<=",200,"P",15.4845,***,"",
6,"EFUSE_RESISTANCE_MEASUREMENT","","BANKB_EFUSE_RESISTANCE_BIT45",480510,"",1,1,"ISEN_PS1600",6,"441","","",65,"<=",79.6,"ohms","<=",200,"P",15.4845,***,"",
6,"EFUSE_RESISTANCE_MEASUREMENT","","BANKB_EFUSE_RESISTANCE_BIT44",480520,"",1,1,"ISEN_PS1600",6,"441","","",65,"<=",91,"ohms","<=",200,"P",15.4845,***,"",
6,"EFUSE_RESISTANCE_MEASUREMENT","","BANKB_EFUSE_RESISTANCE_BIT43",480530,"",1,1,"ISEN_PS1600",6,"441","","",65,"<=",91,"ohms","<=",200,"P",15.4845,***,"",
6,"EFUSE_RESISTANCE_MEASUREMENT","","BANKB_EFUSE_RESISTANCE_BIT42",480540,"",1,1,"ISEN_PS1600",6,"441","","",65,"<=",91,"ohms","<=",200,"P",15.4845,***,"",
6,"EFUSE_RESISTANCE_MEASUREMENT","","BANKB_EFUSE_RESISTANCE_BIT41",480550,"",1,1,"ISEN_PS1600",6,"441","","",65,"<=",91,"ohms","<=",200,"P",15.4845,***,"",
6,"EFUSE_RESISTANCE_MEASUREMENT","","BANKB_EFUSE_RESISTANCE_BIT40",480560,"",1,1,"ISEN_PS1600",6,"441","","",65,"<=",91,"ohms","<=",200,"P",15.4845,***,"",
6,"EFUSE_RESISTANCE_MEASUREMENT","","BANKB_EFUSE_RESISTANCE_BIT39",480570,"",1,1,"ISEN_PS1600",6,"441","","",65,"<=",91,"ohms","<=",200,"P",15.4845,***,"",
6,"EFUSE_RESISTANCE_MEASUREMENT","","BANKB_EFUSE_RESISTANCE_BIT38",480580,"",1,1,"ISEN_PS1600",6,"441","","",65,"<=",79.6,"ohms","<=",200,"P",15.4845,***,"",
6,"EFUSE_RESISTANCE_MEASUREMENT","","BANKB_EFUSE_RESISTANCE_BIT37",480590,"",1,1,"ISEN_PS1600",6,"441","","",65,"<=",79.6,"ohms","<=",200,"P",15.4845,***,"",
6,"EFUSE_RESISTANCE_MEASUREMENT","","BANKB_EFUSE_RESISTANCE_BIT36",480600,"",1,1,"ISEN_PS1600",6,"441","","",65,"<=",91,"ohms","<=",200,"P",15.4845,***,"",
6,"EFUSE_RESISTANCE_MEASUREMENT","","BANKB_EFUSE_RESISTANCE_BIT35",480610,"",1,1,"ISEN_PS1600",6,"441","","",65,"<=",91,"ohms","<=",200,"P",15.4845,***,"",
6,"EFUSE_RESISTANCE_MEASUREMENT","","BANKB_EFUSE_RESISTANCE_BIT34",480620,"",1,1,"ISEN_PS1600",6,"441","","",65,"<=",79.6,"ohms","<=",200,"P",15.4845,***,"",
6,"EFUSE_RESISTANCE_MEASUREMENT","","BANKB_EFUSE_RESISTANCE_BIT33",480630,"",1,1,"ISEN_PS1600",6,"441","","",65,"<=",79.6,"ohms","<=",200,"P",15.4845,***,"",
6,"EFUSE_RESISTANCE_MEASUREMENT","","BANKB_EFUSE_RESISTANCE_BIT32",480640,"",1,1,"ISEN_PS1600",6,"441","","",65,"<=",79.6,"ohms","<=",200,"P",15.4845,***,"",
6,"EFUSE_RESISTANCE_MEASUREMENT","","BANKB_EFUSE_RESISTANCE_BIT31",480650,"",1,1,"ISEN_PS1600",6,"441","","",65,"<=",79.6,"ohms","<=",200,"P",15.4845,***,"",
6,"EFUSE_RESISTANCE_MEASUREMENT","","BANKB_EFUSE_RESISTANCE_BIT30",480660,"",1,1,"ISEN_PS1600",6,"441","","",65,"<=",91,"ohms","<=",200,"P",15.4845,***,"",
6,"EFUSE_RESISTANCE_MEASUREMENT","","BANKB_EFUSE_RESISTANCE_BIT29",480670,"",1,1,"ISEN_PS1600",6,"441","","",65,"<=",91,"ohms","<=",200,"P",15.4845,***,"",
6,"EFUSE_RESISTANCE_MEASUREMENT","","BANKB_EFUSE_RESISTANCE_BIT28",480680,"",1,1,"ISEN_PS1600",6,"441","","",65,"<=",79.6,"ohms","<=",200,"P",15.4845,***,"",
6,"EFUSE_RESISTANCE_MEASUREMENT","","BANKB_EFUSE_RESISTANCE_BIT27",480690,"",1,1,"ISEN_PS1600",6,"441","","",65,"<=",79.6,"ohms","<=",200,"P",15.4845,***,"",
6,"EFUSE_RESISTANCE_MEASUREMENT","","BANKB_EFUSE_RESISTANCE_BIT26",480700,"",1,1,"ISEN_PS1600",6,"441","","",65,"<=",91,"ohms","<=",200,"P",15.4845,***,"",
6,"EFUSE_RESISTANCE_MEASUREMENT","","BANKB_EFUSE_RESISTANCE_BIT25",480710,"",1,1,"ISEN_PS1600",6,"441","","",65,"<=",91,"ohms","<=",200,"P",15.4845,***,"",
6,"EFUSE_RESISTANCE_MEASUREMENT","","BANKB_EFUSE_RESISTANCE_BIT24",480720,"",1,1,"ISEN_PS1600",6,"441","","",65,"<=",79.6,"ohms","<=",200,"P",15.4845,***,"",
6,"EFUSE_RESISTANCE_MEASUREMENT","","BANKB_EFUSE_RESISTANCE_BIT23",480730,"",1,1,"ISEN_PS1600",6,"441","","",65,"<=",79.6,"ohms","<=",200,"P",15.4845,***,"",
6,"EFUSE_RESISTANCE_MEASUREMENT","","BANKB_EFUSE_RESISTANCE_BIT22",480740,"",1,1,"ISEN_PS1600",6,"441","","",65,"<=",79.6,"ohms","<=",200,"P",15.4845,***,"",
6,"EFUSE_RESISTANCE_MEASUREMENT","","BANKB_EFUSE_RESISTANCE_BIT21",480750,"",1,1,"ISEN_PS1600",6,"441","","",65,"<=",91,"ohms","<=",200,"P",15.4845,***,"",
6,"EFUSE_RESISTANCE_MEASUREMENT","","BANKB_EFUSE_RESISTANCE_BIT20",480760,"",1,1,"ISEN_PS1600",6,"441","","",65,"<=",91,"ohms","<=",200,"P",15.4845,***,"",
6,"EFUSE_RESISTANCE_MEASUREMENT","","BANKB_EFUSE_RESISTANCE_BIT19",480770,"",1,1,"ISEN_PS1600",6,"441","","",65,"<=",79.6,"ohms","<=",200,"P",15.4845,***,"",
6,"EFUSE_RESISTANCE_MEASUREMENT","","BANKB_EFUSE_RESISTANCE_BIT18",480780,"",1,1,"ISEN_PS1600",6,"441","","",65,"<=",79.6,"ohms","<=",200,"P",15.4845,***,"",
6,"EFUSE_RESISTANCE_MEASUREMENT","","BANKB_EFUSE_RESISTANCE_BIT17",480790,"",1,1,"ISEN_PS1600",6,"441","","",65,"<=",79.6,"ohms","<=",200,"P",15.4845,***,"",
6,"EFUSE_RESISTANCE_MEASUREMENT","","BANKB_EFUSE_RESISTANCE_BIT16",480800,"",1,1,"ISEN_PS1600",6,"441","","",65,"<=",79.6,"ohms","<=",200,"P",15.4845,***,"",
6,"EFUSE_RESISTANCE_MEASUREMENT","","BANKB_EFUSE_RESISTANCE_BIT15",480810,"",1,1,"ISEN_PS1600",6,"441","","",65,"<=",91,"ohms","<=",200,"P",15.4845,***,"",
6,"EFUSE_RESISTANCE_MEASUREMENT","","BANKB_EFUSE_RESISTANCE_BIT14",480820,"",1,1,"ISEN_PS1600",6,"441","","",65,"<=",79.6,"ohms","<=",200,"P",15.4845,***,"",
6,"EFUSE_RESISTANCE_MEASUREMENT","","BANKB_EFUSE_RESISTANCE_BIT13",480830,"",1,1,"ISEN_PS1600",6,"441","","",65,"<=",79.6,"ohms","<=",200,"P",15.4845,***,"",
6,"EFUSE_RESISTANCE_MEASUREMENT","","BANKB_EFUSE_RESISTANCE_BIT12",480840,"",1,1,"ISEN_PS1600",6,"441","","",65,"<=",79.6,"ohms","<=",200,"P",15.4845,***,"",
6,"EFUSE_RESISTANCE_MEASUREMENT","","BANKB_EFUSE_RESISTANCE_BIT11",480850,"",1,1,"ISEN_PS1600",6,"441","","",65,"<=",91,"ohms","<=",200,"P",15.4845,***,"",
6,"EFUSE_RESISTANCE_MEASUREMENT","","BANKB_EFUSE_RESISTANCE_BIT10",480860,"",1,1,"ISEN_PS1600",6,"441","","",65,"<=",79.6,"ohms","<=",200,"P",15.4845,***,"",
6,"EFUSE_RESISTANCE_MEASUREMENT","","BANKB_EFUSE_RESISTANCE_BIT9",480870,"",1,1,"ISEN_PS1600",6,"441","","",65,"<=",91,"ohms","<=",200,"P",15.4845,***,"",
6,"EFUSE_RESISTANCE_MEASUREMENT","","BANKB_EFUSE_RESISTANCE_BIT8",480880,"",1,1,"ISEN_PS1600",6,"441","","",65,"<=",79.6,"ohms","<=",200,"P",15.4845,***,"",
6,"EFUSE_RESISTANCE_MEASUREMENT","","BANKB_EFUSE_RESISTANCE_BIT7",480890,"",1,1,"ISEN_PS1600",6,"441","","",65,"<=",79.6,"ohms","<=",200,"P",15.4845,***,"",
6,"EFUSE_RESISTANCE_MEASUREMENT","","BANKB_EFUSE_RESISTANCE_BIT6",480900,"",1,1,"ISEN_PS1600",6,"441","","",65,"<=",91,"ohms","<=",200,"P",15.4845,***,"",
6,"EFUSE_RESISTANCE_MEASUREMENT","","BANKB_EFUSE_RESISTANCE_BIT5",480910,"",1,1,"ISEN_PS1600",6,"441","","",65,"<=",91,"ohms","<=",200,"P",15.4845,***,"",
6,"EFUSE_RESISTANCE_MEASUREMENT","","BANKB_EFUSE_RESISTANCE_BIT4",480920,"",1,1,"ISEN_PS1600",6,"441","","",65,"<=",91,"ohms","<=",200,"P",15.4845,***,"",
6,"EFUSE_RESISTANCE_MEASUREMENT","","BANKB_EFUSE_RESISTANCE_BIT3",480930,"",1,1,"ISEN_PS1600",6,"441","","",65,"<=",91,"ohms","<=",200,"P",15.4845,***,"",
6,"EFUSE_RESISTANCE_MEASUREMENT","","BANKB_EFUSE_RESISTANCE_BIT2",480940,"",1,1,"ISEN_PS1600",6,"441","","",65,"<=",79.6,"ohms","<=",200,"P",15.4845,***,"",
6,"EFUSE_RESISTANCE_MEASUREMENT","","BANKB_EFUSE_RESISTANCE_BIT1",480950,"",1,1,"ISEN_PS1600",6,"441","","",65,"<=",79.6,"ohms","<=",200,"P",15.4845,***,"",
6,"EFUSE_RESISTANCE_MEASUREMENT","","BANKB_EFUSE_RESISTANCE_BIT0",480960,"",1,1,"ISEN_PS1600",6,"441","","",65,"<=",91,"ohms","<=",200,"P",15.4845,***,"",
6,"PRE_BURN_PASS_FET_LEAKAGE","","PRE_Forward_Leakage_FET",470010,"",1,1,"ISEN_PS1600",6,"441","","",-20,"<=",0,"nA","<=",20,"P",0.145231,***,"",
6,"PRE_BURN_PASS_FET_LEAKAGE","","PRE_Reverse_Leakage_FET",470020,"",1,1,"ISEN_PS1600",6,"441","","",-20,"<=",-1,"nA","<=",20,"P",0.145231,***,"",
6,"EFUSE_BURN","","EFUSE_BURN_DONE",850010,"",1,1,"@",6,"441","","",1,"<=",1,"","<=",1,"P",15.7901,***,"",
6,"eFUSE_burn_readmargin","","BANKA_READMARGIN_UNBLOWN_BIT_0",430010,"",1,1,"OFF_PS1600",6,"441","","",0,"<=",0,"","<=",0,"P",23.7395,***,"",
6,"eFUSE_burn_readmargin","","BANKA_UNBURN_BIT_0",430490,"",1,1,"OFF_PS1600",6,"441","","",0,"<=",0,"","<=",0,"P",23.7395,***,"",
6,"eFUSE_burn_readmargin","","BANKA_BIT_UNBLOWN_TRUE_0",430970,"",1,1,"OFF_PS1600",6,"441","","",1,"<=",1,"","<=",1,"P",23.7395,***,"",
6,"eFUSE_burn_readmargin","","BANKA_READMARGIN_UNBLOWN_BIT_1",430020,"",1,1,"OFF_PS1600",6,"441","","",0,"<=",0,"","<=",0,"P",23.7395,***,"",
6,"eFUSE_burn_readmargin","","BANKA_UNBURN_BIT_1",430500,"",1,1,"OFF_PS1600",6,"441","","",0,"<=",0,"","<=",0,"P",23.7395,***,"",
6,"eFUSE_burn_readmargin","","BANKA_BIT_UNBLOWN_TRUE_1",430980,"",1,1,"OFF_PS1600",6,"441","","",1,"<=",1,"","<=",1,"P",23.7395,***,"",
6,"eFUSE_burn_readmargin","","BANKA_READMARGIN_UNBLOWN_BIT_2",430030,"",1,1,"OFF_PS1600",6,"441","","",0,"<=",0,"","<=",0,"P",23.7395,***,"",
6,"eFUSE_burn_readmargin","","BANKA_UNBURN_BIT_2",430510,"",1,1,"OFF_PS1600",6,"441","","",0,"<=",0,"","<=",0,"P",23.7395,***,"",
6,"eFUSE_burn_readmargin","","BANKA_BIT_UNBLOWN_TRUE_2",430990,"",1,1,"OFF_PS1600",6,"441","","",1,"<=",1,"","<=",1,"P",23.7395,***,"",
6,"eFUSE_burn_readmargin","","BANKA_READMARGIN_UNBLOWN_BIT_3",430040,"",1,1,"OFF_PS1600",6,"441","","",0,"<=",0,"","<=",0,"P",23.7395,***,"",
6,"eFUSE_burn_readmargin","","BANKA_UNBURN_BIT_3",430520,"",1,1,"OFF_PS1600",6,"441","","",0,"<=",0,"","<=",0,"P",23.7395,***,"",
6,"eFUSE_burn_readmargin","","BANKA_BIT_UNBLOWN_TRUE_3",431000,"",1,1,"OFF_PS1600",6,"441","","",1,"<=",1,"","<=",1,"P",23.7395,***,"",
6,"eFUSE_burn_readmargin","","BANKA_READMARGIN_UNBLOWN_BIT_4",430050,"",1,1,"OFF_PS1600",6,"441","","",0,"<=",0,"","<=",0,"P",23.7395,***,"",
6,"eFUSE_burn_readmargin","","BANKA_UNBURN_BIT_4",430530,"",1,1,"OFF_PS1600",6,"441","","",0,"<=",0,"","<=",0,"P",23.7395,***,"",
6,"eFUSE_burn_readmargin","","BANKA_BIT_UNBLOWN_TRUE_4",431010,"",1,1,"OFF_PS1600",6,"441","","",1,"<=",1,"","<=",1,"P",23.7395,***,"",
6,"eFUSE_burn_readmargin","","BANKA_READMARGIN_BLOWN_BIT_5",530060,"",1,1,"OFF_PS1600",6,"441","","",1,"<=",1,"","<=",1,"P",23.7395,***,"",
6,"eFUSE_burn_readmargin","","BANKA_BURN_BIT_5",530540,"",1,1,"OFF_PS1600",6,"441","","",1,"<=",1,"","<=",1,"P",23.7395,***,"",
6,"eFUSE_burn_readmargin","","BANKA_BIT_BLOWN_TRUE_5",531020,"",1,1,"OFF_PS1600",6,"441","","",1,"<=",1,"","<=",1,"P",23.7395,***,"",
6,"eFUSE_burn_readmargin","","BANKA_READMARGIN_UNBLOWN_BIT_6",430070,"",1,1,"OFF_PS1600",6,"441","","",0,"<=",0,"","<=",0,"P",23.7395,***,"",
6,"eFUSE_burn_readmargin","","BANKA_UNBURN_BIT_6",430550,"",1,1,"OFF_PS1600",6,"441","","",0,"<=",0,"","<=",0,"P",23.7395,***,"",
6,"eFUSE_burn_readmargin","","BANKA_BIT_UNBLOWN_TRUE_6",431030,"",1,1,"OFF_PS1600",6,"441","","",1,"<=",1,"","<=",1,"P",23.7395,***,"",
6,"eFUSE_burn_readmargin","","BANKA_READMARGIN_UNBLOWN_BIT_7",430080,"",1,1,"OFF_PS1600",6,"441","","",0,"<=",0,"","<=",0,"P",1.71252,***,"",
6,"eFUSE_burn_readmargin","","BANKA_UNBURN_BIT_7",430560,"",1,1,"OFF_PS1600",6,"441","","",0,"<=",0,"","<=",0,"P",1.71252,***,"",
6,"eFUSE_burn_readmargin","","BANKA_BIT_UNBLOWN_TRUE_7",431040,"",1,1,"OFF_PS1600",6,"441","","",1,"<=",1,"","<=",1,"P",1.71252,***,"",
6,"eFUSE_burn_readmargin","","BANKA_READMARGIN_UNBLOWN_BIT_8",430090,"",1,1,"OFF_PS1600",6,"441","","",0,"<=",0,"","<=",0,"P",1.76467,***,"",
6,"eFUSE_burn_readmargin","","BANKA_UNBURN_BIT_8",430570,"",1,1,"OFF_PS1600",6,"441","","",0,"<=",0,"","<=",0,"P",1.76467,***,"",
6,"eFUSE_burn_readmargin","","BANKA_BIT_UNBLOWN_TRUE_8",431050,"",1,1,"OFF_PS1600",6,"441","","",1,"<=",1,"","<=",1,"P",1.76467,***,"",
6,"eFUSE_burn_readmargin","","BANKA_READMARGIN_UNBLOWN_BIT_9",430100,"",1,1,"OFF_PS1600",6,"441","","",0,"<=",0,"","<=",0,"P",1.76467,***,"",
6,"eFUSE_burn_readmargin","","BANKA_UNBURN_BIT_9",430580,"",1,1,"OFF_PS1600",6,"441","","",0,"<=",0,"","<=",0,"P",1.76467,***,"",
6,"eFUSE_burn_readmargin","","BANKA_BIT_UNBLOWN_TRUE_9",431060,"",1,1,"OFF_PS1600",6,"441","","",1,"<=",1,"","<=",1,"P",1.76467,***,"",
6,"eFUSE_burn_readmargin","","BANKA_READMARGIN_BLOWN_BIT_10",530110,"",1,1,"OFF_PS1600",6,"441","","",1,"<=",1,"","<=",1,"P",1.76467,***,"",
6,"eFUSE_burn_readmargin","","BANKA_BURN_BIT_10",530590,"",1,1,"OFF_PS1600",6,"441","","",1,"<=",1,"","<=",1,"P",1.76467,***,"",
6,"eFUSE_burn_readmargin","","BANKA_BIT_BLOWN_TRUE_10",531070,"",1,1,"OFF_PS1600",6,"441","","",1,"<=",1,"","<=",1,"P",1.76467,***,"",
6,"eFUSE_burn_readmargin","","BANKA_READMARGIN_UNBLOWN_BIT_11",430120,"",1,1,"OFF_PS1600",6,"441","","",0,"<=",0,"","<=",0,"P",34.7523,***,"",
6,"eFUSE_burn_readmargin","","BANKA_UNBURN_BIT_11",430600,"",1,1,"OFF_PS1600",6,"441","","",0,"<=",0,"","<=",0,"P",34.7523,***,"",
6,"eFUSE_burn_readmargin","","BANKA_BIT_UNBLOWN_TRUE_11",431080,"",1,1,"OFF_PS1600",6,"441","","",1,"<=",1,"","<=",1,"P",34.7523,***,"",
6,"eFUSE_burn_readmargin","","BANKA_READMARGIN_UNBLOWN_BIT_12",430130,"",1,1,"OFF_PS1600",6,"441","","",0,"<=",0,"","<=",0,"P",45.6797,***,"",
6,"eFUSE_burn_readmargin","","BANKA_UNBURN_BIT_12",430610,"",1,1,"OFF_PS1600",6,"441","","",0,"<=",0,"","<=",0,"P",45.6797,***,"",
6,"eFUSE_burn_readmargin","","BANKA_BIT_UNBLOWN_TRUE_12",431090,"",1,1,"OFF_PS1600",6,"441","","",1,"<=",1,"","<=",1,"P",45.6797,***,"",
6,"eFUSE_burn_readmargin","","BANKA_READMARGIN_UNBLOWN_BIT_13",430140,"",1,1,"OFF_PS1600",6,"441","","",0,"<=",0,"","<=",0,"P",23.7395,***,"",
6,"eFUSE_burn_readmargin","","BANKA_UNBURN_BIT_13",430620,"",1,1,"OFF_PS1600",6,"441","","",0,"<=",0,"","<=",0,"P",23.7395,***,"",
6,"eFUSE_burn_readmargin","","BANKA_BIT_UNBLOWN_TRUE_13",431100,"",1,1,"OFF_PS1600",6,"441","","",1,"<=",1,"","<=",1,"P",23.7395,***,"",
6,"eFUSE_burn_readmargin","","BANKA_READMARGIN_BLOWN_BIT_14",530150,"",1,1,"OFF_PS1600",6,"441","","",1,"<=",1,"","<=",1,"P",23.7395,***,"",
6,"eFUSE_burn_readmargin","","BANKA_BURN_BIT_14",530630,"",1,1,"OFF_PS1600",6,"441","","",1,"<=",1,"","<=",1,"P",23.7395,***,"",
6,"eFUSE_burn_readmargin","","BANKA_BIT_BLOWN_TRUE_14",531110,"",1,1,"OFF_PS1600",6,"441","","",1,"<=",1,"","<=",1,"P",23.7395,***,"",
6,"eFUSE_burn_readmargin","","BANKA_READMARGIN_BLOWN_BIT_15",530160,"",1,1,"OFF_PS1600",6,"441","","",1,"<=",1,"","<=",1,"P",28.1464,***,"",
6,"eFUSE_burn_readmargin","","BANKA_BURN_BIT_15",530640,"",1,1,"OFF_PS1600",6,"441","","",1,"<=",1,"","<=",1,"P",28.1464,***,"",
6,"eFUSE_burn_readmargin","","BANKA_BIT_BLOWN_TRUE_15",531120,"",1,1,"OFF_PS1600",6,"441","","",1,"<=",1,"","<=",1,"P",28.1464,***,"",
6,"eFUSE_burn_readmargin","","BANKA_READMARGIN_BLOWN_BIT_16",530170,"",1,1,"OFF_PS1600",6,"441","","",1,"<=",1,"","<=",1,"P",23.7395,***,"",
6,"eFUSE_burn_readmargin","","BANKA_BURN_BIT_16",530650,"",1,1,"OFF_PS1600",6,"441","","",1,"<=",1,"","<=",1,"P",23.7395,***,"",
6,"eFUSE_burn_readmargin","","BANKA_BIT_BLOWN_TRUE_16",531130,"",1,1,"OFF_PS1600",6,"441","","",1,"<=",1,"","<=",1,"P",23.7395,***,"",
6,"eFUSE_burn_readmargin","","BANKA_READMARGIN_BLOWN_BIT_17",530180,"",1,1,"OFF_PS1600",6,"441","","",1,"<=",1,"","<=",1,"P",23.7395,***,"",
6,"eFUSE_burn_readmargin","","BANKA_BURN_BIT_17",530660,"",1,1,"OFF_PS1600",6,"441","","",1,"<=",1,"","<=",1,"P",23.7395,***,"",
6,"eFUSE_burn_readmargin","","BANKA_BIT_BLOWN_TRUE_17",531140,"",1,1,"OFF_PS1600",6,"441","","",1,"<=",1,"","<=",1,"P",23.7395,***,"",
6,"eFUSE_burn_readmargin","","BANKA_READMARGIN_UNBLOWN_BIT_18",430190,"",1,1,"OFF_PS1600",6,"441","","",0,"<=",0,"","<=",0,"P",23.7395,***,"",
6,"eFUSE_burn_readmargin","","BANKA_UNBURN_BIT_18",430670,"",1,1,"OFF_PS1600",6,"441","","",0,"<=",0,"","<=",0,"P",23.7395,***,"",
6,"eFUSE_burn_readmargin","","BANKA_BIT_UNBLOWN_TRUE_18",431150,"",1,1,"OFF_PS1600",6,"441","","",1,"<=",1,"","<=",1,"P",23.7395,***,"",
6,"eFUSE_burn_readmargin","","BANKA_READMARGIN_UNBLOWN_BIT_19",430200,"",1,1,"OFF_PS1600",6,"441","","",0,"<=",0,"","<=",0,"P",23.7395,***,"",
6,"eFUSE_burn_readmargin","","BANKA_UNBURN_BIT_19",430680,"",1,1,"OFF_PS1600",6,"441","","",0,"<=",0,"","<=",0,"P",23.7395,***,"",
6,"eFUSE_burn_readmargin","","BANKA_BIT_UNBLOWN_TRUE_19",431160,"",1,1,"OFF_PS1600",6,"441","","",1,"<=",1,"","<=",1,"P",23.7395,***,"",
6,"eFUSE_burn_readmargin","","BANKA_READMARGIN_UNBLOWN_BIT_20",430210,"",1,1,"OFF_PS1600",6,"441","","",0,"<=",0,"","<=",0,"P",23.7395,***,"",
6,"eFUSE_burn_readmargin","","BANKA_UNBURN_BIT_20",430690,"",1,1,"OFF_PS1600",6,"441","","",0,"<=",0,"","<=",0,"P",23.7395,***,"",
6,"eFUSE_burn_readmargin","","BANKA_BIT_UNBLOWN_TRUE_20",431170,"",1,1,"OFF_PS1600",6,"441","","",1,"<=",1,"","<=",1,"P",23.7395,***,"",
6,"eFUSE_burn_readmargin","","BANKA_READMARGIN_UNBLOWN_BIT_21",430220,"",1,1,"OFF_PS1600",6,"441","","",0,"<=",0,"","<=",0,"P",23.7395,***,"",
6,"eFUSE_burn_readmargin","","BANKA_UNBURN_BIT_21",430700,"",1,1,"OFF_PS1600",6,"441","","",0,"<=",0,"","<=",0,"P",23.7395,***,"",
6,"eFUSE_burn_readmargin","","BANKA_BIT_UNBLOWN_TRUE_21",431180,"",1,1,"OFF_PS1600",6,"441","","",1,"<=",1,"","<=",1,"P",23.7395,***,"",
6,"eFUSE_burn_readmargin","","BANKA_READMARGIN_UNBLOWN_BIT_22",430230,"",1,1,"OFF_PS1600",6,"441","","",0,"<=",0,"","<=",0,"P",23.7395,***,"",
6,"eFUSE_burn_readmargin","","BANKA_UNBURN_BIT_22",430710,"",1,1,"OFF_PS1600",6,"441","","",0,"<=",0,"","<=",0,"P",23.7395,***,"",
6,"eFUSE_burn_readmargin","","BANKA_BIT_UNBLOWN_TRUE_22",431190,"",1,1,"OFF_PS1600",6,"441","","",1,"<=",1,"","<=",1,"P",23.7395,***,"",
6,"eFUSE_burn_readmargin","","BANKA_READMARGIN_UNBLOWN_BIT_23",430240,"",1,1,"OFF_PS1600",6,"441","","",0,"<=",0,"","<=",0,"P",23.7395,***,"",
6,"eFUSE_burn_readmargin","","BANKA_UNBURN_BIT_23",430720,"",1,1,"OFF_PS1600",6,"441","","",0,"<=",0,"","<=",0,"P",23.7395,***,"",
6,"eFUSE_burn_readmargin","","BANKA_BIT_UNBLOWN_TRUE_23",431200,"",1,1,"OFF_PS1600",6,"441","","",1,"<=",1,"","<=",1,"P",23.7395,***,"",
6,"eFUSE_burn_readmargin","","BANKA_READMARGIN_UNBLOWN_BIT_24",430250,"",1,1,"OFF_PS1600",6,"441","","",0,"<=",0,"","<=",0,"P",28.1462,***,"",
6,"eFUSE_burn_readmargin","","BANKA_UNBURN_BIT_24",430730,"",1,1,"OFF_PS1600",6,"441","","",0,"<=",0,"","<=",0,"P",28.1462,***,"",
6,"eFUSE_burn_readmargin","","BANKA_BIT_UNBLOWN_TRUE_24",431210,"",1,1,"OFF_PS1600",6,"441","","",1,"<=",1,"","<=",1,"P",28.1462,***,"",
6,"eFUSE_burn_readmargin","","BANKA_READMARGIN_UNBLOWN_BIT_25",430260,"",1,1,"OFF_PS1600",6,"441","","",0,"<=",0,"","<=",0,"P",23.7395,***,"",
6,"eFUSE_burn_readmargin","","BANKA_UNBURN_BIT_25",430740,"",1,1,"OFF_PS1600",6,"441","","",0,"<=",0,"","<=",0,"P",23.7395,***,"",
6,"eFUSE_burn_readmargin","","BANKA_BIT_UNBLOWN_TRUE_25",431220,"",1,1,"OFF_PS1600",6,"441","","",1,"<=",1,"","<=",1,"P",23.7395,***,"",
6,"eFUSE_burn_readmargin","","BANKA_READMARGIN_BLOWN_BIT_26",530270,"",1,1,"OFF_PS1600",6,"441","","",1,"<=",1,"","<=",1,"P",23.7395,***,"",
6,"eFUSE_burn_readmargin","","BANKA_BURN_BIT_26",530750,"",1,1,"OFF_PS1600",6,"441","","",1,"<=",1,"","<=",1,"P",23.7395,***,"",
6,"eFUSE_burn_readmargin","","BANKA_BIT_BLOWN_TRUE_26",531230,"",1,1,"OFF_PS1600",6,"441","","",1,"<=",1,"","<=",1,"P",23.7395,***,"",
6,"eFUSE_burn_readmargin","","BANKA_READMARGIN_BLOWN_BIT_27",530280,"",1,1,"OFF_PS1600",6,"441","","",1,"<=",1,"","<=",1,"P",23.7395,***,"",
6,"eFUSE_burn_readmargin","","BANKA_BURN_BIT_27",530760,"",1,1,"OFF_PS1600",6,"441","","",1,"<=",1,"","<=",1,"P",23.7395,***,"",
6,"eFUSE_burn_readmargin","","BANKA_BIT_BLOWN_TRUE_27",531240,"",1,1,"OFF_PS1600",6,"441","","",1,"<=",1,"","<=",1,"P",23.7395,***,"",
6,"eFUSE_burn_readmargin","","BANKA_READMARGIN_UNBLOWN_BIT_28",430290,"",1,1,"OFF_PS1600",6,"441","","",0,"<=",0,"","<=",0,"P",23.7395,***,"",
6,"eFUSE_burn_readmargin","","BANKA_UNBURN_BIT_28",430770,"",1,1,"OFF_PS1600",6,"441","","",0,"<=",0,"","<=",0,"P",23.7395,***,"",
6,"eFUSE_burn_readmargin","","BANKA_BIT_UNBLOWN_TRUE_28",431250,"",1,1,"OFF_PS1600",6,"441","","",1,"<=",1,"","<=",1,"P",23.7395,***,"",
6,"eFUSE_burn_readmargin","","BANKA_READMARGIN_BLOWN_BIT_29",530300,"",1,1,"OFF_PS1600",6,"441","","",1,"<=",1,"","<=",1,"P",45.6738,***,"",
6,"eFUSE_burn_readmargin","","BANKA_BURN_BIT_29",530780,"",1,1,"OFF_PS1600",6,"441","","",1,"<=",1,"","<=",1,"P",45.6738,***,"",
6,"eFUSE_burn_readmargin","","BANKA_BIT_BLOWN_TRUE_29",531260,"",1,1,"OFF_PS1600",6,"441","","",1,"<=",1,"","<=",1,"P",45.6738,***,"",
6,"eFUSE_burn_readmargin","","BANKA_READMARGIN_UNBLOWN_BIT_30",430310,"",1,1,"OFF_PS1600",6,"441","","",0,"<=",0,"","<=",0,"P",45.6797,***,"",
6,"eFUSE_burn_readmargin","","BANKA_UNBURN_BIT_30",430790,"",1,1,"OFF_PS1600",6,"441","","",0,"<=",0,"","<=",0,"P",45.6797,***,"",
6,"eFUSE_burn_readmargin","","BANKA_BIT_UNBLOWN_TRUE_30",431270,"",1,1,"OFF_PS1600",6,"441","","",1,"<=",1,"","<=",1,"P",45.6797,***,"",
6,"eFUSE_burn_readmargin","","BANKA_READMARGIN_BLOWN_BIT_31",530320,"",1,1,"OFF_PS1600",6,"441","","",1,"<=",1,"","<=",1,"P",34.6861,***,"",
6,"eFUSE_burn_readmargin","","BANKA_BURN_BIT_31",530800,"",1,1,"OFF_PS1600",6,"441","","",1,"<=",1,"","<=",1,"P",34.6861,***,"",
6,"eFUSE_burn_readmargin","","BANKA_BIT_BLOWN_TRUE_31",531280,"",1,1,"OFF_PS1600",6,"441","","",1,"<=",1,"","<=",1,"P",34.6861,***,"",
6,"eFUSE_burn_readmargin","","BANKA_READMARGIN_UNBLOWN_BIT_32",430330,"",1,1,"OFF_PS1600",6,"441","","",0,"<=",0,"","<=",0,"P",34.6861,***,"",
6,"eFUSE_burn_readmargin","","BANKA_UNBURN_BIT_32",430810,"",1,1,"OFF_PS1600",6,"441","","",0,"<=",0,"","<=",0,"P",34.6861,***,"",
6,"eFUSE_burn_readmargin","","BANKA_BIT_UNBLOWN_TRUE_32",431290,"",1,1,"OFF_PS1600",6,"441","","",1,"<=",1,"","<=",1,"P",34.6861,***,"",
6,"eFUSE_burn_readmargin","","BANKA_READMARGIN_UNBLOWN_BIT_33",430340,"",1,1,"OFF_PS1600",6,"441","","",0,"<=",0,"","<=",0,"P",34.6861,***,"",
6,"eFUSE_burn_readmargin","","BANKA_UNBURN_BIT_33",430820,"",1,1,"OFF_PS1600",6,"441","","",0,"<=",0,"","<=",0,"P",34.6861,***,"",
6,"eFUSE_burn_readmargin","","BANKA_BIT_UNBLOWN_TRUE_33",431300,"",1,1,"OFF_PS1600",6,"441","","",1,"<=",1,"","<=",1,"P",34.6861,***,"",
6,"eFUSE_burn_readmargin","","BANKA_READMARGIN_UNBLOWN_BIT_34",430350,"",1,1,"OFF_PS1600",6,"441","","",0,"<=",0,"","<=",0,"P",34.6861,***,"",
6,"eFUSE_burn_readmargin","","BANKA_UNBURN_BIT_34",430830,"",1,1,"OFF_PS1600",6,"441","","",0,"<=",0,"","<=",0,"P",34.6861,***,"",
6,"eFUSE_burn_readmargin","","BANKA_BIT_UNBLOWN_TRUE_34",431310,"",1,1,"OFF_PS1600",6,"441","","",1,"<=",1,"","<=",1,"P",34.6861,***,"",
6,"eFUSE_burn_readmargin","","BANKA_READMARGIN_UNBLOWN_BIT_35",430360,"",1,1,"OFF_PS1600",6,"441","","",0,"<=",0,"","<=",0,"P",34.6861,***,"",
6,"eFUSE_burn_readmargin","","BANKA_UNBURN_BIT_35",430840,"",1,1,"OFF_PS1600",6,"441","","",0,"<=",0,"","<=",0,"P",34.6861,***,"",
6,"eFUSE_burn_readmargin","","BANKA_BIT_UNBLOWN_TRUE_35",431320,"",1,1,"OFF_PS1600",6,"441","","",1,"<=",1,"","<=",1,"P",34.6861,***,"",
6,"eFUSE_burn_readmargin","","BANKA_READMARGIN_BLOWN_BIT_36",530370,"",1,1,"OFF_PS1600",6,"441","","",1,"<=",1,"","<=",1,"P",34.6861,***,"",
6,"eFUSE_burn_readmargin","","BANKA_BURN_BIT_36",530850,"",1,1,"OFF_PS1600",6,"441","","",1,"<=",1,"","<=",1,"P",34.6861,***,"",
6,"eFUSE_burn_readmargin","","BANKA_BIT_BLOWN_TRUE_36",531330,"",1,1,"OFF_PS1600",6,"441","","",1,"<=",1,"","<=",1,"P",34.6861,***,"",
6,"eFUSE_burn_readmargin","","BANKA_READMARGIN_BLOWN_BIT_37",530380,"",1,1,"OFF_PS1600",6,"441","","",1,"<=",1,"","<=",1,"P",23.7395,***,"",
6,"eFUSE_burn_readmargin","","BANKA_BURN_BIT_37",530860,"",1,1,"OFF_PS1600",6,"441","","",1,"<=",1,"","<=",1,"P",23.7395,***,"",
6,"eFUSE_burn_readmargin","","BANKA_BIT_BLOWN_TRUE_37",531340,"",1,1,"OFF_PS1600",6,"441","","",1,"<=",1,"","<=",1,"P",23.7395,***,"",
6,"eFUSE_burn_readmargin","","BANKA_READMARGIN_UNBLOWN_BIT_38",430390,"",1,1,"OFF_PS1600",6,"441","","",0,"<=",0,"","<=",0,"P",1.7101,***,"",
6,"eFUSE_burn_readmargin","","BANKA_UNBURN_BIT_38",430870,"",1,1,"OFF_PS1600",6,"441","","",0,"<=",0,"","<=",0,"P",1.7101,***,"",
6,"eFUSE_burn_readmargin","","BANKA_BIT_UNBLOWN_TRUE_38",431350,"",1,1,"OFF_PS1600",6,"441","","",1,"<=",1,"","<=",1,"P",1.7101,***,"",
6,"eFUSE_burn_readmargin","","BANKA_READMARGIN_UNBLOWN_BIT_39",430400,"",1,1,"OFF_PS1600",6,"441","","",0,"<=",0,"","<=",0,"P",1.77922,***,"",
6,"eFUSE_burn_readmargin","","BANKA_UNBURN_BIT_39",430880,"",1,1,"OFF_PS1600",6,"441","","",0,"<=",0,"","<=",0,"P",1.77922,***,"",
6,"eFUSE_burn_readmargin","","BANKA_BIT_UNBLOWN_TRUE_39",431360,"",1,1,"OFF_PS1600",6,"441","","",1,"<=",1,"","<=",1,"P",1.77922,***,"",
6,"eFUSE_burn_readmargin","","BANKA_READMARGIN_UNBLOWN_BIT_40",430410,"",1,1,"OFF_PS1600",6,"441","","",0,"<=",0,"","<=",0,"P",34.6861,***,"",
6,"eFUSE_burn_readmargin","","BANKA_UNBURN_BIT_40",430890,"",1,1,"OFF_PS1600",6,"441","","",0,"<=",0,"","<=",0,"P",34.6861,***,"",
6,"eFUSE_burn_readmargin","","BANKA_BIT_UNBLOWN_TRUE_40",431370,"",1,1,"OFF_PS1600",6,"441","","",1,"<=",1,"","<=",1,"P",34.6861,***,"",
6,"eFUSE_burn_readmargin","","BANKA_READMARGIN_BLOWN_BIT_41",530420,"",1,1,"OFF_PS1600",6,"441","","",1,"<=",1,"","<=",1,"P",34.6861,***,"",
6,"eFUSE_burn_readmargin","","BANKA_BURN_BIT_41",530900,"",1,1,"OFF_PS1600",6,"441","","",1,"<=",1,"","<=",1,"P",34.6861,***,"",
6,"eFUSE_burn_readmargin","","BANKA_BIT_BLOWN_TRUE_41",531380,"",1,1,"OFF_PS1600",6,"441","","",1,"<=",1,"","<=",1,"P",34.6861,***,"",
6,"eFUSE_burn_readmargin","","BANKA_READMARGIN_BLOWN_BIT_42",530430,"",1,1,"OFF_PS1600",6,"441","","",1,"<=",1,"","<=",1,"P",23.7395,***,"",
6,"eFUSE_burn_readmargin","","BANKA_BURN_BIT_42",530910,"",1,1,"OFF_PS1600",6,"441","","",1,"<=",1,"","<=",1,"P",23.7395,***,"",
6,"eFUSE_burn_readmargin","","BANKA_BIT_BLOWN_TRUE_42",531390,"",1,1,"OFF_PS1600",6,"441","","",1,"<=",1,"","<=",1,"P",23.7395,***,"",
6,"eFUSE_burn_readmargin","","BANKA_READMARGIN_BLOWN_BIT_43",530440,"",1,1,"OFF_PS1600",6,"441","","",1,"<=",1,"","<=",1,"P",28.1464,***,"",
6,"eFUSE_burn_readmargin","","BANKA_BURN_BIT_43",530920,"",1,1,"OFF_PS1600",6,"441","","",1,"<=",1,"","<=",1,"P",28.1464,***,"",
6,"eFUSE_burn_readmargin","","BANKA_BIT_BLOWN_TRUE_43",531400,"",1,1,"OFF_PS1600",6,"441","","",1,"<=",1,"","<=",1,"P",28.1464,***,"",
6,"eFUSE_burn_readmargin","","BANKA_READMARGIN_BLOWN_BIT_44",530450,"",1,1,"OFF_PS1600",6,"441","","",1,"<=",1,"","<=",1,"P",1.70428,***,"",
6,"eFUSE_burn_readmargin","","BANKA_BURN_BIT_44",530930,"",1,1,"OFF_PS1600",6,"441","","",1,"<=",1,"","<=",1,"P",1.70428,***,"",
6,"eFUSE_burn_readmargin","","BANKA_BIT_BLOWN_TRUE_44",531410,"",1,1,"OFF_PS1600",6,"441","","",1,"<=",1,"","<=",1,"P",1.70428,***,"",
6,"eFUSE_burn_readmargin","","BANKA_READMARGIN_BLOWN_BIT_45",530460,"",1,1,"OFF_PS1600",6,"441","","",1,"<=",1,"","<=",1,"P",67.658,***,"",
6,"eFUSE_burn_readmargin","","BANKA_BURN_BIT_45",530940,"",1,1,"OFF_PS1600",6,"441","","",1,"<=",1,"","<=",1,"P",67.658,***,"",
6,"eFUSE_burn_readmargin","","BANKA_BIT_BLOWN_TRUE_45",531420,"",1,1,"OFF_PS1600",6,"441","","",1,"<=",1,"","<=",1,"P",67.658,***,"",
6,"eFUSE_burn_readmargin","","BANKA_READMARGIN_UNBLOWN_BIT_46",430470,"",1,1,"OFF_PS1600",6,"441","","",0,"<=",0,"","<=",0,"P",1.70212,***,"",
6,"eFUSE_burn_readmargin","","BANKA_UNBURN_BIT_46",430950,"",1,1,"OFF_PS1600",6,"441","","",0,"<=",0,"","<=",0,"P",1.70212,***,"",
6,"eFUSE_burn_readmargin","","BANKA_BIT_UNBLOWN_TRUE_46",431430,"",1,1,"OFF_PS1600",6,"441","","",1,"<=",1,"","<=",1,"P",1.70212,***,"",
6,"eFUSE_burn_readmargin","","BANKA_READMARGIN_BLOWN_BIT_47",530480,"",1,1,"OFF_PS1600",6,"441","","",1,"<=",1,"","<=",1,"P",23.7395,***,"",
6,"eFUSE_burn_readmargin","","BANKA_BURN_BIT_47",530960,"",1,1,"OFF_PS1600",6,"441","","",1,"<=",1,"","<=",1,"P",23.7395,***,"",
6,"eFUSE_burn_readmargin","","BANKA_BIT_BLOWN_TRUE_47",531440,"",1,1,"OFF_PS1600",6,"441","","",1,"<=",1,"","<=",1,"P",23.7395,***,"",
6,"eFUSE_burn_readmargin","","BANKB_READMARGIN_UNBLOWN_BIT_0",431450,"",1,1,"OFF_PS1600",6,"441","","",0,"<=",0,"","<=",0,"P",23.7395,***,"",
6,"eFUSE_burn_readmargin","","BANKB_UNBURN_BIT_0",431930,"",1,1,"OFF_PS1600",6,"441","","",0,"<=",0,"","<=",0,"P",23.7395,***,"",
6,"eFUSE_burn_readmargin","","BANKB_BIT_UNBLOWN_TRUE_0",432410,"",1,1,"OFF_PS1600",6,"441","","",1,"<=",1,"","<=",1,"P",23.7395,***,"",
6,"eFUSE_burn_readmargin","","BANKB_READMARGIN_UNBLOWN_BIT_1",431460,"",1,1,"OFF_PS1600",6,"441","","",0,"<=",0,"","<=",0,"P",23.7395,***,"",
6,"eFUSE_burn_readmargin","","BANKB_UNBURN_BIT_1",431940,"",1,1,"OFF_PS1600",6,"441","","",0,"<=",0,"","<=",0,"P",23.7395,***,"",
6,"eFUSE_burn_readmargin","","BANKB_BIT_UNBLOWN_TRUE_1",432420,"",1,1,"OFF_PS1600",6,"441","","",1,"<=",1,"","<=",1,"P",23.7395,***,"",
6,"eFUSE_burn_readmargin","","BANKB_READMARGIN_UNBLOWN_BIT_2",431470,"",1,1,"OFF_PS1600",6,"441","","",0,"<=",0,"","<=",0,"P",23.7395,***,"",
6,"eFUSE_burn_readmargin","","BANKB_UNBURN_BIT_2",431950,"",1,1,"OFF_PS1600",6,"441","","",0,"<=",0,"","<=",0,"P",23.7395,***,"",
6,"eFUSE_burn_readmargin","","BANKB_BIT_UNBLOWN_TRUE_2",432430,"",1,1,"OFF_PS1600",6,"441","","",1,"<=",1,"","<=",1,"P",23.7395,***,"",
6,"eFUSE_burn_readmargin","","BANKB_READMARGIN_UNBLOWN_BIT_3",431480,"",1,1,"OFF_PS1600",6,"441","","",0,"<=",0,"","<=",0,"P",23.7395,***,"",
6,"eFUSE_burn_readmargin","","BANKB_UNBURN_BIT_3",431960,"",1,1,"OFF_PS1600",6,"441","","",0,"<=",0,"","<=",0,"P",23.7395,***,"",
6,"eFUSE_burn_readmargin","","BANKB_BIT_UNBLOWN_TRUE_3",432440,"",1,1,"OFF_PS1600",6,"441","","",1,"<=",1,"","<=",1,"P",23.7395,***,"",
6,"eFUSE_burn_readmargin","","BANKB_READMARGIN_UNBLOWN_BIT_4",431490,"",1,1,"OFF_PS1600",6,"441","","",0,"<=",0,"","<=",0,"P",23.7395,***,"",
6,"eFUSE_burn_readmargin","","BANKB_UNBURN_BIT_4",431970,"",1,1,"OFF_PS1600",6,"441","","",0,"<=",0,"","<=",0,"P",23.7395,***,"",
6,"eFUSE_burn_readmargin","","BANKB_BIT_UNBLOWN_TRUE_4",432450,"",1,1,"OFF_PS1600",6,"441","","",1,"<=",1,"","<=",1,"P",23.7395,***,"",
6,"eFUSE_burn_readmargin","","BANKB_READMARGIN_BLOWN_BIT_5",531500,"",1,1,"OFF_PS1600",6,"441","","",1,"<=",1,"","<=",1,"P",23.7395,***,"",
6,"eFUSE_burn_readmargin","","BANKB_BURN_BIT_5",531980,"",1,1,"OFF_PS1600",6,"441","","",1,"<=",1,"","<=",1,"P",23.7395,***,"",
6,"eFUSE_burn_readmargin","","BANKB_BIT_BLOWN_TRUE_5",532460,"",1,1,"OFF_PS1600",6,"441","","",1,"<=",1,"","<=",1,"P",23.7395,***,"",
6,"eFUSE_burn_readmargin","","BANKB_READMARGIN_UNBLOWN_BIT_6",431510,"",1,1,"OFF_PS1600",6,"441","","",0,"<=",0,"","<=",0,"P",23.7395,***,"",
6,"eFUSE_burn_readmargin","","BANKB_UNBURN_BIT_6",431990,"",1,1,"OFF_PS1600",6,"441","","",0,"<=",0,"","<=",0,"P",23.7395,***,"",
6,"eFUSE_burn_readmargin","","BANKB_BIT_UNBLOWN_TRUE_6",432470,"",1,1,"OFF_PS1600",6,"441","","",1,"<=",1,"","<=",1,"P",23.7395,***,"",
6,"eFUSE_burn_readmargin","","BANKB_READMARGIN_UNBLOWN_BIT_7",431520,"",1,1,"OFF_PS1600",6,"441","","",0,"<=",0,"","<=",0,"P",1.71252,***,"",
6,"eFUSE_burn_readmargin","","BANKB_UNBURN_BIT_7",432000,"",1,1,"OFF_PS1600",6,"441","","",0,"<=",0,"","<=",0,"P",1.71252,***,"",
6,"eFUSE_burn_readmargin","","BANKB_BIT_UNBLOWN_TRUE_7",432480,"",1,1,"OFF_PS1600",6,"441","","",1,"<=",1,"","<=",1,"P",1.71252,***,"",
6,"eFUSE_burn_readmargin","","BANKB_READMARGIN_UNBLOWN_BIT_8",431530,"",1,1,"OFF_PS1600",6,"441","","",0,"<=",0,"","<=",0,"P",1.76467,***,"",
6,"eFUSE_burn_readmargin","","BANKB_UNBURN_BIT_8",432010,"",1,1,"OFF_PS1600",6,"441","","",0,"<=",0,"","<=",0,"P",1.76467,***,"",
6,"eFUSE_burn_readmargin","","BANKB_BIT_UNBLOWN_TRUE_8",432490,"",1,1,"OFF_PS1600",6,"441","","",1,"<=",1,"","<=",1,"P",1.76467,***,"",
6,"eFUSE_burn_readmargin","","BANKB_READMARGIN_UNBLOWN_BIT_9",431540,"",1,1,"OFF_PS1600",6,"441","","",0,"<=",0,"","<=",0,"P",1.76467,***,"",
6,"eFUSE_burn_readmargin","","BANKB_UNBURN_BIT_9",432020,"",1,1,"OFF_PS1600",6,"441","","",0,"<=",0,"","<=",0,"P",1.76467,***,"",
6,"eFUSE_burn_readmargin","","BANKB_BIT_UNBLOWN_TRUE_9",432500,"",1,1,"OFF_PS1600",6,"441","","",1,"<=",1,"","<=",1,"P",1.76467,***,"",
6,"eFUSE_burn_readmargin","","BANKB_READMARGIN_BLOWN_BIT_10",531550,"",1,1,"OFF_PS1600",6,"441","","",1,"<=",1,"","<=",1,"P",1.76467,***,"",
6,"eFUSE_burn_readmargin","","BANKB_BURN_BIT_10",532030,"",1,1,"OFF_PS1600",6,"441","","",1,"<=",1,"","<=",1,"P",1.76467,***,"",
6,"eFUSE_burn_readmargin","","BANKB_BIT_BLOWN_TRUE_10",532510,"",1,1,"OFF_PS1600",6,"441","","",1,"<=",1,"","<=",1,"P",1.76467,***,"",
6,"eFUSE_burn_readmargin","","BANKB_READMARGIN_UNBLOWN_BIT_11",431560,"",1,1,"OFF_PS1600",6,"441","","",0,"<=",0,"","<=",0,"P",34.7523,***,"",
6,"eFUSE_burn_readmargin","","BANKB_UNBURN_BIT_11",432040,"",1,1,"OFF_PS1600",6,"441","","",0,"<=",0,"","<=",0,"P",34.7523,***,"",
6,"eFUSE_burn_readmargin","","BANKB_BIT_UNBLOWN_TRUE_11",432520,"",1,1,"OFF_PS1600",6,"441","","",1,"<=",1,"","<=",1,"P",34.7523,***,"",
6,"eFUSE_burn_readmargin","","BANKB_READMARGIN_UNBLOWN_BIT_12",431570,"",1,1,"OFF_PS1600",6,"441","","",0,"<=",0,"","<=",0,"P",45.6797,***,"",
6,"eFUSE_burn_readmargin","","BANKB_UNBURN_BIT_12",432050,"",1,1,"OFF_PS1600",6,"441","","",0,"<=",0,"","<=",0,"P",45.6797,***,"",
6,"eFUSE_burn_readmargin","","BANKB_BIT_UNBLOWN_TRUE_12",432530,"",1,1,"OFF_PS1600",6,"441","","",1,"<=",1,"","<=",1,"P",45.6797,***,"",
6,"eFUSE_burn_readmargin","","BANKB_READMARGIN_UNBLOWN_BIT_13",431580,"",1,1,"OFF_PS1600",6,"441","","",0,"<=",0,"","<=",0,"P",23.7395,***,"",
6,"eFUSE_burn_readmargin","","BANKB_UNBURN_BIT_13",432060,"",1,1,"OFF_PS1600",6,"441","","",0,"<=",0,"","<=",0,"P",23.7395,***,"",
6,"eFUSE_burn_readmargin","","BANKB_BIT_UNBLOWN_TRUE_13",432540,"",1,1,"OFF_PS1600",6,"441","","",1,"<=",1,"","<=",1,"P",23.7395,***,"",
6,"eFUSE_burn_readmargin","","BANKB_READMARGIN_BLOWN_BIT_14",531590,"",1,1,"OFF_PS1600",6,"441","","",1,"<=",1,"","<=",1,"P",23.7395,***,"",
6,"eFUSE_burn_readmargin","","BANKB_BURN_BIT_14",532070,"",1,1,"OFF_PS1600",6,"441","","",1,"<=",1,"","<=",1,"P",23.7395,***,"",
6,"eFUSE_burn_readmargin","","BANKB_BIT_BLOWN_TRUE_14",532550,"",1,1,"OFF_PS1600",6,"441","","",1,"<=",1,"","<=",1,"P",23.7395,***,"",
6,"eFUSE_burn_readmargin","","BANKB_READMARGIN_BLOWN_BIT_15",531600,"",1,1,"OFF_PS1600",6,"441","","",1,"<=",1,"","<=",1,"P",28.1464,***,"",
6,"eFUSE_burn_readmargin","","BANKB_BURN_BIT_15",532080,"",1,1,"OFF_PS1600",6,"441","","",1,"<=",1,"","<=",1,"P",28.1464,***,"",
6,"eFUSE_burn_readmargin","","BANKB_BIT_BLOWN_TRUE_15",532560,"",1,1,"OFF_PS1600",6,"441","","",1,"<=",1,"","<=",1,"P",28.1464,***,"",
6,"eFUSE_burn_readmargin","","BANKB_READMARGIN_BLOWN_BIT_16",531610,"",1,1,"OFF_PS1600",6,"441","","",1,"<=",1,"","<=",1,"P",23.7395,***,"",
6,"eFUSE_burn_readmargin","","BANKB_BURN_BIT_16",532090,"",1,1,"OFF_PS1600",6,"441","","",1,"<=",1,"","<=",1,"P",23.7395,***,"",
6,"eFUSE_burn_readmargin","","BANKB_BIT_BLOWN_TRUE_16",532570,"",1,1,"OFF_PS1600",6,"441","","",1,"<=",1,"","<=",1,"P",23.7395,***,"",
6,"eFUSE_burn_readmargin","","BANKB_READMARGIN_BLOWN_BIT_17",531620,"",1,1,"OFF_PS1600",6,"441","","",1,"<=",1,"","<=",1,"P",23.7395,***,"",
6,"eFUSE_burn_readmargin","","BANKB_BURN_BIT_17",532100,"",1,1,"OFF_PS1600",6,"441","","",1,"<=",1,"","<=",1,"P",23.7395,***,"",
6,"eFUSE_burn_readmargin","","BANKB_BIT_BLOWN_TRUE_17",532580,"",1,1,"OFF_PS1600",6,"441","","",1,"<=",1,"","<=",1,"P",23.7395,***,"",
6,"eFUSE_burn_readmargin","","BANKB_READMARGIN_UNBLOWN_BIT_18",431630,"",1,1,"OFF_PS1600",6,"441","","",0,"<=",0,"","<=",0,"P",23.7395,***,"",
6,"eFUSE_burn_readmargin","","BANKB_UNBURN_BIT_18",432110,"",1,1,"OFF_PS1600",6,"441","","",0,"<=",0,"","<=",0,"P",23.7395,***,"",
6,"eFUSE_burn_readmargin","","BANKB_BIT_UNBLOWN_TRUE_18",432590,"",1,1,"OFF_PS1600",6,"441","","",1,"<=",1,"","<=",1,"P",23.7395,***,"",
6,"eFUSE_burn_readmargin","","BANKB_READMARGIN_UNBLOWN_BIT_19",431640,"",1,1,"OFF_PS1600",6,"441","","",0,"<=",0,"","<=",0,"P",23.7395,***,"",
6,"eFUSE_burn_readmargin","","BANKB_UNBURN_BIT_19",432120,"",1,1,"OFF_PS1600",6,"441","","",0,"<=",0,"","<=",0,"P",23.7395,***,"",
6,"eFUSE_burn_readmargin","","BANKB_BIT_UNBLOWN_TRUE_19",432600,"",1,1,"OFF_PS1600",6,"441","","",1,"<=",1,"","<=",1,"P",23.7395,***,"",
6,"eFUSE_burn_readmargin","","BANKB_READMARGIN_UNBLOWN_BIT_20",431650,"",1,1,"OFF_PS1600",6,"441","","",0,"<=",0,"","<=",0,"P",23.7395,***,"",
6,"eFUSE_burn_readmargin","","BANKB_UNBURN_BIT_20",432130,"",1,1,"OFF_PS1600",6,"441","","",0,"<=",0,"","<=",0,"P",23.7395,***,"",
6,"eFUSE_burn_readmargin","","BANKB_BIT_UNBLOWN_TRUE_20",432610,"",1,1,"OFF_PS1600",6,"441","","",1,"<=",1,"","<=",1,"P",23.7395,***,"",
6,"eFUSE_burn_readmargin","","BANKB_READMARGIN_UNBLOWN_BIT_21",431660,"",1,1,"OFF_PS1600",6,"441","","",0,"<=",0,"","<=",0,"P",23.7395,***,"",
6,"eFUSE_burn_readmargin","","BANKB_UNBURN_BIT_21",432140,"",1,1,"OFF_PS1600",6,"441","","",0,"<=",0,"","<=",0,"P",23.7395,***,"",
6,"eFUSE_burn_readmargin","","BANKB_BIT_UNBLOWN_TRUE_21",432620,"",1,1,"OFF_PS1600",6,"441","","",1,"<=",1,"","<=",1,"P",23.7395,***,"",
6,"eFUSE_burn_readmargin","","BANKB_READMARGIN_UNBLOWN_BIT_22",431670,"",1,1,"OFF_PS1600",6,"441","","",0,"<=",0,"","<=",0,"P",23.7395,***,"",
6,"eFUSE_burn_readmargin","","BANKB_UNBURN_BIT_22",432150,"",1,1,"OFF_PS1600",6,"441","","",0,"<=",0,"","<=",0,"P",23.7395,***,"",
6,"eFUSE_burn_readmargin","","BANKB_BIT_UNBLOWN_TRUE_22",432630,"",1,1,"OFF_PS1600",6,"441","","",1,"<=",1,"","<=",1,"P",23.7395,***,"",
6,"eFUSE_burn_readmargin","","BANKB_READMARGIN_UNBLOWN_BIT_23",431680,"",1,1,"OFF_PS1600",6,"441","","",0,"<=",0,"","<=",0,"P",23.7395,***,"",
6,"eFUSE_burn_readmargin","","BANKB_UNBURN_BIT_23",432160,"",1,1,"OFF_PS1600",6,"441","","",0,"<=",0,"","<=",0,"P",23.7395,***,"",
6,"eFUSE_burn_readmargin","","BANKB_BIT_UNBLOWN_TRUE_23",432640,"",1,1,"OFF_PS1600",6,"441","","",1,"<=",1,"","<=",1,"P",23.7395,***,"",
6,"eFUSE_burn_readmargin","","BANKB_READMARGIN_UNBLOWN_BIT_24",431690,"",1,1,"OFF_PS1600",6,"441","","",0,"<=",0,"","<=",0,"P",28.1462,***,"",
6,"eFUSE_burn_readmargin","","BANKB_UNBURN_BIT_24",432170,"",1,1,"OFF_PS1600",6,"441","","",0,"<=",0,"","<=",0,"P",28.1462,***,"",
6,"eFUSE_burn_readmargin","","BANKB_BIT_UNBLOWN_TRUE_24",432650,"",1,1,"OFF_PS1600",6,"441","","",1,"<=",1,"","<=",1,"P",28.1462,***,"",
6,"eFUSE_burn_readmargin","","BANKB_READMARGIN_UNBLOWN_BIT_25",431700,"",1,1,"OFF_PS1600",6,"441","","",0,"<=",0,"","<=",0,"P",23.7395,***,"",
6,"eFUSE_burn_readmargin","","BANKB_UNBURN_BIT_25",432180,"",1,1,"OFF_PS1600",6,"441","","",0,"<=",0,"","<=",0,"P",23.7395,***,"",
6,"eFUSE_burn_readmargin","","BANKB_BIT_UNBLOWN_TRUE_25",432660,"",1,1,"OFF_PS1600",6,"441","","",1,"<=",1,"","<=",1,"P",23.7395,***,"",
6,"eFUSE_burn_readmargin","","BANKB_READMARGIN_BLOWN_BIT_26",531710,"",1,1,"OFF_PS1600",6,"441","","",1,"<=",1,"","<=",1,"P",23.7395,***,"",
6,"eFUSE_burn_readmargin","","BANKB_BURN_BIT_26",532190,"",1,1,"OFF_PS1600",6,"441","","",1,"<=",1,"","<=",1,"P",23.7395,***,"",
6,"eFUSE_burn_readmargin","","BANKB_BIT_BLOWN_TRUE_26",532670,"",1,1,"OFF_PS1600",6,"441","","",1,"<=",1,"","<=",1,"P",23.7395,***,"",
6,"eFUSE_burn_readmargin","","BANKB_READMARGIN_BLOWN_BIT_27",531720,"",1,1,"OFF_PS1600",6,"441","","",1,"<=",1,"","<=",1,"P",23.7395,***,"",
6,"eFUSE_burn_readmargin","","BANKB_BURN_BIT_27",532200,"",1,1,"OFF_PS1600",6,"441","","",1,"<=",1,"","<=",1,"P",23.7395,***,"",
6,"eFUSE_burn_readmargin","","BANKB_BIT_BLOWN_TRUE_27",532680,"",1,1,"OFF_PS1600",6,"441","","",1,"<=",1,"","<=",1,"P",23.7395,***,"",
6,"eFUSE_burn_readmargin","","BANKB_READMARGIN_UNBLOWN_BIT_28",431730,"",1,1,"OFF_PS1600",6,"441","","",0,"<=",0,"","<=",0,"P",23.7395,***,"",
6,"eFUSE_burn_readmargin","","BANKB_UNBURN_BIT_28",432210,"",1,1,"OFF_PS1600",6,"441","","",0,"<=",0,"","<=",0,"P",23.7395,***,"",
6,"eFUSE_burn_readmargin","","BANKB_BIT_UNBLOWN_TRUE_28",432690,"",1,1,"OFF_PS1600",6,"441","","",1,"<=",1,"","<=",1,"P",23.7395,***,"",
6,"eFUSE_burn_readmargin","","BANKB_READMARGIN_BLOWN_BIT_29",531740,"",1,1,"OFF_PS1600",6,"441","","",1,"<=",1,"","<=",1,"P",45.6738,***,"",
6,"eFUSE_burn_readmargin","","BANKB_BURN_BIT_29",532220,"",1,1,"OFF_PS1600",6,"441","","",1,"<=",1,"","<=",1,"P",45.6738,***,"",
6,"eFUSE_burn_readmargin","","BANKB_BIT_BLOWN_TRUE_29",532700,"",1,1,"OFF_PS1600",6,"441","","",1,"<=",1,"","<=",1,"P",45.6738,***,"",
6,"eFUSE_burn_readmargin","","BANKB_READMARGIN_UNBLOWN_BIT_30",431750,"",1,1,"OFF_PS1600",6,"441","","",0,"<=",0,"","<=",0,"P",45.6797,***,"",
6,"eFUSE_burn_readmargin","","BANKB_UNBURN_BIT_30",432230,"",1,1,"OFF_PS1600",6,"441","","",0,"<=",0,"","<=",0,"P",45.6797,***,"",
6,"eFUSE_burn_readmargin","","BANKB_BIT_UNBLOWN_TRUE_30",432710,"",1,1,"OFF_PS1600",6,"441","","",1,"<=",1,"","<=",1,"P",45.6797,***,"",
6,"eFUSE_burn_readmargin","","BANKB_READMARGIN_BLOWN_BIT_31",531760,"",1,1,"OFF_PS1600",6,"441","","",1,"<=",1,"","<=",1,"P",34.6861,***,"",
6,"eFUSE_burn_readmargin","","BANKB_BURN_BIT_31",532240,"",1,1,"OFF_PS1600",6,"441","","",1,"<=",1,"","<=",1,"P",34.6861,***,"",
6,"eFUSE_burn_readmargin","","BANKB_BIT_BLOWN_TRUE_31",532720,"",1,1,"OFF_PS1600",6,"441","","",1,"<=",1,"","<=",1,"P",34.6861,***,"",
6,"eFUSE_burn_readmargin","","BANKB_READMARGIN_UNBLOWN_BIT_32",431770,"",1,1,"OFF_PS1600",6,"441","","",0,"<=",0,"","<=",0,"P",34.6861,***,"",
6,"eFUSE_burn_readmargin","","BANKB_UNBURN_BIT_32",432250,"",1,1,"OFF_PS1600",6,"441","","",0,"<=",0,"","<=",0,"P",34.6861,***,"",
6,"eFUSE_burn_readmargin","","BANKB_BIT_UNBLOWN_TRUE_32",432730,"",1,1,"OFF_PS1600",6,"441","","",1,"<=",1,"","<=",1,"P",34.6861,***,"",
6,"eFUSE_burn_readmargin","","BANKB_READMARGIN_UNBLOWN_BIT_33",431780,"",1,1,"OFF_PS1600",6,"441","","",0,"<=",0,"","<=",0,"P",34.6861,***,"",
6,"eFUSE_burn_readmargin","","BANKB_UNBURN_BIT_33",432260,"",1,1,"OFF_PS1600",6,"441","","",0,"<=",0,"","<=",0,"P",34.6861,***,"",
6,"eFUSE_burn_readmargin","","BANKB_BIT_UNBLOWN_TRUE_33",432740,"",1,1,"OFF_PS1600",6,"441","","",1,"<=",1,"","<=",1,"P",34.6861,***,"",
6,"eFUSE_burn_readmargin","","BANKB_READMARGIN_UNBLOWN_BIT_34",431790,"",1,1,"OFF_PS1600",6,"441","","",0,"<=",0,"","<=",0,"P",34.6861,***,"",
6,"eFUSE_burn_readmargin","","BANKB_UNBURN_BIT_34",432270,"",1,1,"OFF_PS1600",6,"441","","",0,"<=",0,"","<=",0,"P",34.6861,***,"",
6,"eFUSE_burn_readmargin","","BANKB_BIT_UNBLOWN_TRUE_34",432750,"",1,1,"OFF_PS1600",6,"441","","",1,"<=",1,"","<=",1,"P",34.6861,***,"",
6,"eFUSE_burn_readmargin","","BANKB_READMARGIN_UNBLOWN_BIT_35",431800,"",1,1,"OFF_PS1600",6,"441","","",0,"<=",0,"","<=",0,"P",34.6861,***,"",
6,"eFUSE_burn_readmargin","","BANKB_UNBURN_BIT_35",432280,"",1,1,"OFF_PS1600",6,"441","","",0,"<=",0,"","<=",0,"P",34.6861,***,"",
6,"eFUSE_burn_readmargin","","BANKB_BIT_UNBLOWN_TRUE_35",432760,"",1,1,"OFF_PS1600",6,"441","","",1,"<=",1,"","<=",1,"P",34.6861,***,"",
6,"eFUSE_burn_readmargin","","BANKB_READMARGIN_BLOWN_BIT_36",531810,"",1,1,"OFF_PS1600",6,"441","","",1,"<=",1,"","<=",1,"P",34.6861,***,"",
6,"eFUSE_burn_readmargin","","BANKB_BURN_BIT_36",532290,"",1,1,"OFF_PS1600",6,"441","","",1,"<=",1,"","<=",1,"P",34.6861,***,"",
6,"eFUSE_burn_readmargin","","BANKB_BIT_BLOWN_TRUE_36",532770,"",1,1,"OFF_PS1600",6,"441","","",1,"<=",1,"","<=",1,"P",34.6861,***,"",
6,"eFUSE_burn_readmargin","","BANKB_READMARGIN_BLOWN_BIT_37",531820,"",1,1,"OFF_PS1600",6,"441","","",1,"<=",1,"","<=",1,"P",23.7395,***,"",
6,"eFUSE_burn_readmargin","","BANKB_BURN_BIT_37",532300,"",1,1,"OFF_PS1600",6,"441","","",1,"<=",1,"","<=",1,"P",23.7395,***,"",
6,"eFUSE_burn_readmargin","","BANKB_BIT_BLOWN_TRUE_37",532780,"",1,1,"OFF_PS1600",6,"441","","",1,"<=",1,"","<=",1,"P",23.7395,***,"",
6,"eFUSE_burn_readmargin","","BANKB_READMARGIN_UNBLOWN_BIT_38",431830,"",1,1,"OFF_PS1600",6,"441","","",0,"<=",0,"","<=",0,"P",1.7101,***,"",
6,"eFUSE_burn_readmargin","","BANKB_UNBURN_BIT_38",432310,"",1,1,"OFF_PS1600",6,"441","","",0,"<=",0,"","<=",0,"P",1.7101,***,"",
6,"eFUSE_burn_readmargin","","BANKB_BIT_UNBLOWN_TRUE_38",432790,"",1,1,"OFF_PS1600",6,"441","","",1,"<=",1,"","<=",1,"P",1.7101,***,"",
6,"eFUSE_burn_readmargin","","BANKB_READMARGIN_UNBLOWN_BIT_39",431840,"",1,1,"OFF_PS1600",6,"441","","",0,"<=",0,"","<=",0,"P",1.77922,***,"",
6,"eFUSE_burn_readmargin","","BANKB_UNBURN_BIT_39",432320,"",1,1,"OFF_PS1600",6,"441","","",0,"<=",0,"","<=",0,"P",1.77922,***,"",
6,"eFUSE_burn_readmargin","","BANKB_BIT_UNBLOWN_TRUE_39",432800,"",1,1,"OFF_PS1600",6,"441","","",1,"<=",1,"","<=",1,"P",1.77922,***,"",
6,"eFUSE_burn_readmargin","","BANKB_READMARGIN_UNBLOWN_BIT_40",431850,"",1,1,"OFF_PS1600",6,"441","","",0,"<=",0,"","<=",0,"P",34.6861,***,"",
6,"eFUSE_burn_readmargin","","BANKB_UNBURN_BIT_40",432330,"",1,1,"OFF_PS1600",6,"441","","",0,"<=",0,"","<=",0,"P",34.6861,***,"",
6,"eFUSE_burn_readmargin","","BANKB_BIT_UNBLOWN_TRUE_40",432810,"",1,1,"OFF_PS1600",6,"441","","",1,"<=",1,"","<=",1,"P",34.6861,***,"",
6,"eFUSE_burn_readmargin","","BANKB_READMARGIN_BLOWN_BIT_41",531860,"",1,1,"OFF_PS1600",6,"441","","",1,"<=",1,"","<=",1,"P",34.6861,***,"",
6,"eFUSE_burn_readmargin","","BANKB_BURN_BIT_41",532340,"",1,1,"OFF_PS1600",6,"441","","",1,"<=",1,"","<=",1,"P",34.6861,***,"",
6,"eFUSE_burn_readmargin","","BANKB_BIT_BLOWN_TRUE_41",532820,"",1,1,"OFF_PS1600",6,"441","","",1,"<=",1,"","<=",1,"P",34.6861,***,"",
6,"eFUSE_burn_readmargin","","BANKB_READMARGIN_BLOWN_BIT_42",531870,"",1,1,"OFF_PS1600",6,"441","","",1,"<=",1,"","<=",1,"P",23.7395,***,"",
6,"eFUSE_burn_readmargin","","BANKB_BURN_BIT_42",532350,"",1,1,"OFF_PS1600",6,"441","","",1,"<=",1,"","<=",1,"P",23.7395,***,"",
6,"eFUSE_burn_readmargin","","BANKB_BIT_BLOWN_TRUE_42",532830,"",1,1,"OFF_PS1600",6,"441","","",1,"<=",1,"","<=",1,"P",23.7395,***,"",
6,"eFUSE_burn_readmargin","","BANKB_READMARGIN_BLOWN_BIT_43",531880,"",1,1,"OFF_PS1600",6,"441","","",1,"<=",1,"","<=",1,"P",28.1464,***,"",
6,"eFUSE_burn_readmargin","","BANKB_BURN_BIT_43",532360,"",1,1,"OFF_PS1600",6,"441","","",1,"<=",1,"","<=",1,"P",28.1464,***,"",
6,"eFUSE_burn_readmargin","","BANKB_BIT_BLOWN_TRUE_43",532840,"",1,1,"OFF_PS1600",6,"441","","",1,"<=",1,"","<=",1,"P",28.1464,***,"",
6,"eFUSE_burn_readmargin","","BANKB_READMARGIN_BLOWN_BIT_44",531890,"",1,1,"OFF_PS1600",6,"441","","",1,"<=",1,"","<=",1,"P",1.70428,***,"",
6,"eFUSE_burn_readmargin","","BANKB_BURN_BIT_44",532370,"",1,1,"OFF_PS1600",6,"441","","",1,"<=",1,"","<=",1,"P",1.70428,***,"",
6,"eFUSE_burn_readmargin","","BANKB_BIT_BLOWN_TRUE_44",532850,"",1,1,"OFF_PS1600",6,"441","","",1,"<=",1,"","<=",1,"P",1.70428,***,"",
6,"eFUSE_burn_readmargin","","BANKB_READMARGIN_BLOWN_BIT_45",531900,"",1,1,"OFF_PS1600",6,"441","","",1,"<=",1,"","<=",1,"P",67.658,***,"",
6,"eFUSE_burn_readmargin","","BANKB_BURN_BIT_45",532380,"",1,1,"OFF_PS1600",6,"441","","",1,"<=",1,"","<=",1,"P",67.658,***,"",
6,"eFUSE_burn_readmargin","","BANKB_BIT_BLOWN_TRUE_45",532860,"",1,1,"OFF_PS1600",6,"441","","",1,"<=",1,"","<=",1,"P",67.658,***,"",
6,"eFUSE_burn_readmargin","","BANKB_READMARGIN_UNBLOWN_BIT_46",431910,"",1,1,"OFF_PS1600",6,"441","","",0,"<=",0,"","<=",0,"P",1.70212,***,"",
6,"eFUSE_burn_readmargin","","BANKB_UNBURN_BIT_46",432390,"",1,1,"OFF_PS1600",6,"441","","",0,"<=",0,"","<=",0,"P",1.70212,***,"",
6,"eFUSE_burn_readmargin","","BANKB_BIT_UNBLOWN_TRUE_46",432870,"",1,1,"OFF_PS1600",6,"441","","",1,"<=",1,"","<=",1,"P",1.70212,***,"",
6,"eFUSE_burn_readmargin","","BANKB_READMARGIN_BLOWN_BIT_47",531920,"",1,1,"OFF_PS1600",6,"441","","",1,"<=",1,"","<=",1,"P",23.7395,***,"",
6,"eFUSE_burn_readmargin","","BANKB_BURN_BIT_47",532400,"",1,1,"OFF_PS1600",6,"441","","",1,"<=",1,"","<=",1,"P",23.7395,***,"",
6,"eFUSE_burn_readmargin","","BANKB_BIT_BLOWN_TRUE_47",532880,"",1,1,"OFF_PS1600",6,"441","","",1,"<=",1,"","<=",1,"P",23.7395,***,"",
6,"POST_BURN_PASS_FET_LEAKAGE","","POST_Forward_Leakage_FET",470030,"",1,1,"ISEN_PS1600",6,"441","","",-20,"<=",-2,"nA","<=",20,"P",0.180283,***,"",
6,"POST_BURN_PASS_FET_LEAKAGE","","POST_Reverse_Leakage_FET",470040,"",1,1,"ISEN_PS1600",6,"441","","",-20,"<=",-3,"nA","<=",20,"P",0.180283,***,"",
6,"POST_BURN_PASS_FET_LEAKAGE","","Delta_Forward_Leakage_FET",470050,"",1,1,"ISEN_PS1600",6,"441","","",-20,"<=",-2,"nA","<=",20,"P",0.180283,***,"",
6,"POST_BURN_PASS_FET_LEAKAGE","","Delta_Reverse_Leakage_FET",470060,"",1,1,"ISEN_PS1600",6,"441","","",-20,"<=",-2,"nA","<=",20,"P",0.180283,***,"",
6,"POST_EFUSE_RESISTANCE","","POST_BANKA_EFUSE_RESISTANCE_BLOWN_BIT47",590001,"",1,1,"ISEN_PS1600",6,"441","","",3500,"<=",69674,"ohms","<=",85000,"P",26.3014,***,"",
6,"POST_EFUSE_RESISTANCE","","POST_BANKA_EFUSE_RESISTANCE_UNBLOWN_BIT46",490002,"",1,1,"ISEN_PS1600",6,"441","","",65,"<=",79.6,"ohms","<=",200,"P",3.02782,***,"",
6,"POST_EFUSE_RESISTANCE","","POST_BANKA_EFUSE_RESISTANCE_BLOWN_BIT45",590003,"",1,1,"ISEN_PS1600",6,"441","","",3500,"<=",34330.6,"ohms","<=",85000,"P",72.6954,***,"",
6,"POST_EFUSE_RESISTANCE","","POST_BANKA_EFUSE_RESISTANCE_BLOWN_BIT44",590004,"",1,1,"ISEN_PS1600",6,"441","","",3500,"<=",22731.4,"ohms","<=",85000,"P",3.03192,***,"",
6,"POST_EFUSE_RESISTANCE","","POST_BANKA_EFUSE_RESISTANCE_BLOWN_BIT43",590005,"",1,1,"ISEN_PS1600",6,"441","","",3500,"<=",3562.8,"ohms","<=",85000,"P",30.9575,***,"",
6,"POST_EFUSE_RESISTANCE","","POST_BANKA_EFUSE_RESISTANCE_BLOWN_BIT42",590006,"",1,1,"ISEN_PS1600",6,"441","","",3500,"<=",69719.6,"ohms","<=",85000,"P",26.3014,***,"",
6,"POST_EFUSE_RESISTANCE","","POST_BANKA_EFUSE_RESISTANCE_BLOWN_BIT41",590007,"",1,1,"ISEN_PS1600",6,"441","","",3500,"<=",5031.2,"ohms","<=",85000,"P",37.8625,***,"",
6,"POST_EFUSE_RESISTANCE","","POST_BANKA_EFUSE_RESISTANCE_UNBLOWN_BIT40",490008,"",1,1,"ISEN_PS1600",6,"441","","",65,"<=",91,"ohms","<=",200,"P",37.8625,***,"",
6,"POST_EFUSE_RESISTANCE","","POST_BANKA_EFUSE_RESISTANCE_UNBLOWN_BIT39",490009,"",1,1,"ISEN_PS1600",6,"441","","",65,"<=",91,"ohms","<=",200,"P",3.10241,***,"",
6,"POST_EFUSE_RESISTANCE","","POST_BANKA_EFUSE_RESISTANCE_UNBLOWN_BIT38",490010,"",1,1,"ISEN_PS1600",6,"441","","",65,"<=",91,"ohms","<=",200,"P",3.02903,***,"",
6,"POST_EFUSE_RESISTANCE","","POST_BANKA_EFUSE_RESISTANCE_BLOWN_BIT37",590011,"",1,1,"ISEN_PS1600",6,"441","","",3500,"<=",69640,"ohms","<=",85000,"P",26.3014,***,"",
6,"POST_EFUSE_RESISTANCE","","POST_BANKA_EFUSE_RESISTANCE_BLOWN_BIT36",590012,"",1,1,"ISEN_PS1600",6,"441","","",3500,"<=",69742.2,"ohms","<=",85000,"P",37.8625,***,"",
6,"POST_EFUSE_RESISTANCE","","POST_BANKA_EFUSE_RESISTANCE_UNBLOWN_BIT35",490013,"",1,1,"ISEN_PS1600",6,"441","","",65,"<=",79.6,"ohms","<=",200,"P",37.8625,***,"",
6,"POST_EFUSE_RESISTANCE","","POST_BANKA_EFUSE_RESISTANCE_UNBLOWN_BIT34",490014,"",1,1,"ISEN_PS1600",6,"441","","",65,"<=",91,"ohms","<=",200,"P",37.8625,***,"",
6,"POST_EFUSE_RESISTANCE","","POST_BANKA_EFUSE_RESISTANCE_UNBLOWN_BIT33",490015,"",1,1,"ISEN_PS1600",6,"441","","",65,"<=",79.6,"ohms","<=",200,"P",37.8625,***,"",
6,"POST_EFUSE_RESISTANCE","","POST_BANKA_EFUSE_RESISTANCE_UNBLOWN_BIT32",490016,"",1,1,"ISEN_PS1600",6,"441","","",65,"<=",91,"ohms","<=",200,"P",37.8625,***,"",
6,"POST_EFUSE_RESISTANCE","","POST_BANKA_EFUSE_RESISTANCE_BLOWN_BIT31",590017,"",1,1,"ISEN_PS1600",6,"441","","",3500,"<=",69753.6,"ohms","<=",85000,"P",37.8625,***,"",
6,"POST_EFUSE_RESISTANCE","","POST_BANKA_EFUSE_RESISTANCE_UNBLOWN_BIT30",490018,"",1,1,"ISEN_PS1600",6,"441","","",65,"<=",91,"ohms","<=",200,"P",49.4763,***,"",
6,"POST_EFUSE_RESISTANCE","","POST_BANKA_EFUSE_RESISTANCE_BLOWN_BIT29",590019,"",1,1,"ISEN_PS1600",6,"441","","",3500,"<=",69742.2,"ohms","<=",85000,"P",49.4706,***,"",
6,"POST_EFUSE_RESISTANCE","","POST_BANKA_EFUSE_RESISTANCE_UNBLOWN_BIT28",490020,"",1,1,"ISEN_PS1600",6,"441","","",65,"<=",91,"ohms","<=",200,"P",26.3014,***,"",
6,"POST_EFUSE_RESISTANCE","","POST_BANKA_EFUSE_RESISTANCE_BLOWN_BIT27",590021,"",1,1,"ISEN_PS1600",6,"441","","",3500,"<=",69730.8,"ohms","<=",85000,"P",26.3014,***,"",
6,"POST_EFUSE_RESISTANCE","","POST_BANKA_EFUSE_RESISTANCE_BLOWN_BIT26",590022,"",1,1,"ISEN_PS1600",6,"441","","",3500,"<=",6704.6,"ohms","<=",85000,"P",26.3014,***,"",
6,"POST_EFUSE_RESISTANCE","","POST_BANKA_EFUSE_RESISTANCE_UNBLOWN_BIT25",490023,"",1,1,"ISEN_PS1600",6,"441","","",65,"<=",91,"ohms","<=",200,"P",26.3014,***,"",
6,"POST_EFUSE_RESISTANCE","","POST_BANKA_EFUSE_RESISTANCE_UNBLOWN_BIT24",490024,"",1,1,"ISEN_PS1600",6,"441","","",65,"<=",91,"ohms","<=",200,"P",30.9545,***,"",
6,"POST_EFUSE_RESISTANCE","","POST_BANKA_EFUSE_RESISTANCE_UNBLOWN_BIT23",490025,"",1,1,"ISEN_PS1600",6,"441","","",65,"<=",79.6,"ohms","<=",200,"P",26.3014,***,"",
6,"POST_EFUSE_RESISTANCE","","POST_BANKA_EFUSE_RESISTANCE_UNBLOWN_BIT22",490026,"",1,1,"ISEN_PS1600",6,"441","","",65,"<=",91,"ohms","<=",200,"P",26.3014,***,"",
6,"POST_EFUSE_RESISTANCE","","POST_BANKA_EFUSE_RESISTANCE_UNBLOWN_BIT21",490027,"",1,1,"ISEN_PS1600",6,"441","","",65,"<=",79.6,"ohms","<=",200,"P",26.3014,***,"",
6,"POST_EFUSE_RESISTANCE","","POST_BANKA_EFUSE_RESISTANCE_UNBLOWN_BIT20",490028,"",1,1,"ISEN_PS1600",6,"441","","",65,"<=",79.6,"ohms","<=",200,"P",26.3014,***,"",
6,"POST_EFUSE_RESISTANCE","","POST_BANKA_EFUSE_RESISTANCE_UNBLOWN_BIT19",490029,"",1,1,"ISEN_PS1600",6,"441","","",65,"<=",91,"ohms","<=",200,"P",26.3014,***,"",
6,"POST_EFUSE_RESISTANCE","","POST_BANKA_EFUSE_RESISTANCE_UNBLOWN_BIT18",490030,"",1,1,"ISEN_PS1600",6,"441","","",65,"<=",91,"ohms","<=",200,"P",26.3014,***,"",
6,"POST_EFUSE_RESISTANCE","","POST_BANKA_EFUSE_RESISTANCE_BLOWN_BIT17",590031,"",1,1,"ISEN_PS1600",6,"441","","",3500,"<=",24006.2,"ohms","<=",85000,"P",26.3014,***,"",
6,"POST_EFUSE_RESISTANCE","","POST_BANKA_EFUSE_RESISTANCE_BLOWN_BIT16",590032,"",1,1,"ISEN_PS1600",6,"441","","",3500,"<=",69730.8,"ohms","<=",85000,"P",26.3014,***,"",
6,"POST_EFUSE_RESISTANCE","","POST_BANKA_EFUSE_RESISTANCE_BLOWN_BIT15",590033,"",1,1,"ISEN_PS1600",6,"441","","",3500,"<=",39794.2,"ohms","<=",85000,"P",30.9575,***,"",
6,"POST_EFUSE_RESISTANCE","","POST_BANKA_EFUSE_RESISTANCE_BLOWN_BIT14",590034,"",1,1,"ISEN_PS1600",6,"441","","",3500,"<=",69765,"ohms","<=",85000,"P",26.3014,***,"",
6,"POST_EFUSE_RESISTANCE","","POST_BANKA_EFUSE_RESISTANCE_UNBLOWN_BIT13",490035,"",1,1,"ISEN_PS1600",6,"441","","",65,"<=",91,"ohms","<=",200,"P",26.3014,***,"",
6,"POST_EFUSE_RESISTANCE","","POST_BANKA_EFUSE_RESISTANCE_UNBLOWN_BIT12",490036,"",1,1,"ISEN_PS1600",6,"441","","",65,"<=",91,"ohms","<=",200,"P",49.4763,***,"",
6,"POST_EFUSE_RESISTANCE","","POST_BANKA_EFUSE_RESISTANCE_UNBLOWN_BIT11",490037,"",1,1,"ISEN_PS1600",6,"441","","",65,"<=",79.6,"ohms","<=",200,"P",37.9373,***,"",
6,"POST_EFUSE_RESISTANCE","","POST_BANKA_EFUSE_RESISTANCE_BLOWN_BIT10",590038,"",1,1,"ISEN_PS1600",6,"441","","",3500,"<=",7057.4,"ohms","<=",85000,"P",3.08913,***,"",
6,"POST_EFUSE_RESISTANCE","","POST_BANKA_EFUSE_RESISTANCE_UNBLOWN_BIT9",490039,"",1,1,"ISEN_PS1600",6,"441","","",65,"<=",91,"ohms","<=",200,"P",3.08913,***,"",
6,"POST_EFUSE_RESISTANCE","","POST_BANKA_EFUSE_RESISTANCE_UNBLOWN_BIT8",490040,"",1,1,"ISEN_PS1600",6,"441","","",65,"<=",91,"ohms","<=",200,"P",3.08913,***,"",
6,"POST_EFUSE_RESISTANCE","","POST_BANKA_EFUSE_RESISTANCE_UNBLOWN_BIT7",490041,"",1,1,"ISEN_PS1600",6,"441","","",65,"<=",79.6,"ohms","<=",200,"P",3.03304,***,"",
6,"POST_EFUSE_RESISTANCE","","POST_BANKA_EFUSE_RESISTANCE_UNBLOWN_BIT6",490042,"",1,1,"ISEN_PS1600",6,"441","","",65,"<=",91,"ohms","<=",200,"P",26.3014,***,"",
6,"POST_EFUSE_RESISTANCE","","POST_BANKA_EFUSE_RESISTANCE_BLOWN_BIT5",590043,"",1,1,"ISEN_PS1600",6,"441","","",3500,"<=",69753.8,"ohms","<=",85000,"P",26.3014,***,"",
6,"POST_EFUSE_RESISTANCE","","POST_BANKA_EFUSE_RESISTANCE_UNBLOWN_BIT4",490044,"",1,1,"ISEN_PS1600",6,"441","","",65,"<=",91,"ohms","<=",200,"P",26.3014,***,"",
6,"POST_EFUSE_RESISTANCE","","POST_BANKA_EFUSE_RESISTANCE_UNBLOWN_BIT3",490045,"",1,1,"ISEN_PS1600",6,"441","","",65,"<=",79.6,"ohms","<=",200,"P",26.3014,***,"",
6,"POST_EFUSE_RESISTANCE","","POST_BANKA_EFUSE_RESISTANCE_UNBLOWN_BIT2",490046,"",1,1,"ISEN_PS1600",6,"441","","",65,"<=",79.6,"ohms","<=",200,"P",26.3014,***,"",
6,"POST_EFUSE_RESISTANCE","","POST_BANKA_EFUSE_RESISTANCE_UNBLOWN_BIT1",490047,"",1,1,"ISEN_PS1600",6,"441","","",65,"<=",91,"ohms","<=",200,"P",26.3014,***,"",
6,"POST_EFUSE_RESISTANCE","","POST_BANKA_EFUSE_RESISTANCE_UNBLOWN_BIT0",490048,"",1,1,"ISEN_PS1600",6,"441","","",65,"<=",79.6,"ohms","<=",200,"P",26.3014,***,"",
6,"POST_EFUSE_RESISTANCE","","POST_BANKB_EFUSE_RESISTANCE_BLOWN_BIT47",590049,"",1,1,"ISEN_PS1600",6,"441","","",3500,"<=",5828,"ohms","<=",85000,"P",26.3014,***,"",
6,"POST_EFUSE_RESISTANCE","","POST_BANKB_EFUSE_RESISTANCE_UNBLOWN_BIT46",490050,"",1,1,"ISEN_PS1600",6,"441","","",65,"<=",91,"ohms","<=",200,"P",3.02782,***,"",
6,"POST_EFUSE_RESISTANCE","","POST_BANKB_EFUSE_RESISTANCE_BLOWN_BIT45",590051,"",1,1,"ISEN_PS1600",6,"441","","",3500,"<=",69731,"ohms","<=",85000,"P",72.6954,***,"",
6,"POST_EFUSE_RESISTANCE","","POST_BANKB_EFUSE_RESISTANCE_BLOWN_BIT44",590052,"",1,1,"ISEN_PS1600",6,"441","","",3500,"<=",69776.6,"ohms","<=",85000,"P",3.03192,***,"",
6,"POST_EFUSE_RESISTANCE","","POST_BANKB_EFUSE_RESISTANCE_BLOWN_BIT43",590053,"",1,1,"ISEN_PS1600",6,"441","","",3500,"<=",69708.2,"ohms","<=",85000,"P",30.9575,***,"",
6,"POST_EFUSE_RESISTANCE","","POST_BANKB_EFUSE_RESISTANCE_BLOWN_BIT42",590054,"",1,1,"ISEN_PS1600",6,"441","","",3500,"<=",2493,"ohms","<=",85000,"F",26.3014,***,"",