Testflow,Test Suite,Test Method,Test,Test#,Pattern,Wafer,Site,Pin,Device,Device ID,Part ID,Part Txt,Lower,LS,Value,Unit,US,Upper,P/F,Time,TS Time,Print To Data Log,Test Text
1,"CONTINUITY","","CONTINUITY",10030,"",1,1,"EN0_PS1600",1,"970","","",-500,"<=",-360.136,"mV","<=",-300,"P",0.132977,***,"",
1,"CONTINUITY","","CONTINUITY",10020,"",1,1,"FAULTB_PS1600",1,"970","","",-500,"<=",-413.345,"mV","<=",-300,"P",0.132977,***,"",
1,"CONTINUITY","","CONTINUITY",10050,"",1,1,"FCB_PS1600",1,"970","","",-500,"<=",-360.823,"mV","<=",-300,"P",0.132977,***,"",
1,"CONTINUITY","","CONTINUITY",10090,"",1,1,"ISEN_PS1600",1,"970","","",-500,"<=",-345.901,"mV","<=",-300,"P",0.132977,***,"",
1,"CONTINUITY","","CONTINUITY",10080,"",1,1,"ITRIP_PS1600",1,"970","","",-500,"<=",-361.506,"mV","<=",-300,"P",0.132977,***,"",
1,"CONTINUITY","","CONTINUITY",10040,"",1,1,"OFF_PS1600",1,"970","","",-500,"<=",-355.359,"mV","<=",-300,"P",0.132977,***,"",
1,"CONTINUITY","","CONTINUITY",10010,"",1,1,"SS_PS1600",1,"970","","",-500,"<=",-444.845,"mV","<=",-300,"P",0.132977,***,"",
1,"CONTINUITY","","CONTINUITY",10070,"",1,1,"VBIAS_PS1600",1,"970","","",-500,"<=",-298.043,"mV","<=",-200,"P",0.132977,***,"",
1,"CONTINUITY","","CONTINUITY",10060,"",1,1,"GND_PS1600",1,"970","","",-500,"<=",-359.219,"mV","<=",-300,"P",0.132977,***,"",
1,"CONTINUITY","","CONTINUITY",10180,"",1,1,"VIN1",1,"970","","",-360,"<=",-342.482,"mV","<=",-300,"P",0.132977,***,"",
1,"CONTINUITY","","CONTINUITY",10190,"",1,1,"VIN2",1,"970","","",-360,"<=",-342.909,"mV","<=",-300,"P",0.132977,***,"",
1,"CONTINUITY","","CONTINUITY",10200,"",1,1,"VIN3",1,"970","","",-360,"<=",-342.96,"mV","<=",-300,"P",0.132977,***,"",
1,"CONTINUITY","","CONTINUITY",10210,"",1,1,"VIN4_RS1",1,"970","","",-360,"<=",-343.075,"mV","<=",-300,"P",0.132977,***,"",
1,"CONTINUITY","","CONTINUITY",10220,"",1,1,"VIN4_RS2",1,"970","","",-360,"<=",-343.035,"mV","<=",-300,"P",0.132977,***,"",
1,"CONTINUITY","","CONTINUITY",10230,"",1,1,"VIN5_RS1",1,"970","","",-360,"<=",-343.05,"mV","<=",-300,"P",0.132977,***,"",
1,"CONTINUITY","","CONTINUITY",10240,"",1,1,"VIN5_RS2",1,"970","","",-360,"<=",-343.103,"mV","<=",-300,"P",0.132977,***,"",
1,"CONTINUITY","","CONTINUITY",10250,"",1,1,"VIN6",1,"970","","",-360,"<=",-343.155,"mV","<=",-300,"P",0.132977,***,"",
1,"CONTINUITY","","CONTINUITY",10100,"",1,1,"VOUT1",1,"970","","",-300,"<=",-224.478,"mV","<=",-200,"P",0.132977,***,"",
1,"CONTINUITY","","CONTINUITY",10110,"",1,1,"VOUT2_RS1",1,"970","","",-300,"<=",-224.474,"mV","<=",-200,"P",0.132977,***,"",
1,"CONTINUITY","","CONTINUITY",10120,"",1,1,"VOUT2_RS2",1,"970","","",-300,"<=",-224.455,"mV","<=",-200,"P",0.132977,***,"",
1,"CONTINUITY","","CONTINUITY",10130,"",1,1,"VOUT3_RS1",1,"970","","",-300,"<=",-224.794,"mV","<=",-200,"P",0.132977,***,"",
1,"CONTINUITY","","CONTINUITY",10140,"",1,1,"VOUT3_RS2",1,"970","","",-300,"<=",-224.459,"mV","<=",-200,"P",0.132977,***,"",
1,"CONTINUITY","","CONTINUITY",10150,"",1,1,"VOUT4",1,"970","","",-300,"<=",-224.422,"mV","<=",-200,"P",0.132977,***,"",
1,"CONTINUITY","","CONTINUITY",10160,"",1,1,"VOUT5",1,"970","","",-300,"<=",-224.569,"mV","<=",-200,"P",0.132977,***,"",
1,"CONTINUITY","","CONTINUITY",10170,"",1,1,"VOUT6",1,"970","","",-300,"<=",-223.766,"mV","<=",-200,"P",0.132977,***,"",
1,"Pin_to_Pin_Leakage","","PIN_TO_PIN_POS_LEAKAGE_PIN",20010,"",1,1,"FAULTB_PS1600",1,"970","","",-200,"<=",-7.05314,"nA","<=",200,"P",0.416773,***,"",
1,"Pin_to_Pin_Leakage","","PIN_TO_PIN_NEG_LEAKAGE_PIN",20110,"",1,1,"FAULTB_PS1600",1,"970","","",-200,"<=",-7.05314,"nA","<=",200,"P",0.416773,***,"",
1,"Pin_to_Pin_Leakage","","PIN_TO_PIN_POS_LEAKAGE_PIN",20020,"",1,1,"ITRIP_PS1600",1,"970","","",-200,"<=",-11.2379,"nA","<=",200,"P",0.416773,***,"",
1,"Pin_to_Pin_Leakage","","PIN_TO_PIN_NEG_LEAKAGE_PIN",20120,"",1,1,"ITRIP_PS1600",1,"970","","",-200,"<=",-11.2379,"nA","<=",200,"P",0.416773,***,"",
1,"Pin_to_Pin_Leakage","","PIN_TO_PIN_POS_LEAKAGE_PIN",20030,"",1,1,"OFF_PS1600",1,"970","","",-200,"<=",-10.1743,"nA","<=",200,"P",0.416773,***,"",
1,"Pin_to_Pin_Leakage","","PIN_TO_PIN_NEG_LEAKAGE_PIN",20130,"",1,1,"OFF_PS1600",1,"970","","",-200,"<=",-10.1743,"nA","<=",200,"P",0.416773,***,"",
1,"Pin_to_Pin_Leakage","","PIN_TO_PIN_POS_LEAKAGE_PIN",20040,"",1,1,"SS_PS1600",1,"970","","",-200,"<=",-10.9958,"nA","<=",200,"P",0.416773,***,"",
1,"Pin_to_Pin_Leakage","","PIN_TO_PIN_NEG_LEAKAGE_PIN",20140,"",1,1,"SS_PS1600",1,"970","","",-200,"<=",-10.9958,"nA","<=",200,"P",0.416773,***,"",
1,"Pin_to_Pin_Leakage","","PIN_TO_PIN_POS_LEAKAGE_PIN",20050,"",1,1,"VIN1",1,"970","","",10,"<=",299.711,"nA","<=",500,"P",0.416773,***,"",
1,"Pin_to_Pin_Leakage","","PIN_TO_PIN_NEG_LEAKAGE_PIN",20150,"",1,1,"VIN1",1,"970","","",-500,"<=",-301.119,"nA","<=",-10,"P",0.416773,***,"",
1,"Pin_to_Pin_Leakage","","PIN_TO_PIN_POS_LEAKAGE_PIN",20060,"",1,1,"VOUT1",1,"970","","",10,"<=",298.256,"nA","<=",500,"P",0.416773,***,"",
1,"Pin_to_Pin_Leakage","","PIN_TO_PIN_NEG_LEAKAGE_PIN",20160,"",1,1,"VOUT1",1,"970","","",-500,"<=",-299.497,"nA","<=",-10,"P",0.416773,***,"",
1,"Pin_to_Pin_Leakage","","PIN_TO_PIN_POS_LEAKAGE_PIN",20070,"",1,1,"EN0_PS1600",1,"970","","",300,"<=",510.109,"nA","<=",700,"P",0.416773,***,"",
1,"Pin_to_Pin_Leakage","","PIN_TO_PIN_NEG_LEAKAGE_PIN",20170,"",1,1,"EN0_PS1600",1,"970","","",-700,"<=",-515.768,"nA","<=",-300,"P",0.416773,***,"",
1,"Pin_to_Pin_Leakage","","PIN_TO_PIN_POS_LEAKAGE_PIN",20080,"",1,1,"FCB_PS1600",1,"970","","",-200,"<=",-0.36318,"nA","<=",200,"P",0.416773,***,"",
1,"Pin_to_Pin_Leakage","","PIN_TO_PIN_NEG_LEAKAGE_PIN",20180,"",1,1,"FCB_PS1600",1,"970","","",-200,"<=",-6.79321,"nA","<=",200,"P",0.416773,***,"",
1,"Pin_to_Pin_Leakage","","PIN_TO_PIN_POS_LEAKAGE_PIN",20090,"",1,1,"ISEN_PS1600",1,"970","","",-200,"<=",-0.00516475,"nA","<=",200,"P",0.416773,***,"",
1,"Pin_to_Pin_Leakage","","PIN_TO_PIN_NEG_LEAKAGE_PIN",20190,"",1,1,"ISEN_PS1600",1,"970","","",-200,"<=",-12.6403,"nA","<=",200,"P",0.416773,***,"",
1,"Pin_to_Pin_Leakage","","PIN_TO_PIN_POS_LEAKAGE_PIN_VBIAS_PS1600",20100,"",1,1,"VBIAS_PS1600",1,"970","","",500,"<=",726,"nA","<=",1000,"P",0.416773,***,"",
1,"Pin_to_Pin_Leakage","","PIN_TO_PIN_NEG_LEAKAGE_PIN_VBIAS_PS1600",20200,"",1,1,"VBIAS_PS1600",1,"970","","",-1000,"<=",-801,"nA","<=",-500,"P",0.416773,***,"",
1,"IVDDFL_IVINFL_RONFL","","RON_200mAVDD_5_VIN_5_20V_Part",90050,"",1,1,"VIN1",1,"970","","",0.01,"<=",0.0220805,"ohm","<=",0.03,"P",0.034414,***,"",
1,"IVDDFL_IVINFL_RONFL","","DEVICE_VARIENT_TRUE",90060,"",1,1,"VIN1",1,"970","","",0.5,"<=",1,"","<=",1.5,"P",0.034414,***,"",
1,"Fuse_Burn_Check","","BANKA_BIT5_BLOWN_TRUE",1000001,"",1,1,"OFF_PS1600",1,"970","","",0,"<=",1,"","<=",1,"P",0.0995141,***,"",
1,"Gross_Functional_EN_FCB_FAULTB_OFF","","EN_FCB_LOW_VOUT_LOW",30010,"",1,1,"VOUT4",1,"970","","",-0.001,"<=",0.0021286,"V","<=",1,"P",0.231374,***,"",
1,"Gross_Functional_EN_FCB_FAULTB_OFF","","EN_FCB_LOW_OFF_HIGH",30020,"",1,1,"OFF_PS1600",1,"970","","",1.6,"<=",1.80571,"V","<=",2.3,"P",0.231374,***,"",
1,"Gross_Functional_EN_FCB_FAULTB_OFF","","FCB_LOW_VOUT_LOW",30030,"",1,1,"VOUT4",1,"970","","",-0.001,"<=",0.000375748,"V","<=",0.5,"P",0.231374,***,"",
1,"Gross_Functional_EN_FCB_FAULTB_OFF","","FCB_LOW_OFF_HIGH",30040,"",1,1,"OFF_PS1600",1,"970","","",1.6,"<=",1.80616,"V","<=",2.3,"P",0.231374,***,"",
1,"Gross_Functional_EN_FCB_FAULTB_OFF","","EN_LOW_VOUT_LOW",30050,"",1,1,"VOUT4",1,"970","","",-0.001,"<=",0.000808716,"V","<=",0.5,"P",0.231374,***,"",
1,"Gross_Functional_EN_FCB_FAULTB_OFF","","EN_LOW_OFF_HIGH",30060,"",1,1,"OFF_PS1600",1,"970","","",1.6,"<=",1.80559,"V","<=",2.3,"P",0.231374,***,"",
1,"Gross_Functional_EN_FCB_FAULTB_OFF","","EN_FCB_HIGH_VOUT_HIGH",30070,"",1,1,"VOUT4",1,"970","","",4.85,"<=",4.99992,"V","<=",5.1,"P",0.231374,***,"",
1,"Gross_Functional_EN_FCB_FAULTB_OFF","","EN_FCB_HIGH_OFF_LOW",30080,"",1,1,"OFF_PS1600",1,"970","","",-0.001,"<=",0.000771185,"V","<=",0.5,"P",0.231374,***,"",
1,"Gross_Functional_EN_FCB_FAULTB_OFF","","FAULT_SET_VOUT_LOW",30090,"",1,1,"VOUT4",1,"970","","",-0.001,"<=",-0.000144958,"V","<=",0.5,"P",0.231374,***,"",
1,"Gross_Functional_EN_FCB_FAULTB_OFF","","FAULT_SET_OFF_HIGH",30100,"",1,1,"OFF_PS1600",1,"970","","",1.6,"<=",1.84982,"V","<=",2.3,"P",0.231374,***,"",
1,"Gross_Functional_EN_FCB_FAULTB_OFF","","FAULT_RESET_VOUT_HIGH",30110,"",1,1,"VOUT4",1,"970","","",4.85,"<=",4.99971,"V","<=",5.1,"P",0.231374,***,"",
1,"Gross_Functional_EN_FCB_FAULTB_OFF","","FAULT_RESET_OFF_LOW",30120,"",1,1,"OFF_PS1600",1,"970","","",0,"<=",0.000771185,"V","<=",0.5,"P",0.231374,***,"",
1,"Output_disabled_leakage","","IVDDDIS_VDD_3_VIN_3",40010,"",1,1,"VDD",1,"970","","",10,"<=",97.4294,"uA","<=",166.5,"P",0.10165,***,"",
1,"Output_disabled_leakage","","IVINDIS_VDD_3_VIN_3",40050,"",1,1,"VIN1",1,"970","","",10,"<=",77.9172,"uA","<=",166.5,"P",0.10165,***,"",
1,"Output_disabled_leakage","","IOFF_VDD_3_VIN_3",40090,"",1,1,"VOUT4",1,"970","","",-14,"<=",-1.41073,"uA","<=",11,"P",0.10165,***,"",
1,"Output_disabled_leakage","","IVDDDIS_VDD_3_VIN_20",40020,"",1,1,"VDD",1,"970","","",10,"<=",113.39,"uA","<=",166.5,"P",0.10165,***,"",
1,"Output_disabled_leakage","","IVINDIS_VDD_3_VIN_20",40060,"",1,1,"VIN1",1,"970","","",10,"<=",95.4242,"uA","<=",166.5,"P",0.10165,***,"",
1,"Output_disabled_leakage","","IOFF_VDD_3_VIN_20",40100,"",1,1,"VOUT4",1,"970","","",-14,"<=",-1.60393,"uA","<=",11,"P",0.10165,***,"",
1,"Output_disabled_leakage","","IVINVDD0_VIN_3",40130,"",1,1,"VIN1",1,"970","","",10,"<=",73.6471,"uA","<=",166.5,"P",0.10165,***,"",
1,"Output_disabled_leakage","","IOFFVDD0_VIN_3",40150,"",1,1,"VOUT4",1,"970","","",-14,"<=",-1.16719,"uA","<=",11,"P",0.10165,***,"",
1,"Output_disabled_leakage","","IVDDDIS_VDD_20_VIN_3",40030,"",1,1,"VDD",1,"970","","",10,"<=",134.693,"uA","<=",166.5,"P",0.10165,***,"",
1,"Output_disabled_leakage","","IVINDIS_VDD_20_VIN_3",40070,"",1,1,"VIN1",1,"970","","",10,"<=",67.3728,"uA","<=",166.5,"P",0.10165,***,"",
1,"Output_disabled_leakage","","IOFF_VDD_20_VIN_3",40110,"",1,1,"VOUT4",1,"970","","",-14,"<=",-1.3872,"uA","<=",11,"P",0.10165,***,"",
1,"Output_disabled_leakage","","IVDDDIS_VDD_20_VIN_20",40040,"",1,1,"VDD",1,"970","","",10,"<=",135.405,"uA","<=",166.5,"P",0.10165,***,"",
1,"Output_disabled_leakage","","IVINDIS_VDD_20_VIN_20",40080,"",1,1,"VIN1",1,"970","","",10,"<=",95.0694,"uA","<=",166.5,"P",0.10165,***,"",
1,"Output_disabled_leakage","","IOFF_VDD_20_VIN_20",40120,"",1,1,"VOUT4",1,"970","","",-14,"<=",-1.14369,"uA","<=",11,"P",0.10165,***,"",
1,"Output_disabled_leakage","","IVINVDD0_VIN_20",40140,"",1,1,"VIN1",1,"970","","",10,"<=",115.078,"uA","<=",166.5,"P",0.10165,***,"",
1,"Output_disabled_leakage","","IOFFVDD0_VIN_20",40160,"",1,1,"VOUT4",1,"970","","",-14,"<=",-2.08287,"uA","<=",11,"P",0.10165,***,"",
1,"EN_pullup_resistor","","EN0V_PULLUP_RES",50010,"",1,1,"EN0_PS1600",1,"970","","",155,"<=",196.684,"Kohm","<=",230,"P",0.0272827,***,"",
1,"EN_pullup_resistor","","EN1V_PULLUP_RES",50020,"",1,1,"EN0_PS1600",1,"970","","",155,"<=",197.633,"Kohm","<=",230,"P",0.0272827,***,"",
1,"EN_pullup_resistor","","EN0V_Current",50030,"",1,1,"EN0_PS1600",1,"970","","",-11,"<=",-9.15171,"uA","<=",-7,"P",0.0272827,***,"",
1,"EN_pullup_resistor","","EN1V_Current",50040,"",1,1,"EN0_PS1600",1,"970","","",-5.5,"<=",-4.04791,"uA","<=",-3,"P",0.0272827,***,"",
1,"Leakage_Test","","IOFF_REVERSE_VOUT_VIN_LEAKAGE_1mA",60030,"",1,1,"VIN",1,"970","","",-331,"<=",-259.893,"mV","<=",-205,"P",0.0588329,***,"",
1,"Leakage_Test","","IOFF_REVERSE_VOUT_VIN_LEAKAGE_10mA",60040,"",1,1,"VIN",1,"970","","",-340,"<=",-307.407,"mV","<=",-205,"P",0.0588329,***,"",
1,"Leakage_Test","","IOFF_REVERSE_VOUT_VIN_LEAKAGE_100mA",60050,"",1,1,"VIN",1,"970","","",-331,"<=",-146.519,"mV","<=",-205,"F",0.0588329,***,"",
2,"CONTINUITY","","CONTINUITY",10030,"",1,1,"EN0_PS1600",2,"989","","",-500,"<=",-359.34,"mV","<=",-300,"P",0.132977,***,"",
2,"CONTINUITY","","CONTINUITY",10020,"",1,1,"FAULTB_PS1600",2,"989","","",-500,"<=",-416.59,"mV","<=",-300,"P",0.132977,***,"",
2,"CONTINUITY","","CONTINUITY",10050,"",1,1,"FCB_PS1600",2,"989","","",-500,"<=",-359.684,"mV","<=",-300,"P",0.132977,***,"",
2,"CONTINUITY","","CONTINUITY",10090,"",1,1,"ISEN_PS1600",2,"989","","",-500,"<=",-344.535,"mV","<=",-300,"P",0.132977,***,"",
2,"CONTINUITY","","CONTINUITY",10080,"",1,1,"ITRIP_PS1600",2,"989","","",-500,"<=",-360.709,"mV","<=",-300,"P",0.132977,***,"",
2,"CONTINUITY","","CONTINUITY",10040,"",1,1,"OFF_PS1600",2,"989","","",-500,"<=",-354.05,"mV","<=",-300,"P",0.132977,***,"",
2,"CONTINUITY","","CONTINUITY",10010,"",1,1,"SS_PS1600",2,"989","","",-500,"<=",-441.657,"mV","<=",-300,"P",0.132977,***,"",
2,"CONTINUITY","","CONTINUITY",10070,"",1,1,"VBIAS_PS1600",2,"989","","",-500,"<=",-298.84,"mV","<=",-200,"P",0.132977,***,"",
2,"CONTINUITY","","CONTINUITY",10060,"",1,1,"GND_PS1600",2,"989","","",-500,"<=",-357.113,"mV","<=",-300,"P",0.132977,***,"",
2,"CONTINUITY","","CONTINUITY",10180,"",1,1,"VIN1",2,"989","","",-360,"<=",-342.037,"mV","<=",-300,"P",0.132977,***,"",
2,"CONTINUITY","","CONTINUITY",10190,"",1,1,"VIN2",2,"989","","",-360,"<=",-342.6,"mV","<=",-300,"P",0.132977,***,"",
2,"CONTINUITY","","CONTINUITY",10200,"",1,1,"VIN3",2,"989","","",-360,"<=",-342.846,"mV","<=",-300,"P",0.132977,***,"",
2,"CONTINUITY","","CONTINUITY",10210,"",1,1,"VIN4_RS1",2,"989","","",-360,"<=",-342.426,"mV","<=",-300,"P",0.132977,***,"",
2,"CONTINUITY","","CONTINUITY",10220,"",1,1,"VIN4_RS2",2,"989","","",-360,"<=",-342.688,"mV","<=",-300,"P",0.132977,***,"",
2,"CONTINUITY","","CONTINUITY",10230,"",1,1,"VIN5_RS1",2,"989","","",-360,"<=",-342.733,"mV","<=",-300,"P",0.132977,***,"",
2,"CONTINUITY","","CONTINUITY",10240,"",1,1,"VIN5_RS2",2,"989","","",-360,"<=",-342.501,"mV","<=",-300,"P",0.132977,***,"",
2,"CONTINUITY","","CONTINUITY",10250,"",1,1,"VIN6",2,"989","","",-360,"<=",-342.567,"mV","<=",-300,"P",0.132977,***,"",
2,"CONTINUITY","","CONTINUITY",10100,"",1,1,"VOUT1",2,"989","","",-300,"<=",-224.346,"mV","<=",-200,"P",0.132977,***,"",
2,"CONTINUITY","","CONTINUITY",10110,"",1,1,"VOUT2_RS1",2,"989","","",-300,"<=",-224.619,"mV","<=",-200,"P",0.132977,***,"",
2,"CONTINUITY","","CONTINUITY",10120,"",1,1,"VOUT2_RS2",2,"989","","",-300,"<=",-224.407,"mV","<=",-200,"P",0.132977,***,"",
2,"CONTINUITY","","CONTINUITY",10130,"",1,1,"VOUT3_RS1",2,"989","","",-300,"<=",-224.178,"mV","<=",-200,"P",0.132977,***,"",
2,"CONTINUITY","","CONTINUITY",10140,"",1,1,"VOUT3_RS2",2,"989","","",-300,"<=",-224.264,"mV","<=",-200,"P",0.132977,***,"",
2,"CONTINUITY","","CONTINUITY",10150,"",1,1,"VOUT4",2,"989","","",-300,"<=",-224.234,"mV","<=",-200,"P",0.132977,***,"",
2,"CONTINUITY","","CONTINUITY",10160,"",1,1,"VOUT5",2,"989","","",-300,"<=",-224.36,"mV","<=",-200,"P",0.132977,***,"",
2,"CONTINUITY","","CONTINUITY",10170,"",1,1,"VOUT6",2,"989","","",-300,"<=",-223.848,"mV","<=",-200,"P",0.132977,***,"",
2,"Pin_to_Pin_Leakage","","PIN_TO_PIN_POS_LEAKAGE_PIN",20010,"",1,1,"FAULTB_PS1600",2,"989","","",-200,"<=",-7.51017,"nA","<=",200,"P",0.416773,***,"",
2,"Pin_to_Pin_Leakage","","PIN_TO_PIN_NEG_LEAKAGE_PIN",20110,"",1,1,"FAULTB_PS1600",2,"989","","",-200,"<=",-7.51017,"nA","<=",200,"P",0.416773,***,"",
2,"Pin_to_Pin_Leakage","","PIN_TO_PIN_POS_LEAKAGE_PIN",20020,"",1,1,"ITRIP_PS1600",2,"989","","",-200,"<=",-11.6445,"nA","<=",200,"P",0.416773,***,"",
2,"Pin_to_Pin_Leakage","","PIN_TO_PIN_NEG_LEAKAGE_PIN",20120,"",1,1,"ITRIP_PS1600",2,"989","","",-200,"<=",-11.6445,"nA","<=",200,"P",0.416773,***,"",
2,"Pin_to_Pin_Leakage","","PIN_TO_PIN_POS_LEAKAGE_PIN",20030,"",1,1,"OFF_PS1600",2,"989","","",-200,"<=",-10.3279,"nA","<=",200,"P",0.416773,***,"",
2,"Pin_to_Pin_Leakage","","PIN_TO_PIN_NEG_LEAKAGE_PIN",20130,"",1,1,"OFF_PS1600",2,"989","","",-200,"<=",-10.3279,"nA","<=",200,"P",0.416773,***,"",
2,"Pin_to_Pin_Leakage","","PIN_TO_PIN_POS_LEAKAGE_PIN",20040,"",1,1,"SS_PS1600",2,"989","","",-200,"<=",-11.762,"nA","<=",200,"P",0.416773,***,"",
2,"Pin_to_Pin_Leakage","","PIN_TO_PIN_NEG_LEAKAGE_PIN",20140,"",1,1,"SS_PS1600",2,"989","","",-200,"<=",-11.762,"nA","<=",200,"P",0.416773,***,"",
2,"Pin_to_Pin_Leakage","","PIN_TO_PIN_POS_LEAKAGE_PIN",20050,"",1,1,"VIN1",2,"989","","",10,"<=",300.031,"nA","<=",500,"P",0.416773,***,"",
2,"Pin_to_Pin_Leakage","","PIN_TO_PIN_NEG_LEAKAGE_PIN",20150,"",1,1,"VIN1",2,"989","","",-500,"<=",-302.909,"nA","<=",-10,"P",0.416773,***,"",
2,"Pin_to_Pin_Leakage","","PIN_TO_PIN_POS_LEAKAGE_PIN",20060,"",1,1,"VOUT1",2,"989","","",10,"<=",301.534,"nA","<=",500,"P",0.416773,***,"",
2,"Pin_to_Pin_Leakage","","PIN_TO_PIN_NEG_LEAKAGE_PIN",20160,"",1,1,"VOUT1",2,"989","","",-500,"<=",-301.014,"nA","<=",-10,"P",0.416773,***,"",
2,"Pin_to_Pin_Leakage","","PIN_TO_PIN_POS_LEAKAGE_PIN",20070,"",1,1,"EN0_PS1600",2,"989","","",300,"<=",513.548,"nA","<=",700,"P",0.416773,***,"",
2,"Pin_to_Pin_Leakage","","PIN_TO_PIN_NEG_LEAKAGE_PIN",20170,"",1,1,"EN0_PS1600",2,"989","","",-700,"<=",-519.721,"nA","<=",-300,"P",0.416773,***,"",
2,"Pin_to_Pin_Leakage","","PIN_TO_PIN_POS_LEAKAGE_PIN",20080,"",1,1,"FCB_PS1600",2,"989","","",-200,"<=",0.244887,"nA","<=",200,"P",0.416773,***,"",
2,"Pin_to_Pin_Leakage","","PIN_TO_PIN_NEG_LEAKAGE_PIN",20180,"",1,1,"FCB_PS1600",2,"989","","",-200,"<=",-7.14792,"nA","<=",200,"P",0.416773,***,"",
2,"Pin_to_Pin_Leakage","","PIN_TO_PIN_POS_LEAKAGE_PIN",20090,"",1,1,"ISEN_PS1600",2,"989","","",-200,"<=",-0.618998,"nA","<=",200,"P",0.416773,***,"",
2,"Pin_to_Pin_Leakage","","PIN_TO_PIN_NEG_LEAKAGE_PIN",20190,"",1,1,"ISEN_PS1600",2,"989","","",-200,"<=",-13.1007,"nA","<=",200,"P",0.416773,***,"",
2,"Pin_to_Pin_Leakage","","PIN_TO_PIN_POS_LEAKAGE_PIN_VBIAS_PS1600",20100,"",1,1,"VBIAS_PS1600",2,"989","","",500,"<=",730,"nA","<=",1000,"P",0.416773,***,"",
2,"Pin_to_Pin_Leakage","","PIN_TO_PIN_NEG_LEAKAGE_PIN_VBIAS_PS1600",20200,"",1,1,"VBIAS_PS1600",2,"989","","",-1000,"<=",-802,"nA","<=",-500,"P",0.416773,***,"",
2,"IVDDFL_IVINFL_RONFL","","RON_200mAVDD_5_VIN_5_20V_Part",90050,"",1,1,"VIN1",2,"989","","",0.01,"<=",0.0221511,"ohm","<=",0.03,"P",0.034414,***,"",
2,"IVDDFL_IVINFL_RONFL","","DEVICE_VARIENT_TRUE",90060,"",1,1,"VIN1",2,"989","","",0.5,"<=",1,"","<=",1.5,"P",0.034414,***,"",
2,"Fuse_Burn_Check","","BANKA_BIT5_BLOWN_TRUE",1000001,"",1,1,"OFF_PS1600",2,"989","","",0,"<=",1,"","<=",1,"P",0.0995141,***,"",
2,"Gross_Functional_EN_FCB_FAULTB_OFF","","EN_FCB_LOW_VOUT_LOW",30010,"",1,1,"VOUT4",2,"989","","",-0.001,"<=",0.0201569,"V","<=",1,"P",0.231374,***,"",
2,"Gross_Functional_EN_FCB_FAULTB_OFF","","EN_FCB_LOW_OFF_HIGH",30020,"",1,1,"OFF_PS1600",2,"989","","",1.6,"<=",1.79313,"V","<=",2.3,"P",0.231374,***,"",
2,"Gross_Functional_EN_FCB_FAULTB_OFF","","FCB_LOW_VOUT_LOW",30030,"",1,1,"VOUT4",2,"989","","",-0.001,"<=",0.000890732,"V","<=",0.5,"P",0.231374,***,"",
2,"Gross_Functional_EN_FCB_FAULTB_OFF","","FCB_LOW_OFF_HIGH",30040,"",1,1,"OFF_PS1600",2,"989","","",1.6,"<=",1.79347,"V","<=",2.3,"P",0.231374,***,"",
2,"Gross_Functional_EN_FCB_FAULTB_OFF","","EN_LOW_VOUT_LOW",30050,"",1,1,"VOUT4",2,"989","","",-0.001,"<=",0.00120735,"V","<=",0.5,"P",0.231374,***,"",
2,"Gross_Functional_EN_FCB_FAULTB_OFF","","EN_LOW_OFF_HIGH",30060,"",1,1,"OFF_PS1600",2,"989","","",1.6,"<=",1.79262,"V","<=",2.3,"P",0.231374,***,"",
2,"Gross_Functional_EN_FCB_FAULTB_OFF","","EN_FCB_HIGH_VOUT_HIGH",30070,"",1,1,"VOUT4",2,"989","","",4.85,"<=",4.99965,"V","<=",5.1,"P",0.231374,***,"",
2,"Gross_Functional_EN_FCB_FAULTB_OFF","","EN_FCB_HIGH_OFF_LOW",30080,"",1,1,"OFF_PS1600",2,"989","","",-0.001,"<=",0.000771185,"V","<=",0.5,"P",0.231374,***,"",
2,"Gross_Functional_EN_FCB_FAULTB_OFF","","FAULT_SET_VOUT_LOW",30090,"",1,1,"VOUT4",2,"989","","",-0.001,"<=",-4.3869e-05,"V","<=",0.5,"P",0.231374,***,"",
2,"Gross_Functional_EN_FCB_FAULTB_OFF","","FAULT_SET_OFF_HIGH",30100,"",1,1,"OFF_PS1600",2,"989","","",1.6,"<=",1.83792,"V","<=",2.3,"P",0.231374,***,"",
2,"Gross_Functional_EN_FCB_FAULTB_OFF","","FAULT_RESET_VOUT_HIGH",30110,"",1,1,"VOUT4",2,"989","","",4.85,"<=",4.9999,"V","<=",5.1,"P",0.231374,***,"",
2,"Gross_Functional_EN_FCB_FAULTB_OFF","","FAULT_RESET_OFF_LOW",30120,"",1,1,"OFF_PS1600",2,"989","","",0,"<=",0.000714269,"V","<=",0.5,"P",0.231374,***,"",
2,"Output_disabled_leakage","","IVDDDIS_VDD_3_VIN_3",40010,"",1,1,"VDD",2,"989","","",10,"<=",101.462,"uA","<=",166.5,"P",0.10165,***,"",
2,"Output_disabled_leakage","","IVINDIS_VDD_3_VIN_3",40050,"",1,1,"VIN1",2,"989","","",10,"<=",72.1086,"uA","<=",166.5,"P",0.10165,***,"",
2,"Output_disabled_leakage","","IOFF_VDD_3_VIN_3",40090,"",1,1,"VOUT4",2,"989","","",-14,"<=",-1.44748,"uA","<=",11,"P",0.10165,***,"",
2,"Output_disabled_leakage","","IVDDDIS_VDD_3_VIN_20",40020,"",1,1,"VDD",2,"989","","",10,"<=",104.992,"uA","<=",166.5,"P",0.10165,***,"",
2,"Output_disabled_leakage","","IVINDIS_VDD_3_VIN_20",40060,"",1,1,"VIN1",2,"989","","",10,"<=",95.5425,"uA","<=",166.5,"P",0.10165,***,"",
2,"Output_disabled_leakage","","IOFF_VDD_3_VIN_20",40100,"",1,1,"VOUT4",2,"989","","",-14,"<=",-1.65729,"uA","<=",11,"P",0.10165,***,"",
2,"Output_disabled_leakage","","IVINVDD0_VIN_3",40130,"",1,1,"VIN1",2,"989","","",10,"<=",73.7663,"uA","<=",166.5,"P",0.10165,***,"",
2,"Output_disabled_leakage","","IOFFVDD0_VIN_3",40150,"",1,1,"VOUT4",2,"989","","",-14,"<=",-1.18898,"uA","<=",11,"P",0.10165,***,"",
2,"Output_disabled_leakage","","IVDDDIS_VDD_20_VIN_3",40030,"",1,1,"VDD",2,"989","","",10,"<=",135.863,"uA","<=",166.5,"P",0.10165,***,"",
2,"Output_disabled_leakage","","IVINDIS_VDD_20_VIN_3",40070,"",1,1,"VIN1",2,"989","","",10,"<=",74.9575,"uA","<=",166.5,"P",0.10165,***,"",
2,"Output_disabled_leakage","","IOFF_VDD_20_VIN_3",40110,"",1,1,"VOUT4",2,"989","","",-14,"<=",-1.53489,"uA","<=",11,"P",0.10165,***,"",
2,"Output_disabled_leakage","","IVDDDIS_VDD_20_VIN_20",40040,"",1,1,"VDD",2,"989","","",10,"<=",130.773,"uA","<=",166.5,"P",0.10165,***,"",
2,"Output_disabled_leakage","","IVINDIS_VDD_20_VIN_20",40080,"",1,1,"VIN1",2,"989","","",10,"<=",95.1877,"uA","<=",166.5,"P",0.10165,***,"",
2,"Output_disabled_leakage","","IOFF_VDD_20_VIN_20",40120,"",1,1,"VOUT4",2,"989","","",-14,"<=",-1.19253,"uA","<=",11,"P",0.10165,***,"",
2,"Output_disabled_leakage","","IVINVDD0_VIN_20",40140,"",1,1,"VIN1",2,"989","","",10,"<=",118.511,"uA","<=",166.5,"P",0.10165,***,"",
2,"Output_disabled_leakage","","IOFFVDD0_VIN_20",40160,"",1,1,"VOUT4",2,"989","","",-14,"<=",-2.11349,"uA","<=",11,"P",0.10165,***,"",
2,"EN_pullup_resistor","","EN0V_PULLUP_RES",50010,"",1,1,"EN0_PS1600",2,"989","","",155,"<=",195.649,"Kohm","<=",230,"P",0.0272827,***,"",
2,"EN_pullup_resistor","","EN1V_PULLUP_RES",50020,"",1,1,"EN0_PS1600",2,"989","","",155,"<=",196.15,"Kohm","<=",230,"P",0.0272827,***,"",
2,"EN_pullup_resistor","","EN0V_Current",50030,"",1,1,"EN0_PS1600",2,"989","","",-11,"<=",-9.20016,"uA","<=",-7,"P",0.0272827,***,"",
2,"EN_pullup_resistor","","EN1V_Current",50040,"",1,1,"EN0_PS1600",2,"989","","",-5.5,"<=",-4.07851,"uA","<=",-3,"P",0.0272827,***,"",
2,"Leakage_Test","","IOFF_REVERSE_VOUT_VIN_LEAKAGE_1mA",60030,"",1,1,"VIN",2,"989","","",-331,"<=",-259.85,"mV","<=",-205,"P",0.0588329,***,"",
2,"Leakage_Test","","IOFF_REVERSE_VOUT_VIN_LEAKAGE_10mA",60040,"",1,1,"VIN",2,"989","","",-340,"<=",-307.47,"mV","<=",-205,"P",0.0588329,***,"",
2,"Leakage_Test","","IOFF_REVERSE_VOUT_VIN_LEAKAGE_100mA",60050,"",1,1,"VIN",2,"989","","",-331,"<=",-144.753,"mV","<=",-205,"F",0.0588329,***,"",
3,"CONTINUITY","","CONTINUITY",10030,"",1,1,"EN0_PS1600",3,"1008","","",-500,"<=",-369.352,"mV","<=",-300,"P",0.132977,***,"",
3,"CONTINUITY","","CONTINUITY",10020,"",1,1,"FAULTB_PS1600",3,"1008","","",-500,"<=",-424.785,"mV","<=",-300,"P",0.132977,***,"",
3,"CONTINUITY","","CONTINUITY",10050,"",1,1,"FCB_PS1600",3,"1008","","",-500,"<=",-368.905,"mV","<=",-300,"P",0.132977,***,"",
3,"CONTINUITY","","CONTINUITY",10090,"",1,1,"ISEN_PS1600",3,"1008","","",-500,"<=",-355.69,"mV","<=",-300,"P",0.132977,***,"",
3,"CONTINUITY","","CONTINUITY",10080,"",1,1,"ITRIP_PS1600",3,"1008","","",-500,"<=",-370.442,"mV","<=",-300,"P",0.132977,***,"",
3,"CONTINUITY","","CONTINUITY",10040,"",1,1,"OFF_PS1600",3,"1008","","",-500,"<=",-362.587,"mV","<=",-300,"P",0.132977,***,"",
3,"CONTINUITY","","CONTINUITY",10010,"",1,1,"SS_PS1600",3,"1008","","",-500,"<=",-447.236,"mV","<=",-300,"P",0.132977,***,"",
3,"CONTINUITY","","CONTINUITY",10070,"",1,1,"VBIAS_PS1600",3,"1008","","",-500,"<=",-293.205,"mV","<=",-200,"P",0.132977,***,"",
3,"CONTINUITY","","CONTINUITY",10060,"",1,1,"GND_PS1600",3,"1008","","",-500,"<=",-354.666,"mV","<=",-300,"P",0.132977,***,"",
3,"CONTINUITY","","CONTINUITY",10180,"",1,1,"VIN1",3,"1008","","",-360,"<=",-342.838,"mV","<=",-300,"P",0.132977,***,"",
3,"CONTINUITY","","CONTINUITY",10190,"",1,1,"VIN2",3,"1008","","",-360,"<=",-343.546,"mV","<=",-300,"P",0.132977,***,"",
3,"CONTINUITY","","CONTINUITY",10200,"",1,1,"VIN3",3,"1008","","",-360,"<=",-342.991,"mV","<=",-300,"P",0.132977,***,"",
3,"CONTINUITY","","CONTINUITY",10210,"",1,1,"VIN4_RS1",3,"1008","","",-360,"<=",-343.657,"mV","<=",-300,"P",0.132977,***,"",
3,"CONTINUITY","","CONTINUITY",10220,"",1,1,"VIN4_RS2",3,"1008","","",-360,"<=",-343.277,"mV","<=",-300,"P",0.132977,***,"",
3,"CONTINUITY","","CONTINUITY",10230,"",1,1,"VIN5_RS1",3,"1008","","",-360,"<=",-343.193,"mV","<=",-300,"P",0.132977,***,"",
3,"CONTINUITY","","CONTINUITY",10240,"",1,1,"VIN5_RS2",3,"1008","","",-360,"<=",-343.456,"mV","<=",-300,"P",0.132977,***,"",
3,"CONTINUITY","","CONTINUITY",10250,"",1,1,"VIN6",3,"1008","","",-360,"<=",-343.386,"mV","<=",-300,"P",0.132977,***,"",
3,"CONTINUITY","","CONTINUITY",10100,"",1,1,"VOUT1",3,"1008","","",-300,"<=",-224.255,"mV","<=",-200,"P",0.132977,***,"",
3,"CONTINUITY","","CONTINUITY",10110,"",1,1,"VOUT2_RS1",3,"1008","","",-300,"<=",-224.445,"mV","<=",-200,"P",0.132977,***,"",
3,"CONTINUITY","","CONTINUITY",10120,"",1,1,"VOUT2_RS2",3,"1008","","",-300,"<=",-224.508,"mV","<=",-200,"P",0.132977,***,"",
3,"CONTINUITY","","CONTINUITY",10130,"",1,1,"VOUT3_RS1",3,"1008","","",-300,"<=",-224.36,"mV","<=",-200,"P",0.132977,***,"",
3,"CONTINUITY","","CONTINUITY",10140,"",1,1,"VOUT3_RS2",3,"1008","","",-300,"<=",-224.34,"mV","<=",-200,"P",0.132977,***,"",
3,"CONTINUITY","","CONTINUITY",10150,"",1,1,"VOUT4",3,"1008","","",-300,"<=",-224.306,"mV","<=",-200,"P",0.132977,***,"",
3,"CONTINUITY","","CONTINUITY",10160,"",1,1,"VOUT5",3,"1008","","",-300,"<=",-224.503,"mV","<=",-200,"P",0.132977,***,"",
3,"CONTINUITY","","CONTINUITY",10170,"",1,1,"VOUT6",3,"1008","","",-300,"<=",-224.619,"mV","<=",-200,"P",0.132977,***,"",
3,"Pin_to_Pin_Leakage","","PIN_TO_PIN_POS_LEAKAGE_PIN",20010,"",1,1,"FAULTB_PS1600",3,"1008","","",-200,"<=",-5.5297,"nA","<=",200,"P",0.416773,***,"",
3,"Pin_to_Pin_Leakage","","PIN_TO_PIN_NEG_LEAKAGE_PIN",20110,"",1,1,"FAULTB_PS1600",3,"1008","","",-200,"<=",-5.5297,"nA","<=",200,"P",0.416773,***,"",
3,"Pin_to_Pin_Leakage","","PIN_TO_PIN_POS_LEAKAGE_PIN",20020,"",1,1,"ITRIP_PS1600",3,"1008","","",-200,"<=",-11.0346,"nA","<=",200,"P",0.416773,***,"",
3,"Pin_to_Pin_Leakage","","PIN_TO_PIN_NEG_LEAKAGE_PIN",20120,"",1,1,"ITRIP_PS1600",3,"1008","","",-200,"<=",-11.0346,"nA","<=",200,"P",0.416773,***,"",
3,"Pin_to_Pin_Leakage","","PIN_TO_PIN_POS_LEAKAGE_PIN",20030,"",1,1,"OFF_PS1600",3,"1008","","",-200,"<=",-7.87123,"nA","<=",200,"P",0.416773,***,"",
3,"Pin_to_Pin_Leakage","","PIN_TO_PIN_NEG_LEAKAGE_PIN",20130,"",1,1,"OFF_PS1600",3,"1008","","",-200,"<=",-7.87123,"nA","<=",200,"P",0.416773,***,"",
3,"Pin_to_Pin_Leakage","","PIN_TO_PIN_POS_LEAKAGE_PIN",20040,"",1,1,"SS_PS1600",3,"1008","","",-200,"<=",-10.8937,"nA","<=",200,"P",0.416773,***,"",
3,"Pin_to_Pin_Leakage","","PIN_TO_PIN_NEG_LEAKAGE_PIN",20140,"",1,1,"SS_PS1600",3,"1008","","",-200,"<=",-10.8937,"nA","<=",200,"P",0.416773,***,"",
3,"Pin_to_Pin_Leakage","","PIN_TO_PIN_POS_LEAKAGE_PIN",20050,"",1,1,"VIN1",3,"1008","","",10,"<=",302.269,"nA","<=",500,"P",0.416773,***,"",
3,"Pin_to_Pin_Leakage","","PIN_TO_PIN_NEG_LEAKAGE_PIN",20150,"",1,1,"VIN1",3,"1008","","",-500,"<=",-295.888,"nA","<=",-10,"P",0.416773,***,"",
3,"Pin_to_Pin_Leakage","","PIN_TO_PIN_POS_LEAKAGE_PIN",20060,"",1,1,"VOUT1",3,"1008","","",10,"<=",300.29,"nA","<=",500,"P",0.416773,***,"",
3,"Pin_to_Pin_Leakage","","PIN_TO_PIN_NEG_LEAKAGE_PIN",20160,"",1,1,"VOUT1",3,"1008","","",-500,"<=",-294.265,"nA","<=",-10,"P",0.416773,***,"",
3,"Pin_to_Pin_Leakage","","PIN_TO_PIN_POS_LEAKAGE_PIN",20070,"",1,1,"EN0_PS1600",3,"1008","","",300,"<=",500.663,"nA","<=",700,"P",0.416773,***,"",
3,"Pin_to_Pin_Leakage","","PIN_TO_PIN_NEG_LEAKAGE_PIN",20170,"",1,1,"EN0_PS1600",3,"1008","","",-700,"<=",-504.526,"nA","<=",-300,"P",0.416773,***,"",
3,"Pin_to_Pin_Leakage","","PIN_TO_PIN_POS_LEAKAGE_PIN",20080,"",1,1,"FCB_PS1600",3,"1008","","",-200,"<=",-0.413852,"nA","<=",200,"P",0.416773,***,"",
3,"Pin_to_Pin_Leakage","","PIN_TO_PIN_NEG_LEAKAGE_PIN",20180,"",1,1,"FCB_PS1600",3,"1008","","",-200,"<=",-5.37439,"nA","<=",200,"P",0.416773,***,"",
3,"Pin_to_Pin_Leakage","","PIN_TO_PIN_POS_LEAKAGE_PIN",20090,"",1,1,"ISEN_PS1600",3,"1008","","",-200,"<=",-0.260928,"nA","<=",200,"P",0.416773,***,"",
3,"Pin_to_Pin_Leakage","","PIN_TO_PIN_NEG_LEAKAGE_PIN",20190,"",1,1,"ISEN_PS1600",3,"1008","","",-200,"<=",-9.26421,"nA","<=",200,"P",0.416773,***,"",
3,"Pin_to_Pin_Leakage","","PIN_TO_PIN_POS_LEAKAGE_PIN_VBIAS_PS1600",20100,"",1,1,"VBIAS_PS1600",3,"1008","","",500,"<=",778,"nA","<=",1000,"P",0.416773,***,"",
3,"Pin_to_Pin_Leakage","","PIN_TO_PIN_NEG_LEAKAGE_PIN_VBIAS_PS1600",20200,"",1,1,"VBIAS_PS1600",3,"1008","","",-1000,"<=",-858,"nA","<=",-500,"P",0.416773,***,"",
3,"IVDDFL_IVINFL_RONFL","","RON_200mAVDD_5_VIN_5_20V_Part",90050,"",1,1,"VIN1",3,"1008","","",0.01,"<=",0.0232736,"ohm","<=",0.03,"P",0.034414,***,"",
3,"IVDDFL_IVINFL_RONFL","","DEVICE_VARIENT_TRUE",90060,"",1,1,"VIN1",3,"1008","","",0.5,"<=",1,"","<=",1.5,"P",0.034414,***,"",
3,"Fuse_Burn_Check","","BANKA_BIT5_BLOWN_TRUE",1000001,"",1,1,"OFF_PS1600",3,"1008","","",0,"<=",1,"","<=",1,"P",0.0995141,***,"",
3,"Gross_Functional_EN_FCB_FAULTB_OFF","","EN_FCB_LOW_VOUT_LOW",30010,"",1,1,"VOUT4",3,"1008","","",-0.001,"<=",0.0189266,"V","<=",1,"P",0.231374,***,"",
3,"Gross_Functional_EN_FCB_FAULTB_OFF","","EN_FCB_LOW_OFF_HIGH",30020,"",1,1,"OFF_PS1600",3,"1008","","",1.6,"<=",1.79609,"V","<=",2.3,"P",0.231374,***,"",
3,"Gross_Functional_EN_FCB_FAULTB_OFF","","FCB_LOW_VOUT_LOW",30030,"",1,1,"VOUT4",3,"1008","","",-0.001,"<=",0.00156593,"V","<=",0.5,"P",0.231374,***,"",
3,"Gross_Functional_EN_FCB_FAULTB_OFF","","FCB_LOW_OFF_HIGH",30040,"",1,1,"OFF_PS1600",3,"1008","","",1.6,"<=",1.79649,"V","<=",2.3,"P",0.231374,***,"",
3,"Gross_Functional_EN_FCB_FAULTB_OFF","","EN_LOW_VOUT_LOW",30050,"",1,1,"VOUT4",3,"1008","","",-0.001,"<=",0.000324249,"V","<=",0.5,"P",0.231374,***,"",
3,"Gross_Functional_EN_FCB_FAULTB_OFF","","EN_LOW_OFF_HIGH",30060,"",1,1,"OFF_PS1600",3,"1008","","",1.6,"<=",1.79592,"V","<=",2.3,"P",0.231374,***,"",
3,"Gross_Functional_EN_FCB_FAULTB_OFF","","EN_FCB_HIGH_VOUT_HIGH",30070,"",1,1,"VOUT4",3,"1008","","",4.85,"<=",5.00013,"V","<=",5.1,"P",0.231374,***,"",
3,"Gross_Functional_EN_FCB_FAULTB_OFF","","EN_FCB_HIGH_OFF_LOW",30080,"",1,1,"OFF_PS1600",3,"1008","","",-0.001,"<=",0.000714269,"V","<=",0.5,"P",0.231374,***,"",
3,"Gross_Functional_EN_FCB_FAULTB_OFF","","FAULT_SET_VOUT_LOW",30090,"",1,1,"VOUT4",3,"1008","","",-0.001,"<=",2.6703e-05,"V","<=",0.5,"P",0.231374,***,"",
3,"Gross_Functional_EN_FCB_FAULTB_OFF","","FAULT_SET_OFF_HIGH",30100,"",1,1,"OFF_PS1600",3,"1008","","",1.6,"<=",1.83997,"V","<=",2.3,"P",0.231374,***,"",
3,"Gross_Functional_EN_FCB_FAULTB_OFF","","FAULT_RESET_VOUT_HIGH",30110,"",1,1,"VOUT4",3,"1008","","",4.85,"<=",5.00033,"V","<=",5.1,"P",0.231374,***,"",
3,"Gross_Functional_EN_FCB_FAULTB_OFF","","FAULT_RESET_OFF_LOW",30120,"",1,1,"OFF_PS1600",3,"1008","","",0,"<=",0.000714269,"V","<=",0.5,"P",0.231374,***,"",
3,"Output_disabled_leakage","","IVDDDIS_VDD_3_VIN_3",40010,"",1,1,"VDD",3,"1008","","",10,"<=",105.828,"uA","<=",166.5,"P",0.10165,***,"",
3,"Output_disabled_leakage","","IVINDIS_VDD_3_VIN_3",40050,"",1,1,"VIN1",3,"1008","","",10,"<=",68.8005,"uA","<=",166.5,"P",0.10165,***,"",
3,"Output_disabled_leakage","","IOFF_VDD_3_VIN_3",40090,"",1,1,"VOUT4",3,"1008","","",-14,"<=",-1.46816,"uA","<=",11,"P",0.10165,***,"",
3,"Output_disabled_leakage","","IVDDDIS_VDD_3_VIN_20",40020,"",1,1,"VDD",3,"1008","","",10,"<=",104.052,"uA","<=",166.5,"P",0.10165,***,"",
3,"Output_disabled_leakage","","IVINDIS_VDD_3_VIN_20",40060,"",1,1,"VIN1",3,"1008","","",10,"<=",90.6885,"uA","<=",166.5,"P",0.10165,***,"",
3,"Output_disabled_leakage","","IOFF_VDD_3_VIN_20",40100,"",1,1,"VOUT4",3,"1008","","",-14,"<=",-1.59223,"uA","<=",11,"P",0.10165,***,"",
3,"Output_disabled_leakage","","IVINVDD0_VIN_3",40130,"",1,1,"VIN1",3,"1008","","",10,"<=",66.4331,"uA","<=",166.5,"P",0.10165,***,"",
3,"Output_disabled_leakage","","IOFFVDD0_VIN_3",40150,"",1,1,"VOUT4",3,"1008","","",-14,"<=",-1.19518,"uA","<=",11,"P",0.10165,***,"",
3,"Output_disabled_leakage","","IVDDDIS_VDD_20_VIN_3",40030,"",1,1,"VDD",3,"1008","","",10,"<=",138.111,"uA","<=",166.5,"P",0.10165,***,"",
3,"Output_disabled_leakage","","IVINDIS_VDD_20_VIN_3",40070,"",1,1,"VIN1",3,"1008","","",10,"<=",67.4985,"uA","<=",166.5,"P",0.10165,***,"",
3,"Output_disabled_leakage","","IOFF_VDD_20_VIN_3",40110,"",1,1,"VOUT4",3,"1008","","",-14,"<=",-1.55206,"uA","<=",11,"P",0.10165,***,"",
3,"Output_disabled_leakage","","IVDDDIS_VDD_20_VIN_20",40040,"",1,1,"VDD",3,"1008","","",10,"<=",118.134,"uA","<=",166.5,"P",0.10165,***,"",
3,"Output_disabled_leakage","","IVINDIS_VDD_20_VIN_20",40080,"",1,1,"VIN1",3,"1008","","",10,"<=",91.5173,"uA","<=",166.5,"P",0.10165,***,"",
3,"Output_disabled_leakage","","IOFF_VDD_20_VIN_20",40120,"",1,1,"VOUT4",3,"1008","","",-14,"<=",-1.19611,"uA","<=",11,"P",0.10165,***,"",
3,"Output_disabled_leakage","","IVINVDD0_VIN_20",40140,"",1,1,"VIN1",3,"1008","","",10,"<=",118.747,"uA","<=",166.5,"P",0.10165,***,"",
3,"Output_disabled_leakage","","IOFFVDD0_VIN_20",40160,"",1,1,"VOUT4",3,"1008","","",-14,"<=",-2.12394,"uA","<=",11,"P",0.10165,***,"",
3,"EN_pullup_resistor","","EN0V_PULLUP_RES",50010,"",1,1,"EN0_PS1600",3,"1008","","",155,"<=",200.711,"Kohm","<=",230,"P",0.0272827,***,"",
3,"EN_pullup_resistor","","EN1V_PULLUP_RES",50020,"",1,1,"EN0_PS1600",3,"1008","","",155,"<=",201.829,"Kohm","<=",230,"P",0.0272827,***,"",
3,"EN_pullup_resistor","","EN0V_Current",50030,"",1,1,"EN0_PS1600",3,"1008","","",-11,"<=",-8.96811,"uA","<=",-7,"P",0.0272827,***,"",
3,"EN_pullup_resistor","","EN1V_Current",50040,"",1,1,"EN0_PS1600",3,"1008","","",-5.5,"<=",-3.96376,"uA","<=",-3,"P",0.0272827,***,"",
3,"Leakage_Test","","IOFF_REVERSE_VOUT_VIN_LEAKAGE_1mA",60030,"",1,1,"VIN",3,"1008","","",-331,"<=",-266.062,"mV","<=",-205,"P",0.0588329,***,"",
3,"Leakage_Test","","IOFF_REVERSE_VOUT_VIN_LEAKAGE_10mA",60040,"",1,1,"VIN",3,"1008","","",-340,"<=",-328.274,"mV","<=",-205,"P",0.0588329,***,"",
3,"Leakage_Test","","IOFF_REVERSE_VOUT_VIN_LEAKAGE_100mA",60050,"",1,1,"VIN",3,"1008","","",-331,"<=",-207.401,"mV","<=",-205,"P",0.0588329,***,"",
3,"Nominal_Input_pin_Leakages","","LEAKAGE",70010,"",1,1,"EN0_PS1600",3,"1008","","",10,"<=",24.1438,"uA","<=",40,"P",0.139807,***,"",
3,"Nominal_Input_pin_Leakages","","LEAKAGE",70060,"",1,1,"FAULTB_PS1600",3,"1008","","",-0.2,"<=",0.00159995,"uA","<=",0.2,"P",0.139807,***,"",
3,"Nominal_Input_pin_Leakages","","LEAKAGE",70020,"",1,1,"FCB_PS1600",3,"1008","","",-0.5,"<=",0.0616776,"uA","<=",0.5,"P",0.139807,***,"",
3,"Nominal_Input_pin_Leakages","","LEAKAGE",70040,"",1,1,"ISEN_PS1600",3,"1008","","",24,"<=",26.2688,"uA","<=",50,"P",0.139807,***,"",
3,"Nominal_Input_pin_Leakages","","LEAKAGE",70030,"",1,1,"ITRIP_PS1600",3,"1008","","",14,"<=",16.5275,"uA","<=",25,"P",0.139807,***,"",
3,"Nominal_Input_pin_Leakages","","LEAKAGE",70080,"",1,1,"OFF_PS1600",3,"1008","","",-0.2,"<=",0.07472,"uA","<=",0.5,"P",0.139807,***,"",
3,"Nominal_Input_pin_Leakages","","LEAKAGE",70050,"",1,1,"SS_PS1600",3,"1008","","",20,"<=",50.4858,"uA","<=",70,"P",0.139807,***,"",
3,"Nominal_Input_pin_Leakages","","LEAKAGE",70070,"",1,1,"VBIAS_PS1600",3,"1008","","",5,"<=",28.2137,"uA","<=",40,"P",0.139807,***,"",
3,"Nominal_Input_pin_Leakages","","LEAKAGE_2V",70090,"",1,1,"OFF_PS1600",3,"1008","","",-0.5,"<=",0.0178053,"uA","<=",0.5,"P",0.139807,***,"",
3,"Output_enabled_leakage","","IVDD_VDD_3_Vin_3",80001,"",1,1,"VDD",3,"1008","","",10,"<=",95.1644,"uA","<=",130,"P",0.495899,***,"",
3,"Output_enabled_leakage","","IVIN_VDD_3_Vin_3",80005,"",1,1,"VIN1",3,"1008","","",10,"<=",52.2053,"uA","<=",75,"P",0.495899,***,"",
3,"Output_enabled_leakage","","IVDD_VDD_3_Vin_20",80010,"",1,1,"VDD",3,"1008","","",10,"<=",96.9162,"uA","<=",150,"P",0.495899,***,"",
3,"Output_enabled_leakage","","IVIN_VDD_3_Vin_20",80014,"",1,1,"VIN1",3,"1008","","",10,"<=",85.9173,"uA","<=",120,"P",0.495899,***,"",
3,"Output_enabled_leakage","","IVDD_VDD_20_Vin_3",80011,"",1,1,"VDD",3,"1008","","",10,"<=",109.62,"uA","<=",150,"P",0.495899,***,"",
3,"Output_enabled_leakage","","IVIN_VDD_20_Vin_3",80015,"",1,1,"VIN1",3,"1008","","",10,"<=",51.205,"uA","<=",75,"P",0.495899,***,"",
3,"Output_enabled_leakage","","IVDD_VDD_20_Vin_20",80012,"",1,1,"VDD",3,"1008","","",10,"<=",119.766,"uA","<=",175,"P",0.495899,***,"",
3,"Output_enabled_leakage","","IVIN_VDD_20_Vin_20",80016,"",1,1,"VIN1",3,"1008","","",10,"<=",81.8791,"uA","<=",120,"P",0.495899,***,"",
3,"SCAN","","Scan_test",330010,"_rdi_burst_SCAN_bk4_mp",1,1,"@",3,"1008","","",***,"",***," ","",***,"P",0.0437546,***,"",
3,"Logic","","Logic_test",340010,"_rdi_burst_Logic_bk6_mp",1,1,"@",3,"1008","","",***,"",***," ","",***,"P",0.279346,***,"",
3,"POST_EFUSE_RESISTANCE","","POST_BANKA_EFUSE_RESISTANCE_BLOWN_BIT47",590001,"",1,1,"ISEN_PS1600",3,"1008","","",3500,"<=",70300.2,"ohms","<=",85000,"P",3.61603,***,"",
3,"POST_EFUSE_RESISTANCE","","POST_BANKA_EFUSE_RESISTANCE_BLOWN_BIT46",590002,"",1,1,"ISEN_PS1600",3,"1008","","",3500,"<=",70266,"ohms","<=",85000,"P",3.6658,***,"",
3,"POST_EFUSE_RESISTANCE","","POST_BANKA_EFUSE_RESISTANCE_UNBLOWN_BIT45",490003,"",1,1,"ISEN_PS1600",3,"1008","","",65,"<=",102.6,"ohms","<=",200,"P",3.72201,***,"",
3,"POST_EFUSE_RESISTANCE","","POST_BANKA_EFUSE_RESISTANCE_UNBLOWN_BIT44",490004,"",1,1,"ISEN_PS1600",3,"1008","","",65,"<=",57,"ohms","<=",200,"F",5.22249,***,"",
4,"CONTINUITY","","CONTINUITY",10030,"",1,1,"EN0_PS1600",4,"1349","","",-500,"<=",-367.304,"mV","<=",-300,"P",0.132977,***,"",
4,"CONTINUITY","","CONTINUITY",10020,"",1,1,"FAULTB_PS1600",4,"1349","","",-500,"<=",-428.03,"mV","<=",-300,"P",0.132977,***,"",
4,"CONTINUITY","","CONTINUITY",10050,"",1,1,"FCB_PS1600",4,"1349","","",-500,"<=",-368.051,"mV","<=",-300,"P",0.132977,***,"",
4,"CONTINUITY","","CONTINUITY",10090,"",1,1,"ISEN_PS1600",4,"1349","","",-500,"<=",-355.007,"mV","<=",-300,"P",0.132977,***,"",
4,"CONTINUITY","","CONTINUITY",10080,"",1,1,"ITRIP_PS1600",4,"1349","","",-500,"<=",-369.36,"mV","<=",-300,"P",0.132977,***,"",
4,"CONTINUITY","","CONTINUITY",10040,"",1,1,"OFF_PS1600",4,"1349","","",-500,"<=",-361.392,"mV","<=",-300,"P",0.132977,***,"",
4,"CONTINUITY","","CONTINUITY",10010,"",1,1,"SS_PS1600",4,"1349","","",-500,"<=",-455.887,"mV","<=",-300,"P",0.132977,***,"",
4,"CONTINUITY","","CONTINUITY",10070,"",1,1,"VBIAS_PS1600",4,"1349","","",-500,"<=",-296.165,"mV","<=",-200,"P",0.132977,***,"",
4,"CONTINUITY","","CONTINUITY",10060,"",1,1,"GND_PS1600",4,"1349","","",-500,"<=",-354.153,"mV","<=",-300,"P",0.132977,***,"",
4,"CONTINUITY","","CONTINUITY",10180,"",1,1,"VIN1",4,"1349","","",-360,"<=",-341.965,"mV","<=",-300,"P",0.132977,***,"",
4,"CONTINUITY","","CONTINUITY",10190,"",1,1,"VIN2",4,"1349","","",-360,"<=",-341.955,"mV","<=",-300,"P",0.132977,***,"",
4,"CONTINUITY","","CONTINUITY",10200,"",1,1,"VIN3",4,"1349","","",-360,"<=",-342.216,"mV","<=",-300,"P",0.132977,***,"",
4,"CONTINUITY","","CONTINUITY",10210,"",1,1,"VIN4_RS1",4,"1349","","",-360,"<=",-342.15,"mV","<=",-300,"P",0.132977,***,"",
4,"CONTINUITY","","CONTINUITY",10220,"",1,1,"VIN4_RS2",4,"1349","","",-360,"<=",-342.19,"mV","<=",-300,"P",0.132977,***,"",
4,"CONTINUITY","","CONTINUITY",10230,"",1,1,"VIN5_RS1",4,"1349","","",-360,"<=",-342.314,"mV","<=",-300,"P",0.132977,***,"",
4,"CONTINUITY","","CONTINUITY",10240,"",1,1,"VIN5_RS2",4,"1349","","",-360,"<=",-342.316,"mV","<=",-300,"P",0.132977,***,"",
4,"CONTINUITY","","CONTINUITY",10250,"",1,1,"VIN6",4,"1349","","",-360,"<=",-342.209,"mV","<=",-300,"P",0.132977,***,"",
4,"CONTINUITY","","CONTINUITY",10100,"",1,1,"VOUT1",4,"1349","","",-300,"<=",-224.329,"mV","<=",-200,"P",0.132977,***,"",
4,"CONTINUITY","","CONTINUITY",10110,"",1,1,"VOUT2_RS1",4,"1349","","",-300,"<=",-224.073,"mV","<=",-200,"P",0.132977,***,"",
4,"CONTINUITY","","CONTINUITY",10120,"",1,1,"VOUT2_RS2",4,"1349","","",-300,"<=",-224.073,"mV","<=",-200,"P",0.132977,***,"",
4,"CONTINUITY","","CONTINUITY",10130,"",1,1,"VOUT3_RS1",4,"1349","","",-300,"<=",-224.192,"mV","<=",-200,"P",0.132977,***,"",
4,"CONTINUITY","","CONTINUITY",10140,"",1,1,"VOUT3_RS2",4,"1349","","",-300,"<=",-224.314,"mV","<=",-200,"P",0.132977,***,"",
4,"CONTINUITY","","CONTINUITY",10150,"",1,1,"VOUT4",4,"1349","","",-300,"<=",-224.394,"mV","<=",-200,"P",0.132977,***,"",
4,"CONTINUITY","","CONTINUITY",10160,"",1,1,"VOUT5",4,"1349","","",-300,"<=",-223.89,"mV","<=",-200,"P",0.132977,***,"",
4,"CONTINUITY","","CONTINUITY",10170,"",1,1,"VOUT6",4,"1349","","",-300,"<=",-224.03,"mV","<=",-200,"P",0.132977,***,"",
4,"Pin_to_Pin_Leakage","","PIN_TO_PIN_POS_LEAKAGE_PIN",20010,"",1,1,"FAULTB_PS1600",4,"1349","","",-200,"<=",-6.0883,"nA","<=",200,"P",0.416773,***,"",
4,"Pin_to_Pin_Leakage","","PIN_TO_PIN_NEG_LEAKAGE_PIN",20110,"",1,1,"FAULTB_PS1600",4,"1349","","",-200,"<=",-6.0883,"nA","<=",200,"P",0.416773,***,"",
4,"Pin_to_Pin_Leakage","","PIN_TO_PIN_POS_LEAKAGE_PIN",20020,"",1,1,"ITRIP_PS1600",4,"1349","","",-200,"<=",-10.1704,"nA","<=",200,"P",0.416773,***,"",
4,"Pin_to_Pin_Leakage","","PIN_TO_PIN_NEG_LEAKAGE_PIN",20120,"",1,1,"ITRIP_PS1600",4,"1349","","",-200,"<=",-10.1704,"nA","<=",200,"P",0.416773,***,"",
4,"Pin_to_Pin_Leakage","","PIN_TO_PIN_POS_LEAKAGE_PIN",20030,"",1,1,"OFF_PS1600",4,"1349","","",-200,"<=",-8.48539,"nA","<=",200,"P",0.416773,***,"",
4,"Pin_to_Pin_Leakage","","PIN_TO_PIN_NEG_LEAKAGE_PIN",20130,"",1,1,"OFF_PS1600",4,"1349","","",-200,"<=",-8.48539,"nA","<=",200,"P",0.416773,***,"",
4,"Pin_to_Pin_Leakage","","PIN_TO_PIN_POS_LEAKAGE_PIN",20040,"",1,1,"SS_PS1600",4,"1349","","",-200,"<=",-10.9958,"nA","<=",200,"P",0.416773,***,"",
4,"Pin_to_Pin_Leakage","","PIN_TO_PIN_NEG_LEAKAGE_PIN",20140,"",1,1,"SS_PS1600",4,"1349","","",-200,"<=",-10.9958,"nA","<=",200,"P",0.416773,***,"",
4,"Pin_to_Pin_Leakage","","PIN_TO_PIN_POS_LEAKAGE_PIN",20050,"",1,1,"VIN1",4,"1349","","",10,"<=",296.954,"nA","<=",500,"P",0.416773,***,"",
4,"Pin_to_Pin_Leakage","","PIN_TO_PIN_NEG_LEAKAGE_PIN",20150,"",1,1,"VIN1",4,"1349","","",-500,"<=",-297.721,"nA","<=",-10,"P",0.416773,***,"",
4,"Pin_to_Pin_Leakage","","PIN_TO_PIN_POS_LEAKAGE_PIN",20060,"",1,1,"VOUT1",4,"1349","","",10,"<=",299.318,"nA","<=",500,"P",0.416773,***,"",
4,"Pin_to_Pin_Leakage","","PIN_TO_PIN_NEG_LEAKAGE_PIN",20160,"",1,1,"VOUT1",4,"1349","","",-500,"<=",-301.097,"nA","<=",-10,"P",0.416773,***,"",
4,"Pin_to_Pin_Leakage","","PIN_TO_PIN_POS_LEAKAGE_PIN",20070,"",1,1,"EN0_PS1600",4,"1349","","",300,"<=",502.614,"nA","<=",700,"P",0.416773,***,"",
4,"Pin_to_Pin_Leakage","","PIN_TO_PIN_NEG_LEAKAGE_PIN",20170,"",1,1,"EN0_PS1600",4,"1349","","",-700,"<=",-506.169,"nA","<=",-300,"P",0.416773,***,"",
4,"Pin_to_Pin_Leakage","","PIN_TO_PIN_POS_LEAKAGE_PIN",20080,"",1,1,"FCB_PS1600",4,"1349","","",-200,"<=",0.244887,"nA","<=",200,"P",0.416773,***,"",
4,"Pin_to_Pin_Leakage","","PIN_TO_PIN_NEG_LEAKAGE_PIN",20180,"",1,1,"FCB_PS1600",4,"1349","","",-200,"<=",-5.52641,"nA","<=",200,"P",0.416773,***,"",
4,"Pin_to_Pin_Leakage","","PIN_TO_PIN_POS_LEAKAGE_PIN",20090,"",1,1,"ISEN_PS1600",4,"1349","","",-200,"<=",0.250599,"nA","<=",200,"P",0.416773,***,"",
4,"Pin_to_Pin_Leakage","","PIN_TO_PIN_NEG_LEAKAGE_PIN",20190,"",1,1,"ISEN_PS1600",4,"1349","","",-200,"<=",-9.05959,"nA","<=",200,"P",0.416773,***,"",
4,"Pin_to_Pin_Leakage","","PIN_TO_PIN_POS_LEAKAGE_PIN_VBIAS_PS1600",20100,"",1,1,"VBIAS_PS1600",4,"1349","","",500,"<=",792,"nA","<=",1000,"P",0.416773,***,"",
4,"Pin_to_Pin_Leakage","","PIN_TO_PIN_NEG_LEAKAGE_PIN_VBIAS_PS1600",20200,"",1,1,"VBIAS_PS1600",4,"1349","","",-1000,"<=",-850,"nA","<=",-500,"P",0.416773,***,"",
4,"IVDDFL_IVINFL_RONFL","","RON_200mAVDD_5_VIN_5_20V_Part",90050,"",1,1,"VIN1",4,"1349","","",0.01,"<=",0.0232011,"ohm","<=",0.03,"P",0.034414,***,"",
4,"IVDDFL_IVINFL_RONFL","","DEVICE_VARIENT_TRUE",90060,"",1,1,"VIN1",4,"1349","","",0.5,"<=",1,"","<=",1.5,"P",0.034414,***,"",
4,"Fuse_Burn_Check","","BANKA_BIT5_BLOWN_TRUE",1000001,"",1,1,"OFF_PS1600",4,"1349","","",0,"<=",1,"","<=",1,"P",0.0995141,***,"",
4,"Gross_Functional_EN_FCB_FAULTB_OFF","","EN_FCB_LOW_VOUT_LOW",30010,"",1,1,"VOUT4",4,"1349","","",-0.001,"<=",0.0182457,"V","<=",1,"P",0.231374,***,"",
4,"Gross_Functional_EN_FCB_FAULTB_OFF","","EN_FCB_LOW_OFF_HIGH",30020,"",1,1,"OFF_PS1600",4,"1349","","",1.6,"<=",1.79501,"V","<=",2.3,"P",0.231374,***,"",
4,"Gross_Functional_EN_FCB_FAULTB_OFF","","FCB_LOW_VOUT_LOW",30030,"",1,1,"VOUT4",4,"1349","","",-0.001,"<=",0.00177002,"V","<=",0.5,"P",0.231374,***,"",
4,"Gross_Functional_EN_FCB_FAULTB_OFF","","FCB_LOW_OFF_HIGH",30040,"",1,1,"OFF_PS1600",4,"1349","","",1.6,"<=",1.79563,"V","<=",2.3,"P",0.231374,***,"",
4,"Gross_Functional_EN_FCB_FAULTB_OFF","","EN_LOW_VOUT_LOW",30050,"",1,1,"VOUT4",4,"1349","","",-0.001,"<=",0.000211716,"V","<=",0.5,"P",0.231374,***,"",
4,"Gross_Functional_EN_FCB_FAULTB_OFF","","EN_LOW_OFF_HIGH",30060,"",1,1,"OFF_PS1600",4,"1349","","",1.6,"<=",1.79512,"V","<=",2.3,"P",0.231374,***,"",
4,"Gross_Functional_EN_FCB_FAULTB_OFF","","EN_FCB_HIGH_VOUT_HIGH",30070,"",1,1,"VOUT4",4,"1349","","",4.85,"<=",4.99972,"V","<=",5.1,"P",0.231374,***,"",
4,"Gross_Functional_EN_FCB_FAULTB_OFF","","EN_FCB_HIGH_OFF_LOW",30080,"",1,1,"OFF_PS1600",4,"1349","","",-0.001,"<=",0.000771185,"V","<=",0.5,"P",0.231374,***,"",
4,"Gross_Functional_EN_FCB_FAULTB_OFF","","FAULT_SET_VOUT_LOW",30090,"",1,1,"VOUT4",4,"1349","","",-0.001,"<=",0.000253677,"V","<=",0.5,"P",0.231374,***,"",
4,"Gross_Functional_EN_FCB_FAULTB_OFF","","FAULT_SET_OFF_HIGH",30100,"",1,1,"OFF_PS1600",4,"1349","","",1.6,"<=",1.84048,"V","<=",2.3,"P",0.231374,***,"",
4,"Gross_Functional_EN_FCB_FAULTB_OFF","","FAULT_RESET_VOUT_HIGH",30110,"",1,1,"VOUT4",4,"1349","","",4.85,"<=",5.00011,"V","<=",5.1,"P",0.231374,***,"",
4,"Gross_Functional_EN_FCB_FAULTB_OFF","","FAULT_RESET_OFF_LOW",30120,"",1,1,"OFF_PS1600",4,"1349","","",0,"<=",0.000771185,"V","<=",0.5,"P",0.231374,***,"",
4,"Output_disabled_leakage","","IVDDDIS_VDD_3_VIN_3",40010,"",1,1,"VDD",4,"1349","","",10,"<=",106.546,"uA","<=",166.5,"P",0.10165,***,"",
4,"Output_disabled_leakage","","IVINDIS_VDD_3_VIN_3",40050,"",1,1,"VIN1",4,"1349","","",10,"<=",66.4331,"uA","<=",166.5,"P",0.10165,***,"",
4,"Output_disabled_leakage","","IOFF_VDD_3_VIN_3",40090,"",1,1,"VOUT4",4,"1349","","",-14,"<=",-1.49793,"uA","<=",11,"P",0.10165,***,"",
4,"Output_disabled_leakage","","IVDDDIS_VDD_3_VIN_20",40020,"",1,1,"VDD",4,"1349","","",10,"<=",112.355,"uA","<=",166.5,"P",0.10165,***,"",
4,"Output_disabled_leakage","","IVINDIS_VDD_3_VIN_20",40060,"",1,1,"VIN1",4,"1349","","",10,"<=",85.9527,"uA","<=",166.5,"P",0.10165,***,"",
4,"Output_disabled_leakage","","IOFF_VDD_3_VIN_20",40100,"",1,1,"VOUT4",4,"1349","","",-14,"<=",-1.38395,"uA","<=",11,"P",0.10165,***,"",
4,"Output_disabled_leakage","","IVINVDD0_VIN_3",40130,"",1,1,"VIN1",4,"1349","","",10,"<=",63.3625,"uA","<=",166.5,"P",0.10165,***,"",
4,"Output_disabled_leakage","","IOFFVDD0_VIN_3",40150,"",1,1,"VOUT4",4,"1349","","",-14,"<=",-1.2524,"uA","<=",11,"P",0.10165,***,"",
4,"Output_disabled_leakage","","IVDDDIS_VDD_20_VIN_3",40030,"",1,1,"VDD",4,"1349","","",10,"<=",126.872,"uA","<=",166.5,"P",0.10165,***,"",
4,"Output_disabled_leakage","","IVINDIS_VDD_20_VIN_3",40070,"",1,1,"VIN1",4,"1349","","",10,"<=",71.398,"uA","<=",166.5,"P",0.10165,***,"",
4,"Output_disabled_leakage","","IOFF_VDD_20_VIN_3",40110,"",1,1,"VOUT4",4,"1349","","",-14,"<=",-1.61272,"uA","<=",11,"P",0.10165,***,"",
4,"Output_disabled_leakage","","IVDDDIS_VDD_20_VIN_20",40040,"",1,1,"VDD",4,"1349","","",10,"<=",117.779,"uA","<=",166.5,"P",0.10165,***,"",
4,"Output_disabled_leakage","","IVINDIS_VDD_20_VIN_20",40080,"",1,1,"VIN1",4,"1349","","",10,"<=",90.8142,"uA","<=",166.5,"P",0.10165,***,"",
4,"Output_disabled_leakage","","IOFF_VDD_20_VIN_20",40120,"",1,1,"VOUT4",4,"1349","","",-14,"<=",-1.30813,"uA","<=",11,"P",0.10165,***,"",
4,"Output_disabled_leakage","","IVINVDD0_VIN_20",40140,"",1,1,"VIN1",4,"1349","","",10,"<=",112.591,"uA","<=",166.5,"P",0.10165,***,"",
4,"Output_disabled_leakage","","IOFFVDD0_VIN_20",40160,"",1,1,"VOUT4",4,"1349","","",-14,"<=",-2.1295,"uA","<=",11,"P",0.10165,***,"",
4,"EN_pullup_resistor","","EN0V_PULLUP_RES",50010,"",1,1,"EN0_PS1600",4,"1349","","",155,"<=",199.802,"Kohm","<=",230,"P",0.0272827,***,"",
4,"EN_pullup_resistor","","EN1V_PULLUP_RES",50020,"",1,1,"EN0_PS1600",4,"1349","","",155,"<=",200.667,"Kohm","<=",230,"P",0.0272827,***,"",
4,"EN_pullup_resistor","","EN0V_Current",50030,"",1,1,"EN0_PS1600",4,"1349","","",-11,"<=",-9.00891,"uA","<=",-7,"P",0.0272827,***,"",
4,"EN_pullup_resistor","","EN1V_Current",50040,"",1,1,"EN0_PS1600",4,"1349","","",-5.5,"<=",-3.98671,"uA","<=",-3,"P",0.0272827,***,"",
4,"Leakage_Test","","IOFF_REVERSE_VOUT_VIN_LEAKAGE_1mA",60030,"",1,1,"VIN",4,"1349","","",-331,"<=",-266.228,"mV","<=",-205,"P",0.0588329,***,"",
4,"Leakage_Test","","IOFF_REVERSE_VOUT_VIN_LEAKAGE_10mA",60040,"",1,1,"VIN",4,"1349","","",-340,"<=",-328.423,"mV","<=",-205,"P",0.0588329,***,"",
4,"Leakage_Test","","IOFF_REVERSE_VOUT_VIN_LEAKAGE_100mA",60050,"",1,1,"VIN",4,"1349","","",-331,"<=",-206.774,"mV","<=",-205,"P",0.0588329,***,"",
4,"Nominal_Input_pin_Leakages","","LEAKAGE",70010,"",1,1,"EN0_PS1600",4,"1349","","",10,"<=",24.5135,"uA","<=",40,"P",0.139807,***,"",
4,"Nominal_Input_pin_Leakages","","LEAKAGE",70060,"",1,1,"FAULTB_PS1600",4,"1349","","",-0.2,"<=",0.00515388,"uA","<=",0.2,"P",0.139807,***,"",
4,"Nominal_Input_pin_Leakages","","LEAKAGE",70020,"",1,1,"FCB_PS1600",4,"1349","","",-0.5,"<=",0.0867436,"uA","<=",0.5,"P",0.139807,***,"",
4,"Nominal_Input_pin_Leakages","","LEAKAGE",70040,"",1,1,"ISEN_PS1600",4,"1349","","",24,"<=",26.1425,"uA","<=",50,"P",0.139807,***,"",
4,"Nominal_Input_pin_Leakages","","LEAKAGE",70030,"",1,1,"ITRIP_PS1600",4,"1349","","",14,"<=",16.4773,"uA","<=",25,"P",0.139807,***,"",
4,"Nominal_Input_pin_Leakages","","LEAKAGE",70080,"",1,1,"OFF_PS1600",4,"1349","","",-0.2,"<=",0.07472,"uA","<=",0.5,"P",0.139807,***,"",
4,"Nominal_Input_pin_Leakages","","LEAKAGE",70050,"",1,1,"SS_PS1600",4,"1349","","",20,"<=",50.2842,"uA","<=",70,"P",0.139807,***,"",
4,"Nominal_Input_pin_Leakages","","LEAKAGE",70070,"",1,1,"VBIAS_PS1600",4,"1349","","",5,"<=",27.9404,"uA","<=",40,"P",0.139807,***,"",
4,"Nominal_Input_pin_Leakages","","LEAKAGE_2V",70090,"",1,1,"OFF_PS1600",4,"1349","","",-0.5,"<=",0.043096,"uA","<=",0.5,"P",0.139807,***,"",
4,"Output_enabled_leakage","","IVDD_VDD_3_Vin_3",80001,"",1,1,"VDD",4,"1349","","",10,"<=",92.7849,"uA","<=",130,"P",0.495899,***,"",
4,"Output_enabled_leakage","","IVIN_VDD_3_Vin_3",80005,"",1,1,"VIN1",4,"1349","","",10,"<=",51.9096,"uA","<=",75,"P",0.495899,***,"",
4,"Output_enabled_leakage","","IVDD_VDD_3_Vin_20",80010,"",1,1,"VDD",4,"1349","","",10,"<=",97.8401,"uA","<=",150,"P",0.495899,***,"",
4,"Output_enabled_leakage","","IVIN_VDD_3_Vin_20",80014,"",1,1,"VIN1",4,"1349","","",10,"<=",81.5531,"uA","<=",120,"P",0.495899,***,"",
4,"Output_enabled_leakage","","IVDD_VDD_20_Vin_3",80011,"",1,1,"VDD",4,"1349","","",10,"<=",116.972,"uA","<=",150,"P",0.495899,***,"",
4,"Output_enabled_leakage","","IVIN_VDD_20_Vin_3",80015,"",1,1,"VIN1",4,"1349","","",10,"<=",52.0232,"uA","<=",75,"P",0.495899,***,"",
4,"Output_enabled_leakage","","IVDD_VDD_20_Vin_20",80012,"",1,1,"VDD",4,"1349","","",10,"<=",113.337,"uA","<=",175,"P",0.495899,***,"",
4,"Output_enabled_leakage","","IVIN_VDD_20_Vin_20",80016,"",1,1,"VIN1",4,"1349","","",10,"<=",81.1517,"uA","<=",120,"P",0.495899,***,"",
4,"SCAN","","Scan_test",330010,"_rdi_burst_SCAN_bk4_mp",1,1,"@",4,"1349","","",***,"",***," ","",***,"P",0.0437546,***,"",
4,"Logic","","Logic_test",340010,"_rdi_burst_Logic_bk6_mp",1,1,"@",4,"1349","","",***,"",***," ","",***,"P",0.279346,***,"",
4,"POST_EFUSE_RESISTANCE","","POST_BANKA_EFUSE_RESISTANCE_BLOWN_BIT47",590001,"",1,1,"ISEN_PS1600",4,"1349","","",3500,"<=",70356.8,"ohms","<=",85000,"P",3.61603,***,"",
4,"POST_EFUSE_RESISTANCE","","POST_BANKA_EFUSE_RESISTANCE_BLOWN_BIT46",590002,"",1,1,"ISEN_PS1600",4,"1349","","",3500,"<=",70379.6,"ohms","<=",85000,"P",3.6658,***,"",
4,"POST_EFUSE_RESISTANCE","","POST_BANKA_EFUSE_RESISTANCE_UNBLOWN_BIT45",490003,"",1,1,"ISEN_PS1600",4,"1349","","",65,"<=",102.6,"ohms","<=",200,"P",3.72201,***,"",
4,"POST_EFUSE_RESISTANCE","","POST_BANKA_EFUSE_RESISTANCE_BLOWN_BIT44",590004,"",1,1,"ISEN_PS1600",4,"1349","","",3500,"<=",70413.8,"ohms","<=",85000,"P",2.88429,***,"",
4,"POST_EFUSE_RESISTANCE","","POST_BANKA_EFUSE_RESISTANCE_UNBLOWN_BIT43",490005,"",1,1,"ISEN_PS1600",4,"1349","","",65,"<=",68.4,"ohms","<=",200,"P",2.88802,***,"",
4,"POST_EFUSE_RESISTANCE","","POST_BANKA_EFUSE_RESISTANCE_BLOWN_BIT42",590006,"",1,1,"ISEN_PS1600",4,"1349","","",3500,"<=",70379.8,"ohms","<=",85000,"P",2.88801,***,"",
4,"POST_EFUSE_RESISTANCE","","POST_BANKA_EFUSE_RESISTANCE_BLOWN_BIT41",590007,"",1,1,"ISEN_PS1600",4,"1349","","",3500,"<=",70368.2,"ohms","<=",85000,"P",2.88801,***,"",
4,"POST_EFUSE_RESISTANCE","","POST_BANKA_EFUSE_RESISTANCE_BLOWN_BIT40",590008,"",1,1,"ISEN_PS1600",4,"1349","","",3500,"<=",70402.6,"ohms","<=",85000,"P",2.88392,***,"",
4,"POST_EFUSE_RESISTANCE","","POST_BANKA_EFUSE_RESISTANCE_BLOWN_BIT39",590009,"",1,1,"ISEN_PS1600",4,"1349","","",3500,"<=",70425.2,"ohms","<=",85000,"P",2.88741,***,"",
4,"POST_EFUSE_RESISTANCE","","POST_BANKA_EFUSE_RESISTANCE_UNBLOWN_BIT38",490010,"",1,1,"ISEN_PS1600",4,"1349","","",65,"<=",91.2,"ohms","<=",200,"P",2.88555,***,"",
4,"POST_EFUSE_RESISTANCE","","POST_BANKA_EFUSE_RESISTANCE_BLOWN_BIT37",590011,"",1,1,"ISEN_PS1600",4,"1349","","",3500,"<=",70379.8,"ohms","<=",85000,"P",2.88604,***,"",
4,"POST_EFUSE_RESISTANCE","","POST_BANKA_EFUSE_RESISTANCE_BLOWN_BIT36",590012,"",1,1,"ISEN_PS1600",4,"1349","","",3500,"<=",70391.2,"ohms","<=",85000,"P",2.88426,***,"",
4,"POST_EFUSE_RESISTANCE","","POST_BANKA_EFUSE_RESISTANCE_UNBLOWN_BIT35",490013,"",1,1,"ISEN_PS1600",4,"1349","","",65,"<=",79.8,"ohms","<=",200,"P",2.88426,***,"",
4,"POST_EFUSE_RESISTANCE","","POST_BANKA_EFUSE_RESISTANCE_UNBLOWN_BIT34",490014,"",1,1,"ISEN_PS1600",4,"1349","","",65,"<=",91.2,"ohms","<=",200,"P",2.88426,***,"",
4,"POST_EFUSE_RESISTANCE","","POST_BANKA_EFUSE_RESISTANCE_UNBLOWN_BIT33",490015,"",1,1,"ISEN_PS1600",4,"1349","","",65,"<=",79.8,"ohms","<=",200,"P",2.88443,***,"",
4,"POST_EFUSE_RESISTANCE","","POST_BANKA_EFUSE_RESISTANCE_UNBLOWN_BIT32",490016,"",1,1,"ISEN_PS1600",4,"1349","","",65,"<=",68.4,"ohms","<=",200,"P",2.88546,***,"",
4,"POST_EFUSE_RESISTANCE","","POST_BANKA_EFUSE_RESISTANCE_BLOWN_BIT31",590017,"",1,1,"ISEN_PS1600",4,"1349","","",3500,"<=",70414,"ohms","<=",85000,"P",2.88666,***,"",
4,"POST_EFUSE_RESISTANCE","","POST_BANKA_EFUSE_RESISTANCE_UNBLOWN_BIT30",490018,"",1,1,"ISEN_PS1600",4,"1349","","",65,"<=",91.2,"ohms","<=",200,"P",2.88839,***,"",
4,"POST_EFUSE_RESISTANCE","","POST_BANKA_EFUSE_RESISTANCE_UNBLOWN_BIT29",490019,"",1,1,"ISEN_PS1600",4,"1349","","",65,"<=",91.2,"ohms","<=",200,"P",2.88631,***,"",
4,"POST_EFUSE_RESISTANCE","","POST_BANKA_EFUSE_RESISTANCE_UNBLOWN_BIT28",490020,"",1,1,"ISEN_PS1600",4,"1349","","",65,"<=",68.4,"ohms","<=",200,"P",2.88735,***,"",
4,"POST_EFUSE_RESISTANCE","","POST_BANKA_EFUSE_RESISTANCE_BLOWN_BIT27",590021,"",1,1,"ISEN_PS1600",4,"1349","","",3500,"<=",70402.6,"ohms","<=",85000,"P",2.88735,***,"",
4,"POST_EFUSE_RESISTANCE","","POST_BANKA_EFUSE_RESISTANCE_BLOWN_BIT26",590022,"",1,1,"ISEN_PS1600",4,"1349","","",3500,"<=",70436.6,"ohms","<=",85000,"P",2.89318,***,"",
4,"POST_EFUSE_RESISTANCE","","POST_BANKA_EFUSE_RESISTANCE_UNBLOWN_BIT25",490023,"",1,1,"ISEN_PS1600",4,"1349","","",65,"<=",91.2,"ohms","<=",200,"P",2.89318,***,"",
4,"POST_EFUSE_RESISTANCE","","POST_BANKA_EFUSE_RESISTANCE_UNBLOWN_BIT24",490024,"",1,1,"ISEN_PS1600",4,"1349","","",65,"<=",68.4,"ohms","<=",200,"P",2.89144,***,"",
4,"POST_EFUSE_RESISTANCE","","POST_BANKA_EFUSE_RESISTANCE_UNBLOWN_BIT23",490025,"",1,1,"ISEN_PS1600",4,"1349","","",65,"<=",68.4,"ohms","<=",200,"P",2.88735,***,"",
4,"POST_EFUSE_RESISTANCE","","POST_BANKA_EFUSE_RESISTANCE_UNBLOWN_BIT22",490026,"",1,1,"ISEN_PS1600",4,"1349","","",65,"<=",91.2,"ohms","<=",200,"P",2.88564,***,"",
4,"POST_EFUSE_RESISTANCE","","POST_BANKA_EFUSE_RESISTANCE_UNBLOWN_BIT21",490027,"",1,1,"ISEN_PS1600",4,"1349","","",65,"<=",91.2,"ohms","<=",200,"P",2.88425,***,"",
4,"POST_EFUSE_RESISTANCE","","POST_BANKA_EFUSE_RESISTANCE_UNBLOWN_BIT20",490028,"",1,1,"ISEN_PS1600",4,"1349","","",65,"<=",68.4,"ohms","<=",200,"P",2.88425,***,"",
4,"POST_EFUSE_RESISTANCE","","POST_BANKA_EFUSE_RESISTANCE_UNBLOWN_BIT19",490029,"",1,1,"ISEN_PS1600",4,"1349","","",65,"<=",68.4,"ohms","<=",200,"P",2.88425,***,"",
4,"POST_EFUSE_RESISTANCE","","POST_BANKA_EFUSE_RESISTANCE_UNBLOWN_BIT18",490030,"",1,1,"ISEN_PS1600",4,"1349","","",65,"<=",102.6,"ohms","<=",200,"P",2.88482,***,"",
4,"POST_EFUSE_RESISTANCE","","POST_BANKA_EFUSE_RESISTANCE_BLOWN_BIT17",590031,"",1,1,"ISEN_PS1600",4,"1349","","",3500,"<=",70436.6,"ohms","<=",85000,"P",2.88508,***,"",
4,"POST_EFUSE_RESISTANCE","","POST_BANKA_EFUSE_RESISTANCE_BLOWN_BIT16",590032,"",1,1,"ISEN_PS1600",4,"1349","","",3500,"<=",70391.2,"ohms","<=",85000,"P",2.88508,***,"",
4,"POST_EFUSE_RESISTANCE","","POST_BANKA_EFUSE_RESISTANCE_BLOWN_BIT15",590033,"",1,1,"ISEN_PS1600",4,"1349","","",3500,"<=",70368.4,"ohms","<=",85000,"P",2.89058,***,"",
4,"POST_EFUSE_RESISTANCE","","POST_BANKA_EFUSE_RESISTANCE_BLOWN_BIT14",590034,"",1,1,"ISEN_PS1600",4,"1349","","",3500,"<=",70425.2,"ohms","<=",85000,"P",2.88595,***,"",
4,"POST_EFUSE_RESISTANCE","","POST_BANKA_EFUSE_RESISTANCE_UNBLOWN_BIT13",490035,"",1,1,"ISEN_PS1600",4,"1349","","",65,"<=",91.2,"ohms","<=",200,"P",2.88683,***,"",
4,"POST_EFUSE_RESISTANCE","","POST_BANKA_EFUSE_RESISTANCE_UNBLOWN_BIT12",490036,"",1,1,"ISEN_PS1600",4,"1349","","",65,"<=",68.4,"ohms","<=",200,"P",2.88674,***,"",
4,"POST_EFUSE_RESISTANCE","","POST_BANKA_EFUSE_RESISTANCE_BLOWN_BIT11",590037,"",1,1,"ISEN_PS1600",4,"1349","","",3500,"<=",70402.4,"ohms","<=",85000,"P",2.88548,***,"",
4,"POST_EFUSE_RESISTANCE","","POST_BANKA_EFUSE_RESISTANCE_UNBLOWN_BIT10",490038,"",1,1,"ISEN_PS1600",4,"1349","","",65,"<=",91.2,"ohms","<=",200,"P",2.88156,***,"",
4,"POST_EFUSE_RESISTANCE","","POST_BANKA_EFUSE_RESISTANCE_BLOWN_BIT9",590039,"",1,1,"ISEN_PS1600",4,"1349","","",3500,"<=",70436.6,"ohms","<=",85000,"P",2.88156,***,"",
4,"POST_EFUSE_RESISTANCE","","POST_BANKA_EFUSE_RESISTANCE_BLOWN_BIT8",590040,"",1,1,"ISEN_PS1600",4,"1349","","",3500,"<=",70413.8,"ohms","<=",85000,"P",2.88156,***,"",
4,"POST_EFUSE_RESISTANCE","","POST_BANKA_EFUSE_RESISTANCE_BLOWN_BIT7",590041,"",1,1,"ISEN_PS1600",4,"1349","","",3500,"<=",70413.8,"ohms","<=",85000,"P",2.8817,***,"",
4,"POST_EFUSE_RESISTANCE","","POST_BANKA_EFUSE_RESISTANCE_UNBLOWN_BIT6",490042,"",1,1,"ISEN_PS1600",4,"1349","","",65,"<=",91.2,"ohms","<=",200,"P",2.88326,***,"",
4,"POST_EFUSE_RESISTANCE","","POST_BANKA_EFUSE_RESISTANCE_BLOWN_BIT5",590043,"",1,1,"ISEN_PS1600",4,"1349","","",3500,"<=",70425.2,"ohms","<=",85000,"P",2.88326,***,"",
4,"POST_EFUSE_RESISTANCE","","POST_BANKA_EFUSE_RESISTANCE_UNBLOWN_BIT4",490044,"",1,1,"ISEN_PS1600",4,"1349","","",65,"<=",79.8,"ohms","<=",200,"P",2.88326,***,"",
4,"POST_EFUSE_RESISTANCE","","POST_BANKA_EFUSE_RESISTANCE_UNBLOWN_BIT3",490045,"",1,1,"ISEN_PS1600",4,"1349","","",65,"<=",68.4,"ohms","<=",200,"P",2.88326,***,"",
4,"POST_EFUSE_RESISTANCE","","POST_BANKA_EFUSE_RESISTANCE_UNBLOWN_BIT2",490046,"",1,1,"ISEN_PS1600",4,"1349","","",65,"<=",79.8,"ohms","<=",200,"P",2.88326,***,"",
4,"POST_EFUSE_RESISTANCE","","POST_BANKA_EFUSE_RESISTANCE_UNBLOWN_BIT1",490047,"",1,1,"ISEN_PS1600",4,"1349","","",65,"<=",102.4,"ohms","<=",200,"P",2.88273,***,"",
4,"POST_EFUSE_RESISTANCE","","POST_BANKA_EFUSE_RESISTANCE_UNBLOWN_BIT0",490048,"",1,1,"ISEN_PS1600",4,"1349","","",65,"<=",91.2,"ohms","<=",200,"P",2.88421,***,"",
4,"POST_EFUSE_RESISTANCE","","POST_BANKB_EFUSE_RESISTANCE_BLOWN_BIT47",590049,"",1,1,"ISEN_PS1600",4,"1349","","",3500,"<=",70402.4,"ohms","<=",85000,"P",2.88421,***,"",
4,"POST_EFUSE_RESISTANCE","","POST_BANKB_EFUSE_RESISTANCE_BLOWN_BIT46",590050,"",1,1,"ISEN_PS1600",4,"1349","","",3500,"<=",70402.6,"ohms","<=",85000,"P",2.88421,***,"",
4,"POST_EFUSE_RESISTANCE","","POST_BANKB_EFUSE_RESISTANCE_UNBLOWN_BIT45",490051,"",1,1,"ISEN_PS1600",4,"1349","","",65,"<=",91.2,"ohms","<=",200,"P",2.88535,***,"",
4,"POST_EFUSE_RESISTANCE","","POST_BANKB_EFUSE_RESISTANCE_BLOWN_BIT44",590052,"",1,1,"ISEN_PS1600",4,"1349","","",3500,"<=",70425.2,"ohms","<=",85000,"P",2.87876,***,"",
4,"POST_EFUSE_RESISTANCE","","POST_BANKB_EFUSE_RESISTANCE_UNBLOWN_BIT43",490053,"",1,1,"ISEN_PS1600",4,"1349","","",65,"<=",79.8,"ohms","<=",200,"P",2.88605,***,"",
4,"POST_EFUSE_RESISTANCE","","POST_BANKB_EFUSE_RESISTANCE_BLOWN_BIT42",590054,"",1,1,"ISEN_PS1600",4,"1349","","",3500,"<=",70402.6,"ohms","<=",85000,"P",2.88855,***,"",
4,"POST_EFUSE_RESISTANCE","","POST_BANKB_EFUSE_RESISTANCE_BLOWN_BIT41",590055,"",1,1,"ISEN_PS1600",4,"1349","","",3500,"<=",69901.8,"ohms","<=",85000,"P",2.88855,***,"",
4,"POST_EFUSE_RESISTANCE","","POST_BANKB_EFUSE_RESISTANCE_BLOWN_BIT40",590056,"",1,1,"ISEN_PS1600",4,"1349","","",3500,"<=",70106.6,"ohms","<=",85000,"P",2.88191,***,"",
4,"POST_EFUSE_RESISTANCE","","POST_BANKB_EFUSE_RESISTANCE_BLOWN_BIT39",590057,"",1,1,"ISEN_PS1600",4,"1349","","",3500,"<=",70425.2,"ohms","<=",85000,"P",2.8857,***,"",
4,"POST_EFUSE_RESISTANCE","","POST_BANKB_EFUSE_RESISTANCE_UNBLOWN_BIT38",490058,"",1,1,"ISEN_PS1600",4,"1349","","",65,"<=",68.4,"ohms","<=",200,"P",2.87139,***,"",
4,"POST_EFUSE_RESISTANCE","","POST_BANKB_EFUSE_RESISTANCE_BLOWN_BIT37",590059,"",1,1,"ISEN_PS1600",4,"1349","","",3500,"<=",70414,"ohms","<=",85000,"P",2.88421,***,"",
4,"POST_EFUSE_RESISTANCE","","POST_BANKB_EFUSE_RESISTANCE_BLOWN_BIT36",590060,"",1,1,"ISEN_PS1600",4,"1349","","",3500,"<=",70436.6,"ohms","<=",85000,"P",2.88421,***,"",
4,"POST_EFUSE_RESISTANCE","","POST_BANKB_EFUSE_RESISTANCE_UNBLOWN_BIT35",490061,"",1,1,"ISEN_PS1600",4,"1349","","",65,"<=",91.2,"ohms","<=",200,"P",2.88421,***,"",
4,"POST_EFUSE_RESISTANCE","","POST_BANKB_EFUSE_RESISTANCE_UNBLOWN_BIT34",490062,"",1,1,"ISEN_PS1600",4,"1349","","",65,"<=",79.8,"ohms","<=",200,"P",2.88285,***,"",
4,"POST_EFUSE_RESISTANCE","","POST_BANKB_EFUSE_RESISTANCE_UNBLOWN_BIT33",490063,"",1,1,"ISEN_PS1600",4,"1349","","",65,"<=",68.4,"ohms","<=",200,"P",2.88285,***,"",
4,"POST_EFUSE_RESISTANCE","","POST_BANKB_EFUSE_RESISTANCE_UNBLOWN_BIT32",490064,"",1,1,"ISEN_PS1600",4,"1349","","",65,"<=",91.2,"ohms","<=",200,"P",2.88418,***,"",
4,"POST_EFUSE_RESISTANCE","","POST_BANKB_EFUSE_RESISTANCE_BLOWN_BIT31",590065,"",1,1,"ISEN_PS1600",4,"1349","","",3500,"<=",70436.6,"ohms","<=",85000,"P",2.88418,***,"",
4,"POST_EFUSE_RESISTANCE","","POST_BANKB_EFUSE_RESISTANCE_UNBLOWN_BIT30",490066,"",1,1,"ISEN_PS1600",4,"1349","","",65,"<=",79.8,"ohms","<=",200,"P",2.88001,***,"",
4,"POST_EFUSE_RESISTANCE","","POST_BANKB_EFUSE_RESISTANCE_UNBLOWN_BIT29",490067,"",1,1,"ISEN_PS1600",4,"1349","","",65,"<=",57,"ohms","<=",200,"F",2.88796,***,"",
5,"CONTINUITY","","CONTINUITY",10030,"",1,1,"EN0_PS1600",5,"1387","","",-500,"<=",-367.361,"mV","<=",-300,"P",0.132977,***,"",
5,"CONTINUITY","","CONTINUITY",10020,"",1,1,"FAULTB_PS1600",5,"1387","","",-500,"<=",-424.728,"mV","<=",-300,"P",0.132977,***,"",
5,"CONTINUITY","","CONTINUITY",10050,"",1,1,"FCB_PS1600",5,"1387","","",-500,"<=",-368.222,"mV","<=",-300,"P",0.132977,***,"",
5,"CONTINUITY","","CONTINUITY",10090,"",1,1,"ISEN_PS1600",5,"1387","","",-500,"<=",-355.064,"mV","<=",-300,"P",0.132977,***,"",
5,"CONTINUITY","","CONTINUITY",10080,"",1,1,"ITRIP_PS1600",5,"1387","","",-500,"<=",-370.328,"mV","<=",-300,"P",0.132977,***,"",
5,"CONTINUITY","","CONTINUITY",10040,"",1,1,"OFF_PS1600",5,"1387","","",-500,"<=",-361.563,"mV","<=",-300,"P",0.132977,***,"",
5,"CONTINUITY","","CONTINUITY",10010,"",1,1,"SS_PS1600",5,"1387","","",-500,"<=",-452.643,"mV","<=",-300,"P",0.132977,***,"",
5,"CONTINUITY","","CONTINUITY",10070,"",1,1,"VBIAS_PS1600",5,"1387","","",-500,"<=",-294.514,"mV","<=",-200,"P",0.132977,***,"",
5,"CONTINUITY","","CONTINUITY",10060,"",1,1,"GND_PS1600",5,"1387","","",-500,"<=",-356.715,"mV","<=",-300,"P",0.132977,***,"",
5,"CONTINUITY","","CONTINUITY",10180,"",1,1,"VIN1",5,"1387","","",-360,"<=",-342.394,"mV","<=",-300,"P",0.132977,***,"",
5,"CONTINUITY","","CONTINUITY",10190,"",1,1,"VIN2",5,"1387","","",-360,"<=",-342.892,"mV","<=",-300,"P",0.132977,***,"",
5,"CONTINUITY","","CONTINUITY",10200,"",1,1,"VIN3",5,"1387","","",-360,"<=",-343.241,"mV","<=",-300,"P",0.132977,***,"",
5,"CONTINUITY","","CONTINUITY",10210,"",1,1,"VIN4_RS1",5,"1387","","",-360,"<=",-343.096,"mV","<=",-300,"P",0.132977,***,"",
5,"CONTINUITY","","CONTINUITY",10220,"",1,1,"VIN4_RS2",5,"1387","","",-360,"<=",-343.412,"mV","<=",-300,"P",0.132977,***,"",
5,"CONTINUITY","","CONTINUITY",10230,"",1,1,"VIN5_RS1",5,"1387","","",-360,"<=",-343.351,"mV","<=",-300,"P",0.132977,***,"",
5,"CONTINUITY","","CONTINUITY",10240,"",1,1,"VIN5_RS2",5,"1387","","",-360,"<=",-342.999,"mV","<=",-300,"P",0.132977,***,"",
5,"CONTINUITY","","CONTINUITY",10250,"",1,1,"VIN6",5,"1387","","",-360,"<=",-343.111,"mV","<=",-300,"P",0.132977,***,"",
5,"CONTINUITY","","CONTINUITY",10100,"",1,1,"VOUT1",5,"1387","","",-300,"<=",-224.02,"mV","<=",-200,"P",0.132977,***,"",
5,"CONTINUITY","","CONTINUITY",10110,"",1,1,"VOUT2_RS1",5,"1387","","",-300,"<=",-224.003,"mV","<=",-200,"P",0.132977,***,"",
5,"CONTINUITY","","CONTINUITY",10120,"",1,1,"VOUT2_RS2",5,"1387","","",-300,"<=",-223.993,"mV","<=",-200,"P",0.132977,***,"",
5,"CONTINUITY","","CONTINUITY",10130,"",1,1,"VOUT3_RS1",5,"1387","","",-300,"<=",-223.625,"mV","<=",-200,"P",0.132977,***,"",
5,"CONTINUITY","","CONTINUITY",10140,"",1,1,"VOUT3_RS2",5,"1387","","",-300,"<=",-223.906,"mV","<=",-200,"P",0.132977,***,"",
5,"CONTINUITY","","CONTINUITY",10150,"",1,1,"VOUT4",5,"1387","","",-300,"<=",-224.14,"mV","<=",-200,"P",0.132977,***,"",
5,"CONTINUITY","","CONTINUITY",10160,"",1,1,"VOUT5",5,"1387","","",-300,"<=",-223.94,"mV","<=",-200,"P",0.132977,***,"",
5,"CONTINUITY","","CONTINUITY",10170,"",1,1,"VOUT6",5,"1387","","",-300,"<=",-223.429,"mV","<=",-200,"P",0.132977,***,"",
5,"Pin_to_Pin_Leakage","","PIN_TO_PIN_POS_LEAKAGE_PIN",20010,"",1,1,"FAULTB_PS1600",5,"1387","","",-200,"<=",-5.47892,"nA","<=",200,"P",0.416773,***,"",
5,"Pin_to_Pin_Leakage","","PIN_TO_PIN_NEG_LEAKAGE_PIN",20110,"",1,1,"FAULTB_PS1600",5,"1387","","",-200,"<=",-5.47892,"nA","<=",200,"P",0.416773,***,"",
5,"Pin_to_Pin_Leakage","","PIN_TO_PIN_POS_LEAKAGE_PIN",20020,"",1,1,"ITRIP_PS1600",5,"1387","","",-200,"<=",-10.2721,"nA","<=",200,"P",0.416773,***,"",
5,"Pin_to_Pin_Leakage","","PIN_TO_PIN_NEG_LEAKAGE_PIN",20120,"",1,1,"ITRIP_PS1600",5,"1387","","",-200,"<=",-10.2721,"nA","<=",200,"P",0.416773,***,"",
5,"Pin_to_Pin_Leakage","","PIN_TO_PIN_POS_LEAKAGE_PIN",20030,"",1,1,"OFF_PS1600",5,"1387","","",-200,"<=",-8.58775,"nA","<=",200,"P",0.416773,***,"",
5,"Pin_to_Pin_Leakage","","PIN_TO_PIN_NEG_LEAKAGE_PIN",20130,"",1,1,"OFF_PS1600",5,"1387","","",-200,"<=",-8.58775,"nA","<=",200,"P",0.416773,***,"",
5,"Pin_to_Pin_Leakage","","PIN_TO_PIN_POS_LEAKAGE_PIN",20040,"",1,1,"SS_PS1600",5,"1387","","",-200,"<=",-10.0254,"nA","<=",200,"P",0.416773,***,"",
5,"Pin_to_Pin_Leakage","","PIN_TO_PIN_NEG_LEAKAGE_PIN",20140,"",1,1,"SS_PS1600",5,"1387","","",-200,"<=",-10.0254,"nA","<=",200,"P",0.416773,***,"",
5,"Pin_to_Pin_Leakage","","PIN_TO_PIN_POS_LEAKAGE_PIN",20050,"",1,1,"VIN1",5,"1387","","",10,"<=",299.759,"nA","<=",500,"P",0.416773,***,"",
5,"Pin_to_Pin_Leakage","","PIN_TO_PIN_NEG_LEAKAGE_PIN",20150,"",1,1,"VIN1",5,"1387","","",-500,"<=",-298.503,"nA","<=",-10,"P",0.416773,***,"",
5,"Pin_to_Pin_Leakage","","PIN_TO_PIN_POS_LEAKAGE_PIN",20060,"",1,1,"VOUT1",5,"1387","","",10,"<=",295.757,"nA","<=",500,"P",0.416773,***,"",
5,"Pin_to_Pin_Leakage","","PIN_TO_PIN_NEG_LEAKAGE_PIN",20160,"",1,1,"VOUT1",5,"1387","","",-500,"<=",-300.741,"nA","<=",-10,"P",0.416773,***,"",
5,"Pin_to_Pin_Leakage","","PIN_TO_PIN_POS_LEAKAGE_PIN",20070,"",1,1,"EN0_PS1600",5,"1387","","",300,"<=",501.125,"nA","<=",700,"P",0.416773,***,"",
5,"Pin_to_Pin_Leakage","","PIN_TO_PIN_NEG_LEAKAGE_PIN",20170,"",1,1,"EN0_PS1600",5,"1387","","",-700,"<=",-505.501,"nA","<=",-300,"P",0.416773,***,"",
5,"Pin_to_Pin_Leakage","","PIN_TO_PIN_POS_LEAKAGE_PIN",20080,"",1,1,"FCB_PS1600",5,"1387","","",-200,"<=",0.143542,"nA","<=",200,"P",0.416773,***,"",
5,"Pin_to_Pin_Leakage","","PIN_TO_PIN_NEG_LEAKAGE_PIN",20180,"",1,1,"FCB_PS1600",5,"1387","","",-200,"<=",-5.37439,"nA","<=",200,"P",0.416773,***,"",
5,"Pin_to_Pin_Leakage","","PIN_TO_PIN_POS_LEAKAGE_PIN",20090,"",1,1,"ISEN_PS1600",5,"1387","","",-200,"<=",0.045988,"nA","<=",200,"P",0.416773,***,"",
5,"Pin_to_Pin_Leakage","","PIN_TO_PIN_NEG_LEAKAGE_PIN",20190,"",1,1,"ISEN_PS1600",5,"1387","","",-200,"<=",-9.87804,"nA","<=",200,"P",0.416773,***,"",
5,"Pin_to_Pin_Leakage","","PIN_TO_PIN_POS_LEAKAGE_PIN_VBIAS_PS1600",20100,"",1,1,"VBIAS_PS1600",5,"1387","","",500,"<=",768,"nA","<=",1000,"P",0.416773,***,"",
5,"Pin_to_Pin_Leakage","","PIN_TO_PIN_NEG_LEAKAGE_PIN_VBIAS_PS1600",20200,"",1,1,"VBIAS_PS1600",5,"1387","","",-1000,"<=",-844,"nA","<=",-500,"P",0.416773,***,"",
5,"IVDDFL_IVINFL_RONFL","","RON_200mAVDD_5_VIN_5_20V_Part",90050,"",1,1,"VIN1",5,"1387","","",0.01,"<=",0.0220954,"ohm","<=",0.03,"P",0.034414,***,"",
5,"IVDDFL_IVINFL_RONFL","","DEVICE_VARIENT_TRUE",90060,"",1,1,"VIN1",5,"1387","","",0.5,"<=",1,"","<=",1.5,"P",0.034414,***,"",
5,"Fuse_Burn_Check","","BANKA_BIT5_BLOWN_TRUE",1000001,"",1,1,"OFF_PS1600",5,"1387","","",0,"<=",1,"","<=",1,"P",0.0995141,***,"",
5,"Gross_Functional_EN_FCB_FAULTB_OFF","","EN_FCB_LOW_VOUT_LOW",30010,"",1,1,"VOUT4",5,"1387","","",-0.001,"<=",0.0177193,"V","<=",1,"P",0.231374,***,"",
5,"Gross_Functional_EN_FCB_FAULTB_OFF","","EN_FCB_LOW_OFF_HIGH",30020,"",1,1,"OFF_PS1600",5,"1387","","",1.6,"<=",1.80019,"V","<=",2.3,"P",0.231374,***,"",
5,"Gross_Functional_EN_FCB_FAULTB_OFF","","FCB_LOW_VOUT_LOW",30030,"",1,1,"VOUT4",5,"1387","","",-0.001,"<=",0.00204659,"V","<=",0.5,"P",0.231374,***,"",
5,"Gross_Functional_EN_FCB_FAULTB_OFF","","FCB_LOW_OFF_HIGH",30040,"",1,1,"OFF_PS1600",5,"1387","","",1.6,"<=",1.80076,"V","<=",2.3,"P",0.231374,***,"",
5,"Gross_Functional_EN_FCB_FAULTB_OFF","","EN_LOW_VOUT_LOW",30050,"",1,1,"VOUT4",5,"1387","","",-0.001,"<=",0.00179672,"V","<=",0.5,"P",0.231374,***,"",
5,"Gross_Functional_EN_FCB_FAULTB_OFF","","EN_LOW_OFF_HIGH",30060,"",1,1,"OFF_PS1600",5,"1387","","",1.6,"<=",1.80007,"V","<=",2.3,"P",0.231374,***,"",
5,"Gross_Functional_EN_FCB_FAULTB_OFF","","EN_FCB_HIGH_VOUT_HIGH",30070,"",1,1,"VOUT4",5,"1387","","",4.85,"<=",5.00022,"V","<=",5.1,"P",0.231374,***,"",
5,"Gross_Functional_EN_FCB_FAULTB_OFF","","EN_FCB_HIGH_OFF_LOW",30080,"",1,1,"OFF_PS1600",5,"1387","","",-0.001,"<=",0.000714269,"V","<=",0.5,"P",0.231374,***,"",
5,"Gross_Functional_EN_FCB_FAULTB_OFF","","FAULT_SET_VOUT_LOW",30090,"",1,1,"VOUT4",5,"1387","","",-0.001,"<=",0.000125885,"V","<=",0.5,"P",0.231374,***,"",
5,"Gross_Functional_EN_FCB_FAULTB_OFF","","FAULT_SET_OFF_HIGH",30100,"",1,1,"OFF_PS1600",5,"1387","","",1.6,"<=",1.84509,"V","<=",2.3,"P",0.231374,***,"",
5,"Gross_Functional_EN_FCB_FAULTB_OFF","","FAULT_RESET_VOUT_HIGH",30110,"",1,1,"VOUT4",5,"1387","","",4.85,"<=",4.9999,"V","<=",5.1,"P",0.231374,***,"",
5,"Gross_Functional_EN_FCB_FAULTB_OFF","","FAULT_RESET_OFF_LOW",30120,"",1,1,"OFF_PS1600",5,"1387","","",0,"<=",0.000714269,"V","<=",0.5,"P",0.231374,***,"",
5,"Output_disabled_leakage","","IVDDDIS_VDD_3_VIN_3",40010,"",1,1,"VDD",5,"1387","","",10,"<=",95.8908,"uA","<=",166.5,"P",0.10165,***,"",
5,"Output_disabled_leakage","","IVINDIS_VDD_3_VIN_3",40050,"",1,1,"VIN1",5,"1387","","",10,"<=",73.6406,"uA","<=",166.5,"P",0.10165,***,"",
5,"Output_disabled_leakage","","IOFF_VDD_3_VIN_3",40090,"",1,1,"VOUT4",5,"1387","","",-14,"<=",-1.44402,"uA","<=",11,"P",0.10165,***,"",
5,"Output_disabled_leakage","","IVDDDIS_VDD_3_VIN_20",40020,"",1,1,"VDD",5,"1387","","",10,"<=",106.072,"uA","<=",166.5,"P",0.10165,***,"",
5,"Output_disabled_leakage","","IVINDIS_VDD_3_VIN_20",40060,"",1,1,"VIN1",5,"1387","","",10,"<=",91.2808,"uA","<=",166.5,"P",0.10165,***,"",
5,"Output_disabled_leakage","","IOFF_VDD_3_VIN_20",40100,"",1,1,"VOUT4",5,"1387","","",-14,"<=",-1.59186,"uA","<=",11,"P",0.10165,***,"",
5,"Output_disabled_leakage","","IVINVDD0_VIN_3",40130,"",1,1,"VIN1",5,"1387","","",10,"<=",75.0683,"uA","<=",166.5,"P",0.10165,***,"",
5,"Output_disabled_leakage","","IOFFVDD0_VIN_3",40150,"",1,1,"VOUT4",5,"1387","","",-14,"<=",-1.19134,"uA","<=",11,"P",0.10165,***,"",
5,"Output_disabled_leakage","","IVDDDIS_VDD_20_VIN_3",40030,"",1,1,"VDD",5,"1387","","",10,"<=",126.287,"uA","<=",166.5,"P",0.10165,***,"",
5,"Output_disabled_leakage","","IVINDIS_VDD_20_VIN_3",40070,"",1,1,"VIN1",5,"1387","","",10,"<=",67.9577,"uA","<=",166.5,"P",0.10165,***,"",
5,"Output_disabled_leakage","","IOFF_VDD_20_VIN_3",40110,"",1,1,"VOUT4",5,"1387","","",-14,"<=",-1.50225,"uA","<=",11,"P",0.10165,***,"",
5,"Output_disabled_leakage","","IVDDDIS_VDD_20_VIN_20",40040,"",1,1,"VDD",5,"1387","","",10,"<=",128.189,"uA","<=",166.5,"P",0.10165,***,"",
5,"Output_disabled_leakage","","IVINDIS_VDD_20_VIN_20",40080,"",1,1,"VIN1",5,"1387","","",10,"<=",91.8722,"uA","<=",166.5,"P",0.10165,***,"",
5,"Output_disabled_leakage","","IOFF_VDD_20_VIN_20",40120,"",1,1,"VOUT4",5,"1387","","",-14,"<=",-1.16407,"uA","<=",11,"P",0.10165,***,"",
5,"Output_disabled_leakage","","IVINVDD0_VIN_20",40140,"",1,1,"VIN1",5,"1387","","",10,"<=",108.448,"uA","<=",166.5,"P",0.10165,***,"",
5,"Output_disabled_leakage","","IOFFVDD0_VIN_20",40160,"",1,1,"VOUT4",5,"1387","","",-14,"<=",-2.09408,"uA","<=",11,"P",0.10165,***,"",
5,"EN_pullup_resistor","","EN0V_PULLUP_RES",50010,"",1,1,"EN0_PS1600",5,"1387","","",155,"<=",200.312,"Kohm","<=",230,"P",0.0272827,***,"",
5,"EN_pullup_resistor","","EN1V_PULLUP_RES",50020,"",1,1,"EN0_PS1600",5,"1387","","",155,"<=",201.311,"Kohm","<=",230,"P",0.0272827,***,"",
5,"EN_pullup_resistor","","EN0V_Current",50030,"",1,1,"EN0_PS1600",5,"1387","","",-11,"<=",-8.98596,"uA","<=",-7,"P",0.0272827,***,"",
5,"EN_pullup_resistor","","EN1V_Current",50040,"",1,1,"EN0_PS1600",5,"1387","","",-5.5,"<=",-3.97396,"uA","<=",-3,"P",0.0272827,***,"",
5,"Leakage_Test","","IOFF_REVERSE_VOUT_VIN_LEAKAGE_1mA",60030,"",1,1,"VIN",5,"1387","","",-331,"<=",-259.31,"mV","<=",-205,"P",0.0588329,***,"",
5,"Leakage_Test","","IOFF_REVERSE_VOUT_VIN_LEAKAGE_10mA",60040,"",1,1,"VIN",5,"1387","","",-340,"<=",-307.11,"mV","<=",-205,"P",0.0588329,***,"",
5,"Leakage_Test","","IOFF_REVERSE_VOUT_VIN_LEAKAGE_100mA",60050,"",1,1,"VIN",5,"1387","","",-331,"<=",-143.74,"mV","<=",-205,"F",0.0588329,***,"",
6,"CONTINUITY","","CONTINUITY",10030,"",1,1,"EN0_PS1600",6,"1406","","",-500,"<=",-367.134,"mV","<=",-300,"P",0.132977,***,"",
6,"CONTINUITY","","CONTINUITY",10020,"",1,1,"FAULTB_PS1600",6,"1406","","",-500,"<=",-426.379,"mV","<=",-300,"P",0.132977,***,"",
6,"CONTINUITY","","CONTINUITY",10050,"",1,1,"FCB_PS1600",6,"1406","","",-500,"<=",-367.197,"mV","<=",-300,"P",0.132977,***,"",
6,"CONTINUITY","","CONTINUITY",10090,"",1,1,"ISEN_PS1600",6,"1406","","",-500,"<=",-354.893,"mV","<=",-300,"P",0.132977,***,"",
6,"CONTINUITY","","CONTINUITY",10080,"",1,1,"ITRIP_PS1600",6,"1406","","",-500,"<=",-369.702,"mV","<=",-300,"P",0.132977,***,"",
6,"CONTINUITY","","CONTINUITY",10040,"",1,1,"OFF_PS1600",6,"1406","","",-500,"<=",-360.823,"mV","<=",-300,"P",0.132977,***,"",
6,"CONTINUITY","","CONTINUITY",10010,"",1,1,"SS_PS1600",6,"1406","","",-500,"<=",-451.504,"mV","<=",-300,"P",0.132977,***,"",
6,"CONTINUITY","","CONTINUITY",10070,"",1,1,"VBIAS_PS1600",6,"1406","","",-500,"<=",-294.913,"mV","<=",-200,"P",0.132977,***,"",
6,"CONTINUITY","","CONTINUITY",10060,"",1,1,"GND_PS1600",6,"1406","","",-500,"<=",-355.064,"mV","<=",-300,"P",0.132977,***,"",
6,"CONTINUITY","","CONTINUITY",10180,"",1,1,"VIN1",6,"1406","","",-360,"<=",-342.222,"mV","<=",-300,"P",0.132977,***,"",
6,"CONTINUITY","","CONTINUITY",10190,"",1,1,"VIN2",6,"1406","","",-360,"<=",-342.787,"mV","<=",-300,"P",0.132977,***,"",
6,"CONTINUITY","","CONTINUITY",10200,"",1,1,"VIN3",6,"1406","","",-360,"<=",-342.96,"mV","<=",-300,"P",0.132977,***,"",
6,"CONTINUITY","","CONTINUITY",10210,"",1,1,"VIN4_RS1",6,"1406","","",-360,"<=",-343.025,"mV","<=",-300,"P",0.132977,***,"",
6,"CONTINUITY","","CONTINUITY",10220,"",1,1,"VIN4_RS2",6,"1406","","",-360,"<=",-343.019,"mV","<=",-300,"P",0.132977,***,"",
6,"CONTINUITY","","CONTINUITY",10230,"",1,1,"VIN5_RS1",6,"1406","","",-360,"<=",-343.018,"mV","<=",-300,"P",0.132977,***,"",
6,"CONTINUITY","","CONTINUITY",10240,"",1,1,"VIN5_RS2",6,"1406","","",-360,"<=",-343.014,"mV","<=",-300,"P",0.132977,***,"",
6,"CONTINUITY","","CONTINUITY",10250,"",1,1,"VIN6",6,"1406","","",-360,"<=",-342.92,"mV","<=",-300,"P",0.132977,***,"",
6,"CONTINUITY","","CONTINUITY",10100,"",1,1,"VOUT1",6,"1406","","",-300,"<=",-224.007,"mV","<=",-200,"P",0.132977,***,"",
6,"CONTINUITY","","CONTINUITY",10110,"",1,1,"VOUT2_RS1",6,"1406","","",-300,"<=",-223.766,"mV","<=",-200,"P",0.132977,***,"",
6,"CONTINUITY","","CONTINUITY",10120,"",1,1,"VOUT2_RS2",6,"1406","","",-300,"<=",-223.871,"mV","<=",-200,"P",0.132977,***,"",
6,"CONTINUITY","","CONTINUITY",10130,"",1,1,"VOUT3_RS1",6,"1406","","",-300,"<=",-224.085,"mV","<=",-200,"P",0.132977,***,"",
6,"CONTINUITY","","CONTINUITY",10140,"",1,1,"VOUT3_RS2",6,"1406","","",-300,"<=",-223.967,"mV","<=",-200,"P",0.132977,***,"",
6,"CONTINUITY","","CONTINUITY",10150,"",1,1,"VOUT4",6,"1406","","",-300,"<=",-223.85,"mV","<=",-200,"P",0.132977,***,"",
6,"CONTINUITY","","CONTINUITY",10160,"",1,1,"VOUT5",6,"1406","","",-300,"<=",-223.932,"mV","<=",-200,"P",0.132977,***,"",
6,"CONTINUITY","","CONTINUITY",10170,"",1,1,"VOUT6",6,"1406","","",-300,"<=",-223.976,"mV","<=",-200,"P",0.132977,***,"",
6,"Pin_to_Pin_Leakage","","PIN_TO_PIN_POS_LEAKAGE_PIN",20010,"",1,1,"FAULTB_PS1600",6,"1406","","",-200,"<=",-5.47892,"nA","<=",200,"P",0.416773,***,"",
6,"Pin_to_Pin_Leakage","","PIN_TO_PIN_NEG_LEAKAGE_PIN",20110,"",1,1,"FAULTB_PS1600",6,"1406","","",-200,"<=",-5.47892,"nA","<=",200,"P",0.416773,***,"",
6,"Pin_to_Pin_Leakage","","PIN_TO_PIN_POS_LEAKAGE_PIN",20020,"",1,1,"ITRIP_PS1600",6,"1406","","",-200,"<=",-10.3737,"nA","<=",200,"P",0.416773,***,"",
6,"Pin_to_Pin_Leakage","","PIN_TO_PIN_NEG_LEAKAGE_PIN",20120,"",1,1,"ITRIP_PS1600",6,"1406","","",-200,"<=",-10.3737,"nA","<=",200,"P",0.416773,***,"",
6,"Pin_to_Pin_Leakage","","PIN_TO_PIN_POS_LEAKAGE_PIN",20030,"",1,1,"OFF_PS1600",6,"1406","","",-200,"<=",-8.22949,"nA","<=",200,"P",0.416773,***,"",
6,"Pin_to_Pin_Leakage","","PIN_TO_PIN_NEG_LEAKAGE_PIN",20130,"",1,1,"OFF_PS1600",6,"1406","","",-200,"<=",-8.22949,"nA","<=",200,"P",0.416773,***,"",
6,"Pin_to_Pin_Leakage","","PIN_TO_PIN_POS_LEAKAGE_PIN",20040,"",1,1,"SS_PS1600",6,"1406","","",-200,"<=",-11.6088,"nA","<=",200,"P",0.416773,***,"",
6,"Pin_to_Pin_Leakage","","PIN_TO_PIN_NEG_LEAKAGE_PIN",20140,"",1,1,"SS_PS1600",6,"1406","","",-200,"<=",-11.6088,"nA","<=",200,"P",0.416773,***,"",
6,"Pin_to_Pin_Leakage","","PIN_TO_PIN_POS_LEAKAGE_PIN",20050,"",1,1,"VIN1",6,"1406","","",10,"<=",301.854,"nA","<=",500,"P",0.416773,***,"",
6,"Pin_to_Pin_Leakage","","PIN_TO_PIN_NEG_LEAKAGE_PIN",20150,"",1,1,"VIN1",6,"1406","","",-500,"<=",-300.479,"nA","<=",-10,"P",0.416773,***,"",
6,"Pin_to_Pin_Leakage","","PIN_TO_PIN_POS_LEAKAGE_PIN",20060,"",1,1,"VOUT1",6,"1406","","",10,"<=",303.215,"nA","<=",500,"P",0.416773,***,"",
6,"Pin_to_Pin_Leakage","","PIN_TO_PIN_NEG_LEAKAGE_PIN",20160,"",1,1,"VOUT1",6,"1406","","",-500,"<=",-297.023,"nA","<=",-10,"P",0.416773,***,"",
6,"Pin_to_Pin_Leakage","","PIN_TO_PIN_POS_LEAKAGE_PIN",20070,"",1,1,"EN0_PS1600",6,"1406","","",300,"<=",499.585,"nA","<=",700,"P",0.416773,***,"",
6,"Pin_to_Pin_Leakage","","PIN_TO_PIN_NEG_LEAKAGE_PIN",20170,"",1,1,"EN0_PS1600",6,"1406","","",-700,"<=",-504.68,"nA","<=",-300,"P",0.416773,***,"",
6,"Pin_to_Pin_Leakage","","PIN_TO_PIN_POS_LEAKAGE_PIN",20080,"",1,1,"FCB_PS1600",6,"1406","","",-200,"<=",0.396903,"nA","<=",200,"P",0.416773,***,"",
6,"Pin_to_Pin_Leakage","","PIN_TO_PIN_NEG_LEAKAGE_PIN",20180,"",1,1,"FCB_PS1600",6,"1406","","",-200,"<=",-5.62775,"nA","<=",200,"P",0.416773,***,"",
6,"Pin_to_Pin_Leakage","","PIN_TO_PIN_POS_LEAKAGE_PIN",20090,"",1,1,"ISEN_PS1600",6,"1406","","",-200,"<=",-0.414387,"nA","<=",200,"P",0.416773,***,"",
6,"Pin_to_Pin_Leakage","","PIN_TO_PIN_NEG_LEAKAGE_PIN",20190,"",1,1,"ISEN_PS1600",6,"1406","","",-200,"<=",-9.72458,"nA","<=",200,"P",0.416773,***,"",
6,"Pin_to_Pin_Leakage","","PIN_TO_PIN_POS_LEAKAGE_PIN_VBIAS_PS1600",20100,"",1,1,"VBIAS_PS1600",6,"1406","","",500,"<=",774,"nA","<=",1000,"P",0.416773,***,"",
6,"Pin_to_Pin_Leakage","","PIN_TO_PIN_NEG_LEAKAGE_PIN_VBIAS_PS1600",20200,"",1,1,"VBIAS_PS1600",6,"1406","","",-1000,"<=",-846,"nA","<=",-500,"P",0.416773,***,"",
6,"IVDDFL_IVINFL_RONFL","","RON_200mAVDD_5_VIN_5_20V_Part",90050,"",1,1,"VIN1",6,"1406","","",0.01,"<=",0.0230392,"ohm","<=",0.03,"P",0.034414,***,"",
6,"IVDDFL_IVINFL_RONFL","","DEVICE_VARIENT_TRUE",90060,"",1,1,"VIN1",6,"1406","","",0.5,"<=",1,"","<=",1.5,"P",0.034414,***,"",
6,"Fuse_Burn_Check","","BANKA_BIT5_BLOWN_TRUE",1000001,"",1,1,"OFF_PS1600",6,"1406","","",0,"<=",1,"","<=",1,"P",0.0995141,***,"",
6,"Gross_Functional_EN_FCB_FAULTB_OFF","","EN_FCB_LOW_VOUT_LOW",30010,"",1,1,"VOUT4",6,"1406","","",-0.001,"<=",0.0186806,"V","<=",1,"P",0.231374,***,"",
6,"Gross_Functional_EN_FCB_FAULTB_OFF","","EN_FCB_LOW_OFF_HIGH",30020,"",1,1,"OFF_PS1600",6,"1406","","",1.6,"<=",1.79734,"V","<=",2.3,"P",0.231374,***,"",
6,"Gross_Functional_EN_FCB_FAULTB_OFF","","FCB_LOW_VOUT_LOW",30030,"",1,1,"VOUT4",6,"1406","","",-0.001,"<=",0.00111008,"V","<=",0.5,"P",0.231374,***,"",
6,"Gross_Functional_EN_FCB_FAULTB_OFF","","FCB_LOW_OFF_HIGH",30040,"",1,1,"OFF_PS1600",6,"1406","","",1.6,"<=",1.79797,"V","<=",2.3,"P",0.231374,***,"",
6,"Gross_Functional_EN_FCB_FAULTB_OFF","","EN_LOW_VOUT_LOW",30050,"",1,1,"VOUT4",6,"1406","","",-0.001,"<=",0.00185585,"V","<=",0.5,"P",0.231374,***,"",
6,"Gross_Functional_EN_FCB_FAULTB_OFF","","EN_LOW_OFF_HIGH",30060,"",1,1,"OFF_PS1600",6,"1406","","",1.6,"<=",1.79723,"V","<=",2.3,"P",0.231374,***,"",
6,"Gross_Functional_EN_FCB_FAULTB_OFF","","EN_FCB_HIGH_VOUT_HIGH",30070,"",1,1,"VOUT4",6,"1406","","",4.85,"<=",4.99957,"V","<=",5.1,"P",0.231374,***,"",
6,"Gross_Functional_EN_FCB_FAULTB_OFF","","EN_FCB_HIGH_OFF_LOW",30080,"",1,1,"OFF_PS1600",6,"1406","","",-0.001,"<=",0.000714269,"V","<=",0.5,"P",0.231374,***,"",
6,"Gross_Functional_EN_FCB_FAULTB_OFF","","FAULT_SET_VOUT_LOW",30090,"",1,1,"VOUT4",6,"1406","","",-0.001,"<=",0.000461578,"V","<=",0.5,"P",0.231374,***,"",
6,"Gross_Functional_EN_FCB_FAULTB_OFF","","FAULT_SET_OFF_HIGH",30100,"",1,1,"OFF_PS1600",6,"1406","","",1.6,"<=",1.84208,"V","<=",2.3,"P",0.231374,***,"",
6,"Gross_Functional_EN_FCB_FAULTB_OFF","","FAULT_RESET_VOUT_HIGH",30110,"",1,1,"VOUT4",6,"1406","","",4.85,"<=",5.00003,"V","<=",5.1,"P",0.231374,***,"",
6,"Gross_Functional_EN_FCB_FAULTB_OFF","","FAULT_RESET_OFF_LOW",30120,"",1,1,"OFF_PS1600",6,"1406","","",0,"<=",0.000714269,"V","<=",0.5,"P",0.231374,***,"",
6,"Output_disabled_leakage","","IVDDDIS_VDD_3_VIN_3",40010,"",1,1,"VDD",6,"1406","","",10,"<=",109.151,"uA","<=",166.5,"P",0.10165,***,"",
6,"Output_disabled_leakage","","IVINDIS_VDD_3_VIN_3",40050,"",1,1,"VIN1",6,"1406","","",10,"<=",71.8646,"uA","<=",166.5,"P",0.10165,***,"",
6,"Output_disabled_leakage","","IOFF_VDD_3_VIN_3",40090,"",1,1,"VOUT4",6,"1406","","",-14,"<=",-1.45049,"uA","<=",11,"P",0.10165,***,"",
6,"Output_disabled_leakage","","IVDDDIS_VDD_3_VIN_20",40020,"",1,1,"VDD",6,"1406","","",10,"<=",104.296,"uA","<=",166.5,"P",0.10165,***,"",
6,"Output_disabled_leakage","","IVINDIS_VDD_3_VIN_20",40060,"",1,1,"VIN1",6,"1406","","",10,"<=",97.2003,"uA","<=",166.5,"P",0.10165,***,"",
6,"Output_disabled_leakage","","IOFF_VDD_3_VIN_20",40100,"",1,1,"VOUT4",6,"1406","","",-14,"<=",-1.27948,"uA","<=",11,"P",0.10165,***,"",
6,"Output_disabled_leakage","","IVINVDD0_VIN_3",40130,"",1,1,"VIN1",6,"1406","","",10,"<=",64.8936,"uA","<=",166.5,"P",0.10165,***,"",
6,"Output_disabled_leakage","","IOFFVDD0_VIN_3",40150,"",1,1,"VOUT4",6,"1406","","",-14,"<=",-1.19318,"uA","<=",11,"P",0.10165,***,"",
6,"Output_disabled_leakage","","IVDDDIS_VDD_20_VIN_3",40030,"",1,1,"VDD",6,"1406","","",10,"<=",136.558,"uA","<=",166.5,"P",0.10165,***,"",
6,"Output_disabled_leakage","","IVINDIS_VDD_20_VIN_3",40070,"",1,1,"VIN1",6,"1406","","",10,"<=",69.3928,"uA","<=",166.5,"P",0.10165,***,"",
6,"Output_disabled_leakage","","IOFF_VDD_20_VIN_3",40110,"",1,1,"VOUT4",6,"1406","","",-14,"<=",-1.43361,"uA","<=",11,"P",0.10165,***,"",
6,"Output_disabled_leakage","","IVDDDIS_VDD_20_VIN_20",40040,"",1,1,"VDD",6,"1406","","",10,"<=",135.751,"uA","<=",166.5,"P",0.10165,***,"",
6,"Output_disabled_leakage","","IVINDIS_VDD_20_VIN_20",40080,"",1,1,"VIN1",6,"1406","","",10,"<=",92.5828,"uA","<=",166.5,"P",0.10165,***,"",
6,"Output_disabled_leakage","","IOFF_VDD_20_VIN_20",40120,"",1,1,"VOUT4",6,"1406","","",-14,"<=",-1.23044,"uA","<=",11,"P",0.10165,***,"",
6,"Output_disabled_leakage","","IVINVDD0_VIN_20",40140,"",1,1,"VIN1",6,"1406","","",10,"<=",107.619,"uA","<=",166.5,"P",0.10165,***,"",
6,"Output_disabled_leakage","","IOFFVDD0_VIN_20",40160,"",1,1,"VOUT4",6,"1406","","",-14,"<=",-2.10176,"uA","<=",11,"P",0.10165,***,"",
6,"EN_pullup_resistor","","EN0V_PULLUP_RES",50010,"",1,1,"EN0_PS1600",6,"1406","","",155,"<=",200.597,"Kohm","<=",230,"P",0.0272827,***,"",
6,"EN_pullup_resistor","","EN1V_PULLUP_RES",50020,"",1,1,"EN0_PS1600",6,"1406","","",155,"<=",201.44,"Kohm","<=",230,"P",0.0272827,***,"",
6,"EN_pullup_resistor","","EN0V_Current",50030,"",1,1,"EN0_PS1600",6,"1406","","",-11,"<=",-8.97321,"uA","<=",-7,"P",0.0272827,***,"",
6,"EN_pullup_resistor","","EN1V_Current",50040,"",1,1,"EN0_PS1600",6,"1406","","",-5.5,"<=",-3.97141,"uA","<=",-3,"P",0.0272827,***,"",
6,"Leakage_Test","","IOFF_REVERSE_VOUT_VIN_LEAKAGE_1mA",60030,"",1,1,"VIN",6,"1406","","",-331,"<=",-265.247,"mV","<=",-205,"P",0.0588329,***,"",
6,"Leakage_Test","","IOFF_REVERSE_VOUT_VIN_LEAKAGE_10mA",60040,"",1,1,"VIN",6,"1406","","",-340,"<=",-328.302,"mV","<=",-205,"P",0.0588329,***,"",
6,"Leakage_Test","","IOFF_REVERSE_VOUT_VIN_LEAKAGE_100mA",60050,"",1,1,"VIN",6,"1406","","",-331,"<=",-207.262,"mV","<=",-205,"P",0.0588329,***,"",
6,"Nominal_Input_pin_Leakages","","LEAKAGE",70010,"",1,1,"EN0_PS1600",6,"1406","","",10,"<=",24.205,"uA","<=",40,"P",0.139807,***,"",
6,"Nominal_Input_pin_Leakages","","LEAKAGE",70060,"",1,1,"FAULTB_PS1600",6,"1406","","",-0.2,"<=",0.00413847,"uA","<=",0.2,"P",0.139807,***,"",
6,"Nominal_Input_pin_Leakages","","LEAKAGE",70020,"",1,1,"FCB_PS1600",6,"1406","","",-0.5,"<=",0.0867436,"uA","<=",0.5,"P",0.139807,***,"",
6,"Nominal_Input_pin_Leakages","","LEAKAGE",70040,"",1,1,"ISEN_PS1600",6,"1406","","",24,"<=",26.2183,"uA","<=",50,"P",0.139807,***,"",
6,"Nominal_Input_pin_Leakages","","LEAKAGE",70030,"",1,1,"ITRIP_PS1600",6,"1406","","",14,"<=",16.4773,"uA","<=",25,"P",0.139807,***,"",
6,"Nominal_Input_pin_Leakages","","LEAKAGE",70080,"",1,1,"OFF_PS1600",6,"1406","","",-0.2,"<=",0.07472,"uA","<=",0.5,"P",0.139807,***,"",
6,"Nominal_Input_pin_Leakages","","LEAKAGE",70050,"",1,1,"SS_PS1600",6,"1406","","",20,"<=",50.5613,"uA","<=",70,"P",0.139807,***,"",
6,"Nominal_Input_pin_Leakages","","LEAKAGE",70070,"",1,1,"VBIAS_PS1600",6,"1406","","",5,"<=",28.313,"uA","<=",40,"P",0.139807,***,"",
6,"Nominal_Input_pin_Leakages","","LEAKAGE_2V",70090,"",1,1,"OFF_PS1600",6,"1406","","",-0.5,"<=",0.0936773,"uA","<=",0.5,"P",0.139807,***,"",
6,"Output_enabled_leakage","","IVDD_VDD_3_Vin_3",80001,"",1,1,"VDD",6,"1406","","",10,"<=",96.6443,"uA","<=",130,"P",0.495899,***,"",
6,"Output_enabled_leakage","","IVIN_VDD_3_Vin_3",80005,"",1,1,"VIN1",6,"1406","","",10,"<=",54.4861,"uA","<=",75,"P",0.495899,***,"",
6,"Output_enabled_leakage","","IVDD_VDD_3_Vin_20",80010,"",1,1,"VDD",6,"1406","","",10,"<=",99.971,"uA","<=",150,"P",0.495899,***,"",
6,"Output_enabled_leakage","","IVIN_VDD_3_Vin_20",80014,"",1,1,"VIN1",6,"1406","","",10,"<=",80.3247,"uA","<=",120,"P",0.495899,***,"",
6,"Output_enabled_leakage","","IVDD_VDD_20_Vin_3",80011,"",1,1,"VDD",6,"1406","","",10,"<=",114.414,"uA","<=",150,"P",0.495899,***,"",
6,"Output_enabled_leakage","","IVIN_VDD_20_Vin_3",80015,"",1,1,"VIN1",6,"1406","","",10,"<=",52.2658,"uA","<=",75,"P",0.495899,***,"",
6,"Output_enabled_leakage","","IVDD_VDD_20_Vin_20",80012,"",1,1,"VDD",6,"1406","","",10,"<=",118.867,"uA","<=",175,"P",0.495899,***,"",
6,"Output_enabled_leakage","","IVIN_VDD_20_Vin_20",80016,"",1,1,"VIN1",6,"1406","","",10,"<=",79.8032,"uA","<=",120,"P",0.495899,***,"",
6,"SCAN","","Scan_test",330010,"_rdi_burst_SCAN_bk4_mp",1,1,"@",6,"1406","","",***,"",***," ","",***,"P",0.0437546,***,"",
6,"Logic","","Logic_test",340010,"_rdi_burst_Logic_bk6_mp",1,1,"@",6,"1406","","",***,"",***," ","",***,"P",0.279346,***,"",
6,"POST_EFUSE_RESISTANCE","","POST_BANKA_EFUSE_RESISTANCE_BLOWN_BIT47",590001,"",1,1,"ISEN_PS1600",6,"1406","","",3500,"<=",70311.4,"ohms","<=",85000,"P",3.61603,***,"",
6,"POST_EFUSE_RESISTANCE","","POST_BANKA_EFUSE_RESISTANCE_BLOWN_BIT46",590002,"",1,1,"ISEN_PS1600",6,"1406","","",3500,"<=",70345.6,"ohms","<=",85000,"P",3.6658,***,"",
6,"POST_EFUSE_RESISTANCE","","POST_BANKA_EFUSE_RESISTANCE_UNBLOWN_BIT45",490003,"",1,1,"ISEN_PS1600",6,"1406","","",65,"<=",79.8,"ohms","<=",200,"P",3.72201,***,"",
6,"POST_EFUSE_RESISTANCE","","POST_BANKA_EFUSE_RESISTANCE_BLOWN_BIT44",590004,"",1,1,"ISEN_PS1600",6,"1406","","",3500,"<=",70357,"ohms","<=",85000,"P",2.88429,***,"",
6,"POST_EFUSE_RESISTANCE","","POST_BANKA_EFUSE_RESISTANCE_BLOWN_BIT43",590005,"",1,1,"ISEN_PS1600",6,"1406","","",3500,"<=",70334.2,"ohms","<=",85000,"P",2.88406,***,"",
6,"POST_EFUSE_RESISTANCE","","POST_BANKA_EFUSE_RESISTANCE_BLOWN_BIT42",590006,"",1,1,"ISEN_PS1600",6,"1406","","",3500,"<=",70334.2,"ohms","<=",85000,"P",2.88801,***,"",
6,"POST_EFUSE_RESISTANCE","","POST_BANKA_EFUSE_RESISTANCE_BLOWN_BIT41",590007,"",1,1,"ISEN_PS1600",6,"1406","","",3500,"<=",70322.8,"ohms","<=",85000,"P",2.88801,***,"",
6,"POST_EFUSE_RESISTANCE","","POST_BANKA_EFUSE_RESISTANCE_BLOWN_BIT40",590008,"",1,1,"ISEN_PS1600",6,"1406","","",3500,"<=",70357,"ohms","<=",85000,"P",2.88392,***,"",
6,"POST_EFUSE_RESISTANCE","","POST_BANKA_EFUSE_RESISTANCE_BLOWN_BIT39",590009,"",1,1,"ISEN_PS1600",6,"1406","","",3500,"<=",70265.8,"ohms","<=",85000,"P",2.88741,***,"",
6,"POST_EFUSE_RESISTANCE","","POST_BANKA_EFUSE_RESISTANCE_BLOWN_BIT38",590010,"",1,1,"ISEN_PS1600",6,"1406","","",3500,"<=",70357,"ohms","<=",85000,"P",2.88625,***,"",
6,"POST_EFUSE_RESISTANCE","","POST_BANKA_EFUSE_RESISTANCE_BLOWN_BIT37",590011,"",1,1,"ISEN_PS1600",6,"1406","","",3500,"<=",70322.8,"ohms","<=",85000,"P",2.88604,***,"",
6,"POST_EFUSE_RESISTANCE","","POST_BANKA_EFUSE_RESISTANCE_BLOWN_BIT36",590012,"",1,1,"ISEN_PS1600",6,"1406","","",3500,"<=",70345.4,"ohms","<=",85000,"P",2.88426,***,"",
6,"POST_EFUSE_RESISTANCE","","POST_BANKA_EFUSE_RESISTANCE_UNBLOWN_BIT35",490013,"",1,1,"ISEN_PS1600",6,"1406","","",65,"<=",102.6,"ohms","<=",200,"P",2.88426,***,"",
6,"POST_EFUSE_RESISTANCE","","POST_BANKA_EFUSE_RESISTANCE_UNBLOWN_BIT34",490014,"",1,1,"ISEN_PS1600",6,"1406","","",65,"<=",91.2,"ohms","<=",200,"P",2.88426,***,"",
6,"POST_EFUSE_RESISTANCE","","POST_BANKA_EFUSE_RESISTANCE_UNBLOWN_BIT33",490015,"",1,1,"ISEN_PS1600",6,"1406","","",65,"<=",68.4,"ohms","<=",200,"P",2.88443,***,"",
6,"POST_EFUSE_RESISTANCE","","POST_BANKA_EFUSE_RESISTANCE_UNBLOWN_BIT32",490016,"",1,1,"ISEN_PS1600",6,"1406","","",65,"<=",68.4,"ohms","<=",200,"P",2.88546,***,"",
6,"POST_EFUSE_RESISTANCE","","POST_BANKA_EFUSE_RESISTANCE_BLOWN_BIT31",590017,"",1,1,"ISEN_PS1600",6,"1406","","",3500,"<=",70357,"ohms","<=",85000,"P",2.88666,***,"",
6,"POST_EFUSE_RESISTANCE","","POST_BANKA_EFUSE_RESISTANCE_UNBLOWN_BIT30",490018,"",1,1,"ISEN_PS1600",6,"1406","","",65,"<=",91.2,"ohms","<=",200,"P",2.88839,***,"",
6,"POST_EFUSE_RESISTANCE","","POST_BANKA_EFUSE_RESISTANCE_BLOWN_BIT29",590019,"",1,1,"ISEN_PS1600",6,"1406","","",3500,"<=",70357,"ohms","<=",85000,"P",2.8899,***,"",
6,"POST_EFUSE_RESISTANCE","","POST_BANKA_EFUSE_RESISTANCE_UNBLOWN_BIT28",490020,"",1,1,"ISEN_PS1600",6,"1406","","",65,"<=",68.4,"ohms","<=",200,"P",2.88735,***,"",
6,"POST_EFUSE_RESISTANCE","","POST_BANKA_EFUSE_RESISTANCE_BLOWN_BIT27",590021,"",1,1,"ISEN_PS1600",6,"1406","","",3500,"<=",70334.2,"ohms","<=",85000,"P",2.88735,***,"",
6,"POST_EFUSE_RESISTANCE","","POST_BANKA_EFUSE_RESISTANCE_UNBLOWN_BIT26",490022,"",1,1,"ISEN_PS1600",6,"1406","","",65,"<=",91.2,"ohms","<=",200,"P",2.88209,***,"",
6,"POST_EFUSE_RESISTANCE","","POST_BANKA_EFUSE_RESISTANCE_BLOWN_BIT25",590023,"",1,1,"ISEN_PS1600",6,"1406","","",3500,"<=",70379.8,"ohms","<=",85000,"P",2.88209,***,"",
6,"POST_EFUSE_RESISTANCE","","POST_BANKA_EFUSE_RESISTANCE_BLOWN_BIT24",590024,"",1,1,"ISEN_PS1600",6,"1406","","",3500,"<=",70357,"ohms","<=",85000,"P",2.88625,***,"",
6,"POST_EFUSE_RESISTANCE","","POST_BANKA_EFUSE_RESISTANCE_UNBLOWN_BIT23",490025,"",1,1,"ISEN_PS1600",6,"1406","","",65,"<=",79.8,"ohms","<=",200,"P",2.88735,***,"",
6,"POST_EFUSE_RESISTANCE","","POST_BANKA_EFUSE_RESISTANCE_UNBLOWN_BIT22",490026,"",1,1,"ISEN_PS1600",6,"1406","","",65,"<=",91.2,"ohms","<=",200,"P",2.88564,***,"",
6,"POST_EFUSE_RESISTANCE","","POST_BANKA_EFUSE_RESISTANCE_UNBLOWN_BIT21",490027,"",1,1,"ISEN_PS1600",6,"1406","","",65,"<=",102.4,"ohms","<=",200,"P",2.88425,***,"",
6,"POST_EFUSE_RESISTANCE","","POST_BANKA_EFUSE_RESISTANCE_UNBLOWN_BIT20",490028,"",1,1,"ISEN_PS1600",6,"1406","","",65,"<=",102.4,"ohms","<=",200,"P",2.88425,***,"",
6,"POST_EFUSE_RESISTANCE","","POST_BANKA_EFUSE_RESISTANCE_UNBLOWN_BIT19",490029,"",1,1,"ISEN_PS1600",6,"1406","","",65,"<=",68.4,"ohms","<=",200,"P",2.88425,***,"",
6,"POST_EFUSE_RESISTANCE","","POST_BANKA_EFUSE_RESISTANCE_UNBLOWN_BIT18",490030,"",1,1,"ISEN_PS1600",6,"1406","","",65,"<=",68.4,"ohms","<=",200,"P",2.88482,***,"",
6,"POST_EFUSE_RESISTANCE","","POST_BANKA_EFUSE_RESISTANCE_BLOWN_BIT17",590031,"",1,1,"ISEN_PS1600",6,"1406","","",3500,"<=",70368.4,"ohms","<=",85000,"P",2.88508,***,"",
6,"POST_EFUSE_RESISTANCE","","POST_BANKA_EFUSE_RESISTANCE_BLOWN_BIT16",590032,"",1,1,"ISEN_PS1600",6,"1406","","",3500,"<=",70368.4,"ohms","<=",85000,"P",2.88508,***,"",
6,"POST_EFUSE_RESISTANCE","","POST_BANKA_EFUSE_RESISTANCE_BLOWN_BIT15",590033,"",1,1,"ISEN_PS1600",6,"1406","","",3500,"<=",70345.6,"ohms","<=",85000,"P",2.89058,***,"",
6,"POST_EFUSE_RESISTANCE","","POST_BANKA_EFUSE_RESISTANCE_BLOWN_BIT14",590034,"",1,1,"ISEN_PS1600",6,"1406","","",3500,"<=",70345.6,"ohms","<=",85000,"P",2.88595,***,"",
6,"POST_EFUSE_RESISTANCE","","POST_BANKA_EFUSE_RESISTANCE_UNBLOWN_BIT13",490035,"",1,1,"ISEN_PS1600",6,"1406","","",65,"<=",102.6,"ohms","<=",200,"P",2.88683,***,"",
6,"POST_EFUSE_RESISTANCE","","POST_BANKA_EFUSE_RESISTANCE_BLOWN_BIT12",590036,"",1,1,"ISEN_PS1600",6,"1406","","",3500,"<=",70368.4,"ohms","<=",85000,"P",2.88435,***,"",
6,"POST_EFUSE_RESISTANCE","","POST_BANKA_EFUSE_RESISTANCE_UNBLOWN_BIT11",490037,"",1,1,"ISEN_PS1600",6,"1406","","",65,"<=",68.4,"ohms","<=",200,"P",2.88537,***,"",
6,"POST_EFUSE_RESISTANCE","","POST_BANKA_EFUSE_RESISTANCE_UNBLOWN_BIT10",490038,"",1,1,"ISEN_PS1600",6,"1406","","",65,"<=",79.8,"ohms","<=",200,"P",2.88156,***,"",
6,"POST_EFUSE_RESISTANCE","","POST_BANKA_EFUSE_RESISTANCE_BLOWN_BIT9",590039,"",1,1,"ISEN_PS1600",6,"1406","","",3500,"<=",70379.8,"ohms","<=",85000,"P",2.88156,***,"",
6,"POST_EFUSE_RESISTANCE","","POST_BANKA_EFUSE_RESISTANCE_BLOWN_BIT8",590040,"",1,1,"ISEN_PS1600",6,"1406","","",3500,"<=",70368.4,"ohms","<=",85000,"P",2.88156,***,"",
6,"POST_EFUSE_RESISTANCE","","POST_BANKA_EFUSE_RESISTANCE_BLOWN_BIT7",590041,"",1,1,"ISEN_PS1600",6,"1406","","",3500,"<=",70345.6,"ohms","<=",85000,"P",2.8817,***,"",
6,"POST_EFUSE_RESISTANCE","","POST_BANKA_EFUSE_RESISTANCE_UNBLOWN_BIT6",490042,"",1,1,"ISEN_PS1600",6,"1406","","",65,"<=",68.4,"ohms","<=",200,"P",2.88326,***,"",
6,"POST_EFUSE_RESISTANCE","","POST_BANKA_EFUSE_RESISTANCE_BLOWN_BIT5",590043,"",1,1,"ISEN_PS1600",6,"1406","","",3500,"<=",70379.8,"ohms","<=",85000,"P",2.88326,***,"",
6,"POST_EFUSE_RESISTANCE","","POST_BANKA_EFUSE_RESISTANCE_UNBLOWN_BIT4",490044,"",1,1,"ISEN_PS1600",6,"1406","","",65,"<=",91.2,"ohms","<=",200,"P",2.88326,***,"",
6,"POST_EFUSE_RESISTANCE","","POST_BANKA_EFUSE_RESISTANCE_UNBLOWN_BIT3",490045,"",1,1,"ISEN_PS1600",6,"1406","","",65,"<=",68.4,"ohms","<=",200,"P",2.88326,***,"",
6,"POST_EFUSE_RESISTANCE","","POST_BANKA_EFUSE_RESISTANCE_UNBLOWN_BIT2",490046,"",1,1,"ISEN_PS1600",6,"1406","","",65,"<=",79.8,"ohms","<=",200,"P",2.88326,***,"",
6,"POST_EFUSE_RESISTANCE","","POST_BANKA_EFUSE_RESISTANCE_UNBLOWN_BIT1",490047,"",1,1,"ISEN_PS1600",6,"1406","","",65,"<=",113.8,"ohms","<=",200,"P",2.88273,***,"",
6,"POST_EFUSE_RESISTANCE","","POST_BANKA_EFUSE_RESISTANCE_UNBLOWN_BIT0",490048,"",1,1,"ISEN_PS1600",6,"1406","","",65,"<=",91.2,"ohms","<=",200,"P",2.88421,***,"",
6,"POST_EFUSE_RESISTANCE","","POST_BANKB_EFUSE_RESISTANCE_BLOWN_BIT47",590049,"",1,1,"ISEN_PS1600",6,"1406","","",3500,"<=",70357,"ohms","<=",85000,"P",2.88421,***,"",
6,"POST_EFUSE_RESISTANCE","","POST_BANKB_EFUSE_RESISTANCE_BLOWN_BIT46",590050,"",1,1,"ISEN_PS1600",6,"1406","","",3500,"<=",70345.6,"ohms","<=",85000,"P",2.88421,***,"",
6,"POST_EFUSE_RESISTANCE","","POST_BANKB_EFUSE_RESISTANCE_UNBLOWN_BIT45",490051,"",1,1,"ISEN_PS1600",6,"1406","","",65,"<=",91.2,"ohms","<=",200,"P",2.88535,***,"",
6,"POST_EFUSE_RESISTANCE","","POST_BANKB_EFUSE_RESISTANCE_BLOWN_BIT44",590052,"",1,1,"ISEN_PS1600",6,"1406","","",3500,"<=",70379.8,"ohms","<=",85000,"P",2.87876,***,"",
6,"POST_EFUSE_RESISTANCE","","POST_BANKB_EFUSE_RESISTANCE_BLOWN_BIT43",590053,"",1,1,"ISEN_PS1600",6,"1406","","",3500,"<=",70357,"ohms","<=",85000,"P",2.88114,***,"",
6,"POST_EFUSE_RESISTANCE","","POST_BANKB_EFUSE_RESISTANCE_BLOWN_BIT42",590054,"",1,1,"ISEN_PS1600",6,"1406","","",3500,"<=",70357,"ohms","<=",85000,"P",2.88855,***,"",
6,"POST_EFUSE_RESISTANCE","","POST_BANKB_EFUSE_RESISTANCE_BLOWN_BIT41",590055,"",1,1,"ISEN_PS1600",6,"1406","","",3500,"<=",70368.4,"ohms","<=",85000,"P",2.88855,***,"",
6,"POST_EFUSE_RESISTANCE","","POST_BANKB_EFUSE_RESISTANCE_BLOWN_BIT40",590056,"",1,1,"ISEN_PS1600",6,"1406","","",3500,"<=",70368.4,"ohms","<=",85000,"P",2.88191,***,"",
6,"POST_EFUSE_RESISTANCE","","POST_BANKB_EFUSE_RESISTANCE_BLOWN_BIT39",590057,"",1,1,"ISEN_PS1600",6,"1406","","",3500,"<=",70357,"ohms","<=",85000,"P",2.8857,***,"",
6,"POST_EFUSE_RESISTANCE","","POST_BANKB_EFUSE_RESISTANCE_BLOWN_BIT38",590058,"",1,1,"ISEN_PS1600",6,"1406","","",3500,"<=",70345.6,"ohms","<=",85000,"P",2.88848,***,"",
6,"POST_EFUSE_RESISTANCE","","POST_BANKB_EFUSE_RESISTANCE_BLOWN_BIT37",590059,"",1,1,"ISEN_PS1600",6,"1406","","",3500,"<=",70368.4,"ohms","<=",85000,"P",2.88421,***,"",
6,"POST_EFUSE_RESISTANCE","","POST_BANKB_EFUSE_RESISTANCE_BLOWN_BIT36",590060,"",1,1,"ISEN_PS1600",6,"1406","","",3500,"<=",70379.8,"ohms","<=",85000,"P",2.88421,***,"",
6,"POST_EFUSE_RESISTANCE","","POST_BANKB_EFUSE_RESISTANCE_UNBLOWN_BIT35",490061,"",1,1,"ISEN_PS1600",6,"1406","","",65,"<=",91.2,"ohms","<=",200,"P",2.88421,***,"",
6,"POST_EFUSE_RESISTANCE","","POST_BANKB_EFUSE_RESISTANCE_UNBLOWN_BIT34",490062,"",1,1,"ISEN_PS1600",6,"1406","","",65,"<=",79.8,"ohms","<=",200,"P",2.88285,***,"",
6,"POST_EFUSE_RESISTANCE","","POST_BANKB_EFUSE_RESISTANCE_UNBLOWN_BIT33",490063,"",1,1,"ISEN_PS1600",6,"1406","","",65,"<=",68.4,"ohms","<=",200,"P",2.88285,***,"",
6,"POST_EFUSE_RESISTANCE","","POST_BANKB_EFUSE_RESISTANCE_UNBLOWN_BIT32",490064,"",1,1,"ISEN_PS1600",6,"1406","","",65,"<=",79.8,"ohms","<=",200,"P",2.88418,***,"",
6,"POST_EFUSE_RESISTANCE","","POST_BANKB_EFUSE_RESISTANCE_BLOWN_BIT31",590065,"",1,1,"ISEN_PS1600",6,"1406","","",3500,"<=",70391.2,"ohms","<=",85000,"P",2.88418,***,"",
6,"POST_EFUSE_RESISTANCE","","POST_BANKB_EFUSE_RESISTANCE_UNBLOWN_BIT30",490066,"",1,1,"ISEN_PS1600",6,"1406","","",65,"<=",79.8,"ohms","<=",200,"P",2.88001,***,"",
6,"POST_EFUSE_RESISTANCE","","POST_BANKB_EFUSE_RESISTANCE_BLOWN_BIT29",590067,"",1,1,"ISEN_PS1600",6,"1406","","",3500,"<=",70357,"ohms","<=",85000,"P",2.86905,***,"",
6,"POST_EFUSE_RESISTANCE","","POST_BANKB_EFUSE_RESISTANCE_UNBLOWN_BIT28",490068,"",1,1,"ISEN_PS1600",6,"1406","","",65,"<=",91.2,"ohms","<=",200,"P",2.88607,***,"",
6,"POST_EFUSE_RESISTANCE","","POST_BANKB_EFUSE_RESISTANCE_BLOWN_BIT27",590069,"",1,1,"ISEN_PS1600",6,"1406","","",3500,"<=",70379.8,"ohms","<=",85000,"P",2.88607,***,"",
6,"POST_EFUSE_RESISTANCE","","POST_BANKB_EFUSE_RESISTANCE_UNBLOWN_BIT26",490070,"",1,1,"ISEN_PS1600",6,"1406","","",65,"<=",79.8,"ohms","<=",200,"P",2.88114,***,"",
6,"POST_EFUSE_RESISTANCE","","POST_BANKB_EFUSE_RESISTANCE_BLOWN_BIT25",590071,"",1,1,"ISEN_PS1600",6,"1406","","",3500,"<=",70345.6,"ohms","<=",85000,"P",2.88114,***,"",
6,"POST_EFUSE_RESISTANCE","","POST_BANKB_EFUSE_RESISTANCE_BLOWN_BIT24",590072,"",1,1,"ISEN_PS1600",6,"1406","","",3500,"<=",70368.4,"ohms","<=",85000,"P",2.8787,***,"",
6,"POST_EFUSE_RESISTANCE","","POST_BANKB_EFUSE_RESISTANCE_UNBLOWN_BIT23",490073,"",1,1,"ISEN_PS1600",6,"1406","","",65,"<=",102.4,"ohms","<=",200,"P",2.88607,***,"",
6,"POST_EFUSE_RESISTANCE","","POST_BANKB_EFUSE_RESISTANCE_UNBLOWN_BIT22",490074,"",1,1,"ISEN_PS1600",6,"1406","","",65,"<=",79.8,"ohms","<=",200,"P",2.88607,***,"",
6,"POST_EFUSE_RESISTANCE","","POST_BANKB_EFUSE_RESISTANCE_UNBLOWN_BIT21",490075,"",1,1,"ISEN_PS1600",6,"1406","","",65,"<=",57,"ohms","<=",200,"F",2.88607,***,"",
7,"CONTINUITY","","CONTINUITY",10030,"",1,1,"EN0_PS1600",7,"1444","","",-500,"<=",-367.247,"mV","<=",-300,"P",0.132977,***,"",
7,"CONTINUITY","","CONTINUITY",10020,"",1,1,"FAULTB_PS1600",7,"1444","","",-500,"<=",-423.818,"mV","<=",-300,"P",0.132977,***,"",
7,"CONTINUITY","","CONTINUITY",10050,"",1,1,"FCB_PS1600",7,"1444","","",-500,"<=",-367.482,"mV","<=",-300,"P",0.132977,***,"",
7,"CONTINUITY","","CONTINUITY",10090,"",1,1,"ISEN_PS1600",7,"1444","","",-500,"<=",-353.869,"mV","<=",-300,"P",0.132977,***,"",
7,"CONTINUITY","","CONTINUITY",10080,"",1,1,"ITRIP_PS1600",7,"1444","","",-500,"<=",-368.962,"mV","<=",-300,"P",0.132977,***,"",
7,"CONTINUITY","","CONTINUITY",10040,"",1,1,"OFF_PS1600",7,"1444","","",-500,"<=",-361.335,"mV","<=",-300,"P",0.132977,***,"",
7,"CONTINUITY","","CONTINUITY",10010,"",1,1,"SS_PS1600",7,"1444","","",-500,"<=",-448.829,"mV","<=",-300,"P",0.132977,***,"",
7,"CONTINUITY","","CONTINUITY",10070,"",1,1,"VBIAS_PS1600",7,"1444","","",-500,"<=",-294.742,"mV","<=",-200,"P",0.132977,***,"",
7,"CONTINUITY","","CONTINUITY",10060,"",1,1,"GND_PS1600",7,"1444","","",-500,"<=",-354.893,"mV","<=",-300,"P",0.132977,***,"",
7,"CONTINUITY","","CONTINUITY",10180,"",1,1,"VIN1",7,"1444","","",-360,"<=",-342.255,"mV","<=",-300,"P",0.132977,***,"",
7,"CONTINUITY","","CONTINUITY",10190,"",1,1,"VIN2",7,"1444","","",-360,"<=",-342.751,"mV","<=",-300,"P",0.132977,***,"",
7,"CONTINUITY","","CONTINUITY",10200,"",1,1,"VIN3",7,"1444","","",-360,"<=",-342.823,"mV","<=",-300,"P",0.132977,***,"",
7,"CONTINUITY","","CONTINUITY",10210,"",1,1,"VIN4_RS1",7,"1444","","",-360,"<=",-342.815,"mV","<=",-300,"P",0.132977,***,"",
7,"CONTINUITY","","CONTINUITY",10220,"",1,1,"VIN4_RS2",7,"1444","","",-360,"<=",-342.873,"mV","<=",-300,"P",0.132977,***,"",
7,"CONTINUITY","","CONTINUITY",10230,"",1,1,"VIN5_RS1",7,"1444","","",-360,"<=",-342.646,"mV","<=",-300,"P",0.132977,***,"",
7,"CONTINUITY","","CONTINUITY",10240,"",1,1,"VIN5_RS2",7,"1444","","",-360,"<=",-342.955,"mV","<=",-300,"P",0.132977,***,"",
7,"CONTINUITY","","CONTINUITY",10250,"",1,1,"VIN6",7,"1444","","",-360,"<=",-342.939,"mV","<=",-300,"P",0.132977,***,"",
7,"CONTINUITY","","CONTINUITY",10100,"",1,1,"VOUT1",7,"1444","","",-300,"<=",-223.753,"mV","<=",-200,"P",0.132977,***,"",
7,"CONTINUITY","","CONTINUITY",10110,"",1,1,"VOUT2_RS1",7,"1444","","",-300,"<=",-224.039,"mV","<=",-200,"P",0.132977,***,"",
7,"CONTINUITY","","CONTINUITY",10120,"",1,1,"VOUT2_RS2",7,"1444","","",-300,"<=",-223.824,"mV","<=",-200,"P",0.132977,***,"",
7,"CONTINUITY","","CONTINUITY",10130,"",1,1,"VOUT3_RS1",7,"1444","","",-300,"<=",-223.961,"mV","<=",-200,"P",0.132977,***,"",
7,"CONTINUITY","","CONTINUITY",10140,"",1,1,"VOUT3_RS2",7,"1444","","",-300,"<=",-224.064,"mV","<=",-200,"P",0.132977,***,"",
7,"CONTINUITY","","CONTINUITY",10150,"",1,1,"VOUT4",7,"1444","","",-300,"<=",-223.776,"mV","<=",-200,"P",0.132977,***,"",
7,"CONTINUITY","","CONTINUITY",10160,"",1,1,"VOUT5",7,"1444","","",-300,"<=",-223.81,"mV","<=",-200,"P",0.132977,***,"",
7,"CONTINUITY","","CONTINUITY",10170,"",1,1,"VOUT6",7,"1444","","",-300,"<=",-223.825,"mV","<=",-200,"P",0.132977,***,"",
7,"Pin_to_Pin_Leakage","","PIN_TO_PIN_POS_LEAKAGE_PIN",20010,"",1,1,"FAULTB_PS1600",7,"1444","","",-200,"<=",-5.58048,"nA","<=",200,"P",0.416773,***,"",
7,"Pin_to_Pin_Leakage","","PIN_TO_PIN_NEG_LEAKAGE_PIN",20110,"",1,1,"FAULTB_PS1600",7,"1444","","",-200,"<=",-5.58048,"nA","<=",200,"P",0.416773,***,"",
7,"Pin_to_Pin_Leakage","","PIN_TO_PIN_POS_LEAKAGE_PIN",20020,"",1,1,"ITRIP_PS1600",7,"1444","","",-200,"<=",-10.4754,"nA","<=",200,"P",0.416773,***,"",
7,"Pin_to_Pin_Leakage","","PIN_TO_PIN_NEG_LEAKAGE_PIN",20120,"",1,1,"ITRIP_PS1600",7,"1444","","",-200,"<=",-10.4754,"nA","<=",200,"P",0.416773,***,"",
7,"Pin_to_Pin_Leakage","","PIN_TO_PIN_POS_LEAKAGE_PIN",20030,"",1,1,"OFF_PS1600",7,"1444","","",-200,"<=",-7.97359,"nA","<=",200,"P",0.416773,***,"",
7,"Pin_to_Pin_Leakage","","PIN_TO_PIN_NEG_LEAKAGE_PIN",20130,"",1,1,"OFF_PS1600",7,"1444","","",-200,"<=",-7.97359,"nA","<=",200,"P",0.416773,***,"",
7,"Pin_to_Pin_Leakage","","PIN_TO_PIN_POS_LEAKAGE_PIN",20040,"",1,1,"SS_PS1600",7,"1444","","",-200,"<=",-11.1491,"nA","<=",200,"P",0.416773,***,"",
7,"Pin_to_Pin_Leakage","","PIN_TO_PIN_NEG_LEAKAGE_PIN",20140,"",1,1,"SS_PS1600",7,"1444","","",-200,"<=",-11.1491,"nA","<=",200,"P",0.416773,***,"",
7,"Pin_to_Pin_Leakage","","PIN_TO_PIN_POS_LEAKAGE_PIN",20050,"",1,1,"VIN1",7,"1444","","",10,"<=",296.644,"nA","<=",500,"P",0.416773,***,"",
7,"Pin_to_Pin_Leakage","","PIN_TO_PIN_NEG_LEAKAGE_PIN",20150,"",1,1,"VIN1",7,"1444","","",-500,"<=",-299.355,"nA","<=",-10,"P",0.416773,***,"",
7,"Pin_to_Pin_Leakage","","PIN_TO_PIN_POS_LEAKAGE_PIN",20060,"",1,1,"VOUT1",7,"1444","","",10,"<=",298.016,"nA","<=",500,"P",0.416773,***,"",
7,"Pin_to_Pin_Leakage","","PIN_TO_PIN_NEG_LEAKAGE_PIN",20160,"",1,1,"VOUT1",7,"1444","","",-500,"<=",-298.918,"nA","<=",-10,"P",0.416773,***,"",
7,"Pin_to_Pin_Leakage","","PIN_TO_PIN_POS_LEAKAGE_PIN",20070,"",1,1,"EN0_PS1600",7,"1444","","",300,"<=",504.051,"nA","<=",700,"P",0.416773,***,"",
7,"Pin_to_Pin_Leakage","","PIN_TO_PIN_NEG_LEAKAGE_PIN",20170,"",1,1,"EN0_PS1600",7,"1444","","",-700,"<=",-508.992,"nA","<=",-300,"P",0.416773,***,"",
7,"Pin_to_Pin_Leakage","","PIN_TO_PIN_POS_LEAKAGE_PIN",20080,"",1,1,"FCB_PS1600",7,"1444","","",-200,"<=",-0.109819,"nA","<=",200,"P",0.416773,***,"",
7,"Pin_to_Pin_Leakage","","PIN_TO_PIN_NEG_LEAKAGE_PIN",20180,"",1,1,"FCB_PS1600",7,"1444","","",-200,"<=",-6.53985,"nA","<=",200,"P",0.416773,***,"",
7,"Pin_to_Pin_Leakage","","PIN_TO_PIN_POS_LEAKAGE_PIN",20090,"",1,1,"ISEN_PS1600",7,"1444","","",-200,"<=",-0.158623,"nA","<=",200,"P",0.416773,***,"",
7,"Pin_to_Pin_Leakage","","PIN_TO_PIN_NEG_LEAKAGE_PIN",20190,"",1,1,"ISEN_PS1600",7,"1444","","",-200,"<=",-9.51997,"nA","<=",200,"P",0.416773,***,"",
7,"Pin_to_Pin_Leakage","","PIN_TO_PIN_POS_LEAKAGE_PIN_VBIAS_PS1600",20100,"",1,1,"VBIAS_PS1600",7,"1444","","",500,"<=",772,"nA","<=",1000,"P",0.416773,***,"",
7,"Pin_to_Pin_Leakage","","PIN_TO_PIN_NEG_LEAKAGE_PIN_VBIAS_PS1600",20200,"",1,1,"VBIAS_PS1600",7,"1444","","",-1000,"<=",-849,"nA","<=",-500,"P",0.416773,***,"",
7,"IVDDFL_IVINFL_RONFL","","RON_200mAVDD_5_VIN_5_20V_Part",90050,"",1,1,"VIN1",7,"1444","","",0.01,"<=",0.0230243,"ohm","<=",0.03,"P",0.034414,***,"",
7,"IVDDFL_IVINFL_RONFL","","DEVICE_VARIENT_TRUE",90060,"",1,1,"VIN1",7,"1444","","",0.5,"<=",1,"","<=",1.5,"P",0.034414,***,"",
7,"Fuse_Burn_Check","","BANKA_BIT5_BLOWN_TRUE",1000001,"",1,1,"OFF_PS1600",7,"1444","","",0,"<=",1,"","<=",1,"P",0.0995141,***,"",
7,"Gross_Functional_EN_FCB_FAULTB_OFF","","EN_FCB_LOW_VOUT_LOW",30010,"",1,1,"VOUT4",7,"1444","","",-0.001,"<=",0.0177898,"V","<=",1,"P",0.231374,***,"",
7,"Gross_Functional_EN_FCB_FAULTB_OFF","","EN_FCB_LOW_OFF_HIGH",30020,"",1,1,"OFF_PS1600",7,"1444","","",1.6,"<=",1.80058,"V","<=",2.3,"P",0.231374,***,"",
7,"Gross_Functional_EN_FCB_FAULTB_OFF","","FCB_LOW_VOUT_LOW",30030,"",1,1,"VOUT4",7,"1444","","",-0.001,"<=",0.00126648,"V","<=",0.5,"P",0.231374,***,"",
7,"Gross_Functional_EN_FCB_FAULTB_OFF","","FCB_LOW_OFF_HIGH",30040,"",1,1,"OFF_PS1600",7,"1444","","",1.6,"<=",1.80138,"V","<=",2.3,"P",0.231374,***,"",
7,"Gross_Functional_EN_FCB_FAULTB_OFF","","EN_LOW_VOUT_LOW",30050,"",1,1,"VOUT4",7,"1444","","",-0.001,"<=",0.000551224,"V","<=",0.5,"P",0.231374,***,"",
7,"Gross_Functional_EN_FCB_FAULTB_OFF","","EN_LOW_OFF_HIGH",30060,"",1,1,"OFF_PS1600",7,"1444","","",1.6,"<=",1.80064,"V","<=",2.3,"P",0.231374,***,"",
7,"Gross_Functional_EN_FCB_FAULTB_OFF","","EN_FCB_HIGH_VOUT_HIGH",30070,"",1,1,"VOUT4",7,"1444","","",4.85,"<=",5,"V","<=",5.1,"P",0.231374,***,"",
7,"Gross_Functional_EN_FCB_FAULTB_OFF","","EN_FCB_HIGH_OFF_LOW",30080,"",1,1,"OFF_PS1600",7,"1444","","",-0.001,"<=",0.000714269,"V","<=",0.5,"P",0.231374,***,"",
7,"Gross_Functional_EN_FCB_FAULTB_OFF","","FAULT_SET_VOUT_LOW",30090,"",1,1,"VOUT4",7,"1444","","",-0.001,"<=",-2.6703e-05,"V","<=",0.5,"P",0.231374,***,"",
7,"Gross_Functional_EN_FCB_FAULTB_OFF","","FAULT_SET_OFF_HIGH",30100,"",1,1,"OFF_PS1600",7,"1444","","",1.6,"<=",1.84595,"V","<=",2.3,"P",0.231374,***,"",
7,"Gross_Functional_EN_FCB_FAULTB_OFF","","FAULT_RESET_VOUT_HIGH",30110,"",1,1,"VOUT4",7,"1444","","",4.85,"<=",4.99955,"V","<=",5.1,"P",0.231374,***,"",
7,"Gross_Functional_EN_FCB_FAULTB_OFF","","FAULT_RESET_OFF_LOW",30120,"",1,1,"OFF_PS1600",7,"1444","","",0,"<=",0.000657352,"V","<=",0.5,"P",0.231374,***,"",
7,"Output_disabled_leakage","","IVDDDIS_VDD_3_VIN_3",40010,"",1,1,"VDD",7,"1444","","",10,"<=",102.883,"uA","<=",166.5,"P",0.10165,***,"",
7,"Output_disabled_leakage","","IVINDIS_VDD_3_VIN_3",40050,"",1,1,"VIN1",7,"1444","","",10,"<=",69.7402,"uA","<=",166.5,"P",0.10165,***,"",
7,"Output_disabled_leakage","","IOFF_VDD_3_VIN_3",40090,"",1,1,"VOUT4",7,"1444","","",-14,"<=",-1.52015,"uA","<=",11,"P",0.10165,***,"",
7,"Output_disabled_leakage","","IVDDDIS_VDD_3_VIN_20",40020,"",1,1,"VDD",7,"1444","","",10,"<=",99.2129,"uA","<=",166.5,"P",0.10165,***,"",
7,"Output_disabled_leakage","","IVINDIS_VDD_3_VIN_20",40060,"",1,1,"VIN1",7,"1444","","",10,"<=",91.7539,"uA","<=",166.5,"P",0.10165,***,"",
7,"Output_disabled_leakage","","IOFF_VDD_3_VIN_20",40100,"",1,1,"VOUT4",7,"1444","","",-14,"<=",-1.22368,"uA","<=",11,"P",0.10165,***,"",
7,"Output_disabled_leakage","","IVINVDD0_VIN_3",40130,"",1,1,"VIN1",7,"1444","","",10,"<=",83.1261,"uA","<=",166.5,"P",0.10165,***,"",
7,"Output_disabled_leakage","","IOFFVDD0_VIN_3",40150,"",1,1,"VOUT4",7,"1444","","",-14,"<=",-1.22044,"uA","<=",11,"P",0.10165,***,"",
7,"Output_disabled_leakage","","IVDDDIS_VDD_20_VIN_3",40030,"",1,1,"VDD",7,"1444","","",10,"<=",135.871,"uA","<=",166.5,"P",0.10165,***,"",
7,"Output_disabled_leakage","","IVINDIS_VDD_20_VIN_3",40070,"",1,1,"VIN1",7,"1444","","",10,"<=",67.8459,"uA","<=",166.5,"P",0.10165,***,"",
7,"Output_disabled_leakage","","IOFF_VDD_20_VIN_3",40110,"",1,1,"VOUT4",7,"1444","","",-14,"<=",-1.57801,"uA","<=",11,"P",0.10165,***,"",
7,"Output_disabled_leakage","","IVDDDIS_VDD_20_VIN_20",40040,"",1,1,"VDD",7,"1444","","",10,"<=",129.715,"uA","<=",166.5,"P",0.10165,***,"",
7,"Output_disabled_leakage","","IVINDIS_VDD_20_VIN_20",40080,"",1,1,"VIN1",7,"1444","","",10,"<=",97.3186,"uA","<=",166.5,"P",0.10165,***,"",
7,"Output_disabled_leakage","","IOFF_VDD_20_VIN_20",40120,"",1,1,"VOUT4",7,"1444","","",-14,"<=",-1.30758,"uA","<=",11,"P",0.10165,***,"",
7,"Output_disabled_leakage","","IVINVDD0_VIN_20",40140,"",1,1,"VIN1",7,"1444","","",10,"<=",109.395,"uA","<=",166.5,"P",0.10165,***,"",
7,"Output_disabled_leakage","","IOFFVDD0_VIN_20",40160,"",1,1,"VOUT4",7,"1444","","",-14,"<=",-2.13808,"uA","<=",11,"P",0.10165,***,"",
7,"EN_pullup_resistor","","EN0V_PULLUP_RES",50010,"",1,1,"EN0_PS1600",7,"1444","","",155,"<=",199.014,"Kohm","<=",230,"P",0.0272827,***,"",
7,"EN_pullup_resistor","","EN1V_PULLUP_RES",50020,"",1,1,"EN0_PS1600",7,"1444","","",155,"<=",199.9,"Kohm","<=",230,"P",0.0272827,***,"",
7,"EN_pullup_resistor","","EN0V_Current",50030,"",1,1,"EN0_PS1600",7,"1444","","",-11,"<=",-9.04461,"uA","<=",-7,"P",0.0272827,***,"",
7,"EN_pullup_resistor","","EN1V_Current",50040,"",1,1,"EN0_PS1600",7,"1444","","",-5.5,"<=",-4.00201,"uA","<=",-3,"P",0.0272827,***,"",
7,"Leakage_Test","","IOFF_REVERSE_VOUT_VIN_LEAKAGE_1mA",60030,"",1,1,"VIN",7,"1444","","",-331,"<=",-266.178,"mV","<=",-205,"P",0.0588329,***,"",
7,"Leakage_Test","","IOFF_REVERSE_VOUT_VIN_LEAKAGE_10mA",60040,"",1,1,"VIN",7,"1444","","",-340,"<=",-328.209,"mV","<=",-205,"P",0.0588329,***,"",
7,"Leakage_Test","","IOFF_REVERSE_VOUT_VIN_LEAKAGE_100mA",60050,"",1,1,"VIN",7,"1444","","",-331,"<=",-207.666,"mV","<=",-205,"P",0.0588329,***,"",
7,"Nominal_Input_pin_Leakages","","LEAKAGE",70010,"",1,1,"EN0_PS1600",7,"1444","","",10,"<=",24.3758,"uA","<=",40,"P",0.139807,***,"",
7,"Nominal_Input_pin_Leakages","","LEAKAGE",70060,"",1,1,"FAULTB_PS1600",7,"1444","","",-0.2,"<=",0.00591544,"uA","<=",0.2,"P",0.139807,***,"",
7,"Nominal_Input_pin_Leakages","","LEAKAGE",70020,"",1,1,"FCB_PS1600",7,"1444","","",-0.5,"<=",0.11181,"uA","<=",0.5,"P",0.139807,***,"",
7,"Nominal_Input_pin_Leakages","","LEAKAGE",70040,"",1,1,"ISEN_PS1600",7,"1444","","",24,"<=",26.5972,"uA","<=",50,"P",0.139807,***,"",
7,"Nominal_Input_pin_Leakages","","LEAKAGE",70030,"",1,1,"ITRIP_PS1600",7,"1444","","",14,"<=",16.4773,"uA","<=",25,"P",0.139807,***,"",
7,"Nominal_Input_pin_Leakages","","LEAKAGE",70080,"",1,1,"OFF_PS1600",7,"1444","","",-0.2,"<=",0.100011,"uA","<=",0.5,"P",0.139807,***,"",
7,"Nominal_Input_pin_Leakages","","LEAKAGE",70050,"",1,1,"SS_PS1600",7,"1444","","",20,"<=",50.1078,"uA","<=",70,"P",0.139807,***,"",
7,"Nominal_Input_pin_Leakages","","LEAKAGE",70070,"",1,1,"VBIAS_PS1600",7,"1444","","",5,"<=",28.164,"uA","<=",40,"P",0.139807,***,"",
7,"Nominal_Input_pin_Leakages","","LEAKAGE_2V",70090,"",1,1,"OFF_PS1600",7,"1444","","",-0.5,"<=",-0.00748535,"uA","<=",0.5,"P",0.139807,***,"",
7,"Output_enabled_leakage","","IVDD_VDD_3_Vin_3",80001,"",1,1,"VDD",7,"1444","","",10,"<=",92.6424,"uA","<=",130,"P",0.495899,***,"",
7,"Output_enabled_leakage","","IVIN_VDD_3_Vin_3",80005,"",1,1,"VIN1",7,"1444","","",10,"<=",53.5995,"uA","<=",75,"P",0.495899,***,"",
7,"Output_enabled_leakage","","IVDD_VDD_3_Vin_20",80010,"",1,1,"VDD",7,"1444","","",10,"<=",103.653,"uA","<=",150,"P",0.495899,***,"",
7,"Output_enabled_leakage","","IVIN_VDD_3_Vin_20",80014,"",1,1,"VIN1",7,"1444","","",10,"<=",82.6744,"uA","<=",120,"P",0.495899,***,"",
7,"Output_enabled_leakage","","IVDD_VDD_20_Vin_3",80011,"",1,1,"VDD",7,"1444","","",10,"<=",116.996,"uA","<=",150,"P",0.495899,***,"",
7,"Output_enabled_leakage","","IVIN_VDD_20_Vin_3",80015,"",1,1,"VIN1",7,"1444","","",10,"<=",53.1371,"uA","<=",75,"P",0.495899,***,"",
7,"Output_enabled_leakage","","IVDD_VDD_20_Vin_20",80012,"",1,1,"VDD",7,"1444","","",10,"<=",120.784,"uA","<=",175,"P",0.495899,***,"",
7,"Output_enabled_leakage","","IVIN_VDD_20_Vin_20",80016,"",1,1,"VIN1",7,"1444","","",10,"<=",81.2802,"uA","<=",120,"P",0.495899,***,"",
7,"SCAN","","Scan_test",330010,"_rdi_burst_SCAN_bk4_mp",1,1,"@",7,"1444","","",***,"",***," ","",***,"P",0.0437546,***,"",
7,"Logic","","Logic_test",340010,"_rdi_burst_Logic_bk6_mp",1,1,"@",7,"1444","","",***,"",***," ","",***,"P",0.279346,***,"",
7,"POST_EFUSE_RESISTANCE","","POST_BANKA_EFUSE_RESISTANCE_BLOWN_BIT47",590001,"",1,1,"ISEN_PS1600",7,"1444","","",3500,"<=",69321.2,"ohms","<=",85000,"P",3.61603,***,"",
7,"POST_EFUSE_RESISTANCE","","POST_BANKA_EFUSE_RESISTANCE_BLOWN_BIT46",590002,"",1,1,"ISEN_PS1600",7,"1444","","",3500,"<=",69343.8,"ohms","<=",85000,"P",3.6658,***,"",
7,"POST_EFUSE_RESISTANCE","","POST_BANKA_EFUSE_RESISTANCE_UNBLOWN_BIT45",490003,"",1,1,"ISEN_PS1600",7,"1444","","",65,"<=",91,"ohms","<=",200,"P",3.72201,***,"",
7,"POST_EFUSE_RESISTANCE","","POST_BANKA_EFUSE_RESISTANCE_BLOWN_BIT44",590004,"",1,1,"ISEN_PS1600",7,"1444","","",3500,"<=",69321.2,"ohms","<=",85000,"P",2.88429,***,"",
7,"POST_EFUSE_RESISTANCE","","POST_BANKA_EFUSE_RESISTANCE_UNBLOWN_BIT43",490005,"",1,1,"ISEN_PS1600",7,"1444","","",65,"<=",79.6,"ohms","<=",200,"P",2.88802,***,"",
7,"POST_EFUSE_RESISTANCE","","POST_BANKA_EFUSE_RESISTANCE_BLOWN_BIT42",590006,"",1,1,"ISEN_PS1600",7,"1444","","",3500,"<=",69321.2,"ohms","<=",85000,"P",2.88801,***,"",
7,"POST_EFUSE_RESISTANCE","","POST_BANKA_EFUSE_RESISTANCE_BLOWN_BIT41",590007,"",1,1,"ISEN_PS1600",7,"1444","","",3500,"<=",69332.6,"ohms","<=",85000,"P",2.88801,***,"",
7,"POST_EFUSE_RESISTANCE","","POST_BANKA_EFUSE_RESISTANCE_BLOWN_BIT40",590008,"",1,1,"ISEN_PS1600",7,"1444","","",3500,"<=",69355.4,"ohms","<=",85000,"P",2.88392,***,"",
7,"POST_EFUSE_RESISTANCE","","POST_BANKA_EFUSE_RESISTANCE_BLOWN_BIT39",590009,"",1,1,"ISEN_PS1600",7,"1444","","",3500,"<=",69344,"ohms","<=",85000,"P",2.88741,***,"",
7,"POST_EFUSE_RESISTANCE","","POST_BANKA_EFUSE_RESISTANCE_BLOWN_BIT38",590010,"",1,1,"ISEN_PS1600",7,"1444","","",3500,"<=",69321.2,"ohms","<=",85000,"P",2.88625,***,"",
7,"POST_EFUSE_RESISTANCE","","POST_BANKA_EFUSE_RESISTANCE_BLOWN_BIT37",590011,"",1,1,"ISEN_PS1600",7,"1444","","",3500,"<=",69309.8,"ohms","<=",85000,"P",2.88604,***,"",
7,"POST_EFUSE_RESISTANCE","","POST_BANKA_EFUSE_RESISTANCE_BLOWN_BIT36",590012,"",1,1,"ISEN_PS1600",7,"1444","","",3500,"<=",69355.2,"ohms","<=",85000,"P",2.88426,***,"",
7,"POST_EFUSE_RESISTANCE","","POST_BANKA_EFUSE_RESISTANCE_UNBLOWN_BIT35",490013,"",1,1,"ISEN_PS1600",7,"1444","","",65,"<=",102.4,"ohms","<=",200,"P",2.88426,***,"",
7,"POST_EFUSE_RESISTANCE","","POST_BANKA_EFUSE_RESISTANCE_UNBLOWN_BIT34",490014,"",1,1,"ISEN_PS1600",7,"1444","","",65,"<=",68.2,"ohms","<=",200,"P",2.88426,***,"",
7,"POST_EFUSE_RESISTANCE","","POST_BANKA_EFUSE_RESISTANCE_UNBLOWN_BIT33",490015,"",1,1,"ISEN_PS1600",7,"1444","","",65,"<=",79.6,"ohms","<=",200,"P",2.88443,***,"",
7,"POST_EFUSE_RESISTANCE","","POST_BANKA_EFUSE_RESISTANCE_UNBLOWN_BIT32",490016,"",1,1,"ISEN_PS1600",7,"1444","","",65,"<=",102.4,"ohms","<=",200,"P",2.88546,***,"",
7,"POST_EFUSE_RESISTANCE","","POST_BANKA_EFUSE_RESISTANCE_BLOWN_BIT31",590017,"",1,1,"ISEN_PS1600",7,"1444","","",3500,"<=",69355.2,"ohms","<=",85000,"P",2.88666,***,"",
7,"POST_EFUSE_RESISTANCE","","POST_BANKA_EFUSE_RESISTANCE_UNBLOWN_BIT30",490018,"",1,1,"ISEN_PS1600",7,"1444","","",65,"<=",68.2,"ohms","<=",200,"P",2.88839,***,"",
7,"POST_EFUSE_RESISTANCE","","POST_BANKA_EFUSE_RESISTANCE_UNBLOWN_BIT29",490019,"",1,1,"ISEN_PS1600",7,"1444","","",65,"<=",68.2,"ohms","<=",200,"P",2.88631,***,"",
7,"POST_EFUSE_RESISTANCE","","POST_BANKA_EFUSE_RESISTANCE_UNBLOWN_BIT28",490020,"",1,1,"ISEN_PS1600",7,"1444","","",65,"<=",102.4,"ohms","<=",200,"P",2.88735,***,"",
7,"POST_EFUSE_RESISTANCE","","POST_BANKA_EFUSE_RESISTANCE_BLOWN_BIT27",590021,"",1,1,"ISEN_PS1600",7,"1444","","",3500,"<=",69355.2,"ohms","<=",85000,"P",2.88735,***,"",
7,"POST_EFUSE_RESISTANCE","","POST_BANKA_EFUSE_RESISTANCE_UNBLOWN_BIT26",490022,"",1,1,"ISEN_PS1600",7,"1444","","",65,"<=",68.2,"ohms","<=",200,"P",2.88209,***,"",
7,"POST_EFUSE_RESISTANCE","","POST_BANKA_EFUSE_RESISTANCE_BLOWN_BIT25",590023,"",1,1,"ISEN_PS1600",7,"1444","","",3500,"<=",69332.4,"ohms","<=",85000,"P",2.88209,***,"",
7,"POST_EFUSE_RESISTANCE","","POST_BANKA_EFUSE_RESISTANCE_UNBLOWN_BIT24",490024,"",1,1,"ISEN_PS1600",7,"1444","","",65,"<=",102.4,"ohms","<=",200,"P",2.89144,***,"",
7,"POST_EFUSE_RESISTANCE","","POST_BANKA_EFUSE_RESISTANCE_UNBLOWN_BIT23",490025,"",1,1,"ISEN_PS1600",7,"1444","","",65,"<=",91,"ohms","<=",200,"P",2.88735,***,"",
7,"POST_EFUSE_RESISTANCE","","POST_BANKA_EFUSE_RESISTANCE_UNBLOWN_BIT22",490026,"",1,1,"ISEN_PS1600",7,"1444","","",65,"<=",68.2,"ohms","<=",200,"P",2.88564,***,"",
7,"POST_EFUSE_RESISTANCE","","POST_BANKA_EFUSE_RESISTANCE_UNBLOWN_BIT21",490027,"",1,1,"ISEN_PS1600",7,"1444","","",65,"<=",68.2,"ohms","<=",200,"P",2.88425,***,"",
7,"POST_EFUSE_RESISTANCE","","POST_BANKA_EFUSE_RESISTANCE_UNBLOWN_BIT20",490028,"",1,1,"ISEN_PS1600",7,"1444","","",65,"<=",79.6,"ohms","<=",200,"P",2.88425,***,"",
7,"POST_EFUSE_RESISTANCE","","POST_BANKA_EFUSE_RESISTANCE_UNBLOWN_BIT19",490029,"",1,1,"ISEN_PS1600",7,"1444","","",65,"<=",102.4,"ohms","<=",200,"P",2.88425,***,"",
7,"POST_EFUSE_RESISTANCE","","POST_BANKA_EFUSE_RESISTANCE_UNBLOWN_BIT18",490030,"",1,1,"ISEN_PS1600",7,"1444","","",65,"<=",91,"ohms","<=",200,"P",2.88482,***,"",
7,"POST_EFUSE_RESISTANCE","","POST_BANKA_EFUSE_RESISTANCE_BLOWN_BIT17",590031,"",1,1,"ISEN_PS1600",7,"1444","","",3500,"<=",69332.6,"ohms","<=",85000,"P",2.88508,***,"",
7,"POST_EFUSE_RESISTANCE","","POST_BANKA_EFUSE_RESISTANCE_BLOWN_BIT16",590032,"",1,1,"ISEN_PS1600",7,"1444","","",3500,"<=",69332.6,"ohms","<=",85000,"P",2.88508,***,"",
7,"POST_EFUSE_RESISTANCE","","POST_BANKA_EFUSE_RESISTANCE_UNBLOWN_BIT15",490033,"",1,1,"ISEN_PS1600",7,"1444","","",65,"<=",102.4,"ohms","<=",200,"P",2.87269,***,"",
7,"POST_EFUSE_RESISTANCE","","POST_BANKA_EFUSE_RESISTANCE_BLOWN_BIT14",590034,"",1,1,"ISEN_PS1600",7,"1444","","",3500,"<=",69355.2,"ohms","<=",85000,"P",2.88595,***,"",
7,"POST_EFUSE_RESISTANCE","","POST_BANKA_EFUSE_RESISTANCE_UNBLOWN_BIT13",490035,"",1,1,"ISEN_PS1600",7,"1444","","",65,"<=",68.2,"ohms","<=",200,"P",2.88683,***,"",
7,"POST_EFUSE_RESISTANCE","","POST_BANKA_EFUSE_RESISTANCE_BLOWN_BIT12",590036,"",1,1,"ISEN_PS1600",7,"1444","","",3500,"<=",69344,"ohms","<=",85000,"P",2.88435,***,"",
7,"POST_EFUSE_RESISTANCE","","POST_BANKA_EFUSE_RESISTANCE_BLOWN_BIT11",590037,"",1,1,"ISEN_PS1600",7,"1444","","",3500,"<=",69366.8,"ohms","<=",85000,"P",2.88548,***,"",
7,"POST_EFUSE_RESISTANCE","","POST_BANKA_EFUSE_RESISTANCE_UNBLOWN_BIT10",490038,"",1,1,"ISEN_PS1600",7,"1444","","",65,"<=",102.4,"ohms","<=",200,"P",2.88156,***,"",
7,"POST_EFUSE_RESISTANCE","","POST_BANKA_EFUSE_RESISTANCE_BLOWN_BIT9",590039,"",1,1,"ISEN_PS1600",7,"1444","","",3500,"<=",69355.4,"ohms","<=",85000,"P",2.88156,***,"",
7,"POST_EFUSE_RESISTANCE","","POST_BANKA_EFUSE_RESISTANCE_BLOWN_BIT8",590040,"",1,1,"ISEN_PS1600",7,"1444","","",3500,"<=",69309.8,"ohms","<=",85000,"P",2.88156,***,"",
7,"POST_EFUSE_RESISTANCE","","POST_BANKA_EFUSE_RESISTANCE_BLOWN_BIT7",590041,"",1,1,"ISEN_PS1600",7,"1444","","",3500,"<=",69366.8,"ohms","<=",85000,"P",2.8817,***,"",
7,"POST_EFUSE_RESISTANCE","","POST_BANKA_EFUSE_RESISTANCE_UNBLOWN_BIT6",490042,"",1,1,"ISEN_PS1600",7,"1444","","",65,"<=",102.4,"ohms","<=",200,"P",2.88326,***,"",
7,"POST_EFUSE_RESISTANCE","","POST_BANKA_EFUSE_RESISTANCE_BLOWN_BIT5",590043,"",1,1,"ISEN_PS1600",7,"1444","","",3500,"<=",69344,"ohms","<=",85000,"P",2.88326,***,"",
7,"POST_EFUSE_RESISTANCE","","POST_BANKA_EFUSE_RESISTANCE_UNBLOWN_BIT4",490044,"",1,1,"ISEN_PS1600",7,"1444","","",65,"<=",79.6,"ohms","<=",200,"P",2.88326,***,"",
7,"POST_EFUSE_RESISTANCE","","POST_BANKA_EFUSE_RESISTANCE_UNBLOWN_BIT3",490045,"",1,1,"ISEN_PS1600",7,"1444","","",65,"<=",91,"ohms","<=",200,"P",2.88326,***,"",
7,"POST_EFUSE_RESISTANCE","","POST_BANKA_EFUSE_RESISTANCE_UNBLOWN_BIT2",490046,"",1,1,"ISEN_PS1600",7,"1444","","",65,"<=",91,"ohms","<=",200,"P",2.88326,***,"",
7,"POST_EFUSE_RESISTANCE","","POST_BANKA_EFUSE_RESISTANCE_UNBLOWN_BIT1",490047,"",1,1,"ISEN_PS1600",7,"1444","","",65,"<=",68.2,"ohms","<=",200,"P",2.88273,***,"",
7,"POST_EFUSE_RESISTANCE","","POST_BANKA_EFUSE_RESISTANCE_UNBLOWN_BIT0",490048,"",1,1,"ISEN_PS1600",7,"1444","","",65,"<=",68.2,"ohms","<=",200,"P",2.88421,***,"",
7,"POST_EFUSE_RESISTANCE","","POST_BANKB_EFUSE_RESISTANCE_BLOWN_BIT47",590049,"",1,1,"ISEN_PS1600",7,"1444","","",3500,"<=",69321,"ohms","<=",85000,"P",2.88421,***,"",
7,"POST_EFUSE_RESISTANCE","","POST_BANKB_EFUSE_RESISTANCE_BLOWN_BIT46",590050,"",1,1,"ISEN_PS1600",7,"1444","","",3500,"<=",69366.8,"ohms","<=",85000,"P",2.88421,***,"",
7,"POST_EFUSE_RESISTANCE","","POST_BANKB_EFUSE_RESISTANCE_UNBLOWN_BIT45",490051,"",1,1,"ISEN_PS1600",7,"1444","","",65,"<=",91,"ohms","<=",200,"P",2.88535,***,"",
7,"POST_EFUSE_RESISTANCE","","POST_BANKB_EFUSE_RESISTANCE_BLOWN_BIT44",590052,"",1,1,"ISEN_PS1600",7,"1444","","",3500,"<=",69332.6,"ohms","<=",85000,"P",2.87876,***,"",
7,"POST_EFUSE_RESISTANCE","","POST_BANKB_EFUSE_RESISTANCE_UNBLOWN_BIT43",490053,"",1,1,"ISEN_PS1600",7,"1444","","",65,"<=",68.2,"ohms","<=",200,"P",2.88605,***,"",
7,"POST_EFUSE_RESISTANCE","","POST_BANKB_EFUSE_RESISTANCE_BLOWN_BIT42",590054,"",1,1,"ISEN_PS1600",7,"1444","","",3500,"<=",69366.8,"ohms","<=",85000,"P",2.88855,***,"",
7,"POST_EFUSE_RESISTANCE","","POST_BANKB_EFUSE_RESISTANCE_BLOWN_BIT41",590055,"",1,1,"ISEN_PS1600",7,"1444","","",3500,"<=",69378.2,"ohms","<=",85000,"P",2.88855,***,"",
7,"POST_EFUSE_RESISTANCE","","POST_BANKB_EFUSE_RESISTANCE_BLOWN_BIT40",590056,"",1,1,"ISEN_PS1600",7,"1444","","",3500,"<=",69332.6,"ohms","<=",85000,"P",2.88191,***,"",
7,"POST_EFUSE_RESISTANCE","","POST_BANKB_EFUSE_RESISTANCE_BLOWN_BIT39",590057,"",1,1,"ISEN_PS1600",7,"1444","","",3500,"<=",69332.6,"ohms","<=",85000,"P",2.8857,***,"",
7,"POST_EFUSE_RESISTANCE","","POST_BANKB_EFUSE_RESISTANCE_BLOWN_BIT38",590058,"",1,1,"ISEN_PS1600",7,"1444","","",3500,"<=",69378,"ohms","<=",85000,"P",2.88848,***,"",
7,"POST_EFUSE_RESISTANCE","","POST_BANKB_EFUSE_RESISTANCE_BLOWN_BIT37",590059,"",1,1,"ISEN_PS1600",7,"1444","","",3500,"<=",69378,"ohms","<=",85000,"P",2.88421,***,"",
7,"POST_EFUSE_RESISTANCE","","POST_BANKB_EFUSE_RESISTANCE_BLOWN_BIT36",590060,"",1,1,"ISEN_PS1600",7,"1444","","",3500,"<=",69344,"ohms","<=",85000,"P",2.88421,***,"",
7,"POST_EFUSE_RESISTANCE","","POST_BANKB_EFUSE_RESISTANCE_UNBLOWN_BIT35",490061,"",1,1,"ISEN_PS1600",7,"1444","","",65,"<=",56.8,"ohms","<=",200,"F",2.88421,***,"",
8,"CONTINUITY","","CONTINUITY",10030,"",1,1,"EN0_PS1600",8,"1482","","",-500,"<=",-370.604,"mV","<=",-300,"P",0.132977,***,"",
8,"CONTINUITY","","CONTINUITY",10020,"",1,1,"FAULTB_PS1600",8,"1482","","",-500,"<=",-428.542,"mV","<=",-300,"P",0.132977,***,"",
8,"CONTINUITY","","CONTINUITY",10050,"",1,1,"FCB_PS1600",8,"1482","","",-500,"<=",-370.157,"mV","<=",-300,"P",0.132977,***,"",
8,"CONTINUITY","","CONTINUITY",10090,"",1,1,"ISEN_PS1600",8,"1482","","",-500,"<=",-357.568,"mV","<=",-300,"P",0.132977,***,"",
8,"CONTINUITY","","CONTINUITY",10080,"",1,1,"ITRIP_PS1600",8,"1482","","",-500,"<=",-372.605,"mV","<=",-300,"P",0.132977,***,"",
8,"CONTINUITY","","CONTINUITY",10040,"",1,1,"OFF_PS1600",8,"1482","","",-500,"<=",-364.408,"mV","<=",-300,"P",0.132977,***,"",
8,"CONTINUITY","","CONTINUITY",10010,"",1,1,"SS_PS1600",8,"1482","","",-500,"<=",-456.115,"mV","<=",-300,"P",0.132977,***,"",
8,"CONTINUITY","","CONTINUITY",10070,"",1,1,"VBIAS_PS1600",8,"1482","","",-500,"<=",-296.791,"mV","<=",-200,"P",0.132977,***,"",
8,"CONTINUITY","","CONTINUITY",10060,"",1,1,"GND_PS1600",8,"1482","","",-500,"<=",-354.779,"mV","<=",-300,"P",0.132977,***,"",
8,"CONTINUITY","","CONTINUITY",10180,"",1,1,"VIN1",8,"1482","","",-360,"<=",-342.455,"mV","<=",-300,"P",0.132977,***,"",
8,"CONTINUITY","","CONTINUITY",10190,"",1,1,"VIN2",8,"1482","","",-360,"<=",-342.722,"mV","<=",-300,"P",0.132977,***,"",
8,"CONTINUITY","","CONTINUITY",10200,"",1,1,"VIN3",8,"1482","","",-360,"<=",-342.875,"mV","<=",-300,"P",0.132977,***,"",
8,"CONTINUITY","","CONTINUITY",10210,"",1,1,"VIN4_RS1",8,"1482","","",-360,"<=",-342.857,"mV","<=",-300,"P",0.132977,***,"",
8,"CONTINUITY","","CONTINUITY",10220,"",1,1,"VIN4_RS2",8,"1482","","",-360,"<=",-342.731,"mV","<=",-300,"P",0.132977,***,"",
8,"CONTINUITY","","CONTINUITY",10230,"",1,1,"VIN5_RS1",8,"1482","","",-360,"<=",-342.693,"mV","<=",-300,"P",0.132977,***,"",
8,"CONTINUITY","","CONTINUITY",10240,"",1,1,"VIN5_RS2",8,"1482","","",-360,"<=",-342.81,"mV","<=",-300,"P",0.132977,***,"",
8,"CONTINUITY","","CONTINUITY",10250,"",1,1,"VIN6",8,"1482","","",-360,"<=",-342.878,"mV","<=",-300,"P",0.132977,***,"",
8,"CONTINUITY","","CONTINUITY",10100,"",1,1,"VOUT1",8,"1482","","",-300,"<=",-223.747,"mV","<=",-200,"P",0.132977,***,"",
8,"CONTINUITY","","CONTINUITY",10110,"",1,1,"VOUT2_RS1",8,"1482","","",-300,"<=",-223.648,"mV","<=",-200,"P",0.132977,***,"",
8,"CONTINUITY","","CONTINUITY",10120,"",1,1,"VOUT2_RS2",8,"1482","","",-300,"<=",-223.721,"mV","<=",-200,"P",0.132977,***,"",
8,"CONTINUITY","","CONTINUITY",10130,"",1,1,"VOUT3_RS1",8,"1482","","",-300,"<=",-223.394,"mV","<=",-200,"P",0.132977,***,"",
8,"CONTINUITY","","CONTINUITY",10140,"",1,1,"VOUT3_RS2",8,"1482","","",-300,"<=",-223.98,"mV","<=",-200,"P",0.132977,***,"",
8,"CONTINUITY","","CONTINUITY",10150,"",1,1,"VOUT4",8,"1482","","",-300,"<=",-223.579,"mV","<=",-200,"P",0.132977,***,"",
8,"CONTINUITY","","CONTINUITY",10160,"",1,1,"VOUT5",8,"1482","","",-300,"<=",-223.789,"mV","<=",-200,"P",0.132977,***,"",
8,"CONTINUITY","","CONTINUITY",10170,"",1,1,"VOUT6",8,"1482","","",-300,"<=",-223.579,"mV","<=",-200,"P",0.132977,***,"",
8,"Pin_to_Pin_Leakage","","PIN_TO_PIN_POS_LEAKAGE_PIN",20010,"",1,1,"FAULTB_PS1600",8,"1482","","",-200,"<=",-5.02189,"nA","<=",200,"P",0.416773,***,"",
8,"Pin_to_Pin_Leakage","","PIN_TO_PIN_NEG_LEAKAGE_PIN",20110,"",1,1,"FAULTB_PS1600",8,"1482","","",-200,"<=",-5.02189,"nA","<=",200,"P",0.416773,***,"",
8,"Pin_to_Pin_Leakage","","PIN_TO_PIN_POS_LEAKAGE_PIN",20020,"",1,1,"ITRIP_PS1600",8,"1482","","",-200,"<=",-8.74711,"nA","<=",200,"P",0.416773,***,"",
8,"Pin_to_Pin_Leakage","","PIN_TO_PIN_NEG_LEAKAGE_PIN",20120,"",1,1,"ITRIP_PS1600",8,"1482","","",-200,"<=",-8.74711,"nA","<=",200,"P",0.416773,***,"",
8,"Pin_to_Pin_Leakage","","PIN_TO_PIN_POS_LEAKAGE_PIN",20030,"",1,1,"OFF_PS1600",8,"1482","","",-200,"<=",-7.35943,"nA","<=",200,"P",0.416773,***,"",
8,"Pin_to_Pin_Leakage","","PIN_TO_PIN_NEG_LEAKAGE_PIN",20130,"",1,1,"OFF_PS1600",8,"1482","","",-200,"<=",-7.35943,"nA","<=",200,"P",0.416773,***,"",
8,"Pin_to_Pin_Leakage","","PIN_TO_PIN_POS_LEAKAGE_PIN",20040,"",1,1,"SS_PS1600",8,"1482","","",-200,"<=",-9.51461,"nA","<=",200,"P",0.416773,***,"",
8,"Pin_to_Pin_Leakage","","PIN_TO_PIN_NEG_LEAKAGE_PIN",20140,"",1,1,"SS_PS1600",8,"1482","","",-200,"<=",-9.51461,"nA","<=",200,"P",0.416773,***,"",
8,"Pin_to_Pin_Leakage","","PIN_TO_PIN_POS_LEAKAGE_PIN",20050,"",1,1,"VIN1",8,"1482","","",10,"<=",298.409,"nA","<=",500,"P",0.416773,***,"",
8,"Pin_to_Pin_Leakage","","PIN_TO_PIN_NEG_LEAKAGE_PIN",20150,"",1,1,"VIN1",8,"1482","","",-500,"<=",-299.035,"nA","<=",-10,"P",0.416773,***,"",
8,"Pin_to_Pin_Leakage","","PIN_TO_PIN_POS_LEAKAGE_PIN",20060,"",1,1,"VOUT1",8,"1482","","",10,"<=",298.078,"nA","<=",500,"P",0.416773,***,"",
8,"Pin_to_Pin_Leakage","","PIN_TO_PIN_NEG_LEAKAGE_PIN",20160,"",1,1,"VOUT1",8,"1482","","",-500,"<=",-298.041,"nA","<=",-10,"P",0.416773,***,"",
8,"Pin_to_Pin_Leakage","","PIN_TO_PIN_POS_LEAKAGE_PIN",20070,"",1,1,"EN0_PS1600",8,"1482","","",300,"<=",512.008,"nA","<=",700,"P",0.416773,***,"",
8,"Pin_to_Pin_Leakage","","PIN_TO_PIN_NEG_LEAKAGE_PIN",20170,"",1,1,"EN0_PS1600",8,"1482","","",-700,"<=",-516.179,"nA","<=",-300,"P",0.416773,***,"",
8,"Pin_to_Pin_Leakage","","PIN_TO_PIN_POS_LEAKAGE_PIN",20080,"",1,1,"FCB_PS1600",8,"1482","","",-200,"<=",0.295559,"nA","<=",200,"P",0.416773,***,"",
8,"Pin_to_Pin_Leakage","","PIN_TO_PIN_NEG_LEAKAGE_PIN",20180,"",1,1,"FCB_PS1600",8,"1482","","",-200,"<=",-4.71565,"nA","<=",200,"P",0.416773,***,"",
8,"Pin_to_Pin_Leakage","","PIN_TO_PIN_POS_LEAKAGE_PIN",20090,"",1,1,"ISEN_PS1600",8,"1482","","",-200,"<=",-0.67015,"nA","<=",200,"P",0.416773,***,"",
8,"Pin_to_Pin_Leakage","","PIN_TO_PIN_NEG_LEAKAGE_PIN",20190,"",1,1,"ISEN_PS1600",8,"1482","","",-200,"<=",-8.39461,"nA","<=",200,"P",0.416773,***,"",
8,"Pin_to_Pin_Leakage","","PIN_TO_PIN_POS_LEAKAGE_PIN_VBIAS_PS1600",20100,"",1,1,"VBIAS_PS1600",8,"1482","","",500,"<=",741,"nA","<=",1000,"P",0.416773,***,"",
8,"Pin_to_Pin_Leakage","","PIN_TO_PIN_NEG_LEAKAGE_PIN_VBIAS_PS1600",20200,"",1,1,"VBIAS_PS1600",8,"1482","","",-1000,"<=",-819,"nA","<=",-500,"P",0.416773,***,"",
8,"IVDDFL_IVINFL_RONFL","","RON_200mAVDD_5_VIN_5_20V_Part",90050,"",1,1,"VIN1",8,"1482","","",0.01,"<=",0.0230859,"ohm","<=",0.03,"P",0.034414,***,"",
8,"IVDDFL_IVINFL_RONFL","","DEVICE_VARIENT_TRUE",90060,"",1,1,"VIN1",8,"1482","","",0.5,"<=",1,"","<=",1.5,"P",0.034414,***,"",
8,"Fuse_Burn_Check","","BANKA_BIT5_BLOWN_TRUE",1000001,"",1,1,"OFF_PS1600",8,"1482","","",0,"<=",1,"","<=",1,"P",0.0995141,***,"",
8,"Gross_Functional_EN_FCB_FAULTB_OFF","","EN_FCB_LOW_VOUT_LOW",30010,"",1,1,"VOUT4",8,"1482","","",-0.001,"<=",0.0191631,"V","<=",1,"P",0.231374,***,"",
8,"Gross_Functional_EN_FCB_FAULTB_OFF","","EN_FCB_LOW_OFF_HIGH",30020,"",1,1,"OFF_PS1600",8,"1482","","",1.6,"<=",1.79438,"V","<=",2.3,"P",0.231374,***,"",
8,"Gross_Functional_EN_FCB_FAULTB_OFF","","FCB_LOW_VOUT_LOW",30030,"",1,1,"VOUT4",8,"1482","","",-0.001,"<=",0.00101089,"V","<=",0.5,"P",0.231374,***,"",
8,"Gross_Functional_EN_FCB_FAULTB_OFF","","FCB_LOW_OFF_HIGH",30040,"",1,1,"OFF_PS1600",8,"1482","","",1.6,"<=",1.79478,"V","<=",2.3,"P",0.231374,***,"",
8,"Gross_Functional_EN_FCB_FAULTB_OFF","","EN_LOW_VOUT_LOW",30050,"",1,1,"VOUT4",8,"1482","","",-0.001,"<=",0.000909805,"V","<=",0.5,"P",0.231374,***,"",
8,"Gross_Functional_EN_FCB_FAULTB_OFF","","EN_LOW_OFF_HIGH",30060,"",1,1,"OFF_PS1600",8,"1482","","",1.6,"<=",1.79415,"V","<=",2.3,"P",0.231374,***,"",
8,"Gross_Functional_EN_FCB_FAULTB_OFF","","EN_FCB_HIGH_VOUT_HIGH",30070,"",1,1,"VOUT4",8,"1482","","",4.85,"<=",5.00036,"V","<=",5.1,"P",0.231374,***,"",
8,"Gross_Functional_EN_FCB_FAULTB_OFF","","EN_FCB_HIGH_OFF_LOW",30080,"",1,1,"OFF_PS1600",8,"1482","","",-0.001,"<=",0.000714269,"V","<=",0.5,"P",0.231374,***,"",
8,"Gross_Functional_EN_FCB_FAULTB_OFF","","FAULT_SET_VOUT_LOW",30090,"",1,1,"VOUT4",8,"1482","","",-0.001,"<=",0.000387192,"V","<=",0.5,"P",0.231374,***,"",
8,"Gross_Functional_EN_FCB_FAULTB_OFF","","FAULT_SET_OFF_HIGH",30100,"",1,1,"OFF_PS1600",8,"1482","","",1.6,"<=",1.83974,"V","<=",2.3,"P",0.231374,***,"",
8,"Gross_Functional_EN_FCB_FAULTB_OFF","","FAULT_RESET_VOUT_HIGH",30110,"",1,1,"VOUT4",8,"1482","","",4.85,"<=",4.9999,"V","<=",5.1,"P",0.231374,***,"",
8,"Gross_Functional_EN_FCB_FAULTB_OFF","","FAULT_RESET_OFF_LOW",30120,"",1,1,"OFF_PS1600",8,"1482","","",0,"<=",0.000771185,"V","<=",0.5,"P",0.231374,***,"",
8,"Output_disabled_leakage","","IVDDDIS_VDD_3_VIN_3",40010,"",1,1,"VDD",8,"1482","","",10,"<=",98.1325,"uA","<=",166.5,"P",0.10165,***,"",
8,"Output_disabled_leakage","","IVINDIS_VDD_3_VIN_3",40050,"",1,1,"VIN1",8,"1482","","",10,"<=",72.7074,"uA","<=",166.5,"P",0.10165,***,"",
8,"Output_disabled_leakage","","IOFF_VDD_3_VIN_3",40090,"",1,1,"VOUT4",8,"1482","","",-14,"<=",-1.46919,"uA","<=",11,"P",0.10165,***,"",
8,"Output_disabled_leakage","","IVDDDIS_VDD_3_VIN_20",40020,"",1,1,"VDD",8,"1482","","",10,"<=",107.612,"uA","<=",166.5,"P",0.10165,***,"",
8,"Output_disabled_leakage","","IVINDIS_VDD_3_VIN_20",40060,"",1,1,"VIN1",8,"1482","","",10,"<=",96.7272,"uA","<=",166.5,"P",0.10165,***,"",
8,"Output_disabled_leakage","","IOFF_VDD_3_VIN_20",40100,"",1,1,"VOUT4",8,"1482","","",-14,"<=",-1.39189,"uA","<=",11,"P",0.10165,***,"",
8,"Output_disabled_leakage","","IVINVDD0_VIN_3",40130,"",1,1,"VIN1",8,"1482","","",10,"<=",66.7954,"uA","<=",166.5,"P",0.10165,***,"",
8,"Output_disabled_leakage","","IOFFVDD0_VIN_3",40150,"",1,1,"VOUT4",8,"1482","","",-14,"<=",-1.18758,"uA","<=",11,"P",0.10165,***,"",
8,"Output_disabled_leakage","","IVDDDIS_VDD_20_VIN_3",40030,"",1,1,"VDD",8,"1482","","",10,"<=",130.076,"uA","<=",166.5,"P",0.10165,***,"",
8,"Output_disabled_leakage","","IVINDIS_VDD_20_VIN_3",40070,"",1,1,"VIN1",8,"1482","","",10,"<=",80.0407,"uA","<=",166.5,"P",0.10165,***,"",
8,"Output_disabled_leakage","","IOFF_VDD_20_VIN_3",40110,"",1,1,"VOUT4",8,"1482","","",-14,"<=",-1.52164,"uA","<=",11,"P",0.10165,***,"",
8,"Output_disabled_leakage","","IVDDDIS_VDD_20_VIN_20",40040,"",1,1,"VDD",8,"1482","","",10,"<=",137.387,"uA","<=",166.5,"P",0.10165,***,"",
8,"Output_disabled_leakage","","IVINDIS_VDD_20_VIN_20",40080,"",1,1,"VIN1",8,"1482","","",10,"<=",94.5954,"uA","<=",166.5,"P",0.10165,***,"",
8,"Output_disabled_leakage","","IOFF_VDD_20_VIN_20",40120,"",1,1,"VOUT4",8,"1482","","",-14,"<=",-1.33793,"uA","<=",11,"P",0.10165,***,"",
8,"Output_disabled_leakage","","IVINVDD0_VIN_20",40140,"",1,1,"VIN1",8,"1482","","",10,"<=",116.38,"uA","<=",166.5,"P",0.10165,***,"",
8,"Output_disabled_leakage","","IOFFVDD0_VIN_20",40160,"",1,1,"VOUT4",8,"1482","","",-14,"<=",-2.10202,"uA","<=",11,"P",0.10165,***,"",
8,"EN_pullup_resistor","","EN0V_PULLUP_RES",50010,"",1,1,"EN0_PS1600",8,"1482","","",155,"<=",195.866,"Kohm","<=",230,"P",0.0272827,***,"",
8,"EN_pullup_resistor","","EN1V_PULLUP_RES",50020,"",1,1,"EN0_PS1600",8,"1482","","",155,"<=",196.642,"Kohm","<=",230,"P",0.0272827,***,"",
8,"EN_pullup_resistor","","EN0V_Current",50030,"",1,1,"EN0_PS1600",8,"1482","","",-11,"<=",-9.18996,"uA","<=",-7,"P",0.0272827,***,"",
8,"EN_pullup_resistor","","EN1V_Current",50040,"",1,1,"EN0_PS1600",8,"1482","","",-5.5,"<=",-4.06831,"uA","<=",-3,"P",0.0272827,***,"",
8,"Leakage_Test","","IOFF_REVERSE_VOUT_VIN_LEAKAGE_1mA",60030,"",1,1,"VIN",8,"1482","","",-331,"<=",-265.48,"mV","<=",-205,"P",0.0588329,***,"",
8,"Leakage_Test","","IOFF_REVERSE_VOUT_VIN_LEAKAGE_10mA",60040,"",1,1,"VIN",8,"1482","","",-340,"<=",-328.173,"mV","<=",-205,"P",0.0588329,***,"",
8,"Leakage_Test","","IOFF_REVERSE_VOUT_VIN_LEAKAGE_100mA",60050,"",1,1,"VIN",8,"1482","","",-331,"<=",-207.148,"mV","<=",-205,"P",0.0588329,***,"",
8,"Nominal_Input_pin_Leakages","","LEAKAGE",70010,"",1,1,"EN0_PS1600",8,"1482","","",10,"<=",25.123,"uA","<=",40,"P",0.139807,***,"",
8,"Nominal_Input_pin_Leakages","","LEAKAGE",70060,"",1,1,"FAULTB_PS1600",8,"1482","","",-0.2,"<=",0.00591544,"uA","<=",0.2,"P",0.139807,***,"",
8,"Nominal_Input_pin_Leakages","","LEAKAGE",70020,"",1,1,"FCB_PS1600",8,"1482","","",-0.5,"<=",0.11181,"uA","<=",0.5,"P",0.139807,***,"",
8,"Nominal_Input_pin_Leakages","","LEAKAGE",70040,"",1,1,"ISEN_PS1600",8,"1482","","",24,"<=",26.4961,"uA","<=",50,"P",0.139807,***,"",
8,"Nominal_Input_pin_Leakages","","LEAKAGE",70030,"",1,1,"ITRIP_PS1600",8,"1482","","",14,"<=",16.4522,"uA","<=",25,"P",0.139807,***,"",
8,"Nominal_Input_pin_Leakages","","LEAKAGE",70080,"",1,1,"OFF_PS1600",8,"1482","","",-0.2,"<=",0.07472,"uA","<=",0.5,"P",0.139807,***,"",
8,"Nominal_Input_pin_Leakages","","LEAKAGE",70050,"",1,1,"SS_PS1600",8,"1482","","",20,"<=",50.3598,"uA","<=",70,"P",0.139807,***,"",
8,"Nominal_Input_pin_Leakages","","LEAKAGE",70070,"",1,1,"VBIAS_PS1600",8,"1482","","",5,"<=",27.5181,"uA","<=",40,"P",0.139807,***,"",
8,"Nominal_Input_pin_Leakages","","LEAKAGE_2V",70090,"",1,1,"OFF_PS1600",8,"1482","","",-0.5,"<=",0.0178053,"uA","<=",0.5,"P",0.139807,***,"",
8,"Output_enabled_leakage","","IVDD_VDD_3_Vin_3",80001,"",1,1,"VDD",8,"1482","","",10,"<=",97.272,"uA","<=",130,"P",0.495899,***,"",
8,"Output_enabled_leakage","","IVIN_VDD_3_Vin_3",80005,"",1,1,"VIN1",8,"1482","","",10,"<=",54.2128,"uA","<=",75,"P",0.495899,***,"",
8,"Output_enabled_leakage","","IVDD_VDD_3_Vin_20",80010,"",1,1,"VDD",8,"1482","","",10,"<=",99.225,"uA","<=",150,"P",0.495899,***,"",
8,"Output_enabled_leakage","","IVIN_VDD_3_Vin_20",80014,"",1,1,"VIN1",8,"1482","","",10,"<=",84.6367,"uA","<=",120,"P",0.495899,***,"",
8,"Output_enabled_leakage","","IVDD_VDD_20_Vin_3",80011,"",1,1,"VDD",8,"1482","","",10,"<=",111.845,"uA","<=",150,"P",0.495899,***,"",
8,"Output_enabled_leakage","","IVIN_VDD_20_Vin_3",80015,"",1,1,"VIN1",8,"1482","","",10,"<=",52.4023,"uA","<=",75,"P",0.495899,***,"",
8,"Output_enabled_leakage","","IVDD_VDD_20_Vin_20",80012,"",1,1,"VDD",8,"1482","","",10,"<=",119.707,"uA","<=",175,"P",0.495899,***,"",
8,"Output_enabled_leakage","","IVIN_VDD_20_Vin_20",80016,"",1,1,"VIN1",8,"1482","","",10,"<=",82.2581,"uA","<=",120,"P",0.495899,***,"",
8,"SCAN","","Scan_test",330010,"_rdi_burst_SCAN_bk4_mp",1,1,"@",8,"1482","","",***,"",***," ","",***,"P",0.0437546,***,"",
8,"Logic","","Logic_test",340010,"_rdi_burst_Logic_bk6_mp",1,1,"@",8,"1482","","",***,"",***," ","",***,"P",0.279346,***,"",
8,"POST_EFUSE_RESISTANCE","","POST_BANKA_EFUSE_RESISTANCE_BLOWN_BIT47",590001,"",1,1,"ISEN_PS1600",8,"1482","","",3500,"<=",69002.4,"ohms","<=",85000,"P",3.61603,***,"",
8,"POST_EFUSE_RESISTANCE","","POST_BANKA_EFUSE_RESISTANCE_BLOWN_BIT46",590002,"",1,1,"ISEN_PS1600",8,"1482","","",3500,"<=",68956.8,"ohms","<=",85000,"P",3.6658,***,"",
8,"POST_EFUSE_RESISTANCE","","POST_BANKA_EFUSE_RESISTANCE_UNBLOWN_BIT45",490003,"",1,1,"ISEN_PS1600",8,"1482","","",65,"<=",57,"ohms","<=",200,"F",3.72201,***,"",
9,"CONTINUITY","","CONTINUITY",10030,"",1,1,"EN0_PS1600",9,"1045","","",-500,"<=",-370.831,"mV","<=",-300,"P",0.132977,***,"",
9,"CONTINUITY","","CONTINUITY",10020,"",1,1,"FAULTB_PS1600",9,"1045","","",-500,"<=",-431.729,"mV","<=",-300,"P",0.132977,***,"",
9,"CONTINUITY","","CONTINUITY",10050,"",1,1,"FCB_PS1600",9,"1045","","",-500,"<=",-370.84,"mV","<=",-300,"P",0.132977,***,"",
9,"CONTINUITY","","CONTINUITY",10090,"",1,1,"ISEN_PS1600",9,"1045","","",-500,"<=",-358.536,"mV","<=",-300,"P",0.132977,***,"",
9,"CONTINUITY","","CONTINUITY",10080,"",1,1,"ITRIP_PS1600",9,"1045","","",-500,"<=",-373.003,"mV","<=",-300,"P",0.132977,***,"",
9,"CONTINUITY","","CONTINUITY",10040,"",1,1,"OFF_PS1600",9,"1045","","",-500,"<=",-365.604,"mV","<=",-300,"P",0.132977,***,"",
9,"CONTINUITY","","CONTINUITY",10010,"",1,1,"SS_PS1600",9,"1045","","",-500,"<=",-461.351,"mV","<=",-300,"P",0.132977,***,"",
9,"CONTINUITY","","CONTINUITY",10070,"",1,1,"VBIAS_PS1600",9,"1045","","",-500,"<=",-295.254,"mV","<=",-200,"P",0.132977,***,"",
9,"CONTINUITY","","CONTINUITY",10060,"",1,1,"GND_PS1600",9,"1045","","",-500,"<=",-354.609,"mV","<=",-300,"P",0.132977,***,"",
9,"CONTINUITY","","CONTINUITY",10180,"",1,1,"VIN1",9,"1045","","",-360,"<=",-331.861,"mV","<=",-300,"P",0.132977,***,"",
9,"CONTINUITY","","CONTINUITY",10190,"",1,1,"VIN2",9,"1045","","",-360,"<=",-332.361,"mV","<=",-300,"P",0.132977,***,"",
9,"CONTINUITY","","CONTINUITY",10200,"",1,1,"VIN3",9,"1045","","",-360,"<=",-332.35,"mV","<=",-300,"P",0.132977,***,"",
9,"CONTINUITY","","CONTINUITY",10210,"",1,1,"VIN4_RS1",9,"1045","","",-360,"<=",-332.329,"mV","<=",-300,"P",0.132977,***,"",
9,"CONTINUITY","","CONTINUITY",10220,"",1,1,"VIN4_RS2",9,"1045","","",-360,"<=",-332.199,"mV","<=",-300,"P",0.132977,***,"",
9,"CONTINUITY","","CONTINUITY",10230,"",1,1,"VIN5_RS1",9,"1045","","",-360,"<=",-332.157,"mV","<=",-300,"P",0.132977,***,"",
9,"CONTINUITY","","CONTINUITY",10240,"",1,1,"VIN5_RS2",9,"1045","","",-360,"<=",-332.035,"mV","<=",-300,"P",0.132977,***,"",
9,"CONTINUITY","","CONTINUITY",10250,"",1,1,"VIN6",9,"1045","","",-360,"<=",-331.93,"mV","<=",-300,"P",0.132977,***,"",
9,"CONTINUITY","","CONTINUITY",10100,"",1,1,"VOUT1",9,"1045","","",-300,"<=",-223.444,"mV","<=",-200,"P",0.132977,***,"",
9,"CONTINUITY","","CONTINUITY",10110,"",1,1,"VOUT2_RS1",9,"1045","","",-300,"<=",-223.969,"mV","<=",-200,"P",0.132977,***,"",
9,"CONTINUITY","","CONTINUITY",10120,"",1,1,"VOUT2_RS2",9,"1045","","",-300,"<=",-223.701,"mV","<=",-200,"P",0.132977,***,"",
9,"CONTINUITY","","CONTINUITY",10130,"",1,1,"VOUT3_RS1",9,"1045","","",-300,"<=",-223.938,"mV","<=",-200,"P",0.132977,***,"",
9,"CONTINUITY","","CONTINUITY",10140,"",1,1,"VOUT3_RS2",9,"1045","","",-300,"<=",-223.57,"mV","<=",-200,"P",0.132977,***,"",
9,"CONTINUITY","","CONTINUITY",10150,"",1,1,"VOUT4",9,"1045","","",-300,"<=",-223.768,"mV","<=",-200,"P",0.132977,***,"",
9,"CONTINUITY","","CONTINUITY",10160,"",1,1,"VOUT5",9,"1045","","",-300,"<=",-223.925,"mV","<=",-200,"P",0.132977,***,"",
9,"CONTINUITY","","CONTINUITY",10170,"",1,1,"VOUT6",9,"1045","","",-300,"<=",-223.52,"mV","<=",-200,"P",0.132977,***,"",
9,"Pin_to_Pin_Leakage","","PIN_TO_PIN_POS_LEAKAGE_PIN",20010,"",1,1,"FAULTB_PS1600",9,"1045","","",-200,"<=",-5.88517,"nA","<=",200,"P",0.416773,***,"",
9,"Pin_to_Pin_Leakage","","PIN_TO_PIN_NEG_LEAKAGE_PIN",20110,"",1,1,"FAULTB_PS1600",9,"1045","","",-200,"<=",-5.88517,"nA","<=",200,"P",0.416773,***,"",
9,"Pin_to_Pin_Leakage","","PIN_TO_PIN_POS_LEAKAGE_PIN",20020,"",1,1,"ITRIP_PS1600",9,"1045","","",-200,"<=",-9.25543,"nA","<=",200,"P",0.416773,***,"",
9,"Pin_to_Pin_Leakage","","PIN_TO_PIN_NEG_LEAKAGE_PIN",20120,"",1,1,"ITRIP_PS1600",9,"1045","","",-200,"<=",-9.25543,"nA","<=",200,"P",0.416773,***,"",
9,"Pin_to_Pin_Leakage","","PIN_TO_PIN_POS_LEAKAGE_PIN",20030,"",1,1,"OFF_PS1600",9,"1045","","",-200,"<=",-6.79645,"nA","<=",200,"P",0.416773,***,"",
9,"Pin_to_Pin_Leakage","","PIN_TO_PIN_NEG_LEAKAGE_PIN",20130,"",1,1,"OFF_PS1600",9,"1045","","",-200,"<=",-6.79645,"nA","<=",200,"P",0.416773,***,"",
9,"Pin_to_Pin_Leakage","","PIN_TO_PIN_POS_LEAKAGE_PIN",20040,"",1,1,"SS_PS1600",9,"1045","","",-200,"<=",-10.434,"nA","<=",200,"P",0.416773,***,"",
9,"Pin_to_Pin_Leakage","","PIN_TO_PIN_NEG_LEAKAGE_PIN",20140,"",1,1,"SS_PS1600",9,"1045","","",-200,"<=",-10.434,"nA","<=",200,"P",0.416773,***,"",
9,"Pin_to_Pin_Leakage","","PIN_TO_PIN_POS_LEAKAGE_PIN",20050,"",1,1,"VIN1",9,"1045","","",10,"<=",298.231,"nA","<=",500,"P",0.416773,***,"",
9,"Pin_to_Pin_Leakage","","PIN_TO_PIN_NEG_LEAKAGE_PIN",20150,"",1,1,"VIN1",9,"1045","","",-500,"<=",-302.08,"nA","<=",-10,"P",0.416773,***,"",
9,"Pin_to_Pin_Leakage","","PIN_TO_PIN_POS_LEAKAGE_PIN",20060,"",1,1,"VOUT1",9,"1045","","",10,"<=",300.861,"nA","<=",500,"P",0.416773,***,"",
9,"Pin_to_Pin_Leakage","","PIN_TO_PIN_NEG_LEAKAGE_PIN",20160,"",1,1,"VOUT1",9,"1045","","",-500,"<=",-298.231,"nA","<=",-10,"P",0.416773,***,"",
9,"Pin_to_Pin_Leakage","","PIN_TO_PIN_POS_LEAKAGE_PIN",20070,"",1,1,"EN0_PS1600",9,"1045","","",300,"<=",554.258,"nA","<=",700,"P",0.416773,***,"",
9,"Pin_to_Pin_Leakage","","PIN_TO_PIN_NEG_LEAKAGE_PIN",20170,"",1,1,"EN0_PS1600",9,"1045","","",-700,"<=",-557.813,"nA","<=",-300,"P",0.416773,***,"",
9,"Pin_to_Pin_Leakage","","PIN_TO_PIN_POS_LEAKAGE_PIN",20080,"",1,1,"FCB_PS1600",9,"1045","","",-200,"<=",-0.0591465,"nA","<=",200,"P",0.416773,***,"",
9,"Pin_to_Pin_Leakage","","PIN_TO_PIN_NEG_LEAKAGE_PIN",20180,"",1,1,"FCB_PS1600",9,"1045","","",-200,"<=",-4.61431,"nA","<=",200,"P",0.416773,***,"",
9,"Pin_to_Pin_Leakage","","PIN_TO_PIN_POS_LEAKAGE_PIN",20090,"",1,1,"ISEN_PS1600",9,"1045","","",-200,"<=",0.045988,"nA","<=",200,"P",0.416773,***,"",
9,"Pin_to_Pin_Leakage","","PIN_TO_PIN_NEG_LEAKAGE_PIN",20190,"",1,1,"ISEN_PS1600",9,"1045","","",-200,"<=",-7.78078,"nA","<=",200,"P",0.416773,***,"",
9,"Pin_to_Pin_Leakage","","PIN_TO_PIN_POS_LEAKAGE_PIN_VBIAS_PS1600",20100,"",1,1,"VBIAS_PS1600",9,"1045","","",500,"<=",844,"nA","<=",1000,"P",0.416773,***,"",
9,"Pin_to_Pin_Leakage","","PIN_TO_PIN_NEG_LEAKAGE_PIN_VBIAS_PS1600",20200,"",1,1,"VBIAS_PS1600",9,"1045","","",-1000,"<=",-890,"nA","<=",-500,"P",0.416773,***,"",
9,"IVDDFL_IVINFL_RONFL","","RON_200mAVDD_5_VIN_5_20V_Part",90050,"",1,1,"VIN1",9,"1045","","",0.01,"<=",0.023525,"ohm","<=",0.03,"P",0.034414,***,"",
9,"IVDDFL_IVINFL_RONFL","","DEVICE_VARIENT_TRUE",90060,"",1,1,"VIN1",9,"1045","","",0.5,"<=",1,"","<=",1.5,"P",0.034414,***,"",
9,"Fuse_Burn_Check","","BANKA_BIT5_BLOWN_TRUE",1000001,"",1,1,"OFF_PS1600",9,"1045","","",0,"<=",1,"","<=",1,"P",0.0995141,***,"",
9,"Gross_Functional_EN_FCB_FAULTB_OFF","","EN_FCB_LOW_VOUT_LOW",30010,"",1,1,"VOUT4",9,"1045","","",-0.001,"<=",0.0228748,"V","<=",1,"P",0.231374,***,"",
9,"Gross_Functional_EN_FCB_FAULTB_OFF","","EN_FCB_LOW_OFF_HIGH",30020,"",1,1,"OFF_PS1600",9,"1045","","",1.6,"<=",1.80252,"V","<=",2.3,"P",0.231374,***,"",
9,"Gross_Functional_EN_FCB_FAULTB_OFF","","FCB_LOW_VOUT_LOW",30030,"",1,1,"VOUT4",9,"1045","","",-0.001,"<=",0.0161991,"V","<=",0.5,"P",0.231374,***,"",
9,"Gross_Functional_EN_FCB_FAULTB_OFF","","FCB_LOW_OFF_HIGH",30040,"",1,1,"OFF_PS1600",9,"1045","","",1.6,"<=",1.80354,"V","<=",2.3,"P",0.231374,***,"",
9,"Gross_Functional_EN_FCB_FAULTB_OFF","","EN_LOW_VOUT_LOW",30050,"",1,1,"VOUT4",9,"1045","","",-0.001,"<=",0.0161057,"V","<=",0.5,"P",0.231374,***,"",
9,"Gross_Functional_EN_FCB_FAULTB_OFF","","EN_LOW_OFF_HIGH",30060,"",1,1,"OFF_PS1600",9,"1045","","",1.6,"<=",1.8028,"V","<=",2.3,"P",0.231374,***,"",
9,"Gross_Functional_EN_FCB_FAULTB_OFF","","EN_FCB_HIGH_VOUT_HIGH",30070,"",1,1,"VOUT4",9,"1045","","",4.85,"<=",4.99958,"V","<=",5.1,"P",0.231374,***,"",
9,"Gross_Functional_EN_FCB_FAULTB_OFF","","EN_FCB_HIGH_OFF_LOW",30080,"",1,1,"OFF_PS1600",9,"1045","","",-0.001,"<=",0.000771185,"V","<=",0.5,"P",0.231374,***,"",
9,"Gross_Functional_EN_FCB_FAULTB_OFF","","FAULT_SET_VOUT_LOW",30090,"",1,1,"VOUT4",9,"1045","","",-0.001,"<=",0.00022316,"V","<=",0.5,"P",0.231374,***,"",
9,"Gross_Functional_EN_FCB_FAULTB_OFF","","FAULT_SET_OFF_HIGH",30100,"",1,1,"OFF_PS1600",9,"1045","","",1.6,"<=",1.84874,"V","<=",2.3,"P",0.231374,***,"",
9,"Gross_Functional_EN_FCB_FAULTB_OFF","","FAULT_RESET_VOUT_HIGH",30110,"",1,1,"VOUT4",9,"1045","","",4.85,"<=",4.99999,"V","<=",5.1,"P",0.231374,***,"",
9,"Gross_Functional_EN_FCB_FAULTB_OFF","","FAULT_RESET_OFF_LOW",30120,"",1,1,"OFF_PS1600",9,"1045","","",0,"<=",0.000771185,"V","<=",0.5,"P",0.231374,***,"",
9,"Output_disabled_leakage","","IVDDDIS_VDD_3_VIN_3",40010,"",1,1,"VDD",9,"1045","","",10,"<=",107.368,"uA","<=",166.5,"P",0.10165,***,"",
9,"Output_disabled_leakage","","IVINDIS_VDD_3_VIN_3",40050,"",1,1,"VIN1",9,"1045","","",10,"<=",75.8972,"uA","<=",166.5,"P",0.10165,***,"",
9,"Output_disabled_leakage","","IOFF_VDD_3_VIN_3",40090,"",1,1,"VOUT4",9,"1045","","",-14,"<=",-2.40238,"uA","<=",11,"P",0.10165,***,"",
9,"Output_disabled_leakage","","IVDDDIS_VDD_3_VIN_20",40020,"",1,1,"VDD",9,"1045","","",10,"<=",120.375,"uA","<=",166.5,"P",0.10165,***,"",
9,"Output_disabled_leakage","","IVINDIS_VDD_3_VIN_20",40060,"",1,1,"VIN1",9,"1045","","",10,"<=",101.225,"uA","<=",166.5,"P",0.10165,***,"",
9,"Output_disabled_leakage","","IOFF_VDD_3_VIN_20",40100,"",1,1,"VOUT4",9,"1045","","",-14,"<=",-2.83824,"uA","<=",11,"P",0.10165,***,"",
9,"Output_disabled_leakage","","IVINVDD0_VIN_3",40130,"",1,1,"VIN1",9,"1045","","",10,"<=",75.0758,"uA","<=",166.5,"P",0.10165,***,"",
9,"Output_disabled_leakage","","IOFFVDD0_VIN_3",40150,"",1,1,"VOUT4",9,"1045","","",-14,"<=",-1.98279,"uA","<=",11,"P",0.10165,***,"",
9,"Output_disabled_leakage","","IVDDDIS_VDD_20_VIN_3",40030,"",1,1,"VDD",9,"1045","","",10,"<=",138.335,"uA","<=",166.5,"P",0.10165,***,"",
9,"Output_disabled_leakage","","IVINDIS_VDD_20_VIN_3",40070,"",1,1,"VIN1",9,"1045","","",10,"<=",83.2304,"uA","<=",166.5,"P",0.10165,***,"",
9,"Output_disabled_leakage","","IOFF_VDD_20_VIN_3",40110,"",1,1,"VOUT4",9,"1045","","",-14,"<=",-2.3582,"uA","<=",11,"P",0.10165,***,"",
9,"Output_disabled_leakage","","IVDDDIS_VDD_20_VIN_20",40040,"",1,1,"VDD",9,"1045","","",10,"<=",133.511,"uA","<=",166.5,"P",0.10165,***,"",
9,"Output_disabled_leakage","","IVINDIS_VDD_20_VIN_20",40080,"",1,1,"VIN1",9,"1045","","",10,"<=",96.0166,"uA","<=",166.5,"P",0.10165,***,"",
9,"Output_disabled_leakage","","IOFF_VDD_20_VIN_20",40120,"",1,1,"VOUT4",9,"1045","","",-14,"<=",-2.7974,"uA","<=",11,"P",0.10165,***,"",
9,"Output_disabled_leakage","","IVINVDD0_VIN_20",40140,"",1,1,"VIN1",9,"1045","","",10,"<=",125.142,"uA","<=",166.5,"P",0.10165,***,"",
9,"Output_disabled_leakage","","IOFFVDD0_VIN_20",40160,"",1,1,"VOUT4",9,"1045","","",-14,"<=",-1.76398,"uA","<=",11,"P",0.10165,***,"",
9,"EN_pullup_resistor","","EN0V_PULLUP_RES",50010,"",1,1,"EN0_PS1600",9,"1045","","",155,"<=",181.232,"Kohm","<=",230,"P",0.0272827,***,"",
9,"EN_pullup_resistor","","EN1V_PULLUP_RES",50020,"",1,1,"EN0_PS1600",9,"1045","","",155,"<=",181.721,"Kohm","<=",230,"P",0.0272827,***,"",
9,"EN_pullup_resistor","","EN0V_Current",50030,"",1,1,"EN0_PS1600",9,"1045","","",-11,"<=",-9.93203,"uA","<=",-7,"P",0.0272827,***,"",
9,"EN_pullup_resistor","","EN1V_Current",50040,"",1,1,"EN0_PS1600",9,"1045","","",-5.5,"<=",-4.40236,"uA","<=",-3,"P",0.0272827,***,"",
9,"Leakage_Test","","IOFF_REVERSE_VOUT_VIN_LEAKAGE_1mA",60030,"",1,1,"VIN",9,"1045","","",-331,"<=",-265.501,"mV","<=",-205,"P",0.0588329,***,"",
9,"Leakage_Test","","IOFF_REVERSE_VOUT_VIN_LEAKAGE_10mA",60040,"",1,1,"VIN",9,"1045","","",-340,"<=",-328.272,"mV","<=",-205,"P",0.0588329,***,"",
9,"Leakage_Test","","IOFF_REVERSE_VOUT_VIN_LEAKAGE_100mA",60050,"",1,1,"VIN",9,"1045","","",-331,"<=",-206.234,"mV","<=",-205,"P",0.0588329,***,"",
9,"Nominal_Input_pin_Leakages","","LEAKAGE",70010,"",1,1,"EN0_PS1600",9,"1045","","",10,"<=",27.1299,"uA","<=",40,"P",0.139807,***,"",
9,"Nominal_Input_pin_Leakages","","LEAKAGE",70060,"",1,1,"FAULTB_PS1600",9,"1045","","",-0.2,"<=",0.00591544,"uA","<=",0.2,"P",0.139807,***,"",
9,"Nominal_Input_pin_Leakages","","LEAKAGE",70020,"",1,1,"FCB_PS1600",9,"1045","","",-0.5,"<=",0.136876,"uA","<=",0.5,"P",0.139807,***,"",
9,"Nominal_Input_pin_Leakages","","LEAKAGE",70040,"",1,1,"ISEN_PS1600",9,"1045","","",24,"<=",29.3004,"uA","<=",50,"P",0.139807,***,"",
9,"Nominal_Input_pin_Leakages","","LEAKAGE",70030,"",1,1,"ITRIP_PS1600",9,"1045","","",14,"<=",15.699,"uA","<=",25,"P",0.139807,***,"",
9,"Nominal_Input_pin_Leakages","","LEAKAGE",70080,"",1,1,"OFF_PS1600",9,"1045","","",-0.2,"<=",0.0494294,"uA","<=",0.5,"P",0.139807,***,"",
9,"Nominal_Input_pin_Leakages","","LEAKAGE",70050,"",1,1,"SS_PS1600",9,"1045","","",20,"<=",55.6258,"uA","<=",70,"P",0.139807,***,"",
9,"Nominal_Input_pin_Leakages","","LEAKAGE",70070,"",1,1,"VBIAS_PS1600",9,"1045","","",5,"<=",27.1455,"uA","<=",40,"P",0.139807,***,"",
9,"Nominal_Input_pin_Leakages","","LEAKAGE_2V",70090,"",1,1,"OFF_PS1600",9,"1045","","",-0.5,"<=",0.043096,"uA","<=",0.5,"P",0.139807,***,"",
9,"Output_enabled_leakage","","IVDD_VDD_3_Vin_3",80001,"",1,1,"VDD",9,"1045","","",10,"<=",100.35,"uA","<=",130,"P",0.495899,***,"",
9,"Output_enabled_leakage","","IVIN_VDD_3_Vin_3",80005,"",1,1,"VIN1",9,"1045","","",10,"<=",55.0919,"uA","<=",75,"P",0.495899,***,"",
9,"Output_enabled_leakage","","IVDD_VDD_3_Vin_20",80010,"",1,1,"VDD",9,"1045","","",10,"<=",99.7456,"uA","<=",150,"P",0.495899,***,"",
9,"Output_enabled_leakage","","IVIN_VDD_3_Vin_20",80014,"",1,1,"VIN1",9,"1045","","",10,"<=",87.0088,"uA","<=",120,"P",0.495899,***,"",
9,"Output_enabled_leakage","","IVDD_VDD_20_Vin_3",80011,"",1,1,"VDD",9,"1045","","",10,"<=",122.478,"uA","<=",150,"P",0.495899,***,"",
9,"Output_enabled_leakage","","IVIN_VDD_20_Vin_3",80015,"",1,1,"VIN1",9,"1045","","",10,"<=",54.5694,"uA","<=",75,"P",0.495899,***,"",
9,"Output_enabled_leakage","","IVDD_VDD_20_Vin_20",80012,"",1,1,"VDD",9,"1045","","",10,"<=",124.771,"uA","<=",175,"P",0.495899,***,"",
9,"Output_enabled_leakage","","IVIN_VDD_20_Vin_20",80016,"",1,1,"VIN1",9,"1045","","",10,"<=",88.3266,"uA","<=",120,"P",0.495899,***,"",
9,"SCAN","","Scan_test",330010,"_rdi_burst_SCAN_bk4_mp",1,1,"@",9,"1045","","",***,"",***," ","",***,"P",0.0437546,***,"",
9,"Logic","","Logic_test",340010,"_rdi_burst_Logic_bk6_mp",1,1,"@",9,"1045","","",***,"",***," ","",***,"P",0.279346,***,"",
9,"POST_EFUSE_RESISTANCE","","POST_BANKA_EFUSE_RESISTANCE_BLOWN_BIT47",590001,"",1,1,"ISEN_PS1600",9,"1045","","",3500,"<=",68820.2,"ohms","<=",85000,"P",3.61603,***,"",
9,"POST_EFUSE_RESISTANCE","","POST_BANKA_EFUSE_RESISTANCE_BLOWN_BIT46",590002,"",1,1,"ISEN_PS1600",9,"1045","","",3500,"<=",68843,"ohms","<=",85000,"P",3.6658,***,"",
9,"POST_EFUSE_RESISTANCE","","POST_BANKA_EFUSE_RESISTANCE_UNBLOWN_BIT45",490003,"",1,1,"ISEN_PS1600",9,"1045","","",65,"<=",102.4,"ohms","<=",200,"P",3.72201,***,"",
9,"POST_EFUSE_RESISTANCE","","POST_BANKA_EFUSE_RESISTANCE_BLOWN_BIT44",590004,"",1,1,"ISEN_PS1600",9,"1045","","",3500,"<=",68820.2,"ohms","<=",85000,"P",2.88429,***,"",
9,"POST_EFUSE_RESISTANCE","","POST_BANKA_EFUSE_RESISTANCE_BLOWN_BIT43",590005,"",1,1,"ISEN_PS1600",9,"1045","","",3500,"<=",68808.8,"ohms","<=",85000,"P",2.88406,***,"",
9,"POST_EFUSE_RESISTANCE","","POST_BANKA_EFUSE_RESISTANCE_BLOWN_BIT42",590006,"",1,1,"ISEN_PS1600",9,"1045","","",3500,"<=",68843,"ohms","<=",85000,"P",2.88801,***,"",
9,"POST_EFUSE_RESISTANCE","","POST_BANKA_EFUSE_RESISTANCE_BLOWN_BIT41",590007,"",1,1,"ISEN_PS1600",9,"1045","","",3500,"<=",68854.4,"ohms","<=",85000,"P",2.88801,***,"",
9,"POST_EFUSE_RESISTANCE","","POST_BANKA_EFUSE_RESISTANCE_UNBLOWN_BIT40",490008,"",1,1,"ISEN_PS1600",9,"1045","","",65,"<=",91,"ohms","<=",200,"P",2.88725,***,"",
9,"POST_EFUSE_RESISTANCE","","POST_BANKA_EFUSE_RESISTANCE_UNBLOWN_BIT39",490009,"",1,1,"ISEN_PS1600",9,"1045","","",65,"<=",79.6,"ohms","<=",200,"P",2.88323,***,"",
9,"POST_EFUSE_RESISTANCE","","POST_BANKA_EFUSE_RESISTANCE_UNBLOWN_BIT38",490010,"",1,1,"ISEN_PS1600",9,"1045","","",65,"<=",68.2,"ohms","<=",200,"P",2.88555,***,"",
9,"POST_EFUSE_RESISTANCE","","POST_BANKA_EFUSE_RESISTANCE_BLOWN_BIT37",590011,"",1,1,"ISEN_PS1600",9,"1045","","",3500,"<=",68854.6,"ohms","<=",85000,"P",2.88604,***,"",
9,"POST_EFUSE_RESISTANCE","","POST_BANKA_EFUSE_RESISTANCE_UNBLOWN_BIT36",490012,"",1,1,"ISEN_PS1600",9,"1045","","",65,"<=",91,"ohms","<=",200,"P",2.89109,***,"",
9,"POST_EFUSE_RESISTANCE","","POST_BANKA_EFUSE_RESISTANCE_BLOWN_BIT35",590013,"",1,1,"ISEN_PS1600",9,"1045","","",3500,"<=",68831.8,"ohms","<=",85000,"P",2.89109,***,"",
9,"POST_EFUSE_RESISTANCE","","POST_BANKA_EFUSE_RESISTANCE_BLOWN_BIT34",590014,"",1,1,"ISEN_PS1600",9,"1045","","",3500,"<=",68820.4,"ohms","<=",85000,"P",2.89109,***,"",
9,"POST_EFUSE_RESISTANCE","","POST_BANKA_EFUSE_RESISTANCE_BLOWN_BIT33",590015,"",1,1,"ISEN_PS1600",9,"1045","","",3500,"<=",68843,"ohms","<=",85000,"P",2.89109,***,"",
9,"POST_EFUSE_RESISTANCE","","POST_BANKA_EFUSE_RESISTANCE_UNBLOWN_BIT32",490016,"",1,1,"ISEN_PS1600",9,"1045","","",65,"<=",91,"ohms","<=",200,"P",2.88546,***,"",
9,"POST_EFUSE_RESISTANCE","","POST_BANKA_EFUSE_RESISTANCE_BLOWN_BIT31",590017,"",1,1,"ISEN_PS1600",9,"1045","","",3500,"<=",68820.4,"ohms","<=",85000,"P",2.88666,***,"",
9,"POST_EFUSE_RESISTANCE","","POST_BANKA_EFUSE_RESISTANCE_BLOWN_BIT30",590018,"",1,1,"ISEN_PS1600",9,"1045","","",3500,"<=",68831.6,"ohms","<=",85000,"P",2.88735,***,"",
9,"POST_EFUSE_RESISTANCE","","POST_BANKA_EFUSE_RESISTANCE_BLOWN_BIT29",590019,"",1,1,"ISEN_PS1600",9,"1045","","",3500,"<=",68843,"ohms","<=",85000,"P",2.8899,***,"",
9,"POST_EFUSE_RESISTANCE","","POST_BANKA_EFUSE_RESISTANCE_UNBLOWN_BIT28",490020,"",1,1,"ISEN_PS1600",9,"1045","","",65,"<=",91,"ohms","<=",200,"P",2.88735,***,"",
9,"POST_EFUSE_RESISTANCE","","POST_BANKA_EFUSE_RESISTANCE_BLOWN_BIT27",590021,"",1,1,"ISEN_PS1600",9,"1045","","",3500,"<=",68831.6,"ohms","<=",85000,"P",2.88735,***,"",
9,"POST_EFUSE_RESISTANCE","","POST_BANKA_EFUSE_RESISTANCE_BLOWN_BIT26",590022,"",1,1,"ISEN_PS1600",9,"1045","","",3500,"<=",68831.6,"ohms","<=",85000,"P",2.89318,***,"",
9,"POST_EFUSE_RESISTANCE","","POST_BANKA_EFUSE_RESISTANCE_UNBLOWN_BIT25",490023,"",1,1,"ISEN_PS1600",9,"1045","","",65,"<=",79.6,"ohms","<=",200,"P",2.89318,***,"",
9,"POST_EFUSE_RESISTANCE","","POST_BANKA_EFUSE_RESISTANCE_BLOWN_BIT24",590024,"",1,1,"ISEN_PS1600",9,"1045","","",3500,"<=",68865.8,"ohms","<=",85000,"P",2.88625,***,"",
9,"POST_EFUSE_RESISTANCE","","POST_BANKA_EFUSE_RESISTANCE_UNBLOWN_BIT23",490025,"",1,1,"ISEN_PS1600",9,"1045","","",65,"<=",91,"ohms","<=",200,"P",2.88735,***,"",
9,"POST_EFUSE_RESISTANCE","","POST_BANKA_EFUSE_RESISTANCE_UNBLOWN_BIT22",490026,"",1,1,"ISEN_PS1600",9,"1045","","",65,"<=",68.2,"ohms","<=",200,"P",2.88564,***,"",
9,"POST_EFUSE_RESISTANCE","","POST_BANKA_EFUSE_RESISTANCE_UNBLOWN_BIT21",490027,"",1,1,"ISEN_PS1600",9,"1045","","",65,"<=",68.2,"ohms","<=",200,"P",2.88425,***,"",
9,"POST_EFUSE_RESISTANCE","","POST_BANKA_EFUSE_RESISTANCE_UNBLOWN_BIT20",490028,"",1,1,"ISEN_PS1600",9,"1045","","",65,"<=",68.2,"ohms","<=",200,"P",2.88425,***,"",
9,"POST_EFUSE_RESISTANCE","","POST_BANKA_EFUSE_RESISTANCE_UNBLOWN_BIT19",490029,"",1,1,"ISEN_PS1600",9,"1045","","",65,"<=",91,"ohms","<=",200,"P",2.88425,***,"",
9,"POST_EFUSE_RESISTANCE","","POST_BANKA_EFUSE_RESISTANCE_UNBLOWN_BIT18",490030,"",1,1,"ISEN_PS1600",9,"1045","","",65,"<=",91,"ohms","<=",200,"P",2.88482,***,"",
9,"POST_EFUSE_RESISTANCE","","POST_BANKA_EFUSE_RESISTANCE_BLOWN_BIT17",590031,"",1,1,"ISEN_PS1600",9,"1045","","",3500,"<=",68843,"ohms","<=",85000,"P",2.88508,***,"",
9,"POST_EFUSE_RESISTANCE","","POST_BANKA_EFUSE_RESISTANCE_BLOWN_BIT16",590032,"",1,1,"ISEN_PS1600",9,"1045","","",3500,"<=",68843,"ohms","<=",85000,"P",2.88508,***,"",
9,"POST_EFUSE_RESISTANCE","","POST_BANKA_EFUSE_RESISTANCE_BLOWN_BIT15",590033,"",1,1,"ISEN_PS1600",9,"1045","","",3500,"<=",68865.8,"ohms","<=",85000,"P",2.89058,***,"",
9,"POST_EFUSE_RESISTANCE","","POST_BANKA_EFUSE_RESISTANCE_BLOWN_BIT14",590034,"",1,1,"ISEN_PS1600",9,"1045","","",3500,"<=",68865.8,"ohms","<=",85000,"P",2.88595,***,"",
9,"POST_EFUSE_RESISTANCE","","POST_BANKA_EFUSE_RESISTANCE_UNBLOWN_BIT13",490035,"",1,1,"ISEN_PS1600",9,"1045","","",65,"<=",68.2,"ohms","<=",200,"P",2.88683,***,"",
9,"POST_EFUSE_RESISTANCE","","POST_BANKA_EFUSE_RESISTANCE_UNBLOWN_BIT12",490036,"",1,1,"ISEN_PS1600",9,"1045","","",65,"<=",68.2,"ohms","<=",200,"P",2.88674,***,"",
9,"POST_EFUSE_RESISTANCE","","POST_BANKA_EFUSE_RESISTANCE_BLOWN_BIT11",590037,"",1,1,"ISEN_PS1600",9,"1045","","",3500,"<=",68865.8,"ohms","<=",85000,"P",2.88548,***,"",
9,"POST_EFUSE_RESISTANCE","","POST_BANKA_EFUSE_RESISTANCE_BLOWN_BIT10",590038,"",1,1,"ISEN_PS1600",9,"1045","","",3500,"<=",68865.8,"ohms","<=",85000,"P",2.89223,***,"",
9,"POST_EFUSE_RESISTANCE","","POST_BANKA_EFUSE_RESISTANCE_UNBLOWN_BIT9",490039,"",1,1,"ISEN_PS1600",9,"1045","","",65,"<=",68.2,"ohms","<=",200,"P",2.89223,***,"",
9,"POST_EFUSE_RESISTANCE","","POST_BANKA_EFUSE_RESISTANCE_UNBLOWN_BIT8",490040,"",1,1,"ISEN_PS1600",9,"1045","","",65,"<=",68.2,"ohms","<=",200,"P",2.88724,***,"",
9,"POST_EFUSE_RESISTANCE","","POST_BANKA_EFUSE_RESISTANCE_BLOWN_BIT7",590041,"",1,1,"ISEN_PS1600",9,"1045","","",3500,"<=",68877.2,"ohms","<=",85000,"P",2.8817,***,"",
9,"POST_EFUSE_RESISTANCE","","POST_BANKA_EFUSE_RESISTANCE_UNBLOWN_BIT6",490042,"",1,1,"ISEN_PS1600",9,"1045","","",65,"<=",91,"ohms","<=",200,"P",2.88326,***,"",
9,"POST_EFUSE_RESISTANCE","","POST_BANKA_EFUSE_RESISTANCE_BLOWN_BIT5",590043,"",1,1,"ISEN_PS1600",9,"1045","","",3500,"<=",68831.8,"ohms","<=",85000,"P",2.88326,***,"",
9,"POST_EFUSE_RESISTANCE","","POST_BANKA_EFUSE_RESISTANCE_UNBLOWN_BIT4",490044,"",1,1,"ISEN_PS1600",9,"1045","","",65,"<=",68.2,"ohms","<=",200,"P",2.88326,***,"",
9,"POST_EFUSE_RESISTANCE","","POST_BANKA_EFUSE_RESISTANCE_UNBLOWN_BIT3",490045,"",1,1,"ISEN_PS1600",9,"1045","","",65,"<=",102.4,"ohms","<=",200,"P",2.88326,***,"",
9,"POST_EFUSE_RESISTANCE","","POST_BANKA_EFUSE_RESISTANCE_UNBLOWN_BIT2",490046,"",1,1,"ISEN_PS1600",9,"1045","","",65,"<=",102.4,"ohms","<=",200,"P",2.88326,***,"",
9,"POST_EFUSE_RESISTANCE","","POST_BANKA_EFUSE_RESISTANCE_UNBLOWN_BIT1",490047,"",1,1,"ISEN_PS1600",9,"1045","","",65,"<=",56.8,"ohms","<=",200,"F",2.88273,***,"",
10,"CONTINUITY","","CONTINUITY",10030,"",1,1,"EN0_PS1600",10,"1064","","",-500,"<=",-371.969,"mV","<=",-300,"P",0.132977,***,"",
10,"CONTINUITY","","CONTINUITY",10020,"",1,1,"FAULTB_PS1600",10,"1064","","",-500,"<=",-428.94,"mV","<=",-300,"P",0.132977,***,"",
10,"CONTINUITY","","CONTINUITY",10050,"",1,1,"FCB_PS1600",10,"1064","","",-500,"<=",-371.751,"mV","<=",-300,"P",0.132977,***,"",
10,"CONTINUITY","","CONTINUITY",10090,"",1,1,"ISEN_PS1600",10,"1064","","",-500,"<=",-357.796,"mV","<=",-300,"P",0.132977,***,"",
10,"CONTINUITY","","CONTINUITY",10080,"",1,1,"ITRIP_PS1600",10,"1064","","",-500,"<=",-372.718,"mV","<=",-300,"P",0.132977,***,"",
10,"CONTINUITY","","CONTINUITY",10040,"",1,1,"OFF_PS1600",10,"1064","","",-500,"<=",-365.888,"mV","<=",-300,"P",0.132977,***,"",
10,"CONTINUITY","","CONTINUITY",10010,"",1,1,"SS_PS1600",10,"1064","","",-500,"<=",-461.636,"mV","<=",-300,"P",0.132977,***,"",
10,"CONTINUITY","","CONTINUITY",10070,"",1,1,"VBIAS_PS1600",10,"1064","","",-500,"<=",-294.913,"mV","<=",-200,"P",0.132977,***,"",
10,"CONTINUITY","","CONTINUITY",10060,"",1,1,"GND_PS1600",10,"1064","","",-500,"<=",-353.413,"mV","<=",-300,"P",0.132977,***,"",
10,"CONTINUITY","","CONTINUITY",10180,"",1,1,"VIN1",10,"1064","","",-360,"<=",-334.209,"mV","<=",-300,"P",0.132977,***,"",
10,"CONTINUITY","","CONTINUITY",10190,"",1,1,"VIN2",10,"1064","","",-360,"<=",-334.209,"mV","<=",-300,"P",0.132977,***,"",
10,"CONTINUITY","","CONTINUITY",10200,"",1,1,"VIN3",10,"1064","","",-360,"<=",-334.145,"mV","<=",-300,"P",0.132977,***,"",
10,"CONTINUITY","","CONTINUITY",10210,"",1,1,"VIN4_RS1",10,"1064","","",-360,"<=",-334.345,"mV","<=",-300,"P",0.132977,***,"",
10,"CONTINUITY","","CONTINUITY",10220,"",1,1,"VIN4_RS2",10,"1064","","",-360,"<=",-334.486,"mV","<=",-300,"P",0.132977,***,"",
10,"CONTINUITY","","CONTINUITY",10230,"",1,1,"VIN5_RS1",10,"1064","","",-360,"<=",-334.255,"mV","<=",-300,"P",0.132977,***,"",
10,"CONTINUITY","","CONTINUITY",10240,"",1,1,"VIN5_RS2",10,"1064","","",-360,"<=",-334.53,"mV","<=",-300,"P",0.132977,***,"",
10,"CONTINUITY","","CONTINUITY",10250,"",1,1,"VIN6",10,"1064","","",-360,"<=",-334.339,"mV","<=",-300,"P",0.132977,***,"",
10,"CONTINUITY","","CONTINUITY",10100,"",1,1,"VOUT1",10,"1064","","",-300,"<=",-223.557,"mV","<=",-200,"P",0.132977,***,"",
10,"CONTINUITY","","CONTINUITY",10110,"",1,1,"VOUT2_RS1",10,"1064","","",-300,"<=",-223.545,"mV","<=",-200,"P",0.132977,***,"",
10,"CONTINUITY","","CONTINUITY",10120,"",1,1,"VOUT2_RS2",10,"1064","","",-300,"<=",-223.631,"mV","<=",-200,"P",0.132977,***,"",
10,"CONTINUITY","","CONTINUITY",10130,"",1,1,"VOUT3_RS1",10,"1064","","",-300,"<=",-223.473,"mV","<=",-200,"P",0.132977,***,"",
10,"CONTINUITY","","CONTINUITY",10140,"",1,1,"VOUT3_RS2",10,"1064","","",-300,"<=",-223.831,"mV","<=",-200,"P",0.132977,***,"",
10,"CONTINUITY","","CONTINUITY",10150,"",1,1,"VOUT4",10,"1064","","",-300,"<=",-223.576,"mV","<=",-200,"P",0.132977,***,"",
10,"CONTINUITY","","CONTINUITY",10160,"",1,1,"VOUT5",10,"1064","","",-300,"<=",-224.009,"mV","<=",-200,"P",0.132977,***,"",
10,"CONTINUITY","","CONTINUITY",10170,"",1,1,"VOUT6",10,"1064","","",-300,"<=",-223.667,"mV","<=",-200,"P",0.132977,***,"",
10,"Pin_to_Pin_Leakage","","PIN_TO_PIN_POS_LEAKAGE_PIN",20010,"",1,1,"FAULTB_PS1600",10,"1064","","",-200,"<=",-5.5297,"nA","<=",200,"P",0.416773,***,"",
10,"Pin_to_Pin_Leakage","","PIN_TO_PIN_NEG_LEAKAGE_PIN",20110,"",1,1,"FAULTB_PS1600",10,"1064","","",-200,"<=",-5.5297,"nA","<=",200,"P",0.416773,***,"",
10,"Pin_to_Pin_Leakage","","PIN_TO_PIN_POS_LEAKAGE_PIN",20020,"",1,1,"ITRIP_PS1600",10,"1064","","",-200,"<=",-10.0687,"nA","<=",200,"P",0.416773,***,"",
10,"Pin_to_Pin_Leakage","","PIN_TO_PIN_NEG_LEAKAGE_PIN",20120,"",1,1,"ITRIP_PS1600",10,"1064","","",-200,"<=",-10.0687,"nA","<=",200,"P",0.416773,***,"",
10,"Pin_to_Pin_Leakage","","PIN_TO_PIN_POS_LEAKAGE_PIN",20030,"",1,1,"OFF_PS1600",10,"1064","","",-200,"<=",-7.05235,"nA","<=",200,"P",0.416773,***,"",
10,"Pin_to_Pin_Leakage","","PIN_TO_PIN_NEG_LEAKAGE_PIN",20130,"",1,1,"OFF_PS1600",10,"1064","","",-200,"<=",-7.05235,"nA","<=",200,"P",0.416773,***,"",
10,"Pin_to_Pin_Leakage","","PIN_TO_PIN_POS_LEAKAGE_PIN",20040,"",1,1,"SS_PS1600",10,"1064","","",-200,"<=",-11.0469,"nA","<=",200,"P",0.416773,***,"",
10,"Pin_to_Pin_Leakage","","PIN_TO_PIN_NEG_LEAKAGE_PIN",20140,"",1,1,"SS_PS1600",10,"1064","","",-200,"<=",-11.0469,"nA","<=",200,"P",0.416773,***,"",
10,"Pin_to_Pin_Leakage","","PIN_TO_PIN_POS_LEAKAGE_PIN",20050,"",1,1,"VIN1",10,"1064","","",10,"<=",303.32,"nA","<=",500,"P",0.416773,***,"",
10,"Pin_to_Pin_Leakage","","PIN_TO_PIN_NEG_LEAKAGE_PIN",20150,"",1,1,"VIN1",10,"1064","","",-500,"<=",-297.059,"nA","<=",-10,"P",0.416773,***,"",
10,"Pin_to_Pin_Leakage","","PIN_TO_PIN_POS_LEAKAGE_PIN",20060,"",1,1,"VOUT1",10,"1064","","",10,"<=",300.835,"nA","<=",500,"P",0.416773,***,"",
10,"Pin_to_Pin_Leakage","","PIN_TO_PIN_NEG_LEAKAGE_PIN",20160,"",1,1,"VOUT1",10,"1064","","",-500,"<=",-298.798,"nA","<=",-10,"P",0.416773,***,"",
10,"Pin_to_Pin_Leakage","","PIN_TO_PIN_POS_LEAKAGE_PIN",20070,"",1,1,"EN0_PS1600",10,"1064","","",300,"<=",553.334,"nA","<=",700,"P",0.416773,***,"",
10,"Pin_to_Pin_Leakage","","PIN_TO_PIN_NEG_LEAKAGE_PIN",20170,"",1,1,"EN0_PS1600",10,"1064","","",-700,"<=",-556.324,"nA","<=",-300,"P",0.416773,***,"",
10,"Pin_to_Pin_Leakage","","PIN_TO_PIN_POS_LEAKAGE_PIN",20080,"",1,1,"FCB_PS1600",10,"1064","","",-200,"<=",-0.160491,"nA","<=",200,"P",0.416773,***,"",
10,"Pin_to_Pin_Leakage","","PIN_TO_PIN_NEG_LEAKAGE_PIN",20180,"",1,1,"FCB_PS1600",10,"1064","","",-200,"<=",-4.46229,"nA","<=",200,"P",0.416773,***,"",
10,"Pin_to_Pin_Leakage","","PIN_TO_PIN_POS_LEAKAGE_PIN",20090,"",1,1,"ISEN_PS1600",10,"1064","","",-200,"<=",-0.0563175,"nA","<=",200,"P",0.416773,***,"",
10,"Pin_to_Pin_Leakage","","PIN_TO_PIN_NEG_LEAKAGE_PIN",20190,"",1,1,"ISEN_PS1600",10,"1064","","",-200,"<=",-8.19,"nA","<=",200,"P",0.416773,***,"",
10,"Pin_to_Pin_Leakage","","PIN_TO_PIN_POS_LEAKAGE_PIN_VBIAS_PS1600",20100,"",1,1,"VBIAS_PS1600",10,"1064","","",500,"<=",815,"nA","<=",1000,"P",0.416773,***,"",
10,"Pin_to_Pin_Leakage","","PIN_TO_PIN_NEG_LEAKAGE_PIN_VBIAS_PS1600",20200,"",1,1,"VBIAS_PS1600",10,"1064","","",-1000,"<=",-876,"nA","<=",-500,"P",0.416773,***,"",
10,"IVDDFL_IVINFL_RONFL","","RON_200mAVDD_5_VIN_5_20V_Part",90050,"",1,1,"VIN1",10,"1064","","",0.01,"<=",0.0233094,"ohm","<=",0.03,"P",0.034414,***,"",
10,"IVDDFL_IVINFL_RONFL","","DEVICE_VARIENT_TRUE",90060,"",1,1,"VIN1",10,"1064","","",0.5,"<=",1,"","<=",1.5,"P",0.034414,***,"",
10,"Fuse_Burn_Check","","BANKA_BIT5_BLOWN_TRUE",1000001,"",1,1,"OFF_PS1600",10,"1064","","",0,"<=",1,"","<=",1,"P",0.0995141,***,"",
10,"Gross_Functional_EN_FCB_FAULTB_OFF","","EN_FCB_LOW_VOUT_LOW",30010,"",1,1,"VOUT4",10,"1064","","",-0.001,"<=",0.0216007,"V","<=",1,"P",0.231374,***,"",
10,"Gross_Functional_EN_FCB_FAULTB_OFF","","EN_FCB_LOW_OFF_HIGH",30020,"",1,1,"OFF_PS1600",10,"1064","","",1.6,"<=",1.81208,"V","<=",2.3,"P",0.231374,***,"",
10,"Gross_Functional_EN_FCB_FAULTB_OFF","","FCB_LOW_VOUT_LOW",30030,"",1,1,"VOUT4",10,"1064","","",-0.001,"<=",0.0191841,"V","<=",0.5,"P",0.231374,***,"",
10,"Gross_Functional_EN_FCB_FAULTB_OFF","","FCB_LOW_OFF_HIGH",30040,"",1,1,"OFF_PS1600",10,"1064","","",1.6,"<=",1.81242,"V","<=",2.3,"P",0.231374,***,"",
10,"Gross_Functional_EN_FCB_FAULTB_OFF","","EN_LOW_VOUT_LOW",30050,"",1,1,"VOUT4",10,"1064","","",-0.001,"<=",0.00870323,"V","<=",0.5,"P",0.231374,***,"",
10,"Gross_Functional_EN_FCB_FAULTB_OFF","","EN_LOW_OFF_HIGH",30060,"",1,1,"OFF_PS1600",10,"1064","","",1.6,"<=",1.8118,"V","<=",2.3,"P",0.231374,***,"",
10,"Gross_Functional_EN_FCB_FAULTB_OFF","","EN_FCB_HIGH_VOUT_HIGH",30070,"",1,1,"VOUT4",10,"1064","","",4.85,"<=",4.99976,"V","<=",5.1,"P",0.231374,***,"",
10,"Gross_Functional_EN_FCB_FAULTB_OFF","","EN_FCB_HIGH_OFF_LOW",30080,"",1,1,"OFF_PS1600",10,"1064","","",-0.001,"<=",0.000714269,"V","<=",0.5,"P",0.231374,***,"",
10,"Gross_Functional_EN_FCB_FAULTB_OFF","","FAULT_SET_VOUT_LOW",30090,"",1,1,"VOUT4",10,"1064","","",-0.001,"<=",0.000120163,"V","<=",0.5,"P",0.231374,***,"",
10,"Gross_Functional_EN_FCB_FAULTB_OFF","","FAULT_SET_OFF_HIGH",30100,"",1,1,"OFF_PS1600",10,"1064","","",1.6,"<=",1.85705,"V","<=",2.3,"P",0.231374,***,"",
10,"Gross_Functional_EN_FCB_FAULTB_OFF","","FAULT_RESET_VOUT_HIGH",30110,"",1,1,"VOUT4",10,"1064","","",4.85,"<=",4.99978,"V","<=",5.1,"P",0.231374,***,"",
10,"Gross_Functional_EN_FCB_FAULTB_OFF","","FAULT_RESET_OFF_LOW",30120,"",1,1,"OFF_PS1600",10,"1064","","",0,"<=",0.000771185,"V","<=",0.5,"P",0.231374,***,"",
10,"Output_disabled_leakage","","IVDDDIS_VDD_3_VIN_3",40010,"",1,1,"VDD",10,"1064","","",10,"<=",111.518,"uA","<=",166.5,"P",0.10165,***,"",
10,"Output_disabled_leakage","","IVINDIS_VDD_3_VIN_3",40050,"",1,1,"VIN1",10,"1064","","",10,"<=",78.1463,"uA","<=",166.5,"P",0.10165,***,"",
10,"Output_disabled_leakage","","IOFF_VDD_3_VIN_3",40090,"",1,1,"VOUT4",10,"1064","","",-14,"<=",-2.23867,"uA","<=",11,"P",0.10165,***,"",
10,"Output_disabled_leakage","","IVDDDIS_VDD_3_VIN_20",40020,"",1,1,"VDD",10,"1064","","",10,"<=",124.875,"uA","<=",166.5,"P",0.10165,***,"",
10,"Output_disabled_leakage","","IVINDIS_VDD_3_VIN_20",40060,"",1,1,"VIN1",10,"1064","","",10,"<=",95.4242,"uA","<=",166.5,"P",0.10165,***,"",
10,"Output_disabled_leakage","","IOFF_VDD_3_VIN_20",40100,"",1,1,"VOUT4",10,"1064","","",-14,"<=",-2.76606,"uA","<=",11,"P",0.10165,***,"",
10,"Output_disabled_leakage","","IVINVDD0_VIN_3",40130,"",1,1,"VIN1",10,"1064","","",10,"<=",76.008,"uA","<=",166.5,"P",0.10165,***,"",
10,"Output_disabled_leakage","","IOFFVDD0_VIN_3",40150,"",1,1,"VOUT4",10,"1064","","",-14,"<=",-1.8885,"uA","<=",11,"P",0.10165,***,"",
10,"Output_disabled_leakage","","IVDDDIS_VDD_20_VIN_3",40030,"",1,1,"VDD",10,"1064","","",10,"<=",135.634,"uA","<=",166.5,"P",0.10165,***,"",
10,"Output_disabled_leakage","","IVINDIS_VDD_20_VIN_3",40070,"",1,1,"VIN1",10,"1064","","",10,"<=",74.0029,"uA","<=",166.5,"P",0.10165,***,"",
10,"Output_disabled_leakage","","IOFF_VDD_20_VIN_3",40110,"",1,1,"VOUT4",10,"1064","","",-14,"<=",-2.35933,"uA","<=",11,"P",0.10165,***,"",
10,"Output_disabled_leakage","","IVDDDIS_VDD_20_VIN_20",40040,"",1,1,"VDD",10,"1064","","",10,"<=",135.515,"uA","<=",166.5,"P",0.10165,***,"",
10,"Output_disabled_leakage","","IVINDIS_VDD_20_VIN_20",40080,"",1,1,"VIN1",10,"1064","","",10,"<=",92.7011,"uA","<=",166.5,"P",0.10165,***,"",
10,"Output_disabled_leakage","","IOFF_VDD_20_VIN_20",40120,"",1,1,"VOUT4",10,"1064","","",-14,"<=",-2.41701,"uA","<=",11,"P",0.10165,***,"",
10,"Output_disabled_leakage","","IVINVDD0_VIN_20",40140,"",1,1,"VIN1",10,"1064","","",10,"<=",119.458,"uA","<=",166.5,"P",0.10165,***,"",
10,"Output_disabled_leakage","","IOFFVDD0_VIN_20",40160,"",1,1,"VOUT4",10,"1064","","",-14,"<=",-1.79086,"uA","<=",11,"P",0.10165,***,"",
10,"EN_pullup_resistor","","EN0V_PULLUP_RES",50010,"",1,1,"EN0_PS1600",10,"1064","","",155,"<=",181.278,"Kohm","<=",230,"P",0.0272827,***,"",
10,"EN_pullup_resistor","","EN1V_PULLUP_RES",50020,"",1,1,"EN0_PS1600",10,"1064","","",155,"<=",182.143,"Kohm","<=",230,"P",0.0272827,***,"",
10,"EN_pullup_resistor","","EN0V_Current",50030,"",1,1,"EN0_PS1600",10,"1064","","",-11,"<=",-9.92947,"uA","<=",-7,"P",0.0272827,***,"",
10,"EN_pullup_resistor","","EN1V_Current",50040,"",1,1,"EN0_PS1600",10,"1064","","",-5.5,"<=",-4.39216,"uA","<=",-3,"P",0.0272827,***,"",
10,"Leakage_Test","","IOFF_REVERSE_VOUT_VIN_LEAKAGE_1mA",60030,"",1,1,"VIN",10,"1064","","",-331,"<=",-265.741,"mV","<=",-205,"P",0.0588329,***,"",
10,"Leakage_Test","","IOFF_REVERSE_VOUT_VIN_LEAKAGE_10mA",60040,"",1,1,"VIN",10,"1064","","",-340,"<=",-328.18,"mV","<=",-205,"P",0.0588329,***,"",
10,"Leakage_Test","","IOFF_REVERSE_VOUT_VIN_LEAKAGE_100mA",60050,"",1,1,"VIN",10,"1064","","",-331,"<=",-206.696,"mV","<=",-205,"P",0.0588329,***,"",
10,"Nominal_Input_pin_Leakages","","LEAKAGE",70010,"",1,1,"EN0_PS1600",10,"1064","","",10,"<=",27.1273,"uA","<=",40,"P",0.139807,***,"",
10,"Nominal_Input_pin_Leakages","","LEAKAGE",70060,"",1,1,"FAULTB_PS1600",10,"1064","","",-0.2,"<=",0.00490003,"uA","<=",0.2,"P",0.139807,***,"",
10,"Nominal_Input_pin_Leakages","","LEAKAGE",70020,"",1,1,"FCB_PS1600",10,"1064","","",-0.5,"<=",0.11181,"uA","<=",0.5,"P",0.139807,***,"",
10,"Nominal_Input_pin_Leakages","","LEAKAGE",70040,"",1,1,"ISEN_PS1600",10,"1064","","",24,"<=",28.9719,"uA","<=",50,"P",0.139807,***,"",
10,"Nominal_Input_pin_Leakages","","LEAKAGE",70030,"",1,1,"ITRIP_PS1600",10,"1064","","",14,"<=",15.9751,"uA","<=",25,"P",0.139807,***,"",
10,"Nominal_Input_pin_Leakages","","LEAKAGE",70080,"",1,1,"OFF_PS1600",10,"1064","","",-0.2,"<=",0.0494294,"uA","<=",0.5,"P",0.139807,***,"",
10,"Nominal_Input_pin_Leakages","","LEAKAGE",70050,"",1,1,"SS_PS1600",10,"1064","","",20,"<=",54.4668,"uA","<=",70,"P",0.139807,***,"",
10,"Nominal_Input_pin_Leakages","","LEAKAGE",70070,"",1,1,"VBIAS_PS1600",10,"1064","","",5,"<=",27.3939,"uA","<=",40,"P",0.139807,***,"",
10,"Nominal_Input_pin_Leakages","","LEAKAGE_2V",70090,"",1,1,"OFF_PS1600",10,"1064","","",-0.5,"<=",0.0178053,"uA","<=",0.5,"P",0.139807,***,"",
10,"Output_enabled_leakage","","IVDD_VDD_3_Vin_3",80001,"",1,1,"VDD",10,"1064","","",10,"<=",99.6273,"uA","<=",130,"P",0.495899,***,"",
10,"Output_enabled_leakage","","IVIN_VDD_3_Vin_3",80005,"",1,1,"VIN1",10,"1064","","",10,"<=",55.1222,"uA","<=",75,"P",0.495899,***,"",
10,"Output_enabled_leakage","","IVDD_VDD_3_Vin_20",80010,"",1,1,"VDD",10,"1064","","",10,"<=",105.346,"uA","<=",150,"P",0.495899,***,"",
10,"Output_enabled_leakage","","IVIN_VDD_3_Vin_20",80014,"",1,1,"VIN1",10,"1064","","",10,"<=",89.1294,"uA","<=",120,"P",0.495899,***,"",
10,"Output_enabled_leakage","","IVDD_VDD_20_Vin_3",80011,"",1,1,"VDD",10,"1064","","",10,"<=",122.452,"uA","<=",150,"P",0.495899,***,"",
10,"Output_enabled_leakage","","IVIN_VDD_20_Vin_3",80015,"",1,1,"VIN1",10,"1064","","",10,"<=",53.1524,"uA","<=",75,"P",0.495899,***,"",
10,"Output_enabled_leakage","","IVDD_VDD_20_Vin_20",80012,"",1,1,"VDD",10,"1064","","",10,"<=",124.631,"uA","<=",175,"P",0.495899,***,"",
10,"Output_enabled_leakage","","IVIN_VDD_20_Vin_20",80016,"",1,1,"VIN1",10,"1064","","",10,"<=",88.6451,"uA","<=",120,"P",0.495899,***,"",
10,"SCAN","","Scan_test",330010,"_rdi_burst_SCAN_bk4_mp",1,1,"@",10,"1064","","",***,"",***," ","",***,"P",0.0437546,***,"",
10,"Logic","","Logic_test",340010,"_rdi_burst_Logic_bk6_mp",1,1,"@",10,"1064","","",***,"",***," ","",***,"P",0.279346,***,"",
10,"POST_EFUSE_RESISTANCE","","POST_BANKA_EFUSE_RESISTANCE_BLOWN_BIT47",590001,"",1,1,"ISEN_PS1600",10,"1064","","",3500,"<=",69287,"ohms","<=",85000,"P",3.61603,***,"",
10,"POST_EFUSE_RESISTANCE","","POST_BANKA_EFUSE_RESISTANCE_BLOWN_BIT46",590002,"",1,1,"ISEN_PS1600",10,"1064","","",3500,"<=",69309.6,"ohms","<=",85000,"P",3.6658,***,"",
10,"POST_EFUSE_RESISTANCE","","POST_BANKA_EFUSE_RESISTANCE_UNBLOWN_BIT45",490003,"",1,1,"ISEN_PS1600",10,"1064","","",65,"<=",79.6,"ohms","<=",200,"P",3.72201,***,"",
10,"POST_EFUSE_RESISTANCE","","POST_BANKA_EFUSE_RESISTANCE_BLOWN_BIT44",590004,"",1,1,"ISEN_PS1600",10,"1064","","",3500,"<=",69309.8,"ohms","<=",85000,"P",2.88429,***,"",
10,"POST_EFUSE_RESISTANCE","","POST_BANKA_EFUSE_RESISTANCE_BLOWN_BIT43",590005,"",1,1,"ISEN_PS1600",10,"1064","","",3500,"<=",69309.8,"ohms","<=",85000,"P",2.88406,***,"",
10,"POST_EFUSE_RESISTANCE","","POST_BANKA_EFUSE_RESISTANCE_BLOWN_BIT42",590006,"",1,1,"ISEN_PS1600",10,"1064","","",3500,"<=",69287,"ohms","<=",85000,"P",2.88801,***,"",
10,"POST_EFUSE_RESISTANCE","","POST_BANKA_EFUSE_RESISTANCE_BLOWN_BIT41",590007,"",1,1,"ISEN_PS1600",10,"1064","","",3500,"<=",69287,"ohms","<=",85000,"P",2.88801,***,"",
10,"POST_EFUSE_RESISTANCE","","POST_BANKA_EFUSE_RESISTANCE_UNBLOWN_BIT40",490008,"",1,1,"ISEN_PS1600",10,"1064","","",65,"<=",68.2,"ohms","<=",200,"P",2.88725,***,"",
10,"POST_EFUSE_RESISTANCE","","POST_BANKA_EFUSE_RESISTANCE_UNBLOWN_BIT39",490009,"",1,1,"ISEN_PS1600",10,"1064","","",65,"<=",79.6,"ohms","<=",200,"P",2.88323,***,"",
10,"POST_EFUSE_RESISTANCE","","POST_BANKA_EFUSE_RESISTANCE_BLOWN_BIT38",590010,"",1,1,"ISEN_PS1600",10,"1064","","",3500,"<=",69321.2,"ohms","<=",85000,"P",2.88625,***,"",
10,"POST_EFUSE_RESISTANCE","","POST_BANKA_EFUSE_RESISTANCE_BLOWN_BIT37",590011,"",1,1,"ISEN_PS1600",10,"1064","","",3500,"<=",69309.8,"ohms","<=",85000,"P",2.88604,***,"",
10,"POST_EFUSE_RESISTANCE","","POST_BANKA_EFUSE_RESISTANCE_UNBLOWN_BIT36",490012,"",1,1,"ISEN_PS1600",10,"1064","","",65,"<=",68.2,"ohms","<=",200,"P",2.89109,***,"",
10,"POST_EFUSE_RESISTANCE","","POST_BANKA_EFUSE_RESISTANCE_BLOWN_BIT35",590013,"",1,1,"ISEN_PS1600",10,"1064","","",3500,"<=",69275.6,"ohms","<=",85000,"P",2.89109,***,"",
10,"POST_EFUSE_RESISTANCE","","POST_BANKA_EFUSE_RESISTANCE_BLOWN_BIT34",590014,"",1,1,"ISEN_PS1600",10,"1064","","",3500,"<=",69332.6,"ohms","<=",85000,"P",2.89109,***,"",
10,"POST_EFUSE_RESISTANCE","","POST_BANKA_EFUSE_RESISTANCE_BLOWN_BIT33",590015,"",1,1,"ISEN_PS1600",10,"1064","","",3500,"<=",69309.8,"ohms","<=",85000,"P",2.89109,***,"",
10,"POST_EFUSE_RESISTANCE","","POST_BANKA_EFUSE_RESISTANCE_BLOWN_BIT32",590016,"",1,1,"ISEN_PS1600",10,"1064","","",3500,"<=",69287,"ohms","<=",85000,"P",2.89765,***,"",
10,"POST_EFUSE_RESISTANCE","","POST_BANKA_EFUSE_RESISTANCE_BLOWN_BIT31",590017,"",1,1,"ISEN_PS1600",10,"1064","","",3500,"<=",69298.4,"ohms","<=",85000,"P",2.88666,***,"",
10,"POST_EFUSE_RESISTANCE","","POST_BANKA_EFUSE_RESISTANCE_UNBLOWN_BIT30",490018,"",1,1,"ISEN_PS1600",10,"1064","","",65,"<=",102.4,"ohms","<=",200,"P",2.88839,***,"",
10,"POST_EFUSE_RESISTANCE","","POST_BANKA_EFUSE_RESISTANCE_UNBLOWN_BIT29",490019,"",1,1,"ISEN_PS1600",10,"1064","","",65,"<=",91,"ohms","<=",200,"P",2.88631,***,"",
10,"POST_EFUSE_RESISTANCE","","POST_BANKA_EFUSE_RESISTANCE_UNBLOWN_BIT28",490020,"",1,1,"ISEN_PS1600",10,"1064","","",65,"<=",68.2,"ohms","<=",200,"P",2.88735,***,"",
10,"POST_EFUSE_RESISTANCE","","POST_BANKA_EFUSE_RESISTANCE_BLOWN_BIT27",590021,"",1,1,"ISEN_PS1600",10,"1064","","",3500,"<=",69287,"ohms","<=",85000,"P",2.88735,***,"",
10,"POST_EFUSE_RESISTANCE","","POST_BANKA_EFUSE_RESISTANCE_BLOWN_BIT26",590022,"",1,1,"ISEN_PS1600",10,"1064","","",3500,"<=",69321,"ohms","<=",85000,"P",2.89318,***,"",
10,"POST_EFUSE_RESISTANCE","","POST_BANKA_EFUSE_RESISTANCE_UNBLOWN_BIT25",490023,"",1,1,"ISEN_PS1600",10,"1064","","",65,"<=",102.4,"ohms","<=",200,"P",2.89318,***,"",
10,"POST_EFUSE_RESISTANCE","","POST_BANKA_EFUSE_RESISTANCE_BLOWN_BIT24",590024,"",1,1,"ISEN_PS1600",10,"1064","","",3500,"<=",69298.4,"ohms","<=",85000,"P",2.88625,***,"",
10,"POST_EFUSE_RESISTANCE","","POST_BANKA_EFUSE_RESISTANCE_UNBLOWN_BIT23",490025,"",1,1,"ISEN_PS1600",10,"1064","","",65,"<=",68.2,"ohms","<=",200,"P",2.88735,***,"",
10,"POST_EFUSE_RESISTANCE","","POST_BANKA_EFUSE_RESISTANCE_UNBLOWN_BIT22",490026,"",1,1,"ISEN_PS1600",10,"1064","","",65,"<=",102.4,"ohms","<=",200,"P",2.88564,***,"",
10,"POST_EFUSE_RESISTANCE","","POST_BANKA_EFUSE_RESISTANCE_UNBLOWN_BIT21",490027,"",1,1,"ISEN_PS1600",10,"1064","","",65,"<=",102.4,"ohms","<=",200,"P",2.88425,***,"",
10,"POST_EFUSE_RESISTANCE","","POST_BANKA_EFUSE_RESISTANCE_UNBLOWN_BIT20",490028,"",1,1,"ISEN_PS1600",10,"1064","","",65,"<=",91,"ohms","<=",200,"P",2.88425,***,"",
10,"POST_EFUSE_RESISTANCE","","POST_BANKA_EFUSE_RESISTANCE_UNBLOWN_BIT19",490029,"",1,1,"ISEN_PS1600",10,"1064","","",65,"<=",68.2,"ohms","<=",200,"P",2.88425,***,"",
10,"POST_EFUSE_RESISTANCE","","POST_BANKA_EFUSE_RESISTANCE_UNBLOWN_BIT18",490030,"",1,1,"ISEN_PS1600",10,"1064","","",65,"<=",68.2,"ohms","<=",200,"P",2.88482,***,"",
10,"POST_EFUSE_RESISTANCE","","POST_BANKA_EFUSE_RESISTANCE_BLOWN_BIT17",590031,"",1,1,"ISEN_PS1600",10,"1064","","",3500,"<=",69332.4,"ohms","<=",85000,"P",2.88508,***,"",
10,"POST_EFUSE_RESISTANCE","","POST_BANKA_EFUSE_RESISTANCE_BLOWN_BIT16",590032,"",1,1,"ISEN_PS1600",10,"1064","","",3500,"<=",69332.4,"ohms","<=",85000,"P",2.88508,***,"",
10,"POST_EFUSE_RESISTANCE","","POST_BANKA_EFUSE_RESISTANCE_BLOWN_BIT15",590033,"",1,1,"ISEN_PS1600",10,"1064","","",3500,"<=",69287,"ohms","<=",85000,"P",2.89058,***,"",
10,"POST_EFUSE_RESISTANCE","","POST_BANKA_EFUSE_RESISTANCE_BLOWN_BIT14",590034,"",1,1,"ISEN_PS1600",10,"1064","","",3500,"<=",69275.6,"ohms","<=",85000,"P",2.88595,***,"",
10,"POST_EFUSE_RESISTANCE","","POST_BANKA_EFUSE_RESISTANCE_UNBLOWN_BIT13",490035,"",1,1,"ISEN_PS1600",10,"1064","","",65,"<=",102.4,"ohms","<=",200,"P",2.88683,***,"",
10,"POST_EFUSE_RESISTANCE","","POST_BANKA_EFUSE_RESISTANCE_BLOWN_BIT12",590036,"",1,1,"ISEN_PS1600",10,"1064","","",3500,"<=",69332.4,"ohms","<=",85000,"P",2.88435,***,"",
10,"POST_EFUSE_RESISTANCE","","POST_BANKA_EFUSE_RESISTANCE_UNBLOWN_BIT11",490037,"",1,1,"ISEN_PS1600",10,"1064","","",65,"<=",68.2,"ohms","<=",200,"P",2.88537,***,"",
10,"POST_EFUSE_RESISTANCE","","POST_BANKA_EFUSE_RESISTANCE_BLOWN_BIT10",590038,"",1,1,"ISEN_PS1600",10,"1064","","",3500,"<=",69025.2,"ohms","<=",85000,"P",2.89223,***,"",
10,"POST_EFUSE_RESISTANCE","","POST_BANKA_EFUSE_RESISTANCE_UNBLOWN_BIT9",490039,"",1,1,"ISEN_PS1600",10,"1064","","",65,"<=",102.4,"ohms","<=",200,"P",2.89223,***,"",
10,"POST_EFUSE_RESISTANCE","","POST_BANKA_EFUSE_RESISTANCE_UNBLOWN_BIT8",490040,"",1,1,"ISEN_PS1600",10,"1064","","",65,"<=",102.4,"ohms","<=",200,"P",2.88724,***,"",
10,"POST_EFUSE_RESISTANCE","","POST_BANKA_EFUSE_RESISTANCE_BLOWN_BIT7",590041,"",1,1,"ISEN_PS1600",10,"1064","","",3500,"<=",69298.4,"ohms","<=",85000,"P",2.8817,***,"",
10,"POST_EFUSE_RESISTANCE","","POST_BANKA_EFUSE_RESISTANCE_UNBLOWN_BIT6",490042,"",1,1,"ISEN_PS1600",10,"1064","","",65,"<=",68.2,"ohms","<=",200,"P",2.88326,***,"",
10,"POST_EFUSE_RESISTANCE","","POST_BANKA_EFUSE_RESISTANCE_BLOWN_BIT5",590043,"",1,1,"ISEN_PS1600",10,"1064","","",3500,"<=",69309.8,"ohms","<=",85000,"P",2.88326,***,"",
10,"POST_EFUSE_RESISTANCE","","POST_BANKA_EFUSE_RESISTANCE_UNBLOWN_BIT4",490044,"",1,1,"ISEN_PS1600",10,"1064","","",65,"<=",102.4,"ohms","<=",200,"P",2.88326,***,"",
10,"POST_EFUSE_RESISTANCE","","POST_BANKA_EFUSE_RESISTANCE_UNBLOWN_BIT3",490045,"",1,1,"ISEN_PS1600",10,"1064","","",65,"<=",91,"ohms","<=",200,"P",2.88326,***,"",
10,"POST_EFUSE_RESISTANCE","","POST_BANKA_EFUSE_RESISTANCE_UNBLOWN_BIT2",490046,"",1,1,"ISEN_PS1600",10,"1064","","",65,"<=",56.8,"ohms","<=",200,"F",2.88326,***,"",
11,"CONTINUITY","","CONTINUITY",10030,"",1,1,"EN0_PS1600",11,"1083","","",-500,"<=",-362.582,"mV","<=",-300,"P",0.132977,***,"",
11,"CONTINUITY","","CONTINUITY",10020,"",1,1,"FAULTB_PS1600",11,"1083","","",-500,"<=",-416.59,"mV","<=",-300,"P",0.132977,***,"",
11,"CONTINUITY","","CONTINUITY",10050,"",1,1,"FCB_PS1600",11,"1083","","",-500,"<=",-362.986,"mV","<=",-300,"P",0.132977,***,"",
11,"CONTINUITY","","CONTINUITY",10090,"",1,1,"ISEN_PS1600",11,"1083","","",-500,"<=",-348.348,"mV","<=",-300,"P",0.132977,***,"",
11,"CONTINUITY","","CONTINUITY",10080,"",1,1,"ITRIP_PS1600",11,"1083","","",-500,"<=",-364.124,"mV","<=",-300,"P",0.132977,***,"",
11,"CONTINUITY","","CONTINUITY",10040,"",1,1,"OFF_PS1600",11,"1083","","",-500,"<=",-356.725,"mV","<=",-300,"P",0.132977,***,"",
11,"CONTINUITY","","CONTINUITY",10010,"",1,1,"SS_PS1600",11,"1083","","",-500,"<=",-442.796,"mV","<=",-300,"P",0.132977,***,"",
11,"CONTINUITY","","CONTINUITY",10070,"",1,1,"VBIAS_PS1600",11,"1083","","",-500,"<=",-296.905,"mV","<=",-200,"P",0.132977,***,"",
11,"CONTINUITY","","CONTINUITY",10060,"",1,1,"GND_PS1600",11,"1083","","",-500,"<=",-354.552,"mV","<=",-300,"P",0.132977,***,"",
11,"CONTINUITY","","CONTINUITY",10180,"",1,1,"VIN1",11,"1083","","",-360,"<=",-343.06,"mV","<=",-300,"P",0.132977,***,"",
11,"CONTINUITY","","CONTINUITY",10190,"",1,1,"VIN2",11,"1083","","",-360,"<=",-343.519,"mV","<=",-300,"P",0.132977,***,"",
11,"CONTINUITY","","CONTINUITY",10200,"",1,1,"VIN3",11,"1083","","",-360,"<=",-343.426,"mV","<=",-300,"P",0.132977,***,"",
11,"CONTINUITY","","CONTINUITY",10210,"",1,1,"VIN4_RS1",11,"1083","","",-360,"<=",-343.325,"mV","<=",-300,"P",0.132977,***,"",
11,"CONTINUITY","","CONTINUITY",10220,"",1,1,"VIN4_RS2",11,"1083","","",-360,"<=",-343.3,"mV","<=",-300,"P",0.132977,***,"",
11,"CONTINUITY","","CONTINUITY",10230,"",1,1,"VIN5_RS1",11,"1083","","",-360,"<=",-343.187,"mV","<=",-300,"P",0.132977,***,"",
11,"CONTINUITY","","CONTINUITY",10240,"",1,1,"VIN5_RS2",11,"1083","","",-360,"<=",-343.206,"mV","<=",-300,"P",0.132977,***,"",
11,"CONTINUITY","","CONTINUITY",10250,"",1,1,"VIN6",11,"1083","","",-360,"<=",-343.349,"mV","<=",-300,"P",0.132977,***,"",
11,"CONTINUITY","","CONTINUITY",10100,"",1,1,"VOUT1",11,"1083","","",-300,"<=",-223.574,"mV","<=",-200,"P",0.132977,***,"",
11,"CONTINUITY","","CONTINUITY",10110,"",1,1,"VOUT2_RS1",11,"1083","","",-300,"<=",-223.593,"mV","<=",-200,"P",0.132977,***,"",
11,"CONTINUITY","","CONTINUITY",10120,"",1,1,"VOUT2_RS2",11,"1083","","",-300,"<=",-223.862,"mV","<=",-200,"P",0.132977,***,"",
11,"CONTINUITY","","CONTINUITY",10130,"",1,1,"VOUT3_RS1",11,"1083","","",-300,"<=",-223.734,"mV","<=",-200,"P",0.132977,***,"",
11,"CONTINUITY","","CONTINUITY",10140,"",1,1,"VOUT3_RS2",11,"1083","","",-300,"<=",-223.911,"mV","<=",-200,"P",0.132977,***,"",
11,"CONTINUITY","","CONTINUITY",10150,"",1,1,"VOUT4",11,"1083","","",-300,"<=",-223.776,"mV","<=",-200,"P",0.132977,***,"",
11,"CONTINUITY","","CONTINUITY",10160,"",1,1,"VOUT5",11,"1083","","",-300,"<=",-223.778,"mV","<=",-200,"P",0.132977,***,"",
11,"CONTINUITY","","CONTINUITY",10170,"",1,1,"VOUT6",11,"1083","","",-300,"<=",-223.69,"mV","<=",-200,"P",0.132977,***,"",
11,"Pin_to_Pin_Leakage","","PIN_TO_PIN_POS_LEAKAGE_PIN",20010,"",1,1,"FAULTB_PS1600",11,"1083","","",-200,"<=",-7.35783,"nA","<=",200,"P",0.416773,***,"",
11,"Pin_to_Pin_Leakage","","PIN_TO_PIN_NEG_LEAKAGE_PIN",20110,"",1,1,"FAULTB_PS1600",11,"1083","","",-200,"<=",-7.35783,"nA","<=",200,"P",0.416773,***,"",
11,"Pin_to_Pin_Leakage","","PIN_TO_PIN_POS_LEAKAGE_PIN",20020,"",1,1,"ITRIP_PS1600",11,"1083","","",-200,"<=",-10.7296,"nA","<=",200,"P",0.416773,***,"",
11,"Pin_to_Pin_Leakage","","PIN_TO_PIN_NEG_LEAKAGE_PIN",20120,"",1,1,"ITRIP_PS1600",11,"1083","","",-200,"<=",-10.7296,"nA","<=",200,"P",0.416773,***,"",
11,"Pin_to_Pin_Leakage","","PIN_TO_PIN_POS_LEAKAGE_PIN",20030,"",1,1,"OFF_PS1600",11,"1083","","",-200,"<=",-9.66253,"nA","<=",200,"P",0.416773,***,"",
11,"Pin_to_Pin_Leakage","","PIN_TO_PIN_NEG_LEAKAGE_PIN",20130,"",1,1,"OFF_PS1600",11,"1083","","",-200,"<=",-9.66253,"nA","<=",200,"P",0.416773,***,"",
11,"Pin_to_Pin_Leakage","","PIN_TO_PIN_POS_LEAKAGE_PIN",20040,"",1,1,"SS_PS1600",11,"1083","","",-200,"<=",-11.5577,"nA","<=",200,"P",0.416773,***,"",
11,"Pin_to_Pin_Leakage","","PIN_TO_PIN_NEG_LEAKAGE_PIN",20140,"",1,1,"SS_PS1600",11,"1083","","",-200,"<=",-11.5577,"nA","<=",200,"P",0.416773,***,"",
11,"Pin_to_Pin_Leakage","","PIN_TO_PIN_POS_LEAKAGE_PIN",20050,"",1,1,"VIN1",11,"1083","","",10,"<=",301.225,"nA","<=",500,"P",0.416773,***,"",
11,"Pin_to_Pin_Leakage","","PIN_TO_PIN_NEG_LEAKAGE_PIN",20150,"",1,1,"VIN1",11,"1083","","",-500,"<=",-301.428,"nA","<=",-10,"P",0.416773,***,"",
11,"Pin_to_Pin_Leakage","","PIN_TO_PIN_POS_LEAKAGE_PIN",20060,"",1,1,"VOUT1",11,"1083","","",10,"<=",299.238,"nA","<=",500,"P",0.416773,***,"",
11,"Pin_to_Pin_Leakage","","PIN_TO_PIN_NEG_LEAKAGE_PIN",20160,"",1,1,"VOUT1",11,"1083","","",-500,"<=",-296.608,"nA","<=",-10,"P",0.416773,***,"",
11,"Pin_to_Pin_Leakage","","PIN_TO_PIN_POS_LEAKAGE_PIN",20070,"",1,1,"EN0_PS1600",11,"1083","","",300,"<=",504.462,"nA","<=",700,"P",0.416773,***,"",
11,"Pin_to_Pin_Leakage","","PIN_TO_PIN_NEG_LEAKAGE_PIN",20170,"",1,1,"EN0_PS1600",11,"1083","","",-700,"<=",-509.197,"nA","<=",-300,"P",0.416773,***,"",
11,"Pin_to_Pin_Leakage","","PIN_TO_PIN_POS_LEAKAGE_PIN",20080,"",1,1,"FCB_PS1600",11,"1083","","",-200,"<=",0.498247,"nA","<=",200,"P",0.416773,***,"",
11,"Pin_to_Pin_Leakage","","PIN_TO_PIN_NEG_LEAKAGE_PIN",20180,"",1,1,"FCB_PS1600",11,"1083","","",-200,"<=",-6.38783,"nA","<=",200,"P",0.416773,***,"",
11,"Pin_to_Pin_Leakage","","PIN_TO_PIN_POS_LEAKAGE_PIN",20090,"",1,1,"ISEN_PS1600",11,"1083","","",-200,"<=",0.199446,"nA","<=",200,"P",0.416773,***,"",
11,"Pin_to_Pin_Leakage","","PIN_TO_PIN_NEG_LEAKAGE_PIN",20190,"",1,1,"ISEN_PS1600",11,"1083","","",-200,"<=",-11.9241,"nA","<=",200,"P",0.416773,***,"",
11,"Pin_to_Pin_Leakage","","PIN_TO_PIN_POS_LEAKAGE_PIN_VBIAS_PS1600",20100,"",1,1,"VBIAS_PS1600",11,"1083","","",500,"<=",725,"nA","<=",1000,"P",0.416773,***,"",
11,"Pin_to_Pin_Leakage","","PIN_TO_PIN_NEG_LEAKAGE_PIN_VBIAS_PS1600",20200,"",1,1,"VBIAS_PS1600",11,"1083","","",-1000,"<=",-806,"nA","<=",-500,"P",0.416773,***,"",
11,"IVDDFL_IVINFL_RONFL","","RON_200mAVDD_5_VIN_5_20V_Part",90050,"",1,1,"VIN1",11,"1083","","",0.01,"<=",0.0231534,"ohm","<=",0.03,"P",0.034414,***,"",
11,"IVDDFL_IVINFL_RONFL","","DEVICE_VARIENT_TRUE",90060,"",1,1,"VIN1",11,"1083","","",0.5,"<=",1,"","<=",1.5,"P",0.034414,***,"",
11,"Fuse_Burn_Check","","BANKA_BIT5_BLOWN_TRUE",1000001,"",1,1,"OFF_PS1600",11,"1083","","",0,"<=",1,"","<=",1,"P",0.0995141,***,"",
11,"Gross_Functional_EN_FCB_FAULTB_OFF","","EN_FCB_LOW_VOUT_LOW",30010,"",1,1,"VOUT4",11,"1083","","",-0.001,"<=",0.0182114,"V","<=",1,"P",0.231374,***,"",
11,"Gross_Functional_EN_FCB_FAULTB_OFF","","EN_FCB_LOW_OFF_HIGH",30020,"",1,1,"OFF_PS1600",11,"1083","","",1.6,"<=",1.79996,"V","<=",2.3,"P",0.231374,***,"",
11,"Gross_Functional_EN_FCB_FAULTB_OFF","","FCB_LOW_VOUT_LOW",30030,"",1,1,"VOUT4",11,"1083","","",-0.001,"<=",0.000946045,"V","<=",0.5,"P",0.231374,***,"",
11,"Gross_Functional_EN_FCB_FAULTB_OFF","","FCB_LOW_OFF_HIGH",30040,"",1,1,"OFF_PS1600",11,"1083","","",1.6,"<=",1.80053,"V","<=",2.3,"P",0.231374,***,"",
11,"Gross_Functional_EN_FCB_FAULTB_OFF","","EN_LOW_VOUT_LOW",30050,"",1,1,"VOUT4",11,"1083","","",-0.001,"<=",0.000379562,"V","<=",0.5,"P",0.231374,***,"",
11,"Gross_Functional_EN_FCB_FAULTB_OFF","","EN_LOW_OFF_HIGH",30060,"",1,1,"OFF_PS1600",11,"1083","","",1.6,"<=",1.7999,"V","<=",2.3,"P",0.231374,***,"",
11,"Gross_Functional_EN_FCB_FAULTB_OFF","","EN_FCB_HIGH_VOUT_HIGH",30070,"",1,1,"VOUT4",11,"1083","","",4.85,"<=",4.99997,"V","<=",5.1,"P",0.231374,***,"",
11,"Gross_Functional_EN_FCB_FAULTB_OFF","","EN_FCB_HIGH_OFF_LOW",30080,"",1,1,"OFF_PS1600",11,"1083","","",-0.001,"<=",0.000714269,"V","<=",0.5,"P",0.231374,***,"",
11,"Gross_Functional_EN_FCB_FAULTB_OFF","","FAULT_SET_VOUT_LOW",30090,"",1,1,"VOUT4",11,"1083","","",-0.001,"<=",-4.7684e-05,"V","<=",0.5,"P",0.231374,***,"",
11,"Gross_Functional_EN_FCB_FAULTB_OFF","","FAULT_SET_OFF_HIGH",30100,"",1,1,"OFF_PS1600",11,"1083","","",1.6,"<=",1.84504,"V","<=",2.3,"P",0.231374,***,"",
11,"Gross_Functional_EN_FCB_FAULTB_OFF","","FAULT_RESET_VOUT_HIGH",30110,"",1,1,"VOUT4",11,"1083","","",4.85,"<=",4.99973,"V","<=",5.1,"P",0.231374,***,"",
11,"Gross_Functional_EN_FCB_FAULTB_OFF","","FAULT_RESET_OFF_LOW",30120,"",1,1,"OFF_PS1600",11,"1083","","",0,"<=",0.000714269,"V","<=",0.5,"P",0.231374,***,"",
11,"Output_disabled_leakage","","IVDDDIS_VDD_3_VIN_3",40010,"",1,1,"VDD",11,"1083","","",10,"<=",99.7903,"uA","<=",166.5,"P",0.10165,***,"",
11,"Output_disabled_leakage","","IVINDIS_VDD_3_VIN_3",40050,"",1,1,"VIN1",11,"1083","","",10,"<=",78.6204,"uA","<=",166.5,"P",0.10165,***,"",
11,"Output_disabled_leakage","","IOFF_VDD_3_VIN_3",40090,"",1,1,"VOUT4",11,"1083","","",-14,"<=",-1.41797,"uA","<=",11,"P",0.10165,***,"",
11,"Output_disabled_leakage","","IVDDDIS_VDD_3_VIN_20",40020,"",1,1,"VDD",11,"1083","","",10,"<=",117.897,"uA","<=",166.5,"P",0.10165,***,"",
11,"Output_disabled_leakage","","IVINDIS_VDD_3_VIN_20",40060,"",1,1,"VIN1",11,"1083","","",10,"<=",93.2934,"uA","<=",166.5,"P",0.10165,***,"",
11,"Output_disabled_leakage","","IOFF_VDD_3_VIN_20",40100,"",1,1,"VOUT4",11,"1083","","",-14,"<=",-1.21539,"uA","<=",11,"P",0.10165,***,"",
11,"Output_disabled_leakage","","IVINVDD0_VIN_3",40130,"",1,1,"VIN1",11,"1083","","",10,"<=",70.9249,"uA","<=",166.5,"P",0.10165,***,"",
11,"Output_disabled_leakage","","IOFFVDD0_VIN_3",40150,"",1,1,"VOUT4",11,"1083","","",-14,"<=",-1.1697,"uA","<=",11,"P",0.10165,***,"",
11,"Output_disabled_leakage","","IVDDDIS_VDD_20_VIN_3",40030,"",1,1,"VDD",11,"1083","","",10,"<=",127.589,"uA","<=",166.5,"P",0.10165,***,"",
11,"Output_disabled_leakage","","IVINDIS_VDD_20_VIN_3",40070,"",1,1,"VIN1",11,"1083","","",10,"<=",68.6822,"uA","<=",166.5,"P",0.10165,***,"",
11,"Output_disabled_leakage","","IOFF_VDD_20_VIN_3",40110,"",1,1,"VOUT4",11,"1083","","",-14,"<=",-1.45339,"uA","<=",11,"P",0.10165,***,"",
11,"Output_disabled_leakage","","IVDDDIS_VDD_20_VIN_20",40040,"",1,1,"VDD",11,"1083","","",10,"<=",131.49,"uA","<=",166.5,"P",0.10165,***,"",
11,"Output_disabled_leakage","","IVINDIS_VDD_20_VIN_20",40080,"",1,1,"VIN1",11,"1083","","",10,"<=",94.7136,"uA","<=",166.5,"P",0.10165,***,"",
11,"Output_disabled_leakage","","IOFF_VDD_20_VIN_20",40120,"",1,1,"VOUT4",11,"1083","","",-14,"<=",-1.17341,"uA","<=",11,"P",0.10165,***,"",
11,"Output_disabled_leakage","","IVINVDD0_VIN_20",40140,"",1,1,"VIN1",11,"1083","","",10,"<=",120.642,"uA","<=",166.5,"P",0.10165,***,"",
11,"Output_disabled_leakage","","IOFFVDD0_VIN_20",40160,"",1,1,"VOUT4",11,"1083","","",-14,"<=",-2.08826,"uA","<=",11,"P",0.10165,***,"",
11,"EN_pullup_resistor","","EN0V_PULLUP_RES",50010,"",1,1,"EN0_PS1600",11,"1083","","",155,"<=",199.126,"Kohm","<=",230,"P",0.0272827,***,"",
11,"EN_pullup_resistor","","EN1V_PULLUP_RES",50020,"",1,1,"EN0_PS1600",11,"1083","","",155,"<=",200.155,"Kohm","<=",230,"P",0.0272827,***,"",
11,"EN_pullup_resistor","","EN0V_Current",50030,"",1,1,"EN0_PS1600",11,"1083","","",-11,"<=",-9.03951,"uA","<=",-7,"P",0.0272827,***,"",
11,"EN_pullup_resistor","","EN1V_Current",50040,"",1,1,"EN0_PS1600",11,"1083","","",-5.5,"<=",-3.99691,"uA","<=",-3,"P",0.0272827,***,"",
11,"Leakage_Test","","IOFF_REVERSE_VOUT_VIN_LEAKAGE_1mA",60030,"",1,1,"VIN",11,"1083","","",-331,"<=",-265.268,"mV","<=",-205,"P",0.0588329,***,"",
11,"Leakage_Test","","IOFF_REVERSE_VOUT_VIN_LEAKAGE_10mA",60040,"",1,1,"VIN",11,"1083","","",-340,"<=",-327.698,"mV","<=",-205,"P",0.0588329,***,"",
11,"Leakage_Test","","IOFF_REVERSE_VOUT_VIN_LEAKAGE_100mA",60050,"",1,1,"VIN",11,"1083","","",-331,"<=",-205.73,"mV","<=",-205,"P",0.0588329,***,"",
11,"Nominal_Input_pin_Leakages","","LEAKAGE",70010,"",1,1,"EN0_PS1600",11,"1083","","",10,"<=",24.7252,"uA","<=",40,"P",0.139807,***,"",
11,"Nominal_Input_pin_Leakages","","LEAKAGE",70060,"",1,1,"FAULTB_PS1600",11,"1083","","",-0.2,"<=",0.00490003,"uA","<=",0.2,"P",0.139807,***,"",
11,"Nominal_Input_pin_Leakages","","LEAKAGE",70020,"",1,1,"FCB_PS1600",11,"1083","","",-0.5,"<=",0.0867436,"uA","<=",0.5,"P",0.139807,***,"",
11,"Nominal_Input_pin_Leakages","","LEAKAGE",70040,"",1,1,"ISEN_PS1600",11,"1083","","",24,"<=",26.6477,"uA","<=",50,"P",0.139807,***,"",
11,"Nominal_Input_pin_Leakages","","LEAKAGE",70030,"",1,1,"ITRIP_PS1600",11,"1083","","",14,"<=",16.6781,"uA","<=",25,"P",0.139807,***,"",
11,"Nominal_Input_pin_Leakages","","LEAKAGE",70080,"",1,1,"OFF_PS1600",11,"1083","","",-0.2,"<=",0.0494294,"uA","<=",0.5,"P",0.139807,***,"",
11,"Nominal_Input_pin_Leakages","","LEAKAGE",70050,"",1,1,"SS_PS1600",11,"1083","","",20,"<=",49.5283,"uA","<=",70,"P",0.139807,***,"",
11,"Nominal_Input_pin_Leakages","","LEAKAGE",70070,"",1,1,"VBIAS_PS1600",11,"1083","","",5,"<=",27.9901,"uA","<=",40,"P",0.139807,***,"",
11,"Nominal_Input_pin_Leakages","","LEAKAGE_2V",70090,"",1,1,"OFF_PS1600",11,"1083","","",-0.5,"<=",-0.00748535,"uA","<=",0.5,"P",0.139807,***,"",
11,"Output_enabled_leakage","","IVDD_VDD_3_Vin_3",80001,"",1,1,"VDD",11,"1083","","",10,"<=",91.861,"uA","<=",130,"P",0.495899,***,"",
11,"Output_enabled_leakage","","IVIN_VDD_3_Vin_3",80005,"",1,1,"VIN1",11,"1083","","",10,"<=",53.1599,"uA","<=",75,"P",0.495899,***,"",
11,"Output_enabled_leakage","","IVDD_VDD_3_Vin_20",80010,"",1,1,"VDD",11,"1083","","",10,"<=",97.0587,"uA","<=",150,"P",0.495899,***,"",
11,"Output_enabled_leakage","","IVIN_VDD_3_Vin_20",80014,"",1,1,"VIN1",11,"1083","","",10,"<=",84.2651,"uA","<=",120,"P",0.495899,***,"",
11,"Output_enabled_leakage","","IVDD_VDD_20_Vin_3",80011,"",1,1,"VDD",11,"1083","","",10,"<=",115.339,"uA","<=",150,"P",0.495899,***,"",
11,"Output_enabled_leakage","","IVIN_VDD_20_Vin_3",80015,"",1,1,"VIN1",11,"1083","","",10,"<=",53.1976,"uA","<=",75,"P",0.495899,***,"",
11,"Output_enabled_leakage","","IVDD_VDD_20_Vin_20",80012,"",1,1,"VDD",11,"1083","","",10,"<=",115.101,"uA","<=",175,"P",0.495899,***,"",
11,"Output_enabled_leakage","","IVIN_VDD_20_Vin_20",80016,"",1,1,"VIN1",11,"1083","","",10,"<=",81.9545,"uA","<=",120,"P",0.495899,***,"",
11,"SCAN","","Scan_test",330010,"_rdi_burst_SCAN_bk4_mp",1,1,"@",11,"1083","","",***,"",***," ","",***,"P",0.0437546,***,"",
11,"Logic","","Logic_test",340010,"_rdi_burst_Logic_bk6_mp",1,1,"@",11,"1083","","",***,"",***," ","",***,"P",0.279346,***,"",
11,"POST_EFUSE_RESISTANCE","","POST_BANKA_EFUSE_RESISTANCE_BLOWN_BIT47",590001,"",1,1,"ISEN_PS1600",11,"1083","","",3500,"<=",69491.8,"ohms","<=",85000,"P",3.61603,***,"",
11,"POST_EFUSE_RESISTANCE","","POST_BANKA_EFUSE_RESISTANCE_BLOWN_BIT46",590002,"",1,1,"ISEN_PS1600",11,"1083","","",3500,"<=",69480.4,"ohms","<=",85000,"P",3.6658,***,"",
11,"POST_EFUSE_RESISTANCE","","POST_BANKA_EFUSE_RESISTANCE_UNBLOWN_BIT45",490003,"",1,1,"ISEN_PS1600",11,"1083","","",65,"<=",91,"ohms","<=",200,"P",3.72201,***,"",
11,"POST_EFUSE_RESISTANCE","","POST_BANKA_EFUSE_RESISTANCE_UNBLOWN_BIT44",490004,"",1,1,"ISEN_PS1600",11,"1083","","",65,"<=",102.4,"ohms","<=",200,"P",5.22249,***,"",
11,"POST_EFUSE_RESISTANCE","","POST_BANKA_EFUSE_RESISTANCE_UNBLOWN_BIT43",490005,"",1,1,"ISEN_PS1600",11,"1083","","",65,"<=",79.6,"ohms","<=",200,"P",2.88802,***,"",
11,"POST_EFUSE_RESISTANCE","","POST_BANKA_EFUSE_RESISTANCE_BLOWN_BIT42",590006,"",1,1,"ISEN_PS1600",11,"1083","","",3500,"<=",69491.8,"ohms","<=",85000,"P",2.88801,***,"",
11,"POST_EFUSE_RESISTANCE","","POST_BANKA_EFUSE_RESISTANCE_BLOWN_BIT41",590007,"",1,1,"ISEN_PS1600",11,"1083","","",3500,"<=",69503.2,"ohms","<=",85000,"P",2.88801,***,"",
11,"POST_EFUSE_RESISTANCE","","POST_BANKA_EFUSE_RESISTANCE_UNBLOWN_BIT40",490008,"",1,1,"ISEN_PS1600",11,"1083","","",65,"<=",79.6,"ohms","<=",200,"P",2.88725,***,"",
11,"POST_EFUSE_RESISTANCE","","POST_BANKA_EFUSE_RESISTANCE_BLOWN_BIT39",590009,"",1,1,"ISEN_PS1600",11,"1083","","",3500,"<=",63732.2,"ohms","<=",85000,"P",2.88741,***,"",
11,"POST_EFUSE_RESISTANCE","","POST_BANKA_EFUSE_RESISTANCE_BLOWN_BIT38",590010,"",1,1,"ISEN_PS1600",11,"1083","","",3500,"<=",69526,"ohms","<=",85000,"P",2.88625,***,"",
11,"POST_EFUSE_RESISTANCE","","POST_BANKA_EFUSE_RESISTANCE_BLOWN_BIT37",590011,"",1,1,"ISEN_PS1600",11,"1083","","",3500,"<=",69514.8,"ohms","<=",85000,"P",2.88604,***,"",
11,"POST_EFUSE_RESISTANCE","","POST_BANKA_EFUSE_RESISTANCE_BLOWN_BIT36",590012,"",1,1,"ISEN_PS1600",11,"1083","","",3500,"<=",69492,"ohms","<=",85000,"P",2.88426,***,"",
11,"POST_EFUSE_RESISTANCE","","POST_BANKA_EFUSE_RESISTANCE_UNBLOWN_BIT35",490013,"",1,1,"ISEN_PS1600",11,"1083","","",65,"<=",68.2,"ohms","<=",200,"P",2.88426,***,"",
11,"POST_EFUSE_RESISTANCE","","POST_BANKA_EFUSE_RESISTANCE_UNBLOWN_BIT34",490014,"",1,1,"ISEN_PS1600",11,"1083","","",65,"<=",102.4,"ohms","<=",200,"P",2.88426,***,"",
11,"POST_EFUSE_RESISTANCE","","POST_BANKA_EFUSE_RESISTANCE_UNBLOWN_BIT33",490015,"",1,1,"ISEN_PS1600",11,"1083","","",65,"<=",91,"ohms","<=",200,"P",2.88443,***,"",
11,"POST_EFUSE_RESISTANCE","","POST_BANKA_EFUSE_RESISTANCE_UNBLOWN_BIT32",490016,"",1,1,"ISEN_PS1600",11,"1083","","",65,"<=",68.2,"ohms","<=",200,"P",2.88546,***,"",
11,"POST_EFUSE_RESISTANCE","","POST_BANKA_EFUSE_RESISTANCE_BLOWN_BIT31",590017,"",1,1,"ISEN_PS1600",11,"1083","","",3500,"<=",69492,"ohms","<=",85000,"P",2.88666,***,"",
11,"POST_EFUSE_RESISTANCE","","POST_BANKA_EFUSE_RESISTANCE_UNBLOWN_BIT30",490018,"",1,1,"ISEN_PS1600",11,"1083","","",65,"<=",102.4,"ohms","<=",200,"P",2.88839,***,"",
11,"POST_EFUSE_RESISTANCE","","POST_BANKA_EFUSE_RESISTANCE_UNBLOWN_BIT29",490019,"",1,1,"ISEN_PS1600",11,"1083","","",65,"<=",102.4,"ohms","<=",200,"P",2.88631,***,"",
11,"POST_EFUSE_RESISTANCE","","POST_BANKA_EFUSE_RESISTANCE_UNBLOWN_BIT28",490020,"",1,1,"ISEN_PS1600",11,"1083","","",65,"<=",68.2,"ohms","<=",200,"P",2.88735,***,"",
11,"POST_EFUSE_RESISTANCE","","POST_BANKA_EFUSE_RESISTANCE_BLOWN_BIT27",590021,"",1,1,"ISEN_PS1600",11,"1083","","",3500,"<=",69503.2,"ohms","<=",85000,"P",2.88735,***,"",
11,"POST_EFUSE_RESISTANCE","","POST_BANKA_EFUSE_RESISTANCE_UNBLOWN_BIT26",490022,"",1,1,"ISEN_PS1600",11,"1083","","",65,"<=",102.4,"ohms","<=",200,"P",2.88209,***,"",
11,"POST_EFUSE_RESISTANCE","","POST_BANKA_EFUSE_RESISTANCE_BLOWN_BIT25",590023,"",1,1,"ISEN_PS1600",11,"1083","","",3500,"<=",69537.4,"ohms","<=",85000,"P",2.88209,***,"",
11,"POST_EFUSE_RESISTANCE","","POST_BANKA_EFUSE_RESISTANCE_BLOWN_BIT24",590024,"",1,1,"ISEN_PS1600",11,"1083","","",3500,"<=",67818.6,"ohms","<=",85000,"P",2.88625,***,"",
11,"POST_EFUSE_RESISTANCE","","POST_BANKA_EFUSE_RESISTANCE_UNBLOWN_BIT23",490025,"",1,1,"ISEN_PS1600",11,"1083","","",65,"<=",79.6,"ohms","<=",200,"P",2.88735,***,"",
11,"POST_EFUSE_RESISTANCE","","POST_BANKA_EFUSE_RESISTANCE_UNBLOWN_BIT22",490026,"",1,1,"ISEN_PS1600",11,"1083","","",65,"<=",102.4,"ohms","<=",200,"P",2.88564,***,"",
11,"POST_EFUSE_RESISTANCE","","POST_BANKA_EFUSE_RESISTANCE_UNBLOWN_BIT21",490027,"",1,1,"ISEN_PS1600",11,"1083","","",65,"<=",102.4,"ohms","<=",200,"P",2.88425,***,"",
11,"POST_EFUSE_RESISTANCE","","POST_BANKA_EFUSE_RESISTANCE_UNBLOWN_BIT20",490028,"",1,1,"ISEN_PS1600",11,"1083","","",65,"<=",91,"ohms","<=",200,"P",2.88425,***,"",
11,"POST_EFUSE_RESISTANCE","","POST_BANKA_EFUSE_RESISTANCE_UNBLOWN_BIT19",490029,"",1,1,"ISEN_PS1600",11,"1083","","",65,"<=",56.8,"ohms","<=",200,"F",2.88425,***,"",
12,"CONTINUITY","","CONTINUITY",10030,"",1,1,"EN0_PS1600",12,"1102","","",-500,"<=",-361.9,"mV","<=",-300,"P",0.132977,***,"",
12,"CONTINUITY","","CONTINUITY",10020,"",1,1,"FAULTB_PS1600",12,"1102","","",-500,"<=",-418.866,"mV","<=",-300,"P",0.132977,***,"",
12,"CONTINUITY","","CONTINUITY",10050,"",1,1,"FCB_PS1600",12,"1102","","",-500,"<=",-362.018,"mV","<=",-300,"P",0.132977,***,"",
12,"CONTINUITY","","CONTINUITY",10090,"",1,1,"ISEN_PS1600",12,"1102","","",-500,"<=",-346.071,"mV","<=",-300,"P",0.132977,***,"",
12,"CONTINUITY","","CONTINUITY",10080,"",1,1,"ITRIP_PS1600",12,"1102","","",-500,"<=",-362.075,"mV","<=",-300,"P",0.132977,***,"",
12,"CONTINUITY","","CONTINUITY",10040,"",1,1,"OFF_PS1600",12,"1102","","",-500,"<=",-356.212,"mV","<=",-300,"P",0.132977,***,"",
12,"CONTINUITY","","CONTINUITY",10010,"",1,1,"SS_PS1600",12,"1102","","",-500,"<=",-439.096,"mV","<=",-300,"P",0.132977,***,"",
12,"CONTINUITY","","CONTINUITY",10070,"",1,1,"VBIAS_PS1600",12,"1102","","",-500,"<=",-298.328,"mV","<=",-200,"P",0.132977,***,"",
12,"CONTINUITY","","CONTINUITY",10060,"",1,1,"GND_PS1600",12,"1102","","",-500,"<=",-354.666,"mV","<=",-300,"P",0.132977,***,"",
12,"CONTINUITY","","CONTINUITY",10180,"",1,1,"VIN1",12,"1102","","",-360,"<=",-343.004,"mV","<=",-300,"P",0.132977,***,"",
12,"CONTINUITY","","CONTINUITY",10190,"",1,1,"VIN2",12,"1102","","",-360,"<=",-343.134,"mV","<=",-300,"P",0.132977,***,"",
12,"CONTINUITY","","CONTINUITY",10200,"",1,1,"VIN3",12,"1102","","",-360,"<=",-343.512,"mV","<=",-300,"P",0.132977,***,"",
12,"CONTINUITY","","CONTINUITY",10210,"",1,1,"VIN4_RS1",12,"1102","","",-360,"<=",-343.388,"mV","<=",-300,"P",0.132977,***,"",
12,"CONTINUITY","","CONTINUITY",10220,"",1,1,"VIN4_RS2",12,"1102","","",-360,"<=",-343.395,"mV","<=",-300,"P",0.132977,***,"",
12,"CONTINUITY","","CONTINUITY",10230,"",1,1,"VIN5_RS1",12,"1102","","",-360,"<=",-343.441,"mV","<=",-300,"P",0.132977,***,"",
12,"CONTINUITY","","CONTINUITY",10240,"",1,1,"VIN5_RS2",12,"1102","","",-360,"<=",-343.3,"mV","<=",-300,"P",0.132977,***,"",
12,"CONTINUITY","","CONTINUITY",10250,"",1,1,"VIN6",12,"1102","","",-360,"<=",-343.55,"mV","<=",-300,"P",0.132977,***,"",
12,"CONTINUITY","","CONTINUITY",10100,"",1,1,"VOUT1",12,"1102","","",-300,"<=",-223.469,"mV","<=",-200,"P",0.132977,***,"",
12,"CONTINUITY","","CONTINUITY",10110,"",1,1,"VOUT2_RS1",12,"1102","","",-300,"<=",-223.766,"mV","<=",-200,"P",0.132977,***,"",
12,"CONTINUITY","","CONTINUITY",10120,"",1,1,"VOUT2_RS2",12,"1102","","",-300,"<=",-223.278,"mV","<=",-200,"P",0.132977,***,"",
12,"CONTINUITY","","CONTINUITY",10130,"",1,1,"VOUT3_RS1",12,"1102","","",-300,"<=",-223.593,"mV","<=",-200,"P",0.132977,***,"",
12,"CONTINUITY","","CONTINUITY",10140,"",1,1,"VOUT3_RS2",12,"1102","","",-300,"<=",-223.591,"mV","<=",-200,"P",0.132977,***,"",
12,"CONTINUITY","","CONTINUITY",10150,"",1,1,"VOUT4",12,"1102","","",-300,"<=",-223.793,"mV","<=",-200,"P",0.132977,***,"",
12,"CONTINUITY","","CONTINUITY",10160,"",1,1,"VOUT5",12,"1102","","",-300,"<=",-223.623,"mV","<=",-200,"P",0.132977,***,"",
12,"CONTINUITY","","CONTINUITY",10170,"",1,1,"VOUT6",12,"1102","","",-300,"<=",-223.593,"mV","<=",-200,"P",0.132977,***,"",
12,"Pin_to_Pin_Leakage","","PIN_TO_PIN_POS_LEAKAGE_PIN",20010,"",1,1,"FAULTB_PS1600",12,"1102","","",-200,"<=",-6.9008,"nA","<=",200,"P",0.416773,***,"",
12,"Pin_to_Pin_Leakage","","PIN_TO_PIN_NEG_LEAKAGE_PIN",20110,"",1,1,"FAULTB_PS1600",12,"1102","","",-200,"<=",-6.9008,"nA","<=",200,"P",0.416773,***,"",
12,"Pin_to_Pin_Leakage","","PIN_TO_PIN_POS_LEAKAGE_PIN",20020,"",1,1,"ITRIP_PS1600",12,"1102","","",-200,"<=",-10.8821,"nA","<=",200,"P",0.416773,***,"",
12,"Pin_to_Pin_Leakage","","PIN_TO_PIN_NEG_LEAKAGE_PIN",20120,"",1,1,"ITRIP_PS1600",12,"1102","","",-200,"<=",-10.8821,"nA","<=",200,"P",0.416773,***,"",
12,"Pin_to_Pin_Leakage","","PIN_TO_PIN_POS_LEAKAGE_PIN",20030,"",1,1,"OFF_PS1600",12,"1102","","",-200,"<=",-10.2255,"nA","<=",200,"P",0.416773,***,"",
12,"Pin_to_Pin_Leakage","","PIN_TO_PIN_NEG_LEAKAGE_PIN",20130,"",1,1,"OFF_PS1600",12,"1102","","",-200,"<=",-10.2255,"nA","<=",200,"P",0.416773,***,"",
12,"Pin_to_Pin_Leakage","","PIN_TO_PIN_POS_LEAKAGE_PIN",20040,"",1,1,"SS_PS1600",12,"1102","","",-200,"<=",-11.098,"nA","<=",200,"P",0.416773,***,"",
12,"Pin_to_Pin_Leakage","","PIN_TO_PIN_NEG_LEAKAGE_PIN",20140,"",1,1,"SS_PS1600",12,"1102","","",-200,"<=",-11.098,"nA","<=",200,"P",0.416773,***,"",
12,"Pin_to_Pin_Leakage","","PIN_TO_PIN_POS_LEAKAGE_PIN",20050,"",1,1,"VIN1",12,"1102","","",10,"<=",300.137,"nA","<=",500,"P",0.416773,***,"",
12,"Pin_to_Pin_Leakage","","PIN_TO_PIN_NEG_LEAKAGE_PIN",20150,"",1,1,"VIN1",12,"1102","","",-500,"<=",-302.174,"nA","<=",-10,"P",0.416773,***,"",
12,"Pin_to_Pin_Leakage","","PIN_TO_PIN_POS_LEAKAGE_PIN",20060,"",1,1,"VOUT1",12,"1102","","",10,"<=",300.337,"nA","<=",500,"P",0.416773,***,"",
12,"Pin_to_Pin_Leakage","","PIN_TO_PIN_NEG_LEAKAGE_PIN",20160,"",1,1,"VOUT1",12,"1102","","",-500,"<=",-300.231,"nA","<=",-10,"P",0.416773,***,"",
12,"Pin_to_Pin_Leakage","","PIN_TO_PIN_POS_LEAKAGE_PIN",20070,"",1,1,"EN0_PS1600",12,"1102","","",300,"<=",507.953,"nA","<=",700,"P",0.416773,***,"",
12,"Pin_to_Pin_Leakage","","PIN_TO_PIN_NEG_LEAKAGE_PIN",20170,"",1,1,"EN0_PS1600",12,"1102","","",-700,"<=",-513.304,"nA","<=",-300,"P",0.416773,***,"",
12,"Pin_to_Pin_Leakage","","PIN_TO_PIN_POS_LEAKAGE_PIN",20080,"",1,1,"FCB_PS1600",12,"1102","","",-200,"<=",-0.109819,"nA","<=",200,"P",0.416773,***,"",
12,"Pin_to_Pin_Leakage","","PIN_TO_PIN_NEG_LEAKAGE_PIN",20180,"",1,1,"FCB_PS1600",12,"1102","","",-200,"<=",-6.23582,"nA","<=",200,"P",0.416773,***,"",
12,"Pin_to_Pin_Leakage","","PIN_TO_PIN_POS_LEAKAGE_PIN",20090,"",1,1,"ISEN_PS1600",12,"1102","","",-200,"<=",-0.0563175,"nA","<=",200,"P",0.416773,***,"",
12,"Pin_to_Pin_Leakage","","PIN_TO_PIN_NEG_LEAKAGE_PIN",20190,"",1,1,"ISEN_PS1600",12,"1102","","",-200,"<=",-13.1518,"nA","<=",200,"P",0.416773,***,"",
12,"Pin_to_Pin_Leakage","","PIN_TO_PIN_POS_LEAKAGE_PIN_VBIAS_PS1600",20100,"",1,1,"VBIAS_PS1600",12,"1102","","",500,"<=",718,"nA","<=",1000,"P",0.416773,***,"",
12,"Pin_to_Pin_Leakage","","PIN_TO_PIN_NEG_LEAKAGE_PIN_VBIAS_PS1600",20200,"",1,1,"VBIAS_PS1600",12,"1102","","",-1000,"<=",-798,"nA","<=",-500,"P",0.416773,***,"",
12,"IVDDFL_IVINFL_RONFL","","RON_200mAVDD_5_VIN_5_20V_Part",90050,"",1,1,"VIN1",12,"1102","","",0.01,"<=",0.0232299,"ohm","<=",0.03,"P",0.034414,***,"",
12,"IVDDFL_IVINFL_RONFL","","DEVICE_VARIENT_TRUE",90060,"",1,1,"VIN1",12,"1102","","",0.5,"<=",1,"","<=",1.5,"P",0.034414,***,"",
12,"Fuse_Burn_Check","","BANKA_BIT5_BLOWN_TRUE",1000001,"",1,1,"OFF_PS1600",12,"1102","","",0,"<=",1,"","<=",1,"P",0.0995141,***,"",
12,"Gross_Functional_EN_FCB_FAULTB_OFF","","EN_FCB_LOW_VOUT_LOW",30010,"",1,1,"VOUT4",12,"1102","","",-0.001,"<=",0.020359,"V","<=",1,"P",0.231374,***,"",
12,"Gross_Functional_EN_FCB_FAULTB_OFF","","EN_FCB_LOW_OFF_HIGH",30020,"",1,1,"OFF_PS1600",12,"1102","","",1.6,"<=",1.79962,"V","<=",2.3,"P",0.231374,***,"",
12,"Gross_Functional_EN_FCB_FAULTB_OFF","","FCB_LOW_VOUT_LOW",30030,"",1,1,"VOUT4",12,"1102","","",-0.001,"<=",0.00128937,"V","<=",0.5,"P",0.231374,***,"",
12,"Gross_Functional_EN_FCB_FAULTB_OFF","","FCB_LOW_OFF_HIGH",30040,"",1,1,"OFF_PS1600",12,"1102","","",1.6,"<=",1.80053,"V","<=",2.3,"P",0.231374,***,"",
12,"Gross_Functional_EN_FCB_FAULTB_OFF","","EN_LOW_VOUT_LOW",30050,"",1,1,"VOUT4",12,"1102","","",-0.001,"<=",0.00211334,"V","<=",0.5,"P",0.231374,***,"",
12,"Gross_Functional_EN_FCB_FAULTB_OFF","","EN_LOW_OFF_HIGH",30060,"",1,1,"OFF_PS1600",12,"1102","","",1.6,"<=",1.79967,"V","<=",2.3,"P",0.231374,***,"",
12,"Gross_Functional_EN_FCB_FAULTB_OFF","","EN_FCB_HIGH_VOUT_HIGH",30070,"",1,1,"VOUT4",12,"1102","","",4.85,"<=",4.99977,"V","<=",5.1,"P",0.231374,***,"",
12,"Gross_Functional_EN_FCB_FAULTB_OFF","","EN_FCB_HIGH_OFF_LOW",30080,"",1,1,"OFF_PS1600",12,"1102","","",-0.001,"<=",0.000714269,"V","<=",0.5,"P",0.231374,***,"",
12,"Gross_Functional_EN_FCB_FAULTB_OFF","","FAULT_SET_VOUT_LOW",30090,"",1,1,"VOUT4",12,"1102","","",-0.001,"<=",-0.000230789,"V","<=",0.5,"P",0.231374,***,"",
12,"Gross_Functional_EN_FCB_FAULTB_OFF","","FAULT_SET_OFF_HIGH",30100,"",1,1,"OFF_PS1600",12,"1102","","",1.6,"<=",1.84481,"V","<=",2.3,"P",0.231374,***,"",
12,"Gross_Functional_EN_FCB_FAULTB_OFF","","FAULT_RESET_VOUT_HIGH",30110,"",1,1,"VOUT4",12,"1102","","",4.85,"<=",4.99995,"V","<=",5.1,"P",0.231374,***,"",
12,"Gross_Functional_EN_FCB_FAULTB_OFF","","FAULT_RESET_OFF_LOW",30120,"",1,1,"OFF_PS1600",12,"1102","","",0,"<=",0.000714269,"V","<=",0.5,"P",0.231374,***,"",
12,"Output_disabled_leakage","","IVDDDIS_VDD_3_VIN_3",40010,"",1,1,"VDD",12,"1102","","",10,"<=",106.79,"uA","<=",166.5,"P",0.10165,***,"",
12,"Output_disabled_leakage","","IVINDIS_VDD_3_VIN_3",40050,"",1,1,"VIN1",12,"1102","","",10,"<=",68.2017,"uA","<=",166.5,"P",0.10165,***,"",
12,"Output_disabled_leakage","","IOFF_VDD_3_VIN_3",40090,"",1,1,"VOUT4",12,"1102","","",-14,"<=",-1.41277,"uA","<=",11,"P",0.10165,***,"",
12,"Output_disabled_leakage","","IVDDDIS_VDD_3_VIN_20",40020,"",1,1,"VDD",12,"1102","","",10,"<=",121.552,"uA","<=",166.5,"P",0.10165,***,"",
12,"Output_disabled_leakage","","IVINDIS_VDD_3_VIN_20",40060,"",1,1,"VIN1",12,"1102","","",10,"<=",91.2808,"uA","<=",166.5,"P",0.10165,***,"",
12,"Output_disabled_leakage","","IOFF_VDD_3_VIN_20",40100,"",1,1,"VOUT4",12,"1102","","",-14,"<=",-1.56443,"uA","<=",11,"P",0.10165,***,"",
12,"Output_disabled_leakage","","IVINVDD0_VIN_3",40130,"",1,1,"VIN1",12,"1102","","",10,"<=",70.8066,"uA","<=",166.5,"P",0.10165,***,"",
12,"Output_disabled_leakage","","IOFFVDD0_VIN_3",40150,"",1,1,"VOUT4",12,"1102","","",-14,"<=",-1.17911,"uA","<=",11,"P",0.10165,***,"",
12,"Output_disabled_leakage","","IVDDDIS_VDD_20_VIN_3",40030,"",1,1,"VDD",12,"1102","","",10,"<=",134.22,"uA","<=",166.5,"P",0.10165,***,"",
12,"Output_disabled_leakage","","IVINDIS_VDD_20_VIN_3",40070,"",1,1,"VIN1",12,"1102","","",10,"<=",69.0306,"uA","<=",166.5,"P",0.10165,***,"",
12,"Output_disabled_leakage","","IOFF_VDD_20_VIN_3",40110,"",1,1,"VOUT4",12,"1102","","",-14,"<=",-1.46669,"uA","<=",11,"P",0.10165,***,"",
12,"Output_disabled_leakage","","IVDDDIS_VDD_20_VIN_20",40040,"",1,1,"VDD",12,"1102","","",10,"<=",128.072,"uA","<=",166.5,"P",0.10165,***,"",
12,"Output_disabled_leakage","","IVINDIS_VDD_20_VIN_20",40080,"",1,1,"VIN1",12,"1102","","",10,"<=",88.7942,"uA","<=",166.5,"P",0.10165,***,"",
12,"Output_disabled_leakage","","IOFF_VDD_20_VIN_20",40120,"",1,1,"VOUT4",12,"1102","","",-14,"<=",-1.14106,"uA","<=",11,"P",0.10165,***,"",
12,"Output_disabled_leakage","","IVINVDD0_VIN_20",40140,"",1,1,"VIN1",12,"1102","","",10,"<=",112.236,"uA","<=",166.5,"P",0.10165,***,"",
12,"Output_disabled_leakage","","IOFFVDD0_VIN_20",40160,"",1,1,"VOUT4",12,"1102","","",-14,"<=",-2.08319,"uA","<=",11,"P",0.10165,***,"",
12,"EN_pullup_resistor","","EN0V_PULLUP_RES",50010,"",1,1,"EN0_PS1600",12,"1102","","",155,"<=",197.787,"Kohm","<=",230,"P",0.0272827,***,"",
12,"EN_pullup_resistor","","EN1V_PULLUP_RES",50020,"",1,1,"EN0_PS1600",12,"1102","","",155,"<=",199.012,"Kohm","<=",230,"P",0.0272827,***,"",
12,"EN_pullup_resistor","","EN0V_Current",50030,"",1,1,"EN0_PS1600",12,"1102","","",-11,"<=",-9.10071,"uA","<=",-7,"P",0.0272827,***,"",
12,"EN_pullup_resistor","","EN1V_Current",50040,"",1,1,"EN0_PS1600",12,"1102","","",-5.5,"<=",-4.01986,"uA","<=",-3,"P",0.0272827,***,"",
12,"Leakage_Test","","IOFF_REVERSE_VOUT_VIN_LEAKAGE_1mA",60030,"",1,1,"VIN",12,"1102","","",-331,"<=",-265.188,"mV","<=",-205,"P",0.0588329,***,"",
12,"Leakage_Test","","IOFF_REVERSE_VOUT_VIN_LEAKAGE_10mA",60040,"",1,1,"VIN",12,"1102","","",-340,"<=",-327.946,"mV","<=",-205,"P",0.0588329,***,"",
12,"Leakage_Test","","IOFF_REVERSE_VOUT_VIN_LEAKAGE_100mA",60050,"",1,1,"VIN",12,"1102","","",-331,"<=",-205.948,"mV","<=",-205,"P",0.0588329,***,"",
12,"Nominal_Input_pin_Leakages","","LEAKAGE",70010,"",1,1,"EN0_PS1600",12,"1102","","",10,"<=",24.8807,"uA","<=",40,"P",0.139807,***,"",
12,"Nominal_Input_pin_Leakages","","LEAKAGE",70060,"",1,1,"FAULTB_PS1600",12,"1102","","",-0.2,"<=",0.00515388,"uA","<=",0.2,"P",0.139807,***,"",
12,"Nominal_Input_pin_Leakages","","LEAKAGE",70020,"",1,1,"FCB_PS1600",12,"1102","","",-0.5,"<=",0.136876,"uA","<=",0.5,"P",0.139807,***,"",
12,"Nominal_Input_pin_Leakages","","LEAKAGE",70040,"",1,1,"ISEN_PS1600",12,"1102","","",24,"<=",26.673,"uA","<=",50,"P",0.139807,***,"",
12,"Nominal_Input_pin_Leakages","","LEAKAGE",70030,"",1,1,"ITRIP_PS1600",12,"1102","","",14,"<=",16.5526,"uA","<=",25,"P",0.139807,***,"",
12,"Nominal_Input_pin_Leakages","","LEAKAGE",70080,"",1,1,"OFF_PS1600",12,"1102","","",-0.2,"<=",-0.00115196,"uA","<=",0.5,"P",0.139807,***,"",
12,"Nominal_Input_pin_Leakages","","LEAKAGE",70050,"",1,1,"SS_PS1600",12,"1102","","",20,"<=",49.1,"uA","<=",70,"P",0.139807,***,"",
12,"Nominal_Input_pin_Leakages","","LEAKAGE",70070,"",1,1,"VBIAS_PS1600",12,"1102","","",5,"<=",28.0646,"uA","<=",40,"P",0.139807,***,"",
12,"Nominal_Input_pin_Leakages","","LEAKAGE_2V",70090,"",1,1,"OFF_PS1600",12,"1102","","",-0.5,"<=",-0.00748535,"uA","<=",0.5,"P",0.139807,***,"",
12,"Output_enabled_leakage","","IVDD_VDD_3_Vin_3",80001,"",1,1,"VDD",12,"1102","","",10,"<=",96.5139,"uA","<=",130,"P",0.495899,***,"",
12,"Output_enabled_leakage","","IVIN_VDD_3_Vin_3",80005,"",1,1,"VIN1",12,"1102","","",10,"<=",53.0458,"uA","<=",75,"P",0.495899,***,"",
12,"Output_enabled_leakage","","IVDD_VDD_3_Vin_20",80010,"",1,1,"VDD",12,"1102","","",10,"<=",97.9463,"uA","<=",150,"P",0.495899,***,"",
12,"Output_enabled_leakage","","IVIN_VDD_3_Vin_20",80014,"",1,1,"VIN1",12,"1102","","",10,"<=",81.4311,"uA","<=",120,"P",0.495899,***,"",
12,"Output_enabled_leakage","","IVDD_VDD_20_Vin_3",80011,"",1,1,"VDD",12,"1102","","",10,"<=",106.92,"uA","<=",150,"P",0.495899,***,"",
12,"Output_enabled_leakage","","IVIN_VDD_20_Vin_3",80015,"",1,1,"VIN1",12,"1102","","",10,"<=",51.66,"uA","<=",75,"P",0.495899,***,"",
12,"Output_enabled_leakage","","IVDD_VDD_20_Vin_20",80012,"",1,1,"VDD",12,"1102","","",10,"<=",116.535,"uA","<=",175,"P",0.495899,***,"",
12,"Output_enabled_leakage","","IVIN_VDD_20_Vin_20",80016,"",1,1,"VIN1",12,"1102","","",10,"<=",84.5687,"uA","<=",120,"P",0.495899,***,"",
12,"SCAN","","Scan_test",330010,"_rdi_burst_SCAN_bk4_mp",1,1,"@",12,"1102","","",***,"",***," ","",***,"P",0.0437546,***,"",
12,"Logic","","Logic_test",340010,"_rdi_burst_Logic_bk6_mp",1,1,"@",12,"1102","","",***,"",***," ","",***,"P",0.279346,***,"",
12,"POST_EFUSE_RESISTANCE","","POST_BANKA_EFUSE_RESISTANCE_BLOWN_BIT47",590001,"",1,1,"ISEN_PS1600",12,"1102","","",3500,"<=",69560.2,"ohms","<=",85000,"P",3.61603,***,"",
12,"POST_EFUSE_RESISTANCE","","POST_BANKA_EFUSE_RESISTANCE_BLOWN_BIT46",590002,"",1,1,"ISEN_PS1600",12,"1102","","",3500,"<=",69605.8,"ohms","<=",85000,"P",3.6658,***,"",
12,"POST_EFUSE_RESISTANCE","","POST_BANKA_EFUSE_RESISTANCE_UNBLOWN_BIT45",490003,"",1,1,"ISEN_PS1600",12,"1102","","",65,"<=",102.4,"ohms","<=",200,"P",3.72201,***,"",
12,"POST_EFUSE_RESISTANCE","","POST_BANKA_EFUSE_RESISTANCE_UNBLOWN_BIT44",490004,"",1,1,"ISEN_PS1600",12,"1102","","",65,"<=",91,"ohms","<=",200,"P",5.22249,***,"",
12,"POST_EFUSE_RESISTANCE","","POST_BANKA_EFUSE_RESISTANCE_UNBLOWN_BIT43",490005,"",1,1,"ISEN_PS1600",12,"1102","","",65,"<=",68.2,"ohms","<=",200,"P",2.88802,***,"",
12,"POST_EFUSE_RESISTANCE","","POST_BANKA_EFUSE_RESISTANCE_BLOWN_BIT42",590006,"",1,1,"ISEN_PS1600",12,"1102","","",3500,"<=",69571.6,"ohms","<=",85000,"P",2.88801,***,"",
12,"POST_EFUSE_RESISTANCE","","POST_BANKA_EFUSE_RESISTANCE_BLOWN_BIT41",590007,"",1,1,"ISEN_PS1600",12,"1102","","",3500,"<=",69594.4,"ohms","<=",85000,"P",2.88801,***,"",
12,"POST_EFUSE_RESISTANCE","","POST_BANKA_EFUSE_RESISTANCE_UNBLOWN_BIT40",490008,"",1,1,"ISEN_PS1600",12,"1102","","",65,"<=",102.4,"ohms","<=",200,"P",2.88725,***,"",
12,"POST_EFUSE_RESISTANCE","","POST_BANKA_EFUSE_RESISTANCE_BLOWN_BIT39",590009,"",1,1,"ISEN_PS1600",12,"1102","","",3500,"<=",69617,"ohms","<=",85000,"P",2.88741,***,"",
12,"POST_EFUSE_RESISTANCE","","POST_BANKA_EFUSE_RESISTANCE_BLOWN_BIT38",590010,"",1,1,"ISEN_PS1600",12,"1102","","",3500,"<=",69571.6,"ohms","<=",85000,"P",2.88625,***,"",
12,"POST_EFUSE_RESISTANCE","","POST_BANKA_EFUSE_RESISTANCE_BLOWN_BIT37",590011,"",1,1,"ISEN_PS1600",12,"1102","","",3500,"<=",69571.4,"ohms","<=",85000,"P",2.88604,***,"",
12,"POST_EFUSE_RESISTANCE","","POST_BANKA_EFUSE_RESISTANCE_BLOWN_BIT36",590012,"",1,1,"ISEN_PS1600",12,"1102","","",3500,"<=",69582.8,"ohms","<=",85000,"P",2.88426,***,"",
12,"POST_EFUSE_RESISTANCE","","POST_BANKA_EFUSE_RESISTANCE_UNBLOWN_BIT35",490013,"",1,1,"ISEN_PS1600",12,"1102","","",65,"<=",102.4,"ohms","<=",200,"P",2.88426,***,"",
12,"POST_EFUSE_RESISTANCE","","POST_BANKA_EFUSE_RESISTANCE_UNBLOWN_BIT34",490014,"",1,1,"ISEN_PS1600",12,"1102","","",65,"<=",79.6,"ohms","<=",200,"P",2.88426,***,"",
12,"POST_EFUSE_RESISTANCE","","POST_BANKA_EFUSE_RESISTANCE_UNBLOWN_BIT33",490015,"",1,1,"ISEN_PS1600",12,"1102","","",65,"<=",68.2,"ohms","<=",200,"P",2.88443,***,"",
12,"POST_EFUSE_RESISTANCE","","POST_BANKA_EFUSE_RESISTANCE_UNBLOWN_BIT32",490016,"",1,1,"ISEN_PS1600",12,"1102","","",65,"<=",91,"ohms","<=",200,"P",2.88546,***,"",
12,"POST_EFUSE_RESISTANCE","","POST_BANKA_EFUSE_RESISTANCE_BLOWN_BIT31",590017,"",1,1,"ISEN_PS1600",12,"1102","","",3500,"<=",69617,"ohms","<=",85000,"P",2.88666,***,"",
12,"POST_EFUSE_RESISTANCE","","POST_BANKA_EFUSE_RESISTANCE_BLOWN_BIT30",590018,"",1,1,"ISEN_PS1600",12,"1102","","",3500,"<=",69491.8,"ohms","<=",85000,"P",2.88735,***,"",
12,"POST_EFUSE_RESISTANCE","","POST_BANKA_EFUSE_RESISTANCE_UNBLOWN_BIT29",490019,"",1,1,"ISEN_PS1600",12,"1102","","",65,"<=",79.6,"ohms","<=",200,"P",2.88631,***,"",
12,"POST_EFUSE_RESISTANCE","","POST_BANKA_EFUSE_RESISTANCE_UNBLOWN_BIT28",490020,"",1,1,"ISEN_PS1600",12,"1102","","",65,"<=",91,"ohms","<=",200,"P",2.88735,***,"",
12,"POST_EFUSE_RESISTANCE","","POST_BANKA_EFUSE_RESISTANCE_BLOWN_BIT27",590021,"",1,1,"ISEN_PS1600",12,"1102","","",3500,"<=",69605.8,"ohms","<=",85000,"P",2.88735,***,"",
12,"POST_EFUSE_RESISTANCE","","POST_BANKA_EFUSE_RESISTANCE_UNBLOWN_BIT26",490022,"",1,1,"ISEN_PS1600",12,"1102","","",65,"<=",68.2,"ohms","<=",200,"P",2.88209,***,"",
12,"POST_EFUSE_RESISTANCE","","POST_BANKA_EFUSE_RESISTANCE_BLOWN_BIT25",590023,"",1,1,"ISEN_PS1600",12,"1102","","",3500,"<=",69389.4,"ohms","<=",85000,"P",2.88209,***,"",
12,"POST_EFUSE_RESISTANCE","","POST_BANKA_EFUSE_RESISTANCE_BLOWN_BIT24",590024,"",1,1,"ISEN_PS1600",12,"1102","","",3500,"<=",69605.8,"ohms","<=",85000,"P",2.88625,***,"",
12,"POST_EFUSE_RESISTANCE","","POST_BANKA_EFUSE_RESISTANCE_UNBLOWN_BIT23",490025,"",1,1,"ISEN_PS1600",12,"1102","","",65,"<=",102.4,"ohms","<=",200,"P",2.88735,***,"",
12,"POST_EFUSE_RESISTANCE","","POST_BANKA_EFUSE_RESISTANCE_UNBLOWN_BIT22",490026,"",1,1,"ISEN_PS1600",12,"1102","","",65,"<=",102.4,"ohms","<=",200,"P",2.88564,***,"",
12,"POST_EFUSE_RESISTANCE","","POST_BANKA_EFUSE_RESISTANCE_UNBLOWN_BIT21",490027,"",1,1,"ISEN_PS1600",12,"1102","","",65,"<=",102.4,"ohms","<=",200,"P",2.88425,***,"",
12,"POST_EFUSE_RESISTANCE","","POST_BANKA_EFUSE_RESISTANCE_UNBLOWN_BIT20",490028,"",1,1,"ISEN_PS1600",12,"1102","","",65,"<=",91,"ohms","<=",200,"P",2.88425,***,"",
12,"POST_EFUSE_RESISTANCE","","POST_BANKA_EFUSE_RESISTANCE_UNBLOWN_BIT19",490029,"",1,1,"ISEN_PS1600",12,"1102","","",65,"<=",68.2,"ohms","<=",200,"P",2.88425,***,"",
12,"POST_EFUSE_RESISTANCE","","POST_BANKA_EFUSE_RESISTANCE_UNBLOWN_BIT18",490030,"",1,1,"ISEN_PS1600",12,"1102","","",65,"<=",56.8,"ohms","<=",200,"F",2.88482,***,"",
13,"CONTINUITY","","CONTINUITY",10030,"",1,1,"EN0_PS1600",13,"1140","","",-500,"<=",-367.816,"mV","<=",-300,"P",0.132977,***,"",
13,"CONTINUITY","","CONTINUITY",10020,"",1,1,"FAULTB_PS1600",13,"1140","","",-500,"<=",-419.777,"mV","<=",-300,"P",0.132977,***,"",
13,"CONTINUITY","","CONTINUITY",10050,"",1,1,"FCB_PS1600",13,"1140","","",-500,"<=",-367.88,"mV","<=",-300,"P",0.132977,***,"",
13,"CONTINUITY","","CONTINUITY",10090,"",1,1,"ISEN_PS1600",13,"1140","","",-500,"<=",-354.666,"mV","<=",-300,"P",0.132977,***,"",
13,"CONTINUITY","","CONTINUITY",10080,"",1,1,"ITRIP_PS1600",13,"1140","","",-500,"<=",-369.986,"mV","<=",-300,"P",0.132977,***,"",
13,"CONTINUITY","","CONTINUITY",10040,"",1,1,"OFF_PS1600",13,"1140","","",-500,"<=",-360.88,"mV","<=",-300,"P",0.132977,***,"",
13,"CONTINUITY","","CONTINUITY",10010,"",1,1,"SS_PS1600",13,"1140","","",-500,"<=",-445.414,"mV","<=",-300,"P",0.132977,***,"",
13,"CONTINUITY","","CONTINUITY",10070,"",1,1,"VBIAS_PS1600",13,"1140","","",-500,"<=",-293.376,"mV","<=",-200,"P",0.132977,***,"",
13,"CONTINUITY","","CONTINUITY",10060,"",1,1,"GND_PS1600",13,"1140","","",-500,"<=",-354.666,"mV","<=",-300,"P",0.132977,***,"",
13,"CONTINUITY","","CONTINUITY",10180,"",1,1,"VIN1",13,"1140","","",-360,"<=",-342.228,"mV","<=",-300,"P",0.132977,***,"",
13,"CONTINUITY","","CONTINUITY",10190,"",1,1,"VIN2",13,"1140","","",-360,"<=",-342.823,"mV","<=",-300,"P",0.132977,***,"",
13,"CONTINUITY","","CONTINUITY",10200,"",1,1,"VIN3",13,"1140","","",-360,"<=",-342.421,"mV","<=",-300,"P",0.132977,***,"",
13,"CONTINUITY","","CONTINUITY",10210,"",1,1,"VIN4_RS1",13,"1140","","",-360,"<=",-342.611,"mV","<=",-300,"P",0.132977,***,"",
13,"CONTINUITY","","CONTINUITY",10220,"",1,1,"VIN4_RS2",13,"1140","","",-360,"<=",-342.686,"mV","<=",-300,"P",0.132977,***,"",
13,"CONTINUITY","","CONTINUITY",10230,"",1,1,"VIN5_RS1",13,"1140","","",-360,"<=",-342.649,"mV","<=",-300,"P",0.132977,***,"",
13,"CONTINUITY","","CONTINUITY",10240,"",1,1,"VIN5_RS2",13,"1140","","",-360,"<=",-342.789,"mV","<=",-300,"P",0.132977,***,"",
13,"CONTINUITY","","CONTINUITY",10250,"",1,1,"VIN6",13,"1140","","",-360,"<=",-342.716,"mV","<=",-300,"P",0.132977,***,"",
13,"CONTINUITY","","CONTINUITY",10100,"",1,1,"VOUT1",13,"1140","","",-300,"<=",-223.463,"mV","<=",-200,"P",0.132977,***,"",
13,"CONTINUITY","","CONTINUITY",10110,"",1,1,"VOUT2_RS1",13,"1140","","",-300,"<=",-223.827,"mV","<=",-200,"P",0.132977,***,"",
13,"CONTINUITY","","CONTINUITY",10120,"",1,1,"VOUT2_RS2",13,"1140","","",-300,"<=",-223.602,"mV","<=",-200,"P",0.132977,***,"",
13,"CONTINUITY","","CONTINUITY",10130,"",1,1,"VOUT3_RS1",13,"1140","","",-300,"<=",-223.869,"mV","<=",-200,"P",0.132977,***,"",
13,"CONTINUITY","","CONTINUITY",10140,"",1,1,"VOUT3_RS2",13,"1140","","",-300,"<=",-223.787,"mV","<=",-200,"P",0.132977,***,"",
13,"CONTINUITY","","CONTINUITY",10150,"",1,1,"VOUT4",13,"1140","","",-300,"<=",-223.631,"mV","<=",-200,"P",0.132977,***,"",
13,"CONTINUITY","","CONTINUITY",10160,"",1,1,"VOUT5",13,"1140","","",-300,"<=",-223.612,"mV","<=",-200,"P",0.132977,***,"",
13,"CONTINUITY","","CONTINUITY",10170,"",1,1,"VOUT6",13,"1140","","",-300,"<=",-223.618,"mV","<=",-200,"P",0.132977,***,"",
13,"Pin_to_Pin_Leakage","","PIN_TO_PIN_POS_LEAKAGE_PIN",20010,"",1,1,"FAULTB_PS1600",13,"1140","","",-200,"<=",-5.63127,"nA","<=",200,"P",0.416773,***,"",
13,"Pin_to_Pin_Leakage","","PIN_TO_PIN_NEG_LEAKAGE_PIN",20110,"",1,1,"FAULTB_PS1600",13,"1140","","",-200,"<=",-5.63127,"nA","<=",200,"P",0.416773,***,"",
13,"Pin_to_Pin_Leakage","","PIN_TO_PIN_POS_LEAKAGE_PIN",20020,"",1,1,"ITRIP_PS1600",13,"1140","","",-200,"<=",-10.4246,"nA","<=",200,"P",0.416773,***,"",
13,"Pin_to_Pin_Leakage","","PIN_TO_PIN_NEG_LEAKAGE_PIN",20120,"",1,1,"ITRIP_PS1600",13,"1140","","",-200,"<=",-10.4246,"nA","<=",200,"P",0.416773,***,"",
13,"Pin_to_Pin_Leakage","","PIN_TO_PIN_POS_LEAKAGE_PIN",20030,"",1,1,"OFF_PS1600",13,"1140","","",-200,"<=",-8.12713,"nA","<=",200,"P",0.416773,***,"",
13,"Pin_to_Pin_Leakage","","PIN_TO_PIN_NEG_LEAKAGE_PIN",20130,"",1,1,"OFF_PS1600",13,"1140","","",-200,"<=",-8.12713,"nA","<=",200,"P",0.416773,***,"",
13,"Pin_to_Pin_Leakage","","PIN_TO_PIN_POS_LEAKAGE_PIN",20040,"",1,1,"SS_PS1600",13,"1140","","",-200,"<=",-10.8426,"nA","<=",200,"P",0.416773,***,"",
13,"Pin_to_Pin_Leakage","","PIN_TO_PIN_NEG_LEAKAGE_PIN",20140,"",1,1,"SS_PS1600",13,"1140","","",-200,"<=",-10.8426,"nA","<=",200,"P",0.416773,***,"",
13,"Pin_to_Pin_Leakage","","PIN_TO_PIN_POS_LEAKAGE_PIN",20050,"",1,1,"VIN1",13,"1140","","",10,"<=",300.872,"nA","<=",500,"P",0.416773,***,"",
13,"Pin_to_Pin_Leakage","","PIN_TO_PIN_NEG_LEAKAGE_PIN",20150,"",1,1,"VIN1",13,"1140","","",-500,"<=",-294.491,"nA","<=",-10,"P",0.416773,***,"",
13,"Pin_to_Pin_Leakage","","PIN_TO_PIN_POS_LEAKAGE_PIN",20060,"",1,1,"VOUT1",13,"1140","","",10,"<=",298.987,"nA","<=",500,"P",0.416773,***,"",
13,"Pin_to_Pin_Leakage","","PIN_TO_PIN_NEG_LEAKAGE_PIN",20160,"",1,1,"VOUT1",13,"1140","","",-500,"<=",-300.861,"nA","<=",-10,"P",0.416773,***,"",
13,"Pin_to_Pin_Leakage","","PIN_TO_PIN_POS_LEAKAGE_PIN",20070,"",1,1,"EN0_PS1600",13,"1140","","",300,"<=",509.287,"nA","<=",700,"P",0.416773,***,"",
13,"Pin_to_Pin_Leakage","","PIN_TO_PIN_NEG_LEAKAGE_PIN",20170,"",1,1,"EN0_PS1600",13,"1140","","",-700,"<=",-513.715,"nA","<=",-300,"P",0.416773,***,"",
13,"Pin_to_Pin_Leakage","","PIN_TO_PIN_POS_LEAKAGE_PIN",20080,"",1,1,"FCB_PS1600",13,"1140","","",-200,"<=",-0.515196,"nA","<=",200,"P",0.416773,***,"",
13,"Pin_to_Pin_Leakage","","PIN_TO_PIN_NEG_LEAKAGE_PIN",20180,"",1,1,"FCB_PS1600",13,"1140","","",-200,"<=",-4.96901,"nA","<=",200,"P",0.416773,***,"",
13,"Pin_to_Pin_Leakage","","PIN_TO_PIN_POS_LEAKAGE_PIN",20090,"",1,1,"ISEN_PS1600",13,"1140","","",-200,"<=",-0.874761,"nA","<=",200,"P",0.416773,***,"",
13,"Pin_to_Pin_Leakage","","PIN_TO_PIN_NEG_LEAKAGE_PIN",20190,"",1,1,"ISEN_PS1600",13,"1140","","",-200,"<=",-9.00844,"nA","<=",200,"P",0.416773,***,"",
13,"Pin_to_Pin_Leakage","","PIN_TO_PIN_POS_LEAKAGE_PIN_VBIAS_PS1600",20100,"",1,1,"VBIAS_PS1600",13,"1140","","",500,"<=",751,"nA","<=",1000,"P",0.416773,***,"",
13,"Pin_to_Pin_Leakage","","PIN_TO_PIN_NEG_LEAKAGE_PIN_VBIAS_PS1600",20200,"",1,1,"VBIAS_PS1600",13,"1140","","",-1000,"<=",-844,"nA","<=",-500,"P",0.416773,***,"",
13,"IVDDFL_IVINFL_RONFL","","RON_200mAVDD_5_VIN_5_20V_Part",90050,"",1,1,"VIN1",13,"1140","","",0.01,"<=",0.0231832,"ohm","<=",0.03,"P",0.034414,***,"",
13,"IVDDFL_IVINFL_RONFL","","DEVICE_VARIENT_TRUE",90060,"",1,1,"VIN1",13,"1140","","",0.5,"<=",1,"","<=",1.5,"P",0.034414,***,"",
13,"Fuse_Burn_Check","","BANKA_BIT5_BLOWN_TRUE",1000001,"",1,1,"OFF_PS1600",13,"1140","","",0,"<=",1,"","<=",1,"P",0.0995141,***,"",
13,"Gross_Functional_EN_FCB_FAULTB_OFF","","EN_FCB_LOW_VOUT_LOW",30010,"",1,1,"VOUT4",13,"1140","","",-0.001,"<=",0.0178757,"V","<=",1,"P",0.231374,***,"",
13,"Gross_Functional_EN_FCB_FAULTB_OFF","","EN_FCB_LOW_OFF_HIGH",30020,"",1,1,"OFF_PS1600",13,"1140","","",1.6,"<=",1.80178,"V","<=",2.3,"P",0.231374,***,"",
13,"Gross_Functional_EN_FCB_FAULTB_OFF","","FCB_LOW_VOUT_LOW",30030,"",1,1,"VOUT4",13,"1140","","",-0.001,"<=",0.00100327,"V","<=",0.5,"P",0.231374,***,"",
13,"Gross_Functional_EN_FCB_FAULTB_OFF","","FCB_LOW_OFF_HIGH",30040,"",1,1,"OFF_PS1600",13,"1140","","",1.6,"<=",1.80275,"V","<=",2.3,"P",0.231374,***,"",
13,"Gross_Functional_EN_FCB_FAULTB_OFF","","EN_LOW_VOUT_LOW",30050,"",1,1,"VOUT4",13,"1140","","",-0.001,"<=",0.000953674,"V","<=",0.5,"P",0.231374,***,"",
13,"Gross_Functional_EN_FCB_FAULTB_OFF","","EN_LOW_OFF_HIGH",30060,"",1,1,"OFF_PS1600",13,"1140","","",1.6,"<=",1.80178,"V","<=",2.3,"P",0.231374,***,"",
13,"Gross_Functional_EN_FCB_FAULTB_OFF","","EN_FCB_HIGH_VOUT_HIGH",30070,"",1,1,"VOUT4",13,"1140","","",4.85,"<=",4.99983,"V","<=",5.1,"P",0.231374,***,"",
13,"Gross_Functional_EN_FCB_FAULTB_OFF","","EN_FCB_HIGH_OFF_LOW",30080,"",1,1,"OFF_PS1600",13,"1140","","",-0.001,"<=",0.000714269,"V","<=",0.5,"P",0.231374,***,"",
13,"Gross_Functional_EN_FCB_FAULTB_OFF","","FAULT_SET_VOUT_LOW",30090,"",1,1,"VOUT4",13,"1140","","",-0.001,"<=",0.000551224,"V","<=",0.5,"P",0.231374,***,"",
13,"Gross_Functional_EN_FCB_FAULTB_OFF","","FAULT_SET_OFF_HIGH",30100,"",1,1,"OFF_PS1600",13,"1140","","",1.6,"<=",1.84657,"V","<=",2.3,"P",0.231374,***,"",
13,"Gross_Functional_EN_FCB_FAULTB_OFF","","FAULT_RESET_VOUT_HIGH",30110,"",1,1,"VOUT4",13,"1140","","",4.85,"<=",4.99977,"V","<=",5.1,"P",0.231374,***,"",
13,"Gross_Functional_EN_FCB_FAULTB_OFF","","FAULT_RESET_OFF_LOW",30120,"",1,1,"OFF_PS1600",13,"1140","","",0,"<=",0.000657352,"V","<=",0.5,"P",0.231374,***,"",
13,"Output_disabled_leakage","","IVDDDIS_VDD_3_VIN_3",40010,"",1,1,"VDD",13,"1140","","",10,"<=",101.107,"uA","<=",166.5,"P",0.10165,***,"",
13,"Output_disabled_leakage","","IVINDIS_VDD_3_VIN_3",40050,"",1,1,"VIN1",13,"1140","","",10,"<=",68.6748,"uA","<=",166.5,"P",0.10165,***,"",
13,"Output_disabled_leakage","","IOFF_VDD_3_VIN_3",40090,"",1,1,"VOUT4",13,"1140","","",-14,"<=",-1.46638,"uA","<=",11,"P",0.10165,***,"",
13,"Output_disabled_leakage","","IVDDDIS_VDD_3_VIN_20",40020,"",1,1,"VDD",13,"1140","","",10,"<=",96.608,"uA","<=",166.5,"P",0.10165,***,"",
13,"Output_disabled_leakage","","IVINDIS_VDD_3_VIN_20",40060,"",1,1,"VIN1",13,"1140","","",10,"<=",94.3588,"uA","<=",166.5,"P",0.10165,***,"",
13,"Output_disabled_leakage","","IOFF_VDD_3_VIN_20",40100,"",1,1,"VOUT4",13,"1140","","",-14,"<=",-1.73012,"uA","<=",11,"P",0.10165,***,"",
13,"Output_disabled_leakage","","IVINVDD0_VIN_3",40130,"",1,1,"VIN1",13,"1140","","",10,"<=",69.0306,"uA","<=",166.5,"P",0.10165,***,"",
13,"Output_disabled_leakage","","IOFFVDD0_VIN_3",40150,"",1,1,"VOUT4",13,"1140","","",-14,"<=",-1.22712,"uA","<=",11,"P",0.10165,***,"",
13,"Output_disabled_leakage","","IVDDDIS_VDD_20_VIN_3",40030,"",1,1,"VDD",13,"1140","","",10,"<=",150.032,"uA","<=",166.5,"P",0.10165,***,"",
13,"Output_disabled_leakage","","IVINDIS_VDD_20_VIN_3",40070,"",1,1,"VIN1",13,"1140","","",10,"<=",68.6822,"uA","<=",166.5,"P",0.10165,***,"",
13,"Output_disabled_leakage","","IOFF_VDD_20_VIN_3",40110,"",1,1,"VOUT4",13,"1140","","",-14,"<=",-1.54851,"uA","<=",11,"P",0.10165,***,"",
13,"Output_disabled_leakage","","IVDDDIS_VDD_20_VIN_20",40040,"",1,1,"VDD",13,"1140","","",10,"<=",133.391,"uA","<=",166.5,"P",0.10165,***,"",
13,"Output_disabled_leakage","","IVINDIS_VDD_20_VIN_20",40080,"",1,1,"VIN1",13,"1140","","",10,"<=",92.9385,"uA","<=",166.5,"P",0.10165,***,"",
13,"Output_disabled_leakage","","IOFF_VDD_20_VIN_20",40120,"",1,1,"VOUT4",13,"1140","","",-14,"<=",-1.36318,"uA","<=",11,"P",0.10165,***,"",
13,"Output_disabled_leakage","","IVINVDD0_VIN_20",40140,"",1,1,"VIN1",13,"1140","","",10,"<=",113.538,"uA","<=",166.5,"P",0.10165,***,"",
13,"Output_disabled_leakage","","IOFFVDD0_VIN_20",40160,"",1,1,"VOUT4",13,"1140","","",-14,"<=",-2.0981,"uA","<=",11,"P",0.10165,***,"",
13,"EN_pullup_resistor","","EN0V_PULLUP_RES",50010,"",1,1,"EN0_PS1600",13,"1140","","",155,"<=",196.575,"Kohm","<=",230,"P",0.0272827,***,"",
13,"EN_pullup_resistor","","EN1V_PULLUP_RES",50020,"",1,1,"EN0_PS1600",13,"1140","","",155,"<=",197.758,"Kohm","<=",230,"P",0.0272827,***,"",
13,"EN_pullup_resistor","","EN0V_Current",50030,"",1,1,"EN0_PS1600",13,"1140","","",-11,"<=",-9.15681,"uA","<=",-7,"P",0.0272827,***,"",
13,"EN_pullup_resistor","","EN1V_Current",50040,"",1,1,"EN0_PS1600",13,"1140","","",-5.5,"<=",-4.04536,"uA","<=",-3,"P",0.0272827,***,"",
13,"Leakage_Test","","IOFF_REVERSE_VOUT_VIN_LEAKAGE_1mA",60030,"",1,1,"VIN",13,"1140","","",-331,"<=",-265.112,"mV","<=",-205,"P",0.0588329,***,"",
13,"Leakage_Test","","IOFF_REVERSE_VOUT_VIN_LEAKAGE_10mA",60040,"",1,1,"VIN",13,"1140","","",-340,"<=",-327.757,"mV","<=",-205,"P",0.0588329,***,"",
13,"Leakage_Test","","IOFF_REVERSE_VOUT_VIN_LEAKAGE_100mA",60050,"",1,1,"VIN",13,"1140","","",-331,"<=",-205.893,"mV","<=",-205,"P",0.0588329,***,"",
13,"Nominal_Input_pin_Leakages","","LEAKAGE",70010,"",1,1,"EN0_PS1600",13,"1140","","",10,"<=",24.6436,"uA","<=",40,"P",0.139807,***,"",
13,"Nominal_Input_pin_Leakages","","LEAKAGE",70060,"",1,1,"FAULTB_PS1600",13,"1140","","",-0.2,"<=",0.00388462,"uA","<=",0.2,"P",0.139807,***,"",
13,"Nominal_Input_pin_Leakages","","LEAKAGE",70020,"",1,1,"FCB_PS1600",13,"1140","","",-0.5,"<=",0.11181,"uA","<=",0.5,"P",0.139807,***,"",
13,"Nominal_Input_pin_Leakages","","LEAKAGE",70040,"",1,1,"ISEN_PS1600",13,"1140","","",24,"<=",26.9509,"uA","<=",50,"P",0.139807,***,"",
13,"Nominal_Input_pin_Leakages","","LEAKAGE",70030,"",1,1,"ITRIP_PS1600",13,"1140","","",14,"<=",16.5777,"uA","<=",25,"P",0.139807,***,"",
13,"Nominal_Input_pin_Leakages","","LEAKAGE",70080,"",1,1,"OFF_PS1600",13,"1140","","",-0.2,"<=",0.100011,"uA","<=",0.5,"P",0.139807,***,"",
13,"Nominal_Input_pin_Leakages","","LEAKAGE",70050,"",1,1,"SS_PS1600",13,"1140","","",20,"<=",50.7377,"uA","<=",70,"P",0.139807,***,"",
13,"Nominal_Input_pin_Leakages","","LEAKAGE",70070,"",1,1,"VBIAS_PS1600",13,"1140","","",5,"<=",28.313,"uA","<=",40,"P",0.139807,***,"",
13,"Nominal_Input_pin_Leakages","","LEAKAGE_2V",70090,"",1,1,"OFF_PS1600",13,"1140","","",-0.5,"<=",0.0683866,"uA","<=",0.5,"P",0.139807,***,"",
13,"Output_enabled_leakage","","IVDD_VDD_3_Vin_3",80001,"",1,1,"VDD",13,"1140","","",10,"<=",95.3777,"uA","<=",130,"P",0.495899,***,"",
13,"Output_enabled_leakage","","IVIN_VDD_3_Vin_3",80005,"",1,1,"VIN1",13,"1140","","",10,"<=",53.9781,"uA","<=",75,"P",0.495899,***,"",
13,"Output_enabled_leakage","","IVDD_VDD_3_Vin_20",80010,"",1,1,"VDD",13,"1140","","",10,"<=",99.5919,"uA","<=",150,"P",0.495899,***,"",
13,"Output_enabled_leakage","","IVIN_VDD_3_Vin_20",80014,"",1,1,"VIN1",13,"1140","","",10,"<=",84.3415,"uA","<=",120,"P",0.495899,***,"",
13,"Output_enabled_leakage","","IVDD_VDD_20_Vin_3",80011,"",1,1,"VDD",13,"1140","","",10,"<=",116.771,"uA","<=",150,"P",0.495899,***,"",
13,"Output_enabled_leakage","","IVIN_VDD_20_Vin_3",80015,"",1,1,"VIN1",13,"1140","","",10,"<=",53.9552,"uA","<=",75,"P",0.495899,***,"",
13,"Output_enabled_leakage","","IVDD_VDD_20_Vin_20",80012,"",1,1,"VDD",13,"1140","","",10,"<=",115.965,"uA","<=",175,"P",0.495899,***,"",
13,"Output_enabled_leakage","","IVIN_VDD_20_Vin_20",80016,"",1,1,"VIN1",13,"1140","","",10,"<=",83.0228,"uA","<=",120,"P",0.495899,***,"",
13,"SCAN","","Scan_test",330010,"_rdi_burst_SCAN_bk4_mp",1,1,"@",13,"1140","","",***,"",***," ","",***,"P",0.0437546,***,"",
13,"Logic","","Logic_test",340010,"_rdi_burst_Logic_bk6_mp",1,1,"@",13,"1140","","",***,"",***," ","",***,"P",0.279346,***,"",
13,"POST_EFUSE_RESISTANCE","","POST_BANKA_EFUSE_RESISTANCE_BLOWN_BIT47",590001,"",1,1,"ISEN_PS1600",13,"1140","","",3500,"<=",69059.2,"ohms","<=",85000,"P",3.61603,***,"",
13,"POST_EFUSE_RESISTANCE","","POST_BANKA_EFUSE_RESISTANCE_BLOWN_BIT46",590002,"",1,1,"ISEN_PS1600",13,"1140","","",3500,"<=",69104.8,"ohms","<=",85000,"P",3.6658,***,"",
13,"POST_EFUSE_RESISTANCE","","POST_BANKA_EFUSE_RESISTANCE_UNBLOWN_BIT45",490003,"",1,1,"ISEN_PS1600",13,"1140","","",65,"<=",91.2,"ohms","<=",200,"P",3.72201,***,"",
13,"POST_EFUSE_RESISTANCE","","POST_BANKA_EFUSE_RESISTANCE_BLOWN_BIT44",590004,"",1,1,"ISEN_PS1600",13,"1140","","",3500,"<=",69070.6,"ohms","<=",85000,"P",2.88429,***,"",
13,"POST_EFUSE_RESISTANCE","","POST_BANKA_EFUSE_RESISTANCE_UNBLOWN_BIT43",490005,"",1,1,"ISEN_PS1600",13,"1140","","",65,"<=",68.4,"ohms","<=",200,"P",2.88802,***,"",
13,"POST_EFUSE_RESISTANCE","","POST_BANKA_EFUSE_RESISTANCE_BLOWN_BIT42",590006,"",1,1,"ISEN_PS1600",13,"1140","","",3500,"<=",68069,"ohms","<=",85000,"P",2.88801,***,"",
13,"POST_EFUSE_RESISTANCE","","POST_BANKA_EFUSE_RESISTANCE_BLOWN_BIT41",590007,"",1,1,"ISEN_PS1600",13,"1140","","",3500,"<=",69104.8,"ohms","<=",85000,"P",2.88801,***,"",
13,"POST_EFUSE_RESISTANCE","","POST_BANKA_EFUSE_RESISTANCE_BLOWN_BIT40",590008,"",1,1,"ISEN_PS1600",13,"1140","","",3500,"<=",69093.4,"ohms","<=",85000,"P",2.88392,***,"",
13,"POST_EFUSE_RESISTANCE","","POST_BANKA_EFUSE_RESISTANCE_UNBLOWN_BIT39",490009,"",1,1,"ISEN_PS1600",13,"1140","","",65,"<=",57,"ohms","<=",200,"F",2.88323,***,"",
14,"CONTINUITY","","CONTINUITY",10030,"",1,1,"EN0_PS1600",14,"893","","",-500,"<=",-358.373,"mV","<=",-300,"P",0.132977,***,"",
14,"CONTINUITY","","CONTINUITY",10020,"",1,1,"FAULTB_PS1600",14,"893","","",-500,"<=",-416.817,"mV","<=",-300,"P",0.132977,***,"",
14,"CONTINUITY","","CONTINUITY",10050,"",1,1,"FCB_PS1600",14,"893","","",-500,"<=",-357.806,"mV","<=",-300,"P",0.132977,***,"",
14,"CONTINUITY","","CONTINUITY",10090,"",1,1,"ISEN_PS1600",14,"893","","",-500,"<=",-344.193,"mV","<=",-300,"P",0.132977,***,"",
14,"CONTINUITY","","CONTINUITY",10080,"",1,1,"ITRIP_PS1600",14,"893","","",-500,"<=",-359.457,"mV","<=",-300,"P",0.132977,***,"",
14,"CONTINUITY","","CONTINUITY",10040,"",1,1,"OFF_PS1600",14,"893","","",-500,"<=",-353.367,"mV","<=",-300,"P",0.132977,***,"",
14,"CONTINUITY","","CONTINUITY",10010,"",1,1,"SS_PS1600",14,"893","","",-500,"<=",-444.276,"mV","<=",-300,"P",0.132977,***,"",
14,"CONTINUITY","","CONTINUITY",10070,"",1,1,"VBIAS_PS1600",14,"893","","",-500,"<=",-298.726,"mV","<=",-200,"P",0.132977,***,"",
14,"CONTINUITY","","CONTINUITY",10060,"",1,1,"GND_PS1600",14,"893","","",-500,"<=",-354.438,"mV","<=",-300,"P",0.132977,***,"",
14,"CONTINUITY","","CONTINUITY",10180,"",1,1,"VIN1",14,"893","","",-360,"<=",-341.345,"mV","<=",-300,"P",0.132977,***,"",
14,"CONTINUITY","","CONTINUITY",10190,"",1,1,"VIN2",14,"893","","",-360,"<=",-342.003,"mV","<=",-300,"P",0.132977,***,"",
14,"CONTINUITY","","CONTINUITY",10200,"",1,1,"VIN3",14,"893","","",-360,"<=",-341.797,"mV","<=",-300,"P",0.132977,***,"",
14,"CONTINUITY","","CONTINUITY",10210,"",1,1,"VIN4_RS1",14,"893","","",-360,"<=",-341.53,"mV","<=",-300,"P",0.132977,***,"",
14,"CONTINUITY","","CONTINUITY",10220,"",1,1,"VIN4_RS2",14,"893","","",-360,"<=",-341.768,"mV","<=",-300,"P",0.132977,***,"",
14,"CONTINUITY","","CONTINUITY",10230,"",1,1,"VIN5_RS1",14,"893","","",-360,"<=",-341.78,"mV","<=",-300,"P",0.132977,***,"",
14,"CONTINUITY","","CONTINUITY",10240,"",1,1,"VIN5_RS2",14,"893","","",-360,"<=",-341.745,"mV","<=",-300,"P",0.132977,***,"",
14,"CONTINUITY","","CONTINUITY",10250,"",1,1,"VIN6",14,"893","","",-360,"<=",-341.64,"mV","<=",-300,"P",0.132977,***,"",
14,"CONTINUITY","","CONTINUITY",10100,"",1,1,"VOUT1",14,"893","","",-300,"<=",-223.719,"mV","<=",-200,"P",0.132977,***,"",
14,"CONTINUITY","","CONTINUITY",10110,"",1,1,"VOUT2_RS1",14,"893","","",-300,"<=",-223.518,"mV","<=",-200,"P",0.132977,***,"",
14,"CONTINUITY","","CONTINUITY",10120,"",1,1,"VOUT2_RS2",14,"893","","",-300,"<=",-223.255,"mV","<=",-200,"P",0.132977,***,"",
14,"CONTINUITY","","CONTINUITY",10130,"",1,1,"VOUT3_RS1",14,"893","","",-300,"<=",-223.742,"mV","<=",-200,"P",0.132977,***,"",
14,"CONTINUITY","","CONTINUITY",10140,"",1,1,"VOUT3_RS2",14,"893","","",-300,"<=",-223.265,"mV","<=",-200,"P",0.132977,***,"",
14,"CONTINUITY","","CONTINUITY",10150,"",1,1,"VOUT4",14,"893","","",-300,"<=",-223.536,"mV","<=",-200,"P",0.132977,***,"",
14,"CONTINUITY","","CONTINUITY",10160,"",1,1,"VOUT5",14,"893","","",-300,"<=",-223.619,"mV","<=",-200,"P",0.132977,***,"",
14,"CONTINUITY","","CONTINUITY",10170,"",1,1,"VOUT6",14,"893","","",-300,"<=",-223.627,"mV","<=",-200,"P",0.132977,***,"",
14,"Pin_to_Pin_Leakage","","PIN_TO_PIN_POS_LEAKAGE_PIN",20010,"",1,1,"FAULTB_PS1600",14,"893","","",-200,"<=",-7.91642,"nA","<=",200,"P",0.416773,***,"",
14,"Pin_to_Pin_Leakage","","PIN_TO_PIN_NEG_LEAKAGE_PIN",20110,"",1,1,"FAULTB_PS1600",14,"893","","",-200,"<=",-7.91642,"nA","<=",200,"P",0.416773,***,"",
14,"Pin_to_Pin_Leakage","","PIN_TO_PIN_POS_LEAKAGE_PIN",20020,"",1,1,"ITRIP_PS1600",14,"893","","",-200,"<=",-11.6954,"nA","<=",200,"P",0.416773,***,"",
14,"Pin_to_Pin_Leakage","","PIN_TO_PIN_NEG_LEAKAGE_PIN",20120,"",1,1,"ITRIP_PS1600",14,"893","","",-200,"<=",-11.6954,"nA","<=",200,"P",0.416773,***,"",
14,"Pin_to_Pin_Leakage","","PIN_TO_PIN_POS_LEAKAGE_PIN",20030,"",1,1,"OFF_PS1600",14,"893","","",-200,"<=",-11.3003,"nA","<=",200,"P",0.416773,***,"",
14,"Pin_to_Pin_Leakage","","PIN_TO_PIN_NEG_LEAKAGE_PIN",20130,"",1,1,"OFF_PS1600",14,"893","","",-200,"<=",-11.3003,"nA","<=",200,"P",0.416773,***,"",
14,"Pin_to_Pin_Leakage","","PIN_TO_PIN_POS_LEAKAGE_PIN",20040,"",1,1,"SS_PS1600",14,"893","","",-200,"<=",-12.1706,"nA","<=",200,"P",0.416773,***,"",
14,"Pin_to_Pin_Leakage","","PIN_TO_PIN_NEG_LEAKAGE_PIN",20140,"",1,1,"SS_PS1600",14,"893","","",-200,"<=",-12.1706,"nA","<=",200,"P",0.416773,***,"",
14,"Pin_to_Pin_Leakage","","PIN_TO_PIN_POS_LEAKAGE_PIN",20050,"",1,1,"VIN1",14,"893","","",10,"<=",301.749,"nA","<=",500,"P",0.416773,***,"",
14,"Pin_to_Pin_Leakage","","PIN_TO_PIN_NEG_LEAKAGE_PIN",20150,"",1,1,"VIN1",14,"893","","",-500,"<=",-299.06,"nA","<=",-10,"P",0.416773,***,"",
14,"Pin_to_Pin_Leakage","","PIN_TO_PIN_POS_LEAKAGE_PIN",20060,"",1,1,"VOUT1",14,"893","","",10,"<=",299.828,"nA","<=",500,"P",0.416773,***,"",
14,"Pin_to_Pin_Leakage","","PIN_TO_PIN_NEG_LEAKAGE_PIN",20160,"",1,1,"VOUT1",14,"893","","",-500,"<=",-302.385,"nA","<=",-10,"P",0.416773,***,"",
14,"Pin_to_Pin_Leakage","","PIN_TO_PIN_POS_LEAKAGE_PIN",20070,"",1,1,"EN0_PS1600",14,"893","","",300,"<=",512.932,"nA","<=",700,"P",0.416773,***,"",
14,"Pin_to_Pin_Leakage","","PIN_TO_PIN_NEG_LEAKAGE_PIN",20170,"",1,1,"EN0_PS1600",14,"893","","",-700,"<=",-518.746,"nA","<=",-300,"P",0.416773,***,"",
14,"Pin_to_Pin_Leakage","","PIN_TO_PIN_POS_LEAKAGE_PIN",20080,"",1,1,"FCB_PS1600",14,"893","","",-200,"<=",0.09287,"nA","<=",200,"P",0.416773,***,"",
14,"Pin_to_Pin_Leakage","","PIN_TO_PIN_NEG_LEAKAGE_PIN",20180,"",1,1,"FCB_PS1600",14,"893","","",-200,"<=",-7.75598,"nA","<=",200,"P",0.416773,***,"",
14,"Pin_to_Pin_Leakage","","PIN_TO_PIN_POS_LEAKAGE_PIN",20090,"",1,1,"ISEN_PS1600",14,"893","","",-200,"<=",-0.0563175,"nA","<=",200,"P",0.416773,***,"",
14,"Pin_to_Pin_Leakage","","PIN_TO_PIN_NEG_LEAKAGE_PIN",20190,"",1,1,"ISEN_PS1600",14,"893","","",-200,"<=",-13.6122,"nA","<=",200,"P",0.416773,***,"",
14,"Pin_to_Pin_Leakage","","PIN_TO_PIN_POS_LEAKAGE_PIN_VBIAS_PS1600",20100,"",1,1,"VBIAS_PS1600",14,"893","","",500,"<=",737,"nA","<=",1000,"P",0.416773,***,"",
14,"Pin_to_Pin_Leakage","","PIN_TO_PIN_NEG_LEAKAGE_PIN_VBIAS_PS1600",20200,"",1,1,"VBIAS_PS1600",14,"893","","",-1000,"<=",-809,"nA","<=",-500,"P",0.416773,***,"",
14,"IVDDFL_IVINFL_RONFL","","RON_200mAVDD_5_VIN_5_20V_Part",90050,"",1,1,"VIN1",14,"893","","",0.01,"<=",0.0233561,"ohm","<=",0.03,"P",0.034414,***,"",
14,"IVDDFL_IVINFL_RONFL","","DEVICE_VARIENT_TRUE",90060,"",1,1,"VIN1",14,"893","","",0.5,"<=",1,"","<=",1.5,"P",0.034414,***,"",
14,"Fuse_Burn_Check","","BANKA_BIT5_BLOWN_TRUE",1000001,"",1,1,"OFF_PS1600",14,"893","","",0,"<=",1,"","<=",1,"P",0.0995141,***,"",
14,"Gross_Functional_EN_FCB_FAULTB_OFF","","EN_FCB_LOW_VOUT_LOW",30010,"",1,1,"VOUT4",14,"893","","",-0.001,"<=",0.0176525,"V","<=",1,"P",0.231374,***,"",
14,"Gross_Functional_EN_FCB_FAULTB_OFF","","EN_FCB_LOW_OFF_HIGH",30020,"",1,1,"OFF_PS1600",14,"893","","",1.6,"<=",1.79876,"V","<=",2.3,"P",0.231374,***,"",
14,"Gross_Functional_EN_FCB_FAULTB_OFF","","FCB_LOW_VOUT_LOW",30030,"",1,1,"VOUT4",14,"893","","",-0.001,"<=",0.000782013,"V","<=",0.5,"P",0.231374,***,"",
14,"Gross_Functional_EN_FCB_FAULTB_OFF","","FCB_LOW_OFF_HIGH",30040,"",1,1,"OFF_PS1600",14,"893","","",1.6,"<=",1.79962,"V","<=",2.3,"P",0.231374,***,"",
14,"Gross_Functional_EN_FCB_FAULTB_OFF","","EN_LOW_VOUT_LOW",30050,"",1,1,"VOUT4",14,"893","","",-0.001,"<=",0.000972748,"V","<=",0.5,"P",0.231374,***,"",
14,"Gross_Functional_EN_FCB_FAULTB_OFF","","EN_LOW_OFF_HIGH",30060,"",1,1,"OFF_PS1600",14,"893","","",1.6,"<=",1.79871,"V","<=",2.3,"P",0.231374,***,"",
14,"Gross_Functional_EN_FCB_FAULTB_OFF","","EN_FCB_HIGH_VOUT_HIGH",30070,"",1,1,"VOUT4",14,"893","","",4.85,"<=",5.00013,"V","<=",5.1,"P",0.231374,***,"",
14,"Gross_Functional_EN_FCB_FAULTB_OFF","","EN_FCB_HIGH_OFF_LOW",30080,"",1,1,"OFF_PS1600",14,"893","","",-0.001,"<=",0.000714269,"V","<=",0.5,"P",0.231374,***,"",
14,"Gross_Functional_EN_FCB_FAULTB_OFF","","FAULT_SET_VOUT_LOW",30090,"",1,1,"VOUT4",14,"893","","",-0.001,"<=",0.000375748,"V","<=",0.5,"P",0.231374,***,"",
14,"Gross_Functional_EN_FCB_FAULTB_OFF","","FAULT_SET_OFF_HIGH",30100,"",1,1,"OFF_PS1600",14,"893","","",1.6,"<=",1.84384,"V","<=",2.3,"P",0.231374,***,"",
14,"Gross_Functional_EN_FCB_FAULTB_OFF","","FAULT_RESET_VOUT_HIGH",30110,"",1,1,"VOUT4",14,"893","","",4.85,"<=",4.99971,"V","<=",5.1,"P",0.231374,***,"",
14,"Gross_Functional_EN_FCB_FAULTB_OFF","","FAULT_RESET_OFF_LOW",30120,"",1,1,"OFF_PS1600",14,"893","","",0,"<=",0.000714269,"V","<=",0.5,"P",0.231374,***,"",
14,"Output_disabled_leakage","","IVDDDIS_VDD_3_VIN_3",40010,"",1,1,"VDD",14,"893","","",10,"<=",101.344,"uA","<=",166.5,"P",0.10165,***,"",
14,"Output_disabled_leakage","","IVINDIS_VDD_3_VIN_3",40050,"",1,1,"VIN1",14,"893","","",10,"<=",68.32,"uA","<=",166.5,"P",0.10165,***,"",
14,"Output_disabled_leakage","","IOFF_VDD_3_VIN_3",40090,"",1,1,"VOUT4",14,"893","","",-14,"<=",-1.49909,"uA","<=",11,"P",0.10165,***,"",
14,"Output_disabled_leakage","","IVDDDIS_VDD_3_VIN_20",40020,"",1,1,"VDD",14,"893","","",10,"<=",106.775,"uA","<=",166.5,"P",0.10165,***,"",
14,"Output_disabled_leakage","","IVINDIS_VDD_3_VIN_20",40060,"",1,1,"VIN1",14,"893","","",10,"<=",92.2279,"uA","<=",166.5,"P",0.10165,***,"",
14,"Output_disabled_leakage","","IOFF_VDD_3_VIN_20",40100,"",1,1,"VOUT4",14,"893","","",-14,"<=",-1.27032,"uA","<=",11,"P",0.10165,***,"",
14,"Output_disabled_leakage","","IVINVDD0_VIN_3",40130,"",1,1,"VIN1",14,"893","","",10,"<=",68.4457,"uA","<=",166.5,"P",0.10165,***,"",
14,"Output_disabled_leakage","","IOFFVDD0_VIN_3",40150,"",1,1,"VOUT4",14,"893","","",-14,"<=",-1.26001,"uA","<=",11,"P",0.10165,***,"",
14,"Output_disabled_leakage","","IVDDDIS_VDD_20_VIN_3",40030,"",1,1,"VDD",14,"893","","",10,"<=",128.064,"uA","<=",166.5,"P",0.10165,***,"",
14,"Output_disabled_leakage","","IVINDIS_VDD_20_VIN_3",40070,"",1,1,"VIN1",14,"893","","",10,"<=",74.8392,"uA","<=",166.5,"P",0.10165,***,"",
14,"Output_disabled_leakage","","IOFF_VDD_20_VIN_3",40110,"",1,1,"VOUT4",14,"893","","",-14,"<=",-1.58633,"uA","<=",11,"P",0.10165,***,"",
14,"Output_disabled_leakage","","IVDDDIS_VDD_20_VIN_20",40040,"",1,1,"VDD",14,"893","","",10,"<=",130.676,"uA","<=",166.5,"P",0.10165,***,"",
14,"Output_disabled_leakage","","IVINDIS_VDD_20_VIN_20",40080,"",1,1,"VIN1",14,"893","","",10,"<=",98.384,"uA","<=",166.5,"P",0.10165,***,"",
14,"Output_disabled_leakage","","IOFF_VDD_20_VIN_20",40120,"",1,1,"VOUT4",14,"893","","",-14,"<=",-1.34329,"uA","<=",11,"P",0.10165,***,"",
14,"Output_disabled_leakage","","IVINVDD0_VIN_20",40140,"",1,1,"VIN1",14,"893","","",10,"<=",116.262,"uA","<=",166.5,"P",0.10165,***,"",
14,"Output_disabled_leakage","","IOFFVDD0_VIN_20",40160,"",1,1,"VOUT4",14,"893","","",-14,"<=",-2.13127,"uA","<=",11,"P",0.10165,***,"",
14,"EN_pullup_resistor","","EN0V_PULLUP_RES",50010,"",1,1,"EN0_PS1600",14,"893","","",155,"<=",196.138,"Kohm","<=",230,"P",0.0272827,***,"",
14,"EN_pullup_resistor","","EN1V_PULLUP_RES",50020,"",1,1,"EN0_PS1600",14,"893","","",155,"<=",196.889,"Kohm","<=",230,"P",0.0272827,***,"",
14,"EN_pullup_resistor","","EN0V_Current",50030,"",1,1,"EN0_PS1600",14,"893","","",-11,"<=",-9.17721,"uA","<=",-7,"P",0.0272827,***,"",
14,"EN_pullup_resistor","","EN1V_Current",50040,"",1,1,"EN0_PS1600",14,"893","","",-5.5,"<=",-4.06321,"uA","<=",-3,"P",0.0272827,***,"",
14,"Leakage_Test","","IOFF_REVERSE_VOUT_VIN_LEAKAGE_1mA",60030,"",1,1,"VIN",14,"893","","",-331,"<=",-265.354,"mV","<=",-205,"P",0.0588329,***,"",
14,"Leakage_Test","","IOFF_REVERSE_VOUT_VIN_LEAKAGE_10mA",60040,"",1,1,"VIN",14,"893","","",-340,"<=",-327.934,"mV","<=",-205,"P",0.0588329,***,"",
14,"Leakage_Test","","IOFF_REVERSE_VOUT_VIN_LEAKAGE_100mA",60050,"",1,1,"VIN",14,"893","","",-331,"<=",-205.893,"mV","<=",-205,"P",0.0588329,***,"",
14,"Nominal_Input_pin_Leakages","","LEAKAGE",70010,"",1,1,"EN0_PS1600",14,"893","","",10,"<=",25.1281,"uA","<=",40,"P",0.139807,***,"",
14,"Nominal_Input_pin_Leakages","","LEAKAGE",70060,"",1,1,"FAULTB_PS1600",14,"893","","",-0.2,"<=",0.00388462,"uA","<=",0.2,"P",0.139807,***,"",
14,"Nominal_Input_pin_Leakages","","LEAKAGE",70020,"",1,1,"FCB_PS1600",14,"893","","",-0.5,"<=",0.11181,"uA","<=",0.5,"P",0.139807,***,"",
14,"Nominal_Input_pin_Leakages","","LEAKAGE",70040,"",1,1,"ISEN_PS1600",14,"893","","",24,"<=",26.673,"uA","<=",50,"P",0.139807,***,"",
14,"Nominal_Input_pin_Leakages","","LEAKAGE",70030,"",1,1,"ITRIP_PS1600",14,"893","","",14,"<=",16.4773,"uA","<=",25,"P",0.139807,***,"",
14,"Nominal_Input_pin_Leakages","","LEAKAGE",70080,"",1,1,"OFF_PS1600",14,"893","","",-0.2,"<=",0.0241387,"uA","<=",0.5,"P",0.139807,***,"",
14,"Nominal_Input_pin_Leakages","","LEAKAGE",70050,"",1,1,"SS_PS1600",14,"893","","",20,"<=",50.259,"uA","<=",70,"P",0.139807,***,"",
14,"Nominal_Input_pin_Leakages","","LEAKAGE",70070,"",1,1,"VBIAS_PS1600",14,"893","","",5,"<=",27.6423,"uA","<=",40,"P",0.139807,***,"",
14,"Nominal_Input_pin_Leakages","","LEAKAGE_2V",70090,"",1,1,"OFF_PS1600",14,"893","","",-0.5,"<=",0.0178053,"uA","<=",0.5,"P",0.139807,***,"",
14,"Output_enabled_leakage","","IVDD_VDD_3_Vin_3",80001,"",1,1,"VDD",14,"893","","",10,"<=",92.4058,"uA","<=",130,"P",0.495899,***,"",
14,"Output_enabled_leakage","","IVIN_VDD_3_Vin_3",80005,"",1,1,"VIN1",14,"893","","",10,"<=",52.9024,"uA","<=",75,"P",0.495899,***,"",
14,"Output_enabled_leakage","","IVDD_VDD_3_Vin_20",80010,"",1,1,"VDD",14,"893","","",10,"<=",97.923,"uA","<=",150,"P",0.495899,***,"",
14,"Output_enabled_leakage","","IVIN_VDD_3_Vin_20",80014,"",1,1,"VIN1",14,"893","","",10,"<=",83.7129,"uA","<=",120,"P",0.495899,***,"",
14,"Output_enabled_leakage","","IVDD_VDD_20_Vin_3",80011,"",1,1,"VDD",14,"893","","",10,"<=",110.769,"uA","<=",150,"P",0.495899,***,"",
14,"Output_enabled_leakage","","IVIN_VDD_20_Vin_3",80015,"",1,1,"VIN1",14,"893","","",10,"<=",51.5911,"uA","<=",75,"P",0.495899,***,"",
14,"Output_enabled_leakage","","IVDD_VDD_20_Vin_20",80012,"",1,1,"VDD",14,"893","","",10,"<=",114.806,"uA","<=",175,"P",0.495899,***,"",
14,"Output_enabled_leakage","","IVIN_VDD_20_Vin_20",80016,"",1,1,"VIN1",14,"893","","",10,"<=",83.2276,"uA","<=",120,"P",0.495899,***,"",
14,"SCAN","","Scan_test",330010,"_rdi_burst_SCAN_bk4_mp",1,1,"@",14,"893","","",***,"",***," ","",***,"P",0.0437546,***,"",
14,"Logic","","Logic_test",340010,"_rdi_burst_Logic_bk6_mp",1,1,"@",14,"893","","",***,"",***," ","",***,"P",0.279346,***,"",
14,"POST_EFUSE_RESISTANCE","","POST_BANKA_EFUSE_RESISTANCE_BLOWN_BIT47",590001,"",1,1,"ISEN_PS1600",14,"893","","",3500,"<=",69571.6,"ohms","<=",85000,"P",3.61603,***,"",
14,"POST_EFUSE_RESISTANCE","","POST_BANKA_EFUSE_RESISTANCE_UNBLOWN_BIT46",490002,"",1,1,"ISEN_PS1600",14,"893","","",65,"<=",79.8,"ohms","<=",200,"P",2.86949,***,"",
14,"POST_EFUSE_RESISTANCE","","POST_BANKA_EFUSE_RESISTANCE_BLOWN_BIT45",590003,"",1,1,"ISEN_PS1600",14,"893","","",3500,"<=",69605.6,"ohms","<=",85000,"P",2.87415,***,"",
14,"POST_EFUSE_RESISTANCE","","POST_BANKA_EFUSE_RESISTANCE_BLOWN_BIT44",590004,"",1,1,"ISEN_PS1600",14,"893","","",3500,"<=",68592.6,"ohms","<=",85000,"P",2.88429,***,"",
14,"POST_EFUSE_RESISTANCE","","POST_BANKA_EFUSE_RESISTANCE_BLOWN_BIT43",590005,"",1,1,"ISEN_PS1600",14,"893","","",3500,"<=",69583,"ohms","<=",85000,"P",2.88406,***,"",
14,"POST_EFUSE_RESISTANCE","","POST_BANKA_EFUSE_RESISTANCE_BLOWN_BIT42",590006,"",1,1,"ISEN_PS1600",14,"893","","",3500,"<=",69594.4,"ohms","<=",85000,"P",2.88801,***,"",
14,"POST_EFUSE_RESISTANCE","","POST_BANKA_EFUSE_RESISTANCE_BLOWN_BIT41",590007,"",1,1,"ISEN_PS1600",14,"893","","",3500,"<=",69594.4,"ohms","<=",85000,"P",2.88801,***,"",
14,"POST_EFUSE_RESISTANCE","","POST_BANKA_EFUSE_RESISTANCE_UNBLOWN_BIT40",490008,"",1,1,"ISEN_PS1600",14,"893","","",65,"<=",102.6,"ohms","<=",200,"P",2.88725,***,"",
14,"POST_EFUSE_RESISTANCE","","POST_BANKA_EFUSE_RESISTANCE_UNBLOWN_BIT39",490009,"",1,1,"ISEN_PS1600",14,"893","","",65,"<=",102.6,"ohms","<=",200,"P",2.88323,***,"",
14,"POST_EFUSE_RESISTANCE","","POST_BANKA_EFUSE_RESISTANCE_BLOWN_BIT38",590010,"",1,1,"ISEN_PS1600",14,"893","","",3500,"<=",69605.8,"ohms","<=",85000,"P",2.88625,***,"",
14,"POST_EFUSE_RESISTANCE","","POST_BANKA_EFUSE_RESISTANCE_BLOWN_BIT37",590011,"",1,1,"ISEN_PS1600",14,"893","","",3500,"<=",69583,"ohms","<=",85000,"P",2.88604,***,"",
14,"POST_EFUSE_RESISTANCE","","POST_BANKA_EFUSE_RESISTANCE_BLOWN_BIT36",590012,"",1,1,"ISEN_PS1600",14,"893","","",3500,"<=",69594.4,"ohms","<=",85000,"P",2.88426,***,"",
14,"POST_EFUSE_RESISTANCE","","POST_BANKA_EFUSE_RESISTANCE_UNBLOWN_BIT35",490013,"",1,1,"ISEN_PS1600",14,"893","","",65,"<=",102.6,"ohms","<=",200,"P",2.88426,***,"",
14,"POST_EFUSE_RESISTANCE","","POST_BANKA_EFUSE_RESISTANCE_UNBLOWN_BIT34",490014,"",1,1,"ISEN_PS1600",14,"893","","",65,"<=",79.8,"ohms","<=",200,"P",2.88426,***,"",
14,"POST_EFUSE_RESISTANCE","","POST_BANKA_EFUSE_RESISTANCE_UNBLOWN_BIT33",490015,"",1,1,"ISEN_PS1600",14,"893","","",65,"<=",57,"ohms","<=",200,"F",2.88443,***,"",
15,"CONTINUITY","","CONTINUITY",10030,"",1,1,"EN0_PS1600",15,"912","","",-500,"<=",-357.292,"mV","<=",-300,"P",0.132977,***,"",
15,"CONTINUITY","","CONTINUITY",10020,"",1,1,"FAULTB_PS1600",15,"912","","",-500,"<=",-415.793,"mV","<=",-300,"P",0.132977,***,"",
15,"CONTINUITY","","CONTINUITY",10050,"",1,1,"FCB_PS1600",15,"912","","",-500,"<=",-357.123,"mV","<=",-300,"P",0.132977,***,"",
15,"CONTINUITY","","CONTINUITY",10090,"",1,1,"ISEN_PS1600",15,"912","","",-500,"<=",-344.079,"mV","<=",-300,"P",0.132977,***,"",
15,"CONTINUITY","","CONTINUITY",10080,"",1,1,"ITRIP_PS1600",15,"912","","",-500,"<=",-359.741,"mV","<=",-300,"P",0.132977,***,"",
15,"CONTINUITY","","CONTINUITY",10040,"",1,1,"OFF_PS1600",15,"912","","",-500,"<=",-353.253,"mV","<=",-300,"P",0.132977,***,"",
15,"CONTINUITY","","CONTINUITY",10010,"",1,1,"SS_PS1600",15,"912","","",-500,"<=",-446.552,"mV","<=",-300,"P",0.132977,***,"",
15,"CONTINUITY","","CONTINUITY",10070,"",1,1,"VBIAS_PS1600",15,"912","","",-500,"<=",-299.808,"mV","<=",-200,"P",0.132977,***,"",
15,"CONTINUITY","","CONTINUITY",10060,"",1,1,"GND_PS1600",15,"912","","",-500,"<=",-354.324,"mV","<=",-300,"P",0.132977,***,"",
15,"CONTINUITY","","CONTINUITY",10180,"",1,1,"VIN1",15,"912","","",-360,"<=",-339.811,"mV","<=",-300,"P",0.132977,***,"",
15,"CONTINUITY","","CONTINUITY",10190,"",1,1,"VIN2",15,"912","","",-360,"<=",-339.909,"mV","<=",-300,"P",0.132977,***,"",
15,"CONTINUITY","","CONTINUITY",10200,"",1,1,"VIN3",15,"912","","",-360,"<=",-339.863,"mV","<=",-300,"P",0.132977,***,"",
15,"CONTINUITY","","CONTINUITY",10210,"",1,1,"VIN4_RS1",15,"912","","",-360,"<=",-339.945,"mV","<=",-300,"P",0.132977,***,"",
15,"CONTINUITY","","CONTINUITY",10220,"",1,1,"VIN4_RS2",15,"912","","",-360,"<=",-340.214,"mV","<=",-300,"P",0.132977,***,"",
15,"CONTINUITY","","CONTINUITY",10230,"",1,1,"VIN5_RS1",15,"912","","",-360,"<=",-340.044,"mV","<=",-300,"P",0.132977,***,"",
15,"CONTINUITY","","CONTINUITY",10240,"",1,1,"VIN5_RS2",15,"912","","",-360,"<=",-339.851,"mV","<=",-300,"P",0.132977,***,"",
15,"CONTINUITY","","CONTINUITY",10250,"",1,1,"VIN6",15,"912","","",-360,"<=",-340.183,"mV","<=",-300,"P",0.132977,***,"",
15,"CONTINUITY","","CONTINUITY",10100,"",1,1,"VOUT1",15,"912","","",-300,"<=",-223.656,"mV","<=",-200,"P",0.132977,***,"",
15,"CONTINUITY","","CONTINUITY",10110,"",1,1,"VOUT2_RS1",15,"912","","",-300,"<=",-223.631,"mV","<=",-200,"P",0.132977,***,"",
15,"CONTINUITY","","CONTINUITY",10120,"",1,1,"VOUT2_RS2",15,"912","","",-300,"<=",-223.717,"mV","<=",-200,"P",0.132977,***,"",
15,"CONTINUITY","","CONTINUITY",10130,"",1,1,"VOUT3_RS1",15,"912","","",-300,"<=",-223.604,"mV","<=",-200,"P",0.132977,***,"",
15,"CONTINUITY","","CONTINUITY",10140,"",1,1,"VOUT3_RS2",15,"912","","",-300,"<=",-223.65,"mV","<=",-200,"P",0.132977,***,"",
15,"CONTINUITY","","CONTINUITY",10150,"",1,1,"VOUT4",15,"912","","",-300,"<=",-223.463,"mV","<=",-200,"P",0.132977,***,"",
15,"CONTINUITY","","CONTINUITY",10160,"",1,1,"VOUT5",15,"912","","",-300,"<=",-223.57,"mV","<=",-200,"P",0.132977,***,"",
15,"CONTINUITY","","CONTINUITY",10170,"",1,1,"VOUT6",15,"912","","",-300,"<=",-223.354,"mV","<=",-200,"P",0.132977,***,"",
15,"Pin_to_Pin_Leakage","","PIN_TO_PIN_POS_LEAKAGE_PIN",20010,"",1,1,"FAULTB_PS1600",15,"912","","",-200,"<=",-7.7133,"nA","<=",200,"P",0.416773,***,"",
15,"Pin_to_Pin_Leakage","","PIN_TO_PIN_NEG_LEAKAGE_PIN",20110,"",1,1,"FAULTB_PS1600",15,"912","","",-200,"<=",-7.7133,"nA","<=",200,"P",0.416773,***,"",
15,"Pin_to_Pin_Leakage","","PIN_TO_PIN_POS_LEAKAGE_PIN",20020,"",1,1,"ITRIP_PS1600",15,"912","","",-200,"<=",-11.6954,"nA","<=",200,"P",0.416773,***,"",
15,"Pin_to_Pin_Leakage","","PIN_TO_PIN_NEG_LEAKAGE_PIN",20120,"",1,1,"ITRIP_PS1600",15,"912","","",-200,"<=",-11.6954,"nA","<=",200,"P",0.416773,***,"",
15,"Pin_to_Pin_Leakage","","PIN_TO_PIN_POS_LEAKAGE_PIN",20030,"",1,1,"OFF_PS1600",15,"912","","",-200,"<=",-11.3515,"nA","<=",200,"P",0.416773,***,"",
15,"Pin_to_Pin_Leakage","","PIN_TO_PIN_NEG_LEAKAGE_PIN",20130,"",1,1,"OFF_PS1600",15,"912","","",-200,"<=",-11.3515,"nA","<=",200,"P",0.416773,***,"",
15,"Pin_to_Pin_Leakage","","PIN_TO_PIN_POS_LEAKAGE_PIN",20040,"",1,1,"SS_PS1600",15,"912","","",-200,"<=",-11.5577,"nA","<=",200,"P",0.416773,***,"",
15,"Pin_to_Pin_Leakage","","PIN_TO_PIN_NEG_LEAKAGE_PIN",20140,"",1,1,"SS_PS1600",15,"912","","",-200,"<=",-11.5577,"nA","<=",200,"P",0.416773,***,"",
15,"Pin_to_Pin_Leakage","","PIN_TO_PIN_POS_LEAKAGE_PIN",20050,"",1,1,"VIN1",15,"912","","",10,"<=",298.456,"nA","<=",500,"P",0.416773,***,"",
15,"Pin_to_Pin_Leakage","","PIN_TO_PIN_NEG_LEAKAGE_PIN",20150,"",1,1,"VIN1",15,"912","","",-500,"<=",-296.55,"nA","<=",-10,"P",0.416773,***,"",
15,"Pin_to_Pin_Leakage","","PIN_TO_PIN_POS_LEAKAGE_PIN",20060,"",1,1,"VOUT1",15,"912","","",10,"<=",302.149,"nA","<=",500,"P",0.416773,***,"",
15,"Pin_to_Pin_Leakage","","PIN_TO_PIN_NEG_LEAKAGE_PIN",20160,"",1,1,"VOUT1",15,"912","","",-500,"<=",-298.729,"nA","<=",-10,"P",0.416773,***,"",
15,"Pin_to_Pin_Leakage","","PIN_TO_PIN_POS_LEAKAGE_PIN",20070,"",1,1,"EN0_PS1600",15,"912","","",300,"<=",518.374,"nA","<=",700,"P",0.416773,***,"",
15,"Pin_to_Pin_Leakage","","PIN_TO_PIN_NEG_LEAKAGE_PIN",20170,"",1,1,"EN0_PS1600",15,"912","","",-700,"<=",-524.958,"nA","<=",-300,"P",0.416773,***,"",
15,"Pin_to_Pin_Leakage","","PIN_TO_PIN_POS_LEAKAGE_PIN",20080,"",1,1,"FCB_PS1600",15,"912","","",-200,"<=",-0.515196,"nA","<=",200,"P",0.416773,***,"",
15,"Pin_to_Pin_Leakage","","PIN_TO_PIN_NEG_LEAKAGE_PIN",20180,"",1,1,"FCB_PS1600",15,"912","","",-200,"<=",-7.55329,"nA","<=",200,"P",0.416773,***,"",
15,"Pin_to_Pin_Leakage","","PIN_TO_PIN_POS_LEAKAGE_PIN",20090,"",1,1,"ISEN_PS1600",15,"912","","",-200,"<=",-0.00516475,"nA","<=",200,"P",0.416773,***,"",
15,"Pin_to_Pin_Leakage","","PIN_TO_PIN_NEG_LEAKAGE_PIN",20190,"",1,1,"ISEN_PS1600",15,"912","","",-200,"<=",-13.7656,"nA","<=",200,"P",0.416773,***,"",
15,"Pin_to_Pin_Leakage","","PIN_TO_PIN_POS_LEAKAGE_PIN_VBIAS_PS1600",20100,"",1,1,"VBIAS_PS1600",15,"912","","",500,"<=",746,"nA","<=",1000,"P",0.416773,***,"",
15,"Pin_to_Pin_Leakage","","PIN_TO_PIN_NEG_LEAKAGE_PIN_VBIAS_PS1600",20200,"",1,1,"VBIAS_PS1600",15,"912","","",-1000,"<=",-813,"nA","<=",-500,"P",0.416773,***,"",
15,"IVDDFL_IVINFL_RONFL","","RON_200mAVDD_5_VIN_5_20V_Part",90050,"",1,1,"VIN1",15,"912","","",0.01,"<=",0.0233968,"ohm","<=",0.03,"P",0.034414,***,"",
15,"IVDDFL_IVINFL_RONFL","","DEVICE_VARIENT_TRUE",90060,"",1,1,"VIN1",15,"912","","",0.5,"<=",1,"","<=",1.5,"P",0.034414,***,"",
15,"Fuse_Burn_Check","","BANKA_BIT5_BLOWN_TRUE",1000001,"",1,1,"OFF_PS1600",15,"912","","",0,"<=",1,"","<=",1,"P",0.0995141,***,"",
15,"Gross_Functional_EN_FCB_FAULTB_OFF","","EN_FCB_LOW_VOUT_LOW",30010,"",1,1,"VOUT4",15,"912","","",-0.001,"<=",0.0170898,"V","<=",1,"P",0.231374,***,"",
15,"Gross_Functional_EN_FCB_FAULTB_OFF","","EN_FCB_LOW_OFF_HIGH",30020,"",1,1,"OFF_PS1600",15,"912","","",1.6,"<=",1.79279,"V","<=",2.3,"P",0.231374,***,"",
15,"Gross_Functional_EN_FCB_FAULTB_OFF","","FCB_LOW_VOUT_LOW",30030,"",1,1,"VOUT4",15,"912","","",-0.001,"<=",0.00107765,"V","<=",0.5,"P",0.231374,***,"",
15,"Gross_Functional_EN_FCB_FAULTB_OFF","","FCB_LOW_OFF_HIGH",30040,"",1,1,"OFF_PS1600",15,"912","","",1.6,"<=",1.79358,"V","<=",2.3,"P",0.231374,***,"",
15,"Gross_Functional_EN_FCB_FAULTB_OFF","","EN_LOW_VOUT_LOW",30050,"",1,1,"VOUT4",15,"912","","",-0.001,"<=",0.000648499,"V","<=",0.5,"P",0.231374,***,"",
15,"Gross_Functional_EN_FCB_FAULTB_OFF","","EN_LOW_OFF_HIGH",30060,"",1,1,"OFF_PS1600",15,"912","","",1.6,"<=",1.79227,"V","<=",2.3,"P",0.231374,***,"",
15,"Gross_Functional_EN_FCB_FAULTB_OFF","","EN_FCB_HIGH_VOUT_HIGH",30070,"",1,1,"VOUT4",15,"912","","",4.85,"<=",4.99965,"V","<=",5.1,"P",0.231374,***,"",
15,"Gross_Functional_EN_FCB_FAULTB_OFF","","EN_FCB_HIGH_OFF_LOW",30080,"",1,1,"OFF_PS1600",15,"912","","",-0.001,"<=",0.000714269,"V","<=",0.5,"P",0.231374,***,"",
15,"Gross_Functional_EN_FCB_FAULTB_OFF","","FAULT_SET_VOUT_LOW",30090,"",1,1,"VOUT4",15,"912","","",-0.001,"<=",0.000148773,"V","<=",0.5,"P",0.231374,***,"",
15,"Gross_Functional_EN_FCB_FAULTB_OFF","","FAULT_SET_OFF_HIGH",30100,"",1,1,"OFF_PS1600",15,"912","","",1.6,"<=",1.83747,"V","<=",2.3,"P",0.231374,***,"",
15,"Gross_Functional_EN_FCB_FAULTB_OFF","","FAULT_RESET_VOUT_HIGH",30110,"",1,1,"VOUT4",15,"912","","",4.85,"<=",4.99977,"V","<=",5.1,"P",0.231374,***,"",
15,"Gross_Functional_EN_FCB_FAULTB_OFF","","FAULT_RESET_OFF_LOW",30120,"",1,1,"OFF_PS1600",15,"912","","",0,"<=",0.000771185,"V","<=",0.5,"P",0.231374,***,"",
15,"Output_disabled_leakage","","IVDDDIS_VDD_3_VIN_3",40010,"",1,1,"VDD",15,"912","","",10,"<=",108.78,"uA","<=",166.5,"P",0.10165,***,"",
15,"Output_disabled_leakage","","IVINDIS_VDD_3_VIN_3",40050,"",1,1,"VIN1",15,"912","","",10,"<=",68.5565,"uA","<=",166.5,"P",0.10165,***,"",
15,"Output_disabled_leakage","","IOFF_VDD_3_VIN_3",40090,"",1,1,"VOUT4",15,"912","","",-14,"<=",-1.60422,"uA","<=",11,"P",0.10165,***,"",
15,"Output_disabled_leakage","","IVDDDIS_VDD_3_VIN_20",40020,"",1,1,"VDD",15,"912","","",10,"<=",109.972,"uA","<=",166.5,"P",0.10165,***,"",
15,"Output_disabled_leakage","","IVINDIS_VDD_3_VIN_20",40060,"",1,1,"VIN1",15,"912","","",10,"<=",94.2405,"uA","<=",166.5,"P",0.10165,***,"",
15,"Output_disabled_leakage","","IOFF_VDD_3_VIN_20",40100,"",1,1,"VOUT4",15,"912","","",-14,"<=",-1.64495,"uA","<=",11,"P",0.10165,***,"",
15,"Output_disabled_leakage","","IVINVDD0_VIN_3",40130,"",1,1,"VIN1",15,"912","","",10,"<=",74.1212,"uA","<=",166.5,"P",0.10165,***,"",
15,"Output_disabled_leakage","","IOFFVDD0_VIN_3",40150,"",1,1,"VOUT4",15,"912","","",-14,"<=",-1.31718,"uA","<=",11,"P",0.10165,***,"",
15,"Output_disabled_leakage","","IVDDDIS_VDD_20_VIN_3",40030,"",1,1,"VDD",15,"912","","",10,"<=",143.077,"uA","<=",166.5,"P",0.10165,***,"",
15,"Output_disabled_leakage","","IVINDIS_VDD_20_VIN_3",40070,"",1,1,"VIN1",15,"912","","",10,"<=",76.008,"uA","<=",166.5,"P",0.10165,***,"",
15,"Output_disabled_leakage","","IOFF_VDD_20_VIN_3",40110,"",1,1,"VOUT4",15,"912","","",-14,"<=",-1.62954,"uA","<=",11,"P",0.10165,***,"",
15,"Output_disabled_leakage","","IVDDDIS_VDD_20_VIN_20",40040,"",1,1,"VDD",15,"912","","",10,"<=",127.589,"uA","<=",166.5,"P",0.10165,***,"",
15,"Output_disabled_leakage","","IVINDIS_VDD_20_VIN_20",40080,"",1,1,"VIN1",15,"912","","",10,"<=",93.7739,"uA","<=",166.5,"P",0.10165,***,"",
15,"Output_disabled_leakage","","IOFF_VDD_20_VIN_20",40120,"",1,1,"VOUT4",15,"912","","",-14,"<=",-1.49518,"uA","<=",11,"P",0.10165,***,"",
15,"Output_disabled_leakage","","IVINVDD0_VIN_20",40140,"",1,1,"VIN1",15,"912","","",10,"<=",118.985,"uA","<=",166.5,"P",0.10165,***,"",
15,"Output_disabled_leakage","","IOFFVDD0_VIN_20",40160,"",1,1,"VOUT4",15,"912","","",-14,"<=",-2.17286,"uA","<=",11,"P",0.10165,***,"",
15,"EN_pullup_resistor","","EN0V_PULLUP_RES",50010,"",1,1,"EN0_PS1600",15,"912","","",155,"<=",193.45,"Kohm","<=",230,"P",0.0272827,***,"",
15,"EN_pullup_resistor","","EN1V_PULLUP_RES",50020,"",1,1,"EN0_PS1600",15,"912","","",155,"<=",194.569,"Kohm","<=",230,"P",0.0272827,***,"",
15,"EN_pullup_resistor","","EN0V_Current",50030,"",1,1,"EN0_PS1600",15,"912","","",-11,"<=",-9.30472,"uA","<=",-7,"P",0.0272827,***,"",
15,"EN_pullup_resistor","","EN1V_Current",50040,"",1,1,"EN0_PS1600",15,"912","","",-5.5,"<=",-4.11166,"uA","<=",-3,"P",0.0272827,***,"",
15,"Leakage_Test","","IOFF_REVERSE_VOUT_VIN_LEAKAGE_1mA",60030,"",1,1,"VIN",15,"912","","",-331,"<=",-265.86,"mV","<=",-205,"P",0.0588329,***,"",
15,"Leakage_Test","","IOFF_REVERSE_VOUT_VIN_LEAKAGE_10mA",60040,"",1,1,"VIN",15,"912","","",-340,"<=",-327.641,"mV","<=",-205,"P",0.0588329,***,"",
15,"Leakage_Test","","IOFF_REVERSE_VOUT_VIN_LEAKAGE_100mA",60050,"",1,1,"VIN",15,"912","","",-331,"<=",-207.386,"mV","<=",-205,"P",0.0588329,***,"",
15,"Nominal_Input_pin_Leakages","","LEAKAGE",70010,"",1,1,"EN0_PS1600",15,"912","","",10,"<=",25.4468,"uA","<=",40,"P",0.139807,***,"",
15,"Nominal_Input_pin_Leakages","","LEAKAGE",70060,"",1,1,"FAULTB_PS1600",15,"912","","",-0.2,"<=",0.00540774,"uA","<=",0.2,"P",0.139807,***,"",
15,"Nominal_Input_pin_Leakages","","LEAKAGE",70020,"",1,1,"FCB_PS1600",15,"912","","",-0.5,"<=",0.11181,"uA","<=",0.5,"P",0.139807,***,"",
15,"Nominal_Input_pin_Leakages","","LEAKAGE",70040,"",1,1,"ISEN_PS1600",15,"912","","",24,"<=",26.8751,"uA","<=",50,"P",0.139807,***,"",
15,"Nominal_Input_pin_Leakages","","LEAKAGE",70030,"",1,1,"ITRIP_PS1600",15,"912","","",14,"<=",16.2764,"uA","<=",25,"P",0.139807,***,"",
15,"Nominal_Input_pin_Leakages","","LEAKAGE",70080,"",1,1,"OFF_PS1600",15,"912","","",-0.2,"<=",0.07472,"uA","<=",0.5,"P",0.139807,***,"",
15,"Nominal_Input_pin_Leakages","","LEAKAGE",70050,"",1,1,"SS_PS1600",15,"912","","",20,"<=",50.8133,"uA","<=",70,"P",0.139807,***,"",
15,"Nominal_Input_pin_Leakages","","LEAKAGE",70070,"",1,1,"VBIAS_PS1600",15,"912","","",5,"<=",27.6672,"uA","<=",40,"P",0.139807,***,"",
15,"Nominal_Input_pin_Leakages","","LEAKAGE_2V",70090,"",1,1,"OFF_PS1600",15,"912","","",-0.5,"<=",0.043096,"uA","<=",0.5,"P",0.139807,***,"",
15,"Output_enabled_leakage","","IVDD_VDD_3_Vin_3",80001,"",1,1,"VDD",15,"912","","",10,"<=",93.4359,"uA","<=",130,"P",0.495899,***,"",
15,"Output_enabled_leakage","","IVIN_VDD_3_Vin_3",80005,"",1,1,"VIN1",15,"912","","",10,"<=",51.1748,"uA","<=",75,"P",0.495899,***,"",
15,"Output_enabled_leakage","","IVDD_VDD_3_Vin_20",80010,"",1,1,"VDD",15,"912","","",10,"<=",102.99,"uA","<=",150,"P",0.495899,***,"",
15,"Output_enabled_leakage","","IVIN_VDD_3_Vin_20",80014,"",1,1,"VIN1",15,"912","","",10,"<=",83.9476,"uA","<=",120,"P",0.495899,***,"",
15,"Output_enabled_leakage","","IVDD_VDD_20_Vin_3",80011,"",1,1,"VDD",15,"912","","",10,"<=",117.943,"uA","<=",150,"P",0.495899,***,"",
15,"Output_enabled_leakage","","IVIN_VDD_20_Vin_3",80015,"",1,1,"VIN1",15,"912","","",10,"<=",55.4258,"uA","<=",75,"P",0.495899,***,"",
15,"Output_enabled_leakage","","IVDD_VDD_20_Vin_20",80012,"",1,1,"VDD",15,"912","","",10,"<=",121.624,"uA","<=",175,"P",0.495899,***,"",
15,"Output_enabled_leakage","","IVIN_VDD_20_Vin_20",80016,"",1,1,"VIN1",15,"912","","",10,"<=",83.8339,"uA","<=",120,"P",0.495899,***,"",
15,"SCAN","","Scan_test",330010,"_rdi_burst_SCAN_bk4_mp",1,1,"@",15,"912","","",***,"",***," ","",***,"P",0.0437546,***,"",
15,"Logic","","Logic_test",340010,"_rdi_burst_Logic_bk6_mp",1,1,"@",15,"912","","",***,"",***," ","",***,"P",0.279346,***,"",
15,"POST_EFUSE_RESISTANCE","","POST_BANKA_EFUSE_RESISTANCE_BLOWN_BIT47",590001,"",1,1,"ISEN_PS1600",15,"912","","",3500,"<=",69332.4,"ohms","<=",85000,"P",3.61603,***,"",
15,"POST_EFUSE_RESISTANCE","","POST_BANKA_EFUSE_RESISTANCE_UNBLOWN_BIT46",490002,"",1,1,"ISEN_PS1600",15,"912","","",65,"<=",68.2,"ohms","<=",200,"P",2.86949,***,"",
15,"POST_EFUSE_RESISTANCE","","POST_BANKA_EFUSE_RESISTANCE_BLOWN_BIT45",590003,"",1,1,"ISEN_PS1600",15,"912","","",3500,"<=",69298.2,"ohms","<=",85000,"P",2.87415,***,"",
15,"POST_EFUSE_RESISTANCE","","POST_BANKA_EFUSE_RESISTANCE_BLOWN_BIT44",590004,"",1,1,"ISEN_PS1600",15,"912","","",3500,"<=",69332.4,"ohms","<=",85000,"P",2.88429,***,"",
15,"POST_EFUSE_RESISTANCE","","POST_BANKA_EFUSE_RESISTANCE_BLOWN_BIT43",590005,"",1,1,"ISEN_PS1600",15,"912","","",3500,"<=",69332.4,"ohms","<=",85000,"P",2.88406,***,"",
15,"POST_EFUSE_RESISTANCE","","POST_BANKA_EFUSE_RESISTANCE_BLOWN_BIT42",590006,"",1,1,"ISEN_PS1600",15,"912","","",3500,"<=",69343.8,"ohms","<=",85000,"P",2.88801,***,"",
15,"POST_EFUSE_RESISTANCE","","POST_BANKA_EFUSE_RESISTANCE_BLOWN_BIT41",590007,"",1,1,"ISEN_PS1600",15,"912","","",3500,"<=",69309.8,"ohms","<=",85000,"P",2.88801,***,"",
15,"POST_EFUSE_RESISTANCE","","POST_BANKA_EFUSE_RESISTANCE_UNBLOWN_BIT40",490008,"",1,1,"ISEN_PS1600",15,"912","","",65,"<=",68.2,"ohms","<=",200,"P",2.88725,***,"",
15,"POST_EFUSE_RESISTANCE","","POST_BANKA_EFUSE_RESISTANCE_BLOWN_BIT39",590009,"",1,1,"ISEN_PS1600",15,"912","","",3500,"<=",69309.8,"ohms","<=",85000,"P",2.88741,***,"",
15,"POST_EFUSE_RESISTANCE","","POST_BANKA_EFUSE_RESISTANCE_UNBLOWN_BIT38",490010,"",1,1,"ISEN_PS1600",15,"912","","",65,"<=",102.4,"ohms","<=",200,"P",2.88555,***,"",
15,"POST_EFUSE_RESISTANCE","","POST_BANKA_EFUSE_RESISTANCE_BLOWN_BIT37",590011,"",1,1,"ISEN_PS1600",15,"912","","",3500,"<=",69332.6,"ohms","<=",85000,"P",2.88604,***,"",
15,"POST_EFUSE_RESISTANCE","","POST_BANKA_EFUSE_RESISTANCE_BLOWN_BIT36",590012,"",1,1,"ISEN_PS1600",15,"912","","",3500,"<=",69309.8,"ohms","<=",85000,"P",2.88426,***,"",
15,"POST_EFUSE_RESISTANCE","","POST_BANKA_EFUSE_RESISTANCE_UNBLOWN_BIT35",490013,"",1,1,"ISEN_PS1600",15,"912","","",65,"<=",79.6,"ohms","<=",200,"P",2.88426,***,"",
15,"POST_EFUSE_RESISTANCE","","POST_BANKA_EFUSE_RESISTANCE_UNBLOWN_BIT34",490014,"",1,1,"ISEN_PS1600",15,"912","","",65,"<=",91,"ohms","<=",200,"P",2.88426,***,"",
15,"POST_EFUSE_RESISTANCE","","POST_BANKA_EFUSE_RESISTANCE_UNBLOWN_BIT33",490015,"",1,1,"ISEN_PS1600",15,"912","","",65,"<=",91,"ohms","<=",200,"P",2.88443,***,"",
15,"POST_EFUSE_RESISTANCE","","POST_BANKA_EFUSE_RESISTANCE_UNBLOWN_BIT32",490016,"",1,1,"ISEN_PS1600",15,"912","","",65,"<=",56.8,"ohms","<=",200,"F",2.88546,***,"",
16,"CONTINUITY","","CONTINUITY",10030,"",1,1,"EN0_PS1600",16,"931","","",-500,"<=",-367.703,"mV","<=",-300,"P",0.132977,***,"",
16,"CONTINUITY","","CONTINUITY",10020,"",1,1,"FAULTB_PS1600",16,"931","","",-500,"<=",-421.541,"mV","<=",-300,"P",0.132977,***,"",
16,"CONTINUITY","","CONTINUITY",10050,"",1,1,"FCB_PS1600",16,"931","","",-500,"<=",-368.222,"mV","<=",-300,"P",0.132977,***,"",
16,"CONTINUITY","","CONTINUITY",10090,"",1,1,"ISEN_PS1600",16,"931","","",-500,"<=",-355.576,"mV","<=",-300,"P",0.132977,***,"",
16,"CONTINUITY","","CONTINUITY",10080,"",1,1,"ITRIP_PS1600",16,"931","","",-500,"<=",-370.271,"mV","<=",-300,"P",0.132977,***,"",
16,"CONTINUITY","","CONTINUITY",10040,"",1,1,"OFF_PS1600",16,"931","","",-500,"<=",-360.481,"mV","<=",-300,"P",0.132977,***,"",
16,"CONTINUITY","","CONTINUITY",10010,"",1,1,"SS_PS1600",16,"931","","",-500,"<=",-451.846,"mV","<=",-300,"P",0.132977,***,"",
16,"CONTINUITY","","CONTINUITY",10070,"",1,1,"VBIAS_PS1600",16,"931","","",-500,"<=",-291.839,"mV","<=",-200,"P",0.132977,***,"",
16,"CONTINUITY","","CONTINUITY",10060,"",1,1,"GND_PS1600",16,"931","","",-500,"<=",-354.21,"mV","<=",-300,"P",0.132977,***,"",
16,"CONTINUITY","","CONTINUITY",10180,"",1,1,"VIN1",16,"931","","",-360,"<=",-342.239,"mV","<=",-300,"P",0.132977,***,"",
16,"CONTINUITY","","CONTINUITY",10190,"",1,1,"VIN2",16,"931","","",-360,"<=",-342.554,"mV","<=",-300,"P",0.132977,***,"",
16,"CONTINUITY","","CONTINUITY",10200,"",1,1,"VIN3",16,"931","","",-360,"<=",-341.93,"mV","<=",-300,"P",0.132977,***,"",
16,"CONTINUITY","","CONTINUITY",10210,"",1,1,"VIN4_RS1",16,"931","","",-360,"<=",-342.352,"mV","<=",-300,"P",0.132977,***,"",
16,"CONTINUITY","","CONTINUITY",10220,"",1,1,"VIN4_RS2",16,"931","","",-360,"<=",-342.554,"mV","<=",-300,"P",0.132977,***,"",
16,"CONTINUITY","","CONTINUITY",10230,"",1,1,"VIN5_RS1",16,"931","","",-360,"<=",-342.48,"mV","<=",-300,"P",0.132977,***,"",
16,"CONTINUITY","","CONTINUITY",10240,"",1,1,"VIN5_RS2",16,"931","","",-360,"<=",-342.402,"mV","<=",-300,"P",0.132977,***,"",
16,"CONTINUITY","","CONTINUITY",10250,"",1,1,"VIN6",16,"931","","",-360,"<=",-342.482,"mV","<=",-300,"P",0.132977,***,"",
16,"CONTINUITY","","CONTINUITY",10100,"",1,1,"VOUT1",16,"931","","",-300,"<=",-223.471,"mV","<=",-200,"P",0.132977,***,"",
16,"CONTINUITY","","CONTINUITY",10110,"",1,1,"VOUT2_RS1",16,"931","","",-300,"<=",-223.509,"mV","<=",-200,"P",0.132977,***,"",
16,"CONTINUITY","","CONTINUITY",10120,"",1,1,"VOUT2_RS2",16,"931","","",-300,"<=",-223.434,"mV","<=",-200,"P",0.132977,***,"",
16,"CONTINUITY","","CONTINUITY",10130,"",1,1,"VOUT3_RS1",16,"931","","",-300,"<=",-223.675,"mV","<=",-200,"P",0.132977,***,"",
16,"CONTINUITY","","CONTINUITY",10140,"",1,1,"VOUT3_RS2",16,"931","","",-300,"<=",-223.227,"mV","<=",-200,"P",0.132977,***,"",
16,"CONTINUITY","","CONTINUITY",10150,"",1,1,"VOUT4",16,"931","","",-300,"<=",-223.61,"mV","<=",-200,"P",0.132977,***,"",
16,"CONTINUITY","","CONTINUITY",10160,"",1,1,"VOUT5",16,"931","","",-300,"<=",-223.49,"mV","<=",-200,"P",0.132977,***,"",
16,"CONTINUITY","","CONTINUITY",10170,"",1,1,"VOUT6",16,"931","","",-300,"<=",-223.438,"mV","<=",-200,"P",0.132977,***,"",
16,"Pin_to_Pin_Leakage","","PIN_TO_PIN_POS_LEAKAGE_PIN",20010,"",1,1,"FAULTB_PS1600",16,"931","","",-200,"<=",-5.37736,"nA","<=",200,"P",0.416773,***,"",
16,"Pin_to_Pin_Leakage","","PIN_TO_PIN_NEG_LEAKAGE_PIN",20110,"",1,1,"FAULTB_PS1600",16,"931","","",-200,"<=",-5.37736,"nA","<=",200,"P",0.416773,***,"",
16,"Pin_to_Pin_Leakage","","PIN_TO_PIN_POS_LEAKAGE_PIN",20020,"",1,1,"ITRIP_PS1600",16,"931","","",-200,"<=",-9.50959,"nA","<=",200,"P",0.416773,***,"",
16,"Pin_to_Pin_Leakage","","PIN_TO_PIN_NEG_LEAKAGE_PIN",20120,"",1,1,"ITRIP_PS1600",16,"931","","",-200,"<=",-9.50959,"nA","<=",200,"P",0.416773,***,"",
16,"Pin_to_Pin_Leakage","","PIN_TO_PIN_POS_LEAKAGE_PIN",20030,"",1,1,"OFF_PS1600",16,"931","","",-200,"<=",-8.94601,"nA","<=",200,"P",0.416773,***,"",
16,"Pin_to_Pin_Leakage","","PIN_TO_PIN_NEG_LEAKAGE_PIN",20130,"",1,1,"OFF_PS1600",16,"931","","",-200,"<=",-8.94601,"nA","<=",200,"P",0.416773,***,"",
16,"Pin_to_Pin_Leakage","","PIN_TO_PIN_POS_LEAKAGE_PIN",20040,"",1,1,"SS_PS1600",16,"931","","",-200,"<=",-11.4045,"nA","<=",200,"P",0.416773,***,"",
16,"Pin_to_Pin_Leakage","","PIN_TO_PIN_NEG_LEAKAGE_PIN",20140,"",1,1,"SS_PS1600",16,"931","","",-200,"<=",-11.4045,"nA","<=",200,"P",0.416773,***,"",
16,"Pin_to_Pin_Leakage","","PIN_TO_PIN_POS_LEAKAGE_PIN",20050,"",1,1,"VIN1",16,"931","","",10,"<=",300.148,"nA","<=",500,"P",0.416773,***,"",
16,"Pin_to_Pin_Leakage","","PIN_TO_PIN_NEG_LEAKAGE_PIN",20150,"",1,1,"VIN1",16,"931","","",-500,"<=",-301.818,"nA","<=",-10,"P",0.416773,***,"",
16,"Pin_to_Pin_Leakage","","PIN_TO_PIN_POS_LEAKAGE_PIN",20060,"",1,1,"VOUT1",16,"931","","",10,"<=",301.618,"nA","<=",500,"P",0.416773,***,"",
16,"Pin_to_Pin_Leakage","","PIN_TO_PIN_NEG_LEAKAGE_PIN",20160,"",1,1,"VOUT1",16,"931","","",-500,"<=",-298.256,"nA","<=",-10,"P",0.416773,***,"",
16,"Pin_to_Pin_Leakage","","PIN_TO_PIN_POS_LEAKAGE_PIN",20070,"",1,1,"EN0_PS1600",16,"931","","",300,"<=",501.792,"nA","<=",700,"P",0.416773,***,"",
16,"Pin_to_Pin_Leakage","","PIN_TO_PIN_NEG_LEAKAGE_PIN",20170,"",1,1,"EN0_PS1600",16,"931","","",-700,"<=",-505.655,"nA","<=",-300,"P",0.416773,***,"",
16,"Pin_to_Pin_Leakage","","PIN_TO_PIN_POS_LEAKAGE_PIN",20080,"",1,1,"FCB_PS1600",16,"931","","",-200,"<=",-0.211163,"nA","<=",200,"P",0.416773,***,"",
16,"Pin_to_Pin_Leakage","","PIN_TO_PIN_NEG_LEAKAGE_PIN",20180,"",1,1,"FCB_PS1600",16,"931","","",-200,"<=",-5.1717,"nA","<=",200,"P",0.416773,***,"",
16,"Pin_to_Pin_Leakage","","PIN_TO_PIN_POS_LEAKAGE_PIN",20090,"",1,1,"ISEN_PS1600",16,"931","","",-200,"<=",-0.567845,"nA","<=",200,"P",0.416773,***,"",
16,"Pin_to_Pin_Leakage","","PIN_TO_PIN_NEG_LEAKAGE_PIN",20190,"",1,1,"ISEN_PS1600",16,"931","","",-200,"<=",-9.46882,"nA","<=",200,"P",0.416773,***,"",
16,"Pin_to_Pin_Leakage","","PIN_TO_PIN_POS_LEAKAGE_PIN_VBIAS_PS1600",20100,"",1,1,"VBIAS_PS1600",16,"931","","",500,"<=",779,"nA","<=",1000,"P",0.416773,***,"",
16,"Pin_to_Pin_Leakage","","PIN_TO_PIN_NEG_LEAKAGE_PIN_VBIAS_PS1600",20200,"",1,1,"VBIAS_PS1600",16,"931","","",-1000,"<=",-868,"nA","<=",-500,"P",0.416773,***,"",
16,"IVDDFL_IVINFL_RONFL","","RON_200mAVDD_5_VIN_5_20V_Part",90050,"",1,1,"VIN1",16,"931","","",0.01,"<=",0.0231405,"ohm","<=",0.03,"P",0.034414,***,"",
16,"IVDDFL_IVINFL_RONFL","","DEVICE_VARIENT_TRUE",90060,"",1,1,"VIN1",16,"931","","",0.5,"<=",1,"","<=",1.5,"P",0.034414,***,"",
16,"Fuse_Burn_Check","","BANKA_BIT5_BLOWN_TRUE",1000001,"",1,1,"OFF_PS1600",16,"931","","",0,"<=",1,"","<=",1,"P",0.0995141,***,"",
16,"Gross_Functional_EN_FCB_FAULTB_OFF","","EN_FCB_LOW_VOUT_LOW",30010,"",1,1,"VOUT4",16,"931","","",-0.001,"<=",0.0191517,"V","<=",1,"P",0.231374,***,"",
16,"Gross_Functional_EN_FCB_FAULTB_OFF","","EN_FCB_LOW_OFF_HIGH",30020,"",1,1,"OFF_PS1600",16,"931","","",1.6,"<=",1.80343,"V","<=",2.3,"P",0.231374,***,"",
16,"Gross_Functional_EN_FCB_FAULTB_OFF","","FCB_LOW_VOUT_LOW",30030,"",1,1,"VOUT4",16,"931","","",-0.001,"<=",0.0017662,"V","<=",0.5,"P",0.231374,***,"",
16,"Gross_Functional_EN_FCB_FAULTB_OFF","","FCB_LOW_OFF_HIGH",30040,"",1,1,"OFF_PS1600",16,"931","","",1.6,"<=",1.80428,"V","<=",2.3,"P",0.231374,***,"",
16,"Gross_Functional_EN_FCB_FAULTB_OFF","","EN_LOW_VOUT_LOW",30050,"",1,1,"VOUT4",16,"931","","",-0.001,"<=",0.000886917,"V","<=",0.5,"P",0.231374,***,"",
16,"Gross_Functional_EN_FCB_FAULTB_OFF","","EN_LOW_OFF_HIGH",30060,"",1,1,"OFF_PS1600",16,"931","","",1.6,"<=",1.80371,"V","<=",2.3,"P",0.231374,***,"",
16,"Gross_Functional_EN_FCB_FAULTB_OFF","","EN_FCB_HIGH_VOUT_HIGH",30070,"",1,1,"VOUT4",16,"931","","",4.85,"<=",4.99979,"V","<=",5.1,"P",0.231374,***,"",
16,"Gross_Functional_EN_FCB_FAULTB_OFF","","EN_FCB_HIGH_OFF_LOW",30080,"",1,1,"OFF_PS1600",16,"931","","",-0.001,"<=",0.000714269,"V","<=",0.5,"P",0.231374,***,"",
16,"Gross_Functional_EN_FCB_FAULTB_OFF","","FAULT_SET_VOUT_LOW",30090,"",1,1,"VOUT4",16,"931","","",-0.001,"<=",0.000547409,"V","<=",0.5,"P",0.231374,***,"",
16,"Gross_Functional_EN_FCB_FAULTB_OFF","","FAULT_SET_OFF_HIGH",30100,"",1,1,"OFF_PS1600",16,"931","","",1.6,"<=",1.84879,"V","<=",2.3,"P",0.231374,***,"",
16,"Gross_Functional_EN_FCB_FAULTB_OFF","","FAULT_RESET_VOUT_HIGH",30110,"",1,1,"VOUT4",16,"931","","",4.85,"<=",5.00013,"V","<=",5.1,"P",0.231374,***,"",
16,"Gross_Functional_EN_FCB_FAULTB_OFF","","FAULT_RESET_OFF_LOW",30120,"",1,1,"OFF_PS1600",16,"931","","",0,"<=",0.000714269,"V","<=",0.5,"P",0.231374,***,"",
16,"Output_disabled_leakage","","IVDDDIS_VDD_3_VIN_3",40010,"",1,1,"VDD",16,"931","","",10,"<=",87.847,"uA","<=",166.5,"P",0.10165,***,"",
16,"Output_disabled_leakage","","IVINDIS_VDD_3_VIN_3",40050,"",1,1,"VIN1",16,"931","","",10,"<=",69.866,"uA","<=",166.5,"P",0.10165,***,"",
16,"Output_disabled_leakage","","IOFF_VDD_3_VIN_3",40090,"",1,1,"VOUT4",16,"931","","",-14,"<=",-1.50662,"uA","<=",11,"P",0.10165,***,"",
16,"Output_disabled_leakage","","IVDDDIS_VDD_3_VIN_20",40020,"",1,1,"VDD",16,"931","","",10,"<=",103.001,"uA","<=",166.5,"P",0.10165,***,"",
16,"Output_disabled_leakage","","IVINDIS_VDD_3_VIN_20",40060,"",1,1,"VIN1",16,"931","","",10,"<=",88.5651,"uA","<=",166.5,"P",0.10165,***,"",
16,"Output_disabled_leakage","","IOFF_VDD_3_VIN_20",40100,"",1,1,"VOUT4",16,"931","","",-14,"<=",-1.76356,"uA","<=",11,"P",0.10165,***,"",
16,"Output_disabled_leakage","","IVINVDD0_VIN_3",40130,"",1,1,"VIN1",16,"931","","",10,"<=",58.2715,"uA","<=",166.5,"P",0.10165,***,"",
16,"Output_disabled_leakage","","IOFFVDD0_VIN_3",40150,"",1,1,"VOUT4",16,"931","","",-14,"<=",-1.28154,"uA","<=",11,"P",0.10165,***,"",
16,"Output_disabled_leakage","","IVDDDIS_VDD_20_VIN_3",40030,"",1,1,"VDD",16,"931","","",10,"<=",134.31,"uA","<=",166.5,"P",0.10165,***,"",
16,"Output_disabled_leakage","","IVINDIS_VDD_20_VIN_3",40070,"",1,1,"VIN1",16,"931","","",10,"<=",66.9062,"uA","<=",166.5,"P",0.10165,***,"",
16,"Output_disabled_leakage","","IOFF_VDD_20_VIN_3",40110,"",1,1,"VOUT4",16,"931","","",-14,"<=",-1.5761,"uA","<=",11,"P",0.10165,***,"",
16,"Output_disabled_leakage","","IVDDDIS_VDD_20_VIN_20",40040,"",1,1,"VDD",16,"931","","",10,"<=",134.671,"uA","<=",166.5,"P",0.10165,***,"",
16,"Output_disabled_leakage","","IVINDIS_VDD_20_VIN_20",40080,"",1,1,"VIN1",16,"931","","",10,"<=",94.5954,"uA","<=",166.5,"P",0.10165,***,"",
16,"Output_disabled_leakage","","IOFF_VDD_20_VIN_20",40120,"",1,1,"VOUT4",16,"931","","",-14,"<=",-1.24336,"uA","<=",11,"P",0.10165,***,"",
16,"Output_disabled_leakage","","IVINVDD0_VIN_20",40140,"",1,1,"VIN1",16,"931","","",10,"<=",114.131,"uA","<=",166.5,"P",0.10165,***,"",
16,"Output_disabled_leakage","","IOFFVDD0_VIN_20",40160,"",1,1,"VOUT4",16,"931","","",-14,"<=",-2.13276,"uA","<=",11,"P",0.10165,***,"",
16,"EN_pullup_resistor","","EN0V_PULLUP_RES",50010,"",1,1,"EN0_PS1600",16,"931","","",155,"<=",200.256,"Kohm","<=",230,"P",0.0272827,***,"",
16,"EN_pullup_resistor","","EN1V_PULLUP_RES",50020,"",1,1,"EN0_PS1600",16,"931","","",155,"<=",201.053,"Kohm","<=",230,"P",0.0272827,***,"",
16,"EN_pullup_resistor","","EN0V_Current",50030,"",1,1,"EN0_PS1600",16,"931","","",-11,"<=",-8.98851,"uA","<=",-7,"P",0.0272827,***,"",
16,"EN_pullup_resistor","","EN1V_Current",50040,"",1,1,"EN0_PS1600",16,"931","","",-5.5,"<=",-3.97906,"uA","<=",-3,"P",0.0272827,***,"",
16,"Leakage_Test","","IOFF_REVERSE_VOUT_VIN_LEAKAGE_1mA",60030,"",1,1,"VIN",16,"931","","",-331,"<=",-265.175,"mV","<=",-205,"P",0.0588329,***,"",
16,"Leakage_Test","","IOFF_REVERSE_VOUT_VIN_LEAKAGE_10mA",60040,"",1,1,"VIN",16,"931","","",-340,"<=",-328.047,"mV","<=",-205,"P",0.0588329,***,"",
16,"Leakage_Test","","IOFF_REVERSE_VOUT_VIN_LEAKAGE_100mA",60050,"",1,1,"VIN",16,"931","","",-331,"<=",-206.106,"mV","<=",-205,"P",0.0588329,***,"",
16,"Nominal_Input_pin_Leakages","","LEAKAGE",70010,"",1,1,"EN0_PS1600",16,"931","","",10,"<=",24.2228,"uA","<=",40,"P",0.139807,***,"",
16,"Nominal_Input_pin_Leakages","","LEAKAGE",70060,"",1,1,"FAULTB_PS1600",16,"931","","",-0.2,"<=",0.00642314,"uA","<=",0.2,"P",0.139807,***,"",
16,"Nominal_Input_pin_Leakages","","LEAKAGE",70020,"",1,1,"FCB_PS1600",16,"931","","",-0.5,"<=",0.136876,"uA","<=",0.5,"P",0.139807,***,"",
16,"Nominal_Input_pin_Leakages","","LEAKAGE",70040,"",1,1,"ISEN_PS1600",16,"931","","",24,"<=",26.4709,"uA","<=",50,"P",0.139807,***,"",
16,"Nominal_Input_pin_Leakages","","LEAKAGE",70030,"",1,1,"ITRIP_PS1600",16,"931","","",14,"<=",16.5777,"uA","<=",25,"P",0.139807,***,"",
16,"Nominal_Input_pin_Leakages","","LEAKAGE",70080,"",1,1,"OFF_PS1600",16,"931","","",-0.2,"<=",0.0494294,"uA","<=",0.5,"P",0.139807,***,"",
16,"Nominal_Input_pin_Leakages","","LEAKAGE",70050,"",1,1,"SS_PS1600",16,"931","","",20,"<=",50.2338,"uA","<=",70,"P",0.139807,***,"",
16,"Nominal_Input_pin_Leakages","","LEAKAGE",70070,"",1,1,"VBIAS_PS1600",16,"931","","",5,"<=",28.4869,"uA","<=",40,"P",0.139807,***,"",
16,"Nominal_Input_pin_Leakages","","LEAKAGE_2V",70090,"",1,1,"OFF_PS1600",16,"931","","",-0.5,"<=",-0.0580667,"uA","<=",0.5,"P",0.139807,***,"",
16,"Output_enabled_leakage","","IVDD_VDD_3_Vin_3",80001,"",1,1,"VDD",16,"931","","",10,"<=",98.1828,"uA","<=",130,"P",0.495899,***,"",
16,"Output_enabled_leakage","","IVIN_VDD_3_Vin_3",80005,"",1,1,"VIN1",16,"931","","",10,"<=",52.3268,"uA","<=",75,"P",0.495899,***,"",
16,"Output_enabled_leakage","","IVDD_VDD_3_Vin_20",80010,"",1,1,"VDD",16,"931","","",10,"<=",99.1775,"uA","<=",150,"P",0.495899,***,"",
16,"Output_enabled_leakage","","IVIN_VDD_3_Vin_20",80014,"",1,1,"VIN1",16,"931","","",10,"<=",81.0605,"uA","<=",120,"P",0.495899,***,"",
16,"Output_enabled_leakage","","IVDD_VDD_20_Vin_3",80011,"",1,1,"VDD",16,"931","","",10,"<=",117.777,"uA","<=",150,"P",0.495899,***,"",
16,"Output_enabled_leakage","","IVIN_VDD_20_Vin_3",80015,"",1,1,"VIN1",16,"931","","",10,"<=",53.1222,"uA","<=",75,"P",0.495899,***,"",
16,"Output_enabled_leakage","","IVDD_VDD_20_Vin_20",80012,"",1,1,"VDD",16,"931","","",10,"<=",115.302,"uA","<=",175,"P",0.495899,***,"",
16,"Output_enabled_leakage","","IVIN_VDD_20_Vin_20",80016,"",1,1,"VIN1",16,"931","","",10,"<=",78.9687,"uA","<=",120,"P",0.495899,***,"",
16,"SCAN","","Scan_test",330010,"_rdi_burst_SCAN_bk4_mp",1,1,"@",16,"931","","",***,"",***," ","",***,"P",0.0437546,***,"",
16,"Logic","","Logic_test",340010,"_rdi_burst_Logic_bk6_mp",1,1,"@",16,"931","","",***,"",***," ","",***,"P",0.279346,***,"",
16,"POST_EFUSE_RESISTANCE","","POST_BANKA_EFUSE_RESISTANCE_BLOWN_BIT47",590001,"",1,1,"ISEN_PS1600",16,"931","","",3500,"<=",70459.4,"ohms","<=",85000,"P",3.61603,***,"",
16,"POST_EFUSE_RESISTANCE","","POST_BANKA_EFUSE_RESISTANCE_BLOWN_BIT46",590002,"",1,1,"ISEN_PS1600",16,"931","","",3500,"<=",70448,"ohms","<=",85000,"P",3.6658,***,"",
16,"POST_EFUSE_RESISTANCE","","POST_BANKA_EFUSE_RESISTANCE_UNBLOWN_BIT45",490003,"",1,1,"ISEN_PS1600",16,"931","","",65,"<=",91,"ohms","<=",200,"P",3.72201,***,"",
16,"POST_EFUSE_RESISTANCE","","POST_BANKA_EFUSE_RESISTANCE_BLOWN_BIT44",590004,"",1,1,"ISEN_PS1600",16,"931","","",3500,"<=",70482.2,"ohms","<=",85000,"P",2.88429,***,"",
16,"POST_EFUSE_RESISTANCE","","POST_BANKA_EFUSE_RESISTANCE_BLOWN_BIT43",590005,"",1,1,"ISEN_PS1600",16,"931","","",3500,"<=",70402.4,"ohms","<=",85000,"P",2.88406,***,"",
16,"POST_EFUSE_RESISTANCE","","POST_BANKA_EFUSE_RESISTANCE_UNBLOWN_BIT42",490006,"",1,1,"ISEN_PS1600",16,"931","","",65,"<=",91,"ohms","<=",200,"P",2.87233,***,"",
16,"POST_EFUSE_RESISTANCE","","POST_BANKA_EFUSE_RESISTANCE_UNBLOWN_BIT41",490007,"",1,1,"ISEN_PS1600",16,"931","","",65,"<=",79.6,"ohms","<=",200,"P",2.87233,***,"",
16,"POST_EFUSE_RESISTANCE","","POST_BANKA_EFUSE_RESISTANCE_UNBLOWN_BIT40",490008,"",1,1,"ISEN_PS1600",16,"931","","",65,"<=",68.2,"ohms","<=",200,"P",2.88725,***,"",
16,"POST_EFUSE_RESISTANCE","","POST_BANKA_EFUSE_RESISTANCE_UNBLOWN_BIT39",490009,"",1,1,"ISEN_PS1600",16,"931","","",65,"<=",91,"ohms","<=",200,"P",2.88323,***,"",
16,"POST_EFUSE_RESISTANCE","","POST_BANKA_EFUSE_RESISTANCE_BLOWN_BIT38",590010,"",1,1,"ISEN_PS1600",16,"931","","",3500,"<=",70482.2,"ohms","<=",85000,"P",2.88625,***,"",
16,"POST_EFUSE_RESISTANCE","","POST_BANKA_EFUSE_RESISTANCE_BLOWN_BIT37",590011,"",1,1,"ISEN_PS1600",16,"931","","",3500,"<=",70470.8,"ohms","<=",85000,"P",2.88604,***,"",
16,"POST_EFUSE_RESISTANCE","","POST_BANKA_EFUSE_RESISTANCE_BLOWN_BIT36",590012,"",1,1,"ISEN_PS1600",16,"931","","",3500,"<=",70448,"ohms","<=",85000,"P",2.88426,***,"",
16,"POST_EFUSE_RESISTANCE","","POST_BANKA_EFUSE_RESISTANCE_UNBLOWN_BIT35",490013,"",1,1,"ISEN_PS1600",16,"931","","",65,"<=",79.6,"ohms","<=",200,"P",2.88426,***,"",
16,"POST_EFUSE_RESISTANCE","","POST_BANKA_EFUSE_RESISTANCE_UNBLOWN_BIT34",490014,"",1,1,"ISEN_PS1600",16,"931","","",65,"<=",102.4,"ohms","<=",200,"P",2.88426,***,"",
16,"POST_EFUSE_RESISTANCE","","POST_BANKA_EFUSE_RESISTANCE_UNBLOWN_BIT33",490015,"",1,1,"ISEN_PS1600",16,"931","","",65,"<=",79.6,"ohms","<=",200,"P",2.88443,***,"",
16,"POST_EFUSE_RESISTANCE","","POST_BANKA_EFUSE_RESISTANCE_UNBLOWN_BIT32",490016,"",1,1,"ISEN_PS1600",16,"931","","",65,"<=",68.2,"ohms","<=",200,"P",2.88546,***,"",
16,"POST_EFUSE_RESISTANCE","","POST_BANKA_EFUSE_RESISTANCE_UNBLOWN_BIT31",490017,"",1,1,"ISEN_PS1600",16,"931","","",65,"<=",79.6,"ohms","<=",200,"P",2.89297,***,"",
16,"POST_EFUSE_RESISTANCE","","POST_BANKA_EFUSE_RESISTANCE_BLOWN_BIT30",590018,"",1,1,"ISEN_PS1600",16,"931","","",3500,"<=",70504.8,"ohms","<=",85000,"P",2.88735,***,"",
16,"POST_EFUSE_RESISTANCE","","POST_BANKA_EFUSE_RESISTANCE_BLOWN_BIT29",590019,"",1,1,"ISEN_PS1600",16,"931","","",3500,"<=",70493.4,"ohms","<=",85000,"P",2.8899,***,"",
16,"POST_EFUSE_RESISTANCE","","POST_BANKA_EFUSE_RESISTANCE_UNBLOWN_BIT28",490020,"",1,1,"ISEN_PS1600",16,"931","","",65,"<=",68.2,"ohms","<=",200,"P",2.88735,***,"",
16,"POST_EFUSE_RESISTANCE","","POST_BANKA_EFUSE_RESISTANCE_BLOWN_BIT27",590021,"",1,1,"ISEN_PS1600",16,"931","","",3500,"<=",70470.8,"ohms","<=",85000,"P",2.88735,***,"",
16,"POST_EFUSE_RESISTANCE","","POST_BANKA_EFUSE_RESISTANCE_UNBLOWN_BIT26",490022,"",1,1,"ISEN_PS1600",16,"931","","",65,"<=",102.4,"ohms","<=",200,"P",2.88209,***,"",
16,"POST_EFUSE_RESISTANCE","","POST_BANKA_EFUSE_RESISTANCE_BLOWN_BIT25",590023,"",1,1,"ISEN_PS1600",16,"931","","",3500,"<=",70493.4,"ohms","<=",85000,"P",2.88209,***,"",
16,"POST_EFUSE_RESISTANCE","","POST_BANKA_EFUSE_RESISTANCE_BLOWN_BIT24",590024,"",1,1,"ISEN_PS1600",16,"931","","",3500,"<=",70459.4,"ohms","<=",85000,"P",2.88625,***,"",
16,"POST_EFUSE_RESISTANCE","","POST_BANKA_EFUSE_RESISTANCE_UNBLOWN_BIT23",490025,"",1,1,"ISEN_PS1600",16,"931","","",65,"<=",79.6,"ohms","<=",200,"P",2.88735,***,"",
16,"POST_EFUSE_RESISTANCE","","POST_BANKA_EFUSE_RESISTANCE_UNBLOWN_BIT22",490026,"",1,1,"ISEN_PS1600",16,"931","","",65,"<=",102.4,"ohms","<=",200,"P",2.88564,***,"",
16,"POST_EFUSE_RESISTANCE","","POST_BANKA_EFUSE_RESISTANCE_UNBLOWN_BIT21",490027,"",1,1,"ISEN_PS1600",16,"931","","",65,"<=",102.4,"ohms","<=",200,"P",2.88425,***,"",
16,"POST_EFUSE_RESISTANCE","","POST_BANKA_EFUSE_RESISTANCE_UNBLOWN_BIT20",490028,"",1,1,"ISEN_PS1600",16,"931","","",65,"<=",91,"ohms","<=",200,"P",2.88425,***,"",
16,"POST_EFUSE_RESISTANCE","","POST_BANKA_EFUSE_RESISTANCE_UNBLOWN_BIT19",490029,"",1,1,"ISEN_PS1600",16,"931","","",65,"<=",68.2,"ohms","<=",200,"P",2.88425,***,"",
16,"POST_EFUSE_RESISTANCE","","POST_BANKA_EFUSE_RESISTANCE_UNBLOWN_BIT18",490030,"",1,1,"ISEN_PS1600",16,"931","","",65,"<=",79.6,"ohms","<=",200,"P",2.88482,***,"",
16,"POST_EFUSE_RESISTANCE","","POST_BANKA_EFUSE_RESISTANCE_BLOWN_BIT17",590031,"",1,1,"ISEN_PS1600",16,"931","","",3500,"<=",70505,"ohms","<=",85000,"P",2.88508,***,"",
16,"POST_EFUSE_RESISTANCE","","POST_BANKA_EFUSE_RESISTANCE_BLOWN_BIT16",590032,"",1,1,"ISEN_PS1600",16,"931","","",3500,"<=",70425.2,"ohms","<=",85000,"P",2.88508,***,"",
16,"POST_EFUSE_RESISTANCE","","POST_BANKA_EFUSE_RESISTANCE_UNBLOWN_BIT15",490033,"",1,1,"ISEN_PS1600",16,"931","","",65,"<=",56.8,"ohms","<=",200,"F",2.87269,***,"",
17,"CONTINUITY","","CONTINUITY",10030,"",1,1,"EN0_PS1600",17,"950","","",-500,"<=",-367.361,"mV","<=",-300,"P",0.132977,***,"",
17,"CONTINUITY","","CONTINUITY",10020,"",1,1,"FAULTB_PS1600",17,"950","","",-500,"<=",-421.655,"mV","<=",-300,"P",0.132977,***,"",
17,"CONTINUITY","","CONTINUITY",10050,"",1,1,"FCB_PS1600",17,"950","","",-500,"<=",-367.368,"mV","<=",-300,"P",0.132977,***,"",
17,"CONTINUITY","","CONTINUITY",10090,"",1,1,"ISEN_PS1600",17,"950","","",-500,"<=",-354.836,"mV","<=",-300,"P",0.132977,***,"",
17,"CONTINUITY","","CONTINUITY",10080,"",1,1,"ITRIP_PS1600",17,"950","","",-500,"<=",-369.929,"mV","<=",-300,"P",0.132977,***,"",
17,"CONTINUITY","","CONTINUITY",10040,"",1,1,"OFF_PS1600",17,"950","","",-500,"<=",-360.823,"mV","<=",-300,"P",0.132977,***,"",
17,"CONTINUITY","","CONTINUITY",10010,"",1,1,"SS_PS1600",17,"950","","",-500,"<=",-452.7,"mV","<=",-300,"P",0.132977,***,"",
17,"CONTINUITY","","CONTINUITY",10070,"",1,1,"VBIAS_PS1600",17,"950","","",-500,"<=",-292.352,"mV","<=",-200,"P",0.132977,***,"",
17,"CONTINUITY","","CONTINUITY",10060,"",1,1,"GND_PS1600",17,"950","","",-500,"<=",-354.153,"mV","<=",-300,"P",0.132977,***,"",
17,"CONTINUITY","","CONTINUITY",10180,"",1,1,"VIN1",17,"950","","",-360,"<=",-342.131,"mV","<=",-300,"P",0.132977,***,"",
17,"CONTINUITY","","CONTINUITY",10190,"",1,1,"VIN2",17,"950","","",-360,"<=",-342.508,"mV","<=",-300,"P",0.132977,***,"",
17,"CONTINUITY","","CONTINUITY",10200,"",1,1,"VIN3",17,"950","","",-360,"<=",-342.541,"mV","<=",-300,"P",0.132977,***,"",
17,"CONTINUITY","","CONTINUITY",10210,"",1,1,"VIN4_RS1",17,"950","","",-360,"<=",-342.077,"mV","<=",-300,"P",0.132977,***,"",
17,"CONTINUITY","","CONTINUITY",10220,"",1,1,"VIN4_RS2",17,"950","","",-360,"<=",-342.251,"mV","<=",-300,"P",0.132977,***,"",
17,"CONTINUITY","","CONTINUITY",10230,"",1,1,"VIN5_RS1",17,"950","","",-360,"<=",-342.436,"mV","<=",-300,"P",0.132977,***,"",
17,"CONTINUITY","","CONTINUITY",10240,"",1,1,"VIN5_RS2",17,"950","","",-360,"<=",-342.312,"mV","<=",-300,"P",0.132977,***,"",
17,"CONTINUITY","","CONTINUITY",10250,"",1,1,"VIN6",17,"950","","",-360,"<=",-342.354,"mV","<=",-300,"P",0.132977,***,"",
17,"CONTINUITY","","CONTINUITY",10100,"",1,1,"VOUT1",17,"950","","",-300,"<=",-223.505,"mV","<=",-200,"P",0.132977,***,"",
17,"CONTINUITY","","CONTINUITY",10110,"",1,1,"VOUT2_RS1",17,"950","","",-300,"<=",-223.463,"mV","<=",-200,"P",0.132977,***,"",
17,"CONTINUITY","","CONTINUITY",10120,"",1,1,"VOUT2_RS2",17,"950","","",-300,"<=",-223.408,"mV","<=",-200,"P",0.132977,***,"",
17,"CONTINUITY","","CONTINUITY",10130,"",1,1,"VOUT3_RS1",17,"950","","",-300,"<=",-223.429,"mV","<=",-200,"P",0.132977,***,"",
17,"CONTINUITY","","CONTINUITY",10140,"",1,1,"VOUT3_RS2",17,"950","","",-300,"<=",-223.238,"mV","<=",-200,"P",0.132977,***,"",
17,"CONTINUITY","","CONTINUITY",10150,"",1,1,"VOUT4",17,"950","","",-300,"<=",-223.604,"mV","<=",-200,"P",0.132977,***,"",
17,"CONTINUITY","","CONTINUITY",10160,"",1,1,"VOUT5",17,"950","","",-300,"<=",-223.701,"mV","<=",-200,"P",0.132977,***,"",
17,"CONTINUITY","","CONTINUITY",10170,"",1,1,"VOUT6",17,"950","","",-300,"<=",-223.536,"mV","<=",-200,"P",0.132977,***,"",
17,"Pin_to_Pin_Leakage","","PIN_TO_PIN_POS_LEAKAGE_PIN",20010,"",1,1,"FAULTB_PS1600",17,"950","","",-200,"<=",-5.83439,"nA","<=",200,"P",0.416773,***,"",
17,"Pin_to_Pin_Leakage","","PIN_TO_PIN_NEG_LEAKAGE_PIN",20110,"",1,1,"FAULTB_PS1600",17,"950","","",-200,"<=",-5.83439,"nA","<=",200,"P",0.416773,***,"",
17,"Pin_to_Pin_Leakage","","PIN_TO_PIN_POS_LEAKAGE_PIN",20020,"",1,1,"ITRIP_PS1600",17,"950","","",-200,"<=",-10.6787,"nA","<=",200,"P",0.416773,***,"",
17,"Pin_to_Pin_Leakage","","PIN_TO_PIN_NEG_LEAKAGE_PIN",20120,"",1,1,"ITRIP_PS1600",17,"950","","",-200,"<=",-10.6787,"nA","<=",200,"P",0.416773,***,"",
17,"Pin_to_Pin_Leakage","","PIN_TO_PIN_POS_LEAKAGE_PIN",20030,"",1,1,"OFF_PS1600",17,"950","","",-200,"<=",-8.43421,"nA","<=",200,"P",0.416773,***,"",
17,"Pin_to_Pin_Leakage","","PIN_TO_PIN_NEG_LEAKAGE_PIN",20130,"",1,1,"OFF_PS1600",17,"950","","",-200,"<=",-8.43421,"nA","<=",200,"P",0.416773,***,"",
17,"Pin_to_Pin_Leakage","","PIN_TO_PIN_POS_LEAKAGE_PIN",20040,"",1,1,"SS_PS1600",17,"950","","",-200,"<=",-10.8937,"nA","<=",200,"P",0.416773,***,"",
17,"Pin_to_Pin_Leakage","","PIN_TO_PIN_NEG_LEAKAGE_PIN",20140,"",1,1,"SS_PS1600",17,"950","","",-200,"<=",-10.8937,"nA","<=",200,"P",0.416773,***,"",
17,"Pin_to_Pin_Leakage","","PIN_TO_PIN_POS_LEAKAGE_PIN",20050,"",1,1,"VIN1",17,"950","","",10,"<=",299.38,"nA","<=",500,"P",0.416773,***,"",
17,"Pin_to_Pin_Leakage","","PIN_TO_PIN_NEG_LEAKAGE_PIN",20150,"",1,1,"VIN1",17,"950","","",-500,"<=",-298.22,"nA","<=",-10,"P",0.416773,***,"",
17,"Pin_to_Pin_Leakage","","PIN_TO_PIN_POS_LEAKAGE_PIN",20060,"",1,1,"VOUT1",17,"950","","",10,"<=",303.382,"nA","<=",500,"P",0.416773,***,"",
17,"Pin_to_Pin_Leakage","","PIN_TO_PIN_NEG_LEAKAGE_PIN",20160,"",1,1,"VOUT1",17,"950","","",-500,"<=",-299.402,"nA","<=",-10,"P",0.416773,***,"",
17,"Pin_to_Pin_Leakage","","PIN_TO_PIN_POS_LEAKAGE_PIN",20070,"",1,1,"EN0_PS1600",17,"950","","",300,"<=",501.433,"nA","<=",700,"P",0.416773,***,"",
17,"Pin_to_Pin_Leakage","","PIN_TO_PIN_NEG_LEAKAGE_PIN",20170,"",1,1,"EN0_PS1600",17,"950","","",-700,"<=",-505.963,"nA","<=",-300,"P",0.416773,***,"",
17,"Pin_to_Pin_Leakage","","PIN_TO_PIN_POS_LEAKAGE_PIN",20080,"",1,1,"FCB_PS1600",17,"950","","",-200,"<=",0.0421979,"nA","<=",200,"P",0.416773,***,"",
17,"Pin_to_Pin_Leakage","","PIN_TO_PIN_NEG_LEAKAGE_PIN",20180,"",1,1,"FCB_PS1600",17,"950","","",-200,"<=",-5.32372,"nA","<=",200,"P",0.416773,***,"",
17,"Pin_to_Pin_Leakage","","PIN_TO_PIN_POS_LEAKAGE_PIN",20090,"",1,1,"ISEN_PS1600",17,"950","","",-200,"<=",-0.465539,"nA","<=",200,"P",0.416773,***,"",
17,"Pin_to_Pin_Leakage","","PIN_TO_PIN_NEG_LEAKAGE_PIN",20190,"",1,1,"ISEN_PS1600",17,"950","","",-200,"<=",-10.1338,"nA","<=",200,"P",0.416773,***,"",
17,"Pin_to_Pin_Leakage","","PIN_TO_PIN_POS_LEAKAGE_PIN_VBIAS_PS1600",20100,"",1,1,"VBIAS_PS1600",17,"950","","",500,"<=",768,"nA","<=",1000,"P",0.416773,***,"",
17,"Pin_to_Pin_Leakage","","PIN_TO_PIN_NEG_LEAKAGE_PIN_VBIAS_PS1600",20200,"",1,1,"VBIAS_PS1600",17,"950","","",-1000,"<=",-860,"nA","<=",-500,"P",0.416773,***,"",
17,"IVDDFL_IVINFL_RONFL","","RON_200mAVDD_5_VIN_5_20V_Part",90050,"",1,1,"VIN1",17,"950","","",0.01,"<=",0.0230283,"ohm","<=",0.03,"P",0.034414,***,"",
17,"IVDDFL_IVINFL_RONFL","","DEVICE_VARIENT_TRUE",90060,"",1,1,"VIN1",17,"950","","",0.5,"<=",1,"","<=",1.5,"P",0.034414,***,"",
17,"Fuse_Burn_Check","","BANKA_BIT5_BLOWN_TRUE",1000001,"",1,1,"OFF_PS1600",17,"950","","",0,"<=",1,"","<=",1,"P",0.0995141,***,"",
17,"Gross_Functional_EN_FCB_FAULTB_OFF","","EN_FCB_LOW_VOUT_LOW",30010,"",1,1,"VOUT4",17,"950","","",-0.001,"<=",0.0191593,"V","<=",1,"P",0.231374,***,"",
17,"Gross_Functional_EN_FCB_FAULTB_OFF","","EN_FCB_LOW_OFF_HIGH",30020,"",1,1,"OFF_PS1600",17,"950","","",1.6,"<=",1.79535,"V","<=",2.3,"P",0.231374,***,"",
17,"Gross_Functional_EN_FCB_FAULTB_OFF","","FCB_LOW_VOUT_LOW",30030,"",1,1,"VOUT4",17,"950","","",-0.001,"<=",0.000835419,"V","<=",0.5,"P",0.231374,***,"",
17,"Gross_Functional_EN_FCB_FAULTB_OFF","","FCB_LOW_OFF_HIGH",30040,"",1,1,"OFF_PS1600",17,"950","","",1.6,"<=",1.79649,"V","<=",2.3,"P",0.231374,***,"",
17,"Gross_Functional_EN_FCB_FAULTB_OFF","","EN_LOW_VOUT_LOW",30050,"",1,1,"VOUT4",17,"950","","",-0.001,"<=",0.000961304,"V","<=",0.5,"P",0.231374,***,"",
17,"Gross_Functional_EN_FCB_FAULTB_OFF","","EN_LOW_OFF_HIGH",30060,"",1,1,"OFF_PS1600",17,"950","","",1.6,"<=",1.79558,"V","<=",2.3,"P",0.231374,***,"",
17,"Gross_Functional_EN_FCB_FAULTB_OFF","","EN_FCB_HIGH_VOUT_HIGH",30070,"",1,1,"VOUT4",17,"950","","",4.85,"<=",5.00003,"V","<=",5.1,"P",0.231374,***,"",
17,"Gross_Functional_EN_FCB_FAULTB_OFF","","EN_FCB_HIGH_OFF_LOW",30080,"",1,1,"OFF_PS1600",17,"950","","",-0.001,"<=",0.000714269,"V","<=",0.5,"P",0.231374,***,"",
17,"Gross_Functional_EN_FCB_FAULTB_OFF","","FAULT_SET_VOUT_LOW",30090,"",1,1,"VOUT4",17,"950","","",-0.001,"<=",0.000375748,"V","<=",0.5,"P",0.231374,***,"",
17,"Gross_Functional_EN_FCB_FAULTB_OFF","","FAULT_SET_OFF_HIGH",30100,"",1,1,"OFF_PS1600",17,"950","","",1.6,"<=",1.84037,"V","<=",2.3,"P",0.231374,***,"",
17,"Gross_Functional_EN_FCB_FAULTB_OFF","","FAULT_RESET_VOUT_HIGH",30110,"",1,1,"VOUT4",17,"950","","",4.85,"<=",4.99993,"V","<=",5.1,"P",0.231374,***,"",
17,"Gross_Functional_EN_FCB_FAULTB_OFF","","FAULT_RESET_OFF_LOW",30120,"",1,1,"OFF_PS1600",17,"950","","",0,"<=",0.000714269,"V","<=",0.5,"P",0.231374,***,"",
17,"Output_disabled_leakage","","IVDDDIS_VDD_3_VIN_3",40010,"",1,1,"VDD",17,"950","","",10,"<=",103.223,"uA","<=",166.5,"P",0.10165,***,"",
17,"Output_disabled_leakage","","IVINDIS_VDD_3_VIN_3",40050,"",1,1,"VIN1",17,"950","","",10,"<=",68.3125,"uA","<=",166.5,"P",0.10165,***,"",
17,"Output_disabled_leakage","","IOFF_VDD_3_VIN_3",40090,"",1,1,"VOUT4",17,"950","","",-14,"<=",-1.48879,"uA","<=",11,"P",0.10165,***,"",
17,"Output_disabled_leakage","","IVDDDIS_VDD_3_VIN_20",40020,"",1,1,"VDD",17,"950","","",10,"<=",104.77,"uA","<=",166.5,"P",0.10165,***,"",
17,"Output_disabled_leakage","","IVINDIS_VDD_3_VIN_20",40060,"",1,1,"VIN1",17,"950","","",10,"<=",88.7942,"uA","<=",166.5,"P",0.10165,***,"",
17,"Output_disabled_leakage","","IOFF_VDD_3_VIN_20",40100,"",1,1,"VOUT4",17,"950","","",-14,"<=",-1.2745,"uA","<=",11,"P",0.10165,***,"",
17,"Output_disabled_leakage","","IVINVDD0_VIN_3",40130,"",1,1,"VIN1",17,"950","","",10,"<=",65.3677,"uA","<=",166.5,"P",0.10165,***,"",
17,"Output_disabled_leakage","","IOFFVDD0_VIN_3",40150,"",1,1,"VOUT4",17,"950","","",-14,"<=",-1.24208,"uA","<=",11,"P",0.10165,***,"",
17,"Output_disabled_leakage","","IVDDDIS_VDD_20_VIN_3",40030,"",1,1,"VDD",17,"950","","",10,"<=",133.14,"uA","<=",166.5,"P",0.10165,***,"",
17,"Output_disabled_leakage","","IVINDIS_VDD_20_VIN_3",40070,"",1,1,"VIN1",17,"950","","",10,"<=",75.4232,"uA","<=",166.5,"P",0.10165,***,"",
17,"Output_disabled_leakage","","IOFF_VDD_20_VIN_3",40110,"",1,1,"VOUT4",17,"950","","",-14,"<=",-1.61531,"uA","<=",11,"P",0.10165,***,"",
17,"Output_disabled_leakage","","IVDDDIS_VDD_20_VIN_20",40040,"",1,1,"VDD",17,"950","","",10,"<=",135.027,"uA","<=",166.5,"P",0.10165,***,"",
17,"Output_disabled_leakage","","IVINDIS_VDD_20_VIN_20",40080,"",1,1,"VIN1",17,"950","","",10,"<=",90.6885,"uA","<=",166.5,"P",0.10165,***,"",
17,"Output_disabled_leakage","","IOFF_VDD_20_VIN_20",40120,"",1,1,"VOUT4",17,"950","","",-14,"<=",-1.34838,"uA","<=",11,"P",0.10165,***,"",
17,"Output_disabled_leakage","","IVINVDD0_VIN_20",40140,"",1,1,"VIN1",17,"950","","",10,"<=",109.395,"uA","<=",166.5,"P",0.10165,***,"",
17,"Output_disabled_leakage","","IOFFVDD0_VIN_20",40160,"",1,1,"VOUT4",17,"950","","",-14,"<=",-2.11704,"uA","<=",11,"P",0.10165,***,"",
17,"EN_pullup_resistor","","EN0V_PULLUP_RES",50010,"",1,1,"EN0_PS1600",17,"950","","",155,"<=",200.369,"Kohm","<=",230,"P",0.0272827,***,"",
17,"EN_pullup_resistor","","EN1V_PULLUP_RES",50020,"",1,1,"EN0_PS1600",17,"950","","",155,"<=",201.699,"Kohm","<=",230,"P",0.0272827,***,"",
17,"EN_pullup_resistor","","EN0V_Current",50030,"",1,1,"EN0_PS1600",17,"950","","",-11,"<=",-8.98341,"uA","<=",-7,"P",0.0272827,***,"",
17,"EN_pullup_resistor","","EN1V_Current",50040,"",1,1,"EN0_PS1600",17,"950","","",-5.5,"<=",-3.96631,"uA","<=",-3,"P",0.0272827,***,"",
17,"Leakage_Test","","IOFF_REVERSE_VOUT_VIN_LEAKAGE_1mA",60030,"",1,1,"VIN",17,"950","","",-331,"<=",-265.791,"mV","<=",-205,"P",0.0588329,***,"",
17,"Leakage_Test","","IOFF_REVERSE_VOUT_VIN_LEAKAGE_10mA",60040,"",1,1,"VIN",17,"950","","",-340,"<=",-327.95,"mV","<=",-205,"P",0.0588329,***,"",
17,"Leakage_Test","","IOFF_REVERSE_VOUT_VIN_LEAKAGE_100mA",60050,"",1,1,"VIN",17,"950","","",-331,"<=",-204.994,"mV","<=",-205,"F",0.0588329,***,"",
18,"CONTINUITY","","CONTINUITY",10030,"",1,1,"EN0_PS1600",18,"969","","",-500,"<=",-365.598,"mV","<=",-300,"P",0.132977,***,"",
18,"CONTINUITY","","CONTINUITY",10020,"",1,1,"FAULTB_PS1600",18,"969","","",-500,"<=",-423.704,"mV","<=",-300,"P",0.132977,***,"",
18,"CONTINUITY","","CONTINUITY",10050,"",1,1,"FCB_PS1600",18,"969","","",-500,"<=",-365.092,"mV","<=",-300,"P",0.132977,***,"",
18,"CONTINUITY","","CONTINUITY",10090,"",1,1,"ISEN_PS1600",18,"969","","",-500,"<=",-353.3,"mV","<=",-300,"P",0.132977,***,"",
18,"CONTINUITY","","CONTINUITY",10080,"",1,1,"ITRIP_PS1600",18,"969","","",-500,"<=",-368.962,"mV","<=",-300,"P",0.132977,***,"",
18,"CONTINUITY","","CONTINUITY",10040,"",1,1,"OFF_PS1600",18,"969","","",-500,"<=",-358.944,"mV","<=",-300,"P",0.132977,***,"",
18,"CONTINUITY","","CONTINUITY",10010,"",1,1,"SS_PS1600",18,"969","","",-500,"<=",-453.44,"mV","<=",-300,"P",0.132977,***,"",
18,"CONTINUITY","","CONTINUITY",10070,"",1,1,"VBIAS_PS1600",18,"969","","",-500,"<=",-292.864,"mV","<=",-200,"P",0.132977,***,"",
18,"CONTINUITY","","CONTINUITY",10060,"",1,1,"GND_PS1600",18,"969","","",-500,"<=",-354.21,"mV","<=",-300,"P",0.132977,***,"",
18,"CONTINUITY","","CONTINUITY",10180,"",1,1,"VIN1",18,"969","","",-360,"<=",-340.38,"mV","<=",-300,"P",0.132977,***,"",
18,"CONTINUITY","","CONTINUITY",10190,"",1,1,"VIN2",18,"969","","",-360,"<=",-340.857,"mV","<=",-300,"P",0.132977,***,"",
18,"CONTINUITY","","CONTINUITY",10200,"",1,1,"VIN3",18,"969","","",-360,"<=",-341.009,"mV","<=",-300,"P",0.132977,***,"",
18,"CONTINUITY","","CONTINUITY",10210,"",1,1,"VIN4_RS1",18,"969","","",-360,"<=",-340.975,"mV","<=",-300,"P",0.132977,***,"",
18,"CONTINUITY","","CONTINUITY",10220,"",1,1,"VIN4_RS2",18,"969","","",-360,"<=",-341.158,"mV","<=",-300,"P",0.132977,***,"",
18,"CONTINUITY","","CONTINUITY",10230,"",1,1,"VIN5_RS1",18,"969","","",-360,"<=",-340.7,"mV","<=",-300,"P",0.132977,***,"",
18,"CONTINUITY","","CONTINUITY",10240,"",1,1,"VIN5_RS2",18,"969","","",-360,"<=",-340.916,"mV","<=",-300,"P",0.132977,***,"",
18,"CONTINUITY","","CONTINUITY",10250,"",1,1,"VIN6",18,"969","","",-360,"<=",-340.822,"mV","<=",-300,"P",0.132977,***,"",
18,"CONTINUITY","","CONTINUITY",10100,"",1,1,"VOUT1",18,"969","","",-300,"<=",-223.696,"mV","<=",-200,"P",0.132977,***,"",
18,"CONTINUITY","","CONTINUITY",10110,"",1,1,"VOUT2_RS1",18,"969","","",-300,"<=",-223.391,"mV","<=",-200,"P",0.132977,***,"",
18,"CONTINUITY","","CONTINUITY",10120,"",1,1,"VOUT2_RS2",18,"969","","",-300,"<=",-223.488,"mV","<=",-200,"P",0.132977,***,"",
18,"CONTINUITY","","CONTINUITY",10130,"",1,1,"VOUT3_RS1",18,"969","","",-300,"<=",-223.4,"mV","<=",-200,"P",0.132977,***,"",
18,"CONTINUITY","","CONTINUITY",10140,"",1,1,"VOUT3_RS2",18,"969","","",-300,"<=",-223.53,"mV","<=",-200,"P",0.132977,***,"",
18,"CONTINUITY","","CONTINUITY",10150,"",1,1,"VOUT4",18,"969","","",-300,"<=",-223.419,"mV","<=",-200,"P",0.132977,***,"",
18,"CONTINUITY","","CONTINUITY",10160,"",1,1,"VOUT5",18,"969","","",-300,"<=",-223.387,"mV","<=",-200,"P",0.132977,***,"",
18,"CONTINUITY","","CONTINUITY",10170,"",1,1,"VOUT6",18,"969","","",-300,"<=",-223.295,"mV","<=",-200,"P",0.132977,***,"",
18,"Pin_to_Pin_Leakage","","PIN_TO_PIN_POS_LEAKAGE_PIN",20010,"",1,1,"FAULTB_PS1600",18,"969","","",-200,"<=",-6.49455,"nA","<=",200,"P",0.416773,***,"",
18,"Pin_to_Pin_Leakage","","PIN_TO_PIN_NEG_LEAKAGE_PIN",20110,"",1,1,"FAULTB_PS1600",18,"969","","",-200,"<=",-6.49455,"nA","<=",200,"P",0.416773,***,"",
18,"Pin_to_Pin_Leakage","","PIN_TO_PIN_POS_LEAKAGE_PIN",20020,"",1,1,"ITRIP_PS1600",18,"969","","",-200,"<=",-10.7296,"nA","<=",200,"P",0.416773,***,"",
18,"Pin_to_Pin_Leakage","","PIN_TO_PIN_NEG_LEAKAGE_PIN",20120,"",1,1,"ITRIP_PS1600",18,"969","","",-200,"<=",-10.7296,"nA","<=",200,"P",0.416773,***,"",
18,"Pin_to_Pin_Leakage","","PIN_TO_PIN_POS_LEAKAGE_PIN",20030,"",1,1,"OFF_PS1600",18,"969","","",-200,"<=",-9.45781,"nA","<=",200,"P",0.416773,***,"",
18,"Pin_to_Pin_Leakage","","PIN_TO_PIN_NEG_LEAKAGE_PIN",20130,"",1,1,"OFF_PS1600",18,"969","","",-200,"<=",-9.45781,"nA","<=",200,"P",0.416773,***,"",
18,"Pin_to_Pin_Leakage","","PIN_TO_PIN_POS_LEAKAGE_PIN",20040,"",1,1,"SS_PS1600",18,"969","","",-200,"<=",-11.9152,"nA","<=",200,"P",0.416773,***,"",
18,"Pin_to_Pin_Leakage","","PIN_TO_PIN_NEG_LEAKAGE_PIN",20140,"",1,1,"SS_PS1600",18,"969","","",-200,"<=",-11.9152,"nA","<=",200,"P",0.416773,***,"",
18,"Pin_to_Pin_Leakage","","PIN_TO_PIN_POS_LEAKAGE_PIN",20050,"",1,1,"VIN1",18,"969","","",10,"<=",297.07,"nA","<=",500,"P",0.416773,***,"",
18,"Pin_to_Pin_Leakage","","PIN_TO_PIN_NEG_LEAKAGE_PIN",20150,"",1,1,"VIN1",18,"969","","",-500,"<=",-296.561,"nA","<=",-10,"P",0.416773,***,"",
18,"Pin_to_Pin_Leakage","","PIN_TO_PIN_POS_LEAKAGE_PIN",20060,"",1,1,"VOUT1",18,"969","","",10,"<=",301.13,"nA","<=",500,"P",0.416773,***,"",
18,"Pin_to_Pin_Leakage","","PIN_TO_PIN_NEG_LEAKAGE_PIN",20160,"",1,1,"VOUT1",18,"969","","",-500,"<=",-298.751,"nA","<=",-10,"P",0.416773,***,"",
18,"Pin_to_Pin_Leakage","","PIN_TO_PIN_POS_LEAKAGE_PIN",20070,"",1,1,"EN0_PS1600",18,"969","","",300,"<=",496.453,"nA","<=",700,"P",0.416773,***,"",
18,"Pin_to_Pin_Leakage","","PIN_TO_PIN_NEG_LEAKAGE_PIN",20170,"",1,1,"EN0_PS1600",18,"969","","",-700,"<=",-500.265,"nA","<=",-300,"P",0.416773,***,"",
18,"Pin_to_Pin_Leakage","","PIN_TO_PIN_POS_LEAKAGE_PIN",20080,"",1,1,"FCB_PS1600",18,"969","","",-200,"<=",-0.109819,"nA","<=",200,"P",0.416773,***,"",
18,"Pin_to_Pin_Leakage","","PIN_TO_PIN_NEG_LEAKAGE_PIN",20180,"",1,1,"FCB_PS1600",18,"969","","",-200,"<=",-6.13447,"nA","<=",200,"P",0.416773,***,"",
18,"Pin_to_Pin_Leakage","","PIN_TO_PIN_POS_LEAKAGE_PIN",20090,"",1,1,"ISEN_PS1600",18,"969","","",-200,"<=",0.45521,"nA","<=",200,"P",0.416773,***,"",
18,"Pin_to_Pin_Leakage","","PIN_TO_PIN_NEG_LEAKAGE_PIN",20190,"",1,1,"ISEN_PS1600",18,"969","","",-200,"<=",-10.3384,"nA","<=",200,"P",0.416773,***,"",
18,"Pin_to_Pin_Leakage","","PIN_TO_PIN_POS_LEAKAGE_PIN_VBIAS_PS1600",20100,"",1,1,"VBIAS_PS1600",18,"969","","",500,"<=",802,"nA","<=",1000,"P",0.416773,***,"",
18,"Pin_to_Pin_Leakage","","PIN_TO_PIN_NEG_LEAKAGE_PIN_VBIAS_PS1600",20200,"",1,1,"VBIAS_PS1600",18,"969","","",-1000,"<=",-875,"nA","<=",-500,"P",0.416773,***,"",
18,"IVDDFL_IVINFL_RONFL","","RON_200mAVDD_5_VIN_5_20V_Part",90050,"",1,1,"VIN1",18,"969","","",0.01,"<=",0.0232071,"ohm","<=",0.03,"P",0.034414,***,"",
18,"IVDDFL_IVINFL_RONFL","","DEVICE_VARIENT_TRUE",90060,"",1,1,"VIN1",18,"969","","",0.5,"<=",1,"","<=",1.5,"P",0.034414,***,"",
18,"Fuse_Burn_Check","","BANKA_BIT5_BLOWN_TRUE",1000001,"",1,1,"OFF_PS1600",18,"969","","",0,"<=",1,"","<=",1,"P",0.0995141,***,"",
18,"Gross_Functional_EN_FCB_FAULTB_OFF","","EN_FCB_LOW_VOUT_LOW",30010,"",1,1,"VOUT4",18,"969","","",-0.001,"<=",0.0180225,"V","<=",1,"P",0.231374,***,"",
18,"Gross_Functional_EN_FCB_FAULTB_OFF","","EN_FCB_LOW_OFF_HIGH",30020,"",1,1,"OFF_PS1600",18,"969","","",1.6,"<=",1.81089,"V","<=",2.3,"P",0.231374,***,"",
18,"Gross_Functional_EN_FCB_FAULTB_OFF","","FCB_LOW_VOUT_LOW",30030,"",1,1,"VOUT4",18,"969","","",-0.001,"<=",0.000999451,"V","<=",0.5,"P",0.231374,***,"",
18,"Gross_Functional_EN_FCB_FAULTB_OFF","","FCB_LOW_OFF_HIGH",30040,"",1,1,"OFF_PS1600",18,"969","","",1.6,"<=",1.8118,"V","<=",2.3,"P",0.231374,***,"",
18,"Gross_Functional_EN_FCB_FAULTB_OFF","","EN_LOW_VOUT_LOW",30050,"",1,1,"VOUT4",18,"969","","",-0.001,"<=",0.00147629,"V","<=",0.5,"P",0.231374,***,"",
18,"Gross_Functional_EN_FCB_FAULTB_OFF","","EN_LOW_OFF_HIGH",30060,"",1,1,"OFF_PS1600",18,"969","","",1.6,"<=",1.81111,"V","<=",2.3,"P",0.231374,***,"",
18,"Gross_Functional_EN_FCB_FAULTB_OFF","","EN_FCB_HIGH_VOUT_HIGH",30070,"",1,1,"VOUT4",18,"969","","",4.85,"<=",4.99966,"V","<=",5.1,"P",0.231374,***,"",
18,"Gross_Functional_EN_FCB_FAULTB_OFF","","EN_FCB_HIGH_OFF_LOW",30080,"",1,1,"OFF_PS1600",18,"969","","",-0.001,"<=",0.000714269,"V","<=",0.5,"P",0.231374,***,"",
18,"Gross_Functional_EN_FCB_FAULTB_OFF","","FAULT_SET_VOUT_LOW",30090,"",1,1,"VOUT4",18,"969","","",-0.001,"<=",0.000473022,"V","<=",0.5,"P",0.231374,***,"",
18,"Gross_Functional_EN_FCB_FAULTB_OFF","","FAULT_SET_OFF_HIGH",30100,"",1,1,"OFF_PS1600",18,"969","","",1.6,"<=",1.85653,"V","<=",2.3,"P",0.231374,***,"",
18,"Gross_Functional_EN_FCB_FAULTB_OFF","","FAULT_RESET_VOUT_HIGH",30110,"",1,1,"VOUT4",18,"969","","",4.85,"<=",5.00013,"V","<=",5.1,"P",0.231374,***,"",
18,"Gross_Functional_EN_FCB_FAULTB_OFF","","FAULT_RESET_OFF_LOW",30120,"",1,1,"OFF_PS1600",18,"969","","",0,"<=",0.000714269,"V","<=",0.5,"P",0.231374,***,"",
18,"Output_disabled_leakage","","IVDDDIS_VDD_3_VIN_3",40010,"",1,1,"VDD",18,"969","","",10,"<=",109.151,"uA","<=",166.5,"P",0.10165,***,"",
18,"Output_disabled_leakage","","IVINDIS_VDD_3_VIN_3",40050,"",1,1,"VIN1",18,"969","","",10,"<=",74.7135,"uA","<=",166.5,"P",0.10165,***,"",
18,"Output_disabled_leakage","","IOFF_VDD_3_VIN_3",40090,"",1,1,"VOUT4",18,"969","","",-14,"<=",-1.5695,"uA","<=",11,"P",0.10165,***,"",
18,"Output_disabled_leakage","","IVDDDIS_VDD_3_VIN_20",40020,"",1,1,"VDD",18,"969","","",10,"<=",107.722,"uA","<=",166.5,"P",0.10165,***,"",
18,"Output_disabled_leakage","","IVINDIS_VDD_3_VIN_20",40060,"",1,1,"VIN1",18,"969","","",10,"<=",95.306,"uA","<=",166.5,"P",0.10165,***,"",
18,"Output_disabled_leakage","","IOFF_VDD_3_VIN_20",40100,"",1,1,"VOUT4",18,"969","","",-14,"<=",-1.65237,"uA","<=",11,"P",0.10165,***,"",
18,"Output_disabled_leakage","","IVINVDD0_VIN_3",40130,"",1,1,"VIN1",18,"969","","",10,"<=",74.232,"uA","<=",166.5,"P",0.10165,***,"",
18,"Output_disabled_leakage","","IOFFVDD0_VIN_3",40150,"",1,1,"VOUT4",18,"969","","",-14,"<=",-1.30547,"uA","<=",11,"P",0.10165,***,"",
18,"Output_disabled_leakage","","IVDDDIS_VDD_20_VIN_3",40030,"",1,1,"VDD",18,"969","","",10,"<=",122.64,"uA","<=",166.5,"P",0.10165,***,"",
18,"Output_disabled_leakage","","IVINDIS_VDD_20_VIN_3",40070,"",1,1,"VIN1",18,"969","","",10,"<=",72.3526,"uA","<=",166.5,"P",0.10165,***,"",
18,"Output_disabled_leakage","","IOFF_VDD_20_VIN_3",40110,"",1,1,"VOUT4",18,"969","","",-14,"<=",-1.56923,"uA","<=",11,"P",0.10165,***,"",
18,"Output_disabled_leakage","","IVDDDIS_VDD_20_VIN_20",40040,"",1,1,"VDD",18,"969","","",10,"<=",132.451,"uA","<=",166.5,"P",0.10165,***,"",
18,"Output_disabled_leakage","","IVINDIS_VDD_20_VIN_20",40080,"",1,1,"VIN1",18,"969","","",10,"<=",92.9385,"uA","<=",166.5,"P",0.10165,***,"",
18,"Output_disabled_leakage","","IOFF_VDD_20_VIN_20",40120,"",1,1,"VOUT4",18,"969","","",-14,"<=",-1.51417,"uA","<=",11,"P",0.10165,***,"",
18,"Output_disabled_leakage","","IVINVDD0_VIN_20",40140,"",1,1,"VIN1",18,"969","","",10,"<=",112.71,"uA","<=",166.5,"P",0.10165,***,"",
18,"Output_disabled_leakage","","IOFFVDD0_VIN_20",40160,"",1,1,"VOUT4",18,"969","","",-14,"<=",-2.1625,"uA","<=",11,"P",0.10165,***,"",
18,"EN_pullup_resistor","","EN0V_PULLUP_RES",50010,"",1,1,"EN0_PS1600",18,"969","","",155,"<=",202.496,"Kohm","<=",230,"P",0.0272827,***,"",
18,"EN_pullup_resistor","","EN1V_PULLUP_RES",50020,"",1,1,"EN0_PS1600",18,"969","","",155,"<=",203.267,"Kohm","<=",230,"P",0.0272827,***,"",
18,"EN_pullup_resistor","","EN0V_Current",50030,"",1,1,"EN0_PS1600",18,"969","","",-11,"<=",-8.88906,"uA","<=",-7,"P",0.0272827,***,"",
18,"EN_pullup_resistor","","EN1V_Current",50040,"",1,1,"EN0_PS1600",18,"969","","",-5.5,"<=",-3.93571,"uA","<=",-3,"P",0.0272827,***,"",
18,"Leakage_Test","","IOFF_REVERSE_VOUT_VIN_LEAKAGE_1mA",60030,"",1,1,"VIN",18,"969","","",-331,"<=",-265.48,"mV","<=",-205,"P",0.0588329,***,"",
18,"Leakage_Test","","IOFF_REVERSE_VOUT_VIN_LEAKAGE_10mA",60040,"",1,1,"VIN",18,"969","","",-340,"<=",-327.904,"mV","<=",-205,"P",0.0588329,***,"",
18,"Leakage_Test","","IOFF_REVERSE_VOUT_VIN_LEAKAGE_100mA",60050,"",1,1,"VIN",18,"969","","",-331,"<=",-205.208,"mV","<=",-205,"P",0.0588329,***,"",
18,"Nominal_Input_pin_Leakages","","LEAKAGE",70010,"",1,1,"EN0_PS1600",18,"969","","",10,"<=",24.0239,"uA","<=",40,"P",0.139807,***,"",
18,"Nominal_Input_pin_Leakages","","LEAKAGE",70060,"",1,1,"FAULTB_PS1600",18,"969","","",-0.2,"<=",0.00616929,"uA","<=",0.2,"P",0.139807,***,"",
18,"Nominal_Input_pin_Leakages","","LEAKAGE",70020,"",1,1,"FCB_PS1600",18,"969","","",-0.5,"<=",0.11181,"uA","<=",0.5,"P",0.139807,***,"",
18,"Nominal_Input_pin_Leakages","","LEAKAGE",70040,"",1,1,"ISEN_PS1600",18,"969","","",24,"<=",25.8898,"uA","<=",50,"P",0.139807,***,"",
18,"Nominal_Input_pin_Leakages","","LEAKAGE",70030,"",1,1,"ITRIP_PS1600",18,"969","","",14,"<=",16.4773,"uA","<=",25,"P",0.139807,***,"",
18,"Nominal_Input_pin_Leakages","","LEAKAGE",70080,"",1,1,"OFF_PS1600",18,"969","","",-0.2,"<=",0.0494294,"uA","<=",0.5,"P",0.139807,***,"",
18,"Nominal_Input_pin_Leakages","","LEAKAGE",70050,"",1,1,"SS_PS1600",18,"969","","",20,"<=",50.6369,"uA","<=",70,"P",0.139807,***,"",
18,"Nominal_Input_pin_Leakages","","LEAKAGE",70070,"",1,1,"VBIAS_PS1600",18,"969","","",5,"<=",27.8907,"uA","<=",40,"P",0.139807,***,"",
18,"Nominal_Input_pin_Leakages","","LEAKAGE_2V",70090,"",1,1,"OFF_PS1600",18,"969","","",-0.5,"<=",-0.032776,"uA","<=",0.5,"P",0.139807,***,"",
18,"Output_enabled_leakage","","IVDD_VDD_3_Vin_3",80001,"",1,1,"VDD",18,"969","","",10,"<=",94.8207,"uA","<=",130,"P",0.495899,***,"",
18,"Output_enabled_leakage","","IVIN_VDD_3_Vin_3",80005,"",1,1,"VIN1",18,"969","","",10,"<=",49.7052,"uA","<=",75,"P",0.495899,***,"",
18,"Output_enabled_leakage","","IVDD_VDD_3_Vin_20",80010,"",1,1,"VDD",18,"969","","",10,"<=",97.6864,"uA","<=",150,"P",0.495899,***,"",
18,"Output_enabled_leakage","","IVIN_VDD_3_Vin_20",80014,"",1,1,"VIN1",18,"969","","",10,"<=",81.6975,"uA","<=",120,"P",0.495899,***,"",
18,"Output_enabled_leakage","","IVDD_VDD_20_Vin_3",80011,"",1,1,"VDD",18,"969","","",10,"<=",111.053,"uA","<=",150,"P",0.495899,***,"",
18,"Output_enabled_leakage","","IVIN_VDD_20_Vin_3",80015,"",1,1,"VIN1",18,"969","","",10,"<=",52.8493,"uA","<=",75,"P",0.495899,***,"",
18,"Output_enabled_leakage","","IVDD_VDD_20_Vin_20",80012,"",1,1,"VDD",18,"969","","",10,"<=",116.805,"uA","<=",175,"P",0.495899,***,"",
18,"Output_enabled_leakage","","IVIN_VDD_20_Vin_20",80016,"",1,1,"VIN1",18,"969","","",10,"<=",78.7796,"uA","<=",120,"P",0.495899,***,"",
18,"SCAN","","Scan_test",330010,"_rdi_burst_SCAN_bk4_mp",1,1,"@",18,"969","","",***,"",***," ","",***,"P",0.0437546,***,"",
18,"Logic","","Logic_test",340010,"_rdi_burst_Logic_bk6_mp",1,1,"@",18,"969","","",***,"",***," ","",***,"P",0.279346,***,"",
18,"POST_EFUSE_RESISTANCE","","POST_BANKA_EFUSE_RESISTANCE_BLOWN_BIT47",590001,"",1,1,"ISEN_PS1600",18,"969","","",3500,"<=",70311.4,"ohms","<=",85000,"P",3.61603,***,"",
18,"POST_EFUSE_RESISTANCE","","POST_BANKA_EFUSE_RESISTANCE_BLOWN_BIT46",590002,"",1,1,"ISEN_PS1600",18,"969","","",3500,"<=",70277.2,"ohms","<=",85000,"P",3.6658,***,"",
18,"POST_EFUSE_RESISTANCE","","POST_BANKA_EFUSE_RESISTANCE_BLOWN_BIT45",590003,"",1,1,"ISEN_PS1600",18,"969","","",3500,"<=",70254.6,"ohms","<=",85000,"P",2.87415,***,"",
18,"POST_EFUSE_RESISTANCE","","POST_BANKA_EFUSE_RESISTANCE_UNBLOWN_BIT44",490004,"",1,1,"ISEN_PS1600",18,"969","","",65,"<=",68.4,"ohms","<=",200,"P",5.22249,***,"",
18,"POST_EFUSE_RESISTANCE","","POST_BANKA_EFUSE_RESISTANCE_UNBLOWN_BIT43",490005,"",1,1,"ISEN_PS1600",18,"969","","",65,"<=",102.4,"ohms","<=",200,"P",2.88802,***,"",
18,"POST_EFUSE_RESISTANCE","","POST_BANKA_EFUSE_RESISTANCE_BLOWN_BIT42",590006,"",1,1,"ISEN_PS1600",18,"969","","",3500,"<=",70300,"ohms","<=",85000,"P",2.88801,***,"",
18,"POST_EFUSE_RESISTANCE","","POST_BANKA_EFUSE_RESISTANCE_BLOWN_BIT41",590007,"",1,1,"ISEN_PS1600",18,"969","","",3500,"<=",70277.2,"ohms","<=",85000,"P",2.88801,***,"",
18,"POST_EFUSE_RESISTANCE","","POST_BANKA_EFUSE_RESISTANCE_BLOWN_BIT40",590008,"",1,1,"ISEN_PS1600",18,"969","","",3500,"<=",70277.2,"ohms","<=",85000,"P",2.88392,***,"",
18,"POST_EFUSE_RESISTANCE","","POST_BANKA_EFUSE_RESISTANCE_BLOWN_BIT39",590009,"",1,1,"ISEN_PS1600",18,"969","","",3500,"<=",70277.2,"ohms","<=",85000,"P",2.88741,***,"",
18,"POST_EFUSE_RESISTANCE","","POST_BANKA_EFUSE_RESISTANCE_BLOWN_BIT38",590010,"",1,1,"ISEN_PS1600",18,"969","","",3500,"<=",70277.4,"ohms","<=",85000,"P",2.88625,***,"",
18,"POST_EFUSE_RESISTANCE","","POST_BANKA_EFUSE_RESISTANCE_BLOWN_BIT37",590011,"",1,1,"ISEN_PS1600",18,"969","","",3500,"<=",70300,"ohms","<=",85000,"P",2.88604,***,"",
18,"POST_EFUSE_RESISTANCE","","POST_BANKA_EFUSE_RESISTANCE_BLOWN_BIT36",590012,"",1,1,"ISEN_PS1600",18,"969","","",3500,"<=",70300,"ohms","<=",85000,"P",2.88426,***,"",
18,"POST_EFUSE_RESISTANCE","","POST_BANKA_EFUSE_RESISTANCE_UNBLOWN_BIT35",490013,"",1,1,"ISEN_PS1600",18,"969","","",65,"<=",68.4,"ohms","<=",200,"P",2.88426,***,"",
18,"POST_EFUSE_RESISTANCE","","POST_BANKA_EFUSE_RESISTANCE_UNBLOWN_BIT34",490014,"",1,1,"ISEN_PS1600",18,"969","","",65,"<=",57,"ohms","<=",200,"F",2.88426,***,"",
19,"CONTINUITY","","CONTINUITY",10030,"",1,1,"EN0_PS1600",19,"988","","",-500,"<=",-366.735,"mV","<=",-300,"P",0.132977,***,"",
19,"CONTINUITY","","CONTINUITY",10020,"",1,1,"FAULTB_PS1600",19,"988","","",-500,"<=",-426.322,"mV","<=",-300,"P",0.132977,***,"",
19,"CONTINUITY","","CONTINUITY",10050,"",1,1,"FCB_PS1600",19,"988","","",-500,"<=",-366.173,"mV","<=",-300,"P",0.132977,***,"",
19,"CONTINUITY","","CONTINUITY",10090,"",1,1,"ISEN_PS1600",19,"988","","",-500,"<=",-353.3,"mV","<=",-300,"P",0.132977,***,"",
19,"CONTINUITY","","CONTINUITY",10080,"",1,1,"ITRIP_PS1600",19,"988","","",-500,"<=",-368.734,"mV","<=",-300,"P",0.132977,***,"",
19,"CONTINUITY","","CONTINUITY",10040,"",1,1,"OFF_PS1600",19,"988","","",-500,"<=",-360.424,"mV","<=",-300,"P",0.132977,***,"",
19,"CONTINUITY","","CONTINUITY",10010,"",1,1,"SS_PS1600",19,"988","","",-500,"<=",-455.204,"mV","<=",-300,"P",0.132977,***,"",
19,"CONTINUITY","","CONTINUITY",10070,"",1,1,"VBIAS_PS1600",19,"988","","",-500,"<=",-292.693,"mV","<=",-200,"P",0.132977,***,"",
19,"CONTINUITY","","CONTINUITY",10060,"",1,1,"GND_PS1600",19,"988","","",-500,"<=",-353.869,"mV","<=",-300,"P",0.132977,***,"",
19,"CONTINUITY","","CONTINUITY",10180,"",1,1,"VIN1",19,"988","","",-360,"<=",-340.849,"mV","<=",-300,"P",0.132977,***,"",
19,"CONTINUITY","","CONTINUITY",10190,"",1,1,"VIN2",19,"988","","",-360,"<=",-341.166,"mV","<=",-300,"P",0.132977,***,"",
19,"CONTINUITY","","CONTINUITY",10200,"",1,1,"VIN3",19,"988","","",-360,"<=",-341.29,"mV","<=",-300,"P",0.132977,***,"",
19,"CONTINUITY","","CONTINUITY",10210,"",1,1,"VIN4_RS1",19,"988","","",-360,"<=",-341.211,"mV","<=",-300,"P",0.132977,***,"",
19,"CONTINUITY","","CONTINUITY",10220,"",1,1,"VIN4_RS2",19,"988","","",-360,"<=",-341.148,"mV","<=",-300,"P",0.132977,***,"",
19,"CONTINUITY","","CONTINUITY",10230,"",1,1,"VIN5_RS1",19,"988","","",-360,"<=",-341.274,"mV","<=",-300,"P",0.132977,***,"",
19,"CONTINUITY","","CONTINUITY",10240,"",1,1,"VIN5_RS2",19,"988","","",-360,"<=",-341.368,"mV","<=",-300,"P",0.132977,***,"",
19,"CONTINUITY","","CONTINUITY",10250,"",1,1,"VIN6",19,"988","","",-360,"<=",-341.236,"mV","<=",-300,"P",0.132977,***,"",
19,"CONTINUITY","","CONTINUITY",10100,"",1,1,"VOUT1",19,"988","","",-300,"<=",-223.515,"mV","<=",-200,"P",0.132977,***,"",
19,"CONTINUITY","","CONTINUITY",10110,"",1,1,"VOUT2_RS1",19,"988","","",-300,"<=",-223.295,"mV","<=",-200,"P",0.132977,***,"",
19,"CONTINUITY","","CONTINUITY",10120,"",1,1,"VOUT2_RS2",19,"988","","",-300,"<=",-223.837,"mV","<=",-200,"P",0.132977,***,"",
19,"CONTINUITY","","CONTINUITY",10130,"",1,1,"VOUT3_RS1",19,"988","","",-300,"<=",-223.11,"mV","<=",-200,"P",0.132977,***,"",
19,"CONTINUITY","","CONTINUITY",10140,"",1,1,"VOUT3_RS2",19,"988","","",-300,"<=",-223.423,"mV","<=",-200,"P",0.132977,***,"",
19,"CONTINUITY","","CONTINUITY",10150,"",1,1,"VOUT4",19,"988","","",-300,"<=",-223.276,"mV","<=",-200,"P",0.132977,***,"",
19,"CONTINUITY","","CONTINUITY",10160,"",1,1,"VOUT5",19,"988","","",-300,"<=",-223.276,"mV","<=",-200,"P",0.132977,***,"",
19,"CONTINUITY","","CONTINUITY",10170,"",1,1,"VOUT6",19,"988","","",-300,"<=",-223.116,"mV","<=",-200,"P",0.132977,***,"",
19,"Pin_to_Pin_Leakage","","PIN_TO_PIN_POS_LEAKAGE_PIN",20010,"",1,1,"FAULTB_PS1600",19,"988","","",-200,"<=",-5.88517,"nA","<=",200,"P",0.416773,***,"",
19,"Pin_to_Pin_Leakage","","PIN_TO_PIN_NEG_LEAKAGE_PIN",20110,"",1,1,"FAULTB_PS1600",19,"988","","",-200,"<=",-5.88517,"nA","<=",200,"P",0.416773,***,"",
19,"Pin_to_Pin_Leakage","","PIN_TO_PIN_POS_LEAKAGE_PIN",20020,"",1,1,"ITRIP_PS1600",19,"988","","",-200,"<=",-11.5429,"nA","<=",200,"P",0.416773,***,"",
19,"Pin_to_Pin_Leakage","","PIN_TO_PIN_NEG_LEAKAGE_PIN",20120,"",1,1,"ITRIP_PS1600",19,"988","","",-200,"<=",-11.5429,"nA","<=",200,"P",0.416773,***,"",
19,"Pin_to_Pin_Leakage","","PIN_TO_PIN_POS_LEAKAGE_PIN",20030,"",1,1,"OFF_PS1600",19,"988","","",-200,"<=",-9.04837,"nA","<=",200,"P",0.416773,***,"",
19,"Pin_to_Pin_Leakage","","PIN_TO_PIN_NEG_LEAKAGE_PIN",20130,"",1,1,"OFF_PS1600",19,"988","","",-200,"<=",-9.04837,"nA","<=",200,"P",0.416773,***,"",
19,"Pin_to_Pin_Leakage","","PIN_TO_PIN_POS_LEAKAGE_PIN",20040,"",1,1,"SS_PS1600",19,"988","","",-200,"<=",-11.8642,"nA","<=",200,"P",0.416773,***,"",
19,"Pin_to_Pin_Leakage","","PIN_TO_PIN_NEG_LEAKAGE_PIN",20140,"",1,1,"SS_PS1600",19,"988","","",-200,"<=",-11.8642,"nA","<=",200,"P",0.416773,***,"",
19,"Pin_to_Pin_Leakage","","PIN_TO_PIN_POS_LEAKAGE_PIN",20050,"",1,1,"VIN1",19,"988","","",10,"<=",300.373,"nA","<=",500,"P",0.416773,***,"",
19,"Pin_to_Pin_Leakage","","PIN_TO_PIN_NEG_LEAKAGE_PIN",20150,"",1,1,"VIN1",19,"988","","",-500,"<=",-297.758,"nA","<=",-10,"P",0.416773,***,"",
19,"Pin_to_Pin_Leakage","","PIN_TO_PIN_POS_LEAKAGE_PIN",20060,"",1,1,"VOUT1",19,"988","","",10,"<=",300.257,"nA","<=",500,"P",0.416773,***,"",
19,"Pin_to_Pin_Leakage","","PIN_TO_PIN_NEG_LEAKAGE_PIN",20160,"",1,1,"VOUT1",19,"988","","",-500,"<=",-301.996,"nA","<=",-10,"P",0.416773,***,"",
19,"Pin_to_Pin_Leakage","","PIN_TO_PIN_POS_LEAKAGE_PIN",20070,"",1,1,"EN0_PS1600",19,"988","","",300,"<=",498.353,"nA","<=",700,"P",0.416773,***,"",
19,"Pin_to_Pin_Leakage","","PIN_TO_PIN_NEG_LEAKAGE_PIN",20170,"",1,1,"EN0_PS1600",19,"988","","",-700,"<=",-502.832,"nA","<=",-300,"P",0.416773,***,"",
19,"Pin_to_Pin_Leakage","","PIN_TO_PIN_POS_LEAKAGE_PIN",20080,"",1,1,"FCB_PS1600",19,"988","","",-200,"<=",-0.61654,"nA","<=",200,"P",0.416773,***,"",
19,"Pin_to_Pin_Leakage","","PIN_TO_PIN_NEG_LEAKAGE_PIN",20180,"",1,1,"FCB_PS1600",19,"988","","",-200,"<=",-5.93179,"nA","<=",200,"P",0.416773,***,"",
19,"Pin_to_Pin_Leakage","","PIN_TO_PIN_POS_LEAKAGE_PIN",20090,"",1,1,"ISEN_PS1600",19,"988","","",-200,"<=",-0.516692,"nA","<=",200,"P",0.416773,***,"",
19,"Pin_to_Pin_Leakage","","PIN_TO_PIN_NEG_LEAKAGE_PIN",20190,"",1,1,"ISEN_PS1600",19,"988","","",-200,"<=",-10.6453,"nA","<=",200,"P",0.416773,***,"",
19,"Pin_to_Pin_Leakage","","PIN_TO_PIN_POS_LEAKAGE_PIN_VBIAS_PS1600",20100,"",1,1,"VBIAS_PS1600",19,"988","","",500,"<=",806,"nA","<=",1000,"P",0.416773,***,"",
19,"Pin_to_Pin_Leakage","","PIN_TO_PIN_NEG_LEAKAGE_PIN_VBIAS_PS1600",20200,"",1,1,"VBIAS_PS1600",19,"988","","",-1000,"<=",-878,"nA","<=",-500,"P",0.416773,***,"",
19,"IVDDFL_IVINFL_RONFL","","RON_200mAVDD_5_VIN_5_20V_Part",90050,"",1,1,"VIN1",19,"988","","",0.01,"<=",0.0232895,"ohm","<=",0.03,"P",0.034414,***,"",
19,"IVDDFL_IVINFL_RONFL","","DEVICE_VARIENT_TRUE",90060,"",1,1,"VIN1",19,"988","","",0.5,"<=",1,"","<=",1.5,"P",0.034414,***,"",
19,"Fuse_Burn_Check","","BANKA_BIT5_BLOWN_TRUE",1000001,"",1,1,"OFF_PS1600",19,"988","","",0,"<=",1,"","<=",1,"P",0.0995141,***,"",
19,"Gross_Functional_EN_FCB_FAULTB_OFF","","EN_FCB_LOW_VOUT_LOW",30010,"",1,1,"VOUT4",19,"988","","",-0.001,"<=",0.0181923,"V","<=",1,"P",0.231374,***,"",
19,"Gross_Functional_EN_FCB_FAULTB_OFF","","EN_FCB_LOW_OFF_HIGH",30020,"",1,1,"OFF_PS1600",19,"988","","",1.6,"<=",1.80605,"V","<=",2.3,"P",0.231374,***,"",
19,"Gross_Functional_EN_FCB_FAULTB_OFF","","FCB_LOW_VOUT_LOW",30030,"",1,1,"VOUT4",19,"988","","",-0.001,"<=",0.000640869,"V","<=",0.5,"P",0.231374,***,"",
19,"Gross_Functional_EN_FCB_FAULTB_OFF","","FCB_LOW_OFF_HIGH",30040,"",1,1,"OFF_PS1600",19,"988","","",1.6,"<=",1.80685,"V","<=",2.3,"P",0.231374,***,"",
19,"Gross_Functional_EN_FCB_FAULTB_OFF","","EN_LOW_VOUT_LOW",30050,"",1,1,"VOUT4",19,"988","","",-0.001,"<=",0.00135612,"V","<=",0.5,"P",0.231374,***,"",
19,"Gross_Functional_EN_FCB_FAULTB_OFF","","EN_LOW_OFF_HIGH",30060,"",1,1,"OFF_PS1600",19,"988","","",1.6,"<=",1.80616,"V","<=",2.3,"P",0.231374,***,"",
19,"Gross_Functional_EN_FCB_FAULTB_OFF","","EN_FCB_HIGH_VOUT_HIGH",30070,"",1,1,"VOUT4",19,"988","","",4.85,"<=",5.00004,"V","<=",5.1,"P",0.231374,***,"",
19,"Gross_Functional_EN_FCB_FAULTB_OFF","","EN_FCB_HIGH_OFF_LOW",30080,"",1,1,"OFF_PS1600",19,"988","","",-0.001,"<=",0.000771185,"V","<=",0.5,"P",0.231374,***,"",
19,"Gross_Functional_EN_FCB_FAULTB_OFF","","FAULT_SET_VOUT_LOW",30090,"",1,1,"VOUT4",19,"988","","",-0.001,"<=",0.000699997,"V","<=",0.5,"P",0.231374,***,"",
19,"Gross_Functional_EN_FCB_FAULTB_OFF","","FAULT_SET_OFF_HIGH",30100,"",1,1,"OFF_PS1600",19,"988","","",1.6,"<=",1.8509,"V","<=",2.3,"P",0.231374,***,"",
19,"Gross_Functional_EN_FCB_FAULTB_OFF","","FAULT_RESET_VOUT_HIGH",30110,"",1,1,"VOUT4",19,"988","","",4.85,"<=",4.99951,"V","<=",5.1,"P",0.231374,***,"",
19,"Gross_Functional_EN_FCB_FAULTB_OFF","","FAULT_RESET_OFF_LOW",30120,"",1,1,"OFF_PS1600",19,"988","","",0,"<=",0.000771185,"V","<=",0.5,"P",0.231374,***,"",
19,"Output_disabled_leakage","","IVDDDIS_VDD_3_VIN_3",40010,"",1,1,"VDD",19,"988","","",10,"<=",105.236,"uA","<=",166.5,"P",0.10165,***,"",
19,"Output_disabled_leakage","","IVINDIS_VDD_3_VIN_3",40050,"",1,1,"VIN1",19,"988","","",10,"<=",70.5691,"uA","<=",166.5,"P",0.10165,***,"",
19,"Output_disabled_leakage","","IOFF_VDD_3_VIN_3",40090,"",1,1,"VOUT4",19,"988","","",-14,"<=",-1.54146,"uA","<=",11,"P",0.10165,***,"",
19,"Output_disabled_leakage","","IVDDDIS_VDD_3_VIN_20",40020,"",1,1,"VDD",19,"988","","",10,"<=",107.257,"uA","<=",166.5,"P",0.10165,***,"",
19,"Output_disabled_leakage","","IVINDIS_VDD_3_VIN_20",40060,"",1,1,"VIN1",19,"988","","",10,"<=",92.8193,"uA","<=",166.5,"P",0.10165,***,"",
19,"Output_disabled_leakage","","IOFF_VDD_3_VIN_20",40100,"",1,1,"VOUT4",19,"988","","",-14,"<=",-1.81128,"uA","<=",11,"P",0.10165,***,"",
19,"Output_disabled_leakage","","IVINVDD0_VIN_3",40130,"",1,1,"VIN1",19,"988","","",10,"<=",65.3677,"uA","<=",166.5,"P",0.10165,***,"",
19,"Output_disabled_leakage","","IOFFVDD0_VIN_3",40150,"",1,1,"VOUT4",19,"988","","",-14,"<=",-1.29262,"uA","<=",11,"P",0.10165,***,"",
19,"Output_disabled_leakage","","IVDDDIS_VDD_20_VIN_3",40030,"",1,1,"VDD",19,"988","","",10,"<=",132.548,"uA","<=",166.5,"P",0.10165,***,"",
19,"Output_disabled_leakage","","IVINDIS_VDD_20_VIN_3",40070,"",1,1,"VIN1",19,"988","","",10,"<=",70.1034,"uA","<=",166.5,"P",0.10165,***,"",
19,"Output_disabled_leakage","","IOFF_VDD_20_VIN_3",40110,"",1,1,"VOUT4",19,"988","","",-14,"<=",-1.69479,"uA","<=",11,"P",0.10165,***,"",
19,"Output_disabled_leakage","","IVDDDIS_VDD_20_VIN_20",40040,"",1,1,"VDD",19,"988","","",10,"<=",124.408,"uA","<=",166.5,"P",0.10165,***,"",
19,"Output_disabled_leakage","","IVINDIS_VDD_20_VIN_20",40080,"",1,1,"VIN1",19,"988","","",10,"<=",98.858,"uA","<=",166.5,"P",0.10165,***,"",
19,"Output_disabled_leakage","","IOFF_VDD_20_VIN_20",40120,"",1,1,"VOUT4",19,"988","","",-14,"<=",-1.31366,"uA","<=",11,"P",0.10165,***,"",
19,"Output_disabled_leakage","","IVINVDD0_VIN_20",40140,"",1,1,"VIN1",19,"988","","",10,"<=",107.263,"uA","<=",166.5,"P",0.10165,***,"",
19,"Output_disabled_leakage","","IOFFVDD0_VIN_20",40160,"",1,1,"VOUT4",19,"988","","",-14,"<=",-2.16792,"uA","<=",11,"P",0.10165,***,"",
19,"EN_pullup_resistor","","EN0V_PULLUP_RES",50010,"",1,1,"EN0_PS1600",19,"988","","",155,"<=",201.111,"Kohm","<=",230,"P",0.0272827,***,"",
19,"EN_pullup_resistor","","EN1V_PULLUP_RES",50020,"",1,1,"EN0_PS1600",19,"988","","",155,"<=",202.089,"Kohm","<=",230,"P",0.0272827,***,"",
19,"EN_pullup_resistor","","EN0V_Current",50030,"",1,1,"EN0_PS1600",19,"988","","",-11,"<=",-8.95026,"uA","<=",-7,"P",0.0272827,***,"",
19,"EN_pullup_resistor","","EN1V_Current",50040,"",1,1,"EN0_PS1600",19,"988","","",-5.5,"<=",-3.95866,"uA","<=",-3,"P",0.0272827,***,"",
19,"Leakage_Test","","IOFF_REVERSE_VOUT_VIN_LEAKAGE_1mA",60030,"",1,1,"VIN",19,"988","","",-331,"<=",-265.888,"mV","<=",-205,"P",0.0588329,***,"",
19,"Leakage_Test","","IOFF_REVERSE_VOUT_VIN_LEAKAGE_10mA",60040,"",1,1,"VIN",19,"988","","",-340,"<=",-327.631,"mV","<=",-205,"P",0.0588329,***,"",
19,"Leakage_Test","","IOFF_REVERSE_VOUT_VIN_LEAKAGE_100mA",60050,"",1,1,"VIN",19,"988","","",-331,"<=",-205.589,"mV","<=",-205,"P",0.0588329,***,"",
19,"Nominal_Input_pin_Leakages","","LEAKAGE",70010,"",1,1,"EN0_PS1600",19,"988","","",10,"<=",24.1004,"uA","<=",40,"P",0.139807,***,"",
19,"Nominal_Input_pin_Leakages","","LEAKAGE",70060,"",1,1,"FAULTB_PS1600",19,"988","","",-0.2,"<=",0.00464618,"uA","<=",0.2,"P",0.139807,***,"",
19,"Nominal_Input_pin_Leakages","","LEAKAGE",70020,"",1,1,"FCB_PS1600",19,"988","","",-0.5,"<=",0.0867436,"uA","<=",0.5,"P",0.139807,***,"",
19,"Nominal_Input_pin_Leakages","","LEAKAGE",70040,"",1,1,"ISEN_PS1600",19,"988","","",24,"<=",25.5614,"uA","<=",50,"P",0.139807,***,"",
19,"Nominal_Input_pin_Leakages","","LEAKAGE",70030,"",1,1,"ITRIP_PS1600",19,"988","","",14,"<=",14.3934,"uA","<=",25,"P",0.139807,***,"",
19,"Nominal_Input_pin_Leakages","","LEAKAGE",70080,"",1,1,"OFF_PS1600",19,"988","","",-0.2,"<=",0.0494294,"uA","<=",0.5,"P",0.139807,***,"",
19,"Nominal_Input_pin_Leakages","","LEAKAGE",70050,"",1,1,"SS_PS1600",19,"988","","",20,"<=",49.3267,"uA","<=",70,"P",0.139807,***,"",
19,"Nominal_Input_pin_Leakages","","LEAKAGE",70070,"",1,1,"VBIAS_PS1600",19,"988","","",5,"<=",24.1398,"uA","<=",40,"P",0.139807,***,"",
19,"Nominal_Input_pin_Leakages","","LEAKAGE_2V",70090,"",1,1,"OFF_PS1600",19,"988","","",-0.5,"<=",0.0178053,"uA","<=",0.5,"P",0.139807,***,"",
19,"Output_enabled_leakage","","IVDD_VDD_3_Vin_3",80001,"",1,1,"VDD",19,"988","","",10,"<=",97.0587,"uA","<=",130,"P",0.495899,***,"",
19,"Output_enabled_leakage","","IVIN_VDD_3_Vin_3",80005,"",1,1,"VIN1",19,"988","","",10,"<=",55.7969,"uA","<=",75,"P",0.495899,***,"",
19,"Output_enabled_leakage","","IVDD_VDD_3_Vin_20",80010,"",1,1,"VDD",19,"988","","",10,"<=",102.481,"uA","<=",150,"P",0.495899,***,"",
19,"Output_enabled_leakage","","IVIN_VDD_3_Vin_20",80014,"",1,1,"VIN1",19,"988","","",10,"<=",81.9927,"uA","<=",120,"P",0.495899,***,"",
19,"Output_enabled_leakage","","IVDD_VDD_20_Vin_3",80011,"",1,1,"VDD",19,"988","","",10,"<=",115.244,"uA","<=",150,"P",0.495899,***,"",
19,"Output_enabled_leakage","","IVIN_VDD_20_Vin_3",80015,"",1,1,"VIN1",19,"988","","",10,"<=",50.6062,"uA","<=",75,"P",0.495899,***,"",
19,"Output_enabled_leakage","","IVDD_VDD_20_Vin_20",80012,"",1,1,"VDD",19,"988","","",10,"<=",118.902,"uA","<=",175,"P",0.495899,***,"",
19,"Output_enabled_leakage","","IVIN_VDD_20_Vin_20",80016,"",1,1,"VIN1",19,"988","","",10,"<=",81.447,"uA","<=",120,"P",0.495899,***,"",
19,"SCAN","","Scan_test",330010,"_rdi_burst_SCAN_bk4_mp",1,1,"@",19,"988","","",***,"",***," ","",***,"P",0.0437546,***,"",
19,"Logic","","Logic_test",340010,"_rdi_burst_Logic_bk6_mp",1,1,"@",19,"988","","",***,"",***," ","",***,"P",0.279346,***,"",
19,"POST_EFUSE_RESISTANCE","","POST_BANKA_EFUSE_RESISTANCE_BLOWN_BIT47",590001,"",1,1,"ISEN_PS1600",19,"988","","",3500,"<=",69617,"ohms","<=",85000,"P",3.61603,***,"",
19,"POST_EFUSE_RESISTANCE","","POST_BANKA_EFUSE_RESISTANCE_BLOWN_BIT46",590002,"",1,1,"ISEN_PS1600",19,"988","","",3500,"<=",70243.2,"ohms","<=",85000,"P",3.6658,***,"",
19,"POST_EFUSE_RESISTANCE","","POST_BANKA_EFUSE_RESISTANCE_BLOWN_BIT45",590003,"",1,1,"ISEN_PS1600",19,"988","","",3500,"<=",70254.6,"ohms","<=",85000,"P",2.87415,***,"",
19,"POST_EFUSE_RESISTANCE","","POST_BANKA_EFUSE_RESISTANCE_UNBLOWN_BIT44",490004,"",1,1,"ISEN_PS1600",19,"988","","",65,"<=",91,"ohms","<=",200,"P",5.22249,***,"",
19,"POST_EFUSE_RESISTANCE","","POST_BANKA_EFUSE_RESISTANCE_UNBLOWN_BIT43",490005,"",1,1,"ISEN_PS1600",19,"988","","",65,"<=",68.2,"ohms","<=",200,"P",2.88802,***,"",
19,"POST_EFUSE_RESISTANCE","","POST_BANKA_EFUSE_RESISTANCE_UNBLOWN_BIT42",490006,"",1,1,"ISEN_PS1600",19,"988","","",65,"<=",79.6,"ohms","<=",200,"P",2.87233,***,"",
19,"POST_EFUSE_RESISTANCE","","POST_BANKA_EFUSE_RESISTANCE_UNBLOWN_BIT41",490007,"",1,1,"ISEN_PS1600",19,"988","","",65,"<=",79.6,"ohms","<=",200,"P",2.87233,***,"",
19,"POST_EFUSE_RESISTANCE","","POST_BANKA_EFUSE_RESISTANCE_UNBLOWN_BIT40",490008,"",1,1,"ISEN_PS1600",19,"988","","",65,"<=",102.4,"ohms","<=",200,"P",2.88725,***,"",
19,"POST_EFUSE_RESISTANCE","","POST_BANKA_EFUSE_RESISTANCE_UNBLOWN_BIT39",490009,"",1,1,"ISEN_PS1600",19,"988","","",65,"<=",102.4,"ohms","<=",200,"P",2.88323,***,"",
19,"POST_EFUSE_RESISTANCE","","POST_BANKA_EFUSE_RESISTANCE_BLOWN_BIT38",590010,"",1,1,"ISEN_PS1600",19,"988","","",3500,"<=",70220.4,"ohms","<=",85000,"P",2.88625,***,"",
19,"POST_EFUSE_RESISTANCE","","POST_BANKA_EFUSE_RESISTANCE_BLOWN_BIT37",590011,"",1,1,"ISEN_PS1600",19,"988","","",3500,"<=",70231.8,"ohms","<=",85000,"P",2.88604,***,"",
19,"POST_EFUSE_RESISTANCE","","POST_BANKA_EFUSE_RESISTANCE_BLOWN_BIT36",590012,"",1,1,"ISEN_PS1600",19,"988","","",3500,"<=",70231.6,"ohms","<=",85000,"P",2.88426,***,"",
19,"POST_EFUSE_RESISTANCE","","POST_BANKA_EFUSE_RESISTANCE_UNBLOWN_BIT35",490013,"",1,1,"ISEN_PS1600",19,"988","","",65,"<=",102.4,"ohms","<=",200,"P",2.88426,***,"",
19,"POST_EFUSE_RESISTANCE","","POST_BANKA_EFUSE_RESISTANCE_UNBLOWN_BIT34",490014,"",1,1,"ISEN_PS1600",19,"988","","",65,"<=",91,"ohms","<=",200,"P",2.88426,***,"",
19,"POST_EFUSE_RESISTANCE","","POST_BANKA_EFUSE_RESISTANCE_UNBLOWN_BIT33",490015,"",1,1,"ISEN_PS1600",19,"988","","",65,"<=",68.2,"ohms","<=",200,"P",2.88443,***,"",
19,"POST_EFUSE_RESISTANCE","","POST_BANKA_EFUSE_RESISTANCE_UNBLOWN_BIT32",490016,"",1,1,"ISEN_PS1600",19,"988","","",65,"<=",68.2,"ohms","<=",200,"P",2.88546,***,"",
19,"POST_EFUSE_RESISTANCE","","POST_BANKA_EFUSE_RESISTANCE_BLOWN_BIT31",590017,"",1,1,"ISEN_PS1600",19,"988","","",3500,"<=",70277.4,"ohms","<=",85000,"P",2.88666,***,"",
19,"POST_EFUSE_RESISTANCE","","POST_BANKA_EFUSE_RESISTANCE_BLOWN_BIT30",590018,"",1,1,"ISEN_PS1600",19,"988","","",3500,"<=",70254.4,"ohms","<=",85000,"P",2.88735,***,"",
19,"POST_EFUSE_RESISTANCE","","POST_BANKA_EFUSE_RESISTANCE_UNBLOWN_BIT29",490019,"",1,1,"ISEN_PS1600",19,"988","","",65,"<=",68.2,"ohms","<=",200,"P",2.88631,***,"",
19,"POST_EFUSE_RESISTANCE","","POST_BANKA_EFUSE_RESISTANCE_UNBLOWN_BIT28",490020,"",1,1,"ISEN_PS1600",19,"988","","",65,"<=",79.6,"ohms","<=",200,"P",2.88735,***,"",
19,"POST_EFUSE_RESISTANCE","","POST_BANKA_EFUSE_RESISTANCE_BLOWN_BIT27",590021,"",1,1,"ISEN_PS1600",19,"988","","",3500,"<=",70254.4,"ohms","<=",85000,"P",2.88735,***,"",
19,"POST_EFUSE_RESISTANCE","","POST_BANKA_EFUSE_RESISTANCE_UNBLOWN_BIT26",490022,"",1,1,"ISEN_PS1600",19,"988","","",65,"<=",91,"ohms","<=",200,"P",2.88209,***,"",
19,"POST_EFUSE_RESISTANCE","","POST_BANKA_EFUSE_RESISTANCE_BLOWN_BIT25",590023,"",1,1,"ISEN_PS1600",19,"988","","",3500,"<=",70231.8,"ohms","<=",85000,"P",2.88209,***,"",
19,"POST_EFUSE_RESISTANCE","","POST_BANKA_EFUSE_RESISTANCE_BLOWN_BIT24",590024,"",1,1,"ISEN_PS1600",19,"988","","",3500,"<=",70243.2,"ohms","<=",85000,"P",2.88625,***,"",
19,"POST_EFUSE_RESISTANCE","","POST_BANKA_EFUSE_RESISTANCE_UNBLOWN_BIT23",490025,"",1,1,"ISEN_PS1600",19,"988","","",65,"<=",102.4,"ohms","<=",200,"P",2.88735,***,"",
19,"POST_EFUSE_RESISTANCE","","POST_BANKA_EFUSE_RESISTANCE_UNBLOWN_BIT22",490026,"",1,1,"ISEN_PS1600",19,"988","","",65,"<=",91,"ohms","<=",200,"P",2.88564,***,"",
19,"POST_EFUSE_RESISTANCE","","POST_BANKA_EFUSE_RESISTANCE_UNBLOWN_BIT21",490027,"",1,1,"ISEN_PS1600",19,"988","","",65,"<=",79.6,"ohms","<=",200,"P",2.88425,***,"",
19,"POST_EFUSE_RESISTANCE","","POST_BANKA_EFUSE_RESISTANCE_UNBLOWN_BIT20",490028,"",1,1,"ISEN_PS1600",19,"988","","",65,"<=",68.2,"ohms","<=",200,"P",2.88425,***,"",
19,"POST_EFUSE_RESISTANCE","","POST_BANKA_EFUSE_RESISTANCE_UNBLOWN_BIT19",490029,"",1,1,"ISEN_PS1600",19,"988","","",65,"<=",68.2,"ohms","<=",200,"P",2.88425,***,"",
19,"POST_EFUSE_RESISTANCE","","POST_BANKA_EFUSE_RESISTANCE_UNBLOWN_BIT18",490030,"",1,1,"ISEN_PS1600",19,"988","","",65,"<=",91,"ohms","<=",200,"P",2.88482,***,"",
19,"POST_EFUSE_RESISTANCE","","POST_BANKA_EFUSE_RESISTANCE_BLOWN_BIT17",590031,"",1,1,"ISEN_PS1600",19,"988","","",3500,"<=",70277.4,"ohms","<=",85000,"P",2.88508,***,"",
19,"POST_EFUSE_RESISTANCE","","POST_BANKA_EFUSE_RESISTANCE_BLOWN_BIT16",590032,"",1,1,"ISEN_PS1600",19,"988","","",3500,"<=",70243.2,"ohms","<=",85000,"P",2.88508,***,"",
19,"POST_EFUSE_RESISTANCE","","POST_BANKA_EFUSE_RESISTANCE_UNBLOWN_BIT15",490033,"",1,1,"ISEN_PS1600",19,"988","","",65,"<=",68.2,"ohms","<=",200,"P",2.87269,***,"",
19,"POST_EFUSE_RESISTANCE","","POST_BANKA_EFUSE_RESISTANCE_BLOWN_BIT14",590034,"",1,1,"ISEN_PS1600",19,"988","","",3500,"<=",70277.4,"ohms","<=",85000,"P",2.88595,***,"",
19,"POST_EFUSE_RESISTANCE","","POST_BANKA_EFUSE_RESISTANCE_BLOWN_BIT13",590035,"",1,1,"ISEN_PS1600",19,"988","","",3500,"<=",70277.4,"ohms","<=",85000,"P",2.8762,***,"",
19,"POST_EFUSE_RESISTANCE","","POST_BANKA_EFUSE_RESISTANCE_UNBLOWN_BIT12",490036,"",1,1,"ISEN_PS1600",19,"988","","",65,"<=",68.2,"ohms","<=",200,"P",2.88674,***,"",
19,"POST_EFUSE_RESISTANCE","","POST_BANKA_EFUSE_RESISTANCE_UNBLOWN_BIT11",490037,"",1,1,"ISEN_PS1600",19,"988","","",65,"<=",68.2,"ohms","<=",200,"P",2.88537,***,"",
19,"POST_EFUSE_RESISTANCE","","POST_BANKA_EFUSE_RESISTANCE_UNBLOWN_BIT10",490038,"",1,1,"ISEN_PS1600",19,"988","","",65,"<=",102.4,"ohms","<=",200,"P",2.88156,***,"",
19,"POST_EFUSE_RESISTANCE","","POST_BANKA_EFUSE_RESISTANCE_BLOWN_BIT9",590039,"",1,1,"ISEN_PS1600",19,"988","","",3500,"<=",70277.4,"ohms","<=",85000,"P",2.88156,***,"",
19,"POST_EFUSE_RESISTANCE","","POST_BANKA_EFUSE_RESISTANCE_BLOWN_BIT8",590040,"",1,1,"ISEN_PS1600",19,"988","","",3500,"<=",70254.6,"ohms","<=",85000,"P",2.88156,***,"",
19,"POST_EFUSE_RESISTANCE","","POST_BANKA_EFUSE_RESISTANCE_UNBLOWN_BIT7",490041,"",1,1,"ISEN_PS1600",19,"988","","",65,"<=",68.2,"ohms","<=",200,"P",2.88949,***,"",
19,"POST_EFUSE_RESISTANCE","","POST_BANKA_EFUSE_RESISTANCE_UNBLOWN_BIT6",490042,"",1,1,"ISEN_PS1600",19,"988","","",65,"<=",68.2,"ohms","<=",200,"P",2.88326,***,"",
19,"POST_EFUSE_RESISTANCE","","POST_BANKA_EFUSE_RESISTANCE_BLOWN_BIT5",590043,"",1,1,"ISEN_PS1600",19,"988","","",3500,"<=",70277.4,"ohms","<=",85000,"P",2.88326,***,"",
19,"POST_EFUSE_RESISTANCE","","POST_BANKA_EFUSE_RESISTANCE_UNBLOWN_BIT4",490044,"",1,1,"ISEN_PS1600",19,"988","","",65,"<=",102.4,"ohms","<=",200,"P",2.88326,***,"",
19,"POST_EFUSE_RESISTANCE","","POST_BANKA_EFUSE_RESISTANCE_UNBLOWN_BIT3",490045,"",1,1,"ISEN_PS1600",19,"988","","",65,"<=",68.2,"ohms","<=",200,"P",2.88326,***,"",
19,"POST_EFUSE_RESISTANCE","","POST_BANKA_EFUSE_RESISTANCE_UNBLOWN_BIT2",490046,"",1,1,"ISEN_PS1600",19,"988","","",65,"<=",68.2,"ohms","<=",200,"P",2.88326,***,"",
19,"POST_EFUSE_RESISTANCE","","POST_BANKA_EFUSE_RESISTANCE_UNBLOWN_BIT1",490047,"",1,1,"ISEN_PS1600",19,"988","","",65,"<=",91,"ohms","<=",200,"P",2.88273,***,"",
19,"POST_EFUSE_RESISTANCE","","POST_BANKA_EFUSE_RESISTANCE_UNBLOWN_BIT0",490048,"",1,1,"ISEN_PS1600",19,"988","","",65,"<=",91,"ohms","<=",200,"P",2.88421,***,"",
19,"POST_EFUSE_RESISTANCE","","POST_BANKB_EFUSE_RESISTANCE_BLOWN_BIT47",590049,"",1,1,"ISEN_PS1600",19,"988","","",3500,"<=",70254.4,"ohms","<=",85000,"P",2.88421,***,"",
19,"POST_EFUSE_RESISTANCE","","POST_BANKB_EFUSE_RESISTANCE_BLOWN_BIT46",590050,"",1,1,"ISEN_PS1600",19,"988","","",3500,"<=",70243,"ohms","<=",85000,"P",2.88421,***,"",
19,"POST_EFUSE_RESISTANCE","","POST_BANKB_EFUSE_RESISTANCE_BLOWN_BIT45",590051,"",1,1,"ISEN_PS1600",19,"988","","",3500,"<=",70254.4,"ohms","<=",85000,"P",2.8762,***,"",
19,"POST_EFUSE_RESISTANCE","","POST_BANKB_EFUSE_RESISTANCE_UNBLOWN_BIT44",490052,"",1,1,"ISEN_PS1600",19,"988","","",65,"<=",91,"ohms","<=",200,"P",2.89328,***,"",
19,"POST_EFUSE_RESISTANCE","","POST_BANKB_EFUSE_RESISTANCE_UNBLOWN_BIT43",490053,"",1,1,"ISEN_PS1600",19,"988","","",65,"<=",68.2,"ohms","<=",200,"P",2.88605,***,"",
19,"POST_EFUSE_RESISTANCE","","POST_BANKB_EFUSE_RESISTANCE_UNBLOWN_BIT42",490054,"",1,1,"ISEN_PS1600",19,"988","","",65,"<=",79.6,"ohms","<=",200,"P",2.87119,***,"",
19,"POST_EFUSE_RESISTANCE","","POST_BANKB_EFUSE_RESISTANCE_UNBLOWN_BIT41",490055,"",1,1,"ISEN_PS1600",19,"988","","",65,"<=",91,"ohms","<=",200,"P",2.87119,***,"",
19,"POST_EFUSE_RESISTANCE","","POST_BANKB_EFUSE_RESISTANCE_UNBLOWN_BIT40",490056,"",1,1,"ISEN_PS1600",19,"988","","",65,"<=",102.4,"ohms","<=",200,"P",2.8865,***,"",
19,"POST_EFUSE_RESISTANCE","","POST_BANKB_EFUSE_RESISTANCE_UNBLOWN_BIT39",490057,"",1,1,"ISEN_PS1600",19,"988","","",65,"<=",68.2,"ohms","<=",200,"P",2.88172,***,"",
19,"POST_EFUSE_RESISTANCE","","POST_BANKB_EFUSE_RESISTANCE_BLOWN_BIT38",590058,"",1,1,"ISEN_PS1600",19,"988","","",3500,"<=",70254.4,"ohms","<=",85000,"P",2.88848,***,"",
19,"POST_EFUSE_RESISTANCE","","POST_BANKB_EFUSE_RESISTANCE_BLOWN_BIT37",590059,"",1,1,"ISEN_PS1600",19,"988","","",3500,"<=",70254.6,"ohms","<=",85000,"P",2.88421,***,"",
19,"POST_EFUSE_RESISTANCE","","POST_BANKB_EFUSE_RESISTANCE_BLOWN_BIT36",590060,"",1,1,"ISEN_PS1600",19,"988","","",3500,"<=",70277.2,"ohms","<=",85000,"P",2.88421,***,"",
19,"POST_EFUSE_RESISTANCE","","POST_BANKB_EFUSE_RESISTANCE_UNBLOWN_BIT35",490061,"",1,1,"ISEN_PS1600",19,"988","","",65,"<=",91,"ohms","<=",200,"P",2.88421,***,"",
19,"POST_EFUSE_RESISTANCE","","POST_BANKB_EFUSE_RESISTANCE_UNBLOWN_BIT34",490062,"",1,1,"ISEN_PS1600",19,"988","","",65,"<=",68.2,"ohms","<=",200,"P",2.88285,***,"",
19,"POST_EFUSE_RESISTANCE","","POST_BANKB_EFUSE_RESISTANCE_UNBLOWN_BIT33",490063,"",1,1,"ISEN_PS1600",19,"988","","",65,"<=",56.8,"ohms","<=",200,"F",2.88285,***,"",
20,"CONTINUITY","","CONTINUITY",10030,"",1,1,"EN0_PS1600",20,"1007","","",-500,"<=",-364.972,"mV","<=",-300,"P",0.132977,***,"",
20,"CONTINUITY","","CONTINUITY",10020,"",1,1,"FAULTB_PS1600",20,"1007","","",-500,"<=",-420.801,"mV","<=",-300,"P",0.132977,***,"",
20,"CONTINUITY","","CONTINUITY",10050,"",1,1,"FCB_PS1600",20,"1007","","",-500,"<=",-364.864,"mV","<=",-300,"P",0.132977,***,"",
20,"CONTINUITY","","CONTINUITY",10090,"",1,1,"ISEN_PS1600",20,"1007","","",-500,"<=",-351.08,"mV","<=",-300,"P",0.132977,***,"",
20,"CONTINUITY","","CONTINUITY",10080,"",1,1,"ITRIP_PS1600",20,"1007","","",-500,"<=",-366.913,"mV","<=",-300,"P",0.132977,***,"",
20,"CONTINUITY","","CONTINUITY",10040,"",1,1,"OFF_PS1600",20,"1007","","",-500,"<=",-359.571,"mV","<=",-300,"P",0.132977,***,"",
20,"CONTINUITY","","CONTINUITY",10010,"",1,1,"SS_PS1600",20,"1007","","",-500,"<=",-445.414,"mV","<=",-300,"P",0.132977,***,"",
20,"CONTINUITY","","CONTINUITY",10070,"",1,1,"VBIAS_PS1600",20,"1007","","",-500,"<=",-295.482,"mV","<=",-200,"P",0.132977,***,"",
20,"CONTINUITY","","CONTINUITY",10060,"",1,1,"GND_PS1600",20,"1007","","",-500,"<=",-354.153,"mV","<=",-300,"P",0.132977,***,"",
20,"CONTINUITY","","CONTINUITY",10180,"",1,1,"VIN1",20,"1007","","",-360,"<=",-342.257,"mV","<=",-300,"P",0.132977,***,"",
20,"CONTINUITY","","CONTINUITY",10190,"",1,1,"VIN2",20,"1007","","",-360,"<=",-342.432,"mV","<=",-300,"P",0.132977,***,"",
20,"CONTINUITY","","CONTINUITY",10200,"",1,1,"VIN3",20,"1007","","",-360,"<=",-342.728,"mV","<=",-300,"P",0.132977,***,"",
20,"CONTINUITY","","CONTINUITY",10210,"",1,1,"VIN4_RS1",20,"1007","","",-360,"<=",-342.707,"mV","<=",-300,"P",0.132977,***,"",
20,"CONTINUITY","","CONTINUITY",10220,"",1,1,"VIN4_RS2",20,"1007","","",-360,"<=",-342.531,"mV","<=",-300,"P",0.132977,***,"",
20,"CONTINUITY","","CONTINUITY",10230,"",1,1,"VIN5_RS1",20,"1007","","",-360,"<=",-342.901,"mV","<=",-300,"P",0.132977,***,"",
20,"CONTINUITY","","CONTINUITY",10240,"",1,1,"VIN5_RS2",20,"1007","","",-360,"<=",-342.579,"mV","<=",-300,"P",0.132977,***,"",
20,"CONTINUITY","","CONTINUITY",10250,"",1,1,"VIN6",20,"1007","","",-360,"<=",-342.512,"mV","<=",-300,"P",0.132977,***,"",
20,"CONTINUITY","","CONTINUITY",10100,"",1,1,"VOUT1",20,"1007","","",-300,"<=",-223.394,"mV","<=",-200,"P",0.132977,***,"",
20,"CONTINUITY","","CONTINUITY",10110,"",1,1,"VOUT2_RS1",20,"1007","","",-300,"<=",-223.171,"mV","<=",-200,"P",0.132977,***,"",
20,"CONTINUITY","","CONTINUITY",10120,"",1,1,"VOUT2_RS2",20,"1007","","",-300,"<=",-223.459,"mV","<=",-200,"P",0.132977,***,"",
20,"CONTINUITY","","CONTINUITY",10130,"",1,1,"VOUT3_RS1",20,"1007","","",-300,"<=",-223.475,"mV","<=",-200,"P",0.132977,***,"",
20,"CONTINUITY","","CONTINUITY",10140,"",1,1,"VOUT3_RS2",20,"1007","","",-300,"<=",-223.421,"mV","<=",-200,"P",0.132977,***,"",
20,"CONTINUITY","","CONTINUITY",10150,"",1,1,"VOUT4",20,"1007","","",-300,"<=",-223.013,"mV","<=",-200,"P",0.132977,***,"",
20,"CONTINUITY","","CONTINUITY",10160,"",1,1,"VOUT5",20,"1007","","",-300,"<=",-223.505,"mV","<=",-200,"P",0.132977,***,"",
20,"CONTINUITY","","CONTINUITY",10170,"",1,1,"VOUT6",20,"1007","","",-300,"<=",-223.33,"mV","<=",-200,"P",0.132977,***,"",
20,"Pin_to_Pin_Leakage","","PIN_TO_PIN_POS_LEAKAGE_PIN",20010,"",1,1,"FAULTB_PS1600",20,"1007","","",-200,"<=",-6.39298,"nA","<=",200,"P",0.416773,***,"",
20,"Pin_to_Pin_Leakage","","PIN_TO_PIN_NEG_LEAKAGE_PIN",20110,"",1,1,"FAULTB_PS1600",20,"1007","","",-200,"<=",-6.39298,"nA","<=",200,"P",0.416773,***,"",
20,"Pin_to_Pin_Leakage","","PIN_TO_PIN_POS_LEAKAGE_PIN",20020,"",1,1,"ITRIP_PS1600",20,"1007","","",-200,"<=",-10.2721,"nA","<=",200,"P",0.416773,***,"",
20,"Pin_to_Pin_Leakage","","PIN_TO_PIN_NEG_LEAKAGE_PIN",20120,"",1,1,"ITRIP_PS1600",20,"1007","","",-200,"<=",-10.2721,"nA","<=",200,"P",0.416773,***,"",
20,"Pin_to_Pin_Leakage","","PIN_TO_PIN_POS_LEAKAGE_PIN",20030,"",1,1,"OFF_PS1600",20,"1007","","",-200,"<=",-8.99719,"nA","<=",200,"P",0.416773,***,"",
20,"Pin_to_Pin_Leakage","","PIN_TO_PIN_NEG_LEAKAGE_PIN",20130,"",1,1,"OFF_PS1600",20,"1007","","",-200,"<=",-8.99719,"nA","<=",200,"P",0.416773,***,"",
20,"Pin_to_Pin_Leakage","","PIN_TO_PIN_POS_LEAKAGE_PIN",20040,"",1,1,"SS_PS1600",20,"1007","","",-200,"<=",-10.9958,"nA","<=",200,"P",0.416773,***,"",
20,"Pin_to_Pin_Leakage","","PIN_TO_PIN_NEG_LEAKAGE_PIN",20140,"",1,1,"SS_PS1600",20,"1007","","",-200,"<=",-10.9958,"nA","<=",200,"P",0.416773,***,"",
20,"Pin_to_Pin_Leakage","","PIN_TO_PIN_POS_LEAKAGE_PIN",20050,"",1,1,"VIN1",20,"1007","","",10,"<=",299.024,"nA","<=",500,"P",0.416773,***,"",
20,"Pin_to_Pin_Leakage","","PIN_TO_PIN_NEG_LEAKAGE_PIN",20150,"",1,1,"VIN1",20,"1007","","",-500,"<=",-298.231,"nA","<=",-10,"P",0.416773,***,"",
20,"Pin_to_Pin_Leakage","","PIN_TO_PIN_POS_LEAKAGE_PIN",20060,"",1,1,"VOUT1",20,"1007","","",10,"<=",299.995,"nA","<=",500,"P",0.416773,***,"",
20,"Pin_to_Pin_Leakage","","PIN_TO_PIN_NEG_LEAKAGE_PIN",20160,"",1,1,"VOUT1",20,"1007","","",-500,"<=",-296.954,"nA","<=",-10,"P",0.416773,***,"",
20,"Pin_to_Pin_Leakage","","PIN_TO_PIN_POS_LEAKAGE_PIN",20070,"",1,1,"EN0_PS1600",20,"1007","","",300,"<=",507.799,"nA","<=",700,"P",0.416773,***,"",
20,"Pin_to_Pin_Leakage","","PIN_TO_PIN_NEG_LEAKAGE_PIN",20170,"",1,1,"EN0_PS1600",20,"1007","","",-700,"<=",-512.534,"nA","<=",-300,"P",0.416773,***,"",
20,"Pin_to_Pin_Leakage","","PIN_TO_PIN_POS_LEAKAGE_PIN",20080,"",1,1,"FCB_PS1600",20,"1007","","",-200,"<=",-0.312507,"nA","<=",200,"P",0.416773,***,"",
20,"Pin_to_Pin_Leakage","","PIN_TO_PIN_NEG_LEAKAGE_PIN",20180,"",1,1,"FCB_PS1600",20,"1007","","",-200,"<=",-6.0838,"nA","<=",200,"P",0.416773,***,"",
20,"Pin_to_Pin_Leakage","","PIN_TO_PIN_POS_LEAKAGE_PIN",20090,"",1,1,"ISEN_PS1600",20,"1007","","",-200,"<=",-0.00516475,"nA","<=",200,"P",0.416773,***,"",
20,"Pin_to_Pin_Leakage","","PIN_TO_PIN_NEG_LEAKAGE_PIN",20190,"",1,1,"ISEN_PS1600",20,"1007","","",-200,"<=",-11.0546,"nA","<=",200,"P",0.416773,***,"",
20,"Pin_to_Pin_Leakage","","PIN_TO_PIN_POS_LEAKAGE_PIN_VBIAS_PS1600",20100,"",1,1,"VBIAS_PS1600",20,"1007","","",500,"<=",752,"nA","<=",1000,"P",0.416773,***,"",
20,"Pin_to_Pin_Leakage","","PIN_TO_PIN_NEG_LEAKAGE_PIN_VBIAS_PS1600",20200,"",1,1,"VBIAS_PS1600",20,"1007","","",-1000,"<=",-835,"nA","<=",-500,"P",0.416773,***,"",
20,"IVDDFL_IVINFL_RONFL","","RON_200mAVDD_5_VIN_5_20V_Part",90050,"",1,1,"VIN1",20,"1007","","",0.01,"<=",0.0231326,"ohm","<=",0.03,"P",0.034414,***,"",
20,"IVDDFL_IVINFL_RONFL","","DEVICE_VARIENT_TRUE",90060,"",1,1,"VIN1",20,"1007","","",0.5,"<=",1,"","<=",1.5,"P",0.034414,***,"",
20,"Fuse_Burn_Check","","BANKA_BIT5_BLOWN_TRUE",1000001,"",1,1,"OFF_PS1600",20,"1007","","",0,"<=",1,"","<=",1,"P",0.0995141,***,"",
20,"Gross_Functional_EN_FCB_FAULTB_OFF","","EN_FCB_LOW_VOUT_LOW",30010,"",1,1,"VOUT4",20,"1007","","",-0.001,"<=",0.0205936,"V","<=",1,"P",0.231374,***,"",
20,"Gross_Functional_EN_FCB_FAULTB_OFF","","EN_FCB_LOW_OFF_HIGH",30020,"",1,1,"OFF_PS1600",20,"1007","","",1.6,"<=",1.80241,"V","<=",2.3,"P",0.231374,***,"",
20,"Gross_Functional_EN_FCB_FAULTB_OFF","","FCB_LOW_VOUT_LOW",30030,"",1,1,"VOUT4",20,"1007","","",-0.001,"<=",0.00207901,"V","<=",0.5,"P",0.231374,***,"",
20,"Gross_Functional_EN_FCB_FAULTB_OFF","","FCB_LOW_OFF_HIGH",30040,"",1,1,"OFF_PS1600",20,"1007","","",1.6,"<=",1.80332,"V","<=",2.3,"P",0.231374,***,"",
20,"Gross_Functional_EN_FCB_FAULTB_OFF","","EN_LOW_VOUT_LOW",30050,"",1,1,"VOUT4",20,"1007","","",-0.001,"<=",0.000667572,"V","<=",0.5,"P",0.231374,***,"",
20,"Gross_Functional_EN_FCB_FAULTB_OFF","","EN_LOW_OFF_HIGH",30060,"",1,1,"OFF_PS1600",20,"1007","","",1.6,"<=",1.80235,"V","<=",2.3,"P",0.231374,***,"",
20,"Gross_Functional_EN_FCB_FAULTB_OFF","","EN_FCB_HIGH_VOUT_HIGH",30070,"",1,1,"VOUT4",20,"1007","","",4.85,"<=",5.00003,"V","<=",5.1,"P",0.231374,***,"",
20,"Gross_Functional_EN_FCB_FAULTB_OFF","","EN_FCB_HIGH_OFF_LOW",30080,"",1,1,"OFF_PS1600",20,"1007","","",-0.001,"<=",0.000714269,"V","<=",0.5,"P",0.231374,***,"",
20,"Gross_Functional_EN_FCB_FAULTB_OFF","","FAULT_SET_VOUT_LOW",30090,"",1,1,"VOUT4",20,"1007","","",-0.001,"<=",0.000621796,"V","<=",0.5,"P",0.231374,***,"",
20,"Gross_Functional_EN_FCB_FAULTB_OFF","","FAULT_SET_OFF_HIGH",30100,"",1,1,"OFF_PS1600",20,"1007","","",1.6,"<=",1.84703,"V","<=",2.3,"P",0.231374,***,"",
20,"Gross_Functional_EN_FCB_FAULTB_OFF","","FAULT_RESET_VOUT_HIGH",30110,"",1,1,"VOUT4",20,"1007","","",4.85,"<=",5,"V","<=",5.1,"P",0.231374,***,"",
20,"Gross_Functional_EN_FCB_FAULTB_OFF","","FAULT_RESET_OFF_LOW",30120,"",1,1,"OFF_PS1600",20,"1007","","",0,"<=",0.000714269,"V","<=",0.5,"P",0.231374,***,"",
20,"Output_disabled_leakage","","IVDDDIS_VDD_3_VIN_3",40010,"",1,1,"VDD",20,"1007","","",10,"<=",106.198,"uA","<=",166.5,"P",0.10165,***,"",
20,"Output_disabled_leakage","","IVINDIS_VDD_3_VIN_3",40050,"",1,1,"VIN1",20,"1007","","",10,"<=",72.1086,"uA","<=",166.5,"P",0.10165,***,"",
20,"Output_disabled_leakage","","IOFF_VDD_3_VIN_3",40090,"",1,1,"VOUT4",20,"1007","","",-14,"<=",-1.47588,"uA","<=",11,"P",0.10165,***,"",
20,"Output_disabled_leakage","","IVDDDIS_VDD_3_VIN_20",40020,"",1,1,"VDD",20,"1007","","",10,"<=",103.476,"uA","<=",166.5,"P",0.10165,***,"",
20,"Output_disabled_leakage","","IVINDIS_VDD_3_VIN_20",40060,"",1,1,"VIN1",20,"1007","","",10,"<=",97.082,"uA","<=",166.5,"P",0.10165,***,"",
20,"Output_disabled_leakage","","IOFF_VDD_3_VIN_20",40100,"",1,1,"VOUT4",20,"1007","","",-14,"<=",-1.78636,"uA","<=",11,"P",0.10165,***,"",
20,"Output_disabled_leakage","","IVINVDD0_VIN_3",40130,"",1,1,"VIN1",20,"1007","","",10,"<=",70.4434,"uA","<=",166.5,"P",0.10165,***,"",
20,"Output_disabled_leakage","","IOFFVDD0_VIN_3",40150,"",1,1,"VOUT4",20,"1007","","",-14,"<=",-1.2441,"uA","<=",11,"P",0.10165,***,"",
20,"Output_disabled_leakage","","IVDDDIS_VDD_20_VIN_3",40030,"",1,1,"VDD",20,"1007","","",10,"<=",133.865,"uA","<=",166.5,"P",0.10165,***,"",
20,"Output_disabled_leakage","","IVINDIS_VDD_20_VIN_3",40070,"",1,1,"VIN1",20,"1007","","",10,"<=",69.9852,"uA","<=",166.5,"P",0.10165,***,"",
20,"Output_disabled_leakage","","IOFF_VDD_20_VIN_3",40110,"",1,1,"VOUT4",20,"1007","","",-14,"<=",-1.53929,"uA","<=",11,"P",0.10165,***,"",
20,"Output_disabled_leakage","","IVDDDIS_VDD_20_VIN_20",40040,"",1,1,"VDD",20,"1007","","",10,"<=",143.433,"uA","<=",166.5,"P",0.10165,***,"",
20,"Output_disabled_leakage","","IVINDIS_VDD_20_VIN_20",40080,"",1,1,"VIN1",20,"1007","","",10,"<=",89.3865,"uA","<=",166.5,"P",0.10165,***,"",
20,"Output_disabled_leakage","","IOFF_VDD_20_VIN_20",40120,"",1,1,"VOUT4",20,"1007","","",-14,"<=",-1.22462,"uA","<=",11,"P",0.10165,***,"",
20,"Output_disabled_leakage","","IVINVDD0_VIN_20",40140,"",1,1,"VIN1",20,"1007","","",10,"<=",118.274,"uA","<=",166.5,"P",0.10165,***,"",
20,"Output_disabled_leakage","","IOFFVDD0_VIN_20",40160,"",1,1,"VOUT4",20,"1007","","",-14,"<=",-2.12248,"uA","<=",11,"P",0.10165,***,"",
20,"EN_pullup_resistor","","EN0V_PULLUP_RES",50010,"",1,1,"EN0_PS1600",20,"1007","","",155,"<=",197.731,"Kohm","<=",230,"P",0.0272827,***,"",
20,"EN_pullup_resistor","","EN1V_PULLUP_RES",50020,"",1,1,"EN0_PS1600",20,"1007","","",155,"<=",198.886,"Kohm","<=",230,"P",0.0272827,***,"",
20,"EN_pullup_resistor","","EN0V_Current",50030,"",1,1,"EN0_PS1600",20,"1007","","",-11,"<=",-9.10326,"uA","<=",-7,"P",0.0272827,***,"",
20,"EN_pullup_resistor","","EN1V_Current",50040,"",1,1,"EN0_PS1600",20,"1007","","",-5.5,"<=",-4.02241,"uA","<=",-3,"P",0.0272827,***,"",
20,"Leakage_Test","","IOFF_REVERSE_VOUT_VIN_LEAKAGE_1mA",60030,"",1,1,"VIN",20,"1007","","",-331,"<=",-265.629,"mV","<=",-205,"P",0.0588329,***,"",
20,"Leakage_Test","","IOFF_REVERSE_VOUT_VIN_LEAKAGE_10mA",60040,"",1,1,"VIN",20,"1007","","",-340,"<=",-327.49,"mV","<=",-205,"P",0.0588329,***,"",
20,"Leakage_Test","","IOFF_REVERSE_VOUT_VIN_LEAKAGE_100mA",60050,"",1,1,"VIN",20,"1007","","",-331,"<=",-205.742,"mV","<=",-205,"P",0.0588329,***,"",
20,"Nominal_Input_pin_Leakages","","LEAKAGE",70010,"",1,1,"EN0_PS1600",20,"1007","","",10,"<=",24.8552,"uA","<=",40,"P",0.139807,***,"",
20,"Nominal_Input_pin_Leakages","","LEAKAGE",70060,"",1,1,"FAULTB_PS1600",20,"1007","","",-0.2,"<=",0.006677,"uA","<=",0.2,"P",0.139807,***,"",
20,"Nominal_Input_pin_Leakages","","LEAKAGE",70020,"",1,1,"FCB_PS1600",20,"1007","","",-0.5,"<=",0.0867436,"uA","<=",0.5,"P",0.139807,***,"",
20,"Nominal_Input_pin_Leakages","","LEAKAGE",70040,"",1,1,"ISEN_PS1600",20,"1007","","",24,"<=",26.0919,"uA","<=",50,"P",0.139807,***,"",
20,"Nominal_Input_pin_Leakages","","LEAKAGE",70030,"",1,1,"ITRIP_PS1600",20,"1007","","",14,"<=",14.4687,"uA","<=",25,"P",0.139807,***,"",
20,"Nominal_Input_pin_Leakages","","LEAKAGE",70080,"",1,1,"OFF_PS1600",20,"1007","","",-0.2,"<=",0.100011,"uA","<=",0.5,"P",0.139807,***,"",
20,"Nominal_Input_pin_Leakages","","LEAKAGE",70050,"",1,1,"SS_PS1600",20,"1007","","",20,"<=",48.7976,"uA","<=",70,"P",0.139807,***,"",
20,"Nominal_Input_pin_Leakages","","LEAKAGE",70070,"",1,1,"VBIAS_PS1600",20,"1007","","",5,"<=",24.5373,"uA","<=",40,"P",0.139807,***,"",
20,"Nominal_Input_pin_Leakages","","LEAKAGE_2V",70090,"",1,1,"OFF_PS1600",20,"1007","","",-0.5,"<=",0.0683866,"uA","<=",0.5,"P",0.139807,***,"",
20,"Output_enabled_leakage","","IVDD_VDD_3_Vin_3",80001,"",1,1,"VDD",20,"1007","","",10,"<=",95.1169,"uA","<=",130,"P",0.495899,***,"",
20,"Output_enabled_leakage","","IVIN_VDD_3_Vin_3",80005,"",1,1,"VIN1",20,"1007","","",10,"<=",54.9862,"uA","<=",75,"P",0.495899,***,"",
20,"Output_enabled_leakage","","IVDD_VDD_3_Vin_20",80010,"",1,1,"VDD",20,"1007","","",10,"<=",98.5386,"uA","<=",150,"P",0.495899,***,"",
20,"Output_enabled_leakage","","IVIN_VDD_3_Vin_20",80014,"",1,1,"VIN1",20,"1007","","",10,"<=",81.568,"uA","<=",120,"P",0.495899,***,"",
20,"Output_enabled_leakage","","IVDD_VDD_20_Vin_3",80011,"",1,1,"VDD",20,"1007","","",10,"<=",115.09,"uA","<=",150,"P",0.495899,***,"",
20,"Output_enabled_leakage","","IVIN_VDD_20_Vin_3",80015,"",1,1,"VIN1",20,"1007","","",10,"<=",55.206,"uA","<=",75,"P",0.495899,***,"",
20,"Output_enabled_leakage","","IVDD_VDD_20_Vin_20",80012,"",1,1,"VDD",20,"1007","","",10,"<=",113.361,"uA","<=",175,"P",0.495899,***,"",
20,"Output_enabled_leakage","","IVIN_VDD_20_Vin_20",80016,"",1,1,"VIN1",20,"1007","","",10,"<=",80.3405,"uA","<=",120,"P",0.495899,***,"",
20,"SCAN","","Scan_test",330010,"_rdi_burst_SCAN_bk4_mp",1,1,"@",20,"1007","","",***,"",***," ","",***,"P",0.0437546,***,"",
20,"Logic","","Logic_test",340010,"_rdi_burst_Logic_bk6_mp",1,1,"@",20,"1007","","",***,"",***," ","",***,"P",0.279346,***,"",
20,"POST_EFUSE_RESISTANCE","","POST_BANKA_EFUSE_RESISTANCE_BLOWN_BIT47",590001,"",1,1,"ISEN_PS1600",20,"1007","","",3500,"<=",69252.8,"ohms","<=",85000,"P",3.61603,***,"",
20,"POST_EFUSE_RESISTANCE","","POST_BANKA_EFUSE_RESISTANCE_BLOWN_BIT46",590002,"",1,1,"ISEN_PS1600",20,"1007","","",3500,"<=",69070.6,"ohms","<=",85000,"P",3.6658,***,"",
20,"POST_EFUSE_RESISTANCE","","POST_BANKA_EFUSE_RESISTANCE_UNBLOWN_BIT45",490003,"",1,1,"ISEN_PS1600",20,"1007","","",65,"<=",91.2,"ohms","<=",200,"P",3.72201,***,"",
20,"POST_EFUSE_RESISTANCE","","POST_BANKA_EFUSE_RESISTANCE_BLOWN_BIT44",590004,"",1,1,"ISEN_PS1600",20,"1007","","",3500,"<=",69241.4,"ohms","<=",85000,"P",2.88429,***,"",
20,"POST_EFUSE_RESISTANCE","","POST_BANKA_EFUSE_RESISTANCE_BLOWN_BIT43",590005,"",1,1,"ISEN_PS1600",20,"1007","","",3500,"<=",69230.2,"ohms","<=",85000,"P",2.88406,***,"",
20,"POST_EFUSE_RESISTANCE","","POST_BANKA_EFUSE_RESISTANCE_UNBLOWN_BIT42",490006,"",1,1,"ISEN_PS1600",20,"1007","","",65,"<=",68.4,"ohms","<=",200,"P",2.87233,***,"",
20,"POST_EFUSE_RESISTANCE","","POST_BANKA_EFUSE_RESISTANCE_UNBLOWN_BIT41",490007,"",1,1,"ISEN_PS1600",20,"1007","","",65,"<=",102.6,"ohms","<=",200,"P",2.87233,***,"",
20,"POST_EFUSE_RESISTANCE","","POST_BANKA_EFUSE_RESISTANCE_UNBLOWN_BIT40",490008,"",1,1,"ISEN_PS1600",20,"1007","","",65,"<=",91.2,"ohms","<=",200,"P",2.88725,***,"",
20,"POST_EFUSE_RESISTANCE","","POST_BANKA_EFUSE_RESISTANCE_UNBLOWN_BIT39",490009,"",1,1,"ISEN_PS1600",20,"1007","","",65,"<=",79.8,"ohms","<=",200,"P",2.88323,***,"",
20,"POST_EFUSE_RESISTANCE","","POST_BANKA_EFUSE_RESISTANCE_UNBLOWN_BIT38",490010,"",1,1,"ISEN_PS1600",20,"1007","","",65,"<=",68.4,"ohms","<=",200,"P",2.88555,***,"",
20,"POST_EFUSE_RESISTANCE","","POST_BANKA_EFUSE_RESISTANCE_BLOWN_BIT37",590011,"",1,1,"ISEN_PS1600",20,"1007","","",3500,"<=",69241.4,"ohms","<=",85000,"P",2.88604,***,"",
20,"POST_EFUSE_RESISTANCE","","POST_BANKA_EFUSE_RESISTANCE_BLOWN_BIT36",590012,"",1,1,"ISEN_PS1600",20,"1007","","",3500,"<=",68615.4,"ohms","<=",85000,"P",2.88426,***,"",
20,"POST_EFUSE_RESISTANCE","","POST_BANKA_EFUSE_RESISTANCE_UNBLOWN_BIT35",490013,"",1,1,"ISEN_PS1600",20,"1007","","",65,"<=",91.2,"ohms","<=",200,"P",2.88426,***,"",
20,"POST_EFUSE_RESISTANCE","","POST_BANKA_EFUSE_RESISTANCE_UNBLOWN_BIT34",490014,"",1,1,"ISEN_PS1600",20,"1007","","",65,"<=",68.4,"ohms","<=",200,"P",2.88426,***,"",
20,"POST_EFUSE_RESISTANCE","","POST_BANKA_EFUSE_RESISTANCE_UNBLOWN_BIT33",490015,"",1,1,"ISEN_PS1600",20,"1007","","",65,"<=",68.4,"ohms","<=",200,"P",2.88443,***,"",
20,"POST_EFUSE_RESISTANCE","","POST_BANKA_EFUSE_RESISTANCE_UNBLOWN_BIT32",490016,"",1,1,"ISEN_PS1600",20,"1007","","",65,"<=",91.2,"ohms","<=",200,"P",2.88546,***,"",
20,"POST_EFUSE_RESISTANCE","","POST_BANKA_EFUSE_RESISTANCE_BLOWN_BIT31",590017,"",1,1,"ISEN_PS1600",20,"1007","","",3500,"<=",69275.6,"ohms","<=",85000,"P",2.88666,***,"",
20,"POST_EFUSE_RESISTANCE","","POST_BANKA_EFUSE_RESISTANCE_UNBLOWN_BIT30",490018,"",1,1,"ISEN_PS1600",20,"1007","","",65,"<=",68.4,"ohms","<=",200,"P",2.88839,***,"",
20,"POST_EFUSE_RESISTANCE","","POST_BANKA_EFUSE_RESISTANCE_UNBLOWN_BIT29",490019,"",1,1,"ISEN_PS1600",20,"1007","","",65,"<=",68.4,"ohms","<=",200,"P",2.88631,***,"",
20,"POST_EFUSE_RESISTANCE","","POST_BANKA_EFUSE_RESISTANCE_UNBLOWN_BIT28",490020,"",1,1,"ISEN_PS1600",20,"1007","","",65,"<=",91.2,"ohms","<=",200,"P",2.88735,***,"",
20,"POST_EFUSE_RESISTANCE","","POST_BANKA_EFUSE_RESISTANCE_BLOWN_BIT27",590021,"",1,1,"ISEN_PS1600",20,"1007","","",3500,"<=",69287,"ohms","<=",85000,"P",2.88735,***,"",
20,"POST_EFUSE_RESISTANCE","","POST_BANKA_EFUSE_RESISTANCE_UNBLOWN_BIT26",490022,"",1,1,"ISEN_PS1600",20,"1007","","",65,"<=",79.8,"ohms","<=",200,"P",2.88209,***,"",
20,"POST_EFUSE_RESISTANCE","","POST_BANKA_EFUSE_RESISTANCE_BLOWN_BIT25",590023,"",1,1,"ISEN_PS1600",20,"1007","","",3500,"<=",69252.8,"ohms","<=",85000,"P",2.88209,***,"",
20,"POST_EFUSE_RESISTANCE","","POST_BANKA_EFUSE_RESISTANCE_BLOWN_BIT24",590024,"",1,1,"ISEN_PS1600",20,"1007","","",3500,"<=",69275.6,"ohms","<=",85000,"P",2.88625,***,"",
20,"POST_EFUSE_RESISTANCE","","POST_BANKA_EFUSE_RESISTANCE_UNBLOWN_BIT23",490025,"",1,1,"ISEN_PS1600",20,"1007","","",65,"<=",102.6,"ohms","<=",200,"P",2.88735,***,"",
20,"POST_EFUSE_RESISTANCE","","POST_BANKA_EFUSE_RESISTANCE_UNBLOWN_BIT22",490026,"",1,1,"ISEN_PS1600",20,"1007","","",65,"<=",79.8,"ohms","<=",200,"P",2.88564,***,"",
20,"POST_EFUSE_RESISTANCE","","POST_BANKA_EFUSE_RESISTANCE_UNBLOWN_BIT21",490027,"",1,1,"ISEN_PS1600",20,"1007","","",65,"<=",68.4,"ohms","<=",200,"P",2.88425,***,"",
20,"POST_EFUSE_RESISTANCE","","POST_BANKA_EFUSE_RESISTANCE_UNBLOWN_BIT20",490028,"",1,1,"ISEN_PS1600",20,"1007","","",65,"<=",68.4,"ohms","<=",200,"P",2.88425,***,"",
20,"POST_EFUSE_RESISTANCE","","POST_BANKA_EFUSE_RESISTANCE_UNBLOWN_BIT19",490029,"",1,1,"ISEN_PS1600",20,"1007","","",65,"<=",102.6,"ohms","<=",200,"P",2.88425,***,"",
20,"POST_EFUSE_RESISTANCE","","POST_BANKA_EFUSE_RESISTANCE_UNBLOWN_BIT18",490030,"",1,1,"ISEN_PS1600",20,"1007","","",65,"<=",91.2,"ohms","<=",200,"P",2.88482,***,"",
20,"POST_EFUSE_RESISTANCE","","POST_BANKA_EFUSE_RESISTANCE_BLOWN_BIT17",590031,"",1,1,"ISEN_PS1600",20,"1007","","",3500,"<=",69252.8,"ohms","<=",85000,"P",2.88508,***,"",
20,"POST_EFUSE_RESISTANCE","","POST_BANKA_EFUSE_RESISTANCE_BLOWN_BIT16",590032,"",1,1,"ISEN_PS1600",20,"1007","","",3500,"<=",69252.8,"ohms","<=",85000,"P",2.88508,***,"",
20,"POST_EFUSE_RESISTANCE","","POST_BANKA_EFUSE_RESISTANCE_UNBLOWN_BIT15",490033,"",1,1,"ISEN_PS1600",20,"1007","","",65,"<=",91.2,"ohms","<=",200,"P",2.87269,***,"",
20,"POST_EFUSE_RESISTANCE","","POST_BANKA_EFUSE_RESISTANCE_BLOWN_BIT14",590034,"",1,1,"ISEN_PS1600",20,"1007","","",3500,"<=",69264.2,"ohms","<=",85000,"P",2.88595,***,"",
20,"POST_EFUSE_RESISTANCE","","POST_BANKA_EFUSE_RESISTANCE_UNBLOWN_BIT13",490035,"",1,1,"ISEN_PS1600",20,"1007","","",65,"<=",68.4,"ohms","<=",200,"P",2.88683,***,"",
20,"POST_EFUSE_RESISTANCE","","POST_BANKA_EFUSE_RESISTANCE_BLOWN_BIT12",590036,"",1,1,"ISEN_PS1600",20,"1007","","",3500,"<=",69252.8,"ohms","<=",85000,"P",2.88435,***,"",
20,"POST_EFUSE_RESISTANCE","","POST_BANKA_EFUSE_RESISTANCE_BLOWN_BIT11",590037,"",1,1,"ISEN_PS1600",20,"1007","","",3500,"<=",64164.6,"ohms","<=",85000,"P",2.88548,***,"",
20,"POST_EFUSE_RESISTANCE","","POST_BANKA_EFUSE_RESISTANCE_UNBLOWN_BIT10",490038,"",1,1,"ISEN_PS1600",20,"1007","","",65,"<=",91.2,"ohms","<=",200,"P",2.88156,***,"",
20,"POST_EFUSE_RESISTANCE","","POST_BANKA_EFUSE_RESISTANCE_BLOWN_BIT9",590039,"",1,1,"ISEN_PS1600",20,"1007","","",3500,"<=",69252.8,"ohms","<=",85000,"P",2.88156,***,"",
20,"POST_EFUSE_RESISTANCE","","POST_BANKA_EFUSE_RESISTANCE_BLOWN_BIT8",590040,"",1,1,"ISEN_PS1600",20,"1007","","",3500,"<=",69252.8,"ohms","<=",85000,"P",2.88156,***,"",
20,"POST_EFUSE_RESISTANCE","","POST_BANKA_EFUSE_RESISTANCE_BLOWN_BIT7",590041,"",1,1,"ISEN_PS1600",20,"1007","","",3500,"<=",69275.6,"ohms","<=",85000,"P",2.8817,***,"",
20,"POST_EFUSE_RESISTANCE","","POST_BANKA_EFUSE_RESISTANCE_UNBLOWN_BIT6",490042,"",1,1,"ISEN_PS1600",20,"1007","","",65,"<=",102.6,"ohms","<=",200,"P",2.88326,***,"",
20,"POST_EFUSE_RESISTANCE","","POST_BANKA_EFUSE_RESISTANCE_BLOWN_BIT5",590043,"",1,1,"ISEN_PS1600",20,"1007","","",3500,"<=",69275.6,"ohms","<=",85000,"P",2.88326,***,"",
20,"POST_EFUSE_RESISTANCE","","POST_BANKA_EFUSE_RESISTANCE_UNBLOWN_BIT4",490044,"",1,1,"ISEN_PS1600",20,"1007","","",65,"<=",68.4,"ohms","<=",200,"P",2.88326,***,"",
20,"POST_EFUSE_RESISTANCE","","POST_BANKA_EFUSE_RESISTANCE_UNBLOWN_BIT3",490045,"",1,1,"ISEN_PS1600",20,"1007","","",65,"<=",79.8,"ohms","<=",200,"P",2.88326,***,"",
20,"POST_EFUSE_RESISTANCE","","POST_BANKA_EFUSE_RESISTANCE_UNBLOWN_BIT2",490046,"",1,1,"ISEN_PS1600",20,"1007","","",65,"<=",113.8,"ohms","<=",200,"P",2.88326,***,"",
20,"POST_EFUSE_RESISTANCE","","POST_BANKA_EFUSE_RESISTANCE_UNBLOWN_BIT1",490047,"",1,1,"ISEN_PS1600",20,"1007","","",65,"<=",91.2,"ohms","<=",200,"P",2.88273,***,"",
20,"POST_EFUSE_RESISTANCE","","POST_BANKA_EFUSE_RESISTANCE_UNBLOWN_BIT0",490048,"",1,1,"ISEN_PS1600",20,"1007","","",65,"<=",79.8,"ohms","<=",200,"P",2.88421,***,"",
20,"POST_EFUSE_RESISTANCE","","POST_BANKB_EFUSE_RESISTANCE_BLOWN_BIT47",590049,"",1,1,"ISEN_PS1600",20,"1007","","",3500,"<=",69264.2,"ohms","<=",85000,"P",2.88421,***,"",
20,"POST_EFUSE_RESISTANCE","","POST_BANKB_EFUSE_RESISTANCE_BLOWN_BIT46",590050,"",1,1,"ISEN_PS1600",20,"1007","","",3500,"<=",69287,"ohms","<=",85000,"P",2.88421,***,"",
20,"POST_EFUSE_RESISTANCE","","POST_BANKB_EFUSE_RESISTANCE_UNBLOWN_BIT45",490051,"",1,1,"ISEN_PS1600",20,"1007","","",65,"<=",79.8,"ohms","<=",200,"P",2.88535,***,"",
20,"POST_EFUSE_RESISTANCE","","POST_BANKB_EFUSE_RESISTANCE_BLOWN_BIT44",590052,"",1,1,"ISEN_PS1600",20,"1007","","",3500,"<=",69253,"ohms","<=",85000,"P",2.87876,***,"",
20,"POST_EFUSE_RESISTANCE","","POST_BANKB_EFUSE_RESISTANCE_BLOWN_BIT43",590053,"",1,1,"ISEN_PS1600",20,"1007","","",3500,"<=",69264.4,"ohms","<=",85000,"P",2.88114,***,"",
20,"POST_EFUSE_RESISTANCE","","POST_BANKB_EFUSE_RESISTANCE_UNBLOWN_BIT42",490054,"",1,1,"ISEN_PS1600",20,"1007","","",65,"<=",102.4,"ohms","<=",200,"P",2.87119,***,"",
20,"POST_EFUSE_RESISTANCE","","POST_BANKB_EFUSE_RESISTANCE_UNBLOWN_BIT41",490055,"",1,1,"ISEN_PS1600",20,"1007","","",65,"<=",79.8,"ohms","<=",200,"P",2.87119,***,"",
20,"POST_EFUSE_RESISTANCE","","POST_BANKB_EFUSE_RESISTANCE_UNBLOWN_BIT40",490056,"",1,1,"ISEN_PS1600",20,"1007","","",65,"<=",79.8,"ohms","<=",200,"P",2.8865,***,"",
20,"POST_EFUSE_RESISTANCE","","POST_BANKB_EFUSE_RESISTANCE_UNBLOWN_BIT39",490057,"",1,1,"ISEN_PS1600",20,"1007","","",65,"<=",79.8,"ohms","<=",200,"P",2.88172,***,"",
20,"POST_EFUSE_RESISTANCE","","POST_BANKB_EFUSE_RESISTANCE_UNBLOWN_BIT38",490058,"",1,1,"ISEN_PS1600",20,"1007","","",65,"<=",102.4,"ohms","<=",200,"P",2.87139,***,"",
20,"POST_EFUSE_RESISTANCE","","POST_BANKB_EFUSE_RESISTANCE_BLOWN_BIT37",590059,"",1,1,"ISEN_PS1600",20,"1007","","",3500,"<=",69298.2,"ohms","<=",85000,"P",2.88421,***,"",
20,"POST_EFUSE_RESISTANCE","","POST_BANKB_EFUSE_RESISTANCE_BLOWN_BIT36",590060,"",1,1,"ISEN_PS1600",20,"1007","","",3500,"<=",69252.8,"ohms","<=",85000,"P",2.88421,***,"",
20,"POST_EFUSE_RESISTANCE","","POST_BANKB_EFUSE_RESISTANCE_UNBLOWN_BIT35",490061,"",1,1,"ISEN_PS1600",20,"1007","","",65,"<=",68.4,"ohms","<=",200,"P",2.88421,***,"",
20,"POST_EFUSE_RESISTANCE","","POST_BANKB_EFUSE_RESISTANCE_UNBLOWN_BIT34",490062,"",1,1,"ISEN_PS1600",20,"1007","","",65,"<=",79.8,"ohms","<=",200,"P",2.88285,***,"",
20,"POST_EFUSE_RESISTANCE","","POST_BANKB_EFUSE_RESISTANCE_UNBLOWN_BIT33",490063,"",1,1,"ISEN_PS1600",20,"1007","","",65,"<=",91.2,"ohms","<=",200,"P",2.88285,***,"",
20,"POST_EFUSE_RESISTANCE","","POST_BANKB_EFUSE_RESISTANCE_UNBLOWN_BIT32",490064,"",1,1,"ISEN_PS1600",20,"1007","","",65,"<=",91.2,"ohms","<=",200,"P",2.88418,***,"",
20,"POST_EFUSE_RESISTANCE","","POST_BANKB_EFUSE_RESISTANCE_BLOWN_BIT31",590065,"",1,1,"ISEN_PS1600",20,"1007","","",3500,"<=",69253,"ohms","<=",85000,"P",2.88418,***,"",
20,"POST_EFUSE_RESISTANCE","","POST_BANKB_EFUSE_RESISTANCE_UNBLOWN_BIT30",490066,"",1,1,"ISEN_PS1600",20,"1007","","",65,"<=",68.4,"ohms","<=",200,"P",2.88001,***,"",
20,"POST_EFUSE_RESISTANCE","","POST_BANKB_EFUSE_RESISTANCE_UNBLOWN_BIT29",490067,"",1,1,"ISEN_PS1600",20,"1007","","",65,"<=",102.6,"ohms","<=",200,"P",2.88796,***,"",
20,"POST_EFUSE_RESISTANCE","","POST_BANKB_EFUSE_RESISTANCE_UNBLOWN_BIT28",490068,"",1,1,"ISEN_PS1600",20,"1007","","",65,"<=",91.2,"ohms","<=",200,"P",2.88607,***,"",
20,"POST_EFUSE_RESISTANCE","","POST_BANKB_EFUSE_RESISTANCE_BLOWN_BIT27",590069,"",1,1,"ISEN_PS1600",20,"1007","","",3500,"<=",69127.6,"ohms","<=",85000,"P",2.88607,***,"",
20,"POST_EFUSE_RESISTANCE","","POST_BANKB_EFUSE_RESISTANCE_UNBLOWN_BIT26",490070,"",1,1,"ISEN_PS1600",20,"1007","","",65,"<=",68.4,"ohms","<=",200,"P",2.88114,***,"",
20,"POST_EFUSE_RESISTANCE","","POST_BANKB_EFUSE_RESISTANCE_BLOWN_BIT25",590071,"",1,1,"ISEN_PS1600",20,"1007","","",3500,"<=",69287,"ohms","<=",85000,"P",2.88114,***,"",
20,"POST_EFUSE_RESISTANCE","","POST_BANKB_EFUSE_RESISTANCE_BLOWN_BIT24",590072,"",1,1,"ISEN_PS1600",20,"1007","","",3500,"<=",69287,"ohms","<=",85000,"P",2.8787,***,"",
20,"POST_EFUSE_RESISTANCE","","POST_BANKB_EFUSE_RESISTANCE_UNBLOWN_BIT23",490073,"",1,1,"ISEN_PS1600",20,"1007","","",65,"<=",68.4,"ohms","<=",200,"P",2.88607,***,"",
20,"POST_EFUSE_RESISTANCE","","POST_BANKB_EFUSE_RESISTANCE_UNBLOWN_BIT22",490074,"",1,1,"ISEN_PS1600",20,"1007","","",65,"<=",68.4,"ohms","<=",200,"P",2.88607,***,"",
20,"POST_EFUSE_RESISTANCE","","POST_BANKB_EFUSE_RESISTANCE_UNBLOWN_BIT21",490075,"",1,1,"ISEN_PS1600",20,"1007","","",65,"<=",91.2,"ohms","<=",200,"P",2.88607,***,"",
20,"POST_EFUSE_RESISTANCE","","POST_BANKB_EFUSE_RESISTANCE_UNBLOWN_BIT20",490076,"",1,1,"ISEN_PS1600",20,"1007","","",65,"<=",91.2,"ohms","<=",200,"P",2.89175,***,"",
20,"POST_EFUSE_RESISTANCE","","POST_BANKB_EFUSE_RESISTANCE_UNBLOWN_BIT19",490077,"",1,1,"ISEN_PS1600",20,"1007","","",65,"<=",68.4,"ohms","<=",200,"P",2.89175,***,"",
20,"POST_EFUSE_RESISTANCE","","POST_BANKB_EFUSE_RESISTANCE_UNBLOWN_BIT18",490078,"",1,1,"ISEN_PS1600",20,"1007","","",65,"<=",68.4,"ohms","<=",200,"P",2.89175,***,"",
20,"POST_EFUSE_RESISTANCE","","POST_BANKB_EFUSE_RESISTANCE_BLOWN_BIT17",590079,"",1,1,"ISEN_PS1600",20,"1007","","",3500,"<=",69275.6,"ohms","<=",85000,"P",2.89175,***,"",
20,"POST_EFUSE_RESISTANCE","","POST_BANKB_EFUSE_RESISTANCE_BLOWN_BIT16",590080,"",1,1,"ISEN_PS1600",20,"1007","","",3500,"<=",69298.4,"ohms","<=",85000,"P",2.89175,***,"",
20,"POST_EFUSE_RESISTANCE","","POST_BANKB_EFUSE_RESISTANCE_UNBLOWN_BIT15",490081,"",1,1,"ISEN_PS1600",20,"1007","","",65,"<=",79.8,"ohms","<=",200,"P",2.86618,***,"",
20,"POST_EFUSE_RESISTANCE","","POST_BANKB_EFUSE_RESISTANCE_BLOWN_BIT14",590082,"",1,1,"ISEN_PS1600",20,"1007","","",3500,"<=",69264.2,"ohms","<=",85000,"P",2.89175,***,"",
20,"POST_EFUSE_RESISTANCE","","POST_BANKB_EFUSE_RESISTANCE_UNBLOWN_BIT13",490083,"",1,1,"ISEN_PS1600",20,"1007","","",65,"<=",79.8,"ohms","<=",200,"P",2.89175,***,"",
20,"POST_EFUSE_RESISTANCE","","POST_BANKB_EFUSE_RESISTANCE_BLOWN_BIT12",590084,"",1,1,"ISEN_PS1600",20,"1007","","",3500,"<=",69298.2,"ohms","<=",85000,"P",2.89175,***,"",
20,"POST_EFUSE_RESISTANCE","","POST_BANKB_EFUSE_RESISTANCE_BLOWN_BIT11",590085,"",1,1,"ISEN_PS1600",20,"1007","","",3500,"<=",60214.8,"ohms","<=",85000,"P",2.88352,***,"",
20,"POST_EFUSE_RESISTANCE","","POST_BANKB_EFUSE_RESISTANCE_UNBLOWN_BIT10",490086,"",1,1,"ISEN_PS1600",20,"1007","","",65,"<=",68.4,"ohms","<=",200,"P",2.89175,***,"",
20,"POST_EFUSE_RESISTANCE","","POST_BANKB_EFUSE_RESISTANCE_BLOWN_BIT9",590087,"",1,1,"ISEN_PS1600",20,"1007","","",3500,"<=",69264.2,"ohms","<=",85000,"P",2.88719,***,"",
20,"POST_EFUSE_RESISTANCE","","POST_BANKB_EFUSE_RESISTANCE_BLOWN_BIT8",590088,"",1,1,"ISEN_PS1600",20,"1007","","",3500,"<=",69298.4,"ohms","<=",85000,"P",2.88719,***,"",
20,"POST_EFUSE_RESISTANCE","","POST_BANKB_EFUSE_RESISTANCE_BLOWN_BIT7",590089,"",1,1,"ISEN_PS1600",20,"1007","","",3500,"<=",69287,"ohms","<=",85000,"P",2.88719,***,"",
20,"POST_EFUSE_RESISTANCE","","POST_BANKB_EFUSE_RESISTANCE_UNBLOWN_BIT6",490090,"",1,1,"ISEN_PS1600",20,"1007","","",65,"<=",68.4,"ohms","<=",200,"P",2.88719,***,"",
20,"POST_EFUSE_RESISTANCE","","POST_BANKB_EFUSE_RESISTANCE_BLOWN_BIT5",590091,"",1,1,"ISEN_PS1600",20,"1007","","",3500,"<=",69252.8,"ohms","<=",85000,"P",2.88719,***,"",
20,"POST_EFUSE_RESISTANCE","","POST_BANKB_EFUSE_RESISTANCE_UNBLOWN_BIT4",490092,"",1,1,"ISEN_PS1600",20,"1007","","",65,"<=",102.6,"ohms","<=",200,"P",2.88719,***,"",
20,"POST_EFUSE_RESISTANCE","","POST_BANKB_EFUSE_RESISTANCE_UNBLOWN_BIT3",490093,"",1,1,"ISEN_PS1600",20,"1007","","",65,"<=",91.2,"ohms","<=",200,"P",2.88719,***,"",
20,"POST_EFUSE_RESISTANCE","","POST_BANKB_EFUSE_RESISTANCE_UNBLOWN_BIT2",490094,"",1,1,"ISEN_PS1600",20,"1007","","",65,"<=",79.8,"ohms","<=",200,"P",2.88719,***,"",
20,"POST_EFUSE_RESISTANCE","","POST_BANKB_EFUSE_RESISTANCE_UNBLOWN_BIT1",490095,"",1,1,"ISEN_PS1600",20,"1007","","",65,"<=",68.4,"ohms","<=",200,"P",2.88719,***,"",
20,"POST_EFUSE_RESISTANCE","","POST_BANKB_EFUSE_RESISTANCE_UNBLOWN_BIT0",490096,"",1,1,"ISEN_PS1600",20,"1007","","",65,"<=",79.8,"ohms","<=",200,"P",2.88719,***,"",
20,"Post_Vbias_Test","","GENERAL TEST",510001,"",1,1,"VBIAS_PS1600",20,"1007","","",1.75,"<=",1.80298,"V","<=",1.85,"P",0.0368305,***,"",
20,"Post_SS_Test","","ISS_0p4V",500010,"",1,1,"SS_PS1600",20,"1007","","",-10.7,"<=",-10.244,"uA","<=",-9.3,"P",0.331148,***,"",
20,"Post_SS_Test","","SS_gain_0p4V",500020,"",1,1,"SS_PS1600",20,"1007","","",9.35,"<=",9.78611,"A/V","<=",10.65,"P",0.331148,***,"",
20,"Post_SS_Test","","Vin_vout_Current",500030,"",1,1,"SS_PS1600",20,"1007","","",3.5,"<=",3.91444,"A","<=",4.5,"P",0.331148,***,"",
20,"Post_SS_Gain_Test","","POST_CURRENT_SS_0P1V",820010,"",1,1,"SS_PS1600",20,"1007","","",350,"<=",923.089,"mA","<=",1100,"P",0.228494,***,"",
20,"Post_SS_Gain_Test","","POST_CURRENT_SS_0P2V",820020,"",1,1,"SS_PS1600",20,"1007","","",1800,"<=",1899.06,"mA","<=",2200,"P",0.228494,***,"",
20,"Post_SS_Gain_Test","","POST_CURRENT_SS_Delta",820030,"",1,1,"SS_PS1600",20,"1007","","",920,"<=",975.97,"mA","<=",1080,"P",0.228494,***,"",
20,"Post_ILIM_Test","","ITRIP_10p_Current",810010,"",1,1,"ITRIP_PS1600",20,"1007","","",-11,"<=",-9.978,"uA","<=",-9,"P",5.98073,***,"",
20,"Post_ILIM_Test","","ITRIP_10p_Voltage",810020,"",1,1,"ITRIP_PS1600",20,"1007","","",0.9,"<=",1.01,"V","<=",1.2,"P",5.98073,***,"",
20,"Post_ILIM_Test","","ITRIP_20p_Current",810060,"",1,1,"VOUT1",20,"1007","","",-22,"<=",-19.924,"uA","<=",-18,"P",5.98073,***,"",
20,"Post_ILIM_Test","","ITRIP_20p_Voltage",810070,"",1,1,"VOUT1",20,"1007","","",0.9,"<=",1.01,"V","<=",1.2,"P",5.98073,***,"",
20,"Post_ILIM_Test","","Vin_vout_Current_10P",810160,"",1,1,"VOUT1",20,"1007","","",0,"<=",0.80004,"A","<=",0.9,"P",5.98073,***,"",
20,"Post_ILIM_Test","","Vin_vout_Current_20P",810150,"",1,1,"VOUT1",20,"1007","","",0,"<=",1.59987,"A","<=",1.7,"P",5.98073,***,"",
20,"Post_ILIM_Test","","gain_20V_10p",810050,"",1,1,"ITRIP_PS1600",20,"1007","","",70000,"<=",80180.4,"GAIN","<=",85000,"P",5.98073,***,"",
20,"Post_ILIM_Test","","gain_20V_20p",810100,"",1,1,"ITRIP_PS1600",20,"1007","","",75000,"<=",80298.7,"GAIN","<=",85000,"P",5.98073,***,"",
20,"Post_ISENSE_Gain","","POST_SNS_GAIN_20PIMAX_CODE",820040,"",1,1,"ISEN_DPS128",20,"1007","","",-210,"<=",-207.316,"uA","<=",-190,"P",0.079499,***,"",
20,"Post_ISENSE_Gain","","gain",820050,"",1,1,"ISEN_DPS128",20,"1007","","",7700,"<=",7717.05,"GAIN","<=",8300,"P",0.079499,***,"",
20,"Post_ISENSE_Gain","","Forced Current",820060,"",1,1,"VOUT1",20,"1007","","",1.55,"<=",1.59987,"A","<=",1.61,"P",0.079499,***,"",
20,"ILIM_Slowtrip","","ITRIP_VOLTAGE_ILIM_TM_011",830010,"",1,1,"ITRIP_PS1600",20,"1007","","",0.95,"<=",1.11873,"V","<=",1.15,"P",0.322787,***,"",
20,"ILIM_Slowtrip","","ITRIP_VOLTAGE_ILIM_TM_111",830020,"",1,1,"ITRIP_PS1600",20,"1007","","",0.95,"<=",1.12174,"V","<=",1.15,"P",0.322787,***,"",
20,"TISLOW","","TISLOW",840010,"",1,1,"ITRIP_PS1600",20,"1007","","",11.1,"<=",12.3,"mS","<=",12.7,"P",0.176881,***,"",
20,"IO_TEST","","OFF_VOLTAGE_LOW_EN_0V_IO_TM_1",460010,"",1,1,"OFF_PS1600",20,"1007","","",0,"<=",0.000885,"V","<=",0.2,"P",1.1809,***,"",
20,"IO_TEST","","OFF_VOLTAGE_HIGH_EN_1P8V_IO_TM_1",460020,"",1,1,"OFF_PS1600",20,"1007","","",1.75,"<=",1.80132,"V","<=",1.85,"P",1.1809,***,"",
20,"IO_TEST","","OFF_VOLTAGE_LOW_VIN_1P5V_IO_TM_1",460030,"",1,1,"OFF_PS1600",20,"1007","","",0,"<=",0.000828102,"V","<=",0.2,"P",1.1809,***,"",
20,"IO_TEST","","OFF_VOLTAGE_HIGH_VIN_5V_IO_TM_1",460040,"",1,1,"OFF_PS1600",20,"1007","","",1.75,"<=",1.80104,"V","<=",1.85,"P",1.1809,***,"",
20,"IO_TEST","","OFF_VOLTAGE_LOW_EN_0V_IO_TM_2",460070,"",1,1,"OFF_PS1600",20,"1007","","",0,"<=",0.000771,"V","<=",0.2,"P",1.1809,***,"",
20,"IO_TEST","","OFF_VOLTAGE_HIGH_EN_1P8V_IO_TM_2",460080,"",1,1,"OFF_PS1600",20,"1007","","",1.75,"<=",1.80115,"V","<=",1.85,"P",1.1809,***,"",
20,"IO_TEST","","OFF_VOLTAGE_LOW_VIN_1P5V_IO_TM_2",460090,"",1,1,"OFF_PS1600",20,"1007","","",0,"<=",0.000828102,"V","<=",0.2,"P",1.1809,***,"",
20,"IO_TEST","","OFF_VOLTAGE_HIGH_VIN_5V_IO_TM_2",460100,"",1,1,"OFF_PS1600",20,"1007","","",1.75,"<=",1.80121,"V","<=",1.85,"P",1.1809,***,"",
20,"IO_TEST","","OFF_VOLTAGE_LOW_FCB_0V_IO_TM_3",460050,"",1,1,"OFF_PS1600",20,"1007","","",0,"<=",0.000771,"V","<=",0.2,"P",1.1809,***,"",
20,"IO_TEST","","OFF_VOLTAGE_HIGH_FCB_1P8V_IO_TM_3",460060,"",1,1,"OFF_PS1600",20,"1007","","",1.75,"<=",1.80115,"V","<=",1.85,"P",1.1809,***,"",
20,"IO_TEST","","OFF_VOLTAGE_LOW_FCB_0V_IO_TM_4",460110,"",1,1,"OFF_PS1600",20,"1007","","",0,"<=",0.000885,"V","<=",0.2,"P",1.1809,***,"",
20,"IO_TEST","","OFF_VOLTAGE_HIGH_FCB_1P8V_IO_TM_4",460120,"",1,1,"OFF_PS1600",20,"1007","","",1.75,"<=",1.80121,"V","<=",1.85,"P",1.1809,***,"",
20,"SS_Threshold_Test","","VSS_T",210010,"",1,1,"SS_DPS128",20,"1007","","",0.96,"<=",1.04,"V","<=",1.095,"P",0.523683,***,"",
20,"UVLO_Threshold","","UVLO_RISING_VDD",350010,"",1,1,"VDD",20,"1007","","",2.2,"<=",2.57455,"V","<=",2.9,"P",6.94559,***,"",
20,"UVLO_Threshold","","UVLO_FALLING_VDD",350020,"",1,1,"VDD",20,"1007","","",2.2,"<=",2.37114,"V","<=",2.8,"P",6.94559,***,"",
20,"UVLO_Threshold","","UVLO_HYSTERISIS",350030,"",1,1,"VDD",20,"1007","","",0.12,"<=",0.203407,"V","<=",0.5,"P",6.94559,***,"",
20,"UVLO_Threshold","","UVLO_RISING_VIN",350040,"",1,1,"VIN1",20,"1007","","",2.5,"<=",2.5978,"V","<=",2.88,"P",6.94559,***,"",
20,"UVLO_Threshold","","UVLO_FALLING_VIN",350050,"",1,1,"VIN1",20,"1007","","",2.35,"<=",2.44088,"V","<=",2.7,"P",6.94559,***,"",
20,"UVLO_Threshold","","UVLO_HYSTERISIS_VIN",350060,"",1,1,"VIN1",20,"1007","","",0.07,"<=",0.156914,"V","<=",0.3,"P",6.94559,***,"",
20,"EN_Rise_Fall_Hysteresis","","EN_RISING_VDD",360010,"",1,1,"EN",20,"1007","","",0.65,"<=",0.733467,"V","<=",0.8,"P",0.894913,***,"",
20,"EN_Rise_Fall_Hysteresis","","EN_FALLING_VDD",360020,"",1,1,"EN",20,"1007","","",0.6,"<=",0.682365,"V","<=",0.75,"P",0.894913,***,"",
20,"EN_Rise_Fall_Hysteresis","","EN_HYSTERISIS",360030,"",1,1,"EN",20,"1007","","",0.025,"<=",0.0511022,"V","<=",0.06,"P",0.894913,***,"",
20,"FCB_Rise_Fall_Hysteresis","","FCB_RISING_VDD",370010,"",1,1,"FCB_PS1600",20,"1007","","",0.65,"<=",0.755034,"V","<=",0.8,"P",0.744246,***,"",
20,"FCB_Rise_Fall_Hysteresis","","FCB_FALLING_VDD",370020,"",1,1,"FCB_PS1600",20,"1007","","",0.6,"<=",0.674497,"V","<=",0.75,"P",0.744246,***,"",
20,"FCB_Rise_Fall_Hysteresis","","FCB_HYSTERISIS",370030,"",1,1,"FCB_PS1600",20,"1007","","",0.025,"<=",0.0805369,"V","<=",0.06,"F",0.744246,***,"",
21,"CONTINUITY","","CONTINUITY",10030,"",1,1,"EN0_PS1600",21,"1026","","",-500,"<=",-365.427,"mV","<=",-300,"P",0.132977,***,"",
21,"CONTINUITY","","CONTINUITY",10020,"",1,1,"FAULTB_PS1600",21,"1026","","",-500,"<=",-422.736,"mV","<=",-300,"P",0.132977,***,"",
21,"CONTINUITY","","CONTINUITY",10050,"",1,1,"FCB_PS1600",21,"1026","","",-500,"<=",-365.547,"mV","<=",-300,"P",0.132977,***,"",
21,"CONTINUITY","","CONTINUITY",10090,"",1,1,"ISEN_PS1600",21,"1026","","",-500,"<=",-351.592,"mV","<=",-300,"P",0.132977,***,"",
21,"CONTINUITY","","CONTINUITY",10080,"",1,1,"ITRIP_PS1600",21,"1026","","",-500,"<=",-367.084,"mV","<=",-300,"P",0.132977,***,"",
21,"CONTINUITY","","CONTINUITY",10040,"",1,1,"OFF_PS1600",21,"1026","","",-500,"<=",-359.514,"mV","<=",-300,"P",0.132977,***,"",
21,"CONTINUITY","","CONTINUITY",10010,"",1,1,"SS_PS1600",21,"1026","","",-500,"<=",-454.976,"mV","<=",-300,"P",0.132977,***,"",
21,"CONTINUITY","","CONTINUITY",10070,"",1,1,"VBIAS_PS1600",21,"1026","","",-500,"<=",-295.767,"mV","<=",-200,"P",0.132977,***,"",
21,"CONTINUITY","","CONTINUITY",10060,"",1,1,"GND_PS1600",21,"1026","","",-500,"<=",-349.031,"mV","<=",-300,"P",0.132977,***,"",
21,"CONTINUITY","","CONTINUITY",10180,"",1,1,"VIN1",21,"1026","","",-360,"<=",-341.921,"mV","<=",-300,"P",0.132977,***,"",
21,"CONTINUITY","","CONTINUITY",10190,"",1,1,"VIN2",21,"1026","","",-360,"<=",-342.192,"mV","<=",-300,"P",0.132977,***,"",
21,"CONTINUITY","","CONTINUITY",10200,"",1,1,"VIN3",21,"1026","","",-360,"<=",-342.123,"mV","<=",-300,"P",0.132977,***,"",
21,"CONTINUITY","","CONTINUITY",10210,"",1,1,"VIN4_RS1",21,"1026","","",-360,"<=",-342.445,"mV","<=",-300,"P",0.132977,***,"",
21,"CONTINUITY","","CONTINUITY",10220,"",1,1,"VIN4_RS2",21,"1026","","",-360,"<=",-342.367,"mV","<=",-300,"P",0.132977,***,"",
21,"CONTINUITY","","CONTINUITY",10230,"",1,1,"VIN5_RS1",21,"1026","","",-360,"<=",-342.607,"mV","<=",-300,"P",0.132977,***,"",
21,"CONTINUITY","","CONTINUITY",10240,"",1,1,"VIN5_RS2",21,"1026","","",-360,"<=",-341.995,"mV","<=",-300,"P",0.132977,***,"",
21,"CONTINUITY","","CONTINUITY",10250,"",1,1,"VIN6",21,"1026","","",-360,"<=",-342.085,"mV","<=",-300,"P",0.132977,***,"",
21,"CONTINUITY","","CONTINUITY",10100,"",1,1,"VOUT1",21,"1026","","",-300,"<=",-223.469,"mV","<=",-200,"P",0.132977,***,"",
21,"CONTINUITY","","CONTINUITY",10110,"",1,1,"VOUT2_RS1",21,"1026","","",-300,"<=",-223.562,"mV","<=",-200,"P",0.132977,***,"",
21,"CONTINUITY","","CONTINUITY",10120,"",1,1,"VOUT2_RS2",21,"1026","","",-300,"<=",-223.539,"mV","<=",-200,"P",0.132977,***,"",
21,"CONTINUITY","","CONTINUITY",10130,"",1,1,"VOUT3_RS1",21,"1026","","",-300,"<=",-223.446,"mV","<=",-200,"P",0.132977,***,"",
21,"CONTINUITY","","CONTINUITY",10140,"",1,1,"VOUT3_RS2",21,"1026","","",-300,"<=",-223.614,"mV","<=",-200,"P",0.132977,***,"",
21,"CONTINUITY","","CONTINUITY",10150,"",1,1,"VOUT4",21,"1026","","",-300,"<=",-223.732,"mV","<=",-200,"P",0.132977,***,"",
21,"CONTINUITY","","CONTINUITY",10160,"",1,1,"VOUT5",21,"1026","","",-300,"<=",-223.335,"mV","<=",-200,"P",0.132977,***,"",
21,"CONTINUITY","","CONTINUITY",10170,"",1,1,"VOUT6",21,"1026","","",-300,"<=",-223.759,"mV","<=",-200,"P",0.132977,***,"",
21,"Pin_to_Pin_Leakage","","PIN_TO_PIN_POS_LEAKAGE_PIN",20010,"",1,1,"FAULTB_PS1600",21,"1026","","",-200,"<=",-6.3422,"nA","<=",200,"P",0.416773,***,"",
21,"Pin_to_Pin_Leakage","","PIN_TO_PIN_NEG_LEAKAGE_PIN",20110,"",1,1,"FAULTB_PS1600",21,"1026","","",-200,"<=",-6.3422,"nA","<=",200,"P",0.416773,***,"",
21,"Pin_to_Pin_Leakage","","PIN_TO_PIN_POS_LEAKAGE_PIN",20020,"",1,1,"ITRIP_PS1600",21,"1026","","",-200,"<=",-10.8821,"nA","<=",200,"P",0.416773,***,"",
21,"Pin_to_Pin_Leakage","","PIN_TO_PIN_NEG_LEAKAGE_PIN",20120,"",1,1,"ITRIP_PS1600",21,"1026","","",-200,"<=",-10.8821,"nA","<=",200,"P",0.416773,***,"",
21,"Pin_to_Pin_Leakage","","PIN_TO_PIN_POS_LEAKAGE_PIN",20030,"",1,1,"OFF_PS1600",21,"1026","","",-200,"<=",-9.35546,"nA","<=",200,"P",0.416773,***,"",
21,"Pin_to_Pin_Leakage","","PIN_TO_PIN_NEG_LEAKAGE_PIN",20130,"",1,1,"OFF_PS1600",21,"1026","","",-200,"<=",-9.35546,"nA","<=",200,"P",0.416773,***,"",
21,"Pin_to_Pin_Leakage","","PIN_TO_PIN_POS_LEAKAGE_PIN",20040,"",1,1,"SS_PS1600",21,"1026","","",-200,"<=",-10.7915,"nA","<=",200,"P",0.416773,***,"",
21,"Pin_to_Pin_Leakage","","PIN_TO_PIN_NEG_LEAKAGE_PIN",20140,"",1,1,"SS_PS1600",21,"1026","","",-200,"<=",-10.7915,"nA","<=",200,"P",0.416773,***,"",
21,"Pin_to_Pin_Leakage","","PIN_TO_PIN_POS_LEAKAGE_PIN",20050,"",1,1,"VIN1",21,"1026","","",10,"<=",298.052,"nA","<=",500,"P",0.416773,***,"",
21,"Pin_to_Pin_Leakage","","PIN_TO_PIN_NEG_LEAKAGE_PIN",20150,"",1,1,"VIN1",21,"1026","","",-500,"<=",-299.249,"nA","<=",-10,"P",0.416773,***,"",
21,"Pin_to_Pin_Leakage","","PIN_TO_PIN_POS_LEAKAGE_PIN",20060,"",1,1,"VOUT1",21,"1026","","",10,"<=",299.875,"nA","<=",500,"P",0.416773,***,"",
21,"Pin_to_Pin_Leakage","","PIN_TO_PIN_NEG_LEAKAGE_PIN",20160,"",1,1,"VOUT1",21,"1026","","",-500,"<=",-294.418,"nA","<=",-10,"P",0.416773,***,"",
21,"Pin_to_Pin_Leakage","","PIN_TO_PIN_POS_LEAKAGE_PIN",20070,"",1,1,"EN0_PS1600",21,"1026","","",300,"<=",508.466,"nA","<=",700,"P",0.416773,***,"",
21,"Pin_to_Pin_Leakage","","PIN_TO_PIN_NEG_LEAKAGE_PIN",20170,"",1,1,"EN0_PS1600",21,"1026","","",-700,"<=",-513.099,"nA","<=",-300,"P",0.416773,***,"",
21,"Pin_to_Pin_Leakage","","PIN_TO_PIN_POS_LEAKAGE_PIN",20080,"",1,1,"FCB_PS1600",21,"1026","","",-200,"<=",-0.261835,"nA","<=",200,"P",0.416773,***,"",
21,"Pin_to_Pin_Leakage","","PIN_TO_PIN_NEG_LEAKAGE_PIN",20180,"",1,1,"FCB_PS1600",21,"1026","","",-200,"<=",-6.23582,"nA","<=",200,"P",0.416773,***,"",
21,"Pin_to_Pin_Leakage","","PIN_TO_PIN_POS_LEAKAGE_PIN",20090,"",1,1,"ISEN_PS1600",21,"1026","","",-200,"<=",-0.209776,"nA","<=",200,"P",0.416773,***,"",
21,"Pin_to_Pin_Leakage","","PIN_TO_PIN_NEG_LEAKAGE_PIN",20190,"",1,1,"ISEN_PS1600",21,"1026","","",-200,"<=",-10.7476,"nA","<=",200,"P",0.416773,***,"",
21,"Pin_to_Pin_Leakage","","PIN_TO_PIN_POS_LEAKAGE_PIN_VBIAS_PS1600",20100,"",1,1,"VBIAS_PS1600",21,"1026","","",500,"<=",751,"nA","<=",1000,"P",0.416773,***,"",
21,"Pin_to_Pin_Leakage","","PIN_TO_PIN_NEG_LEAKAGE_PIN_VBIAS_PS1600",20200,"",1,1,"VBIAS_PS1600",21,"1026","","",-1000,"<=",-843,"nA","<=",-500,"P",0.416773,***,"",
21,"IVDDFL_IVINFL_RONFL","","RON_200mAVDD_5_VIN_5_20V_Part",90050,"",1,1,"VIN1",21,"1026","","",0.01,"<=",0.0230551,"ohm","<=",0.03,"P",0.034414,***,"",
21,"IVDDFL_IVINFL_RONFL","","DEVICE_VARIENT_TRUE",90060,"",1,1,"VIN1",21,"1026","","",0.5,"<=",1,"","<=",1.5,"P",0.034414,***,"",
21,"Fuse_Burn_Check","","BANKA_BIT5_BLOWN_TRUE",1000001,"",1,1,"OFF_PS1600",21,"1026","","",0,"<=",1,"","<=",1,"P",0.0995141,***,"",
21,"Gross_Functional_EN_FCB_FAULTB_OFF","","EN_FCB_LOW_VOUT_LOW",30010,"",1,1,"VOUT4",21,"1026","","",-0.001,"<=",0.0111256,"V","<=",1,"P",0.231374,***,"",
21,"Gross_Functional_EN_FCB_FAULTB_OFF","","EN_FCB_LOW_OFF_HIGH",30020,"",1,1,"OFF_PS1600",21,"1026","","",1.6,"<=",1.79558,"V","<=",2.3,"P",0.231374,***,"",
21,"Gross_Functional_EN_FCB_FAULTB_OFF","","FCB_LOW_VOUT_LOW",30030,"",1,1,"VOUT4",21,"1026","","",-0.001,"<=",0.00186729,"V","<=",0.5,"P",0.231374,***,"",
21,"Gross_Functional_EN_FCB_FAULTB_OFF","","FCB_LOW_OFF_HIGH",30040,"",1,1,"OFF_PS1600",21,"1026","","",1.6,"<=",1.79586,"V","<=",2.3,"P",0.231374,***,"",
21,"Gross_Functional_EN_FCB_FAULTB_OFF","","EN_LOW_VOUT_LOW",30050,"",1,1,"VOUT4",21,"1026","","",-0.001,"<=",0.000667572,"V","<=",0.5,"P",0.231374,***,"",
21,"Gross_Functional_EN_FCB_FAULTB_OFF","","EN_LOW_OFF_HIGH",30060,"",1,1,"OFF_PS1600",21,"1026","","",1.6,"<=",1.79552,"V","<=",2.3,"P",0.231374,***,"",
21,"Gross_Functional_EN_FCB_FAULTB_OFF","","EN_FCB_HIGH_VOUT_HIGH",30070,"",1,1,"VOUT4",21,"1026","","",4.85,"<=",4.99969,"V","<=",5.1,"P",0.231374,***,"",
21,"Gross_Functional_EN_FCB_FAULTB_OFF","","EN_FCB_HIGH_OFF_LOW",30080,"",1,1,"OFF_PS1600",21,"1026","","",-0.001,"<=",0.000771185,"V","<=",0.5,"P",0.231374,***,"",
21,"Gross_Functional_EN_FCB_FAULTB_OFF","","FAULT_SET_VOUT_LOW",30090,"",1,1,"VOUT4",21,"1026","","",-0.001,"<=",-0.0001297,"V","<=",0.5,"P",0.231374,***,"",
21,"Gross_Functional_EN_FCB_FAULTB_OFF","","FAULT_SET_OFF_HIGH",30100,"",1,1,"OFF_PS1600",21,"1026","","",1.6,"<=",1.8398,"V","<=",2.3,"P",0.231374,***,"",
21,"Gross_Functional_EN_FCB_FAULTB_OFF","","FAULT_RESET_VOUT_HIGH",30110,"",1,1,"VOUT4",21,"1026","","",4.85,"<=",4.9999,"V","<=",5.1,"P",0.231374,***,"",
21,"Gross_Functional_EN_FCB_FAULTB_OFF","","FAULT_RESET_OFF_LOW",30120,"",1,1,"OFF_PS1600",21,"1026","","",0,"<=",0.000714269,"V","<=",0.5,"P",0.231374,***,"",
21,"Output_disabled_leakage","","IVDDDIS_VDD_3_VIN_3",40010,"",1,1,"VDD",21,"1026","","",10,"<=",113.76,"uA","<=",166.5,"P",0.10165,***,"",
21,"Output_disabled_leakage","","IVINDIS_VDD_3_VIN_3",40050,"",1,1,"VIN1",21,"1026","","",10,"<=",73.4031,"uA","<=",166.5,"P",0.10165,***,"",
21,"Output_disabled_leakage","","IOFF_VDD_3_VIN_3",40090,"",1,1,"VOUT4",21,"1026","","",-14,"<=",-1.54546,"uA","<=",11,"P",0.10165,***,"",
21,"Output_disabled_leakage","","IVDDDIS_VDD_3_VIN_20",40020,"",1,1,"VDD",21,"1026","","",10,"<=",99.442,"uA","<=",166.5,"P",0.10165,***,"",
21,"Output_disabled_leakage","","IVINDIS_VDD_3_VIN_20",40060,"",1,1,"VIN1",21,"1026","","",10,"<=",89.9853,"uA","<=",166.5,"P",0.10165,***,"",
21,"Output_disabled_leakage","","IOFF_VDD_3_VIN_20",40100,"",1,1,"VOUT4",21,"1026","","",-14,"<=",-1.55876,"uA","<=",11,"P",0.10165,***,"",
21,"Output_disabled_leakage","","IVINVDD0_VIN_3",40130,"",1,1,"VIN1",21,"1026","","",10,"<=",74.4686,"uA","<=",166.5,"P",0.10165,***,"",
21,"Output_disabled_leakage","","IOFFVDD0_VIN_3",40150,"",1,1,"VOUT4",21,"1026","","",-14,"<=",-1.25371,"uA","<=",11,"P",0.10165,***,"",
21,"Output_disabled_leakage","","IVDDDIS_VDD_20_VIN_3",40030,"",1,1,"VDD",21,"1026","","",10,"<=",139.296,"uA","<=",166.5,"P",0.10165,***,"",
21,"Output_disabled_leakage","","IVINDIS_VDD_20_VIN_3",40070,"",1,1,"VIN1",21,"1026","","",10,"<=",69.9777,"uA","<=",166.5,"P",0.10165,***,"",
21,"Output_disabled_leakage","","IOFF_VDD_20_VIN_3",40110,"",1,1,"VOUT4",21,"1026","","",-14,"<=",-1.52529,"uA","<=",11,"P",0.10165,***,"",
21,"Output_disabled_leakage","","IVDDDIS_VDD_20_VIN_20",40040,"",1,1,"VDD",21,"1026","","",10,"<=",130.787,"uA","<=",166.5,"P",0.10165,***,"",
21,"Output_disabled_leakage","","IVINDIS_VDD_20_VIN_20",40080,"",1,1,"VIN1",21,"1026","","",10,"<=",89.623,"uA","<=",166.5,"P",0.10165,***,"",
21,"Output_disabled_leakage","","IOFF_VDD_20_VIN_20",40120,"",1,1,"VOUT4",21,"1026","","",-14,"<=",-1.37929,"uA","<=",11,"P",0.10165,***,"",
21,"Output_disabled_leakage","","IVINVDD0_VIN_20",40140,"",1,1,"VIN1",21,"1026","","",10,"<=",110.342,"uA","<=",166.5,"P",0.10165,***,"",
21,"Output_disabled_leakage","","IOFFVDD0_VIN_20",40160,"",1,1,"VOUT4",21,"1026","","",-14,"<=",-2.12967,"uA","<=",11,"P",0.10165,***,"",
21,"EN_pullup_resistor","","EN0V_PULLUP_RES",50010,"",1,1,"EN0_PS1600",21,"1026","","",155,"<=",197.676,"Kohm","<=",230,"P",0.0272827,***,"",
21,"EN_pullup_resistor","","EN1V_PULLUP_RES",50020,"",1,1,"EN0_PS1600",21,"1026","","",155,"<=",198.76,"Kohm","<=",230,"P",0.0272827,***,"",
21,"EN_pullup_resistor","","EN0V_Current",50030,"",1,1,"EN0_PS1600",21,"1026","","",-11,"<=",-9.10581,"uA","<=",-7,"P",0.0272827,***,"",
21,"EN_pullup_resistor","","EN1V_Current",50040,"",1,1,"EN0_PS1600",21,"1026","","",-5.5,"<=",-4.02496,"uA","<=",-3,"P",0.0272827,***,"",
21,"Leakage_Test","","IOFF_REVERSE_VOUT_VIN_LEAKAGE_1mA",60030,"",1,1,"VIN",21,"1026","","",-331,"<=",-264.896,"mV","<=",-205,"P",0.0588329,***,"",
21,"Leakage_Test","","IOFF_REVERSE_VOUT_VIN_LEAKAGE_10mA",60040,"",1,1,"VIN",21,"1026","","",-340,"<=",-327.78,"mV","<=",-205,"P",0.0588329,***,"",
21,"Leakage_Test","","IOFF_REVERSE_VOUT_VIN_LEAKAGE_100mA",60050,"",1,1,"VIN",21,"1026","","",-331,"<=",-207.029,"mV","<=",-205,"P",0.0588329,***,"",
21,"Nominal_Input_pin_Leakages","","LEAKAGE",70010,"",1,1,"EN0_PS1600",21,"1026","","",10,"<=",24.539,"uA","<=",40,"P",0.139807,***,"",
21,"Nominal_Input_pin_Leakages","","LEAKAGE",70060,"",1,1,"FAULTB_PS1600",21,"1026","","",-0.2,"<=",0.00616929,"uA","<=",0.2,"P",0.139807,***,"",
21,"Nominal_Input_pin_Leakages","","LEAKAGE",70020,"",1,1,"FCB_PS1600",21,"1026","","",-0.5,"<=",0.11181,"uA","<=",0.5,"P",0.139807,***,"",
21,"Nominal_Input_pin_Leakages","","LEAKAGE",70040,"",1,1,"ISEN_PS1600",21,"1026","","",24,"<=",25.9404,"uA","<=",50,"P",0.139807,***,"",
21,"Nominal_Input_pin_Leakages","","LEAKAGE",70030,"",1,1,"ITRIP_PS1600",21,"1026","","",14,"<=",14.3934,"uA","<=",25,"P",0.139807,***,"",
21,"Nominal_Input_pin_Leakages","","LEAKAGE",70080,"",1,1,"OFF_PS1600",21,"1026","","",-0.2,"<=",0.0494294,"uA","<=",0.5,"P",0.139807,***,"",
21,"Nominal_Input_pin_Leakages","","LEAKAGE",70050,"",1,1,"SS_PS1600",21,"1026","","",20,"<=",48.9236,"uA","<=",70,"P",0.139807,***,"",
21,"Nominal_Input_pin_Leakages","","LEAKAGE",70070,"",1,1,"VBIAS_PS1600",21,"1026","","",5,"<=",24.115,"uA","<=",40,"P",0.139807,***,"",
21,"Nominal_Input_pin_Leakages","","LEAKAGE_2V",70090,"",1,1,"OFF_PS1600",21,"1026","","",-0.5,"<=",0.0683866,"uA","<=",0.5,"P",0.139807,***,"",
21,"Output_enabled_leakage","","IVDD_VDD_3_Vin_3",80001,"",1,1,"VDD",21,"1026","","",10,"<=",98.5144,"uA","<=",130,"P",0.495899,***,"",
21,"Output_enabled_leakage","","IVIN_VDD_3_Vin_3",80005,"",1,1,"VIN1",21,"1026","","",10,"<=",53.1599,"uA","<=",75,"P",0.495899,***,"",
21,"Output_enabled_leakage","","IVDD_VDD_3_Vin_20",80010,"",1,1,"VDD",21,"1026","","",10,"<=",101.664,"uA","<=",150,"P",0.495899,***,"",
21,"Output_enabled_leakage","","IVIN_VDD_3_Vin_20",80014,"",1,1,"VIN1",21,"1026","","",10,"<=",87.0088,"uA","<=",120,"P",0.495899,***,"",
21,"Output_enabled_leakage","","IVDD_VDD_20_Vin_3",80011,"",1,1,"VDD",21,"1026","","",10,"<=",114.438,"uA","<=",150,"P",0.495899,***,"",
21,"Output_enabled_leakage","","IVIN_VDD_20_Vin_3",80015,"",1,1,"VIN1",21,"1026","","",10,"<=",53.9478,"uA","<=",75,"P",0.495899,***,"",
21,"Output_enabled_leakage","","IVDD_VDD_20_Vin_20",80012,"",1,1,"VDD",21,"1026","","",10,"<=",119.269,"uA","<=",175,"P",0.495899,***,"",
21,"Output_enabled_leakage","","IVIN_VDD_20_Vin_20",80016,"",1,1,"VIN1",21,"1026","","",10,"<=",83.2574,"uA","<=",120,"P",0.495899,***,"",
21,"SCAN","","Scan_test",330010,"_rdi_burst_SCAN_bk4_mp",1,1,"@",21,"1026","","",***,"",***," ","",***,"P",0.0437546,***,"",
21,"Logic","","Logic_test",340010,"_rdi_burst_Logic_bk6_mp",1,1,"@",21,"1026","","",***,"",***," ","",***,"P",0.279346,***,"",
21,"POST_EFUSE_RESISTANCE","","POST_BANKA_EFUSE_RESISTANCE_BLOWN_BIT47",590001,"",1,1,"ISEN_PS1600",21,"1026","","",3500,"<=",69378,"ohms","<=",85000,"P",3.61603,***,"",
21,"POST_EFUSE_RESISTANCE","","POST_BANKA_EFUSE_RESISTANCE_BLOWN_BIT46",590002,"",1,1,"ISEN_PS1600",21,"1026","","",3500,"<=",69378,"ohms","<=",85000,"P",3.6658,***,"",
21,"POST_EFUSE_RESISTANCE","","POST_BANKA_EFUSE_RESISTANCE_UNBLOWN_BIT45",490003,"",1,1,"ISEN_PS1600",21,"1026","","",65,"<=",102.4,"ohms","<=",200,"P",3.72201,***,"",
21,"POST_EFUSE_RESISTANCE","","POST_BANKA_EFUSE_RESISTANCE_BLOWN_BIT44",590004,"",1,1,"ISEN_PS1600",21,"1026","","",3500,"<=",69412.2,"ohms","<=",85000,"P",2.88429,***,"",
21,"POST_EFUSE_RESISTANCE","","POST_BANKA_EFUSE_RESISTANCE_UNBLOWN_BIT43",490005,"",1,1,"ISEN_PS1600",21,"1026","","",65,"<=",79.6,"ohms","<=",200,"P",2.88802,***,"",
21,"POST_EFUSE_RESISTANCE","","POST_BANKA_EFUSE_RESISTANCE_BLOWN_BIT42",590006,"",1,1,"ISEN_PS1600",21,"1026","","",3500,"<=",69366.6,"ohms","<=",85000,"P",2.88801,***,"",
21,"POST_EFUSE_RESISTANCE","","POST_BANKA_EFUSE_RESISTANCE_BLOWN_BIT41",590007,"",1,1,"ISEN_PS1600",21,"1026","","",3500,"<=",69378,"ohms","<=",85000,"P",2.88801,***,"",
21,"POST_EFUSE_RESISTANCE","","POST_BANKA_EFUSE_RESISTANCE_BLOWN_BIT40",590008,"",1,1,"ISEN_PS1600",21,"1026","","",3500,"<=",69412.2,"ohms","<=",85000,"P",2.88392,***,"",
21,"POST_EFUSE_RESISTANCE","","POST_BANKA_EFUSE_RESISTANCE_UNBLOWN_BIT39",490009,"",1,1,"ISEN_PS1600",21,"1026","","",65,"<=",102.4,"ohms","<=",200,"P",2.88323,***,"",
21,"POST_EFUSE_RESISTANCE","","POST_BANKA_EFUSE_RESISTANCE_BLOWN_BIT38",590010,"",1,1,"ISEN_PS1600",21,"1026","","",3500,"<=",69412.2,"ohms","<=",85000,"P",2.88625,***,"",
21,"POST_EFUSE_RESISTANCE","","POST_BANKA_EFUSE_RESISTANCE_BLOWN_BIT37",590011,"",1,1,"ISEN_PS1600",21,"1026","","",3500,"<=",69378,"ohms","<=",85000,"P",2.88604,***,"",
21,"POST_EFUSE_RESISTANCE","","POST_BANKA_EFUSE_RESISTANCE_BLOWN_BIT36",590012,"",1,1,"ISEN_PS1600",21,"1026","","",3500,"<=",69378,"ohms","<=",85000,"P",2.88426,***,"",
21,"POST_EFUSE_RESISTANCE","","POST_BANKA_EFUSE_RESISTANCE_UNBLOWN_BIT35",490013,"",1,1,"ISEN_PS1600",21,"1026","","",65,"<=",102.4,"ohms","<=",200,"P",2.88426,***,"",
21,"POST_EFUSE_RESISTANCE","","POST_BANKA_EFUSE_RESISTANCE_UNBLOWN_BIT34",490014,"",1,1,"ISEN_PS1600",21,"1026","","",65,"<=",102.4,"ohms","<=",200,"P",2.88426,***,"",
21,"POST_EFUSE_RESISTANCE","","POST_BANKA_EFUSE_RESISTANCE_UNBLOWN_BIT33",490015,"",1,1,"ISEN_PS1600",21,"1026","","",65,"<=",79.6,"ohms","<=",200,"P",2.88443,***,"",
21,"POST_EFUSE_RESISTANCE","","POST_BANKA_EFUSE_RESISTANCE_UNBLOWN_BIT32",490016,"",1,1,"ISEN_PS1600",21,"1026","","",65,"<=",79.6,"ohms","<=",200,"P",2.88546,***,"",
21,"POST_EFUSE_RESISTANCE","","POST_BANKA_EFUSE_RESISTANCE_UNBLOWN_BIT31",490017,"",1,1,"ISEN_PS1600",21,"1026","","",65,"<=",91,"ohms","<=",200,"P",2.89297,***,"",
21,"POST_EFUSE_RESISTANCE","","POST_BANKA_EFUSE_RESISTANCE_BLOWN_BIT30",590018,"",1,1,"ISEN_PS1600",21,"1026","","",3500,"<=",69412.2,"ohms","<=",85000,"P",2.88735,***,"",
21,"POST_EFUSE_RESISTANCE","","POST_BANKA_EFUSE_RESISTANCE_BLOWN_BIT29",590019,"",1,1,"ISEN_PS1600",21,"1026","","",3500,"<=",69389.4,"ohms","<=",85000,"P",2.8899,***,"",
21,"POST_EFUSE_RESISTANCE","","POST_BANKA_EFUSE_RESISTANCE_UNBLOWN_BIT28",490020,"",1,1,"ISEN_PS1600",21,"1026","","",65,"<=",68.2,"ohms","<=",200,"P",2.88735,***,"",
21,"POST_EFUSE_RESISTANCE","","POST_BANKA_EFUSE_RESISTANCE_BLOWN_BIT27",590021,"",1,1,"ISEN_PS1600",21,"1026","","",3500,"<=",69401,"ohms","<=",85000,"P",2.88735,***,"",
21,"POST_EFUSE_RESISTANCE","","POST_BANKA_EFUSE_RESISTANCE_UNBLOWN_BIT26",490022,"",1,1,"ISEN_PS1600",21,"1026","","",65,"<=",102.4,"ohms","<=",200,"P",2.88209,***,"",
21,"POST_EFUSE_RESISTANCE","","POST_BANKA_EFUSE_RESISTANCE_BLOWN_BIT25",590023,"",1,1,"ISEN_PS1600",21,"1026","","",3500,"<=",69423.6,"ohms","<=",85000,"P",2.88209,***,"",
21,"POST_EFUSE_RESISTANCE","","POST_BANKA_EFUSE_RESISTANCE_BLOWN_BIT24",590024,"",1,1,"ISEN_PS1600",21,"1026","","",3500,"<=",69400.8,"ohms","<=",85000,"P",2.88625,***,"",
21,"POST_EFUSE_RESISTANCE","","POST_BANKA_EFUSE_RESISTANCE_UNBLOWN_BIT23",490025,"",1,1,"ISEN_PS1600",21,"1026","","",65,"<=",56.8,"ohms","<=",200,"F",2.88735,***,"",
22,"CONTINUITY","","CONTINUITY",10030,"",1,1,"EN0_PS1600",22,"20","","",-500,"<=",-363.038,"mV","<=",-300,"P",0.132977,***,"",
22,"CONTINUITY","","CONTINUITY",10020,"",1,1,"FAULTB_PS1600",22,"20","","",-500,"<=",-427.119,"mV","<=",-300,"P",0.132977,***,"",
22,"CONTINUITY","","CONTINUITY",10050,"",1,1,"FCB_PS1600",22,"20","","",-500,"<=",-363.498,"mV","<=",-300,"P",0.132977,***,"",
22,"CONTINUITY","","CONTINUITY",10090,"",1,1,"ISEN_PS1600",22,"20","","",-500,"<=",-347.38,"mV","<=",-300,"P",0.132977,***,"",
22,"CONTINUITY","","CONTINUITY",10080,"",1,1,"ITRIP_PS1600",22,"20","","",-500,"<=",-362.359,"mV","<=",-300,"P",0.132977,***,"",
22,"CONTINUITY","","CONTINUITY",10040,"",1,1,"OFF_PS1600",22,"20","","",-500,"<=",-358.034,"mV","<=",-300,"P",0.132977,***,"",
22,"CONTINUITY","","CONTINUITY",10010,"",1,1,"SS_PS1600",22,"20","","",-500,"<=",-453.895,"mV","<=",-300,"P",0.132977,***,"",
22,"CONTINUITY","","CONTINUITY",10070,"",1,1,"VBIAS_PS1600",22,"20","","",-500,"<=",-297.076,"mV","<=",-200,"P",0.132977,***,"",
22,"CONTINUITY","","CONTINUITY",10060,"",1,1,"GND_PS1600",22,"20","","",-500,"<=",-353.413,"mV","<=",-300,"P",0.132977,***,"",
22,"CONTINUITY","","CONTINUITY",10180,"",1,1,"VIN1",22,"20","","",-360,"<=",-332.668,"mV","<=",-300,"P",0.132977,***,"",
22,"CONTINUITY","","CONTINUITY",10190,"",1,1,"VIN2",22,"20","","",-360,"<=",-333.099,"mV","<=",-300,"P",0.132977,***,"",
22,"CONTINUITY","","CONTINUITY",10200,"",1,1,"VIN3",22,"20","","",-360,"<=",-333.46,"mV","<=",-300,"P",0.132977,***,"",
22,"CONTINUITY","","CONTINUITY",10210,"",1,1,"VIN4_RS1",22,"20","","",-360,"<=",-332.92,"mV","<=",-300,"P",0.132977,***,"",
22,"CONTINUITY","","CONTINUITY",10220,"",1,1,"VIN4_RS2",22,"20","","",-360,"<=",-333.555,"mV","<=",-300,"P",0.132977,***,"",
22,"CONTINUITY","","CONTINUITY",10230,"",1,1,"VIN5_RS1",22,"20","","",-360,"<=",-333.267,"mV","<=",-300,"P",0.132977,***,"",
22,"CONTINUITY","","CONTINUITY",10240,"",1,1,"VIN5_RS2",22,"20","","",-360,"<=",-333.271,"mV","<=",-300,"P",0.132977,***,"",
22,"CONTINUITY","","CONTINUITY",10250,"",1,1,"VIN6",22,"20","","",-360,"<=",-333.527,"mV","<=",-300,"P",0.132977,***,"",
22,"CONTINUITY","","CONTINUITY",10100,"",1,1,"VOUT1",22,"20","","",-300,"<=",-223.646,"mV","<=",-200,"P",0.132977,***,"",
22,"CONTINUITY","","CONTINUITY",10110,"",1,1,"VOUT2_RS1",22,"20","","",-300,"<=",-223.391,"mV","<=",-200,"P",0.132977,***,"",
22,"CONTINUITY","","CONTINUITY",10120,"",1,1,"VOUT2_RS2",22,"20","","",-300,"<=",-223.013,"mV","<=",-200,"P",0.132977,***,"",
22,"CONTINUITY","","CONTINUITY",10130,"",1,1,"VOUT3_RS1",22,"20","","",-300,"<=",-223.282,"mV","<=",-200,"P",0.132977,***,"",
22,"CONTINUITY","","CONTINUITY",10140,"",1,1,"VOUT3_RS2",22,"20","","",-300,"<=",-223.171,"mV","<=",-200,"P",0.132977,***,"",
22,"CONTINUITY","","CONTINUITY",10150,"",1,1,"VOUT4",22,"20","","",-300,"<=",-223.505,"mV","<=",-200,"P",0.132977,***,"",
22,"CONTINUITY","","CONTINUITY",10160,"",1,1,"VOUT5",22,"20","","",-300,"<=",-223.33,"mV","<=",-200,"P",0.132977,***,"",
22,"CONTINUITY","","CONTINUITY",10170,"",1,1,"VOUT6",22,"20","","",-300,"<=",-223.269,"mV","<=",-200,"P",0.132977,***,"",
22,"Pin_to_Pin_Leakage","","PIN_TO_PIN_POS_LEAKAGE_PIN",20010,"",1,1,"FAULTB_PS1600",22,"20","","",-200,"<=",-6.64689,"nA","<=",200,"P",0.416773,***,"",
22,"Pin_to_Pin_Leakage","","PIN_TO_PIN_NEG_LEAKAGE_PIN",20110,"",1,1,"FAULTB_PS1600",22,"20","","",-200,"<=",-6.64689,"nA","<=",200,"P",0.416773,***,"",
22,"Pin_to_Pin_Leakage","","PIN_TO_PIN_POS_LEAKAGE_PIN",20020,"",1,1,"ITRIP_PS1600",22,"20","","",-200,"<=",-12.102,"nA","<=",200,"P",0.416773,***,"",
22,"Pin_to_Pin_Leakage","","PIN_TO_PIN_NEG_LEAKAGE_PIN",20120,"",1,1,"ITRIP_PS1600",22,"20","","",-200,"<=",-12.102,"nA","<=",200,"P",0.416773,***,"",
22,"Pin_to_Pin_Leakage","","PIN_TO_PIN_POS_LEAKAGE_PIN",20030,"",1,1,"OFF_PS1600",22,"20","","",-200,"<=",-10.1232,"nA","<=",200,"P",0.416773,***,"",
22,"Pin_to_Pin_Leakage","","PIN_TO_PIN_NEG_LEAKAGE_PIN",20130,"",1,1,"OFF_PS1600",22,"20","","",-200,"<=",-10.1232,"nA","<=",200,"P",0.416773,***,"",
22,"Pin_to_Pin_Leakage","","PIN_TO_PIN_POS_LEAKAGE_PIN",20040,"",1,1,"SS_PS1600",22,"20","","",-200,"<=",-11.762,"nA","<=",200,"P",0.416773,***,"",
22,"Pin_to_Pin_Leakage","","PIN_TO_PIN_NEG_LEAKAGE_PIN",20140,"",1,1,"SS_PS1600",22,"20","","",-200,"<=",-11.762,"nA","<=",200,"P",0.416773,***,"",
22,"Pin_to_Pin_Leakage","","PIN_TO_PIN_POS_LEAKAGE_PIN",20050,"",1,1,"VIN1",22,"20","","",10,"<=",303.509,"nA","<=",500,"P",0.416773,***,"",
22,"Pin_to_Pin_Leakage","","PIN_TO_PIN_NEG_LEAKAGE_PIN",20150,"",1,1,"VIN1",22,"20","","",-500,"<=",-301.581,"nA","<=",-10,"P",0.416773,***,"",
22,"Pin_to_Pin_Leakage","","PIN_TO_PIN_POS_LEAKAGE_PIN",20060,"",1,1,"VOUT1",22,"20","","",10,"<=",295.426,"nA","<=",500,"P",0.416773,***,"",
22,"Pin_to_Pin_Leakage","","PIN_TO_PIN_NEG_LEAKAGE_PIN",20160,"",1,1,"VOUT1",22,"20","","",-500,"<=",-297.805,"nA","<=",-10,"P",0.416773,***,"",
22,"Pin_to_Pin_Leakage","","PIN_TO_PIN_POS_LEAKAGE_PIN",20070,"",1,1,"EN0_PS1600",22,"20","","",300,"<=",551.332,"nA","<=",700,"P",0.416773,***,"",
22,"Pin_to_Pin_Leakage","","PIN_TO_PIN_NEG_LEAKAGE_PIN",20170,"",1,1,"EN0_PS1600",22,"20","","",-700,"<=",-556.94,"nA","<=",-300,"P",0.416773,***,"",
22,"Pin_to_Pin_Leakage","","PIN_TO_PIN_POS_LEAKAGE_PIN",20080,"",1,1,"FCB_PS1600",22,"20","","",-200,"<=",0.447575,"nA","<=",200,"P",0.416773,***,"",
22,"Pin_to_Pin_Leakage","","PIN_TO_PIN_NEG_LEAKAGE_PIN",20180,"",1,1,"FCB_PS1600",22,"20","","",-200,"<=",-6.13447,"nA","<=",200,"P",0.416773,***,"",
22,"Pin_to_Pin_Leakage","","PIN_TO_PIN_POS_LEAKAGE_PIN",20090,"",1,1,"ISEN_PS1600",22,"20","","",-200,"<=",-0.567845,"nA","<=",200,"P",0.416773,***,"",
22,"Pin_to_Pin_Leakage","","PIN_TO_PIN_NEG_LEAKAGE_PIN",20190,"",1,1,"ISEN_PS1600",22,"20","","",-200,"<=",-11.8218,"nA","<=",200,"P",0.416773,***,"",
22,"Pin_to_Pin_Leakage","","PIN_TO_PIN_POS_LEAKAGE_PIN_VBIAS_PS1600",20100,"",1,1,"VBIAS_PS1600",22,"20","","",500,"<=",850,"nA","<=",1000,"P",0.416773,***,"",
22,"Pin_to_Pin_Leakage","","PIN_TO_PIN_NEG_LEAKAGE_PIN_VBIAS_PS1600",20200,"",1,1,"VBIAS_PS1600",22,"20","","",-1000,"<=",-880,"nA","<=",-500,"P",0.416773,***,"",
22,"IVDDFL_IVINFL_RONFL","","RON_200mAVDD_5_VIN_5_20V_Part",90050,"",1,1,"VIN1",22,"20","","",0.01,"<=",0.0235796,"ohm","<=",0.03,"P",0.034414,***,"",
22,"IVDDFL_IVINFL_RONFL","","DEVICE_VARIENT_TRUE",90060,"",1,1,"VIN1",22,"20","","",0.5,"<=",1,"","<=",1.5,"P",0.034414,***,"",
22,"Fuse_Burn_Check","","BANKA_BIT5_BLOWN_TRUE",1000001,"",1,1,"OFF_PS1600",22,"20","","",0,"<=",1,"","<=",1,"P",0.0995141,***,"",
22,"Gross_Functional_EN_FCB_FAULTB_OFF","","EN_FCB_LOW_VOUT_LOW",30010,"",1,1,"VOUT4",22,"20","","",-0.001,"<=",0.0170345,"V","<=",1,"P",0.231374,***,"",
22,"Gross_Functional_EN_FCB_FAULTB_OFF","","EN_FCB_LOW_OFF_HIGH",30020,"",1,1,"OFF_PS1600",22,"20","","",1.6,"<=",1.8102,"V","<=",2.3,"P",0.231374,***,"",
22,"Gross_Functional_EN_FCB_FAULTB_OFF","","FCB_LOW_VOUT_LOW",30030,"",1,1,"VOUT4",22,"20","","",-0.001,"<=",0.0010891,"V","<=",0.5,"P",0.231374,***,"",
22,"Gross_Functional_EN_FCB_FAULTB_OFF","","FCB_LOW_OFF_HIGH",30040,"",1,1,"OFF_PS1600",22,"20","","",1.6,"<=",1.81089,"V","<=",2.3,"P",0.231374,***,"",
22,"Gross_Functional_EN_FCB_FAULTB_OFF","","EN_LOW_VOUT_LOW",30050,"",1,1,"VOUT4",22,"20","","",-0.001,"<=",0.00139809,"V","<=",0.5,"P",0.231374,***,"",
22,"Gross_Functional_EN_FCB_FAULTB_OFF","","EN_LOW_OFF_HIGH",30060,"",1,1,"OFF_PS1600",22,"20","","",1.6,"<=",1.81043,"V","<=",2.3,"P",0.231374,***,"",
22,"Gross_Functional_EN_FCB_FAULTB_OFF","","EN_FCB_HIGH_VOUT_HIGH",30070,"",1,1,"VOUT4",22,"20","","",4.85,"<=",4.99993,"V","<=",5.1,"P",0.231374,***,"",
22,"Gross_Functional_EN_FCB_FAULTB_OFF","","EN_FCB_HIGH_OFF_LOW",30080,"",1,1,"OFF_PS1600",22,"20","","",-0.001,"<=",0.000714269,"V","<=",0.5,"P",0.231374,***,"",
22,"Gross_Functional_EN_FCB_FAULTB_OFF","","FAULT_SET_VOUT_LOW",30090,"",1,1,"VOUT4",22,"20","","",-0.001,"<=",3.0518e-05,"V","<=",0.5,"P",0.231374,***,"",
22,"Gross_Functional_EN_FCB_FAULTB_OFF","","FAULT_SET_OFF_HIGH",30100,"",1,1,"OFF_PS1600",22,"20","","",1.6,"<=",1.85511,"V","<=",2.3,"P",0.231374,***,"",
22,"Gross_Functional_EN_FCB_FAULTB_OFF","","FAULT_RESET_VOUT_HIGH",30110,"",1,1,"VOUT4",22,"20","","",4.85,"<=",4.99991,"V","<=",5.1,"P",0.231374,***,"",
22,"Gross_Functional_EN_FCB_FAULTB_OFF","","FAULT_RESET_OFF_LOW",30120,"",1,1,"OFF_PS1600",22,"20","","",0,"<=",0.000771185,"V","<=",0.5,"P",0.231374,***,"",
22,"Output_disabled_leakage","","IVDDDIS_VDD_3_VIN_3",40010,"",1,1,"VDD",22,"20","","",10,"<=",99.442,"uA","<=",166.5,"P",0.10165,***,"",
22,"Output_disabled_leakage","","IVINDIS_VDD_3_VIN_3",40050,"",1,1,"VIN1",22,"20","","",10,"<=",71.058,"uA","<=",166.5,"P",0.10165,***,"",
22,"Output_disabled_leakage","","IOFF_VDD_3_VIN_3",40090,"",1,1,"VOUT4",22,"20","","",-14,"<=",-2.33616,"uA","<=",11,"P",0.10165,***,"",
22,"Output_disabled_leakage","","IVDDDIS_VDD_3_VIN_20",40020,"",1,1,"VDD",22,"20","","",10,"<=",111.156,"uA","<=",166.5,"P",0.10165,***,"",
22,"Output_disabled_leakage","","IVINDIS_VDD_3_VIN_20",40060,"",1,1,"VIN1",22,"20","","",10,"<=",97.2003,"uA","<=",166.5,"P",0.10165,***,"",
22,"Output_disabled_leakage","","IOFF_VDD_3_VIN_20",40100,"",1,1,"VOUT4",22,"20","","",-14,"<=",-2.84365,"uA","<=",11,"P",0.10165,***,"",
22,"Output_disabled_leakage","","IVINVDD0_VIN_3",40130,"",1,1,"VIN1",22,"20","","",10,"<=",69.5111,"uA","<=",166.5,"P",0.10165,***,"",
22,"Output_disabled_leakage","","IOFFVDD0_VIN_3",40150,"",1,1,"VOUT4",22,"20","","",-14,"<=",-1.9533,"uA","<=",11,"P",0.10165,***,"",
22,"Output_disabled_leakage","","IVDDDIS_VDD_20_VIN_3",40030,"",1,1,"VDD",22,"20","","",10,"<=",126.762,"uA","<=",166.5,"P",0.10165,***,"",
22,"Output_disabled_leakage","","IVINDIS_VDD_20_VIN_3",40070,"",1,1,"VIN1",22,"20","","",10,"<=",76.8444,"uA","<=",166.5,"P",0.10165,***,"",
22,"Output_disabled_leakage","","IOFF_VDD_20_VIN_3",40110,"",1,1,"VOUT4",22,"20","","",-14,"<=",-2.32458,"uA","<=",11,"P",0.10165,***,"",
22,"Output_disabled_leakage","","IVDDDIS_VDD_20_VIN_20",40040,"",1,1,"VDD",22,"20","","",10,"<=",127.36,"uA","<=",166.5,"P",0.10165,***,"",
22,"Output_disabled_leakage","","IVINDIS_VDD_20_VIN_20",40080,"",1,1,"VIN1",22,"20","","",10,"<=",97.4368,"uA","<=",166.5,"P",0.10165,***,"",
22,"Output_disabled_leakage","","IOFF_VDD_20_VIN_20",40120,"",1,1,"VOUT4",22,"20","","",-14,"<=",-2.22342,"uA","<=",11,"P",0.10165,***,"",
22,"Output_disabled_leakage","","IVINVDD0_VIN_20",40140,"",1,1,"VIN1",22,"20","","",10,"<=",117.682,"uA","<=",166.5,"P",0.10165,***,"",
22,"Output_disabled_leakage","","IOFFVDD0_VIN_20",40160,"",1,1,"VOUT4",22,"20","","",-14,"<=",-1.81212,"uA","<=",11,"P",0.10165,***,"",
22,"EN_pullup_resistor","","EN0V_PULLUP_RES",50010,"",1,1,"EN0_PS1600",22,"20","","",155,"<=",182.026,"Kohm","<=",230,"P",0.0272827,***,"",
22,"EN_pullup_resistor","","EN1V_PULLUP_RES",50020,"",1,1,"EN0_PS1600",22,"20","","",155,"<=",182.779,"Kohm","<=",230,"P",0.0272827,***,"",
22,"EN_pullup_resistor","","EN0V_Current",50030,"",1,1,"EN0_PS1600",22,"20","","",-11,"<=",-9.88867,"uA","<=",-7,"P",0.0272827,***,"",
22,"EN_pullup_resistor","","EN1V_Current",50040,"",1,1,"EN0_PS1600",22,"20","","",-5.5,"<=",-4.37686,"uA","<=",-3,"P",0.0272827,***,"",
22,"Leakage_Test","","IOFF_REVERSE_VOUT_VIN_LEAKAGE_1mA",60030,"",1,1,"VIN",22,"20","","",-331,"<=",-265.846,"mV","<=",-205,"P",0.0588329,***,"",
22,"Leakage_Test","","IOFF_REVERSE_VOUT_VIN_LEAKAGE_10mA",60040,"",1,1,"VIN",22,"20","","",-340,"<=",-327.73,"mV","<=",-205,"P",0.0588329,***,"",
22,"Leakage_Test","","IOFF_REVERSE_VOUT_VIN_LEAKAGE_100mA",60050,"",1,1,"VIN",22,"20","","",-331,"<=",-206.953,"mV","<=",-205,"P",0.0588329,***,"",
22,"Nominal_Input_pin_Leakages","","LEAKAGE",70010,"",1,1,"EN0_PS1600",22,"20","","",10,"<=",27.0024,"uA","<=",40,"P",0.139807,***,"",
22,"Nominal_Input_pin_Leakages","","LEAKAGE",70060,"",1,1,"FAULTB_PS1600",22,"20","","",-0.2,"<=",0.00616929,"uA","<=",0.2,"P",0.139807,***,"",
22,"Nominal_Input_pin_Leakages","","LEAKAGE",70020,"",1,1,"FCB_PS1600",22,"20","","",-0.5,"<=",0.0366117,"uA","<=",0.5,"P",0.139807,***,"",
22,"Nominal_Input_pin_Leakages","","LEAKAGE",70040,"",1,1,"ISEN_PS1600",22,"20","","",24,"<=",27.6835,"uA","<=",50,"P",0.139807,***,"",
22,"Nominal_Input_pin_Leakages","","LEAKAGE",70030,"",1,1,"ITRIP_PS1600",22,"20","","",14,"<=",15.8998,"uA","<=",25,"P",0.139807,***,"",
22,"Nominal_Input_pin_Leakages","","LEAKAGE",70080,"",1,1,"OFF_PS1600",22,"20","","",-0.2,"<=",0.100011,"uA","<=",0.5,"P",0.139807,***,"",
22,"Nominal_Input_pin_Leakages","","LEAKAGE",70050,"",1,1,"SS_PS1600",22,"20","","",20,"<=",53.9881,"uA","<=",70,"P",0.139807,***,"",
22,"Nominal_Input_pin_Leakages","","LEAKAGE",70070,"",1,1,"VBIAS_PS1600",22,"20","","",5,"<=",27.071,"uA","<=",40,"P",0.139807,***,"",
22,"Nominal_Input_pin_Leakages","","LEAKAGE_2V",70090,"",1,1,"OFF_PS1600",22,"20","","",-0.5,"<=",0.0178053,"uA","<=",0.5,"P",0.139807,***,"",
22,"Output_enabled_leakage","","IVDD_VDD_3_Vin_3",80001,"",1,1,"VDD",22,"20","","",10,"<=",101.096,"uA","<=",130,"P",0.495899,***,"",
22,"Output_enabled_leakage","","IVIN_VDD_3_Vin_3",80005,"",1,1,"VIN1",22,"20","","",10,"<=",53.3266,"uA","<=",75,"P",0.495899,***,"",
22,"Output_enabled_leakage","","IVDD_VDD_3_Vin_20",80010,"",1,1,"VDD",22,"20","","",10,"<=",97.1528,"uA","<=",150,"P",0.495899,***,"",
22,"Output_enabled_leakage","","IVIN_VDD_3_Vin_20",80014,"",1,1,"VIN1",22,"20","","",10,"<=",87.8498,"uA","<=",120,"P",0.495899,***,"",
22,"Output_enabled_leakage","","IVDD_VDD_20_Vin_3",80011,"",1,1,"VDD",22,"20","","",10,"<=",119.992,"uA","<=",150,"P",0.495899,***,"",
22,"Output_enabled_leakage","","IVIN_VDD_20_Vin_3",80015,"",1,1,"VIN1",22,"20","","",10,"<=",51.2809,"uA","<=",75,"P",0.495899,***,"",
22,"Output_enabled_leakage","","IVDD_VDD_20_Vin_20",80012,"",1,1,"VDD",22,"20","","",10,"<=",122.322,"uA","<=",175,"P",0.495899,***,"",
22,"Output_enabled_leakage","","IVIN_VDD_20_Vin_20",80016,"",1,1,"VIN1",22,"20","","",10,"<=",87.1066,"uA","<=",120,"P",0.495899,***,"",
22,"SCAN","","Scan_test",330010,"_rdi_burst_SCAN_bk4_mp",1,1,"@",22,"20","","",***,"",***," ","",***,"P",0.0437546,***,"",
22,"Logic","","Logic_test",340010,"_rdi_burst_Logic_bk6_mp",1,1,"@",22,"20","","",***,"",***," ","",***,"P",0.279346,***,"",
22,"POST_EFUSE_RESISTANCE","","POST_BANKA_EFUSE_RESISTANCE_BLOWN_BIT47",590001,"",1,1,"ISEN_PS1600",22,"20","","",3500,"<=",70254.6,"ohms","<=",85000,"P",3.61603,***,"",
22,"POST_EFUSE_RESISTANCE","","POST_BANKA_EFUSE_RESISTANCE_BLOWN_BIT46",590002,"",1,1,"ISEN_PS1600",22,"20","","",3500,"<=",70231.8,"ohms","<=",85000,"P",3.6658,***,"",
22,"POST_EFUSE_RESISTANCE","","POST_BANKA_EFUSE_RESISTANCE_UNBLOWN_BIT45",490003,"",1,1,"ISEN_PS1600",22,"20","","",65,"<=",68.4,"ohms","<=",200,"P",3.72201,***,"",
22,"POST_EFUSE_RESISTANCE","","POST_BANKA_EFUSE_RESISTANCE_BLOWN_BIT44",590004,"",1,1,"ISEN_PS1600",22,"20","","",3500,"<=",70254.6,"ohms","<=",85000,"P",2.88429,***,"",
22,"POST_EFUSE_RESISTANCE","","POST_BANKA_EFUSE_RESISTANCE_BLOWN_BIT43",590005,"",1,1,"ISEN_PS1600",22,"20","","",3500,"<=",70277.4,"ohms","<=",85000,"P",2.88406,***,"",
22,"POST_EFUSE_RESISTANCE","","POST_BANKA_EFUSE_RESISTANCE_BLOWN_BIT42",590006,"",1,1,"ISEN_PS1600",22,"20","","",3500,"<=",70277.4,"ohms","<=",85000,"P",2.88801,***,"",
22,"POST_EFUSE_RESISTANCE","","POST_BANKA_EFUSE_RESISTANCE_BLOWN_BIT41",590007,"",1,1,"ISEN_PS1600",22,"20","","",3500,"<=",70266,"ohms","<=",85000,"P",2.88801,***,"",
22,"POST_EFUSE_RESISTANCE","","POST_BANKA_EFUSE_RESISTANCE_UNBLOWN_BIT40",490008,"",1,1,"ISEN_PS1600",22,"20","","",65,"<=",57,"ohms","<=",200,"F",2.88725,***,"",
23,"CONTINUITY","","CONTINUITY",10030,"",1,1,"EN0_PS1600",23,"1","","",-500,"<=",-361.843,"mV","<=",-300,"P",0.132977,***,"",
23,"CONTINUITY","","CONTINUITY",10020,"",1,1,"FAULTB_PS1600",23,"1","","",-500,"<=",-420.175,"mV","<=",-300,"P",0.132977,***,"",
23,"CONTINUITY","","CONTINUITY",10050,"",1,1,"FCB_PS1600",23,"1","","",-500,"<=",-362.872,"mV","<=",-300,"P",0.132977,***,"",
23,"CONTINUITY","","CONTINUITY",10090,"",1,1,"ISEN_PS1600",23,"1","","",-500,"<=",-349.372,"mV","<=",-300,"P",0.132977,***,"",
23,"CONTINUITY","","CONTINUITY",10080,"",1,1,"ITRIP_PS1600",23,"1","","",-500,"<=",-364.181,"mV","<=",-300,"P",0.132977,***,"",
23,"CONTINUITY","","CONTINUITY",10040,"",1,1,"OFF_PS1600",23,"1","","",-500,"<=",-357.009,"mV","<=",-300,"P",0.132977,***,"",
23,"CONTINUITY","","CONTINUITY",10010,"",1,1,"SS_PS1600",23,"1","","",-500,"<=",-451.675,"mV","<=",-300,"P",0.132977,***,"",
23,"CONTINUITY","","CONTINUITY",10070,"",1,1,"VBIAS_PS1600",23,"1","","",-500,"<=",-297.531,"mV","<=",-200,"P",0.132977,***,"",
23,"CONTINUITY","","CONTINUITY",10060,"",1,1,"GND_PS1600",23,"1","","",-500,"<=",-354.722,"mV","<=",-300,"P",0.132977,***,"",
23,"CONTINUITY","","CONTINUITY",10180,"",1,1,"VIN1",23,"1","","",-360,"<=",-332.045,"mV","<=",-300,"P",0.132977,***,"",
23,"CONTINUITY","","CONTINUITY",10190,"",1,1,"VIN2",23,"1","","",-360,"<=",-332.054,"mV","<=",-300,"P",0.132977,***,"",
23,"CONTINUITY","","CONTINUITY",10200,"",1,1,"VIN3",23,"1","","",-360,"<=",-332.239,"mV","<=",-300,"P",0.132977,***,"",
23,"CONTINUITY","","CONTINUITY",10210,"",1,1,"VIN4_RS1",23,"1","","",-360,"<=",-332.432,"mV","<=",-300,"P",0.132977,***,"",
23,"CONTINUITY","","CONTINUITY",10220,"",1,1,"VIN4_RS2",23,"1","","",-360,"<=",-332.148,"mV","<=",-300,"P",0.132977,***,"",
23,"CONTINUITY","","CONTINUITY",10230,"",1,1,"VIN5_RS1",23,"1","","",-360,"<=",-332.211,"mV","<=",-300,"P",0.132977,***,"",
23,"CONTINUITY","","CONTINUITY",10240,"",1,1,"VIN5_RS2",23,"1","","",-360,"<=",-332.344,"mV","<=",-300,"P",0.132977,***,"",
23,"CONTINUITY","","CONTINUITY",10250,"",1,1,"VIN6",23,"1","","",-360,"<=",-332.354,"mV","<=",-300,"P",0.132977,***,"",
23,"CONTINUITY","","CONTINUITY",10100,"",1,1,"VOUT1",23,"1","","",-300,"<=",-223.194,"mV","<=",-200,"P",0.132977,***,"",
23,"CONTINUITY","","CONTINUITY",10110,"",1,1,"VOUT2_RS1",23,"1","","",-300,"<=",-223.375,"mV","<=",-200,"P",0.132977,***,"",
23,"CONTINUITY","","CONTINUITY",10120,"",1,1,"VOUT2_RS2",23,"1","","",-300,"<=",-223.202,"mV","<=",-200,"P",0.132977,***,"",
23,"CONTINUITY","","CONTINUITY",10130,"",1,1,"VOUT3_RS1",23,"1","","",-300,"<=",-223.412,"mV","<=",-200,"P",0.132977,***,"",
23,"CONTINUITY","","CONTINUITY",10140,"",1,1,"VOUT3_RS2",23,"1","","",-300,"<=",-223.175,"mV","<=",-200,"P",0.132977,***,"",
23,"CONTINUITY","","CONTINUITY",10150,"",1,1,"VOUT4",23,"1","","",-300,"<=",-223.108,"mV","<=",-200,"P",0.132977,***,"",
23,"CONTINUITY","","CONTINUITY",10160,"",1,1,"VOUT5",23,"1","","",-300,"<=",-223.45,"mV","<=",-200,"P",0.132977,***,"",
23,"CONTINUITY","","CONTINUITY",10170,"",1,1,"VOUT6",23,"1","","",-300,"<=",-223.354,"mV","<=",-200,"P",0.132977,***,"",
23,"Pin_to_Pin_Leakage","","PIN_TO_PIN_POS_LEAKAGE_PIN",20010,"",1,1,"FAULTB_PS1600",23,"1","","",-200,"<=",-6.59611,"nA","<=",200,"P",0.416773,***,"",
23,"Pin_to_Pin_Leakage","","PIN_TO_PIN_NEG_LEAKAGE_PIN",20110,"",1,1,"FAULTB_PS1600",23,"1","","",-200,"<=",-6.59611,"nA","<=",200,"P",0.416773,***,"",
23,"Pin_to_Pin_Leakage","","PIN_TO_PIN_POS_LEAKAGE_PIN",20020,"",1,1,"ITRIP_PS1600",23,"1","","",-200,"<=",-10.5262,"nA","<=",200,"P",0.416773,***,"",
23,"Pin_to_Pin_Leakage","","PIN_TO_PIN_NEG_LEAKAGE_PIN",20120,"",1,1,"ITRIP_PS1600",23,"1","","",-200,"<=",-10.5262,"nA","<=",200,"P",0.416773,***,"",
23,"Pin_to_Pin_Leakage","","PIN_TO_PIN_POS_LEAKAGE_PIN",20030,"",1,1,"OFF_PS1600",23,"1","","",-200,"<=",-10.0208,"nA","<=",200,"P",0.416773,***,"",
23,"Pin_to_Pin_Leakage","","PIN_TO_PIN_NEG_LEAKAGE_PIN",20130,"",1,1,"OFF_PS1600",23,"1","","",-200,"<=",-10.0208,"nA","<=",200,"P",0.416773,***,"",
23,"Pin_to_Pin_Leakage","","PIN_TO_PIN_POS_LEAKAGE_PIN",20040,"",1,1,"SS_PS1600",23,"1","","",-200,"<=",-11.3534,"nA","<=",200,"P",0.416773,***,"",
23,"Pin_to_Pin_Leakage","","PIN_TO_PIN_NEG_LEAKAGE_PIN",20140,"",1,1,"SS_PS1600",23,"1","","",-200,"<=",-11.3534,"nA","<=",200,"P",0.416773,***,"",
23,"Pin_to_Pin_Leakage","","PIN_TO_PIN_POS_LEAKAGE_PIN",20050,"",1,1,"VIN1",23,"1","","",10,"<=",300.563,"nA","<=",500,"P",0.416773,***,"",
23,"Pin_to_Pin_Leakage","","PIN_TO_PIN_NEG_LEAKAGE_PIN",20150,"",1,1,"VIN1",23,"1","","",-500,"<=",-301.45,"nA","<=",-10,"P",0.416773,***,"",
23,"Pin_to_Pin_Leakage","","PIN_TO_PIN_POS_LEAKAGE_PIN",20060,"",1,1,"VOUT1",23,"1","","",10,"<=",301.676,"nA","<=",500,"P",0.416773,***,"",
23,"Pin_to_Pin_Leakage","","PIN_TO_PIN_NEG_LEAKAGE_PIN",20160,"",1,1,"VOUT1",23,"1","","",-500,"<=",-303.96,"nA","<=",-10,"P",0.416773,***,"",
23,"Pin_to_Pin_Leakage","","PIN_TO_PIN_POS_LEAKAGE_PIN",20070,"",1,1,"EN0_PS1600",23,"1","","",300,"<=",521.403,"nA","<=",700,"P",0.416773,***,"",
23,"Pin_to_Pin_Leakage","","PIN_TO_PIN_NEG_LEAKAGE_PIN",20170,"",1,1,"EN0_PS1600",23,"1","","",-700,"<=",-527.011,"nA","<=",-300,"P",0.416773,***,"",
23,"Pin_to_Pin_Leakage","","PIN_TO_PIN_POS_LEAKAGE_PIN",20080,"",1,1,"FCB_PS1600",23,"1","","",-200,"<=",-0.36318,"nA","<=",200,"P",0.416773,***,"",
23,"Pin_to_Pin_Leakage","","PIN_TO_PIN_NEG_LEAKAGE_PIN",20180,"",1,1,"FCB_PS1600",23,"1","","",-200,"<=",-5.67842,"nA","<=",200,"P",0.416773,***,"",
23,"Pin_to_Pin_Leakage","","PIN_TO_PIN_POS_LEAKAGE_PIN",20090,"",1,1,"ISEN_PS1600",23,"1","","",-200,"<=",-0.260928,"nA","<=",200,"P",0.416773,***,"",
23,"Pin_to_Pin_Leakage","","PIN_TO_PIN_NEG_LEAKAGE_PIN",20190,"",1,1,"ISEN_PS1600",23,"1","","",-200,"<=",-11.0546,"nA","<=",200,"P",0.416773,***,"",
23,"Pin_to_Pin_Leakage","","PIN_TO_PIN_POS_LEAKAGE_PIN_VBIAS_PS1600",20100,"",1,1,"VBIAS_PS1600",23,"1","","",500,"<=",787,"nA","<=",1000,"P",0.416773,***,"",
23,"Pin_to_Pin_Leakage","","PIN_TO_PIN_NEG_LEAKAGE_PIN_VBIAS_PS1600",20200,"",1,1,"VBIAS_PS1600",23,"1","","",-1000,"<=",-845,"nA","<=",-500,"P",0.416773,***,"",
23,"IVDDFL_IVINFL_RONFL","","RON_200mAVDD_5_VIN_5_20V_Part",90050,"",1,1,"VIN1",23,"1","","",0.01,"<=",0.0244876,"ohm","<=",0.03,"P",0.034414,***,"",
23,"IVDDFL_IVINFL_RONFL","","DEVICE_VARIENT_TRUE",90060,"",1,1,"VIN1",23,"1","","",0.5,"<=",1,"","<=",1.5,"P",0.034414,***,"",
23,"Fuse_Burn_Check","","BANKA_BIT5_BLOWN_TRUE",1000001,"",1,1,"OFF_PS1600",23,"1","","",0,"<=",1,"","<=",1,"P",0.0995141,***,"",
23,"Gross_Functional_EN_FCB_FAULTB_OFF","","EN_FCB_LOW_VOUT_LOW",30010,"",1,1,"VOUT4",23,"1","","",-0.001,"<=",0.0196953,"V","<=",1,"P",0.231374,***,"",
23,"Gross_Functional_EN_FCB_FAULTB_OFF","","EN_FCB_LOW_OFF_HIGH",30020,"",1,1,"OFF_PS1600",23,"1","","",1.6,"<=",1.79854,"V","<=",2.3,"P",0.231374,***,"",
23,"Gross_Functional_EN_FCB_FAULTB_OFF","","FCB_LOW_VOUT_LOW",30030,"",1,1,"VOUT4",23,"1","","",-0.001,"<=",0.000995636,"V","<=",0.5,"P",0.231374,***,"",
23,"Gross_Functional_EN_FCB_FAULTB_OFF","","FCB_LOW_OFF_HIGH",30040,"",1,1,"OFF_PS1600",23,"1","","",1.6,"<=",1.79939,"V","<=",2.3,"P",0.231374,***,"",
23,"Gross_Functional_EN_FCB_FAULTB_OFF","","EN_LOW_VOUT_LOW",30050,"",1,1,"VOUT4",23,"1","","",-0.001,"<=",0.00171089,"V","<=",0.5,"P",0.231374,***,"",
23,"Gross_Functional_EN_FCB_FAULTB_OFF","","EN_LOW_OFF_HIGH",30060,"",1,1,"OFF_PS1600",23,"1","","",1.6,"<=",1.79865,"V","<=",2.3,"P",0.231374,***,"",
23,"Gross_Functional_EN_FCB_FAULTB_OFF","","EN_FCB_HIGH_VOUT_HIGH",30070,"",1,1,"VOUT4",23,"1","","",4.85,"<=",5.00005,"V","<=",5.1,"P",0.231374,***,"",
23,"Gross_Functional_EN_FCB_FAULTB_OFF","","EN_FCB_HIGH_OFF_LOW",30080,"",1,1,"OFF_PS1600",23,"1","","",-0.001,"<=",0.000714269,"V","<=",0.5,"P",0.231374,***,"",
23,"Gross_Functional_EN_FCB_FAULTB_OFF","","FAULT_SET_VOUT_LOW",30090,"",1,1,"VOUT4",23,"1","","",-0.001,"<=",9.346e-05,"V","<=",0.5,"P",0.231374,***,"",
23,"Gross_Functional_EN_FCB_FAULTB_OFF","","FAULT_SET_OFF_HIGH",30100,"",1,1,"OFF_PS1600",23,"1","","",1.6,"<=",1.84367,"V","<=",2.3,"P",0.231374,***,"",
23,"Gross_Functional_EN_FCB_FAULTB_OFF","","FAULT_RESET_VOUT_HIGH",30110,"",1,1,"VOUT4",23,"1","","",4.85,"<=",5.00026,"V","<=",5.1,"P",0.231374,***,"",
23,"Gross_Functional_EN_FCB_FAULTB_OFF","","FAULT_RESET_OFF_LOW",30120,"",1,1,"OFF_PS1600",23,"1","","",0,"<=",0.000714269,"V","<=",0.5,"P",0.231374,***,"",
23,"Output_disabled_leakage","","IVDDDIS_VDD_3_VIN_3",40010,"",1,1,"VDD",23,"1","","",10,"<=",110.202,"uA","<=",166.5,"P",0.10165,***,"",
23,"Output_disabled_leakage","","IVINDIS_VDD_3_VIN_3",40050,"",1,1,"VIN1",23,"1","","",10,"<=",73.7738,"uA","<=",166.5,"P",0.10165,***,"",
23,"Output_disabled_leakage","","IOFF_VDD_3_VIN_3",40090,"",1,1,"VOUT4",23,"1","","",-14,"<=",-2.19353,"uA","<=",11,"P",0.10165,***,"",
23,"Output_disabled_leakage","","IVDDDIS_VDD_3_VIN_20",40020,"",1,1,"VDD",23,"1","","",10,"<=",113.878,"uA","<=",166.5,"P",0.10165,***,"",
23,"Output_disabled_leakage","","IVINDIS_VDD_3_VIN_20",40060,"",1,1,"VIN1",23,"1","","",10,"<=",92.5902,"uA","<=",166.5,"P",0.10165,***,"",
23,"Output_disabled_leakage","","IOFF_VDD_3_VIN_20",40100,"",1,1,"VOUT4",23,"1","","",-14,"<=",-2.7472,"uA","<=",11,"P",0.10165,***,"",
23,"Output_disabled_leakage","","IVINVDD0_VIN_3",40130,"",1,1,"VIN1",23,"1","","",10,"<=",77.3175,"uA","<=",166.5,"P",0.10165,***,"",
23,"Output_disabled_leakage","","IOFFVDD0_VIN_3",40150,"",1,1,"VOUT4",23,"1","","",-14,"<=",-1.83417,"uA","<=",11,"P",0.10165,***,"",
23,"Output_disabled_leakage","","IVDDDIS_VDD_20_VIN_3",40030,"",1,1,"VDD",23,"1","","",10,"<=",137.758,"uA","<=",166.5,"P",0.10165,***,"",
23,"Output_disabled_leakage","","IVINDIS_VDD_20_VIN_3",40070,"",1,1,"VIN1",23,"1","","",10,"<=",83.1187,"uA","<=",166.5,"P",0.10165,***,"",
23,"Output_disabled_leakage","","IOFF_VDD_20_VIN_3",40110,"",1,1,"VOUT4",23,"1","","",-14,"<=",-2.21,"uA","<=",11,"P",0.10165,***,"",
23,"Output_disabled_leakage","","IVDDDIS_VDD_20_VIN_20",40040,"",1,1,"VDD",23,"1","","",10,"<=",133.613,"uA","<=",166.5,"P",0.10165,***,"",
23,"Output_disabled_leakage","","IVINDIS_VDD_20_VIN_20",40080,"",1,1,"VIN1",23,"1","","",10,"<=",94.0114,"uA","<=",166.5,"P",0.10165,***,"",
23,"Output_disabled_leakage","","IOFF_VDD_20_VIN_20",40120,"",1,1,"VOUT4",23,"1","","",-14,"<=",-2.31049,"uA","<=",11,"P",0.10165,***,"",
23,"Output_disabled_leakage","","IVINVDD0_VIN_20",40140,"",1,1,"VIN1",23,"1","","",10,"<=",122.419,"uA","<=",166.5,"P",0.10165,***,"",
23,"Output_disabled_leakage","","IOFFVDD0_VIN_20",40160,"",1,1,"VOUT4",23,"1","","",-14,"<=",-2.09647,"uA","<=",11,"P",0.10165,***,"",
23,"EN_pullup_resistor","","EN0V_PULLUP_RES",50010,"",1,1,"EN0_PS1600",23,"1","","",155,"<=",192.029,"Kohm","<=",230,"P",0.0272827,***,"",
23,"EN_pullup_resistor","","EN1V_PULLUP_RES",50020,"",1,1,"EN0_PS1600",23,"1","","",155,"<=",192.894,"Kohm","<=",230,"P",0.0272827,***,"",
23,"EN_pullup_resistor","","EN0V_Current",50030,"",1,1,"EN0_PS1600",23,"1","","",-11,"<=",-9.37357,"uA","<=",-7,"P",0.0272827,***,"",
23,"EN_pullup_resistor","","EN1V_Current",50040,"",1,1,"EN0_PS1600",23,"1","","",-5.5,"<=",-4.14736,"uA","<=",-3,"P",0.0272827,***,"",
23,"Leakage_Test","","IOFF_REVERSE_VOUT_VIN_LEAKAGE_1mA",60030,"",1,1,"VIN",23,"1","","",-331,"<=",-265.11,"mV","<=",-205,"P",0.0588329,***,"",
23,"Leakage_Test","","IOFF_REVERSE_VOUT_VIN_LEAKAGE_10mA",60040,"",1,1,"VIN",23,"1","","",-340,"<=",-327.66,"mV","<=",-205,"P",0.0588329,***,"",
23,"Leakage_Test","","IOFF_REVERSE_VOUT_VIN_LEAKAGE_100mA",60050,"",1,1,"VIN",23,"1","","",-331,"<=",-205.708,"mV","<=",-205,"P",0.0588329,***,"",
23,"Nominal_Input_pin_Leakages","","LEAKAGE",70010,"",1,1,"EN0_PS1600",23,"1","","",10,"<=",25.6381,"uA","<=",40,"P",0.139807,***,"",
23,"Nominal_Input_pin_Leakages","","LEAKAGE",70060,"",1,1,"FAULTB_PS1600",23,"1","","",-0.2,"<=",0.00591544,"uA","<=",0.2,"P",0.139807,***,"",
23,"Nominal_Input_pin_Leakages","","LEAKAGE",70020,"",1,1,"FCB_PS1600",23,"1","","",-0.5,"<=",0.0366117,"uA","<=",0.5,"P",0.139807,***,"",
23,"Nominal_Input_pin_Leakages","","LEAKAGE",70040,"",1,1,"ISEN_PS1600",23,"1","","",24,"<=",28.2646,"uA","<=",50,"P",0.139807,***,"",
23,"Nominal_Input_pin_Leakages","","LEAKAGE",70030,"",1,1,"ITRIP_PS1600",23,"1","","",14,"<=",16.2513,"uA","<=",25,"P",0.139807,***,"",
23,"Nominal_Input_pin_Leakages","","LEAKAGE",70080,"",1,1,"OFF_PS1600",23,"1","","",-0.2,"<=",0.07472,"uA","<=",0.5,"P",0.139807,***,"",
23,"Nominal_Input_pin_Leakages","","LEAKAGE",70050,"",1,1,"SS_PS1600",23,"1","","",20,"<=",53.6353,"uA","<=",70,"P",0.139807,***,"",
23,"Nominal_Input_pin_Leakages","","LEAKAGE",70070,"",1,1,"VBIAS_PS1600",23,"1","","",5,"<=",27.1952,"uA","<=",40,"P",0.139807,***,"",
23,"Nominal_Input_pin_Leakages","","LEAKAGE_2V",70090,"",1,1,"OFF_PS1600",23,"1","","",-0.5,"<=",0.043096,"uA","<=",0.5,"P",0.139807,***,"",
23,"Output_enabled_leakage","","IVDD_VDD_3_Vin_3",80001,"",1,1,"VDD",23,"1","","",10,"<=",96.8808,"uA","<=",130,"P",0.495899,***,"",
23,"Output_enabled_leakage","","IVIN_VDD_3_Vin_3",80005,"",1,1,"VIN1",23,"1","","",10,"<=",51.0835,"uA","<=",75,"P",0.495899,***,"",
23,"Output_enabled_leakage","","IVDD_VDD_3_Vin_20",80010,"",1,1,"VDD",23,"1","","",10,"<=",102.528,"uA","<=",150,"P",0.495899,***,"",
23,"Output_enabled_leakage","","IVIN_VDD_3_Vin_20",80014,"",1,1,"VIN1",23,"1","","",10,"<=",87.3115,"uA","<=",120,"P",0.495899,***,"",
23,"Output_enabled_leakage","","IVDD_VDD_20_Vin_3",80011,"",1,1,"VDD",23,"1","","",10,"<=",113.681,"uA","<=",150,"P",0.495899,***,"",
23,"Output_enabled_leakage","","IVIN_VDD_20_Vin_3",80015,"",1,1,"VIN1",23,"1","","",10,"<=",53.789,"uA","<=",75,"P",0.495899,***,"",
23,"Output_enabled_leakage","","IVDD_VDD_20_Vin_20",80012,"",1,1,"VDD",23,"1","","",10,"<=",116.38,"uA","<=",175,"P",0.495899,***,"",
23,"Output_enabled_leakage","","IVIN_VDD_20_Vin_20",80016,"",1,1,"VIN1",23,"1","","",10,"<=",86.3643,"uA","<=",120,"P",0.495899,***,"",
23,"SCAN","","Scan_test",330010,"_rdi_burst_SCAN_bk4_mp",1,1,"@",23,"1","","",***,"",***," ","",***,"P",0.0437546,***,"",
23,"Logic","","Logic_test",340010,"_rdi_burst_Logic_bk6_mp",1,1,"@",23,"1","","",***,"",***," ","",***,"P",0.279346,***,"",
23,"POST_EFUSE_RESISTANCE","","POST_BANKA_EFUSE_RESISTANCE_BLOWN_BIT47",590001,"",1,1,"ISEN_PS1600",23,"1","","",3500,"<=",69935.8,"ohms","<=",85000,"P",3.61603,***,"",
23,"POST_EFUSE_RESISTANCE","","POST_BANKA_EFUSE_RESISTANCE_BLOWN_BIT46",590002,"",1,1,"ISEN_PS1600",23,"1","","",3500,"<=",69947.2,"ohms","<=",85000,"P",3.6658,***,"",
23,"POST_EFUSE_RESISTANCE","","POST_BANKA_EFUSE_RESISTANCE_UNBLOWN_BIT45",490003,"",1,1,"ISEN_PS1600",23,"1","","",65,"<=",102.6,"ohms","<=",200,"P",3.72201,***,"",
23,"POST_EFUSE_RESISTANCE","","POST_BANKA_EFUSE_RESISTANCE_UNBLOWN_BIT44",490004,"",1,1,"ISEN_PS1600",23,"1","","",65,"<=",91.2,"ohms","<=",200,"P",5.22249,***,"",
23,"POST_EFUSE_RESISTANCE","","POST_BANKA_EFUSE_RESISTANCE_BLOWN_BIT43",590005,"",1,1,"ISEN_PS1600",23,"1","","",3500,"<=",69947.2,"ohms","<=",85000,"P",2.88406,***,"",
23,"POST_EFUSE_RESISTANCE","","POST_BANKA_EFUSE_RESISTANCE_BLOWN_BIT42",590006,"",1,1,"ISEN_PS1600",23,"1","","",3500,"<=",69947.2,"ohms","<=",85000,"P",2.88801,***,"",
23,"POST_EFUSE_RESISTANCE","","POST_BANKA_EFUSE_RESISTANCE_BLOWN_BIT41",590007,"",1,1,"ISEN_PS1600",23,"1","","",3500,"<=",69947.2,"ohms","<=",85000,"P",2.88801,***,"",
23,"POST_EFUSE_RESISTANCE","","POST_BANKA_EFUSE_RESISTANCE_UNBLOWN_BIT40",490008,"",1,1,"ISEN_PS1600",23,"1","","",65,"<=",79.8,"ohms","<=",200,"P",2.88725,***,"",
23,"POST_EFUSE_RESISTANCE","","POST_BANKA_EFUSE_RESISTANCE_BLOWN_BIT39",590009,"",1,1,"ISEN_PS1600",23,"1","","",3500,"<=",69981.4,"ohms","<=",85000,"P",2.88741,***,"",
23,"POST_EFUSE_RESISTANCE","","POST_BANKA_EFUSE_RESISTANCE_BLOWN_BIT38",590010,"",1,1,"ISEN_PS1600",23,"1","","",3500,"<=",69981.4,"ohms","<=",85000,"P",2.88625,***,"",
23,"POST_EFUSE_RESISTANCE","","POST_BANKA_EFUSE_RESISTANCE_BLOWN_BIT37",590011,"",1,1,"ISEN_PS1600",23,"1","","",3500,"<=",67465.8,"ohms","<=",85000,"P",2.88604,***,"",
23,"POST_EFUSE_RESISTANCE","","POST_BANKA_EFUSE_RESISTANCE_UNBLOWN_BIT36",490012,"",1,1,"ISEN_PS1600",23,"1","","",65,"<=",68.4,"ohms","<=",200,"P",2.89109,***,"",
23,"POST_EFUSE_RESISTANCE","","POST_BANKA_EFUSE_RESISTANCE_BLOWN_BIT35",590013,"",1,1,"ISEN_PS1600",23,"1","","",3500,"<=",69969.8,"ohms","<=",85000,"P",2.89109,***,"",
23,"POST_EFUSE_RESISTANCE","","POST_BANKA_EFUSE_RESISTANCE_BLOWN_BIT34",590014,"",1,1,"ISEN_PS1600",23,"1","","",3500,"<=",69992.6,"ohms","<=",85000,"P",2.89109,***,"",
23,"POST_EFUSE_RESISTANCE","","POST_BANKA_EFUSE_RESISTANCE_BLOWN_BIT33",590015,"",1,1,"ISEN_PS1600",23,"1","","",3500,"<=",69992.6,"ohms","<=",85000,"P",2.89109,***,"",
23,"POST_EFUSE_RESISTANCE","","POST_BANKA_EFUSE_RESISTANCE_UNBLOWN_BIT32",490016,"",1,1,"ISEN_PS1600",23,"1","","",65,"<=",68.4,"ohms","<=",200,"P",2.88546,***,"",
23,"POST_EFUSE_RESISTANCE","","POST_BANKA_EFUSE_RESISTANCE_BLOWN_BIT31",590017,"",1,1,"ISEN_PS1600",23,"1","","",3500,"<=",69958.4,"ohms","<=",85000,"P",2.88666,***,"",
23,"POST_EFUSE_RESISTANCE","","POST_BANKA_EFUSE_RESISTANCE_BLOWN_BIT30",590018,"",1,1,"ISEN_PS1600",23,"1","","",3500,"<=",69958.6,"ohms","<=",85000,"P",2.88735,***,"",
23,"POST_EFUSE_RESISTANCE","","POST_BANKA_EFUSE_RESISTANCE_BLOWN_BIT29",590019,"",1,1,"ISEN_PS1600",23,"1","","",3500,"<=",69992.6,"ohms","<=",85000,"P",2.8899,***,"",
23,"POST_EFUSE_RESISTANCE","","POST_BANKA_EFUSE_RESISTANCE_UNBLOWN_BIT28",490020,"",1,1,"ISEN_PS1600",23,"1","","",65,"<=",91.2,"ohms","<=",200,"P",2.88735,***,"",
23,"POST_EFUSE_RESISTANCE","","POST_BANKA_EFUSE_RESISTANCE_BLOWN_BIT27",590021,"",1,1,"ISEN_PS1600",23,"1","","",3500,"<=",69958.6,"ohms","<=",85000,"P",2.88735,***,"",
23,"POST_EFUSE_RESISTANCE","","POST_BANKA_EFUSE_RESISTANCE_BLOWN_BIT26",590022,"",1,1,"ISEN_PS1600",23,"1","","",3500,"<=",69958.6,"ohms","<=",85000,"P",2.89318,***,"",
23,"POST_EFUSE_RESISTANCE","","POST_BANKA_EFUSE_RESISTANCE_UNBLOWN_BIT25",490023,"",1,1,"ISEN_PS1600",23,"1","","",65,"<=",102.6,"ohms","<=",200,"P",2.89318,***,"",
23,"POST_EFUSE_RESISTANCE","","POST_BANKA_EFUSE_RESISTANCE_BLOWN_BIT24",590024,"",1,1,"ISEN_PS1600",23,"1","","",3500,"<=",69992.6,"ohms","<=",85000,"P",2.88625,***,"",
23,"POST_EFUSE_RESISTANCE","","POST_BANKA_EFUSE_RESISTANCE_UNBLOWN_BIT23",490025,"",1,1,"ISEN_PS1600",23,"1","","",65,"<=",68.4,"ohms","<=",200,"P",2.88735,***,"",
23,"POST_EFUSE_RESISTANCE","","POST_BANKA_EFUSE_RESISTANCE_UNBLOWN_BIT22",490026,"",1,1,"ISEN_PS1600",23,"1","","",65,"<=",79.8,"ohms","<=",200,"P",2.88564,***,"",
23,"POST_EFUSE_RESISTANCE","","POST_BANKA_EFUSE_RESISTANCE_UNBLOWN_BIT21",490027,"",1,1,"ISEN_PS1600",23,"1","","",65,"<=",79.8,"ohms","<=",200,"P",2.88425,***,"",
23,"POST_EFUSE_RESISTANCE","","POST_BANKA_EFUSE_RESISTANCE_UNBLOWN_BIT20",490028,"",1,1,"ISEN_PS1600",23,"1","","",65,"<=",102.6,"ohms","<=",200,"P",2.88425,***,"",
23,"POST_EFUSE_RESISTANCE","","POST_BANKA_EFUSE_RESISTANCE_UNBLOWN_BIT19",490029,"",1,1,"ISEN_PS1600",23,"1","","",65,"<=",102.6,"ohms","<=",200,"P",2.88425,***,"",
23,"POST_EFUSE_RESISTANCE","","POST_BANKA_EFUSE_RESISTANCE_UNBLOWN_BIT18",490030,"",1,1,"ISEN_PS1600",23,"1","","",65,"<=",68.4,"ohms","<=",200,"P",2.88482,***,"",
23,"POST_EFUSE_RESISTANCE","","POST_BANKA_EFUSE_RESISTANCE_BLOWN_BIT17",590031,"",1,1,"ISEN_PS1600",23,"1","","",3500,"<=",69958.6,"ohms","<=",85000,"P",2.88508,***,"",
23,"POST_EFUSE_RESISTANCE","","POST_BANKA_EFUSE_RESISTANCE_BLOWN_BIT16",590032,"",1,1,"ISEN_PS1600",23,"1","","",3500,"<=",69981.2,"ohms","<=",85000,"P",2.88508,***,"",
23,"POST_EFUSE_RESISTANCE","","POST_BANKA_EFUSE_RESISTANCE_BLOWN_BIT15",590033,"",1,1,"ISEN_PS1600",23,"1","","",3500,"<=",70004.2,"ohms","<=",85000,"P",2.89058,***,"",
23,"POST_EFUSE_RESISTANCE","","POST_BANKA_EFUSE_RESISTANCE_BLOWN_BIT14",590034,"",1,1,"ISEN_PS1600",23,"1","","",3500,"<=",69970,"ohms","<=",85000,"P",2.88595,***,"",
23,"POST_EFUSE_RESISTANCE","","POST_BANKA_EFUSE_RESISTANCE_UNBLOWN_BIT13",490035,"",1,1,"ISEN_PS1600",23,"1","","",65,"<=",57,"ohms","<=",200,"F",2.88683,***,"",
24,"CONTINUITY","","CONTINUITY",10030,"",1,1,"EN0_PS1600",24,"798","","",-500,"<=",-366.565,"mV","<=",-300,"P",0.132977,***,"",
24,"CONTINUITY","","CONTINUITY",10020,"",1,1,"FAULTB_PS1600",24,"798","","",-500,"<=",-419.208,"mV","<=",-300,"P",0.132977,***,"",
24,"CONTINUITY","","CONTINUITY",10050,"",1,1,"FCB_PS1600",24,"798","","",-500,"<=",-366.856,"mV","<=",-300,"P",0.132977,***,"",
24,"CONTINUITY","","CONTINUITY",10090,"",1,1,"ISEN_PS1600",24,"798","","",-500,"<=",-354.153,"mV","<=",-300,"P",0.132977,***,"",
24,"CONTINUITY","","CONTINUITY",10080,"",1,1,"ITRIP_PS1600",24,"798","","",-500,"<=",-369.36,"mV","<=",-300,"P",0.132977,***,"",
24,"CONTINUITY","","CONTINUITY",10040,"",1,1,"OFF_PS1600",24,"798","","",-500,"<=",-360.14,"mV","<=",-300,"P",0.132977,***,"",
24,"CONTINUITY","","CONTINUITY",10010,"",1,1,"SS_PS1600",24,"798","","",-500,"<=",-448.772,"mV","<=",-300,"P",0.132977,***,"",
24,"CONTINUITY","","CONTINUITY",10070,"",1,1,"VBIAS_PS1600",24,"798","","",-500,"<=",-292.238,"mV","<=",-200,"P",0.132977,***,"",
24,"CONTINUITY","","CONTINUITY",10060,"",1,1,"GND_PS1600",24,"798","","",-500,"<=",-354.04,"mV","<=",-300,"P",0.132977,***,"",
24,"CONTINUITY","","CONTINUITY",10180,"",1,1,"VIN1",24,"798","","",-360,"<=",-342.331,"mV","<=",-300,"P",0.132977,***,"",
24,"CONTINUITY","","CONTINUITY",10190,"",1,1,"VIN2",24,"798","","",-360,"<=",-342.455,"mV","<=",-300,"P",0.132977,***,"",
24,"CONTINUITY","","CONTINUITY",10200,"",1,1,"VIN3",24,"798","","",-360,"<=",-342.735,"mV","<=",-300,"P",0.132977,***,"",
24,"CONTINUITY","","CONTINUITY",10210,"",1,1,"VIN4_RS1",24,"798","","",-360,"<=",-342.991,"mV","<=",-300,"P",0.132977,***,"",
24,"CONTINUITY","","CONTINUITY",10220,"",1,1,"VIN4_RS2",24,"798","","",-360,"<=",-342.951,"mV","<=",-300,"P",0.132977,***,"",
24,"CONTINUITY","","CONTINUITY",10230,"",1,1,"VIN5_RS1",24,"798","","",-360,"<=",-342.81,"mV","<=",-300,"P",0.132977,***,"",
24,"CONTINUITY","","CONTINUITY",10240,"",1,1,"VIN5_RS2",24,"798","","",-360,"<=",-342.758,"mV","<=",-300,"P",0.132977,***,"",
24,"CONTINUITY","","CONTINUITY",10250,"",1,1,"VIN6",24,"798","","",-360,"<=",-342.428,"mV","<=",-300,"P",0.132977,***,"",
24,"CONTINUITY","","CONTINUITY",10100,"",1,1,"VOUT1",24,"798","","",-300,"<=",-223.282,"mV","<=",-200,"P",0.132977,***,"",
24,"CONTINUITY","","CONTINUITY",10110,"",1,1,"VOUT2_RS1",24,"798","","",-300,"<=",-223.171,"mV","<=",-200,"P",0.132977,***,"",
24,"CONTINUITY","","CONTINUITY",10120,"",1,1,"VOUT2_RS2",24,"798","","",-300,"<=",-223.515,"mV","<=",-200,"P",0.132977,***,"",
24,"CONTINUITY","","CONTINUITY",10130,"",1,1,"VOUT3_RS1",24,"798","","",-300,"<=",-223.558,"mV","<=",-200,"P",0.132977,***,"",
24,"CONTINUITY","","CONTINUITY",10140,"",1,1,"VOUT3_RS2",24,"798","","",-300,"<=",-223.459,"mV","<=",-200,"P",0.132977,***,"",
24,"CONTINUITY","","CONTINUITY",10150,"",1,1,"VOUT4",24,"798","","",-300,"<=",-223.45,"mV","<=",-200,"P",0.132977,***,"",
24,"CONTINUITY","","CONTINUITY",10160,"",1,1,"VOUT5",24,"798","","",-300,"<=",-223.286,"mV","<=",-200,"P",0.132977,***,"",
24,"CONTINUITY","","CONTINUITY",10170,"",1,1,"VOUT6",24,"798","","",-300,"<=",-223.324,"mV","<=",-200,"P",0.132977,***,"",
24,"Pin_to_Pin_Leakage","","PIN_TO_PIN_POS_LEAKAGE_PIN",20010,"",1,1,"FAULTB_PS1600",24,"798","","",-200,"<=",-6.13908,"nA","<=",200,"P",0.416773,***,"",
24,"Pin_to_Pin_Leakage","","PIN_TO_PIN_NEG_LEAKAGE_PIN",20110,"",1,1,"FAULTB_PS1600",24,"798","","",-200,"<=",-6.13908,"nA","<=",200,"P",0.416773,***,"",
24,"Pin_to_Pin_Leakage","","PIN_TO_PIN_POS_LEAKAGE_PIN",20020,"",1,1,"ITRIP_PS1600",24,"798","","",-200,"<=",-10.1704,"nA","<=",200,"P",0.416773,***,"",
24,"Pin_to_Pin_Leakage","","PIN_TO_PIN_NEG_LEAKAGE_PIN",20120,"",1,1,"ITRIP_PS1600",24,"798","","",-200,"<=",-10.1704,"nA","<=",200,"P",0.416773,***,"",
24,"Pin_to_Pin_Leakage","","PIN_TO_PIN_POS_LEAKAGE_PIN",20030,"",1,1,"OFF_PS1600",24,"798","","",-200,"<=",-8.58775,"nA","<=",200,"P",0.416773,***,"",
24,"Pin_to_Pin_Leakage","","PIN_TO_PIN_NEG_LEAKAGE_PIN",20130,"",1,1,"OFF_PS1600",24,"798","","",-200,"<=",-8.58775,"nA","<=",200,"P",0.416773,***,"",
24,"Pin_to_Pin_Leakage","","PIN_TO_PIN_POS_LEAKAGE_PIN",20040,"",1,1,"SS_PS1600",24,"798","","",-200,"<=",-11.762,"nA","<=",200,"P",0.416773,***,"",
24,"Pin_to_Pin_Leakage","","PIN_TO_PIN_NEG_LEAKAGE_PIN",20140,"",1,1,"SS_PS1600",24,"798","","",-200,"<=",-11.762,"nA","<=",200,"P",0.416773,***,"",
24,"Pin_to_Pin_Leakage","","PIN_TO_PIN_POS_LEAKAGE_PIN",20050,"",1,1,"VIN1",24,"798","","",10,"<=",306.449,"nA","<=",500,"P",0.416773,***,"",
24,"Pin_to_Pin_Leakage","","PIN_TO_PIN_NEG_LEAKAGE_PIN",20150,"",1,1,"VIN1",24,"798","","",-500,"<=",-296.881,"nA","<=",-10,"P",0.416773,***,"",
24,"Pin_to_Pin_Leakage","","PIN_TO_PIN_POS_LEAKAGE_PIN",20060,"",1,1,"VOUT1",24,"798","","",10,"<=",300.079,"nA","<=",500,"P",0.416773,***,"",
24,"Pin_to_Pin_Leakage","","PIN_TO_PIN_NEG_LEAKAGE_PIN",20160,"",1,1,"VOUT1",24,"798","","",-500,"<=",-299.9,"nA","<=",-10,"P",0.416773,***,"",
24,"Pin_to_Pin_Leakage","","PIN_TO_PIN_POS_LEAKAGE_PIN",20070,"",1,1,"EN0_PS1600",24,"798","","",300,"<=",501.69,"nA","<=",700,"P",0.416773,***,"",
24,"Pin_to_Pin_Leakage","","PIN_TO_PIN_NEG_LEAKAGE_PIN",20170,"",1,1,"EN0_PS1600",24,"798","","",-700,"<=",-506.528,"nA","<=",-300,"P",0.416773,***,"",
24,"Pin_to_Pin_Leakage","","PIN_TO_PIN_POS_LEAKAGE_PIN",20080,"",1,1,"FCB_PS1600",24,"798","","",-200,"<=",-0.00847432,"nA","<=",200,"P",0.416773,***,"",
24,"Pin_to_Pin_Leakage","","PIN_TO_PIN_NEG_LEAKAGE_PIN",20180,"",1,1,"FCB_PS1600",24,"798","","",-200,"<=",-5.67842,"nA","<=",200,"P",0.416773,***,"",
24,"Pin_to_Pin_Leakage","","PIN_TO_PIN_POS_LEAKAGE_PIN",20090,"",1,1,"ISEN_PS1600",24,"798","","",-200,"<=",-0.874761,"nA","<=",200,"P",0.416773,***,"",
24,"Pin_to_Pin_Leakage","","PIN_TO_PIN_NEG_LEAKAGE_PIN",20190,"",1,1,"ISEN_PS1600",24,"798","","",-200,"<=",-9.87804,"nA","<=",200,"P",0.416773,***,"",
24,"Pin_to_Pin_Leakage","","PIN_TO_PIN_POS_LEAKAGE_PIN_VBIAS_PS1600",20100,"",1,1,"VBIAS_PS1600",24,"798","","",500,"<=",757,"nA","<=",1000,"P",0.416773,***,"",
24,"Pin_to_Pin_Leakage","","PIN_TO_PIN_NEG_LEAKAGE_PIN_VBIAS_PS1600",20200,"",1,1,"VBIAS_PS1600",24,"798","","",-1000,"<=",-853,"nA","<=",-500,"P",0.416773,***,"",
24,"IVDDFL_IVINFL_RONFL","","RON_200mAVDD_5_VIN_5_20V_Part",90050,"",1,1,"VIN1",24,"798","","",0.01,"<=",0.0230839,"ohm","<=",0.03,"P",0.034414,***,"",
24,"IVDDFL_IVINFL_RONFL","","DEVICE_VARIENT_TRUE",90060,"",1,1,"VIN1",24,"798","","",0.5,"<=",1,"","<=",1.5,"P",0.034414,***,"",
24,"Fuse_Burn_Check","","BANKA_BIT5_BLOWN_TRUE",1000001,"",1,1,"OFF_PS1600",24,"798","","",0,"<=",1,"","<=",1,"P",0.0995141,***,"",
24,"Gross_Functional_EN_FCB_FAULTB_OFF","","EN_FCB_LOW_VOUT_LOW",30010,"",1,1,"VOUT4",24,"798","","",-0.001,"<=",0.00990677,"V","<=",1,"P",0.231374,***,"",
24,"Gross_Functional_EN_FCB_FAULTB_OFF","","EN_FCB_LOW_OFF_HIGH",30020,"",1,1,"OFF_PS1600",24,"798","","",1.6,"<=",1.80588,"V","<=",2.3,"P",0.231374,***,"",
24,"Gross_Functional_EN_FCB_FAULTB_OFF","","FCB_LOW_VOUT_LOW",30030,"",1,1,"VOUT4",24,"798","","",-0.001,"<=",0.00149155,"V","<=",0.5,"P",0.231374,***,"",
24,"Gross_Functional_EN_FCB_FAULTB_OFF","","FCB_LOW_OFF_HIGH",30040,"",1,1,"OFF_PS1600",24,"798","","",1.6,"<=",1.80645,"V","<=",2.3,"P",0.231374,***,"",
24,"Gross_Functional_EN_FCB_FAULTB_OFF","","EN_LOW_VOUT_LOW",30050,"",1,1,"VOUT4",24,"798","","",-0.001,"<=",0.00150871,"V","<=",0.5,"P",0.231374,***,"",
24,"Gross_Functional_EN_FCB_FAULTB_OFF","","EN_LOW_OFF_HIGH",30060,"",1,1,"OFF_PS1600",24,"798","","",1.6,"<=",1.80571,"V","<=",2.3,"P",0.231374,***,"",
24,"Gross_Functional_EN_FCB_FAULTB_OFF","","EN_FCB_HIGH_VOUT_HIGH",30070,"",1,1,"VOUT4",24,"798","","",4.85,"<=",5.00054,"V","<=",5.1,"P",0.231374,***,"",
24,"Gross_Functional_EN_FCB_FAULTB_OFF","","EN_FCB_HIGH_OFF_LOW",30080,"",1,1,"OFF_PS1600",24,"798","","",-0.001,"<=",0.000771185,"V","<=",0.5,"P",0.231374,***,"",
24,"Gross_Functional_EN_FCB_FAULTB_OFF","","FAULT_SET_VOUT_LOW",30090,"",1,1,"VOUT4",24,"798","","",-0.001,"<=",0,"V","<=",0.5,"P",0.231374,***,"",
24,"Gross_Functional_EN_FCB_FAULTB_OFF","","FAULT_SET_OFF_HIGH",30100,"",1,1,"OFF_PS1600",24,"798","","",1.6,"<=",1.85033,"V","<=",2.3,"P",0.231374,***,"",
24,"Gross_Functional_EN_FCB_FAULTB_OFF","","FAULT_RESET_VOUT_HIGH",30110,"",1,1,"VOUT4",24,"798","","",4.85,"<=",4.99988,"V","<=",5.1,"P",0.231374,***,"",
24,"Gross_Functional_EN_FCB_FAULTB_OFF","","FAULT_RESET_OFF_LOW",30120,"",1,1,"OFF_PS1600",24,"798","","",0,"<=",0.000771185,"V","<=",0.5,"P",0.231374,***,"",
24,"Output_disabled_leakage","","IVDDDIS_VDD_3_VIN_3",40010,"",1,1,"VDD",24,"798","","",10,"<=",103.238,"uA","<=",166.5,"P",0.10165,***,"",
24,"Output_disabled_leakage","","IVINDIS_VDD_3_VIN_3",40050,"",1,1,"VIN1",24,"798","","",10,"<=",67.018,"uA","<=",166.5,"P",0.10165,***,"",
24,"Output_disabled_leakage","","IOFF_VDD_3_VIN_3",40090,"",1,1,"VOUT4",24,"798","","",-14,"<=",-1.47181,"uA","<=",11,"P",0.10165,***,"",
24,"Output_disabled_leakage","","IVDDDIS_VDD_3_VIN_20",40020,"",1,1,"VDD",24,"798","","",10,"<=",107.242,"uA","<=",166.5,"P",0.10165,***,"",
24,"Output_disabled_leakage","","IVINDIS_VDD_3_VIN_20",40060,"",1,1,"VIN1",24,"798","","",10,"<=",89.7413,"uA","<=",166.5,"P",0.10165,***,"",
24,"Output_disabled_leakage","","IOFF_VDD_3_VIN_20",40100,"",1,1,"VOUT4",24,"798","","",-14,"<=",-1.68198,"uA","<=",11,"P",0.10165,***,"",
24,"Output_disabled_leakage","","IVINVDD0_VIN_3",40130,"",1,1,"VIN1",24,"798","","",10,"<=",66.1891,"uA","<=",166.5,"P",0.10165,***,"",
24,"Output_disabled_leakage","","IOFFVDD0_VIN_3",40150,"",1,1,"VOUT4",24,"798","","",-14,"<=",-1.21089,"uA","<=",11,"P",0.10165,***,"",
24,"Output_disabled_leakage","","IVDDDIS_VDD_20_VIN_3",40030,"",1,1,"VDD",24,"798","","",10,"<=",141.649,"uA","<=",166.5,"P",0.10165,***,"",
24,"Output_disabled_leakage","","IVINDIS_VDD_20_VIN_3",40070,"",1,1,"VIN1",24,"798","","",10,"<=",71.398,"uA","<=",166.5,"P",0.10165,***,"",
24,"Output_disabled_leakage","","IOFF_VDD_20_VIN_3",40110,"",1,1,"VOUT4",24,"798","","",-14,"<=",-1.53184,"uA","<=",11,"P",0.10165,***,"",
24,"Output_disabled_leakage","","IVDDDIS_VDD_20_VIN_20",40040,"",1,1,"VDD",24,"798","","",10,"<=",129.61,"uA","<=",166.5,"P",0.10165,***,"",
24,"Output_disabled_leakage","","IVINDIS_VDD_20_VIN_20",40080,"",1,1,"VIN1",24,"798","","",10,"<=",92.1097,"uA","<=",166.5,"P",0.10165,***,"",
24,"Output_disabled_leakage","","IOFF_VDD_20_VIN_20",40120,"",1,1,"VOUT4",24,"798","","",-14,"<=",-1.31968,"uA","<=",11,"P",0.10165,***,"",
24,"Output_disabled_leakage","","IVINVDD0_VIN_20",40140,"",1,1,"VIN1",24,"798","","",10,"<=",112.828,"uA","<=",166.5,"P",0.10165,***,"",
24,"Output_disabled_leakage","","IOFFVDD0_VIN_20",40160,"",1,1,"VOUT4",24,"798","","",-14,"<=",-2.13206,"uA","<=",11,"P",0.10165,***,"",
24,"EN_pullup_resistor","","EN0V_PULLUP_RES",50010,"",1,1,"EN0_PS1600",24,"798","","",155,"<=",199.972,"Kohm","<=",230,"P",0.0272827,***,"",
24,"EN_pullup_resistor","","EN1V_PULLUP_RES",50020,"",1,1,"EN0_PS1600",24,"798","","",155,"<=",200.667,"Kohm","<=",230,"P",0.0272827,***,"",
24,"EN_pullup_resistor","","EN0V_Current",50030,"",1,1,"EN0_PS1600",24,"798","","",-11,"<=",-9.00126,"uA","<=",-7,"P",0.0272827,***,"",
24,"EN_pullup_resistor","","EN1V_Current",50040,"",1,1,"EN0_PS1600",24,"798","","",-5.5,"<=",-3.98671,"uA","<=",-3,"P",0.0272827,***,"",
24,"Leakage_Test","","IOFF_REVERSE_VOUT_VIN_LEAKAGE_1mA",60030,"",1,1,"VIN",24,"798","","",-331,"<=",-264.915,"mV","<=",-205,"P",0.0588329,***,"",
24,"Leakage_Test","","IOFF_REVERSE_VOUT_VIN_LEAKAGE_10mA",60040,"",1,1,"VIN",24,"798","","",-340,"<=",-327.766,"mV","<=",-205,"P",0.0588329,***,"",
24,"Leakage_Test","","IOFF_REVERSE_VOUT_VIN_LEAKAGE_100mA",60050,"",1,1,"VIN",24,"798","","",-331,"<=",-206.772,"mV","<=",-205,"P",0.0588329,***,"",
24,"Nominal_Input_pin_Leakages","","LEAKAGE",70010,"",1,1,"EN0_PS1600",24,"798","","",10,"<=",24.2432,"uA","<=",40,"P",0.139807,***,"",
24,"Nominal_Input_pin_Leakages","","LEAKAGE",70060,"",1,1,"FAULTB_PS1600",24,"798","","",-0.2,"<=",0.00515388,"uA","<=",0.2,"P",0.139807,***,"",
24,"Nominal_Input_pin_Leakages","","LEAKAGE",70020,"",1,1,"FCB_PS1600",24,"798","","",-0.5,"<=",0.0616776,"uA","<=",0.5,"P",0.139807,***,"",
24,"Nominal_Input_pin_Leakages","","LEAKAGE",70040,"",1,1,"ISEN_PS1600",24,"798","","",24,"<=",26.6225,"uA","<=",50,"P",0.139807,***,"",
24,"Nominal_Input_pin_Leakages","","LEAKAGE",70030,"",1,1,"ITRIP_PS1600",24,"798","","",14,"<=",16.7284,"uA","<=",25,"P",0.139807,***,"",
24,"Nominal_Input_pin_Leakages","","LEAKAGE",70080,"",1,1,"OFF_PS1600",24,"798","","",-0.2,"<=",0.07472,"uA","<=",0.5,"P",0.139807,***,"",
24,"Nominal_Input_pin_Leakages","","LEAKAGE",70050,"",1,1,"SS_PS1600",24,"798","","",20,"<=",49.8307,"uA","<=",70,"P",0.139807,***,"",
24,"Nominal_Input_pin_Leakages","","LEAKAGE",70070,"",1,1,"VBIAS_PS1600",24,"798","","",5,"<=",28.2137,"uA","<=",40,"P",0.139807,***,"",
24,"Nominal_Input_pin_Leakages","","LEAKAGE_2V",70090,"",1,1,"OFF_PS1600",24,"798","","",-0.5,"<=",0.0936773,"uA","<=",0.5,"P",0.139807,***,"",
24,"Output_enabled_leakage","","IVDD_VDD_3_Vin_3",80001,"",1,1,"VDD",24,"798","","",10,"<=",95.6729,"uA","<=",130,"P",0.495899,***,"",
24,"Output_enabled_leakage","","IVIN_VDD_3_Vin_3",80005,"",1,1,"VIN1",24,"798","","",10,"<=",52.6523,"uA","<=",75,"P",0.495899,***,"",
24,"Output_enabled_leakage","","IVDD_VDD_3_Vin_20",80010,"",1,1,"VDD",24,"798","","",10,"<=",93.6249,"uA","<=",150,"P",0.495899,***,"",
24,"Output_enabled_leakage","","IVIN_VDD_3_Vin_20",80014,"",1,1,"VIN1",24,"798","","",10,"<=",80.9468,"uA","<=",120,"P",0.495899,***,"",
24,"Output_enabled_leakage","","IVDD_VDD_20_Vin_3",80011,"",1,1,"VDD",24,"798","","",10,"<=",114.853,"uA","<=",150,"P",0.495899,***,"",
24,"Output_enabled_leakage","","IVIN_VDD_20_Vin_3",80015,"",1,1,"VIN1",24,"798","","",10,"<=",52.0768,"uA","<=",75,"P",0.495899,***,"",
24,"Output_enabled_leakage","","IVDD_VDD_20_Vin_20",80012,"",1,1,"VDD",24,"798","","",10,"<=",118.997,"uA","<=",175,"P",0.495899,***,"",
24,"Output_enabled_leakage","","IVIN_VDD_20_Vin_20",80016,"",1,1,"VIN1",24,"798","","",10,"<=",79.4688,"uA","<=",120,"P",0.495899,***,"",
24,"SCAN","","Scan_test",330010,"_rdi_burst_SCAN_bk4_mp",1,1,"@",24,"798","","",***,"",***," ","",***,"P",0.0437546,***,"",
24,"Logic","","Logic_test",340010,"_rdi_burst_Logic_bk6_mp",1,1,"@",24,"798","","",***,"",***," ","",***,"P",0.279346,***,"",
24,"POST_EFUSE_RESISTANCE","","POST_BANKA_EFUSE_RESISTANCE_BLOWN_BIT47",590001,"",1,1,"ISEN_PS1600",24,"798","","",3500,"<=",70744,"ohms","<=",85000,"P",3.61603,***,"",
24,"POST_EFUSE_RESISTANCE","","POST_BANKA_EFUSE_RESISTANCE_BLOWN_BIT46",590002,"",1,1,"ISEN_PS1600",24,"798","","",3500,"<=",70744,"ohms","<=",85000,"P",3.6658,***,"",
24,"POST_EFUSE_RESISTANCE","","POST_BANKA_EFUSE_RESISTANCE_UNBLOWN_BIT45",490003,"",1,1,"ISEN_PS1600",24,"798","","",65,"<=",79.8,"ohms","<=",200,"P",3.72201,***,"",
24,"POST_EFUSE_RESISTANCE","","POST_BANKA_EFUSE_RESISTANCE_BLOWN_BIT44",590004,"",1,1,"ISEN_PS1600",24,"798","","",3500,"<=",70778,"ohms","<=",85000,"P",2.88429,***,"",
24,"POST_EFUSE_RESISTANCE","","POST_BANKA_EFUSE_RESISTANCE_BLOWN_BIT43",590005,"",1,1,"ISEN_PS1600",24,"798","","",3500,"<=",70778,"ohms","<=",85000,"P",2.88406,***,"",
24,"POST_EFUSE_RESISTANCE","","POST_BANKA_EFUSE_RESISTANCE_BLOWN_BIT42",590006,"",1,1,"ISEN_PS1600",24,"798","","",3500,"<=",70778.2,"ohms","<=",85000,"P",2.88801,***,"",
24,"POST_EFUSE_RESISTANCE","","POST_BANKA_EFUSE_RESISTANCE_BLOWN_BIT41",590007,"",1,1,"ISEN_PS1600",24,"798","","",3500,"<=",70744,"ohms","<=",85000,"P",2.88801,***,"",
24,"POST_EFUSE_RESISTANCE","","POST_BANKA_EFUSE_RESISTANCE_BLOWN_BIT40",590008,"",1,1,"ISEN_PS1600",24,"798","","",3500,"<=",70744,"ohms","<=",85000,"P",2.88392,***,"",
24,"POST_EFUSE_RESISTANCE","","POST_BANKA_EFUSE_RESISTANCE_BLOWN_BIT39",590009,"",1,1,"ISEN_PS1600",24,"798","","",3500,"<=",70766.6,"ohms","<=",85000,"P",2.88741,***,"",
24,"POST_EFUSE_RESISTANCE","","POST_BANKA_EFUSE_RESISTANCE_BLOWN_BIT38",590010,"",1,1,"ISEN_PS1600",24,"798","","",3500,"<=",70766.8,"ohms","<=",85000,"P",2.88625,***,"",
24,"POST_EFUSE_RESISTANCE","","POST_BANKA_EFUSE_RESISTANCE_BLOWN_BIT37",590011,"",1,1,"ISEN_PS1600",24,"798","","",3500,"<=",70778,"ohms","<=",85000,"P",2.88604,***,"",
24,"POST_EFUSE_RESISTANCE","","POST_BANKA_EFUSE_RESISTANCE_BLOWN_BIT36",590012,"",1,1,"ISEN_PS1600",24,"798","","",3500,"<=",70755.2,"ohms","<=",85000,"P",2.88426,***,"",
24,"POST_EFUSE_RESISTANCE","","POST_BANKA_EFUSE_RESISTANCE_UNBLOWN_BIT35",490013,"",1,1,"ISEN_PS1600",24,"798","","",65,"<=",68.4,"ohms","<=",200,"P",2.88426,***,"",
24,"POST_EFUSE_RESISTANCE","","POST_BANKA_EFUSE_RESISTANCE_UNBLOWN_BIT34",490014,"",1,1,"ISEN_PS1600",24,"798","","",65,"<=",102.6,"ohms","<=",200,"P",2.88426,***,"",
24,"POST_EFUSE_RESISTANCE","","POST_BANKA_EFUSE_RESISTANCE_UNBLOWN_BIT33",490015,"",1,1,"ISEN_PS1600",24,"798","","",65,"<=",91.2,"ohms","<=",200,"P",2.88443,***,"",
24,"POST_EFUSE_RESISTANCE","","POST_BANKA_EFUSE_RESISTANCE_UNBLOWN_BIT32",490016,"",1,1,"ISEN_PS1600",24,"798","","",65,"<=",79.8,"ohms","<=",200,"P",2.88546,***,"",
24,"POST_EFUSE_RESISTANCE","","POST_BANKA_EFUSE_RESISTANCE_BLOWN_BIT31",590017,"",1,1,"ISEN_PS1600",24,"798","","",3500,"<=",70755.4,"ohms","<=",85000,"P",2.88666,***,"",
24,"POST_EFUSE_RESISTANCE","","POST_BANKA_EFUSE_RESISTANCE_UNBLOWN_BIT30",490018,"",1,1,"ISEN_PS1600",24,"798","","",65,"<=",79.8,"ohms","<=",200,"P",2.88839,***,"",
24,"POST_EFUSE_RESISTANCE","","POST_BANKA_EFUSE_RESISTANCE_UNBLOWN_BIT29",490019,"",1,1,"ISEN_PS1600",24,"798","","",65,"<=",102.6,"ohms","<=",200,"P",2.88631,***,"",
24,"POST_EFUSE_RESISTANCE","","POST_BANKA_EFUSE_RESISTANCE_UNBLOWN_BIT28",490020,"",1,1,"ISEN_PS1600",24,"798","","",65,"<=",91.2,"ohms","<=",200,"P",2.88735,***,"",
24,"POST_EFUSE_RESISTANCE","","POST_BANKA_EFUSE_RESISTANCE_BLOWN_BIT27",590021,"",1,1,"ISEN_PS1600",24,"798","","",3500,"<=",70755.4,"ohms","<=",85000,"P",2.88735,***,"",
24,"POST_EFUSE_RESISTANCE","","POST_BANKA_EFUSE_RESISTANCE_UNBLOWN_BIT26",490022,"",1,1,"ISEN_PS1600",24,"798","","",65,"<=",79.8,"ohms","<=",200,"P",2.88209,***,"",
24,"POST_EFUSE_RESISTANCE","","POST_BANKA_EFUSE_RESISTANCE_BLOWN_BIT25",590023,"",1,1,"ISEN_PS1600",24,"798","","",3500,"<=",67670.6,"ohms","<=",85000,"P",2.88209,***,"",
24,"POST_EFUSE_RESISTANCE","","POST_BANKA_EFUSE_RESISTANCE_UNBLOWN_BIT24",490024,"",1,1,"ISEN_PS1600",24,"798","","",65,"<=",102.6,"ohms","<=",200,"P",2.89144,***,"",
24,"POST_EFUSE_RESISTANCE","","POST_BANKA_EFUSE_RESISTANCE_UNBLOWN_BIT23",490025,"",1,1,"ISEN_PS1600",24,"798","","",65,"<=",68.4,"ohms","<=",200,"P",2.88735,***,"",
24,"POST_EFUSE_RESISTANCE","","POST_BANKA_EFUSE_RESISTANCE_UNBLOWN_BIT22",490026,"",1,1,"ISEN_PS1600",24,"798","","",65,"<=",68.4,"ohms","<=",200,"P",2.88564,***,"",
24,"POST_EFUSE_RESISTANCE","","POST_BANKA_EFUSE_RESISTANCE_UNBLOWN_BIT21",490027,"",1,1,"ISEN_PS1600",24,"798","","",65,"<=",68.4,"ohms","<=",200,"P",2.88425,***,"",
24,"POST_EFUSE_RESISTANCE","","POST_BANKA_EFUSE_RESISTANCE_UNBLOWN_BIT20",490028,"",1,1,"ISEN_PS1600",24,"798","","",65,"<=",91.2,"ohms","<=",200,"P",2.88425,***,"",
24,"POST_EFUSE_RESISTANCE","","POST_BANKA_EFUSE_RESISTANCE_UNBLOWN_BIT19",490029,"",1,1,"ISEN_PS1600",24,"798","","",65,"<=",102.6,"ohms","<=",200,"P",2.88425,***,"",
24,"POST_EFUSE_RESISTANCE","","POST_BANKA_EFUSE_RESISTANCE_UNBLOWN_BIT18",490030,"",1,1,"ISEN_PS1600",24,"798","","",65,"<=",91.2,"ohms","<=",200,"P",2.88482,***,"",
24,"POST_EFUSE_RESISTANCE","","POST_BANKA_EFUSE_RESISTANCE_BLOWN_BIT17",590031,"",1,1,"ISEN_PS1600",24,"798","","",3500,"<=",70766.8,"ohms","<=",85000,"P",2.88508,***,"",
24,"POST_EFUSE_RESISTANCE","","POST_BANKA_EFUSE_RESISTANCE_BLOWN_BIT16",590032,"",1,1,"ISEN_PS1600",24,"798","","",3500,"<=",70755.4,"ohms","<=",85000,"P",2.88508,***,"",
24,"POST_EFUSE_RESISTANCE","","POST_BANKA_EFUSE_RESISTANCE_BLOWN_BIT15",590033,"",1,1,"ISEN_PS1600",24,"798","","",3500,"<=",69116.2,"ohms","<=",85000,"P",2.89058,***,"",
24,"POST_EFUSE_RESISTANCE","","POST_BANKA_EFUSE_RESISTANCE_BLOWN_BIT14",590034,"",1,1,"ISEN_PS1600",24,"798","","",3500,"<=",70789.6,"ohms","<=",85000,"P",2.88595,***,"",
24,"POST_EFUSE_RESISTANCE","","POST_BANKA_EFUSE_RESISTANCE_UNBLOWN_BIT13",490035,"",1,1,"ISEN_PS1600",24,"798","","",65,"<=",79.8,"ohms","<=",200,"P",2.88683,***,"",
24,"POST_EFUSE_RESISTANCE","","POST_BANKA_EFUSE_RESISTANCE_BLOWN_BIT12",590036,"",1,1,"ISEN_PS1600",24,"798","","",3500,"<=",70755.4,"ohms","<=",85000,"P",2.88435,***,"",
24,"POST_EFUSE_RESISTANCE","","POST_BANKA_EFUSE_RESISTANCE_UNBLOWN_BIT11",490037,"",1,1,"ISEN_PS1600",24,"798","","",65,"<=",91.2,"ohms","<=",200,"P",2.88537,***,"",
24,"POST_EFUSE_RESISTANCE","","POST_BANKA_EFUSE_RESISTANCE_UNBLOWN_BIT10",490038,"",1,1,"ISEN_PS1600",24,"798","","",65,"<=",91.2,"ohms","<=",200,"P",2.88156,***,"",
24,"POST_EFUSE_RESISTANCE","","POST_BANKA_EFUSE_RESISTANCE_BLOWN_BIT9",590039,"",1,1,"ISEN_PS1600",24,"798","","",3500,"<=",70789.6,"ohms","<=",85000,"P",2.88156,***,"",
24,"POST_EFUSE_RESISTANCE","","POST_BANKA_EFUSE_RESISTANCE_BLOWN_BIT8",590040,"",1,1,"ISEN_PS1600",24,"798","","",3500,"<=",70743.8,"ohms","<=",85000,"P",2.88156,***,"",
24,"POST_EFUSE_RESISTANCE","","POST_BANKA_EFUSE_RESISTANCE_BLOWN_BIT7",590041,"",1,1,"ISEN_PS1600",24,"798","","",3500,"<=",70755.4,"ohms","<=",85000,"P",2.8817,***,"",
24,"POST_EFUSE_RESISTANCE","","POST_BANKA_EFUSE_RESISTANCE_UNBLOWN_BIT6",490042,"",1,1,"ISEN_PS1600",24,"798","","",65,"<=",91.2,"ohms","<=",200,"P",2.88326,***,"",
24,"POST_EFUSE_RESISTANCE","","POST_BANKA_EFUSE_RESISTANCE_BLOWN_BIT5",590043,"",1,1,"ISEN_PS1600",24,"798","","",3500,"<=",70801,"ohms","<=",85000,"P",2.88326,***,"",
24,"POST_EFUSE_RESISTANCE","","POST_BANKA_EFUSE_RESISTANCE_UNBLOWN_BIT4",490044,"",1,1,"ISEN_PS1600",24,"798","","",65,"<=",91.2,"ohms","<=",200,"P",2.88326,***,"",
24,"POST_EFUSE_RESISTANCE","","POST_BANKA_EFUSE_RESISTANCE_UNBLOWN_BIT3",490045,"",1,1,"ISEN_PS1600",24,"798","","",65,"<=",68.4,"ohms","<=",200,"P",2.88326,***,"",
24,"POST_EFUSE_RESISTANCE","","POST_BANKA_EFUSE_RESISTANCE_UNBLOWN_BIT2",490046,"",1,1,"ISEN_PS1600",24,"798","","",65,"<=",79.8,"ohms","<=",200,"P",2.88326,***,"",
24,"POST_EFUSE_RESISTANCE","","POST_BANKA_EFUSE_RESISTANCE_UNBLOWN_BIT1",490047,"",1,1,"ISEN_PS1600",24,"798","","",65,"<=",113.8,"ohms","<=",200,"P",2.88273,***,"",
24,"POST_EFUSE_RESISTANCE","","POST_BANKA_EFUSE_RESISTANCE_UNBLOWN_BIT0",490048,"",1,1,"ISEN_PS1600",24,"798","","",65,"<=",102.6,"ohms","<=",200,"P",2.88421,***,"",
24,"POST_EFUSE_RESISTANCE","","POST_BANKB_EFUSE_RESISTANCE_BLOWN_BIT47",590049,"",1,1,"ISEN_PS1600",24,"798","","",3500,"<=",70755.4,"ohms","<=",85000,"P",2.88421,***,"",
24,"POST_EFUSE_RESISTANCE","","POST_BANKB_EFUSE_RESISTANCE_BLOWN_BIT46",590050,"",1,1,"ISEN_PS1600",24,"798","","",3500,"<=",70766.8,"ohms","<=",85000,"P",2.88421,***,"",
24,"POST_EFUSE_RESISTANCE","","POST_BANKB_EFUSE_RESISTANCE_UNBLOWN_BIT45",490051,"",1,1,"ISEN_PS1600",24,"798","","",65,"<=",102.6,"ohms","<=",200,"P",2.88535,***,"",
24,"POST_EFUSE_RESISTANCE","","POST_BANKB_EFUSE_RESISTANCE_BLOWN_BIT44",590052,"",1,1,"ISEN_PS1600",24,"798","","",3500,"<=",70789.6,"ohms","<=",85000,"P",2.87876,***,"",
24,"POST_EFUSE_RESISTANCE","","POST_BANKB_EFUSE_RESISTANCE_BLOWN_BIT43",590053,"",1,1,"ISEN_PS1600",24,"798","","",3500,"<=",70755.4,"ohms","<=",85000,"P",2.88114,***,"",
24,"POST_EFUSE_RESISTANCE","","POST_BANKB_EFUSE_RESISTANCE_BLOWN_BIT42",590054,"",1,1,"ISEN_PS1600",24,"798","","",3500,"<=",70755.4,"ohms","<=",85000,"P",2.88855,***,"",
24,"POST_EFUSE_RESISTANCE","","POST_BANKB_EFUSE_RESISTANCE_BLOWN_BIT41",590055,"",1,1,"ISEN_PS1600",24,"798","","",3500,"<=",70800.8,"ohms","<=",85000,"P",2.88855,***,"",
24,"POST_EFUSE_RESISTANCE","","POST_BANKB_EFUSE_RESISTANCE_BLOWN_BIT40",590056,"",1,1,"ISEN_PS1600",24,"798","","",3500,"<=",70766.8,"ohms","<=",85000,"P",2.88191,***,"",
24,"POST_EFUSE_RESISTANCE","","POST_BANKB_EFUSE_RESISTANCE_BLOWN_BIT39",590057,"",1,1,"ISEN_PS1600",24,"798","","",3500,"<=",70778.2,"ohms","<=",85000,"P",2.8857,***,"",
24,"POST_EFUSE_RESISTANCE","","POST_BANKB_EFUSE_RESISTANCE_BLOWN_BIT38",590058,"",1,1,"ISEN_PS1600",24,"798","","",3500,"<=",70766.8,"ohms","<=",85000,"P",2.88848,***,"",
24,"POST_EFUSE_RESISTANCE","","POST_BANKB_EFUSE_RESISTANCE_BLOWN_BIT37",590059,"",1,1,"ISEN_PS1600",24,"798","","",3500,"<=",70778,"ohms","<=",85000,"P",2.88421,***,"",
24,"POST_EFUSE_RESISTANCE","","POST_BANKB_EFUSE_RESISTANCE_BLOWN_BIT36",590060,"",1,1,"ISEN_PS1600",24,"798","","",3500,"<=",70789.4,"ohms","<=",85000,"P",2.88421,***,"",
24,"POST_EFUSE_RESISTANCE","","POST_BANKB_EFUSE_RESISTANCE_UNBLOWN_BIT35",490061,"",1,1,"ISEN_PS1600",24,"798","","",65,"<=",91.2,"ohms","<=",200,"P",2.88421,***,"",
24,"POST_EFUSE_RESISTANCE","","POST_BANKB_EFUSE_RESISTANCE_UNBLOWN_BIT34",490062,"",1,1,"ISEN_PS1600",24,"798","","",65,"<=",91.2,"ohms","<=",200,"P",2.88285,***,"",
24,"POST_EFUSE_RESISTANCE","","POST_BANKB_EFUSE_RESISTANCE_UNBLOWN_BIT33",490063,"",1,1,"ISEN_PS1600",24,"798","","",65,"<=",68.4,"ohms","<=",200,"P",2.88285,***,"",
24,"POST_EFUSE_RESISTANCE","","POST_BANKB_EFUSE_RESISTANCE_UNBLOWN_BIT32",490064,"",1,1,"ISEN_PS1600",24,"798","","",65,"<=",68.4,"ohms","<=",200,"P",2.88418,***,"",
24,"POST_EFUSE_RESISTANCE","","POST_BANKB_EFUSE_RESISTANCE_BLOWN_BIT31",590065,"",1,1,"ISEN_PS1600",24,"798","","",3500,"<=",70789.6,"ohms","<=",85000,"P",2.88418,***,"",
24,"POST_EFUSE_RESISTANCE","","POST_BANKB_EFUSE_RESISTANCE_UNBLOWN_BIT30",490066,"",1,1,"ISEN_PS1600",24,"798","","",65,"<=",102.6,"ohms","<=",200,"P",2.88001,***,"",
24,"POST_EFUSE_RESISTANCE","","POST_BANKB_EFUSE_RESISTANCE_UNBLOWN_BIT29",490067,"",1,1,"ISEN_PS1600",24,"798","","",65,"<=",68.4,"ohms","<=",200,"P",2.88796,***,"",
24,"POST_EFUSE_RESISTANCE","","POST_BANKB_EFUSE_RESISTANCE_UNBLOWN_BIT28",490068,"",1,1,"ISEN_PS1600",24,"798","","",65,"<=",68.4,"ohms","<=",200,"P",2.88607,***,"",
24,"POST_EFUSE_RESISTANCE","","POST_BANKB_EFUSE_RESISTANCE_BLOWN_BIT27",590069,"",1,1,"ISEN_PS1600",24,"798","","",3500,"<=",70789.4,"ohms","<=",85000,"P",2.88607,***,"",
24,"POST_EFUSE_RESISTANCE","","POST_BANKB_EFUSE_RESISTANCE_UNBLOWN_BIT26",490070,"",1,1,"ISEN_PS1600",24,"798","","",65,"<=",91.2,"ohms","<=",200,"P",2.88114,***,"",
24,"POST_EFUSE_RESISTANCE","","POST_BANKB_EFUSE_RESISTANCE_BLOWN_BIT25",590071,"",1,1,"ISEN_PS1600",24,"798","","",3500,"<=",70789.4,"ohms","<=",85000,"P",2.88114,***,"",
24,"POST_EFUSE_RESISTANCE","","POST_BANKB_EFUSE_RESISTANCE_UNBLOWN_BIT24",490072,"",1,1,"ISEN_PS1600",24,"798","","",65,"<=",68.4,"ohms","<=",200,"P",2.9082,***,"",
24,"POST_EFUSE_RESISTANCE","","POST_BANKB_EFUSE_RESISTANCE_UNBLOWN_BIT23",490073,"",1,1,"ISEN_PS1600",24,"798","","",65,"<=",68.4,"ohms","<=",200,"P",2.88607,***,"",
24,"POST_EFUSE_RESISTANCE","","POST_BANKB_EFUSE_RESISTANCE_UNBLOWN_BIT22",490074,"",1,1,"ISEN_PS1600",24,"798","","",65,"<=",79.8,"ohms","<=",200,"P",2.88607,***,"",
24,"POST_EFUSE_RESISTANCE","","POST_BANKB_EFUSE_RESISTANCE_UNBLOWN_BIT21",490075,"",1,1,"ISEN_PS1600",24,"798","","",65,"<=",102.6,"ohms","<=",200,"P",2.88607,***,"",
24,"POST_EFUSE_RESISTANCE","","POST_BANKB_EFUSE_RESISTANCE_UNBLOWN_BIT20",490076,"",1,1,"ISEN_PS1600",24,"798","","",65,"<=",91.2,"ohms","<=",200,"P",2.89175,***,"",
24,"POST_EFUSE_RESISTANCE","","POST_BANKB_EFUSE_RESISTANCE_UNBLOWN_BIT19",490077,"",1,1,"ISEN_PS1600",24,"798","","",65,"<=",68.4,"ohms","<=",200,"P",2.89175,***,"",
24,"POST_EFUSE_RESISTANCE","","POST_BANKB_EFUSE_RESISTANCE_UNBLOWN_BIT18",490078,"",1,1,"ISEN_PS1600",24,"798","","",65,"<=",68.4,"ohms","<=",200,"P",2.89175,***,"",
24,"POST_EFUSE_RESISTANCE","","POST_BANKB_EFUSE_RESISTANCE_BLOWN_BIT17",590079,"",1,1,"ISEN_PS1600",24,"798","","",3500,"<=",70800.8,"ohms","<=",85000,"P",2.89175,***,"",
24,"POST_EFUSE_RESISTANCE","","POST_BANKB_EFUSE_RESISTANCE_BLOWN_BIT16",590080,"",1,1,"ISEN_PS1600",24,"798","","",3500,"<=",70800.8,"ohms","<=",85000,"P",2.89175,***,"",
24,"POST_EFUSE_RESISTANCE","","POST_BANKB_EFUSE_RESISTANCE_BLOWN_BIT15",590081,"",1,1,"ISEN_PS1600",24,"798","","",3500,"<=",70778,"ohms","<=",85000,"P",2.90453,***,"",
24,"POST_EFUSE_RESISTANCE","","POST_BANKB_EFUSE_RESISTANCE_BLOWN_BIT14",590082,"",1,1,"ISEN_PS1600",24,"798","","",3500,"<=",70766.8,"ohms","<=",85000,"P",2.89175,***,"",
24,"POST_EFUSE_RESISTANCE","","POST_BANKB_EFUSE_RESISTANCE_UNBLOWN_BIT13",490083,"",1,1,"ISEN_PS1600",24,"798","","",65,"<=",68.4,"ohms","<=",200,"P",2.89175,***,"",
24,"POST_EFUSE_RESISTANCE","","POST_BANKB_EFUSE_RESISTANCE_BLOWN_BIT12",590084,"",1,1,"ISEN_PS1600",24,"798","","",3500,"<=",70800.8,"ohms","<=",85000,"P",2.89175,***,"",
24,"POST_EFUSE_RESISTANCE","","POST_BANKB_EFUSE_RESISTANCE_UNBLOWN_BIT11",490085,"",1,1,"ISEN_PS1600",24,"798","","",65,"<=",91.2,"ohms","<=",200,"P",2.9082,***,"",
24,"POST_EFUSE_RESISTANCE","","POST_BANKB_EFUSE_RESISTANCE_UNBLOWN_BIT10",490086,"",1,1,"ISEN_PS1600",24,"798","","",65,"<=",79.8,"ohms","<=",200,"P",2.89175,***,"",
24,"POST_EFUSE_RESISTANCE","","POST_BANKB_EFUSE_RESISTANCE_BLOWN_BIT9",590087,"",1,1,"ISEN_PS1600",24,"798","","",3500,"<=",70755.4,"ohms","<=",85000,"P",2.88719,***,"",
24,"POST_EFUSE_RESISTANCE","","POST_BANKB_EFUSE_RESISTANCE_BLOWN_BIT8",590088,"",1,1,"ISEN_PS1600",24,"798","","",3500,"<=",70766.6,"ohms","<=",85000,"P",2.88719,***,"",
24,"POST_EFUSE_RESISTANCE","","POST_BANKB_EFUSE_RESISTANCE_BLOWN_BIT7",590089,"",1,1,"ISEN_PS1600",24,"798","","",3500,"<=",70789.4,"ohms","<=",85000,"P",2.88719,***,"",
24,"POST_EFUSE_RESISTANCE","","POST_BANKB_EFUSE_RESISTANCE_UNBLOWN_BIT6",490090,"",1,1,"ISEN_PS1600",24,"798","","",65,"<=",91.2,"ohms","<=",200,"P",2.88719,***,"",
24,"POST_EFUSE_RESISTANCE","","POST_BANKB_EFUSE_RESISTANCE_BLOWN_BIT5",590091,"",1,1,"ISEN_PS1600",24,"798","","",3500,"<=",70778,"ohms","<=",85000,"P",2.88719,***,"",
24,"POST_EFUSE_RESISTANCE","","POST_BANKB_EFUSE_RESISTANCE_UNBLOWN_BIT4",490092,"",1,1,"ISEN_PS1600",24,"798","","",65,"<=",68.4,"ohms","<=",200,"P",2.88719,***,"",
24,"POST_EFUSE_RESISTANCE","","POST_BANKB_EFUSE_RESISTANCE_UNBLOWN_BIT3",490093,"",1,1,"ISEN_PS1600",24,"798","","",65,"<=",91.2,"ohms","<=",200,"P",2.88719,***,"",
24,"POST_EFUSE_RESISTANCE","","POST_BANKB_EFUSE_RESISTANCE_UNBLOWN_BIT2",490094,"",1,1,"ISEN_PS1600",24,"798","","",65,"<=",91.2,"ohms","<=",200,"P",2.88719,***,"",
24,"POST_EFUSE_RESISTANCE","","POST_BANKB_EFUSE_RESISTANCE_UNBLOWN_BIT1",490095,"",1,1,"ISEN_PS1600",24,"798","","",65,"<=",102.4,"ohms","<=",200,"P",2.88719,***,"",
24,"POST_EFUSE_RESISTANCE","","POST_BANKB_EFUSE_RESISTANCE_UNBLOWN_BIT0",490096,"",1,1,"ISEN_PS1600",24,"798","","",65,"<=",91.2,"ohms","<=",200,"P",2.88719,***,"",
24,"Post_Vbias_Test","","GENERAL TEST",510001,"",1,1,"VBIAS_PS1600",24,"798","","",1.75,"<=",1.80588,"V","<=",1.85,"P",0.0368305,***,"",
24,"Post_SS_Test","","ISS_0p4V",500010,"",1,1,"SS_PS1600",24,"798","","",-10.7,"<=",-10.203,"uA","<=",-9.3,"P",0.331148,***,"",
24,"Post_SS_Test","","SS_gain_0p4V",500020,"",1,1,"SS_PS1600",24,"798","","",9.35,"<=",9.80963,"A/V","<=",10.65,"P",0.331148,***,"",
24,"Post_SS_Test","","Vin_vout_Current",500030,"",1,1,"SS_PS1600",24,"798","","",3.5,"<=",3.92385,"A","<=",4.5,"P",0.331148,***,"",
24,"Post_SS_Gain_Test","","POST_CURRENT_SS_0P1V",820010,"",1,1,"SS_PS1600",24,"798","","",350,"<=",925.529,"mA","<=",1100,"P",0.228494,***,"",
24,"Post_SS_Gain_Test","","POST_CURRENT_SS_0P2V",820020,"",1,1,"SS_PS1600",24,"798","","",1800,"<=",1905.07,"mA","<=",2200,"P",0.228494,***,"",
24,"Post_SS_Gain_Test","","POST_CURRENT_SS_Delta",820030,"",1,1,"SS_PS1600",24,"798","","",920,"<=",979.545,"mA","<=",1080,"P",0.228494,***,"",
24,"Post_ILIM_Test","","ITRIP_10p_Current",810010,"",1,1,"ITRIP_PS1600",24,"798","","",-11,"<=",-9.786,"uA","<=",-9,"P",5.98073,***,"",
24,"Post_ILIM_Test","","ITRIP_10p_Voltage",810020,"",1,1,"ITRIP_PS1600",24,"798","","",0.9,"<=",1.01,"V","<=",1.2,"P",5.98073,***,"",
24,"Post_ILIM_Test","","ITRIP_20p_Current",810060,"",1,1,"VOUT1",24,"798","","",-22,"<=",-20.121,"uA","<=",-18,"P",5.98073,***,"",
24,"Post_ILIM_Test","","ITRIP_20p_Voltage",810070,"",1,1,"VOUT1",24,"798","","",0.9,"<=",1.01,"V","<=",1.2,"P",5.98073,***,"",
24,"Post_ILIM_Test","","Vin_vout_Current_10P",810160,"",1,1,"VOUT1",24,"798","","",0,"<=",0.799989,"A","<=",0.9,"P",5.98073,***,"",
24,"Post_ILIM_Test","","Vin_vout_Current_20P",810150,"",1,1,"VOUT1",24,"798","","",0,"<=",1.59991,"A","<=",1.7,"P",5.98073,***,"",
24,"Post_ILIM_Test","","gain_20V_10p",810050,"",1,1,"ITRIP_PS1600",24,"798","","",70000,"<=",81748.3,"GAIN","<=",85000,"P",5.98073,***,"",
24,"Post_ILIM_Test","","gain_20V_20p",810100,"",1,1,"ITRIP_PS1600",24,"798","","",75000,"<=",79514.6,"GAIN","<=",85000,"P",5.98073,***,"",
24,"Post_ISENSE_Gain","","POST_SNS_GAIN_20PIMAX_CODE",820040,"",1,1,"ISEN_DPS128",24,"798","","",-210,"<=",-199.827,"uA","<=",-190,"P",0.079499,***,"",
24,"Post_ISENSE_Gain","","gain",820050,"",1,1,"ISEN_DPS128",24,"798","","",7700,"<=",8006.5,"GAIN","<=",8300,"P",0.079499,***,"",
24,"Post_ISENSE_Gain","","Forced Current",820060,"",1,1,"VOUT1",24,"798","","",1.55,"<=",1.59992,"A","<=",1.61,"P",0.079499,***,"",
24,"ILIM_Slowtrip","","ITRIP_VOLTAGE_ILIM_TM_011",830010,"",1,1,"ITRIP_PS1600",24,"798","","",0.95,"<=",1.12274,"V","<=",1.15,"P",0.322787,***,"",
24,"ILIM_Slowtrip","","ITRIP_VOLTAGE_ILIM_TM_111",830020,"",1,1,"ITRIP_PS1600",24,"798","","",0.95,"<=",1.12575,"V","<=",1.15,"P",0.322787,***,"",
24,"TISLOW","","TISLOW",840010,"",1,1,"ITRIP_PS1600",24,"798","","",11.1,"<=",12.4,"mS","<=",12.7,"P",0.176881,***,"",
24,"IO_TEST","","OFF_VOLTAGE_LOW_EN_0V_IO_TM_1",460010,"",1,1,"OFF_PS1600",24,"798","","",0,"<=",0.000942,"V","<=",0.2,"P",1.1809,***,"",
24,"IO_TEST","","OFF_VOLTAGE_HIGH_EN_1P8V_IO_TM_1",460020,"",1,1,"OFF_PS1600",24,"798","","",1.75,"<=",1.80349,"V","<=",1.85,"P",1.1809,***,"",
24,"IO_TEST","","OFF_VOLTAGE_LOW_VIN_1P5V_IO_TM_1",460030,"",1,1,"OFF_PS1600",24,"798","","",0,"<=",0.000885018,"V","<=",0.2,"P",1.1809,***,"",
24,"IO_TEST","","OFF_VOLTAGE_HIGH_VIN_5V_IO_TM_1",460040,"",1,1,"OFF_PS1600",24,"798","","",1.75,"<=",1.80411,"V","<=",1.85,"P",1.1809,***,"",
24,"IO_TEST","","OFF_VOLTAGE_LOW_EN_0V_IO_TM_2",460070,"",1,1,"OFF_PS1600",24,"798","","",0,"<=",0.000828,"V","<=",0.2,"P",1.1809,***,"",
24,"IO_TEST","","OFF_VOLTAGE_HIGH_EN_1P8V_IO_TM_2",460080,"",1,1,"OFF_PS1600",24,"798","","",1.75,"<=",1.80383,"V","<=",1.85,"P",1.1809,***,"",
24,"IO_TEST","","OFF_VOLTAGE_LOW_VIN_1P5V_IO_TM_2",460090,"",1,1,"OFF_PS1600",24,"798","","",0,"<=",0.000771185,"V","<=",0.2,"P",1.1809,***,"",
24,"IO_TEST","","OFF_VOLTAGE_HIGH_VIN_5V_IO_TM_2",460100,"",1,1,"OFF_PS1600",24,"798","","",1.75,"<=",1.80468,"V","<=",1.85,"P",1.1809,***,"",
24,"IO_TEST","","OFF_VOLTAGE_LOW_FCB_0V_IO_TM_3",460050,"",1,1,"OFF_PS1600",24,"798","","",0,"<=",0.000771,"V","<=",0.2,"P",1.1809,***,"",
24,"IO_TEST","","OFF_VOLTAGE_HIGH_FCB_1P8V_IO_TM_3",460060,"",1,1,"OFF_PS1600",24,"798","","",1.75,"<=",1.80417,"V","<=",1.85,"P",1.1809,***,"",
24,"IO_TEST","","OFF_VOLTAGE_LOW_FCB_0V_IO_TM_4",460110,"",1,1,"OFF_PS1600",24,"798","","",0,"<=",0.000885,"V","<=",0.2,"P",1.1809,***,"",
24,"IO_TEST","","OFF_VOLTAGE_HIGH_FCB_1P8V_IO_TM_4",460120,"",1,1,"OFF_PS1600",24,"798","","",1.75,"<=",1.8044,"V","<=",1.85,"P",1.1809,***,"",
24,"SS_Threshold_Test","","VSS_T",210010,"",1,1,"SS_DPS128",24,"798","","",0.96,"<=",1.04,"V","<=",1.095,"P",0.523683,***,"",
24,"UVLO_Threshold","","UVLO_RISING_VDD",350010,"",1,1,"VDD",24,"798","","",2.2,"<=",2.58617,"V","<=",2.9,"P",6.94559,***,"",
24,"UVLO_Threshold","","UVLO_FALLING_VDD",350020,"",1,1,"VDD",24,"798","","",2.2,"<=",2.38277,"V","<=",2.8,"P",6.94559,***,"",
24,"UVLO_Threshold","","UVLO_HYSTERISIS",350030,"",1,1,"VDD",24,"798","","",0.12,"<=",0.203407,"V","<=",0.5,"P",6.94559,***,"",
24,"UVLO_Threshold","","UVLO_RISING_VIN",350040,"",1,1,"VIN1",24,"798","","",2.5,"<=",2.60942,"V","<=",2.88,"P",6.94559,***,"",
24,"UVLO_Threshold","","UVLO_FALLING_VIN",350050,"",1,1,"VIN1",24,"798","","",2.35,"<=",2.44669,"V","<=",2.7,"P",6.94559,***,"",
24,"UVLO_Threshold","","UVLO_HYSTERISIS_VIN",350060,"",1,1,"VIN1",24,"798","","",0.07,"<=",0.162725,"V","<=",0.3,"P",6.94559,***,"",
24,"EN_Rise_Fall_Hysteresis","","EN_RISING_VDD",360010,"",1,1,"EN",24,"798","","",0.65,"<=",0.721443,"V","<=",0.8,"P",0.894913,***,"",
24,"EN_Rise_Fall_Hysteresis","","EN_FALLING_VDD",360020,"",1,1,"EN",24,"798","","",0.6,"<=",0.679359,"V","<=",0.75,"P",0.894913,***,"",
24,"EN_Rise_Fall_Hysteresis","","EN_HYSTERISIS",360030,"",1,1,"EN",24,"798","","",0.025,"<=",0.0420842,"V","<=",0.06,"P",0.894913,***,"",
24,"FCB_Rise_Fall_Hysteresis","","FCB_RISING_VDD",370010,"",1,1,"FCB_PS1600",24,"798","","",0.65,"<=",0.714765,"V","<=",0.8,"P",0.744246,***,"",
24,"FCB_Rise_Fall_Hysteresis","","FCB_FALLING_VDD",370020,"",1,1,"FCB_PS1600",24,"798","","",0.6,"<=",0.674497,"V","<=",0.75,"P",0.744246,***,"",
24,"FCB_Rise_Fall_Hysteresis","","FCB_HYSTERISIS",370030,"",1,1,"FCB_PS1600",24,"798","","",0.025,"<=",0.0402685,"V","<=",0.06,"P",0.744246,***,"",
24,"Output_characteristics_functional","","FAULTB_VOL_100UA",380010,"",1,1,"FAULTB_PS1600",24,"798","","",0,"<=",2.194,"mV","<=",5,"P",0.370305,***,"",
24,"Output_characteristics_functional","","FAULTB_VOL_2MA",380020,"",1,1,"FAULTB_PS1600",24,"798","","",0,"<=",26.213,"mV","<=",35,"P",0.370305,***,"",
24,"Output_characteristics_functional","","OFF_VOH_100UA",380030,"",1,1,"OFF_PS1600",24,"798","","",1.75,"<=",1.79762,"V","<=",1.85,"P",0.370305,***,"",
24,"Output_characteristics_functional","","OFF_VOL_100UA",380040,"",1,1,"OFF_PS1600",24,"798","","",0,"<=",5.438,"mV","<=",6,"P",0.370305,***,"",
24,"Output_characteristics_functional","","OFF_VOL_2MA",380050,"",1,1,"OFF_PS1600",24,"798","","",20,"<=",80.17,"mV","<=",100,"P",0.370305,***,"",
24,"OVST","","GATE_DRIVE_MAIN_FET_PRE",1300010,"",1,1,"OFF_PS1600",24,"798","","",1.65,"<=",1.80993,"V","<=",1.85,"P",0.5302,***,"",
24,"OVST","","OVST",1300020,"",1,1,"OFF_PS1600",24,"798","","",2.7,"<=",2.86564,"V","<=",3,"P",0.5302,***,"",
24,"OVST","","GATE_DRIVE_MAIN_FET_POST",1300030,"",1,1,"OFF_PS1600",24,"798","","",1.25,"<=",1.32913,"V","<=",1.4,"P",0.5302,***,"",
24,"Post_PintoPin_Leakage","","PIN_TO_PIN_POS_LEAKAGE_PIN",700010,"",1,1,"FAULTB_PS1600",24,"798","","",-200,"<=",-5.93595,"nA","<=",200,"P",0.830181,***,"",
24,"Post_PintoPin_Leakage","","PIN_TO_PIN_NEG_LEAKAGE_PIN",700110,"",1,1,"FAULTB_PS1600",24,"798","","",-200,"<=",-5.93595,"nA","<=",200,"P",0.830181,***,"",
24,"Post_PintoPin_Leakage","","DELTA_POS",700210,"",1,1,"FAULTB_PS1600",24,"798","","",-50,"<=",1.42188,"nA","<=",50,"P",0.830181,***,"",
24,"Post_PintoPin_Leakage","","DELTA_NEG",700220,"",1,1,"FAULTB_PS1600",24,"798","","",-50,"<=",0.203125,"nA","<=",50,"P",0.830181,***,"",
24,"Post_PintoPin_Leakage","","PIN_TO_PIN_POS_LEAKAGE_PIN",700020,"",1,1,"ITRIP_PS1600",24,"798","","",-200,"<=",-10.4754,"nA","<=",200,"P",0.830181,***,"",
24,"Post_PintoPin_Leakage","","PIN_TO_PIN_NEG_LEAKAGE_PIN",700120,"",1,1,"ITRIP_PS1600",24,"798","","",-200,"<=",-10.4754,"nA","<=",200,"P",0.830181,***,"",
24,"Post_PintoPin_Leakage","","DELTA_POS",700210,"",1,1,"ITRIP_PS1600",24,"798","","",-50,"<=",-0.254162,"nA","<=",50,"P",0.830181,***,"",
24,"Post_PintoPin_Leakage","","DELTA_NEG",700220,"",1,1,"ITRIP_PS1600",24,"798","","",-50,"<=",-0.304993,"nA","<=",50,"P",0.830181,***,"",
24,"Post_PintoPin_Leakage","","PIN_TO_PIN_POS_LEAKAGE_PIN",700030,"",1,1,"OFF_PS1600",24,"798","","",-200,"<=",-8.58775,"nA","<=",200,"P",0.830181,***,"",
24,"Post_PintoPin_Leakage","","PIN_TO_PIN_NEG_LEAKAGE_PIN",700130,"",1,1,"OFF_PS1600",24,"798","","",-200,"<=",-8.58775,"nA","<=",200,"P",0.830181,***,"",
24,"Post_PintoPin_Leakage","","DELTA_POS",700210,"",1,1,"OFF_PS1600",24,"798","","",-50,"<=",0.7677,"nA","<=",50,"P",0.830181,***,"",
24,"Post_PintoPin_Leakage","","DELTA_NEG",700220,"",1,1,"OFF_PS1600",24,"798","","",-50,"<=",0,"nA","<=",50,"P",0.830181,***,"",
24,"Post_PintoPin_Leakage","","PIN_TO_PIN_POS_LEAKAGE_PIN",700040,"",1,1,"SS_PS1600",24,"798","","",-200,"<=",-11.5577,"nA","<=",200,"P",0.830181,***,"",
24,"Post_PintoPin_Leakage","","PIN_TO_PIN_NEG_LEAKAGE_PIN",700140,"",1,1,"SS_PS1600",24,"798","","",-200,"<=",-11.5577,"nA","<=",200,"P",0.830181,***,"",
24,"Post_PintoPin_Leakage","","DELTA_POS",700210,"",1,1,"SS_PS1600",24,"798","","",-50,"<=",1.32801,"nA","<=",50,"P",0.830181,***,"",
24,"Post_PintoPin_Leakage","","DELTA_NEG",700220,"",1,1,"SS_PS1600",24,"798","","",-50,"<=",0.204309,"nA","<=",50,"P",0.830181,***,"",
24,"Post_PintoPin_Leakage","","PIN_TO_PIN_POS_LEAKAGE_PIN",700050,"",1,1,"VIN1",24,"798","","",10,"<=",297.165,"nA","<=",500,"P",0.830181,***,"",
24,"Post_PintoPin_Leakage","","PIN_TO_PIN_NEG_LEAKAGE_PIN",700150,"",1,1,"VIN1",24,"798","","",-500,"<=",-300.741,"nA","<=",-10,"P",0.830181,***,"",
24,"Post_PintoPin_Leakage","","DELTA_POS",700210,"",1,1,"VIN1",24,"798","","",-50,"<=",-9.28412,"nA","<=",50,"P",0.830181,***,"",
24,"Post_PintoPin_Leakage","","DELTA_NEG",700220,"",1,1,"VIN1",24,"798","","",-50,"<=",-3.8599,"nA","<=",50,"P",0.830181,***,"",
24,"Post_PintoPin_Leakage","","PIN_TO_PIN_POS_LEAKAGE_PIN",700060,"",1,1,"VOUT1",24,"798","","",10,"<=",301.035,"nA","<=",500,"P",0.830181,***,"",
24,"Post_PintoPin_Leakage","","PIN_TO_PIN_NEG_LEAKAGE_PIN",700160,"",1,1,"VOUT1",24,"798","","",-500,"<=",-293.603,"nA","<=",-10,"P",0.830181,***,"",
24,"Post_PintoPin_Leakage","","DELTA_POS",700210,"",1,1,"VOUT1",24,"798","","",-50,"<=",0.956788,"nA","<=",50,"P",0.830181,***,"",
24,"Post_PintoPin_Leakage","","DELTA_NEG",700220,"",1,1,"VOUT1",24,"798","","",-50,"<=",6.29734,"nA","<=",50,"P",0.830181,***,"",
24,"Post_PintoPin_Leakage","","PIN_TO_PIN_POS_LEAKAGE_PIN",700070,"",1,1,"EN0_PS1600",24,"798","","",300,"<=",501.228,"nA","<=",700,"P",0.830181,***,"",
24,"Post_PintoPin_Leakage","","PIN_TO_PIN_NEG_LEAKAGE_PIN",700170,"",1,1,"EN0_PS1600",24,"798","","",-700,"<=",-505.655,"nA","<=",-300,"P",0.830181,***,"",
24,"Post_PintoPin_Leakage","","DELTA_POS",700210,"",1,1,"EN0_PS1600",24,"798","","",-50,"<=",-0.46208,"nA","<=",50,"P",0.830181,***,"",
24,"Post_PintoPin_Leakage","","DELTA_NEG",700220,"",1,1,"EN0_PS1600",24,"798","","",-50,"<=",0.872717,"nA","<=",50,"P",0.830181,***,"",
24,"Post_PintoPin_Leakage","","PIN_TO_PIN_POS_LEAKAGE_PIN",700080,"",1,1,"FCB_PS1600",24,"798","","",-200,"<=",-0.0591465,"nA","<=",200,"P",0.830181,***,"",
24,"Post_PintoPin_Leakage","","PIN_TO_PIN_NEG_LEAKAGE_PIN",700180,"",1,1,"FCB_PS1600",24,"798","","",-200,"<=",-6.03313,"nA","<=",200,"P",0.830181,***,"",
24,"Post_PintoPin_Leakage","","DELTA_POS",700210,"",1,1,"FCB_PS1600",24,"798","","",-50,"<=",-0.0506722,"nA","<=",50,"P",0.830181,***,"",
24,"Post_PintoPin_Leakage","","DELTA_NEG",700220,"",1,1,"FCB_PS1600",24,"798","","",-50,"<=",-0.354705,"nA","<=",50,"P",0.830181,***,"",
24,"Post_PintoPin_Leakage","","PIN_TO_PIN_POS_LEAKAGE_PIN",700090,"",1,1,"ISEN_PS1600",24,"798","","",-200,"<=",0.915585,"nA","<=",200,"P",0.830181,***,"",
24,"Post_PintoPin_Leakage","","PIN_TO_PIN_NEG_LEAKAGE_PIN",700190,"",1,1,"ISEN_PS1600",24,"798","","",-200,"<=",-9.11075,"nA","<=",200,"P",0.830181,***,"",
24,"Post_PintoPin_Leakage","","DELTA_POS",700210,"",1,1,"ISEN_PS1600",24,"798","","",-50,"<=",1.79035,"nA","<=",50,"P",0.830181,***,"",
24,"Post_PintoPin_Leakage","","DELTA_NEG",700220,"",1,1,"ISEN_PS1600",24,"798","","",-50,"<=",0.767291,"nA","<=",50,"P",0.830181,***,"",
24,"Post_PintoPin_Leakage","","PIN_TO_PIN_POS_LEAKAGE_PIN_VBIAS_PS1600",700100,"",1,1,"VBIAS_PS1600",24,"798","","",500,"<=",773,"nA","<=",1000,"P",0.830181,***,"",
24,"Post_PintoPin_Leakage","","PIN_TO_PIN_NEG_LEAKAGE_PIN_VBIAS_PS1600",700200,"",1,1,"VBIAS_PS1600",24,"798","","",-1000,"<=",-871,"nA","<=",-500,"P",0.830181,***,"",
24,"Post_PintoPin_Leakage","","DELTA_POS",700210,"",1,1,"VBIAS_PS1600",24,"798","","",-50,"<=",16,"nA","<=",50,"P",0.830181,***,"",
24,"Post_PintoPin_Leakage","","DELTA_NEG",700220,"",1,1,"VBIAS_PS1600",24,"798","","",-50,"<=",-18,"nA","<=",50,"P",0.830181,***,"",
24,"Post_Contact","","POST_CONTINUITY",400030,"",1,1,"EN0_PS1600",24,"798","","",-500,"<=",-366.28,"mV","<=",-300,"P",0.457923,***,"",
24,"Post_Contact","","Delta",400420,"",1,1,"EN0_PS1600",24,"798","","",-5,"<=",0.284463,"mV","<=",5,"P",0.457923,***,"",
24,"Post_Contact","","POST_CONTINUITY",400020,"",1,1,"FAULTB_PS1600",24,"798","","",-500,"<=",-418.639,"mV","<=",-300,"P",0.457923,***,"",
24,"Post_Contact","","Delta",400420,"",1,1,"FAULTB_PS1600",24,"798","","",-5,"<=",0.569135,"mV","<=",5,"P",0.457923,***,"",
24,"Post_Contact","","POST_CONTINUITY",400050,"",1,1,"FCB_PS1600",24,"798","","",-500,"<=",-366.514,"mV","<=",-300,"P",0.457923,***,"",
24,"Post_Contact","","Delta",400420,"",1,1,"FCB_PS1600",24,"798","","",-5,"<=",0.341475,"mV","<=",5,"P",0.457923,***,"",
24,"Post_Contact","","POST_CONTINUITY",400090,"",1,1,"ISEN_PS1600",24,"798","","",-500,"<=",-354.04,"mV","<=",-300,"P",0.457923,***,"",
24,"Post_Contact","","Delta",400420,"",1,1,"ISEN_PS1600",24,"798","","",-5,"<=",0.113845,"mV","<=",5,"P",0.457923,***,"",
24,"Post_Contact","","POST_CONTINUITY",400080,"",1,1,"ITRIP_PS1600",24,"798","","",-500,"<=",-369.133,"mV","<=",-300,"P",0.457923,***,"",
24,"Post_Contact","","Delta",400420,"",1,1,"ITRIP_PS1600",24,"798","","",-5,"<=",0.22766,"mV","<=",5,"P",0.457923,***,"",
24,"Post_Contact","","POST_CONTINUITY",400040,"",1,1,"OFF_PS1600",24,"798","","",-500,"<=",-359.798,"mV","<=",-300,"P",0.457923,***,"",
24,"Post_Contact","","Delta",400420,"",1,1,"OFF_PS1600",24,"798","","",-5,"<=",0.341505,"mV","<=",5,"P",0.457923,***,"",
24,"Post_Contact","","POST_CONTINUITY",400010,"",1,1,"SS_PS1600",24,"798","","",-500,"<=",-448.488,"mV","<=",-300,"P",0.457923,***,"",
24,"Post_Contact","","Delta",400420,"",1,1,"SS_PS1600",24,"798","","",-5,"<=",0.284582,"mV","<=",5,"P",0.457923,***,"",
24,"Post_Contact","","POST_CONTINUITY",400070,"",1,1,"VBIAS_PS1600",24,"798","","",-500,"<=",-292.01,"mV","<=",-200,"P",0.457923,***,"",
24,"Post_Contact","","Delta",400420,"",1,1,"VBIAS_PS1600",24,"798","","",-5,"<=",0.22766,"mV","<=",5,"P",0.457923,***,"",
24,"Post_Contact","","POST_CONTINUITY",400060,"",1,1,"GND_PS1600",24,"798","","",-500,"<=",-365.65,"mV","<=",-300,"P",0.457923,***,"",
24,"Post_Contact","","POST_CONTINUITY",400180,"",1,1,"VIN1",24,"798","","",-360,"<=",-342.144,"mV","<=",-300,"P",0.457923,***,"",
24,"Post_Contact","","Delta",400420,"",1,1,"VIN1",24,"798","","",-5,"<=",0.18692,"mV","<=",5,"P",0.457923,***,"",
24,"Post_Contact","","POST_CONTINUITY",400190,"",1,1,"VIN2",24,"798","","",-360,"<=",-342.518,"mV","<=",-300,"P",0.457923,***,"",
24,"Post_Contact","","Delta",400420,"",1,1,"VIN2",24,"798","","",-5,"<=",-0.0629425,"mV","<=",5,"P",0.457923,***,"",
24,"Post_Contact","","POST_CONTINUITY",400200,"",1,1,"VIN3",24,"798","","",-360,"<=",-342.783,"mV","<=",-300,"P",0.457923,***,"",
24,"Post_Contact","","Delta",400420,"",1,1,"VIN3",24,"798","","",-5,"<=",-0.0476837,"mV","<=",5,"P",0.457923,***,"",
24,"Post_Contact","","POST_CONTINUITY",400210,"",1,1,"VIN4_RS1",24,"798","","",-360,"<=",-342.674,"mV","<=",-300,"P",0.457923,***,"",
24,"Post_Contact","","Delta",400420,"",1,1,"VIN4_RS1",24,"798","","",-5,"<=",0.31662,"mV","<=",5,"P",0.457923,***,"",
24,"Post_Contact","","POST_CONTINUITY",400220,"",1,1,"VIN4_RS2",24,"798","","",-360,"<=",-342.43,"mV","<=",-300,"P",0.457923,***,"",
24,"Post_Contact","","Delta",400420,"",1,1,"VIN4_RS2",24,"798","","",-5,"<=",0.520706,"mV","<=",5,"P",0.457923,***,"",
24,"Post_Contact","","POST_CONTINUITY",400230,"",1,1,"VIN5_RS1",24,"798","","",-360,"<=",-342.655,"mV","<=",-300,"P",0.457923,***,"",
24,"Post_Contact","","Delta",400420,"",1,1,"VIN5_RS1",24,"798","","",-5,"<=",0.154495,"mV","<=",5,"P",0.457923,***,"",
24,"Post_Contact","","POST_CONTINUITY",400240,"",1,1,"VIN5_RS2",24,"798","","",-360,"<=",-342.621,"mV","<=",-300,"P",0.457923,***,"",
24,"Post_Contact","","Delta",400420,"",1,1,"VIN5_RS2",24,"798","","",-5,"<=",0.137329,"mV","<=",5,"P",0.457923,***,"",
24,"Post_Contact","","POST_CONTINUITY",400250,"",1,1,"VIN6",24,"798","","",-360,"<=",-342.253,"mV","<=",-300,"P",0.457923,***,"",
24,"Post_Contact","","Delta",400420,"",1,1,"VIN6",24,"798","","",-5,"<=",0.175476,"mV","<=",5,"P",0.457923,***,"",
24,"Post_Contact","","POST_CONTINUITY",400100,"",1,1,"VOUT1",24,"798","","",-300,"<=",-223.36,"mV","<=",-200,"P",0.457923,***,"",
24,"Post_Contact","","Delta",400420,"",1,1,"VOUT1",24,"798","","",-5,"<=",-0.0782013,"mV","<=",5,"P",0.457923,***,"",
24,"Post_Contact","","POST_CONTINUITY",400110,"",1,1,"VOUT2_RS1",24,"798","","",-300,"<=",-223.373,"mV","<=",-200,"P",0.457923,***,"",
24,"Post_Contact","","Delta",400420,"",1,1,"VOUT2_RS1",24,"798","","",-5,"<=",-0.202179,"mV","<=",5,"P",0.457923,***,"",
24,"Post_Contact","","POST_CONTINUITY",400120,"",1,1,"VOUT2_RS2",24,"798","","",-300,"<=",-223.307,"mV","<=",-200,"P",0.457923,***,"",
24,"Post_Contact","","Delta",400420,"",1,1,"VOUT2_RS2",24,"798","","",-5,"<=",0.207901,"mV","<=",5,"P",0.457923,***,"",
24,"Post_Contact","","POST_CONTINUITY",400130,"",1,1,"VOUT3_RS1",24,"798","","",-300,"<=",-223.339,"mV","<=",-200,"P",0.457923,***,"",
24,"Post_Contact","","Delta",400420,"",1,1,"VOUT3_RS1",24,"798","","",-5,"<=",0.219345,"mV","<=",5,"P",0.457923,***,"",
24,"Post_Contact","","POST_CONTINUITY",400140,"",1,1,"VOUT3_RS2",24,"798","","",-300,"<=",-223.45,"mV","<=",-200,"P",0.457923,***,"",
24,"Post_Contact","","Delta",400420,"",1,1,"VOUT3_RS2",24,"798","","",-5,"<=",0.00953674,"mV","<=",5,"P",0.457923,***,"",
24,"Post_Contact","","POST_CONTINUITY",400150,"",1,1,"VOUT4",24,"798","","",-300,"<=",-223.297,"mV","<=",-200,"P",0.457923,***,"",
24,"Post_Contact","","Delta",400420,"",1,1,"VOUT4",24,"798","","",-5,"<=",0.152588,"mV","<=",5,"P",0.457923,***,"",
24,"Post_Contact","","POST_CONTINUITY",400160,"",1,1,"VOUT5",24,"798","","",-300,"<=",-223.16,"mV","<=",-200,"P",0.457923,***,"",
24,"Post_Contact","","Delta",400420,"",1,1,"VOUT5",24,"798","","",-5,"<=",0.125885,"mV","<=",5,"P",0.457923,***,"",
24,"Post_Contact","","POST_CONTINUITY",400170,"",1,1,"VOUT6",24,"798","","",-300,"<=",-223.654,"mV","<=",-200,"P",0.457923,***,"",
24,"Post_Contact","","Delta",400420,"",1,1,"VOUT6",24,"798","","",-5,"<=",-0.329971,"mV","<=",5,"P",0.457923,***,"",
25,"CONTINUITY","","CONTINUITY",10030,"",1,1,"EN0_PS1600",25,"817","","",-500,"<=",-357.747,"mV","<=",-300,"P",0.132977,***,"",
25,"CONTINUITY","","CONTINUITY",10020,"",1,1,"FAULTB_PS1600",25,"817","","",-500,"<=",-409.646,"mV","<=",-300,"P",0.132977,***,"",
25,"CONTINUITY","","CONTINUITY",10050,"",1,1,"FCB_PS1600",25,"817","","",-500,"<=",-357.351,"mV","<=",-300,"P",0.132977,***,"",
25,"CONTINUITY","","CONTINUITY",10090,"",1,1,"ISEN_PS1600",25,"817","","",-500,"<=",-342.656,"mV","<=",-300,"P",0.132977,***,"",
25,"CONTINUITY","","CONTINUITY",10080,"",1,1,"ITRIP_PS1600",25,"817","","",-500,"<=",-359.4,"mV","<=",-300,"P",0.132977,***,"",
25,"CONTINUITY","","CONTINUITY",10040,"",1,1,"OFF_PS1600",25,"817","","",-500,"<=",-352.114,"mV","<=",-300,"P",0.132977,***,"",
25,"CONTINUITY","","CONTINUITY",10010,"",1,1,"SS_PS1600",25,"817","","",-500,"<=",-439.722,"mV","<=",-300,"P",0.132977,***,"",
25,"CONTINUITY","","CONTINUITY",10070,"",1,1,"VBIAS_PS1600",25,"817","","",-500,"<=",-298.442,"mV","<=",-200,"P",0.132977,***,"",
25,"CONTINUITY","","CONTINUITY",10060,"",1,1,"GND_PS1600",25,"817","","",-500,"<=",-354.552,"mV","<=",-300,"P",0.132977,***,"",
25,"CONTINUITY","","CONTINUITY",10180,"",1,1,"VIN1",25,"817","","",-360,"<=",-341.56,"mV","<=",-300,"P",0.132977,***,"",
25,"CONTINUITY","","CONTINUITY",10190,"",1,1,"VIN2",25,"817","","",-360,"<=",-342.236,"mV","<=",-300,"P",0.132977,***,"",
25,"CONTINUITY","","CONTINUITY",10200,"",1,1,"VIN3",25,"817","","",-360,"<=",-341.948,"mV","<=",-300,"P",0.132977,***,"",
25,"CONTINUITY","","CONTINUITY",10210,"",1,1,"VIN4_RS1",25,"817","","",-360,"<=",-342.268,"mV","<=",-300,"P",0.132977,***,"",
25,"CONTINUITY","","CONTINUITY",10220,"",1,1,"VIN4_RS2",25,"817","","",-360,"<=",-341.89,"mV","<=",-300,"P",0.132977,***,"",
25,"CONTINUITY","","CONTINUITY",10230,"",1,1,"VIN5_RS1",25,"817","","",-360,"<=",-342.085,"mV","<=",-300,"P",0.132977,***,"",
25,"CONTINUITY","","CONTINUITY",10240,"",1,1,"VIN5_RS2",25,"817","","",-360,"<=",-342.216,"mV","<=",-300,"P",0.132977,***,"",
25,"CONTINUITY","","CONTINUITY",10250,"",1,1,"VIN6",25,"817","","",-360,"<=",-342.316,"mV","<=",-300,"P",0.132977,***,"",
25,"CONTINUITY","","CONTINUITY",10100,"",1,1,"VOUT1",25,"817","","",-300,"<=",-223.265,"mV","<=",-200,"P",0.132977,***,"",
25,"CONTINUITY","","CONTINUITY",10110,"",1,1,"VOUT2_RS1",25,"817","","",-300,"<=",-223.305,"mV","<=",-200,"P",0.132977,***,"",
25,"CONTINUITY","","CONTINUITY",10120,"",1,1,"VOUT2_RS2",25,"817","","",-300,"<=",-223.524,"mV","<=",-200,"P",0.132977,***,"",
25,"CONTINUITY","","CONTINUITY",10130,"",1,1,"VOUT3_RS1",25,"817","","",-300,"<=",-223.238,"mV","<=",-200,"P",0.132977,***,"",
25,"CONTINUITY","","CONTINUITY",10140,"",1,1,"VOUT3_RS2",25,"817","","",-300,"<=",-223.572,"mV","<=",-200,"P",0.132977,***,"",
25,"CONTINUITY","","CONTINUITY",10150,"",1,1,"VOUT4",25,"817","","",-300,"<=",-223.593,"mV","<=",-200,"P",0.132977,***,"",
25,"CONTINUITY","","CONTINUITY",10160,"",1,1,"VOUT5",25,"817","","",-300,"<=",-223.433,"mV","<=",-200,"P",0.132977,***,"",
25,"CONTINUITY","","CONTINUITY",10170,"",1,1,"VOUT6",25,"817","","",-300,"<=",-223.373,"mV","<=",-200,"P",0.132977,***,"",
25,"Pin_to_Pin_Leakage","","PIN_TO_PIN_POS_LEAKAGE_PIN",20010,"",1,1,"FAULTB_PS1600",25,"817","","",-200,"<=",-8.47502,"nA","<=",200,"P",0.416773,***,"",
25,"Pin_to_Pin_Leakage","","PIN_TO_PIN_NEG_LEAKAGE_PIN",20110,"",1,1,"FAULTB_PS1600",25,"817","","",-200,"<=",-8.47502,"nA","<=",200,"P",0.416773,***,"",
25,"Pin_to_Pin_Leakage","","PIN_TO_PIN_POS_LEAKAGE_PIN",20020,"",1,1,"ITRIP_PS1600",25,"817","","",-200,"<=",-11.8987,"nA","<=",200,"P",0.416773,***,"",
25,"Pin_to_Pin_Leakage","","PIN_TO_PIN_NEG_LEAKAGE_PIN",20120,"",1,1,"ITRIP_PS1600",25,"817","","",-200,"<=",-11.8987,"nA","<=",200,"P",0.416773,***,"",
25,"Pin_to_Pin_Leakage","","PIN_TO_PIN_POS_LEAKAGE_PIN",20030,"",1,1,"OFF_PS1600",25,"817","","",-200,"<=",-11.4538,"nA","<=",200,"P",0.416773,***,"",
25,"Pin_to_Pin_Leakage","","PIN_TO_PIN_NEG_LEAKAGE_PIN",20130,"",1,1,"OFF_PS1600",25,"817","","",-200,"<=",-11.4538,"nA","<=",200,"P",0.416773,***,"",
25,"Pin_to_Pin_Leakage","","PIN_TO_PIN_POS_LEAKAGE_PIN",20040,"",1,1,"SS_PS1600",25,"817","","",-200,"<=",-12.8346,"nA","<=",200,"P",0.416773,***,"",
25,"Pin_to_Pin_Leakage","","PIN_TO_PIN_NEG_LEAKAGE_PIN",20140,"",1,1,"SS_PS1600",25,"817","","",-200,"<=",-12.8346,"nA","<=",200,"P",0.416773,***,"",
25,"Pin_to_Pin_Leakage","","PIN_TO_PIN_POS_LEAKAGE_PIN",20050,"",1,1,"VIN1",25,"817","","",10,"<=",303.509,"nA","<=",500,"P",0.416773,***,"",
25,"Pin_to_Pin_Leakage","","PIN_TO_PIN_NEG_LEAKAGE_PIN",20150,"",1,1,"VIN1",25,"817","","",-500,"<=",-300.752,"nA","<=",-10,"P",0.416773,***,"",
25,"Pin_to_Pin_Leakage","","PIN_TO_PIN_POS_LEAKAGE_PIN",20060,"",1,1,"VOUT1",25,"817","","",10,"<=",300.588,"nA","<=",500,"P",0.416773,***,"",
25,"Pin_to_Pin_Leakage","","PIN_TO_PIN_NEG_LEAKAGE_PIN",20160,"",1,1,"VOUT1",25,"817","","",-500,"<=",-298.667,"nA","<=",-10,"P",0.416773,***,"",
25,"Pin_to_Pin_Leakage","","PIN_TO_PIN_POS_LEAKAGE_PIN",20070,"",1,1,"EN0_PS1600",25,"817","","",300,"<=",509.904,"nA","<=",700,"P",0.416773,***,"",
25,"Pin_to_Pin_Leakage","","PIN_TO_PIN_NEG_LEAKAGE_PIN",20170,"",1,1,"EN0_PS1600",25,"817","","",-700,"<=",-516.641,"nA","<=",-300,"P",0.416773,***,"",
25,"Pin_to_Pin_Leakage","","PIN_TO_PIN_POS_LEAKAGE_PIN",20080,"",1,1,"FCB_PS1600",25,"817","","",-200,"<=",0.396903,"nA","<=",200,"P",0.416773,***,"",
25,"Pin_to_Pin_Leakage","","PIN_TO_PIN_NEG_LEAKAGE_PIN",20180,"",1,1,"FCB_PS1600",25,"817","","",-200,"<=",-7.60397,"nA","<=",200,"P",0.416773,***,"",
25,"Pin_to_Pin_Leakage","","PIN_TO_PIN_POS_LEAKAGE_PIN",20090,"",1,1,"ISEN_PS1600",25,"817","","",-200,"<=",-0.618998,"nA","<=",200,"P",0.416773,***,"",
25,"Pin_to_Pin_Leakage","","PIN_TO_PIN_NEG_LEAKAGE_PIN",20190,"",1,1,"ISEN_PS1600",25,"817","","",-200,"<=",-14.4306,"nA","<=",200,"P",0.416773,***,"",
25,"Pin_to_Pin_Leakage","","PIN_TO_PIN_POS_LEAKAGE_PIN_VBIAS_PS1600",20100,"",1,1,"VBIAS_PS1600",25,"817","","",500,"<=",730,"nA","<=",1000,"P",0.416773,***,"",
25,"Pin_to_Pin_Leakage","","PIN_TO_PIN_NEG_LEAKAGE_PIN_VBIAS_PS1600",20200,"",1,1,"VBIAS_PS1600",25,"817","","",-1000,"<=",-810,"nA","<=",-500,"P",0.416773,***,"",
25,"IVDDFL_IVINFL_RONFL","","RON_200mAVDD_5_VIN_5_20V_Part",90050,"",1,1,"VIN1",25,"817","","",0.01,"<=",0.0232389,"ohm","<=",0.03,"P",0.034414,***,"",
25,"IVDDFL_IVINFL_RONFL","","DEVICE_VARIENT_TRUE",90060,"",1,1,"VIN1",25,"817","","",0.5,"<=",1,"","<=",1.5,"P",0.034414,***,"",
25,"Fuse_Burn_Check","","BANKA_BIT5_BLOWN_TRUE",1000001,"",1,1,"OFF_PS1600",25,"817","","",0,"<=",1,"","<=",1,"P",0.0995141,***,"",
25,"Gross_Functional_EN_FCB_FAULTB_OFF","","EN_FCB_LOW_VOUT_LOW",30010,"",1,1,"VOUT4",25,"817","","",-0.001,"<=",0.0051403,"V","<=",1,"P",0.231374,***,"",
25,"Gross_Functional_EN_FCB_FAULTB_OFF","","EN_FCB_LOW_OFF_HIGH",30020,"",1,1,"OFF_PS1600",25,"817","","",1.6,"<=",1.8028,"V","<=",2.3,"P",0.231374,***,"",
25,"Gross_Functional_EN_FCB_FAULTB_OFF","","FCB_LOW_VOUT_LOW",30030,"",1,1,"VOUT4",25,"817","","",-0.001,"<=",0.000488281,"V","<=",0.5,"P",0.231374,***,"",
25,"Gross_Functional_EN_FCB_FAULTB_OFF","","FCB_LOW_OFF_HIGH",30040,"",1,1,"OFF_PS1600",25,"817","","",1.6,"<=",1.80332,"V","<=",2.3,"P",0.231374,***,"",
25,"Gross_Functional_EN_FCB_FAULTB_OFF","","EN_LOW_VOUT_LOW",30050,"",1,1,"VOUT4",25,"817","","",-0.001,"<=",0.000823975,"V","<=",0.5,"P",0.231374,***,"",
25,"Gross_Functional_EN_FCB_FAULTB_OFF","","EN_LOW_OFF_HIGH",30060,"",1,1,"OFF_PS1600",25,"817","","",1.6,"<=",1.80275,"V","<=",2.3,"P",0.231374,***,"",
25,"Gross_Functional_EN_FCB_FAULTB_OFF","","EN_FCB_HIGH_VOUT_HIGH",30070,"",1,1,"VOUT4",25,"817","","",4.85,"<=",4.99974,"V","<=",5.1,"P",0.231374,***,"",
25,"Gross_Functional_EN_FCB_FAULTB_OFF","","EN_FCB_HIGH_OFF_LOW",30080,"",1,1,"OFF_PS1600",25,"817","","",-0.001,"<=",0.000771185,"V","<=",0.5,"P",0.231374,***,"",
25,"Gross_Functional_EN_FCB_FAULTB_OFF","","FAULT_SET_VOUT_LOW",30090,"",1,1,"VOUT4",25,"817","","",-0.001,"<=",0.000402451,"V","<=",0.5,"P",0.231374,***,"",
25,"Gross_Functional_EN_FCB_FAULTB_OFF","","FAULT_SET_OFF_HIGH",30100,"",1,1,"OFF_PS1600",25,"817","","",1.6,"<=",1.84714,"V","<=",2.3,"P",0.231374,***,"",
25,"Gross_Functional_EN_FCB_FAULTB_OFF","","FAULT_RESET_VOUT_HIGH",30110,"",1,1,"VOUT4",25,"817","","",4.85,"<=",4.99971,"V","<=",5.1,"P",0.231374,***,"",
25,"Gross_Functional_EN_FCB_FAULTB_OFF","","FAULT_RESET_OFF_LOW",30120,"",1,1,"OFF_PS1600",25,"817","","",0,"<=",0.000714269,"V","<=",0.5,"P",0.231374,***,"",
25,"Output_disabled_leakage","","IVDDDIS_VDD_3_VIN_3",40010,"",1,1,"VDD",25,"817","","",10,"<=",105.014,"uA","<=",166.5,"P",0.10165,***,"",
25,"Output_disabled_leakage","","IVINDIS_VDD_3_VIN_3",40050,"",1,1,"VIN1",25,"817","","",10,"<=",71.398,"uA","<=",166.5,"P",0.10165,***,"",
25,"Output_disabled_leakage","","IOFF_VDD_3_VIN_3",40090,"",1,1,"VOUT4",25,"817","","",-14,"<=",-1.49151,"uA","<=",11,"P",0.10165,***,"",
25,"Output_disabled_leakage","","IVDDDIS_VDD_3_VIN_20",40020,"",1,1,"VDD",25,"817","","",10,"<=",116.365,"uA","<=",166.5,"P",0.10165,***,"",
25,"Output_disabled_leakage","","IVINDIS_VDD_3_VIN_20",40060,"",1,1,"VIN1",25,"817","","",10,"<=",91.1625,"uA","<=",166.5,"P",0.10165,***,"",
25,"Output_disabled_leakage","","IOFF_VDD_3_VIN_20",40100,"",1,1,"VOUT4",25,"817","","",-14,"<=",-1.62901,"uA","<=",11,"P",0.10165,***,"",
25,"Output_disabled_leakage","","IVINVDD0_VIN_3",40130,"",1,1,"VIN1",25,"817","","",10,"<=",70.4657,"uA","<=",166.5,"P",0.10165,***,"",
25,"Output_disabled_leakage","","IOFFVDD0_VIN_3",40150,"",1,1,"VOUT4",25,"817","","",-14,"<=",-1.22236,"uA","<=",11,"P",0.10165,***,"",
25,"Output_disabled_leakage","","IVDDDIS_VDD_20_VIN_3",40030,"",1,1,"VDD",25,"817","","",10,"<=",135.744,"uA","<=",166.5,"P",0.10165,***,"",
25,"Output_disabled_leakage","","IVINDIS_VDD_20_VIN_3",40070,"",1,1,"VIN1",25,"817","","",10,"<=",74.476,"uA","<=",166.5,"P",0.10165,***,"",
25,"Output_disabled_leakage","","IOFF_VDD_20_VIN_3",40110,"",1,1,"VOUT4",25,"817","","",-14,"<=",-1.48447,"uA","<=",11,"P",0.10165,***,"",
25,"Output_disabled_leakage","","IVDDDIS_VDD_20_VIN_20",40040,"",1,1,"VDD",25,"817","","",10,"<=",124.4,"uA","<=",166.5,"P",0.10165,***,"",
25,"Output_disabled_leakage","","IVINDIS_VDD_20_VIN_20",40080,"",1,1,"VIN1",25,"817","","",10,"<=",92.2279,"uA","<=",166.5,"P",0.10165,***,"",
25,"Output_disabled_leakage","","IOFF_VDD_20_VIN_20",40120,"",1,1,"VOUT4",25,"817","","",-14,"<=",-1.35695,"uA","<=",11,"P",0.10165,***,"",
25,"Output_disabled_leakage","","IVINVDD0_VIN_20",40140,"",1,1,"VIN1",25,"817","","",10,"<=",120.879,"uA","<=",166.5,"P",0.10165,***,"",
25,"Output_disabled_leakage","","IOFFVDD0_VIN_20",40160,"",1,1,"VOUT4",25,"817","","",-14,"<=",-2.14073,"uA","<=",11,"P",0.10165,***,"",
25,"EN_pullup_resistor","","EN0V_PULLUP_RES",50010,"",1,1,"EN0_PS1600",25,"817","","",155,"<=",196.63,"Kohm","<=",230,"P",0.0272827,***,"",
25,"EN_pullup_resistor","","EN1V_PULLUP_RES",50020,"",1,1,"EN0_PS1600",25,"817","","",155,"<=",197.758,"Kohm","<=",230,"P",0.0272827,***,"",
25,"EN_pullup_resistor","","EN0V_Current",50030,"",1,1,"EN0_PS1600",25,"817","","",-11,"<=",-9.15426,"uA","<=",-7,"P",0.0272827,***,"",
25,"EN_pullup_resistor","","EN1V_Current",50040,"",1,1,"EN0_PS1600",25,"817","","",-5.5,"<=",-4.04536,"uA","<=",-3,"P",0.0272827,***,"",
25,"Leakage_Test","","IOFF_REVERSE_VOUT_VIN_LEAKAGE_1mA",60030,"",1,1,"VIN",25,"817","","",-331,"<=",-265.23,"mV","<=",-205,"P",0.0588329,***,"",
25,"Leakage_Test","","IOFF_REVERSE_VOUT_VIN_LEAKAGE_10mA",60040,"",1,1,"VIN",25,"817","","",-340,"<=",-327.847,"mV","<=",-205,"P",0.0588329,***,"",
25,"Leakage_Test","","IOFF_REVERSE_VOUT_VIN_LEAKAGE_100mA",60050,"",1,1,"VIN",25,"817","","",-331,"<=",-206.993,"mV","<=",-205,"P",0.0588329,***,"",
25,"Nominal_Input_pin_Leakages","","LEAKAGE",70010,"",1,1,"EN0_PS1600",25,"817","","",10,"<=",25.0439,"uA","<=",40,"P",0.139807,***,"",
25,"Nominal_Input_pin_Leakages","","LEAKAGE",70060,"",1,1,"FAULTB_PS1600",25,"817","","",-0.2,"<=",0.00566159,"uA","<=",0.2,"P",0.139807,***,"",
25,"Nominal_Input_pin_Leakages","","LEAKAGE",70020,"",1,1,"FCB_PS1600",25,"817","","",-0.5,"<=",0.11181,"uA","<=",0.5,"P",0.139807,***,"",
25,"Nominal_Input_pin_Leakages","","LEAKAGE",70040,"",1,1,"ISEN_PS1600",25,"817","","",24,"<=",26.6225,"uA","<=",50,"P",0.139807,***,"",
25,"Nominal_Input_pin_Leakages","","LEAKAGE",70030,"",1,1,"ITRIP_PS1600",25,"817","","",14,"<=",16.4522,"uA","<=",25,"P",0.139807,***,"",
25,"Nominal_Input_pin_Leakages","","LEAKAGE",70080,"",1,1,"OFF_PS1600",25,"817","","",-0.2,"<=",0.100011,"uA","<=",0.5,"P",0.139807,***,"",
25,"Nominal_Input_pin_Leakages","","LEAKAGE",70050,"",1,1,"SS_PS1600",25,"817","","",20,"<=",49.9314,"uA","<=",70,"P",0.139807,***,"",
25,"Nominal_Input_pin_Leakages","","LEAKAGE",70070,"",1,1,"VBIAS_PS1600",25,"817","","",5,"<=",27.9404,"uA","<=",40,"P",0.139807,***,"",
25,"Nominal_Input_pin_Leakages","","LEAKAGE_2V",70090,"",1,1,"OFF_PS1600",25,"817","","",-0.5,"<=",0.043096,"uA","<=",0.5,"P",0.139807,***,"",
25,"Output_enabled_leakage","","IVDD_VDD_3_Vin_3",80001,"",1,1,"VDD",25,"817","","",10,"<=",94.5013,"uA","<=",130,"P",0.495899,***,"",
25,"Output_enabled_leakage","","IVIN_VDD_3_Vin_3",80005,"",1,1,"VIN1",25,"817","","",10,"<=",51.0309,"uA","<=",75,"P",0.495899,***,"",
25,"Output_enabled_leakage","","IVDD_VDD_3_Vin_20",80010,"",1,1,"VDD",25,"817","","",10,"<=",101.155,"uA","<=",150,"P",0.495899,***,"",
25,"Output_enabled_leakage","","IVIN_VDD_3_Vin_20",80014,"",1,1,"VIN1",25,"817","","",10,"<=",82.8784,"uA","<=",120,"P",0.495899,***,"",
25,"Output_enabled_leakage","","IVDD_VDD_20_Vin_3",80011,"",1,1,"VDD",25,"817","","",10,"<=",113.148,"uA","<=",150,"P",0.495899,***,"",
25,"Output_enabled_leakage","","IVIN_VDD_20_Vin_3",80015,"",1,1,"VIN1",25,"817","","",10,"<=",53.789,"uA","<=",75,"P",0.495899,***,"",
25,"Output_enabled_leakage","","IVDD_VDD_20_Vin_20",80012,"",1,1,"VDD",25,"817","","",10,"<=",116.427,"uA","<=",175,"P",0.495899,***,"",
25,"Output_enabled_leakage","","IVIN_VDD_20_Vin_20",80016,"",1,1,"VIN1",25,"817","","",10,"<=",82.6744,"uA","<=",120,"P",0.495899,***,"",
25,"SCAN","","Scan_test",330010,"_rdi_burst_SCAN_bk4_mp",1,1,"@",25,"817","","",***,"",***," ","",***,"P",0.0437546,***,"",
25,"Logic","","Logic_test",340010,"_rdi_burst_Logic_bk6_mp",1,1,"@",25,"817","","",***,"",***," ","",***,"P",0.279346,***,"",
25,"POST_EFUSE_RESISTANCE","","POST_BANKA_EFUSE_RESISTANCE_BLOWN_BIT47",590001,"",1,1,"ISEN_PS1600",25,"817","","",3500,"<=",70061,"ohms","<=",85000,"P",3.61603,***,"",
25,"POST_EFUSE_RESISTANCE","","POST_BANKA_EFUSE_RESISTANCE_BLOWN_BIT46",590002,"",1,1,"ISEN_PS1600",25,"817","","",3500,"<=",70083.8,"ohms","<=",85000,"P",3.6658,***,"",
25,"POST_EFUSE_RESISTANCE","","POST_BANKA_EFUSE_RESISTANCE_UNBLOWN_BIT45",490003,"",1,1,"ISEN_PS1600",25,"817","","",65,"<=",102.4,"ohms","<=",200,"P",3.72201,***,"",
25,"POST_EFUSE_RESISTANCE","","POST_BANKA_EFUSE_RESISTANCE_UNBLOWN_BIT44",490004,"",1,1,"ISEN_PS1600",25,"817","","",65,"<=",102.4,"ohms","<=",200,"P",5.22249,***,"",
25,"POST_EFUSE_RESISTANCE","","POST_BANKA_EFUSE_RESISTANCE_UNBLOWN_BIT43",490005,"",1,1,"ISEN_PS1600",25,"817","","",65,"<=",79.6,"ohms","<=",200,"P",2.88802,***,"",
25,"POST_EFUSE_RESISTANCE","","POST_BANKA_EFUSE_RESISTANCE_BLOWN_BIT42",590006,"",1,1,"ISEN_PS1600",25,"817","","",3500,"<=",70038.2,"ohms","<=",85000,"P",2.88801,***,"",
25,"POST_EFUSE_RESISTANCE","","POST_BANKA_EFUSE_RESISTANCE_BLOWN_BIT41",590007,"",1,1,"ISEN_PS1600",25,"817","","",3500,"<=",70049.6,"ohms","<=",85000,"P",2.88801,***,"",
25,"POST_EFUSE_RESISTANCE","","POST_BANKA_EFUSE_RESISTANCE_UNBLOWN_BIT40",490008,"",1,1,"ISEN_PS1600",25,"817","","",65,"<=",79.6,"ohms","<=",200,"P",2.88725,***,"",
25,"POST_EFUSE_RESISTANCE","","POST_BANKA_EFUSE_RESISTANCE_UNBLOWN_BIT39",490009,"",1,1,"ISEN_PS1600",25,"817","","",65,"<=",79.6,"ohms","<=",200,"P",2.88323,***,"",
25,"POST_EFUSE_RESISTANCE","","POST_BANKA_EFUSE_RESISTANCE_BLOWN_BIT38",590010,"",1,1,"ISEN_PS1600",25,"817","","",3500,"<=",70083.8,"ohms","<=",85000,"P",2.88625,***,"",
25,"POST_EFUSE_RESISTANCE","","POST_BANKA_EFUSE_RESISTANCE_BLOWN_BIT37",590011,"",1,1,"ISEN_PS1600",25,"817","","",3500,"<=",70072.4,"ohms","<=",85000,"P",2.88604,***,"",
25,"POST_EFUSE_RESISTANCE","","POST_BANKA_EFUSE_RESISTANCE_BLOWN_BIT36",590012,"",1,1,"ISEN_PS1600",25,"817","","",3500,"<=",70049.6,"ohms","<=",85000,"P",2.88426,***,"",
25,"POST_EFUSE_RESISTANCE","","POST_BANKA_EFUSE_RESISTANCE_UNBLOWN_BIT35",490013,"",1,1,"ISEN_PS1600",25,"817","","",65,"<=",79.6,"ohms","<=",200,"P",2.88426,***,"",
25,"POST_EFUSE_RESISTANCE","","POST_BANKA_EFUSE_RESISTANCE_UNBLOWN_BIT34",490014,"",1,1,"ISEN_PS1600",25,"817","","",65,"<=",102.4,"ohms","<=",200,"P",2.88426,***,"",
25,"POST_EFUSE_RESISTANCE","","POST_BANKA_EFUSE_RESISTANCE_UNBLOWN_BIT33",490015,"",1,1,"ISEN_PS1600",25,"817","","",65,"<=",91,"ohms","<=",200,"P",2.88443,***,"",
25,"POST_EFUSE_RESISTANCE","","POST_BANKA_EFUSE_RESISTANCE_UNBLOWN_BIT32",490016,"",1,1,"ISEN_PS1600",25,"817","","",65,"<=",68.2,"ohms","<=",200,"P",2.88546,***,"",
25,"POST_EFUSE_RESISTANCE","","POST_BANKA_EFUSE_RESISTANCE_BLOWN_BIT31",590017,"",1,1,"ISEN_PS1600",25,"817","","",3500,"<=",70061,"ohms","<=",85000,"P",2.88666,***,"",
25,"POST_EFUSE_RESISTANCE","","POST_BANKA_EFUSE_RESISTANCE_UNBLOWN_BIT30",490018,"",1,1,"ISEN_PS1600",25,"817","","",65,"<=",91,"ohms","<=",200,"P",2.88839,***,"",
25,"POST_EFUSE_RESISTANCE","","POST_BANKA_EFUSE_RESISTANCE_UNBLOWN_BIT29",490019,"",1,1,"ISEN_PS1600",25,"817","","",65,"<=",91,"ohms","<=",200,"P",2.88631,***,"",
25,"POST_EFUSE_RESISTANCE","","POST_BANKA_EFUSE_RESISTANCE_UNBLOWN_BIT28",490020,"",1,1,"ISEN_PS1600",25,"817","","",65,"<=",68.2,"ohms","<=",200,"P",2.88735,***,"",
25,"POST_EFUSE_RESISTANCE","","POST_BANKA_EFUSE_RESISTANCE_BLOWN_BIT27",590021,"",1,1,"ISEN_PS1600",25,"817","","",3500,"<=",70061.2,"ohms","<=",85000,"P",2.88735,***,"",
25,"POST_EFUSE_RESISTANCE","","POST_BANKA_EFUSE_RESISTANCE_UNBLOWN_BIT26",490022,"",1,1,"ISEN_PS1600",25,"817","","",65,"<=",68.2,"ohms","<=",200,"P",2.88209,***,"",
25,"POST_EFUSE_RESISTANCE","","POST_BANKA_EFUSE_RESISTANCE_BLOWN_BIT25",590023,"",1,1,"ISEN_PS1600",25,"817","","",3500,"<=",70083.8,"ohms","<=",85000,"P",2.88209,***,"",
25,"POST_EFUSE_RESISTANCE","","POST_BANKA_EFUSE_RESISTANCE_BLOWN_BIT24",590024,"",1,1,"ISEN_PS1600",25,"817","","",3500,"<=",70083.8,"ohms","<=",85000,"P",2.88625,***,"",
25,"POST_EFUSE_RESISTANCE","","POST_BANKA_EFUSE_RESISTANCE_UNBLOWN_BIT23",490025,"",1,1,"ISEN_PS1600",25,"817","","",65,"<=",68.2,"ohms","<=",200,"P",2.88735,***,"",
25,"POST_EFUSE_RESISTANCE","","POST_BANKA_EFUSE_RESISTANCE_UNBLOWN_BIT22",490026,"",1,1,"ISEN_PS1600",25,"817","","",65,"<=",68.2,"ohms","<=",200,"P",2.88564,***,"",
25,"POST_EFUSE_RESISTANCE","","POST_BANKA_EFUSE_RESISTANCE_UNBLOWN_BIT21",490027,"",1,1,"ISEN_PS1600",25,"817","","",65,"<=",79.6,"ohms","<=",200,"P",2.88425,***,"",
25,"POST_EFUSE_RESISTANCE","","POST_BANKA_EFUSE_RESISTANCE_UNBLOWN_BIT20",490028,"",1,1,"ISEN_PS1600",25,"817","","",65,"<=",79.6,"ohms","<=",200,"P",2.88425,***,"",
25,"POST_EFUSE_RESISTANCE","","POST_BANKA_EFUSE_RESISTANCE_UNBLOWN_BIT19",490029,"",1,1,"ISEN_PS1600",25,"817","","",65,"<=",102.4,"ohms","<=",200,"P",2.88425,***,"",
25,"POST_EFUSE_RESISTANCE","","POST_BANKA_EFUSE_RESISTANCE_UNBLOWN_BIT18",490030,"",1,1,"ISEN_PS1600",25,"817","","",65,"<=",91,"ohms","<=",200,"P",2.88482,***,"",
25,"POST_EFUSE_RESISTANCE","","POST_BANKA_EFUSE_RESISTANCE_BLOWN_BIT17",590031,"",1,1,"ISEN_PS1600",25,"817","","",3500,"<=",70049.6,"ohms","<=",85000,"P",2.88508,***,"",
25,"POST_EFUSE_RESISTANCE","","POST_BANKA_EFUSE_RESISTANCE_BLOWN_BIT16",590032,"",1,1,"ISEN_PS1600",25,"817","","",3500,"<=",70004,"ohms","<=",85000,"P",2.88508,***,"",
25,"POST_EFUSE_RESISTANCE","","POST_BANKA_EFUSE_RESISTANCE_BLOWN_BIT15",590033,"",1,1,"ISEN_PS1600",25,"817","","",3500,"<=",70083.8,"ohms","<=",85000,"P",2.89058,***,"",
25,"POST_EFUSE_RESISTANCE","","POST_BANKA_EFUSE_RESISTANCE_BLOWN_BIT14",590034,"",1,1,"ISEN_PS1600",25,"817","","",3500,"<=",70083.8,"ohms","<=",85000,"P",2.88595,***,"",
25,"POST_EFUSE_RESISTANCE","","POST_BANKA_EFUSE_RESISTANCE_UNBLOWN_BIT13",490035,"",1,1,"ISEN_PS1600",25,"817","","",65,"<=",68.2,"ohms","<=",200,"P",2.88683,***,"",
25,"POST_EFUSE_RESISTANCE","","POST_BANKA_EFUSE_RESISTANCE_UNBLOWN_BIT12",490036,"",1,1,"ISEN_PS1600",25,"817","","",65,"<=",68.2,"ohms","<=",200,"P",2.88674,***,"",
25,"POST_EFUSE_RESISTANCE","","POST_BANKA_EFUSE_RESISTANCE_BLOWN_BIT11",590037,"",1,1,"ISEN_PS1600",25,"817","","",3500,"<=",70095.2,"ohms","<=",85000,"P",2.88548,***,"",
25,"POST_EFUSE_RESISTANCE","","POST_BANKA_EFUSE_RESISTANCE_BLOWN_BIT10",590038,"",1,1,"ISEN_PS1600",25,"817","","",3500,"<=",70095.2,"ohms","<=",85000,"P",2.89223,***,"",
25,"POST_EFUSE_RESISTANCE","","POST_BANKA_EFUSE_RESISTANCE_UNBLOWN_BIT9",490039,"",1,1,"ISEN_PS1600",25,"817","","",65,"<=",91,"ohms","<=",200,"P",2.89223,***,"",
25,"POST_EFUSE_RESISTANCE","","POST_BANKA_EFUSE_RESISTANCE_UNBLOWN_BIT8",490040,"",1,1,"ISEN_PS1600",25,"817","","",65,"<=",79.6,"ohms","<=",200,"P",2.88724,***,"",
25,"POST_EFUSE_RESISTANCE","","POST_BANKA_EFUSE_RESISTANCE_UNBLOWN_BIT7",490041,"",1,1,"ISEN_PS1600",25,"817","","",65,"<=",91,"ohms","<=",200,"P",2.88949,***,"",
25,"POST_EFUSE_RESISTANCE","","POST_BANKA_EFUSE_RESISTANCE_UNBLOWN_BIT6",490042,"",1,1,"ISEN_PS1600",25,"817","","",65,"<=",102.4,"ohms","<=",200,"P",2.88326,***,"",
25,"POST_EFUSE_RESISTANCE","","POST_BANKA_EFUSE_RESISTANCE_BLOWN_BIT5",590043,"",1,1,"ISEN_PS1600",25,"817","","",3500,"<=",70072.4,"ohms","<=",85000,"P",2.88326,***,"",
25,"POST_EFUSE_RESISTANCE","","POST_BANKA_EFUSE_RESISTANCE_UNBLOWN_BIT4",490044,"",1,1,"ISEN_PS1600",25,"817","","",65,"<=",79.6,"ohms","<=",200,"P",2.88326,***,"",
25,"POST_EFUSE_RESISTANCE","","POST_BANKA_EFUSE_RESISTANCE_UNBLOWN_BIT3",490045,"",1,1,"ISEN_PS1600",25,"817","","",65,"<=",79.6,"ohms","<=",200,"P",2.88326,***,"",
25,"POST_EFUSE_RESISTANCE","","POST_BANKA_EFUSE_RESISTANCE_UNBLOWN_BIT2",490046,"",1,1,"ISEN_PS1600",25,"817","","",65,"<=",91,"ohms","<=",200,"P",2.88326,***,"",
25,"POST_EFUSE_RESISTANCE","","POST_BANKA_EFUSE_RESISTANCE_UNBLOWN_BIT1",490047,"",1,1,"ISEN_PS1600",25,"817","","",65,"<=",91,"ohms","<=",200,"P",2.88273,***,"",
25,"POST_EFUSE_RESISTANCE","","POST_BANKA_EFUSE_RESISTANCE_UNBLOWN_BIT0",490048,"",1,1,"ISEN_PS1600",25,"817","","",65,"<=",68.2,"ohms","<=",200,"P",2.88421,***,"",
25,"POST_EFUSE_RESISTANCE","","POST_BANKB_EFUSE_RESISTANCE_BLOWN_BIT47",590049,"",1,1,"ISEN_PS1600",25,"817","","",3500,"<=",70061,"ohms","<=",85000,"P",2.88421,***,"",
25,"POST_EFUSE_RESISTANCE","","POST_BANKB_EFUSE_RESISTANCE_BLOWN_BIT46",590050,"",1,1,"ISEN_PS1600",25,"817","","",3500,"<=",53931.6,"ohms","<=",85000,"P",2.88421,***,"",
25,"POST_EFUSE_RESISTANCE","","POST_BANKB_EFUSE_RESISTANCE_UNBLOWN_BIT45",490051,"",1,1,"ISEN_PS1600",25,"817","","",65,"<=",91,"ohms","<=",200,"P",2.88535,***,"",
25,"POST_EFUSE_RESISTANCE","","POST_BANKB_EFUSE_RESISTANCE_UNBLOWN_BIT44",490052,"",1,1,"ISEN_PS1600",25,"817","","",65,"<=",68.2,"ohms","<=",200,"P",2.89328,***,"",
25,"POST_EFUSE_RESISTANCE","","POST_BANKB_EFUSE_RESISTANCE_UNBLOWN_BIT43",490053,"",1,1,"ISEN_PS1600",25,"817","","",65,"<=",79.6,"ohms","<=",200,"P",2.88605,***,"",
25,"POST_EFUSE_RESISTANCE","","POST_BANKB_EFUSE_RESISTANCE_BLOWN_BIT42",590054,"",1,1,"ISEN_PS1600",25,"817","","",3500,"<=",70095.2,"ohms","<=",85000,"P",2.88855,***,"",
25,"POST_EFUSE_RESISTANCE","","POST_BANKB_EFUSE_RESISTANCE_BLOWN_BIT41",590055,"",1,1,"ISEN_PS1600",25,"817","","",3500,"<=",70083.8,"ohms","<=",85000,"P",2.88855,***,"",
25,"POST_EFUSE_RESISTANCE","","POST_BANKB_EFUSE_RESISTANCE_UNBLOWN_BIT40",490056,"",1,1,"ISEN_PS1600",25,"817","","",65,"<=",68.2,"ohms","<=",200,"P",2.8865,***,"",
25,"POST_EFUSE_RESISTANCE","","POST_BANKB_EFUSE_RESISTANCE_UNBLOWN_BIT39",490057,"",1,1,"ISEN_PS1600",25,"817","","",65,"<=",68.2,"ohms","<=",200,"P",2.88172,***,"",
25,"POST_EFUSE_RESISTANCE","","POST_BANKB_EFUSE_RESISTANCE_BLOWN_BIT38",590058,"",1,1,"ISEN_PS1600",25,"817","","",3500,"<=",70083.8,"ohms","<=",85000,"P",2.88848,***,"",
25,"POST_EFUSE_RESISTANCE","","POST_BANKB_EFUSE_RESISTANCE_BLOWN_BIT37",590059,"",1,1,"ISEN_PS1600",25,"817","","",3500,"<=",70106.6,"ohms","<=",85000,"P",2.88421,***,"",
25,"POST_EFUSE_RESISTANCE","","POST_BANKB_EFUSE_RESISTANCE_BLOWN_BIT36",590060,"",1,1,"ISEN_PS1600",25,"817","","",3500,"<=",70072.4,"ohms","<=",85000,"P",2.88421,***,"",
25,"POST_EFUSE_RESISTANCE","","POST_BANKB_EFUSE_RESISTANCE_UNBLOWN_BIT35",490061,"",1,1,"ISEN_PS1600",25,"817","","",65,"<=",56.8,"ohms","<=",200,"F",2.88421,***,"",
26,"CONTINUITY","","CONTINUITY",10030,"",1,1,"EN0_PS1600",26,"855","","",-500,"<=",-372.083,"mV","<=",-300,"P",0.132977,***,"",
26,"CONTINUITY","","CONTINUITY",10020,"",1,1,"FAULTB_PS1600",26,"855","","",-500,"<=",-427.688,"mV","<=",-300,"P",0.132977,***,"",
26,"CONTINUITY","","CONTINUITY",10050,"",1,1,"FCB_PS1600",26,"855","","",-500,"<=",-371.978,"mV","<=",-300,"P",0.132977,***,"",
26,"CONTINUITY","","CONTINUITY",10090,"",1,1,"ISEN_PS1600",26,"855","","",-500,"<=",-358.82,"mV","<=",-300,"P",0.132977,***,"",
26,"CONTINUITY","","CONTINUITY",10080,"",1,1,"ITRIP_PS1600",26,"855","","",-500,"<=",-374.027,"mV","<=",-300,"P",0.132977,***,"",
26,"CONTINUITY","","CONTINUITY",10040,"",1,1,"OFF_PS1600",26,"855","","",-500,"<=",-365.604,"mV","<=",-300,"P",0.132977,***,"",
26,"CONTINUITY","","CONTINUITY",10010,"",1,1,"SS_PS1600",26,"855","","",-500,"<=",-459.928,"mV","<=",-300,"P",0.132977,***,"",
26,"CONTINUITY","","CONTINUITY",10070,"",1,1,"VBIAS_PS1600",26,"855","","",-500,"<=",-294.23,"mV","<=",-200,"P",0.132977,***,"",
26,"CONTINUITY","","CONTINUITY",10060,"",1,1,"GND_PS1600",26,"855","","",-500,"<=",-353.983,"mV","<=",-300,"P",0.132977,***,"",
26,"CONTINUITY","","CONTINUITY",10180,"",1,1,"VIN1",26,"855","","",-360,"<=",-335.047,"mV","<=",-300,"P",0.132977,***,"",
26,"CONTINUITY","","CONTINUITY",10190,"",1,1,"VIN2",26,"855","","",-360,"<=",-335.564,"mV","<=",-300,"P",0.132977,***,"",
26,"CONTINUITY","","CONTINUITY",10200,"",1,1,"VIN3",26,"855","","",-360,"<=",-335.432,"mV","<=",-300,"P",0.132977,***,"",
26,"CONTINUITY","","CONTINUITY",10210,"",1,1,"VIN4_RS1",26,"855","","",-360,"<=",-335.739,"mV","<=",-300,"P",0.132977,***,"",
26,"CONTINUITY","","CONTINUITY",10220,"",1,1,"VIN4_RS2",26,"855","","",-360,"<=",-335.489,"mV","<=",-300,"P",0.132977,***,"",
26,"CONTINUITY","","CONTINUITY",10230,"",1,1,"VIN5_RS1",26,"855","","",-360,"<=",-335.381,"mV","<=",-300,"P",0.132977,***,"",
26,"CONTINUITY","","CONTINUITY",10240,"",1,1,"VIN5_RS2",26,"855","","",-360,"<=",-335.642,"mV","<=",-300,"P",0.132977,***,"",
26,"CONTINUITY","","CONTINUITY",10250,"",1,1,"VIN6",26,"855","","",-360,"<=",-335.445,"mV","<=",-300,"P",0.132977,***,"",
26,"CONTINUITY","","CONTINUITY",10100,"",1,1,"VOUT1",26,"855","","",-300,"<=",-223.335,"mV","<=",-200,"P",0.132977,***,"",
26,"CONTINUITY","","CONTINUITY",10110,"",1,1,"VOUT2_RS1",26,"855","","",-300,"<=",-223.48,"mV","<=",-200,"P",0.132977,***,"",
26,"CONTINUITY","","CONTINUITY",10120,"",1,1,"VOUT2_RS2",26,"855","","",-300,"<=",-223.227,"mV","<=",-200,"P",0.132977,***,"",
26,"CONTINUITY","","CONTINUITY",10130,"",1,1,"VOUT3_RS1",26,"855","","",-300,"<=",-223.328,"mV","<=",-200,"P",0.132977,***,"",
26,"CONTINUITY","","CONTINUITY",10140,"",1,1,"VOUT3_RS2",26,"855","","",-300,"<=",-223.457,"mV","<=",-200,"P",0.132977,***,"",
26,"CONTINUITY","","CONTINUITY",10150,"",1,1,"VOUT4",26,"855","","",-300,"<=",-223.372,"mV","<=",-200,"P",0.132977,***,"",
26,"CONTINUITY","","CONTINUITY",10160,"",1,1,"VOUT5",26,"855","","",-300,"<=",-223.322,"mV","<=",-200,"P",0.132977,***,"",
26,"CONTINUITY","","CONTINUITY",10170,"",1,1,"VOUT6",26,"855","","",-300,"<=",-223.347,"mV","<=",-200,"P",0.132977,***,"",
26,"Pin_to_Pin_Leakage","","PIN_TO_PIN_POS_LEAKAGE_PIN",20010,"",1,1,"FAULTB_PS1600",26,"855","","",-200,"<=",-5.37736,"nA","<=",200,"P",0.416773,***,"",
26,"Pin_to_Pin_Leakage","","PIN_TO_PIN_NEG_LEAKAGE_PIN",20110,"",1,1,"FAULTB_PS1600",26,"855","","",-200,"<=",-5.37736,"nA","<=",200,"P",0.416773,***,"",
26,"Pin_to_Pin_Leakage","","PIN_TO_PIN_POS_LEAKAGE_PIN",20020,"",1,1,"ITRIP_PS1600",26,"855","","",-200,"<=",-9.86542,"nA","<=",200,"P",0.416773,***,"",
26,"Pin_to_Pin_Leakage","","PIN_TO_PIN_NEG_LEAKAGE_PIN",20120,"",1,1,"ITRIP_PS1600",26,"855","","",-200,"<=",-9.86542,"nA","<=",200,"P",0.416773,***,"",
26,"Pin_to_Pin_Leakage","","PIN_TO_PIN_POS_LEAKAGE_PIN",20030,"",1,1,"OFF_PS1600",26,"855","","",-200,"<=",-7.05235,"nA","<=",200,"P",0.416773,***,"",
26,"Pin_to_Pin_Leakage","","PIN_TO_PIN_NEG_LEAKAGE_PIN",20130,"",1,1,"OFF_PS1600",26,"855","","",-200,"<=",-7.05235,"nA","<=",200,"P",0.416773,***,"",
26,"Pin_to_Pin_Leakage","","PIN_TO_PIN_POS_LEAKAGE_PIN",20040,"",1,1,"SS_PS1600",26,"855","","",-200,"<=",-10.3318,"nA","<=",200,"P",0.416773,***,"",
26,"Pin_to_Pin_Leakage","","PIN_TO_PIN_NEG_LEAKAGE_PIN",20140,"",1,1,"SS_PS1600",26,"855","","",-200,"<=",-10.3318,"nA","<=",200,"P",0.416773,***,"",
26,"Pin_to_Pin_Leakage","","PIN_TO_PIN_POS_LEAKAGE_PIN",20050,"",1,1,"VIN1",26,"855","","",10,"<=",299.013,"nA","<=",500,"P",0.416773,***,"",
26,"Pin_to_Pin_Leakage","","PIN_TO_PIN_NEG_LEAKAGE_PIN",20150,"",1,1,"VIN1",26,"855","","",-500,"<=",-302.16,"nA","<=",-10,"P",0.416773,***,"",
26,"Pin_to_Pin_Leakage","","PIN_TO_PIN_POS_LEAKAGE_PIN",20060,"",1,1,"VOUT1",26,"855","","",10,"<=",300.242,"nA","<=",500,"P",0.416773,***,"",
26,"Pin_to_Pin_Leakage","","PIN_TO_PIN_NEG_LEAKAGE_PIN",20160,"",1,1,"VOUT1",26,"855","","",-500,"<=",-301.607,"nA","<=",-10,"P",0.416773,***,"",
26,"Pin_to_Pin_Leakage","","PIN_TO_PIN_POS_LEAKAGE_PIN",20070,"",1,1,"EN0_PS1600",26,"855","","",300,"<=",545.377,"nA","<=",700,"P",0.416773,***,"",
26,"Pin_to_Pin_Leakage","","PIN_TO_PIN_NEG_LEAKAGE_PIN",20170,"",1,1,"EN0_PS1600",26,"855","","",-700,"<=",-548.521,"nA","<=",-300,"P",0.416773,***,"",
26,"Pin_to_Pin_Leakage","","PIN_TO_PIN_POS_LEAKAGE_PIN",20080,"",1,1,"FCB_PS1600",26,"855","","",-200,"<=",0.0421979,"nA","<=",200,"P",0.416773,***,"",
26,"Pin_to_Pin_Leakage","","PIN_TO_PIN_NEG_LEAKAGE_PIN",20180,"",1,1,"FCB_PS1600",26,"855","","",-200,"<=",-4.61431,"nA","<=",200,"P",0.416773,***,"",
26,"Pin_to_Pin_Leakage","","PIN_TO_PIN_POS_LEAKAGE_PIN",20090,"",1,1,"ISEN_PS1600",26,"855","","",-200,"<=",0.0971407,"nA","<=",200,"P",0.416773,***,"",
26,"Pin_to_Pin_Leakage","","PIN_TO_PIN_NEG_LEAKAGE_PIN",20190,"",1,1,"ISEN_PS1600",26,"855","","",-200,"<=",-8.54807,"nA","<=",200,"P",0.416773,***,"",
26,"Pin_to_Pin_Leakage","","PIN_TO_PIN_POS_LEAKAGE_PIN_VBIAS_PS1600",20100,"",1,1,"VBIAS_PS1600",26,"855","","",500,"<=",797,"nA","<=",1000,"P",0.416773,***,"",
26,"Pin_to_Pin_Leakage","","PIN_TO_PIN_NEG_LEAKAGE_PIN_VBIAS_PS1600",20200,"",1,1,"VBIAS_PS1600",26,"855","","",-1000,"<=",-870,"nA","<=",-500,"P",0.416773,***,"",
26,"IVDDFL_IVINFL_RONFL","","RON_200mAVDD_5_VIN_5_20V_Part",90050,"",1,1,"VIN1",26,"855","","",0.01,"<=",0.0232995,"ohm","<=",0.03,"P",0.034414,***,"",
26,"IVDDFL_IVINFL_RONFL","","DEVICE_VARIENT_TRUE",90060,"",1,1,"VIN1",26,"855","","",0.5,"<=",1,"","<=",1.5,"P",0.034414,***,"",
26,"Fuse_Burn_Check","","BANKA_BIT5_BLOWN_TRUE",1000001,"",1,1,"OFF_PS1600",26,"855","","",0,"<=",1,"","<=",1,"P",0.0995141,***,"",
26,"Gross_Functional_EN_FCB_FAULTB_OFF","","EN_FCB_LOW_VOUT_LOW",30010,"",1,1,"VOUT4",26,"855","","",-0.001,"<=",0.0169563,"V","<=",1,"P",0.231374,***,"",
26,"Gross_Functional_EN_FCB_FAULTB_OFF","","EN_FCB_LOW_OFF_HIGH",30020,"",1,1,"OFF_PS1600",26,"855","","",1.6,"<=",1.79882,"V","<=",2.3,"P",0.231374,***,"",
26,"Gross_Functional_EN_FCB_FAULTB_OFF","","FCB_LOW_VOUT_LOW",30030,"",1,1,"VOUT4",26,"855","","",-0.001,"<=",0.00201607,"V","<=",0.5,"P",0.231374,***,"",
26,"Gross_Functional_EN_FCB_FAULTB_OFF","","FCB_LOW_OFF_HIGH",30040,"",1,1,"OFF_PS1600",26,"855","","",1.6,"<=",1.7995,"V","<=",2.3,"P",0.231374,***,"",
26,"Gross_Functional_EN_FCB_FAULTB_OFF","","EN_LOW_VOUT_LOW",30050,"",1,1,"VOUT4",26,"855","","",-0.001,"<=",0.0014801,"V","<=",0.5,"P",0.231374,***,"",
26,"Gross_Functional_EN_FCB_FAULTB_OFF","","EN_LOW_OFF_HIGH",30060,"",1,1,"OFF_PS1600",26,"855","","",1.6,"<=",1.79888,"V","<=",2.3,"P",0.231374,***,"",
26,"Gross_Functional_EN_FCB_FAULTB_OFF","","EN_FCB_HIGH_VOUT_HIGH",30070,"",1,1,"VOUT4",26,"855","","",4.85,"<=",4.9999,"V","<=",5.1,"P",0.231374,***,"",
26,"Gross_Functional_EN_FCB_FAULTB_OFF","","EN_FCB_HIGH_OFF_LOW",30080,"",1,1,"OFF_PS1600",26,"855","","",-0.001,"<=",0.000771185,"V","<=",0.5,"P",0.231374,***,"",
26,"Gross_Functional_EN_FCB_FAULTB_OFF","","FAULT_SET_VOUT_LOW",30090,"",1,1,"VOUT4",26,"855","","",-0.001,"<=",-0.000234604,"V","<=",0.5,"P",0.231374,***,"",
26,"Gross_Functional_EN_FCB_FAULTB_OFF","","FAULT_SET_OFF_HIGH",30100,"",1,1,"OFF_PS1600",26,"855","","",1.6,"<=",1.84361,"V","<=",2.3,"P",0.231374,***,"",
26,"Gross_Functional_EN_FCB_FAULTB_OFF","","FAULT_RESET_VOUT_HIGH",30110,"",1,1,"VOUT4",26,"855","","",4.85,"<=",4.99973,"V","<=",5.1,"P",0.231374,***,"",
26,"Gross_Functional_EN_FCB_FAULTB_OFF","","FAULT_RESET_OFF_LOW",30120,"",1,1,"OFF_PS1600",26,"855","","",0,"<=",0.000714269,"V","<=",0.5,"P",0.231374,***,"",
26,"Output_disabled_leakage","","IVDDDIS_VDD_3_VIN_3",40010,"",1,1,"VDD",26,"855","","",10,"<=",115.78,"uA","<=",166.5,"P",0.10165,***,"",
26,"Output_disabled_leakage","","IVINDIS_VDD_3_VIN_3",40050,"",1,1,"VIN1",26,"855","","",10,"<=",78.1463,"uA","<=",166.5,"P",0.10165,***,"",
26,"Output_disabled_leakage","","IOFF_VDD_3_VIN_3",40090,"",1,1,"VOUT4",26,"855","","",-14,"<=",-2.07461,"uA","<=",11,"P",0.10165,***,"",
26,"Output_disabled_leakage","","IVDDDIS_VDD_3_VIN_20",40020,"",1,1,"VDD",26,"855","","",10,"<=",107.612,"uA","<=",166.5,"P",0.10165,***,"",
26,"Output_disabled_leakage","","IVINDIS_VDD_3_VIN_20",40060,"",1,1,"VIN1",26,"855","","",10,"<=",96.0166,"uA","<=",166.5,"P",0.10165,***,"",
26,"Output_disabled_leakage","","IOFF_VDD_3_VIN_20",40100,"",1,1,"VOUT4",26,"855","","",-14,"<=",-2.66449,"uA","<=",11,"P",0.10165,***,"",
26,"Output_disabled_leakage","","IVINVDD0_VIN_3",40130,"",1,1,"VIN1",26,"855","","",10,"<=",72.7,"uA","<=",166.5,"P",0.10165,***,"",
26,"Output_disabled_leakage","","IOFFVDD0_VIN_3",40150,"",1,1,"VOUT4",26,"855","","",-14,"<=",-1.78804,"uA","<=",11,"P",0.10165,***,"",
26,"Output_disabled_leakage","","IVDDDIS_VDD_20_VIN_3",40030,"",1,1,"VDD",26,"855","","",10,"<=",132.777,"uA","<=",166.5,"P",0.10165,***,"",
26,"Output_disabled_leakage","","IVINDIS_VDD_20_VIN_3",40070,"",1,1,"VIN1",26,"855","","",10,"<=",76.8444,"uA","<=",166.5,"P",0.10165,***,"",
26,"Output_disabled_leakage","","IOFF_VDD_20_VIN_3",40110,"",1,1,"VOUT4",26,"855","","",-14,"<=",-2.12403,"uA","<=",11,"P",0.10165,***,"",
26,"Output_disabled_leakage","","IVDDDIS_VDD_20_VIN_20",40040,"",1,1,"VDD",26,"855","","",10,"<=",133.155,"uA","<=",166.5,"P",0.10165,***,"",
26,"Output_disabled_leakage","","IVINDIS_VDD_20_VIN_20",40080,"",1,1,"VIN1",26,"855","","",10,"<=",97.7926,"uA","<=",166.5,"P",0.10165,***,"",
26,"Output_disabled_leakage","","IOFF_VDD_20_VIN_20",40120,"",1,1,"VOUT4",26,"855","","",-14,"<=",-2.40238,"uA","<=",11,"P",0.10165,***,"",
26,"Output_disabled_leakage","","IVINVDD0_VIN_20",40140,"",1,1,"VIN1",26,"855","","",10,"<=",124.786,"uA","<=",166.5,"P",0.10165,***,"",
26,"Output_disabled_leakage","","IOFFVDD0_VIN_20",40160,"",1,1,"VOUT4",26,"855","","",-14,"<=",-1.8986,"uA","<=",11,"P",0.10165,***,"",
26,"EN_pullup_resistor","","EN0V_PULLUP_RES",50010,"",1,1,"EN0_PS1600",26,"855","","",155,"<=",183.972,"Kohm","<=",230,"P",0.0272827,***,"",
26,"EN_pullup_resistor","","EN1V_PULLUP_RES",50020,"",1,1,"EN0_PS1600",26,"855","","",155,"<=",184.825,"Kohm","<=",230,"P",0.0272827,***,"",
26,"EN_pullup_resistor","","EN0V_Current",50030,"",1,1,"EN0_PS1600",26,"855","","",-11,"<=",-9.78412,"uA","<=",-7,"P",0.0272827,***,"",
26,"EN_pullup_resistor","","EN1V_Current",50040,"",1,1,"EN0_PS1600",26,"855","","",-5.5,"<=",-4.32841,"uA","<=",-3,"P",0.0272827,***,"",
26,"Leakage_Test","","IOFF_REVERSE_VOUT_VIN_LEAKAGE_1mA",60030,"",1,1,"VIN",26,"855","","",-331,"<=",-265.224,"mV","<=",-205,"P",0.0588329,***,"",
26,"Leakage_Test","","IOFF_REVERSE_VOUT_VIN_LEAKAGE_10mA",60040,"",1,1,"VIN",26,"855","","",-340,"<=",-327.936,"mV","<=",-205,"P",0.0588329,***,"",
26,"Leakage_Test","","IOFF_REVERSE_VOUT_VIN_LEAKAGE_100mA",60050,"",1,1,"VIN",26,"855","","",-331,"<=",-205.767,"mV","<=",-205,"P",0.0588329,***,"",
26,"Nominal_Input_pin_Leakages","","LEAKAGE",70010,"",1,1,"EN0_PS1600",26,"855","","",10,"<=",26.7168,"uA","<=",40,"P",0.139807,***,"",
26,"Nominal_Input_pin_Leakages","","LEAKAGE",70060,"",1,1,"FAULTB_PS1600",26,"855","","",-0.2,"<=",0.00464618,"uA","<=",0.2,"P",0.139807,***,"",
26,"Nominal_Input_pin_Leakages","","LEAKAGE",70020,"",1,1,"FCB_PS1600",26,"855","","",-0.5,"<=",0.136876,"uA","<=",0.5,"P",0.139807,***,"",
26,"Nominal_Input_pin_Leakages","","LEAKAGE",70040,"",1,1,"ISEN_PS1600",26,"855","","",24,"<=",28.5425,"uA","<=",50,"P",0.139807,***,"",
26,"Nominal_Input_pin_Leakages","","LEAKAGE",70030,"",1,1,"ITRIP_PS1600",26,"855","","",14,"<=",16.1509,"uA","<=",25,"P",0.139807,***,"",
26,"Nominal_Input_pin_Leakages","","LEAKAGE",70080,"",1,1,"OFF_PS1600",26,"855","","",-0.2,"<=",0.07472,"uA","<=",0.5,"P",0.139807,***,"",
26,"Nominal_Input_pin_Leakages","","LEAKAGE",70050,"",1,1,"SS_PS1600",26,"855","","",20,"<=",53.7613,"uA","<=",70,"P",0.139807,***,"",
26,"Nominal_Input_pin_Leakages","","LEAKAGE",70070,"",1,1,"VBIAS_PS1600",26,"855","","",5,"<=",27.5181,"uA","<=",40,"P",0.139807,***,"",
26,"Nominal_Input_pin_Leakages","","LEAKAGE_2V",70090,"",1,1,"OFF_PS1600",26,"855","","",-0.5,"<=",0.043096,"uA","<=",0.5,"P",0.139807,***,"",
26,"Output_enabled_leakage","","IVDD_VDD_3_Vin_3",80001,"",1,1,"VDD",26,"855","","",10,"<=",104.044,"uA","<=",130,"P",0.495899,***,"",
26,"Output_enabled_leakage","","IVIN_VDD_3_Vin_3",80005,"",1,1,"VIN1",26,"855","","",10,"<=",53.6144,"uA","<=",75,"P",0.495899,***,"",
26,"Output_enabled_leakage","","IVDD_VDD_3_Vin_20",80010,"",1,1,"VDD",26,"855","","",10,"<=",98.6801,"uA","<=",150,"P",0.495899,***,"",
26,"Output_enabled_leakage","","IVIN_VDD_3_Vin_20",80014,"",1,1,"VIN1",26,"855","","",10,"<=",84.7578,"uA","<=",120,"P",0.495899,***,"",
26,"Output_enabled_leakage","","IVDD_VDD_20_Vin_3",80011,"",1,1,"VDD",26,"855","","",10,"<=",115.409,"uA","<=",150,"P",0.495899,***,"",
26,"Output_enabled_leakage","","IVIN_VDD_20_Vin_3",80015,"",1,1,"VIN1",26,"855","","",10,"<=",53.5315,"uA","<=",75,"P",0.495899,***,"",
26,"Output_enabled_leakage","","IVDD_VDD_20_Vin_20",80012,"",1,1,"VDD",26,"855","","",10,"<=",119.031,"uA","<=",175,"P",0.495899,***,"",
26,"Output_enabled_leakage","","IVIN_VDD_20_Vin_20",80016,"",1,1,"VIN1",26,"855","","",10,"<=",85.1825,"uA","<=",120,"P",0.495899,***,"",
26,"SCAN","","Scan_test",330010,"_rdi_burst_SCAN_bk4_mp",1,1,"@",26,"855","","",***,"",***," ","",***,"P",0.0437546,***,"",
26,"Logic","","Logic_test",340010,"_rdi_burst_Logic_bk6_mp",1,1,"@",26,"855","","",***,"",***," ","",***,"P",0.279346,***,"",
26,"POST_EFUSE_RESISTANCE","","POST_BANKA_EFUSE_RESISTANCE_BLOWN_BIT47",590001,"",1,1,"ISEN_PS1600",26,"855","","",3500,"<=",69321,"ohms","<=",85000,"P",3.61603,***,"",
26,"POST_EFUSE_RESISTANCE","","POST_BANKA_EFUSE_RESISTANCE_BLOWN_BIT46",590002,"",1,1,"ISEN_PS1600",26,"855","","",3500,"<=",69343.8,"ohms","<=",85000,"P",3.6658,***,"",
26,"POST_EFUSE_RESISTANCE","","POST_BANKA_EFUSE_RESISTANCE_UNBLOWN_BIT45",490003,"",1,1,"ISEN_PS1600",26,"855","","",65,"<=",102.4,"ohms","<=",200,"P",3.72201,***,"",
26,"POST_EFUSE_RESISTANCE","","POST_BANKA_EFUSE_RESISTANCE_BLOWN_BIT44",590004,"",1,1,"ISEN_PS1600",26,"855","","",3500,"<=",69366.6,"ohms","<=",85000,"P",2.88429,***,"",
26,"POST_EFUSE_RESISTANCE","","POST_BANKA_EFUSE_RESISTANCE_UNBLOWN_BIT43",490005,"",1,1,"ISEN_PS1600",26,"855","","",65,"<=",68.2,"ohms","<=",200,"P",2.88802,***,"",
26,"POST_EFUSE_RESISTANCE","","POST_BANKA_EFUSE_RESISTANCE_BLOWN_BIT42",590006,"",1,1,"ISEN_PS1600",26,"855","","",3500,"<=",69332.6,"ohms","<=",85000,"P",2.88801,***,"",
26,"POST_EFUSE_RESISTANCE","","POST_BANKA_EFUSE_RESISTANCE_BLOWN_BIT41",590007,"",1,1,"ISEN_PS1600",26,"855","","",3500,"<=",69332.6,"ohms","<=",85000,"P",2.88801,***,"",
26,"POST_EFUSE_RESISTANCE","","POST_BANKA_EFUSE_RESISTANCE_UNBLOWN_BIT40",490008,"",1,1,"ISEN_PS1600",26,"855","","",65,"<=",102.4,"ohms","<=",200,"P",2.88725,***,"",
26,"POST_EFUSE_RESISTANCE","","POST_BANKA_EFUSE_RESISTANCE_BLOWN_BIT39",590009,"",1,1,"ISEN_PS1600",26,"855","","",3500,"<=",69378.2,"ohms","<=",85000,"P",2.88741,***,"",
26,"POST_EFUSE_RESISTANCE","","POST_BANKA_EFUSE_RESISTANCE_BLOWN_BIT38",590010,"",1,1,"ISEN_PS1600",26,"855","","",3500,"<=",69366.8,"ohms","<=",85000,"P",2.88625,***,"",
26,"POST_EFUSE_RESISTANCE","","POST_BANKA_EFUSE_RESISTANCE_BLOWN_BIT37",590011,"",1,1,"ISEN_PS1600",26,"855","","",3500,"<=",69332.6,"ohms","<=",85000,"P",2.88604,***,"",
26,"POST_EFUSE_RESISTANCE","","POST_BANKA_EFUSE_RESISTANCE_UNBLOWN_BIT36",490012,"",1,1,"ISEN_PS1600",26,"855","","",65,"<=",68.2,"ohms","<=",200,"P",2.89109,***,"",
26,"POST_EFUSE_RESISTANCE","","POST_BANKA_EFUSE_RESISTANCE_BLOWN_BIT35",590013,"",1,1,"ISEN_PS1600",26,"855","","",3500,"<=",69344,"ohms","<=",85000,"P",2.89109,***,"",
26,"POST_EFUSE_RESISTANCE","","POST_BANKA_EFUSE_RESISTANCE_BLOWN_BIT34",590014,"",1,1,"ISEN_PS1600",26,"855","","",3500,"<=",69321.2,"ohms","<=",85000,"P",2.89109,***,"",
26,"POST_EFUSE_RESISTANCE","","POST_BANKA_EFUSE_RESISTANCE_BLOWN_BIT33",590015,"",1,1,"ISEN_PS1600",26,"855","","",3500,"<=",69355.2,"ohms","<=",85000,"P",2.89109,***,"",
26,"POST_EFUSE_RESISTANCE","","POST_BANKA_EFUSE_RESISTANCE_BLOWN_BIT32",590016,"",1,1,"ISEN_PS1600",26,"855","","",3500,"<=",69343.8,"ohms","<=",85000,"P",2.89765,***,"",
26,"POST_EFUSE_RESISTANCE","","POST_BANKA_EFUSE_RESISTANCE_UNBLOWN_BIT31",490017,"",1,1,"ISEN_PS1600",26,"855","","",65,"<=",68.2,"ohms","<=",200,"P",2.89297,***,"",
26,"POST_EFUSE_RESISTANCE","","POST_BANKA_EFUSE_RESISTANCE_UNBLOWN_BIT30",490018,"",1,1,"ISEN_PS1600",26,"855","","",65,"<=",102.4,"ohms","<=",200,"P",2.88839,***,"",
26,"POST_EFUSE_RESISTANCE","","POST_BANKA_EFUSE_RESISTANCE_BLOWN_BIT29",590019,"",1,1,"ISEN_PS1600",26,"855","","",3500,"<=",69366.6,"ohms","<=",85000,"P",2.8899,***,"",
26,"POST_EFUSE_RESISTANCE","","POST_BANKA_EFUSE_RESISTANCE_UNBLOWN_BIT28",490020,"",1,1,"ISEN_PS1600",26,"855","","",65,"<=",68.2,"ohms","<=",200,"P",2.88735,***,"",
26,"POST_EFUSE_RESISTANCE","","POST_BANKA_EFUSE_RESISTANCE_BLOWN_BIT27",590021,"",1,1,"ISEN_PS1600",26,"855","","",3500,"<=",69343.8,"ohms","<=",85000,"P",2.88735,***,"",
26,"POST_EFUSE_RESISTANCE","","POST_BANKA_EFUSE_RESISTANCE_BLOWN_BIT26",590022,"",1,1,"ISEN_PS1600",26,"855","","",3500,"<=",69378,"ohms","<=",85000,"P",2.89318,***,"",
26,"POST_EFUSE_RESISTANCE","","POST_BANKA_EFUSE_RESISTANCE_UNBLOWN_BIT25",490023,"",1,1,"ISEN_PS1600",26,"855","","",65,"<=",102.4,"ohms","<=",200,"P",2.89318,***,"",
26,"POST_EFUSE_RESISTANCE","","POST_BANKA_EFUSE_RESISTANCE_BLOWN_BIT24",590024,"",1,1,"ISEN_PS1600",26,"855","","",3500,"<=",69355.2,"ohms","<=",85000,"P",2.88625,***,"",
26,"POST_EFUSE_RESISTANCE","","POST_BANKA_EFUSE_RESISTANCE_UNBLOWN_BIT23",490025,"",1,1,"ISEN_PS1600",26,"855","","",65,"<=",56.8,"ohms","<=",200,"F",2.88735,***,"",
27,"CONTINUITY","","CONTINUITY",10030,"",1,1,"EN0_PS1600",27,"874","","",-500,"<=",-371.685,"mV","<=",-300,"P",0.132977,***,"",
27,"CONTINUITY","","CONTINUITY",10020,"",1,1,"FAULTB_PS1600",27,"874","","",-500,"<=",-426.038,"mV","<=",-300,"P",0.132977,***,"",
27,"CONTINUITY","","CONTINUITY",10050,"",1,1,"FCB_PS1600",27,"874","","",-500,"<=",-372.377,"mV","<=",-300,"P",0.132977,***,"",
27,"CONTINUITY","","CONTINUITY",10090,"",1,1,"ISEN_PS1600",27,"874","","",-500,"<=",-358.137,"mV","<=",-300,"P",0.132977,***,"",
27,"CONTINUITY","","CONTINUITY",10080,"",1,1,"ITRIP_PS1600",27,"874","","",-500,"<=",-373.914,"mV","<=",-300,"P",0.132977,***,"",
27,"CONTINUITY","","CONTINUITY",10040,"",1,1,"OFF_PS1600",27,"874","","",-500,"<=",-365.205,"mV","<=",-300,"P",0.132977,***,"",
27,"CONTINUITY","","CONTINUITY",10010,"",1,1,"SS_PS1600",27,"874","","",-500,"<=",-456.456,"mV","<=",-300,"P",0.132977,***,"",
27,"CONTINUITY","","CONTINUITY",10070,"",1,1,"VBIAS_PS1600",27,"874","","",-500,"<=",-294.116,"mV","<=",-200,"P",0.132977,***,"",
27,"CONTINUITY","","CONTINUITY",10060,"",1,1,"GND_PS1600",27,"874","","",-500,"<=",-354.381,"mV","<=",-300,"P",0.132977,***,"",
27,"CONTINUITY","","CONTINUITY",10180,"",1,1,"VIN1",27,"874","","",-360,"<=",-338.184,"mV","<=",-300,"P",0.132977,***,"",
27,"CONTINUITY","","CONTINUITY",10190,"",1,1,"VIN2",27,"874","","",-360,"<=",-338.369,"mV","<=",-300,"P",0.132977,***,"",
27,"CONTINUITY","","CONTINUITY",10200,"",1,1,"VIN3",27,"874","","",-360,"<=",-338.379,"mV","<=",-300,"P",0.132977,***,"",
27,"CONTINUITY","","CONTINUITY",10210,"",1,1,"VIN4_RS1",27,"874","","",-360,"<=",-338.331,"mV","<=",-300,"P",0.132977,***,"",
27,"CONTINUITY","","CONTINUITY",10220,"",1,1,"VIN4_RS2",27,"874","","",-360,"<=",-338.463,"mV","<=",-300,"P",0.132977,***,"",
27,"CONTINUITY","","CONTINUITY",10230,"",1,1,"VIN5_RS1",27,"874","","",-360,"<=",-338.377,"mV","<=",-300,"P",0.132977,***,"",
27,"CONTINUITY","","CONTINUITY",10240,"",1,1,"VIN5_RS2",27,"874","","",-360,"<=",-338.331,"mV","<=",-300,"P",0.132977,***,"",
27,"CONTINUITY","","CONTINUITY",10250,"",1,1,"VIN6",27,"874","","",-360,"<=",-338.762,"mV","<=",-300,"P",0.132977,***,"",
27,"CONTINUITY","","CONTINUITY",10100,"",1,1,"VOUT1",27,"874","","",-300,"<=",-223.429,"mV","<=",-200,"P",0.132977,***,"",
27,"CONTINUITY","","CONTINUITY",10110,"",1,1,"VOUT2_RS1",27,"874","","",-300,"<=",-223.04,"mV","<=",-200,"P",0.132977,***,"",
27,"CONTINUITY","","CONTINUITY",10120,"",1,1,"VOUT2_RS2",27,"874","","",-300,"<=",-223.242,"mV","<=",-200,"P",0.132977,***,"",
27,"CONTINUITY","","CONTINUITY",10130,"",1,1,"VOUT3_RS1",27,"874","","",-300,"<=",-223.114,"mV","<=",-200,"P",0.132977,***,"",
27,"CONTINUITY","","CONTINUITY",10140,"",1,1,"VOUT3_RS2",27,"874","","",-300,"<=",-223.377,"mV","<=",-200,"P",0.132977,***,"",
27,"CONTINUITY","","CONTINUITY",10150,"",1,1,"VOUT4",27,"874","","",-300,"<=",-223.166,"mV","<=",-200,"P",0.132977,***,"",
27,"CONTINUITY","","CONTINUITY",10160,"",1,1,"VOUT5",27,"874","","",-300,"<=",-223.192,"mV","<=",-200,"P",0.132977,***,"",
27,"CONTINUITY","","CONTINUITY",10170,"",1,1,"VOUT6",27,"874","","",-300,"<=",-223.227,"mV","<=",-200,"P",0.132977,***,"",
27,"Pin_to_Pin_Leakage","","PIN_TO_PIN_POS_LEAKAGE_PIN",20010,"",1,1,"FAULTB_PS1600",27,"874","","",-200,"<=",-5.47892,"nA","<=",200,"P",0.416773,***,"",
27,"Pin_to_Pin_Leakage","","PIN_TO_PIN_NEG_LEAKAGE_PIN",20110,"",1,1,"FAULTB_PS1600",27,"874","","",-200,"<=",-5.47892,"nA","<=",200,"P",0.416773,***,"",
27,"Pin_to_Pin_Leakage","","PIN_TO_PIN_POS_LEAKAGE_PIN",20020,"",1,1,"ITRIP_PS1600",27,"874","","",-200,"<=",-9.71292,"nA","<=",200,"P",0.416773,***,"",
27,"Pin_to_Pin_Leakage","","PIN_TO_PIN_NEG_LEAKAGE_PIN",20120,"",1,1,"ITRIP_PS1600",27,"874","","",-200,"<=",-9.71292,"nA","<=",200,"P",0.416773,***,"",
27,"Pin_to_Pin_Leakage","","PIN_TO_PIN_POS_LEAKAGE_PIN",20030,"",1,1,"OFF_PS1600",27,"874","","",-200,"<=",-7.56415,"nA","<=",200,"P",0.416773,***,"",
27,"Pin_to_Pin_Leakage","","PIN_TO_PIN_NEG_LEAKAGE_PIN",20130,"",1,1,"OFF_PS1600",27,"874","","",-200,"<=",-7.56415,"nA","<=",200,"P",0.416773,***,"",
27,"Pin_to_Pin_Leakage","","PIN_TO_PIN_POS_LEAKAGE_PIN",20040,"",1,1,"SS_PS1600",27,"874","","",-200,"<=",-9.3103,"nA","<=",200,"P",0.416773,***,"",
27,"Pin_to_Pin_Leakage","","PIN_TO_PIN_NEG_LEAKAGE_PIN",20140,"",1,1,"SS_PS1600",27,"874","","",-200,"<=",-9.3103,"nA","<=",200,"P",0.416773,***,"",
27,"Pin_to_Pin_Leakage","","PIN_TO_PIN_POS_LEAKAGE_PIN",20050,"",1,1,"VIN1",27,"874","","",10,"<=",299.096,"nA","<=",500,"P",0.416773,***,"",
27,"Pin_to_Pin_Leakage","","PIN_TO_PIN_NEG_LEAKAGE_PIN",20150,"",1,1,"VIN1",27,"874","","",-500,"<=",-302.989,"nA","<=",-10,"P",0.416773,***,"",
27,"Pin_to_Pin_Leakage","","PIN_TO_PIN_POS_LEAKAGE_PIN",20060,"",1,1,"VOUT1",27,"874","","",10,"<=",299.46,"nA","<=",500,"P",0.416773,***,"",
27,"Pin_to_Pin_Leakage","","PIN_TO_PIN_NEG_LEAKAGE_PIN",20160,"",1,1,"VOUT1",27,"874","","",-500,"<=",-300.468,"nA","<=",-10,"P",0.416773,***,"",
27,"Pin_to_Pin_Leakage","","PIN_TO_PIN_POS_LEAKAGE_PIN",20070,"",1,1,"EN0_PS1600",27,"874","","",300,"<=",537.574,"nA","<=",700,"P",0.416773,***,"",
27,"Pin_to_Pin_Leakage","","PIN_TO_PIN_NEG_LEAKAGE_PIN",20170,"",1,1,"EN0_PS1600",27,"874","","",-700,"<=",-540.513,"nA","<=",-300,"P",0.416773,***,"",
27,"Pin_to_Pin_Leakage","","PIN_TO_PIN_POS_LEAKAGE_PIN",20080,"",1,1,"FCB_PS1600",27,"874","","",-200,"<=",-0.61654,"nA","<=",200,"P",0.416773,***,"",
27,"Pin_to_Pin_Leakage","","PIN_TO_PIN_NEG_LEAKAGE_PIN",20180,"",1,1,"FCB_PS1600",27,"874","","",-200,"<=",-4.46229,"nA","<=",200,"P",0.416773,***,"",
27,"Pin_to_Pin_Leakage","","PIN_TO_PIN_POS_LEAKAGE_PIN",20090,"",1,1,"ISEN_PS1600",27,"874","","",-200,"<=",0.0971407,"nA","<=",200,"P",0.416773,***,"",
27,"Pin_to_Pin_Leakage","","PIN_TO_PIN_NEG_LEAKAGE_PIN",20190,"",1,1,"ISEN_PS1600",27,"874","","",-200,"<=",-8.49691,"nA","<=",200,"P",0.416773,***,"",
27,"Pin_to_Pin_Leakage","","PIN_TO_PIN_POS_LEAKAGE_PIN_VBIAS_PS1600",20100,"",1,1,"VBIAS_PS1600",27,"874","","",500,"<=",771,"nA","<=",1000,"P",0.416773,***,"",
27,"Pin_to_Pin_Leakage","","PIN_TO_PIN_NEG_LEAKAGE_PIN_VBIAS_PS1600",20200,"",1,1,"VBIAS_PS1600",27,"874","","",-1000,"<=",-855,"nA","<=",-500,"P",0.416773,***,"",
27,"IVDDFL_IVINFL_RONFL","","RON_200mAVDD_5_VIN_5_20V_Part",90050,"",1,1,"VIN1",27,"874","","",0.01,"<=",0.0231922,"ohm","<=",0.03,"P",0.034414,***,"",
27,"IVDDFL_IVINFL_RONFL","","DEVICE_VARIENT_TRUE",90060,"",1,1,"VIN1",27,"874","","",0.5,"<=",1,"","<=",1.5,"P",0.034414,***,"",
27,"Fuse_Burn_Check","","BANKA_BIT5_BLOWN_TRUE",1000001,"",1,1,"OFF_PS1600",27,"874","","",0,"<=",1,"","<=",1,"P",0.0995141,***,"",
27,"Gross_Functional_EN_FCB_FAULTB_OFF","","EN_FCB_LOW_VOUT_LOW",30010,"",1,1,"VOUT4",27,"874","","",-0.001,"<=",0.01264,"V","<=",1,"P",0.231374,***,"",
27,"Gross_Functional_EN_FCB_FAULTB_OFF","","EN_FCB_LOW_OFF_HIGH",30020,"",1,1,"OFF_PS1600",27,"874","","",1.6,"<=",1.80747,"V","<=",2.3,"P",0.231374,***,"",
27,"Gross_Functional_EN_FCB_FAULTB_OFF","","FCB_LOW_VOUT_LOW",30030,"",1,1,"VOUT4",27,"874","","",-0.001,"<=",0.000570297,"V","<=",0.5,"P",0.231374,***,"",
27,"Gross_Functional_EN_FCB_FAULTB_OFF","","FCB_LOW_OFF_HIGH",30040,"",1,1,"OFF_PS1600",27,"874","","",1.6,"<=",1.80821,"V","<=",2.3,"P",0.231374,***,"",
27,"Gross_Functional_EN_FCB_FAULTB_OFF","","EN_LOW_VOUT_LOW",30050,"",1,1,"VOUT4",27,"874","","",-0.001,"<=",0.00104713,"V","<=",0.5,"P",0.231374,***,"",
27,"Gross_Functional_EN_FCB_FAULTB_OFF","","EN_LOW_OFF_HIGH",30060,"",1,1,"OFF_PS1600",27,"874","","",1.6,"<=",1.8077,"V","<=",2.3,"P",0.231374,***,"",
27,"Gross_Functional_EN_FCB_FAULTB_OFF","","EN_FCB_HIGH_VOUT_HIGH",30070,"",1,1,"VOUT4",27,"874","","",4.85,"<=",4.99974,"V","<=",5.1,"P",0.231374,***,"",
27,"Gross_Functional_EN_FCB_FAULTB_OFF","","EN_FCB_HIGH_OFF_LOW",30080,"",1,1,"OFF_PS1600",27,"874","","",-0.001,"<=",0.000771185,"V","<=",0.5,"P",0.231374,***,"",
27,"Gross_Functional_EN_FCB_FAULTB_OFF","","FAULT_SET_VOUT_LOW",30090,"",1,1,"VOUT4",27,"874","","",-0.001,"<=",0.000297546,"V","<=",0.5,"P",0.231374,***,"",
27,"Gross_Functional_EN_FCB_FAULTB_OFF","","FAULT_SET_OFF_HIGH",30100,"",1,1,"OFF_PS1600",27,"874","","",1.6,"<=",1.85221,"V","<=",2.3,"P",0.231374,***,"",
27,"Gross_Functional_EN_FCB_FAULTB_OFF","","FAULT_RESET_VOUT_HIGH",30110,"",1,1,"VOUT4",27,"874","","",4.85,"<=",5.00016,"V","<=",5.1,"P",0.231374,***,"",
27,"Gross_Functional_EN_FCB_FAULTB_OFF","","FAULT_RESET_OFF_LOW",30120,"",1,1,"OFF_PS1600",27,"874","","",0,"<=",0.000771185,"V","<=",0.5,"P",0.231374,***,"",
27,"Output_disabled_leakage","","IVDDDIS_VDD_3_VIN_3",40010,"",1,1,"VDD",27,"874","","",10,"<=",105.725,"uA","<=",166.5,"P",0.10165,***,"",
27,"Output_disabled_leakage","","IVINDIS_VDD_3_VIN_3",40050,"",1,1,"VIN1",27,"874","","",10,"<=",76.6078,"uA","<=",166.5,"P",0.10165,***,"",
27,"Output_disabled_leakage","","IOFF_VDD_3_VIN_3",40090,"",1,1,"VOUT4",27,"874","","",-14,"<=",-1.83358,"uA","<=",11,"P",0.10165,***,"",
27,"Output_disabled_leakage","","IVDDDIS_VDD_3_VIN_20",40020,"",1,1,"VDD",27,"874","","",10,"<=",107.493,"uA","<=",166.5,"P",0.10165,***,"",
27,"Output_disabled_leakage","","IVINDIS_VDD_3_VIN_20",40060,"",1,1,"VIN1",27,"874","","",10,"<=",96.1348,"uA","<=",166.5,"P",0.10165,***,"",
27,"Output_disabled_leakage","","IOFF_VDD_3_VIN_20",40100,"",1,1,"VOUT4",27,"874","","",-14,"<=",-2.05991,"uA","<=",11,"P",0.10165,***,"",
27,"Output_disabled_leakage","","IVINVDD0_VIN_3",40130,"",1,1,"VIN1",27,"874","","",10,"<=",75.7715,"uA","<=",166.5,"P",0.10165,***,"",
27,"Output_disabled_leakage","","IOFFVDD0_VIN_3",40150,"",1,1,"VOUT4",27,"874","","",-14,"<=",-1.54904,"uA","<=",11,"P",0.10165,***,"",
27,"Output_disabled_leakage","","IVDDDIS_VDD_20_VIN_3",40030,"",1,1,"VDD",27,"874","","",10,"<=",139.873,"uA","<=",166.5,"P",0.10165,***,"",
27,"Output_disabled_leakage","","IVINDIS_VDD_20_VIN_3",40070,"",1,1,"VIN1",27,"874","","",10,"<=",76.8444,"uA","<=",166.5,"P",0.10165,***,"",
27,"Output_disabled_leakage","","IOFF_VDD_20_VIN_3",40110,"",1,1,"VOUT4",27,"874","","",-14,"<=",-1.82491,"uA","<=",11,"P",0.10165,***,"",
27,"Output_disabled_leakage","","IVDDDIS_VDD_20_VIN_20",40040,"",1,1,"VDD",27,"874","","",10,"<=",125.829,"uA","<=",166.5,"P",0.10165,***,"",
27,"Output_disabled_leakage","","IVINDIS_VDD_20_VIN_20",40080,"",1,1,"VIN1",27,"874","","",10,"<=",98.2657,"uA","<=",166.5,"P",0.10165,***,"",
27,"Output_disabled_leakage","","IOFF_VDD_20_VIN_20",40120,"",1,1,"VOUT4",27,"874","","",-14,"<=",-1.86672,"uA","<=",11,"P",0.10165,***,"",
27,"Output_disabled_leakage","","IVINVDD0_VIN_20",40140,"",1,1,"VIN1",27,"874","","",10,"<=",119.34,"uA","<=",166.5,"P",0.10165,***,"",
27,"Output_disabled_leakage","","IOFFVDD0_VIN_20",40160,"",1,1,"VOUT4",27,"874","","",-14,"<=",-2.08747,"uA","<=",11,"P",0.10165,***,"",
27,"EN_pullup_resistor","","EN0V_PULLUP_RES",50010,"",1,1,"EN0_PS1600",27,"874","","",155,"<=",186.795,"Kohm","<=",230,"P",0.0272827,***,"",
27,"EN_pullup_resistor","","EN1V_PULLUP_RES",50020,"",1,1,"EN0_PS1600",27,"874","","",155,"<=",187.588,"Kohm","<=",230,"P",0.0272827,***,"",
27,"EN_pullup_resistor","","EN0V_Current",50030,"",1,1,"EN0_PS1600",27,"874","","",-11,"<=",-9.63622,"uA","<=",-7,"P",0.0272827,***,"",
27,"EN_pullup_resistor","","EN1V_Current",50040,"",1,1,"EN0_PS1600",27,"874","","",-5.5,"<=",-4.26466,"uA","<=",-3,"P",0.0272827,***,"",
27,"Leakage_Test","","IOFF_REVERSE_VOUT_VIN_LEAKAGE_1mA",60030,"",1,1,"VIN",27,"874","","",-331,"<=",-264.994,"mV","<=",-205,"P",0.0588329,***,"",
27,"Leakage_Test","","IOFF_REVERSE_VOUT_VIN_LEAKAGE_10mA",60040,"",1,1,"VIN",27,"874","","",-340,"<=",-327.726,"mV","<=",-205,"P",0.0588329,***,"",
27,"Leakage_Test","","IOFF_REVERSE_VOUT_VIN_LEAKAGE_100mA",60050,"",1,1,"VIN",27,"874","","",-331,"<=",-206.52,"mV","<=",-205,"P",0.0588329,***,"",
27,"Nominal_Input_pin_Leakages","","LEAKAGE",70010,"",1,1,"EN0_PS1600",27,"874","","",10,"<=",26.2935,"uA","<=",40,"P",0.139807,***,"",
27,"Nominal_Input_pin_Leakages","","LEAKAGE",70060,"",1,1,"FAULTB_PS1600",27,"874","","",-0.2,"<=",0.00566159,"uA","<=",0.2,"P",0.139807,***,"",
27,"Nominal_Input_pin_Leakages","","LEAKAGE",70020,"",1,1,"FCB_PS1600",27,"874","","",-0.5,"<=",0.0616776,"uA","<=",0.5,"P",0.139807,***,"",
27,"Nominal_Input_pin_Leakages","","LEAKAGE",70040,"",1,1,"ISEN_PS1600",27,"874","","",24,"<=",27.8098,"uA","<=",50,"P",0.139807,***,"",
27,"Nominal_Input_pin_Leakages","","LEAKAGE",70030,"",1,1,"ITRIP_PS1600",27,"874","","",14,"<=",16.3266,"uA","<=",25,"P",0.139807,***,"",
27,"Nominal_Input_pin_Leakages","","LEAKAGE",70080,"",1,1,"OFF_PS1600",27,"874","","",-0.2,"<=",0.0241387,"uA","<=",0.5,"P",0.139807,***,"",
27,"Nominal_Input_pin_Leakages","","LEAKAGE",70050,"",1,1,"SS_PS1600",27,"874","","",20,"<=",52.6023,"uA","<=",70,"P",0.139807,***,"",
27,"Nominal_Input_pin_Leakages","","LEAKAGE",70070,"",1,1,"VBIAS_PS1600",27,"874","","",5,"<=",27.5927,"uA","<=",40,"P",0.139807,***,"",
27,"Nominal_Input_pin_Leakages","","LEAKAGE_2V",70090,"",1,1,"OFF_PS1600",27,"874","","",-0.5,"<=",0.0178053,"uA","<=",0.5,"P",0.139807,***,"",
27,"Output_enabled_leakage","","IVDD_VDD_3_Vin_3",80001,"",1,1,"VDD",27,"874","","",10,"<=",95.0461,"uA","<=",130,"P",0.495899,***,"",
27,"Output_enabled_leakage","","IVIN_VDD_3_Vin_3",80005,"",1,1,"VIN1",27,"874","","",10,"<=",52.4023,"uA","<=",75,"P",0.495899,***,"",
27,"Output_enabled_leakage","","IVDD_VDD_3_Vin_20",80010,"",1,1,"VDD",27,"874","","",10,"<=",102.114,"uA","<=",150,"P",0.495899,***,"",
27,"Output_enabled_leakage","","IVIN_VDD_3_Vin_20",80014,"",1,1,"VIN1",27,"874","","",10,"<=",84.3192,"uA","<=",120,"P",0.495899,***,"",
27,"Output_enabled_leakage","","IVDD_VDD_20_Vin_3",80011,"",1,1,"VDD",27,"874","","",10,"<=",120.69,"uA","<=",150,"P",0.495899,***,"",
27,"Output_enabled_leakage","","IVIN_VDD_20_Vin_3",80015,"",1,1,"VIN1",27,"874","","",10,"<=",52.9629,"uA","<=",75,"P",0.495899,***,"",
27,"Output_enabled_leakage","","IVDD_VDD_20_Vin_20",80012,"",1,1,"VDD",27,"874","","",10,"<=",121.92,"uA","<=",175,"P",0.495899,***,"",
27,"Output_enabled_leakage","","IVIN_VDD_20_Vin_20",80016,"",1,1,"VIN1",27,"874","","",10,"<=",84.8491,"uA","<=",120,"P",0.495899,***,"",
27,"SCAN","","Scan_test",330010,"_rdi_burst_SCAN_bk4_mp",1,1,"@",27,"874","","",***,"",***," ","",***,"P",0.0437546,***,"",
27,"Logic","","Logic_test",340010,"_rdi_burst_Logic_bk6_mp",1,1,"@",27,"874","","",***,"",***," ","",***,"P",0.279346,***,"",
27,"POST_EFUSE_RESISTANCE","","POST_BANKA_EFUSE_RESISTANCE_BLOWN_BIT47",590001,"",1,1,"ISEN_PS1600",27,"874","","",3500,"<=",69457.8,"ohms","<=",85000,"P",3.61603,***,"",
27,"POST_EFUSE_RESISTANCE","","POST_BANKA_EFUSE_RESISTANCE_BLOWN_BIT46",590002,"",1,1,"ISEN_PS1600",27,"874","","",3500,"<=",69480.4,"ohms","<=",85000,"P",3.6658,***,"",
27,"POST_EFUSE_RESISTANCE","","POST_BANKA_EFUSE_RESISTANCE_UNBLOWN_BIT45",490003,"",1,1,"ISEN_PS1600",27,"874","","",65,"<=",113.8,"ohms","<=",200,"P",3.72201,***,"",
27,"POST_EFUSE_RESISTANCE","","POST_BANKA_EFUSE_RESISTANCE_UNBLOWN_BIT44",490004,"",1,1,"ISEN_PS1600",27,"874","","",65,"<=",102.4,"ohms","<=",200,"P",5.22249,***,"",
27,"POST_EFUSE_RESISTANCE","","POST_BANKA_EFUSE_RESISTANCE_BLOWN_BIT43",590005,"",1,1,"ISEN_PS1600",27,"874","","",3500,"<=",69503.2,"ohms","<=",85000,"P",2.88406,***,"",
27,"POST_EFUSE_RESISTANCE","","POST_BANKA_EFUSE_RESISTANCE_BLOWN_BIT42",590006,"",1,1,"ISEN_PS1600",27,"874","","",3500,"<=",69503.2,"ohms","<=",85000,"P",2.88801,***,"",
27,"POST_EFUSE_RESISTANCE","","POST_BANKA_EFUSE_RESISTANCE_BLOWN_BIT41",590007,"",1,1,"ISEN_PS1600",27,"874","","",3500,"<=",69492,"ohms","<=",85000,"P",2.88801,***,"",
27,"POST_EFUSE_RESISTANCE","","POST_BANKA_EFUSE_RESISTANCE_UNBLOWN_BIT40",490008,"",1,1,"ISEN_PS1600",27,"874","","",65,"<=",68.4,"ohms","<=",200,"P",2.88725,***,"",
27,"POST_EFUSE_RESISTANCE","","POST_BANKA_EFUSE_RESISTANCE_BLOWN_BIT39",590009,"",1,1,"ISEN_PS1600",27,"874","","",3500,"<=",69526.2,"ohms","<=",85000,"P",2.88741,***,"",
27,"POST_EFUSE_RESISTANCE","","POST_BANKA_EFUSE_RESISTANCE_UNBLOWN_BIT38",490010,"",1,1,"ISEN_PS1600",27,"874","","",65,"<=",91.2,"ohms","<=",200,"P",2.88555,***,"",
27,"POST_EFUSE_RESISTANCE","","POST_BANKA_EFUSE_RESISTANCE_BLOWN_BIT37",590011,"",1,1,"ISEN_PS1600",27,"874","","",3500,"<=",69480.4,"ohms","<=",85000,"P",2.88604,***,"",
27,"POST_EFUSE_RESISTANCE","","POST_BANKA_EFUSE_RESISTANCE_BLOWN_BIT36",590012,"",1,1,"ISEN_PS1600",27,"874","","",3500,"<=",69309.8,"ohms","<=",85000,"P",2.88426,***,"",
27,"POST_EFUSE_RESISTANCE","","POST_BANKA_EFUSE_RESISTANCE_UNBLOWN_BIT35",490013,"",1,1,"ISEN_PS1600",27,"874","","",65,"<=",91.2,"ohms","<=",200,"P",2.88426,***,"",
27,"POST_EFUSE_RESISTANCE","","POST_BANKA_EFUSE_RESISTANCE_UNBLOWN_BIT34",490014,"",1,1,"ISEN_PS1600",27,"874","","",65,"<=",102.6,"ohms","<=",200,"P",2.88426,***,"",
27,"POST_EFUSE_RESISTANCE","","POST_BANKA_EFUSE_RESISTANCE_UNBLOWN_BIT33",490015,"",1,1,"ISEN_PS1600",27,"874","","",65,"<=",91.2,"ohms","<=",200,"P",2.88443,***,"",
27,"POST_EFUSE_RESISTANCE","","POST_BANKA_EFUSE_RESISTANCE_BLOWN_BIT32",590016,"",1,1,"ISEN_PS1600",27,"874","","",3500,"<=",69446.4,"ohms","<=",85000,"P",2.89765,***,"",
27,"POST_EFUSE_RESISTANCE","","POST_BANKA_EFUSE_RESISTANCE_UNBLOWN_BIT31",490017,"",1,1,"ISEN_PS1600",27,"874","","",65,"<=",68.4,"ohms","<=",200,"P",2.89297,***,"",
27,"POST_EFUSE_RESISTANCE","","POST_BANKA_EFUSE_RESISTANCE_UNBLOWN_BIT30",490018,"",1,1,"ISEN_PS1600",27,"874","","",65,"<=",79.8,"ohms","<=",200,"P",2.88839,***,"",
27,"POST_EFUSE_RESISTANCE","","POST_BANKA_EFUSE_RESISTANCE_BLOWN_BIT29",590019,"",1,1,"ISEN_PS1600",27,"874","","",3500,"<=",69526,"ohms","<=",85000,"P",2.8899,***,"",
27,"POST_EFUSE_RESISTANCE","","POST_BANKA_EFUSE_RESISTANCE_UNBLOWN_BIT28",490020,"",1,1,"ISEN_PS1600",27,"874","","",65,"<=",91.2,"ohms","<=",200,"P",2.88735,***,"",
27,"POST_EFUSE_RESISTANCE","","POST_BANKA_EFUSE_RESISTANCE_BLOWN_BIT27",590021,"",1,1,"ISEN_PS1600",27,"874","","",3500,"<=",69491.8,"ohms","<=",85000,"P",2.88735,***,"",
27,"POST_EFUSE_RESISTANCE","","POST_BANKA_EFUSE_RESISTANCE_BLOWN_BIT26",590022,"",1,1,"ISEN_PS1600",27,"874","","",3500,"<=",69469,"ohms","<=",85000,"P",2.89318,***,"",
27,"POST_EFUSE_RESISTANCE","","POST_BANKA_EFUSE_RESISTANCE_UNBLOWN_BIT25",490023,"",1,1,"ISEN_PS1600",27,"874","","",65,"<=",102.6,"ohms","<=",200,"P",2.89318,***,"",
27,"POST_EFUSE_RESISTANCE","","POST_BANKA_EFUSE_RESISTANCE_UNBLOWN_BIT24",490024,"",1,1,"ISEN_PS1600",27,"874","","",65,"<=",102.6,"ohms","<=",200,"P",2.89144,***,"",
27,"POST_EFUSE_RESISTANCE","","POST_BANKA_EFUSE_RESISTANCE_UNBLOWN_BIT23",490025,"",1,1,"ISEN_PS1600",27,"874","","",65,"<=",68.4,"ohms","<=",200,"P",2.88735,***,"",
27,"POST_EFUSE_RESISTANCE","","POST_BANKA_EFUSE_RESISTANCE_UNBLOWN_BIT22",490026,"",1,1,"ISEN_PS1600",27,"874","","",65,"<=",68.4,"ohms","<=",200,"P",2.88564,***,"",
27,"POST_EFUSE_RESISTANCE","","POST_BANKA_EFUSE_RESISTANCE_UNBLOWN_BIT21",490027,"",1,1,"ISEN_PS1600",27,"874","","",65,"<=",79.8,"ohms","<=",200,"P",2.88425,***,"",
27,"POST_EFUSE_RESISTANCE","","POST_BANKA_EFUSE_RESISTANCE_UNBLOWN_BIT20",490028,"",1,1,"ISEN_PS1600",27,"874","","",65,"<=",102.6,"ohms","<=",200,"P",2.88425,***,"",
27,"POST_EFUSE_RESISTANCE","","POST_BANKA_EFUSE_RESISTANCE_UNBLOWN_BIT19",490029,"",1,1,"ISEN_PS1600",27,"874","","",65,"<=",91.2,"ohms","<=",200,"P",2.88425,***,"",
27,"POST_EFUSE_RESISTANCE","","POST_BANKA_EFUSE_RESISTANCE_UNBLOWN_BIT18",490030,"",1,1,"ISEN_PS1600",27,"874","","",65,"<=",68.4,"ohms","<=",200,"P",2.88482,***,"",
27,"POST_EFUSE_RESISTANCE","","POST_BANKA_EFUSE_RESISTANCE_BLOWN_BIT17",590031,"",1,1,"ISEN_PS1600",27,"874","","",3500,"<=",69491.8,"ohms","<=",85000,"P",2.88508,***,"",
27,"POST_EFUSE_RESISTANCE","","POST_BANKA_EFUSE_RESISTANCE_BLOWN_BIT16",590032,"",1,1,"ISEN_PS1600",27,"874","","",3500,"<=",69526,"ohms","<=",85000,"P",2.88508,***,"",
27,"POST_EFUSE_RESISTANCE","","POST_BANKA_EFUSE_RESISTANCE_BLOWN_BIT15",590033,"",1,1,"ISEN_PS1600",27,"874","","",3500,"<=",69537.4,"ohms","<=",85000,"P",2.89058,***,"",
27,"POST_EFUSE_RESISTANCE","","POST_BANKA_EFUSE_RESISTANCE_BLOWN_BIT14",590034,"",1,1,"ISEN_PS1600",27,"874","","",3500,"<=",69514.6,"ohms","<=",85000,"P",2.88595,***,"",
27,"POST_EFUSE_RESISTANCE","","POST_BANKA_EFUSE_RESISTANCE_UNBLOWN_BIT13",490035,"",1,1,"ISEN_PS1600",27,"874","","",65,"<=",68.4,"ohms","<=",200,"P",2.88683,***,"",
27,"POST_EFUSE_RESISTANCE","","POST_BANKA_EFUSE_RESISTANCE_UNBLOWN_BIT12",490036,"",1,1,"ISEN_PS1600",27,"874","","",65,"<=",91.2,"ohms","<=",200,"P",2.88674,***,"",
27,"POST_EFUSE_RESISTANCE","","POST_BANKA_EFUSE_RESISTANCE_BLOWN_BIT11",590037,"",1,1,"ISEN_PS1600",27,"874","","",3500,"<=",69548.8,"ohms","<=",85000,"P",2.88548,***,"",
27,"POST_EFUSE_RESISTANCE","","POST_BANKA_EFUSE_RESISTANCE_BLOWN_BIT10",590038,"",1,1,"ISEN_PS1600",27,"874","","",3500,"<=",69526,"ohms","<=",85000,"P",2.89223,***,"",
27,"POST_EFUSE_RESISTANCE","","POST_BANKA_EFUSE_RESISTANCE_UNBLOWN_BIT9",490039,"",1,1,"ISEN_PS1600",27,"874","","",65,"<=",57,"ohms","<=",200,"F",2.89223,***,"",
28,"CONTINUITY","","CONTINUITY",10030,"",1,1,"EN0_PS1600",28,"172","","",-500,"<=",-375.041,"mV","<=",-300,"P",0.132977,***,"",
28,"CONTINUITY","","CONTINUITY",10020,"",1,1,"FAULTB_PS1600",28,"172","","",-500,"<=",-434.916,"mV","<=",-300,"P",0.132977,***,"",
28,"CONTINUITY","","CONTINUITY",10050,"",1,1,"FCB_PS1600",28,"172","","",-500,"<=",-375.166,"mV","<=",-300,"P",0.132977,***,"",
28,"CONTINUITY","","CONTINUITY",10090,"",1,1,"ISEN_PS1600",28,"172","","",-500,"<=",-362.008,"mV","<=",-300,"P",0.132977,***,"",
28,"CONTINUITY","","CONTINUITY",10080,"",1,1,"ITRIP_PS1600",28,"172","","",-500,"<=",-376.532,"mV","<=",-300,"P",0.132977,***,"",
28,"CONTINUITY","","CONTINUITY",10040,"",1,1,"OFF_PS1600",28,"172","","",-500,"<=",-368.563,"mV","<=",-300,"P",0.132977,***,"",
28,"CONTINUITY","","CONTINUITY",10010,"",1,1,"SS_PS1600",28,"172","","",-500,"<=",-466.702,"mV","<=",-300,"P",0.132977,***,"",
28,"CONTINUITY","","CONTINUITY",10070,"",1,1,"VBIAS_PS1600",28,"172","","",-500,"<=",-295.994,"mV","<=",-200,"P",0.132977,***,"",
28,"CONTINUITY","","CONTINUITY",10060,"",1,1,"GND_PS1600",28,"172","","",-500,"<=",-354.096,"mV","<=",-300,"P",0.132977,***,"",
28,"CONTINUITY","","CONTINUITY",10180,"",1,1,"VIN1",28,"172","","",-360,"<=",-333.784,"mV","<=",-300,"P",0.132977,***,"",
28,"CONTINUITY","","CONTINUITY",10190,"",1,1,"VIN2",28,"172","","",-360,"<=",-334.217,"mV","<=",-300,"P",0.132977,***,"",
28,"CONTINUITY","","CONTINUITY",10200,"",1,1,"VIN3",28,"172","","",-360,"<=",-334.055,"mV","<=",-300,"P",0.132977,***,"",
28,"CONTINUITY","","CONTINUITY",10210,"",1,1,"VIN4_RS1",28,"172","","",-360,"<=",-334.724,"mV","<=",-300,"P",0.132977,***,"",
28,"CONTINUITY","","CONTINUITY",10220,"",1,1,"VIN4_RS2",28,"172","","",-360,"<=",-334.429,"mV","<=",-300,"P",0.132977,***,"",
28,"CONTINUITY","","CONTINUITY",10230,"",1,1,"VIN5_RS1",28,"172","","",-360,"<=",-334.131,"mV","<=",-300,"P",0.132977,***,"",
28,"CONTINUITY","","CONTINUITY",10240,"",1,1,"VIN5_RS2",28,"172","","",-360,"<=",-334.463,"mV","<=",-300,"P",0.132977,***,"",
28,"CONTINUITY","","CONTINUITY",10250,"",1,1,"VIN6",28,"172","","",-360,"<=",-334.564,"mV","<=",-300,"P",0.132977,***,"",
28,"CONTINUITY","","CONTINUITY",10100,"",1,1,"VOUT1",28,"172","","",-300,"<=",-223.412,"mV","<=",-200,"P",0.132977,***,"",
28,"CONTINUITY","","CONTINUITY",10110,"",1,1,"VOUT2_RS1",28,"172","","",-300,"<=",-223.295,"mV","<=",-200,"P",0.132977,***,"",
28,"CONTINUITY","","CONTINUITY",10120,"",1,1,"VOUT2_RS2",28,"172","","",-300,"<=",-223.307,"mV","<=",-200,"P",0.132977,***,"",
28,"CONTINUITY","","CONTINUITY",10130,"",1,1,"VOUT3_RS1",28,"172","","",-300,"<=",-222.956,"mV","<=",-200,"P",0.132977,***,"",
28,"CONTINUITY","","CONTINUITY",10140,"",1,1,"VOUT3_RS2",28,"172","","",-300,"<=",-223.37,"mV","<=",-200,"P",0.132977,***,"",
28,"CONTINUITY","","CONTINUITY",10150,"",1,1,"VOUT4",28,"172","","",-300,"<=",-223.333,"mV","<=",-200,"P",0.132977,***,"",
28,"CONTINUITY","","CONTINUITY",10160,"",1,1,"VOUT5",28,"172","","",-300,"<=",-223.194,"mV","<=",-200,"P",0.132977,***,"",
28,"CONTINUITY","","CONTINUITY",10170,"",1,1,"VOUT6",28,"172","","",-300,"<=",-223.383,"mV","<=",-200,"P",0.132977,***,"",
28,"Pin_to_Pin_Leakage","","PIN_TO_PIN_POS_LEAKAGE_PIN",20010,"",1,1,"FAULTB_PS1600",28,"172","","",-200,"<=",-4.81876,"nA","<=",200,"P",0.416773,***,"",
28,"Pin_to_Pin_Leakage","","PIN_TO_PIN_NEG_LEAKAGE_PIN",20110,"",1,1,"FAULTB_PS1600",28,"172","","",-200,"<=",-4.81876,"nA","<=",200,"P",0.416773,***,"",
28,"Pin_to_Pin_Leakage","","PIN_TO_PIN_POS_LEAKAGE_PIN",20020,"",1,1,"ITRIP_PS1600",28,"172","","",-200,"<=",-9.66209,"nA","<=",200,"P",0.416773,***,"",
28,"Pin_to_Pin_Leakage","","PIN_TO_PIN_NEG_LEAKAGE_PIN",20120,"",1,1,"ITRIP_PS1600",28,"172","","",-200,"<=",-9.66209,"nA","<=",200,"P",0.416773,***,"",
28,"Pin_to_Pin_Leakage","","PIN_TO_PIN_POS_LEAKAGE_PIN",20030,"",1,1,"OFF_PS1600",28,"172","","",-200,"<=",-6.79645,"nA","<=",200,"P",0.416773,***,"",
28,"Pin_to_Pin_Leakage","","PIN_TO_PIN_NEG_LEAKAGE_PIN",20130,"",1,1,"OFF_PS1600",28,"172","","",-200,"<=",-6.79645,"nA","<=",200,"P",0.416773,***,"",
28,"Pin_to_Pin_Leakage","","PIN_TO_PIN_POS_LEAKAGE_PIN",20040,"",1,1,"SS_PS1600",28,"172","","",-200,"<=",-9.25922,"nA","<=",200,"P",0.416773,***,"",
28,"Pin_to_Pin_Leakage","","PIN_TO_PIN_NEG_LEAKAGE_PIN",20140,"",1,1,"SS_PS1600",28,"172","","",-200,"<=",-9.25922,"nA","<=",200,"P",0.416773,***,"",
28,"Pin_to_Pin_Leakage","","PIN_TO_PIN_POS_LEAKAGE_PIN",20050,"",1,1,"VIN1",28,"172","","",10,"<=",304.375,"nA","<=",500,"P",0.416773,***,"",
28,"Pin_to_Pin_Leakage","","PIN_TO_PIN_NEG_LEAKAGE_PIN",20150,"",1,1,"VIN1",28,"172","","",-500,"<=",-301.203,"nA","<=",-10,"P",0.416773,***,"",
28,"Pin_to_Pin_Leakage","","PIN_TO_PIN_POS_LEAKAGE_PIN",20060,"",1,1,"VOUT1",28,"172","","",10,"<=",300.715,"nA","<=",500,"P",0.416773,***,"",
28,"Pin_to_Pin_Leakage","","PIN_TO_PIN_NEG_LEAKAGE_PIN",20160,"",1,1,"VOUT1",28,"172","","",-500,"<=",-299.911,"nA","<=",-10,"P",0.416773,***,"",
28,"Pin_to_Pin_Leakage","","PIN_TO_PIN_POS_LEAKAGE_PIN",20070,"",1,1,"EN0_PS1600",28,"172","","",300,"<=",549.997,"nA","<=",700,"P",0.416773,***,"",
28,"Pin_to_Pin_Leakage","","PIN_TO_PIN_NEG_LEAKAGE_PIN",20170,"",1,1,"EN0_PS1600",28,"172","","",-700,"<=",-552.115,"nA","<=",-300,"P",0.416773,***,"",
28,"Pin_to_Pin_Leakage","","PIN_TO_PIN_POS_LEAKAGE_PIN",20080,"",1,1,"FCB_PS1600",28,"172","","",-200,"<=",-0.00847432,"nA","<=",200,"P",0.416773,***,"",
28,"Pin_to_Pin_Leakage","","PIN_TO_PIN_NEG_LEAKAGE_PIN",20180,"",1,1,"FCB_PS1600",28,"172","","",-200,"<=",-3.75288,"nA","<=",200,"P",0.416773,***,"",
28,"Pin_to_Pin_Leakage","","PIN_TO_PIN_POS_LEAKAGE_PIN",20090,"",1,1,"ISEN_PS1600",28,"172","","",-200,"<=",0.301752,"nA","<=",200,"P",0.416773,***,"",
28,"Pin_to_Pin_Leakage","","PIN_TO_PIN_NEG_LEAKAGE_PIN",20190,"",1,1,"ISEN_PS1600",28,"172","","",-200,"<=",-7.2181,"nA","<=",200,"P",0.416773,***,"",
28,"Pin_to_Pin_Leakage","","PIN_TO_PIN_POS_LEAKAGE_PIN_VBIAS_PS1600",20100,"",1,1,"VBIAS_PS1600",28,"172","","",500,"<=",828,"nA","<=",1000,"P",0.416773,***,"",
28,"Pin_to_Pin_Leakage","","PIN_TO_PIN_NEG_LEAKAGE_PIN_VBIAS_PS1600",20200,"",1,1,"VBIAS_PS1600",28,"172","","",-1000,"<=",-879,"nA","<=",-500,"P",0.416773,***,"",
28,"IVDDFL_IVINFL_RONFL","","RON_200mAVDD_5_VIN_5_20V_Part",90050,"",1,1,"VIN1",28,"172","","",0.01,"<=",0.0235995,"ohm","<=",0.03,"P",0.034414,***,"",
28,"IVDDFL_IVINFL_RONFL","","DEVICE_VARIENT_TRUE",90060,"",1,1,"VIN1",28,"172","","",0.5,"<=",1,"","<=",1.5,"P",0.034414,***,"",
28,"Fuse_Burn_Check","","BANKA_BIT5_BLOWN_TRUE",1000001,"",1,1,"OFF_PS1600",28,"172","","",0,"<=",1,"","<=",1,"P",0.0995141,***,"",
28,"Gross_Functional_EN_FCB_FAULTB_OFF","","EN_FCB_LOW_VOUT_LOW",30010,"",1,1,"VOUT4",28,"172","","",-0.001,"<=",0.0182304,"V","<=",1,"P",0.231374,***,"",
28,"Gross_Functional_EN_FCB_FAULTB_OFF","","EN_FCB_LOW_OFF_HIGH",30020,"",1,1,"OFF_PS1600",28,"172","","",1.6,"<=",1.80952,"V","<=",2.3,"P",0.231374,***,"",
28,"Gross_Functional_EN_FCB_FAULTB_OFF","","FCB_LOW_VOUT_LOW",30030,"",1,1,"VOUT4",28,"172","","",-0.001,"<=",0.00094223,"V","<=",0.5,"P",0.231374,***,"",
28,"Gross_Functional_EN_FCB_FAULTB_OFF","","FCB_LOW_OFF_HIGH",30040,"",1,1,"OFF_PS1600",28,"172","","",1.6,"<=",1.81026,"V","<=",2.3,"P",0.231374,***,"",
28,"Gross_Functional_EN_FCB_FAULTB_OFF","","EN_LOW_VOUT_LOW",30050,"",1,1,"VOUT4",28,"172","","",-0.001,"<=",0.00189781,"V","<=",0.5,"P",0.231374,***,"",
28,"Gross_Functional_EN_FCB_FAULTB_OFF","","EN_LOW_OFF_HIGH",30060,"",1,1,"OFF_PS1600",28,"172","","",1.6,"<=",1.80963,"V","<=",2.3,"P",0.231374,***,"",
28,"Gross_Functional_EN_FCB_FAULTB_OFF","","EN_FCB_HIGH_VOUT_HIGH",30070,"",1,1,"VOUT4",28,"172","","",4.85,"<=",5.00001,"V","<=",5.1,"P",0.231374,***,"",
28,"Gross_Functional_EN_FCB_FAULTB_OFF","","EN_FCB_HIGH_OFF_LOW",30080,"",1,1,"OFF_PS1600",28,"172","","",-0.001,"<=",0.000714269,"V","<=",0.5,"P",0.231374,***,"",
28,"Gross_Functional_EN_FCB_FAULTB_OFF","","FAULT_SET_VOUT_LOW",30090,"",1,1,"VOUT4",28,"172","","",-0.001,"<=",9.346e-05,"V","<=",0.5,"P",0.231374,***,"",
28,"Gross_Functional_EN_FCB_FAULTB_OFF","","FAULT_SET_OFF_HIGH",30100,"",1,1,"OFF_PS1600",28,"172","","",1.6,"<=",1.85397,"V","<=",2.3,"P",0.231374,***,"",
28,"Gross_Functional_EN_FCB_FAULTB_OFF","","FAULT_RESET_VOUT_HIGH",30110,"",1,1,"VOUT4",28,"172","","",4.85,"<=",4.99971,"V","<=",5.1,"P",0.231374,***,"",
28,"Gross_Functional_EN_FCB_FAULTB_OFF","","FAULT_RESET_OFF_LOW",30120,"",1,1,"OFF_PS1600",28,"172","","",0,"<=",0.000771185,"V","<=",0.5,"P",0.231374,***,"",
28,"Output_disabled_leakage","","IVDDDIS_VDD_3_VIN_3",40010,"",1,1,"VDD",28,"172","","",10,"<=",104.896,"uA","<=",166.5,"P",0.10165,***,"",
28,"Output_disabled_leakage","","IVINDIS_VDD_3_VIN_3",40050,"",1,1,"VIN1",28,"172","","",10,"<=",71.872,"uA","<=",166.5,"P",0.10165,***,"",
28,"Output_disabled_leakage","","IOFF_VDD_3_VIN_3",40090,"",1,1,"VOUT4",28,"172","","",-14,"<=",-2.25427,"uA","<=",11,"P",0.10165,***,"",
28,"Output_disabled_leakage","","IVDDDIS_VDD_3_VIN_20",40020,"",1,1,"VDD",28,"172","","",10,"<=",109.513,"uA","<=",166.5,"P",0.10165,***,"",
28,"Output_disabled_leakage","","IVINDIS_VDD_3_VIN_20",40060,"",1,1,"VIN1",28,"172","","",10,"<=",97.5551,"uA","<=",166.5,"P",0.10165,***,"",
28,"Output_disabled_leakage","","IOFF_VDD_3_VIN_20",40100,"",1,1,"VOUT4",28,"172","","",-14,"<=",-2.75791,"uA","<=",11,"P",0.10165,***,"",
28,"Output_disabled_leakage","","IVINVDD0_VIN_3",40130,"",1,1,"VIN1",28,"172","","",10,"<=",66.9062,"uA","<=",166.5,"P",0.10165,***,"",
28,"Output_disabled_leakage","","IOFFVDD0_VIN_3",40150,"",1,1,"VOUT4",28,"172","","",-14,"<=",-1.84591,"uA","<=",11,"P",0.10165,***,"",
28,"Output_disabled_leakage","","IVDDDIS_VDD_20_VIN_3",40030,"",1,1,"VDD",28,"172","","",10,"<=",143.794,"uA","<=",166.5,"P",0.10165,***,"",
28,"Output_disabled_leakage","","IVINDIS_VDD_20_VIN_3",40070,"",1,1,"VIN1",28,"172","","",10,"<=",75.3049,"uA","<=",166.5,"P",0.10165,***,"",
28,"Output_disabled_leakage","","IOFF_VDD_20_VIN_3",40110,"",1,1,"VOUT4",28,"172","","",-14,"<=",-2.19274,"uA","<=",11,"P",0.10165,***,"",
28,"Output_disabled_leakage","","IVDDDIS_VDD_20_VIN_20",40040,"",1,1,"VDD",28,"172","","",10,"<=",137.158,"uA","<=",166.5,"P",0.10165,***,"",
28,"Output_disabled_leakage","","IVINDIS_VDD_20_VIN_20",40080,"",1,1,"VIN1",28,"172","","",10,"<=",96.1423,"uA","<=",166.5,"P",0.10165,***,"",
28,"Output_disabled_leakage","","IOFF_VDD_20_VIN_20",40120,"",1,1,"VOUT4",28,"172","","",-14,"<=",-2.50625,"uA","<=",11,"P",0.10165,***,"",
28,"Output_disabled_leakage","","IVINVDD0_VIN_20",40140,"",1,1,"VIN1",28,"172","","",10,"<=",120.761,"uA","<=",166.5,"P",0.10165,***,"",
28,"Output_disabled_leakage","","IOFFVDD0_VIN_20",40160,"",1,1,"VOUT4",28,"172","","",-14,"<=",-1.85664,"uA","<=",11,"P",0.10165,***,"",
28,"EN_pullup_resistor","","EN0V_PULLUP_RES",50010,"",1,1,"EN0_PS1600",28,"172","","",155,"<=",182.356,"Kohm","<=",230,"P",0.0272827,***,"",
28,"EN_pullup_resistor","","EN1V_PULLUP_RES",50020,"",1,1,"EN0_PS1600",28,"172","","",155,"<=",183.099,"Kohm","<=",230,"P",0.0272827,***,"",
28,"EN_pullup_resistor","","EN0V_Current",50030,"",1,1,"EN0_PS1600",28,"172","","",-11,"<=",-9.87082,"uA","<=",-7,"P",0.0272827,***,"",
28,"EN_pullup_resistor","","EN1V_Current",50040,"",1,1,"EN0_PS1600",28,"172","","",-5.5,"<=",-4.36921,"uA","<=",-3,"P",0.0272827,***,"",
28,"Leakage_Test","","IOFF_REVERSE_VOUT_VIN_LEAKAGE_1mA",60030,"",1,1,"VIN",28,"172","","",-331,"<=",-265.514,"mV","<=",-205,"P",0.0588329,***,"",
28,"Leakage_Test","","IOFF_REVERSE_VOUT_VIN_LEAKAGE_10mA",60040,"",1,1,"VIN",28,"172","","",-340,"<=",-327.648,"mV","<=",-205,"P",0.0588329,***,"",
28,"Leakage_Test","","IOFF_REVERSE_VOUT_VIN_LEAKAGE_100mA",60050,"",1,1,"VIN",28,"172","","",-331,"<=",-207.163,"mV","<=",-205,"P",0.0588329,***,"",
28,"Nominal_Input_pin_Leakages","","LEAKAGE",70010,"",1,1,"EN0_PS1600",28,"172","","",10,"<=",26.9386,"uA","<=",40,"P",0.139807,***,"",
28,"Nominal_Input_pin_Leakages","","LEAKAGE",70060,"",1,1,"FAULTB_PS1600",28,"172","","",-0.2,"<=",0.00616929,"uA","<=",0.2,"P",0.139807,***,"",
28,"Nominal_Input_pin_Leakages","","LEAKAGE",70020,"",1,1,"FCB_PS1600",28,"172","","",-0.5,"<=",0.136876,"uA","<=",0.5,"P",0.139807,***,"",
28,"Nominal_Input_pin_Leakages","","LEAKAGE",70040,"",1,1,"ISEN_PS1600",28,"172","","",24,"<=",28.1383,"uA","<=",50,"P",0.139807,***,"",
28,"Nominal_Input_pin_Leakages","","LEAKAGE",70030,"",1,1,"ITRIP_PS1600",28,"172","","",14,"<=",15.9249,"uA","<=",25,"P",0.139807,***,"",
28,"Nominal_Input_pin_Leakages","","LEAKAGE",70080,"",1,1,"OFF_PS1600",28,"172","","",-0.2,"<=",0.100011,"uA","<=",0.5,"P",0.139807,***,"",
28,"Nominal_Input_pin_Leakages","","LEAKAGE",70050,"",1,1,"SS_PS1600",28,"172","","",20,"<=",54.4416,"uA","<=",70,"P",0.139807,***,"",
28,"Nominal_Input_pin_Leakages","","LEAKAGE",70070,"",1,1,"VBIAS_PS1600",28,"172","","",5,"<=",27.0213,"uA","<=",40,"P",0.139807,***,"",
28,"Nominal_Input_pin_Leakages","","LEAKAGE_2V",70090,"",1,1,"OFF_PS1600",28,"172","","",-0.5,"<=",0.0178053,"uA","<=",0.5,"P",0.139807,***,"",
28,"Output_enabled_leakage","","IVDD_VDD_3_Vin_3",80001,"",1,1,"VDD",28,"172","","",10,"<=",98.5032,"uA","<=",130,"P",0.495899,***,"",
28,"Output_enabled_leakage","","IVIN_VDD_3_Vin_3",80005,"",1,1,"VIN1",28,"172","","",10,"<=",54.9401,"uA","<=",75,"P",0.495899,***,"",
28,"Output_enabled_leakage","","IVDD_VDD_3_Vin_20",80010,"",1,1,"VDD",28,"172","","",10,"<=",104.28,"uA","<=",150,"P",0.495899,***,"",
28,"Output_enabled_leakage","","IVIN_VDD_3_Vin_20",80014,"",1,1,"VIN1",28,"172","","",10,"<=",84.8873,"uA","<=",120,"P",0.495899,***,"",
28,"Output_enabled_leakage","","IVDD_VDD_20_Vin_3",80011,"",1,1,"VDD",28,"172","","",10,"<=",121.552,"uA","<=",150,"P",0.495899,***,"",
28,"Output_enabled_leakage","","IVIN_VDD_20_Vin_3",80015,"",1,1,"VIN1",28,"172","","",10,"<=",55.7741,"uA","<=",75,"P",0.495899,***,"",
28,"Output_enabled_leakage","","IVDD_VDD_20_Vin_20",80012,"",1,1,"VDD",28,"172","","",10,"<=",124.063,"uA","<=",175,"P",0.495899,***,"",
28,"Output_enabled_leakage","","IVIN_VDD_20_Vin_20",80016,"",1,1,"VIN1",28,"172","","",10,"<=",84.6293,"uA","<=",120,"P",0.495899,***,"",
28,"SCAN","","Scan_test",330010,"_rdi_burst_SCAN_bk4_mp",1,1,"@",28,"172","","",***,"",***," ","",***,"P",0.0437546,***,"",
28,"Logic","","Logic_test",340010,"_rdi_burst_Logic_bk6_mp",1,1,"@",28,"172","","",***,"",***," ","",***,"P",0.279346,***,"",
28,"POST_EFUSE_RESISTANCE","","POST_BANKA_EFUSE_RESISTANCE_BLOWN_BIT47",590001,"",1,1,"ISEN_PS1600",28,"172","","",3500,"<=",70254.6,"ohms","<=",85000,"P",3.61603,***,"",
28,"POST_EFUSE_RESISTANCE","","POST_BANKA_EFUSE_RESISTANCE_BLOWN_BIT46",590002,"",1,1,"ISEN_PS1600",28,"172","","",3500,"<=",70266,"ohms","<=",85000,"P",3.6658,***,"",
28,"POST_EFUSE_RESISTANCE","","POST_BANKA_EFUSE_RESISTANCE_UNBLOWN_BIT45",490003,"",1,1,"ISEN_PS1600",28,"172","","",65,"<=",79.8,"ohms","<=",200,"P",3.72201,***,"",
28,"POST_EFUSE_RESISTANCE","","POST_BANKA_EFUSE_RESISTANCE_BLOWN_BIT44",590004,"",1,1,"ISEN_PS1600",28,"172","","",3500,"<=",70220.4,"ohms","<=",85000,"P",2.88429,***,"",
28,"POST_EFUSE_RESISTANCE","","POST_BANKA_EFUSE_RESISTANCE_UNBLOWN_BIT43",490005,"",1,1,"ISEN_PS1600",28,"172","","",65,"<=",79.8,"ohms","<=",200,"P",2.88802,***,"",
28,"POST_EFUSE_RESISTANCE","","POST_BANKA_EFUSE_RESISTANCE_BLOWN_BIT42",590006,"",1,1,"ISEN_PS1600",28,"172","","",3500,"<=",70254.6,"ohms","<=",85000,"P",2.88801,***,"",
28,"POST_EFUSE_RESISTANCE","","POST_BANKA_EFUSE_RESISTANCE_BLOWN_BIT41",590007,"",1,1,"ISEN_PS1600",28,"172","","",3500,"<=",70266,"ohms","<=",85000,"P",2.88801,***,"",
28,"POST_EFUSE_RESISTANCE","","POST_BANKA_EFUSE_RESISTANCE_UNBLOWN_BIT40",490008,"",1,1,"ISEN_PS1600",28,"172","","",65,"<=",91.2,"ohms","<=",200,"P",2.88725,***,"",
28,"POST_EFUSE_RESISTANCE","","POST_BANKA_EFUSE_RESISTANCE_UNBLOWN_BIT39",490009,"",1,1,"ISEN_PS1600",28,"172","","",65,"<=",57,"ohms","<=",200,"F",2.88323,***,"",
29,"CONTINUITY","","CONTINUITY",10030,"",1,1,"EN0_PS1600",29,"153","","",-500,"<=",-358.145,"mV","<=",-300,"P",0.132977,***,"",
29,"CONTINUITY","","CONTINUITY",10020,"",1,1,"FAULTB_PS1600",29,"153","","",-500,"<=",-420.517,"mV","<=",-300,"P",0.132977,***,"",
29,"CONTINUITY","","CONTINUITY",10050,"",1,1,"FCB_PS1600",29,"153","","",-500,"<=",-358.148,"mV","<=",-300,"P",0.132977,***,"",
29,"CONTINUITY","","CONTINUITY",10090,"",1,1,"ISEN_PS1600",29,"153","","",-500,"<=",-344.478,"mV","<=",-300,"P",0.132977,***,"",
29,"CONTINUITY","","CONTINUITY",10080,"",1,1,"ITRIP_PS1600",29,"153","","",-500,"<=",-360.652,"mV","<=",-300,"P",0.132977,***,"",
29,"CONTINUITY","","CONTINUITY",10040,"",1,1,"OFF_PS1600",29,"153","","",-500,"<=",-353.082,"mV","<=",-300,"P",0.132977,***,"",
29,"CONTINUITY","","CONTINUITY",10010,"",1,1,"SS_PS1600",29,"153","","",-500,"<=",-451.561,"mV","<=",-300,"P",0.132977,***,"",
29,"CONTINUITY","","CONTINUITY",10070,"",1,1,"VBIAS_PS1600",29,"153","","",-500,"<=",-298.612,"mV","<=",-200,"P",0.132977,***,"",
29,"CONTINUITY","","CONTINUITY",10060,"",1,1,"GND_PS1600",29,"153","","",-500,"<=",-354.153,"mV","<=",-300,"P",0.132977,***,"",
29,"CONTINUITY","","CONTINUITY",10180,"",1,1,"VIN1",29,"153","","",-360,"<=",-338.724,"mV","<=",-300,"P",0.132977,***,"",
29,"CONTINUITY","","CONTINUITY",10190,"",1,1,"VIN2",29,"153","","",-360,"<=",-338.73,"mV","<=",-300,"P",0.132977,***,"",
29,"CONTINUITY","","CONTINUITY",10200,"",1,1,"VIN3",29,"153","","",-360,"<=",-339.176,"mV","<=",-300,"P",0.132977,***,"",
29,"CONTINUITY","","CONTINUITY",10210,"",1,1,"VIN4_RS1",29,"153","","",-360,"<=",-338.917,"mV","<=",-300,"P",0.132977,***,"",
29,"CONTINUITY","","CONTINUITY",10220,"",1,1,"VIN4_RS2",29,"153","","",-360,"<=",-339.224,"mV","<=",-300,"P",0.132977,***,"",
29,"CONTINUITY","","CONTINUITY",10230,"",1,1,"VIN5_RS1",29,"153","","",-360,"<=",-338.737,"mV","<=",-300,"P",0.132977,***,"",
29,"CONTINUITY","","CONTINUITY",10240,"",1,1,"VIN5_RS2",29,"153","","",-360,"<=",-339.109,"mV","<=",-300,"P",0.132977,***,"",
29,"CONTINUITY","","CONTINUITY",10250,"",1,1,"VIN6",29,"153","","",-360,"<=",-338.923,"mV","<=",-300,"P",0.132977,***,"",
29,"CONTINUITY","","CONTINUITY",10100,"",1,1,"VOUT1",29,"153","","",-300,"<=",-223.33,"mV","<=",-200,"P",0.132977,***,"",
29,"CONTINUITY","","CONTINUITY",10110,"",1,1,"VOUT2_RS1",29,"153","","",-300,"<=",-223.057,"mV","<=",-200,"P",0.132977,***,"",
29,"CONTINUITY","","CONTINUITY",10120,"",1,1,"VOUT2_RS2",29,"153","","",-300,"<=",-223.345,"mV","<=",-200,"P",0.132977,***,"",
29,"CONTINUITY","","CONTINUITY",10130,"",1,1,"VOUT3_RS1",29,"153","","",-300,"<=",-223.223,"mV","<=",-200,"P",0.132977,***,"",
29,"CONTINUITY","","CONTINUITY",10140,"",1,1,"VOUT3_RS2",29,"153","","",-300,"<=",-223.04,"mV","<=",-200,"P",0.132977,***,"",
29,"CONTINUITY","","CONTINUITY",10150,"",1,1,"VOUT4",29,"153","","",-300,"<=",-222.96,"mV","<=",-200,"P",0.132977,***,"",
29,"CONTINUITY","","CONTINUITY",10160,"",1,1,"VOUT5",29,"153","","",-300,"<=",-223.251,"mV","<=",-200,"P",0.132977,***,"",
29,"CONTINUITY","","CONTINUITY",10170,"",1,1,"VOUT6",29,"153","","",-300,"<=",-223.152,"mV","<=",-200,"P",0.132977,***,"",
29,"Pin_to_Pin_Leakage","","PIN_TO_PIN_POS_LEAKAGE_PIN",20010,"",1,1,"FAULTB_PS1600",29,"153","","",-200,"<=",-8.42424,"nA","<=",200,"P",0.416773,***,"",
29,"Pin_to_Pin_Leakage","","PIN_TO_PIN_NEG_LEAKAGE_PIN",20110,"",1,1,"FAULTB_PS1600",29,"153","","",-200,"<=",-8.42424,"nA","<=",200,"P",0.416773,***,"",
29,"Pin_to_Pin_Leakage","","PIN_TO_PIN_POS_LEAKAGE_PIN",20020,"",1,1,"ITRIP_PS1600",29,"153","","",-200,"<=",-11.2887,"nA","<=",200,"P",0.416773,***,"",
29,"Pin_to_Pin_Leakage","","PIN_TO_PIN_NEG_LEAKAGE_PIN",20120,"",1,1,"ITRIP_PS1600",29,"153","","",-200,"<=",-11.2887,"nA","<=",200,"P",0.416773,***,"",
29,"Pin_to_Pin_Leakage","","PIN_TO_PIN_POS_LEAKAGE_PIN",20030,"",1,1,"OFF_PS1600",29,"153","","",-200,"<=",-11.9656,"nA","<=",200,"P",0.416773,***,"",
29,"Pin_to_Pin_Leakage","","PIN_TO_PIN_NEG_LEAKAGE_PIN",20130,"",1,1,"OFF_PS1600",29,"153","","",-200,"<=",-11.9656,"nA","<=",200,"P",0.416773,***,"",
29,"Pin_to_Pin_Leakage","","PIN_TO_PIN_POS_LEAKAGE_PIN",20040,"",1,1,"SS_PS1600",29,"153","","",-200,"<=",-12.426,"nA","<=",200,"P",0.416773,***,"",
29,"Pin_to_Pin_Leakage","","PIN_TO_PIN_NEG_LEAKAGE_PIN",20140,"",1,1,"SS_PS1600",29,"153","","",-200,"<=",-12.426,"nA","<=",200,"P",0.416773,***,"",
29,"Pin_to_Pin_Leakage","","PIN_TO_PIN_POS_LEAKAGE_PIN",20050,"",1,1,"VIN1",29,"153","","",10,"<=",299.733,"nA","<=",500,"P",0.416773,***,"",
29,"Pin_to_Pin_Leakage","","PIN_TO_PIN_NEG_LEAKAGE_PIN",20150,"",1,1,"VIN1",29,"153","","",-500,"<=",-298.987,"nA","<=",-10,"P",0.416773,***,"",
29,"Pin_to_Pin_Leakage","","PIN_TO_PIN_POS_LEAKAGE_PIN",20060,"",1,1,"VOUT1",29,"153","","",10,"<=",298.514,"nA","<=",500,"P",0.416773,***,"",
29,"Pin_to_Pin_Leakage","","PIN_TO_PIN_NEG_LEAKAGE_PIN",20160,"",1,1,"VOUT1",29,"153","","",-500,"<=",-298.693,"nA","<=",-10,"P",0.416773,***,"",
29,"Pin_to_Pin_Leakage","","PIN_TO_PIN_POS_LEAKAGE_PIN",20070,"",1,1,"EN0_PS1600",29,"153","","",300,"<=",524.072,"nA","<=",700,"P",0.416773,***,"",
29,"Pin_to_Pin_Leakage","","PIN_TO_PIN_NEG_LEAKAGE_PIN",20170,"",1,1,"EN0_PS1600",29,"153","","",-700,"<=",-529.681,"nA","<=",-300,"P",0.416773,***,"",
29,"Pin_to_Pin_Leakage","","PIN_TO_PIN_POS_LEAKAGE_PIN",20080,"",1,1,"FCB_PS1600",29,"153","","",-200,"<=",-0.00847432,"nA","<=",200,"P",0.416773,***,"",
29,"Pin_to_Pin_Leakage","","PIN_TO_PIN_NEG_LEAKAGE_PIN",20180,"",1,1,"FCB_PS1600",29,"153","","",-200,"<=",-7.60397,"nA","<=",200,"P",0.416773,***,"",
29,"Pin_to_Pin_Leakage","","PIN_TO_PIN_POS_LEAKAGE_PIN",20090,"",1,1,"ISEN_PS1600",29,"153","","",-200,"<=",-0.0563175,"nA","<=",200,"P",0.416773,***,"",
29,"Pin_to_Pin_Leakage","","PIN_TO_PIN_NEG_LEAKAGE_PIN",20190,"",1,1,"ISEN_PS1600",29,"153","","",-200,"<=",-13.561,"nA","<=",200,"P",0.416773,***,"",
29,"Pin_to_Pin_Leakage","","PIN_TO_PIN_POS_LEAKAGE_PIN_VBIAS_PS1600",20100,"",1,1,"VBIAS_PS1600",29,"153","","",500,"<=",774,"nA","<=",1000,"P",0.416773,***,"",
29,"Pin_to_Pin_Leakage","","PIN_TO_PIN_NEG_LEAKAGE_PIN_VBIAS_PS1600",20200,"",1,1,"VBIAS_PS1600",29,"153","","",-1000,"<=",-833,"nA","<=",-500,"P",0.416773,***,"",
29,"IVDDFL_IVINFL_RONFL","","RON_200mAVDD_5_VIN_5_20V_Part",90050,"",1,1,"VIN1",29,"153","","",0.01,"<=",0.0234594,"ohm","<=",0.03,"P",0.034414,***,"",
29,"IVDDFL_IVINFL_RONFL","","DEVICE_VARIENT_TRUE",90060,"",1,1,"VIN1",29,"153","","",0.5,"<=",1,"","<=",1.5,"P",0.034414,***,"",
29,"Fuse_Burn_Check","","BANKA_BIT5_BLOWN_TRUE",1000001,"",1,1,"OFF_PS1600",29,"153","","",0,"<=",1,"","<=",1,"P",0.0995141,***,"",
29,"Gross_Functional_EN_FCB_FAULTB_OFF","","EN_FCB_LOW_VOUT_LOW",30010,"",1,1,"VOUT4",29,"153","","",-0.001,"<=",0.0109406,"V","<=",1,"P",0.231374,***,"",
29,"Gross_Functional_EN_FCB_FAULTB_OFF","","EN_FCB_LOW_OFF_HIGH",30020,"",1,1,"OFF_PS1600",29,"153","","",1.6,"<=",1.79945,"V","<=",2.3,"P",0.231374,***,"",
29,"Gross_Functional_EN_FCB_FAULTB_OFF","","FCB_LOW_VOUT_LOW",30030,"",1,1,"VOUT4",29,"153","","",-0.001,"<=",0.00138283,"V","<=",0.5,"P",0.231374,***,"",
29,"Gross_Functional_EN_FCB_FAULTB_OFF","","FCB_LOW_OFF_HIGH",30040,"",1,1,"OFF_PS1600",29,"153","","",1.6,"<=",1.8003,"V","<=",2.3,"P",0.231374,***,"",
29,"Gross_Functional_EN_FCB_FAULTB_OFF","","EN_LOW_VOUT_LOW",30050,"",1,1,"VOUT4",29,"153","","",-0.001,"<=",0.00125313,"V","<=",0.5,"P",0.231374,***,"",
29,"Gross_Functional_EN_FCB_FAULTB_OFF","","EN_LOW_OFF_HIGH",30060,"",1,1,"OFF_PS1600",29,"153","","",1.6,"<=",1.7995,"V","<=",2.3,"P",0.231374,***,"",
29,"Gross_Functional_EN_FCB_FAULTB_OFF","","EN_FCB_HIGH_VOUT_HIGH",30070,"",1,1,"VOUT4",29,"153","","",4.85,"<=",4.99997,"V","<=",5.1,"P",0.231374,***,"",
29,"Gross_Functional_EN_FCB_FAULTB_OFF","","EN_FCB_HIGH_OFF_LOW",30080,"",1,1,"OFF_PS1600",29,"153","","",-0.001,"<=",0.000714269,"V","<=",0.5,"P",0.231374,***,"",
29,"Gross_Functional_EN_FCB_FAULTB_OFF","","FAULT_SET_VOUT_LOW",30090,"",1,1,"VOUT4",29,"153","","",-0.001,"<=",0.000164032,"V","<=",0.5,"P",0.231374,***,"",
29,"Gross_Functional_EN_FCB_FAULTB_OFF","","FAULT_SET_OFF_HIGH",30100,"",1,1,"OFF_PS1600",29,"153","","",1.6,"<=",1.84413,"V","<=",2.3,"P",0.231374,***,"",
29,"Gross_Functional_EN_FCB_FAULTB_OFF","","FAULT_RESET_VOUT_HIGH",30110,"",1,1,"VOUT4",29,"153","","",4.85,"<=",4.99983,"V","<=",5.1,"P",0.231374,***,"",
29,"Gross_Functional_EN_FCB_FAULTB_OFF","","FAULT_RESET_OFF_LOW",30120,"",1,1,"OFF_PS1600",29,"153","","",0,"<=",0.000771185,"V","<=",0.5,"P",0.231374,***,"",
29,"Output_disabled_leakage","","IVDDDIS_VDD_3_VIN_3",40010,"",1,1,"VDD",29,"153","","",10,"<=",107.263,"uA","<=",166.5,"P",0.10165,***,"",
29,"Output_disabled_leakage","","IVINDIS_VDD_3_VIN_3",40050,"",1,1,"VIN1",29,"153","","",10,"<=",73.1666,"uA","<=",166.5,"P",0.10165,***,"",
29,"Output_disabled_leakage","","IOFF_VDD_3_VIN_3",40090,"",1,1,"VOUT4",29,"153","","",-14,"<=",-1.78766,"uA","<=",11,"P",0.10165,***,"",
29,"Output_disabled_leakage","","IVDDDIS_VDD_3_VIN_20",40020,"",1,1,"VDD",29,"153","","",10,"<=",101.448,"uA","<=",166.5,"P",0.10165,***,"",
29,"Output_disabled_leakage","","IVINDIS_VDD_3_VIN_20",40060,"",1,1,"VIN1",29,"153","","",10,"<=",94.2405,"uA","<=",166.5,"P",0.10165,***,"",
29,"Output_disabled_leakage","","IOFF_VDD_3_VIN_20",40100,"",1,1,"VOUT4",29,"153","","",-14,"<=",-1.66123,"uA","<=",11,"P",0.10165,***,"",
29,"Output_disabled_leakage","","IVINVDD0_VIN_3",40130,"",1,1,"VIN1",29,"153","","",10,"<=",64.6496,"uA","<=",166.5,"P",0.10165,***,"",
29,"Output_disabled_leakage","","IOFFVDD0_VIN_3",40150,"",1,1,"VOUT4",29,"153","","",-14,"<=",-1.46404,"uA","<=",11,"P",0.10165,***,"",
29,"Output_disabled_leakage","","IVDDDIS_VDD_20_VIN_3",40030,"",1,1,"VDD",29,"153","","",10,"<=",130.439,"uA","<=",166.5,"P",0.10165,***,"",
29,"Output_disabled_leakage","","IVINDIS_VDD_20_VIN_3",40070,"",1,1,"VIN1",29,"153","","",10,"<=",79.0861,"uA","<=",166.5,"P",0.10165,***,"",
29,"Output_disabled_leakage","","IOFF_VDD_20_VIN_3",40110,"",1,1,"VOUT4",29,"153","","",-14,"<=",-1.72871,"uA","<=",11,"P",0.10165,***,"",
29,"Output_disabled_leakage","","IVDDDIS_VDD_20_VIN_20",40040,"",1,1,"VDD",29,"153","","",10,"<=",132.667,"uA","<=",166.5,"P",0.10165,***,"",
29,"Output_disabled_leakage","","IVINDIS_VDD_20_VIN_20",40080,"",1,1,"VIN1",29,"153","","",10,"<=",92.3537,"uA","<=",166.5,"P",0.10165,***,"",
29,"Output_disabled_leakage","","IOFF_VDD_20_VIN_20",40120,"",1,1,"VOUT4",29,"153","","",-14,"<=",-1.79223,"uA","<=",11,"P",0.10165,***,"",
29,"Output_disabled_leakage","","IVINVDD0_VIN_20",40140,"",1,1,"VIN1",29,"153","","",10,"<=",119.695,"uA","<=",166.5,"P",0.10165,***,"",
29,"Output_disabled_leakage","","IOFFVDD0_VIN_20",40160,"",1,1,"VOUT4",29,"153","","",-14,"<=",-2.17248,"uA","<=",11,"P",0.10165,***,"",
29,"EN_pullup_resistor","","EN0V_PULLUP_RES",50010,"",1,1,"EN0_PS1600",29,"153","","",155,"<=",191.769,"Kohm","<=",230,"P",0.0272827,***,"",
29,"EN_pullup_resistor","","EN1V_PULLUP_RES",50020,"",1,1,"EN0_PS1600",29,"153","","",155,"<=",192.303,"Kohm","<=",230,"P",0.0272827,***,"",
29,"EN_pullup_resistor","","EN0V_Current",50030,"",1,1,"EN0_PS1600",29,"153","","",-11,"<=",-9.38632,"uA","<=",-7,"P",0.0272827,***,"",
29,"EN_pullup_resistor","","EN1V_Current",50040,"",1,1,"EN0_PS1600",29,"153","","",-5.5,"<=",-4.16011,"uA","<=",-3,"P",0.0272827,***,"",
29,"Leakage_Test","","IOFF_REVERSE_VOUT_VIN_LEAKAGE_1mA",60030,"",1,1,"VIN",29,"153","","",-331,"<=",-265.455,"mV","<=",-205,"P",0.0588329,***,"",
29,"Leakage_Test","","IOFF_REVERSE_VOUT_VIN_LEAKAGE_10mA",60040,"",1,1,"VIN",29,"153","","",-340,"<=",-327.644,"mV","<=",-205,"P",0.0588329,***,"",
29,"Leakage_Test","","IOFF_REVERSE_VOUT_VIN_LEAKAGE_100mA",60050,"",1,1,"VIN",29,"153","","",-331,"<=",-205.956,"mV","<=",-205,"P",0.0588329,***,"",
29,"Nominal_Input_pin_Leakages","","LEAKAGE",70010,"",1,1,"EN0_PS1600",29,"153","","",10,"<=",25.684,"uA","<=",40,"P",0.139807,***,"",
29,"Nominal_Input_pin_Leakages","","LEAKAGE",70060,"",1,1,"FAULTB_PS1600",29,"153","","",-0.2,"<=",0.00566159,"uA","<=",0.2,"P",0.139807,***,"",
29,"Nominal_Input_pin_Leakages","","LEAKAGE",70020,"",1,1,"FCB_PS1600",29,"153","","",-0.5,"<=",0.136876,"uA","<=",0.5,"P",0.139807,***,"",
29,"Nominal_Input_pin_Leakages","","LEAKAGE",70040,"",1,1,"ISEN_PS1600",29,"153","","",24,"<=",26.9256,"uA","<=",50,"P",0.139807,***,"",
29,"Nominal_Input_pin_Leakages","","LEAKAGE",70030,"",1,1,"ITRIP_PS1600",29,"153","","",14,"<=",16.176,"uA","<=",25,"P",0.139807,***,"",
29,"Nominal_Input_pin_Leakages","","LEAKAGE",70080,"",1,1,"OFF_PS1600",29,"153","","",-0.2,"<=",0.0494294,"uA","<=",0.5,"P",0.139807,***,"",
29,"Nominal_Input_pin_Leakages","","LEAKAGE",70050,"",1,1,"SS_PS1600",29,"153","","",20,"<=",51.0905,"uA","<=",70,"P",0.139807,***,"",
29,"Nominal_Input_pin_Leakages","","LEAKAGE",70070,"",1,1,"VBIAS_PS1600",29,"153","","",5,"<=",26.922,"uA","<=",40,"P",0.139807,***,"",
29,"Nominal_Input_pin_Leakages","","LEAKAGE_2V",70090,"",1,1,"OFF_PS1600",29,"153","","",-0.5,"<=",0.043096,"uA","<=",0.5,"P",0.139807,***,"",
29,"Output_enabled_leakage","","IVDD_VDD_3_Vin_3",80001,"",1,1,"VDD",29,"153","","",10,"<=",91.2575,"uA","<=",130,"P",0.495899,***,"",
29,"Output_enabled_leakage","","IVIN_VDD_3_Vin_3",80005,"",1,1,"VIN1",29,"153","","",10,"<=",53.4854,"uA","<=",75,"P",0.495899,***,"",
29,"Output_enabled_leakage","","IVDD_VDD_3_Vin_20",80010,"",1,1,"VDD",29,"153","","",10,"<=",98.6569,"uA","<=",150,"P",0.495899,***,"",
29,"Output_enabled_leakage","","IVIN_VDD_3_Vin_20",80014,"",1,1,"VIN1",29,"153","","",10,"<=",85.7431,"uA","<=",120,"P",0.495899,***,"",
29,"Output_enabled_leakage","","IVDD_VDD_20_Vin_3",80011,"",1,1,"VDD",29,"153","","",10,"<=",110.993,"uA","<=",150,"P",0.495899,***,"",
29,"Output_enabled_leakage","","IVIN_VDD_20_Vin_3",80015,"",1,1,"VIN1",29,"153","","",10,"<=",54.175,"uA","<=",75,"P",0.495899,***,"",
29,"Output_enabled_leakage","","IVDD_VDD_20_Vin_20",80012,"",1,1,"VDD",29,"153","","",10,"<=",117.103,"uA","<=",175,"P",0.495899,***,"",
29,"Output_enabled_leakage","","IVIN_VDD_20_Vin_20",80016,"",1,1,"VIN1",29,"153","","",10,"<=",84.6898,"uA","<=",120,"P",0.495899,***,"",
29,"SCAN","","Scan_test",330010,"_rdi_burst_SCAN_bk4_mp",1,1,"@",29,"153","","",***,"",***," ","",***,"P",0.0437546,***,"",
29,"Logic","","Logic_test",340010,"_rdi_burst_Logic_bk6_mp",1,1,"@",29,"153","","",***,"",***," ","",***,"P",0.279346,***,"",
29,"POST_EFUSE_RESISTANCE","","POST_BANKA_EFUSE_RESISTANCE_BLOWN_BIT47",590001,"",1,1,"ISEN_PS1600",29,"153","","",3500,"<=",70357,"ohms","<=",85000,"P",3.61603,***,"",
29,"POST_EFUSE_RESISTANCE","","POST_BANKA_EFUSE_RESISTANCE_BLOWN_BIT46",590002,"",1,1,"ISEN_PS1600",29,"153","","",3500,"<=",70357,"ohms","<=",85000,"P",3.6658,***,"",
29,"POST_EFUSE_RESISTANCE","","POST_BANKA_EFUSE_RESISTANCE_UNBLOWN_BIT45",490003,"",1,1,"ISEN_PS1600",29,"153","","",65,"<=",57,"ohms","<=",200,"F",3.72201,***,"",
30,"CONTINUITY","","CONTINUITY",10030,"",1,1,"EN0_PS1600",30,"134","","",-500,"<=",-357.007,"mV","<=",-300,"P",0.132977,***,"",
30,"CONTINUITY","","CONTINUITY",10020,"",1,1,"FAULTB_PS1600",30,"134","","",-500,"<=",-416.419,"mV","<=",-300,"P",0.132977,***,"",
30,"CONTINUITY","","CONTINUITY",10050,"",1,1,"FCB_PS1600",30,"134","","",-500,"<=",-357.237,"mV","<=",-300,"P",0.132977,***,"",
30,"CONTINUITY","","CONTINUITY",10090,"",1,1,"ISEN_PS1600",30,"134","","",-500,"<=",-343.339,"mV","<=",-300,"P",0.132977,***,"",
30,"CONTINUITY","","CONTINUITY",10080,"",1,1,"ITRIP_PS1600",30,"134","","",-500,"<=",-359.229,"mV","<=",-300,"P",0.132977,***,"",
30,"CONTINUITY","","CONTINUITY",10040,"",1,1,"OFF_PS1600",30,"134","","",-500,"<=",-352.058,"mV","<=",-300,"P",0.132977,***,"",
30,"CONTINUITY","","CONTINUITY",10010,"",1,1,"SS_PS1600",30,"134","","",-500,"<=",-442.967,"mV","<=",-300,"P",0.132977,***,"",
30,"CONTINUITY","","CONTINUITY",10070,"",1,1,"VBIAS_PS1600",30,"134","","",-500,"<=",-297.929,"mV","<=",-200,"P",0.132977,***,"",
30,"CONTINUITY","","CONTINUITY",10060,"",1,1,"GND_PS1600",30,"134","","",-500,"<=",-354.04,"mV","<=",-300,"P",0.132977,***,"",
30,"CONTINUITY","","CONTINUITY",10180,"",1,1,"VIN1",30,"134","","",-360,"<=",-339.958,"mV","<=",-300,"P",0.132977,***,"",
30,"CONTINUITY","","CONTINUITY",10190,"",1,1,"VIN2",30,"134","","",-360,"<=",-340.048,"mV","<=",-300,"P",0.132977,***,"",
30,"CONTINUITY","","CONTINUITY",10200,"",1,1,"VIN3",30,"134","","",-360,"<=",-340.235,"mV","<=",-300,"P",0.132977,***,"",
30,"CONTINUITY","","CONTINUITY",10210,"",1,1,"VIN4_RS1",30,"134","","",-360,"<=",-340.164,"mV","<=",-300,"P",0.132977,***,"",
30,"CONTINUITY","","CONTINUITY",10220,"",1,1,"VIN4_RS2",30,"134","","",-360,"<=",-340.166,"mV","<=",-300,"P",0.132977,***,"",
30,"CONTINUITY","","CONTINUITY",10230,"",1,1,"VIN5_RS1",30,"134","","",-360,"<=",-339.804,"mV","<=",-300,"P",0.132977,***,"",
30,"CONTINUITY","","CONTINUITY",10240,"",1,1,"VIN5_RS2",30,"134","","",-360,"<=",-339.981,"mV","<=",-300,"P",0.132977,***,"",
30,"CONTINUITY","","CONTINUITY",10250,"",1,1,"VIN6",30,"134","","",-360,"<=",-340.45,"mV","<=",-300,"P",0.132977,***,"",
30,"CONTINUITY","","CONTINUITY",10100,"",1,1,"VOUT1",30,"134","","",-300,"<=",-223.331,"mV","<=",-200,"P",0.132977,***,"",
30,"CONTINUITY","","CONTINUITY",10110,"",1,1,"VOUT2_RS1",30,"134","","",-300,"<=",-223.421,"mV","<=",-200,"P",0.132977,***,"",
30,"CONTINUITY","","CONTINUITY",10120,"",1,1,"VOUT2_RS2",30,"134","","",-300,"<=",-223.238,"mV","<=",-200,"P",0.132977,***,"",
30,"CONTINUITY","","CONTINUITY",10130,"",1,1,"VOUT3_RS1",30,"134","","",-300,"<=",-223.383,"mV","<=",-200,"P",0.132977,***,"",
30,"CONTINUITY","","CONTINUITY",10140,"",1,1,"VOUT3_RS2",30,"134","","",-300,"<=",-223.141,"mV","<=",-200,"P",0.132977,***,"",
30,"CONTINUITY","","CONTINUITY",10150,"",1,1,"VOUT4",30,"134","","",-300,"<=",-223.051,"mV","<=",-200,"P",0.132977,***,"",
30,"CONTINUITY","","CONTINUITY",10160,"",1,1,"VOUT5",30,"134","","",-300,"<=",-223.368,"mV","<=",-200,"P",0.132977,***,"",
30,"CONTINUITY","","CONTINUITY",10170,"",1,1,"VOUT6",30,"134","","",-300,"<=",-223.269,"mV","<=",-200,"P",0.132977,***,"",
30,"Pin_to_Pin_Leakage","","PIN_TO_PIN_POS_LEAKAGE_PIN",20010,"",1,1,"FAULTB_PS1600",30,"134","","",-200,"<=",-8.98283,"nA","<=",200,"P",0.416773,***,"",
30,"Pin_to_Pin_Leakage","","PIN_TO_PIN_NEG_LEAKAGE_PIN",20110,"",1,1,"FAULTB_PS1600",30,"134","","",-200,"<=",-8.98283,"nA","<=",200,"P",0.416773,***,"",
30,"Pin_to_Pin_Leakage","","PIN_TO_PIN_POS_LEAKAGE_PIN",20020,"",1,1,"ITRIP_PS1600",30,"134","","",-200,"<=",-11.797,"nA","<=",200,"P",0.416773,***,"",
30,"Pin_to_Pin_Leakage","","PIN_TO_PIN_NEG_LEAKAGE_PIN",20120,"",1,1,"ITRIP_PS1600",30,"134","","",-200,"<=",-11.797,"nA","<=",200,"P",0.416773,***,"",
30,"Pin_to_Pin_Leakage","","PIN_TO_PIN_POS_LEAKAGE_PIN",20030,"",1,1,"OFF_PS1600",30,"134","","",-200,"<=",-11.1468,"nA","<=",200,"P",0.416773,***,"",
30,"Pin_to_Pin_Leakage","","PIN_TO_PIN_NEG_LEAKAGE_PIN",20130,"",1,1,"OFF_PS1600",30,"134","","",-200,"<=",-11.1468,"nA","<=",200,"P",0.416773,***,"",
30,"Pin_to_Pin_Leakage","","PIN_TO_PIN_POS_LEAKAGE_PIN",20040,"",1,1,"SS_PS1600",30,"134","","",-200,"<=",-12.6814,"nA","<=",200,"P",0.416773,***,"",
30,"Pin_to_Pin_Leakage","","PIN_TO_PIN_NEG_LEAKAGE_PIN",20140,"",1,1,"SS_PS1600",30,"134","","",-200,"<=",-12.6814,"nA","<=",200,"P",0.416773,***,"",
30,"Pin_to_Pin_Leakage","","PIN_TO_PIN_POS_LEAKAGE_PIN",20050,"",1,1,"VIN1",30,"134","","",10,"<=",299.413,"nA","<=",500,"P",0.416773,***,"",
30,"Pin_to_Pin_Leakage","","PIN_TO_PIN_NEG_LEAKAGE_PIN",20150,"",1,1,"VIN1",30,"134","","",-500,"<=",-304.353,"nA","<=",-10,"P",0.416773,***,"",
30,"Pin_to_Pin_Leakage","","PIN_TO_PIN_POS_LEAKAGE_PIN",20060,"",1,1,"VOUT1",30,"134","","",10,"<=",300.588,"nA","<=",500,"P",0.416773,***,"",
30,"Pin_to_Pin_Leakage","","PIN_TO_PIN_NEG_LEAKAGE_PIN",20160,"",1,1,"VOUT1",30,"134","","",-500,"<=",-300.162,"nA","<=",-10,"P",0.416773,***,"",
30,"Pin_to_Pin_Leakage","","PIN_TO_PIN_POS_LEAKAGE_PIN",20070,"",1,1,"EN0_PS1600",30,"134","","",300,"<=",520.53,"nA","<=",700,"P",0.416773,***,"",
30,"Pin_to_Pin_Leakage","","PIN_TO_PIN_NEG_LEAKAGE_PIN",20170,"",1,1,"EN0_PS1600",30,"134","","",-700,"<=",-527.319,"nA","<=",-300,"P",0.416773,***,"",
30,"Pin_to_Pin_Leakage","","PIN_TO_PIN_POS_LEAKAGE_PIN",20080,"",1,1,"FCB_PS1600",30,"134","","",-200,"<=",-0.0591465,"nA","<=",200,"P",0.416773,***,"",
30,"Pin_to_Pin_Leakage","","PIN_TO_PIN_NEG_LEAKAGE_PIN",20180,"",1,1,"FCB_PS1600",30,"134","","",-200,"<=",-7.70531,"nA","<=",200,"P",0.416773,***,"",
30,"Pin_to_Pin_Leakage","","PIN_TO_PIN_POS_LEAKAGE_PIN",20090,"",1,1,"ISEN_PS1600",30,"134","","",-200,"<=",0.199446,"nA","<=",200,"P",0.416773,***,"",
30,"Pin_to_Pin_Leakage","","PIN_TO_PIN_NEG_LEAKAGE_PIN",20190,"",1,1,"ISEN_PS1600",30,"134","","",-200,"<=",-14.5329,"nA","<=",200,"P",0.416773,***,"",
30,"Pin_to_Pin_Leakage","","PIN_TO_PIN_POS_LEAKAGE_PIN_VBIAS_PS1600",20100,"",1,1,"VBIAS_PS1600",30,"134","","",500,"<=",752,"nA","<=",1000,"P",0.416773,***,"",
30,"Pin_to_Pin_Leakage","","PIN_TO_PIN_NEG_LEAKAGE_PIN_VBIAS_PS1600",20200,"",1,1,"VBIAS_PS1600",30,"134","","",-1000,"<=",-822,"nA","<=",-500,"P",0.416773,***,"",
30,"IVDDFL_IVINFL_RONFL","","RON_200mAVDD_5_VIN_5_20V_Part",90050,"",1,1,"VIN1",30,"134","","",0.01,"<=",0.0235945,"ohm","<=",0.03,"P",0.034414,***,"",
30,"IVDDFL_IVINFL_RONFL","","DEVICE_VARIENT_TRUE",90060,"",1,1,"VIN1",30,"134","","",0.5,"<=",1,"","<=",1.5,"P",0.034414,***,"",
30,"Fuse_Burn_Check","","BANKA_BIT5_BLOWN_TRUE",1000001,"",1,1,"OFF_PS1600",30,"134","","",0,"<=",1,"","<=",1,"P",0.0995141,***,"",
30,"Gross_Functional_EN_FCB_FAULTB_OFF","","EN_FCB_LOW_VOUT_LOW",30010,"",1,1,"VOUT4",30,"134","","",-0.001,"<=",0.0111675,"V","<=",1,"P",0.231374,***,"",
30,"Gross_Functional_EN_FCB_FAULTB_OFF","","EN_FCB_LOW_OFF_HIGH",30020,"",1,1,"OFF_PS1600",30,"134","","",1.6,"<=",1.79626,"V","<=",2.3,"P",0.231374,***,"",
30,"Gross_Functional_EN_FCB_FAULTB_OFF","","FCB_LOW_VOUT_LOW",30030,"",1,1,"VOUT4",30,"134","","",-0.001,"<=",0.00137901,"V","<=",0.5,"P",0.231374,***,"",
30,"Gross_Functional_EN_FCB_FAULTB_OFF","","FCB_LOW_OFF_HIGH",30040,"",1,1,"OFF_PS1600",30,"134","","",1.6,"<=",1.79671,"V","<=",2.3,"P",0.231374,***,"",
30,"Gross_Functional_EN_FCB_FAULTB_OFF","","EN_LOW_VOUT_LOW",30050,"",1,1,"VOUT4",30,"134","","",-0.001,"<=",0.000757217,"V","<=",0.5,"P",0.231374,***,"",
30,"Gross_Functional_EN_FCB_FAULTB_OFF","","EN_LOW_OFF_HIGH",30060,"",1,1,"OFF_PS1600",30,"134","","",1.6,"<=",1.79615,"V","<=",2.3,"P",0.231374,***,"",
30,"Gross_Functional_EN_FCB_FAULTB_OFF","","EN_FCB_HIGH_VOUT_HIGH",30070,"",1,1,"VOUT4",30,"134","","",4.85,"<=",4.99999,"V","<=",5.1,"P",0.231374,***,"",
30,"Gross_Functional_EN_FCB_FAULTB_OFF","","EN_FCB_HIGH_OFF_LOW",30080,"",1,1,"OFF_PS1600",30,"134","","",-0.001,"<=",0.000771185,"V","<=",0.5,"P",0.231374,***,"",
30,"Gross_Functional_EN_FCB_FAULTB_OFF","","FAULT_SET_VOUT_LOW",30090,"",1,1,"VOUT4",30,"134","","",-0.001,"<=",0.000398636,"V","<=",0.5,"P",0.231374,***,"",
30,"Gross_Functional_EN_FCB_FAULTB_OFF","","FAULT_SET_OFF_HIGH",30100,"",1,1,"OFF_PS1600",30,"134","","",1.6,"<=",1.84128,"V","<=",2.3,"P",0.231374,***,"",
30,"Gross_Functional_EN_FCB_FAULTB_OFF","","FAULT_RESET_VOUT_HIGH",30110,"",1,1,"VOUT4",30,"134","","",4.85,"<=",4.99959,"V","<=",5.1,"P",0.231374,***,"",
30,"Gross_Functional_EN_FCB_FAULTB_OFF","","FAULT_RESET_OFF_LOW",30120,"",1,1,"OFF_PS1600",30,"134","","",0,"<=",0.000714269,"V","<=",0.5,"P",0.231374,***,"",
30,"Output_disabled_leakage","","IVDDDIS_VDD_3_VIN_3",40010,"",1,1,"VDD",30,"134","","",10,"<=",101.225,"uA","<=",166.5,"P",0.10165,***,"",
30,"Output_disabled_leakage","","IVINDIS_VDD_3_VIN_3",40050,"",1,1,"VIN1",30,"134","","",10,"<=",71.9903,"uA","<=",166.5,"P",0.10165,***,"",
30,"Output_disabled_leakage","","IOFF_VDD_3_VIN_3",40090,"",1,1,"VOUT4",30,"134","","",-14,"<=",-1.69968,"uA","<=",11,"P",0.10165,***,"",
30,"Output_disabled_leakage","","IVDDDIS_VDD_3_VIN_20",40020,"",1,1,"VDD",30,"134","","",10,"<=",111.866,"uA","<=",166.5,"P",0.10165,***,"",
30,"Output_disabled_leakage","","IVINDIS_VDD_3_VIN_20",40060,"",1,1,"VIN1",30,"134","","",10,"<=",87.7362,"uA","<=",166.5,"P",0.10165,***,"",
30,"Output_disabled_leakage","","IOFF_VDD_3_VIN_20",40100,"",1,1,"VOUT4",30,"134","","",-14,"<=",-1.65547,"uA","<=",11,"P",0.10165,***,"",
30,"Output_disabled_leakage","","IVINVDD0_VIN_3",40130,"",1,1,"VIN1",30,"134","","",10,"<=",68.6822,"uA","<=",166.5,"P",0.10165,***,"",
30,"Output_disabled_leakage","","IOFFVDD0_VIN_3",40150,"",1,1,"VOUT4",30,"134","","",-14,"<=",-1.38638,"uA","<=",11,"P",0.10165,***,"",
30,"Output_disabled_leakage","","IVDDDIS_VDD_20_VIN_3",40030,"",1,1,"VDD",30,"134","","",10,"<=",137.409,"uA","<=",166.5,"P",0.10165,***,"",
30,"Output_disabled_leakage","","IVINDIS_VDD_20_VIN_3",40070,"",1,1,"VIN1",30,"134","","",10,"<=",70.096,"uA","<=",166.5,"P",0.10165,***,"",
30,"Output_disabled_leakage","","IOFF_VDD_20_VIN_3",40110,"",1,1,"VOUT4",30,"134","","",-14,"<=",-1.72871,"uA","<=",11,"P",0.10165,***,"",
30,"Output_disabled_leakage","","IVDDDIS_VDD_20_VIN_20",40040,"",1,1,"VDD",30,"134","","",10,"<=",125.105,"uA","<=",166.5,"P",0.10165,***,"",
30,"Output_disabled_leakage","","IVINDIS_VDD_20_VIN_20",40080,"",1,1,"VIN1",30,"134","","",10,"<=",91.3991,"uA","<=",166.5,"P",0.10165,***,"",
30,"Output_disabled_leakage","","IOFF_VDD_20_VIN_20",40120,"",1,1,"VOUT4",30,"134","","",-14,"<=",-1.64258,"uA","<=",11,"P",0.10165,***,"",
30,"Output_disabled_leakage","","IVINVDD0_VIN_20",40140,"",1,1,"VIN1",30,"134","","",10,"<=",120.05,"uA","<=",166.5,"P",0.10165,***,"",
30,"Output_disabled_leakage","","IOFFVDD0_VIN_20",40160,"",1,1,"VOUT4",30,"134","","",-14,"<=",-2.18407,"uA","<=",11,"P",0.10165,***,"",
30,"EN_pullup_resistor","","EN0V_PULLUP_RES",50010,"",1,1,"EN0_PS1600",30,"134","","",155,"<=",192.711,"Kohm","<=",230,"P",0.0272827,***,"",
30,"EN_pullup_resistor","","EN1V_PULLUP_RES",50020,"",1,1,"EN0_PS1600",30,"134","","",155,"<=",193.489,"Kohm","<=",230,"P",0.0272827,***,"",
30,"EN_pullup_resistor","","EN0V_Current",50030,"",1,1,"EN0_PS1600",30,"134","","",-11,"<=",-9.34042,"uA","<=",-7,"P",0.0272827,***,"",
30,"EN_pullup_resistor","","EN1V_Current",50040,"",1,1,"EN0_PS1600",30,"134","","",-5.5,"<=",-4.13461,"uA","<=",-3,"P",0.0272827,***,"",
30,"Leakage_Test","","IOFF_REVERSE_VOUT_VIN_LEAKAGE_1mA",60030,"",1,1,"VIN",30,"134","","",-331,"<=",-265.81,"mV","<=",-205,"P",0.0588329,***,"",
30,"Leakage_Test","","IOFF_REVERSE_VOUT_VIN_LEAKAGE_10mA",60040,"",1,1,"VIN",30,"134","","",-340,"<=",-327.747,"mV","<=",-205,"P",0.0588329,***,"",
30,"Leakage_Test","","IOFF_REVERSE_VOUT_VIN_LEAKAGE_100mA",60050,"",1,1,"VIN",30,"134","","",-331,"<=",-206.751,"mV","<=",-205,"P",0.0588329,***,"",
30,"Nominal_Input_pin_Leakages","","LEAKAGE",70010,"",1,1,"EN0_PS1600",30,"134","","",10,"<=",25.5539,"uA","<=",40,"P",0.139807,***,"",
30,"Nominal_Input_pin_Leakages","","LEAKAGE",70060,"",1,1,"FAULTB_PS1600",30,"134","","",-0.2,"<=",0.00591544,"uA","<=",0.2,"P",0.139807,***,"",
30,"Nominal_Input_pin_Leakages","","LEAKAGE",70020,"",1,1,"FCB_PS1600",30,"134","","",-0.5,"<=",0.161942,"uA","<=",0.5,"P",0.139807,***,"",
30,"Nominal_Input_pin_Leakages","","LEAKAGE",70040,"",1,1,"ISEN_PS1600",30,"134","","",24,"<=",26.8751,"uA","<=",50,"P",0.139807,***,"",
30,"Nominal_Input_pin_Leakages","","LEAKAGE",70030,"",1,1,"ITRIP_PS1600",30,"134","","",14,"<=",16.3015,"uA","<=",25,"P",0.139807,***,"",
30,"Nominal_Input_pin_Leakages","","LEAKAGE",70080,"",1,1,"OFF_PS1600",30,"134","","",-0.2,"<=",0.0241387,"uA","<=",0.5,"P",0.139807,***,"",
30,"Nominal_Input_pin_Leakages","","LEAKAGE",70050,"",1,1,"SS_PS1600",30,"134","","",20,"<=",50.5613,"uA","<=",70,"P",0.139807,***,"",
30,"Nominal_Input_pin_Leakages","","LEAKAGE",70070,"",1,1,"VBIAS_PS1600",30,"134","","",5,"<=",27.692,"uA","<=",40,"P",0.139807,***,"",
30,"Nominal_Input_pin_Leakages","","LEAKAGE_2V",70090,"",1,1,"OFF_PS1600",30,"134","","",-0.5,"<=",0.0178053,"uA","<=",0.5,"P",0.139807,***,"",
30,"Output_enabled_leakage","","IVDD_VDD_3_Vin_3",80001,"",1,1,"VDD",30,"134","","",10,"<=",95.6263,"uA","<=",130,"P",0.495899,***,"",
30,"Output_enabled_leakage","","IVIN_VDD_3_Vin_3",80005,"",1,1,"VIN1",30,"134","","",10,"<=",56.7664,"uA","<=",75,"P",0.495899,***,"",
30,"Output_enabled_leakage","","IVDD_VDD_3_Vin_20",80010,"",1,1,"VDD",30,"134","","",10,"<=",97.6864,"uA","<=",150,"P",0.495899,***,"",
30,"Output_enabled_leakage","","IVIN_VDD_3_Vin_20",80014,"",1,1,"VIN1",30,"134","","",10,"<=",81.0828,"uA","<=",120,"P",0.495899,***,"",
30,"Output_enabled_leakage","","IVDD_VDD_20_Vin_3",80011,"",1,1,"VDD",30,"134","","",10,"<=",114.569,"uA","<=",150,"P",0.495899,***,"",
30,"Output_enabled_leakage","","IVIN_VDD_20_Vin_3",80015,"",1,1,"VIN1",30,"134","","",10,"<=",53.3951,"uA","<=",75,"P",0.495899,***,"",
30,"Output_enabled_leakage","","IVDD_VDD_20_Vin_20",80012,"",1,1,"VDD",30,"134","","",10,"<=",117.114,"uA","<=",175,"P",0.495899,***,"",
30,"Output_enabled_leakage","","IVIN_VDD_20_Vin_20",80016,"",1,1,"VIN1",30,"134","","",10,"<=",83.4167,"uA","<=",120,"P",0.495899,***,"",
30,"SCAN","","Scan_test",330010,"_rdi_burst_SCAN_bk4_mp",1,1,"@",30,"134","","",***,"",***," ","",***,"P",0.0437546,***,"",
30,"Logic","","Logic_test",340010,"_rdi_burst_Logic_bk6_mp",1,1,"@",30,"134","","",***,"",***," ","",***,"P",0.279346,***,"",
30,"POST_EFUSE_RESISTANCE","","POST_BANKA_EFUSE_RESISTANCE_BLOWN_BIT47",590001,"",1,1,"ISEN_PS1600",30,"134","","",3500,"<=",70778.2,"ohms","<=",85000,"P",3.61603,***,"",
30,"POST_EFUSE_RESISTANCE","","POST_BANKA_EFUSE_RESISTANCE_BLOWN_BIT46",590002,"",1,1,"ISEN_PS1600",30,"134","","",3500,"<=",70789.4,"ohms","<=",85000,"P",3.6658,***,"",
30,"POST_EFUSE_RESISTANCE","","POST_BANKA_EFUSE_RESISTANCE_UNBLOWN_BIT45",490003,"",1,1,"ISEN_PS1600",30,"134","","",65,"<=",57,"ohms","<=",200,"F",3.72201,***,"",
31,"CONTINUITY","","CONTINUITY",10030,"",1,1,"EN0_PS1600",31,"115","","",-500,"<=",-357.406,"mV","<=",-300,"P",0.132977,***,"",
31,"CONTINUITY","","CONTINUITY",10020,"",1,1,"FAULTB_PS1600",31,"115","","",-500,"<=",-412.264,"mV","<=",-300,"P",0.132977,***,"",
31,"CONTINUITY","","CONTINUITY",10050,"",1,1,"FCB_PS1600",31,"115","","",-500,"<=",-358.774,"mV","<=",-300,"P",0.132977,***,"",
31,"CONTINUITY","","CONTINUITY",10090,"",1,1,"ISEN_PS1600",31,"115","","",-500,"<=",-342.827,"mV","<=",-300,"P",0.132977,***,"",
31,"CONTINUITY","","CONTINUITY",10080,"",1,1,"ITRIP_PS1600",31,"115","","",-500,"<=",-358.774,"mV","<=",-300,"P",0.132977,***,"",
31,"CONTINUITY","","CONTINUITY",10040,"",1,1,"OFF_PS1600",31,"115","","",-500,"<=",-352.228,"mV","<=",-300,"P",0.132977,***,"",
31,"CONTINUITY","","CONTINUITY",10010,"",1,1,"SS_PS1600",31,"115","","",-500,"<=",-440.405,"mV","<=",-300,"P",0.132977,***,"",
31,"CONTINUITY","","CONTINUITY",10070,"",1,1,"VBIAS_PS1600",31,"115","","",-500,"<=",-296.165,"mV","<=",-200,"P",0.132977,***,"",
31,"CONTINUITY","","CONTINUITY",10060,"",1,1,"GND_PS1600",31,"115","","",-500,"<=",-354.267,"mV","<=",-300,"P",0.132977,***,"",
31,"CONTINUITY","","CONTINUITY",10180,"",1,1,"VIN1",31,"115","","",-360,"<=",-342.186,"mV","<=",-300,"P",0.132977,***,"",
31,"CONTINUITY","","CONTINUITY",10190,"",1,1,"VIN2",31,"115","","",-360,"<=",-342.896,"mV","<=",-300,"P",0.132977,***,"",
31,"CONTINUITY","","CONTINUITY",10200,"",1,1,"VIN3",31,"115","","",-360,"<=",-342.716,"mV","<=",-300,"P",0.132977,***,"",
31,"CONTINUITY","","CONTINUITY",10210,"",1,1,"VIN4_RS1",31,"115","","",-360,"<=",-342.743,"mV","<=",-300,"P",0.132977,***,"",
31,"CONTINUITY","","CONTINUITY",10220,"",1,1,"VIN4_RS2",31,"115","","",-360,"<=",-342.712,"mV","<=",-300,"P",0.132977,***,"",
31,"CONTINUITY","","CONTINUITY",10230,"",1,1,"VIN5_RS1",31,"115","","",-360,"<=",-342.482,"mV","<=",-300,"P",0.132977,***,"",
31,"CONTINUITY","","CONTINUITY",10240,"",1,1,"VIN5_RS2",31,"115","","",-360,"<=",-343.06,"mV","<=",-300,"P",0.132977,***,"",
31,"CONTINUITY","","CONTINUITY",10250,"",1,1,"VIN6",31,"115","","",-360,"<=",-342.716,"mV","<=",-300,"P",0.132977,***,"",
31,"CONTINUITY","","CONTINUITY",10100,"",1,1,"VOUT1",31,"115","","",-300,"<=",-223.164,"mV","<=",-200,"P",0.132977,***,"",
31,"CONTINUITY","","CONTINUITY",10110,"",1,1,"VOUT2_RS1",31,"115","","",-300,"<=",-223.381,"mV","<=",-200,"P",0.132977,***,"",
31,"CONTINUITY","","CONTINUITY",10120,"",1,1,"VOUT2_RS2",31,"115","","",-300,"<=",-223.358,"mV","<=",-200,"P",0.132977,***,"",
31,"CONTINUITY","","CONTINUITY",10130,"",1,1,"VOUT3_RS1",31,"115","","",-300,"<=",-223.228,"mV","<=",-200,"P",0.132977,***,"",
31,"CONTINUITY","","CONTINUITY",10140,"",1,1,"VOUT3_RS2",31,"115","","",-300,"<=",-223.33,"mV","<=",-200,"P",0.132977,***,"",
31,"CONTINUITY","","CONTINUITY",10150,"",1,1,"VOUT4",31,"115","","",-300,"<=",-223.28,"mV","<=",-200,"P",0.132977,***,"",
31,"CONTINUITY","","CONTINUITY",10160,"",1,1,"VOUT5",31,"115","","",-300,"<=",-223.236,"mV","<=",-200,"P",0.132977,***,"",
31,"CONTINUITY","","CONTINUITY",10170,"",1,1,"VOUT6",31,"115","","",-300,"<=",-223.331,"mV","<=",-200,"P",0.132977,***,"",
31,"Pin_to_Pin_Leakage","","PIN_TO_PIN_POS_LEAKAGE_PIN",20010,"",1,1,"FAULTB_PS1600",31,"115","","",-200,"<=",-8.17033,"nA","<=",200,"P",0.416773,***,"",
31,"Pin_to_Pin_Leakage","","PIN_TO_PIN_NEG_LEAKAGE_PIN",20110,"",1,1,"FAULTB_PS1600",31,"115","","",-200,"<=",-8.17033,"nA","<=",200,"P",0.416773,***,"",
31,"Pin_to_Pin_Leakage","","PIN_TO_PIN_POS_LEAKAGE_PIN",20020,"",1,1,"ITRIP_PS1600",31,"115","","",-200,"<=",-12.407,"nA","<=",200,"P",0.416773,***,"",
31,"Pin_to_Pin_Leakage","","PIN_TO_PIN_NEG_LEAKAGE_PIN",20120,"",1,1,"ITRIP_PS1600",31,"115","","",-200,"<=",-12.407,"nA","<=",200,"P",0.416773,***,"",
31,"Pin_to_Pin_Leakage","","PIN_TO_PIN_POS_LEAKAGE_PIN",20030,"",1,1,"OFF_PS1600",31,"115","","",-200,"<=",-11.9145,"nA","<=",200,"P",0.416773,***,"",
31,"Pin_to_Pin_Leakage","","PIN_TO_PIN_NEG_LEAKAGE_PIN",20130,"",1,1,"OFF_PS1600",31,"115","","",-200,"<=",-11.9145,"nA","<=",200,"P",0.416773,***,"",
31,"Pin_to_Pin_Leakage","","PIN_TO_PIN_POS_LEAKAGE_PIN",20040,"",1,1,"SS_PS1600",31,"115","","",-200,"<=",-12.6303,"nA","<=",200,"P",0.416773,***,"",
31,"Pin_to_Pin_Leakage","","PIN_TO_PIN_NEG_LEAKAGE_PIN",20140,"",1,1,"SS_PS1600",31,"115","","",-200,"<=",-12.6303,"nA","<=",200,"P",0.416773,***,"",
31,"Pin_to_Pin_Leakage","","PIN_TO_PIN_POS_LEAKAGE_PIN",20050,"",1,1,"VIN1",31,"115","","",10,"<=",300.799,"nA","<=",500,"P",0.416773,***,"",
31,"Pin_to_Pin_Leakage","","PIN_TO_PIN_NEG_LEAKAGE_PIN",20150,"",1,1,"VIN1",31,"115","","",-500,"<=",-298.834,"nA","<=",-10,"P",0.416773,***,"",
31,"Pin_to_Pin_Leakage","","PIN_TO_PIN_POS_LEAKAGE_PIN",20060,"",1,1,"VOUT1",31,"115","","",10,"<=",299.558,"nA","<=",500,"P",0.416773,***,"",
31,"Pin_to_Pin_Leakage","","PIN_TO_PIN_NEG_LEAKAGE_PIN",20160,"",1,1,"VOUT1",31,"115","","",-500,"<=",-299.155,"nA","<=",-10,"P",0.416773,***,"",
31,"Pin_to_Pin_Leakage","","PIN_TO_PIN_POS_LEAKAGE_PIN",20070,"",1,1,"EN0_PS1600",31,"115","","",300,"<=",511.187,"nA","<=",700,"P",0.416773,***,"",
31,"Pin_to_Pin_Leakage","","PIN_TO_PIN_NEG_LEAKAGE_PIN",20170,"",1,1,"EN0_PS1600",31,"115","","",-700,"<=",-517.052,"nA","<=",-300,"P",0.416773,***,"",
31,"Pin_to_Pin_Leakage","","PIN_TO_PIN_POS_LEAKAGE_PIN",20080,"",1,1,"FCB_PS1600",31,"115","","",-200,"<=",-0.160491,"nA","<=",200,"P",0.416773,***,"",
31,"Pin_to_Pin_Leakage","","PIN_TO_PIN_NEG_LEAKAGE_PIN",20180,"",1,1,"FCB_PS1600",31,"115","","",-200,"<=",-7.95867,"nA","<=",200,"P",0.416773,***,"",
31,"Pin_to_Pin_Leakage","","PIN_TO_PIN_POS_LEAKAGE_PIN",20090,"",1,1,"ISEN_PS1600",31,"115","","",-200,"<=",-0.0563175,"nA","<=",200,"P",0.416773,***,"",
31,"Pin_to_Pin_Leakage","","PIN_TO_PIN_NEG_LEAKAGE_PIN",20190,"",1,1,"ISEN_PS1600",31,"115","","",-200,"<=",-13.2541,"nA","<=",200,"P",0.416773,***,"",
31,"Pin_to_Pin_Leakage","","PIN_TO_PIN_POS_LEAKAGE_PIN_VBIAS_PS1600",20100,"",1,1,"VBIAS_PS1600",31,"115","","",500,"<=",734,"nA","<=",1000,"P",0.416773,***,"",
31,"Pin_to_Pin_Leakage","","PIN_TO_PIN_NEG_LEAKAGE_PIN_VBIAS_PS1600",20200,"",1,1,"VBIAS_PS1600",31,"115","","",-1000,"<=",-821,"nA","<=",-500,"P",0.416773,***,"",
31,"IVDDFL_IVINFL_RONFL","","RON_200mAVDD_5_VIN_5_20V_Part",90050,"",1,1,"VIN1",31,"115","","",0.01,"<=",0.0237068,"ohm","<=",0.03,"P",0.034414,***,"",
31,"IVDDFL_IVINFL_RONFL","","DEVICE_VARIENT_TRUE",90060,"",1,1,"VIN1",31,"115","","",0.5,"<=",1,"","<=",1.5,"P",0.034414,***,"",
31,"Fuse_Burn_Check","","BANKA_BIT5_BLOWN_TRUE",1000001,"",1,1,"OFF_PS1600",31,"115","","",0,"<=",1,"","<=",1,"P",0.0995141,***,"",
31,"Gross_Functional_EN_FCB_FAULTB_OFF","","EN_FCB_LOW_VOUT_LOW",30010,"",1,1,"VOUT4",31,"115","","",-0.001,"<=",0.0115204,"V","<=",1,"P",0.231374,***,"",
31,"Gross_Functional_EN_FCB_FAULTB_OFF","","EN_FCB_LOW_OFF_HIGH",30020,"",1,1,"OFF_PS1600",31,"115","","",1.6,"<=",1.80474,"V","<=",2.3,"P",0.231374,***,"",
31,"Gross_Functional_EN_FCB_FAULTB_OFF","","FCB_LOW_VOUT_LOW",30030,"",1,1,"VOUT4",31,"115","","",-0.001,"<=",0.000581741,"V","<=",0.5,"P",0.231374,***,"",
31,"Gross_Functional_EN_FCB_FAULTB_OFF","","FCB_LOW_OFF_HIGH",30040,"",1,1,"OFF_PS1600",31,"115","","",1.6,"<=",1.80571,"V","<=",2.3,"P",0.231374,***,"",
31,"Gross_Functional_EN_FCB_FAULTB_OFF","","EN_LOW_VOUT_LOW",30050,"",1,1,"VOUT4",31,"115","","",-0.001,"<=",0.000871658,"V","<=",0.5,"P",0.231374,***,"",
31,"Gross_Functional_EN_FCB_FAULTB_OFF","","EN_LOW_OFF_HIGH",30060,"",1,1,"OFF_PS1600",31,"115","","",1.6,"<=",1.80502,"V","<=",2.3,"P",0.231374,***,"",
31,"Gross_Functional_EN_FCB_FAULTB_OFF","","EN_FCB_HIGH_VOUT_HIGH",30070,"",1,1,"VOUT4",31,"115","","",4.85,"<=",5.00018,"V","<=",5.1,"P",0.231374,***,"",
31,"Gross_Functional_EN_FCB_FAULTB_OFF","","EN_FCB_HIGH_OFF_LOW",30080,"",1,1,"OFF_PS1600",31,"115","","",-0.001,"<=",0.000771185,"V","<=",0.5,"P",0.231374,***,"",
31,"Gross_Functional_EN_FCB_FAULTB_OFF","","FAULT_SET_VOUT_LOW",30090,"",1,1,"VOUT4",31,"115","","",-0.001,"<=",0.000831604,"V","<=",0.5,"P",0.231374,***,"",
31,"Gross_Functional_EN_FCB_FAULTB_OFF","","FAULT_SET_OFF_HIGH",30100,"",1,1,"OFF_PS1600",31,"115","","",1.6,"<=",1.8497,"V","<=",2.3,"P",0.231374,***,"",
31,"Gross_Functional_EN_FCB_FAULTB_OFF","","FAULT_RESET_VOUT_HIGH",30110,"",1,1,"VOUT4",31,"115","","",4.85,"<=",4.99997,"V","<=",5.1,"P",0.231374,***,"",
31,"Gross_Functional_EN_FCB_FAULTB_OFF","","FAULT_RESET_OFF_LOW",30120,"",1,1,"OFF_PS1600",31,"115","","",0,"<=",0.000771185,"V","<=",0.5,"P",0.231374,***,"",
31,"Output_disabled_leakage","","IVDDDIS_VDD_3_VIN_3",40010,"",1,1,"VDD",31,"115","","",10,"<=",91.6356,"uA","<=",166.5,"P",0.10165,***,"",
31,"Output_disabled_leakage","","IVINDIS_VDD_3_VIN_3",40050,"",1,1,"VIN1",31,"115","","",10,"<=",69.7477,"uA","<=",166.5,"P",0.10165,***,"",
31,"Output_disabled_leakage","","IOFF_VDD_3_VIN_3",40090,"",1,1,"VOUT4",31,"115","","",-14,"<=",-1.4739,"uA","<=",11,"P",0.10165,***,"",
31,"Output_disabled_leakage","","IVDDDIS_VDD_3_VIN_20",40020,"",1,1,"VDD",31,"115","","",10,"<=",114.116,"uA","<=",166.5,"P",0.10165,***,"",
31,"Output_disabled_leakage","","IVINDIS_VDD_3_VIN_20",40060,"",1,1,"VIN1",31,"115","","",10,"<=",94.9511,"uA","<=",166.5,"P",0.10165,***,"",
31,"Output_disabled_leakage","","IOFF_VDD_3_VIN_20",40100,"",1,1,"VOUT4",31,"115","","",-14,"<=",-1.30324,"uA","<=",11,"P",0.10165,***,"",
31,"Output_disabled_leakage","","IVINVDD0_VIN_3",40130,"",1,1,"VIN1",31,"115","","",10,"<=",72.7,"uA","<=",166.5,"P",0.10165,***,"",
31,"Output_disabled_leakage","","IOFFVDD0_VIN_3",40150,"",1,1,"VOUT4",31,"115","","",-14,"<=",-1.23067,"uA","<=",11,"P",0.10165,***,"",
31,"Output_disabled_leakage","","IVDDDIS_VDD_20_VIN_3",40030,"",1,1,"VDD",31,"115","","",10,"<=",129.959,"uA","<=",166.5,"P",0.10165,***,"",
31,"Output_disabled_leakage","","IVINDIS_VDD_20_VIN_3",40070,"",1,1,"VIN1",31,"115","","",10,"<=",66.6622,"uA","<=",166.5,"P",0.10165,***,"",
31,"Output_disabled_leakage","","IOFF_VDD_20_VIN_3",40110,"",1,1,"VOUT4",31,"115","","",-14,"<=",-1.6119,"uA","<=",11,"P",0.10165,***,"",
31,"Output_disabled_leakage","","IVDDDIS_VDD_20_VIN_20",40040,"",1,1,"VDD",31,"115","","",10,"<=",127.353,"uA","<=",166.5,"P",0.10165,***,"",
31,"Output_disabled_leakage","","IVINDIS_VDD_20_VIN_20",40080,"",1,1,"VIN1",31,"115","","",10,"<=",97.3186,"uA","<=",166.5,"P",0.10165,***,"",
31,"Output_disabled_leakage","","IOFF_VDD_20_VIN_20",40120,"",1,1,"VOUT4",31,"115","","",-14,"<=",-1.32827,"uA","<=",11,"P",0.10165,***,"",
31,"Output_disabled_leakage","","IVINVDD0_VIN_20",40140,"",1,1,"VIN1",31,"115","","",10,"<=",111.526,"uA","<=",166.5,"P",0.10165,***,"",
31,"Output_disabled_leakage","","IOFFVDD0_VIN_20",40160,"",1,1,"VOUT4",31,"115","","",-14,"<=",-2.14856,"uA","<=",11,"P",0.10165,***,"",
31,"EN_pullup_resistor","","EN0V_PULLUP_RES",50010,"",1,1,"EN0_PS1600",31,"115","","",155,"<=",196.411,"Kohm","<=",230,"P",0.0272827,***,"",
31,"EN_pullup_resistor","","EN1V_PULLUP_RES",50020,"",1,1,"EN0_PS1600",31,"115","","",155,"<=",197.136,"Kohm","<=",230,"P",0.0272827,***,"",
31,"EN_pullup_resistor","","EN0V_Current",50030,"",1,1,"EN0_PS1600",31,"115","","",-11,"<=",-9.16446,"uA","<=",-7,"P",0.0272827,***,"",
31,"EN_pullup_resistor","","EN1V_Current",50040,"",1,1,"EN0_PS1600",31,"115","","",-5.5,"<=",-4.05811,"uA","<=",-3,"P",0.0272827,***,"",
31,"Leakage_Test","","IOFF_REVERSE_VOUT_VIN_LEAKAGE_1mA",60030,"",1,1,"VIN",31,"115","","",-331,"<=",-265.411,"mV","<=",-205,"P",0.0588329,***,"",
31,"Leakage_Test","","IOFF_REVERSE_VOUT_VIN_LEAKAGE_10mA",60040,"",1,1,"VIN",31,"115","","",-340,"<=",-327.618,"mV","<=",-205,"P",0.0588329,***,"",
31,"Leakage_Test","","IOFF_REVERSE_VOUT_VIN_LEAKAGE_100mA",60050,"",1,1,"VIN",31,"115","","",-331,"<=",-206.745,"mV","<=",-205,"P",0.0588329,***,"",
31,"Nominal_Input_pin_Leakages","","LEAKAGE",70010,"",1,1,"EN0_PS1600",31,"115","","",10,"<=",25.072,"uA","<=",40,"P",0.139807,***,"",
31,"Nominal_Input_pin_Leakages","","LEAKAGE",70060,"",1,1,"FAULTB_PS1600",31,"115","","",-0.2,"<=",0.00490003,"uA","<=",0.2,"P",0.139807,***,"",
31,"Nominal_Input_pin_Leakages","","LEAKAGE",70020,"",1,1,"FCB_PS1600",31,"115","","",-0.5,"<=",0.0867436,"uA","<=",0.5,"P",0.139807,***,"",
31,"Nominal_Input_pin_Leakages","","LEAKAGE",70040,"",1,1,"ISEN_PS1600",31,"115","","",24,"<=",26.5467,"uA","<=",50,"P",0.139807,***,"",
31,"Nominal_Input_pin_Leakages","","LEAKAGE",70030,"",1,1,"ITRIP_PS1600",31,"115","","",14,"<=",16.5526,"uA","<=",25,"P",0.139807,***,"",
31,"Nominal_Input_pin_Leakages","","LEAKAGE",70080,"",1,1,"OFF_PS1600",31,"115","","",-0.2,"<=",-0.0264426,"uA","<=",0.5,"P",0.139807,***,"",
31,"Nominal_Input_pin_Leakages","","LEAKAGE",70050,"",1,1,"SS_PS1600",31,"115","","",20,"<=",49.3015,"uA","<=",70,"P",0.139807,***,"",
31,"Nominal_Input_pin_Leakages","","LEAKAGE",70070,"",1,1,"VBIAS_PS1600",31,"115","","",5,"<=",28.164,"uA","<=",40,"P",0.139807,***,"",
31,"Nominal_Input_pin_Leakages","","LEAKAGE_2V",70090,"",1,1,"OFF_PS1600",31,"115","","",-0.5,"<=",-0.00748535,"uA","<=",0.5,"P",0.139807,***,"",
31,"Output_enabled_leakage","","IVDD_VDD_3_Vin_3",80001,"",1,1,"VDD",31,"115","","",10,"<=",99.3554,"uA","<=",130,"P",0.495899,***,"",
31,"Output_enabled_leakage","","IVIN_VDD_3_Vin_3",80005,"",1,1,"VIN1",31,"115","","",10,"<=",53.1753,"uA","<=",75,"P",0.495899,***,"",
31,"Output_enabled_leakage","","IVDD_VDD_3_Vin_20",80010,"",1,1,"VDD",31,"115","","",10,"<=",95.7325,"uA","<=",150,"P",0.495899,***,"",
31,"Output_enabled_leakage","","IVIN_VDD_3_Vin_20",80014,"",1,1,"VIN1",31,"115","","",10,"<=",83.508,"uA","<=",120,"P",0.495899,***,"",
31,"Output_enabled_leakage","","IVDD_VDD_20_Vin_3",80011,"",1,1,"VDD",31,"115","","",10,"<=",110.638,"uA","<=",150,"P",0.495899,***,"",
31,"Output_enabled_leakage","","IVIN_VDD_20_Vin_3",80015,"",1,1,"VIN1",31,"115","","",10,"<=",53.0919,"uA","<=",75,"P",0.495899,***,"",
31,"Output_enabled_leakage","","IVDD_VDD_20_Vin_20",80012,"",1,1,"VDD",31,"115","","",10,"<=",118.085,"uA","<=",175,"P",0.495899,***,"",
31,"Output_enabled_leakage","","IVIN_VDD_20_Vin_20",80016,"",1,1,"VIN1",31,"115","","",10,"<=",85.5001,"uA","<=",120,"P",0.495899,***,"",
31,"SCAN","","Scan_test",330010,"_rdi_burst_SCAN_bk4_mp",1,1,"@",31,"115","","",***,"",***," ","",***,"P",0.0437546,***,"",
31,"Logic","","Logic_test",340010,"_rdi_burst_Logic_bk6_mp",1,1,"@",31,"115","","",***,"",***," ","",***,"P",0.279346,***,"",
31,"POST_EFUSE_RESISTANCE","","POST_BANKA_EFUSE_RESISTANCE_BLOWN_BIT47",590001,"",1,1,"ISEN_PS1600",31,"115","","",3500,"<=",71358.6,"ohms","<=",85000,"P",3.61603,***,"",
31,"POST_EFUSE_RESISTANCE","","POST_BANKA_EFUSE_RESISTANCE_BLOWN_BIT46",590002,"",1,1,"ISEN_PS1600",31,"115","","",3500,"<=",71335.8,"ohms","<=",85000,"P",3.6658,***,"",
31,"POST_EFUSE_RESISTANCE","","POST_BANKA_EFUSE_RESISTANCE_UNBLOWN_BIT45",490003,"",1,1,"ISEN_PS1600",31,"115","","",65,"<=",68.4,"ohms","<=",200,"P",3.72201,***,"",
31,"POST_EFUSE_RESISTANCE","","POST_BANKA_EFUSE_RESISTANCE_UNBLOWN_BIT44",490004,"",1,1,"ISEN_PS1600",31,"115","","",65,"<=",79.8,"ohms","<=",200,"P",5.22249,***,"",
31,"POST_EFUSE_RESISTANCE","","POST_BANKA_EFUSE_RESISTANCE_UNBLOWN_BIT43",490005,"",1,1,"ISEN_PS1600",31,"115","","",65,"<=",102.6,"ohms","<=",200,"P",2.88802,***,"",
31,"POST_EFUSE_RESISTANCE","","POST_BANKA_EFUSE_RESISTANCE_BLOWN_BIT42",590006,"",1,1,"ISEN_PS1600",31,"115","","",3500,"<=",71370,"ohms","<=",85000,"P",2.88801,***,"",
31,"POST_EFUSE_RESISTANCE","","POST_BANKA_EFUSE_RESISTANCE_BLOWN_BIT41",590007,"",1,1,"ISEN_PS1600",31,"115","","",3500,"<=",71370,"ohms","<=",85000,"P",2.88801,***,"",
31,"POST_EFUSE_RESISTANCE","","POST_BANKA_EFUSE_RESISTANCE_UNBLOWN_BIT40",490008,"",1,1,"ISEN_PS1600",31,"115","","",65,"<=",68.4,"ohms","<=",200,"P",2.88725,***,"",
31,"POST_EFUSE_RESISTANCE","","POST_BANKA_EFUSE_RESISTANCE_BLOWN_BIT39",590009,"",1,1,"ISEN_PS1600",31,"115","","",3500,"<=",71324.4,"ohms","<=",85000,"P",2.88741,***,"",
31,"POST_EFUSE_RESISTANCE","","POST_BANKA_EFUSE_RESISTANCE_BLOWN_BIT38",590010,"",1,1,"ISEN_PS1600",31,"115","","",3500,"<=",71347.2,"ohms","<=",85000,"P",2.88625,***,"",
31,"POST_EFUSE_RESISTANCE","","POST_BANKA_EFUSE_RESISTANCE_BLOWN_BIT37",590011,"",1,1,"ISEN_PS1600",31,"115","","",3500,"<=",71358.6,"ohms","<=",85000,"P",2.88604,***,"",
31,"POST_EFUSE_RESISTANCE","","POST_BANKA_EFUSE_RESISTANCE_BLOWN_BIT36",590012,"",1,1,"ISEN_PS1600",31,"115","","",3500,"<=",71347.4,"ohms","<=",85000,"P",2.88426,***,"",
31,"POST_EFUSE_RESISTANCE","","POST_BANKA_EFUSE_RESISTANCE_UNBLOWN_BIT35",490013,"",1,1,"ISEN_PS1600",31,"115","","",65,"<=",79.8,"ohms","<=",200,"P",2.88426,***,"",
31,"POST_EFUSE_RESISTANCE","","POST_BANKA_EFUSE_RESISTANCE_UNBLOWN_BIT34",490014,"",1,1,"ISEN_PS1600",31,"115","","",65,"<=",68.4,"ohms","<=",200,"P",2.88426,***,"",
31,"POST_EFUSE_RESISTANCE","","POST_BANKA_EFUSE_RESISTANCE_UNBLOWN_BIT33",490015,"",1,1,"ISEN_PS1600",31,"115","","",65,"<=",79.8,"ohms","<=",200,"P",2.88443,***,"",
31,"POST_EFUSE_RESISTANCE","","POST_BANKA_EFUSE_RESISTANCE_UNBLOWN_BIT32",490016,"",1,1,"ISEN_PS1600",31,"115","","",65,"<=",91.2,"ohms","<=",200,"P",2.88546,***,"",
31,"POST_EFUSE_RESISTANCE","","POST_BANKA_EFUSE_RESISTANCE_BLOWN_BIT31",590017,"",1,1,"ISEN_PS1600",31,"115","","",3500,"<=",71370,"ohms","<=",85000,"P",2.88666,***,"",
31,"POST_EFUSE_RESISTANCE","","POST_BANKA_EFUSE_RESISTANCE_BLOWN_BIT30",590018,"",1,1,"ISEN_PS1600",31,"115","","",3500,"<=",71347.2,"ohms","<=",85000,"P",2.88735,***,"",
31,"POST_EFUSE_RESISTANCE","","POST_BANKA_EFUSE_RESISTANCE_UNBLOWN_BIT29",490019,"",1,1,"ISEN_PS1600",31,"115","","",65,"<=",68.4,"ohms","<=",200,"P",2.88631,***,"",
31,"POST_EFUSE_RESISTANCE","","POST_BANKA_EFUSE_RESISTANCE_UNBLOWN_BIT28",490020,"",1,1,"ISEN_PS1600",31,"115","","",65,"<=",102.6,"ohms","<=",200,"P",2.88735,***,"",
31,"POST_EFUSE_RESISTANCE","","POST_BANKA_EFUSE_RESISTANCE_BLOWN_BIT27",590021,"",1,1,"ISEN_PS1600",31,"115","","",3500,"<=",71370,"ohms","<=",85000,"P",2.88735,***,"",
31,"POST_EFUSE_RESISTANCE","","POST_BANKA_EFUSE_RESISTANCE_BLOWN_BIT26",590022,"",1,1,"ISEN_PS1600",31,"115","","",3500,"<=",71347.2,"ohms","<=",85000,"P",2.89318,***,"",
31,"POST_EFUSE_RESISTANCE","","POST_BANKA_EFUSE_RESISTANCE_UNBLOWN_BIT25",490023,"",1,1,"ISEN_PS1600",31,"115","","",65,"<=",68.4,"ohms","<=",200,"P",2.89318,***,"",
31,"POST_EFUSE_RESISTANCE","","POST_BANKA_EFUSE_RESISTANCE_BLOWN_BIT24",590024,"",1,1,"ISEN_PS1600",31,"115","","",3500,"<=",71370,"ohms","<=",85000,"P",2.88625,***,"",
31,"POST_EFUSE_RESISTANCE","","POST_BANKA_EFUSE_RESISTANCE_UNBLOWN_BIT23",490025,"",1,1,"ISEN_PS1600",31,"115","","",65,"<=",102.6,"ohms","<=",200,"P",2.88735,***,"",
31,"POST_EFUSE_RESISTANCE","","POST_BANKA_EFUSE_RESISTANCE_UNBLOWN_BIT22",490026,"",1,1,"ISEN_PS1600",31,"115","","",65,"<=",91.2,"ohms","<=",200,"P",2.88564,***,"",
31,"POST_EFUSE_RESISTANCE","","POST_BANKA_EFUSE_RESISTANCE_UNBLOWN_BIT21",490027,"",1,1,"ISEN_PS1600",31,"115","","",65,"<=",68.4,"ohms","<=",200,"P",2.88425,***,"",
31,"POST_EFUSE_RESISTANCE","","POST_BANKA_EFUSE_RESISTANCE_UNBLOWN_BIT20",490028,"",1,1,"ISEN_PS1600",31,"115","","",65,"<=",68.4,"ohms","<=",200,"P",2.88425,***,"",
31,"POST_EFUSE_RESISTANCE","","POST_BANKA_EFUSE_RESISTANCE_UNBLOWN_BIT19",490029,"",1,1,"ISEN_PS1600",31,"115","","",65,"<=",79.8,"ohms","<=",200,"P",2.88425,***,"",
31,"POST_EFUSE_RESISTANCE","","POST_BANKA_EFUSE_RESISTANCE_UNBLOWN_BIT18",490030,"",1,1,"ISEN_PS1600",31,"115","","",65,"<=",102.6,"ohms","<=",200,"P",2.88482,***,"",
31,"POST_EFUSE_RESISTANCE","","POST_BANKA_EFUSE_RESISTANCE_BLOWN_BIT17",590031,"",1,1,"ISEN_PS1600",31,"115","","",3500,"<=",71381.4,"ohms","<=",85000,"P",2.88508,***,"",
31,"POST_EFUSE_RESISTANCE","","POST_BANKA_EFUSE_RESISTANCE_BLOWN_BIT16",590032,"",1,1,"ISEN_PS1600",31,"115","","",3500,"<=",71336,"ohms","<=",85000,"P",2.88508,***,"",
31,"POST_EFUSE_RESISTANCE","","POST_BANKA_EFUSE_RESISTANCE_BLOWN_BIT15",590033,"",1,1,"ISEN_PS1600",31,"115","","",3500,"<=",71336,"ohms","<=",85000,"P",2.89058,***,"",
31,"POST_EFUSE_RESISTANCE","","POST_BANKA_EFUSE_RESISTANCE_BLOWN_BIT14",590034,"",1,1,"ISEN_PS1600",31,"115","","",3500,"<=",71381.6,"ohms","<=",85000,"P",2.88595,***,"",
31,"POST_EFUSE_RESISTANCE","","POST_BANKA_EFUSE_RESISTANCE_UNBLOWN_BIT13",490035,"",1,1,"ISEN_PS1600",31,"115","","",65,"<=",91.2,"ohms","<=",200,"P",2.88683,***,"",
31,"POST_EFUSE_RESISTANCE","","POST_BANKA_EFUSE_RESISTANCE_BLOWN_BIT12",590036,"",1,1,"ISEN_PS1600",31,"115","","",3500,"<=",71358.8,"ohms","<=",85000,"P",2.88435,***,"",
31,"POST_EFUSE_RESISTANCE","","POST_BANKA_EFUSE_RESISTANCE_BLOWN_BIT11",590037,"",1,1,"ISEN_PS1600",31,"115","","",3500,"<=",71347.4,"ohms","<=",85000,"P",2.88548,***,"",
31,"POST_EFUSE_RESISTANCE","","POST_BANKA_EFUSE_RESISTANCE_UNBLOWN_BIT10",490038,"",1,1,"ISEN_PS1600",31,"115","","",65,"<=",102.6,"ohms","<=",200,"P",2.88156,***,"",
31,"POST_EFUSE_RESISTANCE","","POST_BANKA_EFUSE_RESISTANCE_BLOWN_BIT9",590039,"",1,1,"ISEN_PS1600",31,"115","","",3500,"<=",71370.2,"ohms","<=",85000,"P",2.88156,***,"",
31,"POST_EFUSE_RESISTANCE","","POST_BANKA_EFUSE_RESISTANCE_BLOWN_BIT8",590040,"",1,1,"ISEN_PS1600",31,"115","","",3500,"<=",71358.6,"ohms","<=",85000,"P",2.88156,***,"",
31,"POST_EFUSE_RESISTANCE","","POST_BANKA_EFUSE_RESISTANCE_BLOWN_BIT7",590041,"",1,1,"ISEN_PS1600",31,"115","","",3500,"<=",71347.4,"ohms","<=",85000,"P",2.8817,***,"",
31,"POST_EFUSE_RESISTANCE","","POST_BANKA_EFUSE_RESISTANCE_UNBLOWN_BIT6",490042,"",1,1,"ISEN_PS1600",31,"115","","",65,"<=",68.4,"ohms","<=",200,"P",2.88326,***,"",
31,"POST_EFUSE_RESISTANCE","","POST_BANKA_EFUSE_RESISTANCE_BLOWN_BIT5",590043,"",1,1,"ISEN_PS1600",31,"115","","",3500,"<=",71381.4,"ohms","<=",85000,"P",2.88326,***,"",
31,"POST_EFUSE_RESISTANCE","","POST_BANKA_EFUSE_RESISTANCE_UNBLOWN_BIT4",490044,"",1,1,"ISEN_PS1600",31,"115","","",65,"<=",102.6,"ohms","<=",200,"P",2.88326,***,"",
31,"POST_EFUSE_RESISTANCE","","POST_BANKA_EFUSE_RESISTANCE_UNBLOWN_BIT3",490045,"",1,1,"ISEN_PS1600",31,"115","","",65,"<=",79.8,"ohms","<=",200,"P",2.88326,***,"",
31,"POST_EFUSE_RESISTANCE","","POST_BANKA_EFUSE_RESISTANCE_UNBLOWN_BIT2",490046,"",1,1,"ISEN_PS1600",31,"115","","",65,"<=",79.8,"ohms","<=",200,"P",2.88326,***,"",
31,"POST_EFUSE_RESISTANCE","","POST_BANKA_EFUSE_RESISTANCE_UNBLOWN_BIT1",490047,"",1,1,"ISEN_PS1600",31,"115","","",65,"<=",91.2,"ohms","<=",200,"P",2.88273,***,"",
31,"POST_EFUSE_RESISTANCE","","POST_BANKA_EFUSE_RESISTANCE_UNBLOWN_BIT0",490048,"",1,1,"ISEN_PS1600",31,"115","","",65,"<=",91.2,"ohms","<=",200,"P",2.88421,***,"",
31,"POST_EFUSE_RESISTANCE","","POST_BANKB_EFUSE_RESISTANCE_BLOWN_BIT47",590049,"",1,1,"ISEN_PS1600",31,"115","","",3500,"<=",71347.2,"ohms","<=",85000,"P",2.88421,***,"",
31,"POST_EFUSE_RESISTANCE","","POST_BANKB_EFUSE_RESISTANCE_BLOWN_BIT46",590050,"",1,1,"ISEN_PS1600",31,"115","","",3500,"<=",71324.4,"ohms","<=",85000,"P",2.88421,***,"",
31,"POST_EFUSE_RESISTANCE","","POST_BANKB_EFUSE_RESISTANCE_UNBLOWN_BIT45",490051,"",1,1,"ISEN_PS1600",31,"115","","",65,"<=",79.8,"ohms","<=",200,"P",2.88535,***,"",
31,"POST_EFUSE_RESISTANCE","","POST_BANKB_EFUSE_RESISTANCE_UNBLOWN_BIT44",490052,"",1,1,"ISEN_PS1600",31,"115","","",65,"<=",102.6,"ohms","<=",200,"P",2.89328,***,"",
31,"POST_EFUSE_RESISTANCE","","POST_BANKB_EFUSE_RESISTANCE_UNBLOWN_BIT43",490053,"",1,1,"ISEN_PS1600",31,"115","","",65,"<=",91.2,"ohms","<=",200,"P",2.88605,***,"",
31,"POST_EFUSE_RESISTANCE","","POST_BANKB_EFUSE_RESISTANCE_BLOWN_BIT42",590054,"",1,1,"ISEN_PS1600",31,"115","","",3500,"<=",71324.4,"ohms","<=",85000,"P",2.88855,***,"",
31,"POST_EFUSE_RESISTANCE","","POST_BANKB_EFUSE_RESISTANCE_BLOWN_BIT41",590055,"",1,1,"ISEN_PS1600",31,"115","","",3500,"<=",71347.4,"ohms","<=",85000,"P",2.88855,***,"",
31,"POST_EFUSE_RESISTANCE","","POST_BANKB_EFUSE_RESISTANCE_UNBLOWN_BIT40",490056,"",1,1,"ISEN_PS1600",31,"115","","",65,"<=",91.2,"ohms","<=",200,"P",2.8865,***,"",
31,"POST_EFUSE_RESISTANCE","","POST_BANKB_EFUSE_RESISTANCE_BLOWN_BIT39",590057,"",1,1,"ISEN_PS1600",31,"115","","",3500,"<=",71381.4,"ohms","<=",85000,"P",2.8857,***,"",
31,"POST_EFUSE_RESISTANCE","","POST_BANKB_EFUSE_RESISTANCE_BLOWN_BIT38",590058,"",1,1,"ISEN_PS1600",31,"115","","",3500,"<=",71347.2,"ohms","<=",85000,"P",2.88848,***,"",
31,"POST_EFUSE_RESISTANCE","","POST_BANKB_EFUSE_RESISTANCE_BLOWN_BIT37",590059,"",1,1,"ISEN_PS1600",31,"115","","",3500,"<=",71153.8,"ohms","<=",85000,"P",2.88421,***,"",
31,"POST_EFUSE_RESISTANCE","","POST_BANKB_EFUSE_RESISTANCE_BLOWN_BIT36",590060,"",1,1,"ISEN_PS1600",31,"115","","",3500,"<=",70812.2,"ohms","<=",85000,"P",2.88421,***,"",
31,"POST_EFUSE_RESISTANCE","","POST_BANKB_EFUSE_RESISTANCE_UNBLOWN_BIT35",490061,"",1,1,"ISEN_PS1600",31,"115","","",65,"<=",79.8,"ohms","<=",200,"P",2.88421,***,"",
31,"POST_EFUSE_RESISTANCE","","POST_BANKB_EFUSE_RESISTANCE_UNBLOWN_BIT34",490062,"",1,1,"ISEN_PS1600",31,"115","","",65,"<=",102.6,"ohms","<=",200,"P",2.88285,***,"",
31,"POST_EFUSE_RESISTANCE","","POST_BANKB_EFUSE_RESISTANCE_UNBLOWN_BIT33",490063,"",1,1,"ISEN_PS1600",31,"115","","",65,"<=",91.2,"ohms","<=",200,"P",2.88285,***,"",
31,"POST_EFUSE_RESISTANCE","","POST_BANKB_EFUSE_RESISTANCE_UNBLOWN_BIT32",490064,"",1,1,"ISEN_PS1600",31,"115","","",65,"<=",68.4,"ohms","<=",200,"P",2.88418,***,"",
31,"POST_EFUSE_RESISTANCE","","POST_BANKB_EFUSE_RESISTANCE_BLOWN_BIT31",590065,"",1,1,"ISEN_PS1600",31,"115","","",3500,"<=",71358.6,"ohms","<=",85000,"P",2.88418,***,"",
31,"POST_EFUSE_RESISTANCE","","POST_BANKB_EFUSE_RESISTANCE_BLOWN_BIT30",590066,"",1,1,"ISEN_PS1600",31,"115","","",3500,"<=",71381.4,"ohms","<=",85000,"P",2.90086,***,"",
31,"POST_EFUSE_RESISTANCE","","POST_BANKB_EFUSE_RESISTANCE_UNBLOWN_BIT29",490067,"",1,1,"ISEN_PS1600",31,"115","","",65,"<=",91.2,"ohms","<=",200,"P",2.88796,***,"",
31,"POST_EFUSE_RESISTANCE","","POST_BANKB_EFUSE_RESISTANCE_UNBLOWN_BIT28",490068,"",1,1,"ISEN_PS1600",31,"115","","",65,"<=",68.4,"ohms","<=",200,"P",2.88607,***,"",
31,"POST_EFUSE_RESISTANCE","","POST_BANKB_EFUSE_RESISTANCE_BLOWN_BIT27",590069,"",1,1,"ISEN_PS1600",31,"115","","",3500,"<=",71347.2,"ohms","<=",85000,"P",2.88607,***,"",
31,"POST_EFUSE_RESISTANCE","","POST_BANKB_EFUSE_RESISTANCE_BLOWN_BIT26",590070,"",1,1,"ISEN_PS1600",31,"115","","",3500,"<=",71290.4,"ohms","<=",85000,"P",2.90086,***,"",
31,"POST_EFUSE_RESISTANCE","","POST_BANKB_EFUSE_RESISTANCE_UNBLOWN_BIT25",490071,"",1,1,"ISEN_PS1600",31,"115","","",65,"<=",79.8,"ohms","<=",200,"P",2.90086,***,"",
31,"POST_EFUSE_RESISTANCE","","POST_BANKB_EFUSE_RESISTANCE_BLOWN_BIT24",590072,"",1,1,"ISEN_PS1600",31,"115","","",3500,"<=",71358.6,"ohms","<=",85000,"P",2.8787,***,"",
31,"POST_EFUSE_RESISTANCE","","POST_BANKB_EFUSE_RESISTANCE_UNBLOWN_BIT23",490073,"",1,1,"ISEN_PS1600",31,"115","","",65,"<=",68.4,"ohms","<=",200,"P",2.88607,***,"",
31,"POST_EFUSE_RESISTANCE","","POST_BANKB_EFUSE_RESISTANCE_UNBLOWN_BIT22",490074,"",1,1,"ISEN_PS1600",31,"115","","",65,"<=",91.2,"ohms","<=",200,"P",2.88607,***,"",
31,"POST_EFUSE_RESISTANCE","","POST_BANKB_EFUSE_RESISTANCE_UNBLOWN_BIT21",490075,"",1,1,"ISEN_PS1600",31,"115","","",65,"<=",102.6,"ohms","<=",200,"P",2.88607,***,"",
31,"POST_EFUSE_RESISTANCE","","POST_BANKB_EFUSE_RESISTANCE_UNBLOWN_BIT20",490076,"",1,1,"ISEN_PS1600",31,"115","","",65,"<=",79.8,"ohms","<=",200,"P",2.89175,***,"",
31,"POST_EFUSE_RESISTANCE","","POST_BANKB_EFUSE_RESISTANCE_UNBLOWN_BIT19",490077,"",1,1,"ISEN_PS1600",31,"115","","",65,"<=",68.4,"ohms","<=",200,"P",2.89175,***,"",
31,"POST_EFUSE_RESISTANCE","","POST_BANKB_EFUSE_RESISTANCE_UNBLOWN_BIT18",490078,"",1,1,"ISEN_PS1600",31,"115","","",65,"<=",79.8,"ohms","<=",200,"P",2.89175,***,"",
31,"POST_EFUSE_RESISTANCE","","POST_BANKB_EFUSE_RESISTANCE_BLOWN_BIT17",590079,"",1,1,"ISEN_PS1600",31,"115","","",3500,"<=",71381.6,"ohms","<=",85000,"P",2.89175,***,"",
31,"POST_EFUSE_RESISTANCE","","POST_BANKB_EFUSE_RESISTANCE_BLOWN_BIT16",590080,"",1,1,"ISEN_PS1600",31,"115","","",3500,"<=",71381.4,"ohms","<=",85000,"P",2.89175,***,"",
31,"POST_EFUSE_RESISTANCE","","POST_BANKB_EFUSE_RESISTANCE_BLOWN_BIT15",590081,"",1,1,"ISEN_PS1600",31,"115","","",3500,"<=",71358.6,"ohms","<=",85000,"P",2.90453,***,"",
31,"POST_EFUSE_RESISTANCE","","POST_BANKB_EFUSE_RESISTANCE_BLOWN_BIT14",590082,"",1,1,"ISEN_PS1600",31,"115","","",3500,"<=",71336,"ohms","<=",85000,"P",2.89175,***,"",
31,"POST_EFUSE_RESISTANCE","","POST_BANKB_EFUSE_RESISTANCE_UNBLOWN_BIT13",490083,"",1,1,"ISEN_PS1600",31,"115","","",65,"<=",91.2,"ohms","<=",200,"P",2.89175,***,"",
31,"POST_EFUSE_RESISTANCE","","POST_BANKB_EFUSE_RESISTANCE_BLOWN_BIT12",590084,"",1,1,"ISEN_PS1600",31,"115","","",3500,"<=",71381.4,"ohms","<=",85000,"P",2.89175,***,"",
31,"POST_EFUSE_RESISTANCE","","POST_BANKB_EFUSE_RESISTANCE_BLOWN_BIT11",590085,"",1,1,"ISEN_PS1600",31,"115","","",3500,"<=",71358.6,"ohms","<=",85000,"P",2.88352,***,"",
31,"POST_EFUSE_RESISTANCE","","POST_BANKB_EFUSE_RESISTANCE_UNBLOWN_BIT10",490086,"",1,1,"ISEN_PS1600",31,"115","","",65,"<=",57,"ohms","<=",200,"F",2.89175,***,"",
32,"CONTINUITY","","CONTINUITY",10030,"",1,1,"EN0_PS1600",32,"77","","",-500,"<=",-367.873,"mV","<=",-300,"P",0.132977,***,"",
32,"CONTINUITY","","CONTINUITY",10020,"",1,1,"FAULTB_PS1600",32,"77","","",-500,"<=",-424.558,"mV","<=",-300,"P",0.132977,***,"",
32,"CONTINUITY","","CONTINUITY",10050,"",1,1,"FCB_PS1600",32,"77","","",-500,"<=",-369.076,"mV","<=",-300,"P",0.132977,***,"",
32,"CONTINUITY","","CONTINUITY",10090,"",1,1,"ISEN_PS1600",32,"77","","",-500,"<=",-358.024,"mV","<=",-300,"P",0.132977,***,"",
32,"CONTINUITY","","CONTINUITY",10080,"",1,1,"ITRIP_PS1600",32,"77","","",-500,"<=",-371.751,"mV","<=",-300,"P",0.132977,***,"",
32,"CONTINUITY","","CONTINUITY",10040,"",1,1,"OFF_PS1600",32,"77","","",-500,"<=",-362.303,"mV","<=",-300,"P",0.132977,***,"",
32,"CONTINUITY","","CONTINUITY",10010,"",1,1,"SS_PS1600",32,"77","","",-500,"<=",-461.921,"mV","<=",-300,"P",0.132977,***,"",
32,"CONTINUITY","","CONTINUITY",10070,"",1,1,"VBIAS_PS1600",32,"77","","",-500,"<=",-295.71,"mV","<=",-200,"P",0.132977,***,"",
32,"CONTINUITY","","CONTINUITY",10060,"",1,1,"GND_PS1600",32,"77","","",-500,"<=",-354.95,"mV","<=",-300,"P",0.132977,***,"",
32,"CONTINUITY","","CONTINUITY",10180,"",1,1,"VIN1",32,"77","","",-360,"<=",-333.269,"mV","<=",-300,"P",0.132977,***,"",
32,"CONTINUITY","","CONTINUITY",10190,"",1,1,"VIN2",32,"77","","",-360,"<=",-333.799,"mV","<=",-300,"P",0.132977,***,"",
32,"CONTINUITY","","CONTINUITY",10200,"",1,1,"VIN3",32,"77","","",-360,"<=",-333.969,"mV","<=",-300,"P",0.132977,***,"",
32,"CONTINUITY","","CONTINUITY",10210,"",1,1,"VIN4_RS1",32,"77","","",-360,"<=",-334.03,"mV","<=",-300,"P",0.132977,***,"",
32,"CONTINUITY","","CONTINUITY",10220,"",1,1,"VIN4_RS2",32,"77","","",-360,"<=",-333.654,"mV","<=",-300,"P",0.132977,***,"",
32,"CONTINUITY","","CONTINUITY",10230,"",1,1,"VIN5_RS1",32,"77","","",-360,"<=",-333.456,"mV","<=",-300,"P",0.132977,***,"",
32,"CONTINUITY","","CONTINUITY",10240,"",1,1,"VIN5_RS2",32,"77","","",-360,"<=",-333.807,"mV","<=",-300,"P",0.132977,***,"",
32,"CONTINUITY","","CONTINUITY",10250,"",1,1,"VIN6",32,"77","","",-360,"<=",-333.988,"mV","<=",-300,"P",0.132977,***,"",
32,"CONTINUITY","","CONTINUITY",10100,"",1,1,"VOUT1",32,"77","","",-300,"<=",-223.261,"mV","<=",-200,"P",0.132977,***,"",
32,"CONTINUITY","","CONTINUITY",10110,"",1,1,"VOUT2_RS1",32,"77","","",-300,"<=",-223.351,"mV","<=",-200,"P",0.132977,***,"",
32,"CONTINUITY","","CONTINUITY",10120,"",1,1,"VOUT2_RS2",32,"77","","",-300,"<=",-223.633,"mV","<=",-200,"P",0.132977,***,"",
32,"CONTINUITY","","CONTINUITY",10130,"",1,1,"VOUT3_RS1",32,"77","","",-300,"<=",-223.251,"mV","<=",-200,"P",0.132977,***,"",
32,"CONTINUITY","","CONTINUITY",10140,"",1,1,"VOUT3_RS2",32,"77","","",-300,"<=",-223.391,"mV","<=",-200,"P",0.132977,***,"",
32,"CONTINUITY","","CONTINUITY",10150,"",1,1,"VOUT4",32,"77","","",-300,"<=",-223.23,"mV","<=",-200,"P",0.132977,***,"",
32,"CONTINUITY","","CONTINUITY",10160,"",1,1,"VOUT5",32,"77","","",-300,"<=",-223.476,"mV","<=",-200,"P",0.132977,***,"",
32,"CONTINUITY","","CONTINUITY",10170,"",1,1,"VOUT6",32,"77","","",-300,"<=",-223.484,"mV","<=",-200,"P",0.132977,***,"",
32,"Pin_to_Pin_Leakage","","PIN_TO_PIN_POS_LEAKAGE_PIN",20010,"",1,1,"FAULTB_PS1600",32,"77","","",-200,"<=",-5.37736,"nA","<=",200,"P",0.416773,***,"",
32,"Pin_to_Pin_Leakage","","PIN_TO_PIN_NEG_LEAKAGE_PIN",20110,"",1,1,"FAULTB_PS1600",32,"77","","",-200,"<=",-5.37736,"nA","<=",200,"P",0.416773,***,"",
32,"Pin_to_Pin_Leakage","","PIN_TO_PIN_POS_LEAKAGE_PIN",20020,"",1,1,"ITRIP_PS1600",32,"77","","",-200,"<=",-9.66209,"nA","<=",200,"P",0.416773,***,"",
32,"Pin_to_Pin_Leakage","","PIN_TO_PIN_NEG_LEAKAGE_PIN",20120,"",1,1,"ITRIP_PS1600",32,"77","","",-200,"<=",-9.66209,"nA","<=",200,"P",0.416773,***,"",
32,"Pin_to_Pin_Leakage","","PIN_TO_PIN_POS_LEAKAGE_PIN",20030,"",1,1,"OFF_PS1600",32,"77","","",-200,"<=",-8.33185,"nA","<=",200,"P",0.416773,***,"",
32,"Pin_to_Pin_Leakage","","PIN_TO_PIN_NEG_LEAKAGE_PIN",20130,"",1,1,"OFF_PS1600",32,"77","","",-200,"<=",-8.33185,"nA","<=",200,"P",0.416773,***,"",
32,"Pin_to_Pin_Leakage","","PIN_TO_PIN_POS_LEAKAGE_PIN",20040,"",1,1,"SS_PS1600",32,"77","","",-200,"<=",-10.6383,"nA","<=",200,"P",0.416773,***,"",
32,"Pin_to_Pin_Leakage","","PIN_TO_PIN_NEG_LEAKAGE_PIN",20140,"",1,1,"SS_PS1600",32,"77","","",-200,"<=",-10.6383,"nA","<=",200,"P",0.416773,***,"",
32,"Pin_to_Pin_Leakage","","PIN_TO_PIN_POS_LEAKAGE_PIN",20050,"",1,1,"VIN1",32,"77","","",10,"<=",299.911,"nA","<=",500,"P",0.416773,***,"",
32,"Pin_to_Pin_Leakage","","PIN_TO_PIN_NEG_LEAKAGE_PIN",20150,"",1,1,"VIN1",32,"77","","",-500,"<=",-299.497,"nA","<=",-10,"P",0.416773,***,"",
32,"Pin_to_Pin_Leakage","","PIN_TO_PIN_POS_LEAKAGE_PIN",20060,"",1,1,"VOUT1",32,"77","","",10,"<=",303.025,"nA","<=",500,"P",0.416773,***,"",
32,"Pin_to_Pin_Leakage","","PIN_TO_PIN_NEG_LEAKAGE_PIN",20160,"",1,1,"VOUT1",32,"77","","",-500,"<=",-300.955,"nA","<=",-10,"P",0.416773,***,"",
32,"Pin_to_Pin_Leakage","","PIN_TO_PIN_POS_LEAKAGE_PIN",20070,"",1,1,"EN0_PS1600",32,"77","","",300,"<=",510.982,"nA","<=",700,"P",0.416773,***,"",
32,"Pin_to_Pin_Leakage","","PIN_TO_PIN_NEG_LEAKAGE_PIN",20170,"",1,1,"EN0_PS1600",32,"77","","",-700,"<=",-515.666,"nA","<=",-300,"P",0.416773,***,"",
32,"Pin_to_Pin_Leakage","","PIN_TO_PIN_POS_LEAKAGE_PIN",20080,"",1,1,"FCB_PS1600",32,"77","","",-200,"<=",-0.261835,"nA","<=",200,"P",0.416773,***,"",
32,"Pin_to_Pin_Leakage","","PIN_TO_PIN_NEG_LEAKAGE_PIN",20180,"",1,1,"FCB_PS1600",32,"77","","",-200,"<=",-4.817,"nA","<=",200,"P",0.416773,***,"",
32,"Pin_to_Pin_Leakage","","PIN_TO_PIN_POS_LEAKAGE_PIN",20090,"",1,1,"ISEN_PS1600",32,"77","","",-200,"<=",0.199446,"nA","<=",200,"P",0.416773,***,"",
32,"Pin_to_Pin_Leakage","","PIN_TO_PIN_NEG_LEAKAGE_PIN",20190,"",1,1,"ISEN_PS1600",32,"77","","",-200,"<=",-8.44576,"nA","<=",200,"P",0.416773,***,"",
32,"Pin_to_Pin_Leakage","","PIN_TO_PIN_POS_LEAKAGE_PIN_VBIAS_PS1600",20100,"",1,1,"VBIAS_PS1600",32,"77","","",500,"<=",791,"nA","<=",1000,"P",0.416773,***,"",
32,"Pin_to_Pin_Leakage","","PIN_TO_PIN_NEG_LEAKAGE_PIN_VBIAS_PS1600",20200,"",1,1,"VBIAS_PS1600",32,"77","","",-1000,"<=",-853,"nA","<=",-500,"P",0.416773,***,"",
32,"IVDDFL_IVINFL_RONFL","","RON_200mAVDD_5_VIN_5_20V_Part",90050,"",1,1,"VIN1",32,"77","","",0.01,"<=",0.0249118,"ohm","<=",0.03,"P",0.034414,***,"",
32,"IVDDFL_IVINFL_RONFL","","DEVICE_VARIENT_TRUE",90060,"",1,1,"VIN1",32,"77","","",0.5,"<=",1,"","<=",1.5,"P",0.034414,***,"",
32,"Fuse_Burn_Check","","BANKA_BIT5_BLOWN_TRUE",1000001,"",1,1,"OFF_PS1600",32,"77","","",0,"<=",1,"","<=",1,"P",0.0995141,***,"",
32,"Gross_Functional_EN_FCB_FAULTB_OFF","","EN_FCB_LOW_VOUT_LOW",30010,"",1,1,"VOUT4",32,"77","","",-0.001,"<=",0.0177727,"V","<=",1,"P",0.231374,***,"",
32,"Gross_Functional_EN_FCB_FAULTB_OFF","","EN_FCB_LOW_OFF_HIGH",30020,"",1,1,"OFF_PS1600",32,"77","","",1.6,"<=",1.79996,"V","<=",2.3,"P",0.231374,***,"",
32,"Gross_Functional_EN_FCB_FAULTB_OFF","","FCB_LOW_VOUT_LOW",30030,"",1,1,"VOUT4",32,"77","","",-0.001,"<=",0.00204277,"V","<=",0.5,"P",0.231374,***,"",
32,"Gross_Functional_EN_FCB_FAULTB_OFF","","FCB_LOW_OFF_HIGH",30040,"",1,1,"OFF_PS1600",32,"77","","",1.6,"<=",1.80019,"V","<=",2.3,"P",0.231374,***,"",
32,"Gross_Functional_EN_FCB_FAULTB_OFF","","EN_LOW_VOUT_LOW",30050,"",1,1,"VOUT4",32,"77","","",-0.001,"<=",0.00115585,"V","<=",0.5,"P",0.231374,***,"",
32,"Gross_Functional_EN_FCB_FAULTB_OFF","","EN_LOW_OFF_HIGH",30060,"",1,1,"OFF_PS1600",32,"77","","",1.6,"<=",1.79916,"V","<=",2.3,"P",0.231374,***,"",
32,"Gross_Functional_EN_FCB_FAULTB_OFF","","EN_FCB_HIGH_VOUT_HIGH",30070,"",1,1,"VOUT4",32,"77","","",4.85,"<=",4.9999,"V","<=",5.1,"P",0.231374,***,"",
32,"Gross_Functional_EN_FCB_FAULTB_OFF","","EN_FCB_HIGH_OFF_LOW",30080,"",1,1,"OFF_PS1600",32,"77","","",-0.001,"<=",0.000714269,"V","<=",0.5,"P",0.231374,***,"",
32,"Gross_Functional_EN_FCB_FAULTB_OFF","","FAULT_SET_VOUT_LOW",30090,"",1,1,"VOUT4",32,"77","","",-0.001,"<=",0.000104904,"V","<=",0.5,"P",0.231374,***,"",
32,"Gross_Functional_EN_FCB_FAULTB_OFF","","FAULT_SET_OFF_HIGH",30100,"",1,1,"OFF_PS1600",32,"77","","",1.6,"<=",1.84441,"V","<=",2.3,"P",0.231374,***,"",
32,"Gross_Functional_EN_FCB_FAULTB_OFF","","FAULT_RESET_VOUT_HIGH",30110,"",1,1,"VOUT4",32,"77","","",4.85,"<=",4.99988,"V","<=",5.1,"P",0.231374,***,"",
32,"Gross_Functional_EN_FCB_FAULTB_OFF","","FAULT_RESET_OFF_LOW",30120,"",1,1,"OFF_PS1600",32,"77","","",0,"<=",0.000771185,"V","<=",0.5,"P",0.231374,***,"",
32,"Output_disabled_leakage","","IVDDDIS_VDD_3_VIN_3",40010,"",1,1,"VDD",32,"77","","",10,"<=",113.05,"uA","<=",166.5,"P",0.10165,***,"",
32,"Output_disabled_leakage","","IVINDIS_VDD_3_VIN_3",40050,"",1,1,"VIN1",32,"77","","",10,"<=",73.174,"uA","<=",166.5,"P",0.10165,***,"",
32,"Output_disabled_leakage","","IOFF_VDD_3_VIN_3",40090,"",1,1,"VOUT4",32,"77","","",-14,"<=",-1.90834,"uA","<=",11,"P",0.10165,***,"",
32,"Output_disabled_leakage","","IVDDDIS_VDD_3_VIN_20",40020,"",1,1,"VDD",32,"77","","",10,"<=",106.546,"uA","<=",166.5,"P",0.10165,***,"",
32,"Output_disabled_leakage","","IVINDIS_VDD_3_VIN_20",40060,"",1,1,"VIN1",32,"77","","",10,"<=",96.608,"uA","<=",166.5,"P",0.10165,***,"",
32,"Output_disabled_leakage","","IOFF_VDD_3_VIN_20",40100,"",1,1,"VOUT4",32,"77","","",-14,"<=",-2.4155,"uA","<=",11,"P",0.10165,***,"",
32,"Output_disabled_leakage","","IVINVDD0_VIN_3",40130,"",1,1,"VIN1",32,"77","","",10,"<=",68.2091,"uA","<=",166.5,"P",0.10165,***,"",
32,"Output_disabled_leakage","","IOFFVDD0_VIN_3",40150,"",1,1,"VOUT4",32,"77","","",-14,"<=",-1.6945,"uA","<=",11,"P",0.10165,***,"",
32,"Output_disabled_leakage","","IVDDDIS_VDD_20_VIN_3",40030,"",1,1,"VDD",32,"77","","",10,"<=",132.326,"uA","<=",166.5,"P",0.10165,***,"",
32,"Output_disabled_leakage","","IVINDIS_VDD_20_VIN_3",40070,"",1,1,"VIN1",32,"77","","",10,"<=",73.0557,"uA","<=",166.5,"P",0.10165,***,"",
32,"Output_disabled_leakage","","IOFF_VDD_20_VIN_3",40110,"",1,1,"VOUT4",32,"77","","",-14,"<=",-1.92199,"uA","<=",11,"P",0.10165,***,"",
32,"Output_disabled_leakage","","IVDDDIS_VDD_20_VIN_20",40040,"",1,1,"VDD",32,"77","","",10,"<=",120.634,"uA","<=",166.5,"P",0.10165,***,"",
32,"Output_disabled_leakage","","IVINDIS_VDD_20_VIN_20",40080,"",1,1,"VIN1",32,"77","","",10,"<=",96.3714,"uA","<=",166.5,"P",0.10165,***,"",
32,"Output_disabled_leakage","","IOFF_VDD_20_VIN_20",40120,"",1,1,"VOUT4",32,"77","","",-14,"<=",-1.82753,"uA","<=",11,"P",0.10165,***,"",
32,"Output_disabled_leakage","","IVINVDD0_VIN_20",40140,"",1,1,"VIN1",32,"77","","",10,"<=",124.313,"uA","<=",166.5,"P",0.10165,***,"",
32,"Output_disabled_leakage","","IOFFVDD0_VIN_20",40160,"",1,1,"VOUT4",32,"77","","",-14,"<=",-2.28424,"uA","<=",11,"P",0.10165,***,"",
32,"EN_pullup_resistor","","EN0V_PULLUP_RES",50010,"",1,1,"EN0_PS1600",32,"77","","",155,"<=",195.975,"Kohm","<=",230,"P",0.0272827,***,"",
32,"EN_pullup_resistor","","EN1V_PULLUP_RES",50020,"",1,1,"EN0_PS1600",32,"77","","",155,"<=",197.012,"Kohm","<=",230,"P",0.0272827,***,"",
32,"EN_pullup_resistor","","EN0V_Current",50030,"",1,1,"EN0_PS1600",32,"77","","",-11,"<=",-9.18486,"uA","<=",-7,"P",0.0272827,***,"",
32,"EN_pullup_resistor","","EN1V_Current",50040,"",1,1,"EN0_PS1600",32,"77","","",-5.5,"<=",-4.06066,"uA","<=",-3,"P",0.0272827,***,"",
32,"Leakage_Test","","IOFF_REVERSE_VOUT_VIN_LEAKAGE_1mA",60030,"",1,1,"VIN",32,"77","","",-331,"<=",-266.054,"mV","<=",-205,"P",0.0588329,***,"",
32,"Leakage_Test","","IOFF_REVERSE_VOUT_VIN_LEAKAGE_10mA",60040,"",1,1,"VIN",32,"77","","",-340,"<=",-327.6,"mV","<=",-205,"P",0.0588329,***,"",
32,"Leakage_Test","","IOFF_REVERSE_VOUT_VIN_LEAKAGE_100mA",60050,"",1,1,"VIN",32,"77","","",-331,"<=",-206.717,"mV","<=",-205,"P",0.0588329,***,"",
32,"Nominal_Input_pin_Leakages","","LEAKAGE",70010,"",1,1,"EN0_PS1600",32,"77","","",10,"<=",25.151,"uA","<=",40,"P",0.139807,***,"",
32,"Nominal_Input_pin_Leakages","","LEAKAGE",70060,"",1,1,"FAULTB_PS1600",32,"77","","",-0.2,"<=",0.00566159,"uA","<=",0.2,"P",0.139807,***,"",
32,"Nominal_Input_pin_Leakages","","LEAKAGE",70020,"",1,1,"FCB_PS1600",32,"77","","",-0.5,"<=",0.11181,"uA","<=",0.5,"P",0.139807,***,"",
32,"Nominal_Input_pin_Leakages","","LEAKAGE",70040,"",1,1,"ISEN_PS1600",32,"77","","",24,"<=",27.8351,"uA","<=",50,"P",0.139807,***,"",
32,"Nominal_Input_pin_Leakages","","LEAKAGE",70030,"",1,1,"ITRIP_PS1600",32,"77","","",14,"<=",16.1509,"uA","<=",25,"P",0.139807,***,"",
32,"Nominal_Input_pin_Leakages","","LEAKAGE",70080,"",1,1,"OFF_PS1600",32,"77","","",-0.2,"<=",0.07472,"uA","<=",0.5,"P",0.139807,***,"",
32,"Nominal_Input_pin_Leakages","","LEAKAGE",70050,"",1,1,"SS_PS1600",32,"77","","",20,"<=",53.2826,"uA","<=",70,"P",0.139807,***,"",
32,"Nominal_Input_pin_Leakages","","LEAKAGE",70070,"",1,1,"VBIAS_PS1600",32,"77","","",5,"<=",27.8162,"uA","<=",40,"P",0.139807,***,"",
32,"Nominal_Input_pin_Leakages","","LEAKAGE_2V",70090,"",1,1,"OFF_PS1600",32,"77","","",-0.5,"<=",0.043096,"uA","<=",0.5,"P",0.139807,***,"",
32,"Output_enabled_leakage","","IVDD_VDD_3_Vin_3",80001,"",1,1,"VDD",32,"77","","",10,"<=",95.1402,"uA","<=",130,"P",0.495899,***,"",
32,"Output_enabled_leakage","","IVIN_VDD_3_Vin_3",80005,"",1,1,"VIN1",32,"77","","",10,"<=",53.3494,"uA","<=",75,"P",0.495899,***,"",
32,"Output_enabled_leakage","","IVDD_VDD_3_Vin_20",80010,"",1,1,"VDD",32,"77","","",10,"<=",101.901,"uA","<=",150,"P",0.495899,***,"",
32,"Output_enabled_leakage","","IVIN_VDD_3_Vin_20",80014,"",1,1,"VIN1",32,"77","","",10,"<=",85.5681,"uA","<=",120,"P",0.495899,***,"",
32,"Output_enabled_leakage","","IVDD_VDD_20_Vin_3",80011,"",1,1,"VDD",32,"77","","",10,"<=",115.789,"uA","<=",150,"P",0.495899,***,"",
32,"Output_enabled_leakage","","IVIN_VDD_20_Vin_3",80015,"",1,1,"VIN1",32,"77","","",10,"<=",52.046,"uA","<=",75,"P",0.495899,***,"",
32,"Output_enabled_leakage","","IVDD_VDD_20_Vin_20",80012,"",1,1,"VDD",32,"77","","",10,"<=",118.653,"uA","<=",175,"P",0.495899,***,"",
32,"Output_enabled_leakage","","IVIN_VDD_20_Vin_20",80016,"",1,1,"VIN1",32,"77","","",10,"<=",84.2726,"uA","<=",120,"P",0.495899,***,"",
32,"SCAN","","Scan_test",330010,"_rdi_burst_SCAN_bk4_mp",1,1,"@",32,"77","","",***,"",***," ","",***,"P",0.0437546,***,"",
32,"Logic","","Logic_test",340010,"_rdi_burst_Logic_bk6_mp",1,1,"@",32,"77","","",***,"",***," ","",***,"P",0.279346,***,"",
32,"POST_EFUSE_RESISTANCE","","POST_BANKA_EFUSE_RESISTANCE_BLOWN_BIT47",590001,"",1,1,"ISEN_PS1600",32,"77","","",3500,"<=",70823.8,"ohms","<=",85000,"P",3.61603,***,"",
32,"POST_EFUSE_RESISTANCE","","POST_BANKA_EFUSE_RESISTANCE_BLOWN_BIT46",590002,"",1,1,"ISEN_PS1600",32,"77","","",3500,"<=",70823.8,"ohms","<=",85000,"P",3.6658,***,"",
32,"POST_EFUSE_RESISTANCE","","POST_BANKA_EFUSE_RESISTANCE_UNBLOWN_BIT45",490003,"",1,1,"ISEN_PS1600",32,"77","","",65,"<=",102.4,"ohms","<=",200,"P",3.72201,***,"",
32,"POST_EFUSE_RESISTANCE","","POST_BANKA_EFUSE_RESISTANCE_BLOWN_BIT44",590004,"",1,1,"ISEN_PS1600",32,"77","","",3500,"<=",70801,"ohms","<=",85000,"P",2.88429,***,"",
32,"POST_EFUSE_RESISTANCE","","POST_BANKA_EFUSE_RESISTANCE_UNBLOWN_BIT43",490005,"",1,1,"ISEN_PS1600",32,"77","","",65,"<=",68.2,"ohms","<=",200,"P",2.88802,***,"",
32,"POST_EFUSE_RESISTANCE","","POST_BANKA_EFUSE_RESISTANCE_BLOWN_BIT42",590006,"",1,1,"ISEN_PS1600",32,"77","","",3500,"<=",70800.8,"ohms","<=",85000,"P",2.88801,***,"",
32,"POST_EFUSE_RESISTANCE","","POST_BANKA_EFUSE_RESISTANCE_BLOWN_BIT41",590007,"",1,1,"ISEN_PS1600",32,"77","","",3500,"<=",70800.8,"ohms","<=",85000,"P",2.88801,***,"",
32,"POST_EFUSE_RESISTANCE","","POST_BANKA_EFUSE_RESISTANCE_BLOWN_BIT40",590008,"",1,1,"ISEN_PS1600",32,"77","","",3500,"<=",70835,"ohms","<=",85000,"P",2.88392,***,"",
32,"POST_EFUSE_RESISTANCE","","POST_BANKA_EFUSE_RESISTANCE_UNBLOWN_BIT39",490009,"",1,1,"ISEN_PS1600",32,"77","","",65,"<=",102.4,"ohms","<=",200,"P",2.88323,***,"",
32,"POST_EFUSE_RESISTANCE","","POST_BANKA_EFUSE_RESISTANCE_UNBLOWN_BIT38",490010,"",1,1,"ISEN_PS1600",32,"77","","",65,"<=",102.4,"ohms","<=",200,"P",2.88555,***,"",
32,"POST_EFUSE_RESISTANCE","","POST_BANKA_EFUSE_RESISTANCE_BLOWN_BIT37",590011,"",1,1,"ISEN_PS1600",32,"77","","",3500,"<=",70835,"ohms","<=",85000,"P",2.88604,***,"",
32,"POST_EFUSE_RESISTANCE","","POST_BANKA_EFUSE_RESISTANCE_BLOWN_BIT36",590012,"",1,1,"ISEN_PS1600",32,"77","","",3500,"<=",70800.8,"ohms","<=",85000,"P",2.88426,***,"",
32,"POST_EFUSE_RESISTANCE","","POST_BANKA_EFUSE_RESISTANCE_UNBLOWN_BIT35",490013,"",1,1,"ISEN_PS1600",32,"77","","",65,"<=",68.2,"ohms","<=",200,"P",2.88426,***,"",
32,"POST_EFUSE_RESISTANCE","","POST_BANKA_EFUSE_RESISTANCE_UNBLOWN_BIT34",490014,"",1,1,"ISEN_PS1600",32,"77","","",65,"<=",79.6,"ohms","<=",200,"P",2.88426,***,"",
32,"POST_EFUSE_RESISTANCE","","POST_BANKA_EFUSE_RESISTANCE_UNBLOWN_BIT33",490015,"",1,1,"ISEN_PS1600",32,"77","","",65,"<=",102.4,"ohms","<=",200,"P",2.88443,***,"",
32,"POST_EFUSE_RESISTANCE","","POST_BANKA_EFUSE_RESISTANCE_UNBLOWN_BIT32",490016,"",1,1,"ISEN_PS1600",32,"77","","",65,"<=",102.4,"ohms","<=",200,"P",2.88546,***,"",
32,"POST_EFUSE_RESISTANCE","","POST_BANKA_EFUSE_RESISTANCE_BLOWN_BIT31",590017,"",1,1,"ISEN_PS1600",32,"77","","",3500,"<=",70812.2,"ohms","<=",85000,"P",2.88666,***,"",
32,"POST_EFUSE_RESISTANCE","","POST_BANKA_EFUSE_RESISTANCE_UNBLOWN_BIT30",490018,"",1,1,"ISEN_PS1600",32,"77","","",65,"<=",68.2,"ohms","<=",200,"P",2.88839,***,"",
32,"POST_EFUSE_RESISTANCE","","POST_BANKA_EFUSE_RESISTANCE_BLOWN_BIT29",590019,"",1,1,"ISEN_PS1600",32,"77","","",3500,"<=",70823.8,"ohms","<=",85000,"P",2.8899,***,"",
32,"POST_EFUSE_RESISTANCE","","POST_BANKA_EFUSE_RESISTANCE_UNBLOWN_BIT28",490020,"",1,1,"ISEN_PS1600",32,"77","","",65,"<=",102.4,"ohms","<=",200,"P",2.88735,***,"",
32,"POST_EFUSE_RESISTANCE","","POST_BANKA_EFUSE_RESISTANCE_BLOWN_BIT27",590021,"",1,1,"ISEN_PS1600",32,"77","","",3500,"<=",70823.8,"ohms","<=",85000,"P",2.88735,***,"",
32,"POST_EFUSE_RESISTANCE","","POST_BANKA_EFUSE_RESISTANCE_BLOWN_BIT26",590022,"",1,1,"ISEN_PS1600",32,"77","","",3500,"<=",70789.4,"ohms","<=",85000,"P",2.89318,***,"",
32,"POST_EFUSE_RESISTANCE","","POST_BANKA_EFUSE_RESISTANCE_UNBLOWN_BIT25",490023,"",1,1,"ISEN_PS1600",32,"77","","",65,"<=",79.6,"ohms","<=",200,"P",2.89318,***,"",
32,"POST_EFUSE_RESISTANCE","","POST_BANKA_EFUSE_RESISTANCE_BLOWN_BIT24",590024,"",1,1,"ISEN_PS1600",32,"77","","",3500,"<=",70846.4,"ohms","<=",85000,"P",2.88625,***,"",
32,"POST_EFUSE_RESISTANCE","","POST_BANKA_EFUSE_RESISTANCE_UNBLOWN_BIT23",490025,"",1,1,"ISEN_PS1600",32,"77","","",65,"<=",91,"ohms","<=",200,"P",2.88735,***,"",
32,"POST_EFUSE_RESISTANCE","","POST_BANKA_EFUSE_RESISTANCE_UNBLOWN_BIT22",490026,"",1,1,"ISEN_PS1600",32,"77","","",65,"<=",56.8,"ohms","<=",200,"F",2.88564,***,"",
33,"CONTINUITY","","CONTINUITY",10030,"",1,1,"EN0_PS1600",33,"58","","",-500,"<=",-367.703,"mV","<=",-300,"P",0.132977,***,"",
33,"CONTINUITY","","CONTINUITY",10020,"",1,1,"FAULTB_PS1600",33,"58","","",-500,"<=",-425.07,"mV","<=",-300,"P",0.132977,***,"",
33,"CONTINUITY","","CONTINUITY",10050,"",1,1,"FCB_PS1600",33,"58","","",-500,"<=",-368.563,"mV","<=",-300,"P",0.132977,***,"",
33,"CONTINUITY","","CONTINUITY",10090,"",1,1,"ISEN_PS1600",33,"58","","",-500,"<=",-357.91,"mV","<=",-300,"P",0.132977,***,"",
33,"CONTINUITY","","CONTINUITY",10080,"",1,1,"ITRIP_PS1600",33,"58","","",-500,"<=",-372.092,"mV","<=",-300,"P",0.132977,***,"",
33,"CONTINUITY","","CONTINUITY",10040,"",1,1,"OFF_PS1600",33,"58","","",-500,"<=",-363.213,"mV","<=",-300,"P",0.132977,***,"",
33,"CONTINUITY","","CONTINUITY",10010,"",1,1,"SS_PS1600",33,"58","","",-500,"<=",-463.287,"mV","<=",-300,"P",0.132977,***,"",
33,"CONTINUITY","","CONTINUITY",10070,"",1,1,"VBIAS_PS1600",33,"58","","",-500,"<=",-296.051,"mV","<=",-200,"P",0.132977,***,"",
33,"CONTINUITY","","CONTINUITY",10060,"",1,1,"GND_PS1600",33,"58","","",-500,"<=",-354.893,"mV","<=",-300,"P",0.132977,***,"",
33,"CONTINUITY","","CONTINUITY",10180,"",1,1,"VIN1",33,"58","","",-360,"<=",-332.695,"mV","<=",-300,"P",0.132977,***,"",
33,"CONTINUITY","","CONTINUITY",10190,"",1,1,"VIN2",33,"58","","",-360,"<=",-333.078,"mV","<=",-300,"P",0.132977,***,"",
33,"CONTINUITY","","CONTINUITY",10200,"",1,1,"VIN3",33,"58","","",-360,"<=",-333.111,"mV","<=",-300,"P",0.132977,***,"",
33,"CONTINUITY","","CONTINUITY",10210,"",1,1,"VIN4_RS1",33,"58","","",-360,"<=",-333.29,"mV","<=",-300,"P",0.132977,***,"",
33,"CONTINUITY","","CONTINUITY",10220,"",1,1,"VIN4_RS2",33,"58","","",-360,"<=",-332.762,"mV","<=",-300,"P",0.132977,***,"",
33,"CONTINUITY","","CONTINUITY",10230,"",1,1,"VIN5_RS1",33,"58","","",-360,"<=",-333.372,"mV","<=",-300,"P",0.132977,***,"",
33,"CONTINUITY","","CONTINUITY",10240,"",1,1,"VIN5_RS2",33,"58","","",-360,"<=",-333.16,"mV","<=",-300,"P",0.132977,***,"",
33,"CONTINUITY","","CONTINUITY",10250,"",1,1,"VIN6",33,"58","","",-360,"<=",-333.53,"mV","<=",-300,"P",0.132977,***,"",
33,"CONTINUITY","","CONTINUITY",10100,"",1,1,"VOUT1",33,"58","","",-300,"<=",-223.204,"mV","<=",-200,"P",0.132977,***,"",
33,"CONTINUITY","","CONTINUITY",10110,"",1,1,"VOUT2_RS1",33,"58","","",-300,"<=",-223.66,"mV","<=",-200,"P",0.132977,***,"",
33,"CONTINUITY","","CONTINUITY",10120,"",1,1,"VOUT2_RS2",33,"58","","",-300,"<=",-223.352,"mV","<=",-200,"P",0.132977,***,"",
33,"CONTINUITY","","CONTINUITY",10130,"",1,1,"VOUT3_RS1",33,"58","","",-300,"<=",-223.263,"mV","<=",-200,"P",0.132977,***,"",
33,"CONTINUITY","","CONTINUITY",10140,"",1,1,"VOUT3_RS2",33,"58","","",-300,"<=",-223.768,"mV","<=",-200,"P",0.132977,***,"",
33,"CONTINUITY","","CONTINUITY",10150,"",1,1,"VOUT4",33,"58","","",-300,"<=",-223.419,"mV","<=",-200,"P",0.132977,***,"",
33,"CONTINUITY","","CONTINUITY",10160,"",1,1,"VOUT5",33,"58","","",-300,"<=",-223.421,"mV","<=",-200,"P",0.132977,***,"",
33,"CONTINUITY","","CONTINUITY",10170,"",1,1,"VOUT6",33,"58","","",-300,"<=",-223.446,"mV","<=",-200,"P",0.132977,***,"",
33,"Pin_to_Pin_Leakage","","PIN_TO_PIN_POS_LEAKAGE_PIN",20010,"",1,1,"FAULTB_PS1600",33,"58","","",-200,"<=",-6.03752,"nA","<=",200,"P",0.416773,***,"",
33,"Pin_to_Pin_Leakage","","PIN_TO_PIN_NEG_LEAKAGE_PIN",20110,"",1,1,"FAULTB_PS1600",33,"58","","",-200,"<=",-6.03752,"nA","<=",200,"P",0.416773,***,"",
33,"Pin_to_Pin_Leakage","","PIN_TO_PIN_POS_LEAKAGE_PIN",20020,"",1,1,"ITRIP_PS1600",33,"58","","",-200,"<=",-9.56042,"nA","<=",200,"P",0.416773,***,"",
33,"Pin_to_Pin_Leakage","","PIN_TO_PIN_NEG_LEAKAGE_PIN",20120,"",1,1,"ITRIP_PS1600",33,"58","","",-200,"<=",-9.56042,"nA","<=",200,"P",0.416773,***,"",
33,"Pin_to_Pin_Leakage","","PIN_TO_PIN_POS_LEAKAGE_PIN",20030,"",1,1,"OFF_PS1600",33,"58","","",-200,"<=",-8.12713,"nA","<=",200,"P",0.416773,***,"",
33,"Pin_to_Pin_Leakage","","PIN_TO_PIN_NEG_LEAKAGE_PIN",20130,"",1,1,"OFF_PS1600",33,"58","","",-200,"<=",-8.12713,"nA","<=",200,"P",0.416773,***,"",
33,"Pin_to_Pin_Leakage","","PIN_TO_PIN_POS_LEAKAGE_PIN",20040,"",1,1,"SS_PS1600",33,"58","","",-200,"<=",-9.61676,"nA","<=",200,"P",0.416773,***,"",
33,"Pin_to_Pin_Leakage","","PIN_TO_PIN_NEG_LEAKAGE_PIN",20140,"",1,1,"SS_PS1600",33,"58","","",-200,"<=",-9.61676,"nA","<=",200,"P",0.416773,***,"",
33,"Pin_to_Pin_Leakage","","PIN_TO_PIN_POS_LEAKAGE_PIN",20050,"",1,1,"VIN1",33,"58","","",10,"<=",301.225,"nA","<=",500,"P",0.416773,***,"",
33,"Pin_to_Pin_Leakage","","PIN_TO_PIN_NEG_LEAKAGE_PIN",20150,"",1,1,"VIN1",33,"58","","",-500,"<=",-300.101,"nA","<=",-10,"P",0.416773,***,"",
33,"Pin_to_Pin_Leakage","","PIN_TO_PIN_POS_LEAKAGE_PIN",20060,"",1,1,"VOUT1",33,"58","","",10,"<=",298.525,"nA","<=",500,"P",0.416773,***,"",
33,"Pin_to_Pin_Leakage","","PIN_TO_PIN_NEG_LEAKAGE_PIN",20160,"",1,1,"VOUT1",33,"58","","",-500,"<=",-297.19,"nA","<=",-10,"P",0.416773,***,"",
33,"Pin_to_Pin_Leakage","","PIN_TO_PIN_POS_LEAKAGE_PIN",20070,"",1,1,"EN0_PS1600",33,"58","","",300,"<=",515.756,"nA","<=",700,"P",0.416773,***,"",
33,"Pin_to_Pin_Leakage","","PIN_TO_PIN_NEG_LEAKAGE_PIN",20170,"",1,1,"EN0_PS1600",33,"58","","",-700,"<=",-520.645,"nA","<=",-300,"P",0.416773,***,"",
33,"Pin_to_Pin_Leakage","","PIN_TO_PIN_POS_LEAKAGE_PIN",20080,"",1,1,"FCB_PS1600",33,"58","","",-200,"<=",0.0421979,"nA","<=",200,"P",0.416773,***,"",
33,"Pin_to_Pin_Leakage","","PIN_TO_PIN_NEG_LEAKAGE_PIN",20180,"",1,1,"FCB_PS1600",33,"58","","",-200,"<=",-5.42506,"nA","<=",200,"P",0.416773,***,"",
33,"Pin_to_Pin_Leakage","","PIN_TO_PIN_POS_LEAKAGE_PIN",20090,"",1,1,"ISEN_PS1600",33,"58","","",-200,"<=",-0.567845,"nA","<=",200,"P",0.416773,***,"",
33,"Pin_to_Pin_Leakage","","PIN_TO_PIN_NEG_LEAKAGE_PIN",20190,"",1,1,"ISEN_PS1600",33,"58","","",-200,"<=",-8.34346,"nA","<=",200,"P",0.416773,***,"",
33,"Pin_to_Pin_Leakage","","PIN_TO_PIN_POS_LEAKAGE_PIN_VBIAS_PS1600",20100,"",1,1,"VBIAS_PS1600",33,"58","","",500,"<=",799,"nA","<=",1000,"P",0.416773,***,"",
33,"Pin_to_Pin_Leakage","","PIN_TO_PIN_NEG_LEAKAGE_PIN_VBIAS_PS1600",20200,"",1,1,"VBIAS_PS1600",33,"58","","",-1000,"<=",-858,"nA","<=",-500,"P",0.416773,***,"",
33,"IVDDFL_IVINFL_RONFL","","RON_200mAVDD_5_VIN_5_20V_Part",90050,"",1,1,"VIN1",33,"58","","",0.01,"<=",0.0247965,"ohm","<=",0.03,"P",0.034414,***,"",
33,"IVDDFL_IVINFL_RONFL","","DEVICE_VARIENT_TRUE",90060,"",1,1,"VIN1",33,"58","","",0.5,"<=",1,"","<=",1.5,"P",0.034414,***,"",
33,"Fuse_Burn_Check","","BANKA_BIT5_BLOWN_TRUE",1000001,"",1,1,"OFF_PS1600",33,"58","","",0,"<=",1,"","<=",1,"P",0.0995141,***,"",
33,"Gross_Functional_EN_FCB_FAULTB_OFF","","EN_FCB_LOW_VOUT_LOW",30010,"",1,1,"VOUT4",33,"58","","",-0.001,"<=",0.0185032,"V","<=",1,"P",0.231374,***,"",
33,"Gross_Functional_EN_FCB_FAULTB_OFF","","EN_FCB_LOW_OFF_HIGH",30020,"",1,1,"OFF_PS1600",33,"58","","",1.6,"<=",1.79905,"V","<=",2.3,"P",0.231374,***,"",
33,"Gross_Functional_EN_FCB_FAULTB_OFF","","FCB_LOW_VOUT_LOW",30030,"",1,1,"VOUT4",33,"58","","",-0.001,"<=",0.00160217,"V","<=",0.5,"P",0.231374,***,"",
33,"Gross_Functional_EN_FCB_FAULTB_OFF","","FCB_LOW_OFF_HIGH",30040,"",1,1,"OFF_PS1600",33,"58","","",1.6,"<=",1.79979,"V","<=",2.3,"P",0.231374,***,"",
33,"Gross_Functional_EN_FCB_FAULTB_OFF","","EN_LOW_VOUT_LOW",30050,"",1,1,"VOUT4",33,"58","","",-0.001,"<=",0.000921249,"V","<=",0.5,"P",0.231374,***,"",
33,"Gross_Functional_EN_FCB_FAULTB_OFF","","EN_LOW_OFF_HIGH",30060,"",1,1,"OFF_PS1600",33,"58","","",1.6,"<=",1.79905,"V","<=",2.3,"P",0.231374,***,"",
33,"Gross_Functional_EN_FCB_FAULTB_OFF","","EN_FCB_HIGH_VOUT_HIGH",30070,"",1,1,"VOUT4",33,"58","","",4.85,"<=",4.99986,"V","<=",5.1,"P",0.231374,***,"",
33,"Gross_Functional_EN_FCB_FAULTB_OFF","","EN_FCB_HIGH_OFF_LOW",30080,"",1,1,"OFF_PS1600",33,"58","","",-0.001,"<=",0.000714269,"V","<=",0.5,"P",0.231374,***,"",
33,"Gross_Functional_EN_FCB_FAULTB_OFF","","FAULT_SET_VOUT_LOW",30090,"",1,1,"VOUT4",33,"58","","",-0.001,"<=",0.00106239,"V","<=",0.5,"P",0.231374,***,"",
33,"Gross_Functional_EN_FCB_FAULTB_OFF","","FAULT_SET_OFF_HIGH",30100,"",1,1,"OFF_PS1600",33,"58","","",1.6,"<=",1.84401,"V","<=",2.3,"P",0.231374,***,"",
33,"Gross_Functional_EN_FCB_FAULTB_OFF","","FAULT_RESET_VOUT_HIGH",30110,"",1,1,"VOUT4",33,"58","","",4.85,"<=",4.99948,"V","<=",5.1,"P",0.231374,***,"",
33,"Gross_Functional_EN_FCB_FAULTB_OFF","","FAULT_RESET_OFF_LOW",30120,"",1,1,"OFF_PS1600",33,"58","","",0,"<=",0.000714269,"V","<=",0.5,"P",0.231374,***,"",
33,"Output_disabled_leakage","","IVDDDIS_VDD_3_VIN_3",40010,"",1,1,"VDD",33,"58","","",10,"<=",100.508,"uA","<=",166.5,"P",0.10165,***,"",
33,"Output_disabled_leakage","","IVINDIS_VDD_3_VIN_3",40050,"",1,1,"VIN1",33,"58","","",10,"<=",77.1917,"uA","<=",166.5,"P",0.10165,***,"",
33,"Output_disabled_leakage","","IOFF_VDD_3_VIN_3",40090,"",1,1,"VOUT4",33,"58","","",-14,"<=",-2.06556,"uA","<=",11,"P",0.10165,***,"",
33,"Output_disabled_leakage","","IVDDDIS_VDD_3_VIN_20",40020,"",1,1,"VDD",33,"58","","",10,"<=",111.614,"uA","<=",166.5,"P",0.10165,***,"",
33,"Output_disabled_leakage","","IVINDIS_VDD_3_VIN_20",40060,"",1,1,"VIN1",33,"58","","",10,"<=",96.8454,"uA","<=",166.5,"P",0.10165,***,"",
33,"Output_disabled_leakage","","IOFF_VDD_3_VIN_20",40100,"",1,1,"VOUT4",33,"58","","",-14,"<=",-2.35552,"uA","<=",11,"P",0.10165,***,"",
33,"Output_disabled_leakage","","IVINVDD0_VIN_3",40130,"",1,1,"VIN1",33,"58","","",10,"<=",69.9777,"uA","<=",166.5,"P",0.10165,***,"",
33,"Output_disabled_leakage","","IOFFVDD0_VIN_3",40150,"",1,1,"VOUT4",33,"58","","",-14,"<=",-1.76257,"uA","<=",11,"P",0.10165,***,"",
33,"Output_disabled_leakage","","IVDDDIS_VDD_20_VIN_3",40030,"",1,1,"VDD",33,"58","","",10,"<=",129.715,"uA","<=",166.5,"P",0.10165,***,"",
33,"Output_disabled_leakage","","IVINDIS_VDD_20_VIN_3",40070,"",1,1,"VIN1",33,"58","","",10,"<=",79.5601,"uA","<=",166.5,"P",0.10165,***,"",
33,"Output_disabled_leakage","","IOFF_VDD_20_VIN_3",40110,"",1,1,"VOUT4",33,"58","","",-14,"<=",-2.11573,"uA","<=",11,"P",0.10165,***,"",
33,"Output_disabled_leakage","","IVDDDIS_VDD_20_VIN_20",40040,"",1,1,"VDD",33,"58","","",10,"<=",132.319,"uA","<=",166.5,"P",0.10165,***,"",
33,"Output_disabled_leakage","","IVINDIS_VDD_20_VIN_20",40080,"",1,1,"VIN1",33,"58","","",10,"<=",85.3613,"uA","<=",166.5,"P",0.10165,***,"",
33,"Output_disabled_leakage","","IOFF_VDD_20_VIN_20",40120,"",1,1,"VOUT4",33,"58","","",-14,"<=",-2.19548,"uA","<=",11,"P",0.10165,***,"",
33,"Output_disabled_leakage","","IVINVDD0_VIN_20",40140,"",1,1,"VIN1",33,"58","","",10,"<=",116.853,"uA","<=",166.5,"P",0.10165,***,"",
33,"Output_disabled_leakage","","IOFFVDD0_VIN_20",40160,"",1,1,"VOUT4",33,"58","","",-14,"<=",-2.21145,"uA","<=",11,"P",0.10165,***,"",
33,"EN_pullup_resistor","","EN0V_PULLUP_RES",50010,"",1,1,"EN0_PS1600",33,"58","","",155,"<=",194.409,"Kohm","<=",230,"P",0.0272827,***,"",
33,"EN_pullup_resistor","","EN1V_PULLUP_RES",50020,"",1,1,"EN0_PS1600",33,"58","","",155,"<=",194.931,"Kohm","<=",230,"P",0.0272827,***,"",
33,"EN_pullup_resistor","","EN0V_Current",50030,"",1,1,"EN0_PS1600",33,"58","","",-11,"<=",-9.25882,"uA","<=",-7,"P",0.0272827,***,"",
33,"EN_pullup_resistor","","EN1V_Current",50040,"",1,1,"EN0_PS1600",33,"58","","",-5.5,"<=",-4.10401,"uA","<=",-3,"P",0.0272827,***,"",
33,"Leakage_Test","","IOFF_REVERSE_VOUT_VIN_LEAKAGE_1mA",60030,"",1,1,"VIN",33,"58","","",-331,"<=",-264.944,"mV","<=",-205,"P",0.0588329,***,"",
33,"Leakage_Test","","IOFF_REVERSE_VOUT_VIN_LEAKAGE_10mA",60040,"",1,1,"VIN",33,"58","","",-340,"<=",-327.614,"mV","<=",-205,"P",0.0588329,***,"",
33,"Leakage_Test","","IOFF_REVERSE_VOUT_VIN_LEAKAGE_100mA",60050,"",1,1,"VIN",33,"58","","",-331,"<=",-205.906,"mV","<=",-205,"P",0.0588329,***,"",
33,"Nominal_Input_pin_Leakages","","LEAKAGE",70010,"",1,1,"EN0_PS1600",33,"58","","",10,"<=",25.3525,"uA","<=",40,"P",0.139807,***,"",
33,"Nominal_Input_pin_Leakages","","LEAKAGE",70060,"",1,1,"FAULTB_PS1600",33,"58","","",-0.2,"<=",0.00515388,"uA","<=",0.2,"P",0.139807,***,"",
33,"Nominal_Input_pin_Leakages","","LEAKAGE",70020,"",1,1,"FCB_PS1600",33,"58","","",-0.5,"<=",0.11181,"uA","<=",0.5,"P",0.139807,***,"",
33,"Nominal_Input_pin_Leakages","","LEAKAGE",70040,"",1,1,"ISEN_PS1600",33,"58","","",24,"<=",28.0877,"uA","<=",50,"P",0.139807,***,"",
33,"Nominal_Input_pin_Leakages","","LEAKAGE",70030,"",1,1,"ITRIP_PS1600",33,"58","","",14,"<=",16.0505,"uA","<=",25,"P",0.139807,***,"",
33,"Nominal_Input_pin_Leakages","","LEAKAGE",70080,"",1,1,"OFF_PS1600",33,"58","","",-0.2,"<=",-0.00115196,"uA","<=",0.5,"P",0.139807,***,"",
33,"Nominal_Input_pin_Leakages","","LEAKAGE",70050,"",1,1,"SS_PS1600",33,"58","","",20,"<=",53.9125,"uA","<=",70,"P",0.139807,***,"",
33,"Nominal_Input_pin_Leakages","","LEAKAGE",70070,"",1,1,"VBIAS_PS1600",33,"58","","",5,"<=",26.9716,"uA","<=",40,"P",0.139807,***,"",
33,"Nominal_Input_pin_Leakages","","LEAKAGE_2V",70090,"",1,1,"OFF_PS1600",33,"58","","",-0.5,"<=",-0.00748535,"uA","<=",0.5,"P",0.139807,***,"",
33,"Output_enabled_leakage","","IVDD_VDD_3_Vin_3",80001,"",1,1,"VDD",33,"58","","",10,"<=",96.8101,"uA","<=",130,"P",0.495899,***,"",
33,"Output_enabled_leakage","","IVIN_VDD_3_Vin_3",80005,"",1,1,"VIN1",33,"58","","",10,"<=",53.1976,"uA","<=",75,"P",0.495899,***,"",
33,"Output_enabled_leakage","","IVDD_VDD_3_Vin_20",80010,"",1,1,"VDD",33,"58","","",10,"<=",98.207,"uA","<=",150,"P",0.495899,***,"",
33,"Output_enabled_leakage","","IVIN_VDD_3_Vin_20",80014,"",1,1,"VIN1",33,"58","","",10,"<=",86.3113,"uA","<=",120,"P",0.495899,***,"",
33,"Output_enabled_leakage","","IVDD_VDD_20_Vin_3",80011,"",1,1,"VDD",33,"58","","",10,"<=",113.267,"uA","<=",150,"P",0.495899,***,"",
33,"Output_enabled_leakage","","IVIN_VDD_20_Vin_3",80015,"",1,1,"VIN1",33,"58","","",10,"<=",54.7129,"uA","<=",75,"P",0.495899,***,"",
33,"Output_enabled_leakage","","IVDD_VDD_20_Vin_20",80012,"",1,1,"VDD",33,"58","","",10,"<=",111.443,"uA","<=",175,"P",0.495899,***,"",
33,"Output_enabled_leakage","","IVIN_VDD_20_Vin_20",80016,"",1,1,"VIN1",33,"58","","",10,"<=",85.4246,"uA","<=",120,"P",0.495899,***,"",
33,"SCAN","","Scan_test",330010,"_rdi_burst_SCAN_bk4_mp",1,1,"@",33,"58","","",***,"",***," ","",***,"P",0.0437546,***,"",
33,"Logic","","Logic_test",340010,"_rdi_burst_Logic_bk6_mp",1,1,"@",33,"58","","",***,"",***," ","",***,"P",0.279346,***,"",
33,"POST_EFUSE_RESISTANCE","","POST_BANKA_EFUSE_RESISTANCE_BLOWN_BIT47",590001,"",1,1,"ISEN_PS1600",33,"58","","",3500,"<=",70812.4,"ohms","<=",85000,"P",3.61603,***,"",
33,"POST_EFUSE_RESISTANCE","","POST_BANKA_EFUSE_RESISTANCE_BLOWN_BIT46",590002,"",1,1,"ISEN_PS1600",33,"58","","",3500,"<=",70801,"ohms","<=",85000,"P",3.6658,***,"",
33,"POST_EFUSE_RESISTANCE","","POST_BANKA_EFUSE_RESISTANCE_UNBLOWN_BIT45",490003,"",1,1,"ISEN_PS1600",33,"58","","",65,"<=",57,"ohms","<=",200,"F",3.72201,***,"",
34,"CONTINUITY","","CONTINUITY",10030,"",1,1,"EN0_PS1600",34,"39","","",-500,"<=",-359.852,"mV","<=",-300,"P",0.132977,***,"",
34,"CONTINUITY","","CONTINUITY",10020,"",1,1,"FAULTB_PS1600",34,"39","","",-500,"<=",-422.907,"mV","<=",-300,"P",0.132977,***,"",
34,"CONTINUITY","","CONTINUITY",10050,"",1,1,"FCB_PS1600",34,"39","","",-500,"<=",-360.197,"mV","<=",-300,"P",0.132977,***,"",
34,"CONTINUITY","","CONTINUITY",10090,"",1,1,"ISEN_PS1600",34,"39","","",-500,"<=",-345.901,"mV","<=",-300,"P",0.132977,***,"",
34,"CONTINUITY","","CONTINUITY",10080,"",1,1,"ITRIP_PS1600",34,"39","","",-500,"<=",-361.278,"mV","<=",-300,"P",0.132977,***,"",
34,"CONTINUITY","","CONTINUITY",10040,"",1,1,"OFF_PS1600",34,"39","","",-500,"<=",-355.814,"mV","<=",-300,"P",0.132977,***,"",
34,"CONTINUITY","","CONTINUITY",10010,"",1,1,"SS_PS1600",34,"39","","",-500,"<=",-451.618,"mV","<=",-300,"P",0.132977,***,"",
34,"CONTINUITY","","CONTINUITY",10070,"",1,1,"VBIAS_PS1600",34,"39","","",-500,"<=",-297.303,"mV","<=",-200,"P",0.132977,***,"",
34,"CONTINUITY","","CONTINUITY",10060,"",1,1,"GND_PS1600",34,"39","","",-500,"<=",-353.698,"mV","<=",-300,"P",0.132977,***,"",
34,"CONTINUITY","","CONTINUITY",10180,"",1,1,"VIN1",34,"39","","",-360,"<=",-332.186,"mV","<=",-300,"P",0.132977,***,"",
34,"CONTINUITY","","CONTINUITY",10190,"",1,1,"VIN2",34,"39","","",-360,"<=",-332.504,"mV","<=",-300,"P",0.132977,***,"",
34,"CONTINUITY","","CONTINUITY",10200,"",1,1,"VIN3",34,"39","","",-360,"<=",-332.668,"mV","<=",-300,"P",0.132977,***,"",
34,"CONTINUITY","","CONTINUITY",10210,"",1,1,"VIN4_RS1",34,"39","","",-360,"<=",-332.727,"mV","<=",-300,"P",0.132977,***,"",
34,"CONTINUITY","","CONTINUITY",10220,"",1,1,"VIN4_RS2",34,"39","","",-360,"<=",-332.342,"mV","<=",-300,"P",0.132977,***,"",
34,"CONTINUITY","","CONTINUITY",10230,"",1,1,"VIN5_RS1",34,"39","","",-360,"<=",-332.783,"mV","<=",-300,"P",0.132977,***,"",
34,"CONTINUITY","","CONTINUITY",10240,"",1,1,"VIN5_RS2",34,"39","","",-360,"<=",-332.722,"mV","<=",-300,"P",0.132977,***,"",
34,"CONTINUITY","","CONTINUITY",10250,"",1,1,"VIN6",34,"39","","",-360,"<=",-332.758,"mV","<=",-300,"P",0.132977,***,"",
34,"CONTINUITY","","CONTINUITY",10100,"",1,1,"VOUT1",34,"39","","",-300,"<=",-223.223,"mV","<=",-200,"P",0.132977,***,"",
34,"CONTINUITY","","CONTINUITY",10110,"",1,1,"VOUT2_RS1",34,"39","","",-300,"<=",-223.398,"mV","<=",-200,"P",0.132977,***,"",
34,"CONTINUITY","","CONTINUITY",10120,"",1,1,"VOUT2_RS2",34,"39","","",-300,"<=",-223.379,"mV","<=",-200,"P",0.132977,***,"",
34,"CONTINUITY","","CONTINUITY",10130,"",1,1,"VOUT3_RS1",34,"39","","",-300,"<=",-223.261,"mV","<=",-200,"P",0.132977,***,"",
34,"CONTINUITY","","CONTINUITY",10140,"",1,1,"VOUT3_RS2",34,"39","","",-300,"<=",-223.465,"mV","<=",-200,"P",0.132977,***,"",
34,"CONTINUITY","","CONTINUITY",10150,"",1,1,"VOUT4",34,"39","","",-300,"<=",-223.068,"mV","<=",-200,"P",0.132977,***,"",
34,"CONTINUITY","","CONTINUITY",10160,"",1,1,"VOUT5",34,"39","","",-300,"<=",-223.08,"mV","<=",-200,"P",0.132977,***,"",
34,"CONTINUITY","","CONTINUITY",10170,"",1,1,"VOUT6",34,"39","","",-300,"<=",-223.368,"mV","<=",-200,"P",0.132977,***,"",
34,"Pin_to_Pin_Leakage","","PIN_TO_PIN_POS_LEAKAGE_PIN",20010,"",1,1,"FAULTB_PS1600",34,"39","","",-200,"<=",-7.30705,"nA","<=",200,"P",0.416773,***,"",
34,"Pin_to_Pin_Leakage","","PIN_TO_PIN_NEG_LEAKAGE_PIN",20110,"",1,1,"FAULTB_PS1600",34,"39","","",-200,"<=",-7.30705,"nA","<=",200,"P",0.416773,***,"",
34,"Pin_to_Pin_Leakage","","PIN_TO_PIN_POS_LEAKAGE_PIN",20020,"",1,1,"ITRIP_PS1600",34,"39","","",-200,"<=",-12.2545,"nA","<=",200,"P",0.416773,***,"",
34,"Pin_to_Pin_Leakage","","PIN_TO_PIN_NEG_LEAKAGE_PIN",20120,"",1,1,"ITRIP_PS1600",34,"39","","",-200,"<=",-12.2545,"nA","<=",200,"P",0.416773,***,"",
34,"Pin_to_Pin_Leakage","","PIN_TO_PIN_POS_LEAKAGE_PIN",20030,"",1,1,"OFF_PS1600",34,"39","","",-200,"<=",-10.9932,"nA","<=",200,"P",0.416773,***,"",
34,"Pin_to_Pin_Leakage","","PIN_TO_PIN_NEG_LEAKAGE_PIN",20130,"",1,1,"OFF_PS1600",34,"39","","",-200,"<=",-10.9932,"nA","<=",200,"P",0.416773,***,"",
34,"Pin_to_Pin_Leakage","","PIN_TO_PIN_POS_LEAKAGE_PIN",20040,"",1,1,"SS_PS1600",34,"39","","",-200,"<=",-12.426,"nA","<=",200,"P",0.416773,***,"",
34,"Pin_to_Pin_Leakage","","PIN_TO_PIN_NEG_LEAKAGE_PIN",20140,"",1,1,"SS_PS1600",34,"39","","",-200,"<=",-12.426,"nA","<=",200,"P",0.416773,***,"",
34,"Pin_to_Pin_Leakage","","PIN_TO_PIN_POS_LEAKAGE_PIN",20050,"",1,1,"VIN1",34,"39","","",10,"<=",296.004,"nA","<=",500,"P",0.416773,***,"",
34,"Pin_to_Pin_Leakage","","PIN_TO_PIN_NEG_LEAKAGE_PIN",20150,"",1,1,"VIN1",34,"39","","",-500,"<=",-299.413,"nA","<=",-10,"P",0.416773,***,"",
34,"Pin_to_Pin_Leakage","","PIN_TO_PIN_POS_LEAKAGE_PIN",20060,"",1,1,"VOUT1",34,"39","","",10,"<=",297.627,"nA","<=",500,"P",0.416773,***,"",
34,"Pin_to_Pin_Leakage","","PIN_TO_PIN_NEG_LEAKAGE_PIN",20160,"",1,1,"VOUT1",34,"39","","",-500,"<=",-298.383,"nA","<=",-10,"P",0.416773,***,"",
34,"Pin_to_Pin_Leakage","","PIN_TO_PIN_POS_LEAKAGE_PIN",20070,"",1,1,"EN0_PS1600",34,"39","","",300,"<=",549.433,"nA","<=",700,"P",0.416773,***,"",
34,"Pin_to_Pin_Leakage","","PIN_TO_PIN_NEG_LEAKAGE_PIN",20170,"",1,1,"EN0_PS1600",34,"39","","",-700,"<=",-554.476,"nA","<=",-300,"P",0.416773,***,"",
34,"Pin_to_Pin_Leakage","","PIN_TO_PIN_POS_LEAKAGE_PIN",20080,"",1,1,"FCB_PS1600",34,"39","","",-200,"<=",-0.160491,"nA","<=",200,"P",0.416773,***,"",
34,"Pin_to_Pin_Leakage","","PIN_TO_PIN_NEG_LEAKAGE_PIN",20180,"",1,1,"FCB_PS1600",34,"39","","",-200,"<=",-6.84388,"nA","<=",200,"P",0.416773,***,"",
34,"Pin_to_Pin_Leakage","","PIN_TO_PIN_POS_LEAKAGE_PIN",20090,"",1,1,"ISEN_PS1600",34,"39","","",-200,"<=",0.199446,"nA","<=",200,"P",0.416773,***,"",
34,"Pin_to_Pin_Leakage","","PIN_TO_PIN_NEG_LEAKAGE_PIN",20190,"",1,1,"ISEN_PS1600",34,"39","","",-200,"<=",-12.9984,"nA","<=",200,"P",0.416773,***,"",
34,"Pin_to_Pin_Leakage","","PIN_TO_PIN_POS_LEAKAGE_PIN_VBIAS_PS1600",20100,"",1,1,"VBIAS_PS1600",34,"39","","",500,"<=",848,"nA","<=",1000,"P",0.416773,***,"",
34,"Pin_to_Pin_Leakage","","PIN_TO_PIN_NEG_LEAKAGE_PIN_VBIAS_PS1600",20200,"",1,1,"VBIAS_PS1600",34,"39","","",-1000,"<=",-879,"nA","<=",-500,"P",0.416773,***,"",
34,"IVDDFL_IVINFL_RONFL","","RON_200mAVDD_5_VIN_5_20V_Part",90050,"",1,1,"VIN1",34,"39","","",0.01,"<=",0.0233938,"ohm","<=",0.03,"P",0.034414,***,"",
34,"IVDDFL_IVINFL_RONFL","","DEVICE_VARIENT_TRUE",90060,"",1,1,"VIN1",34,"39","","",0.5,"<=",1,"","<=",1.5,"P",0.034414,***,"",
34,"Fuse_Burn_Check","","BANKA_BIT5_BLOWN_TRUE",1000001,"",1,1,"OFF_PS1600",34,"39","","",0,"<=",1,"","<=",1,"P",0.0995141,***,"",
34,"Gross_Functional_EN_FCB_FAULTB_OFF","","EN_FCB_LOW_VOUT_LOW",30010,"",1,1,"VOUT4",34,"39","","",-0.001,"<=",0.0180969,"V","<=",1,"P",0.231374,***,"",
34,"Gross_Functional_EN_FCB_FAULTB_OFF","","EN_FCB_LOW_OFF_HIGH",30020,"",1,1,"OFF_PS1600",34,"39","","",1.6,"<=",1.80195,"V","<=",2.3,"P",0.231374,***,"",
34,"Gross_Functional_EN_FCB_FAULTB_OFF","","FCB_LOW_VOUT_LOW",30030,"",1,1,"VOUT4",34,"39","","",-0.001,"<=",0.00137138,"V","<=",0.5,"P",0.231374,***,"",
34,"Gross_Functional_EN_FCB_FAULTB_OFF","","FCB_LOW_OFF_HIGH",30040,"",1,1,"OFF_PS1600",34,"39","","",1.6,"<=",1.80263,"V","<=",2.3,"P",0.231374,***,"",
34,"Gross_Functional_EN_FCB_FAULTB_OFF","","EN_LOW_VOUT_LOW",30050,"",1,1,"VOUT4",34,"39","","",-0.001,"<=",0.000890732,"V","<=",0.5,"P",0.231374,***,"",
34,"Gross_Functional_EN_FCB_FAULTB_OFF","","EN_LOW_OFF_HIGH",30060,"",1,1,"OFF_PS1600",34,"39","","",1.6,"<=",1.80224,"V","<=",2.3,"P",0.231374,***,"",
34,"Gross_Functional_EN_FCB_FAULTB_OFF","","EN_FCB_HIGH_VOUT_HIGH",30070,"",1,1,"VOUT4",34,"39","","",4.85,"<=",4.99982,"V","<=",5.1,"P",0.231374,***,"",
34,"Gross_Functional_EN_FCB_FAULTB_OFF","","EN_FCB_HIGH_OFF_LOW",30080,"",1,1,"OFF_PS1600",34,"39","","",-0.001,"<=",0.000771185,"V","<=",0.5,"P",0.231374,***,"",
34,"Gross_Functional_EN_FCB_FAULTB_OFF","","FAULT_SET_VOUT_LOW",30090,"",1,1,"VOUT4",34,"39","","",-0.001,"<=",0.000261307,"V","<=",0.5,"P",0.231374,***,"",
34,"Gross_Functional_EN_FCB_FAULTB_OFF","","FAULT_SET_OFF_HIGH",30100,"",1,1,"OFF_PS1600",34,"39","","",1.6,"<=",1.8468,"V","<=",2.3,"P",0.231374,***,"",
34,"Gross_Functional_EN_FCB_FAULTB_OFF","","FAULT_RESET_VOUT_HIGH",30110,"",1,1,"VOUT4",34,"39","","",4.85,"<=",4.99996,"V","<=",5.1,"P",0.231374,***,"",
34,"Gross_Functional_EN_FCB_FAULTB_OFF","","FAULT_RESET_OFF_LOW",30120,"",1,1,"OFF_PS1600",34,"39","","",0,"<=",0.000771185,"V","<=",0.5,"P",0.231374,***,"",
34,"Output_disabled_leakage","","IVDDDIS_VDD_3_VIN_3",40010,"",1,1,"VDD",34,"39","","",10,"<=",107.959,"uA","<=",166.5,"P",0.10165,***,"",
34,"Output_disabled_leakage","","IVINDIS_VDD_3_VIN_3",40050,"",1,1,"VIN1",34,"39","","",10,"<=",73.0557,"uA","<=",166.5,"P",0.10165,***,"",
34,"Output_disabled_leakage","","IOFF_VDD_3_VIN_3",40090,"",1,1,"VOUT4",34,"39","","",-14,"<=",-2.4217,"uA","<=",11,"P",0.10165,***,"",
34,"Output_disabled_leakage","","IVDDDIS_VDD_3_VIN_20",40020,"",1,1,"VDD",34,"39","","",10,"<=",110.327,"uA","<=",166.5,"P",0.10165,***,"",
34,"Output_disabled_leakage","","IVINDIS_VDD_3_VIN_20",40060,"",1,1,"VIN1",34,"39","","",10,"<=",96.1348,"uA","<=",166.5,"P",0.10165,***,"",
34,"Output_disabled_leakage","","IOFF_VDD_3_VIN_20",40100,"",1,1,"VOUT4",34,"39","","",-14,"<=",-2.92304,"uA","<=",11,"P",0.10165,***,"",
34,"Output_disabled_leakage","","IVINVDD0_VIN_3",40130,"",1,1,"VIN1",34,"39","","",10,"<=",71.6271,"uA","<=",166.5,"P",0.10165,***,"",
34,"Output_disabled_leakage","","IOFFVDD0_VIN_3",40150,"",1,1,"VOUT4",34,"39","","",-14,"<=",-1.98834,"uA","<=",11,"P",0.10165,***,"",
34,"Output_disabled_leakage","","IVDDDIS_VDD_20_VIN_3",40030,"",1,1,"VDD",34,"39","","",10,"<=",137.521,"uA","<=",166.5,"P",0.10165,***,"",
34,"Output_disabled_leakage","","IVINDIS_VDD_20_VIN_3",40070,"",1,1,"VIN1",34,"39","","",10,"<=",83.5853,"uA","<=",166.5,"P",0.10165,***,"",
34,"Output_disabled_leakage","","IOFF_VDD_20_VIN_3",40110,"",1,1,"VOUT4",34,"39","","",-14,"<=",-2.45162,"uA","<=",11,"P",0.10165,***,"",
34,"Output_disabled_leakage","","IVDDDIS_VDD_20_VIN_20",40040,"",1,1,"VDD",34,"39","","",10,"<=",142.131,"uA","<=",166.5,"P",0.10165,***,"",
34,"Output_disabled_leakage","","IVINDIS_VDD_20_VIN_20",40080,"",1,1,"VIN1",34,"39","","",10,"<=",96.6154,"uA","<=",166.5,"P",0.10165,***,"",
34,"Output_disabled_leakage","","IOFF_VDD_20_VIN_20",40120,"",1,1,"VOUT4",34,"39","","",-14,"<=",-2.62758,"uA","<=",11,"P",0.10165,***,"",
34,"Output_disabled_leakage","","IVINVDD0_VIN_20",40140,"",1,1,"VIN1",34,"39","","",10,"<=",119.932,"uA","<=",166.5,"P",0.10165,***,"",
34,"Output_disabled_leakage","","IOFFVDD0_VIN_20",40160,"",1,1,"VOUT4",34,"39","","",-14,"<=",-1.74405,"uA","<=",11,"P",0.10165,***,"",
34,"EN_pullup_resistor","","EN0V_PULLUP_RES",50010,"",1,1,"EN0_PS1600",34,"39","","",155,"<=",182.828,"Kohm","<=",230,"P",0.0272827,***,"",
34,"EN_pullup_resistor","","EN1V_PULLUP_RES",50020,"",1,1,"EN0_PS1600",34,"39","","",155,"<=",183.206,"Kohm","<=",230,"P",0.0272827,***,"",
34,"EN_pullup_resistor","","EN0V_Current",50030,"",1,1,"EN0_PS1600",34,"39","","",-11,"<=",-9.84532,"uA","<=",-7,"P",0.0272827,***,"",
34,"EN_pullup_resistor","","EN1V_Current",50040,"",1,1,"EN0_PS1600",34,"39","","",-5.5,"<=",-4.36666,"uA","<=",-3,"P",0.0272827,***,"",
34,"Leakage_Test","","IOFF_REVERSE_VOUT_VIN_LEAKAGE_1mA",60030,"",1,1,"VIN",34,"39","","",-331,"<=",-265.102,"mV","<=",-205,"P",0.0588329,***,"",
34,"Leakage_Test","","IOFF_REVERSE_VOUT_VIN_LEAKAGE_10mA",60040,"",1,1,"VIN",34,"39","","",-340,"<=",-327.658,"mV","<=",-205,"P",0.0588329,***,"",
34,"Leakage_Test","","IOFF_REVERSE_VOUT_VIN_LEAKAGE_100mA",60050,"",1,1,"VIN",34,"39","","",-331,"<=",-207.129,"mV","<=",-205,"P",0.0588329,***,"",
34,"Nominal_Input_pin_Leakages","","LEAKAGE",70010,"",1,1,"EN0_PS1600",34,"39","","",10,"<=",26.8774,"uA","<=",40,"P",0.139807,***,"",
34,"Nominal_Input_pin_Leakages","","LEAKAGE",70060,"",1,1,"FAULTB_PS1600",34,"39","","",-0.2,"<=",0.00540774,"uA","<=",0.2,"P",0.139807,***,"",
34,"Nominal_Input_pin_Leakages","","LEAKAGE",70020,"",1,1,"FCB_PS1600",34,"39","","",-0.5,"<=",0.11181,"uA","<=",0.5,"P",0.139807,***,"",
34,"Nominal_Input_pin_Leakages","","LEAKAGE",70040,"",1,1,"ISEN_PS1600",34,"39","","",24,"<=",28.214,"uA","<=",50,"P",0.139807,***,"",
34,"Nominal_Input_pin_Leakages","","LEAKAGE",70030,"",1,1,"ITRIP_PS1600",34,"39","","",14,"<=",15.8998,"uA","<=",25,"P",0.139807,***,"",
34,"Nominal_Input_pin_Leakages","","LEAKAGE",70080,"",1,1,"OFF_PS1600",34,"39","","",-0.2,"<=",0.0494294,"uA","<=",0.5,"P",0.139807,***,"",
34,"Nominal_Input_pin_Leakages","","LEAKAGE",70050,"",1,1,"SS_PS1600",34,"39","","",20,"<=",54.0637,"uA","<=",70,"P",0.139807,***,"",
34,"Nominal_Input_pin_Leakages","","LEAKAGE",70070,"",1,1,"VBIAS_PS1600",34,"39","","",5,"<=",27.543,"uA","<=",40,"P",0.139807,***,"",
34,"Nominal_Input_pin_Leakages","","LEAKAGE_2V",70090,"",1,1,"OFF_PS1600",34,"39","","",-0.5,"<=",-0.00748535,"uA","<=",0.5,"P",0.139807,***,"",
34,"Output_enabled_leakage","","IVDD_VDD_3_Vin_3",80001,"",1,1,"VDD",34,"39","","",10,"<=",98.6215,"uA","<=",130,"P",0.495899,***,"",
34,"Output_enabled_leakage","","IVIN_VDD_3_Vin_3",80005,"",1,1,"VIN1",34,"39","","",10,"<=",51.9175,"uA","<=",75,"P",0.495899,***,"",
34,"Output_enabled_leakage","","IVDD_VDD_3_Vin_20",80010,"",1,1,"VDD",34,"39","","",10,"<=",103.712,"uA","<=",150,"P",0.495899,***,"",
34,"Output_enabled_leakage","","IVIN_VDD_3_Vin_20",80014,"",1,1,"VIN1",34,"39","","",10,"<=",85.4703,"uA","<=",120,"P",0.495899,***,"",
34,"Output_enabled_leakage","","IVDD_VDD_20_Vin_3",80011,"",1,1,"VDD",34,"39","","",10,"<=",118.274,"uA","<=",150,"P",0.495899,***,"",
34,"Output_enabled_leakage","","IVIN_VDD_20_Vin_3",80015,"",1,1,"VIN1",34,"39","","",10,"<=",54.63,"uA","<=",75,"P",0.495899,***,"",
34,"Output_enabled_leakage","","IVDD_VDD_20_Vin_20",80012,"",1,1,"VDD",34,"39","","",10,"<=",121.045,"uA","<=",175,"P",0.495899,***,"",
34,"Output_enabled_leakage","","IVIN_VDD_20_Vin_20",80016,"",1,1,"VIN1",34,"39","","",10,"<=",86.5078,"uA","<=",120,"P",0.495899,***,"",
34,"SCAN","","Scan_test",330010,"_rdi_burst_SCAN_bk4_mp",1,1,"@",34,"39","","",***,"",***," ","",***,"P",0.0437546,***,"",
34,"Logic","","Logic_test",340010,"_rdi_burst_Logic_bk6_mp",1,1,"@",34,"39","","",***,"",***," ","",***,"P",0.279346,***,"",
34,"POST_EFUSE_RESISTANCE","","POST_BANKA_EFUSE_RESISTANCE_BLOWN_BIT47",590001,"",1,1,"ISEN_PS1600",34,"39","","",3500,"<=",70391.2,"ohms","<=",85000,"P",3.61603,***,"",
34,"POST_EFUSE_RESISTANCE","","POST_BANKA_EFUSE_RESISTANCE_BLOWN_BIT46",590002,"",1,1,"ISEN_PS1600",34,"39","","",3500,"<=",70425.4,"ohms","<=",85000,"P",3.6658,***,"",
34,"POST_EFUSE_RESISTANCE","","POST_BANKA_EFUSE_RESISTANCE_UNBLOWN_BIT45",490003,"",1,1,"ISEN_PS1600",34,"39","","",65,"<=",79.8,"ohms","<=",200,"P",3.72201,***,"",
34,"POST_EFUSE_RESISTANCE","","POST_BANKA_EFUSE_RESISTANCE_BLOWN_BIT44",590004,"",1,1,"ISEN_PS1600",34,"39","","",3500,"<=",70425.4,"ohms","<=",85000,"P",2.88429,***,"",
34,"POST_EFUSE_RESISTANCE","","POST_BANKA_EFUSE_RESISTANCE_UNBLOWN_BIT43",490005,"",1,1,"ISEN_PS1600",34,"39","","",65,"<=",102.6,"ohms","<=",200,"P",2.88802,***,"",
34,"POST_EFUSE_RESISTANCE","","POST_BANKA_EFUSE_RESISTANCE_BLOWN_BIT42",590006,"",1,1,"ISEN_PS1600",34,"39","","",3500,"<=",70402.6,"ohms","<=",85000,"P",2.88801,***,"",
34,"POST_EFUSE_RESISTANCE","","POST_BANKA_EFUSE_RESISTANCE_BLOWN_BIT41",590007,"",1,1,"ISEN_PS1600",34,"39","","",3500,"<=",70391.2,"ohms","<=",85000,"P",2.88801,***,"",
34,"POST_EFUSE_RESISTANCE","","POST_BANKA_EFUSE_RESISTANCE_UNBLOWN_BIT40",490008,"",1,1,"ISEN_PS1600",34,"39","","",65,"<=",68.4,"ohms","<=",200,"P",2.88725,***,"",
34,"POST_EFUSE_RESISTANCE","","POST_BANKA_EFUSE_RESISTANCE_BLOWN_BIT39",590009,"",1,1,"ISEN_PS1600",34,"39","","",3500,"<=",68979.6,"ohms","<=",85000,"P",2.88741,***,"",
34,"POST_EFUSE_RESISTANCE","","POST_BANKA_EFUSE_RESISTANCE_BLOWN_BIT38",590010,"",1,1,"ISEN_PS1600",34,"39","","",3500,"<=",70436.6,"ohms","<=",85000,"P",2.88625,***,"",
34,"POST_EFUSE_RESISTANCE","","POST_BANKA_EFUSE_RESISTANCE_BLOWN_BIT37",590011,"",1,1,"ISEN_PS1600",34,"39","","",3500,"<=",70436.6,"ohms","<=",85000,"P",2.88604,***,"",
34,"POST_EFUSE_RESISTANCE","","POST_BANKA_EFUSE_RESISTANCE_UNBLOWN_BIT36",490012,"",1,1,"ISEN_PS1600",34,"39","","",65,"<=",68.4,"ohms","<=",200,"P",2.89109,***,"",
34,"POST_EFUSE_RESISTANCE","","POST_BANKA_EFUSE_RESISTANCE_BLOWN_BIT35",590013,"",1,1,"ISEN_PS1600",34,"39","","",3500,"<=",70402.6,"ohms","<=",85000,"P",2.89109,***,"",
34,"POST_EFUSE_RESISTANCE","","POST_BANKA_EFUSE_RESISTANCE_BLOWN_BIT34",590014,"",1,1,"ISEN_PS1600",34,"39","","",3500,"<=",70425.2,"ohms","<=",85000,"P",2.89109,***,"",
34,"POST_EFUSE_RESISTANCE","","POST_BANKA_EFUSE_RESISTANCE_BLOWN_BIT33",590015,"",1,1,"ISEN_PS1600",34,"39","","",3500,"<=",70436.6,"ohms","<=",85000,"P",2.89109,***,"",
34,"POST_EFUSE_RESISTANCE","","POST_BANKA_EFUSE_RESISTANCE_UNBLOWN_BIT32",490016,"",1,1,"ISEN_PS1600",34,"39","","",65,"<=",91.2,"ohms","<=",200,"P",2.88546,***,"",
34,"POST_EFUSE_RESISTANCE","","POST_BANKA_EFUSE_RESISTANCE_BLOWN_BIT31",590017,"",1,1,"ISEN_PS1600",34,"39","","",3500,"<=",70402.4,"ohms","<=",85000,"P",2.88666,***,"",
34,"POST_EFUSE_RESISTANCE","","POST_BANKA_EFUSE_RESISTANCE_BLOWN_BIT30",590018,"",1,1,"ISEN_PS1600",34,"39","","",3500,"<=",70413.8,"ohms","<=",85000,"P",2.88735,***,"",
34,"POST_EFUSE_RESISTANCE","","POST_BANKA_EFUSE_RESISTANCE_BLOWN_BIT29",590019,"",1,1,"ISEN_PS1600",34,"39","","",3500,"<=",70448,"ohms","<=",85000,"P",2.8899,***,"",
34,"POST_EFUSE_RESISTANCE","","POST_BANKA_EFUSE_RESISTANCE_UNBLOWN_BIT28",490020,"",1,1,"ISEN_PS1600",34,"39","","",65,"<=",91.2,"ohms","<=",200,"P",2.88735,***,"",
34,"POST_EFUSE_RESISTANCE","","POST_BANKA_EFUSE_RESISTANCE_BLOWN_BIT27",590021,"",1,1,"ISEN_PS1600",34,"39","","",3500,"<=",70402.4,"ohms","<=",85000,"P",2.88735,***,"",
34,"POST_EFUSE_RESISTANCE","","POST_BANKA_EFUSE_RESISTANCE_BLOWN_BIT26",590022,"",1,1,"ISEN_PS1600",34,"39","","",3500,"<=",70413.8,"ohms","<=",85000,"P",2.89318,***,"",
34,"POST_EFUSE_RESISTANCE","","POST_BANKA_EFUSE_RESISTANCE_UNBLOWN_BIT25",490023,"",1,1,"ISEN_PS1600",34,"39","","",65,"<=",102.6,"ohms","<=",200,"P",2.89318,***,"",
34,"POST_EFUSE_RESISTANCE","","POST_BANKA_EFUSE_RESISTANCE_BLOWN_BIT24",590024,"",1,1,"ISEN_PS1600",34,"39","","",3500,"<=",70436.6,"ohms","<=",85000,"P",2.88625,***,"",
34,"POST_EFUSE_RESISTANCE","","POST_BANKA_EFUSE_RESISTANCE_UNBLOWN_BIT23",490025,"",1,1,"ISEN_PS1600",34,"39","","",65,"<=",57,"ohms","<=",200,"F",2.88735,***,"",
35,"CONTINUITY","","CONTINUITY",10030,"",1,1,"EN0_PS1600",35,"324","","",-500,"<=",-374.245,"mV","<=",-300,"P",0.132977,***,"",
35,"CONTINUITY","","CONTINUITY",10020,"",1,1,"FAULTB_PS1600",35,"324","","",-500,"<=",-426.208,"mV","<=",-300,"P",0.132977,***,"",
35,"CONTINUITY","","CONTINUITY",10050,"",1,1,"FCB_PS1600",35,"324","","",-500,"<=",-374.027,"mV","<=",-300,"P",0.132977,***,"",
35,"CONTINUITY","","CONTINUITY",10090,"",1,1,"ISEN_PS1600",35,"324","","",-500,"<=",-359.105,"mV","<=",-300,"P",0.132977,***,"",
35,"CONTINUITY","","CONTINUITY",10080,"",1,1,"ITRIP_PS1600",35,"324","","",-500,"<=",-374.767,"mV","<=",-300,"P",0.132977,***,"",
35,"CONTINUITY","","CONTINUITY",10040,"",1,1,"OFF_PS1600",35,"324","","",-500,"<=",-366.287,"mV","<=",-300,"P",0.132977,***,"",
35,"CONTINUITY","","CONTINUITY",10010,"",1,1,"SS_PS1600",35,"324","","",-500,"<=",-451.277,"mV","<=",-300,"P",0.132977,***,"",
35,"CONTINUITY","","CONTINUITY",10070,"",1,1,"VBIAS_PS1600",35,"324","","",-500,"<=",-294.002,"mV","<=",-200,"P",0.132977,***,"",
35,"CONTINUITY","","CONTINUITY",10060,"",1,1,"GND_PS1600",35,"324","","",-500,"<=",-354.722,"mV","<=",-300,"P",0.132977,***,"",
35,"CONTINUITY","","CONTINUITY",10180,"",1,1,"VIN1",35,"324","","",-360,"<=",-339.848,"mV","<=",-300,"P",0.132977,***,"",
35,"CONTINUITY","","CONTINUITY",10190,"",1,1,"VIN2",35,"324","","",-360,"<=",-339.962,"mV","<=",-300,"P",0.132977,***,"",
35,"CONTINUITY","","CONTINUITY",10200,"",1,1,"VIN3",35,"324","","",-360,"<=",-340.338,"mV","<=",-300,"P",0.132977,***,"",
35,"CONTINUITY","","CONTINUITY",10210,"",1,1,"VIN4_RS1",35,"324","","",-360,"<=",-340.147,"mV","<=",-300,"P",0.132977,***,"",
35,"CONTINUITY","","CONTINUITY",10220,"",1,1,"VIN4_RS2",35,"324","","",-360,"<=",-340.218,"mV","<=",-300,"P",0.132977,***,"",
35,"CONTINUITY","","CONTINUITY",10230,"",1,1,"VIN5_RS1",35,"324","","",-360,"<=",-340.031,"mV","<=",-300,"P",0.132977,***,"",
35,"CONTINUITY","","CONTINUITY",10240,"",1,1,"VIN5_RS2",35,"324","","",-360,"<=",-339.998,"mV","<=",-300,"P",0.132977,***,"",
35,"CONTINUITY","","CONTINUITY",10250,"",1,1,"VIN6",35,"324","","",-360,"<=",-340.118,"mV","<=",-300,"P",0.132977,***,"",
35,"CONTINUITY","","CONTINUITY",10100,"",1,1,"VOUT1",35,"324","","",-300,"<=",-223.469,"mV","<=",-200,"P",0.132977,***,"",
35,"CONTINUITY","","CONTINUITY",10110,"",1,1,"VOUT2_RS1",35,"324","","",-300,"<=",-223.421,"mV","<=",-200,"P",0.132977,***,"",
35,"CONTINUITY","","CONTINUITY",10120,"",1,1,"VOUT2_RS2",35,"324","","",-300,"<=",-223.383,"mV","<=",-200,"P",0.132977,***,"",
35,"CONTINUITY","","CONTINUITY",10130,"",1,1,"VOUT3_RS1",35,"324","","",-300,"<=",-223.417,"mV","<=",-200,"P",0.132977,***,"",
35,"CONTINUITY","","CONTINUITY",10140,"",1,1,"VOUT3_RS2",35,"324","","",-300,"<=",-223.347,"mV","<=",-200,"P",0.132977,***,"",
35,"CONTINUITY","","CONTINUITY",10150,"",1,1,"VOUT4",35,"324","","",-300,"<=",-223.677,"mV","<=",-200,"P",0.132977,***,"",
35,"CONTINUITY","","CONTINUITY",10160,"",1,1,"VOUT5",35,"324","","",-300,"<=",-223.703,"mV","<=",-200,"P",0.132977,***,"",
35,"CONTINUITY","","CONTINUITY",10170,"",1,1,"VOUT6",35,"324","","",-300,"<=",-223.347,"mV","<=",-200,"P",0.132977,***,"",
35,"Pin_to_Pin_Leakage","","PIN_TO_PIN_POS_LEAKAGE_PIN",20010,"",1,1,"FAULTB_PS1600",35,"324","","",-200,"<=",-4.86955,"nA","<=",200,"P",0.416773,***,"",
35,"Pin_to_Pin_Leakage","","PIN_TO_PIN_NEG_LEAKAGE_PIN",20110,"",1,1,"FAULTB_PS1600",35,"324","","",-200,"<=",-4.86955,"nA","<=",200,"P",0.416773,***,"",
35,"Pin_to_Pin_Leakage","","PIN_TO_PIN_POS_LEAKAGE_PIN",20020,"",1,1,"ITRIP_PS1600",35,"324","","",-200,"<=",-9.81458,"nA","<=",200,"P",0.416773,***,"",
35,"Pin_to_Pin_Leakage","","PIN_TO_PIN_NEG_LEAKAGE_PIN",20120,"",1,1,"ITRIP_PS1600",35,"324","","",-200,"<=",-9.81458,"nA","<=",200,"P",0.416773,***,"",
35,"Pin_to_Pin_Leakage","","PIN_TO_PIN_POS_LEAKAGE_PIN",20030,"",1,1,"OFF_PS1600",35,"324","","",-200,"<=",-6.64291,"nA","<=",200,"P",0.416773,***,"",
35,"Pin_to_Pin_Leakage","","PIN_TO_PIN_NEG_LEAKAGE_PIN",20130,"",1,1,"OFF_PS1600",35,"324","","",-200,"<=",-6.64291,"nA","<=",200,"P",0.416773,***,"",
35,"Pin_to_Pin_Leakage","","PIN_TO_PIN_POS_LEAKAGE_PIN",20040,"",1,1,"SS_PS1600",35,"324","","",-200,"<=",-9.92322,"nA","<=",200,"P",0.416773,***,"",
35,"Pin_to_Pin_Leakage","","PIN_TO_PIN_NEG_LEAKAGE_PIN",20140,"",1,1,"SS_PS1600",35,"324","","",-200,"<=",-9.92322,"nA","<=",200,"P",0.416773,***,"",
35,"Pin_to_Pin_Leakage","","PIN_TO_PIN_POS_LEAKAGE_PIN",20050,"",1,1,"VIN1",35,"324","","",10,"<=",299.7,"nA","<=",500,"P",0.416773,***,"",
35,"Pin_to_Pin_Leakage","","PIN_TO_PIN_NEG_LEAKAGE_PIN",20150,"",1,1,"VIN1",35,"324","","",-500,"<=",-299.533,"nA","<=",-10,"P",0.416773,***,"",
35,"Pin_to_Pin_Leakage","","PIN_TO_PIN_POS_LEAKAGE_PIN",20060,"",1,1,"VOUT1",35,"324","","",10,"<=",296.382,"nA","<=",500,"P",0.416773,***,"",
35,"Pin_to_Pin_Leakage","","PIN_TO_PIN_NEG_LEAKAGE_PIN",20160,"",1,1,"VOUT1",35,"324","","",-500,"<=",-302.811,"nA","<=",-10,"P",0.416773,***,"",
35,"Pin_to_Pin_Leakage","","PIN_TO_PIN_POS_LEAKAGE_PIN",20070,"",1,1,"EN0_PS1600",35,"324","","",300,"<=",528.077,"nA","<=",700,"P",0.416773,***,"",
35,"Pin_to_Pin_Leakage","","PIN_TO_PIN_NEG_LEAKAGE_PIN",20170,"",1,1,"EN0_PS1600",35,"324","","",-700,"<=",-530.81,"nA","<=",-300,"P",0.416773,***,"",
35,"Pin_to_Pin_Leakage","","PIN_TO_PIN_POS_LEAKAGE_PIN",20080,"",1,1,"FCB_PS1600",35,"324","","",-200,"<=",-0.0591465,"nA","<=",200,"P",0.416773,***,"",
35,"Pin_to_Pin_Leakage","","PIN_TO_PIN_NEG_LEAKAGE_PIN",20180,"",1,1,"FCB_PS1600",35,"324","","",-200,"<=",-4.36095,"nA","<=",200,"P",0.416773,***,"",
35,"Pin_to_Pin_Leakage","","PIN_TO_PIN_POS_LEAKAGE_PIN",20090,"",1,1,"ISEN_PS1600",35,"324","","",-200,"<=",0.0971407,"nA","<=",200,"P",0.416773,***,"",
35,"Pin_to_Pin_Leakage","","PIN_TO_PIN_NEG_LEAKAGE_PIN",20190,"",1,1,"ISEN_PS1600",35,"324","","",-200,"<=",-8.24115,"nA","<=",200,"P",0.416773,***,"",
35,"Pin_to_Pin_Leakage","","PIN_TO_PIN_POS_LEAKAGE_PIN_VBIAS_PS1600",20100,"",1,1,"VBIAS_PS1600",35,"324","","",500,"<=",763,"nA","<=",1000,"P",0.416773,***,"",
35,"Pin_to_Pin_Leakage","","PIN_TO_PIN_NEG_LEAKAGE_PIN_VBIAS_PS1600",20200,"",1,1,"VBIAS_PS1600",35,"324","","",-1000,"<=",-846,"nA","<=",-500,"P",0.416773,***,"",
35,"IVDDFL_IVINFL_RONFL","","RON_200mAVDD_5_VIN_5_20V_Part",90050,"",1,1,"VIN1",35,"324","","",0.01,"<=",0.0234197,"ohm","<=",0.03,"P",0.034414,***,"",
35,"IVDDFL_IVINFL_RONFL","","DEVICE_VARIENT_TRUE",90060,"",1,1,"VIN1",35,"324","","",0.5,"<=",1,"","<=",1.5,"P",0.034414,***,"",
35,"Fuse_Burn_Check","","BANKA_BIT5_BLOWN_TRUE",1000001,"",1,1,"OFF_PS1600",35,"324","","",0,"<=",1,"","<=",1,"P",0.0995141,***,"",
35,"Gross_Functional_EN_FCB_FAULTB_OFF","","EN_FCB_LOW_VOUT_LOW",30010,"",1,1,"VOUT4",35,"324","","",-0.001,"<=",0.0147572,"V","<=",1,"P",0.231374,***,"",
35,"Gross_Functional_EN_FCB_FAULTB_OFF","","EN_FCB_LOW_OFF_HIGH",30020,"",1,1,"OFF_PS1600",35,"324","","",1.6,"<=",1.79785,"V","<=",2.3,"P",0.231374,***,"",
35,"Gross_Functional_EN_FCB_FAULTB_OFF","","FCB_LOW_VOUT_LOW",30030,"",1,1,"VOUT4",35,"324","","",-0.001,"<=",0.000917435,"V","<=",0.5,"P",0.231374,***,"",
35,"Gross_Functional_EN_FCB_FAULTB_OFF","","FCB_LOW_OFF_HIGH",30040,"",1,1,"OFF_PS1600",35,"324","","",1.6,"<=",1.79859,"V","<=",2.3,"P",0.231374,***,"",
35,"Gross_Functional_EN_FCB_FAULTB_OFF","","EN_LOW_VOUT_LOW",30050,"",1,1,"VOUT4",35,"324","","",-0.001,"<=",0.000585556,"V","<=",0.5,"P",0.231374,***,"",
35,"Gross_Functional_EN_FCB_FAULTB_OFF","","EN_LOW_OFF_HIGH",30060,"",1,1,"OFF_PS1600",35,"324","","",1.6,"<=",1.79797,"V","<=",2.3,"P",0.231374,***,"",
35,"Gross_Functional_EN_FCB_FAULTB_OFF","","EN_FCB_HIGH_VOUT_HIGH",30070,"",1,1,"VOUT4",35,"324","","",4.85,"<=",4.9999,"V","<=",5.1,"P",0.231374,***,"",
35,"Gross_Functional_EN_FCB_FAULTB_OFF","","EN_FCB_HIGH_OFF_LOW",30080,"",1,1,"OFF_PS1600",35,"324","","",-0.001,"<=",0.000771185,"V","<=",0.5,"P",0.231374,***,"",
35,"Gross_Functional_EN_FCB_FAULTB_OFF","","FAULT_SET_VOUT_LOW",30090,"",1,1,"VOUT4",35,"324","","",-0.001,"<=",7.8201e-05,"V","<=",0.5,"P",0.231374,***,"",
35,"Gross_Functional_EN_FCB_FAULTB_OFF","","FAULT_SET_OFF_HIGH",30100,"",1,1,"OFF_PS1600",35,"324","","",1.6,"<=",1.84259,"V","<=",2.3,"P",0.231374,***,"",
35,"Gross_Functional_EN_FCB_FAULTB_OFF","","FAULT_RESET_VOUT_HIGH",30110,"",1,1,"VOUT4",35,"324","","",4.85,"<=",4.99992,"V","<=",5.1,"P",0.231374,***,"",
35,"Gross_Functional_EN_FCB_FAULTB_OFF","","FAULT_RESET_OFF_LOW",30120,"",1,1,"OFF_PS1600",35,"324","","",0,"<=",0.000714269,"V","<=",0.5,"P",0.231374,***,"",
35,"Output_disabled_leakage","","IVDDDIS_VDD_3_VIN_3",40010,"",1,1,"VDD",35,"324","","",10,"<=",105.606,"uA","<=",166.5,"P",0.10165,***,"",
35,"Output_disabled_leakage","","IVINDIS_VDD_3_VIN_3",40050,"",1,1,"VIN1",35,"324","","",10,"<=",75.6606,"uA","<=",166.5,"P",0.10165,***,"",
35,"Output_disabled_leakage","","IOFF_VDD_3_VIN_3",40090,"",1,1,"VOUT4",35,"324","","",-14,"<=",-1.66371,"uA","<=",11,"P",0.10165,***,"",
35,"Output_disabled_leakage","","IVDDDIS_VDD_3_VIN_20",40020,"",1,1,"VDD",35,"324","","",10,"<=",96.8454,"uA","<=",166.5,"P",0.10165,***,"",
35,"Output_disabled_leakage","","IVINDIS_VDD_3_VIN_20",40060,"",1,1,"VIN1",35,"324","","",10,"<=",98.6205,"uA","<=",166.5,"P",0.10165,***,"",
35,"Output_disabled_leakage","","IOFF_VDD_3_VIN_20",40100,"",1,1,"VOUT4",35,"324","","",-14,"<=",-1.6796,"uA","<=",11,"P",0.10165,***,"",
35,"Output_disabled_leakage","","IVINVDD0_VIN_3",40130,"",1,1,"VIN1",35,"324","","",10,"<=",72.2269,"uA","<=",166.5,"P",0.10165,***,"",
35,"Output_disabled_leakage","","IOFFVDD0_VIN_3",40150,"",1,1,"VOUT4",35,"324","","",-14,"<=",-1.39679,"uA","<=",11,"P",0.10165,***,"",
35,"Output_disabled_leakage","","IVDDDIS_VDD_20_VIN_3",40030,"",1,1,"VDD",35,"324","","",10,"<=",133.257,"uA","<=",166.5,"P",0.10165,***,"",
35,"Output_disabled_leakage","","IVINDIS_VDD_20_VIN_3",40070,"",1,1,"VIN1",35,"324","","",10,"<=",74.476,"uA","<=",166.5,"P",0.10165,***,"",
35,"Output_disabled_leakage","","IOFF_VDD_20_VIN_3",40110,"",1,1,"VOUT4",35,"324","","",-14,"<=",-1.74213,"uA","<=",11,"P",0.10165,***,"",
35,"Output_disabled_leakage","","IVDDDIS_VDD_20_VIN_20",40040,"",1,1,"VDD",35,"324","","",10,"<=",128.901,"uA","<=",166.5,"P",0.10165,***,"",
35,"Output_disabled_leakage","","IVINDIS_VDD_20_VIN_20",40080,"",1,1,"VIN1",35,"324","","",10,"<=",95.78,"uA","<=",166.5,"P",0.10165,***,"",
35,"Output_disabled_leakage","","IOFF_VDD_20_VIN_20",40120,"",1,1,"VOUT4",35,"324","","",-14,"<=",-1.66292,"uA","<=",11,"P",0.10165,***,"",
35,"Output_disabled_leakage","","IVINVDD0_VIN_20",40140,"",1,1,"VIN1",35,"324","","",10,"<=",114.722,"uA","<=",166.5,"P",0.10165,***,"",
35,"Output_disabled_leakage","","IOFFVDD0_VIN_20",40160,"",1,1,"VOUT4",35,"324","","",-14,"<=",-2.18951,"uA","<=",11,"P",0.10165,***,"",
35,"EN_pullup_resistor","","EN0V_PULLUP_RES",50010,"",1,1,"EN0_PS1600",35,"324","","",155,"<=",190.269,"Kohm","<=",230,"P",0.0272827,***,"",
35,"EN_pullup_resistor","","EN1V_PULLUP_RES",50020,"",1,1,"EN0_PS1600",35,"324","","",155,"<=",191.015,"Kohm","<=",230,"P",0.0272827,***,"",
35,"EN_pullup_resistor","","EN0V_Current",50030,"",1,1,"EN0_PS1600",35,"324","","",-11,"<=",-9.46027,"uA","<=",-7,"P",0.0272827,***,"",
35,"EN_pullup_resistor","","EN1V_Current",50040,"",1,1,"EN0_PS1600",35,"324","","",-5.5,"<=",-4.18816,"uA","<=",-3,"P",0.0272827,***,"",
35,"Leakage_Test","","IOFF_REVERSE_VOUT_VIN_LEAKAGE_1mA",60030,"",1,1,"VIN",35,"324","","",-331,"<=",-265.039,"mV","<=",-205,"P",0.0588329,***,"",
35,"Leakage_Test","","IOFF_REVERSE_VOUT_VIN_LEAKAGE_10mA",60040,"",1,1,"VIN",35,"324","","",-340,"<=",-327.654,"mV","<=",-205,"P",0.0588329,***,"",
35,"Leakage_Test","","IOFF_REVERSE_VOUT_VIN_LEAKAGE_100mA",60050,"",1,1,"VIN",35,"324","","",-331,"<=",-205.69,"mV","<=",-205,"P",0.0588329,***,"",
35,"Nominal_Input_pin_Leakages","","LEAKAGE",70010,"",1,1,"EN0_PS1600",35,"324","","",10,"<=",25.8395,"uA","<=",40,"P",0.139807,***,"",
35,"Nominal_Input_pin_Leakages","","LEAKAGE",70060,"",1,1,"FAULTB_PS1600",35,"324","","",-0.2,"<=",0.006677,"uA","<=",0.2,"P",0.139807,***,"",
35,"Nominal_Input_pin_Leakages","","LEAKAGE",70020,"",1,1,"FCB_PS1600",35,"324","","",-0.5,"<=",0.0366117,"uA","<=",0.5,"P",0.139807,***,"",
35,"Nominal_Input_pin_Leakages","","LEAKAGE",70040,"",1,1,"ISEN_PS1600",35,"324","","",24,"<=",27.2288,"uA","<=",50,"P",0.139807,***,"",
35,"Nominal_Input_pin_Leakages","","LEAKAGE",70030,"",1,1,"ITRIP_PS1600",35,"324","","",14,"<=",16.402,"uA","<=",25,"P",0.139807,***,"",
35,"Nominal_Input_pin_Leakages","","LEAKAGE",70080,"",1,1,"OFF_PS1600",35,"324","","",-0.2,"<=",-0.0264426,"uA","<=",0.5,"P",0.139807,***,"",
35,"Nominal_Input_pin_Leakages","","LEAKAGE",70050,"",1,1,"SS_PS1600",35,"324","","",20,"<=",51.3172,"uA","<=",70,"P",0.139807,***,"",
35,"Nominal_Input_pin_Leakages","","LEAKAGE",70070,"",1,1,"VBIAS_PS1600",35,"324","","",5,"<=",27.8907,"uA","<=",40,"P",0.139807,***,"",
35,"Nominal_Input_pin_Leakages","","LEAKAGE_2V",70090,"",1,1,"OFF_PS1600",35,"324","","",-0.5,"<=",-0.032776,"uA","<=",0.5,"P",0.139807,***,"",
35,"Output_enabled_leakage","","IVDD_VDD_3_Vin_3",80001,"",1,1,"VDD",35,"324","","",10,"<=",96.9516,"uA","<=",130,"P",0.495899,***,"",
35,"Output_enabled_leakage","","IVIN_VDD_3_Vin_3",80005,"",1,1,"VIN1",35,"324","","",10,"<=",51.5156,"uA","<=",75,"P",0.495899,***,"",
35,"Output_enabled_leakage","","IVDD_VDD_3_Vin_20",80010,"",1,1,"VDD",35,"324","","",10,"<=",98.2657,"uA","<=",150,"P",0.495899,***,"",
35,"Output_enabled_leakage","","IVIN_VDD_3_Vin_20",80014,"",1,1,"VIN1",35,"324","","",10,"<=",81.0223,"uA","<=",120,"P",0.495899,***,"",
35,"Output_enabled_leakage","","IVDD_VDD_20_Vin_3",80011,"",1,1,"VDD",35,"324","","",10,"<=",106.139,"uA","<=",150,"P",0.495899,***,"",
35,"Output_enabled_leakage","","IVIN_VDD_20_Vin_3",80015,"",1,1,"VIN1",35,"324","","",10,"<=",51.4551,"uA","<=",75,"P",0.495899,***,"",
35,"Output_enabled_leakage","","IVDD_VDD_20_Vin_20",80012,"",1,1,"VDD",35,"324","","",10,"<=",113.965,"uA","<=",175,"P",0.495899,***,"",
35,"Output_enabled_leakage","","IVIN_VDD_20_Vin_20",80016,"",1,1,"VIN1",35,"324","","",10,"<=",82.4174,"uA","<=",120,"P",0.495899,***,"",
35,"SCAN","","Scan_test",330010,"_rdi_burst_SCAN_bk4_mp",1,1,"@",35,"324","","",***,"",***," ","",***,"P",0.0437546,***,"",
35,"Logic","","Logic_test",340010,"_rdi_burst_Logic_bk6_mp",1,1,"@",35,"324","","",***,"",***," ","",***,"P",0.279346,***,"",
35,"POST_EFUSE_RESISTANCE","","POST_BANKA_EFUSE_RESISTANCE_BLOWN_BIT47",590001,"",1,1,"ISEN_PS1600",35,"324","","",3500,"<=",70584.6,"ohms","<=",85000,"P",3.61603,***,"",
35,"POST_EFUSE_RESISTANCE","","POST_BANKA_EFUSE_RESISTANCE_BLOWN_BIT46",590002,"",1,1,"ISEN_PS1600",35,"324","","",3500,"<=",70550.6,"ohms","<=",85000,"P",3.6658,***,"",
35,"POST_EFUSE_RESISTANCE","","POST_BANKA_EFUSE_RESISTANCE_UNBLOWN_BIT45",490003,"",1,1,"ISEN_PS1600",35,"324","","",65,"<=",68.2,"ohms","<=",200,"P",3.72201,***,"",
35,"POST_EFUSE_RESISTANCE","","POST_BANKA_EFUSE_RESISTANCE_UNBLOWN_BIT44",490004,"",1,1,"ISEN_PS1600",35,"324","","",65,"<=",91,"ohms","<=",200,"P",5.22249,***,"",
35,"POST_EFUSE_RESISTANCE","","POST_BANKA_EFUSE_RESISTANCE_BLOWN_BIT43",590005,"",1,1,"ISEN_PS1600",35,"324","","",3500,"<=",70596,"ohms","<=",85000,"P",2.88406,***,"",
35,"POST_EFUSE_RESISTANCE","","POST_BANKA_EFUSE_RESISTANCE_BLOWN_BIT42",590006,"",1,1,"ISEN_PS1600",35,"324","","",3500,"<=",70596,"ohms","<=",85000,"P",2.88801,***,"",
35,"POST_EFUSE_RESISTANCE","","POST_BANKA_EFUSE_RESISTANCE_BLOWN_BIT41",590007,"",1,1,"ISEN_PS1600",35,"324","","",3500,"<=",69355.4,"ohms","<=",85000,"P",2.88801,***,"",
35,"POST_EFUSE_RESISTANCE","","POST_BANKA_EFUSE_RESISTANCE_UNBLOWN_BIT40",490008,"",1,1,"ISEN_PS1600",35,"324","","",65,"<=",56.8,"ohms","<=",200,"F",2.88725,***,"",
36,"CONTINUITY","","CONTINUITY",10030,"",1,1,"EN0_PS1600",36,"267","","",-500,"<=",-375.383,"mV","<=",-300,"P",0.132977,***,"",
36,"CONTINUITY","","CONTINUITY",10020,"",1,1,"FAULTB_PS1600",36,"267","","",-500,"<=",-432.355,"mV","<=",-300,"P",0.132977,***,"",
36,"CONTINUITY","","CONTINUITY",10050,"",1,1,"FCB_PS1600",36,"267","","",-500,"<=",-375.963,"mV","<=",-300,"P",0.132977,***,"",
36,"CONTINUITY","","CONTINUITY",10090,"",1,1,"ISEN_PS1600",36,"267","","",-500,"<=",-362.463,"mV","<=",-300,"P",0.132977,***,"",
36,"CONTINUITY","","CONTINUITY",10080,"",1,1,"ITRIP_PS1600",36,"267","","",-500,"<=",-377.215,"mV","<=",-300,"P",0.132977,***,"",
36,"CONTINUITY","","CONTINUITY",10040,"",1,1,"OFF_PS1600",36,"267","","",-500,"<=",-369.019,"mV","<=",-300,"P",0.132977,***,"",
36,"CONTINUITY","","CONTINUITY",10010,"",1,1,"SS_PS1600",36,"267","","",-500,"<=",-471.881,"mV","<=",-300,"P",0.132977,***,"",
36,"CONTINUITY","","CONTINUITY",10070,"",1,1,"VBIAS_PS1600",36,"267","","",-500,"<=",-295.596,"mV","<=",-200,"P",0.132977,***,"",
36,"CONTINUITY","","CONTINUITY",10060,"",1,1,"GND_PS1600",36,"267","","",-500,"<=",-354.381,"mV","<=",-300,"P",0.132977,***,"",
36,"CONTINUITY","","CONTINUITY",10180,"",1,1,"VIN1",36,"267","","",-360,"<=",-331.894,"mV","<=",-300,"P",0.132977,***,"",
36,"CONTINUITY","","CONTINUITY",10190,"",1,1,"VIN2",36,"267","","",-360,"<=",-332.06,"mV","<=",-300,"P",0.132977,***,"",
36,"CONTINUITY","","CONTINUITY",10200,"",1,1,"VIN3",36,"267","","",-360,"<=",-332.224,"mV","<=",-300,"P",0.132977,***,"",
36,"CONTINUITY","","CONTINUITY",10210,"",1,1,"VIN4_RS1",36,"267","","",-360,"<=",-332.077,"mV","<=",-300,"P",0.132977,***,"",
36,"CONTINUITY","","CONTINUITY",10220,"",1,1,"VIN4_RS2",36,"267","","",-360,"<=",-332.062,"mV","<=",-300,"P",0.132977,***,"",
36,"CONTINUITY","","CONTINUITY",10230,"",1,1,"VIN5_RS1",36,"267","","",-360,"<=",-332.226,"mV","<=",-300,"P",0.132977,***,"",
36,"CONTINUITY","","CONTINUITY",10240,"",1,1,"VIN5_RS2",36,"267","","",-360,"<=",-331.951,"mV","<=",-300,"P",0.132977,***,"",
36,"CONTINUITY","","CONTINUITY",10250,"",1,1,"VIN6",36,"267","","",-360,"<=",-332.186,"mV","<=",-300,"P",0.132977,***,"",
36,"CONTINUITY","","CONTINUITY",10100,"",1,1,"VOUT1",36,"267","","",-300,"<=",-223.471,"mV","<=",-200,"P",0.132977,***,"",
36,"CONTINUITY","","CONTINUITY",10110,"",1,1,"VOUT2_RS1",36,"267","","",-300,"<=",-223.427,"mV","<=",-200,"P",0.132977,***,"",
36,"CONTINUITY","","CONTINUITY",10120,"",1,1,"VOUT2_RS2",36,"267","","",-300,"<=",-223.673,"mV","<=",-200,"P",0.132977,***,"",
36,"CONTINUITY","","CONTINUITY",10130,"",1,1,"VOUT3_RS1",36,"267","","",-300,"<=",-223.524,"mV","<=",-200,"P",0.132977,***,"",
36,"CONTINUITY","","CONTINUITY",10140,"",1,1,"VOUT3_RS2",36,"267","","",-300,"<=",-223.448,"mV","<=",-200,"P",0.132977,***,"",
36,"CONTINUITY","","CONTINUITY",10150,"",1,1,"VOUT4",36,"267","","",-300,"<=",-223.839,"mV","<=",-200,"P",0.132977,***,"",
36,"CONTINUITY","","CONTINUITY",10160,"",1,1,"VOUT5",36,"267","","",-300,"<=",-223.467,"mV","<=",-200,"P",0.132977,***,"",
36,"CONTINUITY","","CONTINUITY",10170,"",1,1,"VOUT6",36,"267","","",-300,"<=",-223.488,"mV","<=",-200,"P",0.132977,***,"",
36,"Pin_to_Pin_Leakage","","PIN_TO_PIN_POS_LEAKAGE_PIN",20010,"",1,1,"FAULTB_PS1600",36,"267","","",-200,"<=",-4.36173,"nA","<=",200,"P",0.416773,***,"",
36,"Pin_to_Pin_Leakage","","PIN_TO_PIN_NEG_LEAKAGE_PIN",20110,"",1,1,"FAULTB_PS1600",36,"267","","",-200,"<=",-4.36173,"nA","<=",200,"P",0.416773,***,"",
36,"Pin_to_Pin_Leakage","","PIN_TO_PIN_POS_LEAKAGE_PIN",20020,"",1,1,"ITRIP_PS1600",36,"267","","",-200,"<=",-9.56042,"nA","<=",200,"P",0.416773,***,"",
36,"Pin_to_Pin_Leakage","","PIN_TO_PIN_NEG_LEAKAGE_PIN",20120,"",1,1,"ITRIP_PS1600",36,"267","","",-200,"<=",-9.56042,"nA","<=",200,"P",0.416773,***,"",
36,"Pin_to_Pin_Leakage","","PIN_TO_PIN_POS_LEAKAGE_PIN",20030,"",1,1,"OFF_PS1600",36,"267","","",-200,"<=",-6.33583,"nA","<=",200,"P",0.416773,***,"",
36,"Pin_to_Pin_Leakage","","PIN_TO_PIN_NEG_LEAKAGE_PIN",20130,"",1,1,"OFF_PS1600",36,"267","","",-200,"<=",-6.33583,"nA","<=",200,"P",0.416773,***,"",
36,"Pin_to_Pin_Leakage","","PIN_TO_PIN_POS_LEAKAGE_PIN",20040,"",1,1,"SS_PS1600",36,"267","","",-200,"<=",-9.82107,"nA","<=",200,"P",0.416773,***,"",
36,"Pin_to_Pin_Leakage","","PIN_TO_PIN_NEG_LEAKAGE_PIN",20140,"",1,1,"SS_PS1600",36,"267","","",-200,"<=",-9.82107,"nA","<=",200,"P",0.416773,***,"",
36,"Pin_to_Pin_Leakage","","PIN_TO_PIN_POS_LEAKAGE_PIN",20050,"",1,1,"VIN1",36,"267","","",10,"<=",301.192,"nA","<=",500,"P",0.416773,***,"",
36,"Pin_to_Pin_Leakage","","PIN_TO_PIN_NEG_LEAKAGE_PIN",20150,"",1,1,"VIN1",36,"267","","",-500,"<=",-301.367,"nA","<=",-10,"P",0.416773,***,"",
36,"Pin_to_Pin_Leakage","","PIN_TO_PIN_POS_LEAKAGE_PIN",20060,"",1,1,"VOUT1",36,"267","","",10,"<=",301.025,"nA","<=",500,"P",0.416773,***,"",
36,"Pin_to_Pin_Leakage","","PIN_TO_PIN_NEG_LEAKAGE_PIN",20160,"",1,1,"VOUT1",36,"267","","",-500,"<=",-299.617,"nA","<=",-10,"P",0.416773,***,"",
36,"Pin_to_Pin_Leakage","","PIN_TO_PIN_POS_LEAKAGE_PIN",20070,"",1,1,"EN0_PS1600",36,"267","","",300,"<=",551.64,"nA","<=",700,"P",0.416773,***,"",
36,"Pin_to_Pin_Leakage","","PIN_TO_PIN_NEG_LEAKAGE_PIN",20170,"",1,1,"EN0_PS1600",36,"267","","",-700,"<=",-554.117,"nA","<=",-300,"P",0.416773,***,"",
36,"Pin_to_Pin_Leakage","","PIN_TO_PIN_POS_LEAKAGE_PIN",20080,"",1,1,"FCB_PS1600",36,"267","","",-200,"<=",0.0421979,"nA","<=",200,"P",0.416773,***,"",
36,"Pin_to_Pin_Leakage","","PIN_TO_PIN_NEG_LEAKAGE_PIN",20180,"",1,1,"FCB_PS1600",36,"267","","",-200,"<=",-4.20893,"nA","<=",200,"P",0.416773,***,"",
36,"Pin_to_Pin_Leakage","","PIN_TO_PIN_POS_LEAKAGE_PIN",20090,"",1,1,"ISEN_PS1600",36,"267","","",-200,"<=",-0.00516475,"nA","<=",200,"P",0.416773,***,"",
36,"Pin_to_Pin_Leakage","","PIN_TO_PIN_NEG_LEAKAGE_PIN",20190,"",1,1,"ISEN_PS1600",36,"267","","",-200,"<=",-7.16694,"nA","<=",200,"P",0.416773,***,"",
36,"Pin_to_Pin_Leakage","","PIN_TO_PIN_POS_LEAKAGE_PIN_VBIAS_PS1600",20100,"",1,1,"VBIAS_PS1600",36,"267","","",500,"<=",864,"nA","<=",1000,"P",0.416773,***,"",
36,"Pin_to_Pin_Leakage","","PIN_TO_PIN_NEG_LEAKAGE_PIN_VBIAS_PS1600",20200,"",1,1,"VBIAS_PS1600",36,"267","","",-1000,"<=",-896,"nA","<=",-500,"P",0.416773,***,"",
36,"IVDDFL_IVINFL_RONFL","","RON_200mAVDD_5_VIN_5_20V_Part",90050,"",1,1,"VIN1",36,"267","","",0.01,"<=",0.0241299,"ohm","<=",0.03,"P",0.034414,***,"",
36,"IVDDFL_IVINFL_RONFL","","DEVICE_VARIENT_TRUE",90060,"",1,1,"VIN1",36,"267","","",0.5,"<=",1,"","<=",1.5,"P",0.034414,***,"",
36,"Fuse_Burn_Check","","BANKA_BIT5_BLOWN_TRUE",1000001,"",1,1,"OFF_PS1600",36,"267","","",0,"<=",1,"","<=",1,"P",0.0995141,***,"",
36,"Gross_Functional_EN_FCB_FAULTB_OFF","","EN_FCB_LOW_VOUT_LOW",30010,"",1,1,"VOUT4",36,"267","","",-0.001,"<=",0.0172157,"V","<=",1,"P",0.231374,***,"",
36,"Gross_Functional_EN_FCB_FAULTB_OFF","","EN_FCB_LOW_OFF_HIGH",30020,"",1,1,"OFF_PS1600",36,"267","","",1.6,"<=",1.7962,"V","<=",2.3,"P",0.231374,***,"",
36,"Gross_Functional_EN_FCB_FAULTB_OFF","","FCB_LOW_VOUT_LOW",30030,"",1,1,"VOUT4",36,"267","","",-0.001,"<=",0.00115585,"V","<=",0.5,"P",0.231374,***,"",
36,"Gross_Functional_EN_FCB_FAULTB_OFF","","FCB_LOW_OFF_HIGH",30040,"",1,1,"OFF_PS1600",36,"267","","",1.6,"<=",1.79671,"V","<=",2.3,"P",0.231374,***,"",
36,"Gross_Functional_EN_FCB_FAULTB_OFF","","EN_LOW_VOUT_LOW",30050,"",1,1,"VOUT4",36,"267","","",-0.001,"<=",0.000827789,"V","<=",0.5,"P",0.231374,***,"",
36,"Gross_Functional_EN_FCB_FAULTB_OFF","","EN_LOW_OFF_HIGH",30060,"",1,1,"OFF_PS1600",36,"267","","",1.6,"<=",1.7962,"V","<=",2.3,"P",0.231374,***,"",
36,"Gross_Functional_EN_FCB_FAULTB_OFF","","EN_FCB_HIGH_VOUT_HIGH",30070,"",1,1,"VOUT4",36,"267","","",4.85,"<=",5,"V","<=",5.1,"P",0.231374,***,"",
36,"Gross_Functional_EN_FCB_FAULTB_OFF","","EN_FCB_HIGH_OFF_LOW",30080,"",1,1,"OFF_PS1600",36,"267","","",-0.001,"<=",0.000771185,"V","<=",0.5,"P",0.231374,***,"",
36,"Gross_Functional_EN_FCB_FAULTB_OFF","","FAULT_SET_VOUT_LOW",30090,"",1,1,"VOUT4",36,"267","","",-0.001,"<=",0.000577927,"V","<=",0.5,"P",0.231374,***,"",
36,"Gross_Functional_EN_FCB_FAULTB_OFF","","FAULT_SET_OFF_HIGH",30100,"",1,1,"OFF_PS1600",36,"267","","",1.6,"<=",1.84128,"V","<=",2.3,"P",0.231374,***,"",
36,"Gross_Functional_EN_FCB_FAULTB_OFF","","FAULT_RESET_VOUT_HIGH",30110,"",1,1,"VOUT4",36,"267","","",4.85,"<=",4.99987,"V","<=",5.1,"P",0.231374,***,"",
36,"Gross_Functional_EN_FCB_FAULTB_OFF","","FAULT_RESET_OFF_LOW",30120,"",1,1,"OFF_PS1600",36,"267","","",0,"<=",0.000771185,"V","<=",0.5,"P",0.231374,***,"",
36,"Output_disabled_leakage","","IVDDDIS_VDD_3_VIN_3",40010,"",1,1,"VDD",36,"267","","",10,"<=",110.097,"uA","<=",166.5,"P",0.10165,***,"",
36,"Output_disabled_leakage","","IVINDIS_VDD_3_VIN_3",40050,"",1,1,"VIN1",36,"267","","",10,"<=",75.8972,"uA","<=",166.5,"P",0.10165,***,"",
36,"Output_disabled_leakage","","IOFF_VDD_3_VIN_3",40090,"",1,1,"VOUT4",36,"267","","",-14,"<=",-2.38509,"uA","<=",11,"P",0.10165,***,"",
36,"Output_disabled_leakage","","IVDDDIS_VDD_3_VIN_20",40020,"",1,1,"VDD",36,"267","","",10,"<=",103.712,"uA","<=",166.5,"P",0.10165,***,"",
36,"Output_disabled_leakage","","IVINDIS_VDD_3_VIN_20",40060,"",1,1,"VIN1",36,"267","","",10,"<=",100.278,"uA","<=",166.5,"P",0.10165,***,"",
36,"Output_disabled_leakage","","IOFF_VDD_3_VIN_20",40100,"",1,1,"VOUT4",36,"267","","",-14,"<=",-2.82133,"uA","<=",11,"P",0.10165,***,"",
36,"Output_disabled_leakage","","IVINVDD0_VIN_3",40130,"",1,1,"VIN1",36,"267","","",10,"<=",70.4434,"uA","<=",166.5,"P",0.10165,***,"",
36,"Output_disabled_leakage","","IOFFVDD0_VIN_3",40150,"",1,1,"VOUT4",36,"267","","",-14,"<=",-1.94911,"uA","<=",11,"P",0.10165,***,"",
36,"Output_disabled_leakage","","IVDDDIS_VDD_20_VIN_3",40030,"",1,1,"VDD",36,"267","","",10,"<=",143.55,"uA","<=",166.5,"P",0.10165,***,"",
36,"Output_disabled_leakage","","IVINDIS_VDD_20_VIN_3",40070,"",1,1,"VIN1",36,"267","","",10,"<=",78.7387,"uA","<=",166.5,"P",0.10165,***,"",
36,"Output_disabled_leakage","","IOFF_VDD_20_VIN_3",40110,"",1,1,"VOUT4",36,"267","","",-14,"<=",-2.4052,"uA","<=",11,"P",0.10165,***,"",
36,"Output_disabled_leakage","","IVDDDIS_VDD_20_VIN_20",40040,"",1,1,"VDD",36,"267","","",10,"<=",133.732,"uA","<=",166.5,"P",0.10165,***,"",
36,"Output_disabled_leakage","","IVINDIS_VDD_20_VIN_20",40080,"",1,1,"VIN1",36,"267","","",10,"<=",96.7272,"uA","<=",166.5,"P",0.10165,***,"",
36,"Output_disabled_leakage","","IOFF_VDD_20_VIN_20",40120,"",1,1,"VOUT4",36,"267","","",-14,"<=",-2.71999,"uA","<=",11,"P",0.10165,***,"",
36,"Output_disabled_leakage","","IVINVDD0_VIN_20",40140,"",1,1,"VIN1",36,"267","","",10,"<=",122.063,"uA","<=",166.5,"P",0.10165,***,"",
36,"Output_disabled_leakage","","IOFFVDD0_VIN_20",40160,"",1,1,"VOUT4",36,"267","","",-14,"<=",-1.81788,"uA","<=",11,"P",0.10165,***,"",
36,"EN_pullup_resistor","","EN0V_PULLUP_RES",50010,"",1,1,"EN0_PS1600",36,"267","","",155,"<=",181.698,"Kohm","<=",230,"P",0.0272827,***,"",
36,"EN_pullup_resistor","","EN1V_PULLUP_RES",50020,"",1,1,"EN0_PS1600",36,"267","","",155,"<=",182.248,"Kohm","<=",230,"P",0.0272827,***,"",
36,"EN_pullup_resistor","","EN0V_Current",50030,"",1,1,"EN0_PS1600",36,"267","","",-11,"<=",-9.90652,"uA","<=",-7,"P",0.0272827,***,"",
36,"EN_pullup_resistor","","EN1V_Current",50040,"",1,1,"EN0_PS1600",36,"267","","",-5.5,"<=",-4.38961,"uA","<=",-3,"P",0.0272827,***,"",
36,"Leakage_Test","","IOFF_REVERSE_VOUT_VIN_LEAKAGE_1mA",60030,"",1,1,"VIN",36,"267","","",-331,"<=",-265.259,"mV","<=",-205,"P",0.0588329,***,"",
36,"Leakage_Test","","IOFF_REVERSE_VOUT_VIN_LEAKAGE_10mA",60040,"",1,1,"VIN",36,"267","","",-340,"<=",-327.898,"mV","<=",-205,"P",0.0588329,***,"",
36,"Leakage_Test","","IOFF_REVERSE_VOUT_VIN_LEAKAGE_100mA",60050,"",1,1,"VIN",36,"267","","",-331,"<=",-206.825,"mV","<=",-205,"P",0.0588329,***,"",
36,"Nominal_Input_pin_Leakages","","LEAKAGE",70010,"",1,1,"EN0_PS1600",36,"267","","",10,"<=",27.033,"uA","<=",40,"P",0.139807,***,"",
36,"Nominal_Input_pin_Leakages","","LEAKAGE",70060,"",1,1,"FAULTB_PS1600",36,"267","","",-0.2,"<=",0.00566159,"uA","<=",0.2,"P",0.139807,***,"",
36,"Nominal_Input_pin_Leakages","","LEAKAGE",70020,"",1,1,"FCB_PS1600",36,"267","","",-0.5,"<=",0.0867436,"uA","<=",0.5,"P",0.139807,***,"",
36,"Nominal_Input_pin_Leakages","","LEAKAGE",70040,"",1,1,"ISEN_PS1600",36,"267","","",24,"<=",28.8204,"uA","<=",50,"P",0.139807,***,"",
36,"Nominal_Input_pin_Leakages","","LEAKAGE",70030,"",1,1,"ITRIP_PS1600",36,"267","","",14,"<=",15.7994,"uA","<=",25,"P",0.139807,***,"",
36,"Nominal_Input_pin_Leakages","","LEAKAGE",70080,"",1,1,"OFF_PS1600",36,"267","","",-0.2,"<=",0.0494294,"uA","<=",0.5,"P",0.139807,***,"",
36,"Nominal_Input_pin_Leakages","","LEAKAGE",70050,"",1,1,"SS_PS1600",36,"267","","",20,"<=",55.9786,"uA","<=",70,"P",0.139807,***,"",
36,"Nominal_Input_pin_Leakages","","LEAKAGE",70070,"",1,1,"VBIAS_PS1600",36,"267","","",5,"<=",27.2946,"uA","<=",40,"P",0.139807,***,"",
36,"Nominal_Input_pin_Leakages","","LEAKAGE_2V",70090,"",1,1,"OFF_PS1600",36,"267","","",-0.5,"<=",0.0178053,"uA","<=",0.5,"P",0.139807,***,"",
36,"Output_enabled_leakage","","IVDD_VDD_3_Vin_3",80001,"",1,1,"VDD",36,"267","","",10,"<=",101.782,"uA","<=",130,"P",0.495899,***,"",
36,"Output_enabled_leakage","","IVIN_VDD_3_Vin_3",80005,"",1,1,"VIN1",36,"267","","",10,"<=",56.6156,"uA","<=",75,"P",0.495899,***,"",
36,"Output_enabled_leakage","","IVDD_VDD_3_Vin_20",80010,"",1,1,"VDD",36,"267","","",10,"<=",99.5919,"uA","<=",150,"P",0.495899,***,"",
36,"Output_enabled_leakage","","IVIN_VDD_3_Vin_20",80014,"",1,1,"VIN1",36,"267","","",10,"<=",86.6754,"uA","<=",120,"P",0.495899,***,"",
36,"Output_enabled_leakage","","IVDD_VDD_20_Vin_3",80011,"",1,1,"VDD",36,"267","","",10,"<=",121.954,"uA","<=",150,"P",0.495899,***,"",
36,"Output_enabled_leakage","","IVIN_VDD_20_Vin_3",80015,"",1,1,"VIN1",36,"267","","",10,"<=",52.5233,"uA","<=",75,"P",0.495899,***,"",
36,"Output_enabled_leakage","","IVDD_VDD_20_Vin_20",80012,"",1,1,"VDD",36,"267","","",10,"<=",120.641,"uA","<=",175,"P",0.495899,***,"",
36,"Output_enabled_leakage","","IVIN_VDD_20_Vin_20",80016,"",1,1,"VIN1",36,"267","","",10,"<=",88.6079,"uA","<=",120,"P",0.495899,***,"",
36,"SCAN","","Scan_test",330010,"_rdi_burst_SCAN_bk4_mp",1,1,"@",36,"267","","",***,"",***," ","",***,"P",0.0437546,***,"",
36,"Logic","","Logic_test",340010,"_rdi_burst_Logic_bk6_mp",1,1,"@",36,"267","","",***,"",***," ","",***,"P",0.279346,***,"",
36,"POST_EFUSE_RESISTANCE","","POST_BANKA_EFUSE_RESISTANCE_BLOWN_BIT47",590001,"",1,1,"ISEN_PS1600",36,"267","","",3500,"<=",69799.2,"ohms","<=",85000,"P",3.61603,***,"",
36,"POST_EFUSE_RESISTANCE","","POST_BANKA_EFUSE_RESISTANCE_BLOWN_BIT46",590002,"",1,1,"ISEN_PS1600",36,"267","","",3500,"<=",69787.8,"ohms","<=",85000,"P",3.6658,***,"",
36,"POST_EFUSE_RESISTANCE","","POST_BANKA_EFUSE_RESISTANCE_UNBLOWN_BIT45",490003,"",1,1,"ISEN_PS1600",36,"267","","",65,"<=",68.4,"ohms","<=",200,"P",3.72201,***,"",
36,"POST_EFUSE_RESISTANCE","","POST_BANKA_EFUSE_RESISTANCE_BLOWN_BIT44",590004,"",1,1,"ISEN_PS1600",36,"267","","",3500,"<=",69776.6,"ohms","<=",85000,"P",2.88429,***,"",
36,"POST_EFUSE_RESISTANCE","","POST_BANKA_EFUSE_RESISTANCE_UNBLOWN_BIT43",490005,"",1,1,"ISEN_PS1600",36,"267","","",65,"<=",68.4,"ohms","<=",200,"P",2.88802,***,"",
36,"POST_EFUSE_RESISTANCE","","POST_BANKA_EFUSE_RESISTANCE_BLOWN_BIT42",590006,"",1,1,"ISEN_PS1600",36,"267","","",3500,"<=",69799.2,"ohms","<=",85000,"P",2.88801,***,"",
36,"POST_EFUSE_RESISTANCE","","POST_BANKA_EFUSE_RESISTANCE_BLOWN_BIT41",590007,"",1,1,"ISEN_PS1600",36,"267","","",3500,"<=",69810.6,"ohms","<=",85000,"P",2.88801,***,"",
36,"POST_EFUSE_RESISTANCE","","POST_BANKA_EFUSE_RESISTANCE_UNBLOWN_BIT40",490008,"",1,1,"ISEN_PS1600",36,"267","","",65,"<=",91.2,"ohms","<=",200,"P",2.88725,***,"",
36,"POST_EFUSE_RESISTANCE","","POST_BANKA_EFUSE_RESISTANCE_UNBLOWN_BIT39",490009,"",1,1,"ISEN_PS1600",36,"267","","",65,"<=",68.4,"ohms","<=",200,"P",2.88323,***,"",
36,"POST_EFUSE_RESISTANCE","","POST_BANKA_EFUSE_RESISTANCE_UNBLOWN_BIT38",490010,"",1,1,"ISEN_PS1600",36,"267","","",65,"<=",68.4,"ohms","<=",200,"P",2.88555,***,"",
36,"POST_EFUSE_RESISTANCE","","POST_BANKA_EFUSE_RESISTANCE_BLOWN_BIT37",590011,"",1,1,"ISEN_PS1600",36,"267","","",3500,"<=",69799.2,"ohms","<=",85000,"P",2.88604,***,"",
36,"POST_EFUSE_RESISTANCE","","POST_BANKA_EFUSE_RESISTANCE_UNBLOWN_BIT36",490012,"",1,1,"ISEN_PS1600",36,"267","","",65,"<=",91.2,"ohms","<=",200,"P",2.89109,***,"",
36,"POST_EFUSE_RESISTANCE","","POST_BANKA_EFUSE_RESISTANCE_BLOWN_BIT35",590013,"",1,1,"ISEN_PS1600",36,"267","","",3500,"<=",69799.2,"ohms","<=",85000,"P",2.89109,***,"",
36,"POST_EFUSE_RESISTANCE","","POST_BANKA_EFUSE_RESISTANCE_BLOWN_BIT34",590014,"",1,1,"ISEN_PS1600",36,"267","","",3500,"<=",69776.4,"ohms","<=",85000,"P",2.89109,***,"",
36,"POST_EFUSE_RESISTANCE","","POST_BANKA_EFUSE_RESISTANCE_BLOWN_BIT33",590015,"",1,1,"ISEN_PS1600",36,"267","","",3500,"<=",69787.8,"ohms","<=",85000,"P",2.89109,***,"",
36,"POST_EFUSE_RESISTANCE","","POST_BANKA_EFUSE_RESISTANCE_UNBLOWN_BIT32",490016,"",1,1,"ISEN_PS1600",36,"267","","",65,"<=",102.6,"ohms","<=",200,"P",2.88546,***,"",
36,"POST_EFUSE_RESISTANCE","","POST_BANKA_EFUSE_RESISTANCE_BLOWN_BIT31",590017,"",1,1,"ISEN_PS1600",36,"267","","",3500,"<=",67795.8,"ohms","<=",85000,"P",2.88666,***,"",
36,"POST_EFUSE_RESISTANCE","","POST_BANKA_EFUSE_RESISTANCE_BLOWN_BIT30",590018,"",1,1,"ISEN_PS1600",36,"267","","",3500,"<=",69776.4,"ohms","<=",85000,"P",2.88735,***,"",
36,"POST_EFUSE_RESISTANCE","","POST_BANKA_EFUSE_RESISTANCE_UNBLOWN_BIT29",490019,"",1,1,"ISEN_PS1600",36,"267","","",65,"<=",57,"ohms","<=",200,"F",2.88631,***,"",