Testflow,Test Suite,Test Method,Test,Test#,Pattern,Wafer,Site,Pin,Device,Device ID,Part ID,Part Txt,Lower,LS,Value,Unit,US,Upper,P/F,Time,TS Time,Print To Data Log
1,"A244_DPS_CONNECT","dc_tml.DcTest.DpsConnectivity","DPS_ForceSense",***,"",0,1,"VCC_PIN20",1,"P1","","",***,"NA",0,"","NA",***,"P",37.62,40.284,""
1,"A244_OPENS","dc_tml.DcTest.GeneralPMU","passLimit_uA_mV",24410000,"",0,1,"PIN1",1,"P1","","",-0.8,"<=",-0.398949,"V","<=",-0.1,"P",20.832,26.979,""
1,"A244_OPENS","dc_tml.DcTest.GeneralPMU","passLimit_uA_mV",24410000,"",0,1,"PIN11",1,"P1","","",-0.8,"<=",-0.399588,"V","<=",-0.1,"P",20.832,26.979,""
1,"A244_OPENS","dc_tml.DcTest.GeneralPMU","passLimit_uA_mV",24410000,"",0,1,"PIN12",1,"P1","","",-0.8,"<=",-0.399064,"V","<=",-0.1,"P",20.832,26.979,""
1,"A244_OPENS","dc_tml.DcTest.GeneralPMU","passLimit_uA_mV",24410000,"",0,1,"PIN13",1,"P1","","",-0.8,"<=",-0.399076,"V","<=",-0.1,"P",20.832,26.979,""
1,"A244_OPENS","dc_tml.DcTest.GeneralPMU","passLimit_uA_mV",24410000,"",0,1,"PIN14",1,"P1","","",-0.8,"<=",-0.399815,"V","<=",-0.1,"P",20.832,26.979,""
1,"A244_OPENS","dc_tml.DcTest.GeneralPMU","passLimit_uA_mV",24410000,"",0,1,"PIN15",1,"P1","","",-0.8,"<=",-0.399428,"V","<=",-0.1,"P",20.832,26.979,""
1,"A244_OPENS","dc_tml.DcTest.GeneralPMU","passLimit_uA_mV",24410000,"",0,1,"PIN16",1,"P1","","",-0.8,"<=",-0.399393,"V","<=",-0.1,"P",20.832,26.979,""
1,"A244_OPENS","dc_tml.DcTest.GeneralPMU","passLimit_uA_mV",24410000,"",0,1,"PIN17",1,"P1","","",-0.8,"<=",-0.398835,"V","<=",-0.1,"P",20.832,26.979,""
1,"A244_OPENS","dc_tml.DcTest.GeneralPMU","passLimit_uA_mV",24410000,"",0,1,"PIN18",1,"P1","","",-0.8,"<=",-0.399439,"V","<=",-0.1,"P",20.832,26.979,""
1,"A244_OPENS","dc_tml.DcTest.GeneralPMU","passLimit_uA_mV",24410000,"",0,1,"PIN19",1,"P1","","",-0.8,"<=",-0.399724,"V","<=",-0.1,"P",20.832,26.979,""
1,"A244_OPENS","dc_tml.DcTest.GeneralPMU","passLimit_uA_mV",24410000,"",0,1,"PIN2",1,"P1","","",-0.8,"<=",-0.39838,"V","<=",-0.1,"P",20.832,26.979,""
1,"A244_OPENS","dc_tml.DcTest.GeneralPMU","passLimit_uA_mV",24410000,"",0,1,"PIN3",1,"P1","","",-0.8,"<=",-0.399519,"V","<=",-0.1,"P",20.832,26.979,""
1,"A244_OPENS","dc_tml.DcTest.GeneralPMU","passLimit_uA_mV",24410000,"",0,1,"PIN4",1,"P1","","",-0.8,"<=",-0.399017,"V","<=",-0.1,"P",20.832,26.979,""
1,"A244_OPENS","dc_tml.DcTest.GeneralPMU","passLimit_uA_mV",24410000,"",0,1,"PIN5",1,"P1","","",-0.8,"<=",-0.39928,"V","<=",-0.1,"P",20.832,26.979,""
1,"A244_OPENS","dc_tml.DcTest.GeneralPMU","passLimit_uA_mV",24410000,"",0,1,"PIN6",1,"P1","","",-0.8,"<=",-0.398666,"V","<=",-0.1,"P",20.832,26.979,""
1,"A244_OPENS","dc_tml.DcTest.GeneralPMU","passLimit_uA_mV",24410000,"",0,1,"PIN7",1,"P1","","",-0.8,"<=",-0.398336,"V","<=",-0.1,"P",20.832,26.979,""
1,"A244_OPENS","dc_tml.DcTest.GeneralPMU","passLimit_uA_mV",24410000,"",0,1,"PIN8",1,"P1","","",-0.8,"<=",-0.399235,"V","<=",-0.1,"P",20.832,26.979,""
1,"A244_OPENS","dc_tml.DcTest.GeneralPMU","passLimit_uA_mV",24410000,"",0,1,"PIN9",1,"P1","","",-0.8,"<=",-0.398609,"V","<=",-0.1,"P",20.832,26.979,""
1,"A244_SHORTS","dc_tml.DcTest.GeneralPMU","passLimit_uA_mV",24410024,"",0,1,"PIN1",1,"P1","","",-0.8,"<=",-0.399006,"V","<=",-0.1,"P",11.604,17.649,""
1,"A244_SHORTS","dc_tml.DcTest.GeneralPMU","passLimit_uA_mV",24410024,"",0,1,"PIN11",1,"P1","","",-0.8,"<=",-0.399588,"V","<=",-0.1,"P",11.604,17.649,""
1,"A244_SHORTS","dc_tml.DcTest.GeneralPMU","passLimit_uA_mV",24410024,"",0,1,"PIN12",1,"P1","","",-0.8,"<=",-0.399007,"V","<=",-0.1,"P",11.604,17.649,""
1,"A244_SHORTS","dc_tml.DcTest.GeneralPMU","passLimit_uA_mV",24410024,"",0,1,"PIN13",1,"P1","","",-0.8,"<=",-0.399133,"V","<=",-0.1,"P",11.604,17.649,""
1,"A244_SHORTS","dc_tml.DcTest.GeneralPMU","passLimit_uA_mV",24410024,"",0,1,"PIN14",1,"P1","","",-0.8,"<=",-0.399815,"V","<=",-0.1,"P",11.604,17.649,""
1,"A244_SHORTS","dc_tml.DcTest.GeneralPMU","passLimit_uA_mV",24410024,"",0,1,"PIN15",1,"P1","","",-0.8,"<=",-0.399485,"V","<=",-0.1,"P",11.604,17.649,""
1,"A244_SHORTS","dc_tml.DcTest.GeneralPMU","passLimit_uA_mV",24410024,"",0,1,"PIN16",1,"P1","","",-0.8,"<=",-0.399393,"V","<=",-0.1,"P",11.604,17.649,""
1,"A244_SHORTS","dc_tml.DcTest.GeneralPMU","passLimit_uA_mV",24410024,"",0,1,"PIN17",1,"P1","","",-0.8,"<=",-0.398778,"V","<=",-0.1,"P",11.604,17.649,""
1,"A244_SHORTS","dc_tml.DcTest.GeneralPMU","passLimit_uA_mV",24410024,"",0,1,"PIN18",1,"P1","","",-0.8,"<=",-0.399439,"V","<=",-0.1,"P",11.604,17.649,""
1,"A244_SHORTS","dc_tml.DcTest.GeneralPMU","passLimit_uA_mV",24410024,"",0,1,"PIN19",1,"P1","","",-0.8,"<=",-0.399781,"V","<=",-0.1,"P",11.604,17.649,""
1,"A244_SHORTS","dc_tml.DcTest.GeneralPMU","passLimit_uA_mV",24410024,"",0,1,"PIN2",1,"P1","","",-0.8,"<=",-0.398437,"V","<=",-0.1,"P",11.604,17.649,""
1,"A244_SHORTS","dc_tml.DcTest.GeneralPMU","passLimit_uA_mV",24410024,"",0,1,"PIN3",1,"P1","","",-0.8,"<=",-0.399576,"V","<=",-0.1,"P",11.604,17.649,""
1,"A244_SHORTS","dc_tml.DcTest.GeneralPMU","passLimit_uA_mV",24410024,"",0,1,"PIN4",1,"P1","","",-0.8,"<=",-0.399074,"V","<=",-0.1,"P",11.604,17.649,""
1,"A244_SHORTS","dc_tml.DcTest.GeneralPMU","passLimit_uA_mV",24410024,"",0,1,"PIN5",1,"P1","","",-0.8,"<=",-0.399337,"V","<=",-0.1,"P",11.604,17.649,""
1,"A244_SHORTS","dc_tml.DcTest.GeneralPMU","passLimit_uA_mV",24410024,"",0,1,"PIN6",1,"P1","","",-0.8,"<=",-0.39878,"V","<=",-0.1,"P",11.604,17.649,""
1,"A244_SHORTS","dc_tml.DcTest.GeneralPMU","passLimit_uA_mV",24410024,"",0,1,"PIN7",1,"P1","","",-0.8,"<=",-0.398279,"V","<=",-0.1,"P",11.604,17.649,""
1,"A244_SHORTS","dc_tml.DcTest.GeneralPMU","passLimit_uA_mV",24410024,"",0,1,"PIN8",1,"P1","","",-0.8,"<=",-0.399292,"V","<=",-0.1,"P",11.604,17.649,""
1,"A244_SHORTS","dc_tml.DcTest.GeneralPMU","passLimit_uA_mV",24410024,"",0,1,"PIN9",1,"P1","","",-0.8,"<=",-0.398609,"V","<=",-0.1,"P",11.604,17.649,""
1,"A244_OPENS_C","dc_tml.DcTest.GeneralPMU","passLimit_uA_mV",24410010,"",0,1,"PIN1",1,"P1","","",-0.8,"<=",-0.399063,"V","<=",-0.1,"P",12.325,18.044,""
1,"A244_OPENS_C","dc_tml.DcTest.GeneralPMU","passLimit_uA_mV",24410010,"",0,1,"PIN11",1,"P1","","",-0.8,"<=",-0.399588,"V","<=",-0.1,"P",12.325,18.044,""
1,"A244_OPENS_C","dc_tml.DcTest.GeneralPMU","passLimit_uA_mV",24410010,"",0,1,"PIN12",1,"P1","","",-0.8,"<=",-0.399121,"V","<=",-0.1,"P",12.325,18.044,""
1,"A244_OPENS_C","dc_tml.DcTest.GeneralPMU","passLimit_uA_mV",24410010,"",0,1,"PIN13",1,"P1","","",-0.8,"<=",-0.399133,"V","<=",-0.1,"P",12.325,18.044,""
1,"A244_OPENS_C","dc_tml.DcTest.GeneralPMU","passLimit_uA_mV",24410010,"",0,1,"PIN14",1,"P1","","",-0.8,"<=",-0.399815,"V","<=",-0.1,"P",12.325,18.044,""
1,"A244_OPENS_C","dc_tml.DcTest.GeneralPMU","passLimit_uA_mV",24410010,"",0,1,"PIN15",1,"P1","","",-0.8,"<=",-0.399542,"V","<=",-0.1,"P",12.325,18.044,""
1,"A244_OPENS_C","dc_tml.DcTest.GeneralPMU","passLimit_uA_mV",24410010,"",0,1,"PIN16",1,"P1","","",-0.8,"<=",-0.39945,"V","<=",-0.1,"P",12.325,18.044,""
1,"A244_OPENS_C","dc_tml.DcTest.GeneralPMU","passLimit_uA_mV",24410010,"",0,1,"PIN17",1,"P1","","",-0.8,"<=",-0.398892,"V","<=",-0.1,"P",12.325,18.044,""
1,"A244_OPENS_C","dc_tml.DcTest.GeneralPMU","passLimit_uA_mV",24410010,"",0,1,"PIN18",1,"P1","","",-0.8,"<=",-0.399496,"V","<=",-0.1,"P",12.325,18.044,""
1,"A244_OPENS_C","dc_tml.DcTest.GeneralPMU","passLimit_uA_mV",24410010,"",0,1,"PIN19",1,"P1","","",-0.8,"<=",-0.399781,"V","<=",-0.1,"P",12.325,18.044,""
1,"A244_OPENS_C","dc_tml.DcTest.GeneralPMU","passLimit_uA_mV",24410010,"",0,1,"PIN2",1,"P1","","",-0.8,"<=",-0.39838,"V","<=",-0.1,"P",12.325,18.044,""
1,"A244_OPENS_C","dc_tml.DcTest.GeneralPMU","passLimit_uA_mV",24410010,"",0,1,"PIN3",1,"P1","","",-0.8,"<=",-0.399576,"V","<=",-0.1,"P",12.325,18.044,""
1,"A244_OPENS_C","dc_tml.DcTest.GeneralPMU","passLimit_uA_mV",24410010,"",0,1,"PIN4",1,"P1","","",-0.8,"<=",-0.399074,"V","<=",-0.1,"P",12.325,18.044,""
1,"A244_OPENS_C","dc_tml.DcTest.GeneralPMU","passLimit_uA_mV",24410010,"",0,1,"PIN5",1,"P1","","",-0.8,"<=",-0.39928,"V","<=",-0.1,"P",12.325,18.044,""
1,"A244_OPENS_C","dc_tml.DcTest.GeneralPMU","passLimit_uA_mV",24410010,"",0,1,"PIN6",1,"P1","","",-0.8,"<=",-0.39878,"V","<=",-0.1,"P",12.325,18.044,""
1,"A244_OPENS_C","dc_tml.DcTest.GeneralPMU","passLimit_uA_mV",24410010,"",0,1,"PIN7",1,"P1","","",-0.8,"<=",-0.398336,"V","<=",-0.1,"P",12.325,18.044,""
1,"A244_OPENS_C","dc_tml.DcTest.GeneralPMU","passLimit_uA_mV",24410010,"",0,1,"PIN8",1,"P1","","",-0.8,"<=",-0.399235,"V","<=",-0.1,"P",12.325,18.044,""
1,"A244_OPENS_C","dc_tml.DcTest.GeneralPMU","passLimit_uA_mV",24410010,"",0,1,"PIN9",1,"P1","","",-0.8,"<=",-0.398609,"V","<=",-0.1,"P",12.325,18.044,""
1,"A244_SHORTS_C","dc_tml.DcTest.GeneralPMU","passLimit_uA_mV",24410040,"",0,1,"PIN1",1,"P1","","",-0.8,"<=",-0.399006,"V","<=",-0.1,"P",11.321,17.702,""
1,"A244_SHORTS_C","dc_tml.DcTest.GeneralPMU","passLimit_uA_mV",24410040,"",0,1,"PIN11",1,"P1","","",-0.8,"<=",-0.399588,"V","<=",-0.1,"P",11.321,17.702,""
1,"A244_SHORTS_C","dc_tml.DcTest.GeneralPMU","passLimit_uA_mV",24410040,"",0,1,"PIN12",1,"P1","","",-0.8,"<=",-0.398951,"V","<=",-0.1,"P",11.321,17.702,""
1,"A244_SHORTS_C","dc_tml.DcTest.GeneralPMU","passLimit_uA_mV",24410040,"",0,1,"PIN13",1,"P1","","",-0.8,"<=",-0.399076,"V","<=",-0.1,"P",11.321,17.702,""
1,"A244_SHORTS_C","dc_tml.DcTest.GeneralPMU","passLimit_uA_mV",24410040,"",0,1,"PIN14",1,"P1","","",-0.8,"<=",-0.399758,"V","<=",-0.1,"P",11.321,17.702,""
1,"A244_SHORTS_C","dc_tml.DcTest.GeneralPMU","passLimit_uA_mV",24410040,"",0,1,"PIN15",1,"P1","","",-0.8,"<=",-0.399485,"V","<=",-0.1,"P",11.321,17.702,""
1,"A244_SHORTS_C","dc_tml.DcTest.GeneralPMU","passLimit_uA_mV",24410040,"",0,1,"PIN16",1,"P1","","",-0.8,"<=",-0.39945,"V","<=",-0.1,"P",11.321,17.702,""
1,"A244_SHORTS_C","dc_tml.DcTest.GeneralPMU","passLimit_uA_mV",24410040,"",0,1,"PIN17",1,"P1","","",-0.8,"<=",-0.398835,"V","<=",-0.1,"P",11.321,17.702,""
1,"A244_SHORTS_C","dc_tml.DcTest.GeneralPMU","passLimit_uA_mV",24410040,"",0,1,"PIN18",1,"P1","","",-0.8,"<=",-0.399496,"V","<=",-0.1,"P",11.321,17.702,""
1,"A244_SHORTS_C","dc_tml.DcTest.GeneralPMU","passLimit_uA_mV",24410040,"",0,1,"PIN19",1,"P1","","",-0.8,"<=",-0.399724,"V","<=",-0.1,"P",11.321,17.702,""
1,"A244_SHORTS_C","dc_tml.DcTest.GeneralPMU","passLimit_uA_mV",24410040,"",0,1,"PIN2",1,"P1","","",-0.8,"<=",-0.39838,"V","<=",-0.1,"P",11.321,17.702,""
1,"A244_SHORTS_C","dc_tml.DcTest.GeneralPMU","passLimit_uA_mV",24410040,"",0,1,"PIN3",1,"P1","","",-0.8,"<=",-0.399576,"V","<=",-0.1,"P",11.321,17.702,""
1,"A244_SHORTS_C","dc_tml.DcTest.GeneralPMU","passLimit_uA_mV",24410040,"",0,1,"PIN4",1,"P1","","",-0.8,"<=",-0.399131,"V","<=",-0.1,"P",11.321,17.702,""
1,"A244_SHORTS_C","dc_tml.DcTest.GeneralPMU","passLimit_uA_mV",24410040,"",0,1,"PIN5",1,"P1","","",-0.8,"<=",-0.39928,"V","<=",-0.1,"P",11.321,17.702,""
1,"A244_SHORTS_C","dc_tml.DcTest.GeneralPMU","passLimit_uA_mV",24410040,"",0,1,"PIN6",1,"P1","","",-0.8,"<=",-0.398723,"V","<=",-0.1,"P",11.321,17.702,""
1,"A244_SHORTS_C","dc_tml.DcTest.GeneralPMU","passLimit_uA_mV",24410040,"",0,1,"PIN7",1,"P1","","",-0.8,"<=",-0.398393,"V","<=",-0.1,"P",11.321,17.702,""
1,"A244_SHORTS_C","dc_tml.DcTest.GeneralPMU","passLimit_uA_mV",24410040,"",0,1,"PIN8",1,"P1","","",-0.8,"<=",-0.399292,"V","<=",-0.1,"P",11.321,17.702,""
1,"A244_SHORTS_C","dc_tml.DcTest.GeneralPMU","passLimit_uA_mV",24410040,"",0,1,"PIN9",1,"P1","","",-0.8,"<=",-0.398666,"V","<=",-0.1,"P",11.321,17.702,""
1,"A244_PRE_TEMP_C","AP54RH504_tml.Temp","TEMP_OK",***,"",0,1,"PIN1",1,"P1","","",0.5,"<=",1,"UI","<=",1.5,"P",7.881,14.931,""
1,"A244_PRE_TEMP_C","AP54RH504_tml.Temp","TEMP_raw_V",***,"",0,1,"PIN1",1,"P1","","",-2,"<=",-0.398949,"V","<=",2,"P",5.763,14.931,""
1,"A244_IOFF_GND_C","AP54RH504_tml.IO_Leakage","passCurrentHigh_uA",24411120,"",0,1,"PIN2",1,"P1","","",-0.2,"<=",0.002,"uA","<=",0.9,"P",91.475,93.505,""
1,"A244_IOFF_GND_C","AP54RH504_tml.IO_Leakage","passCurrentHigh_uA",24411120,"",0,1,"PIN4",1,"P1","","",-0.2,"<=",0.033,"uA","<=",0.9,"P",91.475,93.505,""
1,"A244_IOFF_GND_C","AP54RH504_tml.IO_Leakage","passCurrentHigh_uA",24411120,"",0,1,"PIN6",1,"P1","","",-0.2,"<=",0,"uA","<=",0.9,"P",91.475,93.505,""
1,"A244_IOFF_GND_C","AP54RH504_tml.IO_Leakage","passCurrentHigh_uA",24411120,"",0,1,"PIN8",1,"P1","","",-0.2,"<=",0.002,"uA","<=",0.9,"P",91.475,93.505,""
1,"A244_IOFF_GND_C","AP54RH504_tml.IO_Leakage","passCurrentHigh_uA",24411120,"",0,1,"PIN1",1,"P1","","",-0.2,"<=",0.005,"uA","<=",0.9,"P",91.475,93.505,""
1,"A244_IOFF_GND_C","AP54RH504_tml.IO_Leakage","passCurrentHigh_uA",24411120,"",0,1,"PIN19",1,"P1","","",-0.2,"<=",0.09,"uA","<=",0.9,"P",91.475,93.505,""
1,"A244_IOFF_GND_C","AP54RH504_tml.IO_Leakage","passCurrentHigh_uA",24411120,"",0,1,"PIN17",1,"P1","","",-0.2,"<=",0.107,"uA","<=",0.9,"P",91.475,93.505,""
1,"A244_IOFF_GND_C","AP54RH504_tml.IO_Leakage","passCurrentHigh_uA",24411120,"",0,1,"PIN15",1,"P1","","",-0.2,"<=",0.051,"uA","<=",0.9,"P",91.475,93.505,""
1,"A244_IOFF_GND_C","AP54RH504_tml.IO_Leakage","passCurrentHigh_uA",24411120,"",0,1,"PIN13",1,"P1","","",-0.2,"<=",0.11,"uA","<=",0.9,"P",91.475,93.505,""
1,"A244_IOFF_GND_C","AP54RH504_tml.IO_Leakage","passCurrentHigh_uA",24411120,"",0,1,"PIN11",1,"P1","","",-0.2,"<=",0.013,"uA","<=",0.9,"P",91.475,93.505,""
1,"A244_IOFF_GND_C","AP54RH504_tml.IO_Leakage","passCurrentHigh_uA",24411120,"",0,1,"PIN12",1,"P1","","",-0.2,"<=",0.029,"uA","<=",0.9,"P",91.475,93.505,""
1,"A244_IOFF_GND_C","AP54RH504_tml.IO_Leakage","passCurrentHigh_uA",24411120,"",0,1,"PIN14",1,"P1","","",-0.2,"<=",0.1,"uA","<=",0.9,"P",91.475,93.505,""
1,"A244_IOFF_GND_C","AP54RH504_tml.IO_Leakage","passCurrentHigh_uA",24411120,"",0,1,"PIN16",1,"P1","","",-0.2,"<=",0.056,"uA","<=",0.9,"P",91.475,93.505,""
1,"A244_IOFF_GND_C","AP54RH504_tml.IO_Leakage","passCurrentHigh_uA",24411120,"",0,1,"PIN18",1,"P1","","",-0.2,"<=",0.062,"uA","<=",0.9,"P",91.475,93.505,""
1,"A244_IOFF_GND_C","AP54RH504_tml.IO_Leakage","passCurrentHigh_uA",24411120,"",0,1,"PIN3",1,"P1","","",-0.2,"<=",0.012,"uA","<=",0.9,"P",91.475,93.505,""
1,"A244_IOFF_GND_C","AP54RH504_tml.IO_Leakage","passCurrentHigh_uA",24411120,"",0,1,"PIN5",1,"P1","","",-0.2,"<=",0.011,"uA","<=",0.9,"P",91.475,93.505,""
1,"A244_IOFF_GND_C","AP54RH504_tml.IO_Leakage","passCurrentHigh_uA",24411120,"",0,1,"PIN7",1,"P1","","",-0.2,"<=",0.017,"uA","<=",0.9,"P",91.475,93.505,""
1,"A244_IOFF_GND_C","AP54RH504_tml.IO_Leakage","passCurrentHigh_uA",24411120,"",0,1,"PIN9",1,"P1","","",-0.2,"<=",0.003,"uA","<=",0.9,"P",91.475,93.505,""
1,"A244_PSHORTS_VCC_C","dc_tml.DcTest.StandbyCurrent","passCurrLimit_uA",24411150,"",0,1,"VCC_PIN20",1,"P1","","",-0.01,"<=",0.00011142,"A","<=",0.01,"P",17.6,21.259,""
1,"A244_TRAFFIC_C","ac_tml.AcTest.FunctionalTest","Functional",***,"AP54RHC244_TRUTH_TABLE",0,1,"PIN1",1,"P1","","",***,"",***,"","",***,"P",4.702,6.391,""
1,"A244_TRAFFIC_C","ac_tml.AcTest.FunctionalTest","Functional",***,"AP54RHC244_TRUTH_TABLE",0,1,"PIN11",1,"P1","","",***,"",***,"","",***,"P",4.702,6.391,""
1,"A244_TRAFFIC_C","ac_tml.AcTest.FunctionalTest","Functional",***,"AP54RHC244_TRUTH_TABLE",0,1,"PIN12",1,"P1","","",***,"",***,"","",***,"P",4.702,6.391,""
1,"A244_TRAFFIC_C","ac_tml.AcTest.FunctionalTest","Functional",***,"AP54RHC244_TRUTH_TABLE",0,1,"PIN13",1,"P1","","",***,"",***,"","",***,"P",4.702,6.391,""
1,"A244_TRAFFIC_C","ac_tml.AcTest.FunctionalTest","Functional",***,"AP54RHC244_TRUTH_TABLE",0,1,"PIN14",1,"P1","","",***,"",***,"","",***,"P",4.702,6.391,""
1,"A244_TRAFFIC_C","ac_tml.AcTest.FunctionalTest","Functional",***,"AP54RHC244_TRUTH_TABLE",0,1,"PIN15",1,"P1","","",***,"",***,"","",***,"P",4.702,6.391,""
1,"A244_TRAFFIC_C","ac_tml.AcTest.FunctionalTest","Functional",***,"AP54RHC244_TRUTH_TABLE",0,1,"PIN16",1,"P1","","",***,"",***,"","",***,"P",4.702,6.391,""
1,"A244_TRAFFIC_C","ac_tml.AcTest.FunctionalTest","Functional",***,"AP54RHC244_TRUTH_TABLE",0,1,"PIN17",1,"P1","","",***,"",***,"","",***,"P",4.702,6.391,""
1,"A244_TRAFFIC_C","ac_tml.AcTest.FunctionalTest","Functional",***,"AP54RHC244_TRUTH_TABLE",0,1,"PIN18",1,"P1","","",***,"",***,"","",***,"P",4.702,6.391,""
1,"A244_TRAFFIC_C","ac_tml.AcTest.FunctionalTest","Functional",***,"AP54RHC244_TRUTH_TABLE",0,1,"PIN19",1,"P1","","",***,"",***,"","",***,"P",4.702,6.391,""
1,"A244_TRAFFIC_C","ac_tml.AcTest.FunctionalTest","Functional",***,"AP54RHC244_TRUTH_TABLE",0,1,"PIN2",1,"P1","","",***,"",***,"","",***,"P",4.702,6.391,""
1,"A244_TRAFFIC_C","ac_tml.AcTest.FunctionalTest","Functional",***,"AP54RHC244_TRUTH_TABLE",0,1,"PIN3",1,"P1","","",***,"",***,"","",***,"P",4.702,6.391,""
1,"A244_TRAFFIC_C","ac_tml.AcTest.FunctionalTest","Functional",***,"AP54RHC244_TRUTH_TABLE",0,1,"PIN4",1,"P1","","",***,"",***,"","",***,"P",4.702,6.391,""
1,"A244_TRAFFIC_C","ac_tml.AcTest.FunctionalTest","Functional",***,"AP54RHC244_TRUTH_TABLE",0,1,"PIN5",1,"P1","","",***,"",***,"","",***,"P",4.702,6.391,""
1,"A244_TRAFFIC_C","ac_tml.AcTest.FunctionalTest","Functional",***,"AP54RHC244_TRUTH_TABLE",0,1,"PIN6",1,"P1","","",***,"",***,"","",***,"P",4.702,6.391,""
1,"A244_TRAFFIC_C","ac_tml.AcTest.FunctionalTest","Functional",***,"AP54RHC244_TRUTH_TABLE",0,1,"PIN7",1,"P1","","",***,"",***,"","",***,"P",4.702,6.391,""
1,"A244_TRAFFIC_C","ac_tml.AcTest.FunctionalTest","Functional",***,"AP54RHC244_TRUTH_TABLE",0,1,"PIN8",1,"P1","","",***,"",***,"","",***,"P",4.702,6.391,""
1,"A244_TRAFFIC_C","ac_tml.AcTest.FunctionalTest","Functional",***,"AP54RHC244_TRUTH_TABLE",0,1,"PIN9",1,"P1","","",***,"",***,"","",***,"P",4.702,6.391,""
1,"A244_TRAFFIC_C_1","ac_tml.AcTest.FunctionalTest","Functional",***,"AP54RHC244_VILH",0,1,"PIN1",1,"P1","","",***,"",***,"","",***,"P",2.188,3.406,""
1,"A244_TRAFFIC_C_1","ac_tml.AcTest.FunctionalTest","Functional",***,"AP54RHC244_VILH",0,1,"PIN11",1,"P1","","",***,"",***,"","",***,"P",2.188,3.406,""
1,"A244_TRAFFIC_C_1","ac_tml.AcTest.FunctionalTest","Functional",***,"AP54RHC244_VILH",0,1,"PIN12",1,"P1","","",***,"",***,"","",***,"P",2.188,3.406,""
1,"A244_TRAFFIC_C_1","ac_tml.AcTest.FunctionalTest","Functional",***,"AP54RHC244_VILH",0,1,"PIN13",1,"P1","","",***,"",***,"","",***,"P",2.188,3.406,""
1,"A244_TRAFFIC_C_1","ac_tml.AcTest.FunctionalTest","Functional",***,"AP54RHC244_VILH",0,1,"PIN14",1,"P1","","",***,"",***,"","",***,"P",2.188,3.406,""
1,"A244_TRAFFIC_C_1","ac_tml.AcTest.FunctionalTest","Functional",***,"AP54RHC244_VILH",0,1,"PIN15",1,"P1","","",***,"",***,"","",***,"P",2.188,3.406,""
1,"A244_TRAFFIC_C_1","ac_tml.AcTest.FunctionalTest","Functional",***,"AP54RHC244_VILH",0,1,"PIN16",1,"P1","","",***,"",***,"","",***,"P",2.188,3.406,""
1,"A244_TRAFFIC_C_1","ac_tml.AcTest.FunctionalTest","Functional",***,"AP54RHC244_VILH",0,1,"PIN17",1,"P1","","",***,"",***,"","",***,"P",2.188,3.406,""
1,"A244_TRAFFIC_C_1","ac_tml.AcTest.FunctionalTest","Functional",***,"AP54RHC244_VILH",0,1,"PIN18",1,"P1","","",***,"",***,"","",***,"P",2.188,3.406,""
1,"A244_TRAFFIC_C_1","ac_tml.AcTest.FunctionalTest","Functional",***,"AP54RHC244_VILH",0,1,"PIN19",1,"P1","","",***,"",***,"","",***,"P",2.188,3.406,""
1,"A244_TRAFFIC_C_1","ac_tml.AcTest.FunctionalTest","Functional",***,"AP54RHC244_VILH",0,1,"PIN2",1,"P1","","",***,"",***,"","",***,"P",2.188,3.406,""
1,"A244_TRAFFIC_C_1","ac_tml.AcTest.FunctionalTest","Functional",***,"AP54RHC244_VILH",0,1,"PIN3",1,"P1","","",***,"",***,"","",***,"P",2.188,3.406,""
1,"A244_TRAFFIC_C_1","ac_tml.AcTest.FunctionalTest","Functional",***,"AP54RHC244_VILH",0,1,"PIN4",1,"P1","","",***,"",***,"","",***,"P",2.188,3.406,""
1,"A244_TRAFFIC_C_1","ac_tml.AcTest.FunctionalTest","Functional",***,"AP54RHC244_VILH",0,1,"PIN5",1,"P1","","",***,"",***,"","",***,"P",2.188,3.406,""
1,"A244_TRAFFIC_C_1","ac_tml.AcTest.FunctionalTest","Functional",***,"AP54RHC244_VILH",0,1,"PIN6",1,"P1","","",***,"",***,"","",***,"P",2.188,3.406,""
1,"A244_TRAFFIC_C_1","ac_tml.AcTest.FunctionalTest","Functional",***,"AP54RHC244_VILH",0,1,"PIN7",1,"P1","","",***,"",***,"","",***,"P",2.188,3.406,""
1,"A244_TRAFFIC_C_1","ac_tml.AcTest.FunctionalTest","Functional",***,"AP54RHC244_VILH",0,1,"PIN8",1,"P1","","",***,"",***,"","",***,"P",2.188,3.406,""
1,"A244_TRAFFIC_C_1","ac_tml.AcTest.FunctionalTest","Functional",***,"AP54RHC244_VILH",0,1,"PIN9",1,"P1","","",***,"",***,"","",***,"P",2.188,3.406,""
1,"A244_ICCH_VCC_C","dc_tml.DcTest.ProductionIddq","passCurrLimit_uA",24411170,"",0,1,"VCC_PIN20",1,"P1","","",1,"<=",95.3631,"uA","<=",120,"P",30.529,36.101,""
1,"A244_ICCL_VCC_C","dc_tml.DcTest.StandbyCurrent","passCurrLimit_uA",24411190,"",0,1,"VCC_PIN20",1,"P1","","",1,"<=",108.215,"uA","<=",130,"P",15.606,19.432,""
1,"A244_ICCX_VCC_C","dc_tml.DcTest.OperatingCurrent","passCurrLimit_uA",***,"AP54RHC244_ENABLE_HIGH_FOR_ICCX",0,1,"VCC_PIN20",1,"P1","","",***,"NA",-9.9999e+10,"","NA",***,"P",41.415,45.186,""
1,"A244_VILH_C","AP54RH504_tml.VILH","VILH_VCC_5.5000",***,"AP54RHC244_VILH",0,1,"PIN1",1,"P1","","",***,"",***,"","",***,"P",20.931,62.34,""
1,"A244_VILH_C","AP54RH504_tml.VILH","VILH_VCC_5.5000",***,"AP54RHC244_VILH",0,1,"PIN11",1,"P1","","",***,"",***,"","",***,"P",20.931,62.34,""
1,"A244_VILH_C","AP54RH504_tml.VILH","VILH_VCC_5.5000",***,"AP54RHC244_VILH",0,1,"PIN12",1,"P1","","",***,"",***,"","",***,"P",20.931,62.34,""
1,"A244_VILH_C","AP54RH504_tml.VILH","VILH_VCC_5.5000",***,"AP54RHC244_VILH",0,1,"PIN13",1,"P1","","",***,"",***,"","",***,"P",20.931,62.34,""
1,"A244_VILH_C","AP54RH504_tml.VILH","VILH_VCC_5.5000",***,"AP54RHC244_VILH",0,1,"PIN14",1,"P1","","",***,"",***,"","",***,"P",20.931,62.34,""
1,"A244_VILH_C","AP54RH504_tml.VILH","VILH_VCC_5.5000",***,"AP54RHC244_VILH",0,1,"PIN15",1,"P1","","",***,"",***,"","",***,"P",20.931,62.34,""
1,"A244_VILH_C","AP54RH504_tml.VILH","VILH_VCC_5.5000",***,"AP54RHC244_VILH",0,1,"PIN16",1,"P1","","",***,"",***,"","",***,"P",20.931,62.34,""
1,"A244_VILH_C","AP54RH504_tml.VILH","VILH_VCC_5.5000",***,"AP54RHC244_VILH",0,1,"PIN17",1,"P1","","",***,"",***,"","",***,"P",20.931,62.34,""
1,"A244_VILH_C","AP54RH504_tml.VILH","VILH_VCC_5.5000",***,"AP54RHC244_VILH",0,1,"PIN18",1,"P1","","",***,"",***,"","",***,"P",20.931,62.34,""
1,"A244_VILH_C","AP54RH504_tml.VILH","VILH_VCC_5.5000",***,"AP54RHC244_VILH",0,1,"PIN19",1,"P1","","",***,"",***,"","",***,"P",20.931,62.34,""
1,"A244_VILH_C","AP54RH504_tml.VILH","VILH_VCC_5.5000",***,"AP54RHC244_VILH",0,1,"PIN2",1,"P1","","",***,"",***,"","",***,"P",20.931,62.34,""
1,"A244_VILH_C","AP54RH504_tml.VILH","VILH_VCC_5.5000",***,"AP54RHC244_VILH",0,1,"PIN3",1,"P1","","",***,"",***,"","",***,"P",20.931,62.34,""
1,"A244_VILH_C","AP54RH504_tml.VILH","VILH_VCC_5.5000",***,"AP54RHC244_VILH",0,1,"PIN4",1,"P1","","",***,"",***,"","",***,"P",20.931,62.34,""
1,"A244_VILH_C","AP54RH504_tml.VILH","VILH_VCC_5.5000",***,"AP54RHC244_VILH",0,1,"PIN5",1,"P1","","",***,"",***,"","",***,"P",20.931,62.34,""
1,"A244_VILH_C","AP54RH504_tml.VILH","VILH_VCC_5.5000",***,"AP54RHC244_VILH",0,1,"PIN6",1,"P1","","",***,"",***,"","",***,"P",20.931,62.34,""
1,"A244_VILH_C","AP54RH504_tml.VILH","VILH_VCC_5.5000",***,"AP54RHC244_VILH",0,1,"PIN7",1,"P1","","",***,"",***,"","",***,"P",20.931,62.34,""
1,"A244_VILH_C","AP54RH504_tml.VILH","VILH_VCC_5.5000",***,"AP54RHC244_VILH",0,1,"PIN8",1,"P1","","",***,"",***,"","",***,"P",20.931,62.34,""
1,"A244_VILH_C","AP54RH504_tml.VILH","VILH_VCC_5.5000",***,"AP54RHC244_VILH",0,1,"PIN9",1,"P1","","",***,"",***,"","",***,"P",20.931,62.34,""
1,"A244_VILH_C","AP54RH504_tml.VILH","VILH_VCC_4.5000",***,"AP54RHC244_VILH",0,1,"PIN1",1,"P1","","",***,"",***,"","",***,"P",4.191,62.34,""
1,"A244_VILH_C","AP54RH504_tml.VILH","VILH_VCC_4.5000",***,"AP54RHC244_VILH",0,1,"PIN11",1,"P1","","",***,"",***,"","",***,"P",4.191,62.34,""
1,"A244_VILH_C","AP54RH504_tml.VILH","VILH_VCC_4.5000",***,"AP54RHC244_VILH",0,1,"PIN12",1,"P1","","",***,"",***,"","",***,"P",4.191,62.34,""
1,"A244_VILH_C","AP54RH504_tml.VILH","VILH_VCC_4.5000",***,"AP54RHC244_VILH",0,1,"PIN13",1,"P1","","",***,"",***,"","",***,"P",4.191,62.34,""
1,"A244_VILH_C","AP54RH504_tml.VILH","VILH_VCC_4.5000",***,"AP54RHC244_VILH",0,1,"PIN14",1,"P1","","",***,"",***,"","",***,"P",4.191,62.34,""
1,"A244_VILH_C","AP54RH504_tml.VILH","VILH_VCC_4.5000",***,"AP54RHC244_VILH",0,1,"PIN15",1,"P1","","",***,"",***,"","",***,"P",4.191,62.34,""
1,"A244_VILH_C","AP54RH504_tml.VILH","VILH_VCC_4.5000",***,"AP54RHC244_VILH",0,1,"PIN16",1,"P1","","",***,"",***,"","",***,"P",4.191,62.34,""
1,"A244_VILH_C","AP54RH504_tml.VILH","VILH_VCC_4.5000",***,"AP54RHC244_VILH",0,1,"PIN17",1,"P1","","",***,"",***,"","",***,"P",4.191,62.34,""
1,"A244_VILH_C","AP54RH504_tml.VILH","VILH_VCC_4.5000",***,"AP54RHC244_VILH",0,1,"PIN18",1,"P1","","",***,"",***,"","",***,"P",4.191,62.34,""
1,"A244_VILH_C","AP54RH504_tml.VILH","VILH_VCC_4.5000",***,"AP54RHC244_VILH",0,1,"PIN19",1,"P1","","",***,"",***,"","",***,"P",4.191,62.34,""
1,"A244_VILH_C","AP54RH504_tml.VILH","VILH_VCC_4.5000",***,"AP54RHC244_VILH",0,1,"PIN2",1,"P1","","",***,"",***,"","",***,"P",4.191,62.34,""
1,"A244_VILH_C","AP54RH504_tml.VILH","VILH_VCC_4.5000",***,"AP54RHC244_VILH",0,1,"PIN3",1,"P1","","",***,"",***,"","",***,"P",4.191,62.34,""
1,"A244_VILH_C","AP54RH504_tml.VILH","VILH_VCC_4.5000",***,"AP54RHC244_VILH",0,1,"PIN4",1,"P1","","",***,"",***,"","",***,"P",4.191,62.34,""
1,"A244_VILH_C","AP54RH504_tml.VILH","VILH_VCC_4.5000",***,"AP54RHC244_VILH",0,1,"PIN5",1,"P1","","",***,"",***,"","",***,"P",4.191,62.34,""
1,"A244_VILH_C","AP54RH504_tml.VILH","VILH_VCC_4.5000",***,"AP54RHC244_VILH",0,1,"PIN6",1,"P1","","",***,"",***,"","",***,"P",4.191,62.34,""
1,"A244_VILH_C","AP54RH504_tml.VILH","VILH_VCC_4.5000",***,"AP54RHC244_VILH",0,1,"PIN7",1,"P1","","",***,"",***,"","",***,"P",4.191,62.34,""
1,"A244_VILH_C","AP54RH504_tml.VILH","VILH_VCC_4.5000",***,"AP54RHC244_VILH",0,1,"PIN8",1,"P1","","",***,"",***,"","",***,"P",4.191,62.34,""
1,"A244_VILH_C","AP54RH504_tml.VILH","VILH_VCC_4.5000",***,"AP54RHC244_VILH",0,1,"PIN9",1,"P1","","",***,"",***,"","",***,"P",4.191,62.34,""
1,"A244_VILH_C","AP54RH504_tml.VILH","VILH_VCC_3.6000",***,"AP54RHC244_VILH",0,1,"PIN1",1,"P1","","",***,"",***,"","",***,"P",5.183,62.34,""
1,"A244_VILH_C","AP54RH504_tml.VILH","VILH_VCC_3.6000",***,"AP54RHC244_VILH",0,1,"PIN11",1,"P1","","",***,"",***,"","",***,"P",5.183,62.34,""
1,"A244_VILH_C","AP54RH504_tml.VILH","VILH_VCC_3.6000",***,"AP54RHC244_VILH",0,1,"PIN12",1,"P1","","",***,"",***,"","",***,"P",5.183,62.34,""
1,"A244_VILH_C","AP54RH504_tml.VILH","VILH_VCC_3.6000",***,"AP54RHC244_VILH",0,1,"PIN13",1,"P1","","",***,"",***,"","",***,"P",5.183,62.34,""
1,"A244_VILH_C","AP54RH504_tml.VILH","VILH_VCC_3.6000",***,"AP54RHC244_VILH",0,1,"PIN14",1,"P1","","",***,"",***,"","",***,"P",5.183,62.34,""
1,"A244_VILH_C","AP54RH504_tml.VILH","VILH_VCC_3.6000",***,"AP54RHC244_VILH",0,1,"PIN15",1,"P1","","",***,"",***,"","",***,"P",5.183,62.34,""
1,"A244_VILH_C","AP54RH504_tml.VILH","VILH_VCC_3.6000",***,"AP54RHC244_VILH",0,1,"PIN16",1,"P1","","",***,"",***,"","",***,"P",5.183,62.34,""
1,"A244_VILH_C","AP54RH504_tml.VILH","VILH_VCC_3.6000",***,"AP54RHC244_VILH",0,1,"PIN17",1,"P1","","",***,"",***,"","",***,"P",5.183,62.34,""
1,"A244_VILH_C","AP54RH504_tml.VILH","VILH_VCC_3.6000",***,"AP54RHC244_VILH",0,1,"PIN18",1,"P1","","",***,"",***,"","",***,"P",5.183,62.34,""
1,"A244_VILH_C","AP54RH504_tml.VILH","VILH_VCC_3.6000",***,"AP54RHC244_VILH",0,1,"PIN19",1,"P1","","",***,"",***,"","",***,"P",5.183,62.34,""
1,"A244_VILH_C","AP54RH504_tml.VILH","VILH_VCC_3.6000",***,"AP54RHC244_VILH",0,1,"PIN2",1,"P1","","",***,"",***,"","",***,"P",5.183,62.34,""
1,"A244_VILH_C","AP54RH504_tml.VILH","VILH_VCC_3.6000",***,"AP54RHC244_VILH",0,1,"PIN3",1,"P1","","",***,"",***,"","",***,"P",5.183,62.34,""
1,"A244_VILH_C","AP54RH504_tml.VILH","VILH_VCC_3.6000",***,"AP54RHC244_VILH",0,1,"PIN4",1,"P1","","",***,"",***,"","",***,"P",5.183,62.34,""
1,"A244_VILH_C","AP54RH504_tml.VILH","VILH_VCC_3.6000",***,"AP54RHC244_VILH",0,1,"PIN5",1,"P1","","",***,"",***,"","",***,"P",5.183,62.34,""
1,"A244_VILH_C","AP54RH504_tml.VILH","VILH_VCC_3.6000",***,"AP54RHC244_VILH",0,1,"PIN6",1,"P1","","",***,"",***,"","",***,"P",5.183,62.34,""
1,"A244_VILH_C","AP54RH504_tml.VILH","VILH_VCC_3.6000",***,"AP54RHC244_VILH",0,1,"PIN7",1,"P1","","",***,"",***,"","",***,"P",5.183,62.34,""
1,"A244_VILH_C","AP54RH504_tml.VILH","VILH_VCC_3.6000",***,"AP54RHC244_VILH",0,1,"PIN8",1,"P1","","",***,"",***,"","",***,"P",5.183,62.34,""
1,"A244_VILH_C","AP54RH504_tml.VILH","VILH_VCC_3.6000",***,"AP54RHC244_VILH",0,1,"PIN9",1,"P1","","",***,"",***,"","",***,"P",5.183,62.34,""
1,"A244_VILH_C","AP54RH504_tml.VILH","VILH_VCC_3.0000",***,"AP54RHC244_VILH",0,1,"PIN1",1,"P1","","",***,"",***,"","",***,"P",4.09,62.34,""
1,"A244_VILH_C","AP54RH504_tml.VILH","VILH_VCC_3.0000",***,"AP54RHC244_VILH",0,1,"PIN11",1,"P1","","",***,"",***,"","",***,"P",4.09,62.34,""
1,"A244_VILH_C","AP54RH504_tml.VILH","VILH_VCC_3.0000",***,"AP54RHC244_VILH",0,1,"PIN12",1,"P1","","",***,"",***,"","",***,"P",4.09,62.34,""
1,"A244_VILH_C","AP54RH504_tml.VILH","VILH_VCC_3.0000",***,"AP54RHC244_VILH",0,1,"PIN13",1,"P1","","",***,"",***,"","",***,"P",4.09,62.34,""
1,"A244_VILH_C","AP54RH504_tml.VILH","VILH_VCC_3.0000",***,"AP54RHC244_VILH",0,1,"PIN14",1,"P1","","",***,"",***,"","",***,"P",4.09,62.34,""
1,"A244_VILH_C","AP54RH504_tml.VILH","VILH_VCC_3.0000",***,"AP54RHC244_VILH",0,1,"PIN15",1,"P1","","",***,"",***,"","",***,"P",4.09,62.34,""
1,"A244_VILH_C","AP54RH504_tml.VILH","VILH_VCC_3.0000",***,"AP54RHC244_VILH",0,1,"PIN16",1,"P1","","",***,"",***,"","",***,"P",4.09,62.34,""
1,"A244_VILH_C","AP54RH504_tml.VILH","VILH_VCC_3.0000",***,"AP54RHC244_VILH",0,1,"PIN17",1,"P1","","",***,"",***,"","",***,"P",4.09,62.34,""
1,"A244_VILH_C","AP54RH504_tml.VILH","VILH_VCC_3.0000",***,"AP54RHC244_VILH",0,1,"PIN18",1,"P1","","",***,"",***,"","",***,"P",4.09,62.34,""
1,"A244_VILH_C","AP54RH504_tml.VILH","VILH_VCC_3.0000",***,"AP54RHC244_VILH",0,1,"PIN19",1,"P1","","",***,"",***,"","",***,"P",4.09,62.34,""
1,"A244_VILH_C","AP54RH504_tml.VILH","VILH_VCC_3.0000",***,"AP54RHC244_VILH",0,1,"PIN2",1,"P1","","",***,"",***,"","",***,"P",4.09,62.34,""
1,"A244_VILH_C","AP54RH504_tml.VILH","VILH_VCC_3.0000",***,"AP54RHC244_VILH",0,1,"PIN3",1,"P1","","",***,"",***,"","",***,"P",4.09,62.34,""
1,"A244_VILH_C","AP54RH504_tml.VILH","VILH_VCC_3.0000",***,"AP54RHC244_VILH",0,1,"PIN4",1,"P1","","",***,"",***,"","",***,"P",4.09,62.34,""
1,"A244_VILH_C","AP54RH504_tml.VILH","VILH_VCC_3.0000",***,"AP54RHC244_VILH",0,1,"PIN5",1,"P1","","",***,"",***,"","",***,"P",4.09,62.34,""
1,"A244_VILH_C","AP54RH504_tml.VILH","VILH_VCC_3.0000",***,"AP54RHC244_VILH",0,1,"PIN6",1,"P1","","",***,"",***,"","",***,"P",4.09,62.34,""
1,"A244_VILH_C","AP54RH504_tml.VILH","VILH_VCC_3.0000",***,"AP54RHC244_VILH",0,1,"PIN7",1,"P1","","",***,"",***,"","",***,"P",4.09,62.34,""
1,"A244_VILH_C","AP54RH504_tml.VILH","VILH_VCC_3.0000",***,"AP54RHC244_VILH",0,1,"PIN8",1,"P1","","",***,"",***,"","",***,"P",4.09,62.34,""
1,"A244_VILH_C","AP54RH504_tml.VILH","VILH_VCC_3.0000",***,"AP54RHC244_VILH",0,1,"PIN9",1,"P1","","",***,"",***,"","",***,"P",4.09,62.34,""
1,"A244_VILH_C","AP54RH504_tml.VILH","VILH_VCC_2.7000",***,"AP54RHC244_VILH",0,1,"PIN1",1,"P1","","",***,"",***,"","",***,"P",5.059,62.34,""
1,"A244_VILH_C","AP54RH504_tml.VILH","VILH_VCC_2.7000",***,"AP54RHC244_VILH",0,1,"PIN11",1,"P1","","",***,"",***,"","",***,"P",5.059,62.34,""
1,"A244_VILH_C","AP54RH504_tml.VILH","VILH_VCC_2.7000",***,"AP54RHC244_VILH",0,1,"PIN12",1,"P1","","",***,"",***,"","",***,"P",5.059,62.34,""
1,"A244_VILH_C","AP54RH504_tml.VILH","VILH_VCC_2.7000",***,"AP54RHC244_VILH",0,1,"PIN13",1,"P1","","",***,"",***,"","",***,"P",5.059,62.34,""
1,"A244_VILH_C","AP54RH504_tml.VILH","VILH_VCC_2.7000",***,"AP54RHC244_VILH",0,1,"PIN14",1,"P1","","",***,"",***,"","",***,"P",5.059,62.34,""
1,"A244_VILH_C","AP54RH504_tml.VILH","VILH_VCC_2.7000",***,"AP54RHC244_VILH",0,1,"PIN15",1,"P1","","",***,"",***,"","",***,"P",5.059,62.34,""
1,"A244_VILH_C","AP54RH504_tml.VILH","VILH_VCC_2.7000",***,"AP54RHC244_VILH",0,1,"PIN16",1,"P1","","",***,"",***,"","",***,"P",5.059,62.34,""
1,"A244_VILH_C","AP54RH504_tml.VILH","VILH_VCC_2.7000",***,"AP54RHC244_VILH",0,1,"PIN17",1,"P1","","",***,"",***,"","",***,"P",5.059,62.34,""
1,"A244_VILH_C","AP54RH504_tml.VILH","VILH_VCC_2.7000",***,"AP54RHC244_VILH",0,1,"PIN18",1,"P1","","",***,"",***,"","",***,"P",5.059,62.34,""
1,"A244_VILH_C","AP54RH504_tml.VILH","VILH_VCC_2.7000",***,"AP54RHC244_VILH",0,1,"PIN19",1,"P1","","",***,"",***,"","",***,"P",5.059,62.34,""
1,"A244_VILH_C","AP54RH504_tml.VILH","VILH_VCC_2.7000",***,"AP54RHC244_VILH",0,1,"PIN2",1,"P1","","",***,"",***,"","",***,"P",5.059,62.34,""
1,"A244_VILH_C","AP54RH504_tml.VILH","VILH_VCC_2.7000",***,"AP54RHC244_VILH",0,1,"PIN3",1,"P1","","",***,"",***,"","",***,"P",5.059,62.34,""
1,"A244_VILH_C","AP54RH504_tml.VILH","VILH_VCC_2.7000",***,"AP54RHC244_VILH",0,1,"PIN4",1,"P1","","",***,"",***,"","",***,"P",5.059,62.34,""
1,"A244_VILH_C","AP54RH504_tml.VILH","VILH_VCC_2.7000",***,"AP54RHC244_VILH",0,1,"PIN5",1,"P1","","",***,"",***,"","",***,"P",5.059,62.34,""
1,"A244_VILH_C","AP54RH504_tml.VILH","VILH_VCC_2.7000",***,"AP54RHC244_VILH",0,1,"PIN6",1,"P1","","",***,"",***,"","",***,"P",5.059,62.34,""
1,"A244_VILH_C","AP54RH504_tml.VILH","VILH_VCC_2.7000",***,"AP54RHC244_VILH",0,1,"PIN7",1,"P1","","",***,"",***,"","",***,"P",5.059,62.34,""
1,"A244_VILH_C","AP54RH504_tml.VILH","VILH_VCC_2.7000",***,"AP54RHC244_VILH",0,1,"PIN8",1,"P1","","",***,"",***,"","",***,"P",5.059,62.34,""
1,"A244_VILH_C","AP54RH504_tml.VILH","VILH_VCC_2.7000",***,"AP54RHC244_VILH",0,1,"PIN9",1,"P1","","",***,"",***,"","",***,"P",5.059,62.34,""
1,"A244_VILH_C","AP54RH504_tml.VILH","VILH_VCC_2.3000",***,"AP54RHC244_VILH",0,1,"PIN1",1,"P1","","",***,"",***,"","",***,"P",4.033,62.34,""
1,"A244_VILH_C","AP54RH504_tml.VILH","VILH_VCC_2.3000",***,"AP54RHC244_VILH",0,1,"PIN11",1,"P1","","",***,"",***,"","",***,"P",4.033,62.34,""
1,"A244_VILH_C","AP54RH504_tml.VILH","VILH_VCC_2.3000",***,"AP54RHC244_VILH",0,1,"PIN12",1,"P1","","",***,"",***,"","",***,"P",4.033,62.34,""
1,"A244_VILH_C","AP54RH504_tml.VILH","VILH_VCC_2.3000",***,"AP54RHC244_VILH",0,1,"PIN13",1,"P1","","",***,"",***,"","",***,"P",4.033,62.34,""
1,"A244_VILH_C","AP54RH504_tml.VILH","VILH_VCC_2.3000",***,"AP54RHC244_VILH",0,1,"PIN14",1,"P1","","",***,"",***,"","",***,"P",4.033,62.34,""
1,"A244_VILH_C","AP54RH504_tml.VILH","VILH_VCC_2.3000",***,"AP54RHC244_VILH",0,1,"PIN15",1,"P1","","",***,"",***,"","",***,"P",4.033,62.34,""
1,"A244_VILH_C","AP54RH504_tml.VILH","VILH_VCC_2.3000",***,"AP54RHC244_VILH",0,1,"PIN16",1,"P1","","",***,"",***,"","",***,"P",4.033,62.34,""
1,"A244_VILH_C","AP54RH504_tml.VILH","VILH_VCC_2.3000",***,"AP54RHC244_VILH",0,1,"PIN17",1,"P1","","",***,"",***,"","",***,"P",4.033,62.34,""
1,"A244_VILH_C","AP54RH504_tml.VILH","VILH_VCC_2.3000",***,"AP54RHC244_VILH",0,1,"PIN18",1,"P1","","",***,"",***,"","",***,"P",4.033,62.34,""
1,"A244_VILH_C","AP54RH504_tml.VILH","VILH_VCC_2.3000",***,"AP54RHC244_VILH",0,1,"PIN19",1,"P1","","",***,"",***,"","",***,"P",4.033,62.34,""
1,"A244_VILH_C","AP54RH504_tml.VILH","VILH_VCC_2.3000",***,"AP54RHC244_VILH",0,1,"PIN2",1,"P1","","",***,"",***,"","",***,"P",4.033,62.34,""
1,"A244_VILH_C","AP54RH504_tml.VILH","VILH_VCC_2.3000",***,"AP54RHC244_VILH",0,1,"PIN3",1,"P1","","",***,"",***,"","",***,"P",4.033,62.34,""
1,"A244_VILH_C","AP54RH504_tml.VILH","VILH_VCC_2.3000",***,"AP54RHC244_VILH",0,1,"PIN4",1,"P1","","",***,"",***,"","",***,"P",4.033,62.34,""
1,"A244_VILH_C","AP54RH504_tml.VILH","VILH_VCC_2.3000",***,"AP54RHC244_VILH",0,1,"PIN5",1,"P1","","",***,"",***,"","",***,"P",4.033,62.34,""
1,"A244_VILH_C","AP54RH504_tml.VILH","VILH_VCC_2.3000",***,"AP54RHC244_VILH",0,1,"PIN6",1,"P1","","",***,"",***,"","",***,"P",4.033,62.34,""
1,"A244_VILH_C","AP54RH504_tml.VILH","VILH_VCC_2.3000",***,"AP54RHC244_VILH",0,1,"PIN7",1,"P1","","",***,"",***,"","",***,"P",4.033,62.34,""
1,"A244_VILH_C","AP54RH504_tml.VILH","VILH_VCC_2.3000",***,"AP54RHC244_VILH",0,1,"PIN8",1,"P1","","",***,"",***,"","",***,"P",4.033,62.34,""
1,"A244_VILH_C","AP54RH504_tml.VILH","VILH_VCC_2.3000",***,"AP54RHC244_VILH",0,1,"PIN9",1,"P1","","",***,"",***,"","",***,"P",4.033,62.34,""
1,"A244_VILH_C","AP54RH504_tml.VILH","VILH_VCC_1.9500",***,"AP54RHC244_VILH",0,1,"PIN1",1,"P1","","",***,"",***,"","",***,"P",5.06,62.34,""
1,"A244_VILH_C","AP54RH504_tml.VILH","VILH_VCC_1.9500",***,"AP54RHC244_VILH",0,1,"PIN11",1,"P1","","",***,"",***,"","",***,"P",5.06,62.34,""
1,"A244_VILH_C","AP54RH504_tml.VILH","VILH_VCC_1.9500",***,"AP54RHC244_VILH",0,1,"PIN12",1,"P1","","",***,"",***,"","",***,"P",5.06,62.34,""
1,"A244_VILH_C","AP54RH504_tml.VILH","VILH_VCC_1.9500",***,"AP54RHC244_VILH",0,1,"PIN13",1,"P1","","",***,"",***,"","",***,"P",5.06,62.34,""
1,"A244_VILH_C","AP54RH504_tml.VILH","VILH_VCC_1.9500",***,"AP54RHC244_VILH",0,1,"PIN14",1,"P1","","",***,"",***,"","",***,"P",5.06,62.34,""
1,"A244_VILH_C","AP54RH504_tml.VILH","VILH_VCC_1.9500",***,"AP54RHC244_VILH",0,1,"PIN15",1,"P1","","",***,"",***,"","",***,"P",5.06,62.34,""
1,"A244_VILH_C","AP54RH504_tml.VILH","VILH_VCC_1.9500",***,"AP54RHC244_VILH",0,1,"PIN16",1,"P1","","",***,"",***,"","",***,"P",5.06,62.34,""
1,"A244_VILH_C","AP54RH504_tml.VILH","VILH_VCC_1.9500",***,"AP54RHC244_VILH",0,1,"PIN17",1,"P1","","",***,"",***,"","",***,"P",5.06,62.34,""
1,"A244_VILH_C","AP54RH504_tml.VILH","VILH_VCC_1.9500",***,"AP54RHC244_VILH",0,1,"PIN18",1,"P1","","",***,"",***,"","",***,"P",5.06,62.34,""
1,"A244_VILH_C","AP54RH504_tml.VILH","VILH_VCC_1.9500",***,"AP54RHC244_VILH",0,1,"PIN19",1,"P1","","",***,"",***,"","",***,"P",5.06,62.34,""
1,"A244_VILH_C","AP54RH504_tml.VILH","VILH_VCC_1.9500",***,"AP54RHC244_VILH",0,1,"PIN2",1,"P1","","",***,"",***,"","",***,"P",5.06,62.34,""
1,"A244_VILH_C","AP54RH504_tml.VILH","VILH_VCC_1.9500",***,"AP54RHC244_VILH",0,1,"PIN3",1,"P1","","",***,"",***,"","",***,"P",5.06,62.34,""
1,"A244_VILH_C","AP54RH504_tml.VILH","VILH_VCC_1.9500",***,"AP54RHC244_VILH",0,1,"PIN4",1,"P1","","",***,"",***,"","",***,"P",5.06,62.34,""
1,"A244_VILH_C","AP54RH504_tml.VILH","VILH_VCC_1.9500",***,"AP54RHC244_VILH",0,1,"PIN5",1,"P1","","",***,"",***,"","",***,"P",5.06,62.34,""
1,"A244_VILH_C","AP54RH504_tml.VILH","VILH_VCC_1.9500",***,"AP54RHC244_VILH",0,1,"PIN6",1,"P1","","",***,"",***,"","",***,"P",5.06,62.34,""
1,"A244_VILH_C","AP54RH504_tml.VILH","VILH_VCC_1.9500",***,"AP54RHC244_VILH",0,1,"PIN7",1,"P1","","",***,"",***,"","",***,"P",5.06,62.34,""
1,"A244_VILH_C","AP54RH504_tml.VILH","VILH_VCC_1.9500",***,"AP54RHC244_VILH",0,1,"PIN8",1,"P1","","",***,"",***,"","",***,"P",5.06,62.34,""
1,"A244_VILH_C","AP54RH504_tml.VILH","VILH_VCC_1.9500",***,"AP54RHC244_VILH",0,1,"PIN9",1,"P1","","",***,"",***,"","",***,"P",5.06,62.34,""
1,"A244_VILH_C","AP54RH504_tml.VILH","VILH_VCC_1.6500",***,"AP54RHC244_VILH",0,1,"PIN1",1,"P1","","",***,"",***,"","",***,"P",4.75,62.34,""
1,"A244_VILH_C","AP54RH504_tml.VILH","VILH_VCC_1.6500",***,"AP54RHC244_VILH",0,1,"PIN11",1,"P1","","",***,"",***,"","",***,"P",4.75,62.34,""
1,"A244_VILH_C","AP54RH504_tml.VILH","VILH_VCC_1.6500",***,"AP54RHC244_VILH",0,1,"PIN12",1,"P1","","",***,"",***,"","",***,"P",4.75,62.34,""
1,"A244_VILH_C","AP54RH504_tml.VILH","VILH_VCC_1.6500",***,"AP54RHC244_VILH",0,1,"PIN13",1,"P1","","",***,"",***,"","",***,"P",4.75,62.34,""
1,"A244_VILH_C","AP54RH504_tml.VILH","VILH_VCC_1.6500",***,"AP54RHC244_VILH",0,1,"PIN14",1,"P1","","",***,"",***,"","",***,"P",4.75,62.34,""
1,"A244_VILH_C","AP54RH504_tml.VILH","VILH_VCC_1.6500",***,"AP54RHC244_VILH",0,1,"PIN15",1,"P1","","",***,"",***,"","",***,"P",4.75,62.34,""
1,"A244_VILH_C","AP54RH504_tml.VILH","VILH_VCC_1.6500",***,"AP54RHC244_VILH",0,1,"PIN16",1,"P1","","",***,"",***,"","",***,"P",4.75,62.34,""
1,"A244_VILH_C","AP54RH504_tml.VILH","VILH_VCC_1.6500",***,"AP54RHC244_VILH",0,1,"PIN17",1,"P1","","",***,"",***,"","",***,"P",4.75,62.34,""
1,"A244_VILH_C","AP54RH504_tml.VILH","VILH_VCC_1.6500",***,"AP54RHC244_VILH",0,1,"PIN18",1,"P1","","",***,"",***,"","",***,"P",4.75,62.34,""
1,"A244_VILH_C","AP54RH504_tml.VILH","VILH_VCC_1.6500",***,"AP54RHC244_VILH",0,1,"PIN19",1,"P1","","",***,"",***,"","",***,"P",4.75,62.34,""
1,"A244_VILH_C","AP54RH504_tml.VILH","VILH_VCC_1.6500",***,"AP54RHC244_VILH",0,1,"PIN2",1,"P1","","",***,"",***,"","",***,"P",4.75,62.34,""
1,"A244_VILH_C","AP54RH504_tml.VILH","VILH_VCC_1.6500",***,"AP54RHC244_VILH",0,1,"PIN3",1,"P1","","",***,"",***,"","",***,"P",4.75,62.34,""
1,"A244_VILH_C","AP54RH504_tml.VILH","VILH_VCC_1.6500",***,"AP54RHC244_VILH",0,1,"PIN4",1,"P1","","",***,"",***,"","",***,"P",4.75,62.34,""
1,"A244_VILH_C","AP54RH504_tml.VILH","VILH_VCC_1.6500",***,"AP54RHC244_VILH",0,1,"PIN5",1,"P1","","",***,"",***,"","",***,"P",4.75,62.34,""
1,"A244_VILH_C","AP54RH504_tml.VILH","VILH_VCC_1.6500",***,"AP54RHC244_VILH",0,1,"PIN6",1,"P1","","",***,"",***,"","",***,"P",4.75,62.34,""
1,"A244_VILH_C","AP54RH504_tml.VILH","VILH_VCC_1.6500",***,"AP54RHC244_VILH",0,1,"PIN7",1,"P1","","",***,"",***,"","",***,"P",4.75,62.34,""
1,"A244_VILH_C","AP54RH504_tml.VILH","VILH_VCC_1.6500",***,"AP54RHC244_VILH",0,1,"PIN8",1,"P1","","",***,"",***,"","",***,"P",4.75,62.34,""
1,"A244_VILH_C","AP54RH504_tml.VILH","VILH_VCC_1.6500",***,"AP54RHC244_VILH",0,1,"PIN9",1,"P1","","",***,"",***,"","",***,"P",4.75,62.34,""
1,"A244_VILH_C","AP54RH504_tml.VILH","VILH_VCC_1.4000",***,"AP54RHC244_VILH",0,1,"PIN1",1,"P1","","",***,"",***,"","",***,"P",4.945,62.34,""
1,"A244_VILH_C","AP54RH504_tml.VILH","VILH_VCC_1.4000",***,"AP54RHC244_VILH",0,1,"PIN11",1,"P1","","",***,"",***,"","",***,"P",4.945,62.34,""
1,"A244_VILH_C","AP54RH504_tml.VILH","VILH_VCC_1.4000",***,"AP54RHC244_VILH",0,1,"PIN12",1,"P1","","",***,"",***,"","",***,"P",4.945,62.34,""
1,"A244_VILH_C","AP54RH504_tml.VILH","VILH_VCC_1.4000",***,"AP54RHC244_VILH",0,1,"PIN13",1,"P1","","",***,"",***,"","",***,"P",4.945,62.34,""
1,"A244_VILH_C","AP54RH504_tml.VILH","VILH_VCC_1.4000",***,"AP54RHC244_VILH",0,1,"PIN14",1,"P1","","",***,"",***,"","",***,"P",4.945,62.34,""
1,"A244_VILH_C","AP54RH504_tml.VILH","VILH_VCC_1.4000",***,"AP54RHC244_VILH",0,1,"PIN15",1,"P1","","",***,"",***,"","",***,"P",4.945,62.34,""
1,"A244_VILH_C","AP54RH504_tml.VILH","VILH_VCC_1.4000",***,"AP54RHC244_VILH",0,1,"PIN16",1,"P1","","",***,"",***,"","",***,"P",4.945,62.34,""
1,"A244_VILH_C","AP54RH504_tml.VILH","VILH_VCC_1.4000",***,"AP54RHC244_VILH",0,1,"PIN17",1,"P1","","",***,"",***,"","",***,"P",4.945,62.34,""
1,"A244_VILH_C","AP54RH504_tml.VILH","VILH_VCC_1.4000",***,"AP54RHC244_VILH",0,1,"PIN18",1,"P1","","",***,"",***,"","",***,"P",4.945,62.34,""
1,"A244_VILH_C","AP54RH504_tml.VILH","VILH_VCC_1.4000",***,"AP54RHC244_VILH",0,1,"PIN19",1,"P1","","",***,"",***,"","",***,"P",4.945,62.34,""
1,"A244_VILH_C","AP54RH504_tml.VILH","VILH_VCC_1.4000",***,"AP54RHC244_VILH",0,1,"PIN2",1,"P1","","",***,"",***,"","",***,"P",4.945,62.34,""
1,"A244_VILH_C","AP54RH504_tml.VILH","VILH_VCC_1.4000",***,"AP54RHC244_VILH",0,1,"PIN3",1,"P1","","",***,"",***,"","",***,"P",4.945,62.34,""
1,"A244_VILH_C","AP54RH504_tml.VILH","VILH_VCC_1.4000",***,"AP54RHC244_VILH",0,1,"PIN4",1,"P1","","",***,"",***,"","",***,"P",4.945,62.34,""
1,"A244_VILH_C","AP54RH504_tml.VILH","VILH_VCC_1.4000",***,"AP54RHC244_VILH",0,1,"PIN5",1,"P1","","",***,"",***,"","",***,"P",4.945,62.34,""
1,"A244_VILH_C","AP54RH504_tml.VILH","VILH_VCC_1.4000",***,"AP54RHC244_VILH",0,1,"PIN6",1,"P1","","",***,"",***,"","",***,"P",4.945,62.34,""
1,"A244_VILH_C","AP54RH504_tml.VILH","VILH_VCC_1.4000",***,"AP54RHC244_VILH",0,1,"PIN7",1,"P1","","",***,"",***,"","",***,"P",4.945,62.34,""
1,"A244_VILH_C","AP54RH504_tml.VILH","VILH_VCC_1.4000",***,"AP54RHC244_VILH",0,1,"PIN8",1,"P1","","",***,"",***,"","",***,"P",4.945,62.34,""
1,"A244_VILH_C","AP54RH504_tml.VILH","VILH_VCC_1.4000",***,"AP54RHC244_VILH",0,1,"PIN9",1,"P1","","",***,"",***,"","",***,"P",4.945,62.34,""
1,"A244_VOLH_C","AP54RH504_tml.VOL_VOH","VOL_VCCY_1.40_IOL_0.10",24411720,"AP54RHC244_TRUTH_TABLE",0,1,"PIN12",1,"P1","","",0,"<=",0.006823,"V","<=",0.03,"P",26.621,604.035,""
1,"A244_VOLH_C","AP54RH504_tml.VOL_VOH","VOL_VCCY_1.40_IOL_0.10",24411720,"AP54RHC244_TRUTH_TABLE",0,1,"PIN14",1,"P1","","",0,"<=",0.00688,"V","<=",0.03,"P",26.621,604.035,""
1,"A244_VOLH_C","AP54RH504_tml.VOL_VOH","VOL_VCCY_1.40_IOL_0.10",24411720,"AP54RHC244_TRUTH_TABLE",0,1,"PIN16",1,"P1","","",0,"<=",0.00683,"V","<=",0.03,"P",26.621,604.035,""
1,"A244_VOLH_C","AP54RH504_tml.VOL_VOH","VOL_VCCY_1.40_IOL_0.10",24411720,"AP54RHC244_TRUTH_TABLE",0,1,"PIN18",1,"P1","","",0,"<=",0.006717,"V","<=",0.03,"P",26.621,604.035,""
1,"A244_VOLH_C","AP54RH504_tml.VOL_VOH","VOL_VCCY_1.40_IOL_0.10",24411720,"AP54RHC244_TRUTH_TABLE",0,1,"PIN3",1,"P1","","",0,"<=",0.006774,"V","<=",0.03,"P",26.621,604.035,""
1,"A244_VOLH_C","AP54RH504_tml.VOL_VOH","VOL_VCCY_1.40_IOL_0.10",24411720,"AP54RHC244_TRUTH_TABLE",0,1,"PIN5",1,"P1","","",0,"<=",0.006774,"V","<=",0.03,"P",26.621,604.035,""
1,"A244_VOLH_C","AP54RH504_tml.VOL_VOH","VOL_VCCY_1.40_IOL_0.10",24411720,"AP54RHC244_TRUTH_TABLE",0,1,"PIN7",1,"P1","","",0,"<=",0.006823,"V","<=",0.03,"P",26.621,604.035,""
1,"A244_VOLH_C","AP54RH504_tml.VOL_VOH","VOL_VCCY_1.40_IOL_0.10",24411720,"AP54RHC244_TRUTH_TABLE",0,1,"PIN9",1,"P1","","",0,"<=",0.006766,"V","<=",0.03,"P",26.621,604.035,""
1,"A244_VOLH_C","AP54RH504_tml.VOL_VOH","VOH_VCCY_1.40_IOH_-0.10",24411730,"AP54RHC244_TRUTH_TABLE",0,1,"PIN12",1,"P1","","",1.37,"<=",1.39354,"V","<=",1.4,"P",9.988,604.035,""
1,"A244_VOLH_C","AP54RH504_tml.VOL_VOH","VOH_VCCY_1.40_IOH_-0.10",24411730,"AP54RHC244_TRUTH_TABLE",0,1,"PIN14",1,"P1","","",1.37,"<=",1.39341,"V","<=",1.4,"P",9.988,604.035,""
1,"A244_VOLH_C","AP54RH504_tml.VOL_VOH","VOH_VCCY_1.40_IOH_-0.10",24411730,"AP54RHC244_TRUTH_TABLE",0,1,"PIN16",1,"P1","","",1.37,"<=",1.39319,"V","<=",1.4,"P",9.988,604.035,""
1,"A244_VOLH_C","AP54RH504_tml.VOL_VOH","VOH_VCCY_1.40_IOH_-0.10",24411730,"AP54RHC244_TRUTH_TABLE",0,1,"PIN18",1,"P1","","",1.37,"<=",1.39316,"V","<=",1.4,"P",9.988,604.035,""
1,"A244_VOLH_C","AP54RH504_tml.VOL_VOH","VOH_VCCY_1.40_IOH_-0.10",24411730,"AP54RHC244_TRUTH_TABLE",0,1,"PIN3",1,"P1","","",1.37,"<=",1.39319,"V","<=",1.4,"P",9.988,604.035,""
1,"A244_VOLH_C","AP54RH504_tml.VOL_VOH","VOH_VCCY_1.40_IOH_-0.10",24411730,"AP54RHC244_TRUTH_TABLE",0,1,"PIN5",1,"P1","","",1.37,"<=",1.39305,"V","<=",1.4,"P",9.988,604.035,""
1,"A244_VOLH_C","AP54RH504_tml.VOL_VOH","VOH_VCCY_1.40_IOH_-0.10",24411730,"AP54RHC244_TRUTH_TABLE",0,1,"PIN7",1,"P1","","",1.37,"<=",1.39292,"V","<=",1.4,"P",9.988,604.035,""
1,"A244_VOLH_C","AP54RH504_tml.VOL_VOH","VOH_VCCY_1.40_IOH_-0.10",24411730,"AP54RHC244_TRUTH_TABLE",0,1,"PIN9",1,"P1","","",1.37,"<=",1.39286,"V","<=",1.4,"P",9.988,604.035,""
1,"A244_VOLH_C","AP54RH504_tml.VOL_VOH","VOL_VCCY_5.50_IOL_0.10",24411220,"AP54RHC244_TRUTH_TABLE",0,1,"PIN12",1,"P1","","",0,"<=",0.003239,"V","<=",0.03,"P",17.461,604.035,""
1,"A244_VOLH_C","AP54RH504_tml.VOL_VOH","VOL_VCCY_5.50_IOL_0.10",24411220,"AP54RHC244_TRUTH_TABLE",0,1,"PIN14",1,"P1","","",0,"<=",0.003239,"V","<=",0.03,"P",17.461,604.035,""
1,"A244_VOLH_C","AP54RH504_tml.VOL_VOH","VOL_VCCY_5.50_IOL_0.10",24411220,"AP54RHC244_TRUTH_TABLE",0,1,"PIN16",1,"P1","","",0,"<=",0.003242,"V","<=",0.03,"P",17.461,604.035,""
1,"A244_VOLH_C","AP54RH504_tml.VOL_VOH","VOL_VCCY_5.50_IOL_0.10",24411220,"AP54RHC244_TRUTH_TABLE",0,1,"PIN18",1,"P1","","",0,"<=",0.003185,"V","<=",0.03,"P",17.461,604.035,""
1,"A244_VOLH_C","AP54RH504_tml.VOL_VOH","VOL_VCCY_5.50_IOL_0.10",24411220,"AP54RHC244_TRUTH_TABLE",0,1,"PIN3",1,"P1","","",0,"<=",0.003185,"V","<=",0.03,"P",17.461,604.035,""
1,"A244_VOLH_C","AP54RH504_tml.VOL_VOH","VOL_VCCY_5.50_IOL_0.10",24411220,"AP54RHC244_TRUTH_TABLE",0,1,"PIN5",1,"P1","","",0,"<=",0.003128,"V","<=",0.03,"P",17.461,604.035,""
1,"A244_VOLH_C","AP54RH504_tml.VOL_VOH","VOL_VCCY_5.50_IOL_0.10",24411220,"AP54RHC244_TRUTH_TABLE",0,1,"PIN7",1,"P1","","",0,"<=",0.003182,"V","<=",0.03,"P",17.461,604.035,""
1,"A244_VOLH_C","AP54RH504_tml.VOL_VOH","VOL_VCCY_5.50_IOL_0.10",24411220,"AP54RHC244_TRUTH_TABLE",0,1,"PIN9",1,"P1","","",0,"<=",0.003239,"V","<=",0.03,"P",17.461,604.035,""
1,"A244_VOLH_C","AP54RH504_tml.VOL_VOH","VOH_VCCY_5.50_IOH_-0.10",24411230,"AP54RHC244_TRUTH_TABLE",0,1,"PIN12",1,"P1","","",5.405,"<=",5.4947,"V","<=",5.5,"P",9.125,604.035,""
1,"A244_VOLH_C","AP54RH504_tml.VOL_VOH","VOH_VCCY_5.50_IOH_-0.10",24411230,"AP54RHC244_TRUTH_TABLE",0,1,"PIN14",1,"P1","","",5.405,"<=",5.4946,"V","<=",5.5,"P",9.125,604.035,""
1,"A244_VOLH_C","AP54RH504_tml.VOL_VOH","VOH_VCCY_5.50_IOH_-0.10",24411230,"AP54RHC244_TRUTH_TABLE",0,1,"PIN16",1,"P1","","",5.405,"<=",5.49463,"V","<=",5.5,"P",9.125,604.035,""
1,"A244_VOLH_C","AP54RH504_tml.VOL_VOH","VOH_VCCY_5.50_IOH_-0.10",24411230,"AP54RHC244_TRUTH_TABLE",0,1,"PIN18",1,"P1","","",5.405,"<=",5.49446,"V","<=",5.5,"P",9.125,604.035,""
1,"A244_VOLH_C","AP54RH504_tml.VOL_VOH","VOH_VCCY_5.50_IOH_-0.10",24411230,"AP54RHC244_TRUTH_TABLE",0,1,"PIN3",1,"P1","","",5.405,"<=",5.49458,"V","<=",5.5,"P",9.125,604.035,""
1,"A244_VOLH_C","AP54RH504_tml.VOL_VOH","VOH_VCCY_5.50_IOH_-0.10",24411230,"AP54RHC244_TRUTH_TABLE",0,1,"PIN5",1,"P1","","",5.405,"<=",5.49439,"V","<=",5.5,"P",9.125,604.035,""
1,"A244_VOLH_C","AP54RH504_tml.VOL_VOH","VOH_VCCY_5.50_IOH_-0.10",24411230,"AP54RHC244_TRUTH_TABLE",0,1,"PIN7",1,"P1","","",5.405,"<=",5.49435,"V","<=",5.5,"P",9.125,604.035,""
1,"A244_VOLH_C","AP54RH504_tml.VOL_VOH","VOH_VCCY_5.50_IOH_-0.10",24411230,"AP54RHC244_TRUTH_TABLE",0,1,"PIN9",1,"P1","","",5.405,"<=",5.49424,"V","<=",5.5,"P",9.125,604.035,""
1,"A244_VOLH_C","AP54RH504_tml.VOL_VOH","VOL_VCCY_1.65_IOL_1.00",24411240,"AP54RHC244_TRUTH_TABLE",0,1,"PIN12",1,"P1","","",0,"<=",0.055694,"V","<=",0.075,"P",8.049,604.035,""
1,"A244_VOLH_C","AP54RH504_tml.VOL_VOH","VOL_VCCY_1.65_IOL_1.00",24411240,"AP54RHC244_TRUTH_TABLE",0,1,"PIN14",1,"P1","","",0,"<=",0.055753,"V","<=",0.075,"P",8.049,604.035,""
1,"A244_VOLH_C","AP54RH504_tml.VOL_VOH","VOL_VCCY_1.65_IOL_1.00",24411240,"AP54RHC244_TRUTH_TABLE",0,1,"PIN16",1,"P1","","",0,"<=",0.055926,"V","<=",0.075,"P",8.049,604.035,""
1,"A244_VOLH_C","AP54RH504_tml.VOL_VOH","VOL_VCCY_1.65_IOL_1.00",24411240,"AP54RHC244_TRUTH_TABLE",0,1,"PIN18",1,"P1","","",0,"<=",0.055643,"V","<=",0.075,"P",8.049,604.035,""
1,"A244_VOLH_C","AP54RH504_tml.VOL_VOH","VOL_VCCY_1.65_IOL_1.00",24411240,"AP54RHC244_TRUTH_TABLE",0,1,"PIN3",1,"P1","","",0,"<=",0.055359,"V","<=",0.075,"P",8.049,604.035,""
1,"A244_VOLH_C","AP54RH504_tml.VOL_VOH","VOL_VCCY_1.65_IOL_1.00",24411240,"AP54RHC244_TRUTH_TABLE",0,1,"PIN5",1,"P1","","",0,"<=",0.055529,"V","<=",0.075,"P",8.049,604.035,""
1,"A244_VOLH_C","AP54RH504_tml.VOL_VOH","VOL_VCCY_1.65_IOL_1.00",24411240,"AP54RHC244_TRUTH_TABLE",0,1,"PIN7",1,"P1","","",0,"<=",0.055524,"V","<=",0.075,"P",8.049,604.035,""
1,"A244_VOLH_C","AP54RH504_tml.VOL_VOH","VOL_VCCY_1.65_IOL_1.00",24411240,"AP54RHC244_TRUTH_TABLE",0,1,"PIN9",1,"P1","","",0,"<=",0.055125,"V","<=",0.075,"P",8.049,604.035,""
1,"A244_VOLH_C","AP54RH504_tml.VOL_VOH","VOH_VCCY_1.65_IOH_-1.00",24411250,"AP54RHC244_TRUTH_TABLE",0,1,"PIN12",1,"P1","","",1.55,"<=",1.5966,"V","<=",1.65,"P",8.254,604.035,""
1,"A244_VOLH_C","AP54RH504_tml.VOL_VOH","VOH_VCCY_1.65_IOH_-1.00",24411250,"AP54RHC244_TRUTH_TABLE",0,1,"PIN14",1,"P1","","",1.55,"<=",1.59606,"V","<=",1.65,"P",8.254,604.035,""
1,"A244_VOLH_C","AP54RH504_tml.VOL_VOH","VOH_VCCY_1.65_IOH_-1.00",24411250,"AP54RHC244_TRUTH_TABLE",0,1,"PIN16",1,"P1","","",1.55,"<=",1.59521,"V","<=",1.65,"P",8.254,604.035,""
1,"A244_VOLH_C","AP54RH504_tml.VOL_VOH","VOH_VCCY_1.65_IOH_-1.00",24411250,"AP54RHC244_TRUTH_TABLE",0,1,"PIN18",1,"P1","","",1.55,"<=",1.59439,"V","<=",1.65,"P",8.254,604.035,""
1,"A244_VOLH_C","AP54RH504_tml.VOL_VOH","VOH_VCCY_1.65_IOH_-1.00",24411250,"AP54RHC244_TRUTH_TABLE",0,1,"PIN3",1,"P1","","",1.55,"<=",1.5942,"V","<=",1.65,"P",8.254,604.035,""
1,"A244_VOLH_C","AP54RH504_tml.VOL_VOH","VOH_VCCY_1.65_IOH_-1.00",24411250,"AP54RHC244_TRUTH_TABLE",0,1,"PIN5",1,"P1","","",1.55,"<=",1.59303,"V","<=",1.65,"P",8.254,604.035,""
1,"A244_VOLH_C","AP54RH504_tml.VOL_VOH","VOH_VCCY_1.65_IOH_-1.00",24411250,"AP54RHC244_TRUTH_TABLE",0,1,"PIN7",1,"P1","","",1.55,"<=",1.59199,"V","<=",1.65,"P",8.254,604.035,""
1,"A244_VOLH_C","AP54RH504_tml.VOL_VOH","VOH_VCCY_1.65_IOH_-1.00",24411250,"AP54RHC244_TRUTH_TABLE",0,1,"PIN9",1,"P1","","",1.55,"<=",1.59113,"V","<=",1.65,"P",8.254,604.035,""
1,"A244_VOLH_C","AP54RH504_tml.VOL_VOH","VOL_VCCY_5.50_IOL_1.00",24411260,"AP54RHC244_TRUTH_TABLE",0,1,"PIN12",1,"P1","","",0,"<=",0.03032,"V","<=",0.075,"P",18.317,604.035,""
1,"A244_VOLH_C","AP54RH504_tml.VOL_VOH","VOL_VCCY_5.50_IOL_1.00",24411260,"AP54RHC244_TRUTH_TABLE",0,1,"PIN14",1,"P1","","",0,"<=",0.030321,"V","<=",0.075,"P",18.317,604.035,""
1,"A244_VOLH_C","AP54RH504_tml.VOL_VOH","VOL_VCCY_5.50_IOL_1.00",24411260,"AP54RHC244_TRUTH_TABLE",0,1,"PIN16",1,"P1","","",0,"<=",0.030296,"V","<=",0.075,"P",18.317,604.035,""
1,"A244_VOLH_C","AP54RH504_tml.VOL_VOH","VOL_VCCY_5.50_IOL_1.00",24411260,"AP54RHC244_TRUTH_TABLE",0,1,"PIN18",1,"P1","","",0,"<=",0.030012,"V","<=",0.075,"P",18.317,604.035,""
1,"A244_VOLH_C","AP54RH504_tml.VOL_VOH","VOL_VCCY_5.50_IOL_1.00",24411260,"AP54RHC244_TRUTH_TABLE",0,1,"PIN3",1,"P1","","",0,"<=",0.029785,"V","<=",0.075,"P",18.317,604.035,""
1,"A244_VOLH_C","AP54RH504_tml.VOL_VOH","VOL_VCCY_5.50_IOL_1.00",24411260,"AP54RHC244_TRUTH_TABLE",0,1,"PIN5",1,"P1","","",0,"<=",0.030012,"V","<=",0.075,"P",18.317,604.035,""
1,"A244_VOLH_C","AP54RH504_tml.VOL_VOH","VOL_VCCY_5.50_IOL_1.00",24411260,"AP54RHC244_TRUTH_TABLE",0,1,"PIN7",1,"P1","","",0,"<=",0.030092,"V","<=",0.075,"P",18.317,604.035,""
1,"A244_VOLH_C","AP54RH504_tml.VOL_VOH","VOL_VCCY_5.50_IOL_1.00",24411260,"AP54RHC244_TRUTH_TABLE",0,1,"PIN9",1,"P1","","",0,"<=",0.02958,"V","<=",0.075,"P",18.317,604.035,""
1,"A244_VOLH_C","AP54RH504_tml.VOL_VOH","VOH_VCCY_5.50_IOH_-1.00",24411270,"AP54RHC244_TRUTH_TABLE",0,1,"PIN12",1,"P1","","",5.4,"<=",5.47177,"V","<=",5.5,"P",8.54,604.035,""
1,"A244_VOLH_C","AP54RH504_tml.VOL_VOH","VOH_VCCY_5.50_IOH_-1.00",24411270,"AP54RHC244_TRUTH_TABLE",0,1,"PIN14",1,"P1","","",5.4,"<=",5.4711,"V","<=",5.5,"P",8.54,604.035,""
1,"A244_VOLH_C","AP54RH504_tml.VOL_VOH","VOH_VCCY_5.50_IOH_-1.00",24411270,"AP54RHC244_TRUTH_TABLE",0,1,"PIN16",1,"P1","","",5.4,"<=",5.47049,"V","<=",5.5,"P",8.54,604.035,""
1,"A244_VOLH_C","AP54RH504_tml.VOL_VOH","VOH_VCCY_5.50_IOH_-1.00",24411270,"AP54RHC244_TRUTH_TABLE",0,1,"PIN18",1,"P1","","",5.4,"<=",5.46986,"V","<=",5.5,"P",8.54,604.035,""
1,"A244_VOLH_C","AP54RH504_tml.VOL_VOH","VOH_VCCY_5.50_IOH_-1.00",24411270,"AP54RHC244_TRUTH_TABLE",0,1,"PIN3",1,"P1","","",5.4,"<=",5.4698,"V","<=",5.5,"P",8.54,604.035,""
1,"A244_VOLH_C","AP54RH504_tml.VOL_VOH","VOH_VCCY_5.50_IOH_-1.00",24411270,"AP54RHC244_TRUTH_TABLE",0,1,"PIN5",1,"P1","","",5.4,"<=",5.4687,"V","<=",5.5,"P",8.54,604.035,""
1,"A244_VOLH_C","AP54RH504_tml.VOL_VOH","VOH_VCCY_5.50_IOH_-1.00",24411270,"AP54RHC244_TRUTH_TABLE",0,1,"PIN7",1,"P1","","",5.4,"<=",5.4675,"V","<=",5.5,"P",8.54,604.035,""
1,"A244_VOLH_C","AP54RH504_tml.VOL_VOH","VOH_VCCY_5.50_IOH_-1.00",24411270,"AP54RHC244_TRUTH_TABLE",0,1,"PIN9",1,"P1","","",5.4,"<=",5.46682,"V","<=",5.5,"P",8.54,604.035,""
1,"A244_VOLH_C","AP54RH504_tml.VOL_VOH","VOL_VCCY_1.65_IOL_4.00",24411660,"AP54RHC244_TRUTH_TABLE",0,1,"PIN12",1,"P1","","",0,"<=",0.239745,"V","<=",0.55,"P",8.446,604.035,""
1,"A244_VOLH_C","AP54RH504_tml.VOL_VOH","VOL_VCCY_1.65_IOL_4.00",24411660,"AP54RHC244_TRUTH_TABLE",0,1,"PIN14",1,"P1","","",0,"<=",0.240433,"V","<=",0.55,"P",8.446,604.035,""
1,"A244_VOLH_C","AP54RH504_tml.VOL_VOH","VOL_VCCY_1.65_IOL_4.00",24411660,"AP54RHC244_TRUTH_TABLE",0,1,"PIN16",1,"P1","","",0,"<=",0.241488,"V","<=",0.55,"P",8.446,604.035,""
1,"A244_VOLH_C","AP54RH504_tml.VOL_VOH","VOL_VCCY_1.65_IOL_4.00",24411660,"AP54RHC244_TRUTH_TABLE",0,1,"PIN18",1,"P1","","",0,"<=",0.240753,"V","<=",0.55,"P",8.446,604.035,""
1,"A244_VOLH_C","AP54RH504_tml.VOL_VOH","VOL_VCCY_1.65_IOL_4.00",24411660,"AP54RHC244_TRUTH_TABLE",0,1,"PIN3",1,"P1","","",0,"<=",0.239106,"V","<=",0.55,"P",8.446,604.035,""
1,"A244_VOLH_C","AP54RH504_tml.VOL_VOH","VOL_VCCY_1.65_IOL_4.00",24411660,"AP54RHC244_TRUTH_TABLE",0,1,"PIN5",1,"P1","","",0,"<=",0.239671,"V","<=",0.55,"P",8.446,604.035,""
1,"A244_VOLH_C","AP54RH504_tml.VOL_VOH","VOL_VCCY_1.65_IOL_4.00",24411660,"AP54RHC244_TRUTH_TABLE",0,1,"PIN7",1,"P1","","",0,"<=",0.239915,"V","<=",0.55,"P",8.446,604.035,""
1,"A244_VOLH_C","AP54RH504_tml.VOL_VOH","VOL_VCCY_1.65_IOL_4.00",24411660,"AP54RHC244_TRUTH_TABLE",0,1,"PIN9",1,"P1","","",0,"<=",0.237128,"V","<=",0.55,"P",8.446,604.035,""
1,"A244_VOLH_C","AP54RH504_tml.VOL_VOH","VOH_VCCY_1.65_IOH_-4.00",24411670,"AP54RHC244_TRUTH_TABLE",0,1,"PIN12",1,"P1","","",1.25,"<=",1.42677,"V","<=",1.65,"P",8.37,604.035,""
1,"A244_VOLH_C","AP54RH504_tml.VOL_VOH","VOH_VCCY_1.65_IOH_-4.00",24411670,"AP54RHC244_TRUTH_TABLE",0,1,"PIN14",1,"P1","","",1.25,"<=",1.42475,"V","<=",1.65,"P",8.37,604.035,""
1,"A244_VOLH_C","AP54RH504_tml.VOL_VOH","VOH_VCCY_1.65_IOH_-4.00",24411670,"AP54RHC244_TRUTH_TABLE",0,1,"PIN16",1,"P1","","",1.25,"<=",1.42104,"V","<=",1.65,"P",8.37,604.035,""
1,"A244_VOLH_C","AP54RH504_tml.VOL_VOH","VOH_VCCY_1.65_IOH_-4.00",24411670,"AP54RHC244_TRUTH_TABLE",0,1,"PIN18",1,"P1","","",1.25,"<=",1.41868,"V","<=",1.65,"P",8.37,604.035,""
1,"A244_VOLH_C","AP54RH504_tml.VOL_VOH","VOH_VCCY_1.65_IOH_-4.00",24411670,"AP54RHC244_TRUTH_TABLE",0,1,"PIN3",1,"P1","","",1.25,"<=",1.41717,"V","<=",1.65,"P",8.37,604.035,""
1,"A244_VOLH_C","AP54RH504_tml.VOL_VOH","VOH_VCCY_1.65_IOH_-4.00",24411670,"AP54RHC244_TRUTH_TABLE",0,1,"PIN5",1,"P1","","",1.25,"<=",1.4119,"V","<=",1.65,"P",8.37,604.035,""
1,"A244_VOLH_C","AP54RH504_tml.VOL_VOH","VOH_VCCY_1.65_IOH_-4.00",24411670,"AP54RHC244_TRUTH_TABLE",0,1,"PIN7",1,"P1","","",1.25,"<=",1.40782,"V","<=",1.65,"P",8.37,604.035,""
1,"A244_VOLH_C","AP54RH504_tml.VOL_VOH","VOH_VCCY_1.65_IOH_-4.00",24411670,"AP54RHC244_TRUTH_TABLE",0,1,"PIN9",1,"P1","","",1.25,"<=",1.40361,"V","<=",1.65,"P",8.37,604.035,""
1,"A244_VOLH_C","AP54RH504_tml.VOL_VOH","VOL_VCCY_1.95_IOL_4.00",24411280,"AP54RHC244_TRUTH_TABLE",0,1,"PIN12",1,"P1","","",0,"<=",0.196904,"V","<=",0.55,"P",18.631,604.035,""
1,"A244_VOLH_C","AP54RH504_tml.VOL_VOH","VOL_VCCY_1.95_IOL_4.00",24411280,"AP54RHC244_TRUTH_TABLE",0,1,"PIN14",1,"P1","","",0,"<=",0.197307,"V","<=",0.55,"P",18.631,604.035,""
1,"A244_VOLH_C","AP54RH504_tml.VOL_VOH","VOL_VCCY_1.95_IOL_4.00",24411280,"AP54RHC244_TRUTH_TABLE",0,1,"PIN16",1,"P1","","",0,"<=",0.198088,"V","<=",0.55,"P",18.631,604.035,""
1,"A244_VOLH_C","AP54RH504_tml.VOL_VOH","VOL_VCCY_1.95_IOL_4.00",24411280,"AP54RHC244_TRUTH_TABLE",0,1,"PIN18",1,"P1","","",0,"<=",0.197579,"V","<=",0.55,"P",18.631,604.035,""
1,"A244_VOLH_C","AP54RH504_tml.VOL_VOH","VOL_VCCY_1.95_IOL_4.00",24411280,"AP54RHC244_TRUTH_TABLE",0,1,"PIN3",1,"P1","","",0,"<=",0.195818,"V","<=",0.55,"P",18.631,604.035,""
1,"A244_VOLH_C","AP54RH504_tml.VOL_VOH","VOL_VCCY_1.95_IOL_4.00",24411280,"AP54RHC244_TRUTH_TABLE",0,1,"PIN5",1,"P1","","",0,"<=",0.196782,"V","<=",0.55,"P",18.631,604.035,""
1,"A244_VOLH_C","AP54RH504_tml.VOL_VOH","VOL_VCCY_1.95_IOL_4.00",24411280,"AP54RHC244_TRUTH_TABLE",0,1,"PIN7",1,"P1","","",0,"<=",0.19679,"V","<=",0.55,"P",18.631,604.035,""
1,"A244_VOLH_C","AP54RH504_tml.VOL_VOH","VOL_VCCY_1.95_IOL_4.00",24411280,"AP54RHC244_TRUTH_TABLE",0,1,"PIN9",1,"P1","","",0,"<=",0.19423,"V","<=",0.55,"P",18.631,604.035,""
1,"A244_VOLH_C","AP54RH504_tml.VOL_VOH","VOH_VCCY_1.95_IOH_-4.00",24411290,"AP54RHC244_TRUTH_TABLE",0,1,"PIN12",1,"P1","","",1.455,"<=",1.76341,"V","<=",1.95,"P",10.352,604.035,""
1,"A244_VOLH_C","AP54RH504_tml.VOL_VOH","VOH_VCCY_1.95_IOH_-4.00",24411290,"AP54RHC244_TRUTH_TABLE",0,1,"PIN14",1,"P1","","",1.455,"<=",1.76134,"V","<=",1.95,"P",10.352,604.035,""
1,"A244_VOLH_C","AP54RH504_tml.VOL_VOH","VOH_VCCY_1.95_IOH_-4.00",24411290,"AP54RHC244_TRUTH_TABLE",0,1,"PIN16",1,"P1","","",1.455,"<=",1.7581,"V","<=",1.95,"P",10.352,604.035,""
1,"A244_VOLH_C","AP54RH504_tml.VOL_VOH","VOH_VCCY_1.95_IOH_-4.00",24411290,"AP54RHC244_TRUTH_TABLE",0,1,"PIN18",1,"P1","","",1.455,"<=",1.75558,"V","<=",1.95,"P",10.352,604.035,""
1,"A244_VOLH_C","AP54RH504_tml.VOL_VOH","VOH_VCCY_1.95_IOH_-4.00",24411290,"AP54RHC244_TRUTH_TABLE",0,1,"PIN3",1,"P1","","",1.455,"<=",1.75471,"V","<=",1.95,"P",10.352,604.035,""
1,"A244_VOLH_C","AP54RH504_tml.VOL_VOH","VOH_VCCY_1.95_IOH_-4.00",24411290,"AP54RHC244_TRUTH_TABLE",0,1,"PIN5",1,"P1","","",1.455,"<=",1.74926,"V","<=",1.95,"P",10.352,604.035,""
1,"A244_VOLH_C","AP54RH504_tml.VOL_VOH","VOH_VCCY_1.95_IOH_-4.00",24411290,"AP54RHC244_TRUTH_TABLE",0,1,"PIN7",1,"P1","","",1.455,"<=",1.74577,"V","<=",1.95,"P",10.352,604.035,""
1,"A244_VOLH_C","AP54RH504_tml.VOL_VOH","VOH_VCCY_1.95_IOH_-4.00",24411290,"AP54RHC244_TRUTH_TABLE",0,1,"PIN9",1,"P1","","",1.455,"<=",1.74185,"V","<=",1.95,"P",10.352,604.035,""
1,"A244_VOLH_C","AP54RH504_tml.VOL_VOH","VOL_VCCY_2.30_IOL_4.00",24411300,"AP54RHC244_TRUTH_TABLE",0,1,"PIN12",1,"P1","","",0,"<=",0.170904,"V","<=",0.54,"P",18.567,604.035,""
1,"A244_VOLH_C","AP54RH504_tml.VOL_VOH","VOL_VCCY_2.30_IOL_4.00",24411300,"AP54RHC244_TRUTH_TABLE",0,1,"PIN14",1,"P1","","",0,"<=",0.171249,"V","<=",0.54,"P",18.567,604.035,""
1,"A244_VOLH_C","AP54RH504_tml.VOL_VOH","VOL_VCCY_2.30_IOL_4.00",24411300,"AP54RHC244_TRUTH_TABLE",0,1,"PIN16",1,"P1","","",0,"<=",0.17166,"V","<=",0.54,"P",18.567,604.035,""
1,"A244_VOLH_C","AP54RH504_tml.VOL_VOH","VOL_VCCY_2.30_IOL_4.00",24411300,"AP54RHC244_TRUTH_TABLE",0,1,"PIN18",1,"P1","","",0,"<=",0.171322,"V","<=",0.54,"P",18.567,604.035,""
1,"A244_VOLH_C","AP54RH504_tml.VOL_VOH","VOL_VCCY_2.30_IOL_4.00",24411300,"AP54RHC244_TRUTH_TABLE",0,1,"PIN3",1,"P1","","",0,"<=",0.16956,"V","<=",0.54,"P",18.567,604.035,""
1,"A244_VOLH_C","AP54RH504_tml.VOL_VOH","VOL_VCCY_2.30_IOL_4.00",24411300,"AP54RHC244_TRUTH_TABLE",0,1,"PIN5",1,"P1","","",0,"<=",0.170582,"V","<=",0.54,"P",18.567,604.035,""
1,"A244_VOLH_C","AP54RH504_tml.VOL_VOH","VOL_VCCY_2.30_IOL_4.00",24411300,"AP54RHC244_TRUTH_TABLE",0,1,"PIN7",1,"P1","","",0,"<=",0.170904,"V","<=",0.54,"P",18.567,604.035,""
1,"A244_VOLH_C","AP54RH504_tml.VOL_VOH","VOL_VCCY_2.30_IOL_4.00",24411300,"AP54RHC244_TRUTH_TABLE",0,1,"PIN9",1,"P1","","",0,"<=",0.168287,"V","<=",0.54,"P",18.567,604.035,""
1,"A244_VOLH_C","AP54RH504_tml.VOL_VOH","VOH_VCCY_2.30_IOH_-4.00",24411310,"AP54RHC244_TRUTH_TABLE",0,1,"PIN12",1,"P1","","",1.805,"<=",2.13782,"V","<=",2.3,"P",9.578,604.035,""
1,"A244_VOLH_C","AP54RH504_tml.VOL_VOH","VOH_VCCY_2.30_IOH_-4.00",24411310,"AP54RHC244_TRUTH_TABLE",0,1,"PIN14",1,"P1","","",1.805,"<=",2.13571,"V","<=",2.3,"P",9.578,604.035,""
1,"A244_VOLH_C","AP54RH504_tml.VOL_VOH","VOH_VCCY_2.30_IOH_-4.00",24411310,"AP54RHC244_TRUTH_TABLE",0,1,"PIN16",1,"P1","","",1.805,"<=",2.13236,"V","<=",2.3,"P",9.578,604.035,""
1,"A244_VOLH_C","AP54RH504_tml.VOL_VOH","VOH_VCCY_2.30_IOH_-4.00",24411310,"AP54RHC244_TRUTH_TABLE",0,1,"PIN18",1,"P1","","",1.805,"<=",2.13036,"V","<=",2.3,"P",9.578,604.035,""
1,"A244_VOLH_C","AP54RH504_tml.VOL_VOH","VOH_VCCY_2.30_IOH_-4.00",24411310,"AP54RHC244_TRUTH_TABLE",0,1,"PIN3",1,"P1","","",1.805,"<=",2.12938,"V","<=",2.3,"P",9.578,604.035,""
1,"A244_VOLH_C","AP54RH504_tml.VOL_VOH","VOH_VCCY_2.30_IOH_-4.00",24411310,"AP54RHC244_TRUTH_TABLE",0,1,"PIN5",1,"P1","","",1.805,"<=",2.12443,"V","<=",2.3,"P",9.578,604.035,""
1,"A244_VOLH_C","AP54RH504_tml.VOL_VOH","VOH_VCCY_2.30_IOH_-4.00",24411310,"AP54RHC244_TRUTH_TABLE",0,1,"PIN7",1,"P1","","",1.805,"<=",2.1207,"V","<=",2.3,"P",9.578,604.035,""
1,"A244_VOLH_C","AP54RH504_tml.VOL_VOH","VOH_VCCY_2.30_IOH_-4.00",24411310,"AP54RHC244_TRUTH_TABLE",0,1,"PIN9",1,"P1","","",1.805,"<=",2.11694,"V","<=",2.3,"P",9.578,604.035,""
1,"A244_VOLH_C","AP54RH504_tml.VOL_VOH","VOL_VCCY_3.00_IOL_4.00",24411320,"AP54RHC244_TRUTH_TABLE",0,1,"PIN12",1,"P1","","",0,"<=",0.14496,"V","<=",0.34,"P",18.129,604.035,""
1,"A244_VOLH_C","AP54RH504_tml.VOL_VOH","VOL_VCCY_3.00_IOL_4.00",24411320,"AP54RHC244_TRUTH_TABLE",0,1,"PIN14",1,"P1","","",0,"<=",0.145191,"V","<=",0.34,"P",18.129,604.035,""
1,"A244_VOLH_C","AP54RH504_tml.VOL_VOH","VOL_VCCY_3.00_IOL_4.00",24411320,"AP54RHC244_TRUTH_TABLE",0,1,"PIN16",1,"P1","","",0,"<=",0.145404,"V","<=",0.34,"P",18.129,604.035,""
1,"A244_VOLH_C","AP54RH504_tml.VOL_VOH","VOL_VCCY_3.00_IOL_4.00",24411320,"AP54RHC244_TRUTH_TABLE",0,1,"PIN18",1,"P1","","",0,"<=",0.145179,"V","<=",0.34,"P",18.129,604.035,""
1,"A244_VOLH_C","AP54RH504_tml.VOL_VOH","VOL_VCCY_3.00_IOL_4.00",24411320,"AP54RHC244_TRUTH_TABLE",0,1,"PIN3",1,"P1","","",0,"<=",0.143588,"V","<=",0.34,"P",18.129,604.035,""
1,"A244_VOLH_C","AP54RH504_tml.VOL_VOH","VOL_VCCY_3.00_IOL_4.00",24411320,"AP54RHC244_TRUTH_TABLE",0,1,"PIN5",1,"P1","","",0,"<=",0.144496,"V","<=",0.34,"P",18.129,604.035,""
1,"A244_VOLH_C","AP54RH504_tml.VOL_VOH","VOL_VCCY_3.00_IOL_4.00",24411320,"AP54RHC244_TRUTH_TABLE",0,1,"PIN7",1,"P1","","",0,"<=",0.144676,"V","<=",0.34,"P",18.129,604.035,""
1,"A244_VOLH_C","AP54RH504_tml.VOL_VOH","VOL_VCCY_3.00_IOL_4.00",24411320,"AP54RHC244_TRUTH_TABLE",0,1,"PIN9",1,"P1","","",0,"<=",0.142514,"V","<=",0.34,"P",18.129,604.035,""
1,"A244_VOLH_C","AP54RH504_tml.VOL_VOH","VOH_VCCY_3.00_IOH_-4.00",24411330,"AP54RHC244_TRUTH_TABLE",0,1,"PIN12",1,"P1","","",2.605,"<=",2.86412,"V","<=",3,"P",8.466,604.035,""
1,"A244_VOLH_C","AP54RH504_tml.VOL_VOH","VOH_VCCY_3.00_IOH_-4.00",24411330,"AP54RHC244_TRUTH_TABLE",0,1,"PIN14",1,"P1","","",2.605,"<=",2.8619,"V","<=",3,"P",8.466,604.035,""
1,"A244_VOLH_C","AP54RH504_tml.VOL_VOH","VOH_VCCY_3.00_IOH_-4.00",24411330,"AP54RHC244_TRUTH_TABLE",0,1,"PIN16",1,"P1","","",2.605,"<=",2.85893,"V","<=",3,"P",8.466,604.035,""
1,"A244_VOLH_C","AP54RH504_tml.VOL_VOH","VOH_VCCY_3.00_IOH_-4.00",24411330,"AP54RHC244_TRUTH_TABLE",0,1,"PIN18",1,"P1","","",2.605,"<=",2.85671,"V","<=",3,"P",8.466,604.035,""
1,"A244_VOLH_C","AP54RH504_tml.VOL_VOH","VOH_VCCY_3.00_IOH_-4.00",24411330,"AP54RHC244_TRUTH_TABLE",0,1,"PIN3",1,"P1","","",2.605,"<=",2.85615,"V","<=",3,"P",8.466,604.035,""
1,"A244_VOLH_C","AP54RH504_tml.VOL_VOH","VOH_VCCY_3.00_IOH_-4.00",24411330,"AP54RHC244_TRUTH_TABLE",0,1,"PIN5",1,"P1","","",2.605,"<=",2.8512,"V","<=",3,"P",8.466,604.035,""
1,"A244_VOLH_C","AP54RH504_tml.VOL_VOH","VOH_VCCY_3.00_IOH_-4.00",24411330,"AP54RHC244_TRUTH_TABLE",0,1,"PIN7",1,"P1","","",2.605,"<=",2.84745,"V","<=",3,"P",8.466,604.035,""
1,"A244_VOLH_C","AP54RH504_tml.VOL_VOH","VOH_VCCY_3.00_IOH_-4.00",24411330,"AP54RHC244_TRUTH_TABLE",0,1,"PIN9",1,"P1","","",2.605,"<=",2.84403,"V","<=",3,"P",8.466,604.035,""
1,"A244_VOLH_C","AP54RH504_tml.VOL_VOH","VOL_VCCY_4.50_IOL_4.00",24411340,"AP54RHC244_TRUTH_TABLE",0,1,"PIN12",1,"P1","","",0,"<=",0.124934,"V","<=",0.36,"P",18.069,604.035,""
1,"A244_VOLH_C","AP54RH504_tml.VOL_VOH","VOL_VCCY_4.50_IOL_4.00",24411340,"AP54RHC244_TRUTH_TABLE",0,1,"PIN14",1,"P1","","",0,"<=",0.125164,"V","<=",0.36,"P",18.069,604.035,""
1,"A244_VOLH_C","AP54RH504_tml.VOL_VOH","VOL_VCCY_4.50_IOL_4.00",24411340,"AP54RHC244_TRUTH_TABLE",0,1,"PIN16",1,"P1","","",0,"<=",0.125241,"V","<=",0.36,"P",18.069,604.035,""
1,"A244_VOLH_C","AP54RH504_tml.VOL_VOH","VOL_VCCY_4.50_IOL_4.00",24411340,"AP54RHC244_TRUTH_TABLE",0,1,"PIN18",1,"P1","","",0,"<=",0.125073,"V","<=",0.36,"P",18.069,604.035,""
1,"A244_VOLH_C","AP54RH504_tml.VOL_VOH","VOL_VCCY_4.50_IOL_4.00",24411340,"AP54RHC244_TRUTH_TABLE",0,1,"PIN3",1,"P1","","",0,"<=",0.123481,"V","<=",0.36,"P",18.069,604.035,""
1,"A244_VOLH_C","AP54RH504_tml.VOL_VOH","VOL_VCCY_4.50_IOL_4.00",24411340,"AP54RHC244_TRUTH_TABLE",0,1,"PIN5",1,"P1","","",0,"<=",0.12439,"V","<=",0.36,"P",18.069,604.035,""
1,"A244_VOLH_C","AP54RH504_tml.VOL_VOH","VOL_VCCY_4.50_IOL_4.00",24411340,"AP54RHC244_TRUTH_TABLE",0,1,"PIN7",1,"P1","","",0,"<=",0.124592,"V","<=",0.36,"P",18.069,604.035,""
1,"A244_VOLH_C","AP54RH504_tml.VOL_VOH","VOL_VCCY_4.50_IOL_4.00",24411340,"AP54RHC244_TRUTH_TABLE",0,1,"PIN9",1,"P1","","",0,"<=",0.12243,"V","<=",0.36,"P",18.069,604.035,""
1,"A244_VOLH_C","AP54RH504_tml.VOL_VOH","VOH_VCCY_4.50_IOH_-4.00",24411350,"AP54RHC244_TRUTH_TABLE",0,1,"PIN12",1,"P1","","",4.205,"<=",4.38701,"V","<=",4.5,"P",8.338,604.035,""
1,"A244_VOLH_C","AP54RH504_tml.VOL_VOH","VOH_VCCY_4.50_IOH_-4.00",24411350,"AP54RHC244_TRUTH_TABLE",0,1,"PIN14",1,"P1","","",4.205,"<=",4.38496,"V","<=",4.5,"P",8.338,604.035,""
1,"A244_VOLH_C","AP54RH504_tml.VOL_VOH","VOH_VCCY_4.50_IOH_-4.00",24411350,"AP54RHC244_TRUTH_TABLE",0,1,"PIN16",1,"P1","","",4.205,"<=",4.38207,"V","<=",4.5,"P",8.338,604.035,""
1,"A244_VOLH_C","AP54RH504_tml.VOL_VOH","VOH_VCCY_4.50_IOH_-4.00",24411350,"AP54RHC244_TRUTH_TABLE",0,1,"PIN18",1,"P1","","",4.205,"<=",4.38007,"V","<=",4.5,"P",8.338,604.035,""
1,"A244_VOLH_C","AP54RH504_tml.VOL_VOH","VOH_VCCY_4.50_IOH_-4.00",24411350,"AP54RHC244_TRUTH_TABLE",0,1,"PIN3",1,"P1","","",4.205,"<=",4.3796,"V","<=",4.5,"P",8.338,604.035,""
1,"A244_VOLH_C","AP54RH504_tml.VOL_VOH","VOH_VCCY_4.50_IOH_-4.00",24411350,"AP54RHC244_TRUTH_TABLE",0,1,"PIN5",1,"P1","","",4.205,"<=",4.37499,"V","<=",4.5,"P",8.338,604.035,""
1,"A244_VOLH_C","AP54RH504_tml.VOL_VOH","VOH_VCCY_4.50_IOH_-4.00",24411350,"AP54RHC244_TRUTH_TABLE",0,1,"PIN7",1,"P1","","",4.205,"<=",4.37142,"V","<=",4.5,"P",8.338,604.035,""
1,"A244_VOLH_C","AP54RH504_tml.VOL_VOH","VOH_VCCY_4.50_IOH_-4.00",24411350,"AP54RHC244_TRUTH_TABLE",0,1,"PIN9",1,"P1","","",4.205,"<=",4.36814,"V","<=",4.5,"P",8.338,604.035,""
1,"A244_VOLH_C","AP54RH504_tml.VOL_VOH","VOL_VCCY_2.30_IOL_8.00",24411360,"AP54RHC244_TRUTH_TABLE",0,1,"PIN12",1,"P1","","",0,"<=",0.354954,"V","<=",0.8,"P",7.694,604.035,""
1,"A244_VOLH_C","AP54RH504_tml.VOL_VOH","VOL_VCCY_2.30_IOL_8.00",24411360,"AP54RHC244_TRUTH_TABLE",0,1,"PIN14",1,"P1","","",0,"<=",0.355531,"V","<=",0.8,"P",7.694,604.035,""
1,"A244_VOLH_C","AP54RH504_tml.VOL_VOH","VOL_VCCY_2.30_IOL_8.00",24411360,"AP54RHC244_TRUTH_TABLE",0,1,"PIN16",1,"P1","","",0,"<=",0.356595,"V","<=",0.8,"P",7.694,604.035,""
1,"A244_VOLH_C","AP54RH504_tml.VOL_VOH","VOL_VCCY_2.30_IOL_8.00",24411360,"AP54RHC244_TRUTH_TABLE",0,1,"PIN18",1,"P1","","",0,"<=",0.355464,"V","<=",0.8,"P",7.694,604.035,""
1,"A244_VOLH_C","AP54RH504_tml.VOL_VOH","VOL_VCCY_2.30_IOL_8.00",24411360,"AP54RHC244_TRUTH_TABLE",0,1,"PIN3",1,"P1","","",0,"<=",0.352339,"V","<=",0.8,"P",7.694,604.035,""
1,"A244_VOLH_C","AP54RH504_tml.VOL_VOH","VOL_VCCY_2.30_IOL_8.00",24411360,"AP54RHC244_TRUTH_TABLE",0,1,"PIN5",1,"P1","","",0,"<=",0.354097,"V","<=",0.8,"P",7.694,604.035,""
1,"A244_VOLH_C","AP54RH504_tml.VOL_VOH","VOL_VCCY_2.30_IOL_8.00",24411360,"AP54RHC244_TRUTH_TABLE",0,1,"PIN7",1,"P1","","",0,"<=",0.353873,"V","<=",0.8,"P",7.694,604.035,""
1,"A244_VOLH_C","AP54RH504_tml.VOL_VOH","VOL_VCCY_2.30_IOL_8.00",24411360,"AP54RHC244_TRUTH_TABLE",0,1,"PIN9",1,"P1","","",0,"<=",0.349321,"V","<=",0.8,"P",7.694,604.035,""
1,"A244_VOLH_C","AP54RH504_tml.VOL_VOH","VOH_VCCY_2.30_IOH_-8.00",24411370,"AP54RHC244_TRUTH_TABLE",0,1,"PIN12",1,"P1","","",1.405,"<=",1.96731,"V","<=",2.3,"P",8.143,604.035,""
1,"A244_VOLH_C","AP54RH504_tml.VOL_VOH","VOH_VCCY_2.30_IOH_-8.00",24411370,"AP54RHC244_TRUTH_TABLE",0,1,"PIN14",1,"P1","","",1.405,"<=",1.96292,"V","<=",2.3,"P",8.143,604.035,""
1,"A244_VOLH_C","AP54RH504_tml.VOL_VOH","VOH_VCCY_2.30_IOH_-8.00",24411370,"AP54RHC244_TRUTH_TABLE",0,1,"PIN16",1,"P1","","",1.405,"<=",1.95665,"V","<=",2.3,"P",8.143,604.035,""
1,"A244_VOLH_C","AP54RH504_tml.VOL_VOH","VOH_VCCY_2.30_IOH_-8.00",24411370,"AP54RHC244_TRUTH_TABLE",0,1,"PIN18",1,"P1","","",1.405,"<=",1.95157,"V","<=",2.3,"P",8.143,604.035,""
1,"A244_VOLH_C","AP54RH504_tml.VOL_VOH","VOH_VCCY_2.30_IOH_-8.00",24411370,"AP54RHC244_TRUTH_TABLE",0,1,"PIN3",1,"P1","","",1.405,"<=",1.9499,"V","<=",2.3,"P",8.143,604.035,""
1,"A244_VOLH_C","AP54RH504_tml.VOL_VOH","VOH_VCCY_2.30_IOH_-8.00",24411370,"AP54RHC244_TRUTH_TABLE",0,1,"PIN5",1,"P1","","",1.405,"<=",1.9404,"V","<=",2.3,"P",8.143,604.035,""
1,"A244_VOLH_C","AP54RH504_tml.VOL_VOH","VOH_VCCY_2.30_IOH_-8.00",24411370,"AP54RHC244_TRUTH_TABLE",0,1,"PIN7",1,"P1","","",1.405,"<=",1.93255,"V","<=",2.3,"P",8.143,604.035,""
1,"A244_VOLH_C","AP54RH504_tml.VOL_VOH","VOH_VCCY_2.30_IOH_-8.00",24411370,"AP54RHC244_TRUTH_TABLE",0,1,"PIN9",1,"P1","","",1.405,"<=",1.92504,"V","<=",2.3,"P",8.143,604.035,""
1,"A244_VOLH_C","AP54RH504_tml.VOL_VOH","VOL_VCCY_2.70_IOL_8.00",24411380,"AP54RHC244_TRUTH_TABLE",0,1,"PIN12",1,"P1","","",0,"<=",0.313877,"V","<=",0.67,"P",18.069,604.035,""
1,"A244_VOLH_C","AP54RH504_tml.VOL_VOH","VOL_VCCY_2.70_IOL_8.00",24411380,"AP54RHC244_TRUTH_TABLE",0,1,"PIN14",1,"P1","","",0,"<=",0.314282,"V","<=",0.67,"P",18.069,604.035,""
1,"A244_VOLH_C","AP54RH504_tml.VOL_VOH","VOL_VCCY_2.70_IOL_8.00",24411380,"AP54RHC244_TRUTH_TABLE",0,1,"PIN16",1,"P1","","",0,"<=",0.314961,"V","<=",0.67,"P",18.069,604.035,""
1,"A244_VOLH_C","AP54RH504_tml.VOL_VOH","VOL_VCCY_2.70_IOL_8.00",24411380,"AP54RHC244_TRUTH_TABLE",0,1,"PIN18",1,"P1","","",0,"<=",0.314341,"V","<=",0.67,"P",18.069,604.035,""
1,"A244_VOLH_C","AP54RH504_tml.VOL_VOH","VOL_VCCY_2.70_IOL_8.00",24411380,"AP54RHC244_TRUTH_TABLE",0,1,"PIN3",1,"P1","","",0,"<=",0.311102,"V","<=",0.67,"P",18.069,604.035,""
1,"A244_VOLH_C","AP54RH504_tml.VOL_VOH","VOL_VCCY_2.70_IOL_8.00",24411380,"AP54RHC244_TRUTH_TABLE",0,1,"PIN5",1,"P1","","",0,"<=",0.312974,"V","<=",0.67,"P",18.069,604.035,""
1,"A244_VOLH_C","AP54RH504_tml.VOL_VOH","VOL_VCCY_2.70_IOL_8.00",24411380,"AP54RHC244_TRUTH_TABLE",0,1,"PIN7",1,"P1","","",0,"<=",0.312967,"V","<=",0.67,"P",18.069,604.035,""
1,"A244_VOLH_C","AP54RH504_tml.VOL_VOH","VOL_VCCY_2.70_IOL_8.00",24411380,"AP54RHC244_TRUTH_TABLE",0,1,"PIN9",1,"P1","","",0,"<=",0.308472,"V","<=",0.67,"P",18.069,604.035,""
1,"A244_VOLH_C","AP54RH504_tml.VOL_VOH","VOH_VCCY_2.70_IOH_-8.00",24411390,"AP54RHC244_TRUTH_TABLE",0,1,"PIN12",1,"P1","","",1.505,"<=",2.40556,"V","<=",2.7,"P",8.785,604.035,""
1,"A244_VOLH_C","AP54RH504_tml.VOL_VOH","VOH_VCCY_2.70_IOH_-8.00",24411390,"AP54RHC244_TRUTH_TABLE",0,1,"PIN14",1,"P1","","",1.505,"<=",2.4013,"V","<=",2.7,"P",8.785,604.035,""
1,"A244_VOLH_C","AP54RH504_tml.VOL_VOH","VOH_VCCY_2.70_IOH_-8.00",24411390,"AP54RHC244_TRUTH_TABLE",0,1,"PIN16",1,"P1","","",1.505,"<=",2.39549,"V","<=",2.7,"P",8.785,604.035,""
1,"A244_VOLH_C","AP54RH504_tml.VOL_VOH","VOH_VCCY_2.70_IOH_-8.00",24411390,"AP54RHC244_TRUTH_TABLE",0,1,"PIN18",1,"P1","","",1.505,"<=",2.39065,"V","<=",2.7,"P",8.785,604.035,""
1,"A244_VOLH_C","AP54RH504_tml.VOL_VOH","VOH_VCCY_2.70_IOH_-8.00",24411390,"AP54RHC244_TRUTH_TABLE",0,1,"PIN3",1,"P1","","",1.505,"<=",2.38928,"V","<=",2.7,"P",8.785,604.035,""
1,"A244_VOLH_C","AP54RH504_tml.VOL_VOH","VOH_VCCY_2.70_IOH_-8.00",24411390,"AP54RHC244_TRUTH_TABLE",0,1,"PIN5",1,"P1","","",1.505,"<=",2.37994,"V","<=",2.7,"P",8.785,604.035,""
1,"A244_VOLH_C","AP54RH504_tml.VOL_VOH","VOH_VCCY_2.70_IOH_-8.00",24411390,"AP54RHC244_TRUTH_TABLE",0,1,"PIN7",1,"P1","","",1.505,"<=",2.37228,"V","<=",2.7,"P",8.785,604.035,""
1,"A244_VOLH_C","AP54RH504_tml.VOL_VOH","VOH_VCCY_2.70_IOH_-8.00",24411390,"AP54RHC244_TRUTH_TABLE",0,1,"PIN9",1,"P1","","",1.505,"<=",2.36528,"V","<=",2.7,"P",8.785,604.035,""
1,"A244_VOLH_C","AP54RH504_tml.VOL_VOH","VOL_VCCY_3.00_IOL_8.00",24411400,"AP54RHC244_TRUTH_TABLE",0,1,"PIN12",1,"P1","","",0,"<=",0.294533,"V","<=",0.67,"P",18.387,604.035,""
1,"A244_VOLH_C","AP54RH504_tml.VOL_VOH","VOL_VCCY_3.00_IOL_8.00",24411400,"AP54RHC244_TRUTH_TABLE",0,1,"PIN14",1,"P1","","",0,"<=",0.294938,"V","<=",0.67,"P",18.387,604.035,""
1,"A244_VOLH_C","AP54RH504_tml.VOL_VOH","VOL_VCCY_3.00_IOL_8.00",24411400,"AP54RHC244_TRUTH_TABLE",0,1,"PIN16",1,"P1","","",0,"<=",0.295254,"V","<=",0.67,"P",18.387,604.035,""
1,"A244_VOLH_C","AP54RH504_tml.VOL_VOH","VOL_VCCY_3.00_IOL_8.00",24411400,"AP54RHC244_TRUTH_TABLE",0,1,"PIN18",1,"P1","","",0,"<=",0.294862,"V","<=",0.67,"P",18.387,604.035,""
1,"A244_VOLH_C","AP54RH504_tml.VOL_VOH","VOL_VCCY_3.00_IOL_8.00",24411400,"AP54RHC244_TRUTH_TABLE",0,1,"PIN3",1,"P1","","",0,"<=",0.291622,"V","<=",0.67,"P",18.387,604.035,""
1,"A244_VOLH_C","AP54RH504_tml.VOL_VOH","VOL_VCCY_3.00_IOL_8.00",24411400,"AP54RHC244_TRUTH_TABLE",0,1,"PIN5",1,"P1","","",0,"<=",0.293495,"V","<=",0.67,"P",18.387,604.035,""
1,"A244_VOLH_C","AP54RH504_tml.VOL_VOH","VOL_VCCY_3.00_IOL_8.00",24411400,"AP54RHC244_TRUTH_TABLE",0,1,"PIN7",1,"P1","","",0,"<=",0.293452,"V","<=",0.67,"P",18.387,604.035,""
1,"A244_VOLH_C","AP54RH504_tml.VOL_VOH","VOL_VCCY_3.00_IOL_8.00",24411400,"AP54RHC244_TRUTH_TABLE",0,1,"PIN9",1,"P1","","",0,"<=",0.289185,"V","<=",0.67,"P",18.387,604.035,""
1,"A244_VOLH_C","AP54RH504_tml.VOL_VOH","VOH_VCCY_3.00_IOH_-8.00",24411410,"AP54RHC244_TRUTH_TABLE",0,1,"PIN12",1,"P1","","",2.205,"<=",2.72553,"V","<=",3,"P",8.817,604.035,""
1,"A244_VOLH_C","AP54RH504_tml.VOL_VOH","VOH_VCCY_3.00_IOH_-8.00",24411410,"AP54RHC244_TRUTH_TABLE",0,1,"PIN14",1,"P1","","",2.205,"<=",2.72126,"V","<=",3,"P",8.817,604.035,""
1,"A244_VOLH_C","AP54RH504_tml.VOL_VOH","VOH_VCCY_3.00_IOH_-8.00",24411410,"AP54RHC244_TRUTH_TABLE",0,1,"PIN16",1,"P1","","",2.205,"<=",2.71552,"V","<=",3,"P",8.817,604.035,""
1,"A244_VOLH_C","AP54RH504_tml.VOL_VOH","VOH_VCCY_3.00_IOH_-8.00",24411410,"AP54RHC244_TRUTH_TABLE",0,1,"PIN18",1,"P1","","",2.205,"<=",2.7108,"V","<=",3,"P",8.817,604.035,""
1,"A244_VOLH_C","AP54RH504_tml.VOL_VOH","VOH_VCCY_3.00_IOH_-8.00",24411410,"AP54RHC244_TRUTH_TABLE",0,1,"PIN3",1,"P1","","",2.205,"<=",2.70943,"V","<=",3,"P",8.817,604.035,""
1,"A244_VOLH_C","AP54RH504_tml.VOL_VOH","VOH_VCCY_3.00_IOH_-8.00",24411410,"AP54RHC244_TRUTH_TABLE",0,1,"PIN5",1,"P1","","",2.205,"<=",2.70032,"V","<=",3,"P",8.817,604.035,""
1,"A244_VOLH_C","AP54RH504_tml.VOL_VOH","VOH_VCCY_3.00_IOH_-8.00",24411410,"AP54RHC244_TRUTH_TABLE",0,1,"PIN7",1,"P1","","",2.205,"<=",2.69276,"V","<=",3,"P",8.817,604.035,""
1,"A244_VOLH_C","AP54RH504_tml.VOL_VOH","VOH_VCCY_3.00_IOH_-8.00",24411410,"AP54RHC244_TRUTH_TABLE",0,1,"PIN9",1,"P1","","",2.205,"<=",2.68593,"V","<=",3,"P",8.817,604.035,""
1,"A244_VOLH_C","AP54RH504_tml.VOL_VOH","VOL_VCCY_4.50_IOL_8.00",24411420,"AP54RHC244_TRUTH_TABLE",0,1,"PIN12",1,"P1","","",0,"<=",0.25101,"V","<=",0.51,"P",18.077,604.035,""
1,"A244_VOLH_C","AP54RH504_tml.VOL_VOH","VOL_VCCY_4.50_IOL_8.00",24411420,"AP54RHC244_TRUTH_TABLE",0,1,"PIN14",1,"P1","","",0,"<=",0.251243,"V","<=",0.51,"P",18.077,604.035,""
1,"A244_VOLH_C","AP54RH504_tml.VOL_VOH","VOL_VCCY_4.50_IOL_8.00",24411420,"AP54RHC244_TRUTH_TABLE",0,1,"PIN16",1,"P1","","",0,"<=",0.251284,"V","<=",0.51,"P",18.077,604.035,""
1,"A244_VOLH_C","AP54RH504_tml.VOL_VOH","VOL_VCCY_4.50_IOL_8.00",24411420,"AP54RHC244_TRUTH_TABLE",0,1,"PIN18",1,"P1","","",0,"<=",0.251233,"V","<=",0.51,"P",18.077,604.035,""
1,"A244_VOLH_C","AP54RH504_tml.VOL_VOH","VOL_VCCY_4.50_IOL_8.00",24411420,"AP54RHC244_TRUTH_TABLE",0,1,"PIN3",1,"P1","","",0,"<=",0.247935,"V","<=",0.51,"P",18.077,604.035,""
1,"A244_VOLH_C","AP54RH504_tml.VOL_VOH","VOL_VCCY_4.50_IOL_8.00",24411420,"AP54RHC244_TRUTH_TABLE",0,1,"PIN5",1,"P1","","",0,"<=",0.249809,"V","<=",0.51,"P",18.077,604.035,""
1,"A244_VOLH_C","AP54RH504_tml.VOL_VOH","VOL_VCCY_4.50_IOL_8.00",24411420,"AP54RHC244_TRUTH_TABLE",0,1,"PIN7",1,"P1","","",0,"<=",0.249929,"V","<=",0.51,"P",18.077,604.035,""
1,"A244_VOLH_C","AP54RH504_tml.VOL_VOH","VOL_VCCY_4.50_IOL_8.00",24411420,"AP54RHC244_TRUTH_TABLE",0,1,"PIN9",1,"P1","","",0,"<=",0.245832,"V","<=",0.51,"P",18.077,604.035,""
1,"A244_VOLH_C","AP54RH504_tml.VOL_VOH","VOH_VCCY_4.50_IOH_-8.00",24411430,"AP54RHC244_TRUTH_TABLE",0,1,"PIN12",1,"P1","","",3.905,"<=",4.27562,"V","<=",4.5,"P",8.706,604.035,""
1,"A244_VOLH_C","AP54RH504_tml.VOL_VOH","VOH_VCCY_4.50_IOH_-8.00",24411430,"AP54RHC244_TRUTH_TABLE",0,1,"PIN14",1,"P1","","",3.905,"<=",4.27123,"V","<=",4.5,"P",8.706,604.035,""
1,"A244_VOLH_C","AP54RH504_tml.VOL_VOH","VOH_VCCY_4.50_IOH_-8.00",24411430,"AP54RHC244_TRUTH_TABLE",0,1,"PIN16",1,"P1","","",3.905,"<=",4.26582,"V","<=",4.5,"P",8.706,604.035,""
1,"A244_VOLH_C","AP54RH504_tml.VOL_VOH","VOH_VCCY_4.50_IOH_-8.00",24411430,"AP54RHC244_TRUTH_TABLE",0,1,"PIN18",1,"P1","","",3.905,"<=",4.26104,"V","<=",4.5,"P",8.706,604.035,""
1,"A244_VOLH_C","AP54RH504_tml.VOL_VOH","VOH_VCCY_4.50_IOH_-8.00",24411430,"AP54RHC244_TRUTH_TABLE",0,1,"PIN3",1,"P1","","",3.905,"<=",4.26034,"V","<=",4.5,"P",8.706,604.035,""
1,"A244_VOLH_C","AP54RH504_tml.VOL_VOH","VOH_VCCY_4.50_IOH_-8.00",24411430,"AP54RHC244_TRUTH_TABLE",0,1,"PIN5",1,"P1","","",3.905,"<=",4.25134,"V","<=",4.5,"P",8.706,604.035,""
1,"A244_VOLH_C","AP54RH504_tml.VOL_VOH","VOH_VCCY_4.50_IOH_-8.00",24411430,"AP54RHC244_TRUTH_TABLE",0,1,"PIN7",1,"P1","","",3.905,"<=",4.24387,"V","<=",4.5,"P",8.706,604.035,""
1,"A244_VOLH_C","AP54RH504_tml.VOL_VOH","VOH_VCCY_4.50_IOH_-8.00",24411430,"AP54RHC244_TRUTH_TABLE",0,1,"PIN9",1,"P1","","",3.905,"<=",4.23734,"V","<=",4.5,"P",8.706,604.035,""
1,"A244_VOLH_C","AP54RH504_tml.VOL_VOH","VOL_VCCY_3.00_IOL_16.00",24411440,"AP54RHC244_TRUTH_TABLE",0,1,"PIN12",1,"P1","","",0,"<=",0.615298,"V","<=",1.13,"P",8.331,604.035,""
1,"A244_VOLH_C","AP54RH504_tml.VOL_VOH","VOL_VCCY_3.00_IOL_16.00",24411440,"AP54RHC244_TRUTH_TABLE",0,1,"PIN14",1,"P1","","",0,"<=",0.615824,"V","<=",1.13,"P",8.331,604.035,""
1,"A244_VOLH_C","AP54RH504_tml.VOL_VOH","VOL_VCCY_3.00_IOL_16.00",24411440,"AP54RHC244_TRUTH_TABLE",0,1,"PIN16",1,"P1","","",0,"<=",0.61711,"V","<=",1.13,"P",8.331,604.035,""
1,"A244_VOLH_C","AP54RH504_tml.VOL_VOH","VOL_VCCY_3.00_IOL_16.00",24411440,"AP54RHC244_TRUTH_TABLE",0,1,"PIN18",1,"P1","","",0,"<=",0.615359,"V","<=",1.13,"P",8.331,604.035,""
1,"A244_VOLH_C","AP54RH504_tml.VOL_VOH","VOL_VCCY_3.00_IOL_16.00",24411440,"AP54RHC244_TRUTH_TABLE",0,1,"PIN3",1,"P1","","",0,"<=",0.608936,"V","<=",1.13,"P",8.331,604.035,""
1,"A244_VOLH_C","AP54RH504_tml.VOL_VOH","VOL_VCCY_3.00_IOL_16.00",24411440,"AP54RHC244_TRUTH_TABLE",0,1,"PIN5",1,"P1","","",0,"<=",0.612454,"V","<=",1.13,"P",8.331,604.035,""
1,"A244_VOLH_C","AP54RH504_tml.VOL_VOH","VOL_VCCY_3.00_IOL_16.00",24411440,"AP54RHC244_TRUTH_TABLE",0,1,"PIN7",1,"P1","","",0,"<=",0.612226,"V","<=",1.13,"P",8.331,604.035,""
1,"A244_VOLH_C","AP54RH504_tml.VOL_VOH","VOL_VCCY_3.00_IOL_16.00",24411440,"AP54RHC244_TRUTH_TABLE",0,1,"PIN9",1,"P1","","",0,"<=",0.602952,"V","<=",1.13,"P",8.331,604.035,""
1,"A244_VOLH_C","AP54RH504_tml.VOL_VOH","VOH_VCCY_3.00_IOH_-16.00",24411450,"AP54RHC244_TRUTH_TABLE",0,1,"PIN12",1,"P1","","",1.9,"<=",2.4364,"V","<=",3,"P",9.178,604.035,""
1,"A244_VOLH_C","AP54RH504_tml.VOL_VOH","VOH_VCCY_3.00_IOH_-16.00",24411450,"AP54RHC244_TRUTH_TABLE",0,1,"PIN14",1,"P1","","",1.9,"<=",2.42667,"V","<=",3,"P",9.178,604.035,""
1,"A244_VOLH_C","AP54RH504_tml.VOL_VOH","VOH_VCCY_3.00_IOH_-16.00",24411450,"AP54RHC244_TRUTH_TABLE",0,1,"PIN16",1,"P1","","",1.9,"<=",2.4144,"V","<=",3,"P",9.178,604.035,""
1,"A244_VOLH_C","AP54RH504_tml.VOL_VOH","VOH_VCCY_3.00_IOH_-16.00",24411450,"AP54RHC244_TRUTH_TABLE",0,1,"PIN18",1,"P1","","",1.9,"<=",2.40369,"V","<=",3,"P",9.178,604.035,""
1,"A244_VOLH_C","AP54RH504_tml.VOL_VOH","VOH_VCCY_3.00_IOH_-16.00",24411450,"AP54RHC244_TRUTH_TABLE",0,1,"PIN3",1,"P1","","",1.9,"<=",2.40096,"V","<=",3,"P",9.178,604.035,""
1,"A244_VOLH_C","AP54RH504_tml.VOL_VOH","VOH_VCCY_3.00_IOH_-16.00",24411450,"AP54RHC244_TRUTH_TABLE",0,1,"PIN5",1,"P1","","",1.9,"<=",2.38188,"V","<=",3,"P",9.178,604.035,""
1,"A244_VOLH_C","AP54RH504_tml.VOL_VOH","VOH_VCCY_3.00_IOH_-16.00",24411450,"AP54RHC244_TRUTH_TABLE",0,1,"PIN7",1,"P1","","",1.9,"<=",2.3654,"V","<=",3,"P",9.178,604.035,""
1,"A244_VOLH_C","AP54RH504_tml.VOL_VOH","VOH_VCCY_3.00_IOH_-16.00",24411450,"AP54RHC244_TRUTH_TABLE",0,1,"PIN9",1,"P1","","",1.9,"<=",2.35106,"V","<=",3,"P",9.178,604.035,""
1,"A244_VOLH_C","AP54RH504_tml.VOL_VOH","VOL_VCCY_3.60_IOL_16.00",24411460,"AP54RHC244_TRUTH_TABLE",0,1,"PIN12",1,"P1","","",0,"<=",0.553683,"V","<=",1.13,"P",17.954,604.035,""
1,"A244_VOLH_C","AP54RH504_tml.VOL_VOH","VOL_VCCY_3.60_IOL_16.00",24411460,"AP54RHC244_TRUTH_TABLE",0,1,"PIN14",1,"P1","","",0,"<=",0.553866,"V","<=",1.13,"P",17.954,604.035,""
1,"A244_VOLH_C","AP54RH504_tml.VOL_VOH","VOL_VCCY_3.60_IOL_16.00",24411460,"AP54RHC244_TRUTH_TABLE",0,1,"PIN16",1,"P1","","",0,"<=",0.554459,"V","<=",1.13,"P",17.954,604.035,""
1,"A244_VOLH_C","AP54RH504_tml.VOL_VOH","VOL_VCCY_3.60_IOL_16.00",24411460,"AP54RHC244_TRUTH_TABLE",0,1,"PIN18",1,"P1","","",0,"<=",0.55356,"V","<=",1.13,"P",17.954,604.035,""
1,"A244_VOLH_C","AP54RH504_tml.VOL_VOH","VOL_VCCY_3.60_IOL_16.00",24411460,"AP54RHC244_TRUTH_TABLE",0,1,"PIN3",1,"P1","","",0,"<=",0.547023,"V","<=",1.13,"P",17.954,604.035,""
1,"A244_VOLH_C","AP54RH504_tml.VOL_VOH","VOL_VCCY_3.60_IOL_16.00",24411460,"AP54RHC244_TRUTH_TABLE",0,1,"PIN5",1,"P1","","",0,"<=",0.550656,"V","<=",1.13,"P",17.954,604.035,""
1,"A244_VOLH_C","AP54RH504_tml.VOL_VOH","VOL_VCCY_3.60_IOL_16.00",24411460,"AP54RHC244_TRUTH_TABLE",0,1,"PIN7",1,"P1","","",0,"<=",0.550724,"V","<=",1.13,"P",17.954,604.035,""
1,"A244_VOLH_C","AP54RH504_tml.VOL_VOH","VOL_VCCY_3.60_IOL_16.00",24411460,"AP54RHC244_TRUTH_TABLE",0,1,"PIN9",1,"P1","","",0,"<=",0.54202,"V","<=",1.13,"P",17.954,604.035,""
1,"A244_VOLH_C","AP54RH504_tml.VOL_VOH","VOH_VCCY_3.60_IOH_-16.00",24411470,"AP54RHC244_TRUTH_TABLE",0,1,"PIN12",1,"P1","","",2.5,"<=",3.09715,"V","<=",3.6,"P",8.231,604.035,""
1,"A244_VOLH_C","AP54RH504_tml.VOL_VOH","VOH_VCCY_3.60_IOH_-16.00",24411470,"AP54RHC244_TRUTH_TABLE",0,1,"PIN14",1,"P1","","",2.5,"<=",3.08753,"V","<=",3.6,"P",8.231,604.035,""
1,"A244_VOLH_C","AP54RH504_tml.VOL_VOH","VOH_VCCY_3.60_IOH_-16.00",24411470,"AP54RHC244_TRUTH_TABLE",0,1,"PIN16",1,"P1","","",2.5,"<=",3.07622,"V","<=",3.6,"P",8.231,604.035,""
1,"A244_VOLH_C","AP54RH504_tml.VOL_VOH","VOH_VCCY_3.60_IOH_-16.00",24411470,"AP54RHC244_TRUTH_TABLE",0,1,"PIN18",1,"P1","","",2.5,"<=",3.06596,"V","<=",3.6,"P",8.231,604.035,""
1,"A244_VOLH_C","AP54RH504_tml.VOL_VOH","VOH_VCCY_3.60_IOH_-16.00",24411470,"AP54RHC244_TRUTH_TABLE",0,1,"PIN3",1,"P1","","",2.5,"<=",3.06364,"V","<=",3.6,"P",8.231,604.035,""
1,"A244_VOLH_C","AP54RH504_tml.VOL_VOH","VOH_VCCY_3.60_IOH_-16.00",24411470,"AP54RHC244_TRUTH_TABLE",0,1,"PIN5",1,"P1","","",2.5,"<=",3.04536,"V","<=",3.6,"P",8.231,604.035,""
1,"A244_VOLH_C","AP54RH504_tml.VOL_VOH","VOH_VCCY_3.60_IOH_-16.00",24411470,"AP54RHC244_TRUTH_TABLE",0,1,"PIN7",1,"P1","","",2.5,"<=",3.02939,"V","<=",3.6,"P",8.231,604.035,""
1,"A244_VOLH_C","AP54RH504_tml.VOL_VOH","VOH_VCCY_3.60_IOH_-16.00",24411470,"AP54RHC244_TRUTH_TABLE",0,1,"PIN9",1,"P1","","",2.5,"<=",3.01595,"V","<=",3.6,"P",8.231,604.035,""
1,"A244_VOLH_C","AP54RH504_tml.VOL_VOH","VOL_VCCY_4.50_IOL_16.00",24411480,"AP54RHC244_TRUTH_TABLE",0,1,"PIN12",1,"P1","","",0,"<=",0.508851,"V","<=",1.07,"P",17.765,604.035,""
1,"A244_VOLH_C","AP54RH504_tml.VOL_VOH","VOL_VCCY_4.50_IOL_16.00",24411480,"AP54RHC244_TRUTH_TABLE",0,1,"PIN14",1,"P1","","",0,"<=",0.508976,"V","<=",1.07,"P",17.765,604.035,""
1,"A244_VOLH_C","AP54RH504_tml.VOL_VOH","VOL_VCCY_4.50_IOL_16.00",24411480,"AP54RHC244_TRUTH_TABLE",0,1,"PIN16",1,"P1","","",0,"<=",0.509065,"V","<=",1.07,"P",17.765,604.035,""
1,"A244_VOLH_C","AP54RH504_tml.VOL_VOH","VOL_VCCY_4.50_IOL_16.00",24411480,"AP54RHC244_TRUTH_TABLE",0,1,"PIN18",1,"P1","","",0,"<=",0.50845,"V","<=",1.07,"P",17.765,604.035,""
1,"A244_VOLH_C","AP54RH504_tml.VOL_VOH","VOL_VCCY_4.50_IOL_16.00",24411480,"AP54RHC244_TRUTH_TABLE",0,1,"PIN3",1,"P1","","",0,"<=",0.502083,"V","<=",1.07,"P",17.765,604.035,""
1,"A244_VOLH_C","AP54RH504_tml.VOL_VOH","VOL_VCCY_4.50_IOL_16.00",24411480,"AP54RHC244_TRUTH_TABLE",0,1,"PIN5",1,"P1","","",0,"<=",0.50583,"V","<=",1.07,"P",17.765,604.035,""
1,"A244_VOLH_C","AP54RH504_tml.VOL_VOH","VOL_VCCY_4.50_IOL_16.00",24411480,"AP54RHC244_TRUTH_TABLE",0,1,"PIN7",1,"P1","","",0,"<=",0.506006,"V","<=",1.07,"P",17.765,604.035,""
1,"A244_VOLH_C","AP54RH504_tml.VOL_VOH","VOL_VCCY_4.50_IOL_16.00",24411480,"AP54RHC244_TRUTH_TABLE",0,1,"PIN9",1,"P1","","",0,"<=",0.497643,"V","<=",1.07,"P",17.765,604.035,""
1,"A244_VOLH_C","AP54RH504_tml.VOL_VOH","VOH_VCCY_4.50_IOH_-16.00",24411490,"AP54RHC244_TRUTH_TABLE",0,1,"PIN12",1,"P1","","",3.6,"<=",4.04953,"V","<=",4.5,"P",8.553,604.035,""
1,"A244_VOLH_C","AP54RH504_tml.VOL_VOH","VOH_VCCY_4.50_IOH_-16.00",24411490,"AP54RHC244_TRUTH_TABLE",0,1,"PIN14",1,"P1","","",3.6,"<=",4.03997,"V","<=",4.5,"P",8.553,604.035,""
1,"A244_VOLH_C","AP54RH504_tml.VOL_VOH","VOH_VCCY_4.50_IOH_-16.00",24411490,"AP54RHC244_TRUTH_TABLE",0,1,"PIN16",1,"P1","","",3.6,"<=",4.02941,"V","<=",4.5,"P",8.553,604.035,""
1,"A244_VOLH_C","AP54RH504_tml.VOL_VOH","VOH_VCCY_4.50_IOH_-16.00",24411490,"AP54RHC244_TRUTH_TABLE",0,1,"PIN18",1,"P1","","",3.6,"<=",4.01938,"V","<=",4.5,"P",8.553,604.035,""
1,"A244_VOLH_C","AP54RH504_tml.VOL_VOH","VOH_VCCY_4.50_IOH_-16.00",24411490,"AP54RHC244_TRUTH_TABLE",0,1,"PIN3",1,"P1","","",3.6,"<=",4.01754,"V","<=",4.5,"P",8.553,604.035,""
1,"A244_VOLH_C","AP54RH504_tml.VOL_VOH","VOH_VCCY_4.50_IOH_-16.00",24411490,"AP54RHC244_TRUTH_TABLE",0,1,"PIN5",1,"P1","","",3.6,"<=",3.99971,"V","<=",4.5,"P",8.553,604.035,""
1,"A244_VOLH_C","AP54RH504_tml.VOL_VOH","VOH_VCCY_4.50_IOH_-16.00",24411490,"AP54RHC244_TRUTH_TABLE",0,1,"PIN7",1,"P1","","",3.6,"<=",3.98416,"V","<=",4.5,"P",8.553,604.035,""
1,"A244_VOLH_C","AP54RH504_tml.VOL_VOH","VOH_VCCY_4.50_IOH_-16.00",24411490,"AP54RHC244_TRUTH_TABLE",0,1,"PIN9",1,"P1","","",3.6,"<=",3.97115,"V","<=",4.5,"P",8.553,604.035,""
1,"A244_VOLH_C","AP54RH504_tml.VOL_VOH","VOL_VCCY_4.50_IOL_24.00",24411500,"AP54RHC244_TRUTH_TABLE",0,1,"PIN12",1,"P1","","",0,"<=",0.776136,"V","<=",1.27,"P",6.321,604.035,""
1,"A244_VOLH_C","AP54RH504_tml.VOL_VOH","VOL_VCCY_4.50_IOL_24.00",24411500,"AP54RHC244_TRUTH_TABLE",0,1,"PIN14",1,"P1","","",0,"<=",0.776381,"V","<=",1.27,"P",6.321,604.035,""
1,"A244_VOLH_C","AP54RH504_tml.VOL_VOH","VOL_VCCY_4.50_IOL_24.00",24411500,"AP54RHC244_TRUTH_TABLE",0,1,"PIN16",1,"P1","","",0,"<=",0.7767,"V","<=",1.27,"P",6.321,604.035,""
1,"A244_VOLH_C","AP54RH504_tml.VOL_VOH","VOL_VCCY_4.50_IOL_24.00",24411500,"AP54RHC244_TRUTH_TABLE",0,1,"PIN18",1,"P1","","",0,"<=",0.77592,"V","<=",1.27,"P",6.321,604.035,""
1,"A244_VOLH_C","AP54RH504_tml.VOL_VOH","VOL_VCCY_4.50_IOL_24.00",24411500,"AP54RHC244_TRUTH_TABLE",0,1,"PIN3",1,"P1","","",0,"<=",0.766027,"V","<=",1.27,"P",6.321,604.035,""
1,"A244_VOLH_C","AP54RH504_tml.VOL_VOH","VOL_VCCY_4.50_IOL_24.00",24411500,"AP54RHC244_TRUTH_TABLE",0,1,"PIN5",1,"P1","","",0,"<=",0.771364,"V","<=",1.27,"P",6.321,604.035,""
1,"A244_VOLH_C","AP54RH504_tml.VOL_VOH","VOL_VCCY_4.50_IOL_24.00",24411500,"AP54RHC244_TRUTH_TABLE",0,1,"PIN7",1,"P1","","",0,"<=",0.771357,"V","<=",1.27,"P",6.321,604.035,""
1,"A244_VOLH_C","AP54RH504_tml.VOL_VOH","VOL_VCCY_4.50_IOL_24.00",24411500,"AP54RHC244_TRUTH_TABLE",0,1,"PIN9",1,"P1","","",0,"<=",0.75884,"V","<=",1.27,"P",6.321,604.035,""
1,"A244_VOLH_C","AP54RH504_tml.VOL_VOH","VOH_VCCY_4.50_IOH_-24.00",24411510,"AP54RHC244_TRUTH_TABLE",0,1,"PIN12",1,"P1","","",3.14,"<=",3.81752,"V","<=",4.5,"P",8.058,604.035,""
1,"A244_VOLH_C","AP54RH504_tml.VOL_VOH","VOH_VCCY_4.50_IOH_-24.00",24411510,"AP54RHC244_TRUTH_TABLE",0,1,"PIN14",1,"P1","","",3.14,"<=",3.80261,"V","<=",4.5,"P",8.058,604.035,""
1,"A244_VOLH_C","AP54RH504_tml.VOL_VOH","VOH_VCCY_4.50_IOH_-24.00",24411510,"AP54RHC244_TRUTH_TABLE",0,1,"PIN16",1,"P1","","",3.14,"<=",3.78621,"V","<=",4.5,"P",8.058,604.035,""
1,"A244_VOLH_C","AP54RH504_tml.VOL_VOH","VOH_VCCY_4.50_IOH_-24.00",24411510,"AP54RHC244_TRUTH_TABLE",0,1,"PIN18",1,"P1","","",3.14,"<=",3.77055,"V","<=",4.5,"P",8.058,604.035,""
1,"A244_VOLH_C","AP54RH504_tml.VOL_VOH","VOH_VCCY_4.50_IOH_-24.00",24411510,"AP54RHC244_TRUTH_TABLE",0,1,"PIN3",1,"P1","","",3.14,"<=",3.76767,"V","<=",4.5,"P",8.058,604.035,""
1,"A244_VOLH_C","AP54RH504_tml.VOL_VOH","VOH_VCCY_4.50_IOH_-24.00",24411510,"AP54RHC244_TRUTH_TABLE",0,1,"PIN5",1,"P1","","",3.14,"<=",3.74022,"V","<=",4.5,"P",8.058,604.035,""
1,"A244_VOLH_C","AP54RH504_tml.VOL_VOH","VOH_VCCY_4.50_IOH_-24.00",24411510,"AP54RHC244_TRUTH_TABLE",0,1,"PIN7",1,"P1","","",3.14,"<=",3.71631,"V","<=",4.5,"P",8.058,604.035,""
1,"A244_VOLH_C","AP54RH504_tml.VOL_VOH","VOH_VCCY_4.50_IOH_-24.00",24411510,"AP54RHC244_TRUTH_TABLE",0,1,"PIN9",1,"P1","","",3.14,"<=",3.69654,"V","<=",4.5,"P",8.058,604.035,""
1,"A244_VOLH_C","AP54RH504_tml.VOL_VOH","VOL_VCCY_5.50_IOL_24.00",24411520,"AP54RHC244_TRUTH_TABLE",0,1,"PIN12",1,"P1","","",0,"<=",0.737221,"V","<=",1.27,"P",17.64,604.035,""
1,"A244_VOLH_C","AP54RH504_tml.VOL_VOH","VOL_VCCY_5.50_IOL_24.00",24411520,"AP54RHC244_TRUTH_TABLE",0,1,"PIN14",1,"P1","","",0,"<=",0.737408,"V","<=",1.27,"P",17.64,604.035,""
1,"A244_VOLH_C","AP54RH504_tml.VOL_VOH","VOL_VCCY_5.50_IOL_24.00",24411520,"AP54RHC244_TRUTH_TABLE",0,1,"PIN16",1,"P1","","",0,"<=",0.737116,"V","<=",1.27,"P",17.64,604.035,""
1,"A244_VOLH_C","AP54RH504_tml.VOL_VOH","VOL_VCCY_5.50_IOL_24.00",24411520,"AP54RHC244_TRUTH_TABLE",0,1,"PIN18",1,"P1","","",0,"<=",0.736563,"V","<=",1.27,"P",17.64,604.035,""
1,"A244_VOLH_C","AP54RH504_tml.VOL_VOH","VOL_VCCY_5.50_IOL_24.00",24411520,"AP54RHC244_TRUTH_TABLE",0,1,"PIN3",1,"P1","","",0,"<=",0.726726,"V","<=",1.27,"P",17.64,604.035,""
1,"A244_VOLH_C","AP54RH504_tml.VOL_VOH","VOL_VCCY_5.50_IOL_24.00",24411520,"AP54RHC244_TRUTH_TABLE",0,1,"PIN5",1,"P1","","",0,"<=",0.73212,"V","<=",1.27,"P",17.64,604.035,""
1,"A244_VOLH_C","AP54RH504_tml.VOL_VOH","VOL_VCCY_5.50_IOL_24.00",24411520,"AP54RHC244_TRUTH_TABLE",0,1,"PIN7",1,"P1","","",0,"<=",0.732442,"V","<=",1.27,"P",17.64,604.035,""
1,"A244_VOLH_C","AP54RH504_tml.VOL_VOH","VOL_VCCY_5.50_IOL_24.00",24411520,"AP54RHC244_TRUTH_TABLE",0,1,"PIN9",1,"P1","","",0,"<=",0.72038,"V","<=",1.27,"P",17.64,604.035,""
1,"A244_VOLH_C","AP54RH504_tml.VOL_VOH","VOH_VCCY_5.50_IOH_-24.00",24411530,"AP54RHC244_TRUTH_TABLE",0,1,"PIN12",1,"P1","","",4.23,"<=",4.87128,"V","<=",5.5,"P",8.055,604.035,""
1,"A244_VOLH_C","AP54RH504_tml.VOL_VOH","VOH_VCCY_5.50_IOH_-24.00",24411530,"AP54RHC244_TRUTH_TABLE",0,1,"PIN14",1,"P1","","",4.23,"<=",4.85683,"V","<=",5.5,"P",8.055,604.035,""
1,"A244_VOLH_C","AP54RH504_tml.VOL_VOH","VOH_VCCY_5.50_IOH_-24.00",24411530,"AP54RHC244_TRUTH_TABLE",0,1,"PIN16",1,"P1","","",4.23,"<=",4.84112,"V","<=",5.5,"P",8.055,604.035,""
1,"A244_VOLH_C","AP54RH504_tml.VOL_VOH","VOH_VCCY_5.50_IOH_-24.00",24411530,"AP54RHC244_TRUTH_TABLE",0,1,"PIN18",1,"P1","","",4.23,"<=",4.82586,"V","<=",5.5,"P",8.055,604.035,""
1,"A244_VOLH_C","AP54RH504_tml.VOL_VOH","VOH_VCCY_5.50_IOH_-24.00",24411530,"AP54RHC244_TRUTH_TABLE",0,1,"PIN3",1,"P1","","",4.23,"<=",4.82341,"V","<=",5.5,"P",8.055,604.035,""
1,"A244_VOLH_C","AP54RH504_tml.VOL_VOH","VOH_VCCY_5.50_IOH_-24.00",24411530,"AP54RHC244_TRUTH_TABLE",0,1,"PIN5",1,"P1","","",4.23,"<=",4.79664,"V","<=",5.5,"P",8.055,604.035,""
1,"A244_VOLH_C","AP54RH504_tml.VOL_VOH","VOH_VCCY_5.50_IOH_-24.00",24411530,"AP54RHC244_TRUTH_TABLE",0,1,"PIN7",1,"P1","","",4.23,"<=",4.77314,"V","<=",5.5,"P",8.055,604.035,""
1,"A244_VOLH_C","AP54RH504_tml.VOL_VOH","VOH_VCCY_5.50_IOH_-24.00",24411530,"AP54RHC244_TRUTH_TABLE",0,1,"PIN9",1,"P1","","",4.23,"<=",4.75403,"V","<=",5.5,"P",8.055,604.035,""
1,"A244_VOLH_C","AP54RH504_tml.VOL_VOH","VOL_VCCY_2.30_IOL_0.10",24411540,"AP54RHC244_TRUTH_TABLE",0,1,"PIN12",1,"P1","","",***,"NA",0.00449,"V","<=",0.03,"P",7.493,604.035,""
1,"A244_VOLH_C","AP54RH504_tml.VOL_VOH","VOL_VCCY_2.30_IOL_0.10",24411540,"AP54RHC244_TRUTH_TABLE",0,1,"PIN14",1,"P1","","",***,"NA",0.004434,"V","<=",0.03,"P",7.493,604.035,""
1,"A244_VOLH_C","AP54RH504_tml.VOL_VOH","VOL_VCCY_2.30_IOL_0.10",24411540,"AP54RHC244_TRUTH_TABLE",0,1,"PIN16",1,"P1","","",***,"NA",0.004381,"V","<=",0.03,"P",7.493,604.035,""
1,"A244_VOLH_C","AP54RH504_tml.VOL_VOH","VOL_VCCY_2.30_IOL_0.10",24411540,"AP54RHC244_TRUTH_TABLE",0,1,"PIN18",1,"P1","","",***,"NA",0.004325,"V","<=",0.03,"P",7.493,604.035,""
1,"A244_VOLH_C","AP54RH504_tml.VOL_VOH","VOL_VCCY_2.30_IOL_0.10",24411540,"AP54RHC244_TRUTH_TABLE",0,1,"PIN3",1,"P1","","",***,"NA",0.004382,"V","<=",0.03,"P",7.493,604.035,""
1,"A244_VOLH_C","AP54RH504_tml.VOL_VOH","VOL_VCCY_2.30_IOL_0.10",24411540,"AP54RHC244_TRUTH_TABLE",0,1,"PIN5",1,"P1","","",***,"NA",0.004268,"V","<=",0.03,"P",7.493,604.035,""
1,"A244_VOLH_C","AP54RH504_tml.VOL_VOH","VOL_VCCY_2.30_IOL_0.10",24411540,"AP54RHC244_TRUTH_TABLE",0,1,"PIN7",1,"P1","","",***,"NA",0.004377,"V","<=",0.03,"P",7.493,604.035,""
1,"A244_VOLH_C","AP54RH504_tml.VOL_VOH","VOL_VCCY_2.30_IOL_0.10",24411540,"AP54RHC244_TRUTH_TABLE",0,1,"PIN9",1,"P1","","",***,"NA",0.004263,"V","<=",0.03,"P",7.493,604.035,""
1,"A244_VOLH_C","AP54RH504_tml.VOL_VOH","VOH_VCCY_2.30_IOH_-0.10",24411550,"AP54RHC244_TRUTH_TABLE",0,1,"PIN12",1,"P1","","",2.2,"<=",2.2953,"V","NA",***,"P",7.759,604.035,""
1,"A244_VOLH_C","AP54RH504_tml.VOL_VOH","VOH_VCCY_2.30_IOH_-0.10",24411550,"AP54RHC244_TRUTH_TABLE",0,1,"PIN14",1,"P1","","",2.2,"<=",2.29519,"V","NA",***,"P",7.759,604.035,""
1,"A244_VOLH_C","AP54RH504_tml.VOL_VOH","VOH_VCCY_2.30_IOH_-0.10",24411550,"AP54RHC244_TRUTH_TABLE",0,1,"PIN16",1,"P1","","",2.2,"<=",2.29514,"V","NA",***,"P",7.759,604.035,""
1,"A244_VOLH_C","AP54RH504_tml.VOL_VOH","VOH_VCCY_2.30_IOH_-0.10",24411550,"AP54RHC244_TRUTH_TABLE",0,1,"PIN18",1,"P1","","",2.2,"<=",2.29508,"V","NA",***,"P",7.759,604.035,""
1,"A244_VOLH_C","AP54RH504_tml.VOL_VOH","VOH_VCCY_2.30_IOH_-0.10",24411550,"AP54RHC244_TRUTH_TABLE",0,1,"PIN3",1,"P1","","",2.2,"<=",2.29519,"V","NA",***,"P",7.759,604.035,""
1,"A244_VOLH_C","AP54RH504_tml.VOL_VOH","VOH_VCCY_2.30_IOH_-0.10",24411550,"AP54RHC244_TRUTH_TABLE",0,1,"PIN5",1,"P1","","",2.2,"<=",2.29491,"V","NA",***,"P",7.759,604.035,""
1,"A244_VOLH_C","AP54RH504_tml.VOL_VOH","VOH_VCCY_2.30_IOH_-0.10",24411550,"AP54RHC244_TRUTH_TABLE",0,1,"PIN7",1,"P1","","",2.2,"<=",2.29479,"V","NA",***,"P",7.759,604.035,""
1,"A244_VOLH_C","AP54RH504_tml.VOL_VOH","VOH_VCCY_2.30_IOH_-0.10",24411550,"AP54RHC244_TRUTH_TABLE",0,1,"PIN9",1,"P1","","",2.2,"<=",2.29485,"V","NA",***,"P",7.759,604.035,""
1,"A244_VOLH_C","AP54RH504_tml.VOL_VOH","VOL_VCCY_2.30_IOL_1.00",24411560,"AP54RHC244_TRUTH_TABLE",0,1,"PIN12",1,"P1","","",***,"NA",0.042154,"V","<=",0.09,"P",5.803,604.035,""
1,"A244_VOLH_C","AP54RH504_tml.VOL_VOH","VOL_VCCY_2.30_IOL_1.00",24411560,"AP54RHC244_TRUTH_TABLE",0,1,"PIN14",1,"P1","","",***,"NA",0.042041,"V","<=",0.09,"P",5.803,604.035,""
1,"A244_VOLH_C","AP54RH504_tml.VOL_VOH","VOL_VCCY_2.30_IOL_1.00",24411560,"AP54RHC244_TRUTH_TABLE",0,1,"PIN16",1,"P1","","",***,"NA",0.042257,"V","<=",0.09,"P",5.803,604.035,""
1,"A244_VOLH_C","AP54RH504_tml.VOL_VOH","VOL_VCCY_2.30_IOL_1.00",24411560,"AP54RHC244_TRUTH_TABLE",0,1,"PIN18",1,"P1","","",***,"NA",0.041859,"V","<=",0.09,"P",5.803,604.035,""
1,"A244_VOLH_C","AP54RH504_tml.VOL_VOH","VOL_VCCY_2.30_IOL_1.00",24411560,"AP54RHC244_TRUTH_TABLE",0,1,"PIN3",1,"P1","","",***,"NA",0.041803,"V","<=",0.09,"P",5.803,604.035,""
1,"A244_VOLH_C","AP54RH504_tml.VOL_VOH","VOL_VCCY_2.30_IOL_1.00",24411560,"AP54RHC244_TRUTH_TABLE",0,1,"PIN5",1,"P1","","",***,"NA",0.041859,"V","<=",0.09,"P",5.803,604.035,""
1,"A244_VOLH_C","AP54RH504_tml.VOL_VOH","VOL_VCCY_2.30_IOL_1.00",24411560,"AP54RHC244_TRUTH_TABLE",0,1,"PIN7",1,"P1","","",***,"NA",0.041926,"V","<=",0.09,"P",5.803,604.035,""
1,"A244_VOLH_C","AP54RH504_tml.VOL_VOH","VOL_VCCY_2.30_IOL_1.00",24411560,"AP54RHC244_TRUTH_TABLE",0,1,"PIN9",1,"P1","","",***,"NA",0.041471,"V","<=",0.09,"P",5.803,604.035,""
1,"A244_VOLH_C","AP54RH504_tml.VOL_VOH","VOH_VCCY_2.30_IOH_-1.00",24411570,"AP54RHC244_TRUTH_TABLE",0,1,"PIN12",1,"P1","","",2.15,"<=",2.25929,"V","NA",***,"P",7.811,604.035,""
1,"A244_VOLH_C","AP54RH504_tml.VOL_VOH","VOH_VCCY_2.30_IOH_-1.00",24411570,"AP54RHC244_TRUTH_TABLE",0,1,"PIN14",1,"P1","","",2.15,"<=",2.25883,"V","NA",***,"P",7.811,604.035,""
1,"A244_VOLH_C","AP54RH504_tml.VOL_VOH","VOH_VCCY_2.30_IOH_-1.00",24411570,"AP54RHC244_TRUTH_TABLE",0,1,"PIN16",1,"P1","","",2.15,"<=",2.25806,"V","NA",***,"P",7.811,604.035,""
1,"A244_VOLH_C","AP54RH504_tml.VOL_VOH","VOH_VCCY_2.30_IOH_-1.00",24411570,"AP54RHC244_TRUTH_TABLE",0,1,"PIN18",1,"P1","","",2.15,"<=",2.25737,"V","NA",***,"P",7.811,604.035,""
1,"A244_VOLH_C","AP54RH504_tml.VOL_VOH","VOH_VCCY_2.30_IOH_-1.00",24411570,"AP54RHC244_TRUTH_TABLE",0,1,"PIN3",1,"P1","","",2.15,"<=",2.25736,"V","NA",***,"P",7.811,604.035,""
1,"A244_VOLH_C","AP54RH504_tml.VOL_VOH","VOH_VCCY_2.30_IOH_-1.00",24411570,"AP54RHC244_TRUTH_TABLE",0,1,"PIN5",1,"P1","","",2.15,"<=",2.25623,"V","NA",***,"P",7.811,604.035,""
1,"A244_VOLH_C","AP54RH504_tml.VOL_VOH","VOH_VCCY_2.30_IOH_-1.00",24411570,"AP54RHC244_TRUTH_TABLE",0,1,"PIN7",1,"P1","","",2.15,"<=",2.25542,"V","NA",***,"P",7.811,604.035,""
1,"A244_VOLH_C","AP54RH504_tml.VOL_VOH","VOH_VCCY_2.30_IOH_-1.00",24411570,"AP54RHC244_TRUTH_TABLE",0,1,"PIN9",1,"P1","","",2.15,"<=",2.25451,"V","NA",***,"P",7.811,604.035,""
1,"A244_VOLH_C","AP54RH504_tml.VOL_VOH","VOL_VCCY_3.00_IOL_0.10",24411580,"AP54RHC244_TRUTH_TABLE",0,1,"PIN12",1,"P1","","",***,"NA",0.003808,"V","<=",0.03,"P",17.274,604.035,""
1,"A244_VOLH_C","AP54RH504_tml.VOL_VOH","VOL_VCCY_3.00_IOL_0.10",24411580,"AP54RHC244_TRUTH_TABLE",0,1,"PIN14",1,"P1","","",***,"NA",0.003751,"V","<=",0.03,"P",17.274,604.035,""
1,"A244_VOLH_C","AP54RH504_tml.VOL_VOH","VOL_VCCY_3.00_IOL_0.10",24411580,"AP54RHC244_TRUTH_TABLE",0,1,"PIN16",1,"P1","","",***,"NA",0.003698,"V","<=",0.03,"P",17.274,604.035,""
1,"A244_VOLH_C","AP54RH504_tml.VOL_VOH","VOL_VCCY_3.00_IOL_0.10",24411580,"AP54RHC244_TRUTH_TABLE",0,1,"PIN18",1,"P1","","",***,"NA",0.003641,"V","<=",0.03,"P",17.274,604.035,""
1,"A244_VOLH_C","AP54RH504_tml.VOL_VOH","VOL_VCCY_3.00_IOL_0.10",24411580,"AP54RHC244_TRUTH_TABLE",0,1,"PIN3",1,"P1","","",***,"NA",0.003812,"V","<=",0.03,"P",17.274,604.035,""
1,"A244_VOLH_C","AP54RH504_tml.VOL_VOH","VOL_VCCY_3.00_IOL_0.10",24411580,"AP54RHC244_TRUTH_TABLE",0,1,"PIN5",1,"P1","","",***,"NA",0.003755,"V","<=",0.03,"P",17.274,604.035,""
1,"A244_VOLH_C","AP54RH504_tml.VOL_VOH","VOL_VCCY_3.00_IOL_0.10",24411580,"AP54RHC244_TRUTH_TABLE",0,1,"PIN7",1,"P1","","",***,"NA",0.003808,"V","<=",0.03,"P",17.274,604.035,""
1,"A244_VOLH_C","AP54RH504_tml.VOL_VOH","VOL_VCCY_3.00_IOL_0.10",24411580,"AP54RHC244_TRUTH_TABLE",0,1,"PIN9",1,"P1","","",***,"NA",0.003751,"V","<=",0.03,"P",17.274,604.035,""
1,"A244_VOLH_C","AP54RH504_tml.VOL_VOH","VOH_VCCY_3.00_IOH_-0.10",24411590,"AP54RHC244_TRUTH_TABLE",0,1,"PIN12",1,"P1","","",2.9,"<=",2.9956,"V","NA",***,"P",8.574,604.035,""
1,"A244_VOLH_C","AP54RH504_tml.VOL_VOH","VOH_VCCY_3.00_IOH_-0.10",24411590,"AP54RHC244_TRUTH_TABLE",0,1,"PIN14",1,"P1","","",2.9,"<=",2.99548,"V","NA",***,"P",8.574,604.035,""
1,"A244_VOLH_C","AP54RH504_tml.VOL_VOH","VOH_VCCY_3.00_IOH_-0.10",24411590,"AP54RHC244_TRUTH_TABLE",0,1,"PIN16",1,"P1","","",2.9,"<=",2.9954,"V","NA",***,"P",8.574,604.035,""
1,"A244_VOLH_C","AP54RH504_tml.VOL_VOH","VOH_VCCY_3.00_IOH_-0.10",24411590,"AP54RHC244_TRUTH_TABLE",0,1,"PIN18",1,"P1","","",2.9,"<=",2.99528,"V","NA",***,"P",8.574,604.035,""
1,"A244_VOLH_C","AP54RH504_tml.VOL_VOH","VOH_VCCY_3.00_IOH_-0.10",24411590,"AP54RHC244_TRUTH_TABLE",0,1,"PIN3",1,"P1","","",2.9,"<=",2.99535,"V","NA",***,"P",8.574,604.035,""
1,"A244_VOLH_C","AP54RH504_tml.VOL_VOH","VOH_VCCY_3.00_IOH_-0.10",24411590,"AP54RHC244_TRUTH_TABLE",0,1,"PIN5",1,"P1","","",2.9,"<=",2.99524,"V","NA",***,"P",8.574,604.035,""
1,"A244_VOLH_C","AP54RH504_tml.VOL_VOH","VOH_VCCY_3.00_IOH_-0.10",24411590,"AP54RHC244_TRUTH_TABLE",0,1,"PIN7",1,"P1","","",2.9,"<=",2.9952,"V","NA",***,"P",8.574,604.035,""
1,"A244_VOLH_C","AP54RH504_tml.VOL_VOH","VOH_VCCY_3.00_IOH_-0.10",24411590,"AP54RHC244_TRUTH_TABLE",0,1,"PIN9",1,"P1","","",2.9,"<=",2.99513,"V","NA",***,"P",8.574,604.035,""
1,"A244_VOLH_C","AP54RH504_tml.VOL_VOH","VOL_VCCY_3.00_IOL_1.00",24411600,"AP54RHC244_TRUTH_TABLE",0,1,"PIN12",1,"P1","","",***,"NA",0.036123,"V","<=",0.09,"P",6.806,604.035,""
1,"A244_VOLH_C","AP54RH504_tml.VOL_VOH","VOL_VCCY_3.00_IOL_1.00",24411600,"AP54RHC244_TRUTH_TABLE",0,1,"PIN14",1,"P1","","",***,"NA",0.036124,"V","<=",0.09,"P",6.806,604.035,""
1,"A244_VOLH_C","AP54RH504_tml.VOL_VOH","VOL_VCCY_3.00_IOL_1.00",24411600,"AP54RHC244_TRUTH_TABLE",0,1,"PIN16",1,"P1","","",***,"NA",0.03622,"V","<=",0.09,"P",6.806,604.035,""
1,"A244_VOLH_C","AP54RH504_tml.VOL_VOH","VOL_VCCY_3.00_IOL_1.00",24411600,"AP54RHC244_TRUTH_TABLE",0,1,"PIN18",1,"P1","","",***,"NA",0.035993,"V","<=",0.09,"P",6.806,604.035,""
1,"A244_VOLH_C","AP54RH504_tml.VOL_VOH","VOL_VCCY_3.00_IOL_1.00",24411600,"AP54RHC244_TRUTH_TABLE",0,1,"PIN3",1,"P1","","",***,"NA",0.035709,"V","<=",0.09,"P",6.806,604.035,""
1,"A244_VOLH_C","AP54RH504_tml.VOL_VOH","VOL_VCCY_3.00_IOL_1.00",24411600,"AP54RHC244_TRUTH_TABLE",0,1,"PIN5",1,"P1","","",***,"NA",0.035936,"V","<=",0.09,"P",6.806,604.035,""
1,"A244_VOLH_C","AP54RH504_tml.VOL_VOH","VOL_VCCY_3.00_IOL_1.00",24411600,"AP54RHC244_TRUTH_TABLE",0,1,"PIN7",1,"P1","","",***,"NA",0.036009,"V","<=",0.09,"P",6.806,604.035,""
1,"A244_VOLH_C","AP54RH504_tml.VOL_VOH","VOL_VCCY_3.00_IOL_1.00",24411600,"AP54RHC244_TRUTH_TABLE",0,1,"PIN9",1,"P1","","",***,"NA",0.03544,"V","<=",0.09,"P",6.806,604.035,""
1,"A244_VOLH_C","AP54RH504_tml.VOL_VOH","VOH_VCCY_3.00_IOH_-1.00",24411610,"AP54RHC244_TRUTH_TABLE",0,1,"PIN12",1,"P1","","",2.85,"<=",2.96539,"V","NA",***,"P",8.065,604.035,""
1,"A244_VOLH_C","AP54RH504_tml.VOL_VOH","VOH_VCCY_3.00_IOH_-1.00",24411610,"AP54RHC244_TRUTH_TABLE",0,1,"PIN14",1,"P1","","",2.85,"<=",2.9647,"V","NA",***,"P",8.065,604.035,""
1,"A244_VOLH_C","AP54RH504_tml.VOL_VOH","VOH_VCCY_3.00_IOH_-1.00",24411610,"AP54RHC244_TRUTH_TABLE",0,1,"PIN16",1,"P1","","",2.85,"<=",2.96413,"V","NA",***,"P",8.065,604.035,""
1,"A244_VOLH_C","AP54RH504_tml.VOL_VOH","VOH_VCCY_3.00_IOH_-1.00",24411610,"AP54RHC244_TRUTH_TABLE",0,1,"PIN18",1,"P1","","",2.85,"<=",2.96339,"V","NA",***,"P",8.065,604.035,""
1,"A244_VOLH_C","AP54RH504_tml.VOL_VOH","VOH_VCCY_3.00_IOH_-1.00",24411610,"AP54RHC244_TRUTH_TABLE",0,1,"PIN3",1,"P1","","",2.85,"<=",2.96334,"V","NA",***,"P",8.065,604.035,""
1,"A244_VOLH_C","AP54RH504_tml.VOL_VOH","VOH_VCCY_3.00_IOH_-1.00",24411610,"AP54RHC244_TRUTH_TABLE",0,1,"PIN5",1,"P1","","",2.85,"<=",2.96226,"V","NA",***,"P",8.065,604.035,""
1,"A244_VOLH_C","AP54RH504_tml.VOL_VOH","VOH_VCCY_3.00_IOH_-1.00",24411610,"AP54RHC244_TRUTH_TABLE",0,1,"PIN7",1,"P1","","",2.85,"<=",2.96135,"V","NA",***,"P",8.065,604.035,""
1,"A244_VOLH_C","AP54RH504_tml.VOL_VOH","VOH_VCCY_3.00_IOH_-1.00",24411610,"AP54RHC244_TRUTH_TABLE",0,1,"PIN9",1,"P1","","",2.85,"<=",2.96065,"V","NA",***,"P",8.065,604.035,""
1,"A244_VOLH_C","AP54RH504_tml.VOL_VOH","VOL_VCCY_4.50_IOL_0.10",24411620,"AP54RHC244_TRUTH_TABLE",0,1,"PIN12",1,"P1","","",***,"NA",0.003409,"V","<=",0.03,"P",17.699,604.035,""
1,"A244_VOLH_C","AP54RH504_tml.VOL_VOH","VOL_VCCY_4.50_IOL_0.10",24411620,"AP54RHC244_TRUTH_TABLE",0,1,"PIN14",1,"P1","","",***,"NA",0.003296,"V","<=",0.03,"P",17.699,604.035,""
1,"A244_VOLH_C","AP54RH504_tml.VOL_VOH","VOL_VCCY_4.50_IOL_0.10",24411620,"AP54RHC244_TRUTH_TABLE",0,1,"PIN16",1,"P1","","",***,"NA",0.003299,"V","<=",0.03,"P",17.699,604.035,""
1,"A244_VOLH_C","AP54RH504_tml.VOL_VOH","VOL_VCCY_4.50_IOL_0.10",24411620,"AP54RHC244_TRUTH_TABLE",0,1,"PIN18",1,"P1","","",***,"NA",0.003242,"V","<=",0.03,"P",17.699,604.035,""
1,"A244_VOLH_C","AP54RH504_tml.VOL_VOH","VOL_VCCY_4.50_IOL_0.10",24411620,"AP54RHC244_TRUTH_TABLE",0,1,"PIN3",1,"P1","","",***,"NA",0.003356,"V","<=",0.03,"P",17.699,604.035,""
1,"A244_VOLH_C","AP54RH504_tml.VOL_VOH","VOL_VCCY_4.50_IOL_0.10",24411620,"AP54RHC244_TRUTH_TABLE",0,1,"PIN5",1,"P1","","",***,"NA",0.003185,"V","<=",0.03,"P",17.699,604.035,""
1,"A244_VOLH_C","AP54RH504_tml.VOL_VOH","VOL_VCCY_4.50_IOL_0.10",24411620,"AP54RHC244_TRUTH_TABLE",0,1,"PIN7",1,"P1","","",***,"NA",0.003352,"V","<=",0.03,"P",17.699,604.035,""
1,"A244_VOLH_C","AP54RH504_tml.VOL_VOH","VOL_VCCY_4.50_IOL_0.10",24411620,"AP54RHC244_TRUTH_TABLE",0,1,"PIN9",1,"P1","","",***,"NA",0.003296,"V","<=",0.03,"P",17.699,604.035,""
1,"A244_VOLH_C","AP54RH504_tml.VOL_VOH","VOH_VCCY_4.50_IOH_-0.10",24411630,"AP54RHC244_TRUTH_TABLE",0,1,"PIN12",1,"P1","","",4.4,"<=",4.49499,"V","NA",***,"P",8.483,604.035,""
1,"A244_VOLH_C","AP54RH504_tml.VOL_VOH","VOH_VCCY_4.50_IOH_-0.10",24411630,"AP54RHC244_TRUTH_TABLE",0,1,"PIN14",1,"P1","","",4.4,"<=",4.49493,"V","NA",***,"P",8.483,604.035,""
1,"A244_VOLH_C","AP54RH504_tml.VOL_VOH","VOH_VCCY_4.50_IOH_-0.10",24411630,"AP54RHC244_TRUTH_TABLE",0,1,"PIN16",1,"P1","","",4.4,"<=",4.4949,"V","NA",***,"P",8.483,604.035,""
1,"A244_VOLH_C","AP54RH504_tml.VOL_VOH","VOH_VCCY_4.50_IOH_-0.10",24411630,"AP54RHC244_TRUTH_TABLE",0,1,"PIN18",1,"P1","","",4.4,"<=",4.49478,"V","NA",***,"P",8.483,604.035,""
1,"A244_VOLH_C","AP54RH504_tml.VOL_VOH","VOH_VCCY_4.50_IOH_-0.10",24411630,"AP54RHC244_TRUTH_TABLE",0,1,"PIN3",1,"P1","","",4.4,"<=",4.49477,"V","NA",***,"P",8.483,604.035,""
1,"A244_VOLH_C","AP54RH504_tml.VOL_VOH","VOH_VCCY_4.50_IOH_-0.10",24411630,"AP54RHC244_TRUTH_TABLE",0,1,"PIN5",1,"P1","","",4.4,"<=",4.49471,"V","NA",***,"P",8.483,604.035,""
1,"A244_VOLH_C","AP54RH504_tml.VOL_VOH","VOH_VCCY_4.50_IOH_-0.10",24411630,"AP54RHC244_TRUTH_TABLE",0,1,"PIN7",1,"P1","","",4.4,"<=",4.49459,"V","NA",***,"P",8.483,604.035,""
1,"A244_VOLH_C","AP54RH504_tml.VOL_VOH","VOH_VCCY_4.50_IOH_-0.10",24411630,"AP54RHC244_TRUTH_TABLE",0,1,"PIN9",1,"P1","","",4.4,"<=",4.49455,"V","NA",***,"P",8.483,604.035,""
1,"A244_VOLH_C","AP54RH504_tml.VOL_VOH","VOL_VCCY_4.50_IOL_1.00",24411640,"AP54RHC244_TRUTH_TABLE",0,1,"PIN12",1,"P1","","",***,"NA",0.031458,"V","<=",0.09,"P",6.207,604.035,""
1,"A244_VOLH_C","AP54RH504_tml.VOL_VOH","VOL_VCCY_4.50_IOL_1.00",24411640,"AP54RHC244_TRUTH_TABLE",0,1,"PIN14",1,"P1","","",***,"NA",0.031402,"V","<=",0.09,"P",6.207,604.035,""
1,"A244_VOLH_C","AP54RH504_tml.VOL_VOH","VOL_VCCY_4.50_IOL_1.00",24411640,"AP54RHC244_TRUTH_TABLE",0,1,"PIN16",1,"P1","","",***,"NA",0.031378,"V","<=",0.09,"P",6.207,604.035,""
1,"A244_VOLH_C","AP54RH504_tml.VOL_VOH","VOL_VCCY_4.50_IOL_1.00",24411640,"AP54RHC244_TRUTH_TABLE",0,1,"PIN18",1,"P1","","",***,"NA",0.031208,"V","<=",0.09,"P",6.207,604.035,""
1,"A244_VOLH_C","AP54RH504_tml.VOL_VOH","VOL_VCCY_4.50_IOL_1.00",24411640,"AP54RHC244_TRUTH_TABLE",0,1,"PIN3",1,"P1","","",***,"NA",0.030924,"V","<=",0.09,"P",6.207,604.035,""
1,"A244_VOLH_C","AP54RH504_tml.VOL_VOH","VOL_VCCY_4.50_IOL_1.00",24411640,"AP54RHC244_TRUTH_TABLE",0,1,"PIN5",1,"P1","","",***,"NA",0.031208,"V","<=",0.09,"P",6.207,604.035,""
1,"A244_VOLH_C","AP54RH504_tml.VOL_VOH","VOL_VCCY_4.50_IOL_1.00",24411640,"AP54RHC244_TRUTH_TABLE",0,1,"PIN7",1,"P1","","",***,"NA",0.03123,"V","<=",0.09,"P",6.207,604.035,""
1,"A244_VOLH_C","AP54RH504_tml.VOL_VOH","VOL_VCCY_4.50_IOL_1.00",24411640,"AP54RHC244_TRUTH_TABLE",0,1,"PIN9",1,"P1","","",***,"NA",0.030718,"V","<=",0.09,"P",6.207,604.035,""
1,"A244_VOLH_C","AP54RH504_tml.VOL_VOH","VOH_VCCY_4.50_IOH_-1.00",24411650,"AP54RHC244_TRUTH_TABLE",0,1,"PIN12",1,"P1","","",4.35,"<=",4.47007,"V","NA",***,"P",8.716,604.035,""
1,"A244_VOLH_C","AP54RH504_tml.VOL_VOH","VOH_VCCY_4.50_IOH_-1.00",24411650,"AP54RHC244_TRUTH_TABLE",0,1,"PIN14",1,"P1","","",4.35,"<=",4.46956,"V","NA",***,"P",8.716,604.035,""
1,"A244_VOLH_C","AP54RH504_tml.VOL_VOH","VOH_VCCY_4.50_IOH_-1.00",24411650,"AP54RHC244_TRUTH_TABLE",0,1,"PIN16",1,"P1","","",4.35,"<=",4.46898,"V","NA",***,"P",8.716,604.035,""
1,"A244_VOLH_C","AP54RH504_tml.VOL_VOH","VOH_VCCY_4.50_IOH_-1.00",24411650,"AP54RHC244_TRUTH_TABLE",0,1,"PIN18",1,"P1","","",4.35,"<=",4.4683,"V","NA",***,"P",8.716,604.035,""
1,"A244_VOLH_C","AP54RH504_tml.VOL_VOH","VOH_VCCY_4.50_IOH_-1.00",24411650,"AP54RHC244_TRUTH_TABLE",0,1,"PIN3",1,"P1","","",4.35,"<=",4.46828,"V","NA",***,"P",8.716,604.035,""
1,"A244_VOLH_C","AP54RH504_tml.VOL_VOH","VOH_VCCY_4.50_IOH_-1.00",24411650,"AP54RHC244_TRUTH_TABLE",0,1,"PIN5",1,"P1","","",4.35,"<=",4.46715,"V","NA",***,"P",8.716,604.035,""
1,"A244_VOLH_C","AP54RH504_tml.VOL_VOH","VOH_VCCY_4.50_IOH_-1.00",24411650,"AP54RHC244_TRUTH_TABLE",0,1,"PIN7",1,"P1","","",4.35,"<=",4.46626,"V","NA",***,"P",8.716,604.035,""
1,"A244_VOLH_C","AP54RH504_tml.VOL_VOH","VOH_VCCY_4.50_IOH_-1.00",24411650,"AP54RHC244_TRUTH_TABLE",0,1,"PIN9",1,"P1","","",4.35,"<=",4.46542,"V","NA",***,"P",8.716,604.035,""
1,"A244_VOLH_C","AP54RH504_tml.VOL_VOH","VOL_VCCY_1.40_IOL_1.00",24411680,"AP54RHC244_TRUTH_TABLE",0,1,"PIN12",1,"P1","","",0,"<=",0.068552,"V","<=",0.1,"P",8.202,604.035,""
1,"A244_VOLH_C","AP54RH504_tml.VOL_VOH","VOL_VCCY_1.40_IOL_1.00",24411680,"AP54RHC244_TRUTH_TABLE",0,1,"PIN14",1,"P1","","",0,"<=",0.068611,"V","<=",0.1,"P",8.202,604.035,""
1,"A244_VOLH_C","AP54RH504_tml.VOL_VOH","VOL_VCCY_1.40_IOL_1.00",24411680,"AP54RHC244_TRUTH_TABLE",0,1,"PIN16",1,"P1","","",0,"<=",0.068855,"V","<=",0.1,"P",8.202,604.035,""
1,"A244_VOLH_C","AP54RH504_tml.VOL_VOH","VOL_VCCY_1.40_IOL_1.00",24411680,"AP54RHC244_TRUTH_TABLE",0,1,"PIN18",1,"P1","","",0,"<=",0.068344,"V","<=",0.1,"P",8.202,604.035,""
1,"A244_VOLH_C","AP54RH504_tml.VOL_VOH","VOL_VCCY_1.40_IOL_1.00",24411680,"AP54RHC244_TRUTH_TABLE",0,1,"PIN3",1,"P1","","",0,"<=",0.068232,"V","<=",0.1,"P",8.202,604.035,""
1,"A244_VOLH_C","AP54RH504_tml.VOL_VOH","VOL_VCCY_1.40_IOL_1.00",24411680,"AP54RHC244_TRUTH_TABLE",0,1,"PIN5",1,"P1","","",0,"<=",0.068287,"V","<=",0.1,"P",8.202,604.035,""
1,"A244_VOLH_C","AP54RH504_tml.VOL_VOH","VOL_VCCY_1.40_IOL_1.00",24411680,"AP54RHC244_TRUTH_TABLE",0,1,"PIN7",1,"P1","","",0,"<=",0.068439,"V","<=",0.1,"P",8.202,604.035,""
1,"A244_VOLH_C","AP54RH504_tml.VOL_VOH","VOL_VCCY_1.40_IOL_1.00",24411680,"AP54RHC244_TRUTH_TABLE",0,1,"PIN9",1,"P1","","",0,"<=",0.06787,"V","<=",0.1,"P",8.202,604.035,""
1,"A244_VOLH_C","AP54RH504_tml.VOL_VOH","VOH_VCCY_1.40_IOH_-1.00",24411690,"AP54RHC244_TRUTH_TABLE",0,1,"PIN12",1,"P1","","",1.25,"<=",1.33546,"V","<=",1.4,"P",8.45,604.035,""
1,"A244_VOLH_C","AP54RH504_tml.VOL_VOH","VOH_VCCY_1.40_IOH_-1.00",24411690,"AP54RHC244_TRUTH_TABLE",0,1,"PIN14",1,"P1","","",1.25,"<=",1.33497,"V","<=",1.4,"P",8.45,604.035,""
1,"A244_VOLH_C","AP54RH504_tml.VOL_VOH","VOH_VCCY_1.40_IOH_-1.00",24411690,"AP54RHC244_TRUTH_TABLE",0,1,"PIN16",1,"P1","","",1.25,"<=",1.33407,"V","<=",1.4,"P",8.45,604.035,""
1,"A244_VOLH_C","AP54RH504_tml.VOL_VOH","VOH_VCCY_1.40_IOH_-1.00",24411690,"AP54RHC244_TRUTH_TABLE",0,1,"PIN18",1,"P1","","",1.25,"<=",1.33342,"V","<=",1.4,"P",8.45,604.035,""
1,"A244_VOLH_C","AP54RH504_tml.VOL_VOH","VOH_VCCY_1.40_IOH_-1.00",24411690,"AP54RHC244_TRUTH_TABLE",0,1,"PIN3",1,"P1","","",1.25,"<=",1.33327,"V","<=",1.4,"P",8.45,604.035,""
1,"A244_VOLH_C","AP54RH504_tml.VOL_VOH","VOH_VCCY_1.40_IOH_-1.00",24411690,"AP54RHC244_TRUTH_TABLE",0,1,"PIN5",1,"P1","","",1.25,"<=",1.33205,"V","<=",1.4,"P",8.45,604.035,""
1,"A244_VOLH_C","AP54RH504_tml.VOL_VOH","VOH_VCCY_1.40_IOH_-1.00",24411690,"AP54RHC244_TRUTH_TABLE",0,1,"PIN7",1,"P1","","",1.25,"<=",1.33113,"V","<=",1.4,"P",8.45,604.035,""
1,"A244_VOLH_C","AP54RH504_tml.VOL_VOH","VOH_VCCY_1.40_IOH_-1.00",24411690,"AP54RHC244_TRUTH_TABLE",0,1,"PIN9",1,"P1","","",1.25,"<=",1.33039,"V","<=",1.4,"P",8.45,604.035,""
1,"A244_VOLH_C","AP54RH504_tml.VOL_VOH","VOL_VCCY_1.40_IOL_2.00",24411700,"AP54RHC244_TRUTH_TABLE",0,1,"PIN12",1,"P1","","",0,"<=",0.142912,"V","<=",0.275,"P",6.517,604.035,""
1,"A244_VOLH_C","AP54RH504_tml.VOL_VOH","VOL_VCCY_1.40_IOL_2.00",24411700,"AP54RHC244_TRUTH_TABLE",0,1,"PIN14",1,"P1","","",0,"<=",0.143655,"V","<=",0.275,"P",6.517,604.035,""
1,"A244_VOLH_C","AP54RH504_tml.VOL_VOH","VOL_VCCY_1.40_IOL_2.00",24411700,"AP54RHC244_TRUTH_TABLE",0,1,"PIN16",1,"P1","","",0,"<=",0.144606,"V","<=",0.275,"P",6.517,604.035,""
1,"A244_VOLH_C","AP54RH504_tml.VOL_VOH","VOL_VCCY_1.40_IOL_2.00",24411700,"AP54RHC244_TRUTH_TABLE",0,1,"PIN18",1,"P1","","",0,"<=",0.144439,"V","<=",0.275,"P",6.517,604.035,""
1,"A244_VOLH_C","AP54RH504_tml.VOL_VOH","VOL_VCCY_1.40_IOL_2.00",24411700,"AP54RHC244_TRUTH_TABLE",0,1,"PIN3",1,"P1","","",0,"<=",0.143132,"V","<=",0.275,"P",6.517,604.035,""
1,"A244_VOLH_C","AP54RH504_tml.VOL_VOH","VOL_VCCY_1.40_IOL_2.00",24411700,"AP54RHC244_TRUTH_TABLE",0,1,"PIN5",1,"P1","","",0,"<=",0.143413,"V","<=",0.275,"P",6.517,604.035,""
1,"A244_VOLH_C","AP54RH504_tml.VOL_VOH","VOL_VCCY_1.40_IOL_2.00",24411700,"AP54RHC244_TRUTH_TABLE",0,1,"PIN7",1,"P1","","",0,"<=",0.143595,"V","<=",0.275,"P",6.517,604.035,""
1,"A244_VOLH_C","AP54RH504_tml.VOL_VOH","VOL_VCCY_1.40_IOL_2.00",24411700,"AP54RHC244_TRUTH_TABLE",0,1,"PIN9",1,"P1","","",0,"<=",0.141888,"V","<=",0.275,"P",6.517,604.035,""
1,"A244_VOLH_C","AP54RH504_tml.VOL_VOH","VOH_VCCY_1.40_IOH_-2.00",24411710,"AP54RHC244_TRUTH_TABLE",0,1,"PIN12",1,"P1","","",1.15,"<=",1.26684,"V","<=",1.4,"P",8.147,604.035,""
1,"A244_VOLH_C","AP54RH504_tml.VOL_VOH","VOH_VCCY_1.40_IOH_-2.00",24411710,"AP54RHC244_TRUTH_TABLE",0,1,"PIN14",1,"P1","","",1.15,"<=",1.26647,"V","<=",1.4,"P",8.147,604.035,""
1,"A244_VOLH_C","AP54RH504_tml.VOL_VOH","VOH_VCCY_1.40_IOH_-2.00",24411710,"AP54RHC244_TRUTH_TABLE",0,1,"PIN16",1,"P1","","",1.15,"<=",1.26447,"V","<=",1.4,"P",8.147,604.035,""
1,"A244_VOLH_C","AP54RH504_tml.VOL_VOH","VOH_VCCY_1.40_IOH_-2.00",24411710,"AP54RHC244_TRUTH_TABLE",0,1,"PIN18",1,"P1","","",1.15,"<=",1.26421,"V","<=",1.4,"P",8.147,604.035,""
1,"A244_VOLH_C","AP54RH504_tml.VOL_VOH","VOH_VCCY_1.40_IOH_-2.00",24411710,"AP54RHC244_TRUTH_TABLE",0,1,"PIN3",1,"P1","","",1.15,"<=",1.26287,"V","<=",1.4,"P",8.147,604.035,""
1,"A244_VOLH_C","AP54RH504_tml.VOL_VOH","VOH_VCCY_1.40_IOH_-2.00",24411710,"AP54RHC244_TRUTH_TABLE",0,1,"PIN5",1,"P1","","",1.15,"<=",1.26051,"V","<=",1.4,"P",8.147,604.035,""
1,"A244_VOLH_C","AP54RH504_tml.VOL_VOH","VOH_VCCY_1.40_IOH_-2.00",24411710,"AP54RHC244_TRUTH_TABLE",0,1,"PIN7",1,"P1","","",1.15,"<=",1.25893,"V","<=",1.4,"P",8.147,604.035,""
1,"A244_VOLH_C","AP54RH504_tml.VOL_VOH","VOH_VCCY_1.40_IOH_-2.00",24411710,"AP54RHC244_TRUTH_TABLE",0,1,"PIN9",1,"P1","","",1.15,"<=",1.25654,"V","<=",1.4,"P",8.147,604.035,""
1,"A244_IILH_140_C","AP54RH504_tml.IO_Leakage","passCurrentLow_uA",24419818,"AP54RHC244_TRUTH_TABLE",0,1,"PIN2",1,"P1","","",-0.2,"<=",0,"uA","<=",0.15,"P",84.203,86.926,""
1,"A244_IILH_140_C","AP54RH504_tml.IO_Leakage","passCurrentLow_uA",24419818,"AP54RHC244_TRUTH_TABLE",0,1,"PIN4",1,"P1","","",-0.2,"<=",-0.002,"uA","<=",0.15,"P",84.203,86.926,""
1,"A244_IILH_140_C","AP54RH504_tml.IO_Leakage","passCurrentLow_uA",24419818,"AP54RHC244_TRUTH_TABLE",0,1,"PIN6",1,"P1","","",-0.2,"<=",-0.001,"uA","<=",0.15,"P",84.203,86.926,""
1,"A244_IILH_140_C","AP54RH504_tml.IO_Leakage","passCurrentLow_uA",24419818,"AP54RHC244_TRUTH_TABLE",0,1,"PIN8",1,"P1","","",-0.2,"<=",0,"uA","<=",0.15,"P",84.203,86.926,""
1,"A244_IILH_140_C","AP54RH504_tml.IO_Leakage","passCurrentLow_uA",24419818,"AP54RHC244_TRUTH_TABLE",0,1,"PIN1",1,"P1","","",-0.2,"<=",-0.001,"uA","<=",0.15,"P",84.203,86.926,""
1,"A244_IILH_140_C","AP54RH504_tml.IO_Leakage","passCurrentLow_uA",24419818,"AP54RHC244_TRUTH_TABLE",0,1,"PIN19",1,"P1","","",-0.2,"<=",-0.001,"uA","<=",0.15,"P",84.203,86.926,""
1,"A244_IILH_140_C","AP54RH504_tml.IO_Leakage","passCurrentLow_uA",24419818,"AP54RHC244_TRUTH_TABLE",0,1,"PIN17",1,"P1","","",-0.2,"<=",-0.024,"uA","<=",0.15,"P",84.203,86.926,""
1,"A244_IILH_140_C","AP54RH504_tml.IO_Leakage","passCurrentLow_uA",24419818,"AP54RHC244_TRUTH_TABLE",0,1,"PIN15",1,"P1","","",-0.2,"<=",-0.01,"uA","<=",0.15,"P",84.203,86.926,""
1,"A244_IILH_140_C","AP54RH504_tml.IO_Leakage","passCurrentLow_uA",24419818,"AP54RHC244_TRUTH_TABLE",0,1,"PIN13",1,"P1","","",-0.2,"<=",-0.022,"uA","<=",0.15,"P",84.203,86.926,""
1,"A244_IILH_140_C","AP54RH504_tml.IO_Leakage","passCurrentLow_uA",24419818,"AP54RHC244_TRUTH_TABLE",0,1,"PIN11",1,"P1","","",-0.2,"<=",-0.002,"uA","<=",0.15,"P",84.203,86.926,""
1,"A244_IILH_140_C","AP54RH504_tml.IO_Leakage","passCurrentHigh_uA",24419820,"AP54RHC244_TRUTH_TABLE",0,1,"PIN2",1,"P1","","",-0.5,"<=",0,"uA","<=",0.5,"P",0.011,86.926,""
1,"A244_IILH_140_C","AP54RH504_tml.IO_Leakage","passCurrentHigh_uA",24419820,"AP54RHC244_TRUTH_TABLE",0,1,"PIN4",1,"P1","","",-0.5,"<=",0.006,"uA","<=",0.5,"P",0.011,86.926,""
1,"A244_IILH_140_C","AP54RH504_tml.IO_Leakage","passCurrentHigh_uA",24419820,"AP54RHC244_TRUTH_TABLE",0,1,"PIN6",1,"P1","","",-0.5,"<=",-0.001,"uA","<=",0.5,"P",0.011,86.926,""
1,"A244_IILH_140_C","AP54RH504_tml.IO_Leakage","passCurrentHigh_uA",24419820,"AP54RHC244_TRUTH_TABLE",0,1,"PIN8",1,"P1","","",-0.5,"<=",0,"uA","<=",0.5,"P",0.011,86.926,""
1,"A244_IILH_140_C","AP54RH504_tml.IO_Leakage","passCurrentHigh_uA",24419820,"AP54RHC244_TRUTH_TABLE",0,1,"PIN1",1,"P1","","",-0.5,"<=",0,"uA","<=",0.5,"P",0.011,86.926,""
1,"A244_IILH_140_C","AP54RH504_tml.IO_Leakage","passCurrentHigh_uA",24419820,"AP54RHC244_TRUTH_TABLE",0,1,"PIN19",1,"P1","","",-0.5,"<=",0.018,"uA","<=",0.5,"P",0.011,86.926,""
1,"A244_IILH_140_C","AP54RH504_tml.IO_Leakage","passCurrentHigh_uA",24419820,"AP54RHC244_TRUTH_TABLE",0,1,"PIN17",1,"P1","","",-0.5,"<=",0.005,"uA","<=",0.5,"P",0.011,86.926,""
1,"A244_IILH_140_C","AP54RH504_tml.IO_Leakage","passCurrentHigh_uA",24419820,"AP54RHC244_TRUTH_TABLE",0,1,"PIN15",1,"P1","","",-0.5,"<=",0.004,"uA","<=",0.5,"P",0.011,86.926,""
1,"A244_IILH_140_C","AP54RH504_tml.IO_Leakage","passCurrentHigh_uA",24419820,"AP54RHC244_TRUTH_TABLE",0,1,"PIN13",1,"P1","","",-0.5,"<=",0.004,"uA","<=",0.5,"P",0.011,86.926,""
1,"A244_IILH_140_C","AP54RH504_tml.IO_Leakage","passCurrentHigh_uA",24419820,"AP54RHC244_TRUTH_TABLE",0,1,"PIN11",1,"P1","","",-0.5,"<=",0.007,"uA","<=",0.5,"P",0.011,86.926,""
1,"A244_IILH_550_C","AP54RH504_tml.IO_Leakage","passCurrentLow_uA",24411760,"AP54RHC244_TRUTH_TABLE",0,1,"PIN2",1,"P1","","",-0.15,"<=",0,"uA","<=",0.15,"P",89.241,91.198,""
1,"A244_IILH_550_C","AP54RH504_tml.IO_Leakage","passCurrentLow_uA",24411760,"AP54RHC244_TRUTH_TABLE",0,1,"PIN4",1,"P1","","",-0.15,"<=",-0.002,"uA","<=",0.15,"P",89.241,91.198,""
1,"A244_IILH_550_C","AP54RH504_tml.IO_Leakage","passCurrentLow_uA",24411760,"AP54RHC244_TRUTH_TABLE",0,1,"PIN6",1,"P1","","",-0.15,"<=",-0.001,"uA","<=",0.15,"P",89.241,91.198,""
1,"A244_IILH_550_C","AP54RH504_tml.IO_Leakage","passCurrentLow_uA",24411760,"AP54RHC244_TRUTH_TABLE",0,1,"PIN8",1,"P1","","",-0.15,"<=",0,"uA","<=",0.15,"P",89.241,91.198,""
1,"A244_IILH_550_C","AP54RH504_tml.IO_Leakage","passCurrentLow_uA",24411760,"AP54RHC244_TRUTH_TABLE",0,1,"PIN1",1,"P1","","",-0.15,"<=",-0.001,"uA","<=",0.15,"P",89.241,91.198,""
1,"A244_IILH_550_C","AP54RH504_tml.IO_Leakage","passCurrentLow_uA",24411760,"AP54RHC244_TRUTH_TABLE",0,1,"PIN19",1,"P1","","",-0.15,"<=",-0.003,"uA","<=",0.15,"P",89.241,91.198,""
1,"A244_IILH_550_C","AP54RH504_tml.IO_Leakage","passCurrentLow_uA",24411760,"AP54RHC244_TRUTH_TABLE",0,1,"PIN17",1,"P1","","",-0.15,"<=",-0.025,"uA","<=",0.15,"P",89.241,91.198,""
1,"A244_IILH_550_C","AP54RH504_tml.IO_Leakage","passCurrentLow_uA",24411760,"AP54RHC244_TRUTH_TABLE",0,1,"PIN15",1,"P1","","",-0.15,"<=",-0.011,"uA","<=",0.15,"P",89.241,91.198,""
1,"A244_IILH_550_C","AP54RH504_tml.IO_Leakage","passCurrentLow_uA",24411760,"AP54RHC244_TRUTH_TABLE",0,1,"PIN13",1,"P1","","",-0.15,"<=",-0.023,"uA","<=",0.15,"P",89.241,91.198,""
1,"A244_IILH_550_C","AP54RH504_tml.IO_Leakage","passCurrentLow_uA",24411760,"AP54RHC244_TRUTH_TABLE",0,1,"PIN11",1,"P1","","",-0.15,"<=",-0.003,"uA","<=",0.15,"P",89.241,91.198,""
1,"A244_IILH_550_C","AP54RH504_tml.IO_Leakage","passCurrentHigh_uA",24411770,"AP54RHC244_TRUTH_TABLE",0,1,"PIN2",1,"P1","","",-0.5,"<=",0.001,"uA","<=",0.5,"P",0.025,91.198,""
1,"A244_IILH_550_C","AP54RH504_tml.IO_Leakage","passCurrentHigh_uA",24411770,"AP54RHC244_TRUTH_TABLE",0,1,"PIN4",1,"P1","","",-0.5,"<=",0.031,"uA","<=",0.5,"P",0.025,91.198,""
1,"A244_IILH_550_C","AP54RH504_tml.IO_Leakage","passCurrentHigh_uA",24411770,"AP54RHC244_TRUTH_TABLE",0,1,"PIN6",1,"P1","","",-0.5,"<=",0,"uA","<=",0.5,"P",0.025,91.198,""
1,"A244_IILH_550_C","AP54RH504_tml.IO_Leakage","passCurrentHigh_uA",24411770,"AP54RHC244_TRUTH_TABLE",0,1,"PIN8",1,"P1","","",-0.5,"<=",0.002,"uA","<=",0.5,"P",0.025,91.198,""
1,"A244_IILH_550_C","AP54RH504_tml.IO_Leakage","passCurrentHigh_uA",24411770,"AP54RHC244_TRUTH_TABLE",0,1,"PIN1",1,"P1","","",-0.5,"<=",0.005,"uA","<=",0.5,"P",0.025,91.198,""
1,"A244_IILH_550_C","AP54RH504_tml.IO_Leakage","passCurrentHigh_uA",24411770,"AP54RHC244_TRUTH_TABLE",0,1,"PIN19",1,"P1","","",-0.5,"<=",0.092,"uA","<=",0.5,"P",0.025,91.198,""
1,"A244_IILH_550_C","AP54RH504_tml.IO_Leakage","passCurrentHigh_uA",24411770,"AP54RHC244_TRUTH_TABLE",0,1,"PIN17",1,"P1","","",-0.5,"<=",0.094,"uA","<=",0.5,"P",0.025,91.198,""
1,"A244_IILH_550_C","AP54RH504_tml.IO_Leakage","passCurrentHigh_uA",24411770,"AP54RHC244_TRUTH_TABLE",0,1,"PIN15",1,"P1","","",-0.5,"<=",0.044,"uA","<=",0.5,"P",0.025,91.198,""
1,"A244_IILH_550_C","AP54RH504_tml.IO_Leakage","passCurrentHigh_uA",24411770,"AP54RHC244_TRUTH_TABLE",0,1,"PIN13",1,"P1","","",-0.5,"<=",0.092,"uA","<=",0.5,"P",0.025,91.198,""
1,"A244_IILH_550_C","AP54RH504_tml.IO_Leakage","passCurrentHigh_uA",24411770,"AP54RHC244_TRUTH_TABLE",0,1,"PIN11",1,"P1","","",-0.5,"<=",0.036,"uA","<=",0.5,"P",0.025,91.198,""
1,"A244_IOZLH_140_C","AP54RH504_tml.IO_Leakage","passCurrentLow_uA",24419822,"AP54RHC244_TRUTH_TABLE",0,1,"PIN12",1,"P1","","",-0.5,"<=",-0.023,"uA","<=",0.2,"P",81.767,83.764,""
1,"A244_IOZLH_140_C","AP54RH504_tml.IO_Leakage","passCurrentLow_uA",24419822,"AP54RHC244_TRUTH_TABLE",0,1,"PIN14",1,"P1","","",-0.5,"<=",-0.016,"uA","<=",0.2,"P",81.767,83.764,""
1,"A244_IOZLH_140_C","AP54RH504_tml.IO_Leakage","passCurrentLow_uA",24419822,"AP54RHC244_TRUTH_TABLE",0,1,"PIN16",1,"P1","","",-0.5,"<=",-0.009,"uA","<=",0.2,"P",81.767,83.764,""
1,"A244_IOZLH_140_C","AP54RH504_tml.IO_Leakage","passCurrentLow_uA",24419822,"AP54RHC244_TRUTH_TABLE",0,1,"PIN18",1,"P1","","",-0.5,"<=",-0.015,"uA","<=",0.2,"P",81.767,83.764,""
1,"A244_IOZLH_140_C","AP54RH504_tml.IO_Leakage","passCurrentLow_uA",24419822,"AP54RHC244_TRUTH_TABLE",0,1,"PIN3",1,"P1","","",-0.5,"<=",-0.001,"uA","<=",0.2,"P",81.767,83.764,""
1,"A244_IOZLH_140_C","AP54RH504_tml.IO_Leakage","passCurrentLow_uA",24419822,"AP54RHC244_TRUTH_TABLE",0,1,"PIN5",1,"P1","","",-0.5,"<=",-0.001,"uA","<=",0.2,"P",81.767,83.764,""
1,"A244_IOZLH_140_C","AP54RH504_tml.IO_Leakage","passCurrentLow_uA",24419822,"AP54RHC244_TRUTH_TABLE",0,1,"PIN7",1,"P1","","",-0.5,"<=",0,"uA","<=",0.2,"P",81.767,83.764,""
1,"A244_IOZLH_140_C","AP54RH504_tml.IO_Leakage","passCurrentLow_uA",24419822,"AP54RHC244_TRUTH_TABLE",0,1,"PIN9",1,"P1","","",-0.5,"<=",0,"uA","<=",0.2,"P",81.767,83.764,""
1,"A244_IOZLH_140_C","AP54RH504_tml.IO_Leakage","passCurrentHigh_uA",24419824,"AP54RHC244_TRUTH_TABLE",0,1,"PIN12",1,"P1","","",-0.2,"<=",-0.011,"uA","<=",0.9,"P",0.025,83.764,""
1,"A244_IOZLH_140_C","AP54RH504_tml.IO_Leakage","passCurrentHigh_uA",24419824,"AP54RHC244_TRUTH_TABLE",0,1,"PIN14",1,"P1","","",-0.2,"<=",0.011,"uA","<=",0.9,"P",0.025,83.764,""
1,"A244_IOZLH_140_C","AP54RH504_tml.IO_Leakage","passCurrentHigh_uA",24419824,"AP54RHC244_TRUTH_TABLE",0,1,"PIN16",1,"P1","","",-0.2,"<=",0.005,"uA","<=",0.9,"P",0.025,83.764,""
1,"A244_IOZLH_140_C","AP54RH504_tml.IO_Leakage","passCurrentHigh_uA",24419824,"AP54RHC244_TRUTH_TABLE",0,1,"PIN18",1,"P1","","",-0.2,"<=",0.004,"uA","<=",0.9,"P",0.025,83.764,""
1,"A244_IOZLH_140_C","AP54RH504_tml.IO_Leakage","passCurrentHigh_uA",24419824,"AP54RHC244_TRUTH_TABLE",0,1,"PIN3",1,"P1","","",-0.2,"<=",0.002,"uA","<=",0.9,"P",0.025,83.764,""
1,"A244_IOZLH_140_C","AP54RH504_tml.IO_Leakage","passCurrentHigh_uA",24419824,"AP54RHC244_TRUTH_TABLE",0,1,"PIN5",1,"P1","","",-0.2,"<=",0.001,"uA","<=",0.9,"P",0.025,83.764,""
1,"A244_IOZLH_140_C","AP54RH504_tml.IO_Leakage","passCurrentHigh_uA",24419824,"AP54RHC244_TRUTH_TABLE",0,1,"PIN7",1,"P1","","",-0.2,"<=",0,"uA","<=",0.9,"P",0.025,83.764,""
1,"A244_IOZLH_140_C","AP54RH504_tml.IO_Leakage","passCurrentHigh_uA",24419824,"AP54RHC244_TRUTH_TABLE",0,1,"PIN9",1,"P1","","",-0.2,"<=",0.001,"uA","<=",0.9,"P",0.025,83.764,""
1,"A244_IOZLH_550_C","AP54RH504_tml.IO_Leakage","passCurrentLow_uA",24411800,"AP54RHC244_TRUTH_TABLE",0,1,"PIN12",1,"P1","","",-0.5,"<=",-0.021,"uA","<=",0.3,"P",88.433,90.645,""
1,"A244_IOZLH_550_C","AP54RH504_tml.IO_Leakage","passCurrentLow_uA",24411800,"AP54RHC244_TRUTH_TABLE",0,1,"PIN14",1,"P1","","",-0.5,"<=",-0.013,"uA","<=",0.3,"P",88.433,90.645,""
1,"A244_IOZLH_550_C","AP54RH504_tml.IO_Leakage","passCurrentLow_uA",24411800,"AP54RHC244_TRUTH_TABLE",0,1,"PIN16",1,"P1","","",-0.5,"<=",-0.007,"uA","<=",0.3,"P",88.433,90.645,""
1,"A244_IOZLH_550_C","AP54RH504_tml.IO_Leakage","passCurrentLow_uA",24411800,"AP54RHC244_TRUTH_TABLE",0,1,"PIN18",1,"P1","","",-0.5,"<=",-0.012,"uA","<=",0.3,"P",88.433,90.645,""
1,"A244_IOZLH_550_C","AP54RH504_tml.IO_Leakage","passCurrentLow_uA",24411800,"AP54RHC244_TRUTH_TABLE",0,1,"PIN3",1,"P1","","",-0.5,"<=",-0.001,"uA","<=",0.3,"P",88.433,90.645,""
1,"A244_IOZLH_550_C","AP54RH504_tml.IO_Leakage","passCurrentLow_uA",24411800,"AP54RHC244_TRUTH_TABLE",0,1,"PIN5",1,"P1","","",-0.5,"<=",-0.001,"uA","<=",0.3,"P",88.433,90.645,""
1,"A244_IOZLH_550_C","AP54RH504_tml.IO_Leakage","passCurrentLow_uA",24411800,"AP54RHC244_TRUTH_TABLE",0,1,"PIN7",1,"P1","","",-0.5,"<=",0,"uA","<=",0.3,"P",88.433,90.645,""
1,"A244_IOZLH_550_C","AP54RH504_tml.IO_Leakage","passCurrentLow_uA",24411800,"AP54RHC244_TRUTH_TABLE",0,1,"PIN9",1,"P1","","",-0.5,"<=",0,"uA","<=",0.3,"P",88.433,90.645,""
1,"A244_IOZLH_550_C","AP54RH504_tml.IO_Leakage","passCurrentHigh_uA",24411810,"AP54RHC244_TRUTH_TABLE",0,1,"PIN12",1,"P1","","",-0.5,"<=",0.032,"uA","<=",0.5,"P",0.013,90.645,""
1,"A244_IOZLH_550_C","AP54RH504_tml.IO_Leakage","passCurrentHigh_uA",24411810,"AP54RHC244_TRUTH_TABLE",0,1,"PIN14",1,"P1","","",-0.5,"<=",0.092,"uA","<=",0.5,"P",0.013,90.645,""
1,"A244_IOZLH_550_C","AP54RH504_tml.IO_Leakage","passCurrentHigh_uA",24411810,"AP54RHC244_TRUTH_TABLE",0,1,"PIN16",1,"P1","","",-0.5,"<=",0.053,"uA","<=",0.5,"P",0.013,90.645,""
1,"A244_IOZLH_550_C","AP54RH504_tml.IO_Leakage","passCurrentHigh_uA",24411810,"AP54RHC244_TRUTH_TABLE",0,1,"PIN18",1,"P1","","",-0.5,"<=",0.059,"uA","<=",0.5,"P",0.013,90.645,""
1,"A244_IOZLH_550_C","AP54RH504_tml.IO_Leakage","passCurrentHigh_uA",24411810,"AP54RHC244_TRUTH_TABLE",0,1,"PIN3",1,"P1","","",-0.5,"<=",0.012,"uA","<=",0.5,"P",0.013,90.645,""
1,"A244_IOZLH_550_C","AP54RH504_tml.IO_Leakage","passCurrentHigh_uA",24411810,"AP54RHC244_TRUTH_TABLE",0,1,"PIN5",1,"P1","","",-0.5,"<=",0.012,"uA","<=",0.5,"P",0.013,90.645,""
1,"A244_IOZLH_550_C","AP54RH504_tml.IO_Leakage","passCurrentHigh_uA",24411810,"AP54RHC244_TRUTH_TABLE",0,1,"PIN7",1,"P1","","",-0.5,"<=",0.017,"uA","<=",0.5,"P",0.013,90.645,""
1,"A244_IOZLH_550_C","AP54RH504_tml.IO_Leakage","passCurrentHigh_uA",24411810,"AP54RHC244_TRUTH_TABLE",0,1,"PIN9",1,"P1","","",-0.5,"<=",0.003,"uA","<=",0.5,"P",0.013,90.645,""
1,"A244_T_PD_C","AP54RH504_tml.T_ENABLE_DISABLE","T_EDGE_HI_VCCY_4.5000",24419010,"AP54RHC244_TRAFFIC_ALL_OUT",0,1,"PIN12",1,"P1","","",***,"NA",5.67,"nS","<=",6.9,"P",108.79,1035.96,""
1,"A244_T_PD_C","AP54RH504_tml.T_ENABLE_DISABLE","T_EDGE_HI_VCCY_4.5000",24419010,"AP54RHC244_TRAFFIC_ALL_OUT",0,1,"PIN14",1,"P1","","",***,"NA",5.68,"nS","<=",6.9,"P",108.79,1035.96,""
1,"A244_T_PD_C","AP54RH504_tml.T_ENABLE_DISABLE","T_EDGE_HI_VCCY_4.5000",24419010,"AP54RHC244_TRAFFIC_ALL_OUT",0,1,"PIN16",1,"P1","","",***,"NA",5.72,"nS","<=",6.9,"P",108.79,1035.96,""
1,"A244_T_PD_C","AP54RH504_tml.T_ENABLE_DISABLE","T_EDGE_HI_VCCY_4.5000",24419010,"AP54RHC244_TRAFFIC_ALL_OUT",0,1,"PIN18",1,"P1","","",***,"NA",5.73,"nS","<=",6.9,"P",108.79,1035.96,""
1,"A244_T_PD_C","AP54RH504_tml.T_ENABLE_DISABLE","T_EDGE_HI_VCCY_4.5000",24419010,"AP54RHC244_TRAFFIC_ALL_OUT",0,1,"PIN3",1,"P1","","",***,"NA",5.71,"nS","<=",6.9,"P",108.79,1035.96,""
1,"A244_T_PD_C","AP54RH504_tml.T_ENABLE_DISABLE","T_EDGE_HI_VCCY_4.5000",24419010,"AP54RHC244_TRAFFIC_ALL_OUT",0,1,"PIN5",1,"P1","","",***,"NA",5.56,"nS","<=",6.9,"P",108.79,1035.96,""
1,"A244_T_PD_C","AP54RH504_tml.T_ENABLE_DISABLE","T_EDGE_HI_VCCY_4.5000",24419010,"AP54RHC244_TRAFFIC_ALL_OUT",0,1,"PIN7",1,"P1","","",***,"NA",5.61,"nS","<=",6.9,"P",108.79,1035.96,""
1,"A244_T_PD_C","AP54RH504_tml.T_ENABLE_DISABLE","T_EDGE_HI_VCCY_4.5000",24419010,"AP54RHC244_TRAFFIC_ALL_OUT",0,1,"PIN9",1,"P1","","",***,"NA",5.92,"nS","<=",6.9,"P",108.79,1035.96,""
1,"A244_T_PD_C","AP54RH504_tml.T_ENABLE_DISABLE","T_SKEW_HI_VCCY_4.5000",24419020,"AP54RHC244_TRAFFIC_ALL_OUT",0,1,"PIN12",1,"P1","","",***,"NA",0.36,"nS","<=",1,"P",0.012,1035.96,""
1,"A244_T_PD_C","AP54RH504_tml.T_ENABLE_DISABLE","T_EDGE_LO_VCCY_4.5000",24419170,"AP54RHC244_TRAFFIC_ALL_OUT",0,1,"PIN12",1,"P1","","",***,"NA",6.07,"nS","<=",6.9,"P",100.563,1035.96,""
1,"A244_T_PD_C","AP54RH504_tml.T_ENABLE_DISABLE","T_EDGE_LO_VCCY_4.5000",24419170,"AP54RHC244_TRAFFIC_ALL_OUT",0,1,"PIN14",1,"P1","","",***,"NA",5.94,"nS","<=",6.9,"P",100.563,1035.96,""
1,"A244_T_PD_C","AP54RH504_tml.T_ENABLE_DISABLE","T_EDGE_LO_VCCY_4.5000",24419170,"AP54RHC244_TRAFFIC_ALL_OUT",0,1,"PIN16",1,"P1","","",***,"NA",5.96,"nS","<=",6.9,"P",100.563,1035.96,""
1,"A244_T_PD_C","AP54RH504_tml.T_ENABLE_DISABLE","T_EDGE_LO_VCCY_4.5000",24419170,"AP54RHC244_TRAFFIC_ALL_OUT",0,1,"PIN18",1,"P1","","",***,"NA",5.98,"nS","<=",6.9,"P",100.563,1035.96,""
1,"A244_T_PD_C","AP54RH504_tml.T_ENABLE_DISABLE","T_EDGE_LO_VCCY_4.5000",24419170,"AP54RHC244_TRAFFIC_ALL_OUT",0,1,"PIN3",1,"P1","","",***,"NA",6.07,"nS","<=",6.9,"P",100.563,1035.96,""
1,"A244_T_PD_C","AP54RH504_tml.T_ENABLE_DISABLE","T_EDGE_LO_VCCY_4.5000",24419170,"AP54RHC244_TRAFFIC_ALL_OUT",0,1,"PIN5",1,"P1","","",***,"NA",5.87,"nS","<=",6.9,"P",100.563,1035.96,""
1,"A244_T_PD_C","AP54RH504_tml.T_ENABLE_DISABLE","T_EDGE_LO_VCCY_4.5000",24419170,"AP54RHC244_TRAFFIC_ALL_OUT",0,1,"PIN7",1,"P1","","",***,"NA",5.97,"nS","<=",6.9,"P",100.563,1035.96,""
1,"A244_T_PD_C","AP54RH504_tml.T_ENABLE_DISABLE","T_EDGE_LO_VCCY_4.5000",24419170,"AP54RHC244_TRAFFIC_ALL_OUT",0,1,"PIN9",1,"P1","","",***,"NA",6.07,"nS","<=",6.9,"P",100.563,1035.96,""
1,"A244_T_PD_C","AP54RH504_tml.T_ENABLE_DISABLE","T_SKEW_LO_VCCY_4.5000",24419180,"AP54RHC244_TRAFFIC_ALL_OUT",0,1,"PIN12",1,"P1","","",***,"NA",0.2,"nS","<=",1,"P",0.011,1035.96,""
1,"A244_T_PD_C","AP54RH504_tml.T_ENABLE_DISABLE","T_EDGE_HI_VCCY_3.0000",24419050,"AP54RHC244_TRAFFIC_ALL_OUT",0,1,"PIN12",1,"P1","","",***,"NA",6.65,"nS","<=",9.4,"P",103.287,1035.96,""
1,"A244_T_PD_C","AP54RH504_tml.T_ENABLE_DISABLE","T_EDGE_HI_VCCY_3.0000",24419050,"AP54RHC244_TRAFFIC_ALL_OUT",0,1,"PIN14",1,"P1","","",***,"NA",6.65,"nS","<=",9.4,"P",103.287,1035.96,""
1,"A244_T_PD_C","AP54RH504_tml.T_ENABLE_DISABLE","T_EDGE_HI_VCCY_3.0000",24419050,"AP54RHC244_TRAFFIC_ALL_OUT",0,1,"PIN16",1,"P1","","",***,"NA",6.72,"nS","<=",9.4,"P",103.287,1035.96,""
1,"A244_T_PD_C","AP54RH504_tml.T_ENABLE_DISABLE","T_EDGE_HI_VCCY_3.0000",24419050,"AP54RHC244_TRAFFIC_ALL_OUT",0,1,"PIN18",1,"P1","","",***,"NA",6.68,"nS","<=",9.4,"P",103.287,1035.96,""
1,"A244_T_PD_C","AP54RH504_tml.T_ENABLE_DISABLE","T_EDGE_HI_VCCY_3.0000",24419050,"AP54RHC244_TRAFFIC_ALL_OUT",0,1,"PIN3",1,"P1","","",***,"NA",6.73,"nS","<=",9.4,"P",103.287,1035.96,""
1,"A244_T_PD_C","AP54RH504_tml.T_ENABLE_DISABLE","T_EDGE_HI_VCCY_3.0000",24419050,"AP54RHC244_TRAFFIC_ALL_OUT",0,1,"PIN5",1,"P1","","",***,"NA",6.54,"nS","<=",9.4,"P",103.287,1035.96,""
1,"A244_T_PD_C","AP54RH504_tml.T_ENABLE_DISABLE","T_EDGE_HI_VCCY_3.0000",24419050,"AP54RHC244_TRAFFIC_ALL_OUT",0,1,"PIN7",1,"P1","","",***,"NA",6.59,"nS","<=",9.4,"P",103.287,1035.96,""
1,"A244_T_PD_C","AP54RH504_tml.T_ENABLE_DISABLE","T_EDGE_HI_VCCY_3.0000",24419050,"AP54RHC244_TRAFFIC_ALL_OUT",0,1,"PIN9",1,"P1","","",***,"NA",6.87,"nS","<=",9.4,"P",103.287,1035.96,""
1,"A244_T_PD_C","AP54RH504_tml.T_ENABLE_DISABLE","T_SKEW_HI_VCCY_3.0000",24419060,"AP54RHC244_TRAFFIC_ALL_OUT",0,1,"PIN12",1,"P1","","",***,"NA",0.33,"nS","<=",1,"P",0.011,1035.96,""
1,"A244_T_PD_C","AP54RH504_tml.T_ENABLE_DISABLE","T_EDGE_LO_VCCY_3.0000",24419210,"AP54RHC244_TRAFFIC_ALL_OUT",0,1,"PIN12",1,"P1","","",***,"NA",7.56,"nS","<=",9.4,"P",98.317,1035.96,""
1,"A244_T_PD_C","AP54RH504_tml.T_ENABLE_DISABLE","T_EDGE_LO_VCCY_3.0000",24419210,"AP54RHC244_TRAFFIC_ALL_OUT",0,1,"PIN14",1,"P1","","",***,"NA",7.46,"nS","<=",9.4,"P",98.317,1035.96,""
1,"A244_T_PD_C","AP54RH504_tml.T_ENABLE_DISABLE","T_EDGE_LO_VCCY_3.0000",24419210,"AP54RHC244_TRAFFIC_ALL_OUT",0,1,"PIN16",1,"P1","","",***,"NA",7.29,"nS","<=",9.4,"P",98.317,1035.96,""
1,"A244_T_PD_C","AP54RH504_tml.T_ENABLE_DISABLE","T_EDGE_LO_VCCY_3.0000",24419210,"AP54RHC244_TRAFFIC_ALL_OUT",0,1,"PIN18",1,"P1","","",***,"NA",7.45,"nS","<=",9.4,"P",98.317,1035.96,""
1,"A244_T_PD_C","AP54RH504_tml.T_ENABLE_DISABLE","T_EDGE_LO_VCCY_3.0000",24419210,"AP54RHC244_TRAFFIC_ALL_OUT",0,1,"PIN3",1,"P1","","",***,"NA",7.54,"nS","<=",9.4,"P",98.317,1035.96,""
1,"A244_T_PD_C","AP54RH504_tml.T_ENABLE_DISABLE","T_EDGE_LO_VCCY_3.0000",24419210,"AP54RHC244_TRAFFIC_ALL_OUT",0,1,"PIN5",1,"P1","","",***,"NA",7.49,"nS","<=",9.4,"P",98.317,1035.96,""
1,"A244_T_PD_C","AP54RH504_tml.T_ENABLE_DISABLE","T_EDGE_LO_VCCY_3.0000",24419210,"AP54RHC244_TRAFFIC_ALL_OUT",0,1,"PIN7",1,"P1","","",***,"NA",7.48,"nS","<=",9.4,"P",98.317,1035.96,""
1,"A244_T_PD_C","AP54RH504_tml.T_ENABLE_DISABLE","T_EDGE_LO_VCCY_3.0000",24419210,"AP54RHC244_TRAFFIC_ALL_OUT",0,1,"PIN9",1,"P1","","",***,"NA",7.49,"nS","<=",9.4,"P",98.317,1035.96,""
1,"A244_T_PD_C","AP54RH504_tml.T_ENABLE_DISABLE","T_SKEW_LO_VCCY_3.0000",24419220,"AP54RHC244_TRAFFIC_ALL_OUT",0,1,"PIN12",1,"P1","","",***,"NA",0.27,"nS","<=",1,"P",0.01,1035.96,""
1,"A244_T_PD_C","AP54RH504_tml.T_ENABLE_DISABLE","T_EDGE_HI_VCCY_2.3000",24419090,"AP54RHC244_TRAFFIC_ALL_OUT",0,1,"PIN12",1,"P1","","",***,"NA",8.24,"nS","<=",12,"P",103.177,1035.96,""
1,"A244_T_PD_C","AP54RH504_tml.T_ENABLE_DISABLE","T_EDGE_HI_VCCY_2.3000",24419090,"AP54RHC244_TRAFFIC_ALL_OUT",0,1,"PIN14",1,"P1","","",***,"NA",8.21,"nS","<=",12,"P",103.177,1035.96,""
1,"A244_T_PD_C","AP54RH504_tml.T_ENABLE_DISABLE","T_EDGE_HI_VCCY_2.3000",24419090,"AP54RHC244_TRAFFIC_ALL_OUT",0,1,"PIN16",1,"P1","","",***,"NA",8.29,"nS","<=",12,"P",103.177,1035.96,""
1,"A244_T_PD_C","AP54RH504_tml.T_ENABLE_DISABLE","T_EDGE_HI_VCCY_2.3000",24419090,"AP54RHC244_TRAFFIC_ALL_OUT",0,1,"PIN18",1,"P1","","",***,"NA",8.23,"nS","<=",12,"P",103.177,1035.96,""
1,"A244_T_PD_C","AP54RH504_tml.T_ENABLE_DISABLE","T_EDGE_HI_VCCY_2.3000",24419090,"AP54RHC244_TRAFFIC_ALL_OUT",0,1,"PIN3",1,"P1","","",***,"NA",8.29,"nS","<=",12,"P",103.177,1035.96,""
1,"A244_T_PD_C","AP54RH504_tml.T_ENABLE_DISABLE","T_EDGE_HI_VCCY_2.3000",24419090,"AP54RHC244_TRAFFIC_ALL_OUT",0,1,"PIN5",1,"P1","","",***,"NA",8.13,"nS","<=",12,"P",103.177,1035.96,""
1,"A244_T_PD_C","AP54RH504_tml.T_ENABLE_DISABLE","T_EDGE_HI_VCCY_2.3000",24419090,"AP54RHC244_TRAFFIC_ALL_OUT",0,1,"PIN7",1,"P1","","",***,"NA",8.18,"nS","<=",12,"P",103.177,1035.96,""
1,"A244_T_PD_C","AP54RH504_tml.T_ENABLE_DISABLE","T_EDGE_HI_VCCY_2.3000",24419090,"AP54RHC244_TRAFFIC_ALL_OUT",0,1,"PIN9",1,"P1","","",***,"NA",8.47,"nS","<=",12,"P",103.177,1035.96,""
1,"A244_T_PD_C","AP54RH504_tml.T_ENABLE_DISABLE","T_SKEW_HI_VCCY_2.3000",24419100,"AP54RHC244_TRAFFIC_ALL_OUT",0,1,"PIN12",1,"P1","","",***,"NA",0.34,"nS","<=",1.5,"P",0.012,1035.96,""
1,"A244_T_PD_C","AP54RH504_tml.T_ENABLE_DISABLE","T_EDGE_LO_VCCY_2.3000",24419250,"AP54RHC244_TRAFFIC_ALL_OUT",0,1,"PIN12",1,"P1","","",***,"NA",9.38,"nS","<=",12,"P",98.313,1035.96,""
1,"A244_T_PD_C","AP54RH504_tml.T_ENABLE_DISABLE","T_EDGE_LO_VCCY_2.3000",24419250,"AP54RHC244_TRAFFIC_ALL_OUT",0,1,"PIN14",1,"P1","","",***,"NA",9.34,"nS","<=",12,"P",98.313,1035.96,""
1,"A244_T_PD_C","AP54RH504_tml.T_ENABLE_DISABLE","T_EDGE_LO_VCCY_2.3000",24419250,"AP54RHC244_TRAFFIC_ALL_OUT",0,1,"PIN16",1,"P1","","",***,"NA",8.88,"nS","<=",12,"P",98.313,1035.96,""
1,"A244_T_PD_C","AP54RH504_tml.T_ENABLE_DISABLE","T_EDGE_LO_VCCY_2.3000",24419250,"AP54RHC244_TRAFFIC_ALL_OUT",0,1,"PIN18",1,"P1","","",***,"NA",9.31,"nS","<=",12,"P",98.313,1035.96,""
1,"A244_T_PD_C","AP54RH504_tml.T_ENABLE_DISABLE","T_EDGE_LO_VCCY_2.3000",24419250,"AP54RHC244_TRAFFIC_ALL_OUT",0,1,"PIN3",1,"P1","","",***,"NA",9.36,"nS","<=",12,"P",98.313,1035.96,""
1,"A244_T_PD_C","AP54RH504_tml.T_ENABLE_DISABLE","T_EDGE_LO_VCCY_2.3000",24419250,"AP54RHC244_TRAFFIC_ALL_OUT",0,1,"PIN5",1,"P1","","",***,"NA",9.56,"nS","<=",12,"P",98.313,1035.96,""
1,"A244_T_PD_C","AP54RH504_tml.T_ENABLE_DISABLE","T_EDGE_LO_VCCY_2.3000",24419250,"AP54RHC244_TRAFFIC_ALL_OUT",0,1,"PIN7",1,"P1","","",***,"NA",9.39,"nS","<=",12,"P",98.313,1035.96,""
1,"A244_T_PD_C","AP54RH504_tml.T_ENABLE_DISABLE","T_EDGE_LO_VCCY_2.3000",24419250,"AP54RHC244_TRAFFIC_ALL_OUT",0,1,"PIN9",1,"P1","","",***,"NA",9.27,"nS","<=",12,"P",98.313,1035.96,""
1,"A244_T_PD_C","AP54RH504_tml.T_ENABLE_DISABLE","T_SKEW_LO_VCCY_2.3000",24419260,"AP54RHC244_TRAFFIC_ALL_OUT",0,1,"PIN12",1,"P1","","",***,"NA",0.68,"nS","<=",1.5,"P",0.011,1035.96,""
1,"A244_T_PD_C","AP54RH504_tml.T_ENABLE_DISABLE","T_EDGE_HI_VCCY_1.6500",24419130,"AP54RHC244_TRAFFIC_ALL_OUT",0,1,"PIN12",1,"P1","","",***,"NA",13.23,"nS","<=",17.3,"P",105.079,1035.96,""
1,"A244_T_PD_C","AP54RH504_tml.T_ENABLE_DISABLE","T_EDGE_HI_VCCY_1.6500",24419130,"AP54RHC244_TRAFFIC_ALL_OUT",0,1,"PIN14",1,"P1","","",***,"NA",13.15,"nS","<=",17.3,"P",105.079,1035.96,""
1,"A244_T_PD_C","AP54RH504_tml.T_ENABLE_DISABLE","T_EDGE_HI_VCCY_1.6500",24419130,"AP54RHC244_TRAFFIC_ALL_OUT",0,1,"PIN16",1,"P1","","",***,"NA",13.21,"nS","<=",17.3,"P",105.079,1035.96,""
1,"A244_T_PD_C","AP54RH504_tml.T_ENABLE_DISABLE","T_EDGE_HI_VCCY_1.6500",24419130,"AP54RHC244_TRAFFIC_ALL_OUT",0,1,"PIN18",1,"P1","","",***,"NA",13.09,"nS","<=",17.3,"P",105.079,1035.96,""
1,"A244_T_PD_C","AP54RH504_tml.T_ENABLE_DISABLE","T_EDGE_HI_VCCY_1.6500",24419130,"AP54RHC244_TRAFFIC_ALL_OUT",0,1,"PIN3",1,"P1","","",***,"NA",13.18,"nS","<=",17.3,"P",105.079,1035.96,""
1,"A244_T_PD_C","AP54RH504_tml.T_ENABLE_DISABLE","T_EDGE_HI_VCCY_1.6500",24419130,"AP54RHC244_TRAFFIC_ALL_OUT",0,1,"PIN5",1,"P1","","",***,"NA",12.99,"nS","<=",17.3,"P",105.079,1035.96,""
1,"A244_T_PD_C","AP54RH504_tml.T_ENABLE_DISABLE","T_EDGE_HI_VCCY_1.6500",24419130,"AP54RHC244_TRAFFIC_ALL_OUT",0,1,"PIN7",1,"P1","","",***,"NA",13.12,"nS","<=",17.3,"P",105.079,1035.96,""
1,"A244_T_PD_C","AP54RH504_tml.T_ENABLE_DISABLE","T_EDGE_HI_VCCY_1.6500",24419130,"AP54RHC244_TRAFFIC_ALL_OUT",0,1,"PIN9",1,"P1","","",***,"NA",13.52,"nS","<=",17.3,"P",105.079,1035.96,""
1,"A244_T_PD_C","AP54RH504_tml.T_ENABLE_DISABLE","T_SKEW_HI_VCCY_1.6500",24419140,"AP54RHC244_TRAFFIC_ALL_OUT",0,1,"PIN12",1,"P1","","",***,"NA",0.53,"nS","<=",2,"P",0.011,1035.96,""
1,"A244_T_PD_C","AP54RH504_tml.T_ENABLE_DISABLE","T_EDGE_LO_VCCY_1.6500",24419290,"AP54RHC244_TRAFFIC_ALL_OUT",0,1,"PIN12",1,"P1","","",***,"NA",14.47,"nS","<=",17.3,"P",101.032,1035.96,""
1,"A244_T_PD_C","AP54RH504_tml.T_ENABLE_DISABLE","T_EDGE_LO_VCCY_1.6500",24419290,"AP54RHC244_TRAFFIC_ALL_OUT",0,1,"PIN14",1,"P1","","",***,"NA",14.25,"nS","<=",17.3,"P",101.032,1035.96,""
1,"A244_T_PD_C","AP54RH504_tml.T_ENABLE_DISABLE","T_EDGE_LO_VCCY_1.6500",24419290,"AP54RHC244_TRAFFIC_ALL_OUT",0,1,"PIN16",1,"P1","","",***,"NA",12.96,"nS","<=",17.3,"P",101.032,1035.96,""
1,"A244_T_PD_C","AP54RH504_tml.T_ENABLE_DISABLE","T_EDGE_LO_VCCY_1.6500",24419290,"AP54RHC244_TRAFFIC_ALL_OUT",0,1,"PIN18",1,"P1","","",***,"NA",14.08,"nS","<=",17.3,"P",101.032,1035.96,""
1,"A244_T_PD_C","AP54RH504_tml.T_ENABLE_DISABLE","T_EDGE_LO_VCCY_1.6500",24419290,"AP54RHC244_TRAFFIC_ALL_OUT",0,1,"PIN3",1,"P1","","",***,"NA",14.18,"nS","<=",17.3,"P",101.032,1035.96,""
1,"A244_T_PD_C","AP54RH504_tml.T_ENABLE_DISABLE","T_EDGE_LO_VCCY_1.6500",24419290,"AP54RHC244_TRAFFIC_ALL_OUT",0,1,"PIN5",1,"P1","","",***,"NA",14.62,"nS","<=",17.3,"P",101.032,1035.96,""
1,"A244_T_PD_C","AP54RH504_tml.T_ENABLE_DISABLE","T_EDGE_LO_VCCY_1.6500",24419290,"AP54RHC244_TRAFFIC_ALL_OUT",0,1,"PIN7",1,"P1","","",***,"NA",14.36,"nS","<=",17.3,"P",101.032,1035.96,""
1,"A244_T_PD_C","AP54RH504_tml.T_ENABLE_DISABLE","T_EDGE_LO_VCCY_1.6500",24419290,"AP54RHC244_TRAFFIC_ALL_OUT",0,1,"PIN9",1,"P1","","",***,"NA",14.4,"nS","<=",17.3,"P",101.032,1035.96,""
1,"A244_T_PD_C","AP54RH504_tml.T_ENABLE_DISABLE","T_SKEW_LO_VCCY_1.6500",24419300,"AP54RHC244_TRAFFIC_ALL_OUT",0,1,"PIN12",1,"P1","","",***,"NA",1.66,"nS","<=",2,"P",0.011,1035.96,""
1,"A244_T_PD_C","AP54RH504_tml.T_ENABLE_DISABLE","T_EDGE_HI_VCCY_1.4000",24419802,"AP54RHC244_TRAFFIC_ALL_OUT",0,1,"PIN12",1,"P1","","",***,"NA",21.8,"nS","<=",40,"P",107.794,1035.96,""
1,"A244_T_PD_C","AP54RH504_tml.T_ENABLE_DISABLE","T_EDGE_HI_VCCY_1.4000",24419802,"AP54RHC244_TRAFFIC_ALL_OUT",0,1,"PIN14",1,"P1","","",***,"NA",21.04,"nS","<=",40,"P",107.794,1035.96,""
1,"A244_T_PD_C","AP54RH504_tml.T_ENABLE_DISABLE","T_EDGE_HI_VCCY_1.4000",24419802,"AP54RHC244_TRAFFIC_ALL_OUT",0,1,"PIN16",1,"P1","","",***,"NA",21.18,"nS","<=",40,"P",107.794,1035.96,""
1,"A244_T_PD_C","AP54RH504_tml.T_ENABLE_DISABLE","T_EDGE_HI_VCCY_1.4000",24419802,"AP54RHC244_TRAFFIC_ALL_OUT",0,1,"PIN18",1,"P1","","",***,"NA",20.42,"nS","<=",40,"P",107.794,1035.96,""
1,"A244_T_PD_C","AP54RH504_tml.T_ENABLE_DISABLE","T_EDGE_HI_VCCY_1.4000",24419802,"AP54RHC244_TRAFFIC_ALL_OUT",0,1,"PIN3",1,"P1","","",***,"NA",21.2,"nS","<=",40,"P",107.794,1035.96,""
1,"A244_T_PD_C","AP54RH504_tml.T_ENABLE_DISABLE","T_EDGE_HI_VCCY_1.4000",24419802,"AP54RHC244_TRAFFIC_ALL_OUT",0,1,"PIN5",1,"P1","","",***,"NA",20.98,"nS","<=",40,"P",107.794,1035.96,""
1,"A244_T_PD_C","AP54RH504_tml.T_ENABLE_DISABLE","T_EDGE_HI_VCCY_1.4000",24419802,"AP54RHC244_TRAFFIC_ALL_OUT",0,1,"PIN7",1,"P1","","",***,"NA",21.36,"nS","<=",40,"P",107.794,1035.96,""
1,"A244_T_PD_C","AP54RH504_tml.T_ENABLE_DISABLE","T_EDGE_HI_VCCY_1.4000",24419802,"AP54RHC244_TRAFFIC_ALL_OUT",0,1,"PIN9",1,"P1","","",***,"NA",22.55,"nS","<=",40,"P",107.794,1035.96,""
1,"A244_T_PD_C","AP54RH504_tml.T_ENABLE_DISABLE","T_SKEW_HI_VCCY_1.4000",24419800,"AP54RHC244_TRAFFIC_ALL_OUT",0,1,"PIN12",1,"P1","","",***,"NA",2.13,"nS","<=",2,"F",0.01,1035.96,""
1,"A244_T_PD_C","AP54RH504_tml.T_ENABLE_DISABLE","T_EDGE_LO_VCCY_1.4000",24419804,"AP54RHC244_TRAFFIC_ALL_OUT",0,1,"PIN12",1,"P1","","",***,"NA",19.45,"nS","<=",40,"P",101.05,1035.96,""
1,"A244_T_PD_C","AP54RH504_tml.T_ENABLE_DISABLE","T_EDGE_LO_VCCY_1.4000",24419804,"AP54RHC244_TRAFFIC_ALL_OUT",0,1,"PIN14",1,"P1","","",***,"NA",19.21,"nS","<=",40,"P",101.05,1035.96,""
1,"A244_T_PD_C","AP54RH504_tml.T_ENABLE_DISABLE","T_EDGE_LO_VCCY_1.4000",24419804,"AP54RHC244_TRAFFIC_ALL_OUT",0,1,"PIN16",1,"P1","","",***,"NA",17.89,"nS","<=",40,"P",101.05,1035.96,""
1,"A244_T_PD_C","AP54RH504_tml.T_ENABLE_DISABLE","T_EDGE_LO_VCCY_1.4000",24419804,"AP54RHC244_TRAFFIC_ALL_OUT",0,1,"PIN18",1,"P1","","",***,"NA",18.85,"nS","<=",40,"P",101.05,1035.96,""
1,"A244_T_PD_C","AP54RH504_tml.T_ENABLE_DISABLE","T_EDGE_LO_VCCY_1.4000",24419804,"AP54RHC244_TRAFFIC_ALL_OUT",0,1,"PIN3",1,"P1","","",***,"NA",19.14,"nS","<=",40,"P",101.05,1035.96,""
1,"A244_T_PD_C","AP54RH504_tml.T_ENABLE_DISABLE","T_EDGE_LO_VCCY_1.4000",24419804,"AP54RHC244_TRAFFIC_ALL_OUT",0,1,"PIN5",1,"P1","","",***,"NA",19.62,"nS","<=",40,"P",101.05,1035.96,""
1,"A244_T_PD_C","AP54RH504_tml.T_ENABLE_DISABLE","T_EDGE_LO_VCCY_1.4000",24419804,"AP54RHC244_TRAFFIC_ALL_OUT",0,1,"PIN7",1,"P1","","",***,"NA",19.44,"nS","<=",40,"P",101.05,1035.96,""
1,"A244_T_PD_C","AP54RH504_tml.T_ENABLE_DISABLE","T_EDGE_LO_VCCY_1.4000",24419804,"AP54RHC244_TRAFFIC_ALL_OUT",0,1,"PIN9",1,"P1","","",***,"NA",19.39,"nS","<=",40,"P",101.05,1035.96,""
1,"A244_T_PD_C","AP54RH504_tml.T_ENABLE_DISABLE","T_SKEW_LO_VCCY_1.4000",24419798,"AP54RHC244_TRAFFIC_ALL_OUT",0,1,"PIN12",1,"P1","","",***,"NA",1.73,"nS","<=",2,"P",0.01,1035.96,""
1,"A244_T_EN_C","AP54RH504_tml.T_ENABLE_DISABLE","T_EDGE_HI_VCCY_4.5000",24415160,"AP54RHC244_OUTPUT_ENABLE_HIGH",0,1,"PIN3",1,"P1","","",***,"NA",9.77,"nS","<=",20,"P",132.877,1214.52,""
1,"A244_T_EN_C","AP54RH504_tml.T_ENABLE_DISABLE","T_EDGE_HI_VCCY_4.5000",24415160,"AP54RHC244_OUTPUT_ENABLE_HIGH",0,1,"PIN5",1,"P1","","",***,"NA",9.77,"nS","<=",20,"P",132.877,1214.52,""
1,"A244_T_EN_C","AP54RH504_tml.T_ENABLE_DISABLE","T_EDGE_HI_VCCY_4.5000",24415160,"AP54RHC244_OUTPUT_ENABLE_HIGH",0,1,"PIN7",1,"P1","","",***,"NA",10.31,"nS","<=",20,"P",132.877,1214.52,""
1,"A244_T_EN_C","AP54RH504_tml.T_ENABLE_DISABLE","T_EDGE_HI_VCCY_4.5000",24415160,"AP54RHC244_OUTPUT_ENABLE_HIGH",0,1,"PIN9",1,"P1","","",***,"NA",10.52,"nS","<=",20,"P",132.877,1214.52,""
1,"A244_T_EN_C","AP54RH504_tml.T_ENABLE_DISABLE","T_EDGE_HI_VCCY_4.5000",24415160,"AP54RHC244_OUTPUT_ENABLE_HIGH",0,1,"PIN12",1,"P1","","",***,"NA",10.32,"nS","<=",20,"P",132.877,1214.52,""
1,"A244_T_EN_C","AP54RH504_tml.T_ENABLE_DISABLE","T_EDGE_HI_VCCY_4.5000",24415160,"AP54RHC244_OUTPUT_ENABLE_HIGH",0,1,"PIN14",1,"P1","","",***,"NA",9.72,"nS","<=",20,"P",132.877,1214.52,""
1,"A244_T_EN_C","AP54RH504_tml.T_ENABLE_DISABLE","T_EDGE_HI_VCCY_4.5000",24415160,"AP54RHC244_OUTPUT_ENABLE_HIGH",0,1,"PIN16",1,"P1","","",***,"NA",9.68,"nS","<=",20,"P",132.877,1214.52,""
1,"A244_T_EN_C","AP54RH504_tml.T_ENABLE_DISABLE","T_EDGE_HI_VCCY_4.5000",24415160,"AP54RHC244_OUTPUT_ENABLE_HIGH",0,1,"PIN18",1,"P1","","",***,"NA",9.65,"nS","<=",20,"P",132.877,1214.52,""
1,"A244_T_EN_C","AP54RH504_tml.T_ENABLE_DISABLE","T_EDGE_LO_VCCY_4.5000",24415240,"AP54RHC244_OUTPUT_ENABLE_HIGH",0,1,"PIN3",1,"P1","","",***,"NA",9.48,"nS","<=",20,"P",119.614,1214.52,""
1,"A244_T_EN_C","AP54RH504_tml.T_ENABLE_DISABLE","T_EDGE_LO_VCCY_4.5000",24415240,"AP54RHC244_OUTPUT_ENABLE_HIGH",0,1,"PIN5",1,"P1","","",***,"NA",9.44,"nS","<=",20,"P",119.614,1214.52,""
1,"A244_T_EN_C","AP54RH504_tml.T_ENABLE_DISABLE","T_EDGE_LO_VCCY_4.5000",24415240,"AP54RHC244_OUTPUT_ENABLE_HIGH",0,1,"PIN7",1,"P1","","",***,"NA",10.02,"nS","<=",20,"P",119.614,1214.52,""
1,"A244_T_EN_C","AP54RH504_tml.T_ENABLE_DISABLE","T_EDGE_LO_VCCY_4.5000",24415240,"AP54RHC244_OUTPUT_ENABLE_HIGH",0,1,"PIN9",1,"P1","","",***,"NA",10.2,"nS","<=",20,"P",119.614,1214.52,""
1,"A244_T_EN_C","AP54RH504_tml.T_ENABLE_DISABLE","T_EDGE_LO_VCCY_4.5000",24415240,"AP54RHC244_OUTPUT_ENABLE_HIGH",0,1,"PIN12",1,"P1","","",***,"NA",10.08,"nS","<=",20,"P",119.614,1214.52,""
1,"A244_T_EN_C","AP54RH504_tml.T_ENABLE_DISABLE","T_EDGE_LO_VCCY_4.5000",24415240,"AP54RHC244_OUTPUT_ENABLE_HIGH",0,1,"PIN14",1,"P1","","",***,"NA",9.42,"nS","<=",20,"P",119.614,1214.52,""
1,"A244_T_EN_C","AP54RH504_tml.T_ENABLE_DISABLE","T_EDGE_LO_VCCY_4.5000",24415240,"AP54RHC244_OUTPUT_ENABLE_HIGH",0,1,"PIN16",1,"P1","","",***,"NA",9.43,"nS","<=",20,"P",119.614,1214.52,""
1,"A244_T_EN_C","AP54RH504_tml.T_ENABLE_DISABLE","T_EDGE_LO_VCCY_4.5000",24415240,"AP54RHC244_OUTPUT_ENABLE_HIGH",0,1,"PIN18",1,"P1","","",***,"NA",9.46,"nS","<=",20,"P",119.614,1214.52,""
1,"A244_T_EN_C","AP54RH504_tml.T_ENABLE_DISABLE","T_EDGE_HI_VCCY_3.0000",24415180,"AP54RHC244_OUTPUT_ENABLE_HIGH",0,1,"PIN3",1,"P1","","",***,"NA",11.9,"nS","<=",30,"P",119.869,1214.52,""
1,"A244_T_EN_C","AP54RH504_tml.T_ENABLE_DISABLE","T_EDGE_HI_VCCY_3.0000",24415180,"AP54RHC244_OUTPUT_ENABLE_HIGH",0,1,"PIN5",1,"P1","","",***,"NA",11.91,"nS","<=",30,"P",119.869,1214.52,""
1,"A244_T_EN_C","AP54RH504_tml.T_ENABLE_DISABLE","T_EDGE_HI_VCCY_3.0000",24415180,"AP54RHC244_OUTPUT_ENABLE_HIGH",0,1,"PIN7",1,"P1","","",***,"NA",12.49,"nS","<=",30,"P",119.869,1214.52,""
1,"A244_T_EN_C","AP54RH504_tml.T_ENABLE_DISABLE","T_EDGE_HI_VCCY_3.0000",24415180,"AP54RHC244_OUTPUT_ENABLE_HIGH",0,1,"PIN9",1,"P1","","",***,"NA",12.71,"nS","<=",30,"P",119.869,1214.52,""
1,"A244_T_EN_C","AP54RH504_tml.T_ENABLE_DISABLE","T_EDGE_HI_VCCY_3.0000",24415180,"AP54RHC244_OUTPUT_ENABLE_HIGH",0,1,"PIN12",1,"P1","","",***,"NA",12.35,"nS","<=",30,"P",119.869,1214.52,""
1,"A244_T_EN_C","AP54RH504_tml.T_ENABLE_DISABLE","T_EDGE_HI_VCCY_3.0000",24415180,"AP54RHC244_OUTPUT_ENABLE_HIGH",0,1,"PIN14",1,"P1","","",***,"NA",11.63,"nS","<=",30,"P",119.869,1214.52,""
1,"A244_T_EN_C","AP54RH504_tml.T_ENABLE_DISABLE","T_EDGE_HI_VCCY_3.0000",24415180,"AP54RHC244_OUTPUT_ENABLE_HIGH",0,1,"PIN16",1,"P1","","",***,"NA",11.57,"nS","<=",30,"P",119.869,1214.52,""
1,"A244_T_EN_C","AP54RH504_tml.T_ENABLE_DISABLE","T_EDGE_HI_VCCY_3.0000",24415180,"AP54RHC244_OUTPUT_ENABLE_HIGH",0,1,"PIN18",1,"P1","","",***,"NA",11.56,"nS","<=",30,"P",119.869,1214.52,""
1,"A244_T_EN_C","AP54RH504_tml.T_ENABLE_DISABLE","T_EDGE_LO_VCCY_3.0000",24415260,"AP54RHC244_OUTPUT_ENABLE_HIGH",0,1,"PIN3",1,"P1","","",***,"NA",11.73,"nS","<=",30,"P",118.791,1214.52,""
1,"A244_T_EN_C","AP54RH504_tml.T_ENABLE_DISABLE","T_EDGE_LO_VCCY_3.0000",24415260,"AP54RHC244_OUTPUT_ENABLE_HIGH",0,1,"PIN5",1,"P1","","",***,"NA",11.71,"nS","<=",30,"P",118.791,1214.52,""
1,"A244_T_EN_C","AP54RH504_tml.T_ENABLE_DISABLE","T_EDGE_LO_VCCY_3.0000",24415260,"AP54RHC244_OUTPUT_ENABLE_HIGH",0,1,"PIN7",1,"P1","","",***,"NA",12.31,"nS","<=",30,"P",118.791,1214.52,""
1,"A244_T_EN_C","AP54RH504_tml.T_ENABLE_DISABLE","T_EDGE_LO_VCCY_3.0000",24415260,"AP54RHC244_OUTPUT_ENABLE_HIGH",0,1,"PIN9",1,"P1","","",***,"NA",12.48,"nS","<=",30,"P",118.791,1214.52,""
1,"A244_T_EN_C","AP54RH504_tml.T_ENABLE_DISABLE","T_EDGE_LO_VCCY_3.0000",24415260,"AP54RHC244_OUTPUT_ENABLE_HIGH",0,1,"PIN12",1,"P1","","",***,"NA",12.21,"nS","<=",30,"P",118.791,1214.52,""
1,"A244_T_EN_C","AP54RH504_tml.T_ENABLE_DISABLE","T_EDGE_LO_VCCY_3.0000",24415260,"AP54RHC244_OUTPUT_ENABLE_HIGH",0,1,"PIN14",1,"P1","","",***,"NA",11.49,"nS","<=",30,"P",118.791,1214.52,""
1,"A244_T_EN_C","AP54RH504_tml.T_ENABLE_DISABLE","T_EDGE_LO_VCCY_3.0000",24415260,"AP54RHC244_OUTPUT_ENABLE_HIGH",0,1,"PIN16",1,"P1","","",***,"NA",11.48,"nS","<=",30,"P",118.791,1214.52,""
1,"A244_T_EN_C","AP54RH504_tml.T_ENABLE_DISABLE","T_EDGE_LO_VCCY_3.0000",24415260,"AP54RHC244_OUTPUT_ENABLE_HIGH",0,1,"PIN18",1,"P1","","",***,"NA",11.5,"nS","<=",30,"P",118.791,1214.52,""
1,"A244_T_EN_C","AP54RH504_tml.T_ENABLE_DISABLE","T_EDGE_HI_VCCY_2.3000",24415200,"AP54RHC244_OUTPUT_ENABLE_HIGH",0,1,"PIN3",1,"P1","","",***,"NA",14.41,"nS","<=",36,"P",116.375,1214.52,""
1,"A244_T_EN_C","AP54RH504_tml.T_ENABLE_DISABLE","T_EDGE_HI_VCCY_2.3000",24415200,"AP54RHC244_OUTPUT_ENABLE_HIGH",0,1,"PIN5",1,"P1","","",***,"NA",14.45,"nS","<=",36,"P",116.375,1214.52,""
1,"A244_T_EN_C","AP54RH504_tml.T_ENABLE_DISABLE","T_EDGE_HI_VCCY_2.3000",24415200,"AP54RHC244_OUTPUT_ENABLE_HIGH",0,1,"PIN7",1,"P1","","",***,"NA",15.18,"nS","<=",36,"P",116.375,1214.52,""
1,"A244_T_EN_C","AP54RH504_tml.T_ENABLE_DISABLE","T_EDGE_HI_VCCY_2.3000",24415200,"AP54RHC244_OUTPUT_ENABLE_HIGH",0,1,"PIN9",1,"P1","","",***,"NA",15.36,"nS","<=",36,"P",116.375,1214.52,""
1,"A244_T_EN_C","AP54RH504_tml.T_ENABLE_DISABLE","T_EDGE_HI_VCCY_2.3000",24415200,"AP54RHC244_OUTPUT_ENABLE_HIGH",0,1,"PIN12",1,"P1","","",***,"NA",14.77,"nS","<=",36,"P",116.375,1214.52,""
1,"A244_T_EN_C","AP54RH504_tml.T_ENABLE_DISABLE","T_EDGE_HI_VCCY_2.3000",24415200,"AP54RHC244_OUTPUT_ENABLE_HIGH",0,1,"PIN14",1,"P1","","",***,"NA",13.95,"nS","<=",36,"P",116.375,1214.52,""
1,"A244_T_EN_C","AP54RH504_tml.T_ENABLE_DISABLE","T_EDGE_HI_VCCY_2.3000",24415200,"AP54RHC244_OUTPUT_ENABLE_HIGH",0,1,"PIN16",1,"P1","","",***,"NA",13.88,"nS","<=",36,"P",116.375,1214.52,""
1,"A244_T_EN_C","AP54RH504_tml.T_ENABLE_DISABLE","T_EDGE_HI_VCCY_2.3000",24415200,"AP54RHC244_OUTPUT_ENABLE_HIGH",0,1,"PIN18",1,"P1","","",***,"NA",13.87,"nS","<=",36,"P",116.375,1214.52,""
1,"A244_T_EN_C","AP54RH504_tml.T_ENABLE_DISABLE","T_EDGE_LO_VCCY_2.3000",24415280,"AP54RHC244_OUTPUT_ENABLE_HIGH",0,1,"PIN3",1,"P1","","",***,"NA",14.44,"nS","<=",36,"P",123.52,1214.52,""
1,"A244_T_EN_C","AP54RH504_tml.T_ENABLE_DISABLE","T_EDGE_LO_VCCY_2.3000",24415280,"AP54RHC244_OUTPUT_ENABLE_HIGH",0,1,"PIN5",1,"P1","","",***,"NA",14.39,"nS","<=",36,"P",123.52,1214.52,""
1,"A244_T_EN_C","AP54RH504_tml.T_ENABLE_DISABLE","T_EDGE_LO_VCCY_2.3000",24415280,"AP54RHC244_OUTPUT_ENABLE_HIGH",0,1,"PIN7",1,"P1","","",***,"NA",15.07,"nS","<=",36,"P",123.52,1214.52,""
1,"A244_T_EN_C","AP54RH504_tml.T_ENABLE_DISABLE","T_EDGE_LO_VCCY_2.3000",24415280,"AP54RHC244_OUTPUT_ENABLE_HIGH",0,1,"PIN9",1,"P1","","",***,"NA",15.25,"nS","<=",36,"P",123.52,1214.52,""
1,"A244_T_EN_C","AP54RH504_tml.T_ENABLE_DISABLE","T_EDGE_LO_VCCY_2.3000",24415280,"AP54RHC244_OUTPUT_ENABLE_HIGH",0,1,"PIN12",1,"P1","","",***,"NA",14.75,"nS","<=",36,"P",123.52,1214.52,""
1,"A244_T_EN_C","AP54RH504_tml.T_ENABLE_DISABLE","T_EDGE_LO_VCCY_2.3000",24415280,"AP54RHC244_OUTPUT_ENABLE_HIGH",0,1,"PIN14",1,"P1","","",***,"NA",13.97,"nS","<=",36,"P",123.52,1214.52,""
1,"A244_T_EN_C","AP54RH504_tml.T_ENABLE_DISABLE","T_EDGE_LO_VCCY_2.3000",24415280,"AP54RHC244_OUTPUT_ENABLE_HIGH",0,1,"PIN16",1,"P1","","",***,"NA",13.92,"nS","<=",36,"P",123.52,1214.52,""
1,"A244_T_EN_C","AP54RH504_tml.T_ENABLE_DISABLE","T_EDGE_LO_VCCY_2.3000",24415280,"AP54RHC244_OUTPUT_ENABLE_HIGH",0,1,"PIN18",1,"P1","","",***,"NA",13.97,"nS","<=",36,"P",123.52,1214.52,""
1,"A244_T_EN_C","AP54RH504_tml.T_ENABLE_DISABLE","T_EDGE_HI_VCCY_1.6500",24415220,"AP54RHC244_OUTPUT_ENABLE_HIGH",0,1,"PIN3",1,"P1","","",***,"NA",22.85,"nS","<=",48,"P",120.574,1214.52,""
1,"A244_T_EN_C","AP54RH504_tml.T_ENABLE_DISABLE","T_EDGE_HI_VCCY_1.6500",24415220,"AP54RHC244_OUTPUT_ENABLE_HIGH",0,1,"PIN5",1,"P1","","",***,"NA",22.44,"nS","<=",48,"P",120.574,1214.52,""
1,"A244_T_EN_C","AP54RH504_tml.T_ENABLE_DISABLE","T_EDGE_HI_VCCY_1.6500",24415220,"AP54RHC244_OUTPUT_ENABLE_HIGH",0,1,"PIN7",1,"P1","","",***,"NA",24.92,"nS","<=",48,"P",120.574,1214.52,""
1,"A244_T_EN_C","AP54RH504_tml.T_ENABLE_DISABLE","T_EDGE_HI_VCCY_1.6500",24415220,"AP54RHC244_OUTPUT_ENABLE_HIGH",0,1,"PIN9",1,"P1","","",***,"NA",24.83,"nS","<=",48,"P",120.574,1214.52,""
1,"A244_T_EN_C","AP54RH504_tml.T_ENABLE_DISABLE","T_EDGE_HI_VCCY_1.6500",24415220,"AP54RHC244_OUTPUT_ENABLE_HIGH",0,1,"PIN12",1,"P1","","",***,"NA",22.43,"nS","<=",48,"P",120.574,1214.52,""
1,"A244_T_EN_C","AP54RH504_tml.T_ENABLE_DISABLE","T_EDGE_HI_VCCY_1.6500",24415220,"AP54RHC244_OUTPUT_ENABLE_HIGH",0,1,"PIN14",1,"P1","","",***,"NA",20.7,"nS","<=",48,"P",120.574,1214.52,""
1,"A244_T_EN_C","AP54RH504_tml.T_ENABLE_DISABLE","T_EDGE_HI_VCCY_1.6500",24415220,"AP54RHC244_OUTPUT_ENABLE_HIGH",0,1,"PIN16",1,"P1","","",***,"NA",20.65,"nS","<=",48,"P",120.574,1214.52,""
1,"A244_T_EN_C","AP54RH504_tml.T_ENABLE_DISABLE","T_EDGE_HI_VCCY_1.6500",24415220,"AP54RHC244_OUTPUT_ENABLE_HIGH",0,1,"PIN18",1,"P1","","",***,"NA",20.61,"nS","<=",48,"P",120.574,1214.52,""
1,"A244_T_EN_C","AP54RH504_tml.T_ENABLE_DISABLE","T_EDGE_LO_VCCY_1.6500",24415300,"AP54RHC244_OUTPUT_ENABLE_HIGH",0,1,"PIN3",1,"P1","","",***,"NA",22.35,"nS","<=",48,"P",117.932,1214.52,""
1,"A244_T_EN_C","AP54RH504_tml.T_ENABLE_DISABLE","T_EDGE_LO_VCCY_1.6500",24415300,"AP54RHC244_OUTPUT_ENABLE_HIGH",0,1,"PIN5",1,"P1","","",***,"NA",22.1,"nS","<=",48,"P",117.932,1214.52,""
1,"A244_T_EN_C","AP54RH504_tml.T_ENABLE_DISABLE","T_EDGE_LO_VCCY_1.6500",24415300,"AP54RHC244_OUTPUT_ENABLE_HIGH",0,1,"PIN7",1,"P1","","",***,"NA",23.28,"nS","<=",48,"P",117.932,1214.52,""
1,"A244_T_EN_C","AP54RH504_tml.T_ENABLE_DISABLE","T_EDGE_LO_VCCY_1.6500",24415300,"AP54RHC244_OUTPUT_ENABLE_HIGH",0,1,"PIN9",1,"P1","","",***,"NA",23.24,"nS","<=",48,"P",117.932,1214.52,""
1,"A244_T_EN_C","AP54RH504_tml.T_ENABLE_DISABLE","T_EDGE_LO_VCCY_1.6500",24415300,"AP54RHC244_OUTPUT_ENABLE_HIGH",0,1,"PIN12",1,"P1","","",***,"NA",22.08,"nS","<=",48,"P",117.932,1214.52,""
1,"A244_T_EN_C","AP54RH504_tml.T_ENABLE_DISABLE","T_EDGE_LO_VCCY_1.6500",24415300,"AP54RHC244_OUTPUT_ENABLE_HIGH",0,1,"PIN14",1,"P1","","",***,"NA",21.1,"nS","<=",48,"P",117.932,1214.52,""
1,"A244_T_EN_C","AP54RH504_tml.T_ENABLE_DISABLE","T_EDGE_LO_VCCY_1.6500",24415300,"AP54RHC244_OUTPUT_ENABLE_HIGH",0,1,"PIN16",1,"P1","","",***,"NA",21.18,"nS","<=",48,"P",117.932,1214.52,""
1,"A244_T_EN_C","AP54RH504_tml.T_ENABLE_DISABLE","T_EDGE_LO_VCCY_1.6500",24415300,"AP54RHC244_OUTPUT_ENABLE_HIGH",0,1,"PIN18",1,"P1","","",***,"NA",21.19,"nS","<=",48,"P",117.932,1214.52,""
1,"A244_T_EN_C","AP54RH504_tml.T_ENABLE_DISABLE","T_EDGE_HI_VCCY_1.4000",24419782,"AP54RHC244_OUTPUT_ENABLE_HIGH",0,1,"PIN3",1,"P1","","",***,"NA",36.15,"nS","<=",62,"P",116.017,1214.52,""
1,"A244_T_EN_C","AP54RH504_tml.T_ENABLE_DISABLE","T_EDGE_HI_VCCY_1.4000",24419782,"AP54RHC244_OUTPUT_ENABLE_HIGH",0,1,"PIN5",1,"P1","","",***,"NA",36.11,"nS","<=",62,"P",116.017,1214.52,""
1,"A244_T_EN_C","AP54RH504_tml.T_ENABLE_DISABLE","T_EDGE_HI_VCCY_1.4000",24419782,"AP54RHC244_OUTPUT_ENABLE_HIGH",0,1,"PIN7",1,"P1","","",***,"NA",36.3,"nS","<=",62,"P",116.017,1214.52,""
1,"A244_T_EN_C","AP54RH504_tml.T_ENABLE_DISABLE","T_EDGE_HI_VCCY_1.4000",24419782,"AP54RHC244_OUTPUT_ENABLE_HIGH",0,1,"PIN9",1,"P1","","",***,"NA",36.68,"nS","<=",62,"P",116.017,1214.52,""
1,"A244_T_EN_C","AP54RH504_tml.T_ENABLE_DISABLE","T_EDGE_HI_VCCY_1.4000",24419782,"AP54RHC244_OUTPUT_ENABLE_HIGH",0,1,"PIN12",1,"P1","","",***,"NA",36.4,"nS","<=",62,"P",116.017,1214.52,""
1,"A244_T_EN_C","AP54RH504_tml.T_ENABLE_DISABLE","T_EDGE_HI_VCCY_1.4000",24419782,"AP54RHC244_OUTPUT_ENABLE_HIGH",0,1,"PIN14",1,"P1","","",***,"NA",36.07,"nS","<=",62,"P",116.017,1214.52,""
1,"A244_T_EN_C","AP54RH504_tml.T_ENABLE_DISABLE","T_EDGE_HI_VCCY_1.4000",24419782,"AP54RHC244_OUTPUT_ENABLE_HIGH",0,1,"PIN16",1,"P1","","",***,"NA",35.88,"nS","<=",62,"P",116.017,1214.52,""
1,"A244_T_EN_C","AP54RH504_tml.T_ENABLE_DISABLE","T_EDGE_HI_VCCY_1.4000",24419782,"AP54RHC244_OUTPUT_ENABLE_HIGH",0,1,"PIN18",1,"P1","","",***,"NA",35.63,"nS","<=",62,"P",116.017,1214.52,""
1,"A244_T_EN_C","AP54RH504_tml.T_ENABLE_DISABLE","T_EDGE_LO_VCCY_1.4000",24419784,"AP54RHC244_OUTPUT_ENABLE_HIGH",0,1,"PIN3",1,"P1","","",***,"NA",48.45,"nS","<=",62,"P",121.571,1214.52,""
1,"A244_T_EN_C","AP54RH504_tml.T_ENABLE_DISABLE","T_EDGE_LO_VCCY_1.4000",24419784,"AP54RHC244_OUTPUT_ENABLE_HIGH",0,1,"PIN5",1,"P1","","",***,"NA",47.91,"nS","<=",62,"P",121.571,1214.52,""
1,"A244_T_EN_C","AP54RH504_tml.T_ENABLE_DISABLE","T_EDGE_LO_VCCY_1.4000",24419784,"AP54RHC244_OUTPUT_ENABLE_HIGH",0,1,"PIN7",1,"P1","","",***,"NA",49.79,"nS","<=",62,"P",121.571,1214.52,""
1,"A244_T_EN_C","AP54RH504_tml.T_ENABLE_DISABLE","T_EDGE_LO_VCCY_1.4000",24419784,"AP54RHC244_OUTPUT_ENABLE_HIGH",0,1,"PIN9",1,"P1","","",***,"NA",49.43,"nS","<=",62,"P",121.571,1214.52,""
1,"A244_T_EN_C","AP54RH504_tml.T_ENABLE_DISABLE","T_EDGE_LO_VCCY_1.4000",24419784,"AP54RHC244_OUTPUT_ENABLE_HIGH",0,1,"PIN12",1,"P1","","",***,"NA",49.3,"nS","<=",62,"P",121.571,1214.52,""
1,"A244_T_EN_C","AP54RH504_tml.T_ENABLE_DISABLE","T_EDGE_LO_VCCY_1.4000",24419784,"AP54RHC244_OUTPUT_ENABLE_HIGH",0,1,"PIN14",1,"P1","","",***,"NA",48.23,"nS","<=",62,"P",121.571,1214.52,""
1,"A244_T_EN_C","AP54RH504_tml.T_ENABLE_DISABLE","T_EDGE_LO_VCCY_1.4000",24419784,"AP54RHC244_OUTPUT_ENABLE_HIGH",0,1,"PIN16",1,"P1","","",***,"NA",48.07,"nS","<=",62,"P",121.571,1214.52,""
1,"A244_T_EN_C","AP54RH504_tml.T_ENABLE_DISABLE","T_EDGE_LO_VCCY_1.4000",24419784,"AP54RHC244_OUTPUT_ENABLE_HIGH",0,1,"PIN18",1,"P1","","",***,"NA",48.03,"nS","<=",62,"P",121.571,1214.52,""
1,"A244_T_DIS_C","AP54RH504_tml.T_ENABLE_DISABLE","T_EDGE_HI_VCCY_4.5000",24415320,"",0,1,"PIN12",1,"P1","","",***,"NA",10.51,"nS","<=",20,"P",180.454,1648.71,""
1,"A244_T_DIS_C","AP54RH504_tml.T_ENABLE_DISABLE","T_EDGE_HI_VCCY_4.5000",24415320,"",0,1,"PIN14",1,"P1","","",***,"NA",9.23,"nS","<=",20,"P",180.454,1648.71,""
1,"A244_T_DIS_C","AP54RH504_tml.T_ENABLE_DISABLE","T_EDGE_HI_VCCY_4.5000",24415320,"",0,1,"PIN16",1,"P1","","",***,"NA",9.28,"nS","<=",20,"P",180.454,1648.71,""
1,"A244_T_DIS_C","AP54RH504_tml.T_ENABLE_DISABLE","T_EDGE_HI_VCCY_4.5000",24415320,"",0,1,"PIN18",1,"P1","","",***,"NA",9.36,"nS","<=",20,"P",180.454,1648.71,""
1,"A244_T_DIS_C","AP54RH504_tml.T_ENABLE_DISABLE","T_EDGE_HI_VCCY_4.5000",24415320,"",0,1,"PIN3",1,"P1","","",***,"NA",9.26,"nS","<=",20,"P",180.454,1648.71,""
1,"A244_T_DIS_C","AP54RH504_tml.T_ENABLE_DISABLE","T_EDGE_HI_VCCY_4.5000",24415320,"",0,1,"PIN5",1,"P1","","",***,"NA",9.14,"nS","<=",20,"P",180.454,1648.71,""
1,"A244_T_DIS_C","AP54RH504_tml.T_ENABLE_DISABLE","T_EDGE_HI_VCCY_4.5000",24415320,"",0,1,"PIN7",1,"P1","","",***,"NA",10.31,"nS","<=",20,"P",180.454,1648.71,""
1,"A244_T_DIS_C","AP54RH504_tml.T_ENABLE_DISABLE","T_EDGE_HI_VCCY_4.5000",24415320,"",0,1,"PIN9",1,"P1","","",***,"NA",10.16,"nS","<=",20,"P",180.454,1648.71,""
1,"A244_T_DIS_C","AP54RH504_tml.T_ENABLE_DISABLE","T_EDGE_LO_VCCY_4.5000",24415400,"",0,1,"PIN12",1,"P1","","",***,"NA",10.6,"nS","<=",20,"P",166.372,1648.71,""
1,"A244_T_DIS_C","AP54RH504_tml.T_ENABLE_DISABLE","T_EDGE_LO_VCCY_4.5000",24415400,"",0,1,"PIN14",1,"P1","","",***,"NA",9.27,"nS","<=",20,"P",166.372,1648.71,""
1,"A244_T_DIS_C","AP54RH504_tml.T_ENABLE_DISABLE","T_EDGE_LO_VCCY_4.5000",24415400,"",0,1,"PIN16",1,"P1","","",***,"NA",9.26,"nS","<=",20,"P",166.372,1648.71,""
1,"A244_T_DIS_C","AP54RH504_tml.T_ENABLE_DISABLE","T_EDGE_LO_VCCY_4.5000",24415400,"",0,1,"PIN18",1,"P1","","",***,"NA",9.29,"nS","<=",20,"P",166.372,1648.71,""
1,"A244_T_DIS_C","AP54RH504_tml.T_ENABLE_DISABLE","T_EDGE_LO_VCCY_4.5000",24415400,"",0,1,"PIN3",1,"P1","","",***,"NA",9.32,"nS","<=",20,"P",166.372,1648.71,""
1,"A244_T_DIS_C","AP54RH504_tml.T_ENABLE_DISABLE","T_EDGE_LO_VCCY_4.5000",24415400,"",0,1,"PIN5",1,"P1","","",***,"NA",9.22,"nS","<=",20,"P",166.372,1648.71,""
1,"A244_T_DIS_C","AP54RH504_tml.T_ENABLE_DISABLE","T_EDGE_LO_VCCY_4.5000",24415400,"",0,1,"PIN7",1,"P1","","",***,"NA",10.49,"nS","<=",20,"P",166.372,1648.71,""
1,"A244_T_DIS_C","AP54RH504_tml.T_ENABLE_DISABLE","T_EDGE_LO_VCCY_4.5000",24415400,"",0,1,"PIN9",1,"P1","","",***,"NA",10.44,"nS","<=",20,"P",166.372,1648.71,""
1,"A244_T_DIS_C","AP54RH504_tml.T_ENABLE_DISABLE","T_EDGE_HI_VCCY_3.0000",24415340,"",0,1,"PIN12",1,"P1","","",***,"NA",11.7,"nS","<=",30,"P",165.634,1648.71,""
1,"A244_T_DIS_C","AP54RH504_tml.T_ENABLE_DISABLE","T_EDGE_HI_VCCY_3.0000",24415340,"",0,1,"PIN14",1,"P1","","",***,"NA",10.57,"nS","<=",30,"P",165.634,1648.71,""
1,"A244_T_DIS_C","AP54RH504_tml.T_ENABLE_DISABLE","T_EDGE_HI_VCCY_3.0000",24415340,"",0,1,"PIN16",1,"P1","","",***,"NA",10.56,"nS","<=",30,"P",165.634,1648.71,""
1,"A244_T_DIS_C","AP54RH504_tml.T_ENABLE_DISABLE","T_EDGE_HI_VCCY_3.0000",24415340,"",0,1,"PIN18",1,"P1","","",***,"NA",10.62,"nS","<=",30,"P",165.634,1648.71,""
1,"A244_T_DIS_C","AP54RH504_tml.T_ENABLE_DISABLE","T_EDGE_HI_VCCY_3.0000",24415340,"",0,1,"PIN3",1,"P1","","",***,"NA",10.48,"nS","<=",30,"P",165.634,1648.71,""
1,"A244_T_DIS_C","AP54RH504_tml.T_ENABLE_DISABLE","T_EDGE_HI_VCCY_3.0000",24415340,"",0,1,"PIN5",1,"P1","","",***,"NA",10.38,"nS","<=",30,"P",165.634,1648.71,""
1,"A244_T_DIS_C","AP54RH504_tml.T_ENABLE_DISABLE","T_EDGE_HI_VCCY_3.0000",24415340,"",0,1,"PIN7",1,"P1","","",***,"NA",11.45,"nS","<=",30,"P",165.634,1648.71,""
1,"A244_T_DIS_C","AP54RH504_tml.T_ENABLE_DISABLE","T_EDGE_HI_VCCY_3.0000",24415340,"",0,1,"PIN9",1,"P1","","",***,"NA",11.45,"nS","<=",30,"P",165.634,1648.71,""
1,"A244_T_DIS_C","AP54RH504_tml.T_ENABLE_DISABLE","T_EDGE_LO_VCCY_3.0000",24415420,"",0,1,"PIN12",1,"P1","","",***,"NA",11.78,"nS","<=",30,"P",157.692,1648.71,""
1,"A244_T_DIS_C","AP54RH504_tml.T_ENABLE_DISABLE","T_EDGE_LO_VCCY_3.0000",24415420,"",0,1,"PIN14",1,"P1","","",***,"NA",10.57,"nS","<=",30,"P",157.692,1648.71,""
1,"A244_T_DIS_C","AP54RH504_tml.T_ENABLE_DISABLE","T_EDGE_LO_VCCY_3.0000",24415420,"",0,1,"PIN16",1,"P1","","",***,"NA",10.57,"nS","<=",30,"P",157.692,1648.71,""
1,"A244_T_DIS_C","AP54RH504_tml.T_ENABLE_DISABLE","T_EDGE_LO_VCCY_3.0000",24415420,"",0,1,"PIN18",1,"P1","","",***,"NA",10.61,"nS","<=",30,"P",157.692,1648.71,""
1,"A244_T_DIS_C","AP54RH504_tml.T_ENABLE_DISABLE","T_EDGE_LO_VCCY_3.0000",24415420,"",0,1,"PIN3",1,"P1","","",***,"NA",10.57,"nS","<=",30,"P",157.692,1648.71,""
1,"A244_T_DIS_C","AP54RH504_tml.T_ENABLE_DISABLE","T_EDGE_LO_VCCY_3.0000",24415420,"",0,1,"PIN5",1,"P1","","",***,"NA",10.47,"nS","<=",30,"P",157.692,1648.71,""
1,"A244_T_DIS_C","AP54RH504_tml.T_ENABLE_DISABLE","T_EDGE_LO_VCCY_3.0000",24415420,"",0,1,"PIN7",1,"P1","","",***,"NA",11.55,"nS","<=",30,"P",157.692,1648.71,""
1,"A244_T_DIS_C","AP54RH504_tml.T_ENABLE_DISABLE","T_EDGE_LO_VCCY_3.0000",24415420,"",0,1,"PIN9",1,"P1","","",***,"NA",11.6,"nS","<=",30,"P",157.692,1648.71,""
1,"A244_T_DIS_C","AP54RH504_tml.T_ENABLE_DISABLE","T_EDGE_HI_VCCY_2.3000",24415360,"",0,1,"PIN12",1,"P1","","",***,"NA",13.63,"nS","<=",36,"P",164.063,1648.71,""
1,"A244_T_DIS_C","AP54RH504_tml.T_ENABLE_DISABLE","T_EDGE_HI_VCCY_2.3000",24415360,"",0,1,"PIN14",1,"P1","","",***,"NA",12.55,"nS","<=",36,"P",164.063,1648.71,""
1,"A244_T_DIS_C","AP54RH504_tml.T_ENABLE_DISABLE","T_EDGE_HI_VCCY_2.3000",24415360,"",0,1,"PIN16",1,"P1","","",***,"NA",12.56,"nS","<=",36,"P",164.063,1648.71,""
1,"A244_T_DIS_C","AP54RH504_tml.T_ENABLE_DISABLE","T_EDGE_HI_VCCY_2.3000",24415360,"",0,1,"PIN18",1,"P1","","",***,"NA",12.66,"nS","<=",36,"P",164.063,1648.71,""
1,"A244_T_DIS_C","AP54RH504_tml.T_ENABLE_DISABLE","T_EDGE_HI_VCCY_2.3000",24415360,"",0,1,"PIN3",1,"P1","","",***,"NA",12.51,"nS","<=",36,"P",164.063,1648.71,""
1,"A244_T_DIS_C","AP54RH504_tml.T_ENABLE_DISABLE","T_EDGE_HI_VCCY_2.3000",24415360,"",0,1,"PIN5",1,"P1","","",***,"NA",12.37,"nS","<=",36,"P",164.063,1648.71,""
1,"A244_T_DIS_C","AP54RH504_tml.T_ENABLE_DISABLE","T_EDGE_HI_VCCY_2.3000",24415360,"",0,1,"PIN7",1,"P1","","",***,"NA",13.32,"nS","<=",36,"P",164.063,1648.71,""
1,"A244_T_DIS_C","AP54RH504_tml.T_ENABLE_DISABLE","T_EDGE_HI_VCCY_2.3000",24415360,"",0,1,"PIN9",1,"P1","","",***,"NA",13.41,"nS","<=",36,"P",164.063,1648.71,""
1,"A244_T_DIS_C","AP54RH504_tml.T_ENABLE_DISABLE","T_EDGE_LO_VCCY_2.3000",24415440,"",0,1,"PIN12",1,"P1","","",***,"NA",13.65,"nS","<=",36,"P",161.886,1648.71,""
1,"A244_T_DIS_C","AP54RH504_tml.T_ENABLE_DISABLE","T_EDGE_LO_VCCY_2.3000",24415440,"",0,1,"PIN14",1,"P1","","",***,"NA",12.51,"nS","<=",36,"P",161.886,1648.71,""
1,"A244_T_DIS_C","AP54RH504_tml.T_ENABLE_DISABLE","T_EDGE_LO_VCCY_2.3000",24415440,"",0,1,"PIN16",1,"P1","","",***,"NA",12.49,"nS","<=",36,"P",161.886,1648.71,""
1,"A244_T_DIS_C","AP54RH504_tml.T_ENABLE_DISABLE","T_EDGE_LO_VCCY_2.3000",24415440,"",0,1,"PIN18",1,"P1","","",***,"NA",12.47,"nS","<=",36,"P",161.886,1648.71,""
1,"A244_T_DIS_C","AP54RH504_tml.T_ENABLE_DISABLE","T_EDGE_LO_VCCY_2.3000",24415440,"",0,1,"PIN3",1,"P1","","",***,"NA",12.37,"nS","<=",36,"P",161.886,1648.71,""
1,"A244_T_DIS_C","AP54RH504_tml.T_ENABLE_DISABLE","T_EDGE_LO_VCCY_2.3000",24415440,"",0,1,"PIN5",1,"P1","","",***,"NA",12.35,"nS","<=",36,"P",161.886,1648.71,""
1,"A244_T_DIS_C","AP54RH504_tml.T_ENABLE_DISABLE","T_EDGE_LO_VCCY_2.3000",24415440,"",0,1,"PIN7",1,"P1","","",***,"NA",13.35,"nS","<=",36,"P",161.886,1648.71,""
1,"A244_T_DIS_C","AP54RH504_tml.T_ENABLE_DISABLE","T_EDGE_LO_VCCY_2.3000",24415440,"",0,1,"PIN9",1,"P1","","",***,"NA",13.42,"nS","<=",36,"P",161.886,1648.71,""
1,"A244_T_DIS_C","AP54RH504_tml.T_ENABLE_DISABLE","T_EDGE_HI_VCCY_1.6500",24415380,"",0,1,"PIN12",1,"P1","","",***,"NA",19.82,"nS","<=",48,"P",162.555,1648.71,""
1,"A244_T_DIS_C","AP54RH504_tml.T_ENABLE_DISABLE","T_EDGE_HI_VCCY_1.6500",24415380,"",0,1,"PIN14",1,"P1","","",***,"NA",18.85,"nS","<=",48,"P",162.555,1648.71,""
1,"A244_T_DIS_C","AP54RH504_tml.T_ENABLE_DISABLE","T_EDGE_HI_VCCY_1.6500",24415380,"",0,1,"PIN16",1,"P1","","",***,"NA",18.78,"nS","<=",48,"P",162.555,1648.71,""
1,"A244_T_DIS_C","AP54RH504_tml.T_ENABLE_DISABLE","T_EDGE_HI_VCCY_1.6500",24415380,"",0,1,"PIN18",1,"P1","","",***,"NA",18.78,"nS","<=",48,"P",162.555,1648.71,""
1,"A244_T_DIS_C","AP54RH504_tml.T_ENABLE_DISABLE","T_EDGE_HI_VCCY_1.6500",24415380,"",0,1,"PIN3",1,"P1","","",***,"NA",18.57,"nS","<=",48,"P",162.555,1648.71,""
1,"A244_T_DIS_C","AP54RH504_tml.T_ENABLE_DISABLE","T_EDGE_HI_VCCY_1.6500",24415380,"",0,1,"PIN5",1,"P1","","",***,"NA",18.46,"nS","<=",48,"P",162.555,1648.71,""
1,"A244_T_DIS_C","AP54RH504_tml.T_ENABLE_DISABLE","T_EDGE_HI_VCCY_1.6500",24415380,"",0,1,"PIN7",1,"P1","","",***,"NA",19.32,"nS","<=",48,"P",162.555,1648.71,""
1,"A244_T_DIS_C","AP54RH504_tml.T_ENABLE_DISABLE","T_EDGE_HI_VCCY_1.6500",24415380,"",0,1,"PIN9",1,"P1","","",***,"NA",19.49,"nS","<=",48,"P",162.555,1648.71,""
1,"A244_T_DIS_C","AP54RH504_tml.T_ENABLE_DISABLE","T_EDGE_LO_VCCY_1.6500",24415460,"",0,1,"PIN12",1,"P1","","",***,"NA",19.83,"nS","<=",48,"P",162.877,1648.71,""
1,"A244_T_DIS_C","AP54RH504_tml.T_ENABLE_DISABLE","T_EDGE_LO_VCCY_1.6500",24415460,"",0,1,"PIN14",1,"P1","","",***,"NA",18.73,"nS","<=",48,"P",162.877,1648.71,""
1,"A244_T_DIS_C","AP54RH504_tml.T_ENABLE_DISABLE","T_EDGE_LO_VCCY_1.6500",24415460,"",0,1,"PIN16",1,"P1","","",***,"NA",18.64,"nS","<=",48,"P",162.877,1648.71,""
1,"A244_T_DIS_C","AP54RH504_tml.T_ENABLE_DISABLE","T_EDGE_LO_VCCY_1.6500",24415460,"",0,1,"PIN18",1,"P1","","",***,"NA",18.62,"nS","<=",48,"P",162.877,1648.71,""
1,"A244_T_DIS_C","AP54RH504_tml.T_ENABLE_DISABLE","T_EDGE_LO_VCCY_1.6500",24415460,"",0,1,"PIN3",1,"P1","","",***,"NA",18.52,"nS","<=",48,"P",162.877,1648.71,""
1,"A244_T_DIS_C","AP54RH504_tml.T_ENABLE_DISABLE","T_EDGE_LO_VCCY_1.6500",24415460,"",0,1,"PIN5",1,"P1","","",***,"NA",18.42,"nS","<=",48,"P",162.877,1648.71,""
1,"A244_T_DIS_C","AP54RH504_tml.T_ENABLE_DISABLE","T_EDGE_LO_VCCY_1.6500",24415460,"",0,1,"PIN7",1,"P1","","",***,"NA",19.35,"nS","<=",48,"P",162.877,1648.71,""
1,"A244_T_DIS_C","AP54RH504_tml.T_ENABLE_DISABLE","T_EDGE_LO_VCCY_1.6500",24415460,"",0,1,"PIN9",1,"P1","","",***,"NA",19.45,"nS","<=",48,"P",162.877,1648.71,""
1,"A244_T_DIS_C","AP54RH504_tml.T_ENABLE_DISABLE","T_EDGE_HI_VCCY_1.4000",24419796,"",0,1,"PIN12",1,"P1","","",***,"NA",27.62,"nS","<=",62,"P",161.11,1648.71,""
1,"A244_T_DIS_C","AP54RH504_tml.T_ENABLE_DISABLE","T_EDGE_HI_VCCY_1.4000",24419796,"",0,1,"PIN14",1,"P1","","",***,"NA",26.83,"nS","<=",62,"P",161.11,1648.71,""
1,"A244_T_DIS_C","AP54RH504_tml.T_ENABLE_DISABLE","T_EDGE_HI_VCCY_1.4000",24419796,"",0,1,"PIN16",1,"P1","","",***,"NA",26.67,"nS","<=",62,"P",161.11,1648.71,""
1,"A244_T_DIS_C","AP54RH504_tml.T_ENABLE_DISABLE","T_EDGE_HI_VCCY_1.4000",24419796,"",0,1,"PIN18",1,"P1","","",***,"NA",26.61,"nS","<=",62,"P",161.11,1648.71,""
1,"A244_T_DIS_C","AP54RH504_tml.T_ENABLE_DISABLE","T_EDGE_HI_VCCY_1.4000",24419796,"",0,1,"PIN3",1,"P1","","",***,"NA",26.13,"nS","<=",62,"P",161.11,1648.71,""
1,"A244_T_DIS_C","AP54RH504_tml.T_ENABLE_DISABLE","T_EDGE_HI_VCCY_1.4000",24419796,"",0,1,"PIN5",1,"P1","","",***,"NA",26.19,"nS","<=",62,"P",161.11,1648.71,""
1,"A244_T_DIS_C","AP54RH504_tml.T_ENABLE_DISABLE","T_EDGE_HI_VCCY_1.4000",24419796,"",0,1,"PIN7",1,"P1","","",***,"NA",27.03,"nS","<=",62,"P",161.11,1648.71,""
1,"A244_T_DIS_C","AP54RH504_tml.T_ENABLE_DISABLE","T_EDGE_HI_VCCY_1.4000",24419796,"",0,1,"PIN9",1,"P1","","",***,"NA",27.32,"nS","<=",62,"P",161.11,1648.71,""
1,"A244_T_DIS_C","AP54RH504_tml.T_ENABLE_DISABLE","T_EDGE_LO_VCCY_1.4000",24419794,"",0,1,"PIN12",1,"P1","","",***,"NA",29.8,"nS","<=",62,"P",158.18,1648.71,""
1,"A244_T_DIS_C","AP54RH504_tml.T_ENABLE_DISABLE","T_EDGE_LO_VCCY_1.4000",24419794,"",0,1,"PIN14",1,"P1","","",***,"NA",27.16,"nS","<=",62,"P",158.18,1648.71,""
1,"A244_T_DIS_C","AP54RH504_tml.T_ENABLE_DISABLE","T_EDGE_LO_VCCY_1.4000",24419794,"",0,1,"PIN16",1,"P1","","",***,"NA",28.12,"nS","<=",62,"P",158.18,1648.71,""
1,"A244_T_DIS_C","AP54RH504_tml.T_ENABLE_DISABLE","T_EDGE_LO_VCCY_1.4000",24419794,"",0,1,"PIN18",1,"P1","","",***,"NA",27.72,"nS","<=",62,"P",158.18,1648.71,""
1,"A244_T_DIS_C","AP54RH504_tml.T_ENABLE_DISABLE","T_EDGE_LO_VCCY_1.4000",24419794,"",0,1,"PIN3",1,"P1","","",***,"NA",28.53,"nS","<=",62,"P",158.18,1648.71,""
1,"A244_T_DIS_C","AP54RH504_tml.T_ENABLE_DISABLE","T_EDGE_LO_VCCY_1.4000",24419794,"",0,1,"PIN5",1,"P1","","",***,"NA",26.57,"nS","<=",62,"P",158.18,1648.71,""
1,"A244_T_DIS_C","AP54RH504_tml.T_ENABLE_DISABLE","T_EDGE_LO_VCCY_1.4000",24419794,"",0,1,"PIN7",1,"P1","","",***,"NA",28.67,"nS","<=",62,"P",158.18,1648.71,""
1,"A244_T_DIS_C","AP54RH504_tml.T_ENABLE_DISABLE","T_EDGE_LO_VCCY_1.4000",24419794,"",0,1,"PIN9",1,"P1","","",***,"NA",27.4,"nS","<=",62,"P",158.18,1648.71,""
1,"A244_POR_C","AP54RH504_tml.T_PowerOnReset","T_POR_pos",24419764,"AP54RHC244_TRUTH_TABLE",0,1,"@",1,"P1","","",0.1,"<=",0.3,"V","<=",1.5,"P",799.026,806.309,""
1,"A244_POR_C","AP54RH504_tml.T_PowerOnReset","T_POR_hyst",24419762,"AP54RHC244_TRUTH_TABLE",0,1,"@",1,"P1","","",-0.2,"<=",0.3,"V","<=",0.9,"P",0.012,806.309,""