Testflow,Test Suite,Test Method,Test,Test#,Pattern,Wafer,Site,Pin,Device,Device ID,Part ID,Part Txt,Lower,LS,Value,Unit,US,Upper,P/F,Time,TS Time,Print To Data Log
1,"A244_DPS_CONNECT","dc_tml.DcTest.DpsConnectivity","DPS_ForceSense",***,"",0,1,"VCC_PIN20",1,"P1","","",***,"NA",0,"","NA",***,"P",37.266,39.72,""
1,"A244_OPENS","dc_tml.DcTest.GeneralPMU","passLimit_uA_mV",24410000,"",0,1,"PIN1",1,"P1","","",-0.8,"<=",-0.321199,"V","<=",-0.1,"P",20.812,26.146,""
1,"A244_OPENS","dc_tml.DcTest.GeneralPMU","passLimit_uA_mV",24410000,"",0,1,"PIN11",1,"P1","","",-0.8,"<=",-0.320843,"V","<=",-0.1,"P",20.812,26.146,""
1,"A244_OPENS","dc_tml.DcTest.GeneralPMU","passLimit_uA_mV",24410000,"",0,1,"PIN12",1,"P1","","",-0.8,"<=",-0.321346,"V","<=",-0.1,"P",20.812,26.146,""
1,"A244_OPENS","dc_tml.DcTest.GeneralPMU","passLimit_uA_mV",24410000,"",0,1,"PIN13",1,"P1","","",-0.8,"<=",-0.321184,"V","<=",-0.1,"P",20.812,26.146,""
1,"A244_OPENS","dc_tml.DcTest.GeneralPMU","passLimit_uA_mV",24410000,"",0,1,"PIN14",1,"P1","","",-0.8,"<=",-0.320843,"V","<=",-0.1,"P",20.812,26.146,""
1,"A244_OPENS","dc_tml.DcTest.GeneralPMU","passLimit_uA_mV",24410000,"",0,1,"PIN15",1,"P1","","",-0.8,"<=",-0.321421,"V","<=",-0.1,"P",20.812,26.146,""
1,"A244_OPENS","dc_tml.DcTest.GeneralPMU","passLimit_uA_mV",24410000,"",0,1,"PIN16",1,"P1","","",-0.8,"<=",-0.321646,"V","<=",-0.1,"P",20.812,26.146,""
1,"A244_OPENS","dc_tml.DcTest.GeneralPMU","passLimit_uA_mV",24410000,"",0,1,"PIN17",1,"P1","","",-0.8,"<=",-0.321712,"V","<=",-0.1,"P",20.812,26.146,""
1,"A244_OPENS","dc_tml.DcTest.GeneralPMU","passLimit_uA_mV",24410000,"",0,1,"PIN18",1,"P1","","",-0.8,"<=",-0.321694,"V","<=",-0.1,"P",20.812,26.146,""
1,"A244_OPENS","dc_tml.DcTest.GeneralPMU","passLimit_uA_mV",24410000,"",0,1,"PIN19",1,"P1","","",-0.8,"<=",-0.322092,"V","<=",-0.1,"P",20.812,26.146,""
1,"A244_OPENS","dc_tml.DcTest.GeneralPMU","passLimit_uA_mV",24410000,"",0,1,"PIN2",1,"P1","","",-0.8,"<=",-0.32194,"V","<=",-0.1,"P",20.812,26.146,""
1,"A244_OPENS","dc_tml.DcTest.GeneralPMU","passLimit_uA_mV",24410000,"",0,1,"PIN3",1,"P1","","",-0.8,"<=",-0.321484,"V","<=",-0.1,"P",20.812,26.146,""
1,"A244_OPENS","dc_tml.DcTest.GeneralPMU","passLimit_uA_mV",24410000,"",0,1,"PIN4",1,"P1","","",-0.8,"<=",-0.321322,"V","<=",-0.1,"P",20.812,26.146,""
1,"A244_OPENS","dc_tml.DcTest.GeneralPMU","passLimit_uA_mV",24410000,"",0,1,"PIN5",1,"P1","","",-0.8,"<=",-0.321475,"V","<=",-0.1,"P",20.812,26.146,""
1,"A244_OPENS","dc_tml.DcTest.GeneralPMU","passLimit_uA_mV",24410000,"",0,1,"PIN6",1,"P1","","",-0.8,"<=",-0.320834,"V","<=",-0.1,"P",20.812,26.146,""
1,"A244_OPENS","dc_tml.DcTest.GeneralPMU","passLimit_uA_mV",24410000,"",0,1,"PIN7",1,"P1","","",-0.8,"<=",-0.321128,"V","<=",-0.1,"P",20.812,26.146,""
1,"A244_OPENS","dc_tml.DcTest.GeneralPMU","passLimit_uA_mV",24410000,"",0,1,"PIN8",1,"P1","","",-0.8,"<=",-0.321346,"V","<=",-0.1,"P",20.812,26.146,""
1,"A244_OPENS","dc_tml.DcTest.GeneralPMU","passLimit_uA_mV",24410000,"",0,1,"PIN9",1,"P1","","",-0.8,"<=",-0.321801,"V","<=",-0.1,"P",20.812,26.146,""
1,"A244_SHORTS","dc_tml.DcTest.GeneralPMU","passLimit_uA_mV",24410024,"",0,1,"PIN1",1,"P1","","",-0.8,"<=",-0.321313,"V","<=",-0.1,"P",13.284,18.013,""
1,"A244_SHORTS","dc_tml.DcTest.GeneralPMU","passLimit_uA_mV",24410024,"",0,1,"PIN11",1,"P1","","",-0.8,"<=",-0.320957,"V","<=",-0.1,"P",13.284,18.013,""
1,"A244_SHORTS","dc_tml.DcTest.GeneralPMU","passLimit_uA_mV",24410024,"",0,1,"PIN12",1,"P1","","",-0.8,"<=",-0.321346,"V","<=",-0.1,"P",13.284,18.013,""
1,"A244_SHORTS","dc_tml.DcTest.GeneralPMU","passLimit_uA_mV",24410024,"",0,1,"PIN13",1,"P1","","",-0.8,"<=",-0.321184,"V","<=",-0.1,"P",13.284,18.013,""
1,"A244_SHORTS","dc_tml.DcTest.GeneralPMU","passLimit_uA_mV",24410024,"",0,1,"PIN14",1,"P1","","",-0.8,"<=",-0.3209,"V","<=",-0.1,"P",13.284,18.013,""
1,"A244_SHORTS","dc_tml.DcTest.GeneralPMU","passLimit_uA_mV",24410024,"",0,1,"PIN15",1,"P1","","",-0.8,"<=",-0.321421,"V","<=",-0.1,"P",13.284,18.013,""
1,"A244_SHORTS","dc_tml.DcTest.GeneralPMU","passLimit_uA_mV",24410024,"",0,1,"PIN16",1,"P1","","",-0.8,"<=",-0.321703,"V","<=",-0.1,"P",13.284,18.013,""
1,"A244_SHORTS","dc_tml.DcTest.GeneralPMU","passLimit_uA_mV",24410024,"",0,1,"PIN17",1,"P1","","",-0.8,"<=",-0.321598,"V","<=",-0.1,"P",13.284,18.013,""
1,"A244_SHORTS","dc_tml.DcTest.GeneralPMU","passLimit_uA_mV",24410024,"",0,1,"PIN18",1,"P1","","",-0.8,"<=",-0.321751,"V","<=",-0.1,"P",13.284,18.013,""
1,"A244_SHORTS","dc_tml.DcTest.GeneralPMU","passLimit_uA_mV",24410024,"",0,1,"PIN19",1,"P1","","",-0.8,"<=",-0.321978,"V","<=",-0.1,"P",13.284,18.013,""
1,"A244_SHORTS","dc_tml.DcTest.GeneralPMU","passLimit_uA_mV",24410024,"",0,1,"PIN2",1,"P1","","",-0.8,"<=",-0.321997,"V","<=",-0.1,"P",13.284,18.013,""
1,"A244_SHORTS","dc_tml.DcTest.GeneralPMU","passLimit_uA_mV",24410024,"",0,1,"PIN3",1,"P1","","",-0.8,"<=",-0.321427,"V","<=",-0.1,"P",13.284,18.013,""
1,"A244_SHORTS","dc_tml.DcTest.GeneralPMU","passLimit_uA_mV",24410024,"",0,1,"PIN4",1,"P1","","",-0.8,"<=",-0.321436,"V","<=",-0.1,"P",13.284,18.013,""
1,"A244_SHORTS","dc_tml.DcTest.GeneralPMU","passLimit_uA_mV",24410024,"",0,1,"PIN5",1,"P1","","",-0.8,"<=",-0.321418,"V","<=",-0.1,"P",13.284,18.013,""
1,"A244_SHORTS","dc_tml.DcTest.GeneralPMU","passLimit_uA_mV",24410024,"",0,1,"PIN6",1,"P1","","",-0.8,"<=",-0.320834,"V","<=",-0.1,"P",13.284,18.013,""
1,"A244_SHORTS","dc_tml.DcTest.GeneralPMU","passLimit_uA_mV",24410024,"",0,1,"PIN7",1,"P1","","",-0.8,"<=",-0.321184,"V","<=",-0.1,"P",13.284,18.013,""
1,"A244_SHORTS","dc_tml.DcTest.GeneralPMU","passLimit_uA_mV",24410024,"",0,1,"PIN8",1,"P1","","",-0.8,"<=",-0.321346,"V","<=",-0.1,"P",13.284,18.013,""
1,"A244_SHORTS","dc_tml.DcTest.GeneralPMU","passLimit_uA_mV",24410024,"",0,1,"PIN9",1,"P1","","",-0.8,"<=",-0.321915,"V","<=",-0.1,"P",13.284,18.013,""
1,"A244_OPENS_R","dc_tml.DcTest.GeneralPMU","passLimit_uA_mV",***,"",0,1,"PIN1",1,"P1","","",-0.8,"<=",-0.321199,"V","<=",0.1,"P",14.829,19.892,""
1,"A244_OPENS_R","dc_tml.DcTest.GeneralPMU","passLimit_uA_mV",***,"",0,1,"PIN11",1,"P1","","",-0.8,"<=",-0.320957,"V","<=",0.1,"P",14.829,19.892,""
1,"A244_OPENS_R","dc_tml.DcTest.GeneralPMU","passLimit_uA_mV",***,"",0,1,"PIN12",1,"P1","","",-0.8,"<=",-0.321346,"V","<=",0.1,"P",14.829,19.892,""
1,"A244_OPENS_R","dc_tml.DcTest.GeneralPMU","passLimit_uA_mV",***,"",0,1,"PIN13",1,"P1","","",-0.8,"<=",-0.321298,"V","<=",0.1,"P",14.829,19.892,""
1,"A244_OPENS_R","dc_tml.DcTest.GeneralPMU","passLimit_uA_mV",***,"",0,1,"PIN14",1,"P1","","",-0.8,"<=",-0.3209,"V","<=",0.1,"P",14.829,19.892,""
1,"A244_OPENS_R","dc_tml.DcTest.GeneralPMU","passLimit_uA_mV",***,"",0,1,"PIN15",1,"P1","","",-0.8,"<=",-0.321421,"V","<=",0.1,"P",14.829,19.892,""
1,"A244_OPENS_R","dc_tml.DcTest.GeneralPMU","passLimit_uA_mV",***,"",0,1,"PIN16",1,"P1","","",-0.8,"<=",-0.321703,"V","<=",0.1,"P",14.829,19.892,""
1,"A244_OPENS_R","dc_tml.DcTest.GeneralPMU","passLimit_uA_mV",***,"",0,1,"PIN17",1,"P1","","",-0.8,"<=",-0.321541,"V","<=",0.1,"P",14.829,19.892,""
1,"A244_OPENS_R","dc_tml.DcTest.GeneralPMU","passLimit_uA_mV",***,"",0,1,"PIN18",1,"P1","","",-0.8,"<=",-0.321751,"V","<=",0.1,"P",14.829,19.892,""
1,"A244_OPENS_R","dc_tml.DcTest.GeneralPMU","passLimit_uA_mV",***,"",0,1,"PIN19",1,"P1","","",-0.8,"<=",-0.322035,"V","<=",0.1,"P",14.829,19.892,""
1,"A244_OPENS_R","dc_tml.DcTest.GeneralPMU","passLimit_uA_mV",***,"",0,1,"PIN2",1,"P1","","",-0.8,"<=",-0.32194,"V","<=",0.1,"P",14.829,19.892,""
1,"A244_OPENS_R","dc_tml.DcTest.GeneralPMU","passLimit_uA_mV",***,"",0,1,"PIN3",1,"P1","","",-0.8,"<=",-0.321541,"V","<=",0.1,"P",14.829,19.892,""
1,"A244_OPENS_R","dc_tml.DcTest.GeneralPMU","passLimit_uA_mV",***,"",0,1,"PIN4",1,"P1","","",-0.8,"<=",-0.321265,"V","<=",0.1,"P",14.829,19.892,""
1,"A244_OPENS_R","dc_tml.DcTest.GeneralPMU","passLimit_uA_mV",***,"",0,1,"PIN5",1,"P1","","",-0.8,"<=",-0.321475,"V","<=",0.1,"P",14.829,19.892,""
1,"A244_OPENS_R","dc_tml.DcTest.GeneralPMU","passLimit_uA_mV",***,"",0,1,"PIN6",1,"P1","","",-0.8,"<=",-0.320834,"V","<=",0.1,"P",14.829,19.892,""
1,"A244_OPENS_R","dc_tml.DcTest.GeneralPMU","passLimit_uA_mV",***,"",0,1,"PIN7",1,"P1","","",-0.8,"<=",-0.321128,"V","<=",0.1,"P",14.829,19.892,""
1,"A244_OPENS_R","dc_tml.DcTest.GeneralPMU","passLimit_uA_mV",***,"",0,1,"PIN8",1,"P1","","",-0.8,"<=",-0.321403,"V","<=",0.1,"P",14.829,19.892,""
1,"A244_OPENS_R","dc_tml.DcTest.GeneralPMU","passLimit_uA_mV",***,"",0,1,"PIN9",1,"P1","","",-0.8,"<=",-0.321858,"V","<=",0.1,"P",14.829,19.892,""
1,"A244_SHORTS_R","dc_tml.DcTest.GeneralPMU","passLimit_uA_mV",***,"",0,1,"PIN1",1,"P1","","",-2,"<=",-0.321199,"V","<=",-0.1,"P",13.267,17.031,""
1,"A244_SHORTS_R","dc_tml.DcTest.GeneralPMU","passLimit_uA_mV",***,"",0,1,"PIN11",1,"P1","","",-2,"<=",-0.320957,"V","<=",-0.1,"P",13.267,17.031,""
1,"A244_SHORTS_R","dc_tml.DcTest.GeneralPMU","passLimit_uA_mV",***,"",0,1,"PIN12",1,"P1","","",-2,"<=",-0.32146,"V","<=",-0.1,"P",13.267,17.031,""
1,"A244_SHORTS_R","dc_tml.DcTest.GeneralPMU","passLimit_uA_mV",***,"",0,1,"PIN13",1,"P1","","",-2,"<=",-0.321298,"V","<=",-0.1,"P",13.267,17.031,""
1,"A244_SHORTS_R","dc_tml.DcTest.GeneralPMU","passLimit_uA_mV",***,"",0,1,"PIN14",1,"P1","","",-2,"<=",-0.3209,"V","<=",-0.1,"P",13.267,17.031,""
1,"A244_SHORTS_R","dc_tml.DcTest.GeneralPMU","passLimit_uA_mV",***,"",0,1,"PIN15",1,"P1","","",-2,"<=",-0.321478,"V","<=",-0.1,"P",13.267,17.031,""
1,"A244_SHORTS_R","dc_tml.DcTest.GeneralPMU","passLimit_uA_mV",***,"",0,1,"PIN16",1,"P1","","",-2,"<=",-0.321703,"V","<=",-0.1,"P",13.267,17.031,""
1,"A244_SHORTS_R","dc_tml.DcTest.GeneralPMU","passLimit_uA_mV",***,"",0,1,"PIN17",1,"P1","","",-2,"<=",-0.321541,"V","<=",-0.1,"P",13.267,17.031,""
1,"A244_SHORTS_R","dc_tml.DcTest.GeneralPMU","passLimit_uA_mV",***,"",0,1,"PIN18",1,"P1","","",-2,"<=",-0.321808,"V","<=",-0.1,"P",13.267,17.031,""
1,"A244_SHORTS_R","dc_tml.DcTest.GeneralPMU","passLimit_uA_mV",***,"",0,1,"PIN19",1,"P1","","",-2,"<=",-0.322092,"V","<=",-0.1,"P",13.267,17.031,""
1,"A244_SHORTS_R","dc_tml.DcTest.GeneralPMU","passLimit_uA_mV",***,"",0,1,"PIN2",1,"P1","","",-2,"<=",-0.32194,"V","<=",-0.1,"P",13.267,17.031,""
1,"A244_SHORTS_R","dc_tml.DcTest.GeneralPMU","passLimit_uA_mV",***,"",0,1,"PIN3",1,"P1","","",-2,"<=",-0.321427,"V","<=",-0.1,"P",13.267,17.031,""
1,"A244_SHORTS_R","dc_tml.DcTest.GeneralPMU","passLimit_uA_mV",***,"",0,1,"PIN4",1,"P1","","",-2,"<=",-0.321379,"V","<=",-0.1,"P",13.267,17.031,""
1,"A244_SHORTS_R","dc_tml.DcTest.GeneralPMU","passLimit_uA_mV",***,"",0,1,"PIN5",1,"P1","","",-2,"<=",-0.321475,"V","<=",-0.1,"P",13.267,17.031,""
1,"A244_SHORTS_R","dc_tml.DcTest.GeneralPMU","passLimit_uA_mV",***,"",0,1,"PIN6",1,"P1","","",-2,"<=",-0.320891,"V","<=",-0.1,"P",13.267,17.031,""
1,"A244_SHORTS_R","dc_tml.DcTest.GeneralPMU","passLimit_uA_mV",***,"",0,1,"PIN7",1,"P1","","",-2,"<=",-0.321071,"V","<=",-0.1,"P",13.267,17.031,""
1,"A244_SHORTS_R","dc_tml.DcTest.GeneralPMU","passLimit_uA_mV",***,"",0,1,"PIN8",1,"P1","","",-2,"<=",-0.321403,"V","<=",-0.1,"P",13.267,17.031,""
1,"A244_SHORTS_R","dc_tml.DcTest.GeneralPMU","passLimit_uA_mV",***,"",0,1,"PIN9",1,"P1","","",-2,"<=",-0.321858,"V","<=",-0.1,"P",13.267,17.031,""
1,"A244_PRE_TEMP_R","AP54RH504_tml.Temp","TEMP_OK",***,"",0,1,"PIN1",1,"P1","","",0.5,"<=",1,"UI","<=",1.5,"P",8.082,15.013,""
1,"A244_PRE_TEMP_R","AP54RH504_tml.Temp","TEMP_raw_V",***,"",0,1,"PIN1",1,"P1","","",-2,"<=",-0.321028,"V","<=",2,"P",5.656,15.013,""
1,"A244_IOFF_GND_R","AP54RH504_tml.IO_Leakage","passCurrentHigh_uA",24410070,"",0,1,"PIN1",1,"P1","","",-0.2,"<=",0,"uA","<=",0.4,"P",92.614,94.482,""
1,"A244_IOFF_GND_R","AP54RH504_tml.IO_Leakage","passCurrentHigh_uA",24410070,"",0,1,"PIN2",1,"P1","","",-0.2,"<=",0.003,"uA","<=",0.4,"P",92.614,94.482,""
1,"A244_IOFF_GND_R","AP54RH504_tml.IO_Leakage","passCurrentHigh_uA",24410070,"",0,1,"PIN4",1,"P1","","",-0.2,"<=",0.012,"uA","<=",0.4,"P",92.614,94.482,""
1,"A244_IOFF_GND_R","AP54RH504_tml.IO_Leakage","passCurrentHigh_uA",24410070,"",0,1,"PIN6",1,"P1","","",-0.2,"<=",0.001,"uA","<=",0.4,"P",92.614,94.482,""
1,"A244_IOFF_GND_R","AP54RH504_tml.IO_Leakage","passCurrentHigh_uA",24410070,"",0,1,"PIN8",1,"P1","","",-0.2,"<=",0.002,"uA","<=",0.4,"P",92.614,94.482,""
1,"A244_IOFF_GND_R","AP54RH504_tml.IO_Leakage","passCurrentHigh_uA",24410070,"",0,1,"PIN11",1,"P1","","",-0.2,"<=",0,"uA","<=",0.4,"P",92.614,94.482,""
1,"A244_IOFF_GND_R","AP54RH504_tml.IO_Leakage","passCurrentHigh_uA",24410070,"",0,1,"PIN13",1,"P1","","",-0.2,"<=",0.003,"uA","<=",0.4,"P",92.614,94.482,""
1,"A244_IOFF_GND_R","AP54RH504_tml.IO_Leakage","passCurrentHigh_uA",24410070,"",0,1,"PIN15",1,"P1","","",-0.2,"<=",0.001,"uA","<=",0.4,"P",92.614,94.482,""
1,"A244_IOFF_GND_R","AP54RH504_tml.IO_Leakage","passCurrentHigh_uA",24410070,"",0,1,"PIN17",1,"P1","","",-0.2,"<=",0.002,"uA","<=",0.4,"P",92.614,94.482,""
1,"A244_IOFF_GND_R","AP54RH504_tml.IO_Leakage","passCurrentHigh_uA",24410070,"",0,1,"PIN19",1,"P1","","",-0.2,"<=",0.001,"uA","<=",0.4,"P",92.614,94.482,""
1,"A244_IOFF_GND_R","AP54RH504_tml.IO_Leakage","passCurrentHigh_uA",24410070,"",0,1,"PIN3",1,"P1","","",-0.2,"<=",0.003,"uA","<=",0.4,"P",92.614,94.482,""
1,"A244_IOFF_GND_R","AP54RH504_tml.IO_Leakage","passCurrentHigh_uA",24410070,"",0,1,"PIN5",1,"P1","","",-0.2,"<=",0.003,"uA","<=",0.4,"P",92.614,94.482,""
1,"A244_IOFF_GND_R","AP54RH504_tml.IO_Leakage","passCurrentHigh_uA",24410070,"",0,1,"PIN7",1,"P1","","",-0.2,"<=",0,"uA","<=",0.4,"P",92.614,94.482,""
1,"A244_IOFF_GND_R","AP54RH504_tml.IO_Leakage","passCurrentHigh_uA",24410070,"",0,1,"PIN9",1,"P1","","",-0.2,"<=",0.001,"uA","<=",0.4,"P",92.614,94.482,""
1,"A244_IOFF_GND_R","AP54RH504_tml.IO_Leakage","passCurrentHigh_uA",24410070,"",0,1,"PIN12",1,"P1","","",-0.2,"<=",0.01,"uA","<=",0.4,"P",92.614,94.482,""
1,"A244_IOFF_GND_R","AP54RH504_tml.IO_Leakage","passCurrentHigh_uA",24410070,"",0,1,"PIN14",1,"P1","","",-0.2,"<=",0.001,"uA","<=",0.4,"P",92.614,94.482,""
1,"A244_IOFF_GND_R","AP54RH504_tml.IO_Leakage","passCurrentHigh_uA",24410070,"",0,1,"PIN16",1,"P1","","",-0.2,"<=",0.001,"uA","<=",0.4,"P",92.614,94.482,""
1,"A244_IOFF_GND_R","AP54RH504_tml.IO_Leakage","passCurrentHigh_uA",24410070,"",0,1,"PIN18",1,"P1","","",-0.2,"<=",0.001,"uA","<=",0.4,"P",92.614,94.482,""
1,"A244_PSHORTS_VCC_R","dc_tml.DcTest.StandbyCurrent","passCurrLimit_uA",24410090,"",0,1,"VCC_PIN20",1,"P1","","",-0.01,"<=",0.000114199,"A","<=",0.01,"P",17.642,22.204,""
1,"A244_TRAFFIC_R","ac_tml.AcTest.FunctionalTest","Functional",***,"AP54RHC244_TRUTH_TABLE",0,1,"PIN1",1,"P1","","",***,"",***,"","",***,"P",3.006,4.416,""
1,"A244_TRAFFIC_R","ac_tml.AcTest.FunctionalTest","Functional",***,"AP54RHC244_TRUTH_TABLE",0,1,"PIN11",1,"P1","","",***,"",***,"","",***,"P",3.006,4.416,""
1,"A244_TRAFFIC_R","ac_tml.AcTest.FunctionalTest","Functional",***,"AP54RHC244_TRUTH_TABLE",0,1,"PIN12",1,"P1","","",***,"",***,"","",***,"P",3.006,4.416,""
1,"A244_TRAFFIC_R","ac_tml.AcTest.FunctionalTest","Functional",***,"AP54RHC244_TRUTH_TABLE",0,1,"PIN13",1,"P1","","",***,"",***,"","",***,"P",3.006,4.416,""
1,"A244_TRAFFIC_R","ac_tml.AcTest.FunctionalTest","Functional",***,"AP54RHC244_TRUTH_TABLE",0,1,"PIN14",1,"P1","","",***,"",***,"","",***,"P",3.006,4.416,""
1,"A244_TRAFFIC_R","ac_tml.AcTest.FunctionalTest","Functional",***,"AP54RHC244_TRUTH_TABLE",0,1,"PIN15",1,"P1","","",***,"",***,"","",***,"P",3.006,4.416,""
1,"A244_TRAFFIC_R","ac_tml.AcTest.FunctionalTest","Functional",***,"AP54RHC244_TRUTH_TABLE",0,1,"PIN16",1,"P1","","",***,"",***,"","",***,"P",3.006,4.416,""
1,"A244_TRAFFIC_R","ac_tml.AcTest.FunctionalTest","Functional",***,"AP54RHC244_TRUTH_TABLE",0,1,"PIN17",1,"P1","","",***,"",***,"","",***,"P",3.006,4.416,""
1,"A244_TRAFFIC_R","ac_tml.AcTest.FunctionalTest","Functional",***,"AP54RHC244_TRUTH_TABLE",0,1,"PIN18",1,"P1","","",***,"",***,"","",***,"P",3.006,4.416,""
1,"A244_TRAFFIC_R","ac_tml.AcTest.FunctionalTest","Functional",***,"AP54RHC244_TRUTH_TABLE",0,1,"PIN19",1,"P1","","",***,"",***,"","",***,"P",3.006,4.416,""
1,"A244_TRAFFIC_R","ac_tml.AcTest.FunctionalTest","Functional",***,"AP54RHC244_TRUTH_TABLE",0,1,"PIN2",1,"P1","","",***,"",***,"","",***,"P",3.006,4.416,""
1,"A244_TRAFFIC_R","ac_tml.AcTest.FunctionalTest","Functional",***,"AP54RHC244_TRUTH_TABLE",0,1,"PIN3",1,"P1","","",***,"",***,"","",***,"P",3.006,4.416,""
1,"A244_TRAFFIC_R","ac_tml.AcTest.FunctionalTest","Functional",***,"AP54RHC244_TRUTH_TABLE",0,1,"PIN4",1,"P1","","",***,"",***,"","",***,"P",3.006,4.416,""
1,"A244_TRAFFIC_R","ac_tml.AcTest.FunctionalTest","Functional",***,"AP54RHC244_TRUTH_TABLE",0,1,"PIN5",1,"P1","","",***,"",***,"","",***,"P",3.006,4.416,""
1,"A244_TRAFFIC_R","ac_tml.AcTest.FunctionalTest","Functional",***,"AP54RHC244_TRUTH_TABLE",0,1,"PIN6",1,"P1","","",***,"",***,"","",***,"P",3.006,4.416,""
1,"A244_TRAFFIC_R","ac_tml.AcTest.FunctionalTest","Functional",***,"AP54RHC244_TRUTH_TABLE",0,1,"PIN7",1,"P1","","",***,"",***,"","",***,"P",3.006,4.416,""
1,"A244_TRAFFIC_R","ac_tml.AcTest.FunctionalTest","Functional",***,"AP54RHC244_TRUTH_TABLE",0,1,"PIN8",1,"P1","","",***,"",***,"","",***,"P",3.006,4.416,""
1,"A244_TRAFFIC_R","ac_tml.AcTest.FunctionalTest","Functional",***,"AP54RHC244_TRUTH_TABLE",0,1,"PIN9",1,"P1","","",***,"",***,"","",***,"P",3.006,4.416,""
1,"A244_ICCH_VCC_R","dc_tml.DcTest.ProductionIddq","passCurrLimit_uA",24410110,"",0,1,"VCC_PIN20",1,"P1","","",1,"<=",98.7194,"uA","<=",130,"P",30.867,36.042,""
1,"A244_ICCL_VCC_R","dc_tml.DcTest.StandbyCurrent","passCurrLimit_uA",24410140,"",0,1,"VCC_PIN20",1,"P1","","",1,"<=",112.233,"uA","<=",130,"P",206.267,210.781,""
1,"A244_OVST_R","AP54RH504_tml.OVST_20pin","ICCL_VCCY_PRE",24414660,"AP54RHC244_TRUTH_TABLE",0,1,"@",1,"P1","","",0,"<=",112.073,"uA","<=",130,"P",814.995,819.8,""
1,"A244_OVST_R","AP54RH504_tml.OVST_20pin","ICCH_VCCY_PRE",24414680,"AP54RHC244_TRUTH_TABLE",0,1,"@",1,"P1","","",0,"<=",98.187,"uA","<=",130,"P",0.016,819.8,""
1,"A244_OVST_R","AP54RH504_tml.OVST_20pin","ICC_VCCY_OVST",24414700,"AP54RHC244_TRUTH_TABLE",0,1,"@",1,"P1","","",-1000,"<=",400.603,"uA","<=",2000,"P",0.03,819.8,""
1,"A244_OVST_R","AP54RH504_tml.OVST_20pin","ICCL_VCCY_POST",24414720,"AP54RHC244_TRUTH_TABLE",0,1,"@",1,"P1","","",0,"<=",112.029,"uA","<=",130,"P",0.009,819.8,""
1,"A244_OVST_R","AP54RH504_tml.OVST_20pin","ICCH_VCCY_POST",24414740,"AP54RHC244_TRUTH_TABLE",0,1,"@",1,"P1","","",0,"<=",98.2251,"uA","<=",130,"P",0.062,819.8,""
1,"A244_OVST_R","AP54RH504_tml.OVST_20pin","ICCL_VCCY_DIFF",24414760,"AP54RHC244_TRUTH_TABLE",0,1,"@",1,"P1","","",-4,"<=",-0.0441182,"uA","<=",4,"P",0.08,819.8,""
1,"A244_OVST_R","AP54RH504_tml.OVST_20pin","ICCH_VCCY_DIFF",24414780,"AP54RHC244_TRUTH_TABLE",0,1,"@",1,"P1","","",-4,"<=",0.0380251,"uA","<=",4,"P",0.012,819.8,""
1,"A244_ICCX_VCC_R","dc_tml.DcTest.OperatingCurrent","passCurrLimit_uA",***,"AP54RHC244_ENABLE_HIGH_FOR_ICCX",0,1,"VCC_PIN20",1,"P1","","",***,"NA",-9.9999e+10,"","NA",***,"P",41.87,45.582,""
1,"A244_VILH_R","AP54RH504_tml.VILH","VILH_VCC_5.5000",***,"AP54RHC244_VILH",0,1,"PIN1",1,"P1","","",***,"",***,"","",***,"P",21.11,61.946,""
1,"A244_VILH_R","AP54RH504_tml.VILH","VILH_VCC_5.5000",***,"AP54RHC244_VILH",0,1,"PIN11",1,"P1","","",***,"",***,"","",***,"P",21.11,61.946,""
1,"A244_VILH_R","AP54RH504_tml.VILH","VILH_VCC_5.5000",***,"AP54RHC244_VILH",0,1,"PIN12",1,"P1","","",***,"",***,"","",***,"P",21.11,61.946,""
1,"A244_VILH_R","AP54RH504_tml.VILH","VILH_VCC_5.5000",***,"AP54RHC244_VILH",0,1,"PIN13",1,"P1","","",***,"",***,"","",***,"P",21.11,61.946,""
1,"A244_VILH_R","AP54RH504_tml.VILH","VILH_VCC_5.5000",***,"AP54RHC244_VILH",0,1,"PIN14",1,"P1","","",***,"",***,"","",***,"P",21.11,61.946,""
1,"A244_VILH_R","AP54RH504_tml.VILH","VILH_VCC_5.5000",***,"AP54RHC244_VILH",0,1,"PIN15",1,"P1","","",***,"",***,"","",***,"P",21.11,61.946,""
1,"A244_VILH_R","AP54RH504_tml.VILH","VILH_VCC_5.5000",***,"AP54RHC244_VILH",0,1,"PIN16",1,"P1","","",***,"",***,"","",***,"P",21.11,61.946,""
1,"A244_VILH_R","AP54RH504_tml.VILH","VILH_VCC_5.5000",***,"AP54RHC244_VILH",0,1,"PIN17",1,"P1","","",***,"",***,"","",***,"P",21.11,61.946,""
1,"A244_VILH_R","AP54RH504_tml.VILH","VILH_VCC_5.5000",***,"AP54RHC244_VILH",0,1,"PIN18",1,"P1","","",***,"",***,"","",***,"P",21.11,61.946,""
1,"A244_VILH_R","AP54RH504_tml.VILH","VILH_VCC_5.5000",***,"AP54RHC244_VILH",0,1,"PIN19",1,"P1","","",***,"",***,"","",***,"P",21.11,61.946,""
1,"A244_VILH_R","AP54RH504_tml.VILH","VILH_VCC_5.5000",***,"AP54RHC244_VILH",0,1,"PIN2",1,"P1","","",***,"",***,"","",***,"P",21.11,61.946,""
1,"A244_VILH_R","AP54RH504_tml.VILH","VILH_VCC_5.5000",***,"AP54RHC244_VILH",0,1,"PIN3",1,"P1","","",***,"",***,"","",***,"P",21.11,61.946,""
1,"A244_VILH_R","AP54RH504_tml.VILH","VILH_VCC_5.5000",***,"AP54RHC244_VILH",0,1,"PIN4",1,"P1","","",***,"",***,"","",***,"P",21.11,61.946,""
1,"A244_VILH_R","AP54RH504_tml.VILH","VILH_VCC_5.5000",***,"AP54RHC244_VILH",0,1,"PIN5",1,"P1","","",***,"",***,"","",***,"P",21.11,61.946,""
1,"A244_VILH_R","AP54RH504_tml.VILH","VILH_VCC_5.5000",***,"AP54RHC244_VILH",0,1,"PIN6",1,"P1","","",***,"",***,"","",***,"P",21.11,61.946,""
1,"A244_VILH_R","AP54RH504_tml.VILH","VILH_VCC_5.5000",***,"AP54RHC244_VILH",0,1,"PIN7",1,"P1","","",***,"",***,"","",***,"P",21.11,61.946,""
1,"A244_VILH_R","AP54RH504_tml.VILH","VILH_VCC_5.5000",***,"AP54RHC244_VILH",0,1,"PIN8",1,"P1","","",***,"",***,"","",***,"P",21.11,61.946,""
1,"A244_VILH_R","AP54RH504_tml.VILH","VILH_VCC_5.5000",***,"AP54RHC244_VILH",0,1,"PIN9",1,"P1","","",***,"",***,"","",***,"P",21.11,61.946,""
1,"A244_VILH_R","AP54RH504_tml.VILH","VILH_VCC_4.5000",***,"AP54RHC244_VILH",0,1,"PIN1",1,"P1","","",***,"",***,"","",***,"P",4.534,61.946,""
1,"A244_VILH_R","AP54RH504_tml.VILH","VILH_VCC_4.5000",***,"AP54RHC244_VILH",0,1,"PIN11",1,"P1","","",***,"",***,"","",***,"P",4.534,61.946,""
1,"A244_VILH_R","AP54RH504_tml.VILH","VILH_VCC_4.5000",***,"AP54RHC244_VILH",0,1,"PIN12",1,"P1","","",***,"",***,"","",***,"P",4.534,61.946,""
1,"A244_VILH_R","AP54RH504_tml.VILH","VILH_VCC_4.5000",***,"AP54RHC244_VILH",0,1,"PIN13",1,"P1","","",***,"",***,"","",***,"P",4.534,61.946,""
1,"A244_VILH_R","AP54RH504_tml.VILH","VILH_VCC_4.5000",***,"AP54RHC244_VILH",0,1,"PIN14",1,"P1","","",***,"",***,"","",***,"P",4.534,61.946,""
1,"A244_VILH_R","AP54RH504_tml.VILH","VILH_VCC_4.5000",***,"AP54RHC244_VILH",0,1,"PIN15",1,"P1","","",***,"",***,"","",***,"P",4.534,61.946,""
1,"A244_VILH_R","AP54RH504_tml.VILH","VILH_VCC_4.5000",***,"AP54RHC244_VILH",0,1,"PIN16",1,"P1","","",***,"",***,"","",***,"P",4.534,61.946,""
1,"A244_VILH_R","AP54RH504_tml.VILH","VILH_VCC_4.5000",***,"AP54RHC244_VILH",0,1,"PIN17",1,"P1","","",***,"",***,"","",***,"P",4.534,61.946,""
1,"A244_VILH_R","AP54RH504_tml.VILH","VILH_VCC_4.5000",***,"AP54RHC244_VILH",0,1,"PIN18",1,"P1","","",***,"",***,"","",***,"P",4.534,61.946,""
1,"A244_VILH_R","AP54RH504_tml.VILH","VILH_VCC_4.5000",***,"AP54RHC244_VILH",0,1,"PIN19",1,"P1","","",***,"",***,"","",***,"P",4.534,61.946,""
1,"A244_VILH_R","AP54RH504_tml.VILH","VILH_VCC_4.5000",***,"AP54RHC244_VILH",0,1,"PIN2",1,"P1","","",***,"",***,"","",***,"P",4.534,61.946,""
1,"A244_VILH_R","AP54RH504_tml.VILH","VILH_VCC_4.5000",***,"AP54RHC244_VILH",0,1,"PIN3",1,"P1","","",***,"",***,"","",***,"P",4.534,61.946,""
1,"A244_VILH_R","AP54RH504_tml.VILH","VILH_VCC_4.5000",***,"AP54RHC244_VILH",0,1,"PIN4",1,"P1","","",***,"",***,"","",***,"P",4.534,61.946,""
1,"A244_VILH_R","AP54RH504_tml.VILH","VILH_VCC_4.5000",***,"AP54RHC244_VILH",0,1,"PIN5",1,"P1","","",***,"",***,"","",***,"P",4.534,61.946,""
1,"A244_VILH_R","AP54RH504_tml.VILH","VILH_VCC_4.5000",***,"AP54RHC244_VILH",0,1,"PIN6",1,"P1","","",***,"",***,"","",***,"P",4.534,61.946,""
1,"A244_VILH_R","AP54RH504_tml.VILH","VILH_VCC_4.5000",***,"AP54RHC244_VILH",0,1,"PIN7",1,"P1","","",***,"",***,"","",***,"P",4.534,61.946,""
1,"A244_VILH_R","AP54RH504_tml.VILH","VILH_VCC_4.5000",***,"AP54RHC244_VILH",0,1,"PIN8",1,"P1","","",***,"",***,"","",***,"P",4.534,61.946,""
1,"A244_VILH_R","AP54RH504_tml.VILH","VILH_VCC_4.5000",***,"AP54RHC244_VILH",0,1,"PIN9",1,"P1","","",***,"",***,"","",***,"P",4.534,61.946,""
1,"A244_VILH_R","AP54RH504_tml.VILH","VILH_VCC_3.6000",***,"AP54RHC244_VILH",0,1,"PIN1",1,"P1","","",***,"",***,"","",***,"P",5.332,61.946,""
1,"A244_VILH_R","AP54RH504_tml.VILH","VILH_VCC_3.6000",***,"AP54RHC244_VILH",0,1,"PIN11",1,"P1","","",***,"",***,"","",***,"P",5.332,61.946,""
1,"A244_VILH_R","AP54RH504_tml.VILH","VILH_VCC_3.6000",***,"AP54RHC244_VILH",0,1,"PIN12",1,"P1","","",***,"",***,"","",***,"P",5.332,61.946,""
1,"A244_VILH_R","AP54RH504_tml.VILH","VILH_VCC_3.6000",***,"AP54RHC244_VILH",0,1,"PIN13",1,"P1","","",***,"",***,"","",***,"P",5.332,61.946,""
1,"A244_VILH_R","AP54RH504_tml.VILH","VILH_VCC_3.6000",***,"AP54RHC244_VILH",0,1,"PIN14",1,"P1","","",***,"",***,"","",***,"P",5.332,61.946,""
1,"A244_VILH_R","AP54RH504_tml.VILH","VILH_VCC_3.6000",***,"AP54RHC244_VILH",0,1,"PIN15",1,"P1","","",***,"",***,"","",***,"P",5.332,61.946,""
1,"A244_VILH_R","AP54RH504_tml.VILH","VILH_VCC_3.6000",***,"AP54RHC244_VILH",0,1,"PIN16",1,"P1","","",***,"",***,"","",***,"P",5.332,61.946,""
1,"A244_VILH_R","AP54RH504_tml.VILH","VILH_VCC_3.6000",***,"AP54RHC244_VILH",0,1,"PIN17",1,"P1","","",***,"",***,"","",***,"P",5.332,61.946,""
1,"A244_VILH_R","AP54RH504_tml.VILH","VILH_VCC_3.6000",***,"AP54RHC244_VILH",0,1,"PIN18",1,"P1","","",***,"",***,"","",***,"P",5.332,61.946,""
1,"A244_VILH_R","AP54RH504_tml.VILH","VILH_VCC_3.6000",***,"AP54RHC244_VILH",0,1,"PIN19",1,"P1","","",***,"",***,"","",***,"P",5.332,61.946,""
1,"A244_VILH_R","AP54RH504_tml.VILH","VILH_VCC_3.6000",***,"AP54RHC244_VILH",0,1,"PIN2",1,"P1","","",***,"",***,"","",***,"P",5.332,61.946,""
1,"A244_VILH_R","AP54RH504_tml.VILH","VILH_VCC_3.6000",***,"AP54RHC244_VILH",0,1,"PIN3",1,"P1","","",***,"",***,"","",***,"P",5.332,61.946,""
1,"A244_VILH_R","AP54RH504_tml.VILH","VILH_VCC_3.6000",***,"AP54RHC244_VILH",0,1,"PIN4",1,"P1","","",***,"",***,"","",***,"P",5.332,61.946,""
1,"A244_VILH_R","AP54RH504_tml.VILH","VILH_VCC_3.6000",***,"AP54RHC244_VILH",0,1,"PIN5",1,"P1","","",***,"",***,"","",***,"P",5.332,61.946,""
1,"A244_VILH_R","AP54RH504_tml.VILH","VILH_VCC_3.6000",***,"AP54RHC244_VILH",0,1,"PIN6",1,"P1","","",***,"",***,"","",***,"P",5.332,61.946,""
1,"A244_VILH_R","AP54RH504_tml.VILH","VILH_VCC_3.6000",***,"AP54RHC244_VILH",0,1,"PIN7",1,"P1","","",***,"",***,"","",***,"P",5.332,61.946,""
1,"A244_VILH_R","AP54RH504_tml.VILH","VILH_VCC_3.6000",***,"AP54RHC244_VILH",0,1,"PIN8",1,"P1","","",***,"",***,"","",***,"P",5.332,61.946,""
1,"A244_VILH_R","AP54RH504_tml.VILH","VILH_VCC_3.6000",***,"AP54RHC244_VILH",0,1,"PIN9",1,"P1","","",***,"",***,"","",***,"P",5.332,61.946,""
1,"A244_VILH_R","AP54RH504_tml.VILH","VILH_VCC_3.0000",***,"AP54RHC244_VILH",0,1,"PIN1",1,"P1","","",***,"",***,"","",***,"P",4.187,61.946,""
1,"A244_VILH_R","AP54RH504_tml.VILH","VILH_VCC_3.0000",***,"AP54RHC244_VILH",0,1,"PIN11",1,"P1","","",***,"",***,"","",***,"P",4.187,61.946,""
1,"A244_VILH_R","AP54RH504_tml.VILH","VILH_VCC_3.0000",***,"AP54RHC244_VILH",0,1,"PIN12",1,"P1","","",***,"",***,"","",***,"P",4.187,61.946,""
1,"A244_VILH_R","AP54RH504_tml.VILH","VILH_VCC_3.0000",***,"AP54RHC244_VILH",0,1,"PIN13",1,"P1","","",***,"",***,"","",***,"P",4.187,61.946,""
1,"A244_VILH_R","AP54RH504_tml.VILH","VILH_VCC_3.0000",***,"AP54RHC244_VILH",0,1,"PIN14",1,"P1","","",***,"",***,"","",***,"P",4.187,61.946,""
1,"A244_VILH_R","AP54RH504_tml.VILH","VILH_VCC_3.0000",***,"AP54RHC244_VILH",0,1,"PIN15",1,"P1","","",***,"",***,"","",***,"P",4.187,61.946,""
1,"A244_VILH_R","AP54RH504_tml.VILH","VILH_VCC_3.0000",***,"AP54RHC244_VILH",0,1,"PIN16",1,"P1","","",***,"",***,"","",***,"P",4.187,61.946,""
1,"A244_VILH_R","AP54RH504_tml.VILH","VILH_VCC_3.0000",***,"AP54RHC244_VILH",0,1,"PIN17",1,"P1","","",***,"",***,"","",***,"P",4.187,61.946,""
1,"A244_VILH_R","AP54RH504_tml.VILH","VILH_VCC_3.0000",***,"AP54RHC244_VILH",0,1,"PIN18",1,"P1","","",***,"",***,"","",***,"P",4.187,61.946,""
1,"A244_VILH_R","AP54RH504_tml.VILH","VILH_VCC_3.0000",***,"AP54RHC244_VILH",0,1,"PIN19",1,"P1","","",***,"",***,"","",***,"P",4.187,61.946,""
1,"A244_VILH_R","AP54RH504_tml.VILH","VILH_VCC_3.0000",***,"AP54RHC244_VILH",0,1,"PIN2",1,"P1","","",***,"",***,"","",***,"P",4.187,61.946,""
1,"A244_VILH_R","AP54RH504_tml.VILH","VILH_VCC_3.0000",***,"AP54RHC244_VILH",0,1,"PIN3",1,"P1","","",***,"",***,"","",***,"P",4.187,61.946,""
1,"A244_VILH_R","AP54RH504_tml.VILH","VILH_VCC_3.0000",***,"AP54RHC244_VILH",0,1,"PIN4",1,"P1","","",***,"",***,"","",***,"P",4.187,61.946,""
1,"A244_VILH_R","AP54RH504_tml.VILH","VILH_VCC_3.0000",***,"AP54RHC244_VILH",0,1,"PIN5",1,"P1","","",***,"",***,"","",***,"P",4.187,61.946,""
1,"A244_VILH_R","AP54RH504_tml.VILH","VILH_VCC_3.0000",***,"AP54RHC244_VILH",0,1,"PIN6",1,"P1","","",***,"",***,"","",***,"P",4.187,61.946,""
1,"A244_VILH_R","AP54RH504_tml.VILH","VILH_VCC_3.0000",***,"AP54RHC244_VILH",0,1,"PIN7",1,"P1","","",***,"",***,"","",***,"P",4.187,61.946,""
1,"A244_VILH_R","AP54RH504_tml.VILH","VILH_VCC_3.0000",***,"AP54RHC244_VILH",0,1,"PIN8",1,"P1","","",***,"",***,"","",***,"P",4.187,61.946,""
1,"A244_VILH_R","AP54RH504_tml.VILH","VILH_VCC_3.0000",***,"AP54RHC244_VILH",0,1,"PIN9",1,"P1","","",***,"",***,"","",***,"P",4.187,61.946,""
1,"A244_VILH_R","AP54RH504_tml.VILH","VILH_VCC_2.7000",***,"AP54RHC244_VILH",0,1,"PIN1",1,"P1","","",***,"",***,"","",***,"P",5.14,61.946,""
1,"A244_VILH_R","AP54RH504_tml.VILH","VILH_VCC_2.7000",***,"AP54RHC244_VILH",0,1,"PIN11",1,"P1","","",***,"",***,"","",***,"P",5.14,61.946,""
1,"A244_VILH_R","AP54RH504_tml.VILH","VILH_VCC_2.7000",***,"AP54RHC244_VILH",0,1,"PIN12",1,"P1","","",***,"",***,"","",***,"P",5.14,61.946,""
1,"A244_VILH_R","AP54RH504_tml.VILH","VILH_VCC_2.7000",***,"AP54RHC244_VILH",0,1,"PIN13",1,"P1","","",***,"",***,"","",***,"P",5.14,61.946,""
1,"A244_VILH_R","AP54RH504_tml.VILH","VILH_VCC_2.7000",***,"AP54RHC244_VILH",0,1,"PIN14",1,"P1","","",***,"",***,"","",***,"P",5.14,61.946,""
1,"A244_VILH_R","AP54RH504_tml.VILH","VILH_VCC_2.7000",***,"AP54RHC244_VILH",0,1,"PIN15",1,"P1","","",***,"",***,"","",***,"P",5.14,61.946,""
1,"A244_VILH_R","AP54RH504_tml.VILH","VILH_VCC_2.7000",***,"AP54RHC244_VILH",0,1,"PIN16",1,"P1","","",***,"",***,"","",***,"P",5.14,61.946,""
1,"A244_VILH_R","AP54RH504_tml.VILH","VILH_VCC_2.7000",***,"AP54RHC244_VILH",0,1,"PIN17",1,"P1","","",***,"",***,"","",***,"P",5.14,61.946,""
1,"A244_VILH_R","AP54RH504_tml.VILH","VILH_VCC_2.7000",***,"AP54RHC244_VILH",0,1,"PIN18",1,"P1","","",***,"",***,"","",***,"P",5.14,61.946,""
1,"A244_VILH_R","AP54RH504_tml.VILH","VILH_VCC_2.7000",***,"AP54RHC244_VILH",0,1,"PIN19",1,"P1","","",***,"",***,"","",***,"P",5.14,61.946,""
1,"A244_VILH_R","AP54RH504_tml.VILH","VILH_VCC_2.7000",***,"AP54RHC244_VILH",0,1,"PIN2",1,"P1","","",***,"",***,"","",***,"P",5.14,61.946,""
1,"A244_VILH_R","AP54RH504_tml.VILH","VILH_VCC_2.7000",***,"AP54RHC244_VILH",0,1,"PIN3",1,"P1","","",***,"",***,"","",***,"P",5.14,61.946,""
1,"A244_VILH_R","AP54RH504_tml.VILH","VILH_VCC_2.7000",***,"AP54RHC244_VILH",0,1,"PIN4",1,"P1","","",***,"",***,"","",***,"P",5.14,61.946,""
1,"A244_VILH_R","AP54RH504_tml.VILH","VILH_VCC_2.7000",***,"AP54RHC244_VILH",0,1,"PIN5",1,"P1","","",***,"",***,"","",***,"P",5.14,61.946,""
1,"A244_VILH_R","AP54RH504_tml.VILH","VILH_VCC_2.7000",***,"AP54RHC244_VILH",0,1,"PIN6",1,"P1","","",***,"",***,"","",***,"P",5.14,61.946,""
1,"A244_VILH_R","AP54RH504_tml.VILH","VILH_VCC_2.7000",***,"AP54RHC244_VILH",0,1,"PIN7",1,"P1","","",***,"",***,"","",***,"P",5.14,61.946,""
1,"A244_VILH_R","AP54RH504_tml.VILH","VILH_VCC_2.7000",***,"AP54RHC244_VILH",0,1,"PIN8",1,"P1","","",***,"",***,"","",***,"P",5.14,61.946,""
1,"A244_VILH_R","AP54RH504_tml.VILH","VILH_VCC_2.7000",***,"AP54RHC244_VILH",0,1,"PIN9",1,"P1","","",***,"",***,"","",***,"P",5.14,61.946,""
1,"A244_VILH_R","AP54RH504_tml.VILH","VILH_VCC_2.3000",***,"AP54RHC244_VILH",0,1,"PIN1",1,"P1","","",***,"",***,"","",***,"P",4.12,61.946,""
1,"A244_VILH_R","AP54RH504_tml.VILH","VILH_VCC_2.3000",***,"AP54RHC244_VILH",0,1,"PIN11",1,"P1","","",***,"",***,"","",***,"P",4.12,61.946,""
1,"A244_VILH_R","AP54RH504_tml.VILH","VILH_VCC_2.3000",***,"AP54RHC244_VILH",0,1,"PIN12",1,"P1","","",***,"",***,"","",***,"P",4.12,61.946,""
1,"A244_VILH_R","AP54RH504_tml.VILH","VILH_VCC_2.3000",***,"AP54RHC244_VILH",0,1,"PIN13",1,"P1","","",***,"",***,"","",***,"P",4.12,61.946,""
1,"A244_VILH_R","AP54RH504_tml.VILH","VILH_VCC_2.3000",***,"AP54RHC244_VILH",0,1,"PIN14",1,"P1","","",***,"",***,"","",***,"P",4.12,61.946,""
1,"A244_VILH_R","AP54RH504_tml.VILH","VILH_VCC_2.3000",***,"AP54RHC244_VILH",0,1,"PIN15",1,"P1","","",***,"",***,"","",***,"P",4.12,61.946,""
1,"A244_VILH_R","AP54RH504_tml.VILH","VILH_VCC_2.3000",***,"AP54RHC244_VILH",0,1,"PIN16",1,"P1","","",***,"",***,"","",***,"P",4.12,61.946,""
1,"A244_VILH_R","AP54RH504_tml.VILH","VILH_VCC_2.3000",***,"AP54RHC244_VILH",0,1,"PIN17",1,"P1","","",***,"",***,"","",***,"P",4.12,61.946,""
1,"A244_VILH_R","AP54RH504_tml.VILH","VILH_VCC_2.3000",***,"AP54RHC244_VILH",0,1,"PIN18",1,"P1","","",***,"",***,"","",***,"P",4.12,61.946,""
1,"A244_VILH_R","AP54RH504_tml.VILH","VILH_VCC_2.3000",***,"AP54RHC244_VILH",0,1,"PIN19",1,"P1","","",***,"",***,"","",***,"P",4.12,61.946,""
1,"A244_VILH_R","AP54RH504_tml.VILH","VILH_VCC_2.3000",***,"AP54RHC244_VILH",0,1,"PIN2",1,"P1","","",***,"",***,"","",***,"P",4.12,61.946,""
1,"A244_VILH_R","AP54RH504_tml.VILH","VILH_VCC_2.3000",***,"AP54RHC244_VILH",0,1,"PIN3",1,"P1","","",***,"",***,"","",***,"P",4.12,61.946,""
1,"A244_VILH_R","AP54RH504_tml.VILH","VILH_VCC_2.3000",***,"AP54RHC244_VILH",0,1,"PIN4",1,"P1","","",***,"",***,"","",***,"P",4.12,61.946,""
1,"A244_VILH_R","AP54RH504_tml.VILH","VILH_VCC_2.3000",***,"AP54RHC244_VILH",0,1,"PIN5",1,"P1","","",***,"",***,"","",***,"P",4.12,61.946,""
1,"A244_VILH_R","AP54RH504_tml.VILH","VILH_VCC_2.3000",***,"AP54RHC244_VILH",0,1,"PIN6",1,"P1","","",***,"",***,"","",***,"P",4.12,61.946,""
1,"A244_VILH_R","AP54RH504_tml.VILH","VILH_VCC_2.3000",***,"AP54RHC244_VILH",0,1,"PIN7",1,"P1","","",***,"",***,"","",***,"P",4.12,61.946,""
1,"A244_VILH_R","AP54RH504_tml.VILH","VILH_VCC_2.3000",***,"AP54RHC244_VILH",0,1,"PIN8",1,"P1","","",***,"",***,"","",***,"P",4.12,61.946,""
1,"A244_VILH_R","AP54RH504_tml.VILH","VILH_VCC_2.3000",***,"AP54RHC244_VILH",0,1,"PIN9",1,"P1","","",***,"",***,"","",***,"P",4.12,61.946,""
1,"A244_VILH_R","AP54RH504_tml.VILH","VILH_VCC_1.9500",***,"AP54RHC244_VILH",0,1,"PIN1",1,"P1","","",***,"",***,"","",***,"P",5.161,61.946,""
1,"A244_VILH_R","AP54RH504_tml.VILH","VILH_VCC_1.9500",***,"AP54RHC244_VILH",0,1,"PIN11",1,"P1","","",***,"",***,"","",***,"P",5.161,61.946,""
1,"A244_VILH_R","AP54RH504_tml.VILH","VILH_VCC_1.9500",***,"AP54RHC244_VILH",0,1,"PIN12",1,"P1","","",***,"",***,"","",***,"P",5.161,61.946,""
1,"A244_VILH_R","AP54RH504_tml.VILH","VILH_VCC_1.9500",***,"AP54RHC244_VILH",0,1,"PIN13",1,"P1","","",***,"",***,"","",***,"P",5.161,61.946,""
1,"A244_VILH_R","AP54RH504_tml.VILH","VILH_VCC_1.9500",***,"AP54RHC244_VILH",0,1,"PIN14",1,"P1","","",***,"",***,"","",***,"P",5.161,61.946,""
1,"A244_VILH_R","AP54RH504_tml.VILH","VILH_VCC_1.9500",***,"AP54RHC244_VILH",0,1,"PIN15",1,"P1","","",***,"",***,"","",***,"P",5.161,61.946,""
1,"A244_VILH_R","AP54RH504_tml.VILH","VILH_VCC_1.9500",***,"AP54RHC244_VILH",0,1,"PIN16",1,"P1","","",***,"",***,"","",***,"P",5.161,61.946,""
1,"A244_VILH_R","AP54RH504_tml.VILH","VILH_VCC_1.9500",***,"AP54RHC244_VILH",0,1,"PIN17",1,"P1","","",***,"",***,"","",***,"P",5.161,61.946,""
1,"A244_VILH_R","AP54RH504_tml.VILH","VILH_VCC_1.9500",***,"AP54RHC244_VILH",0,1,"PIN18",1,"P1","","",***,"",***,"","",***,"P",5.161,61.946,""
1,"A244_VILH_R","AP54RH504_tml.VILH","VILH_VCC_1.9500",***,"AP54RHC244_VILH",0,1,"PIN19",1,"P1","","",***,"",***,"","",***,"P",5.161,61.946,""
1,"A244_VILH_R","AP54RH504_tml.VILH","VILH_VCC_1.9500",***,"AP54RHC244_VILH",0,1,"PIN2",1,"P1","","",***,"",***,"","",***,"P",5.161,61.946,""
1,"A244_VILH_R","AP54RH504_tml.VILH","VILH_VCC_1.9500",***,"AP54RHC244_VILH",0,1,"PIN3",1,"P1","","",***,"",***,"","",***,"P",5.161,61.946,""
1,"A244_VILH_R","AP54RH504_tml.VILH","VILH_VCC_1.9500",***,"AP54RHC244_VILH",0,1,"PIN4",1,"P1","","",***,"",***,"","",***,"P",5.161,61.946,""
1,"A244_VILH_R","AP54RH504_tml.VILH","VILH_VCC_1.9500",***,"AP54RHC244_VILH",0,1,"PIN5",1,"P1","","",***,"",***,"","",***,"P",5.161,61.946,""
1,"A244_VILH_R","AP54RH504_tml.VILH","VILH_VCC_1.9500",***,"AP54RHC244_VILH",0,1,"PIN6",1,"P1","","",***,"",***,"","",***,"P",5.161,61.946,""
1,"A244_VILH_R","AP54RH504_tml.VILH","VILH_VCC_1.9500",***,"AP54RHC244_VILH",0,1,"PIN7",1,"P1","","",***,"",***,"","",***,"P",5.161,61.946,""
1,"A244_VILH_R","AP54RH504_tml.VILH","VILH_VCC_1.9500",***,"AP54RHC244_VILH",0,1,"PIN8",1,"P1","","",***,"",***,"","",***,"P",5.161,61.946,""
1,"A244_VILH_R","AP54RH504_tml.VILH","VILH_VCC_1.9500",***,"AP54RHC244_VILH",0,1,"PIN9",1,"P1","","",***,"",***,"","",***,"P",5.161,61.946,""
1,"A244_VILH_R","AP54RH504_tml.VILH","VILH_VCC_1.6500",***,"AP54RHC244_VILH",0,1,"PIN1",1,"P1","","",***,"",***,"","",***,"P",4.001,61.946,""
1,"A244_VILH_R","AP54RH504_tml.VILH","VILH_VCC_1.6500",***,"AP54RHC244_VILH",0,1,"PIN11",1,"P1","","",***,"",***,"","",***,"P",4.001,61.946,""
1,"A244_VILH_R","AP54RH504_tml.VILH","VILH_VCC_1.6500",***,"AP54RHC244_VILH",0,1,"PIN12",1,"P1","","",***,"",***,"","",***,"P",4.001,61.946,""
1,"A244_VILH_R","AP54RH504_tml.VILH","VILH_VCC_1.6500",***,"AP54RHC244_VILH",0,1,"PIN13",1,"P1","","",***,"",***,"","",***,"P",4.001,61.946,""
1,"A244_VILH_R","AP54RH504_tml.VILH","VILH_VCC_1.6500",***,"AP54RHC244_VILH",0,1,"PIN14",1,"P1","","",***,"",***,"","",***,"P",4.001,61.946,""
1,"A244_VILH_R","AP54RH504_tml.VILH","VILH_VCC_1.6500",***,"AP54RHC244_VILH",0,1,"PIN15",1,"P1","","",***,"",***,"","",***,"P",4.001,61.946,""
1,"A244_VILH_R","AP54RH504_tml.VILH","VILH_VCC_1.6500",***,"AP54RHC244_VILH",0,1,"PIN16",1,"P1","","",***,"",***,"","",***,"P",4.001,61.946,""
1,"A244_VILH_R","AP54RH504_tml.VILH","VILH_VCC_1.6500",***,"AP54RHC244_VILH",0,1,"PIN17",1,"P1","","",***,"",***,"","",***,"P",4.001,61.946,""
1,"A244_VILH_R","AP54RH504_tml.VILH","VILH_VCC_1.6500",***,"AP54RHC244_VILH",0,1,"PIN18",1,"P1","","",***,"",***,"","",***,"P",4.001,61.946,""
1,"A244_VILH_R","AP54RH504_tml.VILH","VILH_VCC_1.6500",***,"AP54RHC244_VILH",0,1,"PIN19",1,"P1","","",***,"",***,"","",***,"P",4.001,61.946,""
1,"A244_VILH_R","AP54RH504_tml.VILH","VILH_VCC_1.6500",***,"AP54RHC244_VILH",0,1,"PIN2",1,"P1","","",***,"",***,"","",***,"P",4.001,61.946,""
1,"A244_VILH_R","AP54RH504_tml.VILH","VILH_VCC_1.6500",***,"AP54RHC244_VILH",0,1,"PIN3",1,"P1","","",***,"",***,"","",***,"P",4.001,61.946,""
1,"A244_VILH_R","AP54RH504_tml.VILH","VILH_VCC_1.6500",***,"AP54RHC244_VILH",0,1,"PIN4",1,"P1","","",***,"",***,"","",***,"P",4.001,61.946,""
1,"A244_VILH_R","AP54RH504_tml.VILH","VILH_VCC_1.6500",***,"AP54RHC244_VILH",0,1,"PIN5",1,"P1","","",***,"",***,"","",***,"P",4.001,61.946,""
1,"A244_VILH_R","AP54RH504_tml.VILH","VILH_VCC_1.6500",***,"AP54RHC244_VILH",0,1,"PIN6",1,"P1","","",***,"",***,"","",***,"P",4.001,61.946,""
1,"A244_VILH_R","AP54RH504_tml.VILH","VILH_VCC_1.6500",***,"AP54RHC244_VILH",0,1,"PIN7",1,"P1","","",***,"",***,"","",***,"P",4.001,61.946,""
1,"A244_VILH_R","AP54RH504_tml.VILH","VILH_VCC_1.6500",***,"AP54RHC244_VILH",0,1,"PIN8",1,"P1","","",***,"",***,"","",***,"P",4.001,61.946,""
1,"A244_VILH_R","AP54RH504_tml.VILH","VILH_VCC_1.6500",***,"AP54RHC244_VILH",0,1,"PIN9",1,"P1","","",***,"",***,"","",***,"P",4.001,61.946,""
1,"A244_VILH_R","AP54RH504_tml.VILH","VILH_VCC_1.4000",***,"AP54RHC244_VILH",0,1,"PIN1",1,"P1","","",***,"",***,"","",***,"P",4.884,61.946,""
1,"A244_VILH_R","AP54RH504_tml.VILH","VILH_VCC_1.4000",***,"AP54RHC244_VILH",0,1,"PIN11",1,"P1","","",***,"",***,"","",***,"P",4.884,61.946,""
1,"A244_VILH_R","AP54RH504_tml.VILH","VILH_VCC_1.4000",***,"AP54RHC244_VILH",0,1,"PIN12",1,"P1","","",***,"",***,"","",***,"P",4.884,61.946,""
1,"A244_VILH_R","AP54RH504_tml.VILH","VILH_VCC_1.4000",***,"AP54RHC244_VILH",0,1,"PIN13",1,"P1","","",***,"",***,"","",***,"P",4.884,61.946,""
1,"A244_VILH_R","AP54RH504_tml.VILH","VILH_VCC_1.4000",***,"AP54RHC244_VILH",0,1,"PIN14",1,"P1","","",***,"",***,"","",***,"P",4.884,61.946,""
1,"A244_VILH_R","AP54RH504_tml.VILH","VILH_VCC_1.4000",***,"AP54RHC244_VILH",0,1,"PIN15",1,"P1","","",***,"",***,"","",***,"P",4.884,61.946,""
1,"A244_VILH_R","AP54RH504_tml.VILH","VILH_VCC_1.4000",***,"AP54RHC244_VILH",0,1,"PIN16",1,"P1","","",***,"",***,"","",***,"P",4.884,61.946,""
1,"A244_VILH_R","AP54RH504_tml.VILH","VILH_VCC_1.4000",***,"AP54RHC244_VILH",0,1,"PIN17",1,"P1","","",***,"",***,"","",***,"P",4.884,61.946,""
1,"A244_VILH_R","AP54RH504_tml.VILH","VILH_VCC_1.4000",***,"AP54RHC244_VILH",0,1,"PIN18",1,"P1","","",***,"",***,"","",***,"P",4.884,61.946,""
1,"A244_VILH_R","AP54RH504_tml.VILH","VILH_VCC_1.4000",***,"AP54RHC244_VILH",0,1,"PIN19",1,"P1","","",***,"",***,"","",***,"P",4.884,61.946,""
1,"A244_VILH_R","AP54RH504_tml.VILH","VILH_VCC_1.4000",***,"AP54RHC244_VILH",0,1,"PIN2",1,"P1","","",***,"",***,"","",***,"P",4.884,61.946,""
1,"A244_VILH_R","AP54RH504_tml.VILH","VILH_VCC_1.4000",***,"AP54RHC244_VILH",0,1,"PIN3",1,"P1","","",***,"",***,"","",***,"P",4.884,61.946,""
1,"A244_VILH_R","AP54RH504_tml.VILH","VILH_VCC_1.4000",***,"AP54RHC244_VILH",0,1,"PIN4",1,"P1","","",***,"",***,"","",***,"P",4.884,61.946,""
1,"A244_VILH_R","AP54RH504_tml.VILH","VILH_VCC_1.4000",***,"AP54RHC244_VILH",0,1,"PIN5",1,"P1","","",***,"",***,"","",***,"P",4.884,61.946,""
1,"A244_VILH_R","AP54RH504_tml.VILH","VILH_VCC_1.4000",***,"AP54RHC244_VILH",0,1,"PIN6",1,"P1","","",***,"",***,"","",***,"P",4.884,61.946,""
1,"A244_VILH_R","AP54RH504_tml.VILH","VILH_VCC_1.4000",***,"AP54RHC244_VILH",0,1,"PIN7",1,"P1","","",***,"",***,"","",***,"P",4.884,61.946,""
1,"A244_VILH_R","AP54RH504_tml.VILH","VILH_VCC_1.4000",***,"AP54RHC244_VILH",0,1,"PIN8",1,"P1","","",***,"",***,"","",***,"P",4.884,61.946,""
1,"A244_VILH_R","AP54RH504_tml.VILH","VILH_VCC_1.4000",***,"AP54RHC244_VILH",0,1,"PIN9",1,"P1","","",***,"",***,"","",***,"P",4.884,61.946,""
1,"A244_VOLH_R","AP54RH504_tml.VOL_VOH","VOL_VCCY_1.40_IOL_0.10",24410622,"AP54RHC244_TRUTH_TABLE",0,1,"PIN3",1,"P1","","",0,"<=",0.007913,"V","<=",0.03,"P",26.753,595.024,""
1,"A244_VOLH_R","AP54RH504_tml.VOL_VOH","VOL_VCCY_1.40_IOL_0.10",24410622,"AP54RHC244_TRUTH_TABLE",0,1,"PIN5",1,"P1","","",0,"<=",0.007913,"V","<=",0.03,"P",26.753,595.024,""
1,"A244_VOLH_R","AP54RH504_tml.VOL_VOH","VOL_VCCY_1.40_IOL_0.10",24410622,"AP54RHC244_TRUTH_TABLE",0,1,"PIN7",1,"P1","","",0,"<=",0.008018,"V","<=",0.03,"P",26.753,595.024,""
1,"A244_VOLH_R","AP54RH504_tml.VOL_VOH","VOL_VCCY_1.40_IOL_0.10",24410622,"AP54RHC244_TRUTH_TABLE",0,1,"PIN9",1,"P1","","",0,"<=",0.007961,"V","<=",0.03,"P",26.753,595.024,""
1,"A244_VOLH_R","AP54RH504_tml.VOL_VOH","VOL_VCCY_1.40_IOL_0.10",24410622,"AP54RHC244_TRUTH_TABLE",0,1,"PIN12",1,"P1","","",0,"<=",0.008018,"V","<=",0.03,"P",26.753,595.024,""
1,"A244_VOLH_R","AP54RH504_tml.VOL_VOH","VOL_VCCY_1.40_IOL_0.10",24410622,"AP54RHC244_TRUTH_TABLE",0,1,"PIN14",1,"P1","","",0,"<=",0.008018,"V","<=",0.03,"P",26.753,595.024,""
1,"A244_VOLH_R","AP54RH504_tml.VOL_VOH","VOL_VCCY_1.40_IOL_0.10",24410622,"AP54RHC244_TRUTH_TABLE",0,1,"PIN16",1,"P1","","",0,"<=",0.00797,"V","<=",0.03,"P",26.753,595.024,""
1,"A244_VOLH_R","AP54RH504_tml.VOL_VOH","VOL_VCCY_1.40_IOL_0.10",24410622,"AP54RHC244_TRUTH_TABLE",0,1,"PIN18",1,"P1","","",0,"<=",0.00797,"V","<=",0.03,"P",26.753,595.024,""
1,"A244_VOLH_R","AP54RH504_tml.VOL_VOH","VOH_VCCY_1.40_IOH_-0.10",24410624,"AP54RHC244_TRUTH_TABLE",0,1,"PIN3",1,"P1","","",1.37,"<=",1.3924,"V","<=",1.4,"P",10.102,595.024,""
1,"A244_VOLH_R","AP54RH504_tml.VOL_VOH","VOH_VCCY_1.40_IOH_-0.10",24410624,"AP54RHC244_TRUTH_TABLE",0,1,"PIN5",1,"P1","","",1.37,"<=",1.39219,"V","<=",1.4,"P",10.102,595.024,""
1,"A244_VOLH_R","AP54RH504_tml.VOL_VOH","VOH_VCCY_1.40_IOH_-0.10",24410624,"AP54RHC244_TRUTH_TABLE",0,1,"PIN7",1,"P1","","",1.37,"<=",1.39218,"V","<=",1.4,"P",10.102,595.024,""
1,"A244_VOLH_R","AP54RH504_tml.VOL_VOH","VOH_VCCY_1.40_IOH_-0.10",24410624,"AP54RHC244_TRUTH_TABLE",0,1,"PIN9",1,"P1","","",1.37,"<=",1.39206,"V","<=",1.4,"P",10.102,595.024,""
1,"A244_VOLH_R","AP54RH504_tml.VOL_VOH","VOH_VCCY_1.40_IOH_-0.10",24410624,"AP54RHC244_TRUTH_TABLE",0,1,"PIN12",1,"P1","","",1.37,"<=",1.39189,"V","<=",1.4,"P",10.102,595.024,""
1,"A244_VOLH_R","AP54RH504_tml.VOL_VOH","VOH_VCCY_1.40_IOH_-0.10",24410624,"AP54RHC244_TRUTH_TABLE",0,1,"PIN14",1,"P1","","",1.37,"<=",1.39176,"V","<=",1.4,"P",10.102,595.024,""
1,"A244_VOLH_R","AP54RH504_tml.VOL_VOH","VOH_VCCY_1.40_IOH_-0.10",24410624,"AP54RHC244_TRUTH_TABLE",0,1,"PIN16",1,"P1","","",1.37,"<=",1.39159,"V","<=",1.4,"P",10.102,595.024,""
1,"A244_VOLH_R","AP54RH504_tml.VOL_VOH","VOH_VCCY_1.40_IOH_-0.10",24410624,"AP54RHC244_TRUTH_TABLE",0,1,"PIN18",1,"P1","","",1.37,"<=",1.3914,"V","<=",1.4,"P",10.102,595.024,""
1,"A244_VOLH_R","AP54RH504_tml.VOL_VOH","VOL_VCCY_5.50_IOL_0.10",24410170,"AP54RHC244_TRUTH_TABLE",0,1,"PIN3",1,"P1","","",0,"<=",0.003584,"V","<=",0.03,"P",17.353,595.024,""
1,"A244_VOLH_R","AP54RH504_tml.VOL_VOH","VOL_VCCY_5.50_IOL_0.10",24410170,"AP54RHC244_TRUTH_TABLE",0,1,"PIN5",1,"P1","","",0,"<=",0.003527,"V","<=",0.03,"P",17.353,595.024,""
1,"A244_VOLH_R","AP54RH504_tml.VOL_VOH","VOL_VCCY_5.50_IOL_0.10",24410170,"AP54RHC244_TRUTH_TABLE",0,1,"PIN7",1,"P1","","",0,"<=",0.003637,"V","<=",0.03,"P",17.353,595.024,""
1,"A244_VOLH_R","AP54RH504_tml.VOL_VOH","VOL_VCCY_5.50_IOL_0.10",24410170,"AP54RHC244_TRUTH_TABLE",0,1,"PIN9",1,"P1","","",0,"<=",0.00358,"V","<=",0.03,"P",17.353,595.024,""
1,"A244_VOLH_R","AP54RH504_tml.VOL_VOH","VOL_VCCY_5.50_IOL_0.10",24410170,"AP54RHC244_TRUTH_TABLE",0,1,"PIN12",1,"P1","","",0,"<=",0.00358,"V","<=",0.03,"P",17.353,595.024,""
1,"A244_VOLH_R","AP54RH504_tml.VOL_VOH","VOL_VCCY_5.50_IOL_0.10",24410170,"AP54RHC244_TRUTH_TABLE",0,1,"PIN14",1,"P1","","",0,"<=",0.003637,"V","<=",0.03,"P",17.353,595.024,""
1,"A244_VOLH_R","AP54RH504_tml.VOL_VOH","VOL_VCCY_5.50_IOL_0.10",24410170,"AP54RHC244_TRUTH_TABLE",0,1,"PIN16",1,"P1","","",0,"<=",0.003641,"V","<=",0.03,"P",17.353,595.024,""
1,"A244_VOLH_R","AP54RH504_tml.VOL_VOH","VOL_VCCY_5.50_IOL_0.10",24410170,"AP54RHC244_TRUTH_TABLE",0,1,"PIN18",1,"P1","","",0,"<=",0.00347,"V","<=",0.03,"P",17.353,595.024,""
1,"A244_VOLH_R","AP54RH504_tml.VOL_VOH","VOH_VCCY_5.50_IOH_-0.10",24410180,"AP54RHC244_TRUTH_TABLE",0,1,"PIN3",1,"P1","","",5.47,"<=",5.49469,"V","<=",5.5,"P",8.582,595.024,""
1,"A244_VOLH_R","AP54RH504_tml.VOL_VOH","VOH_VCCY_5.50_IOH_-0.10",24410180,"AP54RHC244_TRUTH_TABLE",0,1,"PIN5",1,"P1","","",5.47,"<=",5.49467,"V","<=",5.5,"P",8.582,595.024,""
1,"A244_VOLH_R","AP54RH504_tml.VOL_VOH","VOH_VCCY_5.50_IOH_-0.10",24410180,"AP54RHC244_TRUTH_TABLE",0,1,"PIN7",1,"P1","","",5.47,"<=",5.49441,"V","<=",5.5,"P",8.582,595.024,""
1,"A244_VOLH_R","AP54RH504_tml.VOL_VOH","VOH_VCCY_5.50_IOH_-0.10",24410180,"AP54RHC244_TRUTH_TABLE",0,1,"PIN9",1,"P1","","",5.47,"<=",5.49435,"V","<=",5.5,"P",8.582,595.024,""
1,"A244_VOLH_R","AP54RH504_tml.VOL_VOH","VOH_VCCY_5.50_IOH_-0.10",24410180,"AP54RHC244_TRUTH_TABLE",0,1,"PIN12",1,"P1","","",5.47,"<=",5.49441,"V","<=",5.5,"P",8.582,595.024,""
1,"A244_VOLH_R","AP54RH504_tml.VOL_VOH","VOH_VCCY_5.50_IOH_-0.10",24410180,"AP54RHC244_TRUTH_TABLE",0,1,"PIN14",1,"P1","","",5.47,"<=",5.4942,"V","<=",5.5,"P",8.582,595.024,""
1,"A244_VOLH_R","AP54RH504_tml.VOL_VOH","VOH_VCCY_5.50_IOH_-0.10",24410180,"AP54RHC244_TRUTH_TABLE",0,1,"PIN16",1,"P1","","",5.47,"<=",5.49429,"V","<=",5.5,"P",8.582,595.024,""
1,"A244_VOLH_R","AP54RH504_tml.VOL_VOH","VOH_VCCY_5.50_IOH_-0.10",24410180,"AP54RHC244_TRUTH_TABLE",0,1,"PIN18",1,"P1","","",5.47,"<=",5.49418,"V","<=",5.5,"P",8.582,595.024,""
1,"A244_VOLH_R","AP54RH504_tml.VOL_VOH","VOL_VCCY_1.65_IOL_1.00",24410190,"AP54RHC244_TRUTH_TABLE",0,1,"PIN3",1,"P1","","",0,"<=",0.066181,"V","<=",0.09,"P",7.817,595.024,""
1,"A244_VOLH_R","AP54RH504_tml.VOL_VOH","VOL_VCCY_1.65_IOL_1.00",24410190,"AP54RHC244_TRUTH_TABLE",0,1,"PIN5",1,"P1","","",0,"<=",0.065952,"V","<=",0.09,"P",7.817,595.024,""
1,"A244_VOLH_R","AP54RH504_tml.VOL_VOH","VOL_VCCY_1.65_IOL_1.00",24410190,"AP54RHC244_TRUTH_TABLE",0,1,"PIN7",1,"P1","","",0,"<=",0.066163,"V","<=",0.09,"P",7.817,595.024,""
1,"A244_VOLH_R","AP54RH504_tml.VOL_VOH","VOL_VCCY_1.65_IOL_1.00",24410190,"AP54RHC244_TRUTH_TABLE",0,1,"PIN9",1,"P1","","",0,"<=",0.065651,"V","<=",0.09,"P",7.817,595.024,""
1,"A244_VOLH_R","AP54RH504_tml.VOL_VOH","VOL_VCCY_1.65_IOL_1.00",24410190,"AP54RHC244_TRUTH_TABLE",0,1,"PIN12",1,"P1","","",0,"<=",0.066675,"V","<=",0.09,"P",7.817,595.024,""
1,"A244_VOLH_R","AP54RH504_tml.VOL_VOH","VOL_VCCY_1.65_IOL_1.00",24410190,"AP54RHC244_TRUTH_TABLE",0,1,"PIN14",1,"P1","","",0,"<=",0.066619,"V","<=",0.09,"P",7.817,595.024,""
1,"A244_VOLH_R","AP54RH504_tml.VOL_VOH","VOL_VCCY_1.65_IOL_1.00",24410190,"AP54RHC244_TRUTH_TABLE",0,1,"PIN16",1,"P1","","",0,"<=",0.06652,"V","<=",0.09,"P",7.817,595.024,""
1,"A244_VOLH_R","AP54RH504_tml.VOL_VOH","VOL_VCCY_1.65_IOL_1.00",24410190,"AP54RHC244_TRUTH_TABLE",0,1,"PIN18",1,"P1","","",0,"<=",0.066408,"V","<=",0.09,"P",7.817,595.024,""
1,"A244_VOLH_R","AP54RH504_tml.VOL_VOH","VOH_VCCY_1.65_IOH_-1.00",24410200,"AP54RHC244_TRUTH_TABLE",0,1,"PIN3",1,"P1","","",1.55,"<=",1.58571,"V","<=",1.65,"P",8.356,595.024,""
1,"A244_VOLH_R","AP54RH504_tml.VOL_VOH","VOH_VCCY_1.65_IOH_-1.00",24410200,"AP54RHC244_TRUTH_TABLE",0,1,"PIN5",1,"P1","","",1.55,"<=",1.58494,"V","<=",1.65,"P",8.356,595.024,""
1,"A244_VOLH_R","AP54RH504_tml.VOL_VOH","VOH_VCCY_1.65_IOH_-1.00",24410200,"AP54RHC244_TRUTH_TABLE",0,1,"PIN7",1,"P1","","",1.55,"<=",1.58402,"V","<=",1.65,"P",8.356,595.024,""
1,"A244_VOLH_R","AP54RH504_tml.VOL_VOH","VOH_VCCY_1.65_IOH_-1.00",24410200,"AP54RHC244_TRUTH_TABLE",0,1,"PIN9",1,"P1","","",1.55,"<=",1.58283,"V","<=",1.65,"P",8.356,595.024,""
1,"A244_VOLH_R","AP54RH504_tml.VOL_VOH","VOH_VCCY_1.65_IOH_-1.00",24410200,"AP54RHC244_TRUTH_TABLE",0,1,"PIN12",1,"P1","","",1.55,"<=",1.58254,"V","<=",1.65,"P",8.356,595.024,""
1,"A244_VOLH_R","AP54RH504_tml.VOL_VOH","VOH_VCCY_1.65_IOH_-1.00",24410200,"AP54RHC244_TRUTH_TABLE",0,1,"PIN14",1,"P1","","",1.55,"<=",1.58218,"V","<=",1.65,"P",8.356,595.024,""
1,"A244_VOLH_R","AP54RH504_tml.VOL_VOH","VOH_VCCY_1.65_IOH_-1.00",24410200,"AP54RHC244_TRUTH_TABLE",0,1,"PIN16",1,"P1","","",1.55,"<=",1.58148,"V","<=",1.65,"P",8.356,595.024,""
1,"A244_VOLH_R","AP54RH504_tml.VOL_VOH","VOH_VCCY_1.65_IOH_-1.00",24410200,"AP54RHC244_TRUTH_TABLE",0,1,"PIN18",1,"P1","","",1.55,"<=",1.58072,"V","<=",1.65,"P",8.356,595.024,""
1,"A244_VOLH_R","AP54RH504_tml.VOL_VOH","VOL_VCCY_5.50_IOL_1.00",24410210,"AP54RHC244_TRUTH_TABLE",0,1,"PIN3",1,"P1","","",0,"<=",0.033829,"V","<=",0.075,"P",17.92,595.024,""
1,"A244_VOLH_R","AP54RH504_tml.VOL_VOH","VOL_VCCY_5.50_IOL_1.00",24410210,"AP54RHC244_TRUTH_TABLE",0,1,"PIN5",1,"P1","","",0,"<=",0.033885,"V","<=",0.075,"P",17.92,595.024,""
1,"A244_VOLH_R","AP54RH504_tml.VOL_VOH","VOL_VCCY_5.50_IOL_1.00",24410210,"AP54RHC244_TRUTH_TABLE",0,1,"PIN7",1,"P1","","",0,"<=",0.034018,"V","<=",0.075,"P",17.92,595.024,""
1,"A244_VOLH_R","AP54RH504_tml.VOL_VOH","VOL_VCCY_5.50_IOL_1.00",24410210,"AP54RHC244_TRUTH_TABLE",0,1,"PIN9",1,"P1","","",0,"<=",0.033449,"V","<=",0.075,"P",17.92,595.024,""
1,"A244_VOLH_R","AP54RH504_tml.VOL_VOH","VOL_VCCY_5.50_IOL_1.00",24410210,"AP54RHC244_TRUTH_TABLE",0,1,"PIN12",1,"P1","","",0,"<=",0.034416,"V","<=",0.075,"P",17.92,595.024,""
1,"A244_VOLH_R","AP54RH504_tml.VOL_VOH","VOL_VCCY_5.50_IOL_1.00",24410210,"AP54RHC244_TRUTH_TABLE",0,1,"PIN14",1,"P1","","",0,"<=",0.03436,"V","<=",0.075,"P",17.92,595.024,""
1,"A244_VOLH_R","AP54RH504_tml.VOL_VOH","VOL_VCCY_5.50_IOL_1.00",24410210,"AP54RHC244_TRUTH_TABLE",0,1,"PIN16",1,"P1","","",0,"<=",0.034397,"V","<=",0.075,"P",17.92,595.024,""
1,"A244_VOLH_R","AP54RH504_tml.VOL_VOH","VOL_VCCY_5.50_IOL_1.00",24410210,"AP54RHC244_TRUTH_TABLE",0,1,"PIN18",1,"P1","","",0,"<=",0.03417,"V","<=",0.075,"P",17.92,595.024,""
1,"A244_VOLH_R","AP54RH504_tml.VOL_VOH","VOH_VCCY_5.50_IOH_-1.00",24410220,"AP54RHC244_TRUTH_TABLE",0,1,"PIN3",1,"P1","","",5.4,"<=",5.46889,"V","<=",5.5,"P",8.423,595.024,""
1,"A244_VOLH_R","AP54RH504_tml.VOL_VOH","VOH_VCCY_5.50_IOH_-1.00",24410220,"AP54RHC244_TRUTH_TABLE",0,1,"PIN5",1,"P1","","",5.4,"<=",5.4679,"V","<=",5.5,"P",8.423,595.024,""
1,"A244_VOLH_R","AP54RH504_tml.VOL_VOH","VOH_VCCY_5.50_IOH_-1.00",24410220,"AP54RHC244_TRUTH_TABLE",0,1,"PIN7",1,"P1","","",5.4,"<=",5.46687,"V","<=",5.5,"P",8.423,595.024,""
1,"A244_VOLH_R","AP54RH504_tml.VOL_VOH","VOH_VCCY_5.50_IOH_-1.00",24410220,"AP54RHC244_TRUTH_TABLE",0,1,"PIN9",1,"P1","","",5.4,"<=",5.46596,"V","<=",5.5,"P",8.423,595.024,""
1,"A244_VOLH_R","AP54RH504_tml.VOL_VOH","VOH_VCCY_5.50_IOH_-1.00",24410220,"AP54RHC244_TRUTH_TABLE",0,1,"PIN12",1,"P1","","",5.4,"<=",5.46557,"V","<=",5.5,"P",8.423,595.024,""
1,"A244_VOLH_R","AP54RH504_tml.VOL_VOH","VOH_VCCY_5.50_IOH_-1.00",24410220,"AP54RHC244_TRUTH_TABLE",0,1,"PIN14",1,"P1","","",5.4,"<=",5.46502,"V","<=",5.5,"P",8.423,595.024,""
1,"A244_VOLH_R","AP54RH504_tml.VOL_VOH","VOH_VCCY_5.50_IOH_-1.00",24410220,"AP54RHC244_TRUTH_TABLE",0,1,"PIN16",1,"P1","","",5.4,"<=",5.46468,"V","<=",5.5,"P",8.423,595.024,""
1,"A244_VOLH_R","AP54RH504_tml.VOL_VOH","VOH_VCCY_5.50_IOH_-1.00",24410220,"AP54RHC244_TRUTH_TABLE",0,1,"PIN18",1,"P1","","",5.4,"<=",5.46405,"V","<=",5.5,"P",8.423,595.024,""
1,"A244_VOLH_R","AP54RH504_tml.VOL_VOH","VOL_VCCY_1.65_IOL_4.00",24410610,"AP54RHC244_TRUTH_TABLE",0,1,"PIN3",1,"P1","","",0,"<=",0.291337,"V","<=",0.55,"P",8.343,595.024,""
1,"A244_VOLH_R","AP54RH504_tml.VOL_VOH","VOL_VCCY_1.65_IOL_4.00",24410610,"AP54RHC244_TRUTH_TABLE",0,1,"PIN5",1,"P1","","",0,"<=",0.290818,"V","<=",0.55,"P",8.343,595.024,""
1,"A244_VOLH_R","AP54RH504_tml.VOL_VOH","VOL_VCCY_1.65_IOL_4.00",24410610,"AP54RHC244_TRUTH_TABLE",0,1,"PIN7",1,"P1","","",0,"<=",0.291916,"V","<=",0.55,"P",8.343,595.024,""
1,"A244_VOLH_R","AP54RH504_tml.VOL_VOH","VOL_VCCY_1.65_IOL_4.00",24410610,"AP54RHC244_TRUTH_TABLE",0,1,"PIN9",1,"P1","","",0,"<=",0.288844,"V","<=",0.55,"P",8.343,595.024,""
1,"A244_VOLH_R","AP54RH504_tml.VOL_VOH","VOL_VCCY_1.65_IOL_4.00",24410610,"AP54RHC244_TRUTH_TABLE",0,1,"PIN12",1,"P1","","",0,"<=",0.293395,"V","<=",0.55,"P",8.343,595.024,""
1,"A244_VOLH_R","AP54RH504_tml.VOL_VOH","VOL_VCCY_1.65_IOL_4.00",24410610,"AP54RHC244_TRUTH_TABLE",0,1,"PIN14",1,"P1","","",0,"<=",0.293971,"V","<=",0.55,"P",8.343,595.024,""
1,"A244_VOLH_R","AP54RH504_tml.VOL_VOH","VOL_VCCY_1.65_IOL_4.00",24410610,"AP54RHC244_TRUTH_TABLE",0,1,"PIN16",1,"P1","","",0,"<=",0.29309,"V","<=",0.55,"P",8.343,595.024,""
1,"A244_VOLH_R","AP54RH504_tml.VOL_VOH","VOL_VCCY_1.65_IOL_4.00",24410610,"AP54RHC244_TRUTH_TABLE",0,1,"PIN18",1,"P1","","",0,"<=",0.293723,"V","<=",0.55,"P",8.343,595.024,""
1,"A244_VOLH_R","AP54RH504_tml.VOL_VOH","VOH_VCCY_1.65_IOH_-4.00",24410620,"AP54RHC244_TRUTH_TABLE",0,1,"PIN3",1,"P1","","",1.25,"<=",1.37816,"V","<=",1.65,"P",8.163,595.024,""
1,"A244_VOLH_R","AP54RH504_tml.VOL_VOH","VOH_VCCY_1.65_IOH_-4.00",24410620,"AP54RHC244_TRUTH_TABLE",0,1,"PIN5",1,"P1","","",1.25,"<=",1.37482,"V","<=",1.65,"P",8.163,595.024,""
1,"A244_VOLH_R","AP54RH504_tml.VOL_VOH","VOH_VCCY_1.65_IOH_-4.00",24410620,"AP54RHC244_TRUTH_TABLE",0,1,"PIN7",1,"P1","","",1.25,"<=",1.37124,"V","<=",1.65,"P",8.163,595.024,""
1,"A244_VOLH_R","AP54RH504_tml.VOL_VOH","VOH_VCCY_1.65_IOH_-4.00",24410620,"AP54RHC244_TRUTH_TABLE",0,1,"PIN9",1,"P1","","",1.25,"<=",1.3651,"V","<=",1.65,"P",8.163,595.024,""
1,"A244_VOLH_R","AP54RH504_tml.VOL_VOH","VOH_VCCY_1.65_IOH_-4.00",24410620,"AP54RHC244_TRUTH_TABLE",0,1,"PIN12",1,"P1","","",1.25,"<=",1.36345,"V","<=",1.65,"P",8.163,595.024,""
1,"A244_VOLH_R","AP54RH504_tml.VOL_VOH","VOH_VCCY_1.65_IOH_-4.00",24410620,"AP54RHC244_TRUTH_TABLE",0,1,"PIN14",1,"P1","","",1.25,"<=",1.36206,"V","<=",1.65,"P",8.163,595.024,""
1,"A244_VOLH_R","AP54RH504_tml.VOL_VOH","VOH_VCCY_1.65_IOH_-4.00",24410620,"AP54RHC244_TRUTH_TABLE",0,1,"PIN16",1,"P1","","",1.25,"<=",1.35833,"V","<=",1.65,"P",8.163,595.024,""
1,"A244_VOLH_R","AP54RH504_tml.VOL_VOH","VOH_VCCY_1.65_IOH_-4.00",24410620,"AP54RHC244_TRUTH_TABLE",0,1,"PIN18",1,"P1","","",1.25,"<=",1.35642,"V","<=",1.65,"P",8.163,595.024,""
1,"A244_VOLH_R","AP54RH504_tml.VOL_VOH","VOL_VCCY_1.95_IOL_4.00",24410230,"AP54RHC244_TRUTH_TABLE",0,1,"PIN3",1,"P1","","",0,"<=",0.236885,"V","<=",0.55,"P",17.6,595.024,""
1,"A244_VOLH_R","AP54RH504_tml.VOL_VOH","VOL_VCCY_1.95_IOL_4.00",24410230,"AP54RHC244_TRUTH_TABLE",0,1,"PIN5",1,"P1","","",0,"<=",0.23688,"V","<=",0.55,"P",17.6,595.024,""
1,"A244_VOLH_R","AP54RH504_tml.VOL_VOH","VOL_VCCY_1.95_IOL_4.00",24410230,"AP54RHC244_TRUTH_TABLE",0,1,"PIN7",1,"P1","","",0,"<=",0.23764,"V","<=",0.55,"P",17.6,595.024,""
1,"A244_VOLH_R","AP54RH504_tml.VOL_VOH","VOL_VCCY_1.95_IOL_4.00",24410230,"AP54RHC244_TRUTH_TABLE",0,1,"PIN9",1,"P1","","",0,"<=",0.234852,"V","<=",0.55,"P",17.6,595.024,""
1,"A244_VOLH_R","AP54RH504_tml.VOL_VOH","VOL_VCCY_1.95_IOL_4.00",24410230,"AP54RHC244_TRUTH_TABLE",0,1,"PIN12",1,"P1","","",0,"<=",0.238834,"V","<=",0.55,"P",17.6,595.024,""
1,"A244_VOLH_R","AP54RH504_tml.VOL_VOH","VOL_VCCY_1.95_IOL_4.00",24410230,"AP54RHC244_TRUTH_TABLE",0,1,"PIN14",1,"P1","","",0,"<=",0.239409,"V","<=",0.55,"P",17.6,595.024,""
1,"A244_VOLH_R","AP54RH504_tml.VOL_VOH","VOL_VCCY_1.95_IOL_4.00",24410230,"AP54RHC244_TRUTH_TABLE",0,1,"PIN16",1,"P1","","",0,"<=",0.238868,"V","<=",0.55,"P",17.6,595.024,""
1,"A244_VOLH_R","AP54RH504_tml.VOL_VOH","VOL_VCCY_1.95_IOL_4.00",24410230,"AP54RHC244_TRUTH_TABLE",0,1,"PIN18",1,"P1","","",0,"<=",0.238987,"V","<=",0.55,"P",17.6,595.024,""
1,"A244_VOLH_R","AP54RH504_tml.VOL_VOH","VOH_VCCY_1.95_IOH_-4.00",24410240,"AP54RHC244_TRUTH_TABLE",0,1,"PIN3",1,"P1","","",1.4,"<=",1.72503,"V","<=",1.95,"P",7.961,595.024,""
1,"A244_VOLH_R","AP54RH504_tml.VOL_VOH","VOH_VCCY_1.95_IOH_-4.00",24410240,"AP54RHC244_TRUTH_TABLE",0,1,"PIN5",1,"P1","","",1.4,"<=",1.72152,"V","<=",1.95,"P",7.961,595.024,""
1,"A244_VOLH_R","AP54RH504_tml.VOL_VOH","VOH_VCCY_1.95_IOH_-4.00",24410240,"AP54RHC244_TRUTH_TABLE",0,1,"PIN7",1,"P1","","",1.4,"<=",1.71778,"V","<=",1.95,"P",7.961,595.024,""
1,"A244_VOLH_R","AP54RH504_tml.VOL_VOH","VOH_VCCY_1.95_IOH_-4.00",24410240,"AP54RHC244_TRUTH_TABLE",0,1,"PIN9",1,"P1","","",1.4,"<=",1.71249,"V","<=",1.95,"P",7.961,595.024,""
1,"A244_VOLH_R","AP54RH504_tml.VOL_VOH","VOH_VCCY_1.95_IOH_-4.00",24410240,"AP54RHC244_TRUTH_TABLE",0,1,"PIN12",1,"P1","","",1.4,"<=",1.71095,"V","<=",1.95,"P",7.961,595.024,""
1,"A244_VOLH_R","AP54RH504_tml.VOL_VOH","VOH_VCCY_1.95_IOH_-4.00",24410240,"AP54RHC244_TRUTH_TABLE",0,1,"PIN14",1,"P1","","",1.4,"<=",1.70945,"V","<=",1.95,"P",7.961,595.024,""
1,"A244_VOLH_R","AP54RH504_tml.VOL_VOH","VOH_VCCY_1.95_IOH_-4.00",24410240,"AP54RHC244_TRUTH_TABLE",0,1,"PIN16",1,"P1","","",1.4,"<=",1.70644,"V","<=",1.95,"P",7.961,595.024,""
1,"A244_VOLH_R","AP54RH504_tml.VOL_VOH","VOH_VCCY_1.95_IOH_-4.00",24410240,"AP54RHC244_TRUTH_TABLE",0,1,"PIN18",1,"P1","","",1.4,"<=",1.70449,"V","<=",1.95,"P",7.961,595.024,""
1,"A244_VOLH_R","AP54RH504_tml.VOL_VOH","VOL_VCCY_2.30_IOL_4.00",24410250,"AP54RHC244_TRUTH_TABLE",0,1,"PIN3",1,"P1","","",0,"<=",0.203678,"V","<=",0.54,"P",17.776,595.024,""
1,"A244_VOLH_R","AP54RH504_tml.VOL_VOH","VOL_VCCY_2.30_IOL_4.00",24410250,"AP54RHC244_TRUTH_TABLE",0,1,"PIN5",1,"P1","","",0,"<=",0.204129,"V","<=",0.54,"P",17.776,595.024,""
1,"A244_VOLH_R","AP54RH504_tml.VOL_VOH","VOL_VCCY_2.30_IOL_4.00",24410250,"AP54RHC244_TRUTH_TABLE",0,1,"PIN7",1,"P1","","",0,"<=",0.204585,"V","<=",0.54,"P",17.776,595.024,""
1,"A244_VOLH_R","AP54RH504_tml.VOL_VOH","VOL_VCCY_2.30_IOL_4.00",24410250,"AP54RHC244_TRUTH_TABLE",0,1,"PIN9",1,"P1","","",0,"<=",0.202024,"V","<=",0.54,"P",17.776,595.024,""
1,"A244_VOLH_R","AP54RH504_tml.VOL_VOH","VOL_VCCY_2.30_IOL_4.00",24410250,"AP54RHC244_TRUTH_TABLE",0,1,"PIN12",1,"P1","","",0,"<=",0.205779,"V","<=",0.54,"P",17.776,595.024,""
1,"A244_VOLH_R","AP54RH504_tml.VOL_VOH","VOL_VCCY_2.30_IOL_4.00",24410250,"AP54RHC244_TRUTH_TABLE",0,1,"PIN14",1,"P1","","",0,"<=",0.206125,"V","<=",0.54,"P",17.776,595.024,""
1,"A244_VOLH_R","AP54RH504_tml.VOL_VOH","VOL_VCCY_2.30_IOL_4.00",24410250,"AP54RHC244_TRUTH_TABLE",0,1,"PIN16",1,"P1","","",0,"<=",0.205606,"V","<=",0.54,"P",17.776,595.024,""
1,"A244_VOLH_R","AP54RH504_tml.VOL_VOH","VOL_VCCY_2.30_IOL_4.00",24410250,"AP54RHC244_TRUTH_TABLE",0,1,"PIN18",1,"P1","","",0,"<=",0.205895,"V","<=",0.54,"P",17.776,595.024,""
1,"A244_VOLH_R","AP54RH504_tml.VOL_VOH","VOH_VCCY_2.30_IOH_-4.00",24410260,"AP54RHC244_TRUTH_TABLE",0,1,"PIN3",1,"P1","","",1.865,"<=",2.10643,"V","<=",2.3,"P",8.149,595.024,""
1,"A244_VOLH_R","AP54RH504_tml.VOL_VOH","VOH_VCCY_2.30_IOH_-4.00",24410260,"AP54RHC244_TRUTH_TABLE",0,1,"PIN5",1,"P1","","",1.865,"<=",2.1029,"V","<=",2.3,"P",8.149,595.024,""
1,"A244_VOLH_R","AP54RH504_tml.VOL_VOH","VOH_VCCY_2.30_IOH_-4.00",24410260,"AP54RHC244_TRUTH_TABLE",0,1,"PIN7",1,"P1","","",1.865,"<=",2.09902,"V","<=",2.3,"P",8.149,595.024,""
1,"A244_VOLH_R","AP54RH504_tml.VOL_VOH","VOH_VCCY_2.30_IOH_-4.00",24410260,"AP54RHC244_TRUTH_TABLE",0,1,"PIN9",1,"P1","","",1.865,"<=",2.09424,"V","<=",2.3,"P",8.149,595.024,""
1,"A244_VOLH_R","AP54RH504_tml.VOL_VOH","VOH_VCCY_2.30_IOH_-4.00",24410260,"AP54RHC244_TRUTH_TABLE",0,1,"PIN12",1,"P1","","",1.865,"<=",2.09276,"V","<=",2.3,"P",8.149,595.024,""
1,"A244_VOLH_R","AP54RH504_tml.VOL_VOH","VOH_VCCY_2.30_IOH_-4.00",24410260,"AP54RHC244_TRUTH_TABLE",0,1,"PIN14",1,"P1","","",1.865,"<=",2.09128,"V","<=",2.3,"P",8.149,595.024,""
1,"A244_VOLH_R","AP54RH504_tml.VOL_VOH","VOH_VCCY_2.30_IOH_-4.00",24410260,"AP54RHC244_TRUTH_TABLE",0,1,"PIN16",1,"P1","","",1.865,"<=",2.08833,"V","<=",2.3,"P",8.149,595.024,""
1,"A244_VOLH_R","AP54RH504_tml.VOL_VOH","VOH_VCCY_2.30_IOH_-4.00",24410260,"AP54RHC244_TRUTH_TABLE",0,1,"PIN18",1,"P1","","",1.865,"<=",2.08656,"V","<=",2.3,"P",8.149,595.024,""
1,"A244_VOLH_R","AP54RH504_tml.VOL_VOH","VOL_VCCY_3.00_IOL_4.00",24410270,"AP54RHC244_TRUTH_TABLE",0,1,"PIN3",1,"P1","","",0,"<=",0.169959,"V","<=",0.34,"P",18.139,595.024,""
1,"A244_VOLH_R","AP54RH504_tml.VOL_VOH","VOL_VCCY_3.00_IOL_4.00",24410270,"AP54RHC244_TRUTH_TABLE",0,1,"PIN5",1,"P1","","",0,"<=",0.170354,"V","<=",0.34,"P",18.139,595.024,""
1,"A244_VOLH_R","AP54RH504_tml.VOL_VOH","VOL_VCCY_3.00_IOL_4.00",24410270,"AP54RHC244_TRUTH_TABLE",0,1,"PIN7",1,"P1","","",0,"<=",0.170961,"V","<=",0.34,"P",18.139,595.024,""
1,"A244_VOLH_R","AP54RH504_tml.VOL_VOH","VOL_VCCY_3.00_IOL_4.00",24410270,"AP54RHC244_TRUTH_TABLE",0,1,"PIN9",1,"P1","","",0,"<=",0.168287,"V","<=",0.34,"P",18.139,595.024,""
1,"A244_VOLH_R","AP54RH504_tml.VOL_VOH","VOL_VCCY_3.00_IOL_4.00",24410270,"AP54RHC244_TRUTH_TABLE",0,1,"PIN12",1,"P1","","",0,"<=",0.172041,"V","<=",0.34,"P",18.139,595.024,""
1,"A244_VOLH_R","AP54RH504_tml.VOL_VOH","VOL_VCCY_3.00_IOL_4.00",24410270,"AP54RHC244_TRUTH_TABLE",0,1,"PIN14",1,"P1","","",0,"<=",0.172387,"V","<=",0.34,"P",18.139,595.024,""
1,"A244_VOLH_R","AP54RH504_tml.VOL_VOH","VOL_VCCY_3.00_IOL_4.00",24410270,"AP54RHC244_TRUTH_TABLE",0,1,"PIN16",1,"P1","","",0,"<=",0.171831,"V","<=",0.34,"P",18.139,595.024,""
1,"A244_VOLH_R","AP54RH504_tml.VOL_VOH","VOL_VCCY_3.00_IOL_4.00",24410270,"AP54RHC244_TRUTH_TABLE",0,1,"PIN18",1,"P1","","",0,"<=",0.172234,"V","<=",0.34,"P",18.139,595.024,""
1,"A244_VOLH_R","AP54RH504_tml.VOL_VOH","VOH_VCCY_3.00_IOH_-4.00",24410280,"AP54RHC244_TRUTH_TABLE",0,1,"PIN3",1,"P1","","",2.65,"<=",2.8406,"V","<=",3,"P",8.43,595.024,""
1,"A244_VOLH_R","AP54RH504_tml.VOL_VOH","VOH_VCCY_3.00_IOH_-4.00",24410280,"AP54RHC244_TRUTH_TABLE",0,1,"PIN5",1,"P1","","",2.65,"<=",2.8369,"V","<=",3,"P",8.43,595.024,""
1,"A244_VOLH_R","AP54RH504_tml.VOL_VOH","VOH_VCCY_3.00_IOH_-4.00",24410280,"AP54RHC244_TRUTH_TABLE",0,1,"PIN7",1,"P1","","",2.65,"<=",2.83328,"V","<=",3,"P",8.43,595.024,""
1,"A244_VOLH_R","AP54RH504_tml.VOL_VOH","VOH_VCCY_3.00_IOH_-4.00",24410280,"AP54RHC244_TRUTH_TABLE",0,1,"PIN9",1,"P1","","",2.65,"<=",2.82878,"V","<=",3,"P",8.43,595.024,""
1,"A244_VOLH_R","AP54RH504_tml.VOL_VOH","VOH_VCCY_3.00_IOH_-4.00",24410280,"AP54RHC244_TRUTH_TABLE",0,1,"PIN12",1,"P1","","",2.65,"<=",2.82742,"V","<=",3,"P",8.43,595.024,""
1,"A244_VOLH_R","AP54RH504_tml.VOL_VOH","VOH_VCCY_3.00_IOH_-4.00",24410280,"AP54RHC244_TRUTH_TABLE",0,1,"PIN14",1,"P1","","",2.65,"<=",2.82594,"V","<=",3,"P",8.43,595.024,""
1,"A244_VOLH_R","AP54RH504_tml.VOL_VOH","VOH_VCCY_3.00_IOH_-4.00",24410280,"AP54RHC244_TRUTH_TABLE",0,1,"PIN16",1,"P1","","",2.65,"<=",2.82317,"V","<=",3,"P",8.43,595.024,""
1,"A244_VOLH_R","AP54RH504_tml.VOL_VOH","VOH_VCCY_3.00_IOH_-4.00",24410280,"AP54RHC244_TRUTH_TABLE",0,1,"PIN18",1,"P1","","",2.65,"<=",2.82151,"V","<=",3,"P",8.43,595.024,""
1,"A244_VOLH_R","AP54RH504_tml.VOL_VOH","VOL_VCCY_4.50_IOL_4.00",24410290,"AP54RHC244_TRUTH_TABLE",0,1,"PIN3",1,"P1","","",0,"<=",0.142221,"V","<=",0.36,"P",18.252,595.024,""
1,"A244_VOLH_R","AP54RH504_tml.VOL_VOH","VOL_VCCY_4.50_IOL_4.00",24410290,"AP54RHC244_TRUTH_TABLE",0,1,"PIN5",1,"P1","","",0,"<=",0.142787,"V","<=",0.36,"P",18.252,595.024,""
1,"A244_VOLH_R","AP54RH504_tml.VOL_VOH","VOL_VCCY_4.50_IOL_4.00",24410290,"AP54RHC244_TRUTH_TABLE",0,1,"PIN7",1,"P1","","",0,"<=",0.143197,"V","<=",0.36,"P",18.252,595.024,""
1,"A244_VOLH_R","AP54RH504_tml.VOL_VOH","VOL_VCCY_4.50_IOL_4.00",24410290,"AP54RHC244_TRUTH_TABLE",0,1,"PIN9",1,"P1","","",0,"<=",0.140693,"V","<=",0.36,"P",18.252,595.024,""
1,"A244_VOLH_R","AP54RH504_tml.VOL_VOH","VOL_VCCY_4.50_IOL_4.00",24410290,"AP54RHC244_TRUTH_TABLE",0,1,"PIN12",1,"P1","","",0,"<=",0.144221,"V","<=",0.36,"P",18.252,595.024,""
1,"A244_VOLH_R","AP54RH504_tml.VOL_VOH","VOL_VCCY_4.50_IOL_4.00",24410290,"AP54RHC244_TRUTH_TABLE",0,1,"PIN14",1,"P1","","",0,"<=",0.144622,"V","<=",0.36,"P",18.252,595.024,""
1,"A244_VOLH_R","AP54RH504_tml.VOL_VOH","VOL_VCCY_4.50_IOL_4.00",24410290,"AP54RHC244_TRUTH_TABLE",0,1,"PIN16",1,"P1","","",0,"<=",0.144151,"V","<=",0.36,"P",18.252,595.024,""
1,"A244_VOLH_R","AP54RH504_tml.VOL_VOH","VOL_VCCY_4.50_IOL_4.00",24410290,"AP54RHC244_TRUTH_TABLE",0,1,"PIN18",1,"P1","","",0,"<=",0.144382,"V","<=",0.36,"P",18.252,595.024,""
1,"A244_VOLH_R","AP54RH504_tml.VOL_VOH","VOH_VCCY_4.50_IOH_-4.00",24410300,"AP54RHC244_TRUTH_TABLE",0,1,"PIN3",1,"P1","","",4.24,"<=",4.37174,"V","<=",4.5,"P",8.499,595.024,""
1,"A244_VOLH_R","AP54RH504_tml.VOL_VOH","VOH_VCCY_4.50_IOH_-4.00",24410300,"AP54RHC244_TRUTH_TABLE",0,1,"PIN5",1,"P1","","",4.24,"<=",4.36787,"V","<=",4.5,"P",8.499,595.024,""
1,"A244_VOLH_R","AP54RH504_tml.VOL_VOH","VOH_VCCY_4.50_IOH_-4.00",24410300,"AP54RHC244_TRUTH_TABLE",0,1,"PIN7",1,"P1","","",4.24,"<=",4.3642,"V","<=",4.5,"P",8.499,595.024,""
1,"A244_VOLH_R","AP54RH504_tml.VOL_VOH","VOH_VCCY_4.50_IOH_-4.00",24410300,"AP54RHC244_TRUTH_TABLE",0,1,"PIN9",1,"P1","","",4.24,"<=",4.36023,"V","<=",4.5,"P",8.499,595.024,""
1,"A244_VOLH_R","AP54RH504_tml.VOL_VOH","VOH_VCCY_4.50_IOH_-4.00",24410300,"AP54RHC244_TRUTH_TABLE",0,1,"PIN12",1,"P1","","",4.24,"<=",4.35896,"V","<=",4.5,"P",8.499,595.024,""
1,"A244_VOLH_R","AP54RH504_tml.VOL_VOH","VOH_VCCY_4.50_IOH_-4.00",24410300,"AP54RHC244_TRUTH_TABLE",0,1,"PIN14",1,"P1","","",4.24,"<=",4.35743,"V","<=",4.5,"P",8.499,595.024,""
1,"A244_VOLH_R","AP54RH504_tml.VOL_VOH","VOH_VCCY_4.50_IOH_-4.00",24410300,"AP54RHC244_TRUTH_TABLE",0,1,"PIN16",1,"P1","","",4.24,"<=",4.35502,"V","<=",4.5,"P",8.499,595.024,""
1,"A244_VOLH_R","AP54RH504_tml.VOL_VOH","VOH_VCCY_4.50_IOH_-4.00",24410300,"AP54RHC244_TRUTH_TABLE",0,1,"PIN18",1,"P1","","",4.24,"<=",4.35376,"V","<=",4.5,"P",8.499,595.024,""
1,"A244_VOLH_R","AP54RH504_tml.VOL_VOH","VOL_VCCY_2.30_IOL_8.00",24410310,"AP54RHC244_TRUTH_TABLE",0,1,"PIN3",1,"P1","","",0,"<=",0.429917,"V","<=",0.8,"P",7.761,595.024,""
1,"A244_VOLH_R","AP54RH504_tml.VOL_VOH","VOL_VCCY_2.30_IOL_8.00",24410310,"AP54RHC244_TRUTH_TABLE",0,1,"PIN5",1,"P1","","",0,"<=",0.429679,"V","<=",0.8,"P",7.761,595.024,""
1,"A244_VOLH_R","AP54RH504_tml.VOL_VOH","VOL_VCCY_2.30_IOL_8.00",24410310,"AP54RHC244_TRUTH_TABLE",0,1,"PIN7",1,"P1","","",0,"<=",0.430338,"V","<=",0.8,"P",7.761,595.024,""
1,"A244_VOLH_R","AP54RH504_tml.VOL_VOH","VOL_VCCY_2.30_IOL_8.00",24410310,"AP54RHC244_TRUTH_TABLE",0,1,"PIN9",1,"P1","","",0,"<=",0.425616,"V","<=",0.8,"P",7.761,595.024,""
1,"A244_VOLH_R","AP54RH504_tml.VOL_VOH","VOL_VCCY_2.30_IOL_8.00",24410310,"AP54RHC244_TRUTH_TABLE",0,1,"PIN12",1,"P1","","",0,"<=",0.434206,"V","<=",0.8,"P",7.761,595.024,""
1,"A244_VOLH_R","AP54RH504_tml.VOL_VOH","VOL_VCCY_2.30_IOL_8.00",24410310,"AP54RHC244_TRUTH_TABLE",0,1,"PIN14",1,"P1","","",0,"<=",0.434956,"V","<=",0.8,"P",7.761,595.024,""
1,"A244_VOLH_R","AP54RH504_tml.VOL_VOH","VOL_VCCY_2.30_IOL_8.00",24410310,"AP54RHC244_TRUTH_TABLE",0,1,"PIN16",1,"P1","","",0,"<=",0.433713,"V","<=",0.8,"P",7.761,595.024,""
1,"A244_VOLH_R","AP54RH504_tml.VOL_VOH","VOL_VCCY_2.30_IOL_8.00",24410310,"AP54RHC244_TRUTH_TABLE",0,1,"PIN18",1,"P1","","",0,"<=",0.434236,"V","<=",0.8,"P",7.761,595.024,""
1,"A244_VOLH_R","AP54RH504_tml.VOL_VOH","VOH_VCCY_2.30_IOH_-8.00",24410320,"AP54RHC244_TRUTH_TABLE",0,1,"PIN3",1,"P1","","",1.53,"<=",1.89938,"V","<=",2.3,"P",8.28,595.024,""
1,"A244_VOLH_R","AP54RH504_tml.VOL_VOH","VOH_VCCY_2.30_IOH_-8.00",24410320,"AP54RHC244_TRUTH_TABLE",0,1,"PIN5",1,"P1","","",1.53,"<=",1.89222,"V","<=",2.3,"P",8.28,595.024,""
1,"A244_VOLH_R","AP54RH504_tml.VOL_VOH","VOH_VCCY_2.30_IOH_-8.00",24410320,"AP54RHC244_TRUTH_TABLE",0,1,"PIN7",1,"P1","","",1.53,"<=",1.88436,"V","<=",2.3,"P",8.28,595.024,""
1,"A244_VOLH_R","AP54RH504_tml.VOL_VOH","VOH_VCCY_2.30_IOH_-8.00",24410320,"AP54RHC244_TRUTH_TABLE",0,1,"PIN9",1,"P1","","",1.53,"<=",1.87429,"V","<=",2.3,"P",8.28,595.024,""
1,"A244_VOLH_R","AP54RH504_tml.VOL_VOH","VOH_VCCY_2.30_IOH_-8.00",24410320,"AP54RHC244_TRUTH_TABLE",0,1,"PIN12",1,"P1","","",1.53,"<=",1.87156,"V","<=",2.3,"P",8.28,595.024,""
1,"A244_VOLH_R","AP54RH504_tml.VOL_VOH","VOH_VCCY_2.30_IOH_-8.00",24410320,"AP54RHC244_TRUTH_TABLE",0,1,"PIN14",1,"P1","","",1.53,"<=",1.86853,"V","<=",2.3,"P",8.28,595.024,""
1,"A244_VOLH_R","AP54RH504_tml.VOL_VOH","VOH_VCCY_2.30_IOH_-8.00",24410320,"AP54RHC244_TRUTH_TABLE",0,1,"PIN16",1,"P1","","",1.53,"<=",1.8629,"V","<=",2.3,"P",8.28,595.024,""
1,"A244_VOLH_R","AP54RH504_tml.VOL_VOH","VOH_VCCY_2.30_IOH_-8.00",24410320,"AP54RHC244_TRUTH_TABLE",0,1,"PIN18",1,"P1","","",1.53,"<=",1.85844,"V","<=",2.3,"P",8.28,595.024,""
1,"A244_VOLH_R","AP54RH504_tml.VOL_VOH","VOL_VCCY_2.70_IOL_8.00",24410330,"AP54RHC244_TRUTH_TABLE",0,1,"PIN3",1,"P1","","",0,"<=",0.374211,"V","<=",0.67,"P",17.943,595.024,""
1,"A244_VOLH_R","AP54RH504_tml.VOL_VOH","VOL_VCCY_2.70_IOL_8.00",24410330,"AP54RHC244_TRUTH_TABLE",0,1,"PIN5",1,"P1","","",0,"<=",0.374659,"V","<=",0.67,"P",17.943,595.024,""
1,"A244_VOLH_R","AP54RH504_tml.VOL_VOH","VOL_VCCY_2.70_IOL_8.00",24410330,"AP54RHC244_TRUTH_TABLE",0,1,"PIN7",1,"P1","","",0,"<=",0.375151,"V","<=",0.67,"P",17.943,595.024,""
1,"A244_VOLH_R","AP54RH504_tml.VOL_VOH","VOL_VCCY_2.70_IOL_8.00",24410330,"AP54RHC244_TRUTH_TABLE",0,1,"PIN9",1,"P1","","",0,"<=",0.370486,"V","<=",0.67,"P",17.943,595.024,""
1,"A244_VOLH_R","AP54RH504_tml.VOL_VOH","VOL_VCCY_2.70_IOL_8.00",24410330,"AP54RHC244_TRUTH_TABLE",0,1,"PIN12",1,"P1","","",0,"<=",0.378508,"V","<=",0.67,"P",17.943,595.024,""
1,"A244_VOLH_R","AP54RH504_tml.VOL_VOH","VOL_VCCY_2.70_IOL_8.00",24410330,"AP54RHC244_TRUTH_TABLE",0,1,"PIN14",1,"P1","","",0,"<=",0.379028,"V","<=",0.67,"P",17.943,595.024,""
1,"A244_VOLH_R","AP54RH504_tml.VOL_VOH","VOL_VCCY_2.70_IOL_8.00",24410330,"AP54RHC244_TRUTH_TABLE",0,1,"PIN16",1,"P1","","",0,"<=",0.377953,"V","<=",0.67,"P",17.943,595.024,""
1,"A244_VOLH_R","AP54RH504_tml.VOL_VOH","VOL_VCCY_2.70_IOL_8.00",24410330,"AP54RHC244_TRUTH_TABLE",0,1,"PIN18",1,"P1","","",0,"<=",0.378475,"V","<=",0.67,"P",17.943,595.024,""
1,"A244_VOLH_R","AP54RH504_tml.VOL_VOH","VOH_VCCY_2.70_IOH_-8.00",24410340,"AP54RHC244_TRUTH_TABLE",0,1,"PIN3",1,"P1","","",1.9,"<=",2.35026,"V","<=",2.7,"P",8.369,595.024,""
1,"A244_VOLH_R","AP54RH504_tml.VOL_VOH","VOH_VCCY_2.70_IOH_-8.00",24410340,"AP54RHC244_TRUTH_TABLE",0,1,"PIN5",1,"P1","","",1.9,"<=",2.34315,"V","<=",2.7,"P",8.369,595.024,""
1,"A244_VOLH_R","AP54RH504_tml.VOL_VOH","VOH_VCCY_2.70_IOH_-8.00",24410340,"AP54RHC244_TRUTH_TABLE",0,1,"PIN7",1,"P1","","",1.9,"<=",2.3353,"V","<=",2.7,"P",8.369,595.024,""
1,"A244_VOLH_R","AP54RH504_tml.VOL_VOH","VOH_VCCY_2.70_IOH_-8.00",24410340,"AP54RHC244_TRUTH_TABLE",0,1,"PIN9",1,"P1","","",1.9,"<=",2.32643,"V","<=",2.7,"P",8.369,595.024,""
1,"A244_VOLH_R","AP54RH504_tml.VOL_VOH","VOH_VCCY_2.70_IOH_-8.00",24410340,"AP54RHC244_TRUTH_TABLE",0,1,"PIN12",1,"P1","","",1.9,"<=",2.3237,"V","<=",2.7,"P",8.369,595.024,""
1,"A244_VOLH_R","AP54RH504_tml.VOL_VOH","VOH_VCCY_2.70_IOH_-8.00",24410340,"AP54RHC244_TRUTH_TABLE",0,1,"PIN14",1,"P1","","",1.9,"<=",2.32062,"V","<=",2.7,"P",8.369,595.024,""
1,"A244_VOLH_R","AP54RH504_tml.VOL_VOH","VOH_VCCY_2.70_IOH_-8.00",24410340,"AP54RHC244_TRUTH_TABLE",0,1,"PIN16",1,"P1","","",1.9,"<=",2.31564,"V","<=",2.7,"P",8.369,595.024,""
1,"A244_VOLH_R","AP54RH504_tml.VOL_VOH","VOH_VCCY_2.70_IOH_-8.00",24410340,"AP54RHC244_TRUTH_TABLE",0,1,"PIN18",1,"P1","","",1.9,"<=",2.31148,"V","<=",2.7,"P",8.369,595.024,""
1,"A244_VOLH_R","AP54RH504_tml.VOL_VOH","VOL_VCCY_3.00_IOL_8.00",24410350,"AP54RHC244_TRUTH_TABLE",0,1,"PIN3",1,"P1","","",0,"<=",0.34784,"V","<=",0.67,"P",17.854,595.024,""
1,"A244_VOLH_R","AP54RH504_tml.VOL_VOH","VOL_VCCY_3.00_IOL_8.00",24410350,"AP54RHC244_TRUTH_TABLE",0,1,"PIN5",1,"P1","","",0,"<=",0.348515,"V","<=",0.67,"P",17.854,595.024,""
1,"A244_VOLH_R","AP54RH504_tml.VOL_VOH","VOL_VCCY_3.00_IOL_8.00",24410350,"AP54RHC244_TRUTH_TABLE",0,1,"PIN7",1,"P1","","",0,"<=",0.348866,"V","<=",0.67,"P",17.854,595.024,""
1,"A244_VOLH_R","AP54RH504_tml.VOL_VOH","VOL_VCCY_3.00_IOL_8.00",24410350,"AP54RHC244_TRUTH_TABLE",0,1,"PIN9",1,"P1","","",0,"<=",0.344258,"V","<=",0.67,"P",17.854,595.024,""
1,"A244_VOLH_R","AP54RH504_tml.VOL_VOH","VOL_VCCY_3.00_IOL_8.00",24410350,"AP54RHC244_TRUTH_TABLE",0,1,"PIN12",1,"P1","","",0,"<=",0.352052,"V","<=",0.67,"P",17.854,595.024,""
1,"A244_VOLH_R","AP54RH504_tml.VOL_VOH","VOL_VCCY_3.00_IOL_8.00",24410350,"AP54RHC244_TRUTH_TABLE",0,1,"PIN14",1,"P1","","",0,"<=",0.352629,"V","<=",0.67,"P",17.854,595.024,""
1,"A244_VOLH_R","AP54RH504_tml.VOL_VOH","VOL_VCCY_3.00_IOL_8.00",24410350,"AP54RHC244_TRUTH_TABLE",0,1,"PIN16",1,"P1","","",0,"<=",0.351526,"V","<=",0.67,"P",17.854,595.024,""
1,"A244_VOLH_R","AP54RH504_tml.VOL_VOH","VOL_VCCY_3.00_IOL_8.00",24410350,"AP54RHC244_TRUTH_TABLE",0,1,"PIN18",1,"P1","","",0,"<=",0.352047,"V","<=",0.67,"P",17.854,595.024,""
1,"A244_VOLH_R","AP54RH504_tml.VOL_VOH","VOH_VCCY_3.00_IOH_-8.00",24410360,"AP54RHC244_TRUTH_TABLE",0,1,"PIN3",1,"P1","","",2.3,"<=",2.67674,"V","<=",3,"P",8.325,595.024,""
1,"A244_VOLH_R","AP54RH504_tml.VOL_VOH","VOH_VCCY_3.00_IOH_-8.00",24410360,"AP54RHC244_TRUTH_TABLE",0,1,"PIN5",1,"P1","","",2.3,"<=",2.66956,"V","<=",3,"P",8.325,595.024,""
1,"A244_VOLH_R","AP54RH504_tml.VOL_VOH","VOH_VCCY_3.00_IOH_-8.00",24410360,"AP54RHC244_TRUTH_TABLE",0,1,"PIN7",1,"P1","","",2.3,"<=",2.6617,"V","<=",3,"P",8.325,595.024,""
1,"A244_VOLH_R","AP54RH504_tml.VOL_VOH","VOH_VCCY_3.00_IOH_-8.00",24410360,"AP54RHC244_TRUTH_TABLE",0,1,"PIN9",1,"P1","","",2.3,"<=",2.65304,"V","<=",3,"P",8.325,595.024,""
1,"A244_VOLH_R","AP54RH504_tml.VOL_VOH","VOH_VCCY_3.00_IOH_-8.00",24410360,"AP54RHC244_TRUTH_TABLE",0,1,"PIN12",1,"P1","","",2.3,"<=",2.65037,"V","<=",3,"P",8.325,595.024,""
1,"A244_VOLH_R","AP54RH504_tml.VOL_VOH","VOH_VCCY_3.00_IOH_-8.00",24410360,"AP54RHC244_TRUTH_TABLE",0,1,"PIN14",1,"P1","","",2.3,"<=",2.64747,"V","<=",3,"P",8.325,595.024,""
1,"A244_VOLH_R","AP54RH504_tml.VOL_VOH","VOH_VCCY_3.00_IOH_-8.00",24410360,"AP54RHC244_TRUTH_TABLE",0,1,"PIN16",1,"P1","","",2.3,"<=",2.64251,"V","<=",3,"P",8.325,595.024,""
1,"A244_VOLH_R","AP54RH504_tml.VOL_VOH","VOH_VCCY_3.00_IOH_-8.00",24410360,"AP54RHC244_TRUTH_TABLE",0,1,"PIN18",1,"P1","","",2.3,"<=",2.63869,"V","<=",3,"P",8.325,595.024,""
1,"A244_VOLH_R","AP54RH504_tml.VOL_VOH","VOL_VCCY_4.50_IOL_8.00",24410370,"AP54RHC244_TRUTH_TABLE",0,1,"PIN3",1,"P1","","",0,"<=",0.286667,"V","<=",0.51,"P",18.001,595.024,""
1,"A244_VOLH_R","AP54RH504_tml.VOL_VOH","VOL_VCCY_4.50_IOL_8.00",24410370,"AP54RHC244_TRUTH_TABLE",0,1,"PIN5",1,"P1","","",0,"<=",0.287799,"V","<=",0.51,"P",18.001,595.024,""
1,"A244_VOLH_R","AP54RH504_tml.VOL_VOH","VOL_VCCY_4.50_IOL_8.00",24410370,"AP54RHC244_TRUTH_TABLE",0,1,"PIN7",1,"P1","","",0,"<=",0.288161,"V","<=",0.51,"P",18.001,595.024,""
1,"A244_VOLH_R","AP54RH504_tml.VOL_VOH","VOL_VCCY_4.50_IOL_8.00",24410370,"AP54RHC244_TRUTH_TABLE",0,1,"PIN9",1,"P1","","",0,"<=",0.283553,"V","<=",0.51,"P",18.001,595.024,""
1,"A244_VOLH_R","AP54RH504_tml.VOL_VOH","VOL_VCCY_4.50_IOL_8.00",24410370,"AP54RHC244_TRUTH_TABLE",0,1,"PIN12",1,"P1","","",0,"<=",0.290778,"V","<=",0.51,"P",18.001,595.024,""
1,"A244_VOLH_R","AP54RH504_tml.VOL_VOH","VOL_VCCY_4.50_IOL_8.00",24410370,"AP54RHC244_TRUTH_TABLE",0,1,"PIN14",1,"P1","","",0,"<=",0.291354,"V","<=",0.51,"P",18.001,595.024,""
1,"A244_VOLH_R","AP54RH504_tml.VOL_VOH","VOL_VCCY_4.50_IOL_8.00",24410370,"AP54RHC244_TRUTH_TABLE",0,1,"PIN16",1,"P1","","",0,"<=",0.290356,"V","<=",0.51,"P",18.001,595.024,""
1,"A244_VOLH_R","AP54RH504_tml.VOL_VOH","VOL_VCCY_4.50_IOL_8.00",24410370,"AP54RHC244_TRUTH_TABLE",0,1,"PIN18",1,"P1","","",0,"<=",0.290932,"V","<=",0.51,"P",18.001,595.024,""
1,"A244_VOLH_R","AP54RH504_tml.VOL_VOH","VOH_VCCY_4.50_IOH_-8.00",24410380,"AP54RHC244_TRUTH_TABLE",0,1,"PIN3",1,"P1","","",3.97,"<=",4.24416,"V","<=",4.5,"P",8.479,595.024,""
1,"A244_VOLH_R","AP54RH504_tml.VOL_VOH","VOH_VCCY_4.50_IOH_-8.00",24410380,"AP54RHC244_TRUTH_TABLE",0,1,"PIN5",1,"P1","","",3.97,"<=",4.23665,"V","<=",4.5,"P",8.479,595.024,""
1,"A244_VOLH_R","AP54RH504_tml.VOL_VOH","VOH_VCCY_4.50_IOH_-8.00",24410380,"AP54RHC244_TRUTH_TABLE",0,1,"PIN7",1,"P1","","",3.97,"<=",4.22896,"V","<=",4.5,"P",8.479,595.024,""
1,"A244_VOLH_R","AP54RH504_tml.VOL_VOH","VOH_VCCY_4.50_IOH_-8.00",24410380,"AP54RHC244_TRUTH_TABLE",0,1,"PIN9",1,"P1","","",3.97,"<=",4.22113,"V","<=",4.5,"P",8.479,595.024,""
1,"A244_VOLH_R","AP54RH504_tml.VOL_VOH","VOH_VCCY_4.50_IOH_-8.00",24410380,"AP54RHC244_TRUTH_TABLE",0,1,"PIN12",1,"P1","","",3.97,"<=",4.21866,"V","<=",4.5,"P",8.479,595.024,""
1,"A244_VOLH_R","AP54RH504_tml.VOL_VOH","VOH_VCCY_4.50_IOH_-8.00",24410380,"AP54RHC244_TRUTH_TABLE",0,1,"PIN14",1,"P1","","",3.97,"<=",4.21548,"V","<=",4.5,"P",8.479,595.024,""
1,"A244_VOLH_R","AP54RH504_tml.VOL_VOH","VOH_VCCY_4.50_IOH_-8.00",24410380,"AP54RHC244_TRUTH_TABLE",0,1,"PIN16",1,"P1","","",3.97,"<=",4.21103,"V","<=",4.5,"P",8.479,595.024,""
1,"A244_VOLH_R","AP54RH504_tml.VOL_VOH","VOH_VCCY_4.50_IOH_-8.00",24410380,"AP54RHC244_TRUTH_TABLE",0,1,"PIN18",1,"P1","","",3.97,"<=",4.20756,"V","<=",4.5,"P",8.479,595.024,""
1,"A244_VOLH_R","AP54RH504_tml.VOL_VOH","VOL_VCCY_3.00_IOL_16.00",24410390,"AP54RHC244_TRUTH_TABLE",0,1,"PIN3",1,"P1","","",0,"<=",0.742333,"V","<=",1.13,"P",7.741,595.024,""
1,"A244_VOLH_R","AP54RH504_tml.VOL_VOH","VOL_VCCY_3.00_IOL_16.00",24410390,"AP54RHC244_TRUTH_TABLE",0,1,"PIN5",1,"P1","","",0,"<=",0.742885,"V","<=",1.13,"P",7.741,595.024,""
1,"A244_VOLH_R","AP54RH504_tml.VOL_VOH","VOL_VCCY_3.00_IOL_16.00",24410390,"AP54RHC244_TRUTH_TABLE",0,1,"PIN7",1,"P1","","",0,"<=",0.743422,"V","<=",1.13,"P",7.741,595.024,""
1,"A244_VOLH_R","AP54RH504_tml.VOL_VOH","VOL_VCCY_3.00_IOL_16.00",24410390,"AP54RHC244_TRUTH_TABLE",0,1,"PIN9",1,"P1","","",0,"<=",0.733068,"V","<=",1.13,"P",7.741,595.024,""
1,"A244_VOLH_R","AP54RH504_tml.VOL_VOH","VOL_VCCY_3.00_IOL_16.00",24410390,"AP54RHC244_TRUTH_TABLE",0,1,"PIN12",1,"P1","","",0,"<=",0.751501,"V","<=",1.13,"P",7.741,595.024,""
1,"A244_VOLH_R","AP54RH504_tml.VOL_VOH","VOL_VCCY_3.00_IOL_16.00",24410390,"AP54RHC244_TRUTH_TABLE",0,1,"PIN14",1,"P1","","",0,"<=",0.752599,"V","<=",1.13,"P",7.741,595.024,""
1,"A244_VOLH_R","AP54RH504_tml.VOL_VOH","VOL_VCCY_3.00_IOL_16.00",24410390,"AP54RHC244_TRUTH_TABLE",0,1,"PIN16",1,"P1","","",0,"<=",0.750614,"V","<=",1.13,"P",7.741,595.024,""
1,"A244_VOLH_R","AP54RH504_tml.VOL_VOH","VOL_VCCY_3.00_IOL_16.00",24410390,"AP54RHC244_TRUTH_TABLE",0,1,"PIN18",1,"P1","","",0,"<=",0.751144,"V","<=",1.13,"P",7.741,595.024,""
1,"A244_VOLH_R","AP54RH504_tml.VOL_VOH","VOH_VCCY_3.00_IOH_-16.00",24410400,"AP54RHC244_TRUTH_TABLE",0,1,"PIN3",1,"P1","","",1.71,"<=",2.32919,"V","<=",3,"P",8.092,595.024,""
1,"A244_VOLH_R","AP54RH504_tml.VOL_VOH","VOH_VCCY_3.00_IOH_-16.00",24410400,"AP54RHC244_TRUTH_TABLE",0,1,"PIN5",1,"P1","","",1.71,"<=",2.31376,"V","<=",3,"P",8.092,595.024,""
1,"A244_VOLH_R","AP54RH504_tml.VOL_VOH","VOH_VCCY_3.00_IOH_-16.00",24410400,"AP54RHC244_TRUTH_TABLE",0,1,"PIN7",1,"P1","","",1.71,"<=",2.29661,"V","<=",3,"P",8.092,595.024,""
1,"A244_VOLH_R","AP54RH504_tml.VOL_VOH","VOH_VCCY_3.00_IOH_-16.00",24410400,"AP54RHC244_TRUTH_TABLE",0,1,"PIN9",1,"P1","","",1.71,"<=",2.27784,"V","<=",3,"P",8.092,595.024,""
1,"A244_VOLH_R","AP54RH504_tml.VOL_VOH","VOH_VCCY_3.00_IOH_-16.00",24410400,"AP54RHC244_TRUTH_TABLE",0,1,"PIN12",1,"P1","","",1.71,"<=",2.27255,"V","<=",3,"P",8.092,595.024,""
1,"A244_VOLH_R","AP54RH504_tml.VOL_VOH","VOH_VCCY_3.00_IOH_-16.00",24410400,"AP54RHC244_TRUTH_TABLE",0,1,"PIN14",1,"P1","","",1.71,"<=",2.2648,"V","<=",3,"P",8.092,595.024,""
1,"A244_VOLH_R","AP54RH504_tml.VOL_VOH","VOH_VCCY_3.00_IOH_-16.00",24410400,"AP54RHC244_TRUTH_TABLE",0,1,"PIN16",1,"P1","","",1.71,"<=",2.25419,"V","<=",3,"P",8.092,595.024,""
1,"A244_VOLH_R","AP54RH504_tml.VOL_VOH","VOH_VCCY_3.00_IOH_-16.00",24410400,"AP54RHC244_TRUTH_TABLE",0,1,"PIN18",1,"P1","","",1.71,"<=",2.24507,"V","<=",3,"P",8.092,595.024,""
1,"A244_VOLH_R","AP54RH504_tml.VOL_VOH","VOL_VCCY_3.60_IOL_16.00",24410410,"AP54RHC244_TRUTH_TABLE",0,1,"PIN3",1,"P1","","",0,"<=",0.651883,"V","<=",1.13,"P",18.114,595.024,""
1,"A244_VOLH_R","AP54RH504_tml.VOL_VOH","VOL_VCCY_3.60_IOL_16.00",24410410,"AP54RHC244_TRUTH_TABLE",0,1,"PIN5",1,"P1","","",0,"<=",0.653178,"V","<=",1.13,"P",18.114,595.024,""
1,"A244_VOLH_R","AP54RH504_tml.VOL_VOH","VOL_VCCY_3.60_IOL_16.00",24410410,"AP54RHC244_TRUTH_TABLE",0,1,"PIN7",1,"P1","","",0,"<=",0.653644,"V","<=",1.13,"P",18.114,595.024,""
1,"A244_VOLH_R","AP54RH504_tml.VOL_VOH","VOL_VCCY_3.60_IOL_16.00",24410410,"AP54RHC244_TRUTH_TABLE",0,1,"PIN9",1,"P1","","",0,"<=",0.643973,"V","<=",1.13,"P",18.114,595.024,""
1,"A244_VOLH_R","AP54RH504_tml.VOL_VOH","VOL_VCCY_3.60_IOL_16.00",24410410,"AP54RHC244_TRUTH_TABLE",0,1,"PIN12",1,"P1","","",0,"<=",0.660585,"V","<=",1.13,"P",18.114,595.024,""
1,"A244_VOLH_R","AP54RH504_tml.VOL_VOH","VOL_VCCY_3.60_IOL_16.00",24410410,"AP54RHC244_TRUTH_TABLE",0,1,"PIN14",1,"P1","","",0,"<=",0.661397,"V","<=",1.13,"P",18.114,595.024,""
1,"A244_VOLH_R","AP54RH504_tml.VOL_VOH","VOL_VCCY_3.60_IOL_16.00",24410410,"AP54RHC244_TRUTH_TABLE",0,1,"PIN16",1,"P1","","",0,"<=",0.659542,"V","<=",1.13,"P",18.114,595.024,""
1,"A244_VOLH_R","AP54RH504_tml.VOL_VOH","VOL_VCCY_3.60_IOL_16.00",24410410,"AP54RHC244_TRUTH_TABLE",0,1,"PIN18",1,"P1","","",0,"<=",0.660184,"V","<=",1.13,"P",18.114,595.024,""
1,"A244_VOLH_R","AP54RH504_tml.VOL_VOH","VOH_VCCY_3.60_IOH_-16.00",24410420,"AP54RHC244_TRUTH_TABLE",0,1,"PIN3",1,"P1","","",2.31,"<=",3.01232,"V","<=",3.6,"P",8.758,595.024,""
1,"A244_VOLH_R","AP54RH504_tml.VOL_VOH","VOH_VCCY_3.60_IOH_-16.00",24410420,"AP54RHC244_TRUTH_TABLE",0,1,"PIN5",1,"P1","","",2.31,"<=",2.99706,"V","<=",3.6,"P",8.758,595.024,""
1,"A244_VOLH_R","AP54RH504_tml.VOL_VOH","VOH_VCCY_3.60_IOH_-16.00",24410420,"AP54RHC244_TRUTH_TABLE",0,1,"PIN7",1,"P1","","",2.31,"<=",2.98052,"V","<=",3.6,"P",8.758,595.024,""
1,"A244_VOLH_R","AP54RH504_tml.VOL_VOH","VOH_VCCY_3.60_IOH_-16.00",24410420,"AP54RHC244_TRUTH_TABLE",0,1,"PIN9",1,"P1","","",2.31,"<=",2.96344,"V","<=",3.6,"P",8.758,595.024,""
1,"A244_VOLH_R","AP54RH504_tml.VOL_VOH","VOH_VCCY_3.60_IOH_-16.00",24410420,"AP54RHC244_TRUTH_TABLE",0,1,"PIN12",1,"P1","","",2.31,"<=",2.9585,"V","<=",3.6,"P",8.758,595.024,""
1,"A244_VOLH_R","AP54RH504_tml.VOL_VOH","VOH_VCCY_3.60_IOH_-16.00",24410420,"AP54RHC244_TRUTH_TABLE",0,1,"PIN14",1,"P1","","",2.31,"<=",2.95122,"V","<=",3.6,"P",8.758,595.024,""
1,"A244_VOLH_R","AP54RH504_tml.VOL_VOH","VOH_VCCY_3.60_IOH_-16.00",24410420,"AP54RHC244_TRUTH_TABLE",0,1,"PIN16",1,"P1","","",2.31,"<=",2.94175,"V","<=",3.6,"P",8.758,595.024,""
1,"A244_VOLH_R","AP54RH504_tml.VOL_VOH","VOH_VCCY_3.60_IOH_-16.00",24410420,"AP54RHC244_TRUTH_TABLE",0,1,"PIN18",1,"P1","","",2.31,"<=",2.93332,"V","<=",3.6,"P",8.758,595.024,""
1,"A244_VOLH_R","AP54RH504_tml.VOL_VOH","VOL_VCCY_4.50_IOL_16.00",24410430,"AP54RHC244_TRUTH_TABLE",0,1,"PIN3",1,"P1","","",0,"<=",0.585071,"V","<=",1.07,"P",17.838,595.024,""
1,"A244_VOLH_R","AP54RH504_tml.VOL_VOH","VOL_VCCY_4.50_IOL_16.00",24410430,"AP54RHC244_TRUTH_TABLE",0,1,"PIN5",1,"P1","","",0,"<=",0.587222,"V","<=",1.07,"P",17.838,595.024,""
1,"A244_VOLH_R","AP54RH504_tml.VOL_VOH","VOL_VCCY_4.50_IOL_16.00",24410430,"AP54RHC244_TRUTH_TABLE",0,1,"PIN7",1,"P1","","",0,"<=",0.587648,"V","<=",1.07,"P",17.838,595.024,""
1,"A244_VOLH_R","AP54RH504_tml.VOL_VOH","VOL_VCCY_4.50_IOL_16.00",24410430,"AP54RHC244_TRUTH_TABLE",0,1,"PIN9",1,"P1","","",0,"<=",0.578204,"V","<=",1.07,"P",17.838,595.024,""
1,"A244_VOLH_R","AP54RH504_tml.VOL_VOH","VOL_VCCY_4.50_IOL_16.00",24410430,"AP54RHC244_TRUTH_TABLE",0,1,"PIN12",1,"P1","","",0,"<=",0.593849,"V","<=",1.07,"P",17.838,595.024,""
1,"A244_VOLH_R","AP54RH504_tml.VOL_VOH","VOL_VCCY_4.50_IOL_16.00",24410430,"AP54RHC244_TRUTH_TABLE",0,1,"PIN14",1,"P1","","",0,"<=",0.594432,"V","<=",1.07,"P",17.838,595.024,""
1,"A244_VOLH_R","AP54RH504_tml.VOL_VOH","VOL_VCCY_4.50_IOL_16.00",24410430,"AP54RHC244_TRUTH_TABLE",0,1,"PIN16",1,"P1","","",0,"<=",0.592847,"V","<=",1.07,"P",17.838,595.024,""
1,"A244_VOLH_R","AP54RH504_tml.VOL_VOH","VOL_VCCY_4.50_IOL_16.00",24410430,"AP54RHC244_TRUTH_TABLE",0,1,"PIN18",1,"P1","","",0,"<=",0.593316,"V","<=",1.07,"P",17.838,595.024,""
1,"A244_VOLH_R","AP54RH504_tml.VOL_VOH","VOH_VCCY_4.50_IOH_-16.00",24410440,"AP54RHC244_TRUTH_TABLE",0,1,"PIN3",1,"P1","","",3.45,"<=",3.98388,"V","<=",4.5,"P",8.13,595.024,""
1,"A244_VOLH_R","AP54RH504_tml.VOL_VOH","VOH_VCCY_4.50_IOH_-16.00",24410440,"AP54RHC244_TRUTH_TABLE",0,1,"PIN5",1,"P1","","",3.45,"<=",3.96867,"V","<=",4.5,"P",8.13,595.024,""
1,"A244_VOLH_R","AP54RH504_tml.VOL_VOH","VOH_VCCY_4.50_IOH_-16.00",24410440,"AP54RHC244_TRUTH_TABLE",0,1,"PIN7",1,"P1","","",3.45,"<=",3.95235,"V","<=",4.5,"P",8.13,595.024,""
1,"A244_VOLH_R","AP54RH504_tml.VOL_VOH","VOH_VCCY_4.50_IOH_-16.00",24410440,"AP54RHC244_TRUTH_TABLE",0,1,"PIN9",1,"P1","","",3.45,"<=",3.93662,"V","<=",4.5,"P",8.13,595.024,""
1,"A244_VOLH_R","AP54RH504_tml.VOL_VOH","VOH_VCCY_4.50_IOH_-16.00",24410440,"AP54RHC244_TRUTH_TABLE",0,1,"PIN12",1,"P1","","",3.45,"<=",3.93182,"V","<=",4.5,"P",8.13,595.024,""
1,"A244_VOLH_R","AP54RH504_tml.VOL_VOH","VOH_VCCY_4.50_IOH_-16.00",24410440,"AP54RHC244_TRUTH_TABLE",0,1,"PIN14",1,"P1","","",3.45,"<=",3.9247,"V","<=",4.5,"P",8.13,595.024,""
1,"A244_VOLH_R","AP54RH504_tml.VOL_VOH","VOH_VCCY_4.50_IOH_-16.00",24410440,"AP54RHC244_TRUTH_TABLE",0,1,"PIN16",1,"P1","","",3.45,"<=",3.91573,"V","<=",4.5,"P",8.13,595.024,""
1,"A244_VOLH_R","AP54RH504_tml.VOL_VOH","VOH_VCCY_4.50_IOH_-16.00",24410440,"AP54RHC244_TRUTH_TABLE",0,1,"PIN18",1,"P1","","",3.45,"<=",3.90786,"V","<=",4.5,"P",8.13,595.024,""
1,"A244_VOLH_R","AP54RH504_tml.VOL_VOH","VOL_VCCY_4.50_IOL_24.00",24410450,"AP54RHC244_TRUTH_TABLE",0,1,"PIN3",1,"P1","","",0,"<=",0.901588,"V","<=",1.27,"P",6.284,595.024,""
1,"A244_VOLH_R","AP54RH504_tml.VOL_VOH","VOL_VCCY_4.50_IOL_24.00",24410450,"AP54RHC244_TRUTH_TABLE",0,1,"PIN5",1,"P1","","",0,"<=",0.904187,"V","<=",1.27,"P",6.284,595.024,""
1,"A244_VOLH_R","AP54RH504_tml.VOL_VOH","VOL_VCCY_4.50_IOL_24.00",24410450,"AP54RHC244_TRUTH_TABLE",0,1,"PIN7",1,"P1","","",0,"<=",0.904658,"V","<=",1.27,"P",6.284,595.024,""
1,"A244_VOLH_R","AP54RH504_tml.VOL_VOH","VOL_VCCY_4.50_IOL_24.00",24410450,"AP54RHC244_TRUTH_TABLE",0,1,"PIN9",1,"P1","","",0,"<=",0.890037,"V","<=",1.27,"P",6.284,595.024,""
1,"A244_VOLH_R","AP54RH504_tml.VOL_VOH","VOL_VCCY_4.50_IOL_24.00",24410450,"AP54RHC244_TRUTH_TABLE",0,1,"PIN12",1,"P1","","",0,"<=",0.914728,"V","<=",1.27,"P",6.284,595.024,""
1,"A244_VOLH_R","AP54RH504_tml.VOL_VOH","VOL_VCCY_4.50_IOL_24.00",24410450,"AP54RHC244_TRUTH_TABLE",0,1,"PIN14",1,"P1","","",0,"<=",0.915773,"V","<=",1.27,"P",6.284,595.024,""
1,"A244_VOLH_R","AP54RH504_tml.VOL_VOH","VOL_VCCY_4.50_IOL_24.00",24410450,"AP54RHC244_TRUTH_TABLE",0,1,"PIN16",1,"P1","","",0,"<=",0.913166,"V","<=",1.27,"P",6.284,595.024,""
1,"A244_VOLH_R","AP54RH504_tml.VOL_VOH","VOL_VCCY_4.50_IOL_24.00",24410450,"AP54RHC244_TRUTH_TABLE",0,1,"PIN18",1,"P1","","",0,"<=",0.914041,"V","<=",1.27,"P",6.284,595.024,""
1,"A244_VOLH_R","AP54RH504_tml.VOL_VOH","VOH_VCCY_4.50_IOH_-24.00",24410460,"AP54RHC244_TRUTH_TABLE",0,1,"PIN3",1,"P1","","",3.14,"<=",3.71504,"V","<=",4.5,"P",7.992,595.024,""
1,"A244_VOLH_R","AP54RH504_tml.VOL_VOH","VOH_VCCY_4.50_IOH_-24.00",24410460,"AP54RHC244_TRUTH_TABLE",0,1,"PIN5",1,"P1","","",3.14,"<=",3.69141,"V","<=",4.5,"P",7.992,595.024,""
1,"A244_VOLH_R","AP54RH504_tml.VOL_VOH","VOH_VCCY_4.50_IOH_-24.00",24410460,"AP54RHC244_TRUTH_TABLE",0,1,"PIN7",1,"P1","","",3.14,"<=",3.66636,"V","<=",4.5,"P",7.992,595.024,""
1,"A244_VOLH_R","AP54RH504_tml.VOL_VOH","VOH_VCCY_4.50_IOH_-24.00",24410460,"AP54RHC244_TRUTH_TABLE",0,1,"PIN9",1,"P1","","",3.14,"<=",3.64187,"V","<=",4.5,"P",7.992,595.024,""
1,"A244_VOLH_R","AP54RH504_tml.VOL_VOH","VOH_VCCY_4.50_IOH_-24.00",24410460,"AP54RHC244_TRUTH_TABLE",0,1,"PIN12",1,"P1","","",3.14,"<=",3.63472,"V","<=",4.5,"P",7.992,595.024,""
1,"A244_VOLH_R","AP54RH504_tml.VOL_VOH","VOH_VCCY_4.50_IOH_-24.00",24410460,"AP54RHC244_TRUTH_TABLE",0,1,"PIN14",1,"P1","","",3.14,"<=",3.62312,"V","<=",4.5,"P",7.992,595.024,""
1,"A244_VOLH_R","AP54RH504_tml.VOL_VOH","VOH_VCCY_4.50_IOH_-24.00",24410460,"AP54RHC244_TRUTH_TABLE",0,1,"PIN16",1,"P1","","",3.14,"<=",3.6092,"V","<=",4.5,"P",7.992,595.024,""
1,"A244_VOLH_R","AP54RH504_tml.VOL_VOH","VOH_VCCY_4.50_IOH_-24.00",24410460,"AP54RHC244_TRUTH_TABLE",0,1,"PIN18",1,"P1","","",3.14,"<=",3.59649,"V","<=",4.5,"P",7.992,595.024,""
1,"A244_VOLH_R","AP54RH504_tml.VOL_VOH","VOL_VCCY_5.50_IOL_24.00",24410470,"AP54RHC244_TRUTH_TABLE",0,1,"PIN3",1,"P1","","",0,"<=",0.837965,"V","<=",1.27,"P",18.275,595.024,""
1,"A244_VOLH_R","AP54RH504_tml.VOL_VOH","VOL_VCCY_5.50_IOL_24.00",24410470,"AP54RHC244_TRUTH_TABLE",0,1,"PIN5",1,"P1","","",0,"<=",0.84125,"V","<=",1.27,"P",18.275,595.024,""
1,"A244_VOLH_R","AP54RH504_tml.VOL_VOH","VOL_VCCY_5.50_IOL_24.00",24410470,"AP54RHC244_TRUTH_TABLE",0,1,"PIN7",1,"P1","","",0,"<=",0.841677,"V","<=",1.27,"P",18.275,595.024,""
1,"A244_VOLH_R","AP54RH504_tml.VOL_VOH","VOL_VCCY_5.50_IOL_24.00",24410470,"AP54RHC244_TRUTH_TABLE",0,1,"PIN9",1,"P1","","",0,"<=",0.827568,"V","<=",1.27,"P",18.275,595.024,""
1,"A244_VOLH_R","AP54RH504_tml.VOL_VOH","VOL_VCCY_5.50_IOL_24.00",24410470,"AP54RHC244_TRUTH_TABLE",0,1,"PIN12",1,"P1","","",0,"<=",0.850894,"V","<=",1.27,"P",18.275,595.024,""
1,"A244_VOLH_R","AP54RH504_tml.VOL_VOH","VOL_VCCY_5.50_IOL_24.00",24410470,"AP54RHC244_TRUTH_TABLE",0,1,"PIN14",1,"P1","","",0,"<=",0.851824,"V","<=",1.27,"P",18.275,595.024,""
1,"A244_VOLH_R","AP54RH504_tml.VOL_VOH","VOL_VCCY_5.50_IOL_24.00",24410470,"AP54RHC244_TRUTH_TABLE",0,1,"PIN16",1,"P1","","",0,"<=",0.849318,"V","<=",1.27,"P",18.275,595.024,""
1,"A244_VOLH_R","AP54RH504_tml.VOL_VOH","VOL_VCCY_5.50_IOL_24.00",24410470,"AP54RHC244_TRUTH_TABLE",0,1,"PIN18",1,"P1","","",0,"<=",0.850306,"V","<=",1.27,"P",18.275,595.024,""
1,"A244_VOLH_R","AP54RH504_tml.VOL_VOH","VOH_VCCY_5.50_IOH_-24.00",24410480,"AP54RHC244_TRUTH_TABLE",0,1,"PIN3",1,"P1","","",4.23,"<=",4.78997,"V","<=",5.5,"P",9.009,595.024,""
1,"A244_VOLH_R","AP54RH504_tml.VOL_VOH","VOH_VCCY_5.50_IOH_-24.00",24410480,"AP54RHC244_TRUTH_TABLE",0,1,"PIN5",1,"P1","","",4.23,"<=",4.76645,"V","<=",5.5,"P",9.009,595.024,""
1,"A244_VOLH_R","AP54RH504_tml.VOL_VOH","VOH_VCCY_5.50_IOH_-24.00",24410480,"AP54RHC244_TRUTH_TABLE",0,1,"PIN7",1,"P1","","",4.23,"<=",4.74185,"V","<=",5.5,"P",9.009,595.024,""
1,"A244_VOLH_R","AP54RH504_tml.VOL_VOH","VOH_VCCY_5.50_IOH_-24.00",24410480,"AP54RHC244_TRUTH_TABLE",0,1,"PIN9",1,"P1","","",4.23,"<=",4.71875,"V","<=",5.5,"P",9.009,595.024,""
1,"A244_VOLH_R","AP54RH504_tml.VOL_VOH","VOH_VCCY_5.50_IOH_-24.00",24410480,"AP54RHC244_TRUTH_TABLE",0,1,"PIN12",1,"P1","","",4.23,"<=",4.71181,"V","<=",5.5,"P",9.009,595.024,""
1,"A244_VOLH_R","AP54RH504_tml.VOL_VOH","VOH_VCCY_5.50_IOH_-24.00",24410480,"AP54RHC244_TRUTH_TABLE",0,1,"PIN14",1,"P1","","",4.23,"<=",4.70054,"V","<=",5.5,"P",9.009,595.024,""
1,"A244_VOLH_R","AP54RH504_tml.VOL_VOH","VOH_VCCY_5.50_IOH_-24.00",24410480,"AP54RHC244_TRUTH_TABLE",0,1,"PIN16",1,"P1","","",4.23,"<=",4.68746,"V","<=",5.5,"P",9.009,595.024,""
1,"A244_VOLH_R","AP54RH504_tml.VOL_VOH","VOH_VCCY_5.50_IOH_-24.00",24410480,"AP54RHC244_TRUTH_TABLE",0,1,"PIN18",1,"P1","","",4.23,"<=",4.67538,"V","<=",5.5,"P",9.009,595.024,""
1,"A244_VOLH_R","AP54RH504_tml.VOL_VOH","VOL_VCCY_2.30_IOL_0.10",24410490,"AP54RHC244_TRUTH_TABLE",0,1,"PIN3",1,"P1","","",***,"NA",0.005179,"V","<=",0.03,"P",8.098,595.024,""
1,"A244_VOLH_R","AP54RH504_tml.VOL_VOH","VOL_VCCY_2.30_IOL_0.10",24410490,"AP54RHC244_TRUTH_TABLE",0,1,"PIN5",1,"P1","","",***,"NA",0.004951,"V","<=",0.03,"P",8.098,595.024,""
1,"A244_VOLH_R","AP54RH504_tml.VOL_VOH","VOL_VCCY_2.30_IOL_0.10",24410490,"AP54RHC244_TRUTH_TABLE",0,1,"PIN7",1,"P1","","",***,"NA",0.00523,"V","<=",0.03,"P",8.098,595.024,""
1,"A244_VOLH_R","AP54RH504_tml.VOL_VOH","VOL_VCCY_2.30_IOL_0.10",24410490,"AP54RHC244_TRUTH_TABLE",0,1,"PIN9",1,"P1","","",***,"NA",0.005059,"V","<=",0.03,"P",8.098,595.024,""
1,"A244_VOLH_R","AP54RH504_tml.VOL_VOH","VOL_VCCY_2.30_IOL_0.10",24410490,"AP54RHC244_TRUTH_TABLE",0,1,"PIN12",1,"P1","","",***,"NA",0.005173,"V","<=",0.03,"P",8.098,595.024,""
1,"A244_VOLH_R","AP54RH504_tml.VOL_VOH","VOL_VCCY_2.30_IOL_0.10",24410490,"AP54RHC244_TRUTH_TABLE",0,1,"PIN14",1,"P1","","",***,"NA",0.005173,"V","<=",0.03,"P",8.098,595.024,""
1,"A244_VOLH_R","AP54RH504_tml.VOL_VOH","VOL_VCCY_2.30_IOL_0.10",24410490,"AP54RHC244_TRUTH_TABLE",0,1,"PIN16",1,"P1","","",***,"NA",0.005179,"V","<=",0.03,"P",8.098,595.024,""
1,"A244_VOLH_R","AP54RH504_tml.VOL_VOH","VOL_VCCY_2.30_IOL_0.10",24410490,"AP54RHC244_TRUTH_TABLE",0,1,"PIN18",1,"P1","","",***,"NA",0.005122,"V","<=",0.03,"P",8.098,595.024,""
1,"A244_VOLH_R","AP54RH504_tml.VOL_VOH","VOH_VCCY_2.30_IOH_-0.10",24410500,"AP54RHC244_TRUTH_TABLE",0,1,"PIN3",1,"P1","","",2.2,"<=",2.29473,"V","NA",***,"P",8.1,595.024,""
1,"A244_VOLH_R","AP54RH504_tml.VOL_VOH","VOH_VCCY_2.30_IOH_-0.10",24410500,"AP54RHC244_TRUTH_TABLE",0,1,"PIN5",1,"P1","","",2.2,"<=",2.29462,"V","NA",***,"P",8.1,595.024,""
1,"A244_VOLH_R","AP54RH504_tml.VOL_VOH","VOH_VCCY_2.30_IOH_-0.10",24410500,"AP54RHC244_TRUTH_TABLE",0,1,"PIN7",1,"P1","","",2.2,"<=",2.29456,"V","NA",***,"P",8.1,595.024,""
1,"A244_VOLH_R","AP54RH504_tml.VOL_VOH","VOH_VCCY_2.30_IOH_-0.10",24410500,"AP54RHC244_TRUTH_TABLE",0,1,"PIN9",1,"P1","","",2.2,"<=",2.29445,"V","NA",***,"P",8.1,595.024,""
1,"A244_VOLH_R","AP54RH504_tml.VOL_VOH","VOH_VCCY_2.30_IOH_-0.10",24410500,"AP54RHC244_TRUTH_TABLE",0,1,"PIN12",1,"P1","","",2.2,"<=",2.29434,"V","NA",***,"P",8.1,595.024,""
1,"A244_VOLH_R","AP54RH504_tml.VOL_VOH","VOH_VCCY_2.30_IOH_-0.10",24410500,"AP54RHC244_TRUTH_TABLE",0,1,"PIN14",1,"P1","","",2.2,"<=",2.29433,"V","NA",***,"P",8.1,595.024,""
1,"A244_VOLH_R","AP54RH504_tml.VOL_VOH","VOH_VCCY_2.30_IOH_-0.10",24410500,"AP54RHC244_TRUTH_TABLE",0,1,"PIN16",1,"P1","","",2.2,"<=",2.29434,"V","NA",***,"P",8.1,595.024,""
1,"A244_VOLH_R","AP54RH504_tml.VOL_VOH","VOH_VCCY_2.30_IOH_-0.10",24410500,"AP54RHC244_TRUTH_TABLE",0,1,"PIN18",1,"P1","","",2.2,"<=",2.29416,"V","NA",***,"P",8.1,595.024,""
1,"A244_VOLH_R","AP54RH504_tml.VOL_VOH","VOL_VCCY_2.30_IOL_1.00",24410510,"AP54RHC244_TRUTH_TABLE",0,1,"PIN3",1,"P1","","",***,"NA",0.049663,"V","<=",0.09,"P",6.137,595.024,""
1,"A244_VOLH_R","AP54RH504_tml.VOL_VOH","VOL_VCCY_2.30_IOL_1.00",24410510,"AP54RHC244_TRUTH_TABLE",0,1,"PIN5",1,"P1","","",***,"NA",0.049662,"V","<=",0.09,"P",6.137,595.024,""
1,"A244_VOLH_R","AP54RH504_tml.VOL_VOH","VOL_VCCY_2.30_IOL_1.00",24410510,"AP54RHC244_TRUTH_TABLE",0,1,"PIN7",1,"P1","","",***,"NA",0.049834,"V","<=",0.09,"P",6.137,595.024,""
1,"A244_VOLH_R","AP54RH504_tml.VOL_VOH","VOL_VCCY_2.30_IOL_1.00",24410510,"AP54RHC244_TRUTH_TABLE",0,1,"PIN9",1,"P1","","",***,"NA",0.049322,"V","<=",0.09,"P",6.137,595.024,""
1,"A244_VOLH_R","AP54RH504_tml.VOL_VOH","VOL_VCCY_2.30_IOL_1.00",24410510,"AP54RHC244_TRUTH_TABLE",0,1,"PIN12",1,"P1","","",***,"NA",0.05029,"V","<=",0.09,"P",6.137,595.024,""
1,"A244_VOLH_R","AP54RH504_tml.VOL_VOH","VOL_VCCY_2.30_IOL_1.00",24410510,"AP54RHC244_TRUTH_TABLE",0,1,"PIN14",1,"P1","","",***,"NA",0.050234,"V","<=",0.09,"P",6.137,595.024,""
1,"A244_VOLH_R","AP54RH504_tml.VOL_VOH","VOL_VCCY_2.30_IOL_1.00",24410510,"AP54RHC244_TRUTH_TABLE",0,1,"PIN16",1,"P1","","",***,"NA",0.050231,"V","<=",0.09,"P",6.137,595.024,""
1,"A244_VOLH_R","AP54RH504_tml.VOL_VOH","VOL_VCCY_2.30_IOL_1.00",24410510,"AP54RHC244_TRUTH_TABLE",0,1,"PIN18",1,"P1","","",***,"NA",0.049947,"V","<=",0.09,"P",6.137,595.024,""
1,"A244_VOLH_R","AP54RH504_tml.VOL_VOH","VOH_VCCY_2.30_IOH_-1.00",24410520,"AP54RHC244_TRUTH_TABLE",0,1,"PIN3",1,"P1","","",2.15,"<=",2.2519,"V","NA",***,"P",8.289,595.024,""
1,"A244_VOLH_R","AP54RH504_tml.VOL_VOH","VOH_VCCY_2.30_IOH_-1.00",24410520,"AP54RHC244_TRUTH_TABLE",0,1,"PIN5",1,"P1","","",2.15,"<=",2.25105,"V","NA",***,"P",8.289,595.024,""
1,"A244_VOLH_R","AP54RH504_tml.VOL_VOH","VOH_VCCY_2.30_IOH_-1.00",24410520,"AP54RHC244_TRUTH_TABLE",0,1,"PIN7",1,"P1","","",2.15,"<=",2.25019,"V","NA",***,"P",8.289,595.024,""
1,"A244_VOLH_R","AP54RH504_tml.VOL_VOH","VOH_VCCY_2.30_IOH_-1.00",24410520,"AP54RHC244_TRUTH_TABLE",0,1,"PIN9",1,"P1","","",2.15,"<=",2.24922,"V","NA",***,"P",8.289,595.024,""
1,"A244_VOLH_R","AP54RH504_tml.VOL_VOH","VOH_VCCY_2.30_IOH_-1.00",24410520,"AP54RHC244_TRUTH_TABLE",0,1,"PIN12",1,"P1","","",2.15,"<=",2.24882,"V","NA",***,"P",8.289,595.024,""
1,"A244_VOLH_R","AP54RH504_tml.VOL_VOH","VOH_VCCY_2.30_IOH_-1.00",24410520,"AP54RHC244_TRUTH_TABLE",0,1,"PIN14",1,"P1","","",2.15,"<=",2.24848,"V","NA",***,"P",8.289,595.024,""
1,"A244_VOLH_R","AP54RH504_tml.VOL_VOH","VOH_VCCY_2.30_IOH_-1.00",24410520,"AP54RHC244_TRUTH_TABLE",0,1,"PIN16",1,"P1","","",2.15,"<=",2.24792,"V","NA",***,"P",8.289,595.024,""
1,"A244_VOLH_R","AP54RH504_tml.VOL_VOH","VOH_VCCY_2.30_IOH_-1.00",24410520,"AP54RHC244_TRUTH_TABLE",0,1,"PIN18",1,"P1","","",2.15,"<=",2.2474,"V","NA",***,"P",8.289,595.024,""
1,"A244_VOLH_R","AP54RH504_tml.VOL_VOH","VOL_VCCY_3.00_IOL_0.10",24410530,"AP54RHC244_TRUTH_TABLE",0,1,"PIN3",1,"P1","","",***,"NA",0.004325,"V","<=",0.03,"P",17.909,595.024,""
1,"A244_VOLH_R","AP54RH504_tml.VOL_VOH","VOL_VCCY_3.00_IOL_0.10",24410530,"AP54RHC244_TRUTH_TABLE",0,1,"PIN5",1,"P1","","",***,"NA",0.004325,"V","<=",0.03,"P",17.909,595.024,""
1,"A244_VOLH_R","AP54RH504_tml.VOL_VOH","VOL_VCCY_3.00_IOL_0.10",24410530,"AP54RHC244_TRUTH_TABLE",0,1,"PIN7",1,"P1","","",***,"NA",0.00449,"V","<=",0.03,"P",17.909,595.024,""
1,"A244_VOLH_R","AP54RH504_tml.VOL_VOH","VOL_VCCY_3.00_IOL_0.10",24410530,"AP54RHC244_TRUTH_TABLE",0,1,"PIN9",1,"P1","","",***,"NA",0.004263,"V","<=",0.03,"P",17.909,595.024,""
1,"A244_VOLH_R","AP54RH504_tml.VOL_VOH","VOL_VCCY_3.00_IOL_0.10",24410530,"AP54RHC244_TRUTH_TABLE",0,1,"PIN12",1,"P1","","",***,"NA",0.00449,"V","<=",0.03,"P",17.909,595.024,""
1,"A244_VOLH_R","AP54RH504_tml.VOL_VOH","VOL_VCCY_3.00_IOL_0.10",24410530,"AP54RHC244_TRUTH_TABLE",0,1,"PIN14",1,"P1","","",***,"NA",0.00449,"V","<=",0.03,"P",17.909,595.024,""
1,"A244_VOLH_R","AP54RH504_tml.VOL_VOH","VOL_VCCY_3.00_IOL_0.10",24410530,"AP54RHC244_TRUTH_TABLE",0,1,"PIN16",1,"P1","","",***,"NA",0.004381,"V","<=",0.03,"P",17.909,595.024,""
1,"A244_VOLH_R","AP54RH504_tml.VOL_VOH","VOL_VCCY_3.00_IOL_0.10",24410530,"AP54RHC244_TRUTH_TABLE",0,1,"PIN18",1,"P1","","",***,"NA",0.004325,"V","<=",0.03,"P",17.909,595.024,""
1,"A244_VOLH_R","AP54RH504_tml.VOL_VOH","VOH_VCCY_3.00_IOH_-0.10",24410540,"AP54RHC244_TRUTH_TABLE",0,1,"PIN3",1,"P1","","",2.9,"<=",2.99524,"V","NA",***,"P",8.177,595.024,""
1,"A244_VOLH_R","AP54RH504_tml.VOL_VOH","VOH_VCCY_3.00_IOH_-0.10",24410540,"AP54RHC244_TRUTH_TABLE",0,1,"PIN5",1,"P1","","",2.9,"<=",2.99512,"V","NA",***,"P",8.177,595.024,""
1,"A244_VOLH_R","AP54RH504_tml.VOL_VOH","VOH_VCCY_3.00_IOH_-0.10",24410540,"AP54RHC244_TRUTH_TABLE",0,1,"PIN7",1,"P1","","",2.9,"<=",2.99503,"V","NA",***,"P",8.177,595.024,""
1,"A244_VOLH_R","AP54RH504_tml.VOL_VOH","VOH_VCCY_3.00_IOH_-0.10",24410540,"AP54RHC244_TRUTH_TABLE",0,1,"PIN9",1,"P1","","",2.9,"<=",2.99496,"V","NA",***,"P",8.177,595.024,""
1,"A244_VOLH_R","AP54RH504_tml.VOL_VOH","VOH_VCCY_3.00_IOH_-0.10",24410540,"AP54RHC244_TRUTH_TABLE",0,1,"PIN12",1,"P1","","",2.9,"<=",2.99486,"V","NA",***,"P",8.177,595.024,""
1,"A244_VOLH_R","AP54RH504_tml.VOL_VOH","VOH_VCCY_3.00_IOH_-0.10",24410540,"AP54RHC244_TRUTH_TABLE",0,1,"PIN14",1,"P1","","",2.9,"<=",2.99486,"V","NA",***,"P",8.177,595.024,""
1,"A244_VOLH_R","AP54RH504_tml.VOL_VOH","VOH_VCCY_3.00_IOH_-0.10",24410540,"AP54RHC244_TRUTH_TABLE",0,1,"PIN16",1,"P1","","",2.9,"<=",2.99477,"V","NA",***,"P",8.177,595.024,""
1,"A244_VOLH_R","AP54RH504_tml.VOL_VOH","VOH_VCCY_3.00_IOH_-0.10",24410540,"AP54RHC244_TRUTH_TABLE",0,1,"PIN18",1,"P1","","",2.9,"<=",2.99471,"V","NA",***,"P",8.177,595.024,""
1,"A244_VOLH_R","AP54RH504_tml.VOL_VOH","VOL_VCCY_3.00_IOL_1.00",24410550,"AP54RHC244_TRUTH_TABLE",0,1,"PIN3",1,"P1","","",***,"NA",0.042088,"V","<=",0.09,"P",6.379,595.024,""
1,"A244_VOLH_R","AP54RH504_tml.VOL_VOH","VOL_VCCY_3.00_IOL_1.00",24410550,"AP54RHC244_TRUTH_TABLE",0,1,"PIN5",1,"P1","","",***,"NA",0.042087,"V","<=",0.09,"P",6.379,595.024,""
1,"A244_VOLH_R","AP54RH504_tml.VOL_VOH","VOL_VCCY_3.00_IOL_1.00",24410550,"AP54RHC244_TRUTH_TABLE",0,1,"PIN7",1,"P1","","",***,"NA",0.042324,"V","<=",0.09,"P",6.379,595.024,""
1,"A244_VOLH_R","AP54RH504_tml.VOL_VOH","VOL_VCCY_3.00_IOL_1.00",24410550,"AP54RHC244_TRUTH_TABLE",0,1,"PIN9",1,"P1","","",***,"NA",0.041812,"V","<=",0.09,"P",6.379,595.024,""
1,"A244_VOLH_R","AP54RH504_tml.VOL_VOH","VOL_VCCY_3.00_IOL_1.00",24410550,"AP54RHC244_TRUTH_TABLE",0,1,"PIN12",1,"P1","","",***,"NA",0.042723,"V","<=",0.09,"P",6.379,595.024,""
1,"A244_VOLH_R","AP54RH504_tml.VOL_VOH","VOL_VCCY_3.00_IOL_1.00",24410550,"AP54RHC244_TRUTH_TABLE",0,1,"PIN14",1,"P1","","",***,"NA",0.042724,"V","<=",0.09,"P",6.379,595.024,""
1,"A244_VOLH_R","AP54RH504_tml.VOL_VOH","VOL_VCCY_3.00_IOL_1.00",24410550,"AP54RHC244_TRUTH_TABLE",0,1,"PIN16",1,"P1","","",***,"NA",0.042485,"V","<=",0.09,"P",6.379,595.024,""
1,"A244_VOLH_R","AP54RH504_tml.VOL_VOH","VOL_VCCY_3.00_IOL_1.00",24410550,"AP54RHC244_TRUTH_TABLE",0,1,"PIN18",1,"P1","","",***,"NA",0.042486,"V","<=",0.09,"P",6.379,595.024,""
1,"A244_VOLH_R","AP54RH504_tml.VOL_VOH","VOH_VCCY_3.00_IOH_-1.00",24410560,"AP54RHC244_TRUTH_TABLE",0,1,"PIN3",1,"P1","","",2.85,"<=",2.95975,"V","NA",***,"P",8.188,595.024,""
1,"A244_VOLH_R","AP54RH504_tml.VOL_VOH","VOH_VCCY_3.00_IOH_-1.00",24410560,"AP54RHC244_TRUTH_TABLE",0,1,"PIN5",1,"P1","","",2.85,"<=",2.9589,"V","NA",***,"P",8.188,595.024,""
1,"A244_VOLH_R","AP54RH504_tml.VOL_VOH","VOH_VCCY_3.00_IOH_-1.00",24410560,"AP54RHC244_TRUTH_TABLE",0,1,"PIN7",1,"P1","","",2.85,"<=",2.95799,"V","NA",***,"P",8.188,595.024,""
1,"A244_VOLH_R","AP54RH504_tml.VOL_VOH","VOH_VCCY_3.00_IOH_-1.00",24410560,"AP54RHC244_TRUTH_TABLE",0,1,"PIN9",1,"P1","","",2.85,"<=",2.95696,"V","NA",***,"P",8.188,595.024,""
1,"A244_VOLH_R","AP54RH504_tml.VOL_VOH","VOH_VCCY_3.00_IOH_-1.00",24410560,"AP54RHC244_TRUTH_TABLE",0,1,"PIN12",1,"P1","","",2.85,"<=",2.95663,"V","NA",***,"P",8.188,595.024,""
1,"A244_VOLH_R","AP54RH504_tml.VOL_VOH","VOH_VCCY_3.00_IOH_-1.00",24410560,"AP54RHC244_TRUTH_TABLE",0,1,"PIN14",1,"P1","","",2.85,"<=",2.95628,"V","NA",***,"P",8.188,595.024,""
1,"A244_VOLH_R","AP54RH504_tml.VOL_VOH","VOH_VCCY_3.00_IOH_-1.00",24410560,"AP54RHC244_TRUTH_TABLE",0,1,"PIN16",1,"P1","","",2.85,"<=",2.95581,"V","NA",***,"P",8.188,595.024,""
1,"A244_VOLH_R","AP54RH504_tml.VOL_VOH","VOH_VCCY_3.00_IOH_-1.00",24410560,"AP54RHC244_TRUTH_TABLE",0,1,"PIN18",1,"P1","","",2.85,"<=",2.95513,"V","NA",***,"P",8.188,595.024,""
1,"A244_VOLH_R","AP54RH504_tml.VOL_VOH","VOL_VCCY_4.50_IOL_0.10",24410570,"AP54RHC244_TRUTH_TABLE",0,1,"PIN3",1,"P1","","",***,"NA",0.003755,"V","<=",0.03,"P",17.445,595.024,""
1,"A244_VOLH_R","AP54RH504_tml.VOL_VOH","VOL_VCCY_4.50_IOL_0.10",24410570,"AP54RHC244_TRUTH_TABLE",0,1,"PIN5",1,"P1","","",***,"NA",0.003641,"V","<=",0.03,"P",17.445,595.024,""
1,"A244_VOLH_R","AP54RH504_tml.VOL_VOH","VOL_VCCY_4.50_IOL_0.10",24410570,"AP54RHC244_TRUTH_TABLE",0,1,"PIN7",1,"P1","","",***,"NA",0.003808,"V","<=",0.03,"P",17.445,595.024,""
1,"A244_VOLH_R","AP54RH504_tml.VOL_VOH","VOL_VCCY_4.50_IOL_0.10",24410570,"AP54RHC244_TRUTH_TABLE",0,1,"PIN9",1,"P1","","",***,"NA",0.003637,"V","<=",0.03,"P",17.445,595.024,""
1,"A244_VOLH_R","AP54RH504_tml.VOL_VOH","VOL_VCCY_4.50_IOL_0.10",24410570,"AP54RHC244_TRUTH_TABLE",0,1,"PIN12",1,"P1","","",***,"NA",0.003751,"V","<=",0.03,"P",17.445,595.024,""
1,"A244_VOLH_R","AP54RH504_tml.VOL_VOH","VOL_VCCY_4.50_IOL_0.10",24410570,"AP54RHC244_TRUTH_TABLE",0,1,"PIN14",1,"P1","","",***,"NA",0.003694,"V","<=",0.03,"P",17.445,595.024,""
1,"A244_VOLH_R","AP54RH504_tml.VOL_VOH","VOL_VCCY_4.50_IOL_0.10",24410570,"AP54RHC244_TRUTH_TABLE",0,1,"PIN16",1,"P1","","",***,"NA",0.003755,"V","<=",0.03,"P",17.445,595.024,""
1,"A244_VOLH_R","AP54RH504_tml.VOL_VOH","VOL_VCCY_4.50_IOL_0.10",24410570,"AP54RHC244_TRUTH_TABLE",0,1,"PIN18",1,"P1","","",***,"NA",0.003698,"V","<=",0.03,"P",17.445,595.024,""
1,"A244_VOLH_R","AP54RH504_tml.VOL_VOH","VOH_VCCY_4.50_IOH_-0.10",24410580,"AP54RHC244_TRUTH_TABLE",0,1,"PIN3",1,"P1","","",4.4,"<=",4.49488,"V","NA",***,"P",7.873,595.024,""
1,"A244_VOLH_R","AP54RH504_tml.VOL_VOH","VOH_VCCY_4.50_IOH_-0.10",24410580,"AP54RHC244_TRUTH_TABLE",0,1,"PIN5",1,"P1","","",4.4,"<=",4.49483,"V","NA",***,"P",7.873,595.024,""
1,"A244_VOLH_R","AP54RH504_tml.VOL_VOH","VOH_VCCY_4.50_IOH_-0.10",24410580,"AP54RHC244_TRUTH_TABLE",0,1,"PIN7",1,"P1","","",4.4,"<=",4.49476,"V","NA",***,"P",7.873,595.024,""
1,"A244_VOLH_R","AP54RH504_tml.VOL_VOH","VOH_VCCY_4.50_IOH_-0.10",24410580,"AP54RHC244_TRUTH_TABLE",0,1,"PIN9",1,"P1","","",4.4,"<=",4.49466,"V","NA",***,"P",7.873,595.024,""
1,"A244_VOLH_R","AP54RH504_tml.VOL_VOH","VOH_VCCY_4.50_IOH_-0.10",24410580,"AP54RHC244_TRUTH_TABLE",0,1,"PIN12",1,"P1","","",4.4,"<=",4.49465,"V","NA",***,"P",7.873,595.024,""
1,"A244_VOLH_R","AP54RH504_tml.VOL_VOH","VOH_VCCY_4.50_IOH_-0.10",24410580,"AP54RHC244_TRUTH_TABLE",0,1,"PIN14",1,"P1","","",4.4,"<=",4.49454,"V","NA",***,"P",7.873,595.024,""
1,"A244_VOLH_R","AP54RH504_tml.VOL_VOH","VOH_VCCY_4.50_IOH_-0.10",24410580,"AP54RHC244_TRUTH_TABLE",0,1,"PIN16",1,"P1","","",4.4,"<=",4.49455,"V","NA",***,"P",7.873,595.024,""
1,"A244_VOLH_R","AP54RH504_tml.VOL_VOH","VOH_VCCY_4.50_IOH_-0.10",24410580,"AP54RHC244_TRUTH_TABLE",0,1,"PIN18",1,"P1","","",4.4,"<=",4.4945,"V","NA",***,"P",7.873,595.024,""
1,"A244_VOLH_R","AP54RH504_tml.VOL_VOH","VOL_VCCY_4.50_IOL_1.00",24410590,"AP54RHC244_TRUTH_TABLE",0,1,"PIN3",1,"P1","","",***,"NA",0.035595,"V","<=",0.09,"P",6.141,595.024,""
1,"A244_VOLH_R","AP54RH504_tml.VOL_VOH","VOL_VCCY_4.50_IOL_1.00",24410590,"AP54RHC244_TRUTH_TABLE",0,1,"PIN5",1,"P1","","",***,"NA",0.035594,"V","<=",0.09,"P",6.141,595.024,""
1,"A244_VOLH_R","AP54RH504_tml.VOL_VOH","VOL_VCCY_4.50_IOL_1.00",24410590,"AP54RHC244_TRUTH_TABLE",0,1,"PIN7",1,"P1","","",***,"NA",0.035782,"V","<=",0.09,"P",6.141,595.024,""
1,"A244_VOLH_R","AP54RH504_tml.VOL_VOH","VOL_VCCY_4.50_IOL_1.00",24410590,"AP54RHC244_TRUTH_TABLE",0,1,"PIN9",1,"P1","","",***,"NA",0.035156,"V","<=",0.09,"P",6.141,595.024,""
1,"A244_VOLH_R","AP54RH504_tml.VOL_VOH","VOL_VCCY_4.50_IOL_1.00",24410590,"AP54RHC244_TRUTH_TABLE",0,1,"PIN12",1,"P1","","",***,"NA",0.03618,"V","<=",0.09,"P",6.141,595.024,""
1,"A244_VOLH_R","AP54RH504_tml.VOL_VOH","VOL_VCCY_4.50_IOL_1.00",24410590,"AP54RHC244_TRUTH_TABLE",0,1,"PIN14",1,"P1","","",***,"NA",0.036181,"V","<=",0.09,"P",6.141,595.024,""
1,"A244_VOLH_R","AP54RH504_tml.VOL_VOH","VOL_VCCY_4.50_IOL_1.00",24410590,"AP54RHC244_TRUTH_TABLE",0,1,"PIN16",1,"P1","","",***,"NA",0.036163,"V","<=",0.09,"P",6.141,595.024,""
1,"A244_VOLH_R","AP54RH504_tml.VOL_VOH","VOL_VCCY_4.50_IOL_1.00",24410590,"AP54RHC244_TRUTH_TABLE",0,1,"PIN18",1,"P1","","",***,"NA",0.035936,"V","<=",0.09,"P",6.141,595.024,""
1,"A244_VOLH_R","AP54RH504_tml.VOL_VOH","VOH_VCCY_4.50_IOH_-1.00",24410600,"AP54RHC244_TRUTH_TABLE",0,1,"PIN3",1,"P1","","",4.35,"<=",4.46658,"V","NA",***,"P",8.227,595.024,""
1,"A244_VOLH_R","AP54RH504_tml.VOL_VOH","VOH_VCCY_4.50_IOH_-1.00",24410600,"AP54RHC244_TRUTH_TABLE",0,1,"PIN5",1,"P1","","",4.35,"<=",4.46567,"V","NA",***,"P",8.227,595.024,""
1,"A244_VOLH_R","AP54RH504_tml.VOL_VOH","VOH_VCCY_4.50_IOH_-1.00",24410600,"AP54RHC244_TRUTH_TABLE",0,1,"PIN7",1,"P1","","",4.35,"<=",4.46467,"V","NA",***,"P",8.227,595.024,""
1,"A244_VOLH_R","AP54RH504_tml.VOL_VOH","VOH_VCCY_4.50_IOH_-1.00",24410600,"AP54RHC244_TRUTH_TABLE",0,1,"PIN9",1,"P1","","",4.35,"<=",4.46371,"V","NA",***,"P",8.227,595.024,""
1,"A244_VOLH_R","AP54RH504_tml.VOL_VOH","VOH_VCCY_4.50_IOH_-1.00",24410600,"AP54RHC244_TRUTH_TABLE",0,1,"PIN12",1,"P1","","",4.35,"<=",4.46353,"V","NA",***,"P",8.227,595.024,""
1,"A244_VOLH_R","AP54RH504_tml.VOL_VOH","VOH_VCCY_4.50_IOH_-1.00",24410600,"AP54RHC244_TRUTH_TABLE",0,1,"PIN14",1,"P1","","",4.35,"<=",4.46302,"V","NA",***,"P",8.227,595.024,""
1,"A244_VOLH_R","AP54RH504_tml.VOL_VOH","VOH_VCCY_4.50_IOH_-1.00",24410600,"AP54RHC244_TRUTH_TABLE",0,1,"PIN16",1,"P1","","",4.35,"<=",4.4626,"V","NA",***,"P",8.227,595.024,""
1,"A244_VOLH_R","AP54RH504_tml.VOL_VOH","VOH_VCCY_4.50_IOH_-1.00",24410600,"AP54RHC244_TRUTH_TABLE",0,1,"PIN18",1,"P1","","",4.35,"<=",4.46203,"V","NA",***,"P",8.227,595.024,""
1,"A244_VOLH_R","AP54RH504_tml.VOL_VOH","VOL_VCCY_1.40_IOL_1.00",24410626,"AP54RHC244_TRUTH_TABLE",0,1,"PIN3",1,"P1","","",0,"<=",0.080649,"V","<=",0.1,"P",7.626,595.024,""
1,"A244_VOLH_R","AP54RH504_tml.VOL_VOH","VOL_VCCY_1.40_IOL_1.00",24410626,"AP54RHC244_TRUTH_TABLE",0,1,"PIN5",1,"P1","","",0,"<=",0.080419,"V","<=",0.1,"P",7.626,595.024,""
1,"A244_VOLH_R","AP54RH504_tml.VOL_VOH","VOL_VCCY_1.40_IOL_1.00",24410626,"AP54RHC244_TRUTH_TABLE",0,1,"PIN7",1,"P1","","",0,"<=",0.080784,"V","<=",0.1,"P",7.626,595.024,""
1,"A244_VOLH_R","AP54RH504_tml.VOL_VOH","VOL_VCCY_1.40_IOL_1.00",24410626,"AP54RHC244_TRUTH_TABLE",0,1,"PIN9",1,"P1","","",0,"<=",0.080215,"V","<=",0.1,"P",7.626,595.024,""
1,"A244_VOLH_R","AP54RH504_tml.VOL_VOH","VOL_VCCY_1.40_IOL_1.00",24410626,"AP54RHC244_TRUTH_TABLE",0,1,"PIN12",1,"P1","","",0,"<=",0.08141,"V","<=",0.1,"P",7.626,595.024,""
1,"A244_VOLH_R","AP54RH504_tml.VOL_VOH","VOL_VCCY_1.40_IOL_1.00",24410626,"AP54RHC244_TRUTH_TABLE",0,1,"PIN14",1,"P1","","",0,"<=",0.081241,"V","<=",0.1,"P",7.626,595.024,""
1,"A244_VOLH_R","AP54RH504_tml.VOL_VOH","VOL_VCCY_1.40_IOL_1.00",24410626,"AP54RHC244_TRUTH_TABLE",0,1,"PIN16",1,"P1","","",0,"<=",0.081044,"V","<=",0.1,"P",7.626,595.024,""
1,"A244_VOLH_R","AP54RH504_tml.VOL_VOH","VOL_VCCY_1.40_IOL_1.00",24410626,"AP54RHC244_TRUTH_TABLE",0,1,"PIN18",1,"P1","","",0,"<=",0.080875,"V","<=",0.1,"P",7.626,595.024,""
1,"A244_VOLH_R","AP54RH504_tml.VOL_VOH","VOH_VCCY_1.40_IOH_-1.00",24410628,"AP54RHC244_TRUTH_TABLE",0,1,"PIN3",1,"P1","","",1.25,"<=",1.32245,"V","<=",1.4,"P",8.022,595.024,""
1,"A244_VOLH_R","AP54RH504_tml.VOL_VOH","VOH_VCCY_1.40_IOH_-1.00",24410628,"AP54RHC244_TRUTH_TABLE",0,1,"PIN5",1,"P1","","",1.25,"<=",1.32185,"V","<=",1.4,"P",8.022,595.024,""
1,"A244_VOLH_R","AP54RH504_tml.VOL_VOH","VOH_VCCY_1.40_IOH_-1.00",24410628,"AP54RHC244_TRUTH_TABLE",0,1,"PIN7",1,"P1","","",1.25,"<=",1.32095,"V","<=",1.4,"P",8.022,595.024,""
1,"A244_VOLH_R","AP54RH504_tml.VOL_VOH","VOH_VCCY_1.40_IOH_-1.00",24410628,"AP54RHC244_TRUTH_TABLE",0,1,"PIN9",1,"P1","","",1.25,"<=",1.31981,"V","<=",1.4,"P",8.022,595.024,""
1,"A244_VOLH_R","AP54RH504_tml.VOL_VOH","VOH_VCCY_1.40_IOH_-1.00",24410628,"AP54RHC244_TRUTH_TABLE",0,1,"PIN12",1,"P1","","",1.25,"<=",1.31953,"V","<=",1.4,"P",8.022,595.024,""
1,"A244_VOLH_R","AP54RH504_tml.VOL_VOH","VOH_VCCY_1.40_IOH_-1.00",24410628,"AP54RHC244_TRUTH_TABLE",0,1,"PIN14",1,"P1","","",1.25,"<=",1.31927,"V","<=",1.4,"P",8.022,595.024,""
1,"A244_VOLH_R","AP54RH504_tml.VOL_VOH","VOH_VCCY_1.40_IOH_-1.00",24410628,"AP54RHC244_TRUTH_TABLE",0,1,"PIN16",1,"P1","","",1.25,"<=",1.31846,"V","<=",1.4,"P",8.022,595.024,""
1,"A244_VOLH_R","AP54RH504_tml.VOL_VOH","VOH_VCCY_1.40_IOH_-1.00",24410628,"AP54RHC244_TRUTH_TABLE",0,1,"PIN18",1,"P1","","",1.25,"<=",1.31775,"V","<=",1.4,"P",8.022,595.024,""
1,"A244_VOLH_R","AP54RH504_tml.VOL_VOH","VOL_VCCY_1.40_IOL_2.00",24410630,"AP54RHC244_TRUTH_TABLE",0,1,"PIN3",1,"P1","","",0,"<=",0.170472,"V","<=",0.275,"P",6.92,595.024,""
1,"A244_VOLH_R","AP54RH504_tml.VOL_VOH","VOL_VCCY_1.40_IOL_2.00",24410630,"AP54RHC244_TRUTH_TABLE",0,1,"PIN5",1,"P1","","",0,"<=",0.170183,"V","<=",0.275,"P",6.92,595.024,""
1,"A244_VOLH_R","AP54RH504_tml.VOL_VOH","VOL_VCCY_1.40_IOL_2.00",24410630,"AP54RHC244_TRUTH_TABLE",0,1,"PIN7",1,"P1","","",0,"<=",0.170847,"V","<=",0.275,"P",6.92,595.024,""
1,"A244_VOLH_R","AP54RH504_tml.VOL_VOH","VOL_VCCY_1.40_IOL_2.00",24410630,"AP54RHC244_TRUTH_TABLE",0,1,"PIN9",1,"P1","","",0,"<=",0.169424,"V","<=",0.275,"P",6.92,595.024,""
1,"A244_VOLH_R","AP54RH504_tml.VOL_VOH","VOL_VCCY_1.40_IOL_2.00",24410630,"AP54RHC244_TRUTH_TABLE",0,1,"PIN12",1,"P1","","",0,"<=",0.171302,"V","<=",0.275,"P",6.92,595.024,""
1,"A244_VOLH_R","AP54RH504_tml.VOL_VOH","VOL_VCCY_1.40_IOL_2.00",24410630,"AP54RHC244_TRUTH_TABLE",0,1,"PIN14",1,"P1","","",0,"<=",0.171476,"V","<=",0.275,"P",6.92,595.024,""
1,"A244_VOLH_R","AP54RH504_tml.VOL_VOH","VOL_VCCY_1.40_IOL_2.00",24410630,"AP54RHC244_TRUTH_TABLE",0,1,"PIN16",1,"P1","","",0,"<=",0.171375,"V","<=",0.275,"P",6.92,595.024,""
1,"A244_VOLH_R","AP54RH504_tml.VOL_VOH","VOL_VCCY_1.40_IOL_2.00",24410630,"AP54RHC244_TRUTH_TABLE",0,1,"PIN18",1,"P1","","",0,"<=",0.172006,"V","<=",0.275,"P",6.92,595.024,""
1,"A244_VOLH_R","AP54RH504_tml.VOL_VOH","VOH_VCCY_1.40_IOH_-2.00",24410632,"AP54RHC244_TRUTH_TABLE",0,1,"PIN3",1,"P1","","",1.15,"<=",1.23975,"V","<=",1.4,"P",8.551,595.024,""
1,"A244_VOLH_R","AP54RH504_tml.VOL_VOH","VOH_VCCY_1.40_IOH_-2.00",24410632,"AP54RHC244_TRUTH_TABLE",0,1,"PIN5",1,"P1","","",1.15,"<=",1.23875,"V","<=",1.4,"P",8.551,595.024,""
1,"A244_VOLH_R","AP54RH504_tml.VOL_VOH","VOH_VCCY_1.40_IOH_-2.00",24410632,"AP54RHC244_TRUTH_TABLE",0,1,"PIN7",1,"P1","","",1.15,"<=",1.23714,"V","<=",1.4,"P",8.551,595.024,""
1,"A244_VOLH_R","AP54RH504_tml.VOL_VOH","VOH_VCCY_1.40_IOH_-2.00",24410632,"AP54RHC244_TRUTH_TABLE",0,1,"PIN9",1,"P1","","",1.15,"<=",1.23384,"V","<=",1.4,"P",8.551,595.024,""
1,"A244_VOLH_R","AP54RH504_tml.VOL_VOH","VOH_VCCY_1.40_IOH_-2.00",24410632,"AP54RHC244_TRUTH_TABLE",0,1,"PIN12",1,"P1","","",1.15,"<=",1.23288,"V","<=",1.4,"P",8.551,595.024,""
1,"A244_VOLH_R","AP54RH504_tml.VOL_VOH","VOH_VCCY_1.40_IOH_-2.00",24410632,"AP54RHC244_TRUTH_TABLE",0,1,"PIN14",1,"P1","","",1.15,"<=",1.23285,"V","<=",1.4,"P",8.551,595.024,""
1,"A244_VOLH_R","AP54RH504_tml.VOL_VOH","VOH_VCCY_1.40_IOH_-2.00",24410632,"AP54RHC244_TRUTH_TABLE",0,1,"PIN16",1,"P1","","",1.15,"<=",1.23086,"V","<=",1.4,"P",8.551,595.024,""
1,"A244_VOLH_R","AP54RH504_tml.VOL_VOH","VOH_VCCY_1.40_IOH_-2.00",24410632,"AP54RHC244_TRUTH_TABLE",0,1,"PIN18",1,"P1","","",1.15,"<=",1.23032,"V","<=",1.4,"P",8.551,595.024,""
1,"A244_IILH_140_R","AP54RH504_tml.IO_Leakage","passCurrentLow_uA",24410710,"AP54RHC244_TRUTH_TABLE",0,1,"PIN2",1,"P1","","",-0.05,"<=",0,"uA","<=",0.05,"P",83.98,87.054,""
1,"A244_IILH_140_R","AP54RH504_tml.IO_Leakage","passCurrentLow_uA",24410710,"AP54RHC244_TRUTH_TABLE",0,1,"PIN4",1,"P1","","",-0.05,"<=",-0.001,"uA","<=",0.05,"P",83.98,87.054,""
1,"A244_IILH_140_R","AP54RH504_tml.IO_Leakage","passCurrentLow_uA",24410710,"AP54RHC244_TRUTH_TABLE",0,1,"PIN6",1,"P1","","",-0.05,"<=",-0.001,"uA","<=",0.05,"P",83.98,87.054,""
1,"A244_IILH_140_R","AP54RH504_tml.IO_Leakage","passCurrentLow_uA",24410710,"AP54RHC244_TRUTH_TABLE",0,1,"PIN8",1,"P1","","",-0.05,"<=",0,"uA","<=",0.05,"P",83.98,87.054,""
1,"A244_IILH_140_R","AP54RH504_tml.IO_Leakage","passCurrentLow_uA",24410710,"AP54RHC244_TRUTH_TABLE",0,1,"PIN1",1,"P1","","",-0.05,"<=",-0.001,"uA","<=",0.05,"P",83.98,87.054,""
1,"A244_IILH_140_R","AP54RH504_tml.IO_Leakage","passCurrentLow_uA",24410710,"AP54RHC244_TRUTH_TABLE",0,1,"PIN19",1,"P1","","",-0.05,"<=",-0.001,"uA","<=",0.05,"P",83.98,87.054,""
1,"A244_IILH_140_R","AP54RH504_tml.IO_Leakage","passCurrentLow_uA",24410710,"AP54RHC244_TRUTH_TABLE",0,1,"PIN17",1,"P1","","",-0.05,"<=",0,"uA","<=",0.05,"P",83.98,87.054,""
1,"A244_IILH_140_R","AP54RH504_tml.IO_Leakage","passCurrentLow_uA",24410710,"AP54RHC244_TRUTH_TABLE",0,1,"PIN15",1,"P1","","",-0.05,"<=",0,"uA","<=",0.05,"P",83.98,87.054,""
1,"A244_IILH_140_R","AP54RH504_tml.IO_Leakage","passCurrentLow_uA",24410710,"AP54RHC244_TRUTH_TABLE",0,1,"PIN13",1,"P1","","",-0.05,"<=",-0.001,"uA","<=",0.05,"P",83.98,87.054,""
1,"A244_IILH_140_R","AP54RH504_tml.IO_Leakage","passCurrentLow_uA",24410710,"AP54RHC244_TRUTH_TABLE",0,1,"PIN11",1,"P1","","",-0.05,"<=",-0.001,"uA","<=",0.05,"P",83.98,87.054,""
1,"A244_IILH_140_R","AP54RH504_tml.IO_Leakage","passCurrentHigh_uA",24410720,"AP54RHC244_TRUTH_TABLE",0,1,"PIN2",1,"P1","","",-0.1,"<=",0,"uA","<=",0.1,"P",0.012,87.054,""
1,"A244_IILH_140_R","AP54RH504_tml.IO_Leakage","passCurrentHigh_uA",24410720,"AP54RHC244_TRUTH_TABLE",0,1,"PIN4",1,"P1","","",-0.1,"<=",0.001,"uA","<=",0.1,"P",0.012,87.054,""
1,"A244_IILH_140_R","AP54RH504_tml.IO_Leakage","passCurrentHigh_uA",24410720,"AP54RHC244_TRUTH_TABLE",0,1,"PIN6",1,"P1","","",-0.1,"<=",-0.001,"uA","<=",0.1,"P",0.012,87.054,""
1,"A244_IILH_140_R","AP54RH504_tml.IO_Leakage","passCurrentHigh_uA",24410720,"AP54RHC244_TRUTH_TABLE",0,1,"PIN8",1,"P1","","",-0.1,"<=",0,"uA","<=",0.1,"P",0.012,87.054,""
1,"A244_IILH_140_R","AP54RH504_tml.IO_Leakage","passCurrentHigh_uA",24410720,"AP54RHC244_TRUTH_TABLE",0,1,"PIN1",1,"P1","","",-0.1,"<=",-0.001,"uA","<=",0.1,"P",0.012,87.054,""
1,"A244_IILH_140_R","AP54RH504_tml.IO_Leakage","passCurrentHigh_uA",24410720,"AP54RHC244_TRUTH_TABLE",0,1,"PIN19",1,"P1","","",-0.1,"<=",-0.001,"uA","<=",0.1,"P",0.012,87.054,""
1,"A244_IILH_140_R","AP54RH504_tml.IO_Leakage","passCurrentHigh_uA",24410720,"AP54RHC244_TRUTH_TABLE",0,1,"PIN17",1,"P1","","",-0.1,"<=",0,"uA","<=",0.1,"P",0.012,87.054,""
1,"A244_IILH_140_R","AP54RH504_tml.IO_Leakage","passCurrentHigh_uA",24410720,"AP54RHC244_TRUTH_TABLE",0,1,"PIN15",1,"P1","","",-0.1,"<=",0,"uA","<=",0.1,"P",0.012,87.054,""
1,"A244_IILH_140_R","AP54RH504_tml.IO_Leakage","passCurrentHigh_uA",24410720,"AP54RHC244_TRUTH_TABLE",0,1,"PIN13",1,"P1","","",-0.1,"<=",0,"uA","<=",0.1,"P",0.012,87.054,""
1,"A244_IILH_140_R","AP54RH504_tml.IO_Leakage","passCurrentHigh_uA",24410720,"AP54RHC244_TRUTH_TABLE",0,1,"PIN11",1,"P1","","",-0.1,"<=",-0.001,"uA","<=",0.1,"P",0.012,87.054,""
1,"A244_IILH_550_R","AP54RH504_tml.IO_Leakage","passCurrentLow_uA",24410690,"AP54RHC244_TRUTH_TABLE",0,1,"PIN2",1,"P1","","",-0.05,"<=",-0.001,"uA","<=",0.05,"P",89.335,91.7,""
1,"A244_IILH_550_R","AP54RH504_tml.IO_Leakage","passCurrentLow_uA",24410690,"AP54RHC244_TRUTH_TABLE",0,1,"PIN4",1,"P1","","",-0.05,"<=",-0.001,"uA","<=",0.05,"P",89.335,91.7,""
1,"A244_IILH_550_R","AP54RH504_tml.IO_Leakage","passCurrentLow_uA",24410690,"AP54RHC244_TRUTH_TABLE",0,1,"PIN6",1,"P1","","",-0.05,"<=",-0.001,"uA","<=",0.05,"P",89.335,91.7,""
1,"A244_IILH_550_R","AP54RH504_tml.IO_Leakage","passCurrentLow_uA",24410690,"AP54RHC244_TRUTH_TABLE",0,1,"PIN8",1,"P1","","",-0.05,"<=",0,"uA","<=",0.05,"P",89.335,91.7,""
1,"A244_IILH_550_R","AP54RH504_tml.IO_Leakage","passCurrentLow_uA",24410690,"AP54RHC244_TRUTH_TABLE",0,1,"PIN1",1,"P1","","",-0.05,"<=",-0.001,"uA","<=",0.05,"P",89.335,91.7,""
1,"A244_IILH_550_R","AP54RH504_tml.IO_Leakage","passCurrentLow_uA",24410690,"AP54RHC244_TRUTH_TABLE",0,1,"PIN19",1,"P1","","",-0.05,"<=",-0.001,"uA","<=",0.05,"P",89.335,91.7,""
1,"A244_IILH_550_R","AP54RH504_tml.IO_Leakage","passCurrentLow_uA",24410690,"AP54RHC244_TRUTH_TABLE",0,1,"PIN17",1,"P1","","",-0.05,"<=",-0.001,"uA","<=",0.05,"P",89.335,91.7,""
1,"A244_IILH_550_R","AP54RH504_tml.IO_Leakage","passCurrentLow_uA",24410690,"AP54RHC244_TRUTH_TABLE",0,1,"PIN15",1,"P1","","",-0.05,"<=",-0.001,"uA","<=",0.05,"P",89.335,91.7,""
1,"A244_IILH_550_R","AP54RH504_tml.IO_Leakage","passCurrentLow_uA",24410690,"AP54RHC244_TRUTH_TABLE",0,1,"PIN13",1,"P1","","",-0.05,"<=",-0.001,"uA","<=",0.05,"P",89.335,91.7,""
1,"A244_IILH_550_R","AP54RH504_tml.IO_Leakage","passCurrentLow_uA",24410690,"AP54RHC244_TRUTH_TABLE",0,1,"PIN11",1,"P1","","",-0.05,"<=",-0.001,"uA","<=",0.05,"P",89.335,91.7,""
1,"A244_IILH_550_R","AP54RH504_tml.IO_Leakage","passCurrentHigh_uA",24410700,"AP54RHC244_TRUTH_TABLE",0,1,"PIN2",1,"P1","","",-0.22,"<=",0.002,"uA","<=",0.22,"P",0.035,91.7,""
1,"A244_IILH_550_R","AP54RH504_tml.IO_Leakage","passCurrentHigh_uA",24410700,"AP54RHC244_TRUTH_TABLE",0,1,"PIN4",1,"P1","","",-0.22,"<=",0.011,"uA","<=",0.22,"P",0.035,91.7,""
1,"A244_IILH_550_R","AP54RH504_tml.IO_Leakage","passCurrentHigh_uA",24410700,"AP54RHC244_TRUTH_TABLE",0,1,"PIN6",1,"P1","","",-0.22,"<=",0,"uA","<=",0.22,"P",0.035,91.7,""
1,"A244_IILH_550_R","AP54RH504_tml.IO_Leakage","passCurrentHigh_uA",24410700,"AP54RHC244_TRUTH_TABLE",0,1,"PIN8",1,"P1","","",-0.22,"<=",0.001,"uA","<=",0.22,"P",0.035,91.7,""
1,"A244_IILH_550_R","AP54RH504_tml.IO_Leakage","passCurrentHigh_uA",24410700,"AP54RHC244_TRUTH_TABLE",0,1,"PIN1",1,"P1","","",-0.22,"<=",-0.001,"uA","<=",0.22,"P",0.035,91.7,""
1,"A244_IILH_550_R","AP54RH504_tml.IO_Leakage","passCurrentHigh_uA",24410700,"AP54RHC244_TRUTH_TABLE",0,1,"PIN19",1,"P1","","",-0.22,"<=",0,"uA","<=",0.22,"P",0.035,91.7,""
1,"A244_IILH_550_R","AP54RH504_tml.IO_Leakage","passCurrentHigh_uA",24410700,"AP54RHC244_TRUTH_TABLE",0,1,"PIN17",1,"P1","","",-0.22,"<=",0.001,"uA","<=",0.22,"P",0.035,91.7,""
1,"A244_IILH_550_R","AP54RH504_tml.IO_Leakage","passCurrentHigh_uA",24410700,"AP54RHC244_TRUTH_TABLE",0,1,"PIN15",1,"P1","","",-0.22,"<=",0,"uA","<=",0.22,"P",0.035,91.7,""
1,"A244_IILH_550_R","AP54RH504_tml.IO_Leakage","passCurrentHigh_uA",24410700,"AP54RHC244_TRUTH_TABLE",0,1,"PIN13",1,"P1","","",-0.22,"<=",0.002,"uA","<=",0.22,"P",0.035,91.7,""
1,"A244_IILH_550_R","AP54RH504_tml.IO_Leakage","passCurrentHigh_uA",24410700,"AP54RHC244_TRUTH_TABLE",0,1,"PIN11",1,"P1","","",-0.22,"<=",0,"uA","<=",0.22,"P",0.035,91.7,""
1,"A244_IOZLH_140_R","AP54RH504_tml.IO_Leakage","passCurrentLow_uA",24410770,"AP54RHC244_TRUTH_TABLE",0,1,"PIN12",1,"P1","","",-0.2,"<=",0,"uA","<=",0.2,"P",81.851,84.371,""
1,"A244_IOZLH_140_R","AP54RH504_tml.IO_Leakage","passCurrentLow_uA",24410770,"AP54RHC244_TRUTH_TABLE",0,1,"PIN14",1,"P1","","",-0.2,"<=",0,"uA","<=",0.2,"P",81.851,84.371,""
1,"A244_IOZLH_140_R","AP54RH504_tml.IO_Leakage","passCurrentLow_uA",24410770,"AP54RHC244_TRUTH_TABLE",0,1,"PIN16",1,"P1","","",-0.2,"<=",0,"uA","<=",0.2,"P",81.851,84.371,""
1,"A244_IOZLH_140_R","AP54RH504_tml.IO_Leakage","passCurrentLow_uA",24410770,"AP54RHC244_TRUTH_TABLE",0,1,"PIN18",1,"P1","","",-0.2,"<=",0,"uA","<=",0.2,"P",81.851,84.371,""
1,"A244_IOZLH_140_R","AP54RH504_tml.IO_Leakage","passCurrentLow_uA",24410770,"AP54RHC244_TRUTH_TABLE",0,1,"PIN3",1,"P1","","",-0.2,"<=",0,"uA","<=",0.2,"P",81.851,84.371,""
1,"A244_IOZLH_140_R","AP54RH504_tml.IO_Leakage","passCurrentLow_uA",24410770,"AP54RHC244_TRUTH_TABLE",0,1,"PIN5",1,"P1","","",-0.2,"<=",0,"uA","<=",0.2,"P",81.851,84.371,""
1,"A244_IOZLH_140_R","AP54RH504_tml.IO_Leakage","passCurrentLow_uA",24410770,"AP54RHC244_TRUTH_TABLE",0,1,"PIN7",1,"P1","","",-0.2,"<=",0,"uA","<=",0.2,"P",81.851,84.371,""
1,"A244_IOZLH_140_R","AP54RH504_tml.IO_Leakage","passCurrentLow_uA",24410770,"AP54RHC244_TRUTH_TABLE",0,1,"PIN9",1,"P1","","",-0.2,"<=",0,"uA","<=",0.2,"P",81.851,84.371,""
1,"A244_IOZLH_140_R","AP54RH504_tml.IO_Leakage","passCurrentHigh_uA",24410780,"AP54RHC244_TRUTH_TABLE",0,1,"PIN12",1,"P1","","",-0.2,"<=",0,"uA","<=",0.6,"P",0.01,84.371,""
1,"A244_IOZLH_140_R","AP54RH504_tml.IO_Leakage","passCurrentHigh_uA",24410780,"AP54RHC244_TRUTH_TABLE",0,1,"PIN14",1,"P1","","",-0.2,"<=",0,"uA","<=",0.6,"P",0.01,84.371,""
1,"A244_IOZLH_140_R","AP54RH504_tml.IO_Leakage","passCurrentHigh_uA",24410780,"AP54RHC244_TRUTH_TABLE",0,1,"PIN16",1,"P1","","",-0.2,"<=",0,"uA","<=",0.6,"P",0.01,84.371,""
1,"A244_IOZLH_140_R","AP54RH504_tml.IO_Leakage","passCurrentHigh_uA",24410780,"AP54RHC244_TRUTH_TABLE",0,1,"PIN18",1,"P1","","",-0.2,"<=",0,"uA","<=",0.6,"P",0.01,84.371,""
1,"A244_IOZLH_140_R","AP54RH504_tml.IO_Leakage","passCurrentHigh_uA",24410780,"AP54RHC244_TRUTH_TABLE",0,1,"PIN3",1,"P1","","",-0.2,"<=",0.001,"uA","<=",0.6,"P",0.01,84.371,""
1,"A244_IOZLH_140_R","AP54RH504_tml.IO_Leakage","passCurrentHigh_uA",24410780,"AP54RHC244_TRUTH_TABLE",0,1,"PIN5",1,"P1","","",-0.2,"<=",0.001,"uA","<=",0.6,"P",0.01,84.371,""
1,"A244_IOZLH_140_R","AP54RH504_tml.IO_Leakage","passCurrentHigh_uA",24410780,"AP54RHC244_TRUTH_TABLE",0,1,"PIN7",1,"P1","","",-0.2,"<=",0,"uA","<=",0.6,"P",0.01,84.371,""
1,"A244_IOZLH_140_R","AP54RH504_tml.IO_Leakage","passCurrentHigh_uA",24410780,"AP54RHC244_TRUTH_TABLE",0,1,"PIN9",1,"P1","","",-0.2,"<=",0,"uA","<=",0.6,"P",0.01,84.371,""
1,"A244_IOZLH_550_R","AP54RH504_tml.IO_Leakage","passCurrentLow_uA",24410750,"AP54RHC244_TRUTH_TABLE",0,1,"PIN12",1,"P1","","",-0.2,"<=",0,"uA","<=",0.1,"P",87.907,90.379,""
1,"A244_IOZLH_550_R","AP54RH504_tml.IO_Leakage","passCurrentLow_uA",24410750,"AP54RHC244_TRUTH_TABLE",0,1,"PIN14",1,"P1","","",-0.2,"<=",0,"uA","<=",0.1,"P",87.907,90.379,""
1,"A244_IOZLH_550_R","AP54RH504_tml.IO_Leakage","passCurrentLow_uA",24410750,"AP54RHC244_TRUTH_TABLE",0,1,"PIN16",1,"P1","","",-0.2,"<=",0,"uA","<=",0.1,"P",87.907,90.379,""
1,"A244_IOZLH_550_R","AP54RH504_tml.IO_Leakage","passCurrentLow_uA",24410750,"AP54RHC244_TRUTH_TABLE",0,1,"PIN18",1,"P1","","",-0.2,"<=",-0.001,"uA","<=",0.1,"P",87.907,90.379,""
1,"A244_IOZLH_550_R","AP54RH504_tml.IO_Leakage","passCurrentLow_uA",24410750,"AP54RHC244_TRUTH_TABLE",0,1,"PIN3",1,"P1","","",-0.2,"<=",0,"uA","<=",0.1,"P",87.907,90.379,""
1,"A244_IOZLH_550_R","AP54RH504_tml.IO_Leakage","passCurrentLow_uA",24410750,"AP54RHC244_TRUTH_TABLE",0,1,"PIN5",1,"P1","","",-0.2,"<=",-0.001,"uA","<=",0.1,"P",87.907,90.379,""
1,"A244_IOZLH_550_R","AP54RH504_tml.IO_Leakage","passCurrentLow_uA",24410750,"AP54RHC244_TRUTH_TABLE",0,1,"PIN7",1,"P1","","",-0.2,"<=",-0.001,"uA","<=",0.1,"P",87.907,90.379,""
1,"A244_IOZLH_550_R","AP54RH504_tml.IO_Leakage","passCurrentLow_uA",24410750,"AP54RHC244_TRUTH_TABLE",0,1,"PIN9",1,"P1","","",-0.2,"<=",0,"uA","<=",0.1,"P",87.907,90.379,""
1,"A244_IOZLH_550_R","AP54RH504_tml.IO_Leakage","passCurrentHigh_uA",24410760,"AP54RHC244_TRUTH_TABLE",0,1,"PIN12",1,"P1","","",-0.22,"<=",0.009,"uA","<=",0.22,"P",0.011,90.379,""
1,"A244_IOZLH_550_R","AP54RH504_tml.IO_Leakage","passCurrentHigh_uA",24410760,"AP54RHC244_TRUTH_TABLE",0,1,"PIN14",1,"P1","","",-0.22,"<=",0.001,"uA","<=",0.22,"P",0.011,90.379,""
1,"A244_IOZLH_550_R","AP54RH504_tml.IO_Leakage","passCurrentHigh_uA",24410760,"AP54RHC244_TRUTH_TABLE",0,1,"PIN16",1,"P1","","",-0.22,"<=",0,"uA","<=",0.22,"P",0.011,90.379,""
1,"A244_IOZLH_550_R","AP54RH504_tml.IO_Leakage","passCurrentHigh_uA",24410760,"AP54RHC244_TRUTH_TABLE",0,1,"PIN18",1,"P1","","",-0.22,"<=",0.001,"uA","<=",0.22,"P",0.011,90.379,""
1,"A244_IOZLH_550_R","AP54RH504_tml.IO_Leakage","passCurrentHigh_uA",24410760,"AP54RHC244_TRUTH_TABLE",0,1,"PIN3",1,"P1","","",-0.22,"<=",0.002,"uA","<=",0.22,"P",0.011,90.379,""
1,"A244_IOZLH_550_R","AP54RH504_tml.IO_Leakage","passCurrentHigh_uA",24410760,"AP54RHC244_TRUTH_TABLE",0,1,"PIN5",1,"P1","","",-0.22,"<=",0.002,"uA","<=",0.22,"P",0.011,90.379,""
1,"A244_IOZLH_550_R","AP54RH504_tml.IO_Leakage","passCurrentHigh_uA",24410760,"AP54RHC244_TRUTH_TABLE",0,1,"PIN7",1,"P1","","",-0.22,"<=",0,"uA","<=",0.22,"P",0.011,90.379,""
1,"A244_IOZLH_550_R","AP54RH504_tml.IO_Leakage","passCurrentHigh_uA",24410760,"AP54RHC244_TRUTH_TABLE",0,1,"PIN9",1,"P1","","",-0.22,"<=",0.001,"uA","<=",0.22,"P",0.011,90.379,""
1,"A244_T_PD_R","AP54RH504_tml.T_ENABLE_DISABLE","T_EDGE_HI_VCCY_4.5000",24418690,"AP54RHC244_TRAFFIC_ALL_OUT",0,1,"PIN12",1,"P1","","",***,"NA",6.5,"nS","<=",6.9,"P",104.77,1051.61,""
1,"A244_T_PD_R","AP54RH504_tml.T_ENABLE_DISABLE","T_EDGE_HI_VCCY_4.5000",24418690,"AP54RHC244_TRAFFIC_ALL_OUT",0,1,"PIN14",1,"P1","","",***,"NA",6.51,"nS","<=",6.9,"P",104.77,1051.61,""
1,"A244_T_PD_R","AP54RH504_tml.T_ENABLE_DISABLE","T_EDGE_HI_VCCY_4.5000",24418690,"AP54RHC244_TRAFFIC_ALL_OUT",0,1,"PIN16",1,"P1","","",***,"NA",6.55,"nS","<=",6.9,"P",104.77,1051.61,""
1,"A244_T_PD_R","AP54RH504_tml.T_ENABLE_DISABLE","T_EDGE_HI_VCCY_4.5000",24418690,"AP54RHC244_TRAFFIC_ALL_OUT",0,1,"PIN18",1,"P1","","",***,"NA",6.57,"nS","<=",6.9,"P",104.77,1051.61,""
1,"A244_T_PD_R","AP54RH504_tml.T_ENABLE_DISABLE","T_EDGE_HI_VCCY_4.5000",24418690,"AP54RHC244_TRAFFIC_ALL_OUT",0,1,"PIN3",1,"P1","","",***,"NA",6.57,"nS","<=",6.9,"P",104.77,1051.61,""
1,"A244_T_PD_R","AP54RH504_tml.T_ENABLE_DISABLE","T_EDGE_HI_VCCY_4.5000",24418690,"AP54RHC244_TRAFFIC_ALL_OUT",0,1,"PIN5",1,"P1","","",***,"NA",6.42,"nS","<=",6.9,"P",104.77,1051.61,""
1,"A244_T_PD_R","AP54RH504_tml.T_ENABLE_DISABLE","T_EDGE_HI_VCCY_4.5000",24418690,"AP54RHC244_TRAFFIC_ALL_OUT",0,1,"PIN7",1,"P1","","",***,"NA",6.47,"nS","<=",6.9,"P",104.77,1051.61,""
1,"A244_T_PD_R","AP54RH504_tml.T_ENABLE_DISABLE","T_EDGE_HI_VCCY_4.5000",24418690,"AP54RHC244_TRAFFIC_ALL_OUT",0,1,"PIN9",1,"P1","","",***,"NA",6.82,"nS","<=",6.9,"P",104.77,1051.61,""
1,"A244_T_PD_R","AP54RH504_tml.T_ENABLE_DISABLE","T_SKEW_HI_VCCY_4.5000",24418700,"AP54RHC244_TRAFFIC_ALL_OUT",0,1,"PIN12",1,"P1","","",***,"NA",0.4,"nS","<=",1,"P",0.01,1051.61,""
1,"A244_T_PD_R","AP54RH504_tml.T_ENABLE_DISABLE","T_EDGE_LO_VCCY_4.5000",24418850,"AP54RHC244_TRAFFIC_ALL_OUT",0,1,"PIN12",1,"P1","","",***,"NA",6.92,"nS","<=",6.9,"F",104.403,1051.61,""
1,"A244_T_PD_R","AP54RH504_tml.T_ENABLE_DISABLE","T_EDGE_LO_VCCY_4.5000",24418850,"AP54RHC244_TRAFFIC_ALL_OUT",0,1,"PIN14",1,"P1","","",***,"NA",6.77,"nS","<=",6.9,"P",104.403,1051.61,""
1,"A244_T_PD_R","AP54RH504_tml.T_ENABLE_DISABLE","T_EDGE_LO_VCCY_4.5000",24418850,"AP54RHC244_TRAFFIC_ALL_OUT",0,1,"PIN16",1,"P1","","",***,"NA",6.8,"nS","<=",6.9,"P",104.403,1051.61,""
1,"A244_T_PD_R","AP54RH504_tml.T_ENABLE_DISABLE","T_EDGE_LO_VCCY_4.5000",24418850,"AP54RHC244_TRAFFIC_ALL_OUT",0,1,"PIN18",1,"P1","","",***,"NA",6.83,"nS","<=",6.9,"P",104.403,1051.61,""
1,"A244_T_PD_R","AP54RH504_tml.T_ENABLE_DISABLE","T_EDGE_LO_VCCY_4.5000",24418850,"AP54RHC244_TRAFFIC_ALL_OUT",0,1,"PIN3",1,"P1","","",***,"NA",6.89,"nS","<=",6.9,"P",104.403,1051.61,""
1,"A244_T_PD_R","AP54RH504_tml.T_ENABLE_DISABLE","T_EDGE_LO_VCCY_4.5000",24418850,"AP54RHC244_TRAFFIC_ALL_OUT",0,1,"PIN5",1,"P1","","",***,"NA",6.7,"nS","<=",6.9,"P",104.403,1051.61,""
1,"A244_T_PD_R","AP54RH504_tml.T_ENABLE_DISABLE","T_EDGE_LO_VCCY_4.5000",24418850,"AP54RHC244_TRAFFIC_ALL_OUT",0,1,"PIN7",1,"P1","","",***,"NA",6.78,"nS","<=",6.9,"P",104.403,1051.61,""
1,"A244_T_PD_R","AP54RH504_tml.T_ENABLE_DISABLE","T_EDGE_LO_VCCY_4.5000",24418850,"AP54RHC244_TRAFFIC_ALL_OUT",0,1,"PIN9",1,"P1","","",***,"NA",6.91,"nS","<=",6.9,"F",104.403,1051.61,""
1,"A244_T_PD_R","AP54RH504_tml.T_ENABLE_DISABLE","T_SKEW_LO_VCCY_4.5000",24418860,"AP54RHC244_TRAFFIC_ALL_OUT",0,1,"PIN12",1,"P1","","",***,"NA",0.22,"nS","<=",1,"P",0.028,1051.61,""
1,"A244_T_PD_R","AP54RH504_tml.T_ENABLE_DISABLE","T_EDGE_HI_VCCY_3.0000",24418730,"AP54RHC244_TRAFFIC_ALL_OUT",0,1,"PIN12",1,"P1","","",***,"NA",7.88,"nS","<=",9.75,"P",107.492,1051.61,""
1,"A244_T_PD_R","AP54RH504_tml.T_ENABLE_DISABLE","T_EDGE_HI_VCCY_3.0000",24418730,"AP54RHC244_TRAFFIC_ALL_OUT",0,1,"PIN14",1,"P1","","",***,"NA",7.88,"nS","<=",9.75,"P",107.492,1051.61,""
1,"A244_T_PD_R","AP54RH504_tml.T_ENABLE_DISABLE","T_EDGE_HI_VCCY_3.0000",24418730,"AP54RHC244_TRAFFIC_ALL_OUT",0,1,"PIN16",1,"P1","","",***,"NA",7.94,"nS","<=",9.75,"P",107.492,1051.61,""
1,"A244_T_PD_R","AP54RH504_tml.T_ENABLE_DISABLE","T_EDGE_HI_VCCY_3.0000",24418730,"AP54RHC244_TRAFFIC_ALL_OUT",0,1,"PIN18",1,"P1","","",***,"NA",7.93,"nS","<=",9.75,"P",107.492,1051.61,""
1,"A244_T_PD_R","AP54RH504_tml.T_ENABLE_DISABLE","T_EDGE_HI_VCCY_3.0000",24418730,"AP54RHC244_TRAFFIC_ALL_OUT",0,1,"PIN3",1,"P1","","",***,"NA",7.97,"nS","<=",9.75,"P",107.492,1051.61,""
1,"A244_T_PD_R","AP54RH504_tml.T_ENABLE_DISABLE","T_EDGE_HI_VCCY_3.0000",24418730,"AP54RHC244_TRAFFIC_ALL_OUT",0,1,"PIN5",1,"P1","","",***,"NA",7.79,"nS","<=",9.75,"P",107.492,1051.61,""
1,"A244_T_PD_R","AP54RH504_tml.T_ENABLE_DISABLE","T_EDGE_HI_VCCY_3.0000",24418730,"AP54RHC244_TRAFFIC_ALL_OUT",0,1,"PIN7",1,"P1","","",***,"NA",7.82,"nS","<=",9.75,"P",107.492,1051.61,""
1,"A244_T_PD_R","AP54RH504_tml.T_ENABLE_DISABLE","T_EDGE_HI_VCCY_3.0000",24418730,"AP54RHC244_TRAFFIC_ALL_OUT",0,1,"PIN9",1,"P1","","",***,"NA",8.13,"nS","<=",9.75,"P",107.492,1051.61,""
1,"A244_T_PD_R","AP54RH504_tml.T_ENABLE_DISABLE","T_SKEW_HI_VCCY_3.0000",24418740,"AP54RHC244_TRAFFIC_ALL_OUT",0,1,"PIN12",1,"P1","","",***,"NA",0.34,"nS","<=",1,"P",0.012,1051.61,""
1,"A244_T_PD_R","AP54RH504_tml.T_ENABLE_DISABLE","T_EDGE_LO_VCCY_3.0000",24418890,"AP54RHC244_TRAFFIC_ALL_OUT",0,1,"PIN12",1,"P1","","",***,"NA",8.8,"nS","<=",9.75,"P",112.749,1051.61,""
1,"A244_T_PD_R","AP54RH504_tml.T_ENABLE_DISABLE","T_EDGE_LO_VCCY_3.0000",24418890,"AP54RHC244_TRAFFIC_ALL_OUT",0,1,"PIN14",1,"P1","","",***,"NA",8.67,"nS","<=",9.75,"P",112.749,1051.61,""
1,"A244_T_PD_R","AP54RH504_tml.T_ENABLE_DISABLE","T_EDGE_LO_VCCY_3.0000",24418890,"AP54RHC244_TRAFFIC_ALL_OUT",0,1,"PIN16",1,"P1","","",***,"NA",8.51,"nS","<=",9.75,"P",112.749,1051.61,""
1,"A244_T_PD_R","AP54RH504_tml.T_ENABLE_DISABLE","T_EDGE_LO_VCCY_3.0000",24418890,"AP54RHC244_TRAFFIC_ALL_OUT",0,1,"PIN18",1,"P1","","",***,"NA",8.68,"nS","<=",9.75,"P",112.749,1051.61,""
1,"A244_T_PD_R","AP54RH504_tml.T_ENABLE_DISABLE","T_EDGE_LO_VCCY_3.0000",24418890,"AP54RHC244_TRAFFIC_ALL_OUT",0,1,"PIN3",1,"P1","","",***,"NA",8.74,"nS","<=",9.75,"P",112.749,1051.61,""
1,"A244_T_PD_R","AP54RH504_tml.T_ENABLE_DISABLE","T_EDGE_LO_VCCY_3.0000",24418890,"AP54RHC244_TRAFFIC_ALL_OUT",0,1,"PIN5",1,"P1","","",***,"NA",8.7,"nS","<=",9.75,"P",112.749,1051.61,""
1,"A244_T_PD_R","AP54RH504_tml.T_ENABLE_DISABLE","T_EDGE_LO_VCCY_3.0000",24418890,"AP54RHC244_TRAFFIC_ALL_OUT",0,1,"PIN7",1,"P1","","",***,"NA",8.69,"nS","<=",9.75,"P",112.749,1051.61,""
1,"A244_T_PD_R","AP54RH504_tml.T_ENABLE_DISABLE","T_EDGE_LO_VCCY_3.0000",24418890,"AP54RHC244_TRAFFIC_ALL_OUT",0,1,"PIN9",1,"P1","","",***,"NA",8.71,"nS","<=",9.75,"P",112.749,1051.61,""
1,"A244_T_PD_R","AP54RH504_tml.T_ENABLE_DISABLE","T_SKEW_LO_VCCY_3.0000",24418900,"AP54RHC244_TRAFFIC_ALL_OUT",0,1,"PIN12",1,"P1","","",***,"NA",0.29,"nS","<=",1,"P",0.012,1051.61,""
1,"A244_T_PD_R","AP54RH504_tml.T_ENABLE_DISABLE","T_EDGE_HI_VCCY_2.3000",24418770,"AP54RHC244_TRAFFIC_ALL_OUT",0,1,"PIN12",1,"P1","","",***,"NA",9.93,"nS","<=",13.5,"P",102.01,1051.61,""
1,"A244_T_PD_R","AP54RH504_tml.T_ENABLE_DISABLE","T_EDGE_HI_VCCY_2.3000",24418770,"AP54RHC244_TRAFFIC_ALL_OUT",0,1,"PIN14",1,"P1","","",***,"NA",9.9,"nS","<=",13.5,"P",102.01,1051.61,""
1,"A244_T_PD_R","AP54RH504_tml.T_ENABLE_DISABLE","T_EDGE_HI_VCCY_2.3000",24418770,"AP54RHC244_TRAFFIC_ALL_OUT",0,1,"PIN16",1,"P1","","",***,"NA",9.97,"nS","<=",13.5,"P",102.01,1051.61,""
1,"A244_T_PD_R","AP54RH504_tml.T_ENABLE_DISABLE","T_EDGE_HI_VCCY_2.3000",24418770,"AP54RHC244_TRAFFIC_ALL_OUT",0,1,"PIN18",1,"P1","","",***,"NA",9.96,"nS","<=",13.5,"P",102.01,1051.61,""
1,"A244_T_PD_R","AP54RH504_tml.T_ENABLE_DISABLE","T_EDGE_HI_VCCY_2.3000",24418770,"AP54RHC244_TRAFFIC_ALL_OUT",0,1,"PIN3",1,"P1","","",***,"NA",10,"nS","<=",13.5,"P",102.01,1051.61,""
1,"A244_T_PD_R","AP54RH504_tml.T_ENABLE_DISABLE","T_EDGE_HI_VCCY_2.3000",24418770,"AP54RHC244_TRAFFIC_ALL_OUT",0,1,"PIN5",1,"P1","","",***,"NA",9.86,"nS","<=",13.5,"P",102.01,1051.61,""
1,"A244_T_PD_R","AP54RH504_tml.T_ENABLE_DISABLE","T_EDGE_HI_VCCY_2.3000",24418770,"AP54RHC244_TRAFFIC_ALL_OUT",0,1,"PIN7",1,"P1","","",***,"NA",9.87,"nS","<=",13.5,"P",102.01,1051.61,""
1,"A244_T_PD_R","AP54RH504_tml.T_ENABLE_DISABLE","T_EDGE_HI_VCCY_2.3000",24418770,"AP54RHC244_TRAFFIC_ALL_OUT",0,1,"PIN9",1,"P1","","",***,"NA",10.22,"nS","<=",13.5,"P",102.01,1051.61,""
1,"A244_T_PD_R","AP54RH504_tml.T_ENABLE_DISABLE","T_SKEW_HI_VCCY_2.3000",24418780,"AP54RHC244_TRAFFIC_ALL_OUT",0,1,"PIN12",1,"P1","","",***,"NA",0.36,"nS","<=",1.5,"P",0.01,1051.61,""
1,"A244_T_PD_R","AP54RH504_tml.T_ENABLE_DISABLE","T_EDGE_LO_VCCY_2.3000",24418930,"AP54RHC244_TRAFFIC_ALL_OUT",0,1,"PIN12",1,"P1","","",***,"NA",11,"nS","<=",13.5,"P",103.113,1051.61,""
1,"A244_T_PD_R","AP54RH504_tml.T_ENABLE_DISABLE","T_EDGE_LO_VCCY_2.3000",24418930,"AP54RHC244_TRAFFIC_ALL_OUT",0,1,"PIN14",1,"P1","","",***,"NA",10.92,"nS","<=",13.5,"P",103.113,1051.61,""
1,"A244_T_PD_R","AP54RH504_tml.T_ENABLE_DISABLE","T_EDGE_LO_VCCY_2.3000",24418930,"AP54RHC244_TRAFFIC_ALL_OUT",0,1,"PIN16",1,"P1","","",***,"NA",10.45,"nS","<=",13.5,"P",103.113,1051.61,""
1,"A244_T_PD_R","AP54RH504_tml.T_ENABLE_DISABLE","T_EDGE_LO_VCCY_2.3000",24418930,"AP54RHC244_TRAFFIC_ALL_OUT",0,1,"PIN18",1,"P1","","",***,"NA",10.9,"nS","<=",13.5,"P",103.113,1051.61,""
1,"A244_T_PD_R","AP54RH504_tml.T_ENABLE_DISABLE","T_EDGE_LO_VCCY_2.3000",24418930,"AP54RHC244_TRAFFIC_ALL_OUT",0,1,"PIN3",1,"P1","","",***,"NA",10.93,"nS","<=",13.5,"P",103.113,1051.61,""
1,"A244_T_PD_R","AP54RH504_tml.T_ENABLE_DISABLE","T_EDGE_LO_VCCY_2.3000",24418930,"AP54RHC244_TRAFFIC_ALL_OUT",0,1,"PIN5",1,"P1","","",***,"NA",11.12,"nS","<=",13.5,"P",103.113,1051.61,""
1,"A244_T_PD_R","AP54RH504_tml.T_ENABLE_DISABLE","T_EDGE_LO_VCCY_2.3000",24418930,"AP54RHC244_TRAFFIC_ALL_OUT",0,1,"PIN7",1,"P1","","",***,"NA",10.94,"nS","<=",13.5,"P",103.113,1051.61,""
1,"A244_T_PD_R","AP54RH504_tml.T_ENABLE_DISABLE","T_EDGE_LO_VCCY_2.3000",24418930,"AP54RHC244_TRAFFIC_ALL_OUT",0,1,"PIN9",1,"P1","","",***,"NA",10.85,"nS","<=",13.5,"P",103.113,1051.61,""
1,"A244_T_PD_R","AP54RH504_tml.T_ENABLE_DISABLE","T_SKEW_LO_VCCY_2.3000",24418940,"AP54RHC244_TRAFFIC_ALL_OUT",0,1,"PIN12",1,"P1","","",***,"NA",0.67,"nS","<=",1.5,"P",0.011,1051.61,""
1,"A244_T_PD_R","AP54RH504_tml.T_ENABLE_DISABLE","T_EDGE_HI_VCCY_1.6500",24418810,"AP54RHC244_TRAFFIC_ALL_OUT",0,1,"PIN12",1,"P1","","",***,"NA",14.84,"nS","<=",20.5,"P",105.383,1051.61,""
1,"A244_T_PD_R","AP54RH504_tml.T_ENABLE_DISABLE","T_EDGE_HI_VCCY_1.6500",24418810,"AP54RHC244_TRAFFIC_ALL_OUT",0,1,"PIN14",1,"P1","","",***,"NA",14.79,"nS","<=",20.5,"P",105.383,1051.61,""
1,"A244_T_PD_R","AP54RH504_tml.T_ENABLE_DISABLE","T_EDGE_HI_VCCY_1.6500",24418810,"AP54RHC244_TRAFFIC_ALL_OUT",0,1,"PIN16",1,"P1","","",***,"NA",14.82,"nS","<=",20.5,"P",105.383,1051.61,""
1,"A244_T_PD_R","AP54RH504_tml.T_ENABLE_DISABLE","T_EDGE_HI_VCCY_1.6500",24418810,"AP54RHC244_TRAFFIC_ALL_OUT",0,1,"PIN18",1,"P1","","",***,"NA",14.81,"nS","<=",20.5,"P",105.383,1051.61,""
1,"A244_T_PD_R","AP54RH504_tml.T_ENABLE_DISABLE","T_EDGE_HI_VCCY_1.6500",24418810,"AP54RHC244_TRAFFIC_ALL_OUT",0,1,"PIN3",1,"P1","","",***,"NA",14.87,"nS","<=",20.5,"P",105.383,1051.61,""
1,"A244_T_PD_R","AP54RH504_tml.T_ENABLE_DISABLE","T_EDGE_HI_VCCY_1.6500",24418810,"AP54RHC244_TRAFFIC_ALL_OUT",0,1,"PIN5",1,"P1","","",***,"NA",14.73,"nS","<=",20.5,"P",105.383,1051.61,""
1,"A244_T_PD_R","AP54RH504_tml.T_ENABLE_DISABLE","T_EDGE_HI_VCCY_1.6500",24418810,"AP54RHC244_TRAFFIC_ALL_OUT",0,1,"PIN7",1,"P1","","",***,"NA",14.76,"nS","<=",20.5,"P",105.383,1051.61,""
1,"A244_T_PD_R","AP54RH504_tml.T_ENABLE_DISABLE","T_EDGE_HI_VCCY_1.6500",24418810,"AP54RHC244_TRAFFIC_ALL_OUT",0,1,"PIN9",1,"P1","","",***,"NA",15.15,"nS","<=",20.5,"P",105.383,1051.61,""
1,"A244_T_PD_R","AP54RH504_tml.T_ENABLE_DISABLE","T_SKEW_HI_VCCY_1.6500",24418820,"AP54RHC244_TRAFFIC_ALL_OUT",0,1,"PIN12",1,"P1","","",***,"NA",0.42,"nS","<=",2,"P",0.012,1051.61,""
1,"A244_T_PD_R","AP54RH504_tml.T_ENABLE_DISABLE","T_EDGE_LO_VCCY_1.6500",24418970,"AP54RHC244_TRAFFIC_ALL_OUT",0,1,"PIN12",1,"P1","","",***,"NA",16.95,"nS","<=",20.5,"P",101.348,1051.61,""
1,"A244_T_PD_R","AP54RH504_tml.T_ENABLE_DISABLE","T_EDGE_LO_VCCY_1.6500",24418970,"AP54RHC244_TRAFFIC_ALL_OUT",0,1,"PIN14",1,"P1","","",***,"NA",16.66,"nS","<=",20.5,"P",101.348,1051.61,""
1,"A244_T_PD_R","AP54RH504_tml.T_ENABLE_DISABLE","T_EDGE_LO_VCCY_1.6500",24418970,"AP54RHC244_TRAFFIC_ALL_OUT",0,1,"PIN16",1,"P1","","",***,"NA",15.44,"nS","<=",20.5,"P",101.348,1051.61,""
1,"A244_T_PD_R","AP54RH504_tml.T_ENABLE_DISABLE","T_EDGE_LO_VCCY_1.6500",24418970,"AP54RHC244_TRAFFIC_ALL_OUT",0,1,"PIN18",1,"P1","","",***,"NA",16.56,"nS","<=",20.5,"P",101.348,1051.61,""
1,"A244_T_PD_R","AP54RH504_tml.T_ENABLE_DISABLE","T_EDGE_LO_VCCY_1.6500",24418970,"AP54RHC244_TRAFFIC_ALL_OUT",0,1,"PIN3",1,"P1","","",***,"NA",16.65,"nS","<=",20.5,"P",101.348,1051.61,""
1,"A244_T_PD_R","AP54RH504_tml.T_ENABLE_DISABLE","T_EDGE_LO_VCCY_1.6500",24418970,"AP54RHC244_TRAFFIC_ALL_OUT",0,1,"PIN5",1,"P1","","",***,"NA",17.02,"nS","<=",20.5,"P",101.348,1051.61,""
1,"A244_T_PD_R","AP54RH504_tml.T_ENABLE_DISABLE","T_EDGE_LO_VCCY_1.6500",24418970,"AP54RHC244_TRAFFIC_ALL_OUT",0,1,"PIN7",1,"P1","","",***,"NA",16.75,"nS","<=",20.5,"P",101.348,1051.61,""
1,"A244_T_PD_R","AP54RH504_tml.T_ENABLE_DISABLE","T_EDGE_LO_VCCY_1.6500",24418970,"AP54RHC244_TRAFFIC_ALL_OUT",0,1,"PIN9",1,"P1","","",***,"NA",16.83,"nS","<=",20.5,"P",101.348,1051.61,""
1,"A244_T_PD_R","AP54RH504_tml.T_ENABLE_DISABLE","T_SKEW_LO_VCCY_1.6500",24418972,"AP54RHC244_TRAFFIC_ALL_OUT",0,1,"PIN12",1,"P1","","",***,"NA",1.58,"nS","<=",2,"P",0.011,1051.61,""
1,"A244_T_PD_R","AP54RH504_tml.T_ENABLE_DISABLE","T_EDGE_HI_VCCY_1.4000",24418976,"AP54RHC244_TRAFFIC_ALL_OUT",0,1,"PIN12",1,"P1","","",***,"NA",20.48,"nS","<=",45,"P",100.828,1051.61,""
1,"A244_T_PD_R","AP54RH504_tml.T_ENABLE_DISABLE","T_EDGE_HI_VCCY_1.4000",24418976,"AP54RHC244_TRAFFIC_ALL_OUT",0,1,"PIN14",1,"P1","","",***,"NA",20.57,"nS","<=",45,"P",100.828,1051.61,""
1,"A244_T_PD_R","AP54RH504_tml.T_ENABLE_DISABLE","T_EDGE_HI_VCCY_1.4000",24418976,"AP54RHC244_TRAFFIC_ALL_OUT",0,1,"PIN16",1,"P1","","",***,"NA",20.47,"nS","<=",45,"P",100.828,1051.61,""
1,"A244_T_PD_R","AP54RH504_tml.T_ENABLE_DISABLE","T_EDGE_HI_VCCY_1.4000",24418976,"AP54RHC244_TRAFFIC_ALL_OUT",0,1,"PIN18",1,"P1","","",***,"NA",20.47,"nS","<=",45,"P",100.828,1051.61,""
1,"A244_T_PD_R","AP54RH504_tml.T_ENABLE_DISABLE","T_EDGE_HI_VCCY_1.4000",24418976,"AP54RHC244_TRAFFIC_ALL_OUT",0,1,"PIN3",1,"P1","","",***,"NA",20.61,"nS","<=",45,"P",100.828,1051.61,""
1,"A244_T_PD_R","AP54RH504_tml.T_ENABLE_DISABLE","T_EDGE_HI_VCCY_1.4000",24418976,"AP54RHC244_TRAFFIC_ALL_OUT",0,1,"PIN5",1,"P1","","",***,"NA",20.39,"nS","<=",45,"P",100.828,1051.61,""
1,"A244_T_PD_R","AP54RH504_tml.T_ENABLE_DISABLE","T_EDGE_HI_VCCY_1.4000",24418976,"AP54RHC244_TRAFFIC_ALL_OUT",0,1,"PIN7",1,"P1","","",***,"NA",20.55,"nS","<=",45,"P",100.828,1051.61,""
1,"A244_T_PD_R","AP54RH504_tml.T_ENABLE_DISABLE","T_EDGE_HI_VCCY_1.4000",24418976,"AP54RHC244_TRAFFIC_ALL_OUT",0,1,"PIN9",1,"P1","","",***,"NA",20.96,"nS","<=",45,"P",100.828,1051.61,""
1,"A244_T_PD_R","AP54RH504_tml.T_ENABLE_DISABLE","T_SKEW_HI_VCCY_1.4000",24418980,"AP54RHC244_TRAFFIC_ALL_OUT",0,1,"PIN12",1,"P1","","",***,"NA",0.57,"nS","<=",2,"P",0.01,1051.61,""
1,"A244_T_PD_R","AP54RH504_tml.T_ENABLE_DISABLE","T_EDGE_LO_VCCY_1.4000",24418974,"AP54RHC244_TRAFFIC_ALL_OUT",0,1,"PIN12",1,"P1","","",***,"NA",20.99,"nS","<=",45,"P",100.774,1051.61,""
1,"A244_T_PD_R","AP54RH504_tml.T_ENABLE_DISABLE","T_EDGE_LO_VCCY_1.4000",24418974,"AP54RHC244_TRAFFIC_ALL_OUT",0,1,"PIN14",1,"P1","","",***,"NA",20.73,"nS","<=",45,"P",100.774,1051.61,""
1,"A244_T_PD_R","AP54RH504_tml.T_ENABLE_DISABLE","T_EDGE_LO_VCCY_1.4000",24418974,"AP54RHC244_TRAFFIC_ALL_OUT",0,1,"PIN16",1,"P1","","",***,"NA",19.32,"nS","<=",45,"P",100.774,1051.61,""
1,"A244_T_PD_R","AP54RH504_tml.T_ENABLE_DISABLE","T_EDGE_LO_VCCY_1.4000",24418974,"AP54RHC244_TRAFFIC_ALL_OUT",0,1,"PIN18",1,"P1","","",***,"NA",20.42,"nS","<=",45,"P",100.774,1051.61,""
1,"A244_T_PD_R","AP54RH504_tml.T_ENABLE_DISABLE","T_EDGE_LO_VCCY_1.4000",24418974,"AP54RHC244_TRAFFIC_ALL_OUT",0,1,"PIN3",1,"P1","","",***,"NA",20.78,"nS","<=",45,"P",100.774,1051.61,""
1,"A244_T_PD_R","AP54RH504_tml.T_ENABLE_DISABLE","T_EDGE_LO_VCCY_1.4000",24418974,"AP54RHC244_TRAFFIC_ALL_OUT",0,1,"PIN5",1,"P1","","",***,"NA",21.17,"nS","<=",45,"P",100.774,1051.61,""
1,"A244_T_PD_R","AP54RH504_tml.T_ENABLE_DISABLE","T_EDGE_LO_VCCY_1.4000",24418974,"AP54RHC244_TRAFFIC_ALL_OUT",0,1,"PIN7",1,"P1","","",***,"NA",20.89,"nS","<=",45,"P",100.774,1051.61,""
1,"A244_T_PD_R","AP54RH504_tml.T_ENABLE_DISABLE","T_EDGE_LO_VCCY_1.4000",24418974,"AP54RHC244_TRAFFIC_ALL_OUT",0,1,"PIN9",1,"P1","","",***,"NA",20.98,"nS","<=",45,"P",100.774,1051.61,""
1,"A244_T_PD_R","AP54RH504_tml.T_ENABLE_DISABLE","T_SKEW_LO_VCCY_1.4000",24418978,"AP54RHC244_TRAFFIC_ALL_OUT",0,1,"PIN12",1,"P1","","",***,"NA",1.85,"nS","<=",2,"P",0.01,1051.61,""