0.1,0.2,0.3,0.4,0.5,0.6,0.7,0.8,0.9,1,1,1,1,1,1,1,1,1,1,1,1,1,1,1
0.2,lotid,AF244tritempdata,,ld_id,,,,part_id,1,2,3,4,5,6,7,8,9,10,11,12,12,13,14
0.3,sublotid,May13,,dib_id,629,,,temp,,,,,,,,,,,,,,,
0.4,start_t,2025-05-13 12:40:42,,pc_id,,,,x_coord,-32768,-32768,-32768,-32768,-32768,-32768,-32768,-32768,-32768,-32768,-32768,-32768,-32768,-32768,-32768
0.5,program,AP54RHC244_FT300K_manual.prog,,,,,,y_coord,-32768,-32768,-32768,-32768,-32768,-32768,-32768,-32768,-32768,-32768,-32768,-32768,-32768,-32768,-32768
0.6,tester_type,93000-SOC,,,,,,wafer_id,,,,,,,,,,,,,,,
0.7,tester_id,smartscale3,,,,,,soft_bin,10,10,10,10,10,10,10,10,10,10,10,5,10,10,10
0.8,handler,,,,,,,hard_bin,3,3,3,3,3,3,3,3,3,3,3,2,3,3,3
0.85,finish_t,2025-05-13 14:18:08,,,,,,testtime,329606,243934,254130,249196,233982,293777,249200,244237,249006,259391,388968,36,239188,259139,253880
0.90,job_rev,,,,,,,site,1,1,1,1,1,1,1,1,1,1,1,1,1,1,1
0.901000,,,,,,,,source_dataset,"smartscale3_AF54RHC244_FT_3d01_lot_AF244tritempdata_sub_May13_Build_99_2025May13_11h40_999_BRD_629.stdf","smartscale3_AF54RHC244_FT_3d01_lot_AF244tritempdata_sub_May13_Build_99_2025May13_11h40_999_BRD_629.stdf","smartscale3_AF54RHC244_FT_3d01_lot_AF244tritempdata_sub_May13_Build_99_2025May13_11h40_999_BRD_629.stdf","smartscale3_AF54RHC244_FT_3d01_lot_AF244tritempdata_sub_May13_Build_99_2025May13_11h40_999_BRD_629.stdf","smartscale3_AF54RHC244_FT_3d01_lot_AF244tritempdata_sub_May13_Build_99_2025May13_11h40_999_BRD_629.stdf","smartscale3_AF54RHC244_FT_3d01_lot_AF244tritempdata_sub_May13_Build_99_2025May13_11h40_999_BRD_629.stdf","smartscale3_AF54RHC244_FT_3d01_lot_AF244tritempdata_sub_May13_Build_99_2025May13_11h40_999_BRD_629.stdf","smartscale3_AF54RHC244_FT_3d01_lot_AF244tritempdata_sub_May13_Build_99_2025May13_11h40_999_BRD_629.stdf","smartscale3_AF54RHC244_FT_3d01_lot_AF244tritempdata_sub_May13_Build_99_2025May13_11h40_999_BRD_629.stdf","smartscale3_AF54RHC244_FT_3d01_lot_AF244tritempdata_sub_May13_Build_99_2025May13_11h40_999_BRD_629.stdf","smartscale3_AF54RHC244_FT_3d01_lot_AF244tritempdata_sub_May13_Build_99_2025May13_11h40_999_BRD_629.stdf","smartscale3_AF54RHC244_FT_3d01_lot_AF244tritempdata_sub_May13_Build_99_2025May13_11h40_999_BRD_629.stdf","smartscale3_AF54RHC244_FT_3d01_lot_AF244tritempdata_sub_May13_Build_99_2025May13_11h40_999_BRD_629.stdf","smartscale3_AF54RHC244_FT_3d01_lot_AF244tritempdata_sub_May13_Build_99_2025May13_11h40_999_BRD_629.stdf","smartscale3_AF54RHC244_FT_3d01_lot_AF244tritempdata_sub_May13_Build_99_2025May13_11h40_999_BRD_629.stdf"
0.99,testnum,testname,scaler,units,ll,ul,plot_ll,plot_ul
2,0,A244_DPS_CONNECT:DPS_ForceSense[1]#VCC_PIN20,_,,,,,,0,0,0,0,0,0,0,0,0,0,0,0,0,0,0
2,24410000,A244_OPENS:passLimit_uA_mV[1]/PIN1,_,V,-0.800000011920929,-0.100000001490116,,,-0.291498988866806,-0.321951985359192,-0.315941005945206,-0.326130002737045,-0.321379005908966,-0.324526995420456,-0.307927995920181,-0.319375991821289,-0.324012011289597,-0.323439985513687,-0.319375991821289,-3.92519402503967,-0.34977000951767,-0.341241985559464,-0.329163998365402
2,24410000,A244_OPENS:passLimit_uA_mV[1]/PIN11,_,V,-0.800000011920929,-0.100000001490116,,,-0.291258990764618,-0.32157701253891,-0.316143006086349,-0.326554000377655,-0.32157701253891,-0.324151992797852,-0.307390987873077,-0.320948004722595,-0.323808014392853,-0.322607010602951,-0.319117993116379,-3.9192910194397,-0.350865989923477,-0.342285007238388,-0.328956991434097
2,24410000,A244_OPENS:passLimit_uA_mV[1]/PIN12,_,V,-0.800000011920929,-0.100000001490116,,,-0.291545003652573,-0.321406006813049,-0.316029012203217,-0.326382994651794,-0.321806013584137,-0.324551999568939,-0.307218998670578,-0.320432990789413,-0.323922991752625,-0.322663992643356,-0.319346010684967,-3.95607399940491,-0.34995099902153,-0.34222799539566,-0.328956991434097
2,24410000,A244_OPENS:passLimit_uA_mV[1]/PIN13,_,V,-0.800000011920929,-0.100000001490116,,,-0.291478991508484,-0.321224987506866,-0.315791010856628,-0.32608699798584,-0.321624994277954,-0.324656993150711,-0.306753009557724,-0.321110993623734,-0.323855996131897,-0.322654992341995,-0.319622993469238,-3.94978308677673,-0.350340992212296,-0.341989994049072,-0.329519003629684
2,24410000,A244_OPENS:passLimit_uA_mV[1]/PIN14,_,V,-0.800000011920929,-0.100000001490116,,,-0.291079014539719,-0.321224987506866,-0.315791010856628,-0.326258987188339,-0.321281999349594,-0.323799014091492,-0.307267010211945,-0.320423990488052,-0.323742002248764,-0.322254985570908,-0.319909006357193,-3.92158198356628,-0.349826008081436,-0.342676013708115,-0.329118996858597
2,24410000,A244_OPENS:passLimit_uA_mV[1]/PIN15,_,V,-0.800000011920929,-0.100000001490116,,,-0.291601985692978,-0.321348994970322,-0.315571010112762,-0.32592499256134,-0.320890992879868,-0.324093997478485,-0.306704014539719,-0.320262014865875,-0.323866009712219,-0.322149008512497,-0.319404006004333,-3.93605208396912,-0.350180000066757,-0.342114001512527,-0.328956991434097
2,24410000,A244_OPENS:passLimit_uA_mV[1]/PIN16,_,V,-0.800000011920929,-0.100000001490116,,,-0.291736990213394,-0.321217000484467,-0.315549999475479,-0.325967997312546,-0.321617007255554,-0.324537009000778,-0.307191997766495,-0.319557011127472,-0.323448985815048,-0.323563992977142,-0.319613993167877,-3.9264509677887,-0.34909400343895,-0.341996014118195,-0.328943997621536
2,24410000,A244_OPENS:passLimit_uA_mV[1]/PIN17,_,V,-0.800000011920929,-0.100000001490116,,,-0.291671007871628,-0.320749014616013,-0.3160560131073,-0.325787007808685,-0.321206986904144,-0.324012011289597,-0.307469993829727,-0.319891005754471,-0.323612004518509,-0.322809994220734,-0.319947987794876,-3.945228099823,-0.349712997674942,-0.341641992330551,-0.329048991203308
2,24410000,A244_OPENS:passLimit_uA_mV[1]/PIN18,_,V,-0.800000011920929,-0.100000001490116,,,-0.291736990213394,-0.321388006210327,-0.316008001565933,-0.326139003038406,-0.321559995412827,-0.324250012636185,-0.307420998811722,-0.320185989141464,-0.323563992977142,-0.323220014572144,-0.319613993167877,-3.91992497444153,-0.348865002393723,-0.342166990041733,-0.329344987869263
2,24410000,A244_OPENS:passLimit_uA_mV[1]/PIN19,_,V,-0.800000011920929,-0.100000001490116,,,-0.292194992303848,-0.321559995412827,-0.31572100520134,-0.325738996267319,-0.321503013372421,-0.324135988950729,-0.307592988014221,-0.320243000984192,-0.323563992977142,-0.323276996612549,-0.319442003965378,-3.92845392227173,-0.349608987569809,-0.341823995113373,-0.329172998666763
2,24410000,A244_OPENS:passLimit_uA_mV[1]/PIN2,_,V,-0.800000011920929,-0.100000001490116,,,-0.292138010263443,-0.320872992277145,-0.315950006246567,-0.326539993286133,-0.321101993322372,-0.324880003929138,-0.307821989059448,-0.320185989141464,-0.323105990886688,-0.32218998670578,-0.319557011127472,-3.92255806922913,-0.34926500916481,-0.342568010091782,-0.329459011554718
2,24410000,A244_OPENS:passLimit_uA_mV[1]/PIN3,_,V,-0.800000011920929,-0.100000001490116,,,-0.291727989912033,-0.32149401307106,-0.315540999174118,-0.325729012489319,-0.321379005908966,-0.324068993330002,-0.307182997465134,-0.320234000682831,-0.324126988649368,-0.322753012180328,-0.31954699754715,-3.92107200622559,-0.349370002746582,-0.341986000537872,-0.329564988613129
2,24410000,A244_OPENS:passLimit_uA_mV[1]/PIN4,_,V,-0.800000011920929,-0.100000001490116,,,-0.291557013988495,-0.321379005908966,-0.315712004899979,-0.326130002737045,-0.320977985858917,-0.324355989694595,-0.307812988758087,-0.320234000682831,-0.324012011289597,-0.323383003473282,-0.319433003664017,-3.93938899040222,-0.349541991949081,-0.34238600730896,-0.329506993293762
2,24410000,A244_OPENS:passLimit_uA_mV[1]/PIN5,_,V,-0.800000011920929,-0.100000001490116,,,-0.291622012853622,-0.321330994367599,-0.315434992313385,-0.325509995222092,-0.322017997503281,-0.324708014726639,-0.30833700299263,-0.320015013217926,-0.323850005865097,-0.322304010391235,-0.320243000984192,-3.93085789680481,-0.350008994340897,-0.3418810069561,-0.328772991895676
2,24410000,A244_OPENS:passLimit_uA_mV[1]/PIN6,_,V,-0.800000011920929,-0.100000001490116,,,-0.291144996881485,-0.321348994970322,-0.315456002950668,-0.326097011566162,-0.320948004722595,-0.324438005685806,-0.30773401260376,-0.320318996906281,-0.324494987726212,-0.322721004486084,-0.320147007703781,-3.95126891136169,-0.348921000957489,-0.341771006584167,-0.329699993133545
2,24410000,A244_OPENS:passLimit_uA_mV[1]/PIN7,_,V,-0.800000011920929,-0.100000001490116,,,-0.291487991809845,-0.320719003677368,-0.315571010112762,-0.3262679874897,-0.321119993925095,-0.324723988771439,-0.307447999715805,-0.321119993925095,-0.323579996824265,-0.322950005531311,-0.319346010684967,-3.91099691390991,-0.349092990159988,-0.342799991369247,-0.329243004322052
2,24410000,A244_OPENS:passLimit_uA_mV[1]/PIN8,_,V,-0.800000011920929,-0.100000001490116,,,-0.291707992553711,-0.320825010538101,-0.315676003694534,-0.326658993959427,-0.320710003376007,-0.324656993150711,-0.307381987571716,-0.321339011192322,-0.323799014091492,-0.323399007320404,-0.319738000631332,-3.95464491844177,-0.349997997283936,-0.342218011617661,-0.329919993877411
2,24410000,A244_OPENS:passLimit_uA_mV[1]/PIN9,_,V,-0.800000011920929,-0.100000001490116,,,-0.292165994644165,-0.321110993623734,-0.315905004739761,-0.326202005147934,-0.321453988552094,-0.324200004339218,-0.307381987571716,-0.321110993623734,-0.324084997177124,-0.32294100522995,-0.319622993469238,-3.97294998168945,-0.35062700510025,-0.342503994703293,-0.329405009746552
2,24410024,A244_SHORTS:passLimit_uA_mV[1]/PIN1,_,V,-0.800000011920929,-0.100000001490116,,,-0.291498988866806,-0.32183700799942,-0.315883994102478,-0.326130002737045,-0.321265012025833,-0.324470013380051,-0.307985007762909,-0.319317996501923,-0.324012011289597,-0.323439985513687,-0.319261014461517,,-0.349712997674942,-0.341183990240097,-0.329106986522675
2,24410024,A244_SHORTS:passLimit_uA_mV[1]/PIN11,_,V,-0.800000011920929,-0.100000001490116,,,-0.291202008724213,-0.321520000696182,-0.316143006086349,-0.326496988534927,-0.321520000696182,-0.324093997478485,-0.307447999715805,-0.320890992879868,-0.323866009712219,-0.322607010602951,-0.319059997797012,,-0.350751996040344,-0.34222799539566,-0.328900009393692
2,24410024,A244_SHORTS:passLimit_uA_mV[1]/PIN12,_,V,-0.800000011920929,-0.100000001490116,,,-0.291545003652573,-0.321406006813049,-0.316085994243622,-0.326324999332428,-0.321635007858276,-0.324494987726212,-0.307332992553711,-0.320432990789413,-0.323866009712219,-0.322492986917496,-0.319346010684967,,-0.34995099902153,-0.342114001512527,-0.328785002231598
2,24410024,A244_SHORTS:passLimit_uA_mV[1]/PIN13,_,V,-0.800000011920929,-0.100000001490116,,,-0.291478991508484,-0.321168005466461,-0.315791010856628,-0.32608699798584,-0.321568012237549,-0.324542999267578,-0.306753009557724,-0.321052998304367,-0.323855996131897,-0.322483003139496,-0.319508999586105,,-0.350398004055023,-0.341818004846573,-0.329519003629684
2,24410024,A244_SHORTS:passLimit_uA_mV[1]/PIN14,_,V,-0.800000011920929,-0.100000001490116,,,-0.291079014539719,-0.321168005466461,-0.315847992897034,-0.326144009828568,-0.321281999349594,-0.323855996131897,-0.307209998369217,-0.320367008447647,-0.32362699508667,-0.322369009256363,-0.319909006357193,,-0.349884003400803,-0.342447012662888,-0.329005002975464
2,24410024,A244_SHORTS:passLimit_uA_mV[1]/PIN15,_,V,-0.800000011920929,-0.100000001490116,,,-0.291601985692978,-0.321348994970322,-0.315513998270035,-0.325868010520935,-0.320834010839462,-0.324036985635757,-0.306760996580124,-0.320318996906281,-0.323866009712219,-0.322149008512497,-0.319288998842239,,-0.350180000066757,-0.3420569896698,-0.328956991434097
2,24410024,A244_SHORTS:passLimit_uA_mV[1]/PIN16,_,V,-0.800000011920929,-0.100000001490116,,,-0.291794002056122,-0.321330994367599,-0.315492004156113,-0.326025009155273,-0.321617007255554,-0.324479013681412,-0.307249009609222,-0.31938499212265,-0.323448985815048,-0.323448985815048,-0.319557011127472,,-0.34909400343895,-0.3418810069561,-0.328886985778809
2,24410024,A244_SHORTS:passLimit_uA_mV[1]/PIN17,_,V,-0.800000011920929,-0.100000001490116,,,-0.291671007871628,-0.320634990930557,-0.3160560131073,-0.325672000646591,-0.321092993021011,-0.323954999446869,-0.30758398771286,-0.319891005754471,-0.323439985513687,-0.322867006063461,-0.319947987794876,,-0.34977000951767,-0.341699987649918,-0.328934997320175
2,24410024,A244_SHORTS:passLimit_uA_mV[1]/PIN18,_,V,-0.800000011920929,-0.100000001490116,,,-0.291794002056122,-0.321388006210327,-0.315892994403839,-0.326196998357773,-0.321617007255554,-0.324135988950729,-0.307307004928589,-0.320129007101059,-0.323505997657776,-0.323105990886688,-0.319613993167877,,-0.348865002393723,-0.341996014118195,-0.329288005828857
2,24410024,A244_SHORTS:passLimit_uA_mV[1]/PIN19,_,V,-0.800000011920929,-0.100000001490116,,,-0.292138010263443,-0.321559995412827,-0.31572100520134,-0.325796008110046,-0.321446001529694,-0.324021011590958,-0.307536005973816,-0.320300996303558,-0.323563992977142,-0.323220014572144,-0.319442003965378,,-0.349665999412537,-0.341708987951279,-0.32905900478363
2,24410024,A244_SHORTS:passLimit_uA_mV[1]/PIN2,_,V,-0.800000011920929,-0.100000001490116,,,-0.292079985141754,-0.32081601023674,-0.315836012363434,-0.326483011245728,-0.3211590051651,-0.324880003929138,-0.307936012744904,-0.320129007101059,-0.323105990886688,-0.322418987751007,-0.319557011127472,,-0.34926500916481,-0.342510998249054,-0.32940199971199
2,24410024,A244_SHORTS:passLimit_uA_mV[1]/PIN3,_,V,-0.800000011920929,-0.100000001490116,,,-0.291727989912033,-0.32149401307106,-0.315540999174118,-0.325729012489319,-0.321321994066238,-0.324068993330002,-0.307182997465134,-0.320120006799698,-0.324126988649368,-0.322638005018234,-0.319489985704422,,-0.349370002746582,-0.341928988695145,-0.329564988613129
2,24410024,A244_SHORTS:passLimit_uA_mV[1]/PIN4,_,V,-0.800000011920929,-0.100000001490116,,,-0.2916139960289,-0.321321994066238,-0.315712004899979,-0.326245009899139,-0.321036010980606,-0.324297994375229,-0.307870000600815,-0.320120006799698,-0.324068993330002,-0.323439985513687,-0.319433003664017,,-0.349599003791809,-0.342328995466232,-0.329392999410629
2,24410024,A244_SHORTS:passLimit_uA_mV[1]/PIN5,_,V,-0.800000011920929,-0.100000001490116,,,-0.291622012853622,-0.321217000484467,-0.31537801027298,-0.325453013181686,-0.321902990341187,-0.324593991041183,-0.30833700299263,-0.319900006055832,-0.323792010545731,-0.322360992431641,-0.320071995258331,,-0.349952012300491,-0.341823995113373,-0.328714996576309
2,24410024,A244_SHORTS:passLimit_uA_mV[1]/PIN6,_,V,-0.800000011920929,-0.100000001490116,,,-0.291144996881485,-0.321406006813049,-0.315398991107941,-0.326097011566162,-0.320948004722595,-0.32438001036644,-0.307677000761032,-0.320318996906281,-0.324438005685806,-0.322721004486084,-0.320089995861053,,-0.348863989114761,-0.341771006584167,-0.32964301109314
2,24410024,A244_SHORTS:passLimit_uA_mV[1]/PIN7,_,V,-0.800000011920929,-0.100000001490116,,,-0.291545003652573,-0.320719003677368,-0.315571010112762,-0.326211005449295,-0.321119993925095,-0.324609011411667,-0.307447999715805,-0.321063011884689,-0.323579996824265,-0.322892993688583,-0.319346010684967,,-0.349150002002716,-0.342685997486115,-0.329243004322052
2,24410024,A244_SHORTS:passLimit_uA_mV[1]/PIN8,_,V,-0.800000011920929,-0.100000001490116,,,-0.291707992553711,-0.320825010538101,-0.315676003694534,-0.326602011919022,-0.320710003376007,-0.324600011110306,-0.307381987571716,-0.321339011192322,-0.323855996131897,-0.32328400015831,-0.319738000631332,,-0.349997997283936,-0.342103987932205,-0.329919993877411
2,24410024,A244_SHORTS:passLimit_uA_mV[1]/PIN9,_,V,-0.800000011920929,-0.100000001490116,,,-0.292165994644165,-0.321052998304367,-0.315847992897034,-0.32608699798584,-0.321397006511688,-0.324084997177124,-0.307381987571716,-0.321110993623734,-0.324084997177124,-0.322883993387222,-0.319508999586105,,-0.35062700510025,-0.342447012662888,-0.329347997903824
2,0,A244_OPENS_R:passLimit_uA_mV[1]/PIN1,_,V,-0.800000011920929,0.100000001490116,,,-0.303176999092102,-0.305637985467911,-0.304264008998871,-0.308443009853363,-0.309186995029449,-0.30758398771286,-0.309702008962631,-0.304035007953644,-0.307011991739273,-0.308842986822128,-0.30128800868988,,-0.318632006645203,-0.314280986785889,-0.308557003736496
2,0,A244_OPENS_R:passLimit_uA_mV[1]/PIN11,_,V,-0.800000011920929,0.100000001490116,,,-0.302870988845825,-0.305159986019135,-0.304529994726181,-0.308764010667801,-0.309392988681793,-0.307105004787445,-0.309163987636566,-0.305559992790222,-0.306876003742218,-0.307904988527298,-0.300927013158798,,-0.319460988044739,-0.31522798538208,-0.30842000246048
2,0,A244_OPENS_R:passLimit_uA_mV[1]/PIN12,_,V,-0.800000011920929,0.100000001490116,,,-0.303272008895874,-0.305045008659363,-0.304416000843048,-0.308591991662979,-0.309507012367249,-0.307447999715805,-0.309107005596161,-0.305101990699768,-0.30681899189949,-0.307963013648987,-0.301212996244431,,-0.318659991025925,-0.314999014139175,-0.308362990617752
2,0,A244_OPENS_R:passLimit_uA_mV[1]/PIN13,_,V,-0.800000011920929,0.100000001490116,,,-0.30314901471138,-0.304807990789413,-0.304120987653732,-0.308297008275986,-0.309556007385254,-0.307610988616943,-0.308526009321213,-0.305837005376816,-0.306753009557724,-0.307897001504898,-0.301375985145569,,-0.319050997495651,-0.314646989107132,-0.308925986289978
2,0,A244_OPENS_R:passLimit_uA_mV[1]/PIN14,_,V,-0.800000011920929,0.100000001490116,,,-0.302747994661331,-0.304751008749008,-0.304120987653732,-0.308468997478485,-0.309154987335205,-0.306809991598129,-0.309040993452072,-0.305036991834641,-0.306580990552902,-0.307668000459671,-0.301719009876251,,-0.318594008684158,-0.315333008766174,-0.308526009321213
2,0,A244_OPENS_R:passLimit_uA_mV[1]/PIN15,_,V,-0.800000011920929,0.100000001490116,,,-0.303328990936279,-0.305045008659363,-0.303957998752594,-0.308191001415253,-0.308820992708206,-0.306932985782623,-0.308535009622574,-0.304987996816635,-0.306760996580124,-0.307561993598938,-0.301212996244431,,-0.31877401471138,-0.314884006977081,-0.308362990617752
2,0,A244_OPENS_R:passLimit_uA_mV[1]/PIN16,_,V,-0.800000011920929,0.100000001490116,,,-0.303470999002457,-0.304960012435913,-0.303871989250183,-0.308223009109497,-0.309482008218765,-0.307478010654449,-0.309024006128311,-0.304215997457504,-0.306448012590408,-0.308737993240356,-0.301468014717102,,-0.317896991968155,-0.314747989177704,-0.30833700299263
2,0,A244_OPENS_R:passLimit_uA_mV[1]/PIN17,_,V,-0.800000011920929,0.100000001490116,,,-0.303348004817963,-0.304320991039276,-0.304264008998871,-0.307985007762909,-0.30901500582695,-0.306897014379501,-0.309300988912582,-0.304549992084503,-0.306497007608414,-0.308156996965408,-0.301860004663467,,-0.318459987640381,-0.314509987831116,-0.308499991893768
2,0,A244_OPENS_R:passLimit_uA_mV[1]/PIN18,_,V,-0.800000011920929,0.100000001490116,,,-0.303413987159729,-0.305074006319046,-0.304387003183365,-0.308508992195129,-0.309538990259171,-0.307249009609222,-0.309080988168716,-0.304903000593185,-0.30656298995018,-0.308452010154724,-0.301524996757507,,-0.317609995603561,-0.314976990222931,-0.308681011199951
2,0,A244_OPENS_R:passLimit_uA_mV[1]/PIN19,_,V,-0.800000011920929,0.100000001490116,,,-0.303871989250183,-0.30518901348114,-0.304158002138138,-0.308050990104675,-0.309424996376038,-0.307134985923767,-0.309367001056671,-0.304960012435913,-0.306504994630814,-0.308622986078262,-0.30129599571228,,-0.318468987941742,-0.314575999975204,-0.308622986078262
2,0,A244_OPENS_R:passLimit_uA_mV[1]/PIN2,_,V,-0.800000011920929,0.100000001490116,,,-0.30375799536705,-0.304444998502731,-0.304329991340637,-0.308622986078262,-0.309024006128311,-0.307879000902176,-0.309596002101898,-0.304903000593185,-0.306161999702454,-0.307707011699677,-0.301524996757507,,-0.318125993013382,-0.315492004156113,-0.308908998966217
2,0,A244_OPENS_R:passLimit_uA_mV[1]/PIN3,_,V,-0.800000011920929,0.100000001490116,,,-0.303406000137329,-0.305123001337051,-0.303921014070511,-0.308041989803314,-0.309244006872177,-0.307011991739273,-0.30901500582695,-0.304836988449097,-0.307182997465134,-0.308041989803314,-0.301402002573013,,-0.318116009235382,-0.31479600071907,-0.309071987867355
2,0,A244_OPENS_R:passLimit_uA_mV[1]/PIN4,_,V,-0.800000011920929,0.100000001490116,,,-0.30323401093483,-0.305065989494324,-0.304149985313416,-0.308328002691269,-0.30901500582695,-0.307354986667633,-0.309587985277176,-0.305007994174957,-0.307069003582001,-0.308728992938995,-0.301344990730286,,-0.318345010280609,-0.315254002809525,-0.308842986822128
2,0,A244_OPENS_R:passLimit_uA_mV[1]/PIN5,_,V,-0.800000011920929,0.100000001490116,,,-0.303243011236191,-0.304960012435913,-0.30375799536705,-0.307821989059448,-0.309882998466492,-0.307649999856949,-0.310169011354446,-0.304673999547958,-0.306849002838135,-0.307765007019043,-0.302098006010056,,-0.318812012672424,-0.314691007137299,-0.308165013790131
2,0,A244_OPENS_R:passLimit_uA_mV[1]/PIN6,_,V,-0.800000011920929,0.100000001490116,,,-0.30281400680542,-0.304987996816635,-0.303786993026733,-0.308306008577347,-0.308878004550934,-0.307447999715805,-0.309450000524521,-0.304987996816635,-0.307390987873077,-0.30807700753212,-0.301955997943878,,-0.317687004804611,-0.314655989408493,-0.309107005596161
2,0,A244_OPENS_R:passLimit_uA_mV[1]/PIN7,_,V,-0.800000011920929,0.100000001490116,,,-0.303099989891052,-0.30435898900032,-0.303957998752594,-0.308535009622574,-0.308991998434067,-0.307619005441666,-0.309278011322021,-0.305732011795044,-0.306589990854263,-0.308306008577347,-0.301212996244431,,-0.317916005849838,-0.315513998270035,-0.308649003505707
2,0,A244_OPENS_R:passLimit_uA_mV[1]/PIN8,_,V,-0.800000011920929,0.100000001490116,,,-0.303377985954285,-0.304464012384415,-0.304120987653732,-0.308811992406845,-0.308697998523712,-0.307552993297577,-0.309211999177933,-0.306008994579315,-0.306867003440857,-0.308697998523712,-0.301604002714157,,-0.318765014410019,-0.314990013837814,-0.309327006340027
2,0,A244_OPENS_R:passLimit_uA_mV[1]/PIN9,_,V,-0.800000011920929,0.100000001490116,,,-0.3038350045681,-0.304751008749008,-0.304235994815826,-0.308411002159119,-0.309383988380432,-0.307152986526489,-0.3090980052948,-0.305723011493683,-0.307096004486084,-0.308297008275986,-0.301432996988297,,-0.319222986698151,-0.315333008766174,-0.308811992406845
2,0,A244_SHORTS_R:passLimit_uA_mV[1]/PIN1,_,V,-2,-0.100000001490116,,,-0.303119003772736,-0.305581003427505,-0.304320991039276,-0.308385014533997,-0.309244006872177,-0.307469993829727,-0.309702008962631,-0.304035007953644,-0.307011991739273,-0.308786004781723,-0.301230013370514,,-0.318632006645203,-0.314166992902756,-0.308557003736496
2,0,A244_SHORTS_R:passLimit_uA_mV[1]/PIN11,_,V,-2,-0.100000001490116,,,-0.302929013967514,-0.305216997861862,-0.304587990045547,-0.308705985546112,-0.309450000524521,-0.30716198682785,-0.309220999479294,-0.305559992790222,-0.30681899189949,-0.308019995689392,-0.300983995199203,,-0.319404006004333,-0.315169990062714,-0.30842000246048
2,0,A244_SHORTS_R:passLimit_uA_mV[1]/PIN12,_,V,-2,-0.100000001490116,,,-0.303214997053146,-0.304987996816635,-0.30435898900032,-0.308649003505707,-0.30962198972702,-0.307505011558533,-0.309049993753433,-0.305159986019135,-0.306876003742218,-0.307963013648987,-0.301270008087158,,-0.318659991025925,-0.314942002296448,-0.30842000246048
2,0,A244_SHORTS_R:passLimit_uA_mV[1]/PIN13,_,V,-2,-0.100000001490116,,,-0.303205996751785,-0.304807990789413,-0.304120987653732,-0.308297008275986,-0.309556007385254,-0.307610988616943,-0.308526009321213,-0.305665999650955,-0.306809991598129,-0.307954013347626,-0.301432996988297,,-0.319050997495651,-0.314646989107132,-0.308925986289978
2,0,A244_SHORTS_R:passLimit_uA_mV[1]/PIN14,_,V,-2,-0.100000001490116,,,-0.302747994661331,-0.304751008749008,-0.304120987653732,-0.308468997478485,-0.309211999177933,-0.306809991598129,-0.308984011411667,-0.305036991834641,-0.306580990552902,-0.307725012302399,-0.301775991916656,,-0.318594008684158,-0.315333008766174,-0.308526009321213
2,0,A244_SHORTS_R:passLimit_uA_mV[1]/PIN15,_,V,-2,-0.100000001490116,,,-0.303272008895874,-0.305045008659363,-0.303900986909866,-0.308191001415253,-0.308820992708206,-0.306989997625351,-0.308477997779846,-0.304987996816635,-0.306760996580124,-0.307505011558533,-0.301212996244431,,-0.31877401471138,-0.314884006977081,-0.30842000246048
2,0,A244_SHORTS_R:passLimit_uA_mV[1]/PIN16,_,V,-2,-0.100000001490116,,,-0.303413987159729,-0.304960012435913,-0.303871989250183,-0.308279991149902,-0.309424996376038,-0.307592988014221,-0.309024006128311,-0.304158002138138,-0.306504994630814,-0.308737993240356,-0.301468014717102,,-0.317782014608383,-0.314862996339798,-0.308566004037857
2,0,A244_SHORTS_R:passLimit_uA_mV[1]/PIN17,_,V,-2,-0.100000001490116,,,-0.303348004817963,-0.304264008998871,-0.304320991039276,-0.308041989803314,-0.309071987867355,-0.306953996419907,-0.309300988912582,-0.304493010044098,-0.306553989648819,-0.308328002691269,-0.301860004663467,,-0.318516999483109,-0.314395993947983,-0.308443009853363
2,0,A244_SHORTS_R:passLimit_uA_mV[1]/PIN18,_,V,-2,-0.100000001490116,,,-0.303357005119324,-0.305074006319046,-0.304387003183365,-0.308394014835358,-0.309538990259171,-0.307249009609222,-0.309138000011444,-0.304845005273819,-0.306620001792908,-0.308566004037857,-0.301524996757507,,-0.317496001720428,-0.314920008182526,-0.308681011199951
2,0,A244_SHORTS_R:passLimit_uA_mV[1]/PIN19,_,V,-2,-0.100000001490116,,,-0.303815007209778,-0.305245995521545,-0.304158002138138,-0.30799400806427,-0.309367001056671,-0.307134985923767,-0.309424996376038,-0.304845005273819,-0.306620001792908,-0.308681011199951,-0.301353991031647,,-0.31835401058197,-0.314633995294571,-0.308622986078262
2,0,A244_SHORTS_R:passLimit_uA_mV[1]/PIN2,_,V,-2,-0.100000001490116,,,-0.303700000047684,-0.304558992385864,-0.304273009300232,-0.308737993240356,-0.309080988168716,-0.307879000902176,-0.309653997421265,-0.304903000593185,-0.306104987859726,-0.307707011699677,-0.301524996757507,,-0.318125993013382,-0.315434992313385,-0.308908998966217
2,0,A244_SHORTS_R:passLimit_uA_mV[1]/PIN3,_,V,-2,-0.100000001490116,,,-0.303348004817963,-0.305180013179779,-0.303977996110916,-0.307985007762909,-0.309300988912582,-0.307125985622406,-0.309071987867355,-0.304894000291824,-0.307182997465134,-0.308099001646042,-0.301459014415741,,-0.318058997392654,-0.314853996038437,-0.309071987867355
2,0,A244_SHORTS_R:passLimit_uA_mV[1]/PIN4,_,V,-2,-0.100000001490116,,,-0.30323401093483,-0.304951012134552,-0.304149985313416,-0.308443009853363,-0.30901500582695,-0.307469993829727,-0.309587985277176,-0.304894000291824,-0.307069003582001,-0.308728992938995,-0.30128800868988,,-0.318345010280609,-0.315254002809525,-0.308842986822128
2,0,A244_SHORTS_R:passLimit_uA_mV[1]/PIN5,_,V,-2,-0.100000001490116,,,-0.303357005119324,-0.304960012435913,-0.30375799536705,-0.307879000902176,-0.309940010309219,-0.307649999856949,-0.310225993394852,-0.304673999547958,-0.306849002838135,-0.307707011699677,-0.302098006010056,,-0.318755000829697,-0.314747989177704,-0.308165013790131
2,0,A244_SHORTS_R:passLimit_uA_mV[1]/PIN6,_,V,-2,-0.100000001490116,,,-0.302756994962692,-0.304874002933502,-0.303900986909866,-0.308306008577347,-0.308934986591339,-0.307390987873077,-0.309450000524521,-0.30493101477623,-0.307390987873077,-0.308133989572525,-0.301955997943878,,-0.317629992961884,-0.314655989408493,-0.309049993753433
2,0,A244_SHORTS_R:passLimit_uA_mV[1]/PIN7,_,V,-2,-0.100000001490116,,,-0.30315700173378,-0.30435898900032,-0.303957998752594,-0.308477997779846,-0.309049993753433,-0.307619005441666,-0.309278011322021,-0.305673986673355,-0.306589990854263,-0.308306008577347,-0.301270008087158,,-0.317802011966705,-0.315456002950668,-0.308705985546112
2,0,A244_SHORTS_R:passLimit_uA_mV[1]/PIN8,_,V,-2,-0.100000001490116,,,-0.303319990634918,-0.304464012384415,-0.30417799949646,-0.308869004249573,-0.308697998523712,-0.307610988616943,-0.309211999177933,-0.306008994579315,-0.306809991598129,-0.308697998523712,-0.301661998033524,,-0.318650990724564,-0.314990013837814,-0.309327006340027
2,0,A244_SHORTS_R:passLimit_uA_mV[1]/PIN9,_,V,-2,-0.100000001490116,,,-0.303777992725372,-0.304751008749008,-0.30417799949646,-0.308468997478485,-0.309383988380432,-0.307096004486084,-0.309211999177933,-0.305837005376816,-0.307096004486084,-0.308353990316391,-0.301546990871429,,-0.319279998540878,-0.315275996923447,-0.308811992406845
2,0,A244_PRE_TEMP_R:TEMP_OK@PIN1[1],_,UI,0.5,1.5,,,1,1,1,1,1,1,1,1,1,1,1,,1,1,1
2,0,A244_PRE_TEMP_R:TEMP_raw_V@PIN1[1],_,V,-2,2,,,-0.303061991930008,-0.305523008108139,-0.304206997156143,-0.308385014533997,-0.309300988912582,-0.307469993829727,-0.309702008962631,-0.304035007953644,-0.306897014379501,-0.308842986822128,-0.301173001527786,,-0.318574011325836,-0.314166992902756,-0.308499991893768
2,24410070,A244_IOFF_GND_R:passCurrentHigh_uA[1]/PIN1,u,A,-0.200000002337219,0.400000004674439,,,0.00199999994343614,0.000999999971718069,0.000999999971718069,0.00799999977374455,0.000999999971718069,0.00399999988687227,0.000999999971718069,0.000999999971718069,0.00199999994343614,0.000999999971718069,0.000999999971718069,,0.000999999971718069,0.000999999971718069,0.000999999971718069
2,24410070,A244_IOFF_GND_R:passCurrentHigh_uA[1]/PIN2,u,A,-0.200000002337219,0.400000004674439,,,0.00399999988687227,0.000999999971718069,0.000999999971718069,0.00999999993922529,0.000999999971718069,0.000999999971718069,0.0140000002701868,0.0159999995474891,0.00199999994343614,0.000999999971718069,0.000999999971718069,,0.000999999971718069,0.00300000002617651,0.000999999971718069
2,24410070,A244_IOFF_GND_R:passCurrentHigh_uA[1]/PIN4,u,A,-0.200000002337219,0.400000004674439,,,0.00899999985648492,0.000999999971718069,0.00300000002617651,0.00199999994343614,0.000999999971718069,0.00199999994343614,0.000999999971718069,0.0130000001874464,0.00199999994343614,0.000999999971718069,0.00300000002617651,,0,0.000999999971718069,0.00199999994343614
2,24410070,A244_IOFF_GND_R:passCurrentHigh_uA[1]/PIN6,u,A,-0.200000002337219,0.400000004674439,,,0.00199999994343614,0.00300000002617651,0.00199999994343614,0.00199999994343614,0.000999999971718069,0.000999999971718069,0.000999999971718069,0.000999999971718069,0.00199999994343614,0.000999999971718069,0.000999999971718069,,0.000999999971718069,0.000999999971718069,0.00899999985648492
2,24410070,A244_IOFF_GND_R:passCurrentHigh_uA[1]/PIN8,u,A,-0.200000002337219,0.400000004674439,,,0.00399999988687227,0.0349999993431993,0.0110000000219657,0.0159999995474891,0.000999999971718069,0.000999999971718069,0.000999999971718069,0.000999999971718069,0.00199999994343614,0.00399999988687227,0.000999999971718069,,0.0299999989294975,0.000999999971718069,0.0179999997129698
2,24410070,A244_IOFF_GND_R:passCurrentHigh_uA[1]/PIN11,u,A,-0.200000002337219,0.400000004674439,,,0.00199999994343614,0.00300000002617651,0.00199999994343614,0.000999999971718069,0.000999999971718069,0.000999999971718069,0.00600000005235302,0.000999999971718069,0.00300000002617651,0.0270000004576332,0.000999999971718069,,0.00300000002617651,0.00700000013509339,0.000999999971718069
2,24410070,A244_IOFF_GND_R:passCurrentHigh_uA[1]/PIN13,u,A,-0.200000002337219,0.400000004674439,,,0.00399999988687227,0.00799999977374455,0.000999999971718069,0.000999999971718069,0.000999999971718069,0.000999999971718069,0.000999999971718069,0.000999999971718069,0.00199999994343614,0.000999999971718069,0.00300000002617651,,0,0.000999999971718069,0.000999999971718069
2,24410070,A244_IOFF_GND_R:passCurrentHigh_uA[1]/PIN15,u,A,-0.200000002337219,0.400000004674439,,,0.00199999994343614,0.00199999994343614,0.00199999994343614,0.000999999971718069,0.000999999971718069,0.00199999994343614,0.000999999971718069,0.000999999971718069,0.0230000001266717,0.00499999996961265,0.00700000013509339,,0.00199999994343614,0.0149999994647487,0.000999999971718069
2,24410070,A244_IOFF_GND_R:passCurrentHigh_uA[1]/PIN17,u,A,-0.200000002337219,0.400000004674439,,,0.00399999988687227,0.00399999988687227,0.0169999996302295,0.000999999971718069,0.000999999971718069,0.000999999971718069,0.000999999971718069,0.000999999971718069,0.00999999993922529,0.0490000005015645,0.00199999994343614,,0.000999999971718069,0.00199999994343614,0.000999999971718069
2,24410070,A244_IOFF_GND_R:passCurrentHigh_uA[1]/PIN19,u,A,-0.200000002337219,0.400000004674439,,,0.00199999994343614,0.00399999988687227,0.00300000002617651,0.000999999971718069,0.0169999996302295,0.000999999971718069,0.000999999971718069,0.000999999971718069,0.00899999985648492,0.000999999971718069,0.0440000000878626,,0.000999999971718069,0.000999999971718069,0.000999999971718069
2,24410070,A244_IOFF_GND_R:passCurrentHigh_uA[1]/PIN3,u,A,-0.200000002337219,0.400000004674439,,,0.00199999994343614,0.00199999994343614,0.00199999994343614,0.00199999994343614,0.00300000002617651,0.000999999971718069,0.00199999994343614,0.0440000000878626,0.00199999994343614,0.012000000104706,0.00199999994343614,,0.0140000002701868,0.000999999971718069,0.000999999971718069
2,24410070,A244_IOFF_GND_R:passCurrentHigh_uA[1]/PIN5,u,A,-0.200000002337219,0.400000004674439,,,0.00300000002617651,0.00199999994343614,0.00199999994343614,0.00399999988687227,0.000999999971718069,0.00799999977374455,0.000999999971718069,0.000999999971718069,0.0329999991777186,0.0639999981899564,0.0110000000219657,,0.000999999971718069,0.000999999971718069,0.0339999992604589
2,24410070,A244_IOFF_GND_R:passCurrentHigh_uA[1]/PIN7,u,A,-0.200000002337219,0.400000004674439,,,0.00199999994343614,0.0110000000219657,0.00199999994343614,0.00499999996961265,0.000999999971718069,0.000999999971718069,0.00300000002617651,0.00999999993922529,0.00199999994343614,0.000999999971718069,0.000999999971718069,,0.00300000002617651,0.000999999971718069,0.00300000002617651
2,24410070,A244_IOFF_GND_R:passCurrentHigh_uA[1]/PIN9,u,A,-0.200000002337219,0.400000004674439,,,0.00300000002617651,0.00199999994343614,0.0199999998784506,0.000999999971718069,0.000999999971718069,0.00199999994343614,0.00199999994343614,0.000999999971718069,0.00199999994343614,0.000999999971718069,0.00199999994343614,,0.0169999996302295,0.000999999971718069,0.000999999971718069
2,24410070,A244_IOFF_GND_R:passCurrentHigh_uA[1]/PIN12,u,A,-0.200000002337219,0.400000004674439,,,0.012000000104706,0.00199999994343614,0.00199999994343614,0.0169999996302295,0.00199999994343614,0.000999999971718069,0.000999999971718069,0.00799999977374455,0.00199999994343614,0.00199999994343614,0.000999999971718069,,0.000999999971718069,0.00700000013509339,0.000999999971718069
2,24410070,A244_IOFF_GND_R:passCurrentHigh_uA[1]/PIN14,u,A,-0.200000002337219,0.400000004674439,,,0.00300000002617651,0.00499999996961265,0.00199999994343614,0.00600000005235302,0.000999999971718069,0.00499999996961265,0.000999999971718069,0.000999999971718069,0.00199999994343614,0.000999999971718069,0.00199999994343614,,0.000999999971718069,0.000999999971718069,0.0730000024873334
2,24410070,A244_IOFF_GND_R:passCurrentHigh_uA[1]/PIN16,u,A,-0.200000002337219,0.400000004674439,,,0.00199999994343614,0.000999999971718069,0.000999999971718069,0.020999999961191,0.000999999971718069,0.00199999994343614,0.000999999971718069,0.000999999971718069,0.00300000002617651,0.00499999996961265,0.00300000002617651,,0.00600000005235302,0.00199999994343614,0.000999999971718069
2,24410070,A244_IOFF_GND_R:passCurrentHigh_uA[1]/PIN18,u,A,-0.200000002337219,0.400000004674439,,,0.00300000002617651,0.0110000000219657,0.00300000002617651,0.000999999971718069,0.000999999971718069,0.000999999971718069,0.00499999996961265,0.000999999971718069,0.00300000002617651,0.000999999971718069,0.00600000005235302,,0.000999999971718069,0.00499999996961265,0.000999999971718069
2,24410090,A244_PSHORTS_VCC_R:passCurrLimit_uA[1]#VCC_PIN20,_,A,-0.00999999977648258,0.00999999977648258,,,0.000134630303364247,0.000135414171381854,0.000131102875457145,0.000130710934172384,0.000128751256852411,0.000131886743474752,0.000128751256852411,0.000131102875457145,0.00012835931556765,0.000130318992887624,0.000125223814393394,,0.000131886743474752,0.000127575447550043,0.000126007696962915
2,0,A244_TRAFFIC_R:Functional[1],_,fail_cycle,,-0.5,,,-1,-1,-1,-1,-1,-1,-1,-1,-1,-1,-1,,-1,-1,-1
2,24410110,A244_ICCH_VCC_R:passCurrLimit_uA[1]#VCC_PIN20,u,A,19.9999994947575,119.999996968545,,,105.048806290142,105.66420678515,105.593200714793,104.599093901925,103.944243164733,102.784448245075,105.31706357142,103.754886367824,103.707548987586,104.725331766531,102.232159406412,,104.433405795135,103.770667919889,104.599093901925
2,24410140,A244_ICCL_VCC_R:passCurrLimit_uA[1]#VCC_PIN20,u,A,0,144.999998155981,,,114.540198410396,115.337061288301,115.053029730916,113.601316115819,113.017471448984,112.14170808671,114.729547931347,113.183152279817,112.757108581718,114.058922918048,111.392182589043,,113.451409561094,112.81233310001,113.84589743102
2,24414660,A244_OVST_R:ICCL_VCCY_PRE@VCCY[1],u,A,0,130.000000353903,,,114.256166853011,115.22660497576,114.934686280321,113.624984805938,112.81233310001,112.11014498258,114.303504233249,113.14370931359,112.70977120148,113.735441118479,111.32906365674,,113.175265141763,112.654539407231,113.830115878955
2,24414680,A244_OVST_R:ICCH_VCCY_PRE@VCCY[1],u,A,0,130.000000353903,,,101.165765954647,99.8278046608903,100.536133686546,99.040764325764,98.0176191660576,96.5222425293177,100.221324828453,98.7259481917135,99.040764325764,100.614837720059,95.2629852690734,,99.2768764263019,98.4111320576631,98.5685401246883
2,24414700,A244_OVST_R:ICC_VCCY_OVST@VCCY[1],u,A,-1000.00004749745,2000.0000949949,,,621.443905401975,542.688823770732,542.688823770732,503.31128295511,503.31128295511,463.933742139488,542.688823770732,503.31128295511,582.066364586353,503.31128295511,542.688823770732,,463.933742139488,463.933742139488,503.31128295511
2,24414720,A244_OVST_R:ICCL_VCCY_POST@VCCY[1],u,A,0,130.000000353903,,,113.71177242836,114.65854186099,114.098365884274,112.970134068746,112.394176539965,111.471075797454,113.869566121139,112.473077024333,112.181158328895,113.096364657395,110.737331851851,,112.480964162387,111.983914393932,113.214715383947
2,24414740,A244_OVST_R:ICCH_VCCY_POST@VCCY[1],u,A,0,130.000000353903,,,98.5685401246883,100.772245787084,99.7491006273776,99.1981723927893,98.9620602922514,98.2537312665954,99.670396593865,98.5685401246883,98.1750272330828,98.0963231995702,96.8370586633682,,99.8278046608903,96.0500256041996,99.7491006273776
2,24414760,A244_OVST_R:ICCL_VCCY_DIFF@VCCY[1],u,A,-3.99999998990097,3.99999998990097,,,-0.544394993085007,-0.568063001082919,-0.836319998143153,-0.654851021408831,-0.418155991610547,-0.639069014596316,-0.433937998423062,-0.670632005039806,-0.528612986272492,-0.639076006336836,-0.591731975418952,,-0.694300979375839,-0.670625013299286,-0.615401006598404
2,24414780,A244_OVST_R:ICCH_VCCY_DIFF@VCCY[1],u,A,-3.99999998990097,3.99999998990097,,,-2.59722605733259,0.944441012507014,-0.787033002325188,0.157407995970971,0.944441012507014,1.73148805515666,-0.550928007214679,-0.157407995970971,-0.865736978994391,-2.51851497523603,1.57407396272902,,0.5509289735528,-2.36110599871608,1.18056095743668
2,0,A244_ICCX_VCC_R:passCurrLimit_uA[1]#VCC_PIN20,_,,,,,,102.418296813965,102.808799743652,102.647079467773,101.369079589844,101.077194213867,100.25675201416,102.315742492676,100.848419189453,100.576248168945,101.98046875,99.5151901245117,,101.321746826172,100.864189147949,101.881858825684
2,0,A244_VILH_R:VILH_VCC_5.5000[1],_,fail_cycle,,-0.5,,,-1,-1,-1,-1,-1,-1,-1,-1,-1,-1,-1,,-1,-1,-1
2,0,A244_VILH_R:VILH_VCC_4.5000[1],_,fail_cycle,,-0.5,,,-1,-1,-1,-1,-1,-1,-1,-1,-1,-1,-1,,-1,-1,-1
2,0,A244_VILH_R:VILH_VCC_3.6000[1],_,fail_cycle,,-0.5,,,-1,-1,-1,-1,-1,-1,-1,-1,-1,-1,-1,,-1,-1,-1
2,0,A244_VILH_R:VILH_VCC_3.0000[1],_,fail_cycle,,-0.5,,,-1,-1,-1,-1,-1,-1,-1,-1,-1,-1,-1,,-1,-1,-1
2,0,A244_VILH_R:VILH_VCC_2.7000[1],_,fail_cycle,,-0.5,,,-1,-1,-1,-1,-1,-1,-1,-1,-1,-1,-1,,-1,-1,-1
2,0,A244_VILH_R:VILH_VCC_2.3000[1],_,fail_cycle,,-0.5,,,-1,-1,-1,-1,-1,-1,-1,-1,-1,-1,-1,,-1,-1,-1
2,0,A244_VILH_R:VILH_VCC_1.9500[1],_,fail_cycle,,-0.5,,,-1,-1,-1,-1,-1,-1,-1,-1,-1,-1,-1,,-1,-1,-1
2,0,A244_VILH_R:VILH_VCC_1.6500[1],_,fail_cycle,,-0.5,,,-1,-1,-1,-1,-1,-1,-1,-1,-1,-1,-1,,-1,-1,-1
2,0,A244_VILH_R:VILH_VCC_1.4000[1],_,fail_cycle,,-0.5,,,-1,-1,-1,-1,-1,-1,-1,-1,-1,-1,-1,,-1,-1,-1
2,24410622,A244_VOLH_R:VOL_VCCY_1.40_IOL_0.10[1]/PIN3,_,V,0,0.550000011920929,,,0.00786899961531162,0.00804099999368191,0.0080979997292161,0.00786899961531162,0.00792600028216839,0.00798400025814772,0.00781199987977743,0.00781199987977743,0.00769700016826391,0.0080979997292161,0.00786899961531162,,0.00775500014424324,0.00786899961531162,0.00792600028216839
2,24410622,A244_VOLH_R:VOL_VCCY_1.40_IOL_0.10[1]/PIN5,_,V,0,0.550000011920929,,,0.00786899961531162,0.0080979997292161,0.0080979997292161,0.00798400025814772,0.00798400025814772,0.00792699959129095,0.00792699959129095,0.00792699959129095,0.00781199987977743,0.0080979997292161,0.00804099999368191,,0.00792699959129095,0.00798400025814772,0.00798400025814772
2,24410622,A244_VOLH_R:VOL_VCCY_1.40_IOL_0.10[1]/PIN7,_,V,0,0.550000011920929,,,0.00786400027573109,0.00809300038963556,0.0080359997227788,0.00797899998724461,0.00786400027573109,0.00797899998724461,0.00792100001126528,0.00797899998724461,0.00769300013780594,0.0080359997227788,0.00797899998724461,,0.00786400027573109,0.00797899998724461,0.00797899998724461
2,24410622,A244_VOLH_R:VOL_VCCY_1.40_IOL_0.10[1]/PIN9,_,V,0,0.550000011920929,,,0.00792100001126528,0.00815000012516975,0.00815000012516975,0.00792100001126528,0.00792100001126528,0.00786400027573109,0.00786400027573109,0.00786400027573109,0.0076919998973608,0.00797799974679947,0.00780700007453561,,0.00786400027573109,0.00792100001126528,0.00792100001126528
2,24410622,A244_VOLH_R:VOL_VCCY_1.40_IOL_0.10[1]/PIN12,_,V,0,0.550000011920929,,,0.00797899998724461,0.00826499983668327,0.00820699986070395,0.00815000012516975,0.00809300038963556,0.00815000012516975,0.00809300038963556,0.00815000012516975,0.00780700007453561,0.00815000012516975,0.00815000012516975,,0.00797899998724461,0.00809300038963556,0.00809300038963556
2,24410622,A244_VOLH_R:VOL_VCCY_1.40_IOL_0.10[1]/PIN14,_,V,0,0.550000011920929,,,0.00792100001126528,0.00826399959623814,0.00820699986070395,0.0080359997227788,0.0080359997227788,0.0080359997227788,0.00797799974679947,0.00809300038963556,0.00780700007453561,0.00809300038963556,0.00809300038963556,,0.00797799974679947,0.0080359997227788,0.0080359997227788
2,24410622,A244_VOLH_R:VOL_VCCY_1.40_IOL_0.10[1]/PIN16,_,V,0,0.550000011920929,,,0.00804099999368191,0.00821300037205219,0.00821300037205219,0.0080979997292161,0.00815599970519543,0.00815599970519543,0.0080979997292161,0.0080979997292161,0.00786899961531162,0.00827000010758638,0.00821300037205219,,0.00798400025814772,0.0080979997292161,0.0080979997292161
2,24410622,A244_VOLH_R:VOL_VCCY_1.40_IOL_0.10[1]/PIN18,_,V,0,0.550000011920929,,,0.00798400025814772,0.00827000010758638,0.00821300037205219,0.00815500039607286,0.0080979997292161,0.00815500039607286,0.00798400025814772,0.00804099999368191,0.00786899961531162,0.00821300037205219,0.0080979997292161,,0.00804099999368191,0.00804099999368191,0.0080979997292161
2,24410624,A244_VOLH_R:VOH_VCCY_1.40_IOH_-0.10[1]/PIN3,_,V,1,1.64999997615814,,,1.39173603057861,1.3916209936142,1.39139199256897,1.39156401157379,1.3916209936142,1.39156401157379,1.39156401157379,1.39150702953339,1.39184999465942,1.39144897460938,1.39156401157379,,1.3916779756546,1.39156401157379,1.3916209936142
2,24410624,A244_VOLH_R:VOH_VCCY_1.40_IOH_-0.10[1]/PIN5,_,V,1,1.64999997615814,,,1.39188194274902,1.39159595966339,1.39148104190826,1.3916529417038,1.39159595966339,1.39159595966339,1.3916529417038,1.39153802394867,1.39188194274902,1.39153802394867,1.39148104190826,,1.3917670249939,1.39159595966339,1.3917670249939
2,24410624,A244_VOLH_R:VOH_VCCY_1.40_IOH_-0.10[1]/PIN7,_,V,1,1.64999997615814,,,1.3917590379715,1.3916449546814,1.39147305488586,1.3916449546814,1.3916449546814,1.39147305488586,1.39170205593109,1.39147305488586,1.3918160200119,1.39147305488586,1.39141595363617,,1.3916449546814,1.39147305488586,1.3916449546814
2,24410624,A244_VOLH_R:VOH_VCCY_1.40_IOH_-0.10[1]/PIN9,_,V,1,1.64999997615814,,,1.39189898967743,1.39144098758698,1.39138400554657,1.39155602455139,1.39149904251099,1.3916130065918,1.3916130065918,1.39155602455139,1.39178502559662,1.39144098758698,1.39144098758698,,1.3916130065918,1.3916699886322,1.3916130065918
2,24410624,A244_VOLH_R:VOH_VCCY_1.40_IOH_-0.10[1]/PIN12,_,V,1,1.64999997615814,,,1.39193105697632,1.39158797264099,1.39153003692627,1.39158797264099,1.3916449546814,1.3916449546814,1.39170205593109,1.3916449546814,1.39198803901672,1.39147305488586,1.3916449546814,,1.3917590379715,1.39158797264099,1.39170205593109
2,24410624,A244_VOLH_R:VOH_VCCY_1.40_IOH_-0.10[1]/PIN14,_,V,1,1.64999997615814,,,1.39184200763702,1.39155602455139,1.39149904251099,1.3916699886322,1.3916699886322,1.3916130065918,1.39178502559662,1.3916130065918,1.39189898967743,1.39149904251099,1.39155602455139,,1.3916699886322,1.39155602455139,1.3916699886322
2,24410624,A244_VOLH_R:VOH_VCCY_1.40_IOH_-0.10[1]/PIN16,_,V,1,1.64999997615814,,,1.39205396175385,1.3917670249939,1.39159595966339,1.39171004295349,1.39171004295349,1.3916529417038,1.39171004295349,1.39171004295349,1.39199602603912,1.3916529417038,1.39171004295349,,1.39182496070862,1.3917670249939,1.39182496070862
2,24410624,A244_VOLH_R:VOH_VCCY_1.40_IOH_-0.10[1]/PIN18,_,V,1,1.64999997615814,,,1.39196395874023,1.39173603057861,1.39156401157379,1.3916779756546,1.3916779756546,1.39173603057861,1.39184999465942,1.3916209936142,1.39202201366425,1.3916209936142,1.3916209936142,,1.39179301261902,1.3916779756546,1.39173603057861
2,24410170,A244_VOLH_R:VOL_VCCY_5.50_IOL_0.10[1]/PIN3,_,V,0,0.0299999993294477,,,0.00334700010716915,0.00346200005151331,0.00334700010716915,0.00328999990597367,0.00334700010716915,0.00328999990597367,0.00328999990597367,0.00328999990597367,0.00323299993760884,0.00334700010716915,0.00340400007553399,,0.00328999990597367,0.00328999990597367,0.00340400007553399
2,24410170,A244_VOLH_R:VOL_VCCY_5.50_IOL_0.10[1]/PIN5,_,V,0,0.0299999993294477,,,0.00334700010716915,0.00346200005151331,0.00340400007553399,0.00346200005151331,0.00346200005151331,0.00340400007553399,0.00340400007553399,0.00346200005151331,0.00328999990597367,0.00340400007553399,0.00351900001987815,,0.00328999990597367,0.00334700010716915,0.00334700010716915
2,24410170,A244_VOLH_R:VOL_VCCY_5.50_IOL_0.10[1]/PIN7,_,V,0,0.0299999993294477,,,0.00334500009194016,0.00345900002866983,0.00345900002866983,0.00334500009194016,0.00334500009194016,0.00345900002866983,0.00334500009194016,0.003402000060305,0.00328799989074469,0.00345900002866983,0.003402000060305,,0.00334500009194016,0.00334500009194016,0.00334500009194016
2,24410170,A244_VOLH_R:VOL_VCCY_5.50_IOL_0.10[1]/PIN9,_,V,0,0.0299999993294477,,,0.00328799989074469,0.00345900002866983,0.00334500009194016,0.00328799989074469,0.00334500009194016,0.00334500009194016,0.00328799989074469,0.00334500009194016,0.00322999991476536,0.00334500009194016,0.003402000060305,,0.00328799989074469,0.00328799989074469,0.00334500009194016
2,24410170,A244_VOLH_R:VOL_VCCY_5.50_IOL_0.10[1]/PIN12,_,V,0,0.0299999993294477,,,0.00345900002866983,0.003573999973014,0.003573999973014,0.00351700000464916,0.00351700000464916,0.00351700000464916,0.00351700000464916,0.003573999973014,0.003402000060305,0.00351700000464916,0.00345900002866983,,0.00345900002866983,0.003402000060305,0.00351700000464916
2,24410170,A244_VOLH_R:VOL_VCCY_5.50_IOL_0.10[1]/PIN14,_,V,0,0.0299999993294477,,,0.00345900002866983,0.003573999973014,0.00351599999703467,0.00351599999703467,0.00345900002866983,0.00351599999703467,0.00345900002866983,0.003573999973014,0.003402000060305,0.00345900002866983,0.00345900002866983,,0.003402000060305,0.003402000060305,0.00345900002866983
2,24410170,A244_VOLH_R:VOL_VCCY_5.50_IOL_0.10[1]/PIN16,_,V,0,0.0299999993294477,,,0.00340400007553399,0.00357599998824298,0.00351900001987815,0.00346200005151331,0.00357599998824298,0.00346200005151331,0.00351900001987815,0.00351900001987815,0.00340400007553399,0.00351900001987815,0.00357599998824298,,0.00351900001987815,0.00346200005151331,0.00351900001987815
2,24410170,A244_VOLH_R:VOL_VCCY_5.50_IOL_0.10[1]/PIN18,_,V,0,0.0299999993294477,,,0.00340400007553399,0.00363299995660782,0.00357599998824298,0.00357599998824298,0.00346200005151331,0.00351900001987815,0.00346200005151331,0.00351900001987815,0.00334700010716915,0.00357599998824298,0.00351900001987815,,0.00346200005151331,0.00346200005151331,0.00346200005151331
2,24410180,A244_VOLH_R:VOH_VCCY_5.50_IOH_-0.10[1]/PIN3,_,V,5.46999979019165,5.5,,,5.4965238571167,5.49658203125,5.49635314941406,5.49646711349487,5.49646711349487,5.49646711349487,5.4965238571167,5.4965238571167,5.49663877487183,5.4965238571167,5.49646711349487,,5.49663877487183,5.4965238571167,5.4965238571167
2,24410180,A244_VOLH_R:VOH_VCCY_5.50_IOH_-0.10[1]/PIN5,_,V,5.46999979019165,5.5,,,5.49660110473633,5.49654293060303,5.4964861869812,5.49660110473633,5.49654293060303,5.49660110473633,5.49654293060303,5.4964861869812,5.49660110473633,5.49642896652222,5.49654293060303,,5.4964861869812,5.49637222290039,5.49660110473633
2,24410180,A244_VOLH_R:VOH_VCCY_5.50_IOH_-0.10[1]/PIN7,_,V,5.46999979019165,5.5,,,5.49654483795166,5.49648809432983,5.49631595611572,5.49643087387085,5.49637413024902,5.49637413024902,5.49643087387085,5.49643087387085,5.49654483795166,5.49643087387085,5.49643087387085,,5.49648809432983,5.49637413024902,5.49648809432983
2,24410180,A244_VOLH_R:VOH_VCCY_5.50_IOH_-0.10[1]/PIN9,_,V,5.46999979019165,5.5,,,5.49652576446533,5.49646902084351,5.4963550567627,5.49641180038452,5.49641180038452,5.49652576446533,5.49646902084351,5.49646902084351,5.49646902084351,5.4963550567627,5.49646902084351,,5.49641180038452,5.49641180038452,5.49652576446533
2,24410180,A244_VOLH_R:VOH_VCCY_5.50_IOH_-0.10[1]/PIN12,_,V,5.46999979019165,5.5,,,5.49658298492432,5.49652576446533,5.49652576446533,5.49652576446533,5.49646902084351,5.49646902084351,5.49658298492432,5.49652576446533,5.49664115905762,5.49641180038452,5.49646902084351,,5.49646902084351,5.49658298492432,5.49658298492432
2,24410180,A244_VOLH_R:VOH_VCCY_5.50_IOH_-0.10[1]/PIN14,_,V,5.46999979019165,5.5,,,5.49648809432983,5.49643087387085,5.49643087387085,5.49648809432983,5.49643087387085,5.49648809432983,5.49648809432983,5.49648809432983,5.49654483795166,5.49643087387085,5.49637413024902,,5.49648809432983,5.49643087387085,5.49648809432983
2,24410180,A244_VOLH_R:VOH_VCCY_5.50_IOH_-0.10[1]/PIN16,_,V,5.46999979019165,5.5,,,5.49665784835815,5.49660110473633,5.49660110473633,5.49665784835815,5.49660110473633,5.49660110473633,5.49660110473633,5.49660110473633,5.49677276611328,5.49660110473633,5.49660110473633,,5.49654388427734,5.49654388427734,5.49665784835815
2,24410180,A244_VOLH_R:VOH_VCCY_5.50_IOH_-0.10[1]/PIN18,_,V,5.46999979019165,5.5,,,5.49663877487183,5.49658203125,5.4965238571167,5.49658203125,5.49646711349487,5.4965238571167,5.4965238571167,5.49658203125,5.49658203125,5.4965238571167,5.49646711349487,,5.49658203125,5.4965238571167,5.49658203125
2,24410190,A244_VOLH_R:VOL_VCCY_1.65_IOL_1.00[1]/PIN3,_,V,0,0.0750000029802322,,,0.0675150007009506,0.0691170021891594,0.0689459964632988,0.0678580030798912,0.0681440010666847,0.0682590007781982,0.0674000009894371,0.0679730027914047,0.0660839974880219,0.0686599984765053,0.0683159977197647,,0.0668850019574165,0.0674000009894371,0.0678580030798912
2,24410190,A244_VOLH_R:VOL_VCCY_1.65_IOL_1.00[1]/PIN5,_,V,0,0.0750000029802322,,,0.0671159997582436,0.0691189989447594,0.0691189989447594,0.0683180019259453,0.0678019970655441,0.0681459978222847,0.0676880031824112,0.0682599991559982,0.0663139969110489,0.0685470029711723,0.0684320032596588,,0.0671159997582436,0.0676880031824112,0.0679169967770576
2,24410190,A244_VOLH_R:VOL_VCCY_1.65_IOL_1.00[1]/PIN7,_,V,0,0.0750000029802322,,,0.0670709982514381,0.0685010030865669,0.0688439980149269,0.0678720027208328,0.0674709975719452,0.0676430016756058,0.0673570036888123,0.0675290003418922,0.0656979978084564,0.0684439986944199,0.0679289996623993,,0.0666130036115646,0.0671280026435852,0.0675859972834587
2,24410190,A244_VOLH_R:VOL_VCCY_1.65_IOL_1.00[1]/PIN9,_,V,0,0.0750000029802322,,,0.0667259991168976,0.0681559965014458,0.0685570016503334,0.0673549994826317,0.0671840012073517,0.0671840012073517,0.0668409988284111,0.0671269968152046,0.0652960017323494,0.0678130015730858,0.0674699991941452,,0.0666119977831841,0.0667830035090446,0.0671840012073517
2,24410190,A244_VOLH_R:VOL_VCCY_1.65_IOL_1.00[1]/PIN12,_,V,0,0.0750000029802322,,,0.0681580007076263,0.0698169991374016,0.0698169991374016,0.0690160021185875,0.0686729997396469,0.0686149969696999,0.0682149976491928,0.0687299966812134,0.0666130036115646,0.069130003452301,0.0685580000281334,,0.0674140006303787,0.0683289989829063,0.0684439986944199
2,24410190,A244_VOLH_R:VOL_VCCY_1.65_IOL_1.00[1]/PIN14,_,V,0,0.0750000029802322,,,0.0675840005278587,0.069242998957634,0.069472000002861,0.0686139985918999,0.0682130008935928,0.0684989988803864,0.0680420026183128,0.0683849975466728,0.0661540031433105,0.0689570009708405,0.0684989988803864,,0.0674130022525787,0.0677559971809387,0.0680989995598793
2,24410190,A244_VOLH_R:VOL_VCCY_1.65_IOL_1.00[1]/PIN16,_,V,0,0.0750000029802322,,,0.0678019970655441,0.0696339979767799,0.0695770010352135,0.0686039999127388,0.0682030022144318,0.0684890002012253,0.0682599991559982,0.0684890002012253,0.0666579976677895,0.0693479999899864,0.0689470022916794,,0.0675159990787506,0.0681459978222847,0.0684320032596588
2,24410190,A244_VOLH_R:VOL_VCCY_1.65_IOL_1.00[1]/PIN18,_,V,0,0.0750000029802322,,,0.0681440010666847,0.0698039978742599,0.0696329995989799,0.0690599977970123,0.0688880011439323,0.0689459964632988,0.0683730021119118,0.0686020031571388,0.0665989965200424,0.0695749968290329,0.0688309967517853,,0.0676290020346642,0.0680869966745377,0.0683159977197647
2,24410200,A244_VOLH_R:VOH_VCCY_1.65_IOH_-1.00[1]/PIN3,_,V,1.54999995231628,1.64999997615814,,,1.57977294921875,1.57708299160004,1.57685399055481,1.5776549577713,1.57788395881653,1.57788395881653,1.57834196090698,1.5775979757309,1.58011698722839,1.57713997364044,1.57748401165009,,1.57874298095703,1.57794201374054,1.57857096195221
2,24410200,A244_VOLH_R:VOH_VCCY_1.65_IOH_-1.00[1]/PIN5,_,V,1.54999995231628,1.64999997615814,,,1.57923698425293,1.57631802558899,1.57637500762939,1.5772910118103,1.57740497589111,1.57717597484589,1.57763397693634,1.57677602767944,1.57940900325775,1.57631802558899,1.57683300971985,,1.57809197902679,1.5772340297699,1.57797801494598
2,24410200,A244_VOLH_R:VOH_VCCY_1.65_IOH_-1.00[1]/PIN7,_,V,1.54999995231628,1.64999997615814,,,1.57904696464539,1.57618701457977,1.57618701457977,1.57681596279144,1.57710194587708,1.57670199871063,1.5773309469223,1.576416015625,1.5791620016098,1.57595801353455,1.57647299766541,,1.57744598388672,1.57670199871063,1.57761704921722
2,24410200,A244_VOLH_R:VOH_VCCY_1.65_IOH_-1.00[1]/PIN9,_,V,1.54999995231628,1.64999997615814,,,1.57872498035431,1.57563602924347,1.57569301128387,1.57655096054077,1.57700896263123,1.57666599750519,1.57735204696655,1.57632303237915,1.57906794548035,1.5759220123291,1.57626497745514,,1.57763803005219,1.57689499855042,1.57723796367645
2,24410200,A244_VOLH_R:VOH_VCCY_1.65_IOH_-1.00[1]/PIN12,_,V,1.54999995231628,1.64999997615814,,,1.57967698574066,1.57670199871063,1.57635903358459,1.5773309469223,1.57750296592712,1.57750296592712,1.57807505130768,1.57687401771545,1.57973396778107,1.57647299766541,1.57698798179626,,1.57847499847412,1.57744598388672,1.57824599742889
2,24410200,A244_VOLH_R:VOH_VCCY_1.65_IOH_-1.00[1]/PIN14,_,V,1.54999995231628,1.64999997615814,,,1.57981204986572,1.5768369436264,1.5768369436264,1.57752394676208,1.57792401313782,1.57729494571686,1.57803905010223,1.57706594467163,1.57998394966125,1.57666599750519,1.57672297954559,,1.57815301418304,1.57723796367645,1.57792401313782
2,24410200,A244_VOLH_R:VOH_VCCY_1.65_IOH_-1.00[1]/PIN16,_,V,1.54999995231628,1.64999997615814,,,1.58003795146942,1.57711899280548,1.57711899280548,1.57763397693634,1.5781489610672,1.57746195793152,1.57820701599121,1.5772340297699,1.58015298843384,1.57706201076508,1.57740497589111,,1.57849299907684,1.57774901390076,1.57860696315765
2,24410200,A244_VOLH_R:VOH_VCCY_1.65_IOH_-1.00[1]/PIN18,_,V,1.54999995231628,1.64999997615814,,,1.58045995235443,1.57748401165009,1.57731199264526,1.57805597782135,1.57857096195221,1.57834196090698,1.57874298095703,1.57776999473572,1.58068895339966,1.5776549577713,1.5776549577713,,1.57914400100708,1.57811295986176,1.57885694503784
2,24410210,A244_VOLH_R:VOL_VCCY_5.50_IOL_1.00[1]/PIN3,_,V,0,0.0750000029802322,,,0.0337419994175434,0.034315001219511,0.034256998449564,0.0339139997959137,0.0339710004627705,0.0339139997959137,0.0336849987506866,0.0340289995074272,0.0330550000071526,0.034086000174284,0.034256998449564,,0.0333990007638931,0.0335710011422634,0.0339710004627705
2,24410210,A244_VOLH_R:VOL_VCCY_5.50_IOL_1.00[1]/PIN5,_,V,0,0.0750000029802322,,,0.0336860008537769,0.034315999597311,0.0343730002641678,0.034086998552084,0.0339719988405704,0.0340289995074272,0.0339149981737137,0.0341439992189407,0.0331129990518093,0.034086998552084,0.0344300009310246,,0.0334569998085499,0.0337430015206337,0.0340289995074272
2,24410210,A244_VOLH_R:VOL_VCCY_5.50_IOL_1.00[1]/PIN7,_,V,0,0.0750000029802322,,,0.0335489995777607,0.0341779999434948,0.0342929996550083,0.0338350012898445,0.0337780006229877,0.0337780006229877,0.0335489995777607,0.0338350012898445,0.0328629985451698,0.0339489988982677,0.0342350006103516,,0.0332630015909672,0.0334349982440472,0.033891998231411
2,24410210,A244_VOLH_R:VOL_VCCY_5.50_IOL_1.00[1]/PIN9,_,V,0,0.0750000029802322,,,0.0330910012125969,0.0337769985198975,0.033720001578331,0.0333190001547337,0.0332619994878769,0.0332619994878769,0.0330910012125969,0.0333190001547337,0.032404001802206,0.0333769991993904,0.0336630009114742,,0.0328049995005131,0.0329760015010834,0.0333190001547337
2,24410210,A244_VOLH_R:VOL_VCCY_5.50_IOL_1.00[1]/PIN12,_,V,0,0.0750000029802322,,,0.0342350006103516,0.0350360013544559,0.0348649993538857,0.0346359983086586,0.0344640016555786,0.0344640016555786,0.0345209985971451,0.0346359983086586,0.0336060002446175,0.0345209985971451,0.0348079986870289,,0.0338350012898445,0.0342350006103516,0.0345790013670921
2,24410210,A244_VOLH_R:VOL_VCCY_5.50_IOL_1.00[1]/PIN14,_,V,0,0.0750000029802322,,,0.0342350006103516,0.0348070003092289,0.0349210016429424,0.0345209985971451,0.0344059988856316,0.0345209985971451,0.0344059988856316,0.0346920005977154,0.0334339998662472,0.0345779992640018,0.0349210016429424,,0.033890999853611,0.0341770015656948,0.0344640016555786
2,24410210,A244_VOLH_R:VOL_VCCY_5.50_IOL_1.00[1]/PIN16,_,V,0,0.0750000029802322,,,0.0342580005526543,0.0351170003414154,0.0349449999630451,0.0346020013093948,0.0344870015978813,0.0345439985394478,0.0344300009310246,0.0345439985394478,0.0335710011422634,0.0346589982509613,0.0350020006299019,,0.0338580012321472,0.0342580005526543,0.0346589982509613
2,24410210,A244_VOLH_R:VOL_VCCY_5.50_IOL_1.00[1]/PIN18,_,V,0,0.0750000029802322,,,0.0344289988279343,0.0351729989051819,0.0350590012967587,0.0347729995846748,0.0347150005400181,0.0347150005400181,0.0345439985394478,0.0348870009183884,0.0336849987506866,0.0348870009183884,0.0349440015852451,,0.0341430008411407,0.0343719981610775,0.0346579998731613
2,24410220,A244_VOLH_R:VOH_VCCY_5.50_IOH_-1.00[1]/PIN3,_,V,5.40000009536743,5.5,,,5.46618604660034,5.46521282196045,5.46509790420532,5.46555614471436,5.46549892425537,5.46544218063354,5.46549892425537,5.46527004241943,5.46647214889526,5.46521282196045,5.46515512466431,,5.46589994430542,5.46544218063354,5.46561288833618
2,24410220,A244_VOLH_R:VOH_VCCY_5.50_IOH_-1.00[1]/PIN5,_,V,5.40000009536743,5.5,,,5.46540212631226,5.46454381942749,5.46448612213135,5.46477317810059,5.46471500396729,5.46482992172241,5.46494388580322,5.46460103988647,5.46574592590332,5.46448612213135,5.46448612213135,,5.46505880355835,5.46477317810059,5.46500205993652
2,24410220,A244_VOLH_R:VOH_VCCY_5.50_IOH_-1.00[1]/PIN7,_,V,5.40000009536743,5.5,,,5.46519708633423,5.46410989761353,5.46422386169434,5.46445322036743,5.46445322036743,5.46450996398926,5.46445322036743,5.46422386169434,5.46536779403687,5.46410989761353,5.4640531539917,,5.4647388458252,5.46445322036743,5.46468210220337
2,24410220,A244_VOLH_R:VOH_VCCY_5.50_IOH_-1.00[1]/PIN9,_,V,5.40000009536743,5.5,,,5.46477794647217,5.46380615234375,5.46392011642456,5.46409177780151,5.46420621871948,5.4641489982605,5.46420621871948,5.46409177780151,5.46512222290039,5.46392011642456,5.46386289596558,,5.46460676193237,5.46426391601562,5.46437788009644
2,24410220,A244_VOLH_R:VOH_VCCY_5.50_IOH_-1.00[1]/PIN12,_,V,5.40000009536743,5.5,,,5.46575117111206,5.46460676193237,5.46449184417725,5.46489286422729,5.46506404876709,5.46489286422729,5.46495008468628,5.46477794647217,5.46586513519287,5.46466398239136,5.46449184417725,,5.46529293060303,5.46500682830811,5.46506404876709
2,24410220,A244_VOLH_R:VOH_VCCY_5.50_IOH_-1.00[1]/PIN14,_,V,5.40000009536743,5.5,,,5.46576881408691,5.46462488174438,5.4647388458252,5.4650821685791,5.4650821685791,5.46491098403931,5.46502494812012,5.46468210220337,5.4658260345459,5.46462488174438,5.46450996398926,,5.46531105041504,5.46496820449829,5.46491098403931
2,24410220,A244_VOLH_R:VOH_VCCY_5.50_IOH_-1.00[1]/PIN16,_,V,5.40000009536743,5.5,,,5.46614980697632,5.4651198387146,5.46500492095947,5.46523380279541,5.46546316146851,5.46529197692871,5.46529197692871,5.46500492095947,5.46614980697632,5.46500492095947,5.46494817733765,,5.46563482284546,5.4653491973877,5.46552085876465
2,24410220,A244_VOLH_R:VOH_VCCY_5.50_IOH_-1.00[1]/PIN18,_,V,5.40000009536743,5.5,,,5.46664381027222,5.46561288833618,5.46561288833618,5.46589994430542,5.46607112884521,5.46601390838623,5.4659571647644,5.46584177017212,5.46681594848633,5.46572780609131,5.46555614471436,,5.46635818481445,5.4659571647644,5.46607112884521
2,24410610,A244_VOLH_R:VOL_VCCY_1.65_IOL_4.00[1]/PIN3,_,V,0,0.550000011920929,,,0.302947998046875,0.310447007417679,0.310561001300812,0.304780006408691,0.305352002382278,0.305581003427505,0.30145999789238,0.304208010435104,0.294820010662079,0.308443009853363,0.305123001337051,,0.299398988485336,0.30231899023056,0.303979009389877
2,24410610,A244_VOLH_R:VOL_VCCY_1.65_IOL_4.00[1]/PIN5,_,V,0,0.550000011920929,,,0.300893992185593,0.310052990913391,0.310281991958618,0.305588006973267,0.304500997066498,0.30444398522377,0.302841007709503,0.304787009954453,0.294941008090973,0.308106988668442,0.305474013090134,,0.300208002328873,0.302267998456955,0.303528010845184
2,24410610,A244_VOLH_R:VOL_VCCY_1.65_IOL_4.00[1]/PIN7,_,V,0,0.550000011920929,,,0.300866007804871,0.308189004659653,0.309390008449554,0.304699003696442,0.303039997816086,0.303784012794495,0.302067995071411,0.303326010704041,0.293487012386322,0.307273000478745,0.304412990808487,,0.298806995153427,0.301095008850098,0.302810996770859
2,24410610,A244_VOLH_R:VOL_VCCY_1.65_IOL_4.00[1]/PIN9,_,V,0,0.550000011920929,,,0.298743009567261,0.307094991207123,0.307552009820938,0.30240398645401,0.301259994506836,0.300401985645294,0.298570990562439,0.30051600933075,0.290962994098663,0.304120004177094,0.301831990480423,,0.297542005777359,0.298857003450394,0.300401985645294
2,24410610,A244_VOLH_R:VOL_VCCY_1.65_IOL_4.00[1]/PIN12,_,V,0,0.550000011920929,,,0.304527014493942,0.312765002250671,0.313394010066986,0.3089320063591,0.307215988636017,0.307273000478745,0.304755985736847,0.307330995798111,0.296633005142212,0.310133993625641,0.306930005550385,,0.301266998052597,0.30595800280571,0.305842995643616
2,24410610,A244_VOLH_R:VOL_VCCY_1.65_IOL_4.00[1]/PIN14,_,V,0,0.550000011920929,,,0.304176986217499,0.31241500377655,0.313845008611679,0.309040009975433,0.307209014892578,0.308353006839752,0.306178987026215,0.30783799290657,0.29611200094223,0.310869991779327,0.308124005794525,,0.303032994270325,0.305779010057449,0.306636989116669
2,24410610,A244_VOLH_R:VOL_VCCY_1.65_IOL_4.00[1]/PIN16,_,V,0,0.550000011920929,,,0.303757011890411,0.313201993703842,0.31325900554657,0.308279007673264,0.306389987468719,0.307419985532761,0.30587500333786,0.307534992694855,0.297345012426376,0.311771005392075,0.308450013399124,,0.302955001592636,0.305188000202179,0.306676000356674
2,24410610,A244_VOLH_R:VOL_VCCY_1.65_IOL_4.00[1]/PIN18,_,V,0,0.550000011920929,,,0.30409300327301,0.313710004091263,0.313538014888763,0.309359014034271,0.308385998010635,0.307985007762909,0.306097000837326,0.307413011789322,0.297109991312027,0.312564998865128,0.307011991739273,,0.302433013916016,0.305294990539551,0.306154012680054
2,24410620,A244_VOLH_R:VOH_VCCY_1.65_IOH_-4.00[1]/PIN3,_,V,1.25,1.64999997615814,,,1.34983503818512,1.33632600307465,1.33546698093414,1.33907401561737,1.34050500392914,1.3402179479599,1.34302294254303,1.33861601352692,1.35132300853729,1.33638298511505,1.33890199661255,,1.34422504901886,1.34044694900513,1.34382498264313
2,24410620,A244_VOLH_R:VOH_VCCY_1.65_IOH_-4.00[1]/PIN5,_,V,1.25,1.64999997615814,,,1.35049498081207,1.33595597743988,1.33584094047546,1.33910405635834,1.34007704257965,1.33944797515869,1.34190905094147,1.33721494674683,1.34997999668121,1.3353830575943,1.3377879858017,,1.34311103820801,1.33881795406342,1.34328305721283
2,24410620,A244_VOLH_R:VOH_VCCY_1.65_IOH_-4.00[1]/PIN7,_,V,1.25,1.64999997615814,,,1.3493709564209,1.3337539434433,1.3347259759903,1.33781504631042,1.33918797969818,1.3374719619751,1.3402179479599,1.33558404445648,1.34908497333527,1.33312404155731,1.33558404445648,,1.34079003334045,1.33701395988464,1.34136199951172
2,24410620,A244_VOLH_R:VOH_VCCY_1.65_IOH_-4.00[1]/PIN9,_,V,1.25,1.64999997615814,,,1.34785199165344,1.33275103569031,1.33343696594238,1.3372700214386,1.338299036026,1.33738398551941,1.34035897254944,1.33629703521729,1.34916794300079,1.33303701877594,1.33583998680115,,1.3409880399704,1.3381849527359,1.34075903892517
2,24410620,A244_VOLH_R:VOH_VCCY_1.65_IOH_-4.00[1]/PIN12,_,V,1.25,1.64999997615814,,,1.35062897205353,1.33535504341125,1.33581304550171,1.33924496173859,1.34056103229523,1.33981704711914,1.34325003623962,1.33712899684906,1.35154402256012,1.33524096012115,1.3375860452652,,1.34364998340607,1.34004604816437,1.34370696544647
2,24410620,A244_VOLH_R:VOH_VCCY_1.65_IOH_-4.00[1]/PIN14,_,V,1.25,1.64999997615814,,,1.35231399536133,1.33721303939819,1.33738398551941,1.34070205688477,1.34281897544861,1.33938598632812,1.34304702281952,1.33784198760986,1.3520849943161,1.33618295192719,1.33784198760986,,1.34390497207642,1.33967196941376,1.34304702281952
2,24410620,A244_VOLH_R:VOH_VCCY_1.65_IOH_-4.00[1]/PIN16,_,V,1.25,1.64999997615814,,,1.35307097434998,1.33893203735352,1.33853197097778,1.34150803089142,1.34322595596313,1.34105002880096,1.34374105930328,1.33933305740356,1.35307097434998,1.3379590511322,1.33996295928955,,1.34545803070068,1.34133696556091,1.34534394741058
2,24410620,A244_VOLH_R:VOH_VCCY_1.65_IOH_-4.00[1]/PIN18,_,V,1.25,1.64999997615814,,,1.3530980348587,1.33901596069336,1.33838701248169,1.34136295318604,1.34382498264313,1.34216499328613,1.34479796886444,1.34056198596954,1.35407102108002,1.33907401561737,1.34061896800995,,1.3470870256424,1.3427369594574,1.34645795822144
2,24410230,A244_VOLH_R:VOL_VCCY_1.95_IOL_4.00[1]/PIN3,_,V,0,0.28999999165535,,,0.245134994387627,0.250229001045227,0.250171989202499,0.246107995510101,0.246451005339622,0.246794998645782,0.243702992796898,0.245878994464874,0.238951995968819,0.248511999845505,0.24736699461937,,0.241413995623589,0.243817999958992,0.245535001158714
2,24410230,A244_VOLH_R:VOL_VCCY_1.95_IOL_4.00[1]/PIN5,_,V,0,0.28999999165535,,,0.243765994906425,0.249948993325233,0.250063002109528,0.246571004390717,0.245770007371902,0.245941996574402,0.244854003190994,0.246571004390717,0.239071995019913,0.248288005590439,0.247658997774124,,0.242164000868797,0.243937999010086,0.245425999164581
2,24410230,A244_VOLH_R:VOL_VCCY_1.95_IOL_4.00[1]/PIN7,_,V,0,0.28999999165535,,,0.24371899664402,0.248695999383926,0.249611005187035,0.24617899954319,0.244920000433922,0.245607003569603,0.244176998734474,0.245548993349075,0.23811300098896,0.247722998261452,0.246808007359505,,0.241144999861717,0.243147000670433,0.244976997375488
2,24410230,A244_VOLH_R:VOL_VCCY_1.95_IOL_4.00[1]/PIN9,_,V,0,0.28999999165535,,,0.241882994771004,0.247203007340431,0.247489005327225,0.24388499557972,0.242912992835045,0.242684006690979,0.241196006536484,0.242912992835045,0.235762000083923,0.244914993643761,0.244628995656967,,0.239537999033928,0.241025000810623,0.242741003632545
2,24410230,A244_VOLH_R:VOL_VCCY_1.95_IOL_4.00[1]/PIN12,_,V,0,0.28999999165535,,,0.246579006314278,0.252357006072998,0.252700001001358,0.249325007200241,0.248294994235039,0.248353004455566,0.246636003255844,0.248523995280266,0.240686997771263,0.249954000115395,0.249210998415947,,0.243090003728867,0.246865004301071,0.247666001319885
2,24410230,A244_VOLH_R:VOL_VCCY_1.95_IOL_4.00[1]/PIN14,_,V,0,0.28999999165535,,,0.246745005249977,0.25229400396347,0.253152012825012,0.24966299533844,0.248290002346039,0.249491006135941,0.247775003314018,0.24931900203228,0.240453004837036,0.250921010971069,0.250405997037888,,0.244457006454468,0.246802002191544,0.248232007026672
2,24410230,A244_VOLH_R:VOL_VCCY_1.95_IOL_4.00[1]/PIN16,_,V,0,0.28999999165535,,,0.246456995606422,0.25263899564743,0.25263899564743,0.249146997928619,0.247602000832558,0.248575001955032,0.247372999787331,0.249090000987053,0.241304993629456,0.251322001218796,0.25034898519516,,0.244280993938446,0.24634200334549,0.248116999864578
2,24410230,A244_VOLH_R:VOL_VCCY_1.95_IOL_4.00[1]/PIN18,_,V,0,0.28999999165535,,,0.24668000638485,0.252862006425858,0.252862006425858,0.25,0.249199002981186,0.249140992760658,0.247424006462097,0.249140992760658,0.241013005375862,0.251832008361816,0.249428004026413,,0.244103997945786,0.246451005339622,0.247824996709824
2,24410240,A244_VOLH_R:VOH_VCCY_1.95_IOH_-4.00[1]/PIN3,_,V,1.39999997615814,1.95000004768372,,,1.69992303848267,1.69030594825745,1.68956196308136,1.69253897666931,1.69345498085022,1.69345498085022,1.69517195224762,1.69202399253845,1.70141100883484,1.69059205055237,1.69185197353363,,1.69654595851898,1.69362604618073,1.69568705558777
2,24410240,A244_VOLH_R:VOH_VCCY_1.95_IOH_-4.00[1]/PIN5,_,V,1.39999997615814,1.95000004768372,,,1.70013296604156,1.68965804576874,1.68960094451904,1.69211900234222,1.69309294223785,1.69257700443268,1.69377994537354,1.69086003303528,1.70013296604156,1.68948602676392,1.69063103199005,,1.69555401802063,1.69229102134705,1.69486701488495
2,24410240,A244_VOLH_R:VOH_VCCY_1.95_IOH_-4.00[1]/PIN7,_,V,1.39999997615814,1.95000004768372,,,1.6987190246582,1.68767905235291,1.68825101852417,1.69082498550415,1.69185495376587,1.69059598445892,1.69237005710602,1.68916594982147,1.69906294345856,1.68745005130768,1.68876600265503,,1.69328498840332,1.69065403938293,1.69317102432251
2,24410240,A244_VOLH_R:VOH_VCCY_1.95_IOH_-4.00[1]/PIN9,_,V,1.39999997615814,1.95000004768372,,,1.69782304763794,1.68672502040863,1.6872969865799,1.69038605690002,1.69130098819733,1.69055795669556,1.69238805770874,1.68970000743866,1.6992529630661,1.68752598762512,1.68884205818176,,1.69358897209167,1.69141602516174,1.6927889585495
2,24410240,A244_VOLH_R:VOH_VCCY_1.95_IOH_-4.00[1]/PIN12,_,V,1.39999997615814,1.95000004768372,,,1.70015001296997,1.68887996673584,1.6893949508667,1.69202601909637,1.69322800636292,1.69259905815125,1.69465804100037,1.69065403938293,1.7012939453125,1.68933796882629,1.69059598445892,,1.695916056633,1.69288504123688,1.69505798816681
2,24410240,A244_VOLH_R:VOH_VCCY_1.95_IOH_-4.00[1]/PIN14,_,V,1.39999997615814,1.95000004768372,,,1.70136904716492,1.69050002098083,1.69078695774078,1.69347500801086,1.69513404369354,1.69238805770874,1.69473397731781,1.69118702411652,1.70171201229095,1.69027197360992,1.69055795669556,,1.69610595703125,1.69296002388,1.69484794139862
2,24410240,A244_VOLH_R:VOH_VCCY_1.95_IOH_-4.00[1]/PIN16,_,V,1.39999997615814,1.95000004768372,,,1.70242297649384,1.69211900234222,1.69189095497131,1.69406604766846,1.69561100006104,1.69406604766846,1.69561100006104,1.69263505935669,1.70276701450348,1.69160401821136,1.69257700443268,,1.69761502742767,1.69423699378967,1.69687104225159
2,24410240,A244_VOLH_R:VOH_VCCY_1.95_IOH_-4.00[1]/PIN18,_,V,1.39999997615814,1.95000004768372,,,1.70266997814178,1.69236695766449,1.69185197353363,1.69419896602631,1.69637405872345,1.69488596916199,1.69654595851898,1.69396996498108,1.70375800132751,1.69293904304504,1.6933970451355,,1.69900703430176,1.69562995433807,1.69786202907562
2,24410250,A244_VOLH_R:VOL_VCCY_2.30_IOL_4.00[1]/PIN3,_,V,0,0.540000021457672,,,0.210045993328094,0.214052006602287,0.21382400393486,0.210789993405342,0.210960999131203,0.211247995495796,0.20890100300312,0.21084700524807,0.204778999090195,0.212449997663498,0.212392002344131,,0.206496998667717,0.208499997854233,0.210446000099182
2,24410250,A244_VOLH_R:VOL_VCCY_2.30_IOL_4.00[1]/PIN5,_,V,0,0.540000021457672,,,0.209249004721642,0.21382799744606,0.214056998491287,0.211080998182297,0.210451006889343,0.210737004876137,0.209764003753662,0.21136699616909,0.204955995082855,0.212396994233131,0.212568998336792,,0.207074001431465,0.20856200158596,0.210336998105049
2,24410250,A244_VOLH_R:VOL_VCCY_2.30_IOL_4.00[1]/PIN7,_,V,0,0.540000021457672,,,0.208881005644798,0.21288600564003,0.21357199549675,0.210825994610786,0.209738999605179,0.210310995578766,0.209281995892525,0.210369005799294,0.204133003950119,0.211855992674828,0.212027996778488,,0.206306993961334,0.208195000886917,0.209911003708839
2,24410250,A244_VOLH_R:VOL_VCCY_2.30_IOL_4.00[1]/PIN9,_,V,0,0.540000021457672,,,0.207102999091148,0.211279004812241,0.211508005857468,0.208476006984711,0.207846999168396,0.207617998123169,0.206531003117561,0.208018004894257,0.201897993683815,0.209334000945091,0.209735006093979,,0.204701006412506,0.206016004085541,0.207674995064735
2,24410250,A244_VOLH_R:VOL_VCCY_2.30_IOL_4.00[1]/PIN12,_,V,0,0.540000021457672,,,0.211512997746468,0.216146007180214,0.216088995337486,0.21374399960041,0.212657004594803,0.212943002581596,0.211512997746468,0.213172003626823,0.206593006849289,0.214144006371498,0.21408699452877,,0.208366006612778,0.211398005485535,0.212255999445915
2,24410250,A244_VOLH_R:VOL_VCCY_2.30_IOL_4.00[1]/PIN14,_,V,0,0.540000021457672,,,0.211964994668961,0.216255992650986,0.216771006584167,0.213796004652977,0.212994992733002,0.213796004652977,0.212651997804642,0.214025005698204,0.206703007221222,0.214882999658585,0.215225994586945,,0.209448993206024,0.211392998695374,0.212937995791435
2,24410250,A244_VOLH_R:VOL_VCCY_2.30_IOL_4.00[1]/PIN16,_,V,0,0.540000021457672,,,0.211595997214317,0.216462001204491,0.216175004839897,0.2134850025177,0.212167993187904,0.213256001472473,0.212167993187904,0.213598996400833,0.207187995314598,0.215030997991562,0.215202003717422,,0.209191992878914,0.211080998182297,0.212913006544113
2,24410250,A244_VOLH_R:VOL_VCCY_2.30_IOL_4.00[1]/PIN18,_,V,0,0.540000021457672,,,0.211762994527817,0.21662800014019,0.21645699441433,0.214280992746353,0.213536992669106,0.213536992669106,0.212220996618271,0.213765993714333,0.207011997699738,0.215369001030922,0.214395999908447,,0.209130004048347,0.211305007338524,0.212792992591858
2,24410260,A244_VOLH_R:VOH_VCCY_2.30_IOH_-4.00[1]/PIN3,_,V,1.86500000953674,2.29999995231628,,,2.08321094512939,2.07571196556091,2.07496809959412,2.07754397392273,2.07845997810364,2.07828807830811,2.07948994636536,2.07731509208679,2.08487105369568,2.07605600357056,2.07662796974182,,2.08115005493164,2.07857394218445,2.08000493049622
2,24410260,A244_VOLH_R:VOH_VCCY_2.30_IOH_-4.00[1]/PIN5,_,V,1.86500000953674,2.29999995231628,,,2.08331608772278,2.0748438835144,2.0748438835144,2.07707595825195,2.07770609855652,2.07736206054688,2.07816410064697,2.07598900794983,2.08337306976318,2.07495808601379,2.07558798789978,,2.08005309104919,2.07719111442566,2.07902193069458
2,24410260,A244_VOLH_R:VOH_VCCY_2.30_IOH_-4.00[1]/PIN7,_,V,1.86500000953674,2.29999995231628,,,2.081876039505,2.07300996780396,2.07358193397522,2.07581305503845,2.07667088508606,2.07564091682434,2.07667088508606,2.07426810264587,2.08227705955505,2.07306694984436,2.07369589805603,,2.07804393768311,2.07564091682434,2.07741403579712
2,24410260,A244_VOLH_R:VOH_VCCY_2.30_IOH_-4.00[1]/PIN9,_,V,1.86500000953674,2.29999995231628,,,2.08114194869995,2.07239007949829,2.07256197929382,2.07524991035461,2.07587909698486,2.07547903060913,2.07662296295166,2.07473492622375,2.08245801925659,2.07307600975037,2.07382011413574,,2.07822489738464,2.07616496086121,2.07708096504211
2,24410260,A244_VOLH_R:VOH_VCCY_2.30_IOH_-4.00[1]/PIN12,_,V,1.86500000953674,2.29999995231628,,,2.08324909210205,2.07432508468628,2.07455396652222,2.07684206962585,2.07781505584717,2.07730007171631,2.07878708839417,2.07564091682434,2.08427906036377,2.07472610473633,2.07518291473389,,2.08021688461304,2.07775807380676,2.07918810844421
2,24410260,A244_VOLH_R:VOH_VCCY_2.30_IOH_-4.00[1]/PIN14,_,V,1.86500000953674,2.29999995231628,,,2.0844030380249,2.07565093040466,2.07576489448547,2.0779390335083,2.07942605018616,2.07731008529663,2.0789110660553,2.07622289657593,2.08474588394165,2.07553601264954,2.07542204856873,,2.08028411865234,2.07776689529419,2.07902598381042
2,24410260,A244_VOLH_R:VOH_VCCY_2.30_IOH_-4.00[1]/PIN16,_,V,1.86500000953674,2.29999995231628,,,2.08531904220581,2.07713294029236,2.07684707641602,2.07885098457336,2.08022499084473,2.07867908477783,2.07965207099915,2.07764911651611,2.08572006225586,2.07679009437561,2.07724809646606,,2.08182692527771,2.07913708686829,2.0808539390564
2,24410260,A244_VOLH_R:VOH_VCCY_2.30_IOH_-4.00[1]/PIN18,_,V,1.86500000953674,2.29999995231628,,,2.0859010219574,2.07765793800354,2.07708597183228,2.07926106452942,2.08097791671753,2.07977604866028,2.08086395263672,2.07880306243896,2.08693099021912,2.07805895805359,2.07811594009399,,2.08303904533386,2.08040595054626,2.08189392089844
2,24410270,A244_VOLH_R:VOL_VCCY_3.00_IOL_4.00[1]/PIN3,_,V,0,0.340000003576279,,,0.174327000975609,0.177246004343033,0.176960006356239,0.174669995903969,0.174785003066063,0.175127997994423,0.173353999853134,0.174957007169724,0.169805005192757,0.175815001130104,0.176502004265785,,0.171007007360458,0.172723993659019,0.174499005079269
2,24410270,A244_VOLH_R:VOL_VCCY_3.00_IOL_4.00[1]/PIN5,_,V,0,0.340000003576279,,,0.173701003193855,0.177193000912666,0.177193000912666,0.175074994564056,0.174502998590469,0.174559995532036,0.173815995454788,0.175303995609283,0.170037999749184,0.175761997699738,0.176734998822212,,0.171525999903679,0.173014000058174,0.174502998590469
2,24410270,A244_VOLH_R:VOL_VCCY_3.00_IOL_4.00[1]/PIN7,_,V,0,0.340000003576279,,,0.173472002148628,0.176274999976158,0.176732003688812,0.174786999821663,0.174043998122215,0.174329996109009,0.173585996031761,0.174501001834869,0.169352993369102,0.17535899579525,0.176159992814064,,0.170955002307892,0.172442004084587,0.174158006906509
2,24410270,A244_VOLH_R:VOL_VCCY_3.00_IOL_4.00[1]/PIN9,_,V,0,0.340000003576279,,,0.171523004770279,0.174612000584602,0.174612000584602,0.17255200445652,0.171865999698639,0.171809002757072,0.171008005738258,0.172095000743866,0.16711799800396,0.17289599776268,0.173924997448921,,0.169119998812675,0.170321002602577,0.171979993581772
2,24410270,A244_VOLH_R:VOL_VCCY_3.00_IOL_4.00[1]/PIN12,_,V,0,0.340000003576279,,,0.175760000944138,0.179134994745255,0.179192006587982,0.177303999662399,0.176560997962952,0.176732003688812,0.175816997885704,0.177075996994972,0.171641007065773,0.17747600376606,0.178047999739647,,0.172841995954514,0.17535899579525,0.176446005702019
2,24410270,A244_VOLH_R:VOL_VCCY_3.00_IOL_4.00[1]/PIN14,_,V,0,0.340000003576279,,,0.176155999302864,0.179360002279282,0.179874002933502,0.177586004137993,0.176956996321678,0.177643001079559,0.176670998334885,0.177872002124786,0.171865999698639,0.17815800011158,0.179187998175621,,0.173695996403694,0.175527006387711,0.177013993263245
2,24410270,A244_VOLH_R:VOL_VCCY_3.00_IOL_4.00[1]/PIN16,_,V,0,0.340000003576279,,,0.175934001803398,0.17959700524807,0.179425999522209,0.177307993173599,0.176276996731758,0.177079007029533,0.176276996731758,0.177536994218826,0.172156006097794,0.178222998976707,0.179139003157616,,0.173701003193855,0.175303995609283,0.176850005984306
2,24410270,A244_VOLH_R:VOL_VCCY_3.00_IOL_4.00[1]/PIN18,_,V,0,0.340000003576279,,,0.176100999116898,0.179878994822502,0.179535999894142,0.177761003375053,0.177417993545532,0.17747500538826,0.176387995481491,0.177761003375053,0.172151997685432,0.178619995713234,0.178619995713234,,0.173696994781494,0.175300002098083,0.177017003297806
2,24410280,A244_VOLH_R:VOH_VCCY_3.00_IOH_-4.00[1]/PIN3,_,V,2.65000009536743,3,,,2.81991410255432,2.81413292884827,2.81361794471741,2.81562089920044,2.81636500358582,2.81630802154541,2.81682300567627,2.81522011756897,2.82128810882568,2.81447601318359,2.814532995224,,2.81831097602844,2.81642198562622,2.81728100776672
2,24410280,A244_VOLH_R:VOH_VCCY_3.00_IOH_-4.00[1]/PIN5,_,V,2.65000009536743,3,,,2.81945610046387,2.81315994262695,2.81321692466736,2.81482005119324,2.8153350353241,2.81499099731445,2.81550693511963,2.81390404701233,2.81979990005493,2.81327390670776,2.81327390670776,,2.81710910797119,2.81504893302917,2.816251039505
2,24410280,A244_VOLH_R:VOH_VCCY_3.00_IOH_-4.00[1]/PIN7,_,V,2.65000009536743,3,,,2.81815004348755,2.81151509284973,2.81191492080688,2.81346011161804,2.81420302391052,2.81351709365845,2.81408905982971,2.81237292289734,2.8185510635376,2.81157207489014,2.81180095672607,,2.81534695625305,2.81368803977966,2.81454610824585
2,24410280,A244_VOLH_R:VOH_VCCY_3.00_IOH_-4.00[1]/PIN9,_,V,2.65000009536743,3,,,2.81746411323547,2.81094288825989,2.81105709075928,2.8131160736084,2.81357407569885,2.81334495544434,2.81403207778931,2.81265902519226,2.818608045578,2.81157207489014,2.81151509284973,,2.81546211242676,2.8139169216156,2.81443190574646
2,24410280,A244_VOLH_R:VOH_VCCY_3.00_IOH_-4.00[1]/PIN12,_,V,2.65000009536743,3,,,2.81923699378967,2.81254410743713,2.81271600723267,2.81460404396057,2.81540489196777,2.81494688987732,2.81580495834351,2.81363105773926,2.8203809261322,2.8128879070282,2.81300210952759,,2.81729197502136,2.81528997421265,2.81614804267883
2,24410280,A244_VOLH_R:VOH_VCCY_3.00_IOH_-4.00[1]/PIN14,_,V,2.65000009536743,3,,,2.82026696205139,2.81368803977966,2.81374597549438,2.81563305854797,2.81666302680969,2.81506109237671,2.81609106063843,2.81420302391052,2.82066702842712,2.81374597549438,2.81334495544434,,2.81746411323547,2.81551909446716,2.81614804267883
2,24410280,A244_VOLH_R:VOH_VCCY_3.00_IOH_-4.00[1]/PIN16,_,V,2.65000009536743,3,,,2.82128095626831,2.81515598297119,2.81492710113525,2.81641507148743,2.81744599342346,2.81652998924255,2.81698799133301,2.81544208526611,2.82185292243958,2.81509900093079,2.81492710113525,,2.81893396377563,2.81681609153748,2.81784605979919
2,24410280,A244_VOLH_R:VOH_VCCY_3.00_IOH_-4.00[1]/PIN18,_,V,2.65000009536743,3,,,2.82195997238159,2.81583595275879,2.81549191474915,2.81715202331543,2.8186399936676,2.81761002540588,2.81806802749634,2.81675100326538,2.82293295860291,2.81617903709412,2.8159499168396,,2.82007098197937,2.81801104545593,2.81886911392212
2,24410290,A244_VOLH_R:VOL_VCCY_4.50_IOL_4.00[1]/PIN3,_,V,0,0.360000014305115,,,0.144503995776176,0.14690800011158,0.14656500518322,0.145018994808197,0.145077005028725,0.145247995853424,0.144045993685722,0.145190998911858,0.140898004174232,0.145535007119179,0.146678999066353,,0.14198599755764,0.143359005451202,0.144848003983498
2,24410290,A244_VOLH_R:VOL_VCCY_4.50_IOL_4.00[1]/PIN5,_,V,0,0.360000014305115,,,0.144220992922783,0.146854996681213,0.146625995635986,0.145252004265785,0.144850999116898,0.144907996058464,0.144279003143311,0.145422995090485,0.141244992613792,0.145538002252579,0.146797001361847,,0.142446994781494,0.143476992845535,0.144907996058464
2,24410290,A244_VOLH_R:VOL_VCCY_4.50_IOL_4.00[1]/PIN7,_,V,0,0.360000014305115,,,0.143953993916512,0.146127998828888,0.146356999874115,0.144984006881714,0.144411996006966,0.144583001732826,0.144068002700806,0.14486899971962,0.140692993998528,0.14521299302578,0.146299004554749,,0.141951993107796,0.143095999956131,0.144639998674393
2,24410290,A244_VOLH_R:VOL_VCCY_4.50_IOL_4.00[1]/PIN9,_,V,0,0.360000014305115,,,0.141948997974396,0.144122004508972,0.144179999828339,0.14274899661541,0.142349004745483,0.142177000641823,0.141662999987602,0.14257800579071,0.138458997011185,0.142807006835938,0.144179999828339,,0.140003994107246,0.141032993793488,0.142462998628616
2,24410290,A244_VOLH_R:VOL_VCCY_4.50_IOL_4.00[1]/PIN12,_,V,0,0.360000014305115,,,0.146013006567955,0.148701995611191,0.148644998669624,0.147442996501923,0.146757006645203,0.146985992789268,0.146184995770454,0.147100001573563,0.142753005027771,0.147214993834496,0.148302003741264,,0.143840000033379,0.145669996738434,0.146928995847702
2,24410290,A244_VOLH_R:VOL_VCCY_4.50_IOL_4.00[1]/PIN14,_,V,0,0.360000014305115,,,0.146639004349709,0.149156004190445,0.149327993392944,0.14784100651741,0.147211000323296,0.147725999355316,0.147039994597435,0.147955000400543,0.143093004822731,0.147898003458977,0.149270996451378,,0.144580006599426,0.14606699347496,0.147440001368523
2,24410290,A244_VOLH_R:VOL_VCCY_4.50_IOL_4.00[1]/PIN16,_,V,0,0.360000014305115,,,0.146454006433487,0.14920100569725,0.14902999997139,0.147484004497528,0.146854996681213,0.147312000393867,0.146682992577553,0.147655993700027,0.143190994858742,0.147942006587982,0.14902999997139,,0.144508004188538,0.145767003297806,0.147198006510735
2,24410290,A244_VOLH_R:VOL_VCCY_4.50_IOL_4.00[1]/PIN18,_,V,0,0.360000014305115,,,0.146507993340492,0.149426996707916,0.149140998721123,0.147995993494987,0.147538006305695,0.147480994462967,0.146794006228447,0.147881999611855,0.143301993608475,0.148282006382942,0.148911997675896,,0.144619002938271,0.145992994308472,0.147366002202034
2,24410300,A244_VOLH_R:VOH_VCCY_4.50_IOH_-4.00[1]/PIN3,_,V,4.23999977111816,4.5,,,4.35424709320068,4.34995412826538,4.34955406188965,4.35098505020142,4.35144281387329,4.3515567779541,4.35161399841309,4.35087013244629,4.3553352355957,4.35029792785645,4.35001087188721,,4.35304498672485,4.35167217254639,4.35207176208496
2,24410300,A244_VOLH_R:VOH_VCCY_4.50_IOH_-4.00[1]/PIN5,_,V,4.23999977111816,4.5,,,4.3534460067749,4.34875202178955,4.34880876541138,4.35001087188721,4.35041189193726,4.3502402305603,4.35041189193726,4.34932518005371,4.35384702682495,4.34892416000366,4.34869480133057,,4.35172891616821,4.35012578964233,4.35069799423218
2,24410300,A244_VOLH_R:VOH_VCCY_4.50_IOH_-4.00[1]/PIN7,_,V,4.23999977111816,4.5,,,4.3521728515625,4.34713888168335,4.34748315811157,4.3486270904541,4.34908390045166,4.3486270904541,4.34885597229004,4.34793996810913,4.35257387161255,4.34736776351929,4.34708213806152,,4.34999990463257,4.34885597229004,4.34942817687988
2,24410300,A244_VOLH_R:VOH_VCCY_4.50_IOH_-4.00[1]/PIN9,_,V,4.23999977111816,4.5,,,4.35154390335083,4.34662485122681,4.34668207168579,4.3482837677002,4.34874105453491,4.34851217269897,4.34885597229004,4.34799814224243,4.35263109207153,4.34736776351929,4.34691095352173,,4.35017108917236,4.34896993637085,4.34902715682983
2,24410300,A244_VOLH_R:VOH_VCCY_4.50_IOH_-4.00[1]/PIN12,_,V,4.23999977111816,4.5,,,4.35320281982422,4.34822607040405,4.34856986999512,4.34977102279663,4.35034322738647,4.35011386871338,4.35034322738647,4.34902715682983,4.35423278808594,4.34868383407593,4.34834098815918,,4.35177278518677,4.35022783279419,4.35074281692505
2,24410300,A244_VOLH_R:VOH_VCCY_4.50_IOH_-4.00[1]/PIN14,_,V,4.23999977111816,4.5,,,4.35400390625,4.34919881820679,4.3493127822876,4.35057210922241,4.35137319564819,4.35022783279419,4.35068607330322,4.34971380233765,4.35451889038086,4.34925603866577,4.34874105453491,,4.3521728515625,4.35045719146729,4.35080003738403
2,24410300,A244_VOLH_R:VOH_VCCY_4.50_IOH_-4.00[1]/PIN16,_,V,4.23999977111816,4.5,,,4.3551778793335,4.35065603256226,4.35059881210327,4.35157203674316,4.35231590270996,4.35157203674316,4.35162878036499,4.35076999664307,4.35569286346436,4.35059881210327,4.35008382797241,,4.35340404510498,4.35185813903809,4.35242986679077
2,24410300,A244_VOLH_R:VOH_VCCY_4.50_IOH_-4.00[1]/PIN18,_,V,4.23999977111816,4.5,,,4.35593700408936,4.35152912139893,4.351243019104,4.35233116149902,4.35330390930176,4.35284614562988,4.35307502746582,4.35227394104004,4.35696697235107,4.35181617736816,4.35135793685913,,4.35456323623657,4.35313177108765,4.35359001159668
2,24410310,A244_VOLH_R:VOL_VCCY_2.30_IOL_8.00[1]/PIN3,_,V,0,0.800000011920929,,,0.445993989706039,0.45566800236702,0.45532500743866,0.447596997022629,0.448112010955811,0.449027985334396,0.443304002285004,0.447712004184723,0.433916002511978,0.451947003602982,0.45091700553894,,0.438037991523743,0.442732006311417,0.446624010801315
2,24410310,A244_VOLH_R:VOL_VCCY_2.30_IOL_8.00[1]/PIN5,_,V,0,0.800000011920929,,,0.443599998950958,0.4548200070858,0.455105990171432,0.448350995779037,0.446806013584137,0.447035014629364,0.444745004177094,0.448408991098404,0.434154987335205,0.451155990362167,0.451213985681534,,0.439078003168106,0.442570000886917,0.446004986763
2,24410310,A244_VOLH_R:VOL_VCCY_2.30_IOL_8.00[1]/PIN7,_,V,0,0.800000011920929,,,0.443477988243103,0.452459007501602,0.454118013381958,0.447654008865356,0.445307999849319,0.446566998958588,0.444050014019012,0.446624010801315,0.432494014501572,0.450228005647659,0.449656009674072,,0.437642991542816,0.441475003957748,0.445365011692047
2,24410310,A244_VOLH_R:VOL_VCCY_2.30_IOL_8.00[1]/PIN9,_,V,0,0.800000011920929,,,0.439177006483078,0.448844999074936,0.449358999729156,0.442667007446289,0.440836012363434,0.440091997385025,0.437518000602722,0.441179007291794,0.427278995513916,0.444326013326645,0.444554001092911,,0.433627992868423,0.436774998903275,0.440320998430252
2,24410310,A244_VOLH_R:VOL_VCCY_2.30_IOL_8.00[1]/PIN12,_,V,0,0.800000011920929,,,0.448911994695663,0.459152013063431,0.459780991077423,0.453602999448776,0.451485991477966,0.45194399356842,0.448568999767303,0.452573001384735,0.437357008457184,0.454860985279083,0.454288989305496,,0.441361010074615,0.448568999767303,0.450341999530792
2,24410310,A244_VOLH_R:VOL_VCCY_2.30_IOL_8.00[1]/PIN14,_,V,0,0.800000011920929,,,0.44998899102211,0.459885001182556,0.461486995220184,0.454564988613129,0.452448010444641,0.454450011253357,0.451532989740372,0.454679012298584,0.438033014535904,0.457024991512299,0.457138985395432,,0.444267988204956,0.449016004800797,0.452333986759186
2,24410310,A244_VOLH_R:VOL_VCCY_2.30_IOL_8.00[1]/PIN16,_,V,0,0.800000011920929,,,0.449266999959946,0.460658997297287,0.46042999625206,0.45396101474762,0.450756013393402,0.453045010566711,0.450468987226486,0.454019010066986,0.439020991325378,0.457682013511658,0.456651985645294,,0.444402009248734,0.448408991098404,0.452071994543076
2,24410310,A244_VOLH_R:VOL_VCCY_2.30_IOL_8.00[1]/PIN18,_,V,0,0.800000011920929,,,0.449829995632172,0.461277991533279,0.460934013128281,0.455267012119293,0.453779011964798,0.45389398932457,0.450688004493713,0.454180002212524,0.438838988542557,0.458530008792877,0.45549601316452,,0.443762004375458,0.448742002248764,0.451947003602982
2,24410320,A244_VOLH_R:VOH_VCCY_2.30_IOH_-8.00[1]/PIN3,_,V,1.52999997138977,2.29999995231628,,,1.84920799732208,1.83175003528595,1.8304899930954,1.83592796325684,1.83798897266388,1.83770298957825,1.84027898311615,1.83529901504517,1.85212802886963,1.83243596553802,1.83426797389984,,1.84348404407501,1.83810305595398,1.84148097038269
2,24410320,A244_VOLH_R:VOH_VCCY_2.30_IOH_-8.00[1]/PIN5,_,V,1.52999997138977,2.29999995231628,,,1.84925103187561,1.83058905601501,1.83036005496979,1.83528304100037,1.83705794811249,1.83574104309082,1.8379739522934,1.83253598213196,1.84953701496124,1.83018898963928,1.83190596103668,,1.84146595001221,1.83551204204559,1.8398050069809
2,24410320,A244_VOLH_R:VOH_VCCY_2.30_IOH_-8.00[1]/PIN7,_,V,1.52999997138977,2.29999995231628,,,1.84716594219208,1.82680094242096,1.82794499397278,1.8328640460968,1.83475196361542,1.83257794380188,1.83520996570587,1.82989001274109,1.84756600856781,1.82674300670624,1.82868802547455,,1.83749794960022,1.83246397972107,1.83669698238373
2,24410320,A244_VOLH_R:VOH_VCCY_2.30_IOH_-8.00[1]/PIN9,_,V,1.52999997138977,2.29999995231628,,,1.84529304504395,1.82567203044891,1.82630097866058,1.83230805397034,1.833909034729,1.83247900009155,1.83545398712158,1.83053398132324,1.84809601306915,1.82698798179626,1.82881796360016,,1.83825695514679,1.83413803577423,1.83665502071381
2,24410320,A244_VOLH_R:VOH_VCCY_2.30_IOH_-8.00[1]/PIN12,_,V,1.52999997138977,2.29999995231628,,,1.84859597682953,1.82897400856018,1.82977497577667,1.83480894565582,1.83698296546936,1.8354959487915,1.83892798423767,1.83206295967102,1.85128402709961,1.82983303070068,1.83154904842377,,1.8420170545578,1.83652496337891,1.8401290178299
2,24410320,A244_VOLH_R:VOH_VCCY_2.30_IOH_-8.00[1]/PIN14,_,V,1.52999997138977,2.29999995231628,,,1.85181403160095,1.83224999904633,1.83259403705597,1.83739900588989,1.84083104133606,1.83608305454254,1.83957195281982,1.83350896835327,1.85249996185303,1.83190703392029,1.83224999904633,,1.84277594089508,1.83699798583984,1.8402019739151
2,24410320,A244_VOLH_R:VOH_VCCY_2.30_IOH_-8.00[1]/PIN16,_,V,1.52999997138977,2.29999995231628,,,1.85360097885132,1.83551204204559,1.83471095561981,1.83923304080963,1.84203803539276,1.83877503871918,1.84129405021667,1.83637094497681,1.85440194606781,1.83465397357941,1.83574104309082,,1.84592998027802,1.83963394165039,1.84369802474976
2,24410320,A244_VOLH_R:VOH_VCCY_2.30_IOH_-8.00[1]/PIN18,_,V,1.52999997138977,2.29999995231628,,,1.85453200340271,1.83655798435211,1.8355849981308,1.8398779630661,1.84382796287537,1.84113705158234,1.84354102611542,1.83913397789001,1.8570499420166,1.83718800544739,1.83798897266388,,1.848464012146,1.84274005889893,1.84634602069855
2,24410330,A244_VOLH_R:VOL_VCCY_2.70_IOL_8.00[1]/PIN3,_,V,0,0.670000016689301,,,0.386177003383636,0.393619000911713,0.392989009618759,0.38714998960495,0.387665003538132,0.388467013835907,0.38400200009346,0.387551009654999,0.375988006591797,0.390298992395401,0.390985012054443,,0.379079014062881,0.382914006710052,0.386691987514496
2,24410330,A244_VOLH_R:VOL_VCCY_2.70_IOL_8.00[1]/PIN5,_,V,0,0.670000016689301,,,0.384469002485275,0.393054991960526,0.393054991960526,0.387845993041992,0.386700987815857,0.386815994977951,0.384927004575729,0.388247013092041,0.376168996095657,0.389735013246536,0.391052007675171,,0.379774987697601,0.382979989051819,0.38612899184227
2,24410330,A244_VOLH_R:VOL_VCCY_2.70_IOL_8.00[1]/PIN7,_,V,0,0.670000016689301,,,0.384499996900558,0.391193002462387,0.392336994409561,0.387416988611221,0.385471999645233,0.386559009552002,0.384557008743286,0.386673003435135,0.375117987394333,0.38918998837471,0.389934003353119,,0.378778994083405,0.382268995046616,0.385758012533188
2,24410330,A244_VOLH_R:VOL_VCCY_2.70_IOL_8.00[1]/PIN9,_,V,0,0.670000016689301,,,0.379914999008179,0.387580007314682,0.387865990400314,0.382546007633209,0.38111600279808,0.380887001752853,0.378598988056183,0.38163098692894,0.370133012533188,0.383689999580383,0.385291993618011,,0.374765992164612,0.377626001834869,0.38111600279808
2,24410330,A244_VOLH_R:VOL_VCCY_2.70_IOL_8.00[1]/PIN12,_,V,0,0.670000016689301,,,0.389075994491577,0.39691299200058,0.397370994091034,0.392623007297516,0.390906989574432,0.391250014305115,0.388790011405945,0.391878992319107,0.379350990056992,0.393195003271103,0.394053012132645,,0.382210999727249,0.388103008270264,0.390392005443573
2,24410330,A244_VOLH_R:VOL_VCCY_2.70_IOL_8.00[1]/PIN14,_,V,0,0.670000016689301,,,0.39021098613739,0.39793398976326,0.398963004350662,0.393471986055374,0.391927003860474,0.393528997898102,0.391411989927292,0.393757998943329,0.380257993936539,0.39513099193573,0.396674990653992,,0.384719997644424,0.388953000307083,0.392098993062973
2,24410330,A244_VOLH_R:VOL_VCCY_2.70_IOL_8.00[1]/PIN16,_,V,0,0.670000016689301,,,0.389562994241714,0.398263990879059,0.398149996995926,0.39299800992012,0.390594005584717,0.392311006784439,0.390249997377396,0.39334100484848,0.38086199760437,0.395516991615295,0.396203011274338,,0.384754985570908,0.388247013092041,0.391739010810852
2,24410330,A244_VOLH_R:VOL_VCCY_2.70_IOL_8.00[1]/PIN18,_,V,0,0.670000016689301,,,0.390069991350174,0.398941993713379,0.398483991622925,0.394134014844894,0.392989009618759,0.393160998821259,0.390585005283356,0.393503993749619,0.380910992622375,0.396423012018204,0.395393013954163,,0.384402990341187,0.38858100771904,0.391786992549896
2,24410340,A244_VOLH_R:VOH_VCCY_2.70_IOH_-8.00[1]/PIN3,_,V,1.89999997615814,2.70000004768372,,,2.30536389350891,2.29134011268616,2.29025292396545,2.29466009140015,2.29654908180237,2.29649209976196,2.29803705215454,2.29426002502441,2.3079400062561,2.29219889640808,2.29294300079346,,2.3010139465332,2.29677796363831,2.29912495613098
2,24410340,A244_VOLH_R:VOH_VCCY_2.70_IOH_-8.00[1]/PIN5,_,V,1.89999997615814,2.70000004768372,,,2.30484509468079,2.28984689712524,2.28984689712524,2.29374003410339,2.29528498649597,2.29431200027466,2.29551410675049,2.29167890548706,2.30530309677124,2.28984689712524,2.29053401947021,,2.29889106750488,2.29414010047913,2.29706001281738
2,24410340,A244_VOLH_R:VOH_VCCY_2.70_IOH_-8.00[1]/PIN7,_,V,1.89999997615814,2.70000004768372,,,2.30262899398804,2.28638291358948,2.2874128818512,2.29135990142822,2.29301905632019,2.2913019657135,2.29290390014648,2.28884291648865,2.30331492424011,2.28661203384399,2.28747010231018,,2.29542088508606,2.29141688346863,2.29421997070312
2,24410340,A244_VOLH_R:VOH_VCCY_2.70_IOH_-8.00[1]/PIN9,_,V,1.89999997615814,2.70000004768372,,,2.30097508430481,2.28541493415833,2.28604507446289,2.2907350063324,2.29227995872498,2.29124999046326,2.29302310943604,2.28964805603027,2.30354905128479,2.2869598865509,2.28770303726196,,2.29594111442566,2.29268002510071,2.29411005973816
2,24410340,A244_VOLH_R:VOH_VCCY_2.70_IOH_-8.00[1]/PIN12,_,V,1.89999997615814,2.70000004768372,,,2.30434489250183,2.28827095031738,2.28912901878357,2.29324698448181,2.29507803916931,2.29393410682678,2.29622197151184,2.29113101959229,2.30669093132019,2.28941488265991,2.29010105133057,,2.29942607879639,2.2949640750885,2.29725193977356
2,24410340,A244_VOLH_R:VOH_VCCY_2.70_IOH_-8.00[1]/PIN14,_,V,1.89999997615814,2.70000004768372,,,2.30675196647644,2.29130697250366,2.29147911071777,2.29554009437561,2.29828596115112,2.29456806182861,2.29679894447327,2.29239392280579,2.30766701698303,2.29119300842285,2.29084992408752,,2.29994511604309,2.29536890983582,2.29731392860413
2,24410340,A244_VOLH_R:VOH_VCCY_2.70_IOH_-8.00[1]/PIN16,_,V,1.89999997615814,2.70000004768372,,,2.30879402160645,2.29419803619385,2.2937970161438,2.29740309715271,2.29992198944092,2.2972309589386,2.29877710342407,2.29517102241516,2.30982494354248,2.29391098022461,2.29408311843872,,2.30295610427856,2.29797601699829,2.3007800579071
2,24410340,A244_VOLH_R:VOH_VCCY_2.70_IOH_-8.00[1]/PIN18,_,V,1.89999997615814,2.70000004768372,,,2.30988597869873,2.29546189308167,2.29466009140015,2.29815196990967,2.30158591270447,2.29946804046631,2.30107092857361,2.29763698577881,2.3121190071106,2.29609107971191,2.29614806175232,,2.30542206764221,2.30061292648315,2.30301690101624
2,24410350,A244_VOLH_R:VOL_VCCY_3.00_IOL_8.00[1]/PIN3,_,V,0,0.670000016689301,,,0.358072012662888,0.364367991685867,0.363909989595413,0.358758985996246,0.359102010726929,0.359845995903015,0.355953991413116,0.359216004610062,0.34851199388504,0.361277014017105,0.362536013126373,,0.351202994585037,0.354752004146576,0.358415007591248
2,24410350,A244_VOLH_R:VOL_VCCY_3.00_IOL_8.00[1]/PIN5,_,V,0,0.670000016689301,,,0.356362998485565,0.36403301358223,0.363860994577408,0.359281986951828,0.358366012573242,0.358422994613647,0.356763005256653,0.35979700088501,0.348863989114761,0.360884994268417,0.36260199546814,,0.351954996585846,0.354817003011703,0.35802298784256
2,24410350,A244_VOLH_R:VOL_VCCY_3.00_IOL_8.00[1]/PIN7,_,V,0,0.670000016689301,,,0.356355011463165,0.362304002046585,0.363334000110626,0.358929008245468,0.35732701420784,0.358184993267059,0.356355011463165,0.358413994312286,0.347716987133026,0.360302001237869,0.361618012189865,,0.350863009691238,0.354124009609222,0.357555985450745
2,24410350,A244_VOLH_R:VOL_VCCY_3.00_IOL_8.00[1]/PIN9,_,V,0,0.670000016689301,,,0.352113991975784,0.358520001173019,0.358864009380341,0.3541159927845,0.353029012680054,0.352513998746872,0.350740998983383,0.353428989648819,0.343017995357513,0.35503101348877,0.357089996337891,,0.346908003091812,0.349597007036209,0.353085994720459
2,24410350,A244_VOLH_R:VOL_VCCY_3.00_IOL_8.00[1]/PIN12,_,V,0,0.670000016689301,,,0.360588014125824,0.367852985858917,0.368081986904144,0.363905996084213,0.362190008163452,0.362646996974945,0.360531002283096,0.363276988267899,0.351835995912552,0.364306002855301,0.365622013807297,,0.354409992694855,0.359672993421555,0.361903995275497
2,24410350,A244_VOLH_R:VOL_VCCY_3.00_IOL_8.00[1]/PIN14,_,V,0,0.670000016689301,,,0.36201000213623,0.36887401342392,0.369675010442734,0.364926993846893,0.363440006971359,0.364984005689621,0.362982004880905,0.365328013896942,0.352800011634827,0.366014003753662,0.368016004562378,,0.356747001409531,0.360579997301102,0.363725990056992
2,24410350,A244_VOLH_R:VOL_VCCY_3.00_IOL_8.00[1]/PIN16,_,V,0,0.670000016689301,,,0.361285001039505,0.369127988815308,0.368898987770081,0.364205002784729,0.362201005220413,0.363860994577408,0.361972004175186,0.364776998758316,0.353329002857208,0.366380006074905,0.36769700050354,,0.356705993413925,0.359912008047104,0.36346098780632
2,24410350,A244_VOLH_R:VOL_VCCY_3.00_IOL_8.00[1]/PIN18,_,V,0,0.670000016689301,,,0.361849993467331,0.369749009609222,0.369291007518768,0.365341007709503,0.364425003528595,0.364482998847961,0.362136006355286,0.365112006664276,0.353491991758347,0.367172986268997,0.367000997066498,,0.356411993503571,0.360246986150742,0.363451987504959
2,24410360,A244_VOLH_R:VOH_VCCY_3.00_IOH_-8.00[1]/PIN3,_,V,2.29999995231628,3,,,2.63347506523132,2.6213390827179,2.62007999420166,2.62408709526062,2.62568998336792,2.62568998336792,2.62683510780334,2.62368607521057,2.63610792160034,2.62191200256348,2.62231206893921,,2.63009691238403,2.62597608566284,2.62786507606506
2,24410360,A244_VOLH_R:VOH_VCCY_3.00_IOH_-8.00[1]/PIN5,_,V,2.29999995231628,3,,,2.63273096084595,2.61945009231567,2.61939311027527,2.6229419708252,2.62425899505615,2.62339997291565,2.62448811531067,2.62099599838257,2.63353204727173,2.61962199211121,2.61985111236572,,2.62757897377014,2.62328600883484,2.62586188316345
2,24410360,A244_VOLH_R:VOH_VCCY_3.00_IOH_-8.00[1]/PIN7,_,V,2.29999995231628,3,,,2.63046598434448,2.61622190475464,2.61696600914001,2.62062692642212,2.62199997901917,2.62056994438171,2.62171411514282,2.61833906173706,2.63121008872986,2.61645102500916,2.61679410934448,,2.62434506416321,2.62062692642212,2.62291502952576
2,24410360,A244_VOLH_R:VOH_VCCY_3.00_IOH_-8.00[1]/PIN9,_,V,2.29999995231628,3,,,2.62914991378784,2.61513590812683,2.61559295654297,2.62005496025085,2.62119889259338,2.62039804458618,2.62188601493835,2.61896800994873,2.63160991668701,2.61667990684509,2.61702299118042,,2.62480306625366,2.62177109718323,2.62297201156616
2,24410360,A244_VOLH_R:VOH_VCCY_3.00_IOH_-8.00[1]/PIN12,_,V,2.29999995231628,3,,,2.63206791877747,2.61793804168701,2.61885404586792,2.62234306335449,2.62411594390869,2.62308692932129,2.62474608421326,2.62045502662659,2.63452696800232,2.61913990974426,2.61936902999878,,2.62794899940491,2.62394499778748,2.62577509880066
2,24410360,A244_VOLH_R:VOH_VCCY_3.00_IOH_-8.00[1]/PIN14,_,V,2.29999995231628,3,,,2.63452696800232,2.62068390846252,2.62085604667664,2.62445998191833,2.62709093093872,2.62365889549255,2.62554693222046,2.62159895896912,2.63549995422363,2.62074089050293,2.62011194229126,,2.62857794761658,2.62440204620361,2.626060962677
2,24410360,A244_VOLH_R:VOH_VCCY_3.00_IOH_-8.00[1]/PIN16,_,V,2.29999995231628,3,,,2.63656306266785,2.62362599372864,2.62322592735291,2.62643098831177,2.62866306304932,2.62631702423096,2.62751889228821,2.62431311607361,2.63765001296997,2.62333989143372,2.62328290939331,,2.63146805763245,2.62723207473755,2.62934994697571
2,24410360,A244_VOLH_R:VOH_VCCY_3.00_IOH_-8.00[1]/PIN18,_,V,2.29999995231628,3,,,2.63781905174255,2.62493991851807,2.62419605255127,2.62728691101074,2.6304349899292,2.62854599952698,2.62963390350342,2.62682890892029,2.63999390602112,2.62574100494385,2.62539792060852,,2.633868932724,2.62951898574829,2.63158011436462
2,24410370,A244_VOLH_R:VOL_VCCY_4.50_IOL_8.00[1]/PIN3,_,V,0,0.509999990463257,,,0.292129993438721,0.296766012907028,0.296193987131119,0.292988002300262,0.293045997619629,0.293388992547989,0.29092800617218,0.293273985385895,0.284745991230011,0.29407599568367,0.296193987131119,,0.286920994520187,0.28949698805809,0.292701989412308
2,24410370,A244_VOLH_R:VOL_VCCY_4.50_IOL_8.00[1]/PIN5,_,V,0,0.509999990463257,,,0.291049003601074,0.296487003564835,0.296258002519608,0.293338000774384,0.292593985795975,0.292423009872437,0.291334986686707,0.29373899102211,0.285037994384766,0.29373899102211,0.29637199640274,,0.287499994039536,0.289617985486984,0.292479991912842
2,24410370,A244_VOLH_R:VOL_VCCY_4.50_IOL_8.00[1]/PIN7,_,V,0,0.509999990463257,,,0.291083991527557,0.295489013195038,0.29594698548317,0.293087005615234,0.291942000389099,0.29228600859642,0.291141986846924,0.292685985565186,0.284162998199463,0.293372988700867,0.295545995235443,,0.286850988864899,0.289196997880936,0.29228600859642
2,24410370,A244_VOLH_R:VOL_VCCY_4.50_IOL_8.00[1]/PIN9,_,V,0,0.509999990463257,,,0.286558985710144,0.291364014148712,0.291420996189117,0.28838899731636,0.287530988454819,0.287245005369186,0.285928994417191,0.287874013185501,0.279637008905411,0.288504004478455,0.291135013103485,,0.282669007778168,0.284727990627289,0.287759989500046
2,24410370,A244_VOLH_R:VOL_VCCY_4.50_IOL_8.00[1]/PIN12,_,V,0,0.509999990463257,,,0.294802993535995,0.300294011831284,0.300123006105423,0.297376990318298,0.296290010213852,0.296575993299484,0.29508900642395,0.297147989273071,0.287995010614395,0.297262012958527,0.299378991127014,,0.290226012468338,0.294059008359909,0.296346992254257
2,24410370,A244_VOLH_R:VOL_VCCY_4.50_IOL_8.00[1]/PIN14,_,V,0,0.509999990463257,,,0.296283006668091,0.301432013511658,0.301775008440018,0.298514008522034,0.297484993934631,0.298343002796173,0.297255992889404,0.298972010612488,0.289133012294769,0.298799991607666,0.301546007394791,,0.292221993207932,0.295139014720917,0.297885000705719
2,24410370,A244_VOLH_R:VOL_VCCY_4.50_IOL_8.00[1]/PIN16,_,V,0,0.509999990463257,,,0.295684993267059,0.301524013280869,0.301066011190414,0.29797500371933,0.296600997447968,0.297574013471603,0.296315014362335,0.298375993967056,0.289274007081985,0.298891007900238,0.301180988550186,,0.291907012462616,0.294483006000519,0.297459989786148
2,24410370,A244_VOLH_R:VOL_VCCY_4.50_IOL_8.00[1]/PIN18,_,V,0,0.509999990463257,,,0.296021997928619,0.301917999982834,0.301402986049652,0.298884004354477,0.298139989376068,0.298197001218796,0.296651989221573,0.298770010471344,0.289324998855591,0.299627989530563,0.301001995801926,,0.292129993438721,0.294934004545212,0.297854006290436
2,24410380,A244_VOLH_R:VOH_VCCY_4.50_IOH_-8.00[1]/PIN3,_,V,3.97000002861023,4.5,,,4.20673322677612,4.19803190231323,4.19728803634644,4.19997787475586,4.20123815536499,4.20146703720093,4.20175313949585,4.19980716705322,4.2090802192688,4.1987190246582,4.19814682006836,,4.20421409606934,4.20146703720093,4.20232486724854
2,24410380,A244_VOLH_R:VOH_VCCY_4.50_IOH_-8.00[1]/PIN5,_,V,3.97000002861023,4.5,,,4.20547389984131,4.19608592987061,4.19602918624878,4.19849014282227,4.199462890625,4.19900512695312,4.19917678833008,4.1970591545105,4.20616102218628,4.19631481170654,4.19557094573975,,4.2019248008728,4.19866180419922,4.20015001296997
2,24410380,A244_VOLH_R:VOH_VCCY_4.50_IOH_-8.00[1]/PIN7,_,V,3.97000002861023,4.5,,,4.20298719406128,4.19291877746582,4.19360589981079,4.19589376449585,4.19692277908325,4.19612312316895,4.19646596908569,4.19434881210327,4.20390176773071,4.19326210021973,4.19274806976318,,4.19869709014893,4.19623708724976,4.1973237991333
2,24410380,A244_VOLH_R:VOH_VCCY_4.50_IOH_-8.00[1]/PIN9,_,V,3.97000002861023,4.5,,,4.20212888717651,4.19228982925415,4.19257593154907,4.19560813903809,4.1965799331665,4.19600820541382,4.19652318954468,4.1948070526123,4.20418787002563,4.19349098205566,4.19274806976318,,4.19921207427979,4.19686603546143,4.19726705551147
2,24410380,A244_VOLH_R:VOH_VCCY_4.50_IOH_-8.00[1]/PIN12,_,V,3.97000002861023,4.5,,,4.20487499237061,4.19457817077637,4.19526386260986,4.19766712188721,4.19915390014648,4.19846820831299,4.19903993606567,4.19652318954468,4.20682001113892,4.1957221031189,4.19509315490723,,4.20201396942139,4.19898319244385,4.19989776611328
2,24410380,A244_VOLH_R:VOH_VCCY_4.50_IOH_-8.00[1]/PIN14,_,V,3.97000002861023,4.5,,,4.20676183700562,4.19698095321655,4.19709491729736,4.19955492019653,4.20138502120972,4.19909715652466,4.19989776611328,4.19760990142822,4.2075629234314,4.19703817367554,4.19583702087402,,4.20264387130737,4.19944000244141,4.2001838684082
2,24410380,A244_VOLH_R:VOH_VCCY_4.50_IOH_-8.00[1]/PIN16,_,V,3.97000002861023,4.5,,,4.2089262008667,4.19976806640625,4.1993670463562,4.20142793655396,4.20331716537476,4.20171403884888,4.20194292068481,4.20016813278198,4.20995712280273,4.19959592819214,4.19873714447021,,4.20531988143921,4.20205688476562,4.20343112945557
2,24410380,A244_VOLH_R:VOH_VCCY_4.50_IOH_-8.00[1]/PIN18,_,V,3.97000002861023,4.5,,,4.21043300628662,4.20133113861084,4.20081615447998,4.20281982421875,4.20522403717041,4.20396518707275,4.20419406890869,4.20259094238281,4.21215009689331,4.20178890228271,4.20087385177612,,4.20762777328491,4.20442199707031,4.20551013946533
2,24410390,A244_VOLH_R:VOL_VCCY_3.00_IOL_16.00[1]/PIN3,_,V,0,1.12999999523163,,,0.770438015460968,0.785951018333435,0.785206019878387,0.772154986858368,0.772785007953644,0.774444997310638,0.765115022659302,0.772841989994049,0.748057007789612,0.778451979160309,0.780112028121948,,0.754239022731781,0.762481987476349,0.770781993865967
2,24410390,A244_VOLH_R:VOL_VCCY_3.00_IOL_16.00[1]/PIN5,_,V,0,1.12999999523163,,,0.766048014163971,0.784537017345428,0.784595012664795,0.773145973682404,0.770685017108917,0.770627975463867,0.766791999340057,0.773775994777679,0.748017013072968,0.777153015136719,0.779958009719849,,0.755514979362488,0.762098014354706,0.76936799287796
2,24410390,A244_VOLH_R:VOL_VCCY_3.00_IOL_16.00[1]/PIN7,_,V,0,1.12999999523163,,,0.76605498790741,0.780470013618469,0.782986998558044,0.772117972373962,0.76800000667572,0.770173013210297,0.765769004821777,0.770516991615295,0.745518028736115,0.775608003139496,0.777381002902985,,0.75306898355484,0.76061999797821,0.768400013446808
2,24410390,A244_VOLH_R:VOL_VCCY_3.00_IOL_16.00[1]/PIN9,_,V,0,1.12999999523163,,,0.755741000175476,0.771642982959747,0.772557973861694,0.761117994785309,0.757970988750458,0.75688499212265,0.752422988414764,0.758886992931366,0.734461009502411,0.76317697763443,0.766609013080597,,0.743956983089447,0.75007700920105,0.757799983024597
2,24410390,A244_VOLH_R:VOL_VCCY_3.00_IOL_16.00[1]/PIN12,_,V,0,1.12999999523163,,,0.776008009910583,0.79305499792099,0.794027984142303,0.783388018608093,0.779668986797333,0.780412971973419,0.775264978408813,0.782072007656097,0.755070984363556,0.784932017326355,0.786590993404388,,0.760963022708893,0.77360600233078,0.778182029724121
2,24410390,A244_VOLH_R:VOL_VCCY_3.00_IOL_16.00[1]/PIN14,_,V,0,1.12999999523163,,,0.779193997383118,0.795953989028931,0.798013985157013,0.786287009716034,0.78262597322464,0.786116003990173,0.781424999237061,0.786916017532349,0.75745701789856,0.789318978786469,0.792580008506775,,0.766665995121002,0.775646984577179,0.782912015914917
2,24410390,A244_VOLH_R:VOL_VCCY_3.00_IOL_16.00[1]/PIN16,_,V,0,1.12999999523163,,,0.777553975582123,0.796672999858856,0.795985996723175,0.7846519947052,0.779443025588989,0.78345000743866,0.778927981853485,0.785567998886108,0.758664011955261,0.790376007556915,0.791921973228455,,0.76656299829483,0.774177014827728,0.782076001167297
2,24410390,A244_VOLH_R:VOL_VCCY_3.00_IOL_16.00[1]/PIN18,_,V,0,1.12999999523163,,,0.778451979160309,0.797513008117676,0.796654999256134,0.786866009235382,0.784404993057251,0.784577012062073,0.77919602394104,0.785664021968842,0.758360028266907,0.791445970535278,0.789671003818512,,0.765802025794983,0.774673998355865,0.781828999519348
2,24410400,A244_VOLH_R:VOH_VCCY_3.00_IOH_-16.00[1]/PIN3,_,V,1.71000003814697,3,,,2.23100805282593,2.20301699638367,2.20067000389099,2.20954203605652,2.21337795257568,2.21314907073975,2.21635389328003,2.20874094963074,2.23656010627747,2.20461988449097,2.20610809326172,,2.22265100479126,2.21400690078735,2.21852898597717
2,24410400,A244_VOLH_R:VOH_VCCY_3.00_IOH_-16.00[1]/PIN5,_,V,1.71000003814697,3,,,2.23031497001648,2.19974708557129,2.19969010353088,2.20764708518982,2.21096706390381,2.20890593528748,2.21125292778015,2.20301008224487,2.23100209236145,2.20003294944763,2.20112109184265,,2.21823692321777,2.20839095115662,2.21451592445374
2,24410400,A244_VOLH_R:VOH_VCCY_3.00_IOH_-16.00[1]/PIN7,_,V,1.71000003814697,3,,,2.22580289840698,2.19296789169312,2.1948549747467,2.20315003395081,2.20623898506165,2.20263504981995,2.20589590072632,2.19794392585754,2.22717595100403,2.19336795806885,2.19496989250183,,2.21098709106445,2.2030930519104,2.20864200592041
2,24410400,A244_VOLH_R:VOH_VCCY_3.00_IOH_-16.00[1]/PIN9,_,V,1.71000003814697,3,,,2.22266292572021,2.19091510772705,2.19200205802917,2.20195603370667,2.20498704910278,2.20281410217285,2.20636010169983,2.19938111305237,2.22786903381348,2.19394707679749,2.19543409347534,,2.2124240398407,2.20561695098877,2.20859098434448
2,24410400,A244_VOLH_R:VOH_VCCY_3.00_IOH_-16.00[1]/PIN12,_,V,1.71000003814697,3,,,2.22917795181274,2.1966860294342,2.198401927948,2.20686793327332,2.21070098876953,2.20835590362549,2.21264600753784,2.20246410369873,2.23415493965149,2.19931697845459,2.20051908493042,,2.21951103210449,2.2103579044342,2.21476292610168
2,24410400,A244_VOLH_R:VOH_VCCY_3.00_IOH_-16.00[1]/PIN14,_,V,1.71000003814697,3,,,2.23450398445129,2.20321393013,2.20327091217041,2.21162295341492,2.21751499176025,2.2095639705658,2.21442604064941,2.20527291297913,2.23633503913879,2.20321393013,2.20212697982788,,2.22083306312561,2.21133708953857,2.21539807319641
2,24410400,A244_VOLH_R:VOH_VCCY_3.00_IOH_-16.00[1]/PIN16,_,V,1.71000003814697,3,,,2.23867201805115,2.20942091941833,2.20833396911621,2.21566104888916,2.22075510025024,2.21543192863464,2.21829390525818,2.21096706390381,2.24084711074829,2.20867705345154,2.20896291732788,,2.2271089553833,2.21703410148621,2.22247290611267
2,24410400,A244_VOLH_R:VOH_VCCY_3.00_IOH_-16.00[1]/PIN18,_,V,1.71000003814697,3,,,2.24136900901794,2.21200394630432,2.2101149559021,2.21738409996033,2.22442507743835,2.22007489204407,2.22305107116699,2.21612501144409,2.24594807624817,2.2135488986969,2.21349191665649,,2.23198103904724,2.22224998474121,2.22728705406189
2,24410410,A244_VOLH_R:VOL_VCCY_3.60_IOL_16.00[1]/PIN3,_,V,0,1.12999999523163,,,0.670781016349792,0.682744026184082,0.68182897567749,0.672384023666382,0.672555983066559,0.67392897605896,0.667002975940704,0.673241972923279,0.652521014213562,0.676391005516052,0.679939985275269,,0.657444000244141,0.664084017276764,0.671352982521057
2,24410410,A244_VOLH_R:VOL_VCCY_3.60_IOL_16.00[1]/PIN5,_,V,0,1.12999999523163,,,0.667877018451691,0.681900978088379,0.681787014007568,0.672972023487091,0.671369016170502,0.671082973480225,0.668163001537323,0.673887014389038,0.652822017669678,0.675490021705627,0.679898023605347,,0.658545970916748,0.663927018642426,0.670624971389771
2,24410410,A244_VOLH_R:VOL_VCCY_3.60_IOL_16.00[1]/PIN7,_,V,0,1.12999999523163,,,0.667949020862579,0.678988993167877,0.680705010890961,0.672753989696503,0.669378995895386,0.670980989933014,0.667548000812531,0.671609997749329,0.650959014892578,0.674526989459991,0.678017020225525,,0.65685099363327,0.663085997104645,0.670064985752106
2,24410410,A244_VOLH_R:VOL_VCCY_3.60_IOL_16.00[1]/PIN9,_,V,0,1.12999999523163,,,0.658322989940643,0.670392990112305,0.670907974243164,0.662384986877441,0.660039007663727,0.659295976161957,0.655862987041473,0.660839974880219,0.640761971473694,0.663299977779388,0.668334007263184,,0.64791202545166,0.653231978416443,0.660268008708954
2,24410410,A244_VOLH_R:VOL_VCCY_3.60_IOL_16.00[1]/PIN12,_,V,0,1.12999999523163,,,0.676415026187897,0.689686000347137,0.690144002437592,0.682192981243134,0.679390013217926,0.679961979389191,0.67612898349762,0.681505978107452,0.65931099653244,0.682878971099854,0.686196982860565,,0.664173007011414,0.674241006374359,0.678932011127472
2,24410410,A244_VOLH_R:VOL_VCCY_3.60_IOL_16.00[1]/PIN14,_,V,0,1.12999999523163,,,0.679545998573303,0.692530989646912,0.693847000598907,0.684922993183136,0.682349026203156,0.684866011142731,0.681318998336792,0.685837984085083,0.661870002746582,0.686810970306396,0.691615998744965,,0.668905973434448,0.676514029502869,0.682977974414825
2,24410410,A244_VOLH_R:VOL_VCCY_3.60_IOL_16.00[1]/PIN16,_,V,0,1.12999999523163,,,0.67806601524353,0.692892014980316,0.692205011844635,0.683503985404968,0.679840981960297,0.68258798122406,0.679211020469666,0.684476971626282,0.662324011325836,0.687168002128601,0.690659999847412,,0.668564021587372,0.674917995929718,0.681958973407745
2,24410410,A244_VOLH_R:VOL_VCCY_3.60_IOL_16.00[1]/PIN18,_,V,0,1.12999999523163,,,0.678852021694183,0.693562984466553,0.692646980285645,0.68520599603653,0.683431029319763,0.68348902463913,0.679367005825043,0.684862017631531,0.662366986274719,0.688239991664886,0.68927001953125,,0.66814798116684,0.675418019294739,0.681999981403351
2,24410420,A244_VOLH_R:VOH_VCCY_3.60_IOH_-16.00[1]/PIN3,_,V,2.30999994277954,3.59999990463257,,,2.92506909370422,2.90285897254944,2.90102696418762,2.90812492370605,2.91121602058411,2.9111590385437,2.91287589073181,2.90755295753479,2.93016409873962,2.90434694290161,2.90434694290161,,2.91888689994812,2.91173195838928,2.91470789909363
2,24410420,A244_VOLH_R:VOH_VCCY_3.60_IOH_-16.00[1]/PIN5,_,V,2.30999994277954,3.59999990463257,,,2.92358088493347,2.89942407608032,2.89936709403992,2.90560698509216,2.9084689617157,2.90675091743469,2.90795397758484,2.90217208862305,2.9247260093689,2.89988207817078,2.89953899383545,,2.9145359992981,2.90640807151794,2.91047191619873
2,24410420,A244_VOLH_R:VOH_VCCY_3.60_IOH_-16.00[1]/PIN7,_,V,2.30999994277954,3.59999990463257,,,2.91899991035461,2.89297199249268,2.89440202713013,2.90086603164673,2.90349793434143,2.90080904960632,2.90258193016052,2.89703392982483,2.92042994499207,2.89360189437866,2.89360189437866,,2.90778803825378,2.90132403373718,2.90492796897888
2,24410420,A244_VOLH_R:VOH_VCCY_3.60_IOH_-16.00[1]/PIN9,_,V,2.30999994277954,3.59999990463257,,,2.91659688949585,2.89137101173401,2.8922860622406,2.90012288093567,2.90264010429382,2.90103793144226,2.90315508842468,2.89823508262634,2.92123103141785,2.89428806304932,2.8940589427948,,2.90904593467712,2.9033830165863,2.90504193305969
2,24410420,A244_VOLH_R:VOH_VCCY_3.60_IOH_-16.00[1]/PIN12,_,V,2.30999994277954,3.59999990463257,,,2.92243194580078,2.89651894569397,2.89794898033142,2.90446996688843,2.90784502029419,2.90607190132141,2.90887498855591,2.90121006965637,2.92677998542786,2.89903593063354,2.89852094650269,,2.91511011123657,2.90755891799927,2.9105339050293
2,24410420,A244_VOLH_R:VOH_VCCY_3.60_IOH_-16.00[1]/PIN14,_,V,2.30999994277954,3.59999990463257,,,2.92689394950867,2.90195298194885,2.90206789970398,2.90876007080078,2.91362309455872,2.90733003616333,2.91047692298889,2.90372705459595,2.92889595031738,2.90212488174438,2.90018010139465,,2.91636896133423,2.90853190422058,2.91110610961914
2,24410420,A244_VOLH_R:VOH_VCCY_3.60_IOH_-16.00[1]/PIN16,_,V,2.30999994277954,3.59999990463257,,,2.93135595321655,2.90788698196411,2.9069139957428,2.91269493103027,2.91716003417969,2.91292405128479,2.9145839214325,2.90926098823547,2.93341708183289,2.90765810012817,2.90656995773315,,2.92225503921509,2.91418290138245,2.91778993606567
2,24410420,A244_VOLH_R:VOH_VCCY_3.60_IOH_-16.00[1]/PIN18,_,V,2.30999994277954,3.59999990463257,,,2.93386507034302,2.9105110168457,2.90913701057434,2.91468906402588,2.92064189910889,2.91726493835449,2.91880989074707,2.91400194168091,2.93798589706421,2.91188406944275,2.91085410118103,,2.9268810749054,2.91880989074707,2.92224502563477
2,24410430,A244_VOLH_R:VOL_VCCY_4.50_IOL_16.00[1]/PIN3,_,V,0,1.07000005245209,,,0.598026990890503,0.607815980911255,0.606899976730347,0.599629998207092,0.599858999252319,0.600602984428406,0.595394015312195,0.600431025028229,0.582571983337402,0.60214900970459,0.606612980365753,,0.586921989917755,0.592531979084015,0.598999977111816
2,24410430,A244_VOLH_R:VOL_VCCY_4.50_IOL_16.00[1]/PIN5,_,V,0,1.07000005245209,,,0.595808982849121,0.607313990592957,0.606684982776642,0.600331008434296,0.599013984203339,0.598442018032074,0.596265971660614,0.601074993610382,0.58270001411438,0.601418018341064,0.606513023376465,,0.587966024875641,0.592431008815765,0.598499000072479
2,24410430,A244_VOLH_R:VOL_VCCY_4.50_IOL_16.00[1]/PIN7,_,V,0,1.07000005245209,,,0.596041977405548,0.605023980140686,0.60616797208786,0.600046992301941,0.597643971443176,0.598330974578857,0.595928013324738,0.599017024040222,0.581341028213501,0.600905001163483,0.605138003826141,,0.586603999137878,0.591695010662079,0.597986996173859
2,24410430,A244_VOLH_R:VOL_VCCY_4.50_IOL_16.00[1]/PIN9,_,V,0,1.07000005245209,,,0.586533010005951,0.59648597240448,0.596714973449707,0.590308010578156,0.588191986083984,0.587906002998352,0.584989011287689,0.589106976985931,0.571659982204437,0.590422987937927,0.595914006233215,,0.577952980995178,0.582529008388519,0.588649988174438
2,24410430,A244_VOLH_R:VOL_VCCY_4.50_IOL_16.00[1]/PIN12,_,V,0,1.07000005245209,,,0.603592991828918,0.614805996417999,0.614748001098633,0.608798980712891,0.606510996818542,0.606968998908997,0.603936970233917,0.608283996582031,0.589291989803314,0.608512997627258,0.612860977649689,,0.593640029430389,0.601763010025024,0.606454014778137
2,24410430,A244_VOLH_R:VOL_VCCY_4.50_IOL_16.00[1]/PIN14,_,V,0,1.07000005245209,,,0.606782972812653,0.61770898103714,0.618453025817871,0.611473977565765,0.60947197675705,0.611244976520538,0.608498990535736,0.61216002702713,0.591795980930328,0.612217009067535,0.61776602268219,,0.597859025001526,0.604323029518127,0.610100984573364
2,24410430,A244_VOLH_R:VOL_VCCY_4.50_IOL_16.00[1]/PIN16,_,V,0,1.07000005245209,,,0.60536801815033,0.617560982704163,0.616816997528076,0.610176026821136,0.607257008552551,0.609375,0.60657000541687,0.610862970352173,0.591858983039856,0.61217999458313,0.616587996482849,,0.597297012805939,0.602734982967377,0.608973979949951
2,24410430,A244_VOLH_R:VOL_VCCY_4.50_IOL_16.00[1]/PIN18,_,V,0,1.07000005245209,,,0.60615599155426,0.618404984474182,0.617317974567413,0.611651003360748,0.610333979129791,0.610104978084564,0.606957018375397,0.611478984355927,0.59196001291275,0.613310992717743,0.616057991981506,,0.597226023674011,0.603522002696991,0.609417974948883
2,24410440,A244_VOLH_R:VOH_VCCY_4.50_IOH_-16.00[1]/PIN3,_,V,3.45000004768372,4.5,,,3.90403389930725,3.88594508171082,3.88434195518494,3.8900089263916,3.89258503913879,3.89281392097473,3.89367294311523,3.88966608047485,3.90884208679199,3.88737607002258,3.88646006584167,,3.89893889427185,3.89321494102478,3.8950469493866
2,24410440,A244_VOLH_R:VOH_VCCY_4.50_IOH_-16.00[1]/PIN5,_,V,3.45000004768372,4.5,,,3.90185809135437,3.88211011886597,3.88216710090637,3.88720393180847,3.88949394226074,3.88829207420349,3.88880705833435,3.88428497314453,3.90311789512634,3.88262510299683,3.88153696060181,,3.89453101158142,3.88777709007263,3.89092493057251
2,24410440,A244_VOLH_R:VOH_VCCY_4.50_IOH_-16.00[1]/PIN7,_,V,3.45000004768372,4.5,,,3.89711999893188,3.87584090232849,3.87715601921082,3.88213300704956,3.8844211101532,3.88247609138489,3.88321995735168,3.87915897369385,3.89877891540527,3.87669897079468,3.87578392028809,,3.8880820274353,3.88281989097595,3.88527894020081
2,24410440,A244_VOLH_R:VOH_VCCY_4.50_IOH_-16.00[1]/PIN9,_,V,3.45000004768372,4.5,,,3.89540410041809,3.87463998794556,3.87549805641174,3.88178992271423,3.88379192352295,3.88259100914001,3.88379192352295,3.88024497032166,3.89946603775024,3.87721395492554,3.87607002258301,,3.88928389549255,3.88453602790833,3.88539409637451
2,24410440,A244_VOLH_R:VOH_VCCY_4.50_IOH_-16.00[1]/PIN12,_,V,3.45000004768372,4.5,,,3.90078091621399,3.87932991981506,3.88087511062622,3.88590908050537,3.8888258934021,3.88739609718323,3.8888258934021,3.8833339214325,3.90461397171021,3.88173294067383,3.88041710853577,,3.89489006996155,3.88842606544495,3.89042806625366
2,24410440,A244_VOLH_R:VOH_VCCY_4.50_IOH_-16.00[1]/PIN14,_,V,3.45000004768372,4.5,,,3.9045569896698,3.88419198989868,3.88430690765381,3.88974094390869,3.8935170173645,3.88865399360657,3.89048504829407,3.88550806045532,3.90644502639771,3.88453602790833,3.88184690475464,,3.89597606658936,3.88951206207275,3.89117097854614
2,24410440,A244_VOLH_R:VOH_VCCY_4.50_IOH_-16.00[1]/PIN16,_,V,3.45000004768372,4.5,,,3.90915298461914,3.8899199962616,3.88929009437561,3.89375495910645,3.89741897583008,3.89415597915649,3.89484310150146,3.89089298248291,3.91115689277649,3.88986301422119,3.88797402381897,,3.90182590484619,3.89484310150146,3.89764809608459
2,24410440,A244_VOLH_R:VOH_VCCY_4.50_IOH_-16.00[1]/PIN18,_,V,3.45000004768372,4.5,,,3.91186809539795,3.89269304275513,3.89172005653381,3.89612698554993,3.90093588829041,3.89818811416626,3.89898896217346,3.89544105529785,3.91553211212158,3.89383792877197,3.89206290245056,,3.90591502189636,3.89921808242798,3.90167999267578
2,24410450,A244_VOLH_R:VOL_VCCY_4.50_IOL_24.00[1]/PIN3,_,V,0,1.26999998092651,,,0.924475014209747,0.940501987934113,0.93912798166275,0.927107989788055,0.927393972873688,0.928709983825684,0.920067012310028,0.928194999694824,0.899631977081299,0.931172013282776,0.937983989715576,,0.906500995159149,0.915488004684448,0.925791025161743
2,24410450,A244_VOLH_R:VOL_VCCY_4.50_IOL_24.00[1]/PIN5,_,V,0,1.26999998092651,,,0.920889019966125,0.939436018466949,0.938805997371674,0.927815973758698,0.925583004951477,0.924953997135162,0.921176016330719,0.92918998003006,0.899766981601715,0.930047988891602,0.937547028064728,,0.908066987991333,0.915279984474182,0.924839019775391
2,24410450,A244_VOLH_R:VOL_VCCY_4.50_IOL_24.00[1]/PIN7,_,V,0,1.26999998092651,,,0.921078979969025,0.935552000999451,0.937325000762939,0.927486002445221,0.923309981822968,0.924682974815369,0.92044997215271,0.925827026367188,0.897511005401611,0.928744971752167,0.935151994228363,,0.905633985996246,0.913814008235931,0.923940002918243
2,24410450,A244_VOLH_R:VOL_VCCY_4.50_IOL_24.00[1]/PIN9,_,V,0,1.26999998092651,,,0.906014025211334,0.922030985355377,0.922603011131287,0.911906003952026,0.908587992191315,0.907787024974823,0.903210997581482,0.909846007823944,0.882045984268188,0.912135004997253,0.920485973358154,,0.891999006271362,0.899263978004456,0.909160017967224
2,24410450,A244_VOLH_R:VOL_VCCY_4.50_IOL_24.00[1]/PIN12,_,V,0,1.26999998092651,,,0.932748973369598,0.950653970241547,0.950996994972229,0.940699994564056,0.937153995037079,0.937668979167938,0.932862997055054,0.940070986747742,0.909524023532867,0.940814971923828,0.94727897644043,,0.916503012180328,0.929602980613708,0.936695992946625
2,24410450,A244_VOLH_R:VOL_VCCY_4.50_IOL_24.00[1]/PIN14,_,V,0,1.26999998092651,,,0.937819004058838,0.955209016799927,0.956638991832733,0.945141017436981,0.941879987716675,0.944854974746704,0.940335988998413,0.946285009384155,0.91362202167511,0.946685016155243,0.954807996749878,,0.923232018947601,0.933471024036407,0.942737996578217
2,24410450,A244_VOLH_R:VOL_VCCY_4.50_IOL_24.00[1]/PIN16,_,V,0,1.26999998092651,,,0.935657978057861,0.955464005470276,0.954262018203735,0.943157017230988,0.938462972640991,0.94172602891922,0.937318027019501,0.94453102350235,0.914020001888275,0.946820020675659,0.953288972377777,,0.922607004642487,0.931136012077332,0.941210985183716
2,24410450,A244_VOLH_R:VOL_VCCY_4.50_IOL_24.00[1]/PIN18,_,V,0,1.26999998092651,,,0.936838984489441,0.956529974937439,0.955040991306305,0.945538997650146,0.943306982517242,0.943135023117065,0.937869012355804,0.945253014564514,0.914170980453491,0.948516011238098,0.952008008956909,,0.922357022762299,0.932259023189545,0.94181901216507
2,24410460,A244_VOLH_R:VOH_VCCY_4.50_IOH_-24.00[1]/PIN3,_,V,3.14000010490417,4.5,,,3.58891296386719,3.56017708778381,3.55800199508667,3.56676006317139,3.57088088989258,3.57105302810669,3.57248401641846,3.56601595878601,3.59612488746643,3.5626380443573,3.56132197380066,,3.58067011833191,3.57173991203308,3.57488799095154
2,24410460,A244_VOLH_R:VOH_VCCY_4.50_IOH_-24.00[1]/PIN5,_,V,3.14000010490417,4.5,,,3.58582091331482,3.55439496040344,3.55468106269836,3.56252408027649,3.56607294082642,3.56418395042419,3.56492805480957,3.55805897712708,3.5874240398407,3.55536794662476,3.55387997627258,,3.57385802268982,3.56326794624329,3.56824803352356
2,24410460,A244_VOLH_R:VOH_VCCY_4.50_IOH_-24.00[1]/PIN7,_,V,3.14000010490417,4.5,,,3.57872605323792,3.54486203193665,3.5470929145813,3.55510091781616,3.55864810943604,3.55544495582581,3.55693197250366,3.55023908615112,3.58095693588257,3.54623508453369,3.54514789581299,,3.56408190727234,3.55595993995667,3.55990695953369
2,24410460,A244_VOLH_R:VOH_VCCY_4.50_IOH_-24.00[1]/PIN9,_,V,3.14000010490417,4.5,,,3.57586598396301,3.54314589500427,3.54446196556091,3.55441498756409,3.55767607688904,3.55567288398743,3.55767607688904,3.55206990242004,3.5822160243988,3.54732203483582,3.54583501815796,,3.56614208221436,3.55876207351685,3.56013488769531
2,24410460,A244_VOLH_R:VOH_VCCY_4.50_IOH_-24.00[1]/PIN12,_,V,3.14000010490417,4.5,,,3.58410406112671,3.55041098594666,3.55269908905029,3.56070709228516,3.56528401374817,3.56276702880859,3.56545495986938,3.55676007270813,3.59016704559326,3.55401492118835,3.55235600471497,,3.57460808753967,3.56482601165771,3.56768608093262
2,24410460,A244_VOLH_R:VOH_VCCY_4.50_IOH_-24.00[1]/PIN14,_,V,3.14000010490417,4.5,,,3.59005308151245,3.55801892280579,3.55807590484619,3.56659889221191,3.57277703285217,3.56488299369812,3.56808710098267,3.5600209236145,3.59314203262329,3.55847597122192,3.55481505393982,,3.57661008834839,3.5664279460907,3.5692310333252
2,24410460,A244_VOLH_R:VOH_VCCY_4.50_IOH_-24.00[1]/PIN16,_,V,3.14000010490417,4.5,,,3.59690093994141,3.56662106513977,3.56564807891846,3.57280302047729,3.57875609397888,3.57326102256775,3.57463502883911,3.56845188140869,3.6002209186554,3.56656408309937,3.56410193443298,,3.58528089523315,3.57463502883911,3.57881307601929
2,24410460,A244_VOLH_R:VOH_VCCY_4.50_IOH_-24.00[1]/PIN18,_,V,3.14000010490417,4.5,,,3.6011118888855,3.57094693183899,3.56928706169128,3.57615494728088,3.58382606506348,3.57941794395447,3.58102107048035,3.57512497901917,3.60700798034668,3.57283592224121,3.570317029953,,3.5917820930481,3.5814220905304,3.58537101745605
2,24410470,A244_VOLH_R:VOL_VCCY_5.50_IOL_24.00[1]/PIN3,_,V,0,1.26999998092651,,,0.853609979152679,0.867748022079468,0.86625999212265,0.856986999511719,0.856986999511719,0.857846021652222,0.850919008255005,0.857788026332855,0.832086980342865,0.85944801568985,0.866545975208282,,0.839070975780487,0.846625983715057,0.855612993240356
2,24410470,A244_VOLH_R:VOL_VCCY_5.50_IOL_24.00[1]/PIN5,_,V,0,1.26999998092651,,,0.850938975811005,0.867309987545013,0.866108000278473,0.8576939702034,0.855690002441406,0.85488897562027,0.851683020591736,0.858494997024536,0.832449972629547,0.858551979064941,0.866164982318878,,0.840520977973938,0.846589028835297,0.855002999305725
2,24410470,A244_VOLH_R:VOL_VCCY_5.50_IOL_24.00[1]/PIN7,_,V,0,1.26999998092651,,,0.85106098651886,0.864103019237518,0.865076005458832,0.857411026954651,0.8542640209198,0.854893982410431,0.851347029209137,0.855922996997833,0.830524027347565,0.857753992080688,0.86421799659729,,0.8386470079422,0.845511972904205,0.854321002960205
2,24410470,A244_VOLH_R:VOL_VCCY_5.50_IOL_24.00[1]/PIN9,_,V,0,1.26999998092651,,,0.836625993251801,0.850697994232178,0.85098397731781,0.842517971992493,0.83965802192688,0.838971018791199,0.835196018218994,0.840744972229004,0.815747022628784,0.842002987861633,0.850239992141724,,0.825185000896454,0.8315349817276,0.840115010738373
2,24410470,A244_VOLH_R:VOL_VCCY_5.50_IOL_24.00[1]/PIN12,_,V,0,1.26999998092651,,,0.861872017383575,0.878004014492035,0.877833008766174,0.869767010211945,0.866792023181915,0.867021024227142,0.863245010375977,0.869252026081085,0.841850996017456,0.869194984436035,0.875773012638092,,0.849058985710144,0.860099017620087,0.866505980491638
2,24410470,A244_VOLH_R:VOL_VCCY_5.50_IOL_24.00[1]/PIN14,_,V,0,1.26999998092651,,,0.866886973381042,0.882618010044098,0.883303999900818,0.874037027359009,0.871635019779205,0.873694002628326,0.869917988777161,0.875066995620728,0.846064984798431,0.874495029449463,0.882960975170135,,0.855332016944885,0.86414098739624,0.872092008590698
2,24410470,A244_VOLH_R:VOL_VCCY_5.50_IOL_24.00[1]/PIN16,_,V,0,1.26999998092651,,,0.864906013011932,0.882480025291443,0.881219983100891,0.872404992580414,0.868683993816376,0.870745003223419,0.867138981819153,0.873264014720917,0.846015989780426,0.874351024627686,0.881335020065308,,0.854315996170044,0.86175799369812,0.870516002178192
2,24410470,A244_VOLH_R:VOL_VCCY_5.50_IOL_24.00[1]/PIN18,_,V,0,1.26999998092651,,,0.866030991077423,0.883547008037567,0.881829977035522,0.874274015426636,0.872556984424591,0.872098982334137,0.86786299943924,0.874274015426636,0.846454977989197,0.875990986824036,0.880742013454437,,0.854525983333588,0.863111972808838,0.871354997158051
2,24410480,A244_VOLH_R:VOH_VCCY_5.50_IOH_-24.00[1]/PIN3,_,V,4.23000001907349,5.5,,,4.67263078689575,4.64813089370728,4.64629983901978,4.65339803695679,4.6570611000061,4.65740489959717,4.65791988372803,4.65299701690674,4.67932891845703,4.65019178390503,4.6482458114624,,4.66519021987915,4.65757608413696,4.65992307662964
2,24410480,A244_VOLH_R:VOH_VCCY_5.50_IOH_-24.00[1]/PIN5,_,V,4.23000001907349,5.5,,,4.66896820068359,4.64206409454346,4.64252185821533,4.64881801605225,4.65179491043091,4.65065002441406,4.65053606033325,4.64498281478882,4.67085695266724,4.64332294464111,4.64091920852661,,4.65849208831787,4.64967679977417,4.65339803695679
2,24410480,A244_VOLH_R:VOH_VCCY_5.50_IOH_-24.00[1]/PIN7,_,V,4.23000001907349,5.5,,,4.66158580780029,4.63298511505127,4.63481521606445,4.64127922058105,4.64436817169189,4.64185094833374,4.64219379425049,4.63727521896362,4.66404581069946,4.6341290473938,4.63218402862549,,4.64894390106201,4.64202308654785,4.64499711990356
2,24410480,A244_VOLH_R:VOH_VCCY_5.50_IOH_-24.00[1]/PIN9,_,V,4.23000001907349,5.5,,,4.65935611724854,4.63149690628052,4.63269901275635,4.64082193374634,4.64368200302124,4.64230918884277,4.64305305480957,4.63887691497803,4.66524696350098,4.63533020019531,4.63269901275635,,4.65094709396362,4.64453983306885,4.64528322219849
2,24410480,A244_VOLH_R:VOH_VCCY_5.50_IOH_-24.00[1]/PIN12,_,V,4.23000001907349,5.5,,,4.66725015640259,4.63841915130615,4.64036417007446,4.64688491821289,4.65094709396362,4.6488299369812,4.65048885345459,4.64350986480713,4.67251205444336,4.64145088195801,4.63910579681396,,4.65884113311768,4.65037488937378,4.65254783630371
2,24410480,A244_VOLH_R:VOH_VCCY_5.50_IOH_-24.00[1]/PIN14,_,V,4.23000001907349,5.5,,,4.67245483398438,4.64493989944458,4.64528322219849,4.65220499038696,4.65746784210205,4.65088891983032,4.65294885635376,4.64671421051025,4.67525815963745,4.64574098587036,4.64116477966309,,4.66078615188599,4.65186214447021,4.65386390686035
2,24410480,A244_VOLH_R:VOH_VCCY_5.50_IOH_-24.00[1]/PIN16,_,V,4.23000001907349,5.5,,,4.67945003509521,4.65357685089111,4.65277576446533,4.65844297409058,4.66353702545166,4.65913009643555,4.65964508056641,4.65495109558105,4.68237018585205,4.65363502502441,4.65042877197266,,4.66914701461792,4.66010284423828,4.66330814361572
2,24410480,A244_VOLH_R:VOH_VCCY_5.50_IOH_-24.00[1]/PIN18,_,V,4.23000001907349,5.5,,,4.68375110626221,4.65787792205811,4.65650510787964,4.6620569229126,4.66881084442139,4.66543388366699,4.6657772064209,4.6612548828125,4.68913078308105,4.6596531867981,4.65633296966553,,4.6751651763916,4.66623497009277,4.66944122314453
2,24410490,A244_VOLH_R:VOL_VCCY_2.30_IOL_0.10[1]/PIN3,_,V,,0.0500000007450581,,,0.00494999997317791,0.00506399990990758,0.00500700017437339,0.00494999997317791,0.00500700017437339,0.00494999997317791,0.00489299977198243,0.00489299977198243,0.00477800006046891,0.00494999997317791,0.00500700017437339,,0.0048349997960031,0.00489299977198243,0.00506399990990758
2,24410490,A244_VOLH_R:VOL_VCCY_2.30_IOL_0.10[1]/PIN5,_,V,,0.0500000007450581,,,0.00494999997317791,0.00506500015035272,0.00500700017437339,0.00500700017437339,0.00500700017437339,0.00500700017437339,0.00494999997317791,0.00506500015035272,0.00483600003644824,0.00506500015035272,0.00500700017437339,,0.00489299977198243,0.00500700017437339,0.00500700017437339
2,24410490,A244_VOLH_R:VOL_VCCY_2.30_IOL_0.10[1]/PIN7,_,V,,0.0500000007450581,,,0.00494700018316507,0.00500399991869926,0.00511799985542893,0.00488900020718575,0.00500399991869926,0.00500399991869926,0.00500399991869926,0.00506100011989474,0.00488900020718575,0.00506100011989474,0.00506100011989474,,0.00488900020718575,0.00494700018316507,0.00494700018316507
2,24410490,A244_VOLH_R:VOL_VCCY_2.30_IOL_0.10[1]/PIN9,_,V,,0.0500000007450581,,,0.00494700018316507,0.00506100011989474,0.00500399991869926,0.00500399991869926,0.00500399991869926,0.00494700018316507,0.00494700018316507,0.00488900020718575,0.00483200000599027,0.00500399991869926,0.00500399991869926,,0.00488900020718575,0.00494700018316507,0.00500399991869926
2,24410490,A244_VOLH_R:VOL_VCCY_2.30_IOL_0.10[1]/PIN12,_,V,,0.0500000007450581,,,0.00511799985542893,0.00528999976813793,0.00523300003260374,0.00517599983140826,0.00517599983140826,0.00511799985542893,0.00511799985542893,0.00517599983140826,0.00500399991869926,0.00517599983140826,0.00517599983140826,,0.00500399991869926,0.00511799985542893,0.00511799985542893
2,24410490,A244_VOLH_R:VOL_VCCY_2.30_IOL_0.10[1]/PIN14,_,V,,0.0500000007450581,,,0.00506100011989474,0.00517500005662441,0.00517500005662441,0.00511799985542893,0.00511799985542893,0.00517500005662441,0.00517500005662441,0.00511799985542893,0.00500399991869926,0.00511799985542893,0.00511799985542893,,0.00500399991869926,0.00511799985542893,0.00506100011989474
2,24410490,A244_VOLH_R:VOL_VCCY_2.30_IOL_0.10[1]/PIN16,_,V,,0.0500000007450581,,,0.00506500015035272,0.00523599982261658,0.00523599982261658,0.00517900008708239,0.00512199988588691,0.00512199988588691,0.00517900008708239,0.00517900008708239,0.00500700017437339,0.00512199988588691,0.00512199988588691,,0.00506500015035272,0.00517900008708239,0.00512199988588691
2,24410490,A244_VOLH_R:VOL_VCCY_2.30_IOL_0.10[1]/PIN18,_,V,,0.0500000007450581,,,0.00512199988588691,0.00529300002381206,0.00529300002381206,0.00517900008708239,0.00517900008708239,0.00517900008708239,0.00517900008708239,0.00512199988588691,0.00506399990990758,0.00529300002381206,0.00517900008708239,,0.00512199988588691,0.00517900008708239,0.00517900008708239
2,24410500,A244_VOLH_R:VOH_VCCY_2.30_IOH_-0.10[1]/PIN3,_,V,2.20000004768372,,,,2.29460310935974,2.29448795318604,2.29448795318604,2.29448795318604,2.29443097114563,2.29460310935974,2.29460310935974,2.29443097114563,2.29471707344055,2.29454588890076,2.29448795318604,,2.29460310935974,2.29448795318604,2.29460310935974
2,24410500,A244_VOLH_R:VOH_VCCY_2.30_IOH_-0.10[1]/PIN5,_,V,2.20000004768372,,,,2.29477000236511,2.29459810256958,2.2945408821106,2.2945408821106,2.2945408821106,2.29448390007019,2.29448390007019,2.29448390007019,2.29471302032471,2.29448390007019,2.29448390007019,,2.29459810256958,2.2945408821106,2.29459810256958
2,24410500,A244_VOLH_R:VOH_VCCY_2.30_IOH_-0.10[1]/PIN7,_,V,2.20000004768372,,,,2.29462003707886,2.29450607299805,2.29450607299805,2.29450607299805,2.29444909095764,2.29450607299805,2.29462003707886,2.29450607299805,2.29462003707886,2.29444909095764,2.29450607299805,,2.29456305503845,2.29456305503845,2.29462003707886
2,24410500,A244_VOLH_R:VOH_VCCY_2.30_IOH_-0.10[1]/PIN9,_,V,2.20000004768372,,,,2.29468202590942,2.29451107978821,2.29445290565491,2.29445290565491,2.29445290565491,2.29445290565491,2.29445290565491,2.29445290565491,2.29468202590942,2.2943959236145,2.29445290565491,,2.29445290565491,2.29451107978821,2.29451107978821
2,24410500,A244_VOLH_R:VOH_VCCY_2.30_IOH_-0.10[1]/PIN12,_,V,2.20000004768372,,,,2.29473495483398,2.29456305503845,2.29444909095764,2.29462003707886,2.29462003707886,2.29462003707886,2.29473495483398,2.29462003707886,2.29473495483398,2.29450607299805,2.29462003707886,,2.29456305503845,2.29456305503845,2.29456305503845
2,24410500,A244_VOLH_R:VOH_VCCY_2.30_IOH_-0.10[1]/PIN14,_,V,2.20000004768372,,,,2.29473900794983,2.29451107978821,2.29451107978821,2.29451107978821,2.29456806182861,2.29445290565491,2.29451107978821,2.29451107978821,2.29473900794983,2.29445290565491,2.29451107978821,,2.29462504386902,2.29456806182861,2.29462504386902
2,24410500,A244_VOLH_R:VOH_VCCY_2.30_IOH_-0.10[1]/PIN16,_,V,2.20000004768372,,,,2.29482698440552,2.29465508460999,2.2945408821106,2.29471302032471,2.29471302032471,2.29465508460999,2.29471302032471,2.29465508460999,2.29477000236511,2.29459810256958,2.29465508460999,,2.29465508460999,2.29459810256958,2.29471302032471
2,24410500,A244_VOLH_R:VOH_VCCY_2.30_IOH_-0.10[1]/PIN18,_,V,2.20000004768372,,,,2.29483199119568,2.29454588890076,2.29460310935974,2.29466009140015,2.29466009140015,2.29466009140015,2.29460310935974,2.29466009140015,2.29488897323608,2.29466009140015,2.29460310935974,,2.29477500915527,2.29460310935974,2.29477500915527
2,24410510,A244_VOLH_R:VOL_VCCY_2.30_IOL_1.00[1]/PIN3,_,V,,0.0900000035762787,,,0.0506860017776489,0.0515439994633198,0.0513730011880398,0.0507999993860722,0.0508570000529289,0.0509149990975857,0.0503420010209084,0.0508570000529289,0.0494260005652905,0.0511440001428127,0.0511440001428127,,0.0498269982635975,0.0502850003540516,0.0507429987192154
2,24410510,A244_VOLH_R:VOL_VCCY_2.30_IOL_1.00[1]/PIN5,_,V,,0.0900000035762787,,,0.0504009984433651,0.0515459999442101,0.0516600012779236,0.0511449985206127,0.0506870001554489,0.0508590005338192,0.0505720004439354,0.0511449985206127,0.0494850017130375,0.051316998898983,0.0513739995658398,,0.0501139983534813,0.0504579991102219,0.0508590005338192
2,24410510,A244_VOLH_R:VOL_VCCY_2.30_IOL_1.00[1]/PIN7,_,V,,0.0900000035762787,,,0.050195999443531,0.0511679984629154,0.0514540001749992,0.0507679991424084,0.0504820011556149,0.0507679991424084,0.0503670014441013,0.0505390018224716,0.0491660013794899,0.0508820004761219,0.0511679984629154,,0.0496239997446537,0.0501380003988743,0.0504820011556149
2,24410510,A244_VOLH_R:VOL_VCCY_2.30_IOL_1.00[1]/PIN9,_,V,,0.0900000035762787,,,0.049966000020504,0.0507659986615181,0.0509379990398884,0.050136998295784,0.0500230006873608,0.050136998295784,0.0497369989752769,0.0500800013542175,0.0487640015780926,0.050365999341011,0.0505379997193813,,0.0493940003216267,0.0496219992637634,0.0500800013542175
2,24410510,A244_VOLH_R:VOL_VCCY_2.30_IOL_1.00[1]/PIN12,_,V,,0.0900000035762787,,,0.051281999796629,0.0523689985275269,0.0522550009191036,0.0516260005533695,0.0513969995081425,0.0515680015087128,0.0512249991297722,0.051511000841856,0.049966998398304,0.0517399981617928,0.0516260005533695,,0.0503670014441013,0.0512249991297722,0.0514540001749992
2,24410510,A244_VOLH_R:VOL_VCCY_2.30_IOL_1.00[1]/PIN14,_,V,,0.0900000035762787,,,0.0509379990398884,0.0519680008292198,0.0520819984376431,0.051281001418829,0.0511099994182587,0.0513960011303425,0.0510520003736019,0.0515099987387657,0.0497939996421337,0.0515669994056225,0.0516249984502792,,0.0501939989626408,0.0508240014314651,0.0511099994182587
2,24410510,A244_VOLH_R:VOL_VCCY_2.30_IOL_1.00[1]/PIN16,_,V,,0.0900000035762787,,,0.0509729981422424,0.0521750003099442,0.0521179996430874,0.0514310002326965,0.0509729981422424,0.051316998898983,0.0512019991874695,0.0514880008995533,0.0499430000782013,0.0518320016562939,0.0518889985978603,,0.0503429993987083,0.0508590005338192,0.051316998898983
2,24410510,A244_VOLH_R:VOL_VCCY_2.30_IOL_1.00[1]/PIN18,_,V,,0.0900000035762787,,,0.0513730011880398,0.0523459985852242,0.0522309988737106,0.0517730005085468,0.0517159998416901,0.0515439994633198,0.0512010008096695,0.0516589991748333,0.0501129999756813,0.0520600005984306,0.0518880002200603,,0.0505709983408451,0.051086001098156,0.0514300018548965
2,24410520,A244_VOLH_R:VOH_VCCY_2.30_IOH_-1.00[1]/PIN3,_,V,2.15000009536743,,,,2.24680590629578,2.24485993385315,2.24468898773193,2.2453179359436,2.24560403823853,2.24554705619812,2.24560403823853,2.2452609539032,2.24714994430542,2.24508905410767,2.24508905410767,,2.24623394012451,2.24554705619812,2.24594807624817
2,24410520,A244_VOLH_R:VOH_VCCY_2.30_IOH_-1.00[1]/PIN5,_,V,2.15000009536743,,,,2.24617099761963,2.24451088905334,2.244225025177,2.24502611160278,2.2449688911438,2.24491190910339,2.24508309364319,2.24462509155273,2.24645709991455,2.24451088905334,2.24451088905334,,2.24548411369324,2.24508309364319,2.24548411369324
2,24410520,A244_VOLH_R:VOH_VCCY_2.30_IOH_-1.00[1]/PIN7,_,V,2.15000009536743,,,,2.2461109161377,2.24422311782837,2.24416589736938,2.24479508399963,2.24479508399963,2.24468088150024,2.24491000175476,2.24428009986877,2.24622511863708,2.24410891532898,2.24428009986877,,2.24519610404968,2.24456596374512,2.24508094787598
2,24410520,A244_VOLH_R:VOH_VCCY_2.30_IOH_-1.00[1]/PIN9,_,V,2.15000009536743,,,,2.2457160949707,2.2435998916626,2.24365711212158,2.24428606033325,2.24451494216919,2.24434304237366,2.24480104446411,2.24417209625244,2.24594497680664,2.24388599395752,2.24394297599792,,2.24497294425964,2.24457192420959,2.24485802650452
2,24410520,A244_VOLH_R:VOH_VCCY_2.30_IOH_-1.00[1]/PIN12,_,V,2.15000009536743,,,,2.24656796455383,2.24445199966431,2.24450898170471,2.24519610404968,2.24525308609009,2.24513792991638,2.24548196792603,2.24485206604004,2.24679708480835,2.24456596374512,2.24462294578552,,2.24582505226135,2.24531006813049,2.24570989608765
2,24410520,A244_VOLH_R:VOH_VCCY_2.30_IOH_-1.00[1]/PIN14,_,V,2.15000009536743,,,,2.24674606323242,2.24462890625,2.24485802650452,2.24520111083984,2.24542999267578,2.24508690834045,2.24542999267578,2.24491500854492,2.24697494506836,2.24462890625,2.24462890625,,2.2457160949707,2.24525904655457,2.24548697471619
2,24410520,A244_VOLH_R:VOH_VCCY_2.30_IOH_-1.00[1]/PIN16,_,V,2.15000009536743,,,,2.24697208404541,2.24491190910339,2.24508309364319,2.24542689323425,2.24554109573364,2.24525499343872,2.24559903144836,2.24519801139832,2.24697208404541,2.24479699134827,2.2449688911438,,2.2459990978241,2.24542689323425,2.24576997756958
2,24410520,A244_VOLH_R:VOH_VCCY_2.30_IOH_-1.00[1]/PIN18,_,V,2.15000009536743,,,,2.24737906455994,2.24549007415771,2.24537491798401,2.24583292007446,2.24623394012451,2.24589109420776,2.24629092216492,2.24577593803406,2.24766492843628,2.24554705619812,2.24560403823853,,2.24663496017456,2.2461199760437,2.24640607833862
2,24410530,A244_VOLH_R:VOL_VCCY_3.00_IOL_0.10[1]/PIN3,_,V,,0.0500000007450581,,,0.00409100018441677,0.00420599989593029,0.00426300009712577,0.00420599989593029,0.00420599989593029,0.00420599989593029,0.00420599989593029,0.00420599989593029,0.00409100018441677,0.00426300009712577,0.00426300009712577,,0.0041490001603961,0.00409100018441677,0.00420599989593029
2,24410530,A244_VOLH_R:VOL_VCCY_3.00_IOL_0.10[1]/PIN5,_,V,,0.0500000007450581,,,0.00420599989593029,0.00426300009712577,0.00431999983265996,0.00420599989593029,0.00426300009712577,0.00420599989593029,0.00420599989593029,0.00420599989593029,0.00403399998322129,0.00420599989593029,0.00431999983265996,,0.0041490001603961,0.00426300009712577,0.00426300009712577
2,24410530,A244_VOLH_R:VOL_VCCY_3.00_IOL_0.10[1]/PIN7,_,V,,0.0500000007450581,,,0.00414599990472198,0.00425999984145164,0.00420300010591745,0.00420300010591745,0.00420300010591745,0.00414599990472198,0.00420300010591745,0.00420300010591745,0.00408900016918778,0.00420300010591745,0.00425999984145164,,0.00408900016918778,0.00420300010591745,0.00425999984145164
2,24410530,A244_VOLH_R:VOL_VCCY_3.00_IOL_0.10[1]/PIN9,_,V,,0.0500000007450581,,,0.00414599990472198,0.00420300010591745,0.00425999984145164,0.00420300010591745,0.00414599990472198,0.00414599990472198,0.00420300010591745,0.00420300010591745,0.00408900016918778,0.00414599990472198,0.00420300010591745,,0.00414599990472198,0.00414599990472198,0.00414599990472198
2,24410530,A244_VOLH_R:VOL_VCCY_3.00_IOL_0.10[1]/PIN12,_,V,,0.0500000007450581,,,0.00431700004264712,0.00443200021982193,0.00443200021982193,0.00437500001862645,0.00431700004264712,0.00437500001862645,0.00437500001862645,0.00437500001862645,0.00425999984145164,0.00431700004264712,0.00437500001862645,,0.00420300010591745,0.00443200021982193,0.00425999984145164
2,24410530,A244_VOLH_R:VOL_VCCY_3.00_IOL_0.10[1]/PIN14,_,V,,0.0500000007450581,,,0.00425999984145164,0.00443200021982193,0.00437500001862645,0.00425999984145164,0.00425999984145164,0.00431700004264712,0.00431700004264712,0.00431700004264712,0.00420300010591745,0.00437500001862645,0.00437500001862645,,0.00425999984145164,0.00431700004264712,0.00431700004264712
2,24410530,A244_VOLH_R:VOL_VCCY_3.00_IOL_0.10[1]/PIN16,_,V,,0.0500000007450581,,,0.00426300009712577,0.00449200021103024,0.00437799980863929,0.00443500000983477,0.00437799980863929,0.00437799980863929,0.00431999983265996,0.00443500000983477,0.00426300009712577,0.00437799980863929,0.00443500000983477,,0.00426300009712577,0.00437799980863929,0.00431999983265996
2,24410530,A244_VOLH_R:VOL_VCCY_3.00_IOL_0.10[1]/PIN18,_,V,,0.0500000007450581,,,0.00431999983265996,0.00443500000983477,0.00443500000983477,0.00437799980863929,0.00426300009712577,0.00431999983265996,0.00431999983265996,0.00431999983265996,0.00431999983265996,0.00443500000983477,0.00431999983265996,,0.00431999983265996,0.00426300009712577,0.00437799980863929
2,24410540,A244_VOLH_R:VOH_VCCY_3.00_IOH_-0.10[1]/PIN3,_,V,2.90000009536743,,,,2.99541997909546,2.99541997909546,2.99524903297424,2.99541997909546,2.99524903297424,2.99536299705505,2.99541997909546,2.99530601501465,2.99553489685059,2.99530601501465,2.99519109725952,,2.99541997909546,2.99536299705505,2.99530601501465
2,24410540,A244_VOLH_R:VOH_VCCY_3.00_IOH_-0.10[1]/PIN5,_,V,2.90000009536743,,,,2.99541997909546,2.99541997909546,2.99541997909546,2.99541997909546,2.99547791481018,2.99541997909546,2.99530601501465,2.99530601501465,2.99547791481018,2.99541997909546,2.99530601501465,,2.99547791481018,2.99536299705505,2.99536299705505
2,24410540,A244_VOLH_R:VOH_VCCY_3.00_IOH_-0.10[1]/PIN7,_,V,2.90000009536743,,,,2.9954240322113,2.99536609649658,2.99525189399719,2.99536609649658,2.99530911445618,2.99525189399719,2.99536609649658,2.99530911445618,2.99553799629211,2.99519491195679,2.99525189399719,,2.99536609649658,2.99530911445618,2.99536609649658
2,24410540,A244_VOLH_R:VOH_VCCY_3.00_IOH_-0.10[1]/PIN9,_,V,2.90000009536743,,,,2.9954240322113,2.99530911445618,2.99530911445618,2.99536609649658,2.99530911445618,2.99530911445618,2.99530911445618,2.99530911445618,2.99553799629211,2.99525189399719,2.99519491195679,,2.99536609649658,2.99536609649658,2.99525189399719
2,24410540,A244_VOLH_R:VOH_VCCY_3.00_IOH_-0.10[1]/PIN12,_,V,2.90000009536743,,,,2.99559497833252,2.9954240322113,2.99548101425171,2.99536609649658,2.99536609649658,2.99548101425171,2.99553799629211,2.9954240322113,2.99548101425171,2.9954240322113,2.99536609649658,,2.99553799629211,2.9954240322113,2.99548101425171
2,24410540,A244_VOLH_R:VOH_VCCY_3.00_IOH_-0.10[1]/PIN14,_,V,2.90000009536743,,,,2.99548101425171,2.99530911445618,2.9954240322113,2.99536609649658,2.99536609649658,2.99530911445618,2.9954240322113,2.99548101425171,2.99548101425171,2.99530911445618,2.99530911445618,,2.9954240322113,2.99536609649658,2.99525189399719
2,24410540,A244_VOLH_R:VOH_VCCY_3.00_IOH_-0.10[1]/PIN16,_,V,2.90000009536743,,,,2.99558091163635,2.99558091163635,2.99552297592163,2.99558091163635,2.99552297592163,2.99552297592163,2.99552297592163,2.99546599388123,2.99563789367676,2.99558091163635,2.99552297592163,,2.99558091163635,2.99540901184082,2.99552297592163
2,24410540,A244_VOLH_R:VOH_VCCY_3.00_IOH_-0.10[1]/PIN18,_,V,2.90000009536743,,,,2.9955689907074,2.99539804458618,2.99551200866699,2.99562692642212,2.99539804458618,2.99539804458618,2.9955689907074,2.99545502662659,2.99562692642212,2.99551200866699,2.99539804458618,,2.9955689907074,2.99545502662659,2.99534010887146
2,24410550,A244_VOLH_R:VOL_VCCY_3.00_IOL_1.00[1]/PIN3,_,V,,0.0900000035762787,,,0.0427859984338284,0.0434160009026527,0.0433019995689392,0.0427290014922619,0.0428440012037754,0.0430149994790554,0.0423859991133213,0.0428440012037754,0.0416989997029305,0.0430729985237122,0.0432440005242825,,0.0419850014150143,0.0422709994018078,0.0427290014922619
2,24410550,A244_VOLH_R:VOL_VCCY_3.00_IOL_1.00[1]/PIN5,_,V,,0.0900000035762787,,,0.0424439981579781,0.0434739999473095,0.0434739999473095,0.0431310012936592,0.0428449995815754,0.0428449995815754,0.0427299998700619,0.0430740006268024,0.0419289991259575,0.0431879982352257,0.0434739999473095,,0.0422720015048981,0.0425579994916916,0.0429020002484322
2,24410550,A244_VOLH_R:VOL_VCCY_3.00_IOL_1.00[1]/PIN7,_,V,,0.0900000035762787,,,0.0423009991645813,0.0431590005755424,0.043274000287056,0.0426449999213219,0.0424159988760948,0.0425300002098083,0.0424729995429516,0.0425870008766651,0.0414430014789104,0.0429310016334057,0.0430449992418289,,0.0417860001325607,0.0421870015561581,0.0425300002098083
2,24410550,A244_VOLH_R:VOL_VCCY_3.00_IOL_1.00[1]/PIN9,_,V,,0.0900000035762787,,,0.0420139990746975,0.0427009984850883,0.0427579991519451,0.042128998786211,0.042128998786211,0.0419569984078407,0.0418430007994175,0.042128998786211,0.0409270003437996,0.0422430001199245,0.0425290018320084,,0.0413849987089634,0.0417860001325607,0.0421859994530678
2,24410550,A244_VOLH_R:VOL_VCCY_3.00_IOL_1.00[1]/PIN12,_,V,,0.0900000035762787,,,0.0431590005755424,0.0440169982612133,0.0438459999859333,0.043503001332283,0.0433880016207695,0.043444998562336,0.0431019999086857,0.0433880016207695,0.0420150011777878,0.043503001332283,0.0437889993190765,,0.0424729995429516,0.0430449992418289,0.0433880016207695
2,24410550,A244_VOLH_R:VOL_VCCY_3.00_IOL_1.00[1]/PIN14,_,V,,0.0900000035762787,,,0.0429870001971722,0.0438450016081333,0.0439589992165565,0.0432729981839657,0.0431579984724522,0.0432729981839657,0.0432160012423992,0.0435589998960495,0.0420720018446445,0.043444000184536,0.0437299981713295,,0.0424150004982948,0.0429870001971722,0.0433299988508224
2,24410550,A244_VOLH_R:VOL_VCCY_3.00_IOL_1.00[1]/PIN16,_,V,,0.0900000035762787,,,0.0431310012936592,0.0439900010824203,0.0439319983124733,0.0434739999473095,0.0431310012936592,0.043359998613596,0.0432449989020824,0.0434739999473095,0.0421580001711845,0.0437610000371933,0.0439900010824203,,0.0426159985363483,0.0429020002484322,0.043359998613596
2,24410550,A244_VOLH_R:VOL_VCCY_3.00_IOL_1.00[1]/PIN18,_,V,,0.0900000035762787,,,0.0432440005242825,0.0441030003130436,0.0440459996461868,0.0436449982225895,0.043588001281023,0.0436449982225895,0.043359000235796,0.0436449982225895,0.0422709994018078,0.0438169986009598,0.0437019988894463,,0.0426150001585484,0.0432440005242825,0.0435310006141663
2,24410560,A244_VOLH_R:VOH_VCCY_3.00_IOH_-1.00[1]/PIN3,_,V,2.84999990463257,,,,2.95512104034424,2.95369005203247,2.95357608795166,2.95409107208252,2.95437693595886,2.95431995391846,2.95449209213257,2.95403409004211,2.95557904243469,2.95391893386841,2.953861951828,,2.95477795600891,2.95426297187805,2.95449209213257
2,24410560,A244_VOLH_R:VOH_VCCY_3.00_IOH_-1.00[1]/PIN5,_,V,2.84999990463257,,,,2.9546639919281,2.9530611038208,2.95311808586121,2.95363306999207,2.95374798774719,2.95374798774719,2.95374798774719,2.95357608795166,2.95477795600891,2.95323204994202,2.95328998565674,,2.95431995391846,2.95374798774719,2.95397710800171
2,24410560,A244_VOLH_R:VOH_VCCY_3.00_IOH_-1.00[1]/PIN7,_,V,2.84999990463257,,,,2.95435190200806,2.95269298553467,2.95297908782959,2.95337891578674,2.95343589782715,2.95337891578674,2.95343589782715,2.95315003395081,2.95458006858826,2.95274996757507,2.95286393165588,,2.95372200012207,2.95326495170593,2.95355105400085
2,24410560,A244_VOLH_R:VOH_VCCY_3.00_IOH_-1.00[1]/PIN9,_,V,2.84999990463257,,,,2.95418000221252,2.95246410369873,2.95252108573914,2.95292091369629,2.9530930519104,2.95303606987,2.95320701599121,2.95292091369629,2.95440888404846,2.95257806777954,2.95269298553467,,2.95366501808167,2.95332193374634,2.95337891578674
2,24410560,A244_VOLH_R:VOH_VCCY_3.00_IOH_-1.00[1]/PIN12,_,V,2.84999990463257,,,,2.9548659324646,2.95326495170593,2.95315003395081,2.95372200012207,2.95377993583679,2.95366501808167,2.95395088195801,2.95349311828613,2.95503807067871,2.95315003395081,2.95337891578674,,2.95440888404846,2.95377993583679,2.95406603813171
2,24410560,A244_VOLH_R:VOH_VCCY_3.00_IOH_-1.00[1]/PIN14,_,V,2.84999990463257,,,,2.95503807067871,2.95349311828613,2.95360803604126,2.95395088195801,2.95406603813171,2.9538369178772,2.95406603813171,2.95377993583679,2.95515203475952,2.95337891578674,2.95332193374634,,2.95429396629333,2.95395088195801,2.95412302017212
2,24410560,A244_VOLH_R:VOH_VCCY_3.00_IOH_-1.00[1]/PIN16,_,V,2.84999990463257,,,,2.95533990859985,2.95368003845215,2.95362305641174,2.95396590232849,2.95419502258301,2.9540228843689,2.95425200462341,2.95379495620728,2.95528292655945,2.95368003845215,2.95362305641174,,2.95471000671387,2.9541380405426,2.95448088645935
2,24410560,A244_VOLH_R:VOH_VCCY_3.00_IOH_-1.00[1]/PIN18,_,V,2.84999990463257,,,,2.95578789710999,2.95435690879822,2.95418500900269,2.95464301109314,2.95475697517395,2.95469999313354,2.95481395721436,2.95435690879822,2.95595908164978,2.95412802696228,2.95412802696228,,2.955157995224,2.95475697517395,2.95504307746887
2,24410570,A244_VOLH_R:VOL_VCCY_4.50_IOL_0.10[1]/PIN3,_,V,,0.0500000007450581,,,0.00351900001987815,0.00351900001987815,0.00357599998824298,0.00351900001987815,0.00351900001987815,0.00351900001987815,0.00346200005151331,0.00351900001987815,0.00346200005151331,0.00357599998824298,0.00357599998824298,,0.00346200005151331,0.00334700010716915,0.00351900001987815
2,24410570,A244_VOLH_R:VOL_VCCY_4.50_IOL_0.10[1]/PIN5,_,V,,0.0500000007450581,,,0.00357599998824298,0.00369099993258715,0.00357599998824298,0.00357599998824298,0.00357599998824298,0.00351900001987815,0.00351900001987815,0.00351900001987815,0.00346200005151331,0.00363299995660782,0.00357599998824298,,0.00351900001987815,0.00351900001987815,0.00357599998824298
2,24410570,A244_VOLH_R:VOL_VCCY_4.50_IOL_0.10[1]/PIN7,_,V,,0.0500000007450581,,,0.003573999973014,0.003573999973014,0.003573999973014,0.00351700000464916,0.00351700000464916,0.003573999973014,0.00351700000464916,0.003573999973014,0.00345900002866983,0.00351700000464916,0.003573999973014,,0.00345900002866983,0.00351700000464916,0.003573999973014
2,24410570,A244_VOLH_R:VOL_VCCY_4.50_IOL_0.10[1]/PIN9,_,V,,0.0500000007450581,,,0.003402000060305,0.00345900002866983,0.00351599999703467,0.003573999973014,0.003402000060305,0.00345900002866983,0.00345900002866983,0.00345900002866983,0.00345900002866983,0.00345900002866983,0.00345900002866983,,0.00345900002866983,0.00345900002866983,0.00351599999703467
2,24410570,A244_VOLH_R:VOL_VCCY_4.50_IOL_0.10[1]/PIN12,_,V,,0.0500000007450581,,,0.00363099994137883,0.00380300008691847,0.00368799990974367,0.00363099994137883,0.00363099994137883,0.003573999973014,0.00368799990974367,0.00374500011093915,0.003573999973014,0.00368799990974367,0.00374500011093915,,0.00351700000464916,0.00363099994137883,0.00368799990974367
2,24410570,A244_VOLH_R:VOL_VCCY_4.50_IOL_0.10[1]/PIN14,_,V,,0.0500000007450581,,,0.00363099994137883,0.00380300008691847,0.00368799990974367,0.00363099994137883,0.00363099994137883,0.00363099994137883,0.00363099994137883,0.00368799990974367,0.003573999973014,0.00363099994137883,0.00368799990974367,,0.003573999973014,0.00368799990974367,0.00363099994137883
2,24410570,A244_VOLH_R:VOL_VCCY_4.50_IOL_0.10[1]/PIN16,_,V,,0.0500000007450581,,,0.00369099993258715,0.00380500010214746,0.00374799990095198,0.00369099993258715,0.00369099993258715,0.00369099993258715,0.00369099993258715,0.00369099993258715,0.00357599998824298,0.00374799990095198,0.00374799990095198,,0.00363299995660782,0.00363299995660782,0.00369099993258715
2,24410570,A244_VOLH_R:VOL_VCCY_4.50_IOL_0.10[1]/PIN18,_,V,,0.0500000007450581,,,0.00357599998824298,0.00374799990095198,0.00369099993258715,0.00374799990095198,0.00369099993258715,0.00363299995660782,0.00369099993258715,0.00369099993258715,0.00363299995660782,0.00374799990095198,0.00374799990095198,,0.00357599998824298,0.00351900001987815,0.00369099993258715
2,24410580,A244_VOLH_R:VOH_VCCY_4.50_IOH_-0.10[1]/PIN3,_,V,4.40000009536743,,,,4.49626684188843,4.49620914459229,4.49620914459229,4.49626684188843,4.4961519241333,4.49620914459229,4.49632406234741,4.49626684188843,4.49632406234741,4.49609518051147,4.49609518051147,,4.49626684188843,4.49609518051147,4.49626684188843
2,24410580,A244_VOLH_R:VOH_VCCY_4.50_IOH_-0.10[1]/PIN5,_,V,4.40000009536743,,,,4.49626684188843,4.49626684188843,4.49626684188843,4.49626684188843,4.49620914459229,4.49626684188843,4.49626684188843,4.49609518051147,4.49632406234741,4.49626684188843,4.4961519241333,,4.49626684188843,4.49620914459229,4.49626684188843
2,24410580,A244_VOLH_R:VOH_VCCY_4.50_IOH_-0.10[1]/PIN7,_,V,4.40000009536743,,,,4.49632596969604,4.49626922607422,4.49621105194092,4.49621105194092,4.49615383148193,4.49615383148193,4.49621105194092,4.49626922607422,4.49632596969604,4.49615383148193,4.49609708786011,,4.49626922607422,4.49615383148193,4.49621105194092
2,24410580,A244_VOLH_R:VOH_VCCY_4.50_IOH_-0.10[1]/PIN9,_,V,4.40000009536743,,,,4.49626922607422,4.49621105194092,4.49609708786011,4.49609708786011,4.49609708786011,4.49626922607422,4.49626922607422,4.49615383148193,4.49626922607422,4.49615383148193,4.49615383148193,,4.49615383148193,4.49615383148193,4.49621105194092
2,24410580,A244_VOLH_R:VOH_VCCY_4.50_IOH_-0.10[1]/PIN12,_,V,4.40000009536743,,,,4.49638319015503,4.49626922607422,4.49621105194092,4.49632596969604,4.49621105194092,4.49632596969604,4.49632596969604,4.49626922607422,4.49638319015503,4.49615383148193,4.49621105194092,,4.49638319015503,4.49626922607422,4.49626922607422
2,24410580,A244_VOLH_R:VOH_VCCY_4.50_IOH_-0.10[1]/PIN14,_,V,4.40000009536743,,,,4.49632596969604,4.49615383148193,4.49632596969604,4.49615383148193,4.49615383148193,4.49621105194092,4.49632596969604,4.49621105194092,4.49638319015503,4.49609708786011,4.49615383148193,,4.49621105194092,4.49626922607422,4.49632596969604
2,24410580,A244_VOLH_R:VOH_VCCY_4.50_IOH_-0.10[1]/PIN16,_,V,4.40000009536743,,,,4.49639320373535,4.49627780914307,4.49633502960205,4.49644994735718,4.49639320373535,4.49633502960205,4.49633502960205,4.49622106552124,4.49650716781616,4.49627780914307,4.49622106552124,,4.49644994735718,4.49627780914307,4.49633502960205
2,24410580,A244_VOLH_R:VOH_VCCY_4.50_IOH_-0.10[1]/PIN18,_,V,4.40000009536743,,,,4.49640417098999,4.49634695053101,4.49634695053101,4.49629020690918,4.49623203277588,4.49629020690918,4.49634695053101,4.49629020690918,4.49634695053101,4.49623203277588,4.49629020690918,,4.49634695053101,4.49629020690918,4.49634695053101
2,24410590,A244_VOLH_R:VOL_VCCY_4.50_IOL_1.00[1]/PIN3,_,V,,0.0900000035762787,,,0.0358030013740063,0.0362609997391701,0.0360889993607998,0.0358599983155727,0.0359169989824295,0.0359750017523766,0.035631000995636,0.0359750017523766,0.0348300002515316,0.036031998693943,0.0363180004060268,,0.0352310016751289,0.0354019999504089,0.0358030013740063
2,24410590,A244_VOLH_R:VOL_VCCY_4.50_IOL_1.00[1]/PIN5,_,V,,0.0900000035762787,,,0.035631999373436,0.0364330001175404,0.0362620018422604,0.0360330007970333,0.0359760001301765,0.0359760001301765,0.0357469990849495,0.0360900014638901,0.0350599996745586,0.0360900014638901,0.0364330001175404,,0.0354029983282089,0.035631999373436,0.0359180010855198
2,24410590,A244_VOLH_R:VOL_VCCY_4.50_IOL_1.00[1]/PIN7,_,V,,0.0900000035762787,,,0.035436999052763,0.0361230000853539,0.0361800007522106,0.0357800014317036,0.0357230007648468,0.0357800014317036,0.0356080010533333,0.0357800014317036,0.0346929989755154,0.0358939990401268,0.0361800007522106,,0.0350940003991127,0.0353799983859062,0.0357230007648468
2,24410590,A244_VOLH_R:VOL_VCCY_4.50_IOL_1.00[1]/PIN9,_,V,,0.0900000035762787,,,0.0350360013544559,0.0357219986617565,0.03566500172019,0.0352640002965927,0.0352069996297359,0.0351499989628792,0.0350929982960224,0.0353219993412495,0.0342350006103516,0.0353219993412495,0.0357219986617565,,0.0345779992640018,0.0349210016429424,0.0352640002965927
2,24410590,A244_VOLH_R:VOL_VCCY_4.50_IOL_1.00[1]/PIN12,_,V,,0.0900000035762787,,,0.0362950004637241,0.0368670001626015,0.0368670001626015,0.0365240015089512,0.0364090017974377,0.0364659987390041,0.0362950004637241,0.0364659987390041,0.0353799983859062,0.0364659987390041,0.036752000451088,,0.03566600009799,0.0360659994184971,0.0364659987390041
2,24410590,A244_VOLH_R:VOL_VCCY_4.50_IOL_1.00[1]/PIN14,_,V,,0.0900000035762787,,,0.0361220017075539,0.036752000451088,0.036922998726368,0.0363509990274906,0.0362939983606339,0.0363509990274906,0.0362370014190674,0.0365229994058609,0.0353219993412495,0.0364659987390041,0.0368660017848015,,0.03566500172019,0.0360650010406971,0.0363509990274906
2,24410590,A244_VOLH_R:VOL_VCCY_4.50_IOL_1.00[1]/PIN16,_,V,,0.0900000035762787,,,0.0362050011754036,0.0370059981942177,0.0369490012526512,0.0364909991621971,0.0363189987838268,0.0365479998290539,0.0363759994506836,0.0366620011627674,0.0354599989950657,0.0367200002074242,0.0370629988610744,,0.0358039997518063,0.0361469984054565,0.0364330001175404
2,24410590,A244_VOLH_R:VOL_VCCY_4.50_IOL_1.00[1]/PIN18,_,V,,0.0900000035762787,,,0.0364330001175404,0.037177000194788,0.0371199995279312,0.0368329994380474,0.0366620011627674,0.0366620011627674,0.0364330001175404,0.0367190018296242,0.0355740003287792,0.0368329994380474,0.0369479991495609,,0.036031998693943,0.0362609997391701,0.0366620011627674
2,24410600,A244_VOLH_R:VOH_VCCY_4.50_IOH_-1.00[1]/PIN3,_,V,4.34999990463257,,,,4.46352386474609,4.46226406097412,4.46209287643433,4.46266508102417,4.462721824646,4.46266508102417,4.46295118331909,4.46260786056519,4.46375322341919,4.46249294281006,4.46237897872925,,4.46323776245117,4.4627799987793,4.46283721923828
2,24410600,A244_VOLH_R:VOH_VCCY_4.50_IOH_-1.00[1]/PIN5,_,V,4.34999990463257,,,,4.46266508102417,4.46163511276245,4.46157693862915,4.46203517913818,4.4619779586792,4.46209287643433,4.46192121505737,4.46192121505737,4.46295118331909,4.46157693862915,4.46157693862915,,4.46255111694336,4.46209287643433,4.46215009689331
2,24410600,A244_VOLH_R:VOH_VCCY_4.50_IOH_-1.00[1]/PIN7,_,V,4.34999990463257,,,,4.46240377426147,4.46131706237793,4.46143198013306,4.46160316467285,4.46183204650879,4.46171808242798,4.4617748260498,4.46154594421387,4.4626898765564,4.46137523651123,4.46137523651123,,4.4620041847229,4.46188879013062,4.46194696426392
2,24410600,A244_VOLH_R:VOH_VCCY_4.50_IOH_-1.00[1]/PIN9,_,V,4.34999990463257,,,,4.46223306655884,4.46103096008301,4.46108913421631,4.46143198013306,4.46137523651123,4.46148920059204,4.46154594421387,4.46137523651123,4.46240377426147,4.46108913421631,4.46108913421631,,4.46194696426392,4.46154594421387,4.46154594421387
2,24410600,A244_VOLH_R:VOH_VCCY_4.50_IOH_-1.00[1]/PIN12,_,V,4.34999990463257,,,,4.46286201477051,4.46171808242798,4.46166086196899,4.46211814880371,4.46206092834473,4.46211814880371,4.46228981018066,4.4620041847229,4.46314811706543,4.46183204650879,4.4617748260498,,4.46251916885376,4.46217489242554,4.46234703063965
2,24410600,A244_VOLH_R:VOH_VCCY_4.50_IOH_-1.00[1]/PIN14,_,V,4.34999990463257,,,,4.46297597885132,4.46188879013062,4.46194696426392,4.46223306655884,4.46234703063965,4.46223306655884,4.46223306655884,4.46206092834473,4.46326208114624,4.46183204650879,4.46171808242798,,4.4626898765564,4.46217489242554,4.46240377426147
2,24410600,A244_VOLH_R:VOH_VCCY_4.50_IOH_-1.00[1]/PIN16,_,V,4.34999990463257,,,,4.4633641242981,4.46227693557739,4.46221923828125,4.46250581741333,4.46256303787231,4.46250581741333,4.46256303787231,4.46233415603638,4.46353578567505,4.46221923828125,4.46221923828125,,4.46296405792236,4.46256303787231,4.46261978149414
2,24410600,A244_VOLH_R:VOH_VCCY_4.50_IOH_-1.00[1]/PIN18,_,V,4.34999990463257,,,,4.46389198303223,4.46286106109619,4.46280384063721,4.4630331993103,4.46314811706543,4.46320486068726,4.46320486068726,4.46297597885132,4.46417808532715,4.46291923522949,4.46263217926025,,4.4636058807373,4.46308994293213,4.46343421936035
2,24410626,A244_VOLH_R:VOL_VCCY_1.40_IOL_1.00[1]/PIN3,_,V,0,0.550000011920929,,,0.08262600004673,0.0842859968543053,0.0843439996242523,0.0831990018486977,0.0834280028939247,0.0834849998354912,0.082396999001503,0.0829700008034706,0.0806230008602142,0.0842289999127388,0.0830840021371841,,0.0821110010147095,0.0828550010919571,0.0829700008034706
2,24410626,A244_VOLH_R:VOL_VCCY_1.40_IOL_1.00[1]/PIN5,_,V,0,0.550000011920929,,,0.0821129977703094,0.0845170021057129,0.0846320018172264,0.0836009979248047,0.0831430032849312,0.0832580029964447,0.0827429965138435,0.0833149999380112,0.0810249969363213,0.0842880010604858,0.0834869965910912,,0.0823990032076836,0.0830290019512177,0.0830859988927841
2,24410626,A244_VOLH_R:VOL_VCCY_1.40_IOL_1.00[1]/PIN7,_,V,0,0.550000011920929,,,0.081715002655983,0.0837180018424988,0.0841749981045723,0.0829169973731041,0.0825159996747971,0.0826309993863106,0.0824019983410835,0.0826309993863106,0.0802280008792877,0.0836030021309853,0.0828019976615906,,0.0816579982638359,0.0824019983410835,0.0825729966163635
2,24410626,A244_VOLH_R:VOL_VCCY_1.40_IOL_1.00[1]/PIN9,_,V,0,0.550000011920929,,,0.0817129984498024,0.0837730020284653,0.0840020030736923,0.0826290026307106,0.0823429971933365,0.082056999206543,0.0819419994950294,0.0823429971933365,0.0798830017447472,0.0831440016627312,0.0825140029191971,,0.0817129984498024,0.0821710005402565,0.08228600025177
2,24410626,A244_VOLH_R:VOL_VCCY_1.40_IOL_1.00[1]/PIN12,_,V,0,0.550000011920929,,,0.0832030028104782,0.085318997502327,0.0852620005607605,0.0842320024967194,0.0838320031762123,0.0838890001177788,0.0833169966936111,0.0837180018424988,0.0812579989433289,0.0845180004835129,0.0836599990725517,,0.0827450007200241,0.0837180018424988,0.0836030021309853
2,24410626,A244_VOLH_R:VOL_VCCY_1.40_IOL_1.00[1]/PIN14,_,V,0,0.550000011920929,,,0.0824000015854836,0.0847449973225594,0.0850310027599335,0.0838870033621788,0.0833149999380112,0.0836009979248047,0.0832009986042976,0.0836580023169518,0.0808549970388412,0.0843449980020523,0.0834299996495247,,0.0825140029191971,0.0833149999380112,0.0832580029964447
2,24410626,A244_VOLH_R:VOL_VCCY_1.40_IOL_1.00[1]/PIN16,_,V,0,0.550000011920929,,,0.0828569978475571,0.0852610021829605,0.085147000849247,0.0839449986815453,0.0835440009832382,0.0837730020284653,0.0833149999380112,0.0837159976363182,0.0812539979815483,0.0849179998040199,0.0840590000152588,,0.0829150006175041,0.0836009979248047,0.0835440009832382
2,24410626,A244_VOLH_R:VOL_VCCY_1.40_IOL_1.00[1]/PIN18,_,V,0,0.550000011920929,,,0.0830269977450371,0.0854310020804405,0.0853739976882935,0.0846870020031929,0.0841149985790253,0.0841720029711723,0.0835990011692047,0.0839430019259453,0.0814820006489754,0.0852020010352135,0.0835990011692047,,0.0830269977450371,0.0837709978222847,0.0836569964885712
2,24410628,A244_VOLH_R:VOH_VCCY_1.40_IOH_-1.00[1]/PIN3,_,V,1.25,1.64999997615814,,,1.31594800949097,1.31228494644165,1.3119410276413,1.31297099590302,1.31331503391266,1.31319999694824,1.31405901908875,1.31274199485779,1.31617701053619,1.31234204769135,1.3128570318222,,1.31423103809357,1.31325805187225,1.31428802013397
2,24410628,A244_VOLH_R:VOH_VCCY_1.40_IOH_-1.00[1]/PIN5,_,V,1.25,1.64999997615814,,,1.31552004814148,1.31185698509216,1.31145596504211,1.31265795230865,1.31271505355835,1.31254398822784,1.31323003768921,1.3121999502182,1.31552004814148,1.31157004833221,1.31242895126343,,1.31368803977966,1.31242895126343,1.31357395648956
2,24410628,A244_VOLH_R:VOH_VCCY_1.40_IOH_-1.00[1]/PIN7,_,V,1.25,1.64999997615814,,,1.31504797935486,1.31127202510834,1.31144404411316,1.31230199337006,1.31253099441528,1.31212997436523,1.31310296058655,1.31167304515839,1.3153909444809,1.31110095977783,1.31190204620361,,1.31293094158173,1.31207299232483,1.31321704387665
2,24410628,A244_VOLH_R:VOH_VCCY_1.40_IOH_-1.00[1]/PIN9,_,V,1.25,1.64999997615814,,,1.31507503986359,1.31078505516052,1.31107103824615,1.31198596954346,1.31227195262909,1.31198596954346,1.31301605701447,1.31187200546265,1.3151890039444,1.31107103824615,1.31169998645782,,1.31290102005005,1.31227195262909,1.31295800209045
2,24410628,A244_VOLH_R:VOH_VCCY_1.40_IOH_-1.00[1]/PIN12,_,V,1.25,1.64999997615814,,,1.31573402881622,1.3118439912796,1.3117870092392,1.31253099441528,1.31315994262695,1.31287395954132,1.31396102905273,1.31230199337006,1.31602001190186,1.31173002719879,1.31218802928925,,1.31390404701233,1.31293094158173,1.31407499313354
2,24410628,A244_VOLH_R:VOH_VCCY_1.40_IOH_-1.00[1]/PIN14,_,V,1.25,1.64999997615814,,,1.31610500812531,1.31215798854828,1.31215798854828,1.31307303905487,1.31370198726654,1.31272995471954,1.31370198726654,1.31227195262909,1.31633305549622,1.31215798854828,1.31227195262909,,1.31358802318573,1.31284403800964,1.31364500522614
2,24410628,A244_VOLH_R:VOH_VCCY_1.40_IOH_-1.00[1]/PIN16,_,V,1.25,1.64999997615814,,,1.31649303436279,1.31260097026825,1.31254398822784,1.31311595439911,1.31340205669403,1.31311595439911,1.31386005878448,1.31265795230865,1.31649303436279,1.31237196922302,1.31277298927307,,1.31426095962524,1.31294405460358,1.31426095962524
2,24410628,A244_VOLH_R:VOH_VCCY_1.40_IOH_-1.00[1]/PIN18,_,V,1.25,1.64999997615814,,,1.31674897670746,1.31297099590302,1.31257104873657,1.3136579990387,1.31394505500793,1.31377303600311,1.31434500217438,1.31325805187225,1.31692099571228,1.3128570318222,1.31325805187225,,1.31474602222443,1.31371605396271,1.31503200531006
2,24410630,A244_VOLH_R:VOL_VCCY_1.40_IOL_2.00[1]/PIN3,_,V,0,0.550000011920929,,,0.176330000162125,0.180738002061844,0.180681005120277,0.177646994590759,0.17816199362278,0.177932992577553,0.175815001130104,0.176673993468285,0.171865999698639,0.179878994822502,0.177131995558739,,0.17535699903965,0.176845997571945,0.177189007401466
2,24410630,A244_VOLH_R:VOL_VCCY_1.40_IOL_2.00[1]/PIN5,_,V,0,0.550000011920929,,,0.174788996577263,0.180341005325317,0.180512994527817,0.178051993250847,0.177193000912666,0.177193000912666,0.176219999790192,0.1771360039711,0.171927005052567,0.179539993405342,0.17747899889946,,0.175648003816605,0.176333993673325,0.176850005984306
2,24410630,A244_VOLH_R:VOL_VCCY_1.40_IOL_2.00[1]/PIN7,_,V,0,0.550000011920929,,,0.174329996109009,0.179134994745255,0.179820999503136,0.177075996994972,0.175989001989365,0.176732003688812,0.175873994827271,0.176331996917725,0.170726001262665,0.178848996758461,0.176217004656792,,0.174615994095802,0.175530999898911,0.176159992814064
2,24410630,A244_VOLH_R:VOL_VCCY_1.40_IOL_2.00[1]/PIN9,_,V,0,0.550000011920929,,,0.173981994390488,0.17901599407196,0.179131001234055,0.176385000348091,0.175813004374504,0.174954995512962,0.174439996480942,0.175183996558189,0.169634997844696,0.177414998412132,0.175126999616623,,0.174326002597809,0.174954995512962,0.175183996558189
2,24410630,A244_VOLH_R:VOL_VCCY_1.40_IOL_2.00[1]/PIN12,_,V,0,0.550000011920929,,,0.176846995949745,0.181709006428719,0.181823000311852,0.179420992732048,0.178506001830101,0.178619995713234,0.177075996994972,0.17833399772644,0.172442004084587,0.180106997489929,0.177934005856514,,0.175760000944138,0.17816199362278,0.177934005856514
2,24410630,A244_VOLH_R:VOL_VCCY_1.40_IOL_2.00[1]/PIN14,_,V,0,0.550000011920929,,,0.176328003406525,0.180904000997543,0.181990996003151,0.179646000266075,0.178215995430946,0.178958997130394,0.177643001079559,0.178443998098373,0.171922996640205,0.180503994226456,0.17815800011158,,0.176670998334885,0.178101003170013,0.177872002124786
2,24410630,A244_VOLH_R:VOL_VCCY_1.40_IOL_2.00[1]/PIN16,_,V,0,0.550000011920929,,,0.176562994718552,0.182001993060112,0.181943997740746,0.179425999522209,0.178280994296074,0.178452000021935,0.17799499630928,0.178738996386528,0.173186004161835,0.181428998708725,0.178967997431755,,0.176907002925873,0.178166002035141,0.178338006138802
2,24410630,A244_VOLH_R:VOL_VCCY_1.40_IOL_2.00[1]/PIN18,_,V,0,0.550000011920929,,,0.176502004265785,0.182111993432045,0.182226002216339,0.179994001984596,0.179134994745255,0.179077997803688,0.177875995635986,0.178448006510735,0.172952994704247,0.181711003184319,0.177704006433487,,0.176445007324219,0.178104996681213,0.177932992577553
2,24410632,A244_VOLH_R:VOH_VCCY_1.40_IOH_-2.00[1]/PIN3,_,V,1,1.64999997615814,,,1.22607898712158,1.21760702133179,1.21720695495605,1.21926701068878,1.21984004974365,1.22001194953918,1.22207200527191,1.21898102760315,1.22659397125244,1.21760702133179,1.2194390296936,,1.22207200527191,1.21955394744873,1.22212898731232
2,24410632,A244_VOLH_R:VOH_VCCY_1.40_IOH_-2.00[1]/PIN5,_,V,1,1.64999997615814,,,1.22599303722382,1.21757805347443,1.21757805347443,1.21923804283142,1.219810962677,1.21923804283142,1.22095501422882,1.21815001964569,1.2258780002594,1.21689105033875,1.21883702278137,,1.221470952034,1.21889495849609,1.22204303741455
2,24410632,A244_VOLH_R:VOH_VCCY_1.40_IOH_-2.00[1]/PIN7,_,V,1,1.64999997615814,,,1.2253509759903,1.21596896648407,1.21694195270538,1.21825802326202,1.21911597251892,1.21825802326202,1.22003102302551,1.21717095375061,1.22512197494507,1.21556901931763,1.21751403808594,,1.21980202198029,1.21745705604553,1.22054600715637
2,24410632,A244_VOLH_R:VOH_VCCY_1.40_IOH_-2.00[1]/PIN9,_,V,1,1.64999997615814,,,1.22457897663116,1.21554100513458,1.21599900722504,1.21817195415497,1.21868705749512,1.21794402599335,1.22017502784729,1.21748602390289,1.22520804405212,1.21565496921539,1.21765804290771,,1.21994602680206,1.2184009552002,1.22040295600891
2,24410632,A244_VOLH_R:VOH_VCCY_1.40_IOH_-2.00[1]/PIN12,_,V,1,1.64999997615814,,,1.22609496116638,1.21677005290985,1.21711301803589,1.21900105476379,1.21951603889465,1.21934401988983,1.22151803970337,1.21768498420715,1.22638094425201,1.21659898757935,1.21819996833801,,1.22157502174377,1.21911597251892,1.2217470407486
2,24410632,A244_VOLH_R:VOH_VCCY_1.40_IOH_-2.00[1]/PIN14,_,V,1,1.64999997615814,,,1.22721099853516,1.21805799007416,1.21823000907898,1.22000300884247,1.22120404243469,1.21925902366638,1.22160494327545,1.21828699111938,1.22692501544952,1.21742904186249,1.21857297420502,,1.22143304347992,1.21925902366638,1.22149002552032
2,24410632,A244_VOLH_R:VOH_VCCY_1.40_IOH_-2.00[1]/PIN16,_,V,1,1.64999997615814,,,1.22765302658081,1.2190660238266,1.21900904178619,1.22038304805756,1.22129905223846,1.21998202800751,1.22192800045013,1.21912395954132,1.22748100757599,1.21832203865051,1.21963894367218,,1.22255802154541,1.22003901004791,1.22267305850983
2,24410632,A244_VOLH_R:VOH_VCCY_1.40_IOH_-2.00[1]/PIN18,_,V,1,1.64999997615814,,,1.22785401344299,1.2193249464035,1.21898102760315,1.22069799900055,1.22178602218628,1.22098505496979,1.22253000736237,1.22018301486969,1.22813999652863,1.21926701068878,1.22035503387451,,1.22356104850769,1.22121405601501,1.2236750125885
2,24410710,A244_IILH_140_R:passCurrentLow_uA[1]/PIN2,u,A,-0.0500000005843049,0.0500000005843049,,,0,0,0,0,0,0,0,0,0,0,0,,0,0,0
2,24410710,A244_IILH_140_R:passCurrentLow_uA[1]/PIN4,u,A,-0.0500000005843049,0.0500000005843049,,,0,0,0,0,0,0,0,0,0,0,0,,0,0,0
2,24410710,A244_IILH_140_R:passCurrentLow_uA[1]/PIN6,u,A,-0.0500000005843049,0.0500000005843049,,,0,0,0,0,0,0,0,0,0,0,0,,0,0,0
2,24410710,A244_IILH_140_R:passCurrentLow_uA[1]/PIN8,u,A,-0.0500000005843049,0.0500000005843049,,,0,0,0,0,0,0,0,0,0,0,0,,0,0,0
2,24410710,A244_IILH_140_R:passCurrentLow_uA[1]/PIN1,u,A,-0.0500000005843049,0.0500000005843049,,,0,0,0,0,0,0,0,0,0,0,-0.000999999971718069,,0,0,0
2,24410710,A244_IILH_140_R:passCurrentLow_uA[1]/PIN19,u,A,-0.0500000005843049,0.0500000005843049,,,-0.000999999971718069,0,0,0,0,0,0,0,0,0,-0.000999999971718069,,0,0,0
2,24410710,A244_IILH_140_R:passCurrentLow_uA[1]/PIN17,u,A,-0.0500000005843049,0.0500000005843049,,,0,0,0,0,0,0,0,0,0,0,0,,0,0,0
2,24410710,A244_IILH_140_R:passCurrentLow_uA[1]/PIN15,u,A,-0.0500000005843049,0.0500000005843049,,,0,0,0,0,0,0,0,0,0,0,0,,0,0,0
2,24410710,A244_IILH_140_R:passCurrentLow_uA[1]/PIN13,u,A,-0.0500000005843049,0.0500000005843049,,,0,0,0,0,0,0,0,0,0,0,0,,0,0,0
2,24410710,A244_IILH_140_R:passCurrentLow_uA[1]/PIN11,u,A,-0.0500000005843049,0.0500000005843049,,,0,0,0,0,0,0,0,0,0,0,0,,0,0,0
2,24410720,A244_IILH_140_R:passCurrentHigh_uA[1]/PIN2,u,A,-0.10000000116861,0.10000000116861,,,0,0,0,0,0,0,0,0,0,0,0,,0,0,0
2,24410720,A244_IILH_140_R:passCurrentHigh_uA[1]/PIN4,u,A,-0.10000000116861,0.10000000116861,,,0,0,0,0,0,0,0,0,0,0,0,,0,0,0
2,24410720,A244_IILH_140_R:passCurrentHigh_uA[1]/PIN6,u,A,-0.10000000116861,0.10000000116861,,,0,0,0,0,0,0,0,0,0,0,0,,0,0,0
2,24410720,A244_IILH_140_R:passCurrentHigh_uA[1]/PIN8,u,A,-0.10000000116861,0.10000000116861,,,0,0.000999999971718069,0,0.000999999971718069,0,0,0,0,0,0,0,,0,0,0.000999999971718069
2,24410720,A244_IILH_140_R:passCurrentHigh_uA[1]/PIN1,u,A,-0.10000000116861,0.10000000116861,,,0,0,0,0,0,0,0,0,0,0,0,,0,0,0
2,24410720,A244_IILH_140_R:passCurrentHigh_uA[1]/PIN19,u,A,-0.10000000116861,0.10000000116861,,,0,0,0,0,0,0,0,0,0,0,0,,0,0,0
2,24410720,A244_IILH_140_R:passCurrentHigh_uA[1]/PIN17,u,A,-0.10000000116861,0.10000000116861,,,0,0,0,0,0,0,0,0,0,0,0,,0,0,0
2,24410720,A244_IILH_140_R:passCurrentHigh_uA[1]/PIN15,u,A,-0.10000000116861,0.10000000116861,,,0,0,0,0,0,0,0,0,0,0,0,,0,0,0
2,24410720,A244_IILH_140_R:passCurrentHigh_uA[1]/PIN13,u,A,-0.10000000116861,0.10000000116861,,,0,0,0,0,0,0,0,0,0,0,0,,0,0,0
2,24410720,A244_IILH_140_R:passCurrentHigh_uA[1]/PIN11,u,A,-0.10000000116861,0.10000000116861,,,0,0,0,0,0,0,0,0,0,0.000999999971718069,0,,0,0,0
2,24410690,A244_IILH_550_R:passCurrentLow_uA[1]/PIN2,u,A,-0.0500000005843049,0.0500000005843049,,,-0.000999999971718069,-0.000999999971718069,-0.000999999971718069,-0.000999999971718069,0,-0.000999999971718069,-0.000999999971718069,-0.000999999971718069,-0.000999999971718069,-0.000999999971718069,-0.000999999971718069,,-0.000999999971718069,-0.000999999971718069,-0.000999999971718069
2,24410690,A244_IILH_550_R:passCurrentLow_uA[1]/PIN4,u,A,-0.0500000005843049,0.0500000005843049,,,-0.00199999994343614,-0.000999999971718069,-0.000999999971718069,-0.000999999971718069,-0.000999999971718069,-0.000999999971718069,-0.000999999971718069,-0.000999999971718069,-0.000999999971718069,-0.000999999971718069,-0.000999999971718069,,-0.000999999971718069,-0.000999999971718069,-0.000999999971718069
2,24410690,A244_IILH_550_R:passCurrentLow_uA[1]/PIN6,u,A,-0.0500000005843049,0.0500000005843049,,,-0.00199999994343614,-0.000999999971718069,-0.000999999971718069,-0.000999999971718069,-0.000999999971718069,-0.000999999971718069,-0.000999999971718069,-0.000999999971718069,-0.000999999971718069,-0.000999999971718069,-0.000999999971718069,,0,-0.000999999971718069,-0.000999999971718069
2,24410690,A244_IILH_550_R:passCurrentLow_uA[1]/PIN8,u,A,-0.0500000005843049,0.0500000005843049,,,-0.000999999971718069,-0.000999999971718069,-0.000999999971718069,-0.000999999971718069,0,-0.000999999971718069,-0.000999999971718069,-0.000999999971718069,-0.000999999971718069,-0.000999999971718069,-0.000999999971718069,,0,0,-0.000999999971718069
2,24410690,A244_IILH_550_R:passCurrentLow_uA[1]/PIN1,u,A,-0.0500000005843049,0.0500000005843049,,,-0.00199999994343614,-0.000999999971718069,-0.000999999971718069,-0.000999999971718069,-0.000999999971718069,-0.000999999971718069,-0.000999999971718069,-0.000999999971718069,-0.000999999971718069,-0.000999999971718069,-0.000999999971718069,,-0.000999999971718069,-0.000999999971718069,-0.000999999971718069
2,24410690,A244_IILH_550_R:passCurrentLow_uA[1]/PIN19,u,A,-0.0500000005843049,0.0500000005843049,,,-0.00199999994343614,-0.000999999971718069,-0.000999999971718069,-0.000999999971718069,-0.000999999971718069,-0.000999999971718069,-0.000999999971718069,-0.000999999971718069,-0.000999999971718069,-0.000999999971718069,-0.000999999971718069,,-0.000999999971718069,-0.000999999971718069,-0.000999999971718069
2,24410690,A244_IILH_550_R:passCurrentLow_uA[1]/PIN17,u,A,-0.0500000005843049,0.0500000005843049,,,-0.00199999994343614,-0.000999999971718069,-0.000999999971718069,-0.000999999971718069,-0.000999999971718069,-0.000999999971718069,-0.000999999971718069,-0.000999999971718069,-0.00199999994343614,-0.000999999971718069,-0.000999999971718069,,-0.000999999971718069,0,-0.000999999971718069
2,24410690,A244_IILH_550_R:passCurrentLow_uA[1]/PIN15,u,A,-0.0500000005843049,0.0500000005843049,,,-0.00199999994343614,-0.000999999971718069,-0.000999999971718069,-0.000999999971718069,-0.000999999971718069,0,-0.000999999971718069,-0.000999999971718069,-0.000999999971718069,-0.000999999971718069,-0.000999999971718069,,0,0,-0.000999999971718069
2,24410690,A244_IILH_550_R:passCurrentLow_uA[1]/PIN13,u,A,-0.0500000005843049,0.0500000005843049,,,-0.00199999994343614,-0.000999999971718069,-0.000999999971718069,-0.000999999971718069,-0.000999999971718069,-0.000999999971718069,-0.000999999971718069,-0.000999999971718069,-0.000999999971718069,-0.000999999971718069,-0.000999999971718069,,-0.000999999971718069,-0.000999999971718069,-0.000999999971718069
2,24410690,A244_IILH_550_R:passCurrentLow_uA[1]/PIN11,u,A,-0.0500000005843049,0.0500000005843049,,,-0.000999999971718069,-0.000999999971718069,-0.000999999971718069,-0.000999999971718069,-0.000999999971718069,-0.000999999971718069,-0.000999999971718069,-0.000999999971718069,-0.000999999971718069,-0.000999999971718069,-0.000999999971718069,,0,0,-0.000999999971718069
2,24410700,A244_IILH_550_R:passCurrentHigh_uA[1]/PIN2,u,A,-0.220000003992027,0.220000003992027,,,0.00300000002617651,0,0,0.00999999993922529,0,0.000999999971718069,0.0130000001874464,0.00600000005235302,0.000999999971718069,0.000999999971718069,0.000999999971718069,,0,0.00199999994343614,0.000999999971718069
2,24410700,A244_IILH_550_R:passCurrentHigh_uA[1]/PIN4,u,A,-0.220000003992027,0.220000003992027,,,0.00799999977374455,0,0.00199999994343614,0.000999999971718069,0,0.000999999971718069,0,0.012000000104706,0,0,0.00199999994343614,,0,0,0.00199999994343614
2,24410700,A244_IILH_550_R:passCurrentHigh_uA[1]/PIN6,u,A,-0.220000003992027,0.220000003992027,,,0,0.00199999994343614,0.000999999971718069,0.000999999971718069,0,0,0,0,0,0,0,,0,0,0.00799999977374455
2,24410700,A244_IILH_550_R:passCurrentHigh_uA[1]/PIN8,u,A,-0.220000003992027,0.220000003992027,,,0.00199999994343614,0.0339999992604589,0.00899999985648492,0.0149999994647487,0,0,0,0,0,0.00399999988687227,0.000999999971718069,,0.0290000006231139,0,0.0169999996302295
2,24410700,A244_IILH_550_R:passCurrentHigh_uA[1]/PIN1,u,A,-0.220000003992027,0.220000003992027,,,0.000999999971718069,0,0,0.00700000013509339,0,0.00300000002617651,0,0,0,0,0,,0.000999999971718069,0,0
2,24410700,A244_IILH_550_R:passCurrentHigh_uA[1]/PIN19,u,A,-0.220000003992027,0.220000003992027,,,0.000999999971718069,0.00199999994343614,0.00199999994343614,0.000999999971718069,0.0159999995474891,0,0,0,0.00799999977374455,0,0.0440000000878626,,0,0.000999999971718069,0
2,24410700,A244_IILH_550_R:passCurrentHigh_uA[1]/PIN17,u,A,-0.220000003992027,0.220000003992027,,,0.00199999994343614,0.00300000002617651,0.0169999996302295,0,0,0,0,0,0.00899999985648492,0.0490000005015645,0.000999999971718069,,0,0.000999999971718069,0
2,24410700,A244_IILH_550_R:passCurrentHigh_uA[1]/PIN15,u,A,-0.220000003992027,0.220000003992027,,,0.000999999971718069,0.000999999971718069,0.000999999971718069,0.000999999971718069,0,0.000999999971718069,0,0.000999999971718069,0.0220000000439313,0.00499999996961265,0.00600000005235302,,0.00199999994343614,0.0149999994647487,0
2,24410700,A244_IILH_550_R:passCurrentHigh_uA[1]/PIN13,u,A,-0.220000003992027,0.220000003992027,,,0.00300000002617651,0.00600000005235302,0,0,0,0,0,0,0,0,0.00199999994343614,,0,0.000999999971718069,0
2,24410700,A244_IILH_550_R:passCurrentHigh_uA[1]/PIN11,u,A,-0.220000003992027,0.220000003992027,,,0.000999999971718069,0.00199999994343614,0.000999999971718069,0.000999999971718069,0,0,0.00499999996961265,0.000999999971718069,0.00199999994343614,0.0260000003748928,0,,0.00300000002617651,0.00700000013509339,0.000999999971718069
2,24410770,A244_IOZLH_140_R:passCurrentLow_uA[1]/PIN12,u,A,-0.200000002337219,0.200000002337219,,,0,0,0,0,0,0,0,0,0,0,0,,0,0,0
2,24410770,A244_IOZLH_140_R:passCurrentLow_uA[1]/PIN14,u,A,-0.200000002337219,0.200000002337219,,,0,0,0,0,0,0,0,0,0,0,0,,0,0,0
2,24410770,A244_IOZLH_140_R:passCurrentLow_uA[1]/PIN16,u,A,-0.200000002337219,0.200000002337219,,,0,0,0,0,0,0,0,0,0,0,0,,0,0,0
2,24410770,A244_IOZLH_140_R:passCurrentLow_uA[1]/PIN18,u,A,-0.200000002337219,0.200000002337219,,,0,0,0,0,0,0,0,0,0,0,0,,0,0,0
2,24410770,A244_IOZLH_140_R:passCurrentLow_uA[1]/PIN3,u,A,-0.200000002337219,0.200000002337219,,,0,0,0,0,0,0,0,0,0,0,0,,0,0,0
2,24410770,A244_IOZLH_140_R:passCurrentLow_uA[1]/PIN5,u,A,-0.200000002337219,0.200000002337219,,,0,0,0,0,0,0,0,0,0,0,0,,0,0,0
2,24410770,A244_IOZLH_140_R:passCurrentLow_uA[1]/PIN7,u,A,-0.200000002337219,0.200000002337219,,,0,0,0,0,0,0,0,0,0,0,0,,0,0,0
2,24410770,A244_IOZLH_140_R:passCurrentLow_uA[1]/PIN9,u,A,-0.200000002337219,0.200000002337219,,,0,0,0,0,0,0,0,0,0,0,0,,0,0,0
2,24410780,A244_IOZLH_140_R:passCurrentHigh_uA[1]/PIN12,u,A,-0.200000002337219,0.600000021222513,,,0.000999999971718069,0,0.000999999971718069,0,0,0,0,0,0,0,0,,0,0.000999999971718069,0
2,24410780,A244_IOZLH_140_R:passCurrentHigh_uA[1]/PIN14,u,A,-0.200000002337219,0.600000021222513,,,0.000999999971718069,0.000999999971718069,0.000999999971718069,0,0,0,0,0,0,0,0.000999999971718069,,0,0,0
2,24410780,A244_IOZLH_140_R:passCurrentHigh_uA[1]/PIN16,u,A,-0.200000002337219,0.600000021222513,,,0,0,0,0.000999999971718069,0,0,0,0,0,0,0,,0,0,0
2,24410780,A244_IOZLH_140_R:passCurrentHigh_uA[1]/PIN18,u,A,-0.200000002337219,0.600000021222513,,,0,0,0,0,0,0,0,0,0,0,0,,0,0,0
2,24410780,A244_IOZLH_140_R:passCurrentHigh_uA[1]/PIN3,u,A,-0.200000002337219,0.600000021222513,,,0,0.000999999971718069,0,0,0,0,0,0.00199999994343614,0,0,0,,0,0,0
2,24410780,A244_IOZLH_140_R:passCurrentHigh_uA[1]/PIN5,u,A,-0.200000002337219,0.600000021222513,,,0,0,0,0,0,0,0,0,0.000999999971718069,0,0,,0,0,0
2,24410780,A244_IOZLH_140_R:passCurrentHigh_uA[1]/PIN7,u,A,-0.200000002337219,0.600000021222513,,,0.000999999971718069,0.000999999971718069,0.000999999971718069,0.000999999971718069,0.000999999971718069,0.000999999971718069,0.000999999971718069,0.000999999971718069,0.000999999971718069,0.000999999971718069,0.000999999971718069,,0,0,0.000999999971718069
2,24410780,A244_IOZLH_140_R:passCurrentHigh_uA[1]/PIN9,u,A,-0.200000002337219,0.600000021222513,,,0.000999999971718069,0,0.000999999971718069,0.000999999971718069,0,0,0.000999999971718069,0,0.000999999971718069,0,0,,0,0,0
2,24410750,A244_IOZLH_550_R:passCurrentLow_uA[1]/PIN12,u,A,-0.200000002337219,0.10000000116861,,,-0.000999999971718069,-0.000999999971718069,-0.000999999971718069,0,0,0,-0.000999999971718069,0,-0.000999999971718069,0,-0.000999999971718069,,0,0,0
2,24410750,A244_IOZLH_550_R:passCurrentLow_uA[1]/PIN14,u,A,-0.200000002337219,0.10000000116861,,,-0.000999999971718069,-0.000999999971718069,-0.000999999971718069,0,0,0,-0.000999999971718069,0,-0.000999999971718069,0,0,,0,0,0
2,24410750,A244_IOZLH_550_R:passCurrentLow_uA[1]/PIN16,u,A,-0.200000002337219,0.10000000116861,,,-0.000999999971718069,-0.000999999971718069,-0.000999999971718069,0,0,0,-0.000999999971718069,-0.000999999971718069,-0.000999999971718069,0,-0.000999999971718069,,0,0,0
2,24410750,A244_IOZLH_550_R:passCurrentLow_uA[1]/PIN18,u,A,-0.200000002337219,0.10000000116861,,,-0.00199999994343614,-0.000999999971718069,-0.000999999971718069,-0.000999999971718069,0,0,-0.000999999971718069,-0.000999999971718069,-0.000999999971718069,-0.000999999971718069,-0.000999999971718069,,0,0,-0.000999999971718069
2,24410750,A244_IOZLH_550_R:passCurrentLow_uA[1]/PIN3,u,A,-0.200000002337219,0.10000000116861,,,-0.000999999971718069,-0.000999999971718069,-0.000999999971718069,0,0,0,-0.000999999971718069,0,-0.000999999971718069,0,-0.000999999971718069,,0,0,-0.000999999971718069
2,24410750,A244_IOZLH_550_R:passCurrentLow_uA[1]/PIN5,u,A,-0.200000002337219,0.10000000116861,,,-0.000999999971718069,-0.000999999971718069,-0.000999999971718069,0,0,-0.000999999971718069,-0.000999999971718069,-0.000999999971718069,-0.000999999971718069,-0.000999999971718069,-0.000999999971718069,,0,0,-0.000999999971718069
2,24410750,A244_IOZLH_550_R:passCurrentLow_uA[1]/PIN7,u,A,-0.200000002337219,0.10000000116861,,,-0.000999999971718069,0,0,0,0,0,0,0,-0.000999999971718069,0,0,,0,0,0
2,24410750,A244_IOZLH_550_R:passCurrentLow_uA[1]/PIN9,u,A,-0.200000002337219,0.10000000116861,,,-0.000999999971718069,-0.000999999971718069,0,0,0,0,0,0,-0.000999999971718069,0,-0.000999999971718069,,0,0,0
2,24410760,A244_IOZLH_550_R:passCurrentHigh_uA[1]/PIN12,u,A,-0.220000003992027,0.220000003992027,,,0.00999999993922529,0.000999999971718069,0.000999999971718069,0.0130000001874464,0.000999999971718069,0,0,0.00700000013509339,0.000999999971718069,0.000999999971718069,0.000999999971718069,,0,0.00600000005235302,0
2,24410760,A244_IOZLH_550_R:passCurrentHigh_uA[1]/PIN14,u,A,-0.220000003992027,0.220000003992027,,,0.000999999971718069,0.00399999988687227,0.000999999971718069,0.00499999996961265,0.000999999971718069,0.00499999996961265,0.000999999971718069,0.000999999971718069,0.000999999971718069,0.000999999971718069,0.000999999971718069,,0,0.000999999971718069,0.0719999988518794
2,24410760,A244_IOZLH_550_R:passCurrentHigh_uA[1]/PIN16,u,A,-0.220000003992027,0.220000003992027,,,0.000999999971718069,0.000999999971718069,0.000999999971718069,0.020999999961191,0.000999999971718069,0.000999999971718069,0.000999999971718069,0.000999999971718069,0.000999999971718069,0.00399999988687227,0.00199999994343614,,0.00600000005235302,0.00199999994343614,0.000999999971718069
2,24410760,A244_IOZLH_550_R:passCurrentHigh_uA[1]/PIN18,u,A,-0.220000003992027,0.220000003992027,,,0.000999999971718069,0.00999999993922529,0.00199999994343614,0.000999999971718069,0,0,0.00399999988687227,0.000999999971718069,0.000999999971718069,0,0.00600000005235302,,0,0.00499999996961265,0.000999999971718069
2,24410760,A244_IOZLH_550_R:passCurrentHigh_uA[1]/PIN3,u,A,-0.220000003992027,0.220000003992027,,,0.000999999971718069,0.000999999971718069,0.000999999971718069,0.000999999971718069,0.00199999994343614,0.000999999971718069,0.00199999994343614,0.0430000000051223,0.000999999971718069,0.012000000104706,0.000999999971718069,,0.0140000002701868,0.000999999971718069,0.000999999971718069
2,24410760,A244_IOZLH_550_R:passCurrentHigh_uA[1]/PIN5,u,A,-0.220000003992027,0.220000003992027,,,0.000999999971718069,0.000999999971718069,0.000999999971718069,0.00399999988687227,0,0.00700000013509339,0.000999999971718069,0,0.0319999990949782,0.0639999981899564,0.00999999993922529,,0.000999999971718069,0,0.0339999992604589
2,24410760,A244_IOZLH_550_R:passCurrentHigh_uA[1]/PIN7,u,A,-0.220000003992027,0.220000003992027,,,0.000999999971718069,0.0110000000219657,0.000999999971718069,0.00499999996961265,0.000999999971718069,0.000999999971718069,0.00300000002617651,0.00899999985648492,0.000999999971718069,0.000999999971718069,0.000999999971718069,,0.00300000002617651,0.000999999971718069,0.00199999994343614
2,24410760,A244_IOZLH_550_R:passCurrentHigh_uA[1]/PIN9,u,A,-0.220000003992027,0.220000003992027,,,0.000999999971718069,0.000999999971718069,0.0189999997957102,0.000999999971718069,0.000999999971718069,0.00199999994343614,0.000999999971718069,0.000999999971718069,0.000999999971718069,0.000999999971718069,0.000999999971718069,,0.0169999996302295,0.000999999971718069,0.000999999971718069
2,24418670,A244_T_PD_R:T_EDGE_HI_VCCY_5.5000[1]/PIN12,n,S,,6.90000012681935,,,4.98999996878524,5.12999998036889,5.11999997954149,5.09999997788668,5.09999997788668,5.10999997871409,5.04999997374966,5.10999997871409,4.90999996216601,5.09999997788668,5.11999997954149,,5.03999997292226,5.04999997374966,5.03999997292226
2,24418670,A244_T_PD_R:T_EDGE_HI_VCCY_5.5000[1]/PIN14,n,S,,6.90000012681935,,,4.97999996795784,5.11999997954149,5.11999997954149,5.09999997788668,5.09999997788668,5.09999997788668,5.04999997374966,5.09999997788668,4.89999996133861,5.08999997705928,5.09999997788668,,5.03999997292226,5.05999997457707,5.04999997374966
2,24418670,A244_T_PD_R:T_EDGE_HI_VCCY_5.5000[1]/PIN16,n,S,,6.90000012681935,,,4.89999996133861,5.04999997374966,5.01999997126745,5.01999997126745,5.01999997126745,5.02999997209486,4.95999996630303,5.01999997126745,4.81999995471938,5.01999997126745,5.00999997044005,,4.95999996630303,4.97999996795784,4.95999996630303
2,24418670,A244_T_PD_R:T_EDGE_HI_VCCY_5.5000[1]/PIN18,n,S,,6.90000012681935,,,4.92999996382082,5.06999997540447,5.06999997540447,5.05999997457707,5.05999997457707,5.06999997540447,5.00999997044005,5.05999997457707,4.85999995802899,5.05999997457707,5.05999997457707,,4.98999996878524,5.00999997044005,4.99999996961265
2,24418670,A244_T_PD_R:T_EDGE_HI_VCCY_5.5000[1]/PIN3,n,S,,6.90000012681935,,,4.92999996382082,5.07999997623187,5.07999997623187,5.05999997457707,5.05999997457707,5.06999997540447,5.00999997044005,5.05999997457707,4.8799999596838,5.04999997374966,5.05999997457707,,4.99999996961265,5.01999997126745,5.00999997044005
2,24418670,A244_T_PD_R:T_EDGE_HI_VCCY_5.5000[1]/PIN5,n,S,,6.90000012681935,,,4.92999996382082,5.07999997623187,5.06999997540447,5.04999997374966,5.05999997457707,5.06999997540447,5.00999997044005,5.05999997457707,4.85999995802899,5.03999997292226,5.05999997457707,,4.99999996961265,5.01999997126745,4.98999996878524
2,24418670,A244_T_PD_R:T_EDGE_HI_VCCY_5.5000[1]/PIN7,n,S,,6.90000012681935,,,4.96999996713043,5.10999997871409,5.12999998036889,5.10999997871409,5.10999997871409,5.11999997954149,5.06999997540447,5.10999997871409,4.91999996299342,5.09999997788668,5.09999997788668,,5.03999997292226,5.05999997457707,5.04999997374966
2,24418670,A244_T_PD_R:T_EDGE_HI_VCCY_5.5000[1]/PIN9,n,S,,6.90000012681935,,,5.09999997788668,5.24999999029774,5.25999999112514,5.22999998864293,5.22999998864293,5.22999998864293,5.16999998367851,5.23999998947033,5.01999997126745,5.21999998781553,5.22999998864293,,5.16999998367851,5.18999998533332,5.16999998367851
2,24418680,A244_T_PD_R:T_SKEW_HI_VCCY_5.5000@PIN12[1],n,S,,0.999999971718069,,,0.200000002670286,0.200000002670286,0.239999992102113,0.21000000349769,0.21000000349769,0.200000002670286,0.21000000349769,0.220000004325094,0.200000002670286,0.200000002670286,0.220000004325094,,0.21000000349769,0.21000000349769,0.21000000349769
2,24418830,A244_T_PD_R:T_EDGE_LO_VCCY_5.5000[1]/PIN12,n,S,,6.90000012681935,,,5.04999997374966,5.21999998781553,5.20999998698812,5.18999998533332,5.18999998533332,5.19999998616072,5.12999998036889,5.18999998533332,4.97999996795784,5.18999998533332,5.18999998533332,,5.12999998036889,5.1499999820237,5.11999997954149
2,24418830,A244_T_PD_R:T_EDGE_LO_VCCY_5.5000[1]/PIN14,n,S,,6.90000012681935,,,4.90999996216601,5.06999997540447,5.04999997374966,5.03999997292226,5.03999997292226,5.04999997374966,4.98999996878524,5.05999997457707,4.84999995720159,5.03999997292226,5.04999997374966,,4.97999996795784,4.99999996961265,4.98999996878524
2,24418830,A244_T_PD_R:T_EDGE_LO_VCCY_5.5000[1]/PIN16,n,S,,6.90000012681935,,,4.8699999588564,5.03999997292226,5.01999997126745,5.01999997126745,5.01999997126745,5.02999997209486,4.95999996630303,5.01999997126745,4.83999995637419,5.01999997126745,5.02999997209486,,4.96999996713043,4.98999996878524,4.95999996630303
2,24418830,A244_T_PD_R:T_EDGE_LO_VCCY_5.5000[1]/PIN18,n,S,,6.90000012681935,,,4.8699999588564,5.01999997126745,5.01999997126745,4.99999996961265,5.00999997044005,5.02999997209486,4.94999996547563,5.00999997044005,4.81999995471938,4.98999996878524,4.99999996961265,,4.93999996464822,4.95999996630303,4.93999996464822
2,24418830,A244_T_PD_R:T_EDGE_LO_VCCY_5.5000[1]/PIN3,n,S,,6.90000012681935,,,4.93999996464822,5.10999997871409,5.07999997623187,5.06999997540447,5.07999997623187,5.07999997623187,5.01999997126745,5.07999997623187,4.8899999605112,5.06999997540447,5.06999997540447,,5.00999997044005,5.02999997209486,5.00999997044005
2,24418830,A244_T_PD_R:T_EDGE_LO_VCCY_5.5000[1]/PIN5,n,S,,6.90000012681935,,,4.8899999605112,5.04999997374966,5.02999997209486,5.03999997292226,5.02999997209486,5.03999997292226,4.96999996713043,5.03999997292226,4.82999995554678,5.01999997126745,5.02999997209486,,4.95999996630303,4.98999996878524,4.96999996713043
2,24418830,A244_T_PD_R:T_EDGE_LO_VCCY_5.5000[1]/PIN7,n,S,,6.90000012681935,,,4.89999996133861,5.06999997540447,5.04999997374966,5.05999997457707,5.04999997374966,5.06999997540447,4.98999996878524,5.05999997457707,4.85999995802899,5.04999997374966,5.04999997374966,,4.98999996878524,5.00999997044005,4.99999996961265
2,24418830,A244_T_PD_R:T_EDGE_LO_VCCY_5.5000[1]/PIN9,n,S,,6.90000012681935,,,4.82999995554678,4.98999996878524,4.97999996795784,4.96999996713043,4.96999996713043,4.96999996713043,4.90999996216601,4.97999996795784,4.75999994975496,4.95999996630303,4.95999996630303,,4.89999996133861,4.91999996299342,4.91999996299342
2,24418840,A244_T_PD_R:T_SKEW_LO_VCCY_5.5000@PIN12[1],n,S,,0.999999971718069,,,0.220000004325094,0.230000005152498,0.230000005152498,0.220000004325094,0.220000004325094,0.230000005152498,0.220000004325094,0.21000000349769,0.220000004325094,0.230000005152498,0.230000005152498,,0.230000005152498,0.230000005152498,0.200000002670286
2,24418690,A244_T_PD_R:T_EDGE_HI_VCCY_4.5000[1]/PIN12,n,S,,6.90000012681935,,,5.19999998616072,5.35999999939918,5.35999999939918,5.33999999774437,5.32999999691697,5.33999999774437,5.27999999277995,5.33999999774437,5.11999997954149,5.32999999691697,5.33999999774437,,5.26999999195255,5.28999999360735,5.27999999277995
2,24418690,A244_T_PD_R:T_EDGE_HI_VCCY_4.5000[1]/PIN14,n,S,,6.90000012681935,,,5.19999998616072,5.34999999857177,5.34999999857177,5.33999999774437,5.32999999691697,5.33999999774437,5.27999999277995,5.34999999857177,5.11999997954149,5.33999999774437,5.33999999774437,,5.26999999195255,5.29999999443476,5.26999999195255
2,24418690,A244_T_PD_R:T_EDGE_HI_VCCY_4.5000[1]/PIN16,n,S,,6.90000012681935,,,5.1499999820237,5.31999999608956,5.29999999443476,5.28999999360735,5.28999999360735,5.29999999443476,5.23999998947033,5.29999999443476,5.08999997705928,5.28999999360735,5.27999999277995,,5.22999998864293,5.24999999029774,5.22999998864293
2,24418690,A244_T_PD_R:T_EDGE_HI_VCCY_4.5000[1]/PIN18,n,S,,6.90000012681935,,,5.17999998450591,5.34999999857177,5.33999999774437,5.32999999691697,5.32999999691697,5.33999999774437,5.27999999277995,5.32999999691697,5.11999997954149,5.33999999774437,5.31999999608956,,5.25999999112514,5.27999999277995,5.24999999029774
2,24418690,A244_T_PD_R:T_EDGE_HI_VCCY_4.5000[1]/PIN3,n,S,,6.90000012681935,,,5.20999998698812,5.38000000105399,5.37000000022658,5.34999999857177,5.34999999857177,5.34999999857177,5.29999999443476,5.34999999857177,5.1499999820237,5.34999999857177,5.33999999774437,,5.28999999360735,5.29999999443476,5.27999999277995
2,24418690,A244_T_PD_R:T_EDGE_HI_VCCY_4.5000[1]/PIN5,n,S,,6.90000012681935,,,5.18999998533332,5.35999999939918,5.33999999774437,5.33999999774437,5.32999999691697,5.33999999774437,5.27999999277995,5.32999999691697,5.11999997954149,5.32999999691697,5.32999999691697,,5.26999999195255,5.28999999360735,5.27999999277995
2,24418690,A244_T_PD_R:T_EDGE_HI_VCCY_4.5000[1]/PIN7,n,S,,6.90000012681935,,,5.18999998533332,5.34999999857177,5.34999999857177,5.32999999691697,5.33999999774437,5.33999999774437,5.27999999277995,5.33999999774437,5.10999997871409,5.33999999774437,5.32999999691697,,5.26999999195255,5.28999999360735,5.25999999112514
2,24418690,A244_T_PD_R:T_EDGE_HI_VCCY_4.5000[1]/PIN9,n,S,,6.90000012681935,,,5.33999999774437,5.51000001181023,5.52000001263764,5.48000000932802,5.48000000932802,5.48000000932802,5.430000005191,5.52000001263764,5.24999999029774,5.47000000850062,5.48000000932802,,5.430000005191,5.430000005191,5.4100000035362
2,24418700,A244_T_PD_R:T_SKEW_HI_VCCY_4.5000@PIN12[1],n,S,,0.999999971718069,,,0.190000001842883,0.190000001842883,0.220000004325094,0.190000001842883,0.190000001842883,0.180000001015479,0.190000001842883,0.220000004325094,0.159999999360672,0.180000001015479,0.200000002670286,,0.200000002670286,0.180000001015479,0.180000001015479
2,24418850,A244_T_PD_R:T_EDGE_LO_VCCY_4.5000[1]/PIN12,n,S,,7.99999977374455,,,5.64000002256648,5.83000003828715,5.81000003663235,5.81000003663235,5.80000003580494,5.81000003663235,5.73000003001312,5.81000003663235,5.57000001677466,5.82000003745975,5.80000003580494,,5.74000003084052,5.76000003249533,5.73000003001312
2,24418850,A244_T_PD_R:T_EDGE_LO_VCCY_4.5000[1]/PIN14,n,S,,7.99999977374455,,,5.49000001015543,5.67000002504869,5.66000002422129,5.65000002339389,5.65000002339389,5.66000002422129,5.58000001760206,5.66000002422129,5.430000005191,5.65000002339389,5.65000002339389,,5.57000001677466,5.60000001925687,5.58000001760206
2,24418850,A244_T_PD_R:T_EDGE_LO_VCCY_4.5000[1]/PIN16,n,S,,7.99999977374455,,,5.4100000035362,5.58000001760206,5.57000001677466,5.56000001594725,5.54000001429245,5.57000001677466,5.49000001015543,5.57000001677466,5.35999999939918,5.56000001594725,5.56000001594725,,5.49000001015543,5.52000001263764,5.49000001015543
2,24418850,A244_T_PD_R:T_EDGE_LO_VCCY_4.5000[1]/PIN18,n,S,,7.99999977374455,,,5.39000000188139,5.56000001594725,5.55000001511985,5.53000001346504,5.55000001511985,5.55000001511985,5.47000000850062,5.54000001429245,5.31999999608956,5.53000001346504,5.53000001346504,,5.46000000767322,5.49000001015543,5.47000000850062
2,24418850,A244_T_PD_R:T_EDGE_LO_VCCY_4.5000[1]/PIN3,n,S,,7.99999977374455,,,5.47000000850062,5.63000002173908,5.62000002091168,5.62000002091168,5.62000002091168,5.61000002008427,5.55000001511985,5.61000002008427,5.40000000270879,5.60000001925687,5.61000002008427,,5.54000001429245,5.57000001677466,5.54000001429245
2,24418850,A244_T_PD_R:T_EDGE_LO_VCCY_4.5000[1]/PIN5,n,S,,7.99999977374455,,,5.430000005191,5.61000002008427,5.60000001925687,5.59000001842946,5.58000001760206,5.59000001842946,5.52000001263764,5.60000001925687,5.35999999939918,5.58000001760206,5.58000001760206,,5.51000001181023,5.54000001429245,5.52000001263764
2,24418850,A244_T_PD_R:T_EDGE_LO_VCCY_4.5000[1]/PIN7,n,S,,7.99999977374455,,,5.49000001015543,5.67000002504869,5.67000002504869,5.67000002504869,5.66000002422129,5.67000002504869,5.58000001760206,5.6800000258761,5.44000000601841,5.66000002422129,5.66000002422129,,5.59000001842946,5.61000002008427,5.60000001925687
2,24418850,A244_T_PD_R:T_EDGE_LO_VCCY_4.5000[1]/PIN9,n,S,,7.99999977374455,,,5.37000000022658,5.54000001429245,5.55000001511985,5.53000001346504,5.53000001346504,5.53000001346504,5.46000000767322,5.53000001346504,5.29999999443476,5.52000001263764,5.52000001263764,,5.46000000767322,5.47000000850062,5.45000000684581
2,24418860,A244_T_PD_R:T_SKEW_LO_VCCY_4.5000@PIN12[1],n,S,,0.999999971718069,,,0.269999994584325,0.289999996239132,0.259999993756921,0.279999995411728,0.269999994584325,0.279999995411728,0.269999994584325,0.279999995411728,0.269999994584325,0.299999997066536,0.279999995411728,,0.279999995411728,0.289999996239132,0.279999995411728
2,24418710,A244_T_PD_R:T_EDGE_HI_VCCY_3.6000[1]/PIN12,n,S,,8.3999998068407,,,5.80000003580494,6.02000005400782,6.00000005235302,5.98000005069821,5.97000004987081,5.98000005069821,5.90000004407898,5.99000005152561,5.71000002835831,5.99000005152561,5.97000004987081,,5.90000004407898,5.93000004656119,5.90000004407898
2,24418710,A244_T_PD_R:T_EDGE_HI_VCCY_3.6000[1]/PIN14,n,S,,8.3999998068407,,,5.78000003415013,5.98000005069821,5.99000005152561,5.97000004987081,5.9600000490434,5.97000004987081,5.90000004407898,5.97000004987081,5.71000002835831,5.9600000490434,5.9600000490434,,5.89000004325158,5.92000004573379,5.88000004242417
2,24418710,A244_T_PD_R:T_EDGE_HI_VCCY_3.6000[1]/PIN16,n,S,,8.3999998068407,,,5.75000003166792,5.9600000490434,5.950000048216,5.94000004738859,5.92000004573379,5.94000004738859,5.87000004159677,5.94000004738859,5.6800000258761,5.950000048216,5.92000004573379,,5.85000003994196,5.88000004242417,5.86000004076936
2,24418710,A244_T_PD_R:T_EDGE_HI_VCCY_3.6000[1]/PIN18,n,S,,8.3999998068407,,,5.79000003497754,6.00000005235302,5.98000005069821,5.97000004987081,5.9600000490434,5.98000005069821,5.90000004407898,5.97000004987081,5.71000002835831,5.98000005069821,5.950000048216,,5.88000004242417,5.91000004490638,5.88000004242417
2,24418710,A244_T_PD_R:T_EDGE_HI_VCCY_3.6000[1]/PIN3,n,S,,8.3999998068407,,,5.83000003828715,6.04000005566263,6.03000005483523,6.00000005235302,6.00000005235302,6.01000005318042,5.93000004656119,6.00000005235302,5.75000003166792,6.00000005235302,5.99000005152561,,5.92000004573379,5.950000048216,5.93000004656119
2,24418710,A244_T_PD_R:T_EDGE_HI_VCCY_3.6000[1]/PIN5,n,S,,8.3999998068407,,,5.82000003745975,6.02000005400782,6.02000005400782,6.00000005235302,5.99000005152561,6.00000005235302,5.93000004656119,6.00000005235302,5.73000003001312,6.00000005235302,5.99000005152561,,5.92000004573379,5.950000048216,5.92000004573379
2,24418710,A244_T_PD_R:T_EDGE_HI_VCCY_3.6000[1]/PIN7,n,S,,8.3999998068407,,,5.79000003497754,6.00000005235302,6.00000005235302,5.9600000490434,5.97000004987081,5.97000004987081,5.91000004490638,5.98000005069821,5.7000000275309,5.98000005069821,5.950000048216,,5.89000004325158,5.92000004573379,5.89000004325158
2,24418710,A244_T_PD_R:T_EDGE_HI_VCCY_3.6000[1]/PIN9,n,S,,8.3999998068407,,,5.84000003911456,6.05000005649003,6.06000005731744,6.00000005235302,6.00000005235302,6.01000005318042,5.950000048216,6.02000005400782,5.73000003001312,6.01000005318042,6.00000005235302,,5.950000048216,5.950000048216,5.92000004573379
2,24418720,A244_T_PD_R:T_SKEW_HI_VCCY_3.6000@PIN12[1],n,S,,0.999999971718069,,,0.0900000005077395,0.0900000005077395,0.110000002162547,0.0599999980255284,0.0799999996803358,0.0699999988529321,0.0799999996803358,0.0799999996803358,0.0699999988529321,0.0599999980255284,0.0799999996803358,,0.100000001335143,0.0699999988529321,0.0699999988529321
2,24418870,A244_T_PD_R:T_EDGE_LO_VCCY_3.6000[1]/PIN12,n,S,,9.99999993922529,,,6.59000010116984,6.84000012185493,6.83000012102752,6.82000012020012,6.79000011771791,6.80000011854531,6.72000011192608,6.80000011854531,6.52000009537801,6.80000011854531,6.80000011854531,,6.71000011109868,6.74000011358089,6.72000011192608
2,24418870,A244_T_PD_R:T_EDGE_LO_VCCY_3.6000[1]/PIN14,n,S,,9.99999993922529,,,6.44000008875878,6.68000010861647,6.67000010778906,6.65000010613426,6.65000010613426,6.66000010696166,6.57000009951503,6.66000010696166,6.39000008462176,6.65000010613426,6.65000010613426,,6.55000009786022,6.60000010199724,6.56000009868762
2,24418870,A244_T_PD_R:T_EDGE_LO_VCCY_3.6000[1]/PIN16,n,S,,9.99999993922529,,,6.2300000713833,6.43000008793138,6.42000008710397,6.41000008627657,6.41000008627657,6.42000008710397,6.32000007882993,6.42000008710397,6.16000006559148,6.41000008627657,6.41000008627657,,6.32000007882993,6.37000008296695,6.33000007965734
2,24418870,A244_T_PD_R:T_EDGE_LO_VCCY_3.6000[1]/PIN18,n,S,,9.99999993922529,,,6.19000006807369,6.40000008544916,6.40000008544916,6.37000008296695,6.37000008296695,6.39000008462176,6.28000007552032,6.38000008379436,6.12000006228186,6.36000008213955,6.37000008296695,,6.28000007552032,6.31000007800253,6.29000007634772
2,24418870,A244_T_PD_R:T_EDGE_LO_VCCY_3.6000[1]/PIN3,n,S,,9.99999993922529,,,6.28000007552032,6.47000009124099,6.46000009041359,6.45000008958618,6.45000008958618,6.44000008875878,6.37000008296695,6.46000009041359,6.21000006972849,6.45000008958618,6.44000008875878,,6.36000008213955,6.39000008462176,6.35000008131215
2,24418870,A244_T_PD_R:T_EDGE_LO_VCCY_3.6000[1]/PIN5,n,S,,9.99999993922529,,,6.28000007552032,6.51000009455061,6.5000000937232,6.48000009206839,6.48000009206839,6.4900000928958,6.39000008462176,6.5000000937232,6.2200000705559,6.47000009124099,6.4900000928958,,6.40000008544916,6.43000008793138,6.41000008627657
2,24418870,A244_T_PD_R:T_EDGE_LO_VCCY_3.6000[1]/PIN7,n,S,,9.99999993922529,,,6.44000008875878,6.67000010778906,6.65000010613426,6.65000010613426,6.64000010530685,6.67000010778906,6.56000009868762,6.67000010778906,6.38000008379436,6.64000010530685,6.65000010613426,,6.56000009868762,6.59000010116984,6.57000009951503
2,24418870,A244_T_PD_R:T_EDGE_LO_VCCY_3.6000[1]/PIN9,n,S,,9.99999993922529,,,6.2300000713833,6.44000008875878,6.45000008958618,6.41000008627657,6.43000008793138,6.43000008793138,6.34000008048474,6.41000008627657,6.15000006476407,6.42000008710397,6.41000008627657,,6.33000007965734,6.36000008213955,6.33000007965734
2,24418880,A244_T_PD_R:T_SKEW_LO_VCCY_3.6000@PIN12[1],n,S,,0.999999971718069,,,0.400000005340573,0.440000008650188,0.430000007822784,0.450000009477591,0.42000000699538,0.410000006167976,0.440000008650188,0.42000000699538,0.400000005340573,0.440000008650188,0.430000007822784,,0.430000007822784,0.430000007822784,0.430000007822784
2,24418730,A244_T_PD_R:T_EDGE_HI_VCCY_3.0000[1]/PIN12,n,S,,8.3999998068407,,,6.61000010282464,6.89000012599195,6.88000012516454,6.86000012350974,6.84000012185493,6.85000012268233,6.7600001152357,6.85000012268233,6.53000009620541,6.87000012433714,6.83000012102752,,6.74000011358089,6.80000011854531,6.74000011358089
2,24418730,A244_T_PD_R:T_EDGE_HI_VCCY_3.0000[1]/PIN14,n,S,,8.3999998068407,,,6.58000010034243,6.84000012185493,6.83000012102752,6.81000011937272,6.79000011771791,6.82000012020012,6.73000011275349,6.81000011937272,6.4900000928958,6.83000012102752,6.79000011771791,,6.72000011192608,6.7700001160631,6.71000011109868
2,24418730,A244_T_PD_R:T_EDGE_HI_VCCY_3.0000[1]/PIN16,n,S,,8.3999998068407,,,6.56000009868762,6.83000012102752,6.81000011937272,6.79000011771791,6.78000011689051,6.80000011854531,6.71000011109868,6.79000011771791,6.48000009206839,6.82000012020012,6.7600001152357,,6.69000010944387,6.73000011275349,6.69000010944387
2,24418730,A244_T_PD_R:T_EDGE_HI_VCCY_3.0000[1]/PIN18,n,S,,8.3999998068407,,,6.61000010282464,6.87000012433714,6.86000012350974,6.85000012268233,6.82000012020012,6.85000012268233,6.75000011440829,6.82000012020012,6.51000009455061,6.86000012350974,6.81000011937272,,6.73000011275349,6.7700001160631,6.73000011275349
2,24418730,A244_T_PD_R:T_EDGE_HI_VCCY_3.0000[1]/PIN3,n,S,,8.3999998068407,,,6.64000010530685,6.91000012764675,6.90000012681935,6.88000012516454,6.86000012350974,6.86000012350974,6.7700001160631,6.86000012350974,6.56000009868762,6.86000012350974,6.85000012268233,,6.78000011689051,6.82000012020012,6.7600001152357
2,24418730,A244_T_PD_R:T_EDGE_HI_VCCY_3.0000[1]/PIN5,n,S,,8.3999998068407,,,6.65000010613426,6.92000012847416,6.90000012681935,6.88000012516454,6.86000012350974,6.89000012599195,6.81000011937272,6.88000012516454,6.56000009868762,6.89000012599195,6.87000012433714,,6.79000011771791,6.83000012102752,6.78000011689051
2,24418730,A244_T_PD_R:T_EDGE_HI_VCCY_3.0000[1]/PIN7,n,S,,8.3999998068407,,,6.59000010116984,6.87000012433714,6.88000012516454,6.83000012102752,6.83000012102752,6.84000012185493,6.7700001160631,6.83000012102752,6.5000000937232,6.85000012268233,6.81000011937272,,6.74000011358089,6.79000011771791,6.73000011275349
2,24418730,A244_T_PD_R:T_EDGE_HI_VCCY_3.0000[1]/PIN9,n,S,,8.3999998068407,,,6.64000010530685,6.93000012930156,6.92000012847416,6.86000012350974,6.87000012433714,6.87000012433714,6.79000011771791,6.89000012599195,6.52000009537801,6.88000012516454,6.85000012268233,,6.79000011771791,6.81000011937272,6.7700001160631
2,24418740,A244_T_PD_R:T_SKEW_HI_VCCY_3.0000@PIN12[1],n,S,,0.999999971718069,,,0.0900000005077395,0.100000001335143,0.110000002162547,0.0900000005077395,0.0900000005077395,0.0900000005077395,0.100000001335143,0.100000001335143,0.0799999996803358,0.0699999988529321,0.110000002162547,,0.100000001335143,0.100000001335143,0.0900000005077395
2,24418890,A244_T_PD_R:T_EDGE_LO_VCCY_3.0000[1]/PIN12,n,S,,9.99999993922529,,,7.65999974561282,7.93999976878013,7.92999976795272,7.89999976547051,7.8799997638157,7.89999976547051,7.79999975719647,7.88999976464311,7.56999973816619,7.89999976547051,7.8799997638157,,7.79999975719647,7.82999975967869,7.78999975636907
2,24418890,A244_T_PD_R:T_EDGE_LO_VCCY_3.0000[1]/PIN14,n,S,,9.99999993922529,,,7.50999973320177,7.77999975554167,7.75999975388686,7.73999975223205,7.73999975223205,7.75999975388686,7.64999974478542,7.75999975388686,7.44000017149915,7.73999975223205,7.73999975223205,,7.62999974313061,7.67999974726763,7.63999974395801
2,24418890,A244_T_PD_R:T_EDGE_LO_VCCY_3.0000[1]/PIN16,n,S,,9.99999993922529,,,7.11000014419483,7.36000016487992,7.35000016405252,7.34000016322511,7.3100001607429,7.34000016322511,7.25000015577848,7.35000016405252,7.040000138403,7.33000016239771,7.34000016322511,,7.24000015495108,7.27000015743329,7.24000015495108
2,24418890,A244_T_PD_R:T_EDGE_LO_VCCY_3.0000[1]/PIN18,n,S,,9.99999993922529,,,7.08000014171262,7.33000016239771,7.32000016157031,7.28000015826069,7.29000015908809,7.3000001599155,7.19000015081406,7.3100001607429,7.00000013509339,7.28000015826069,7.28000015826069,,7.17000014915925,7.21000015246887,7.19000015081406
2,24418890,A244_T_PD_R:T_EDGE_LO_VCCY_3.0000[1]/PIN3,n,S,,9.99999993922529,,,7.17000014915925,7.42000016984434,7.40000016818954,7.38000016653473,7.38000016653473,7.38000016653473,7.28000015826069,7.38000016653473,7.09000014254002,7.38000016653473,7.38000016653473,,7.27000015743329,7.32000016157031,7.27000015743329
2,24418890,A244_T_PD_R:T_EDGE_LO_VCCY_3.0000[1]/PIN5,n,S,,9.99999993922529,,,7.23000015412367,7.49999973237436,7.47999973071956,7.46999972989215,7.45000017232655,7.46999972989215,7.36000016487992,7.46999972989215,7.16000014833185,7.45999972906475,7.45999972906475,,7.35000016405252,7.41000016901694,7.36000016487992
2,24418890,A244_T_PD_R:T_EDGE_LO_VCCY_3.0000[1]/PIN7,n,S,,9.99999993922529,,,7.45000017232655,7.72999975140465,7.68999974809503,7.69999974892244,7.66999974644023,7.71999975057724,7.5999997406484,7.70999974974984,7.39000016736213,7.68999974809503,7.68999974809503,,7.5999997406484,7.63999974395801,7.589999739821
2,24418890,A244_T_PD_R:T_EDGE_LO_VCCY_3.0000[1]/PIN9,n,S,,9.99999993922529,,,7.18000014998665,7.44000017149915,7.43000017067175,7.40000016818954,7.40000016818954,7.41000016901694,7.3100001607429,7.41000016901694,7.08000014171262,7.40000016818954,7.39000016736213,,7.3100001607429,7.34000016322511,7.3000001599155
2,24418900,A244_T_PD_R:T_SKEW_LO_VCCY_3.0000@PIN12[1],n,S,,0.999999971718069,,,0.579999992478264,0.609999994960475,0.609999994960475,0.619999995787879,0.589999993305668,0.599999994133071,0.609999994960475,0.579999992478264,0.56999999165086,0.619999995787879,0.599999994133071,,0.629999996615282,0.619999995787879,0.599999994133071
2,24418750,A244_T_PD_R:T_EDGE_HI_VCCY_2.7000[1]/PIN12,n,S,,9.99999993922529,,,7.28000015826069,7.6099997414758,7.5999997406484,7.56999973816619,7.54999973651138,7.56999973816619,7.45000017232655,7.55999973733879,7.18000014998665,7.57999973899359,7.53999973568398,,7.45000017232655,7.49999973237436,7.43000017067175
2,24418750,A244_T_PD_R:T_EDGE_HI_VCCY_2.7000[1]/PIN14,n,S,,9.99999993922529,,,7.23000015412367,7.51999973402917,7.52999973485657,7.49999973237436,7.47999973071956,7.49999973237436,7.40000016818954,7.49999973237436,7.14000014667704,7.52999973485657,7.47999973071956,,7.41000016901694,7.45000017232655,7.38000016653473
2,24418750,A244_T_PD_R:T_EDGE_HI_VCCY_2.7000[1]/PIN16,n,S,,9.99999993922529,,,7.20000015164146,7.50999973320177,7.48999973154696,7.46999972989215,7.45999972906475,7.47999973071956,7.38000016653473,7.46999972989215,7.13000014584964,7.50999973320177,7.44000017149915,,7.37000016570732,7.41000016901694,7.38000016653473
2,24418750,A244_T_PD_R:T_EDGE_HI_VCCY_2.7000[1]/PIN18,n,S,,9.99999993922529,,,7.26000015660588,7.56999973816619,7.54999973651138,7.53999973568398,7.49999973237436,7.53999973568398,7.43000017067175,7.50999973320177,7.15000014750444,7.54999973651138,7.47999973071956,,7.40000016818954,7.45999972906475,7.41000016901694
2,24418750,A244_T_PD_R:T_EDGE_HI_VCCY_2.7000[1]/PIN3,n,S,,9.99999993922529,,,7.29000015908809,7.589999739821,7.589999739821,7.55999973733879,7.53999973568398,7.54999973651138,7.44000017149915,7.53999973568398,7.19000015081406,7.55999973733879,7.52999973485657,,7.44000017149915,7.48999973154696,7.45000017232655
2,24418750,A244_T_PD_R:T_EDGE_HI_VCCY_2.7000[1]/PIN5,n,S,,9.99999993922529,,,7.33000016239771,7.63999974395801,7.62999974313061,7.5999997406484,7.55999973733879,7.5999997406484,7.49999973237436,7.589999739821,7.23000015412367,7.61999974230321,7.57999973899359,,7.48999973154696,7.53999973568398,7.47999973071956
2,24418750,A244_T_PD_R:T_EDGE_HI_VCCY_2.7000[1]/PIN7,n,S,,9.99999993922529,,,7.25000015577848,7.57999973899359,7.57999973899359,7.52999973485657,7.52999973485657,7.52999973485657,7.45000017232655,7.55999973733879,7.16000014833185,7.55999973733879,7.50999973320177,,7.44000017149915,7.49999973237436,7.43000017067175
2,24418750,A244_T_PD_R:T_EDGE_HI_VCCY_2.7000[1]/PIN9,n,S,,9.99999993922529,,,7.33000016239771,7.65999974561282,7.66999974644023,7.5999997406484,7.5999997406484,7.5999997406484,7.49999973237436,7.61999974230321,7.22000015329627,7.61999974230321,7.589999739821,,7.50999973320177,7.54999973651138,7.47999973071956
2,24418760,A244_T_PD_R:T_SKEW_HI_VCCY_2.7000@PIN12[1],n,S,,0.999999971718069,,,0.12999999687846,0.149999998533268,0.180000001015479,0.12999999687846,0.139999997705864,0.119999996051057,0.119999996051057,0.149999998533268,0.100000001335143,0.110000002162547,0.149999998533268,,0.139999997705864,0.139999997705864,0.100000001335143
2,24418910,A244_T_PD_R:T_EDGE_LO_VCCY_2.7000[1]/PIN12,n,S,,14.9999994647487,,,8.4199998084955,8.74999983579983,8.72999983414502,8.69999983166281,8.6699998291806,8.69999983166281,8.56999982090656,8.679999830008,8.31999980022147,8.6899998308354,8.65999982835319,,8.57999982173396,8.61999982504358,8.55999982007916
2,24418910,A244_T_PD_R:T_EDGE_LO_VCCY_2.7000[1]/PIN14,n,S,,14.9999994647487,,,8.26999979608445,8.57999982173396,8.54999981925175,8.52999981759694,8.53999981842435,8.53999981842435,8.42999980932291,8.53999981842435,8.18999978946522,8.53999981842435,8.52999981759694,,8.4199998084955,8.46999981263252,8.4199998084955
2,24418910,A244_T_PD_R:T_EDGE_LO_VCCY_2.7000[1]/PIN16,n,S,,14.9999994647487,,,7.74999975305946,8.03999977705416,8.02999977622676,8.00999977457195,7.97999977208974,8.00999977457195,7.89999976547051,8.01999977539936,7.67999974726763,8.00999977457195,8.00999977457195,,7.90999976629791,7.93999976878013,7.89999976547051
2,24418910,A244_T_PD_R:T_EDGE_LO_VCCY_2.7000[1]/PIN18,n,S,,14.9999994647487,,,7.71999975057724,7.99999977374455,7.99999977374455,7.94999976960753,7.94999976960753,7.96999977126234,7.84999976133349,7.96999977126234,7.62999974313061,7.94999976960753,7.93999976878013,,7.82999975967869,7.88999976464311,7.83999976050609
2,24418910,A244_T_PD_R:T_EDGE_LO_VCCY_2.7000[1]/PIN3,n,S,,14.9999994647487,,,7.82999975967869,8.09999978201859,8.07999978036378,8.05999977870897,8.06999977953637,8.06999977953637,7.94999976960753,8.06999977953637,7.72999975140465,8.06999977953637,8.03999977705416,,7.94999976960753,7.98999977291714,7.94999976960753
2,24418910,A244_T_PD_R:T_EDGE_LO_VCCY_2.7000[1]/PIN5,n,S,,14.9999994647487,,,7.93999976878013,8.23999979360224,8.20999979112003,8.18999978946522,8.16999978781041,8.19999979029262,8.06999977953637,8.19999979029262,7.84999976133349,8.17999978863782,8.17999978863782,,8.07999978036378,8.1299997845008,8.07999978036378
2,24418910,A244_T_PD_R:T_EDGE_LO_VCCY_2.7000[1]/PIN7,n,S,,14.9999994647487,,,8.18999978946522,8.48999981428733,8.46999981263252,8.46999981263252,8.43999981015031,8.47999981345993,8.33999980187627,8.47999981345993,8.10999978284599,8.45999981180512,8.44999981097772,,8.35999980353108,8.38999980601329,8.35999980353108
2,24418910,A244_T_PD_R:T_EDGE_LO_VCCY_2.7000[1]/PIN9,n,S,,14.9999994647487,,,7.8799997638157,8.17999978863782,8.16999978781041,8.1299997845008,8.1299997845008,8.1399997853282,8.02999977622676,8.1399997853282,7.75999975388686,8.1299997845008,8.10999978284599,,8.02999977622676,8.06999977953637,8.00999977457195
2,24418920,A244_T_PD_R:T_SKEW_LO_VCCY_2.7000@PIN12[1],n,S,,0.999999971718069,,,0.700000002407108,0.750000006544127,0.73000000488932,0.750000006544127,0.720000004061916,0.73000000488932,0.720000004061916,0.710000003234512,0.690000001579705,0.740000005716723,0.720000004061916,,0.750000006544127,0.73000000488932,0.720000004061916
2,24418770,A244_T_PD_R:T_EDGE_HI_VCCY_2.3000[1]/PIN12,n,S,,9.99999993922529,,,8.72999983414502,9.14999986889597,9.13999986806857,9.08999986393155,9.07999986310415,9.09999986475896,8.9499998523479,9.10999986558636,8.60999982421617,9.13999986806857,9.04999986062194,,8.9499998523479,9.00999985731232,8.91999984986569
2,24418770,A244_T_PD_R:T_EDGE_HI_VCCY_2.3000[1]/PIN14,n,S,,9.99999993922529,,,8.60999982421617,8.99999985648492,8.99999985648492,8.9599998531753,8.9399998515205,8.96999985400271,8.84999984407386,8.97999985483011,8.49999981511473,8.99999985648492,8.92999985069309,,8.84999984407386,8.90999984903829,8.82999984241906
2,24418770,A244_T_PD_R:T_EDGE_HI_VCCY_2.3000[1]/PIN16,n,S,,9.99999993922529,,,8.57999982173396,8.99999985648492,8.97999985483011,8.9499998523479,8.92999985069309,8.9499998523479,8.83999984324646,8.9399998515205,8.47999981345993,8.99999985648492,8.89999984821088,,8.81999984159165,8.88999984738348,8.81999984159165
2,24418770,A244_T_PD_R:T_EDGE_HI_VCCY_2.3000[1]/PIN18,n,S,,9.99999993922529,,,8.64999982752579,9.05999986144934,9.06999986227675,9.02999985896713,8.98999985565752,9.01999985813973,8.87999984655607,8.99999985648492,8.52999981759694,9.05999986144934,8.9499998523479,,8.86999984572867,8.92999985069309,8.84999984407386
2,24418770,A244_T_PD_R:T_EDGE_HI_VCCY_2.3000[1]/PIN3,n,S,,9.99999993922529,,,8.679999830008,9.07999986310415,9.06999986227675,9.01999985813973,9.01999985813973,9.00999985731232,8.87999984655607,8.99999985648492,8.54999981925175,9.02999985896713,8.96999985400271,,8.88999984738348,8.9599998531753,8.88999984738348
2,24418770,A244_T_PD_R:T_EDGE_HI_VCCY_2.3000[1]/PIN5,n,S,,9.99999993922529,,,8.75999983662723,9.16999987055078,9.13999986806857,9.10999986558636,9.07999986310415,9.11999986641376,8.99999985648492,9.11999986641376,8.63999982669839,9.13999986806857,9.07999986310415,,8.98999985565752,9.03999985979453,8.9599998531753
2,24418770,A244_T_PD_R:T_EDGE_HI_VCCY_2.3000[1]/PIN7,n,S,,9.99999993922529,,,8.6699998291806,9.09999986475896,9.08999986393155,9.02999985896713,9.01999985813973,9.04999986062194,8.9399998515205,9.05999986144934,8.54999981925175,9.07999986310415,8.99999985648492,,8.91999984986569,8.98999985565752,8.88999984738348
2,24418770,A244_T_PD_R:T_EDGE_HI_VCCY_2.3000[1]/PIN9,n,S,,9.99999993922529,,,8.81999984159165,9.26999987882482,9.26999987882482,9.18999987220559,9.16999987055078,9.18999987220559,9.04999986062194,9.2099998738604,8.65999982835319,9.2099998738604,9.14999986889597,,9.07999986310415,9.12999986724117,9.01999985813973
2,24418780,A244_T_PD_R:T_SKEW_HI_VCCY_2.3000@PIN12[1],n,S,,0.999999971718069,,,0.239999992102113,0.269999994584325,0.289999996239132,0.239999992102113,0.239999992102113,0.239999992102113,0.21000000349769,0.269999994584325,0.180000001015479,0.21000000349769,0.249999992929517,,0.259999993756921,0.239999992102113,0.200000002670286
2,24418930,A244_T_PD_R:T_EDGE_LO_VCCY_2.3000[1]/PIN12,n,S,,14.9999994647487,,,9.89999993095125,10.2999999640474,10.2699999615652,10.2299999582556,10.2099999566008,10.2299999582556,10.0799999458445,10.2099999566008,9.77999992102241,10.239999959083,10.189999954946,,10.0999999474993,10.1499999516363,10.0699999450171
2,24418930,A244_T_PD_R:T_EDGE_LO_VCCY_2.3000[1]/PIN14,n,S,,14.9999994647487,,,9.769999920195,10.1399999508089,10.1199999491541,10.0899999466719,10.0799999458445,10.0999999474993,9.95999993591568,10.0899999466719,9.67999991274837,10.0999999474993,10.0699999450171,,9.95999993591568,10.0299999417075,9.94999993508827
2,24418930,A244_T_PD_R:T_EDGE_LO_VCCY_2.3000[1]/PIN16,n,S,,14.9999994647487,,,9.04999986062194,9.40999989040847,9.37999988792626,9.36999988709886,9.33999988461665,9.36999988709886,9.2299998755152,9.38999988875366,8.96999985400271,9.38999988875366,9.35999988627145,,9.23999987634261,9.29999988130703,9.24999987717001
2,24418930,A244_T_PD_R:T_EDGE_LO_VCCY_2.3000[1]/PIN18,n,S,,14.9999994647487,,,9.01999985813973,9.37999988792626,9.37999988792626,9.31999988296184,9.31999988296184,9.32999988378924,9.18999987220559,9.34999988544405,8.90999984903829,9.32999988378924,9.31999988296184,,9.17999987137819,9.24999987717001,9.17999987137819
2,24418930,A244_T_PD_R:T_EDGE_LO_VCCY_2.3000[1]/PIN3,n,S,,14.9999994647487,,,9.13999986806857,9.4899998970277,9.46999989537289,9.44999989371809,9.44999989371809,9.44999989371809,9.30999988213443,9.43999989289068,9.03999985979453,9.44999989371809,9.41999989123588,,9.29999988130703,9.36999988709886,9.29999988130703
2,24418930,A244_T_PD_R:T_EDGE_LO_VCCY_2.3000[1]/PIN5,n,S,,14.9999994647487,,,9.33999988461665,9.71999991605799,9.69999991440318,9.66999991192097,9.65999991109356,9.67999991274837,9.50999989868251,9.69999991440318,9.24999987717001,9.65999991109356,9.65999991109356,,9.54999990199212,9.60999990695655,9.53999990116472
2,24418930,A244_T_PD_R:T_EDGE_LO_VCCY_2.3000[1]/PIN7,n,S,,14.9999994647487,,,9.65999991109356,10.0299999417075,9.98999993839789,10.0099999400527,9.96999993674308,10.0199999408801,9.84999992681423,10.0199999408801,9.55999990281953,9.99999993922529,9.97999993757048,,9.87999992929645,9.91999993260606,9.85999992764164
2,24418930,A244_T_PD_R:T_EDGE_LO_VCCY_2.3000[1]/PIN9,n,S,,14.9999994647487,,,9.26999987882482,9.65999991109356,9.65999991109356,9.60999990695655,9.60999990695655,9.61999990778395,9.45999989454549,9.58999990530174,9.14999986889597,9.60999990695655,9.57999990447433,,9.4899998970277,9.54999990199212,9.45999989454549
2,24418940,A244_T_PD_R:T_SKEW_LO_VCCY_2.3000@PIN12[1],n,S,,0.999999971718069,,,0.880000017300375,0.92000002060999,0.890000018127779,0.910000019782586,0.890000018127779,0.900000018955183,0.890000018127779,0.860000015645568,0.870000016472972,0.910000019782586,0.870000016472972,,0.92000002060999,0.900000018955183,0.890000018127779
2,24418790,A244_T_PD_R:T_EDGE_HI_VCCY_1.9500[1]/PIN12,n,S,,14.3000002950089,,,10.9300000161738,11.5100000641633,11.4900000625084,11.4400000583714,11.430000057544,11.4500000591988,11.2500000426508,11.430000057544,10.7700000029354,11.5100000641633,11.3600000517522,,11.280000045133,11.3500000509248,11.2100000393411
2,24418790,A244_T_PD_R:T_EDGE_HI_VCCY_1.9500[1]/PIN14,n,S,,14.3000002950089,,,10.7700000029354,11.3400000500974,11.3400000500974,11.2900000459604,11.2500000426508,11.3000000467878,11.1000000302397,11.2900000459604,10.6499999930065,11.3600000517522,11.2000000385137,,11.1500000343767,11.2400000418234,11.0900000294123
2,24418790,A244_T_PD_R:T_EDGE_HI_VCCY_1.9500[1]/PIN16,n,S,,14.3000002950089,,,10.7500000012806,11.3400000500974,11.3100000476152,11.2900000459604,11.2500000426508,11.3000000467878,11.1400000335493,11.2700000443056,10.6299999913517,11.4100000558892,11.2000000385137,,11.1200000318945,11.2100000393411,11.1100000310671
2,24418790,A244_T_PD_R:T_EDGE_HI_VCCY_1.9500[1]/PIN18,n,S,,14.3000002950089,,,10.8400000087272,11.4000000550618,11.3900000542344,11.3900000542344,11.3100000476152,11.3600000517522,11.1700000360315,11.3200000484426,10.6699999946613,11.4200000567166,11.2500000426508,,11.1500000343767,11.2400000418234,11.1300000327219
2,24418790,A244_T_PD_R:T_EDGE_HI_VCCY_1.9500[1]/PIN3,n,S,,14.3000002950089,,,10.8000000054176,11.4100000558892,11.3900000542344,11.3000000467878,11.3200000484426,11.2700000443056,11.1100000310671,11.2700000443056,10.6799999954887,11.33000004927,11.2000000385137,,11.1300000327219,11.2500000426508,11.1200000318945
2,24418790,A244_T_PD_R:T_EDGE_HI_VCCY_1.9500[1]/PIN5,n,S,,14.3000002950089,,,10.9400000170012,11.5200000649907,11.4900000625084,11.4600000600262,11.4200000567166,11.4400000583714,11.3000000467878,11.4500000591988,10.8200000070724,11.5200000649907,11.3700000525796,,11.2900000459604,11.4000000550618,11.2500000426508
2,24418790,A244_T_PD_R:T_EDGE_HI_VCCY_1.9500[1]/PIN7,n,S,,14.3000002950089,,,10.8800000120368,11.5100000641633,11.5000000633358,11.4100000558892,11.4000000550618,11.4000000550618,11.2200000401685,11.430000057544,10.7299999996258,11.480000061681,11.33000004927,,11.2700000443056,11.3900000542344,11.1800000368589
2,24418790,A244_T_PD_R:T_EDGE_HI_VCCY_1.9500[1]/PIN9,n,S,,14.3000002950089,,,11.1200000318945,11.7300000823661,11.7500000840209,11.6300000740921,11.6300000740921,11.6400000749195,11.4400000583714,11.6500000757469,10.9400000170012,11.6900000790565,11.5700000691277,,11.5200000649907,11.5800000699551,11.4000000550618
2,24418800,A244_T_PD_R:T_SKEW_HI_VCCY_1.9500@PIN12[1],n,S,,0.999999971718069,,,0.370000002858362,0.390000004513169,0.440000008650188,0.340000000376151,0.380000003685765,0.370000002858362,0.340000000376151,0.380000003685765,0.309999997893939,0.360000002030958,0.370000002858362,,0.400000005340573,0.370000002858362,0.309999997893939
2,24418950,A244_T_PD_R:T_EDGE_LO_VCCY_1.9500[1]/PIN12,n,S,,25.0000002921524,,,12.0100001055334,12.570000151868,12.5300001485584,12.4900001452488,12.4500001419392,12.4600001427666,12.2700001270459,12.4600001427666,11.8400000914676,12.5000001460762,12.4100001386296,,12.320000131183,12.3800001361474,12.2600001262185
2,24418950,A244_T_PD_R:T_EDGE_LO_VCCY_1.9500[1]/PIN14,n,S,,25.0000002921524,,,11.8100000889854,12.3000001295281,12.2700001270459,12.2400001245637,12.2400001245637,12.2600001262185,12.0600001096705,12.2400001245637,11.6900000790565,12.2500001253911,12.1800001195993,,12.0900001121527,12.1700001187719,12.0500001088431
2,24418950,A244_T_PD_R:T_EDGE_LO_VCCY_1.9500[1]/PIN16,n,S,,25.0000002921524,,,10.9400000170012,11.4000000550618,11.3700000525796,11.3700000525796,11.3100000476152,11.3600000517522,11.1700000360315,11.3500000509248,10.8200000070724,11.380000053407,11.3100000476152,,11.2100000393411,11.3000000467878,11.1900000376863
2,24418950,A244_T_PD_R:T_EDGE_LO_VCCY_1.9500[1]/PIN18,n,S,,25.0000002921524,,,10.9300000161738,11.3900000542344,11.380000053407,11.3100000476152,11.33000004927,11.33000004927,11.1600000352041,11.3400000500974,10.810000006245,11.33000004927,11.280000045133,,11.1700000360315,11.2400000418234,11.1200000318945
2,24418950,A244_T_PD_R:T_EDGE_LO_VCCY_1.9500[1]/PIN3,n,S,,25.0000002921524,,,11.0600000269301,11.5000000633358,11.4600000600262,11.4500000591988,11.4600000600262,11.430000057544,11.2600000434782,11.430000057544,10.9200000153464,11.4600000600262,11.3900000542344,,11.2900000459604,11.3700000525796,11.2700000443056
2,24418950,A244_T_PD_R:T_EDGE_LO_VCCY_1.9500[1]/PIN5,n,S,,25.0000002921524,,,11.4200000567166,11.900000096432,11.8700000939498,11.8600000931224,11.8200000898128,11.850000092295,11.6400000749195,11.850000092295,11.3000000467878,11.8600000931224,11.7800000865032,,11.6800000782291,11.7700000856757,11.6700000774017
2,24418950,A244_T_PD_R:T_EDGE_LO_VCCY_1.9500[1]/PIN7,n,S,,25.0000002921524,,,11.7300000823661,12.2200001229089,12.1600001179445,12.1800001195993,12.1500001171171,12.1900001204267,11.9900001038786,12.1800001195993,11.6200000732647,12.1800001195993,12.1300001154623,,12.0300001071882,12.0900001121527,12.0200001063608
2,24418950,A244_T_PD_R:T_EDGE_LO_VCCY_1.9500[1]/PIN9,n,S,,25.0000002921524,,,11.33000004927,11.8200000898128,11.8100000889854,11.7700000856757,11.7600000848483,11.7700000856757,11.5800000699551,11.7400000831935,11.1800000368589,11.7800000865032,11.6600000765743,,11.6400000749195,11.6800000782291,11.5600000683003
2,24418960,A244_T_PD_R:T_SKEW_LO_VCCY_1.9500@PIN12[1],n,S,,0.999999971718069,,,1.0799999783373,1.17999998661134,1.15999998495653,1.17999998661134,1.13999998330172,1.12999998247432,1.10999998081951,1.11999998164691,1.02999997420028,1.16999998578393,1.12999998247432,,1.14999998412912,1.13999998330172,1.13999998330172
2,24418810,A244_T_PD_R:T_EDGE_HI_VCCY_1.6500[1]/PIN12,n,S,,14.3000002950089,,,14.7100003289324,15.7599995276314,15.7300004133276,15.6799995210122,15.6199995160478,15.6300004050536,15.2500003736122,15.6700004083632,14.5200003132118,15.8199995325958,15.4799995044641,,15.4399995011545,15.5799995127381,15.2300003719574
2,24418810,A244_T_PD_R:T_EDGE_HI_VCCY_1.6500[1]/PIN14,n,S,,14.3000002950089,,,14.600000319831,15.5599995110833,15.5700004000892,15.4900003934699,15.4500003901603,15.5100003951247,15.1999994812968,15.5100003951247,14.4700003090747,15.6500004067084,15.3599994945353,,15.3199994912256,15.4999995061189,15.1599994779872
2,24418810,A244_T_PD_R:T_EDGE_HI_VCCY_1.6500[1]/PIN16,n,S,,14.3000002950089,,,14.550000315694,15.5399995094285,15.4900003934699,15.4700003918151,15.4300003885055,15.5100003951247,15.1999994812968,15.4399995011545,14.4200003049377,15.6599995193574,15.2500003736122,,15.2500003736122,15.4399995011545,15.170000366993
2,24418810,A244_T_PD_R:T_EDGE_HI_VCCY_1.6500[1]/PIN18,n,S,,14.3000002950089,,,14.5100003123844,15.4900003934699,15.4900003934699,15.4399995011545,15.3500003818863,15.3900003851959,15.070000358719,15.3999994978449,14.3300002974911,15.5300003967795,15.2100003703026,,15.1399994763324,15.2599994862612,15.0199994664035
2,24418810,A244_T_PD_R:T_EDGE_HI_VCCY_1.6500[1]/PIN3,n,S,,14.3000002950089,,,14.500000311557,15.5599995110833,15.5300003967795,15.4100003868507,15.3900003851959,15.3700003835411,15.0399994680583,15.3199994912256,14.3100002958363,15.4599995028093,15.2100003703026,,15.1599994779872,15.3799994961901,15.0900003603738
2,24418810,A244_T_PD_R:T_EDGE_HI_VCCY_1.6500[1]/PIN5,n,S,,14.3000002950089,,,14.7300003305872,15.7300004133276,15.6100004033988,15.6100004033988,15.5100003951247,15.5700004000892,15.2900003769219,15.5700004000892,14.5800003181762,15.7500004149824,15.3999994978449,,15.3799994961901,15.5500003984343,15.2199994829516
2,24418810,A244_T_PD_R:T_EDGE_HI_VCCY_1.6500[1]/PIN7,n,S,,14.3000002950089,,,14.6900003272776,15.699999522667,15.6799995210122,15.5700004000892,15.5799995127381,15.5799995127381,15.2900003769219,15.6100004033988,14.5300003140392,15.7399995259766,15.4399995011545,,15.4100003868507,15.6300004050536,15.2300003719574
2,24418810,A244_T_PD_R:T_EDGE_HI_VCCY_1.6500[1]/PIN9,n,S,,14.3000002950089,,,15.0199994664035,16.0500004398045,16.0700004414593,15.8599995359054,15.9100004282209,15.9300004298757,15.6399995177026,15.9399995425247,14.8400003396887,16.0599995524535,15.7799995292862,,15.8100004199468,15.8399995342506,15.5500003984343
2,24418820,A244_T_PD_R:T_SKEW_HI_VCCY_1.6500@PIN12[1],n,S,,0.999999971718069,,,0.519999987513842,0.559999990823457,0.579999992478264,0.450000009477591,0.559999990823457,0.559999990823457,0.599999994133071,0.619999995787879,0.529999988341245,0.599999994133071,0.56999999165086,,0.669999999924897,0.579999992478264,0.529999988341245
2,24418970,A244_T_PD_R:T_EDGE_LO_VCCY_1.6500[1]/PIN12,n,S,,25.0000002921524,,,15.2999994895708,15.8700004249113,15.8500004232565,15.8199995325958,15.7599995276314,15.7799995292862,15.5799995127381,15.7599995276314,15.1300003636834,15.799999530941,15.6599995193574,,15.6500004067084,15.7300004133276,15.5799995127381
2,24418970,A244_T_PD_R:T_EDGE_LO_VCCY_1.6500[1]/PIN14,n,S,,25.0000002921524,,,14.8400003396887,15.4900003934699,15.3999994978449,15.3900003851959,15.4100003868507,15.4100003868507,15.179999479642,15.3700003835411,14.6800003264502,15.4100003868507,15.3100003785767,,15.2300003719574,15.3500003818863,15.1500003653382
2,24418970,A244_T_PD_R:T_EDGE_LO_VCCY_1.6500[1]/PIN16,n,S,,25.0000002921524,,,13.8000002536387,14.4100003041103,14.3700003008007,14.3800003016281,14.3200002966637,14.3700003008007,14.0900002776334,14.3600002999733,13.6700002428825,14.4200003049377,14.2900002941815,,14.2200002883897,14.3000002950089,14.1600002834252
2,24418970,A244_T_PD_R:T_EDGE_LO_VCCY_1.6500[1]/PIN18,n,S,,25.0000002921524,,,13.8100002544661,14.4400003065925,14.4400003065925,14.3600002999733,14.3500002991459,14.3500002991459,14.1400002817704,14.3700003008007,13.6800002437099,14.3900003024555,14.2700002925267,,14.2000002867348,14.2400002900445,14.1100002792882
2,24418970,A244_T_PD_R:T_EDGE_LO_VCCY_1.6500[1]/PIN3,n,S,,25.0000002921524,,,13.9600002668772,14.600000319831,14.5400003148666,14.550000315694,14.550000315694,14.4900003107296,14.2800002933541,14.500000311557,13.7900002528113,14.550000315694,14.4100003041103,,14.3600002999733,14.4700003090747,14.2900002941815
2,24418970,A244_T_PD_R:T_EDGE_LO_VCCY_1.6500[1]/PIN5,n,S,,25.0000002921524,,,14.550000315694,15.2300003719574,15.170000366993,15.170000366993,15.1300003636834,15.1500003653382,14.8700003421709,15.1500003653382,14.4400003065925,15.179999479642,15.0100003537545,,14.9799994630939,15.079999471368,14.9300003471353
2,24418970,A244_T_PD_R:T_EDGE_LO_VCCY_1.6500[1]/PIN7,n,S,,25.0000002921524,,,14.8400003396887,15.4700003918151,15.3999994978449,15.4599995028093,15.4100003868507,15.4599995028093,15.1999994812968,15.4500003901603,14.6700003256228,15.4700003918151,15.3500003818863,,15.2999994895708,15.3599994945353,15.2199994829516
2,24418970,A244_T_PD_R:T_EDGE_LO_VCCY_1.6500[1]/PIN9,n,S,,25.0000002921524,,,14.3800003016281,15.0100003537545,15.0199994664035,14.9500003487901,14.9700003504449,14.9599994614391,14.7400003314146,14.9199994581295,14.18000028508,14.9999994647487,14.8400003396887,,14.8400003396887,14.8900003438257,14.7200003297598
2,24418972,A244_T_PD_R:T_SKEW_LO_VCCY_1.6500@PIN12[1],n,S,,0.999999971718069,,,1.50000001308825,1.46000000977864,1.48000001143345,1.46000000977864,1.44000000812383,1.43000000729643,1.49000001226085,1.40000000481422,1.46000000977864,1.41000000564162,1.39000000398681,,1.45000000895124,1.49000001226085,1.47000001060604
2,24418976,A244_T_PD_R:T_EDGE_HI_VCCY_1.4000[1]/PIN12,n,S,,25.0000002921524,,,25.9600003715832,35.4799993829147,35.3800011509975,34.7999993266512,34.7800011013533,34.9400011145917,31.2499999211013,35.4399993796051,26.0000003748928,36.1300003248743,33.9300001428455,,33.679999233982,35.5199993862243,32.1000008796091
2,24418976,A244_T_PD_R:T_EDGE_HI_VCCY_1.4000[1]/PIN14,n,S,,25.0000002921524,,,24.9200002855332,32.2900000071513,32.4699982456877,31.5400008332745,31.0799990188571,31.9100017520668,28.4099996861187,33.1899983052608,25.0099994048014,33.7300001262975,32.0899999906032,,31.5199990552628,32.9300000601052,29.7499997969908
2,24418976,A244_T_PD_R:T_EDGE_HI_VCCY_1.4000[1]/PIN16,n,S,,25.0000002921524,,,25.2699994263139,33.5599992240532,33.1700000799628,32.7300000435571,32.9199991710993,33.3700000965109,30.5800007538437,33.3300000932013,25.3400003202842,34.199999277007,32.7300000435571,,32.3700000137706,33.789998354905,30.4700016329207
2,24418976,A244_T_PD_R:T_EDGE_HI_VCCY_1.4000[1]/PIN18,n,S,,25.0000002921524,,,24.429999356812,32.0700017653053,32.0899999906032,31.1699999144821,30.969999897934,31.5199990552628,26.9699995669725,32.2699982291397,24.3600002391986,33.2100000832725,29.209999752311,,27.9600005370639,31.3900017090418,26.6899995438052
2,24418976,A244_T_PD_R:T_EDGE_HI_VCCY_1.4000[1]/PIN3,n,S,,25.0000002921524,,,25.460000330213,33.2299983085704,33.0299982920224,32.6100000336282,32.7300000435571,32.6600009259437,29.6099997854071,32.9700000634148,25.369999434588,33.4399992141243,31.7999990784301,,31.3400008167264,33.0900000733436,29.9400007008899
2,24418976,A244_T_PD_R:T_EDGE_HI_VCCY_1.4000[1]/PIN5,n,S,,25.0000002921524,,,25.2899994279687,33.3599992075051,33.1000009623494,33.1099982986416,33.0100000667244,33.0299982920224,29.2899997589302,33.1899983052608,25.5299994478264,33.9199992538397,32.2200008895379,,32.420000906086,33.4500001031302,28.1200005503024
2,24418976,A244_T_PD_R:T_EDGE_HI_VCCY_1.4000[1]/PIN7,n,S,,25.0000002921524,,,24.6800002656755,33.2900000898917,32.0200008729898,31.5500017222803,30.9299998946244,32.0499999872936,27.5600005039678,33.1400009656591,24.7200002689851,34.2900001726321,30.9199990056186,,30.860000777011,33.7999992439109,27.4499996066879
2,24418976,A244_T_PD_R:T_EDGE_HI_VCCY_1.4000[1]/PIN9,n,S,,25.0000002921524,,,25.9200003682736,33.3599992075051,32.7199991545513,30.4600007439149,30.4799989692128,30.9000007803206,28.3400005685053,31.599999061882,25.8000003583447,33.9700001461551,30.0899998251225,,30.4700016329207,31.1599990254763,28.3299996794995
2,24418980,A244_T_PD_R:T_SKEW_HI_VCCY_1.4000@PIN12[1],n,S,,0.999999971718069,,,1.53000001557047,3.41000006010006,3.36000005596304,4.339999915004,4.29999991169439,4.03999989018189,4.27999991003958,3.83999987363381,1.64000002467191,2.92000001955728,4.71999994644534,,5.72000002918571,4.35999991665881,5.4100000035362
2,24418974,A244_T_PD_R:T_EDGE_LO_VCCY_1.4000[1]/PIN12,n,S,,25.0000002921524,,,19.8999998701765,20.7799999429881,20.6999999363688,20.7199999380236,20.6500008204102,20.6100008171006,20.3999999115467,20.5500008121362,19.6599998503189,20.6399999314044,20.3799999098919,,20.5399999231304,20.5900008154458,20.3599999082371
2,24418974,A244_T_PD_R:T_EDGE_LO_VCCY_1.4000[1]/PIN14,n,S,,25.0000002921524,,,19.1700006979545,20.0700007724208,19.9399998734862,19.959999875141,19.9999998784506,19.9700007641468,19.6500007376699,19.9100007591824,18.9599997924006,19.9999998784506,19.7799998602477,,19.8199998635573,19.9799998767958,19.6500007376699
2,24418974,A244_T_PD_R:T_EDGE_LO_VCCY_1.4000[1]/PIN16,n,S,,25.0000002921524,,,17.9999997129698,18.8500006714776,18.7799997775073,18.8500006714776,18.7500006632035,18.8300006698228,18.4500006383814,18.7599997758525,17.8300005870824,18.8599997841266,18.6599997675785,,18.7100006598939,18.810000668168,18.5300006450007
2,24418974,A244_T_PD_R:T_EDGE_LO_VCCY_1.4000[1]/PIN18,n,S,,25.0000002921524,,,18.0399997162795,18.8999997874362,18.8500006714776,18.7700006648583,18.7999997791621,18.7799997775073,18.49999975434,18.7799997775073,17.8999997046958,18.810000668168,18.6399997659237,,18.6500006549295,18.7399997741977,18.49999975434
2,24418974,A244_T_PD_R:T_EDGE_LO_VCCY_1.4000[1]/PIN3,n,S,,25.0000002921524,,,18.399999746066,19.2500007045737,19.1599998089487,19.2399998155679,19.1999998122583,19.1199998056391,18.8599997841266,19.1199998056391,18.1599997262083,19.2199998139131,18.9799997940554,,19.0300006863708,19.1700006979545,18.8900006747872
2,24418974,A244_T_PD_R:T_EDGE_LO_VCCY_1.4000[1]/PIN5,n,S,,25.0000002921524,,,19.1500006962997,20.0700007724208,19.9999998784506,20.0199998801054,19.9900007658016,19.9700007641468,19.6100007343603,19.9799998767958,19.010000684716,19.9999998784506,19.7199998552833,,19.7799998602477,19.959999875141,19.7300007442891
2,24418974,A244_T_PD_R:T_EDGE_LO_VCCY_1.4000[1]/PIN7,n,S,,25.0000002921524,,,19.2900007078833,20.159999891689,20.0300007691112,20.1500007790401,20.0900007740756,20.1700007806949,19.7999998619025,20.1300007773852,19.0999998039842,20.1399998900342,19.9100007591824,,20.0300007691112,20.050000770766,19.8599998668669
2,24418974,A244_T_PD_R:T_EDGE_LO_VCCY_1.4000[1]/PIN9,n,S,,25.0000002921524,,,18.7300006615487,19.5700007310506,19.5700007310506,19.5500007293958,19.5500007293958,19.5199998387352,19.2500007045737,19.4500007211218,18.490000641691,19.53999984039,19.2599998172227,,19.4500007211218,19.4999998370804,19.2399998155679
2,24418978,A244_T_PD_R:T_SKEW_LO_VCCY_1.4000@PIN12[1],n,S,,0.999999971718069,,,1.8999999351621,1.92999993764431,1.91999993681691,1.94999993929912,1.8999999351621,1.83000004039258,1.94999993929912,1.79000003708296,1.83000004039258,1.83000004039258,1.74000003294594,,1.8899999343347,1.85000004204738,1.86000004287479
2,24414830,A244_T_EN_R:T_EDGE_HI_VCCY_5.5000[1]/PIN3,n,S,,19.9999998784506,,,8.76999983745463,8.96999985400271,8.98999985565752,8.97999985483011,8.9599998531753,8.98999985565752,8.9399998515205,8.99999985648492,8.59999982338877,8.92999985069309,9.05999986144934,,8.85999984490127,8.87999984655607,8.9399998515205
2,24414830,A244_T_EN_R:T_EDGE_HI_VCCY_5.5000[1]/PIN5,n,S,,19.9999998784506,,,8.73999983497242,8.9399998515205,8.90999984903829,8.91999984986569,8.87999984655607,8.91999984986569,8.85999984490127,8.9399998515205,8.58999982256137,8.88999984738348,8.97999985483011,,8.77999983828204,8.82999984241906,8.85999984490127
2,24414830,A244_T_EN_R:T_EDGE_HI_VCCY_5.5000[1]/PIN7,n,S,,19.9999998784506,,,9.44999989371809,9.73999991771279,9.70999991523058,9.80999992350462,9.79999992267722,9.80999992350462,9.68999991357578,9.83999992598683,9.16999987055078,9.66999991192097,9.87999992929645,,9.59999990612914,9.60999990695655,9.70999991523058
2,24414830,A244_T_EN_R:T_EDGE_HI_VCCY_5.5000[1]/PIN9,n,S,,19.9999998784506,,,9.2199998746878,9.51999989950991,9.4799998962003,9.54999990199212,9.56999990364693,9.56999990364693,9.46999989537289,9.59999990612914,8.96999985400271,9.41999989123588,9.66999991192097,,9.37999988792626,9.37999988792626,9.46999989537289
2,24414830,A244_T_EN_R:T_EDGE_HI_VCCY_5.5000[1]/PIN12,n,S,,19.9999998784506,,,9.4999998978551,9.82999992515943,9.78999992184981,9.87999992929645,9.87999992929645,9.86999992846904,9.7599999193676,9.91999993260606,9.23999987634261,9.73999991771279,9.93999993426087,,9.65999991109356,9.69999991440318,9.7599999193676
2,24414830,A244_T_EN_R:T_EDGE_HI_VCCY_5.5000[1]/PIN14,n,S,,19.9999998784506,,,8.9499998523479,9.16999987055078,9.11999986641376,9.13999986806857,9.09999986475896,9.10999986558636,9.05999986144934,9.11999986641376,8.76999983745463,9.08999986393155,9.2099998738604,,8.96999985400271,8.99999985648492,9.08999986393155
2,24414830,A244_T_EN_R:T_EDGE_HI_VCCY_5.5000[1]/PIN16,n,S,,19.9999998784506,,,8.84999984407386,9.04999986062194,9.03999985979453,9.04999986062194,9.02999985896713,9.03999985979453,8.99999985648492,9.07999986310415,8.6899998308354,9.00999985731232,9.10999986558636,,8.90999984903829,8.9599998531753,9.00999985731232
2,24414830,A244_T_EN_R:T_EDGE_HI_VCCY_5.5000[1]/PIN18,n,S,,19.9999998784506,,,8.78999983910944,9.01999985813973,8.98999985565752,9.00999985731232,8.97999985483011,8.99999985648492,8.96999985400271,9.02999985896713,8.58999982256137,8.9599998531753,9.06999986227675,,8.87999984655607,8.89999984821088,8.9599998531753
2,24414910,A244_T_EN_R:T_EDGE_LO_VCCY_5.5000[1]/PIN3,n,S,,19.9999998784506,,,8.44999981097772,8.6699998291806,8.6699998291806,8.6699998291806,8.65999982835319,8.679999830008,8.61999982504358,8.6899998308354,8.24999979442964,8.61999982504358,8.74999983579983,,8.53999981842435,8.55999982007916,8.61999982504358
2,24414910,A244_T_EN_R:T_EDGE_LO_VCCY_5.5000[1]/PIN5,n,S,,19.9999998784506,,,8.37999980518589,8.60999982421617,8.57999982173396,8.58999982256137,8.56999982090656,8.58999982256137,8.52999981759694,8.61999982504358,8.19999979029262,8.54999981925175,8.65999982835319,,8.44999981097772,8.48999981428733,8.51999981676954
2,24414910,A244_T_EN_R:T_EDGE_LO_VCCY_5.5000[1]/PIN7,n,S,,19.9999998784506,,,9.14999986889597,9.45999989454549,9.42999989206328,9.52999990033732,9.52999990033732,9.52999990033732,9.39999988958107,9.56999990364693,8.83999984324646,9.38999988875366,9.59999990612914,,9.31999988296184,9.31999988296184,9.41999989123588
2,24414910,A244_T_EN_R:T_EDGE_LO_VCCY_5.5000[1]/PIN9,n,S,,19.9999998784506,,,8.89999984821088,9.2099998738604,9.16999987055078,9.23999987634261,9.25999987799742,9.25999987799742,9.14999986889597,9.28999988047963,8.62999982587098,9.09999986475896,9.34999988544405,,9.05999986144934,9.05999986144934,9.14999986889597
2,24414910,A244_T_EN_R:T_EDGE_LO_VCCY_5.5000[1]/PIN12,n,S,,19.9999998784506,,,9.24999987717001,9.59999990612914,9.55999990281953,9.63999990943876,9.64999991026616,9.63999990943876,9.51999989950991,9.69999991440318,8.9599998531753,9.50999989868251,9.70999991523058,,9.42999989206328,9.45999989454549,9.51999989950991
2,24414910,A244_T_EN_R:T_EDGE_LO_VCCY_5.5000[1]/PIN14,n,S,,19.9999998784506,,,8.59999982338877,8.82999984241906,8.77999983828204,8.81999984159165,8.78999983910944,8.78999983910944,8.72999983414502,8.80999984076425,8.38999980601329,8.74999983579983,8.88999984738348,,8.64999982752579,8.679999830008,8.75999983662723
2,24414910,A244_T_EN_R:T_EDGE_LO_VCCY_5.5000[1]/PIN16,n,S,,19.9999998784506,,,8.56999982090656,8.77999983828204,8.76999983745463,8.77999983828204,8.76999983745463,8.76999983745463,8.71999983331762,8.80999984076425,8.3999998068407,8.73999983497242,8.82999984241906,,8.64999982752579,8.679999830008,8.72999983414502
2,24414910,A244_T_EN_R:T_EDGE_LO_VCCY_5.5000[1]/PIN18,n,S,,19.9999998784506,,,8.54999981925175,8.77999983828204,8.75999983662723,8.77999983828204,8.75999983662723,8.75999983662723,8.72999983414502,8.79999983993685,8.35999980353108,8.71999983331762,8.83999984324646,,8.64999982752579,8.6699998291806,8.71999983331762
2,24414840,A244_T_EN_R:T_EDGE_HI_VCCY_4.5000[1]/PIN3,n,S,,19.9999998784506,,,9.53999990116472,9.7599999193676,9.769999920195,9.7599999193676,9.73999991771279,9.769999920195,9.70999991523058,9.769999920195,9.34999988544405,9.70999991523058,9.83999992598683,,9.61999990778395,9.65999991109356,9.70999991523058
2,24414840,A244_T_EN_R:T_EDGE_HI_VCCY_4.5000[1]/PIN5,n,S,,19.9999998784506,,,9.51999989950991,9.7499999185402,9.71999991605799,9.70999991523058,9.67999991274837,9.71999991605799,9.64999991026616,9.73999991771279,9.35999988627145,9.68999991357578,9.77999992102241,,9.56999990364693,9.62999990861135,9.63999990943876
2,24414840,A244_T_EN_R:T_EDGE_HI_VCCY_4.5000[1]/PIN7,n,S,,19.9999998784506,,,10.2199999574282,10.5499999847325,10.5199999822503,10.6199999905243,10.6199999905243,10.6199999905243,10.4899999797681,10.6599999938339,9.91999993260606,10.4899999797681,10.6899999963161,,10.3999999723214,10.4199999739762,10.5099999814229
2,24414840,A244_T_EN_R:T_EDGE_HI_VCCY_4.5000[1]/PIN9,n,S,,19.9999998784506,,,9.99999993922529,10.339999967357,10.28999996322,10.3599999690118,10.389999971494,10.3999999723214,10.2799999623926,10.4199999739762,9.72999991688539,10.239999959083,10.4799999789407,,10.1799999541186,10.1799999541186,10.2599999607378
2,24414840,A244_T_EN_R:T_EDGE_HI_VCCY_4.5000[1]/PIN12,n,S,,19.9999998784506,,,10.2599999607378,10.6399999921791,10.5999999888695,10.6799999954887,10.6899999963161,10.6799999954887,10.5499999847325,10.7299999996258,9.97999993757048,10.5499999847325,10.7500000012806,,10.4499999764585,10.4799999789407,10.5499999847325
2,24414840,A244_T_EN_R:T_EDGE_HI_VCCY_4.5000[1]/PIN14,n,S,,19.9999998784506,,,9.68999991357578,9.92999993343346,9.89999993095125,9.90999993177866,9.85999992764164,9.87999992929645,9.82999992515943,9.88999993012385,9.50999989868251,9.85999992764164,9.98999993839789,,9.72999991688539,9.769999920195,9.84999992681423
2,24414840,A244_T_EN_R:T_EDGE_HI_VCCY_4.5000[1]/PIN16,n,S,,19.9999998784506,,,9.57999990447433,9.80999992350462,9.80999992350462,9.80999992350462,9.77999992102241,9.79999992267722,9.73999991771279,9.82999992515943,9.41999989123588,9.769999920195,9.86999992846904,,9.65999991109356,9.70999991523058,9.7499999185402
2,24414840,A244_T_EN_R:T_EDGE_HI_VCCY_4.5000[1]/PIN18,n,S,,19.9999998784506,,,9.51999989950991,9.77999992102241,9.7599999193676,9.77999992102241,9.73999991771279,9.7499999185402,9.72999991688539,9.78999992184981,9.31999988296184,9.70999991523058,9.81999992433202,,9.62999990861135,9.65999991109356,9.69999991440318
2,24414920,A244_T_EN_R:T_EDGE_LO_VCCY_4.5000[1]/PIN3,n,S,,19.9999998784506,,,9.23999987634261,9.4799998962003,9.4899998970277,9.4799998962003,9.46999989537289,9.4899998970277,9.41999989123588,9.4999998978551,9.02999985896713,9.42999989206328,9.56999990364693,,9.33999988461665,9.37999988792626,9.41999989123588
2,24414920,A244_T_EN_R:T_EDGE_LO_VCCY_4.5000[1]/PIN5,n,S,,19.9999998784506,,,9.18999987220559,9.45999989454549,9.42999989206328,9.42999989206328,9.39999988958107,9.43999989289068,9.34999988544405,9.45999989454549,8.99999985648492,9.38999988875366,9.4999998978551,,9.26999987882482,9.31999988296184,9.34999988544405
2,24414920,A244_T_EN_R:T_EDGE_LO_VCCY_4.5000[1]/PIN7,n,S,,19.9999998784506,,,9.94999993508827,10.28999996322,10.2599999607378,10.3599999690118,10.3499999681844,10.3599999690118,10.2199999574282,10.3999999723214,9.62999990861135,10.2199999574282,10.4199999739762,,10.1299999499815,10.1399999508089,10.2299999582556
2,24414920,A244_T_EN_R:T_EDGE_LO_VCCY_4.5000[1]/PIN9,n,S,,19.9999998784506,,,9.70999991523058,10.0599999441897,10.0099999400527,10.0799999458445,10.0999999474993,10.1099999483267,9.98999993839789,10.1399999508089,9.42999989206328,9.94999993508827,10.1999999557734,,9.88999993012385,9.88999993012385,9.96999993674308
2,24414920,A244_T_EN_R:T_EDGE_LO_VCCY_4.5000[1]/PIN12,n,S,,19.9999998784506,,,10.0499999433623,10.4299999748036,10.3999999723214,10.4799999789407,10.4899999797681,10.4699999781133,10.339999967357,10.5299999830777,9.7499999185402,10.339999967357,10.5399999839051,,10.2499999599104,10.2799999623926,10.339999967357
2,24414920,A244_T_EN_R:T_EDGE_LO_VCCY_4.5000[1]/PIN14,n,S,,19.9999998784506,,,9.36999988709886,9.63999990943876,9.58999990530174,9.61999990778395,9.57999990447433,9.58999990530174,9.52999990033732,9.60999990695655,9.14999986889597,9.55999990281953,9.68999991357578,,9.42999989206328,9.46999989537289,9.54999990199212
2,24414920,A244_T_EN_R:T_EDGE_LO_VCCY_4.5000[1]/PIN16,n,S,,19.9999998784506,,,9.32999988378924,9.56999990364693,9.55999990281953,9.56999990364693,9.55999990281953,9.55999990281953,9.4999998978551,9.59999990612914,9.14999986889597,9.52999990033732,9.62999990861135,,9.41999989123588,9.45999989454549,9.50999989868251
2,24414920,A244_T_EN_R:T_EDGE_LO_VCCY_4.5000[1]/PIN18,n,S,,19.9999998784506,,,9.30999988213443,9.56999990364693,9.54999990199212,9.56999990364693,9.53999990116472,9.54999990199212,9.4999998978551,9.58999990530174,9.09999986475896,9.50999989868251,9.62999990861135,,9.41999989123588,9.44999989371809,9.4999998978551
2,24414850,A244_T_EN_R:T_EDGE_HI_VCCY_3.6000[1]/PIN3,n,S,,29.9999989294975,,,10.7199999987984,10.9900000211383,11.0100000227931,10.9900000211383,10.9700000194835,10.9900000211383,10.9200000153464,11.0000000219657,10.5199999822503,10.9500000178286,11.0600000269301,,10.8300000078998,10.8800000120368,10.9200000153464
2,24414850,A244_T_EN_R:T_EDGE_HI_VCCY_3.6000[1]/PIN5,n,S,,29.9999989294975,,,10.7400000004532,11.0200000236205,10.9900000211383,11.0000000219657,10.9400000170012,11.0000000219657,10.9000000136916,11.0300000244479,10.5499999847325,10.9700000194835,11.0600000269301,,10.810000006245,10.8900000128642,10.8900000128642
2,24414850,A244_T_EN_R:T_EDGE_HI_VCCY_3.6000[1]/PIN7,n,S,,29.9999989294975,,,11.4400000583714,11.8400000914676,11.800000088158,11.9100000972594,11.8900000956046,11.9200000980868,11.7500000840209,11.9400000997416,11.1000000302397,11.7500000840209,11.9700001022238,,11.6500000757469,11.6700000774017,11.7600000848483
2,24414850,A244_T_EN_R:T_EDGE_HI_VCCY_3.6000[1]/PIN9,n,S,,29.9999989294975,,,11.2300000409959,11.6400000749195,11.5900000707825,11.6600000765743,11.6900000790565,11.6900000790565,11.5600000683003,11.7200000815387,10.9300000161738,11.5300000658181,11.7800000865032,,11.4500000591988,11.4600000600262,11.5200000649907
2,24414850,A244_T_EN_R:T_EDGE_HI_VCCY_3.6000[1]/PIN12,n,S,,29.9999989294975,,,11.480000061681,11.9300000989142,11.8900000956046,11.9800001030512,11.9800001030512,11.9600001013964,11.8100000889854,12.0300001071882,11.1600000352041,11.8300000906402,12.0300001071882,,11.7100000807113,11.7600000848483,11.8100000889854
2,24414850,A244_T_EN_R:T_EDGE_HI_VCCY_3.6000[1]/PIN14,n,S,,29.9999989294975,,,10.8300000078998,11.1400000335493,11.0900000294123,11.1000000302397,11.0400000252753,11.0800000285849,11.0000000219657,11.0700000277575,10.6199999905243,11.0600000269301,11.1800000368589,,10.8900000128642,10.9400000170012,11.0200000236205
2,24414850,A244_T_EN_R:T_EDGE_HI_VCCY_3.6000[1]/PIN16,n,S,,29.9999989294975,,,10.7199999987984,11.0000000219657,11.0000000219657,10.9800000203109,10.9500000178286,10.9800000203109,10.9000000136916,11.0100000227931,10.5499999847325,10.9700000194835,11.0500000261027,,10.8200000070724,10.8800000120368,10.9200000153464
2,24414850,A244_T_EN_R:T_EDGE_HI_VCCY_3.6000[1]/PIN18,n,S,,29.9999989294975,,,10.6599999938339,10.960000018656,10.9500000178286,10.9500000178286,10.910000014519,10.9300000161738,10.8800000120368,10.960000018656,10.4499999764585,10.9000000136916,11.0000000219657,,10.7800000037628,10.8300000078998,10.8700000112094
2,24414930,A244_T_EN_R:T_EDGE_LO_VCCY_3.6000[1]/PIN3,n,S,,29.9999989294975,,,10.4699999781133,10.7500000012806,10.7700000029354,10.7500000012806,10.7299999996258,10.760000002108,10.6599999938339,10.760000002108,10.239999959083,10.6999999971435,10.8200000070724,,10.5799999872147,10.6299999913517,10.6799999954887
2,24414930,A244_T_EN_R:T_EDGE_LO_VCCY_3.6000[1]/PIN5,n,S,,29.9999989294975,,,10.4899999797681,10.7900000045902,10.760000002108,10.7500000012806,10.709999997971,10.760000002108,10.6499999930065,10.7900000045902,10.2799999623926,10.7199999987984,10.810000006245,,10.5799999872147,10.6399999921791,10.6599999938339
2,24414930,A244_T_EN_R:T_EDGE_LO_VCCY_3.6000[1]/PIN7,n,S,,29.9999989294975,,,11.2100000393411,11.6000000716099,11.5600000683003,11.6800000782291,11.6600000765743,11.6800000782291,11.5100000641633,11.7100000807113,10.8500000095546,11.5300000658181,11.7300000823661,,11.4200000567166,11.4400000583714,11.5200000649907
2,24414930,A244_T_EN_R:T_EDGE_LO_VCCY_3.6000[1]/PIN9,n,S,,29.9999989294975,,,10.9800000203109,11.3900000542344,11.3400000500974,11.4100000558892,11.430000057544,11.4400000583714,11.2900000459604,11.4600000600262,10.6799999954887,11.280000045133,11.5200000649907,,11.2000000385137,11.2000000385137,11.2700000443056
2,24414930,A244_T_EN_R:T_EDGE_LO_VCCY_3.6000[1]/PIN12,n,S,,29.9999989294975,,,11.3000000467878,11.7500000840209,11.7200000815387,11.7900000873306,11.800000088158,11.7800000865032,11.6300000740921,11.850000092295,10.9700000194835,11.6500000757469,11.850000092295,,11.5300000658181,11.5800000699551,11.6200000732647
2,24414930,A244_T_EN_R:T_EDGE_LO_VCCY_3.6000[1]/PIN14,n,S,,29.9999989294975,,,10.6099999896969,10.9300000161738,10.8900000128642,10.9000000136916,10.8500000095546,10.860000010382,10.7800000037628,10.8800000120368,10.3699999698392,10.8400000087272,10.9700000194835,,10.6899999963161,10.7400000004532,10.810000006245
2,24414930,A244_T_EN_R:T_EDGE_LO_VCCY_3.6000[1]/PIN16,n,S,,29.9999989294975,,,10.5499999847325,10.8400000087272,10.8300000078998,10.8200000070724,10.7900000045902,10.810000006245,10.7400000004532,10.8500000095546,10.3499999681844,10.8000000054176,10.8700000112094,,10.6599999938339,10.709999997971,10.7500000012806
2,24414930,A244_T_EN_R:T_EDGE_LO_VCCY_3.6000[1]/PIN18,n,S,,29.9999989294975,,,10.5199999822503,10.8300000078998,10.8200000070724,10.8300000078998,10.7900000045902,10.8000000054176,10.7400000004532,10.8400000087272,10.2799999623926,10.7700000029354,10.8800000120368,,10.6499999930065,10.6999999971435,10.7299999996258
2,24414860,A244_T_EN_R:T_EDGE_HI_VCCY_3.0000[1]/PIN3,n,S,,29.9999989294975,,,12.0300001071882,12.3500001336652,12.37000013532,12.3400001328378,12.320000131183,12.3500001336652,12.2400001245637,12.3500001336652,11.800000088158,12.3000001295281,12.4100001386296,,12.1600001179445,12.2100001220815,12.2400001245637
2,24414860,A244_T_EN_R:T_EDGE_HI_VCCY_3.0000[1]/PIN5,n,S,,29.9999989294975,,,12.0800001113253,12.4300001402844,12.4000001378022,12.4000001378022,12.3500001336652,12.4100001386296,12.2800001278733,12.4400001411118,11.8700000939498,12.37000013532,12.4600001427666,,12.2100001220815,12.2800001278733,12.2800001278733
2,24414860,A244_T_EN_R:T_EDGE_HI_VCCY_3.0000[1]/PIN7,n,S,,29.9999989294975,,,12.8000001708983,13.2800002106137,13.2400002073041,13.3600002172329,13.3400002155781,13.3600002172329,13.1500001998575,13.4000002205426,12.420000139457,13.2000002039945,13.41000022137,,13.0700001932382,13.090000194893,13.1800002023397
2,24414860,A244_T_EN_R:T_EDGE_HI_VCCY_3.0000[1]/PIN9,n,S,,29.9999989294975,,,12.6100001551777,13.1200001973752,13.0500001915834,13.1200001973752,13.1500001998575,13.1600002006849,13.0000001874464,13.1900002031671,12.2900001287007,13.0000001874464,13.2400002073041,,12.890000178345,12.9000001791724,12.9500001833094
2,24414860,A244_T_EN_R:T_EDGE_HI_VCCY_3.0000[1]/PIN12,n,S,,29.9999989294975,,,12.8600001758628,13.4000002205426,13.3500002164055,13.4400002238522,13.4400002238522,13.4200002221974,13.2300002064767,13.4900002279892,12.5000001460762,13.2800002106137,13.4700002263344,,13.1300001982027,13.1900002031671,13.2200002056493
2,24414860,A244_T_EN_R:T_EDGE_HI_VCCY_3.0000[1]/PIN14,n,S,,29.9999989294975,,,12.1200001146349,12.5100001469036,12.4600001427666,12.470000143594,12.4000001378022,12.4400001411118,12.3300001320104,12.4400001411118,11.8900000956046,12.4300001402844,12.5400001493858,,12.2400001245637,12.2900001287007,12.37000013532
2,24414860,A244_T_EN_R:T_EDGE_HI_VCCY_3.0000[1]/PIN16,n,S,,29.9999989294975,,,12.0200001063608,12.3600001344926,12.3500001336652,12.3300001320104,12.2900001287007,12.320000131183,12.2300001237363,12.3600001344926,11.8300000906402,12.3300001320104,12.3900001369748,,12.1400001162897,12.2200001229089,12.2500001253911
2,24414860,A244_T_EN_R:T_EDGE_HI_VCCY_3.0000[1]/PIN18,n,S,,29.9999989294975,,,11.9600001013964,12.3300001320104,12.3100001303555,12.3000001295281,12.2400001245637,12.2800001278733,12.2100001220815,12.3100001303555,11.7100000807113,12.2600001262185,12.3400001328378,,12.1100001138075,12.1600001179445,12.1800001195993
2,24414940,A244_T_EN_R:T_EDGE_LO_VCCY_3.0000[1]/PIN3,n,S,,29.9999989294975,,,11.850000092295,12.2100001220815,12.2200001229089,12.1900001204267,12.1700001187719,12.2100001220815,12.0700001104979,12.2100001220815,11.5900000707825,12.1600001179445,12.2600001262185,,12.000000104706,12.0600001096705,12.0900001121527
2,24414940,A244_T_EN_R:T_EDGE_LO_VCCY_3.0000[1]/PIN5,n,S,,29.9999989294975,,,11.900000096432,12.2900001287007,12.2600001262185,12.2500001253911,12.2100001220815,12.2600001262185,12.1200001146349,12.2800001278733,11.6700000774017,12.2200001229089,12.3000001295281,,12.0500001088431,12.1100001138075,12.1200001146349
2,24414940,A244_T_EN_R:T_EDGE_LO_VCCY_3.0000[1]/PIN7,n,S,,29.9999989294975,,,12.6100001551777,13.1000001957204,13.0500001915834,13.1700002015123,13.1500001998575,13.1700002015123,12.9700001849642,13.2000002039945,12.2200001229089,13.0100001882738,13.2100002048219,,12.890000178345,12.9000001791724,12.9800001857916
2,24414940,A244_T_EN_R:T_EDGE_LO_VCCY_3.0000[1]/PIN9,n,S,,29.9999989294975,,,12.4100001386296,12.9200001808272,12.8500001750353,12.9200001808272,12.940000182482,12.9500001833094,12.7800001692435,12.9700001849642,12.0800001113253,12.7900001700709,13.0300001899286,,12.6900001617969,12.7000001626243,12.7500001667613
2,24414940,A244_T_EN_R:T_EDGE_LO_VCCY_3.0000[1]/PIN12,n,S,,29.9999989294975,,,12.7300001651065,13.2600002089589,13.2200002056493,13.2900002114411,13.2800002106137,13.2800002106137,13.090000194893,13.3400002155781,12.37000013532,13.1400001990301,13.3300002147507,,12.990000186619,13.0600001924108,13.090000194893
2,24414940,A244_T_EN_R:T_EDGE_LO_VCCY_3.0000[1]/PIN14,n,S,,29.9999989294975,,,11.9600001013964,12.37000013532,12.320000131183,12.3300001320104,12.2700001270459,12.3000001295281,12.1800001195993,12.3000001295281,11.7100000807113,12.2700001270459,12.3900001369748,,12.0900001121527,12.1400001162897,12.2100001220815
2,24414940,A244_T_EN_R:T_EDGE_LO_VCCY_3.0000[1]/PIN16,n,S,,29.9999989294975,,,11.8900000956046,12.2600001262185,12.2500001253911,12.2200001229089,12.2000001212541,12.2100001220815,12.1200001146349,12.2500001253911,11.6900000790565,12.2000001212541,12.2800001278733,,12.0400001080156,12.1100001138075,12.1200001146349
2,24414940,A244_T_EN_R:T_EDGE_LO_VCCY_3.0000[1]/PIN18,n,S,,29.9999989294975,,,11.8800000947772,12.2600001262185,12.2500001253911,12.2400001245637,12.2000001212541,12.2100001220815,12.1300001154623,12.2500001253911,11.6200000732647,12.1900001204267,12.2800001278733,,12.0400001080156,12.1000001129801,12.1100001138075
2,24414870,A244_T_EN_R:T_EDGE_HI_VCCY_2.7000[1]/PIN3,n,S,,35.9999994259397,,,12.990000186619,13.3900002197151,13.4000002205426,13.3800002188877,13.3500002164055,13.3900002197151,13.2500002081315,13.4000002205426,12.7400001659339,13.3400002155781,13.4500002246796,,13.1800002023397,13.2400002073041,13.2600002089589
2,24414870,A244_T_EN_R:T_EDGE_HI_VCCY_2.7000[1]/PIN5,n,S,,35.9999994259397,,,13.0600001924108,13.4800002271618,13.4300002230248,13.4500002246796,13.3900002197151,13.460000225507,13.3000002122685,13.4900002279892,12.8300001733805,13.41000022137,13.4900002279892,,13.2300002064767,13.3100002130959,13.3000002122685
2,24414870,A244_T_EN_R:T_EDGE_HI_VCCY_2.7000[1]/PIN7,n,S,,35.9999994259397,,,13.8200002552935,14.3700003008007,14.3200002966637,14.4500003074199,14.4200003049377,14.4600003082473,14.2200002883897,14.500000311557,13.41000022137,14.2800002933541,14.4900003107296,,14.1400002817704,14.1600002834252,14.2400002900445
2,24414870,A244_T_EN_R:T_EDGE_HI_VCCY_2.7000[1]/PIN9,n,S,,35.9999994259397,,,13.6400002404002,14.2100002875623,14.1400002817704,14.2000002867348,14.2500002908719,14.2400002900445,14.0600002751512,14.2800002933541,13.3000002122685,14.080000276806,14.3200002966637,,13.9600002668772,13.9700002677046,14.0000002701868
2,24414870,A244_T_EN_R:T_EDGE_HI_VCCY_2.7000[1]/PIN12,n,S,,35.9999994259397,,,13.8900002610853,14.4900003107296,14.4400003065925,14.5200003132118,14.5200003132118,14.4900003107296,14.3000002950089,14.5700003173488,13.4900002279892,14.3600002999733,14.5400003148666,,14.18000028508,14.2500002908719,14.2600002916993
2,24414870,A244_T_EN_R:T_EDGE_HI_VCCY_2.7000[1]/PIN14,n,S,,35.9999994259397,,,13.0700001932382,13.510000229644,13.4700002263344,13.4800002271618,13.4000002205426,13.4500002246796,13.3200002139233,13.4400002238522,12.8200001725531,13.4300002230248,13.5400002321262,,13.2300002064767,13.2900002114411,13.3500002164055
2,24414870,A244_T_EN_R:T_EDGE_HI_VCCY_2.7000[1]/PIN16,n,S,,35.9999994259397,,,12.9700001849642,13.3700002180603,13.3700002180603,13.3400002155781,13.2900002114411,13.3300002147507,13.2200002056493,13.3600002172329,12.7600001675887,13.3400002155781,13.3900002197151,,13.1300001982027,13.2100002048219,13.2300002064767
2,24414870,A244_T_EN_R:T_EDGE_HI_VCCY_2.7000[1]/PIN18,n,S,,35.9999994259397,,,12.9200001808272,13.3500002164055,13.3400002155781,13.3200002139233,13.2700002097863,13.3000002122685,13.2100002048219,13.3300002147507,12.6500001584873,13.2800002106137,13.3700002180603,,13.1100001965478,13.1700002015123,13.1700002015123
2,24414950,A244_T_EN_R:T_EDGE_LO_VCCY_2.7000[1]/PIN3,n,S,,35.9999994259397,,,12.8800001775176,13.2700002097863,13.2800002106137,13.2500002081315,13.2300002064767,13.2600002089589,13.1200001973752,13.2600002089589,12.6200001560051,13.2100002048219,13.3100002130959,,13.0500001915834,13.1200001973752,13.1400001990301
2,24414950,A244_T_EN_R:T_EDGE_LO_VCCY_2.7000[1]/PIN5,n,S,,35.9999994259397,,,12.9600001841368,13.4000002205426,13.3600002172329,13.3600002172329,13.3100002130959,13.3700002180603,13.2100002048219,13.4000002205426,12.7100001634517,13.3200002139233,13.4000002205426,,13.1400001990301,13.2100002048219,13.2100002048219
2,24414950,A244_T_EN_R:T_EDGE_LO_VCCY_2.7000[1]/PIN7,n,S,,35.9999994259397,,,13.660000242055,14.2000002867348,14.1500002825978,14.2600002916993,14.2400002900445,14.2700002925267,14.0500002743238,14.3100002958363,13.2500002081315,14.1100002792882,14.3000002950089,,13.9700002677046,13.9900002693594,14.0600002751512
2,24414950,A244_T_EN_R:T_EDGE_LO_VCCY_2.7000[1]/PIN9,n,S,,35.9999994259397,,,13.4900002279892,14.0400002734964,13.980000268532,14.0500002743238,14.0600002751512,14.0700002759786,13.8800002602579,14.1000002784608,13.1400001990301,13.9100002627401,14.1500002825978,,13.7900002528113,13.8000002536387,13.8400002569483
2,24414950,A244_T_EN_R:T_EDGE_LO_VCCY_2.7000[1]/PIN12,n,S,,35.9999994259397,,,13.7800002519839,14.3800003016281,14.3500002991459,14.4100003041103,14.4000003032829,14.3900003024555,14.18000028508,14.4700003090747,13.4000002205426,14.2600002916993,14.4300003057651,,14.080000276806,14.1600002834252,14.1600002834252
2,24414950,A244_T_EN_R:T_EDGE_LO_VCCY_2.7000[1]/PIN14,n,S,,35.9999994259397,,,12.990000186619,13.4500002246796,13.4000002205426,13.41000022137,13.3400002155781,13.3800002188877,13.2300002064767,13.3700002180603,12.7000001626243,13.3500002164055,13.460000225507,,13.1400001990301,13.2100002048219,13.2600002089589
2,24414950,A244_T_EN_R:T_EDGE_LO_VCCY_2.7000[1]/PIN16,n,S,,35.9999994259397,,,12.9100001799998,13.3100002130959,13.3200002139233,13.2700002097863,13.2400002073041,13.2600002089589,13.1500001998575,13.3000002122685,12.6800001609695,13.2700002097863,13.3200002139233,,13.0800001940656,13.1500001998575,13.1600002006849
2,24414950,A244_T_EN_R:T_EDGE_LO_VCCY_2.7000[1]/PIN18,n,S,,35.9999994259397,,,12.9000001791724,13.3100002130959,13.3100002130959,13.3000002122685,13.2400002073041,13.2600002089589,13.1700002015123,13.2900002114411,12.6200001560051,13.2400002073041,13.3200002139233,,13.090000194893,13.1400001990301,13.1400001990301
2,24414880,A244_T_EN_R:T_EDGE_HI_VCCY_2.3000[1]/PIN3,n,S,,35.9999994259397,,,14.9199994581295,15.4100003868507,15.4100003868507,15.3999994978449,15.3700003835411,15.3900003851959,15.2300003719574,15.4100003868507,14.6300003223132,15.3599994945353,15.4500003901603,,15.170000366993,15.2399994846064,15.2399994846064
2,24414880,A244_T_EN_R:T_EDGE_HI_VCCY_2.3000[1]/PIN5,n,S,,35.9999994259397,,,15.0100003537545,15.5399995094285,15.4900003934699,15.5199995077737,15.4399995011545,15.5199995077737,15.3300003802315,15.5700004000892,14.7600003330695,15.4799995044641,15.5300003967795,,15.279999487916,15.3700003835411,15.3100003785767
2,24414880,A244_T_EN_R:T_EDGE_HI_VCCY_2.3000[1]/PIN7,n,S,,35.9999994259397,,,15.8799995375603,16.5799995954785,16.5100004778651,16.6599996020977,16.6199995987881,16.6700004911036,16.3700004662815,16.730000496068,15.4199994994997,16.4799995872045,16.6700004911036,,16.3300004629718,16.3500004646266,16.3999995805852
2,24414880,A244_T_EN_R:T_EDGE_HI_VCCY_2.3000[1]/PIN9,n,S,,35.9999994259397,,,15.7100004116728,16.4399995838949,16.3399995756208,16.4300004712459,16.4599995855497,16.4700004745555,16.2599995690016,16.4900004762103,15.3399994928805,16.2900004596622,16.5199995905141,,16.1399995590727,16.1799995623824,16.1599995607276
2,24414880,A244_T_EN_R:T_EDGE_HI_VCCY_2.3000[1]/PIN12,n,S,,35.9999994259397,,,15.9700004331853,16.730000496068,16.6900004927584,16.7599996103718,16.739999608717,16.7100004944132,16.4599995855497,16.8199996153362,15.5199995077737,16.5900004844843,16.739999608717,,16.3599995772756,16.4599995855497,16.4199995822401
2,24414880,A244_T_EN_R:T_EDGE_HI_VCCY_2.3000[1]/PIN14,n,S,,35.9999994259397,,,14.9599994614391,15.5500003984343,15.4900003934699,15.5199995077737,15.4199994994997,15.4599995028093,15.279999487916,15.4500003901603,14.6700003256228,15.4399995011545,15.5399995094285,,15.1900003686478,15.279999487916,15.3100003785767
2,24414880,A244_T_EN_R:T_EDGE_HI_VCCY_2.3000[1]/PIN16,n,S,,35.9999994259397,,,14.8500003405161,15.3799994961901,15.3799994961901,15.3399994928805,15.279999487916,15.3300003802315,15.179999479642,15.3599994945353,14.6300003223132,15.3500003818863,15.3700003835411,,15.0900003603738,15.2100003703026,15.1900003686478
2,24414880,A244_T_EN_R:T_EDGE_HI_VCCY_2.3000[1]/PIN18,n,S,,35.9999994259397,,,14.8300003388613,15.3500003818863,15.3399994928805,15.3199994912256,15.2399994846064,15.2900003769219,15.1599994779872,15.3199994912256,14.5400003148666,15.279999487916,15.3300003802315,,15.079999471368,15.1500003653382,15.1199994746776
2,24414960,A244_T_EN_R:T_EDGE_LO_VCCY_2.3000[1]/PIN3,n,S,,35.9999994259397,,,14.9300003471353,15.4599995028093,15.4599995028093,15.4199994994997,15.3900003851959,15.4199994994997,15.2300003719574,15.4300003885055,14.6200003214858,15.3900003851959,15.4599995028093,,15.1900003686478,15.270000375267,15.270000375267
2,24414960,A244_T_EN_R:T_EDGE_LO_VCCY_2.3000[1]/PIN5,n,S,,35.9999994259397,,,15.0300003554094,15.5799995127381,15.5399995094285,15.5500003984343,15.4799995044641,15.5500003984343,15.3399994928805,15.5799995127381,14.7400003314146,15.4999995061189,15.5700004000892,,15.2999994895708,15.3700003835411,15.3399994928805
2,24414960,A244_T_EN_R:T_EDGE_LO_VCCY_2.3000[1]/PIN7,n,S,,35.9999994259397,,,15.790000418292,16.4599995855497,16.4100004695911,16.5399995921689,16.4900004762103,16.5300004795199,16.2700004580074,16.5799995954785,15.2999994895708,16.3700004662815,16.5399995921689,,16.1999995640372,16.219999565692,16.2700004580074
2,24414960,A244_T_EN_R:T_EDGE_LO_VCCY_2.3000[1]/PIN9,n,S,,35.9999994259397,,,15.6399995177026,16.319999573966,16.2599995690016,16.319999573966,16.3399995756208,16.3500004646266,16.110000444769,16.3700004662815,15.2500003736122,16.1799995623824,16.3900004679363,,16.0199995491439,16.0500004398045,16.0599995524535
2,24414960,A244_T_EN_R:T_EDGE_LO_VCCY_2.3000[1]/PIN12,n,S,,35.9999994259397,,,15.9500004315305,16.6799996037525,16.6500004894488,16.6999996054074,16.6999996054074,16.6799996037525,16.4100004695911,16.7700004993776,15.5100003951247,16.5500004811747,16.6900004927584,,16.310000461317,16.4199995822401,16.3799995789304
2,24414960,A244_T_EN_R:T_EDGE_LO_VCCY_2.3000[1]/PIN14,n,S,,35.9999994259397,,,15.0300003554094,15.6300004050536,15.5700004000892,15.590000401744,15.4900003934699,15.5399995094285,15.3500003818863,15.5300003967795,14.700000328105,15.5100003951247,15.5999995143929,,15.270000375267,15.3500003818863,15.3799994961901
2,24414960,A244_T_EN_R:T_EDGE_LO_VCCY_2.3000[1]/PIN16,n,S,,35.9999994259397,,,14.9399994597843,15.4799995044641,15.4700003918151,15.4300003885055,15.3700003835411,15.3999994978449,15.2599994862612,15.4500003901603,14.6900003272776,15.4199994994997,15.4500003901603,,15.1900003686478,15.279999487916,15.2599994862612
2,24414960,A244_T_EN_R:T_EDGE_LO_VCCY_2.3000[1]/PIN18,n,S,,35.9999994259397,,,14.9599994614391,15.5199995077737,15.5100003951247,15.4900003934699,15.4199994994997,15.4399995011545,15.3100003785767,15.4700003918151,14.6200003214858,15.4500003901603,15.4799995044641,,15.2300003719574,15.3100003785767,15.279999487916
2,24414890,A244_T_EN_R:T_EDGE_HI_VCCY_1.9500[1]/PIN3,n,S,,48.0000004188241,,,17.7500005804632,18.4599997510304,18.4599997510304,18.4599997510304,18.4599997510304,18.4500006383814,18.1799997278631,18.4700006400362,17.3999996633256,18.4199997477208,18.4599997510304,,18.1599997262083,18.2700006234882,18.2100006185237
2,24414890,A244_T_EN_R:T_EDGE_HI_VCCY_1.9500[1]/PIN5,n,S,,48.0000004188241,,,17.870000590392,18.6399997659237,18.5700006483103,18.6199997642689,18.5300006450007,18.6300006532747,18.3300006284526,18.6799997692333,17.5599996765641,18.5799997609593,18.5700006483103,,18.3199997394468,18.4300006367266,18.3100006267978
2,24414890,A244_T_EN_R:T_EDGE_HI_VCCY_1.9500[1]/PIN7,n,S,,48.0000004188241,,,19.0700006896805,20.1999998949987,20.0999998867246,20.3100007922785,20.1900007823497,20.2999999032727,19.8199998635573,20.3500007955881,18.5300006450007,20.1100007757304,20.2500007873141,,19.8700007558728,19.9100007591824,19.8799998685217
2,24414890,A244_T_EN_R:T_EDGE_HI_VCCY_1.9500[1]/PIN9,n,S,,48.0000004188241,,,18.8900006747872,19.9799998767958,19.8300007525631,19.9199998718314,19.959999875141,19.959999875141,19.6599998503189,19.9999998784506,18.4500006383814,19.8399998652121,19.9700007641468,,19.5900007327054,19.639999848664,19.5199998387352
2,24414890,A244_T_EN_R:T_EDGE_HI_VCCY_1.9500[1]/PIN12,n,S,,48.0000004188241,,,19.1799998106035,20.3700007972429,20.3100007922785,20.3599999082371,20.3399999065823,20.2700007889689,19.9199998718314,20.4599999165112,18.6500006549295,20.2399998983083,20.2700007889689,,19.8799998685217,20.0100007674564,19.8399998652121
2,24414890,A244_T_EN_R:T_EDGE_HI_VCCY_1.9500[1]/PIN14,n,S,,48.0000004188241,,,17.7500005804632,18.6100006516199,18.5199997559948,18.5700006483103,18.4399997493756,18.49999975434,18.2100006185237,18.4700006400362,17.4199996649804,18.4799997526852,18.5500006466555,,18.1700006152141,18.2599997344823,18.2500006218334
2,24414890,A244_T_EN_R:T_EDGE_HI_VCCY_1.9500[1]/PIN16,n,S,,48.0000004188241,,,17.6399996831833,18.399999746066,18.4100006350718,18.3500006301074,18.290000625143,18.3300006284526,18.1100006102497,18.3799997444112,17.3900005506766,18.390000633417,18.3700006317622,,18.0599997179343,18.2199997311727,18.1100006102497
2,24414890,A244_T_EN_R:T_EDGE_HI_VCCY_1.9500[1]/PIN18,n,S,,48.0000004188241,,,17.6599996848381,18.4500006383814,18.4399997493756,18.399999746066,18.3100006267978,18.3599997427564,18.1599997262083,18.3799997444112,17.2799996533968,18.3799997444112,18.3599997427564,,18.0999997212439,18.1799997278631,18.0900006085949
2,24414970,A244_T_EN_R:T_EDGE_LO_VCCY_1.9500[1]/PIN3,n,S,,48.0000004188241,,,18.1100006102497,18.8900006747872,18.8599997841266,18.8199997808169,18.8300006698228,18.8300006698228,18.5300006450007,18.8300006698228,17.6700005738439,18.7900006665132,18.7999997791621,,18.5199997559948,18.6199997642689,18.5799997609593
2,24414970,A244_T_EN_R:T_EDGE_LO_VCCY_1.9500[1]/PIN5,n,S,,48.0000004188241,,,18.2399997328275,19.0300006863708,18.9900006830612,18.9999997957102,18.910000676442,18.9700006814064,18.6799997692333,19.010000684716,17.879999703041,18.9399997907458,18.9300006780968,,18.6599997675785,18.7300006615487,18.6799997692333
2,24414970,A244_T_EN_R:T_EDGE_LO_VCCY_1.9500[1]/PIN7,n,S,,48.0000004188241,,,19.3500007128478,20.1900007823497,20.1399998900342,20.2599998999631,20.1500007790401,20.2199998966535,19.9100007591824,20.2700007889689,18.6799997692333,20.1199998883794,20.159999891689,,19.8599998668669,19.8799998685217,19.9199998718314
2,24414970,A244_T_EN_R:T_EDGE_LO_VCCY_1.9500[1]/PIN9,n,S,,48.0000004188241,,,19.0799998023294,20.0300007691112,19.9399998734862,19.9700007641468,19.959999875141,19.9700007641468,19.6599998503189,19.9799998767958,18.5900006499651,19.8199998635573,19.9900007658016,,19.6100007343603,19.6599998503189,19.6100007343603
2,24414970,A244_T_EN_R:T_EDGE_LO_VCCY_1.9500[1]/PIN12,n,S,,48.0000004188241,,,19.5599998420448,20.6199999297496,20.5999999280948,20.5900008154458,20.5199999214756,20.4999999198208,20.1300007773852,20.6100008171006,18.9900006830612,20.4100008005526,20.4599999165112,,20.0300007691112,20.2399998983083,20.1100007757304
2,24414970,A244_T_EN_R:T_EDGE_LO_VCCY_1.9500[1]/PIN14,n,S,,48.0000004188241,,,18.2399997328275,19.1500006962997,19.0700006896805,19.0700006896805,18.9500006797516,18.9999997957102,18.6900006582391,18.9599997924006,17.779999694767,18.9599997924006,18.9999997957102,,18.6500006549295,18.7399997741977,18.7300006615487
2,24414970,A244_T_EN_R:T_EDGE_LO_VCCY_1.9500[1]/PIN16,n,S,,48.0000004188241,,,18.1100006102497,18.910000676442,18.8999997874362,18.810000668168,18.7700006648583,18.7900006665132,18.5599997593044,18.8399997824718,17.7599996931121,18.8199997808169,18.7700006648583,,18.49999975434,18.6199997642689,18.5599997593044
2,24414970,A244_T_EN_R:T_EDGE_LO_VCCY_1.9500[1]/PIN18,n,S,,48.0000004188241,,,18.1399997245535,18.919999789091,18.9300006780968,18.8900006747872,18.7900006665132,18.810000668168,18.6300006532747,18.810000668168,17.7100005771536,18.8300006698228,18.7799997775073,,18.5399997576496,18.6399997659237,18.5399997576496
2,24414900,A244_T_EN_R:T_EDGE_HI_VCCY_1.6500[1]/PIN3,n,S,,48.0000004188241,,,24.4899993617764,27.3200004841101,27.2600004791457,27.1899995851754,27.0499995735918,27.120000467562,26.2299995057447,27.3000004824553,24.4800002491274,27.3699996000687,26.9000004493591,,26.6200004261918,27.0000004576332,26.2699995090543
2,24414900,A244_T_EN_R:T_EDGE_HI_VCCY_1.6500[1]/PIN5,n,S,,48.0000004188241,,,24.6800002656755,27.2600004791457,27.120000467562,27.2000004741813,26.9200004510139,27.129999580211,26.1499994991254,27.3699996000687,24.9099993965274,27.3600004874197,26.8499995570437,,26.5400004195726,27.1099995785562,26.080000381512
2,24414900,A244_T_EN_R:T_EDGE_HI_VCCY_1.6500[1]/PIN7,n,S,,48.0000004188241,,,25.7400003533803,27.8400005271351,27.6099996199264,27.7099996282004,27.549999614962,27.7200005172062,26.9600004543236,27.7899996348197,25.3499994329331,27.8000005238255,27.5600005039678,,27.2600004791457,27.6000005072774,27.020000459288
2,24414900,A244_T_EN_R:T_EDGE_HI_VCCY_1.6500[1]/PIN9,n,S,,48.0000004188241,,,25.6400003451063,27.6800005138966,27.5099996116523,27.540000502313,27.4299996050331,27.5200005006582,26.8299995553889,27.5299996133072,25.1800003070457,27.649999623236,27.3299995967591,,27.1000004659072,27.2600004791457,26.8000004410851
2,24414900,A244_T_EN_R:T_EDGE_HI_VCCY_1.6500[1]/PIN12,n,S,,48.0000004188241,,,25.989999485887,28.0099996530225,27.8600005287899,27.9800005387187,27.8400005271351,27.8400005271351,27.120000467562,28.0000005403735,25.6000003417967,27.9899996513677,27.7000005155514,,27.4099996033783,27.6200005089322,27.2000004741813
2,24414900,A244_T_EN_R:T_EDGE_HI_VCCY_1.6500[1]/PIN14,n,S,,48.0000004188241,,,23.4000001597678,26.9499995653177,26.7600004377755,26.7299995471149,26.3099995123639,26.6899995438052,25.8600003633092,26.8299995553889,23.5099992806909,26.9800004559784,26.6299995388408,,26.2800003980601,26.600000424537,25.8499994743033
2,24414900,A244_T_EN_R:T_EDGE_HI_VCCY_1.6500[1]/PIN16,n,S,,48.0000004188241,,,23.2200001448746,26.9200004510139,26.8800004477043,26.5600004212274,26.4800004146082,26.7600004377755,25.8600003633092,26.9000004493591,23.5499992840005,27.1400004692168,26.5600004212274,,26.1200003848217,26.8400004443947,25.7000003500707
2,24414900,A244_T_EN_R:T_EDGE_HI_VCCY_1.6500[1]/PIN18,n,S,,48.0000004188241,,,23.4800001663871,27.029999571937,26.9899995686274,26.7600004377755,26.5800004228822,26.7499995487697,25.7299994643745,26.9400004526688,23.2699992608332,27.0699995752466,26.5400004195726,,26.089999494161,26.609999537186,25.3000003169745
2,24414980,A244_T_EN_R:T_EDGE_LO_VCCY_1.6500[1]/PIN3,n,S,,48.0000004188241,,,27.3899996017235,28.9899997341081,29.0499997390725,28.6299997043216,28.6000005900178,28.6000005900178,27.9099996447485,28.4499996894283,26.5800004228822,28.8499997225244,28.2200005585764,,28.1099996612966,28.3299996794995,28.1800005552668
2,24414980,A244_T_EN_R:T_EDGE_LO_VCCY_1.6500[1]/PIN5,n,S,,48.0000004188241,,,27.5200005006582,29.2800006462812,29.2699997572754,29.0099997357629,28.78999971756,28.8800006131851,28.269999674535,28.7600006032562,26.9099995620081,29.1400006346976,28.5499996977023,,28.3800005718149,28.6200005916726,28.3299996794995
2,24414980,A244_T_EN_R:T_EDGE_LO_VCCY_1.6500[1]/PIN7,n,S,,48.0000004188241,,,27.7200005172062,29.6099997854071,29.6000006727581,29.3899997672042,29.1099997440369,29.2600006446264,28.7099997109408,29.209999752311,26.8600004460495,29.4400006595197,28.9299997291437,,28.7400006016014,28.9499997307985,28.7000005982918
2,24414980,A244_T_EN_R:T_EDGE_LO_VCCY_1.6500[1]/PIN9,n,S,,48.0000004188241,,,27.6600005122418,29.4400006595197,29.4200006578649,29.2299997539658,29.1099997440369,29.0000006231139,28.4499996894283,28.9699997324533,26.7400004361207,29.1499997473466,28.7499997142504,,28.6699997076312,28.7499997142504,28.580000588363
2,24414980,A244_T_EN_R:T_EDGE_LO_VCCY_1.6500[1]/PIN12,n,S,,48.0000004188241,,,28.3400005685053,30.3999989625936,30.4600007439149,30.0099998185033,29.8499998052648,29.820000690961,29.1699997490014,29.7899998003004,27.3499995984139,30.0700015998245,29.4600006611745,,29.2600006446264,29.7099997936812,29.1600006363524
2,24414980,A244_T_EN_R:T_EDGE_LO_VCCY_1.6500[1]/PIN14,n,S,,48.0000004188241,,,27.6200005089322,29.4800006628293,29.4899997754783,29.209999752311,28.9699997324533,29.0499997390725,28.4000005734697,28.8899997258341,26.8099995537341,29.2299997539658,28.7099997109408,,28.5400005850533,28.7400006016014,28.5099996943927
2,24414980,A244_T_EN_R:T_EDGE_LO_VCCY_1.6500[1]/PIN16,n,S,,48.0000004188241,,,27.4699996083427,29.4000006562101,29.2499997556206,28.9699997324533,28.7600006032562,28.7299997125956,28.3200005668505,28.7600006032562,26.7899995520793,29.2600006446264,28.6099997026668,,28.4099996861187,28.5400005850533,28.4099996861187
2,24414980,A244_T_EN_R:T_EDGE_LO_VCCY_1.6500[1]/PIN18,n,S,,48.0000004188241,,,27.4099996033783,29.4499997721687,29.4899997754783,29.1499997473466,29.0200006247687,28.9699997324533,28.4000005734697,28.8000006065658,26.6499995404956,29.4699997738235,28.5400005850533,,28.4299996877735,28.7400006016014,28.3699996828091
2,24419778,A244_T_EN_R:T_EDGE_HI_VCCY_1.4000[1]/PIN3,n,S,,61.9999980244756,,,36.8100003811378,42.9700008908185,43.0800000117415,42.8600017698955,42.7599999852646,42.290000834555,38.9000014422436,43.0599982337299,36.38999857003,43.6100009437723,41.4699989903511,,41.2600016375109,42.829999102878,38.860001438934
2,24419778,A244_T_EN_R:T_EDGE_HI_VCCY_1.4000[1]/PIN5,n,S,,61.9999980244756,,,36.6799994822031,43.979998309851,43.6400000580761,43.6999982866837,43.1899991326645,43.5499991624511,38.8200014356244,44.3200001143396,36.4299985733396,44.7600001507453,42.7700008742704,,42.4500008477935,44.3099992253337,38.7000014256955
2,24419778,A244_T_EN_R:T_EDGE_HI_VCCY_1.4000[1]/PIN7,n,S,,61.9999980244756,,,36.6500003678993,47.3899994801741,46.97000122178,47.0900012317088,46.4999985183567,47.3700012548761,38.8900005532378,47.6100012747338,36.2200012204994,47.7200003956568,46.3600002831299,,46.3200002798203,47.4599985977875,38.8200014356244
2,24419778,A244_T_EN_R:T_EDGE_HI_VCCY_1.4000[1]/PIN9,n,S,,61.9999980244756,,,36.8399994954416,47.2400003559414,46.8500012118511,46.6800003096068,46.3899993974337,46.9899994470779,39.0699987917742,46.8100012085415,36.2399994457974,47.4100012581857,46.0199984786414,,46.259998498499,46.8000003195357,39.2799996973281
2,24419778,A244_T_EN_R:T_EDGE_HI_VCCY_1.4000[1]/PIN12,n,S,,61.9999980244756,,,37.1999995252281,47.9899995298183,47.8000004022761,47.9600004155145,47.8100012912819,47.6199986110259,42.0299990366857,48.0999986507413,36.7199994855127,48.0000004188241,47.2299994669356,,46.97000122178,47.5600003824184,45.1200001805319
2,24419778,A244_T_EN_R:T_EDGE_HI_VCCY_1.4000[1]/PIN14,n,S,,61.9999980244756,,,36.3599994557262,43.4500009305339,42.829999102878,42.1300008213166,40.4900006856224,43.1499991293549,39.189998801703,43.4100009272242,36.0200012039513,44.2599983330183,42.3599999521684,,41.7300007882204,43.4199982635164,39.2799996973281
2,24419778,A244_T_EN_R:T_EDGE_HI_VCCY_1.4000[1]/PIN16,n,S,,61.9999980244756,,,36.6299985898877,43.440000041528,43.4199982635164,42.2799999455492,42.7499990962588,42.9899991161165,39.599999723805,43.7099991756895,36.2699985601012,44.4500010132742,42.2200017169416,,41.6399998925954,43.8999983032318,39.3000014753397
2,24419778,A244_T_EN_R:T_EDGE_HI_VCCY_1.4000[1]/PIN18,n,S,,61.9999980244756,,,36.3800012337379,42.5099990764011,42.2799999455492,42.0200017003935,41.6399998925954,42.1499990466145,38.7300005399993,42.5899990830203,35.9000011940225,43.4199982635164,41.2900007518147,,40.5800015812474,41.8399999091434,38.5700005267609
2,24419780,A244_T_EN_R:T_EDGE_LO_VCCY_1.4000[1]/PIN3,n,S,,61.9999980244756,,,47.080000342703,48.9399987202432,48.9300013839511,48.7899995960106,48.840000488326,48.7099995893914,47.9399986375029,48.5099995728433,46.4000002864395,48.9700013872607,48.1700013210684,,48.4500013442357,48.6500013607838,48.229999549676
2,24419780,A244_T_EN_R:T_EDGE_LO_VCCY_1.4000[1]/PIN5,n,S,,61.9999980244756,,,47.4500012614953,49.4199987599586,49.4000005346606,49.4199987599586,49.1399987367913,49.2599987467202,48.6199986937663,49.1200005114933,46.9600003327741,49.5200005445895,48.6500013607838,,49.0000005015645,49.0699996191779,48.6599986970759
2,24419780,A244_T_EN_R:T_EDGE_LO_VCCY_1.4000[1]/PIN7,n,S,,61.9999980244756,,,49.0100013905703,50.939998885724,50.8500015428126,51.0199988923432,50.7899997614913,50.8500015428126,50.290001496478,50.8800006571164,47.9899995298183,50.9799988890336,50.419998842699,,50.5899997449433,50.5799988559374,50.3200006107818
2,24419780,A244_T_EN_R:T_EDGE_LO_VCCY_1.4000[1]/PIN9,n,S,,61.9999980244756,,,48.4999986838375,50.6000006339491,50.4900015130261,50.5499997416337,50.419998842699,50.3600006140914,49.770001453453,50.2699997184664,47.709999506651,50.4299997317048,49.9600005809953,,50.1399988195317,50.1899997118471,49.7200005611376
2,24419780,A244_T_EN_R:T_EDGE_LO_VCCY_1.4000[1]/PIN12,n,S,,61.9999980244756,,,49.2900014137376,51.5099998210644,51.5200007100702,51.3399989188201,51.2599989122009,51.0999988989624,50.4599988460086,51.2100015725991,48.3799986739086,51.3099998045163,50.6400006372587,,50.7099997548721,51.0199988923432,50.400000617401
2,24419780,A244_T_EN_R:T_EDGE_LO_VCCY_1.4000[1]/PIN14,n,S,,61.9999980244756,,,47.7499995099606,49.9600005809953,49.880000574376,49.8699996853702,49.5300014335953,49.5200005445895,48.8900013806415,49.2900014137376,46.9499994437683,49.7600005644472,49.0599987301721,,49.2800005247318,49.3300014170472,49.0400005048741
2,24419780,A244_T_EN_R:T_EDGE_LO_VCCY_1.4000[1]/PIN16,n,S,,61.9999980244756,,,47.2100012416377,49.4299996489644,49.3099996390356,49.0900013971896,48.9200004949453,48.840000488326,48.3600004486107,48.8199987103144,46.7300012019223,49.3399987533394,48.5300013508549,,48.6599986970759,48.8999987169336,48.4299995662241
2,24419780,A244_T_EN_R:T_EDGE_LO_VCCY_1.4000[1]/PIN18,n,S,,61.9999980244756,,,47.3099994735549,49.4299996489644,49.4999987665778,49.3099996390356,49.0999987334817,49.0800005081837,48.5700013541646,48.7899995960106,46.5499994106722,49.5300014335953,48.4900013475453,,48.7799987070048,48.9899996125587,48.3799986739086
2,24414990,A244_T_DIS_R:T_EDGE_HI_VCCY_5.5000[1]/PIN12,n,S,,19.9999998784506,,,9.52999990033732,9.97999993757048,9.95999993591568,10.0699999450171,10.0599999441897,10.0999999474993,9.92999993343346,10.1299999499815,9.18999987220559,9.87999992929645,10.189999954946,,9.84999992681423,9.79999992267722,9.92999993343346
2,24414990,A244_T_DIS_R:T_EDGE_HI_VCCY_5.5000[1]/PIN14,n,S,,19.9999998784506,,,8.29999979856666,8.55999982007916,8.52999981759694,8.54999981925175,8.53999981842435,8.55999982007916,8.49999981511473,8.59999982338877,8.08999978119118,8.48999981428733,8.65999982835319,,8.43999981015031,8.45999981180512,8.49999981511473
2,24414990,A244_T_DIS_R:T_EDGE_HI_VCCY_5.5000[1]/PIN16,n,S,,19.9999998784506,,,8.34999980270368,8.55999982007916,8.56999982090656,8.57999982173396,8.57999982173396,8.61999982504358,8.50999981594214,8.61999982504358,8.11999978367339,8.52999981759694,8.65999982835319,,8.42999980932291,8.45999981180512,8.55999982007916
2,24414990,A244_T_DIS_R:T_EDGE_HI_VCCY_5.5000[1]/PIN18,n,S,,19.9999998784506,,,8.35999980353108,8.61999982504358,8.55999982007916,8.63999982669839,8.62999982587098,8.63999982669839,8.55999982007916,8.6699998291806,8.15999978698301,8.52999981759694,8.70999983249021,,8.46999981263252,8.47999981345993,8.55999982007916
2,24414990,A244_T_DIS_R:T_EDGE_HI_VCCY_5.5000[1]/PIN3,n,S,,19.9999998784506,,,8.25999979525704,8.46999981263252,8.44999981097772,8.51999981676954,8.52999981759694,8.55999982007916,8.43999981015031,8.56999982090656,8.02999977622676,8.42999980932291,8.60999982421617,,8.33999980187627,8.37999980518589,8.43999981015031
2,24414990,A244_T_DIS_R:T_EDGE_HI_VCCY_5.5000[1]/PIN5,n,S,,19.9999998784506,,,8.1399997853282,8.37999980518589,8.36999980435849,8.3999998068407,8.4099998076681,8.3999998068407,8.36999980435849,8.42999980932291,7.90999976629791,8.34999980270368,8.49999981511473,,8.25999979525704,8.29999979856666,8.32999980104887
2,24414990,A244_T_DIS_R:T_EDGE_HI_VCCY_5.5000[1]/PIN7,n,S,,19.9999998784506,,,9.41999989123588,9.86999992846904,9.85999992764164,9.97999993757048,10.0099999400527,10.0099999400527,9.80999992350462,10.0599999441897,9.04999986062194,9.78999992184981,10.1299999499815,,9.7599999193676,9.7599999193676,9.85999992764164
2,24414990,A244_T_DIS_R:T_EDGE_HI_VCCY_5.5000[1]/PIN9,n,S,,19.9999998784506,,,8.73999983497242,9.11999986641376,9.09999986475896,9.17999987137819,9.2199998746878,9.19999987303299,9.04999986062194,9.26999987882482,8.46999981263252,9.02999985896713,9.32999988378924,,8.99999985648492,8.98999985565752,9.07999986310415
2,24415070,A244_T_DIS_R:T_EDGE_LO_VCCY_5.5000[1]/PIN12,n,S,,19.9999998784506,,,9.64999991026616,10.0999999474993,10.0799999458445,10.1999999557734,10.2099999566008,10.239999959083,10.0599999441897,10.2599999607378,9.28999988047963,10.0099999400527,10.3199999657022,,9.96999993674308,9.92999993343346,10.0499999433623
2,24415070,A244_T_DIS_R:T_EDGE_LO_VCCY_5.5000[1]/PIN14,n,S,,19.9999998784506,,,8.32999980104887,8.56999982090656,8.53999981842435,8.55999982007916,8.53999981842435,8.56999982090656,8.49999981511473,8.62999982587098,8.11999978367339,8.51999981676954,8.65999982835319,,8.44999981097772,8.45999981180512,8.51999981676954
2,24415070,A244_T_DIS_R:T_EDGE_LO_VCCY_5.5000[1]/PIN16,n,S,,19.9999998784506,,,8.31999980022147,8.51999981676954,8.52999981759694,8.53999981842435,8.53999981842435,8.58999982256137,8.46999981263252,8.56999982090656,8.06999977953637,8.48999981428733,8.61999982504358,,8.38999980601329,8.4199998084955,8.51999981676954
2,24415070,A244_T_DIS_R:T_EDGE_LO_VCCY_5.5000[1]/PIN18,n,S,,19.9999998784506,,,8.27999979691185,8.52999981759694,8.46999981263252,8.54999981925175,8.54999981925175,8.55999982007916,8.48999981428733,8.58999982256137,8.05999977870897,8.43999981015031,8.63999982669839,,8.37999980518589,8.37999980518589,8.46999981263252
2,24415070,A244_T_DIS_R:T_EDGE_LO_VCCY_5.5000[1]/PIN3,n,S,,19.9999998784506,,,8.30999979939406,8.50999981594214,8.49999981511473,8.57999982173396,8.58999982256137,8.61999982504358,8.49999981511473,8.61999982504358,8.07999978036378,8.47999981345993,8.65999982835319,,8.38999980601329,8.42999980932291,8.48999981428733
2,24415070,A244_T_DIS_R:T_EDGE_LO_VCCY_5.5000[1]/PIN5,n,S,,19.9999998784506,,,8.20999979112003,8.45999981180512,8.44999981097772,8.47999981345993,8.48999981428733,8.46999981263252,8.44999981097772,8.50999981594214,7.97999977208974,8.43999981015031,8.57999982173396,,8.32999980104887,8.38999980601329,8.4099998076681
2,24415070,A244_T_DIS_R:T_EDGE_LO_VCCY_5.5000[1]/PIN7,n,S,,19.9999998784506,,,9.61999990778395,10.0799999458445,10.0499999433623,10.1799999541186,10.2299999582556,10.2199999574282,10.0099999400527,10.2699999615652,9.24999987717001,9.97999993757048,10.3499999681844,,9.95999993591568,9.95999993591568,10.0699999450171
2,24415070,A244_T_DIS_R:T_EDGE_LO_VCCY_5.5000[1]/PIN9,n,S,,19.9999998784506,,,9.11999986641376,9.4899998970277,9.45999989454549,9.54999990199212,9.58999990530174,9.57999990447433,9.41999989123588,9.62999990861135,8.82999984241906,9.39999988958107,9.69999991440318,,9.35999988627145,9.34999988544405,9.44999989371809
2,24415000,A244_T_DIS_R:T_EDGE_HI_VCCY_4.5000[1]/PIN12,n,S,,19.9999998784506,,,9.87999992929645,10.3699999698392,10.3499999681844,10.4599999772859,10.4599999772859,10.4999999805955,10.3099999648748,10.5199999822503,9.53999990116472,10.2699999615652,10.5799999872147,,10.2199999574282,10.1699999532912,10.2999999640474
2,24415000,A244_T_DIS_R:T_EDGE_HI_VCCY_4.5000[1]/PIN14,n,S,,19.9999998784506,,,8.71999983331762,8.98999985565752,8.9599998531753,8.97999985483011,8.96999985400271,8.98999985565752,8.91999984986569,9.03999985979453,8.49999981511473,8.92999985069309,9.07999986310415,,8.86999984572867,8.87999984655607,8.92999985069309
2,24415000,A244_T_DIS_R:T_EDGE_HI_VCCY_4.5000[1]/PIN16,n,S,,19.9999998784506,,,8.73999983497242,8.98999985565752,8.98999985565752,8.99999985648492,8.99999985648492,9.02999985896713,8.91999984986569,9.02999985896713,8.49999981511473,8.9499998523479,9.06999986227675,,8.83999984324646,8.86999984572867,8.9599998531753
2,24415000,A244_T_DIS_R:T_EDGE_HI_VCCY_4.5000[1]/PIN18,n,S,,19.9999998784506,,,8.75999983662723,9.03999985979453,8.97999985483011,9.03999985979453,9.04999986062194,9.04999986062194,8.9599998531753,9.08999986393155,8.53999981842435,8.9399998515205,9.11999986641376,,8.85999984490127,8.87999984655607,8.9499998523479
2,24415000,A244_T_DIS_R:T_EDGE_HI_VCCY_4.5000[1]/PIN3,n,S,,19.9999998784506,,,8.62999982587098,8.86999984572867,8.83999984324646,8.90999984903829,8.90999984903829,8.9499998523479,8.81999984159165,8.9499998523479,8.38999980601329,8.81999984159165,8.98999985565752,,8.71999983331762,8.75999983662723,8.81999984159165
2,24415000,A244_T_DIS_R:T_EDGE_HI_VCCY_4.5000[1]/PIN5,n,S,,19.9999998784506,,,8.50999981594214,8.76999983745463,8.76999983745463,8.78999983910944,8.79999983993685,8.78999983910944,8.74999983579983,8.80999984076425,8.27999979691185,8.74999983579983,8.88999984738348,,8.63999982669839,8.679999830008,8.71999983331762
2,24415000,A244_T_DIS_R:T_EDGE_HI_VCCY_4.5000[1]/PIN7,n,S,,19.9999998784506,,,9.72999991688539,10.2099999566008,10.1999999557734,10.3199999657022,10.3599999690118,10.3599999690118,10.1299999499815,10.4099999731488,9.36999988709886,10.1199999491541,10.4899999797681,,10.0899999466719,10.0899999466719,10.1999999557734
2,24415000,A244_T_DIS_R:T_EDGE_HI_VCCY_4.5000[1]/PIN9,n,S,,19.9999998784506,,,9.17999987137819,9.57999990447433,9.55999990281953,9.63999990943876,9.67999991274837,9.65999991109356,9.4899998970277,9.70999991523058,8.88999984738348,9.4799998962003,9.77999992102241,,9.42999989206328,9.43999989289068,9.51999989950991
2,24415080,A244_T_DIS_R:T_EDGE_LO_VCCY_4.5000[1]/PIN12,n,S,,19.9999998784506,,,9.96999993674308,10.4399999756311,10.4399999756311,10.5499999847325,10.5499999847325,10.5799999872147,10.389999971494,10.6099999896969,9.58999990530174,10.3499999681844,10.6699999946613,,10.3099999648748,10.2499999599104,10.3699999698392
2,24415080,A244_T_DIS_R:T_EDGE_LO_VCCY_4.5000[1]/PIN14,n,S,,19.9999998784506,,,8.69999983166281,8.96999985400271,8.9399998515205,8.9499998523479,8.9399998515205,8.9499998523479,8.88999984738348,9.02999985896713,8.47999981345993,8.91999984986569,9.04999986062194,,8.82999984241906,8.84999984407386,8.90999984903829
2,24415080,A244_T_DIS_R:T_EDGE_LO_VCCY_4.5000[1]/PIN16,n,S,,19.9999998784506,,,8.69999983166281,8.9499998523479,8.9399998515205,8.9499998523479,8.9499998523479,8.98999985565752,8.85999984490127,8.97999985483011,8.43999981015031,8.88999984738348,9.01999985813973,,8.77999983828204,8.80999984076425,8.90999984903829
2,24415080,A244_T_DIS_R:T_EDGE_LO_VCCY_4.5000[1]/PIN18,n,S,,19.9999998784506,,,8.6699998291806,8.9599998531753,8.87999984655607,8.9599998531753,8.9599998531753,8.96999985400271,8.88999984738348,8.99999985648492,8.43999981015031,8.84999984407386,9.04999986062194,,8.77999983828204,8.76999983745463,8.86999984572867
2,24415080,A244_T_DIS_R:T_EDGE_LO_VCCY_4.5000[1]/PIN3,n,S,,19.9999998784506,,,8.6699998291806,8.87999984655607,8.87999984655607,8.9599998531753,8.9499998523479,8.98999985565752,8.86999984572867,8.98999985565752,8.4199998084955,8.84999984407386,9.01999985813973,,8.73999983497242,8.78999983910944,8.84999984407386
2,24415080,A244_T_DIS_R:T_EDGE_LO_VCCY_4.5000[1]/PIN5,n,S,,19.9999998784506,,,8.55999982007916,8.82999984241906,8.81999984159165,8.84999984407386,8.85999984490127,8.82999984241906,8.80999984076425,8.87999984655607,8.32999980104887,8.80999984076425,8.9399998515205,,8.679999830008,8.74999983579983,8.75999983662723
2,24415080,A244_T_DIS_R:T_EDGE_LO_VCCY_4.5000[1]/PIN7,n,S,,19.9999998784506,,,9.88999993012385,10.3699999698392,10.3499999681844,10.4699999781133,10.5199999822503,10.5199999822503,10.2999999640474,10.5699999863873,9.52999990033732,10.2799999623926,10.6499999930065,,10.239999959083,10.239999959083,10.3599999690118
2,24415080,A244_T_DIS_R:T_EDGE_LO_VCCY_4.5000[1]/PIN9,n,S,,19.9999998784506,,,9.43999989289068,9.83999992598683,9.80999992350462,9.89999993095125,9.93999993426087,9.93999993426087,9.7499999185402,9.96999993674308,9.12999986724117,9.71999991605799,10.0499999433623,,9.67999991274837,9.66999991192097,9.77999992102241
2,24415010,A244_T_DIS_R:T_EDGE_HI_VCCY_3.6000[1]/PIN12,n,S,,29.9999989294975,,,10.5899999880421,11.1100000310671,11.1000000302397,11.2000000385137,11.1900000376863,11.2500000426508,11.0200000236205,11.2500000426508,10.1999999557734,11.0100000227931,11.3100000476152,,10.9400000170012,10.8900000128642,11.0100000227931
2,24415010,A244_T_DIS_R:T_EDGE_HI_VCCY_3.6000[1]/PIN14,n,S,,29.9999989294975,,,9.46999989537289,9.769999920195,9.7499999185402,9.7499999185402,9.73999991771279,9.769999920195,9.68999991357578,9.81999992433202,9.2299998755152,9.70999991523058,9.85999992764164,,9.62999990861135,9.63999990943876,9.67999991274837
2,24415010,A244_T_DIS_R:T_EDGE_HI_VCCY_3.6000[1]/PIN16,n,S,,29.9999989294975,,,9.4999998978551,9.78999992184981,9.77999992102241,9.78999992184981,9.77999992102241,9.82999992515943,9.68999991357578,9.80999992350462,9.23999987634261,9.72999991688539,9.85999992764164,,9.59999990612914,9.62999990861135,9.71999991605799
2,24415010,A244_T_DIS_R:T_EDGE_HI_VCCY_3.6000[1]/PIN18,n,S,,29.9999989294975,,,9.50999989868251,9.82999992515943,9.7599999193676,9.81999992433202,9.81999992433202,9.83999992598683,9.72999991688539,9.85999992764164,9.27999987965222,9.71999991605799,9.88999993012385,,9.61999990778395,9.62999990861135,9.71999991605799
2,24415010,A244_T_DIS_R:T_EDGE_HI_VCCY_3.6000[1]/PIN3,n,S,,29.9999989294975,,,9.36999988709886,9.63999990943876,9.60999990695655,9.67999991274837,9.66999991192097,9.71999991605799,9.57999990447433,9.71999991605799,9.10999986558636,9.58999990530174,9.7599999193676,,9.45999989454549,9.50999989868251,9.55999990281953
2,24415010,A244_T_DIS_R:T_EDGE_HI_VCCY_3.6000[1]/PIN5,n,S,,29.9999989294975,,,9.23999987634261,9.54999990199212,9.54999990199212,9.55999990281953,9.56999990364693,9.55999990281953,9.50999989868251,9.57999990447433,8.98999985565752,9.50999989868251,9.65999991109356,,9.37999988792626,9.43999989289068,9.46999989537289
2,24415010,A244_T_DIS_R:T_EDGE_HI_VCCY_3.6000[1]/PIN7,n,S,,29.9999989294975,,,10.3999999723214,10.9200000153464,10.9200000153464,11.0100000227931,11.0600000269301,11.0600000269301,10.810000006245,11.1000000302397,10.0299999417075,10.8300000078998,11.1800000368589,,10.7700000029354,10.7700000029354,10.8700000112094
2,24415010,A244_T_DIS_R:T_EDGE_HI_VCCY_3.6000[1]/PIN9,n,S,,29.9999989294975,,,9.91999993260606,10.3599999690118,10.339999967357,10.4199999739762,10.4399999756311,10.4399999756311,10.239999959083,10.4799999789407,9.61999990778395,10.2499999599104,10.5499999847325,,10.1799999541186,10.1799999541186,10.2799999623926
2,24415090,A244_T_DIS_R:T_EDGE_LO_VCCY_3.6000[1]/PIN12,n,S,,29.9999989294975,,,10.6599999938339,11.1600000352041,11.1600000352041,11.2600000434782,11.2700000443056,11.3000000467878,11.0800000285849,11.3200000484426,10.2599999607378,11.0700000277575,11.380000053407,,11.0000000219657,10.9500000178286,11.0700000277575
2,24415090,A244_T_DIS_R:T_EDGE_LO_VCCY_3.6000[1]/PIN14,n,S,,29.9999989294975,,,9.45999989454549,9.7599999193676,9.73999991771279,9.72999991688539,9.71999991605799,9.73999991771279,9.65999991109356,9.81999992433202,9.2099998738604,9.69999991440318,9.82999992515943,,9.60999990695655,9.61999990778395,9.66999991192097
2,24415090,A244_T_DIS_R:T_EDGE_LO_VCCY_3.6000[1]/PIN16,n,S,,29.9999989294975,,,9.45999989454549,9.7499999185402,9.7499999185402,9.7599999193676,9.7499999185402,9.79999992267722,9.64999991026616,9.78999992184981,9.16999987055078,9.68999991357578,9.81999992433202,,9.55999990281953,9.58999990530174,9.68999991357578
2,24415090,A244_T_DIS_R:T_EDGE_LO_VCCY_3.6000[1]/PIN18,n,S,,29.9999989294975,,,9.43999989289068,9.7599999193676,9.67999991274837,9.7599999193676,9.7599999193676,9.78999992184981,9.67999991274837,9.80999992350462,9.17999987137819,9.65999991109356,9.84999992681423,,9.54999990199212,9.54999990199212,9.64999991026616
2,24415090,A244_T_DIS_R:T_EDGE_LO_VCCY_3.6000[1]/PIN3,n,S,,29.9999989294975,,,9.37999988792626,9.63999990943876,9.62999990861135,9.70999991523058,9.68999991357578,9.73999991771279,9.60999990695655,9.73999991771279,9.11999986641376,9.59999990612914,9.769999920195,,9.46999989537289,9.52999990033732,9.57999990447433
2,24415090,A244_T_DIS_R:T_EDGE_LO_VCCY_3.6000[1]/PIN5,n,S,,29.9999989294975,,,9.28999988047963,9.58999990530174,9.58999990530174,9.61999990778395,9.61999990778395,9.59999990612914,9.54999990199212,9.62999990861135,9.01999985813973,9.55999990281953,9.69999991440318,,9.41999989123588,9.4799998962003,9.50999989868251
2,24415090,A244_T_DIS_R:T_EDGE_LO_VCCY_3.6000[1]/PIN7,n,S,,29.9999989294975,,,10.5299999830777,11.0400000252753,11.0400000252753,11.1300000327219,11.1800000368589,11.1800000368589,10.9400000170012,11.2400000418234,10.1699999532912,10.9400000170012,11.3200000484426,,10.8900000128642,10.9000000136916,11.0000000219657
2,24415090,A244_T_DIS_R:T_EDGE_LO_VCCY_3.6000[1]/PIN9,n,S,,29.9999989294975,,,10.1199999491541,10.5599999855599,10.5299999830777,10.6099999896969,10.6499999930065,10.6599999938339,10.4299999748036,10.6699999946613,9.78999992184981,10.4299999748036,10.7500000012806,,10.3699999698392,10.3499999681844,10.4699999781133
2,24415020,A244_T_DIS_R:T_EDGE_HI_VCCY_3.0000[1]/PIN12,n,S,,29.9999989294975,,,11.5300000658181,12.1000001129801,12.0900001121527,12.1700001187719,12.1800001195993,12.2300001237363,11.9700001022238,12.2200001229089,11.1100000310671,11.9900001038786,12.2900001287007,,11.8900000956046,11.8400000914676,11.9700001022238
2,24415020,A244_T_DIS_R:T_EDGE_HI_VCCY_3.0000[1]/PIN14,n,S,,29.9999989294975,,,10.4399999756311,10.7900000045902,10.760000002108,10.7500000012806,10.7500000012806,10.7800000037628,10.6699999946613,10.8300000078998,10.1599999524637,10.7199999987984,10.8500000095546,,10.5999999888695,10.6299999913517,10.6699999946613
2,24415020,A244_T_DIS_R:T_EDGE_HI_VCCY_3.0000[1]/PIN16,n,S,,29.9999989294975,,,10.4399999756311,10.7900000045902,10.7700000029354,10.7800000037628,10.7700000029354,10.8300000078998,10.6599999938339,10.8000000054176,10.1299999499815,10.7299999996258,10.8500000095546,,10.5699999863873,10.5999999888695,10.6999999971435
2,24415020,A244_T_DIS_R:T_EDGE_HI_VCCY_3.0000[1]/PIN18,n,S,,29.9999989294975,,,10.4399999756311,10.8200000070724,10.7500000012806,10.8000000054176,10.810000006245,10.8400000087272,10.6899999963161,10.8500000095546,10.1699999532912,10.709999997971,10.8800000120368,,10.5699999863873,10.5899999880421,10.6699999946613
2,24415020,A244_T_DIS_R:T_EDGE_HI_VCCY_3.0000[1]/PIN3,n,S,,29.9999989294975,,,10.2999999640474,10.6199999905243,10.5999999888695,10.6599999938339,10.6499999930065,10.6899999963161,10.5299999830777,10.6899999963161,9.99999993922529,10.5499999847325,10.7199999987984,,10.4099999731488,10.4699999781133,10.5099999814229
2,24415020,A244_T_DIS_R:T_EDGE_HI_VCCY_3.0000[1]/PIN5,n,S,,29.9999989294975,,,10.1799999541186,10.5499999847325,10.5399999839051,10.5599999855599,10.5599999855599,10.5599999855599,10.4799999789407,10.5599999855599,9.89999993095125,10.4999999805955,10.6399999921791,,10.3299999665296,10.3999999723214,10.4399999756311
2,24415020,A244_T_DIS_R:T_EDGE_HI_VCCY_3.0000[1]/PIN7,n,S,,29.9999989294975,,,11.3000000467878,11.8700000939498,11.8700000939498,11.950000100569,11.9900001038786,12.000000104706,11.7300000823661,12.0400001080156,10.9200000153464,11.7700000856757,12.1100001138075,,11.6800000782291,11.7000000798839,11.7900000873306
2,24415020,A244_T_DIS_R:T_EDGE_HI_VCCY_3.0000[1]/PIN9,n,S,,29.9999989294975,,,10.9000000136916,11.380000053407,11.3600000517522,11.430000057544,11.4600000600262,11.4700000608536,11.2300000409959,11.4700000608536,10.5499999847325,11.2600000434782,11.5500000674729,,11.1700000360315,11.1700000360315,11.2700000443056
2,24415100,A244_T_DIS_R:T_EDGE_LO_VCCY_3.0000[1]/PIN12,n,S,,29.9999989294975,,,11.5900000707825,12.1300001154623,12.1300001154623,12.2100001220815,12.2200001229089,12.2700001270459,12.0200001063608,12.2700001270459,11.1500000343767,12.0300001071882,12.3400001328378,,11.950000100569,11.8900000956046,12.0100001055334
2,24415100,A244_T_DIS_R:T_EDGE_LO_VCCY_3.0000[1]/PIN14,n,S,,29.9999989294975,,,10.4399999756311,10.7800000037628,10.7400000004532,10.7299999996258,10.7299999996258,10.7500000012806,10.6699999946613,10.8400000087272,10.1599999524637,10.709999997971,10.8300000078998,,10.5899999880421,10.6099999896969,10.6599999938339
2,24415100,A244_T_DIS_R:T_EDGE_LO_VCCY_3.0000[1]/PIN16,n,S,,29.9999989294975,,,10.4299999748036,10.760000002108,10.7400000004532,10.7500000012806,10.7500000012806,10.810000006245,10.6399999921791,10.7800000037628,10.1199999491541,10.6999999971435,10.810000006245,,10.5399999839051,10.5799999872147,10.6699999946613
2,24415100,A244_T_DIS_R:T_EDGE_LO_VCCY_3.0000[1]/PIN18,n,S,,29.9999989294975,,,10.4299999748036,10.7800000037628,10.6899999963161,10.760000002108,10.760000002108,10.8000000054176,10.6699999946613,10.8000000054176,10.1499999516363,10.6699999946613,10.8300000078998,,10.5399999839051,10.5499999847325,10.6499999930065
2,24415100,A244_T_DIS_R:T_EDGE_LO_VCCY_3.0000[1]/PIN3,n,S,,29.9999989294975,,,10.2999999640474,10.5999999888695,10.6099999896969,10.6799999954887,10.6499999930065,10.709999997971,10.5499999847325,10.6999999971435,10.0199999408801,10.5599999855599,10.7199999987984,,10.3999999723214,10.4699999781133,10.5099999814229
2,24415100,A244_T_DIS_R:T_EDGE_LO_VCCY_3.0000[1]/PIN5,n,S,,29.9999989294975,,,10.2299999582556,10.5799999872147,10.5799999872147,10.5999999888695,10.5999999888695,10.5899999880421,10.5199999822503,10.6099999896969,9.93999993426087,10.5499999847325,10.6899999963161,,10.3799999706666,10.4499999764585,10.4699999781133
2,24415100,A244_T_DIS_R:T_EDGE_LO_VCCY_3.0000[1]/PIN7,n,S,,29.9999989294975,,,11.4200000567166,11.9700001022238,11.9800001030512,12.0500001088431,12.1100001138075,12.1000001129801,11.850000092295,12.1500001171171,11.0400000252753,11.8800000947772,12.2400001245637,,11.7900000873306,11.8200000898128,11.900000096432
2,24415100,A244_T_DIS_R:T_EDGE_LO_VCCY_3.0000[1]/PIN9,n,S,,29.9999989294975,,,11.0500000261027,11.5200000649907,11.480000061681,11.5600000683003,11.6000000716099,11.6200000732647,11.3500000509248,11.6100000724373,10.6799999954887,11.3700000525796,11.6800000782291,,11.3100000476152,11.280000045133,11.4100000558892
2,24415030,A244_T_DIS_R:T_EDGE_HI_VCCY_2.7000[1]/PIN12,n,S,,35.9999994259397,,,12.2700001270459,12.890000178345,12.8700001766902,12.9600001841368,12.9600001841368,13.0200001891012,12.7500001667613,13.0200001891012,11.8400000914676,12.7900001700709,13.0700001932382,,12.6800001609695,12.6100001551777,12.7400001659339
2,24415030,A244_T_DIS_R:T_EDGE_HI_VCCY_2.7000[1]/PIN14,n,S,,35.9999994259397,,,11.2100000393411,11.6000000716099,11.5500000674729,11.5400000666455,11.5400000666455,11.5800000699551,11.4500000591988,11.6300000740921,10.910000014519,11.5200000649907,11.6400000749195,,11.380000053407,11.4100000558892,11.4500000591988
2,24415030,A244_T_DIS_R:T_EDGE_HI_VCCY_2.7000[1]/PIN16,n,S,,35.9999994259397,,,11.2100000393411,11.5800000699551,11.5600000683003,11.5800000699551,11.5500000674729,11.6100000724373,11.4400000583714,11.5900000707825,10.8700000112094,11.5100000641633,11.6200000732647,,11.3500000509248,11.3700000525796,11.4700000608536
2,24415030,A244_T_DIS_R:T_EDGE_HI_VCCY_2.7000[1]/PIN18,n,S,,35.9999994259397,,,11.2200000401685,11.6300000740921,11.5400000666455,11.6000000716099,11.6100000724373,11.6500000757469,11.4700000608536,11.6500000757469,10.9200000153464,11.5200000649907,11.6700000774017,,11.3600000517522,11.3700000525796,11.4600000600262
2,24415030,A244_T_DIS_R:T_EDGE_HI_VCCY_2.7000[1]/PIN3,n,S,,35.9999994259397,,,11.0700000277575,11.4100000558892,11.3900000542344,11.4400000583714,11.430000057544,11.480000061681,11.3100000476152,11.4700000608536,10.7400000004532,11.3400000500974,11.4900000625084,,11.1700000360315,11.2300000409959,11.280000045133
2,24415030,A244_T_DIS_R:T_EDGE_HI_VCCY_2.7000[1]/PIN5,n,S,,35.9999994259397,,,10.9500000178286,11.3600000517522,11.3600000517522,11.3600000517522,11.3700000525796,11.3700000525796,11.280000045133,11.3600000517522,10.6399999921791,11.3100000476152,11.430000057544,,11.1200000318945,11.2000000385137,11.2300000409959
2,24415030,A244_T_DIS_R:T_EDGE_HI_VCCY_2.7000[1]/PIN7,n,S,,35.9999994259397,,,12.0300001071882,12.6400001576599,12.6500001584873,12.7200001642791,12.7600001675887,12.7700001684161,12.470000143594,12.8000001708983,11.6300000740921,12.5300001485584,12.8800001775176,,12.420000139457,12.4500001419392,12.5400001493858
2,24415030,A244_T_DIS_R:T_EDGE_HI_VCCY_2.7000[1]/PIN9,n,S,,35.9999994259397,,,11.6700000774017,12.1900001204267,12.1700001187719,12.2400001245637,12.2800001278733,12.2700001270459,12.0100001055334,12.2700001270459,11.3000000467878,12.0600001096705,12.3300001320104,,11.9600001013964,11.9700001022238,12.0700001104979
2,24415110,A244_T_DIS_R:T_EDGE_LO_VCCY_2.7000[1]/PIN12,n,S,,35.9999994259397,,,12.320000131183,12.9100001799998,12.890000178345,12.9700001849642,12.9800001857916,13.040000190756,12.7700001684161,13.040000190756,11.850000092295,12.7900001700709,13.1000001957204,,12.6900001617969,12.6300001568325,12.7600001675887
2,24415110,A244_T_DIS_R:T_EDGE_LO_VCCY_2.7000[1]/PIN14,n,S,,35.9999994259397,,,11.1900000376863,11.5700000691277,11.5300000658181,11.5100000641633,11.5200000649907,11.5300000658181,11.430000057544,11.6300000740921,10.9000000136916,11.5000000633358,11.6100000724373,,11.3600000517522,11.3900000542344,11.4200000567166
2,24415110,A244_T_DIS_R:T_EDGE_LO_VCCY_2.7000[1]/PIN16,n,S,,35.9999994259397,,,11.1900000376863,11.5600000683003,11.5300000658181,11.5300000658181,11.5300000658181,11.6000000716099,11.4100000558892,11.5600000683003,10.8400000087272,11.480000061681,11.5900000707825,,11.3000000467878,11.3400000500974,11.4400000583714
2,24415110,A244_T_DIS_R:T_EDGE_LO_VCCY_2.7000[1]/PIN18,n,S,,35.9999994259397,,,11.1700000360315,11.5600000683003,11.4700000608536,11.5400000666455,11.5300000658181,11.5800000699551,11.4200000567166,11.5800000699551,10.860000010382,11.4500000591988,11.6000000716099,,11.280000045133,11.3100000476152,11.4000000550618
2,24415110,A244_T_DIS_R:T_EDGE_LO_VCCY_2.7000[1]/PIN3,n,S,,35.9999994259397,,,11.0300000244479,11.3600000517522,11.380000053407,11.4400000583714,11.4000000550618,11.4700000608536,11.2900000459604,11.4700000608536,10.7400000004532,11.3200000484426,11.4700000608536,,11.1400000335493,11.2100000393411,11.2500000426508
2,24415110,A244_T_DIS_R:T_EDGE_LO_VCCY_2.7000[1]/PIN5,n,S,,35.9999994259397,,,10.9900000211383,11.3700000525796,11.380000053407,11.3900000542344,11.3900000542344,11.380000053407,11.3000000467878,11.3900000542344,10.6699999946613,11.3200000484426,11.4600000600262,,11.1400000335493,11.2200000401685,11.2500000426508
2,24415110,A244_T_DIS_R:T_EDGE_LO_VCCY_2.7000[1]/PIN7,n,S,,35.9999994259397,,,12.1200001146349,12.7200001642791,12.7300001651065,12.7900001700709,12.8400001742079,12.8600001758628,12.5800001526954,12.890000178345,11.7400000831935,12.6200001560051,12.9600001841368,,12.520000147731,12.5500001502132,12.6200001560051
2,24415110,A244_T_DIS_R:T_EDGE_LO_VCCY_2.7000[1]/PIN9,n,S,,35.9999994259397,,,11.7900000873306,12.3000001295281,12.2500001253911,12.3300001320104,12.37000013532,12.3900001369748,12.1100001138075,12.3800001361474,11.3900000542344,12.1400001162897,12.4300001402844,,12.0700001104979,12.0400001080156,12.1700001187719
2,24415040,A244_T_DIS_R:T_EDGE_HI_VCCY_2.3000[1]/PIN12,n,S,,35.9999994259397,,,13.8400002569483,14.5300003140392,14.5100003123844,14.5800003181762,14.5800003181762,14.6600003247954,14.3600002999733,14.6200003214858,13.3500002164055,14.4200003049377,14.6900003272776,,14.2700002925267,14.2300002892171,14.3500002991459
2,24415040,A244_T_DIS_R:T_EDGE_HI_VCCY_2.3000[1]/PIN14,n,S,,35.9999994259397,,,12.7900001700709,13.2500002081315,13.2000002039945,13.1700002015123,13.1800002023397,13.2100002048219,13.0600001924108,13.2800002106137,12.4400001411118,13.1600002006849,13.2600002089589,,13.0000001874464,13.0200001891012,13.0600001924108
2,24415040,A244_T_DIS_R:T_EDGE_HI_VCCY_2.3000[1]/PIN16,n,S,,35.9999994259397,,,12.8000001708983,13.2400002073041,13.2000002039945,13.2100002048219,13.1900002031671,13.2700002097863,13.0500001915834,13.2300002064767,12.3900001369748,13.1600002006849,13.2500002081315,,12.9700001849642,12.990000186619,13.090000194893
2,24415040,A244_T_DIS_R:T_EDGE_HI_VCCY_2.3000[1]/PIN18,n,S,,35.9999994259397,,,12.8600001758628,13.3400002155781,13.2400002073041,13.2800002106137,13.3000002122685,13.3600002172329,13.1400001990301,13.3400002155781,12.5100001469036,13.2100002048219,13.3400002155781,,13.0200001891012,13.0500001915834,13.1300001982027
2,24415040,A244_T_DIS_R:T_EDGE_HI_VCCY_2.3000[1]/PIN3,n,S,,35.9999994259397,,,12.6500001584873,13.0600001924108,13.040000190756,13.0800001940656,13.0600001924108,13.1300001982027,12.9200001808272,13.1000001957204,12.2700001270459,12.9800001857916,13.1000001957204,,12.7800001692435,12.8400001742079,12.8800001775176
2,24415040,A244_T_DIS_R:T_EDGE_HI_VCCY_2.3000[1]/PIN5,n,S,,35.9999994259397,,,12.570000151868,13.0300001899286,13.040000190756,13.040000190756,13.0300001899286,13.040000190756,12.9100001799998,13.0100001882738,12.2100001220815,12.9800001857916,13.0800001940656,,12.7700001684161,12.8400001742079,12.8600001758628
2,24415040,A244_T_DIS_R:T_EDGE_HI_VCCY_2.3000[1]/PIN7,n,S,,35.9999994259397,,,13.5700002346084,14.2700002925267,14.2800002933541,14.3300002974911,14.3700003008007,14.3900003024555,14.0700002759786,14.4100003041103,13.1200001973752,14.1600002834252,14.4800003099022,,14.0200002718416,14.0400002734964,14.130000280943
2,24415040,A244_T_DIS_R:T_EDGE_HI_VCCY_2.3000[1]/PIN9,n,S,,35.9999994259397,,,13.2600002089589,13.8700002594305,13.8500002577757,13.9100002627401,13.9400002652224,13.9600002668772,13.6500002412276,13.9400002652224,12.8300001733805,13.7200002470195,14.0100002710142,,13.6000002370906,13.610000237918,13.7100002461921
2,24415120,A244_T_DIS_R:T_EDGE_LO_VCCY_2.3000[1]/PIN12,n,S,,35.9999994259397,,,13.8400002569483,14.4900003107296,14.4700003090747,14.550000315694,14.5600003165214,14.6400003231406,14.3300002974911,14.6100003206584,13.3300002147507,14.3800003016281,14.6700003256228,,14.2600002916993,14.1900002859074,14.3300002974911
2,24415120,A244_T_DIS_R:T_EDGE_LO_VCCY_2.3000[1]/PIN14,n,S,,35.9999994259397,,,12.7500001667613,13.1900002031671,13.1400001990301,13.1000001957204,13.1200001973752,13.1400001990301,13.0100001882738,13.2300002064767,12.4000001378022,13.1100001965478,13.1800002023397,,12.940000182482,12.9600001841368,13.0000001874464
2,24415120,A244_T_DIS_R:T_EDGE_LO_VCCY_2.3000[1]/PIN16,n,S,,35.9999994259397,,,12.7200001642791,13.1500001998575,13.1000001957204,13.1100001965478,13.1000001957204,13.1900002031671,12.9500001833094,13.1400001990301,12.320000131183,13.0600001924108,13.1400001990301,,12.8600001758628,12.9000001791724,12.9800001857916
2,24415120,A244_T_DIS_R:T_EDGE_LO_VCCY_2.3000[1]/PIN18,n,S,,35.9999994259397,,,12.6600001593147,13.1200001973752,13.0000001874464,13.0700001932382,13.0800001940656,13.1400001990301,12.9300001816546,13.1200001973752,12.3300001320104,12.990000186619,13.1300001982027,,12.8000001708983,12.8200001725531,12.9200001808272
2,24415120,A244_T_DIS_R:T_EDGE_LO_VCCY_2.3000[1]/PIN3,n,S,,35.9999994259397,,,12.5300001485584,12.940000182482,12.9500001833094,13.0000001874464,12.9700001849642,13.0300001899286,12.8300001733805,13.0200001891012,12.2100001220815,12.8800001775176,13.0100001882738,,12.6800001609695,12.7400001659339,12.7700001684161
2,24415120,A244_T_DIS_R:T_EDGE_LO_VCCY_2.3000[1]/PIN5,n,S,,35.9999994259397,,,12.5500001502132,12.990000186619,13.0100001882738,13.0100001882738,13.0100001882738,13.0000001874464,12.8800001775176,12.990000186619,12.2100001220815,12.9500001833094,13.0500001915834,,12.7300001651065,12.8100001717257,12.8200001725531
2,24415120,A244_T_DIS_R:T_EDGE_LO_VCCY_2.3000[1]/PIN7,n,S,,35.9999994259397,,,13.6000002370906,14.2700002925267,14.2900002941815,14.3300002974911,14.3800003016281,14.3900003024555,14.0900002776334,14.4200003049377,13.1900002031671,14.1700002842526,14.500000311557,,14.030000272669,14.0600002751512,14.1200002801156
2,24415120,A244_T_DIS_R:T_EDGE_LO_VCCY_2.3000[1]/PIN9,n,S,,35.9999994259397,,,13.3500002164055,13.8900002610853,13.8700002594305,13.9300002643949,13.9700002677046,14.0000002701868,13.6800002437099,13.9700002677046,12.8700001766902,13.7400002486743,14.0000002701868,,13.6500002412276,13.6200002387454,13.7600002503291
2,24415050,A244_T_DIS_R:T_EDGE_HI_VCCY_1.9500[1]/PIN12,n,S,,48.0000004188241,,,16.2799995706564,17.0500005225449,17.0100005192353,17.0799996368487,17.0799996368487,17.1799996451227,16.8199996153362,17.1199996401583,15.699999522667,16.9300005126161,17.1799996451227,,16.7700004993776,16.6900004927584,16.830000504342
2,24415050,A244_T_DIS_R:T_EDGE_HI_VCCY_1.9500[1]/PIN14,n,S,,48.0000004188241,,,15.270000375267,15.7799995292862,15.699999522667,15.6500004067084,15.6700004083632,15.7300004133276,15.5399995094285,15.7799995292862,14.8800003429983,15.6799995210122,15.7100004116728,,15.4999995061189,15.5199995077737,15.5399995094285
2,24415050,A244_T_DIS_R:T_EDGE_HI_VCCY_1.9500[1]/PIN16,n,S,,48.0000004188241,,,15.2100003703026,15.7199995243218,15.6599995193574,15.6599995193574,15.6399995177026,15.7599995276314,15.4700003918151,15.6799995210122,14.7200003297598,15.6399995177026,15.6700004083632,,15.4100003868507,15.4300003885055,15.5300003967795
2,24415050,A244_T_DIS_R:T_EDGE_HI_VCCY_1.9500[1]/PIN18,n,S,,48.0000004188241,,,15.2100003703026,15.7700004166372,15.6300004050536,15.690000410018,15.699999522667,15.799999530941,15.4999995061189,15.7399995259766,14.8100003372065,15.6300004050536,15.699999522667,,15.3999994978449,15.4199994994997,15.5199995077737
2,24415050,A244_T_DIS_R:T_EDGE_HI_VCCY_1.9500[1]/PIN3,n,S,,48.0000004188241,,,15.0100003537545,15.4700003918151,15.4399995011545,15.4700003918151,15.4500003901603,15.5199995077737,15.270000375267,15.4700003918151,14.600000319831,15.3700003835411,15.4399995011545,,15.1500003653382,15.1999994812968,15.2199994829516
2,24415050,A244_T_DIS_R:T_EDGE_HI_VCCY_1.9500[1]/PIN5,n,S,,48.0000004188241,,,15.1199994746776,15.6300004050536,15.6199995160478,15.5999995143929,15.590000401744,15.6100004033988,15.4799995044641,15.5300003967795,14.700000328105,15.5500003984343,15.5799995127381,,15.3399994928805,15.4100003868507,15.4100003868507
2,24415050,A244_T_DIS_R:T_EDGE_HI_VCCY_1.9500[1]/PIN7,n,S,,48.0000004188241,,,15.9500004315305,16.730000496068,16.7799996120266,16.7799996120266,16.830000504342,16.8700005076516,16.4900004762103,16.8500005059968,15.4300003885055,16.6199995987881,16.9199996236102,,16.4399995838949,16.4599995855497,16.5599995938237
2,24415050,A244_T_DIS_R:T_EDGE_HI_VCCY_1.9500[1]/PIN9,n,S,,48.0000004188241,,,15.7399995259766,16.4399995838949,16.4100004695911,16.4700004745555,16.4900004762103,16.5300004795199,16.1500004480786,16.4599995855497,15.2100003703026,16.2700004580074,16.4999995888593,,16.1399995590727,16.110000444769,16.2599995690016
2,24415130,A244_T_DIS_R:T_EDGE_LO_VCCY_1.9500[1]/PIN12,n,S,,48.0000004188241,,,16.2700004580074,17.0300005208901,16.9999996302295,17.0799996368487,17.0900005258545,17.2100005357834,16.8100005026872,17.1500005308189,15.6500004067084,16.9100005109613,17.1799996451227,,16.7599996103718,16.6799996037525,16.839999616991
2,24415130,A244_T_DIS_R:T_EDGE_LO_VCCY_1.9500[1]/PIN14,n,S,,48.0000004188241,,,15.1500003653382,15.6799995210122,15.6100004033988,15.5599995110833,15.5799995127381,15.6399995177026,15.4300003885055,15.7300004133276,14.7100003289324,15.6199995160478,15.6199995160478,,15.3900003851959,15.4199994994997,15.4500003901603
2,24415130,A244_T_DIS_R:T_EDGE_LO_VCCY_1.9500[1]/PIN16,n,S,,48.0000004188241,,,15.1300003636834,15.6700004083632,15.5799995127381,15.5999995143929,15.5799995127381,15.7100004116728,15.3999994978449,15.6300004050536,14.6200003214858,15.5700004000892,15.590000401744,,15.3100003785767,15.3500003818863,15.4500003901603
2,24415130,A244_T_DIS_R:T_EDGE_LO_VCCY_1.9500[1]/PIN18,n,S,,48.0000004188241,,,15.0999994730228,15.6799995210122,15.5399995094285,15.6100004033988,15.5999995143929,15.7199995243218,15.4300003885055,15.6500004067084,14.6800003264502,15.5399995094285,15.6399995177026,,15.2999994895708,15.3199994912256,15.4300003885055
2,24415130,A244_T_DIS_R:T_EDGE_LO_VCCY_1.9500[1]/PIN3,n,S,,48.0000004188241,,,14.9399994597843,15.4799995044641,15.4900003934699,15.5199995077737,15.4799995044641,15.5700004000892,15.3100003785767,15.5500003984343,14.500000311557,15.3999994978449,15.4900003934699,,15.1300003636834,15.2199994829516,15.2100003703026
2,24415130,A244_T_DIS_R:T_EDGE_LO_VCCY_1.9500[1]/PIN5,n,S,,48.0000004188241,,,15.0199994664035,15.590000401744,15.6100004033988,15.6199995160478,15.5700004000892,15.590000401744,15.4399995011545,15.5300003967795,14.550000315694,15.5300003967795,15.590000401744,,15.2300003719574,15.3399994928805,15.3399994928805
2,24415130,A244_T_DIS_R:T_EDGE_LO_VCCY_1.9500[1]/PIN7,n,S,,48.0000004188241,,,15.9599995441795,16.7599996103718,16.8199996153362,16.8199996153362,16.8599996186458,16.8900005093064,16.5199995905141,16.8999996219554,15.4599995028093,16.6500004894488,16.9599996269199,,16.4799995872045,16.5599995938237,16.5599995938237
2,24415130,A244_T_DIS_R:T_EDGE_LO_VCCY_1.9500[1]/PIN9,n,S,,48.0000004188241,,,15.7799995292862,16.4700004745555,16.4100004695911,16.4799995872045,16.5300004795199,16.5700004828295,16.1599995607276,16.4900004762103,15.2100003703026,16.2700004580074,16.5199995905141,,16.1599995607276,16.110000444769,16.310000461317
2,24415060,A244_T_DIS_R:T_EDGE_HI_VCCY_1.6500[1]/PIN12,n,S,,48.0000004188241,,,20.4599999165112,21.2799999843583,21.2100008667448,21.2799999843583,21.2599999827034,21.4399999975967,21.0100008501968,21.2900008733641,19.6999998536285,21.1599999744294,21.3100008750189,,21.0199999628458,20.9100008419227,21.0700008551612
2,24415060,A244_T_DIS_R:T_EDGE_HI_VCCY_1.6500[1]/PIN14,n,S,,48.0000004188241,,,19.3999998288064,20.1700007806949,20.0300007691112,19.9700007641468,20.0100007674564,20.0700007724208,19.7700007475987,20.1199998883794,18.7100006598939,20.0399998817602,19.9300007608372,,19.8100007509083,19.8199998635573,19.8700007558728
2,24415060,A244_T_DIS_R:T_EDGE_HI_VCCY_1.6500[1]/PIN16,n,S,,48.0000004188241,,,19.3799998271516,19.959999875141,19.8599998668669,19.8599998668669,19.8500007542179,19.9999998784506,19.6799998519737,19.8799998685217,18.6300006532747,19.8999998701765,19.8199998635573,,19.6599998503189,19.6700007393247,19.7500007459439
2,24415060,A244_T_DIS_R:T_EDGE_HI_VCCY_1.6500[1]/PIN18,n,S,,48.0000004188241,,,19.5500007293958,20.1300007773852,19.959999875141,20.0300007691112,20.0300007691112,20.1799998933438,19.8399998652121,20.050000770766,19.019999797365,20.0100007674564,20.0300007691112,,19.8199998635573,19.8100007509083,19.8799998685217
2,24415060,A244_T_DIS_R:T_EDGE_HI_VCCY_1.6500[1]/PIN3,n,S,,48.0000004188241,,,19.1599998089487,19.7599998585929,19.7100007426343,19.7199998552833,19.7100007426343,19.7900007492535,19.4999998370804,19.6900007409795,18.4700006400362,19.6599998503189,19.5900007327054,,19.430000719467,19.4500007211218,19.4599998337708
2,24415060,A244_T_DIS_R:T_EDGE_HI_VCCY_1.6500[1]/PIN5,n,S,,48.0000004188241,,,19.2599998172227,19.9700007641468,19.959999875141,19.9300007608372,19.9199998718314,19.9799998767958,19.7300007442891,19.8300007525631,18.5700006483103,19.8599998668669,19.8599998668669,,19.639999848664,19.6599998503189,19.6999998536285
2,24415060,A244_T_DIS_R:T_EDGE_HI_VCCY_1.6500[1]/PIN7,n,S,,48.0000004188241,,,20.0999998867246,21.0199999628458,21.0700008551612,21.0300008518516,21.0599999661554,21.1199999711198,20.7399999396785,21.0500008535064,19.2900007078833,20.8900008402679,21.099999969465,,20.7300008270295,20.7199999380236,20.7999999446429
2,24415060,A244_T_DIS_R:T_EDGE_HI_VCCY_1.6500[1]/PIN9,n,S,,48.0000004188241,,,19.9199998718314,20.7700008303391,20.6900008237199,20.7700008303391,20.8100008336487,20.8500008369583,20.4199999132015,20.679999934714,19.1700006979545,20.5500008121362,20.7100008253747,,20.4399999148563,20.3700007972429,20.5500008121362
2,24415140,A244_T_DIS_R:T_EDGE_LO_VCCY_1.6500[1]/PIN12,n,S,,48.0000004188241,,,20.1700007806949,21.2199999793938,21.1399999727746,21.2399999810486,21.2199999793938,21.4699991119005,20.8500008369583,21.3300008766737,19.4599998337708,21.0500008535064,21.3199999876679,,20.8599999496073,20.6900008237199,20.9399999562265
2,24415140,A244_T_DIS_R:T_EDGE_LO_VCCY_1.6500[1]/PIN14,n,S,,48.0000004188241,,,19.1599998089487,19.7399998569381,19.6100007343603,19.5900007327054,19.5900007327054,19.6799998519737,19.430000719467,19.7199998552833,18.6500006549295,19.6599998503189,19.5700007310506,,19.430000719467,19.4599998337708,19.4799998354256
2,24415140,A244_T_DIS_R:T_EDGE_LO_VCCY_1.6500[1]/PIN16,n,S,,48.0000004188241,,,19.010000684716,19.6799998519737,19.53999984039,19.5700007310506,19.530000727741,19.7599998585929,19.3199998221871,19.5999998453544,18.390000633417,19.5900007327054,19.4799998354256,,19.2500007045737,19.2999998205323,19.4100007178122
2,24415140,A244_T_DIS_R:T_EDGE_LO_VCCY_1.6500[1]/PIN18,n,S,,48.0000004188241,,,18.8599997841266,19.5999998453544,19.3500007128478,19.4700007227766,19.4599998337708,19.7199998552833,19.2300007029189,19.5199998387352,18.3599997427564,19.4500007211218,19.430000719467,,19.1100006929901,19.1399998072939,19.2700007062285
2,24415140,A244_T_DIS_R:T_EDGE_LO_VCCY_1.6500[1]/PIN3,n,S,,48.0000004188241,,,18.810000668168,19.439999832116,19.439999832116,19.4599998337708,19.3999998288064,19.5199998387352,19.1799998106035,19.4599998337708,18.3300006284526,19.330000711193,19.2999998205323,,19.0500006880256,19.1100006929901,19.0700006896805
2,24415140,A244_T_DIS_R:T_EDGE_LO_VCCY_1.6500[1]/PIN5,n,S,,48.0000004188241,,,19.019999797365,19.7100007426343,19.7100007426343,19.6999998536285,19.6599998503189,19.6999998536285,19.4900007244314,19.5700007310506,18.49999975434,19.6500007376699,19.5799998436996,,19.3100007095381,19.3900007161574,19.3900007161574
2,24415140,A244_T_DIS_R:T_EDGE_LO_VCCY_1.6500[1]/PIN7,n,S,,48.0000004188241,,,19.7500007459439,20.7300008270295,20.8700008386131,20.7900008319939,20.8599999496073,20.9100008419227,20.3999999115467,20.8300008353035,19.2599998172227,20.5999999280948,20.8999999529169,,20.3900007988977,20.4199999132015,20.4500008038622
2,24415140,A244_T_DIS_R:T_EDGE_LO_VCCY_1.6500[1]/PIN9,n,S,,48.0000004188241,,,19.6900007409795,20.5599999247852,20.470000805517,20.5500008121362,20.6100008171006,20.679999934714,20.1900007823497,20.4900008071718,19.0399997990198,20.3199999049275,20.4999999198208,,20.2300007856593,20.1199998883794,20.3300007939333
2,24419792,A244_T_DIS_R:T_EDGE_HI_VCCY_1.4000[1]/PIN12,n,S,,61.9999980244756,,,27.6099996199264,28.6200005916726,28.5299996960475,28.6499997059764,28.5899997010119,28.9000006148399,28.3499996811543,28.6299997043216,26.3899995189831,28.5400005850533,28.5299996960475,,28.4499996894283,28.2800005635409,28.4899996927379
2,24419792,A244_T_DIS_R:T_EDGE_HI_VCCY_1.4000[1]/PIN14,n,S,,61.9999980244756,,,26.3800004063341,27.4400004940389,27.1800004725264,27.1800004725264,27.2600004791457,27.4800004973486,26.9000004493591,27.3099995951043,25.3800003235938,27.3200004841101,27.0699995752466,,27.120000467562,27.029999571937,27.1499995818658
2,24419792,A244_T_DIS_R:T_EDGE_HI_VCCY_1.4000[1]/PIN16,n,S,,61.9999980244756,,,26.3400004030245,27.3000004824553,27.1000004659072,27.1699995835206,27.129999580211,27.4499996066879,26.8099995537341,27.1600004708716,25.1699994180399,27.2499995901399,26.9699995669725,,26.9899995686274,26.8800004477043,27.1099995785562
2,24419792,A244_T_DIS_R:T_EDGE_HI_VCCY_1.4000[1]/PIN18,n,S,,61.9999980244756,,,26.5299995305668,27.5099996116523,27.1899995851754,27.3899996017235,27.3699996000687,27.8000005238255,27.1099995785562,27.3699996000687,25.469999442862,27.4200004923841,27.2600004791457,,27.1499995818658,27.0699995752466,27.2400004774909
2,24419792,A244_T_DIS_R:T_EDGE_HI_VCCY_1.4000[1]/PIN3,n,S,,61.9999980244756,,,26.089999494161,27.1899995851754,27.0899995769014,27.0800004642524,27.1699995835206,27.2800004808005,26.7899995520793,27.029999571937,24.9299993981822,26.9800004559784,26.8200004427399,,26.8099995537341,26.7600004377755,26.7800004394303
2,24419792,A244_T_DIS_R:T_EDGE_HI_VCCY_1.4000[1]/PIN5,n,S,,61.9999980244756,,,26.1000003831668,27.4600004956937,27.4400004940389,27.3899996017235,27.4000004907293,27.5800005056226,27.1099995785562,27.1499995818658,25.0899994114206,27.2899995934495,27.120000467562,,27.1499995818658,26.9699995669725,27.129999580211
2,24419792,A244_T_DIS_R:T_EDGE_HI_VCCY_1.4000[1]/PIN7,n,S,,61.9999980244756,,,27.1000004659072,28.4000005734697,28.5600005867082,28.3400005685053,28.4499996894283,28.5099996943927,28.0200005420284,28.3200005668505,25.8899994776129,28.160000553612,28.3099996778446,,28.0899996596418,27.9899996513677,28.160000553612
2,24419792,A244_T_DIS_R:T_EDGE_HI_VCCY_1.4000[1]/PIN9,n,S,,61.9999980244756,,,27.020000459288,28.2200005585764,28.0299996546773,28.169999666261,28.2499996728802,28.3499996811543,27.8000005238255,27.9600005370639,25.9099994792678,27.9299996464033,27.9200005337543,,27.8800005304447,27.7400005188611,28.0299996546773
2,24419790,A244_T_DIS_R:T_EDGE_LO_VCCY_1.4000[1]/PIN12,n,S,,61.9999980244756,,,27.4600004956937,28.4800005800889,28.3299996794995,28.580000588363,28.5099996943927,28.9400006181495,28.2400005602312,28.6299997043216,26.4299995222927,28.4499996894283,28.4800005800889,,28.4000005734697,28.069999657987,28.4099996861187
2,24419790,A244_T_DIS_R:T_EDGE_LO_VCCY_1.4000[1]/PIN14,n,S,,61.9999980244756,,,26.1699995007802,27.0899995769014,26.8299995553889,26.8600004460495,26.9099995620081,27.0800004642524,26.609999537186,26.9800004559784,25.2600003136649,27.0000004576332,26.7200004344659,,26.8099995537341,26.7499995487697,26.8600004460495
2,24419790,A244_T_DIS_R:T_EDGE_LO_VCCY_1.4000[1]/PIN16,n,S,,61.9999980244756,,,26.1200003848217,26.9200004510139,26.7299995471149,26.7499995487697,26.7600004377755,27.129999580211,26.4699995256024,26.7699995504245,25.1400003037361,26.8699995586985,26.5400004195726,,26.5400004195726,26.5699995338764,26.7200004344659
2,24419790,A244_T_DIS_R:T_EDGE_LO_VCCY_1.4000[1]/PIN18,n,S,,61.9999980244756,,,25.9499994825774,26.8099995537341,26.4299995222927,26.6499995404956,26.600000424537,27.1000004659072,26.3699995173283,26.6200004261918,25.2600003136649,26.6600004295015,26.4800004146082,,26.3499995156735,26.3800004063341,26.500000416263
2,24419790,A244_T_DIS_R:T_EDGE_LO_VCCY_1.4000[1]/PIN3,n,S,,61.9999980244756,,,25.8699994759581,26.6699995421504,26.5800004228822,26.6899995438052,26.5899995355312,26.7600004377755,26.3499995156735,26.6299995388408,25.1099994130755,26.5800004228822,26.3299995140187,,26.3800004063341,26.3299995140187,26.2899995107091
2,24419790,A244_T_DIS_R:T_EDGE_LO_VCCY_1.4000[1]/PIN5,n,S,,61.9999980244756,,,26.1000003831668,26.9699995669725,27.0400004609428,26.9699995669725,26.9699995669725,27.0400004609428,26.7099995454601,26.7800004394303,25.2499994246591,26.9000004493591,26.7499995487697,,26.6899995438052,26.6899995438052,26.6899995438052
2,24419790,A244_T_DIS_R:T_EDGE_LO_VCCY_1.4000[1]/PIN7,n,S,,61.9999980244756,,,26.8099995537341,28.0200005420284,28.3000005651957,28.060000545338,28.1899996679158,28.2899996761898,27.7099996282004,28.060000545338,26.0299994891966,27.9099996447485,28.0800005469928,,27.8000005238255,27.7200005172062,27.7800005221707
2,24419790,A244_T_DIS_R:T_EDGE_LO_VCCY_1.4000[1]/PIN9,n,S,,61.9999980244756,,,26.9000004493591,27.9600005370639,27.7600005205159,27.8699996414389,27.9899996513677,28.1099996612966,27.4899996099975,27.6899996265456,25.9299994809226,27.6800005138966,27.6600005122418,,27.6600005122418,27.4299996050331,27.7200005172062
2,24419758,A244_POR_R:T_POR_pos@V_VCC[1],_,V,0.100000001490116,1.5,,,0.300000011920929,0.300000011920929,0.300000011920929,0.300000011920929,0.300000011920929,0.300000011920929,0.300000011920929,0.300000011920929,0.300000011920929,0.300000011920929,0.300000011920929,,0.300000011920929,0.300000011920929,0.300000011920929
2,24419756,A244_POR_R:T_POR_hyst@V_VCC[1],_,V,-0.200000002980232,0.899999976158142,,,0.300000011920929,0.300000011920929,0.300000011920929,0.300000011920929,0.300000011920929,0.300000011920929,0.300000011920929,0.300000011920929,0.300000011920929,0.300000011920929,0.300000011920929,,0.300000011920929,0.300000011920929,0.300000011920929
2,0,A244_SET_COLD:SOAK_TIME@PIN1[1],_,s,,,,,90,65,65,90,75,95,85,70,75,85,120,,85,100,75
2,1,A244_SET_COLD:SOAK_TIME@PIN1[2],_,s,,,,,95,70,70,95,80,100,90,75,80,90,125,,90,105,80
2,0,A244_SET_COLD:TEMP_raw_V@PIN1[1],_,V,-2,2,,,-0.396021008491516,-0.399340987205505,-0.398138999938965,-0.402146011590958,-0.402260005474091,-0.401917010545731,-0.404435008764267,-0.397051006555557,-0.400828987360001,-0.403232991695404,-0.395161986351013,,-0.409929990768433,-0.407240003347397,-0.401573002338409
2,24410010,A244_OPENS_C:passLimit_uA_mV[1]/PIN1,_,V,-0.800000011920929,-0.100000001490116,,,-0.396021008491516,-0.399340987205505,-0.398081988096237,-0.402146011590958,-0.402260005474091,-0.401858985424042,-0.404321014881134,-0.397109001874924,-0.400828987360001,-0.403232991695404,-0.395105004310608,,-0.409987986087799,-0.407296985387802,-0.401573002338409
2,24410010,A244_OPENS_C:passLimit_uA_mV[1]/PIN11,_,V,-0.800000011920929,-0.100000001490116,,,-0.395772010087967,-0.398918002843857,-0.398402988910675,-0.4026939868927,-0.402408003807068,-0.401434987783432,-0.403551995754242,-0.398460000753403,-0.400404989719391,-0.402292996644974,-0.394971013069153,,-0.410874009132385,-0.408470988273621,-0.401320993900299
2,24410010,A244_OPENS_C:passLimit_uA_mV[1]/PIN12,_,V,-0.800000011920929,-0.100000001490116,,,-0.396171987056732,-0.398575007915497,-0.398173987865448,-0.402350008487701,-0.402350008487701,-0.40183499455452,-0.403436988592148,-0.39800301194191,-0.40046301484108,-0.402350008487701,-0.395143002271652,,-0.409958988428116,-0.408241987228394,-0.401035010814667
2,24410010,A244_OPENS_C:passLimit_uA_mV[1]/PIN13,_,V,-0.800000011920929,-0.100000001490116,,,-0.396218001842499,-0.398562997579575,-0.39793398976326,-0.402110010385513,-0.402509987354279,-0.402052998542786,-0.4028539955616,-0.398734986782074,-0.400622993707657,-0.402395993471146,-0.39547398686409,,-0.410347014665604,-0.408001989126205,-0.401995986700058
2,24410010,A244_OPENS_C:passLimit_uA_mV[1]/PIN14,_,V,-0.800000011920929,-0.100000001490116,,,-0.395588994026184,-0.398505985736847,-0.397991001605988,-0.402166992425919,-0.401937991380692,-0.401194989681244,-0.403596997261047,-0.397991001605988,-0.40039399266243,-0.401937991380692,-0.395817995071411,,-0.409832000732422,-0.408746004104614,-0.401309013366699
2,24410010,A244_OPENS_C:passLimit_uA_mV[1]/PIN15,_,V,-0.800000011920929,-0.100000001490116,,,-0.39622899889946,-0.398575007915497,-0.397774010896683,-0.402007013559341,-0.401663988828659,-0.40149199962616,-0.402864992618561,-0.398117005825043,-0.400519996881485,-0.402007013559341,-0.395143002271652,,-0.410358995199203,-0.408356994390488,-0.401320993900299
2,24410010,A244_OPENS_C:passLimit_uA_mV[1]/PIN16,_,V,-0.800000011920929,-0.100000001490116,,,-0.396490007638931,-0.398550987243652,-0.397406011819839,-0.401984989643097,-0.40227198600769,-0.401984989643097,-0.403474003076553,-0.397004991769791,-0.400153994560242,-0.403358995914459,-0.39546000957489,,-0.409025996923447,-0.408053010702133,-0.401298999786377
2,24410010,A244_OPENS_C:passLimit_uA_mV[1]/PIN17,_,V,-0.800000011920929,-0.100000001490116,,,-0.39647901058197,-0.397909998893738,-0.398196011781693,-0.401630997657776,-0.402031004428864,-0.401230007410049,-0.403806000947952,-0.397565990686417,-0.400256991386414,-0.402718007564545,-0.395963996648788,,-0.409873008728027,-0.407640993595123,-0.401172995567322
2,24410010,A244_OPENS_C:passLimit_uA_mV[1]/PIN18,_,V,-0.800000011920929,-0.100000001490116,,,-0.396261006593704,-0.398665010929108,-0.398207008838654,-0.40227198600769,-0.402557998895645,-0.401585012674332,-0.403587996959686,-0.397864013910294,-0.400211006402969,-0.402900993824005,-0.39546000957489,,-0.408740013837814,-0.408053010702133,-0.401641994714737
2,24410010,A244_OPENS_C:passLimit_uA_mV[1]/PIN19,_,V,-0.800000011920929,-0.100000001490116,,,-0.396890997886658,-0.398952007293701,-0.397864013910294,-0.40175598859787,-0.402386009693146,-0.401470005512238,-0.403816998004913,-0.397864013910294,-0.400325000286102,-0.403245002031326,-0.395231008529663,,-0.409541010856628,-0.407824009656906,-0.401470005512238
2,24410010,A244_OPENS_C:passLimit_uA_mV[1]/PIN2,_,V,-0.800000011920929,-0.100000001490116,,,-0.396719008684158,-0.398207008838654,-0.398149996995926,-0.402500987052917,-0.401984989643097,-0.402328997850418,-0.404103010892868,-0.397920995950699,-0.399753004312515,-0.402099996805191,-0.39546000957489,,-0.409370005130768,-0.408854991197586,-0.401814013719559
2,24410010,A244_OPENS_C:passLimit_uA_mV[1]/PIN3,_,V,-0.800000011920929,-0.100000001490116,,,-0.396135002374649,-0.399168998003006,-0.397509008646011,-0.401573002338409,-0.402260005474091,-0.401230007410049,-0.403405010700226,-0.39785298705101,-0.401001006364822,-0.402604013681412,-0.395505994558334,,-0.409415006637573,-0.408041000366211,-0.402087986469269
2,24410010,A244_OPENS_C:passLimit_uA_mV[1]/PIN4,_,V,-0.800000011920929,-0.100000001490116,,,-0.395963996648788,-0.398882985115051,-0.39785298705101,-0.402146011590958,-0.401917010545731,-0.401744991540909,-0.404148995876312,-0.397967010736465,-0.400828987360001,-0.403176009654999,-0.395334005355835,,-0.409700989723206,-0.408614009618759,-0.401973992586136
2,24410010,A244_OPENS_C:passLimit_uA_mV[1]/PIN5,_,V,-0.800000011920929,-0.100000001490116,,,-0.396090000867844,-0.398665010929108,-0.397462993860245,-0.401356011629105,-0.402958989143372,-0.402043014764786,-0.404733002185822,-0.397520989179611,-0.400554001331329,-0.402043014764786,-0.396203994750977,,-0.410171002149582,-0.407938987016678,-0.400898009538651
2,24410010,A244_OPENS_C:passLimit_uA_mV[1]/PIN6,_,V,-0.800000011920929,-0.100000001490116,,,-0.395599991083145,-0.398804008960724,-0.397601991891861,-0.402007013559341,-0.402007013559341,-0.40183499455452,-0.404009014368057,-0.398059993982315,-0.401205986738205,-0.402579009532928,-0.396171987056732,,-0.408872008323669,-0.407842010259628,-0.402179002761841
2,24410010,A244_OPENS_C:passLimit_uA_mV[1]/PIN7,_,V,-0.800000011920929,-0.100000001490116,,,-0.395828992128372,-0.398173987865448,-0.397774010896683,-0.402350008487701,-0.401950001716614,-0.402063995599747,-0.403838008642197,-0.398746013641357,-0.400348007678986,-0.402750998735428,-0.39520001411438,,-0.40904301404953,-0.40904301404953,-0.401663988828659
2,24410010,A244_OPENS_C:passLimit_uA_mV[1]/PIN8,_,V,-0.800000011920929,-0.100000001490116,,,-0.396218001842499,-0.398277014493942,-0.397877007722855,-0.402796000242233,-0.401594996452332,-0.402110010385513,-0.403825998306274,-0.399192988872528,-0.400566011667252,-0.403140008449554,-0.395759999752045,,-0.410176008939743,-0.408517003059387,-0.402624994516373
2,24410010,A244_OPENS_C:passLimit_uA_mV[1]/PIN9,_,V,-0.800000011920929,-0.100000001490116,,,-0.396618992090225,-0.398449003696442,-0.398162990808487,-0.402224004268646,-0.402281999588013,-0.401481002569199,-0.403654009103775,-0.398678004741669,-0.400851994752884,-0.402624994516373,-0.39547398686409,,-0.410690009593964,-0.408688008785248,-0.401652008295059
2,24410040,A244_SHORTS_C:passLimit_uA_mV[1]/PIN1,_,V,-0.800000011920929,-0.100000001490116,,,-0.395963996648788,-0.399340987205505,-0.398081988096237,-0.402146011590958,-0.402316987514496,-0.401802003383636,-0.404321014881134,-0.39699399471283,-0.400656998157501,-0.403118997812271,-0.395105004310608,,-0.409929990768433,-0.407182991504669,-0.401573002338409
2,24410040,A244_SHORTS_C:passLimit_uA_mV[1]/PIN11,_,V,-0.800000011920929,-0.100000001490116,,,-0.395714998245239,-0.398918002843857,-0.39834600687027,-0.4026939868927,-0.402464985847473,-0.40149199962616,-0.403551995754242,-0.398460000753403,-0.400404989719391,-0.402236014604568,-0.395027995109558,,-0.410874009132385,-0.408470988273621,-0.401320993900299
2,24410040,A244_SHORTS_C:passLimit_uA_mV[1]/PIN12,_,V,-0.800000011920929,-0.100000001490116,,,-0.396115005016327,-0.398575007915497,-0.398173987865448,-0.402292996644974,-0.402350008487701,-0.401721000671387,-0.403494000434875,-0.39800301194191,-0.40046301484108,-0.402236014604568,-0.395314007997513,,-0.409958988428116,-0.408300012350082,-0.401035010814667
2,24410040,A244_SHORTS_C:passLimit_uA_mV[1]/PIN13,_,V,-0.800000011920929,-0.100000001490116,,,-0.396160989999771,-0.398505985736847,-0.39793398976326,-0.402052998542786,-0.402509987354279,-0.402052998542786,-0.4028539955616,-0.398791998624802,-0.400566011667252,-0.402509987354279,-0.39547398686409,,-0.410403996706009,-0.408059000968933,-0.402052998542786
2,24410040,A244_SHORTS_C:passLimit_uA_mV[1]/PIN14,_,V,-0.800000011920929,-0.100000001490116,,,-0.395532011985779,-0.398505985736847,-0.397991001605988,-0.402110010385513,-0.401937991380692,-0.401252001523972,-0.403596997261047,-0.397991001605988,-0.40039399266243,-0.401937991380692,-0.395875006914139,,-0.409889996051788,-0.408688008785248,-0.401309013366699
2,24410040,A244_SHORTS_C:passLimit_uA_mV[1]/PIN15,_,V,-0.800000011920929,-0.100000001490116,,,-0.396286994218826,-0.398517996072769,-0.397774010896683,-0.401950001716614,-0.401663988828659,-0.401434987783432,-0.402922004461288,-0.398059993982315,-0.40046301484108,-0.401950001716614,-0.39520001411438,,-0.410245001316071,-0.408356994390488,-0.401320993900299
2,24410040,A244_SHORTS_C:passLimit_uA_mV[1]/PIN16,_,V,-0.800000011920929,-0.100000001490116,,,-0.396490007638931,-0.398550987243652,-0.397406011819839,-0.402043014764786,-0.402328997850418,-0.401870995759964,-0.403416991233826,-0.397004991769791,-0.400153994560242,-0.403302013874054,-0.395516991615295,,-0.408969014883041,-0.408053010702133,-0.401298999786377
2,24410040,A244_SHORTS_C:passLimit_uA_mV[1]/PIN17,_,V,-0.800000011920929,-0.100000001490116,,,-0.396421998739243,-0.397909998893738,-0.398252993822098,-0.401630997657776,-0.402031004428864,-0.401286989450455,-0.403806000947952,-0.397565990686417,-0.400200009346008,-0.402604013681412,-0.395963996648788,,-0.409873008728027,-0.407640993595123,-0.401230007410049
2,24410040,A244_SHORTS_C:passLimit_uA_mV[1]/PIN18,_,V,-0.800000011920929,-0.100000001490116,,,-0.396261006593704,-0.398665010929108,-0.398149996995926,-0.402213990688324,-0.402500987052917,-0.401585012674332,-0.403645008802414,-0.397864013910294,-0.400267988443375,-0.402786999940872,-0.39546000957489,,-0.40879699587822,-0.408109992742538,-0.401585012674332
2,24410040,A244_SHORTS_C:passLimit_uA_mV[1]/PIN19,_,V,-0.800000011920929,-0.100000001490116,,,-0.397004991769791,-0.398894011974335,-0.397807002067566,-0.401814013719559,-0.402442991733551,-0.401470005512238,-0.403932005167007,-0.397920995950699,-0.400325000286102,-0.403187990188599,-0.395287990570068,,-0.409541010856628,-0.407880991697311,-0.401470005512238
2,24410040,A244_SHORTS_C:passLimit_uA_mV[1]/PIN2,_,V,-0.800000011920929,-0.100000001490116,,,-0.396546989679337,-0.398207008838654,-0.398092985153198,-0.402442991733551,-0.402043014764786,-0.402386009693146,-0.404103010892868,-0.397864013910294,-0.399695992469788,-0.402043014764786,-0.39546000957489,,-0.409312009811401,-0.408740013837814,-0.401814013719559
2,24410040,A244_SHORTS_C:passLimit_uA_mV[1]/PIN3,_,V,-0.800000011920929,-0.100000001490116,,,-0.396021008491516,-0.399111986160278,-0.397623986005783,-0.401630997657776,-0.402202993631363,-0.401230007410049,-0.403405010700226,-0.39785298705101,-0.400943994522095,-0.402604013681412,-0.395505994558334,,-0.409471988677979,-0.408156007528305,-0.402031004428864
2,24410040,A244_SHORTS_C:passLimit_uA_mV[1]/PIN4,_,V,-0.800000011920929,-0.100000001490116,,,-0.396021008491516,-0.398882985115051,-0.397738009691238,-0.402031004428864,-0.401917010545731,-0.401744991540909,-0.404148995876312,-0.397909998893738,-0.400885999202728,-0.403176009654999,-0.395276993513107,,-0.409700989723206,-0.408670991659164,-0.402031004428864
2,24410040,A244_SHORTS_C:passLimit_uA_mV[1]/PIN5,_,V,-0.800000011920929,-0.100000001490116,,,-0.39597499370575,-0.39860799908638,-0.397520989179611,-0.40141299366951,-0.403016000986099,-0.402099996805191,-0.404790014028549,-0.397462993860245,-0.400440007448196,-0.401984989643097,-0.396261006593704,,-0.41022801399231,-0.407938987016678,-0.401012003421783
2,24410040,A244_SHORTS_C:passLimit_uA_mV[1]/PIN6,_,V,-0.800000011920929,-0.100000001490116,,,-0.39554300904274,-0.398860991001129,-0.397601991891861,-0.402007013559341,-0.401892989873886,-0.401778012514114,-0.404065996408463,-0.398117005825043,-0.401205986738205,-0.402521997690201,-0.396171987056732,,-0.408986002206802,-0.407898992300034,-0.402179002761841
2,24410040,A244_SHORTS_C:passLimit_uA_mV[1]/PIN7,_,V,-0.800000011920929,-0.100000001490116,,,-0.395772010087967,-0.398059993982315,-0.397659987211227,-0.402236014604568,-0.401950001716614,-0.402007013559341,-0.40378001332283,-0.398860991001129,-0.400290995836258,-0.402750998735428,-0.395314007997513,,-0.40904301404953,-0.40904301404953,-0.401607006788254
2,24410040,A244_SHORTS_C:passLimit_uA_mV[1]/PIN8,_,V,-0.800000011920929,-0.100000001490116,,,-0.396160989999771,-0.398277014493942,-0.397819995880127,-0.402738988399506,-0.401594996452332,-0.402052998542786,-0.403825998306274,-0.399078011512756,-0.400622993707657,-0.403140008449554,-0.395702987909317,,-0.410176008939743,-0.40845999121666,-0.402624994516373
2,24410040,A244_SHORTS_C:passLimit_uA_mV[1]/PIN9,_,V,-0.800000011920929,-0.100000001490116,,,-0.396618992090225,-0.398449003696442,-0.398106008768082,-0.402281999588013,-0.402281999588013,-0.401423990726471,-0.403654009103775,-0.398678004741669,-0.400851994752884,-0.402568012475967,-0.39547398686409,,-0.41074800491333,-0.408688008785248,-0.401710003614426
2,0,A244_PRE_TEMP_C:TEMP_OK@PIN1[1],_,UI,0.5,1.5,,,1,1,1,1,1,1,1,1,1,1,1,,1,1,1
2,0,A244_PRE_TEMP_C:TEMP_raw_V@PIN1[1],_,V,-2,2,,,-0.395906001329422,-0.399226009845734,-0.397967010736465,-0.402087986469269,-0.402202993631363,-0.401802003383636,-0.404264003038406,-0.396937012672424,-0.400772005319595,-0.403176009654999,-0.395105004310608,,-0.4098159968853,-0.407182991504669,-0.401459008455276
2,24411120,A244_IOFF_GND_C:passCurrentHigh_uA[1]/PIN2,u,A,-0.200000002337219,0.899999974990351,,,0.000999999971718069,0,0,0.00600000005235302,0,0,0.00700000013509339,0.00899999985648492,0,0,0,,0,0.000999999971718069,0
2,24411120,A244_IOFF_GND_C:passCurrentHigh_uA[1]/PIN4,u,A,-0.200000002337219,0.899999974990351,,,0.00399999988687227,0,0.000999999971718069,0,0,0,0,0.00899999985648492,0,0,0.000999999971718069,,0,0,0.000999999971718069
2,24411120,A244_IOFF_GND_C:passCurrentHigh_uA[1]/PIN6,u,A,-0.200000002337219,0.899999974990351,,,0,0.000999999971718069,0,0,0,0,0,0,0,0,0,,0,0,0.00399999988687227
2,24411120,A244_IOFF_GND_C:passCurrentHigh_uA[1]/PIN8,u,A,-0.200000002337219,0.899999974990351,,,0.000999999971718069,0.0230000001266717,0.00499999996961265,0.00700000013509339,0,0,0,0,0,0.000999999971718069,0,,0.0189999997957102,0,0.0110000000219657
2,24411120,A244_IOFF_GND_C:passCurrentHigh_uA[1]/PIN1,u,A,-0.200000002337219,0.899999974990351,,,0,0,0,0.00300000002617651,0,0.000999999971718069,0,0,0,0,0,,0,0,0
2,24411120,A244_IOFF_GND_C:passCurrentHigh_uA[1]/PIN19,u,A,-0.200000002337219,0.899999974990351,,,0,0.000999999971718069,0.000999999971718069,0,0.00999999993922529,0,0,0,0.00399999988687227,0,0.0220000000439313,,0,0,0
2,24411120,A244_IOFF_GND_C:passCurrentHigh_uA[1]/PIN17,u,A,-0.200000002337219,0.899999974990351,,,0.000999999971718069,0.000999999971718069,0.00899999985648492,0,0,0,0,0,0.00399999988687227,0.0280000005403735,0,,0,0,0
2,24411120,A244_IOFF_GND_C:passCurrentHigh_uA[1]/PIN15,u,A,-0.200000002337219,0.899999974990351,,,0,0,0,0,0,0,0,0,0.0130000001874464,0.00300000002617651,0.00300000002617651,,0.000999999971718069,0.00899999985648492,0
2,24411120,A244_IOFF_GND_C:passCurrentHigh_uA[1]/PIN13,u,A,-0.200000002337219,0.899999974990351,,,0.000999999971718069,0.00300000002617651,0,0,0,0,0,0,0,0,0,,0,0,0
2,24411120,A244_IOFF_GND_C:passCurrentHigh_uA[1]/PIN11,u,A,-0.200000002337219,0.899999974990351,,,0,0.000999999971718069,0,0,0,0,0.00199999994343614,0,0,0.0149999994647487,0,,0.000999999971718069,0.00300000002617651,0
2,24411120,A244_IOFF_GND_C:passCurrentHigh_uA[1]/PIN12,u,A,-0.200000002337219,0.899999974990351,,,0.00499999996961265,0,0,0.00799999977374455,0,0,0,0.00300000002617651,0,0,0,,0,0.00399999988687227,0
2,24411120,A244_IOFF_GND_C:passCurrentHigh_uA[1]/PIN14,u,A,-0.200000002337219,0.899999974990351,,,0,0.00199999994343614,0,0.00300000002617651,0,0.00199999994343614,0,0,0,0,0,,0,0,0.0570000011634875
2,24411120,A244_IOFF_GND_C:passCurrentHigh_uA[1]/PIN16,u,A,-0.200000002337219,0.899999974990351,,,0,0,0,0.012000000104706,0,0,0,0,0,0.00199999994343614,0.000999999971718069,,0.00199999994343614,0.000999999971718069,0
2,24411120,A244_IOFF_GND_C:passCurrentHigh_uA[1]/PIN18,u,A,-0.200000002337219,0.899999974990351,,,0,0.00600000005235302,0.000999999971718069,0,0,0,0.00199999994343614,0,0.000999999971718069,0,0.00300000002617651,,0,0.00300000002617651,0
2,24411120,A244_IOFF_GND_C:passCurrentHigh_uA[1]/PIN3,u,A,-0.200000002337219,0.899999974990351,,,0,0,0,0,0.000999999971718069,0,0.000999999971718069,0.0240000002094121,0,0.00600000005235302,0,,0.00799999977374455,0,0
2,24411120,A244_IOFF_GND_C:passCurrentHigh_uA[1]/PIN5,u,A,-0.200000002337219,0.899999974990351,,,0,0,0,0,0,0.00399999988687227,0,0,0.0220000000439313,0.0399999997569012,0.00499999996961265,,0,0,0.0179999997129698
2,24411120,A244_IOFF_GND_C:passCurrentHigh_uA[1]/PIN7,u,A,-0.200000002337219,0.899999974990351,,,0,0.00600000005235302,0,0.00300000002617651,0,0,0.000999999971718069,0.00300000002617651,0,0,0,,0.000999999971718069,0,0.000999999971718069
2,24411120,A244_IOFF_GND_C:passCurrentHigh_uA[1]/PIN9,u,A,-0.200000002337219,0.899999974990351,,,0,0,0.0110000000219657,0,0,0.000999999971718069,0,0,0,0,0,,0.00899999985648492,0,0
2,24411150,A244_PSHORTS_VCC_C:passCurrLimit_uA[1]#VCC_PIN20,_,A,-0.00999999977648258,0.00999999977648258,,,0.000120128643175121,0.000124831887660548,0.000121696393762249,0.000124439946375787,0.000123656078358181,0.000123656078358181,0.000124831887660548,0.000124048005091026,0.000122088327771053,0.000126791564980522,0.000119736709166318,,0.000123656078358181,0.000120912518468685,0.000117777024570387
2,0,A244_TRAFFIC_C:Functional[1],_,fail_cycle,,-0.5,,,-1,-1,-1,-1,-1,-1,-1,-1,-1,-1,-1,,-1,-1,-1
2,0,A244_TRAFFIC_C_1:Functional[1],_,fail_cycle,,-0.5,,,-1,-1,-1,-1,-1,-1,-1,-1,-1,-1,-1,,-1,-1,-1
2,24411170,A244_ICCH_VCC_C:passCurrLimit_uA[1]#VCC_PIN20,u,A,19.9999994947575,119.999996968545,,,98.4845246421173,98.989468824584,99.2656132439151,97.3878486547619,96.8276726780459,96.4489663601853,98.7448875093833,97.1195986494422,97.0959299593233,98.4056241577491,96.1018158704974,,98.1294870143756,97.2379421000369,98.752774647437
2,24411190,A244_ICCL_VCC_C:passCurrLimit_uA[1]#VCC_PIN20,u,A,0,134.999994770624,,,109.680098830722,110.421737190336,110.776774818078,108.693879155908,108.054809970781,107.415740785655,110.082481114659,108.536085463129,108.070591522846,109.474967757706,106.839783256873,,109.143598820083,108.204716525506,109.924680145923
2,0,A244_ICCX_VCC_C:passCurrLimit_uA[1]#VCC_PIN20,_,,,,,,97.6889190673828,98.0005340576172,98.3910293579102,96.4779815673828,95.8981475830078,95.6930389404297,97.8112030029297,96.091423034668,96.0835418701172,97.5429763793945,95.0145874023438,,97.2708129882812,96.3714752197266,97.9453125
2,0,A244_VILH_C:VILH_VCC_5.5000[1],_,fail_cycle,,-0.5,,,-1,-1,-1,-1,-1,-1,-1,-1,-1,-1,-1,,-1,-1,-1
2,0,A244_VILH_C:VILH_VCC_4.5000[1],_,fail_cycle,,-0.5,,,-1,-1,-1,-1,-1,-1,-1,-1,-1,-1,-1,,-1,-1,-1
2,0,A244_VILH_C:VILH_VCC_3.6000[1],_,fail_cycle,,-0.5,,,-1,-1,-1,-1,-1,-1,-1,-1,-1,-1,-1,,-1,-1,-1
2,0,A244_VILH_C:VILH_VCC_3.0000[1],_,fail_cycle,,-0.5,,,-1,-1,-1,-1,-1,-1,-1,-1,-1,-1,-1,,-1,-1,-1
2,0,A244_VILH_C:VILH_VCC_2.7000[1],_,fail_cycle,,-0.5,,,-1,-1,-1,-1,-1,-1,-1,-1,-1,-1,-1,,-1,-1,-1
2,0,A244_VILH_C:VILH_VCC_2.3000[1],_,fail_cycle,,-0.5,,,-1,-1,-1,-1,-1,-1,-1,-1,-1,-1,-1,,-1,-1,-1
2,0,A244_VILH_C:VILH_VCC_1.9500[1],_,fail_cycle,,-0.5,,,-1,-1,-1,-1,-1,-1,-1,-1,-1,-1,-1,,-1,-1,-1
2,0,A244_VILH_C:VILH_VCC_1.6500[1],_,fail_cycle,,-0.5,,,-1,-1,-1,-1,-1,-1,-1,-1,-1,-1,-1,,-1,-1,-1
2,0,A244_VILH_C:VILH_VCC_1.4000[1],_,fail_cycle,,-0.5,,,-1,-1,-1,-1,-1,-1,-1,-1,-1,-1,-1,,-1,-1,-1
2,24411720,A244_VOLH_C:VOL_VCCY_1.40_IOL_0.10[1]/PIN12,_,V,0,0.550000011920929,,,0.00654800003394485,0.00671999994665384,0.00666300021111965,0.00660600000992417,0.00654800003394485,0.00660600000992417,0.00654800003394485,0.00660600000992417,0.00643400009721518,0.00666300021111965,0.00666300021111965,,0.00654800003394485,0.00666300021111965,0.00666300021111965
2,24411720,A244_VOLH_C:VOL_VCCY_1.40_IOL_0.10[1]/PIN14,_,V,0,0.550000011920929,,,0.00649099983274937,0.00671999994665384,0.00671999994665384,0.00660499976947904,0.00654800003394485,0.00660499976947904,0.00660499976947904,0.00666300021111965,0.00631899992004037,0.00666300021111965,0.00654800003394485,,0.00660499976947904,0.00666300021111965,0.00660499976947904
2,24411720,A244_VOLH_C:VOL_VCCY_1.40_IOL_0.10[1]/PIN16,_,V,0,0.550000011920929,,,0.00655299983918667,0.00672500021755695,0.00678199995309114,0.00666699977591634,0.00661000004038215,0.00661000004038215,0.00655299983918667,0.00666699977591634,0.00638099992647767,0.00678199995309114,0.00666699977591634,,0.00666699977591634,0.00678199995309114,0.00666699977591634
2,24411720,A244_VOLH_C:VOL_VCCY_1.40_IOL_0.10[1]/PIN18,_,V,0,0.550000011920929,,,0.00655299983918667,0.00672399997711182,0.00672399997711182,0.00661000004038215,0.00661000004038215,0.00666699977591634,0.00661000004038215,0.00661000004038215,0.00643800012767315,0.00678199995309114,0.00666699977591634,,0.00649499986320734,0.00661000004038215,0.00672399997711182
2,24411720,A244_VOLH_C:VOL_VCCY_1.40_IOL_0.10[1]/PIN3,_,V,0,0.550000011920929,,,0.00638099992647767,0.00661000004038215,0.00655299983918667,0.00649499986320734,0.00655299983918667,0.00649499986320734,0.00638099992647767,0.00655299983918667,0.00620900001376867,0.00655299983918667,0.00643800012767315,,0.00643800012767315,0.00649499986320734,0.00643800012767315
2,24411720,A244_VOLH_C:VOL_VCCY_1.40_IOL_0.10[1]/PIN5,_,V,0,0.550000011920929,,,0.00643800012767315,0.00661000004038215,0.00661000004038215,0.00649600010365248,0.00643800012767315,0.00661000004038215,0.00649600010365248,0.00655299983918667,0.00632400019094348,0.00666699977591634,0.00649600010365248,,0.00649600010365248,0.00655299983918667,0.00649600010365248
2,24411720,A244_VOLH_C:VOL_VCCY_1.40_IOL_0.10[1]/PIN7,_,V,0,0.550000011920929,,,0.0063769998960197,0.00654800003394485,0.00660600000992417,0.00654800003394485,0.00654800003394485,0.00649099983274937,0.00643400009721518,0.00649099983274937,0.00632000016048551,0.00660600000992417,0.00649099983274937,,0.00643400009721518,0.00649099983274937,0.00654800003394485
2,24411720,A244_VOLH_C:VOL_VCCY_1.40_IOL_0.10[1]/PIN9,_,V,0,0.550000011920929,,,0.00649099983274937,0.00660499976947904,0.00654800003394485,0.00649099983274937,0.00643400009721518,0.00643400009721518,0.00643400009721518,0.00643400009721518,0.00626200018450618,0.00649099983274937,0.00649099983274937,,0.00643400009721518,0.00654800003394485,0.00643400009721518
2,24411730,A244_VOLH_C:VOH_VCCY_1.40_IOH_-0.10[1]/PIN12,_,V,1.25,1.64999997615814,,,1.39358997344971,1.39336097240448,1.39330399036407,1.39330399036407,1.39336097240448,1.39341795444489,1.39341795444489,1.39324700832367,1.39358997344971,1.39324700832367,1.39324700832367,,1.39341795444489,1.39330399036407,1.39341795444489
2,24411730,A244_VOLH_C:VOH_VCCY_1.40_IOH_-0.10[1]/PIN14,_,V,1.25,1.64999997615814,,,1.39361500740051,1.39332902431488,1.39321494102478,1.39332902431488,1.39338600635529,1.39327204227448,1.39338600635529,1.39321494102478,1.3935010433197,1.39321494102478,1.39321494102478,,1.39338600635529,1.39321494102478,1.39338600635529
2,24411730,A244_VOLH_C:VOH_VCCY_1.40_IOH_-0.10[1]/PIN16,_,V,1.25,1.64999997615814,,,1.39365601539612,1.39348495006561,1.39331305027008,1.39337003231049,1.39342701435089,1.39337003231049,1.39348495006561,1.39319801330566,1.39365601539612,1.39331305027008,1.39337003231049,,1.39348495006561,1.39337003231049,1.39342701435089
2,24411730,A244_VOLH_C:VOH_VCCY_1.40_IOH_-0.10[1]/PIN18,_,V,1.25,1.64999997615814,,,1.39356696605682,1.39339601993561,1.3933379650116,1.3933379650116,1.39339601993561,1.3933379650116,1.3933379650116,1.39328098297119,1.39356696605682,1.39322400093079,1.39322400093079,,1.39345300197601,1.3933379650116,1.39345300197601
2,24411730,A244_VOLH_C:VOH_VCCY_1.40_IOH_-0.10[1]/PIN3,_,V,1.25,1.64999997615814,,,1.39345300197601,1.3933379650116,1.39316701889038,1.39328098297119,1.39328098297119,1.39316701889038,1.39339601993561,1.39339601993561,1.39345300197601,1.39316701889038,1.39316701889038,,1.39339601993561,1.39322400093079,1.39328098297119
2,24411730,A244_VOLH_C:VOH_VCCY_1.40_IOH_-0.10[1]/PIN5,_,V,1.25,1.64999997615814,,,1.39354205131531,1.39331305027008,1.39314103126526,1.39325594902039,1.39331305027008,1.39319801330566,1.39331305027008,1.39325594902039,1.39354205131531,1.39308404922485,1.39325594902039,,1.39331305027008,1.39325594902039,1.39342701435089
2,24411730,A244_VOLH_C:VOH_VCCY_1.40_IOH_-0.10[1]/PIN7,_,V,1.25,1.64999997615814,,,1.39347505569458,1.39313197135925,1.39313197135925,1.39318895339966,1.39324700832367,1.39313197135925,1.39341795444489,1.39318895339966,1.39341795444489,1.39307498931885,1.39318895339966,,1.39330399036407,1.39318895339966,1.39330399036407
2,24411730,A244_VOLH_C:VOH_VCCY_1.40_IOH_-0.10[1]/PIN9,_,V,1.25,1.64999997615814,,,1.39344298839569,1.39315700531006,1.39310002326965,1.39321494102478,1.39327204227448,1.39310002326965,1.39332902431488,1.39315700531006,1.39344298839569,1.39310002326965,1.39315700531006,,1.39327204227448,1.39315700531006,1.39338600635529
2,24411220,A244_VOLH_C:VOL_VCCY_5.50_IOL_0.10[1]/PIN12,_,V,0,0.0469999983906746,,,0.00294500007294118,0.00305900000967085,0.00294500007294118,0.00294500007294118,0.00294500007294118,0.00300200004130602,0.00294500007294118,0.00294500007294118,0.00282999989576638,0.00300200004130602,0.00294500007294118,,0.00288700009696186,0.00294500007294118,0.00300200004130602
2,24411220,A244_VOLH_C:VOL_VCCY_5.50_IOL_0.10[1]/PIN14,_,V,0,0.0469999983906746,,,0.00294400006532669,0.00300200004130602,0.00300200004130602,0.00294400006532669,0.00300200004130602,0.00294400006532669,0.00288700009696186,0.00294400006532669,0.00288700009696186,0.00294400006532669,0.00300200004130602,,0.00288700009696186,0.00294400006532669,0.00300200004130602
2,24411220,A244_VOLH_C:VOL_VCCY_5.50_IOL_0.10[1]/PIN16,_,V,0,0.0469999983906746,,,0.00300400005653501,0.00306100002489984,0.00311799999326468,0.00294700008817017,0.00294700008817017,0.00306100002489984,0.00300400005653501,0.00300400005653501,0.00288900011219084,0.00300400005653501,0.00300400005653501,,0.00294700008817017,0.00294700008817017,0.00294700008817017
2,24411220,A244_VOLH_C:VOL_VCCY_5.50_IOL_0.10[1]/PIN18,_,V,0,0.0469999983906746,,,0.00300400005653501,0.00306100002489984,0.00300400005653501,0.00300400005653501,0.00300400005653501,0.00300400005653501,0.00294600008055568,0.00294600008055568,0.00288900011219084,0.00294600008055568,0.00294600008055568,,0.00294600008055568,0.00294600008055568,0.00300400005653501
2,24411220,A244_VOLH_C:VOL_VCCY_5.50_IOL_0.10[1]/PIN3,_,V,0,0.0469999983906746,,,0.00277499994263053,0.00300400005653501,0.00288900011219084,0.00288900011219084,0.00283199991099536,0.00283199991099536,0.00283199991099536,0.00294600008055568,0.00277499994263053,0.00294600008055568,0.00283199991099536,,0.00283199991099536,0.00288900011219084,0.00294600008055568
2,24411220,A244_VOLH_C:VOL_VCCY_5.50_IOL_0.10[1]/PIN5,_,V,0,0.0469999983906746,,,0.00288900011219084,0.00288900011219084,0.00294700008817017,0.00283199991099536,0.00288900011219084,0.00288900011219084,0.00294700008817017,0.00294700008817017,0.00283199991099536,0.00294700008817017,0.00300400005653501,,0.00283199991099536,0.00283199991099536,0.00288900011219084
2,24411220,A244_VOLH_C:VOL_VCCY_5.50_IOL_0.10[1]/PIN7,_,V,0,0.0469999983906746,,,0.00288700009696186,0.00288700009696186,0.00282999989576638,0.00288700009696186,0.00277299992740154,0.00282999989576638,0.00282999989576638,0.00288700009696186,0.00277299992740154,0.00288700009696186,0.00288700009696186,,0.00282999989576638,0.00282999989576638,0.00294500007294118
2,24411220,A244_VOLH_C:VOL_VCCY_5.50_IOL_0.10[1]/PIN9,_,V,0,0.0469999983906746,,,0.00282999989576638,0.00294400006532669,0.00277299992740154,0.00282999989576638,0.00282999989576638,0.00282999989576638,0.00282999989576638,0.00277299992740154,0.00271599995903671,0.00282999989576638,0.00282999989576638,,0.00277299992740154,0.00288700009696186,0.00288700009696186
2,24411230,A244_VOLH_C:VOH_VCCY_5.50_IOH_-0.10[1]/PIN12,_,V,5.40500020980835,5.5,,,5.49709796905518,5.49709796905518,5.49709796905518,5.49709796905518,5.49709796905518,5.49709796905518,5.49709796905518,5.49698400497437,5.49709796905518,5.49698400497437,5.49709796905518,,5.4972128868103,5.49709796905518,5.49698400497437
2,24411230,A244_VOLH_C:VOH_VCCY_5.50_IOH_-0.10[1]/PIN14,_,V,5.40500020980835,5.5,,,5.49717378616333,5.4971170425415,5.49700307846069,5.49705982208252,5.49705982208252,5.49694585800171,5.49700307846069,5.49700307846069,5.49700307846069,5.49700307846069,5.49688816070557,,5.4971170425415,5.49700307846069,5.49700307846069
2,24411230,A244_VOLH_C:VOH_VCCY_5.50_IOH_-0.10[1]/PIN16,_,V,5.40500020980835,5.5,,,5.49723100662231,5.49717283248901,5.49711608886719,5.49717283248901,5.49717283248901,5.49711608886719,5.49723100662231,5.4970588684082,5.4972882270813,5.49717283248901,5.49711608886719,,5.4972882270813,5.49717283248901,5.4970588684082
2,24411230,A244_VOLH_C:VOH_VCCY_5.50_IOH_-0.10[1]/PIN18,_,V,5.40500020980835,5.5,,,5.49726915359497,5.49715423583984,5.49709701538086,5.49709701538086,5.49709701538086,5.49703979492188,5.49709701538086,5.49703979492188,5.49721097946167,5.49703979492188,5.49703979492188,,5.49721097946167,5.49709701538086,5.49709701538086
2,24411230,A244_VOLH_C:VOH_VCCY_5.50_IOH_-0.10[1]/PIN3,_,V,5.40500020980835,5.5,,,5.49721097946167,5.49715423583984,5.49703979492188,5.49703979492188,5.49698209762573,5.49703979492188,5.49709701538086,5.49703979492188,5.49703979492188,5.49698209762573,5.49692487716675,,5.49715423583984,5.49703979492188,5.49709701538086
2,24411230,A244_VOLH_C:VOH_VCCY_5.50_IOH_-0.10[1]/PIN5,_,V,5.40500020980835,5.5,,,5.49711608886719,5.497230052948,5.4970588684082,5.49700117111206,5.4970588684082,5.49700117111206,5.49717283248901,5.4970588684082,5.49711608886719,5.49694395065308,5.49694395065308,,5.4970588684082,5.49700117111206,5.49700117111206
2,24411230,A244_VOLH_C:VOH_VCCY_5.50_IOH_-0.10[1]/PIN7,_,V,5.40500020980835,5.5,,,5.49705982208252,5.49700307846069,5.49694585800171,5.49694585800171,5.49688816070557,5.49694585800171,5.49700307846069,5.49700307846069,5.49700307846069,5.49700307846069,5.49683094024658,,5.49700307846069,5.49700307846069,5.49700307846069
2,24411230,A244_VOLH_C:VOH_VCCY_5.50_IOH_-0.10[1]/PIN9,_,V,5.40500020980835,5.5,,,5.49704122543335,5.49715518951416,5.49698400497437,5.49698400497437,5.49698400497437,5.49692678451538,5.49698400497437,5.49698400497437,5.49704122543335,5.49681186676025,5.49686908721924,,5.49715518951416,5.49698400497437,5.49698400497437
2,24411240,A244_VOLH_C:VOL_VCCY_1.65_IOL_1.00[1]/PIN12,_,V,0,0.0750000029802322,,,0.0547150000929832,0.0557439997792244,0.0558589994907379,0.0551149994134903,0.0551149994134903,0.0552299991250038,0.0546000003814697,0.0551149994134903,0.0533990003168583,0.0556869991123676,0.0554580017924309,,0.054542999714613,0.0554580017924309,0.0551149994134903
2,24411240,A244_VOLH_C:VOL_VCCY_1.65_IOL_1.00[1]/PIN14,_,V,0,0.0750000029802322,,,0.0543130002915859,0.0555140003561974,0.0557430014014244,0.05494200065732,0.05494200065732,0.0551710017025471,0.054712999612093,0.0552860014140606,0.052997000515461,0.0555719994008541,0.0552860014140606,,0.054542001336813,0.0548279993236065,0.0551710017025471
2,24411240,A244_VOLH_C:VOL_VCCY_1.65_IOL_1.00[1]/PIN16,_,V,0,0.0750000029802322,,,0.0544649995863438,0.0557809993624687,0.0557809993624687,0.0549230016767979,0.0547510012984276,0.0551519989967346,0.0546940006315708,0.0553810000419617,0.0534350015223026,0.0560679994523525,0.0553810000419617,,0.0549230016767979,0.0550949983298779,0.0551519989967346
2,24411240,A244_VOLH_C:VOL_VCCY_1.65_IOL_1.00[1]/PIN18,_,V,0,0.0750000029802322,,,0.0545209981501102,0.0558370016515255,0.055952001363039,0.0552080012857914,0.0553219988942146,0.0554369986057281,0.0548069998621941,0.0553219988942146,0.0534330010414124,0.0561240017414093,0.0553219988942146,,0.0547499991953373,0.0550930015742779,0.0550930015742779
2,24411240,A244_VOLH_C:VOL_VCCY_1.65_IOL_1.00[1]/PIN3,_,V,0,0.0750000029802322,,,0.0542920008301735,0.0554369986057281,0.0552649982273579,0.0542920008301735,0.0548069998621941,0.0549219995737076,0.0538339987397194,0.0547499991953373,0.0529179982841015,0.0553800016641617,0.0549219995737076,,0.0541200004518032,0.0545209981501102,0.0547499991953373
2,24411240,A244_VOLH_C:VOL_VCCY_1.65_IOL_1.00[1]/PIN5,_,V,0,0.0750000029802322,,,0.0538920015096664,0.055553000420332,0.0554380007088184,0.0545790009200573,0.0546940006315708,0.0547510012984276,0.054407998919487,0.0550949983298779,0.0531480014324188,0.0554380007088184,0.0553239993751049,,0.0546369999647141,0.0546369999647141,0.0548660010099411
2,24411240,A244_VOLH_C:VOL_VCCY_1.65_IOL_1.00[1]/PIN7,_,V,0,0.0750000029802322,,,0.0538569986820221,0.0550579987466335,0.0551720000803471,0.054542999714613,0.054372001439333,0.054542999714613,0.0541430003941059,0.05477200075984,0.0527699999511242,0.0552299991250038,0.0548859983682632,,0.0540280006825924,0.0543139986693859,0.0546579994261265
2,24411240,A244_VOLH_C:VOL_VCCY_1.65_IOL_1.00[1]/PIN9,_,V,0,0.0750000029802322,,,0.0539130009710789,0.0549999997019768,0.0551140010356903,0.0539130009710789,0.0541409999132156,0.0539700016379356,0.0535690002143383,0.0543130002915859,0.0525970011949539,0.0547709986567497,0.0544270016252995,,0.0540269985795021,0.0541989989578724,0.0541989989578724
2,24411250,A244_VOLH_C:VOH_VCCY_1.65_IOH_-1.00[1]/PIN12,_,V,1.50499999523163,1.64999997615814,,,1.59437799453735,1.59157502651215,1.59191799163818,1.59226202964783,1.59271895885468,1.59209001064301,1.5929479598999,1.59128904342651,1.59386301040649,1.59111702442169,1.59174704551697,,1.59283399581909,1.59237599372864,1.59277594089508
2,24411250,A244_VOLH_C:VOH_VCCY_1.65_IOH_-1.00[1]/PIN14,_,V,1.50499999523163,1.64999997615814,,,1.59422695636749,1.59170997142792,1.59199595451355,1.5923969745636,1.59308302402496,1.59188199043274,1.59279704093933,1.59136700630188,1.59377002716064,1.59125304222107,1.5915390253067,,1.59262597560883,1.59176802635193,1.5925110578537
2,24411250,A244_VOLH_C:VOH_VCCY_1.65_IOH_-1.00[1]/PIN16,_,V,1.50499999523163,1.64999997615814,,,1.59446394443512,1.59200203418732,1.59200203418732,1.5925749540329,1.59303200244904,1.59200203418732,1.59280395507812,1.59148705005646,1.59377694129944,1.59148705005646,1.59177303314209,,1.59303200244904,1.59228801727295,1.592689037323
2,24411250,A244_VOLH_C:VOH_VCCY_1.65_IOH_-1.00[1]/PIN18,_,V,1.50499999523163,1.64999997615814,,,1.594771027565,1.59236598014832,1.59230899810791,1.59299600124359,1.59351098537445,1.59271001815796,1.59333896636963,1.5921950340271,1.59459900856018,1.59196603298187,1.59242403507233,,1.59345400333405,1.59276700019836,1.59333896636963
2,24411250,A244_VOLH_C:VOH_VCCY_1.65_IOH_-1.00[1]/PIN3,_,V,1.50499999523163,1.64999997615814,,,1.59425497055054,1.59213697910309,1.59185099601746,1.59271001815796,1.59299600124359,1.59265303611755,1.59339702129364,1.59213697910309,1.59425497055054,1.59173703193665,1.59236598014832,,1.59288203716278,1.59253799915314,1.59316802024841
2,24411250,A244_VOLH_C:VOH_VCCY_1.65_IOH_-1.00[1]/PIN5,_,V,1.50499999523163,1.64999997615814,,,1.59394800662994,1.59165894985199,1.59148705005646,1.59200203418732,1.59246003627777,1.59165894985199,1.5925749540329,1.59125804901123,1.59349000453949,1.591029047966,1.59177303314209,,1.59246003627777,1.5918300151825,1.59263205528259
2,24411250,A244_VOLH_C:VOH_VCCY_1.65_IOH_-1.00[1]/PIN7,_,V,1.50499999523163,1.64999997615814,,,1.59374904632568,1.59111702442169,1.59134602546692,1.59191799163818,1.59231901168823,1.59140300750732,1.59231901168823,1.59094595909119,1.59323394298553,1.59071695804596,1.59111702442169,,1.59180402755737,1.59140300750732,1.59214699268341
2,24411250,A244_VOLH_C:VOH_VCCY_1.65_IOH_-1.00[1]/PIN9,_,V,1.50499999523163,1.64999997615814,,,1.59377002716064,1.59113800525665,1.59136700630188,1.5915390253067,1.59216797351837,1.59142398834229,1.59233999252319,1.59125304222107,1.59348404407501,1.59073805809021,1.59131002426147,,1.59199595451355,1.59188199043274,1.59216797351837
2,24411260,A244_VOLH_C:VOL_VCCY_5.50_IOL_1.00[1]/PIN12,_,V,0,0.0750000029802322,,,0.0292589999735355,0.029602000489831,0.029602000489831,0.0294300001114607,0.0293160006403923,0.0293729994446039,0.0292589999735355,0.0294300001114607,0.0284579992294312,0.0293729994446039,0.0296589992940426,,0.0289730001240969,0.0293160006403923,0.0294870007783175
2,24411260,A244_VOLH_C:VOL_VCCY_5.50_IOL_1.00[1]/PIN14,_,V,0,0.0750000029802322,,,0.029144000262022,0.0295439995825291,0.0296580009162426,0.0293719992041588,0.0294300001114607,0.0292579997330904,0.0292010009288788,0.0294870007783175,0.0284000001847744,0.0294300001114607,0.0297730006277561,,0.0289719998836517,0.029144000262022,0.0294300001114607
2,24411260,A244_VOLH_C:VOL_VCCY_5.50_IOL_1.00[1]/PIN16,_,V,0,0.0750000029802322,,,0.0291639994829893,0.0297359991818666,0.0296219997107983,0.0293930005282164,0.0293349996209145,0.0293349996209145,0.0291639994829893,0.0295640006661415,0.0284199994057417,0.0295069999992847,0.0297929998487234,,0.0291639994829893,0.0292780008167028,0.0295069999992847
2,24411260,A244_VOLH_C:VOL_VCCY_5.50_IOL_1.00[1]/PIN18,_,V,0,0.0750000029802322,,,0.0292770005762577,0.0297929998487234,0.0297350008040667,0.0295059997588396,0.0295059997588396,0.0294489990919828,0.0293349996209145,0.0296209994703531,0.0285909995436668,0.0296209994703531,0.0299069993197918,,0.0290489997714758,0.0292770005762577,0.0296209994703531
2,24411260,A244_VOLH_C:VOL_VCCY_5.50_IOL_1.00[1]/PIN3,_,V,0,0.0750000029802322,,,0.0288200005888939,0.0291060004383326,0.0291060004383326,0.028761999681592,0.0290489997714758,0.0288769993931055,0.0288200005888939,0.028991000726819,0.0280179996043444,0.0289340000599623,0.0292770005762577,,0.0284759998321533,0.0285330004990101,0.0290489997714758
2,24411260,A244_VOLH_C:VOL_VCCY_5.50_IOL_1.00[1]/PIN5,_,V,0,0.0750000029802322,,,0.0287629999220371,0.0292210001498461,0.0291639994829893,0.0289350003004074,0.0288769993931055,0.0288769993931055,0.0287629999220371,0.0291060004383326,0.0281329993158579,0.0289350003004074,0.0293930005282164,,0.0288769993931055,0.0288200005888939,0.0291639994829893
2,24411260,A244_VOLH_C:VOL_VCCY_5.50_IOL_1.00[1]/PIN7,_,V,0,0.0750000029802322,,,0.0287439990788698,0.0290300007909536,0.029144000262022,0.0289730001240969,0.0288580004125834,0.0288009997457266,0.0286870002746582,0.0290300007909536,0.0279430001974106,0.0290300007909536,0.0292589999735355,,0.0285149998962879,0.0286289993673563,0.0289730001240969
2,24411260,A244_VOLH_C:VOL_VCCY_5.50_IOL_1.00[1]/PIN9,_,V,0,0.0750000029802322,,,0.0283429995179176,0.0287430007010698,0.0287430007010698,0.0284000001847744,0.0284000001847744,0.028286000713706,0.0283429995179176,0.0285139996558428,0.0276560001075268,0.0284570008516312,0.0288580004125834,,0.0281709991395473,0.0283429995179176,0.0286289993673563
2,24411270,A244_VOLH_C:VOH_VCCY_5.50_IOH_-1.00[1]/PIN12,_,V,5.35500001907349,5.5,,,5.47084188461304,5.46987009048462,5.47004079818726,5.47015619277954,5.47032690048218,5.47015619277954,5.47027015686035,5.46975517272949,5.47095584869385,5.46998405456543,5.46975517272949,,5.47055578231812,5.47015619277954,5.47021293640137
2,24411270,A244_VOLH_C:VOH_VCCY_5.50_IOH_-1.00[1]/PIN14,_,V,5.35500001907349,5.5,,,5.47097396850586,5.47011613845825,5.47011613845825,5.47023105621338,5.4705171585083,5.47000217437744,5.47017288208008,5.46965885162354,5.47080278396606,5.46983003616333,5.46960115432739,,5.47023105621338,5.47005891799927,5.47017288208008
2,24411270,A244_VOLH_C:VOH_VCCY_5.50_IOH_-1.00[1]/PIN16,_,V,5.35500001907349,5.5,,,5.47118711471558,5.47038602828979,5.47032880783081,5.47044277191162,5.47072887420654,5.47032880783081,5.47049999237061,5.46998500823975,5.47095823287964,5.47015714645386,5.47009992599487,,5.47072887420654,5.47027111053467,5.47038602828979
2,24411270,A244_VOLH_C:VOH_VCCY_5.50_IOH_-1.00[1]/PIN18,_,V,5.35500001907349,5.5,,,5.47168111801147,5.47082185745239,5.47076511383057,5.47088003158569,5.47116613388062,5.47088003158569,5.47093677520752,5.47053623199463,5.47162389755249,5.47065114974976,5.47047901153564,,5.47116613388062,5.47093677520752,5.47105121612549
2,24411270,A244_VOLH_C:VOH_VCCY_5.50_IOH_-1.00[1]/PIN3,_,V,5.35500001907349,5.5,,,5.47139501571655,5.47070789337158,5.47042179107666,5.47053623199463,5.47076511383057,5.47047901153564,5.47076511383057,5.47036504745483,5.47145223617554,5.47042179107666,5.47019290924072,,5.47076511383057,5.47059392929077,5.47076511383057
2,24411270,A244_VOLH_C:VOH_VCCY_5.50_IOH_-1.00[1]/PIN5,_,V,5.35500001907349,5.5,,,5.47066879272461,5.46992492675781,5.46986722946167,5.4699821472168,5.47015380859375,5.46986722946167,5.47009611129761,5.46963787078857,5.47066879272461,5.46981000900269,5.46981000900269,,5.47021102905273,5.4699821472168,5.47003889083862
2,24411270,A244_VOLH_C:VOH_VCCY_5.50_IOH_-1.00[1]/PIN7,_,V,5.35500001907349,5.5,,,5.47057390213013,5.46965885162354,5.46971607208252,5.46983003616333,5.46994495391846,5.46954393386841,5.46977281570435,5.46937322616577,5.4705171585083,5.46954393386841,5.46925783157349,,5.46983003616333,5.46954393386841,5.46977281570435
2,24411270,A244_VOLH_C:VOH_VCCY_5.50_IOH_-1.00[1]/PIN9,_,V,5.35500001907349,5.5,,,5.47027015686035,5.46929693222046,5.46941184997559,5.46946907043457,5.46969795227051,5.46941184997559,5.46964120864868,5.46929693222046,5.47032690048218,5.46929693222046,5.46918296813965,,5.46969795227051,5.46964120864868,5.4695839881897
2,24411660,A244_VOLH_C:VOL_VCCY_1.65_IOL_4.00[1]/PIN12,_,V,0,0.550000011920929,,,0.237654998898506,0.24286100268364,0.244290992617607,0.240344002842903,0.240171998739243,0.240228995680809,0.237654998898506,0.241374000906944,0.231763005256653,0.24286100268364,0.240287005901337,,0.23725500702858,0.241201996803284,0.239942997694016
2,24411660,A244_VOLH_C:VOL_VCCY_1.65_IOL_4.00[1]/PIN14,_,V,0,0.550000011920929,,,0.237878993153572,0.243312999606133,0.245029002428055,0.24073900282383,0.240167006850243,0.241882994771004,0.239365994930267,0.242339998483658,0.231356993317604,0.243655994534492,0.241825997829437,,0.238965004682541,0.240510001778603,0.241367995738983
2,24411660,A244_VOLH_C:VOL_VCCY_1.65_IOL_4.00[1]/PIN16,_,V,0,0.550000011920929,,,0.237068995833397,0.244110003113747,0.243994995951653,0.240045994520187,0.238901004195213,0.240789994597435,0.238556995987892,0.241877004504204,0.232431992888451,0.244625002145767,0.241705998778343,,0.239529997110367,0.240502998232841,0.240731999278069
2,24411660,A244_VOLH_C:VOL_VCCY_1.65_IOL_4.00[1]/PIN18,_,V,0,0.550000011920929,,,0.237121000885963,0.243761003017426,0.24421900510788,0.240669995546341,0.241184994578362,0.240955993533134,0.238323003053665,0.240955993533134,0.23173999786377,0.2449059933424,0.240211993455887,,0.238379999995232,0.240040004253387,0.240097001194954
2,24411660,A244_VOLH_C:VOL_VCCY_1.65_IOL_4.00[1]/PIN3,_,V,0,0.550000011920929,,,0.236433997750282,0.242386996746063,0.241871997714043,0.236204996705055,0.238665997982025,0.239525005221367,0.2343730032444,0.238609001040459,0.229736998677254,0.241585999727249,0.239180997014046,,0.235975995659828,0.237808004021645,0.238552004098892
2,24411660,A244_VOLH_C:VOL_VCCY_1.65_IOL_4.00[1]/PIN5,_,V,0,0.550000011920929,,,0.234549999237061,0.242335006594658,0.24227799475193,0.237641006708145,0.238327994942665,0.238327994942665,0.23649600148201,0.239702001214027,0.230657994747162,0.24176299571991,0.239874005317688,,0.237470000982285,0.237928003072739,0.238386005163193
2,24411660,A244_VOLH_C:VOL_VCCY_1.65_IOL_4.00[1]/PIN7,_,V,0,0.550000011920929,,,0.235194995999336,0.240514993667603,0.241945996880531,0.237827003002167,0.237312003970146,0.238342002034187,0.236167997121811,0.238970994949341,0.229703992605209,0.241487994790077,0.239256992936134,,0.236340001225471,0.237425997853279,0.238342002034187
2,24411660,A244_VOLH_C:VOL_VCCY_1.65_IOL_4.00[1]/PIN9,_,V,0,0.550000011920929,,,0.233989000320435,0.239537999033928,0.240795999765396,0.235532999038696,0.23633399605751,0.235075995326042,0.233073994517326,0.236619994044304,0.227810993790627,0.238850995898247,0.237249001860619,,0.235762000083923,0.23599100112915,0.236449003219604
2,24411670,A244_VOLH_C:VOH_VCCY_1.65_IOH_-4.00[1]/PIN12,_,V,1.25,1.64999997615814,,,1.41721498966217,1.40405797958374,1.40628898143768,1.40817701816559,1.4101790189743,1.40680396556854,1.41166603565216,1.40400099754333,1.41549897193909,1.40331494808197,1.40560305118561,,1.40960705280304,1.4073760509491,1.41040802001953
2,24411670,A244_VOLH_C:VOH_VCCY_1.65_IOH_-4.00[1]/PIN14,_,V,1.25,1.64999997615814,,,1.41786897182465,1.40516996383667,1.40654301643372,1.40900301933289,1.41180598735809,1.40585696697235,1.41083300113678,1.40345394611359,1.41512405872345,1.40333998203278,1.40465497970581,,1.40900301933289,1.40614295005798,1.40928900241852
2,24411670,A244_VOLH_C:VOH_VCCY_1.65_IOH_-4.00[1]/PIN16,_,V,1.25,1.64999997615814,,,1.41838502883911,1.40676498413086,1.40722298622131,1.40945494174957,1.41151595115662,1.40722298622131,1.41094398498535,1.40476095676422,1.4156379699707,1.40464699268341,1.40625,,1.41059994697571,1.40739500522614,1.41082894802094
2,24411670,A244_VOLH_C:VOH_VCCY_1.65_IOH_-4.00[1]/PIN18,_,V,1.25,1.64999997615814,,,1.41881096363068,1.40690398216248,1.40724802017212,1.40982401371002,1.41245698928833,1.40862202644348,1.41205596923828,1.40615999698639,1.41743695735931,1.40570199489594,1.40759098529816,,1.41188395023346,1.40919399261475,1.4122279882431
2,24411670,A244_VOLH_C:VOH_VCCY_1.65_IOH_-4.00[1]/PIN3,_,V,1.25,1.64999997615814,,,1.41634905338287,1.40581703186035,1.40518701076508,1.40822100639343,1.40988099575043,1.40764904022217,1.41142702102661,1.40558803081512,1.41606295108795,1.40409994125366,1.40701901912689,,1.40988099575043,1.40839302539825,1.41045296192169
2,24411670,A244_VOLH_C:VOH_VCCY_1.65_IOH_-4.00[1]/PIN5,_,V,1.25,1.64999997615814,,,1.41666805744171,1.40521895885468,1.40556299686432,1.40733695030212,1.40939795970917,1.40596401691437,1.40979897975922,1.4037309885025,1.41420602798462,1.40281498432159,1.40533399581909,,1.40859699249268,1.40590596199036,1.40951299667358
2,24411670,A244_VOLH_C:VOH_VCCY_1.65_IOH_-4.00[1]/PIN7,_,V,1.25,1.64999997615814,,,1.41578495502472,1.40291404724121,1.4045729637146,1.40600299835205,1.4082909822464,1.40422999858856,1.40840601921082,1.40257096290588,1.41338300704956,1.40102601051331,1.40354299545288,,1.40623199939728,1.40428698062897,1.40777695178986
2,24411670,A244_VOLH_C:VOH_VCCY_1.65_IOH_-4.00[1]/PIN9,_,V,1.25,1.64999997615814,,,1.41500902175903,1.40282499790192,1.404541015625,1.40637099742889,1.40837395191193,1.40494096279144,1.40923202037811,1.40396904945374,1.41420805454254,1.40173804759979,1.40459799766541,,1.40751600265503,1.40625703334808,1.40797305107117
2,24411280,A244_VOLH_C:VOL_VCCY_1.95_IOL_4.00[1]/PIN12,_,V,0,0.795000016689301,,,0.194580003619194,0.198127001523972,0.198984995484352,0.196238994598389,0.196125000715256,0.196238994598389,0.194294005632401,0.197211995720863,0.189775004982948,0.197784006595612,0.197154000401497,,0.193322002887726,0.196296006441116,0.196353003382683
2,24411280,A244_VOLH_C:VOL_VCCY_1.95_IOL_4.00[1]/PIN14,_,V,0,0.795000016689301,,,0.195090994238853,0.198694005608559,0.1997240036726,0.196520999073982,0.196177005767822,0.197378993034363,0.195776998996735,0.198179006576538,0.189713001251221,0.198522999882698,0.198522999882698,,0.194747000932693,0.195949003100395,0.197320997714996
2,24411280,A244_VOLH_C:VOL_VCCY_1.95_IOL_4.00[1]/PIN16,_,V,0,0.795000016689301,,,0.194308996200562,0.199059993028641,0.198773995041847,0.195969000458717,0.195052996277809,0.196540996432304,0.194995999336243,0.19768600165844,0.190358996391296,0.199117004871368,0.198144003748894,,0.195109993219376,0.19573999941349,0.196769997477531
2,24411280,A244_VOLH_C:VOL_VCCY_1.95_IOL_4.00[1]/PIN18,_,V,0,0.795000016689301,,,0.194590002298355,0.199055001139641,0.198998004198074,0.196478992700577,0.196936994791031,0.196823000907898,0.194762006402016,0.197108998894691,0.189897000789642,0.199169993400574,0.197281002998352,,0.194189995527267,0.195506006479263,0.19642199575901
2,24411280,A244_VOLH_C:VOL_VCCY_1.95_IOL_4.00[1]/PIN3,_,V,0,0.795000016689301,,,0.19344599545002,0.197394996881485,0.196936994791031,0.192816004157066,0.194647997617722,0.195219993591309,0.191727995872498,0.195048004388809,0.188007995486259,0.196364998817444,0.19590699672699,,0.191899999976158,0.19344599545002,0.194704994559288
2,24411280,A244_VOLH_C:VOL_VCCY_1.95_IOL_4.00[1]/PIN5,_,V,0,0.795000016689301,,,0.192075997591019,0.197400003671646,0.197284996509552,0.194079995155334,0.194365993142128,0.194365993142128,0.193048998713493,0.196025997400284,0.188813000917435,0.196597993373871,0.196597993373871,,0.193335995078087,0.193792998790741,0.194823995232582
2,24411280,A244_VOLH_C:VOL_VCCY_1.95_IOL_4.00[1]/PIN7,_,V,0,0.795000016689301,,,0.192634999752045,0.196181997656822,0.19709700345993,0.194179996848106,0.19377900660038,0.194580003619194,0.192920997738838,0.195267006754875,0.188172996044159,0.196410998702049,0.196009993553162,,0.192405998706818,0.193378999829292,0.194751992821693
2,24411280,A244_VOLH_C:VOL_VCCY_1.95_IOL_4.00[1]/PIN9,_,V,0,0.795000016689301,,,0.191372007131577,0.194919005036354,0.195890992879868,0.192116007208824,0.192631006240845,0.191772997379303,0.190400004386902,0.193087995052338,0.18639600276947,0.194232001900673,0.194175004959106,,0.191429004073143,0.191944003105164,0.193030998110771
2,24411290,A244_VOLH_C:VOH_VCCY_1.95_IOH_-4.00[1]/PIN12,_,V,1.45500004291534,1.95000004768372,,,1.75340700149536,1.74351096153259,1.74528396129608,1.74682903289795,1.74848699569702,1.74591302871704,1.74906003475189,1.74351096153259,1.75237703323364,1.74322497844696,1.74459803104401,,1.74831604957581,1.74648499488831,1.74831604957581
2,24411290,A244_VOLH_C:VOH_VCCY_1.95_IOH_-4.00[1]/PIN14,_,V,1.45500004291534,1.95000004768372,,,1.75393903255463,1.74455797672272,1.74564504623413,1.74753201007843,1.74976301193237,1.74518704414368,1.74856197834015,1.74335598945618,1.75210797786713,1.74347102642059,1.74370002746582,,1.74764704704285,1.74558699131012,1.7473030090332
2,24411290,A244_VOLH_C:VOH_VCCY_1.95_IOH_-4.00[1]/PIN16,_,V,1.45500004291534,1.95000004768372,,,1.75451397895813,1.74598503112793,1.74621403217316,1.74804604053497,1.74976301193237,1.74650001525879,1.74896097183228,1.74461102485657,1.75262498855591,1.74438202381134,1.74529802799225,,1.7491329908371,1.74678599834442,1.74896097183228
2,24411290,A244_VOLH_C:VOH_VCCY_1.95_IOH_-4.00[1]/PIN18,_,V,1.45500004291534,1.95000004768372,,,1.75498902797699,1.7464599609375,1.74657499790192,1.74852097034454,1.75075304508209,1.74777698516846,1.74972295761108,1.74565899372101,1.7542450428009,1.74560105800629,1.74634599685669,,1.75012302398682,1.74829196929932,1.75000894069672
2,24411290,A244_VOLH_C:VOH_VCCY_1.95_IOH_-4.00[1]/PIN3,_,V,1.45500004291534,1.95000004768372,,,1.75327205657959,1.74542999267578,1.74485695362091,1.74726104736328,1.74846303462982,1.74686098098755,1.74937903881073,1.74508595466614,1.75327205657959,1.74434196949005,1.74594497680664,,1.74869203567505,1.74754798412323,1.74863505363464
2,24411290,A244_VOLH_C:VOH_VCCY_1.95_IOH_-4.00[1]/PIN5,_,V,1.45500004291534,1.95000004768372,,,1.75302600860596,1.74461102485657,1.74478304386139,1.74638605117798,1.74781703948975,1.74547004699707,1.74787402153015,1.74358105659485,1.75142300128937,1.74300801753998,1.74421000480652,,1.7474160194397,1.74547004699707,1.74770200252533
2,24411290,A244_VOLH_C:VOH_VCCY_1.95_IOH_-4.00[1]/PIN7,_,V,1.45500004291534,1.95000004768372,,,1.75226294994354,1.7427099943161,1.74385404586792,1.74505496025085,1.74665701389313,1.74385404586792,1.74654304981232,1.74219501018524,1.75043201446533,1.74145102500916,1.7427099943161,,1.74539804458618,1.74396800994873,1.74602794647217
2,24411290,A244_VOLH_C:VOH_VCCY_1.95_IOH_-4.00[1]/PIN9,_,V,1.45500004291534,1.95000004768372,,,1.75159394741058,1.74249804019928,1.74370002746582,1.74512994289398,1.74673104286194,1.744500041008,1.74696004390717,1.74324202537537,1.75119304656982,1.74186897277832,1.74341404438019,,1.7462170124054,1.74547302722931,1.74633097648621
2,24411300,A244_VOLH_C:VOL_VCCY_2.30_IOL_4.00[1]/PIN12,_,V,0,0.595000028610229,,,0.168551996350288,0.171183004975319,0.171812996268272,0.16958199441433,0.169467002153397,0.16958199441433,0.168209001421928,0.170553997159004,0.164261996746063,0.170610994100571,0.170782998204231,,0.167064994573593,0.169523999094963,0.169810995459557
2,24411300,A244_VOLH_C:VOL_VCCY_2.30_IOL_4.00[1]/PIN14,_,V,0,0.595000028610229,,,0.168948993086815,0.171752005815506,0.172494992613792,0.169977992773056,0.169807001948357,0.170607000589371,0.169405996799469,0.171294003725052,0.164430007338524,0.171237006783485,0.171979993581772,,0.168033003807068,0.169292002916336,0.170779004693031
2,24411300,A244_VOLH_C:VOL_VCCY_2.30_IOL_4.00[1]/PIN16,_,V,0,0.595000028610229,,,0.168435007333755,0.171869993209839,0.171755000948906,0.169523000717163,0.168892994523048,0.16992299258709,0.168606996536255,0.170954003930092,0.164713993668556,0.171582996845245,0.171755000948906,,0.168206006288528,0.169007003307343,0.170151993632317
2,24411300,A244_VOLH_C:VOL_VCCY_2.30_IOL_4.00[1]/PIN18,_,V,0,0.595000028610229,,,0.168546006083488,0.171979993581772,0.171922996640205,0.16991899907589,0.170205995440483,0.17009100317955,0.168603003025055,0.170606002211571,0.164538994431496,0.171808004379272,0.171064004302025,,0.167743995785713,0.168889001011848,0.170205995440483
2,24411300,A244_VOLH_C:VOL_VCCY_2.30_IOL_4.00[1]/PIN3,_,V,0,0.595000028610229,,,0.16711500287056,0.170263007283211,0.169976994395256,0.166657000780106,0.168145000934601,0.168487995862961,0.165797993540764,0.168546006083488,0.16253499686718,0.169232994318008,0.169633001089096,,0.165569007396698,0.166713997721672,0.168145000934601
2,24411300,A244_VOLH_C:VOL_VCCY_2.30_IOL_4.00[1]/PIN5,_,V,0,0.595000028610229,,,0.166317000985146,0.170323997735977,0.17009499669075,0.167576000094414,0.167977005243301,0.167862996459007,0.166832000017166,0.169350996613503,0.163225993514061,0.169350996613503,0.170037999749184,,0.166659995913506,0.167175993323326,0.168320998549461
2,24411300,A244_VOLH_C:VOL_VCCY_2.30_IOL_4.00[1]/PIN7,_,V,0,0.595000028610229,,,0.166721001267433,0.16941000521183,0.170154005289078,0.167750999331474,0.167579993605614,0.167980000376701,0.1667789965868,0.168837994337082,0.162773996591568,0.169295996427536,0.16975300014019,,0.166091993451118,0.166835993528366,0.168322995305061
2,24411300,A244_VOLH_C:VOL_VCCY_2.30_IOL_4.00[1]/PIN9,_,V,0,0.595000028610229,,,0.165459007024765,0.168090999126434,0.168662995100021,0.165802001953125,0.166145995259285,0.165459007024765,0.16448700428009,0.166659995913506,0.160940006375313,0.167174994945526,0.167918995022774,,0.164943993091583,0.165459007024765,0.166546002030373
2,24411310,A244_VOLH_C:VOH_VCCY_2.30_IOH_-4.00[1]/PIN12,_,V,1.80499994754791,2.29999995231628,,,2.12746810913086,2.119460105896,2.12094688415527,2.12220597267151,2.12363600730896,2.12134695053101,2.12374997138977,2.119460105896,2.12666702270508,2.119460105896,2.11997509002686,,2.12357807159424,2.12203407287598,2.1231210231781
2,24411310,A244_VOLH_C:VOH_VCCY_2.30_IOH_-4.00[1]/PIN14,_,V,1.80499994754791,2.29999995231628,,,2.12810611724854,2.12032604217529,2.12129902839661,2.12284302711487,2.12473106384277,2.12101292610168,2.12347292900085,2.11924004554749,2.12661910057068,2.11952590942383,2.11958289146423,,2.1230149269104,2.12135601043701,2.12255692481995
2,24411310,A244_VOLH_C:VOH_VCCY_2.30_IOH_-4.00[1]/PIN16,_,V,1.80499994754791,2.29999995231628,,,2.12870907783508,2.12172508239746,2.12218308448792,2.12338590621948,2.12493109703064,2.12201189994812,2.12401509284973,2.12040901184082,2.12727808952332,2.12063789367676,2.12098097801208,,2.12441611289978,2.12246990203857,2.12395811080933
2,24411310,A244_VOLH_C:VOH_VCCY_2.30_IOH_-4.00[1]/PIN18,_,V,1.80499994754791,2.29999995231628,,,2.12917590141296,2.12236404418945,2.12230706214905,2.12396693229675,2.12585592269897,2.1235089302063,2.12488198280334,2.12156200408936,2.12865996360779,2.12156200408936,2.1219630241394,,2.12551188468933,2.12379503250122,2.12516903877258
2,24411310,A244_VOLH_C:VOH_VCCY_2.30_IOH_-4.00[1]/PIN3,_,V,1.80499994754791,2.29999995231628,,,2.12757301330566,2.12127590179443,2.12070393562317,2.12282204627991,2.12379503250122,2.12259292602539,2.12431001663208,2.1210470199585,2.1278018951416,2.12041807174683,2.12139105796814,,2.12408089637756,2.12310791015625,2.12368011474609
2,24411310,A244_VOLH_C:VOH_VCCY_2.30_IOH_-4.00[1]/PIN5,_,V,1.80499994754791,2.29999995231628,,,2.12739300727844,2.12035202980042,2.12040901184082,2.12189698219299,2.12315702438354,2.12132501602173,2.12292790412903,2.11943602561951,2.12601900100708,2.11914992332458,2.11995100975037,,2.12292790412903,2.1212100982666,2.12269902229309
2,24411310,A244_VOLH_C:VOH_VCCY_2.30_IOH_-4.00[1]/PIN7,_,V,1.80499994754791,2.29999995231628,,,2.12626695632935,2.11871600151062,2.11957406997681,2.12071800231934,2.12203407287598,2.11963105201721,2.12151908874512,2.11814403533936,2.12506604194641,2.11757206916809,2.11837291717529,,2.12094688415527,2.11985993385315,2.12117600440979
2,24411310,A244_VOLH_C:VOH_VCCY_2.30_IOH_-4.00[1]/PIN9,_,V,1.80499994754791,2.29999995231628,,,2.12593197822571,2.11855292320251,2.1194109916687,2.12067008018494,2.1220428943634,2.12015509605408,2.1220428943634,2.11901092529297,2.12558889389038,2.11803793907166,2.11895394325256,,2.12175703048706,2.12101292610168,2.12147092819214
2,24411320,A244_VOLH_C:VOL_VCCY_3.00_IOL_4.00[1]/PIN12,_,V,0,0.395000010728836,,,0.14240899682045,0.14452600479126,0.144697993993759,0.143152996897697,0.143095999956131,0.143039003014565,0.142122998833656,0.143953993916512,0.138690993189812,0.143782004714012,0.144697993993759,,0.140864998102188,0.142753005027771,0.143496006727219
2,24411320,A244_VOLH_C:VOL_VCCY_3.00_IOL_4.00[1]/PIN14,_,V,0,0.395000010728836,,,0.142864003777504,0.144923001527786,0.145438000559807,0.143435999751091,0.143492996692657,0.144007995724678,0.143093004822731,0.144637003540993,0.139088004827499,0.144351005554199,0.14555199444294,,0.141776993870735,0.142807006835938,0.144351005554199
2,24411320,A244_VOLH_C:VOL_VCCY_3.00_IOL_4.00[1]/PIN16,_,V,0,0.395000010728836,,,0.142389997839928,0.145080000162125,0.144794002175331,0.143190994858742,0.142732992768288,0.143305003643036,0.142504006624222,0.144336000084877,0.139127001166344,0.144508004188538,0.145309001207352,,0.141760006546974,0.142446994781494,0.143877997994423
2,24411320,A244_VOLH_C:VOL_VCCY_3.00_IOL_4.00[1]/PIN18,_,V,0,0.395000010728836,,,0.142500996589661,0.145077005028725,0.145018994808197,0.143530994653702,0.143759995698929,0.143588006496429,0.142500996589661,0.14410400390625,0.139065995812416,0.144619002938271,0.144848003983498,,0.14147000014782,0.142443999648094,0.143816992640495
2,24411320,A244_VOLH_C:VOL_VCCY_3.00_IOL_4.00[1]/PIN3,_,V,0,0.395000010728836,,,0.141012996435165,0.143301993608475,0.142902001738548,0.140669003129005,0.141585007309914,0.141928002238274,0.140038996934891,0.142157003283501,0.137177005410194,0.142214998602867,0.143301993608475,,0.139467000961304,0.140440002083778,0.141871005296707
2,24411320,A244_VOLH_C:VOL_VCCY_3.00_IOL_4.00[1]/PIN5,_,V,0,0.395000010728836,,,0.140442997217178,0.143362998962402,0.143190994858742,0.14130200445652,0.141588002443314,0.141415998339653,0.140729993581772,0.142675995826721,0.137695997953415,0.142389997839928,0.143648996949196,,0.140213996171951,0.140671998262405,0.142103001475334
2,24411320,A244_VOLH_C:VOL_VCCY_3.00_IOL_4.00[1]/PIN7,_,V,0,0.395000010728836,,,0.140808001160622,0.142753005027771,0.143209993839264,0.141494005918503,0.141323000192642,0.141551002860069,0.140751004219055,0.14223800599575,0.137318000197411,0.142467007040977,0.143438994884491,,0.139835000038147,0.140465006232262,0.14206600189209
2,24411320,A244_VOLH_C:VOL_VCCY_3.00_IOL_4.00[1]/PIN9,_,V,0,0.395000010728836,,,0.139488995075226,0.141319006681442,0.141605004668236,0.139660000801086,0.139889001846313,0.139374002814293,0.138687998056412,0.140290006995201,0.135599002242088,0.140518993139267,0.141719996929169,,0.138458997011185,0.139030992984772,0.140404000878334
2,24411330,A244_VOLH_C:VOH_VCCY_3.00_IOH_-4.00[1]/PIN12,_,V,2.60500001907349,3,,,2.85367393493652,2.84732389450073,2.84863996505737,2.84955501556396,2.85058498382568,2.84892606735229,2.85064196586609,2.84743809700012,2.85315895080566,2.84755301475525,2.84772396087646,,2.85069894790649,2.84944105148315,2.85006999969482
2,24411330,A244_VOLH_C:VOH_VCCY_3.00_IOH_-4.00[1]/PIN14,_,V,2.60500001907349,3,,,2.85418796539307,2.84823894500732,2.84886908531189,2.85006999969482,2.85161399841309,2.84869694709778,2.85041308403015,2.84732389450073,2.85304403305054,2.84755301475525,2.84726691246033,,2.85024094581604,2.8489830493927,2.84984111785889
2,24411330,A244_VOLH_C:VOH_VCCY_3.00_IOH_-4.00[1]/PIN16,_,V,2.60500001907349,3,,,2.85493898391724,2.8496150970459,2.84973001480103,2.85087490081787,2.85201907157898,2.84973001480103,2.85098910331726,2.84846997261047,2.8538510799408,2.84881401062012,2.84864211082458,,2.85150408744812,2.85018801689148,2.85104608535767
2,24411330,A244_VOLH_C:VOH_VCCY_3.00_IOH_-4.00[1]/PIN18,_,V,2.60500001907349,3,,,2.85538792610168,2.85012197494507,2.85006499290466,2.85126709938049,2.8529839515686,2.85092401504517,2.85189700126648,2.8495500087738,2.85515904426575,2.8495500087738,2.8495500087738,,2.85258388519287,2.8511528968811,2.85212588310242
2,24411330,A244_VOLH_C:VOH_VCCY_3.00_IOH_-4.00[1]/PIN3,_,V,2.60500001907349,3,,,2.85408806800842,2.84928011894226,2.84887909889221,2.85031008720398,2.85122609138489,2.85013794898987,2.85139799118042,2.84899401664734,2.85431694984436,2.8486499786377,2.84905099868774,,2.85128307342529,2.85071110725403,2.85099697113037
2,24411330,A244_VOLH_C:VOH_VCCY_3.00_IOH_-4.00[1]/PIN5,_,V,2.60500001907349,3,,,2.85351610183716,2.84813499450684,2.84836411476135,2.84933710098267,2.85031008720398,2.84887909889221,2.84996700286865,2.84739089012146,2.85271406173706,2.84733295440674,2.84756207466125,,2.85019588470459,2.84893608093262,2.84985208511353
2,24411330,A244_VOLH_C:VOH_VCCY_3.00_IOH_-4.00[1]/PIN7,_,V,2.60500001907349,3,,,2.85247206687927,2.84658002853394,2.84743809700012,2.84812498092651,2.84915494918823,2.84738111495972,2.84869694709778,2.84623694419861,2.85167098045349,2.84600806236267,2.84623694419861,,2.84835410118103,2.84760999679565,2.84858202934265
2,24411330,A244_VOLH_C:VOH_VCCY_3.00_IOH_-4.00[1]/PIN9,_,V,2.60500001907349,3,,,2.85218596458435,2.84640908241272,2.8471519947052,2.84806799888611,2.84915494918823,2.84772396087646,2.8489830493927,2.84686589241028,2.85201501846313,2.84629392623901,2.84652304649353,,2.84909701347351,2.84846806526184,2.84852504730225
2,24411340,A244_VOLH_C:VOL_VCCY_4.50_IOL_4.00[1]/PIN12,_,V,0,0.395000010728836,,,0.122158996760845,0.123760998249054,0.123874999582767,0.122845001518726,0.122845001518726,0.122616998851299,0.122101999819279,0.123418003320694,0.119070000946522,0.122902996838093,0.124218001961708,,0.120958000421524,0.122216001152992,0.12313199788332
2,24411340,A244_VOLH_C:VOL_VCCY_4.50_IOL_4.00[1]/PIN14,_,V,0,0.395000010728836,,,0.122614003717899,0.124215997755527,0.124444000422955,0.123242996633053,0.123185999691486,0.123415000736713,0.122900001704693,0.1239869967103,0.119410000741482,0.123357996344566,0.124958999454975,,0.121583998203278,0.122498996555805,0.123929999768734
2,24411340,A244_VOLH_C:VOL_VCCY_4.50_IOL_4.00[1]/PIN16,_,V,0,0.395000010728836,,,0.122354999184608,0.124301001429558,0.124072000384331,0.12304200232029,0.122754998505116,0.122869998216629,0.122412003576756,0.12372899800539,0.119434997439384,0.123499996960163,0.124701999127865,,0.121552996337414,0.122125998139381,0.123442001640797
2,24411340,A244_VOLH_C:VOL_VCCY_4.50_IOL_4.00[1]/PIN18,_,V,0,0.395000010728836,,,0.122409000992775,0.124412998557091,0.124183997511864,0.123209998011589,0.123268000781536,0.123153001070023,0.122580997645855,0.123668000102043,0.119374997913837,0.123668000102043,0.124698996543884,,0.121492996811867,0.122294999659061,0.123611003160477
2,24411340,A244_VOLH_C:VOL_VCCY_4.50_IOL_4.00[1]/PIN3,_,V,0,0.395000010728836,,,0.120748996734619,0.122524000704288,0.122123003005981,0.120806001126766,0.12126400321722,0.12126400321722,0.120118997991085,0.121665000915527,0.117486000061035,0.121379002928734,0.122809998691082,,0.119433000683784,0.120004996657372,0.121379002928734
2,24411340,A244_VOLH_C:VOL_VCCY_4.50_IOL_4.00[1]/PIN5,_,V,0,0.395000010728836,,,0.120522998273373,0.122640997171402,0.122239999473095,0.121381998062134,0.121324002742767,0.121037997305393,0.120636999607086,0.122068002820015,0.117946997284889,0.121552996337414,0.123156003654003,,0.119949996471405,0.120407998561859,0.121725000441074
2,24411340,A244_VOLH_C:VOL_VCCY_4.50_IOL_4.00[1]/PIN7,_,V,0,0.395000010728836,,,0.120785996317863,0.122272998094559,0.122331000864506,0.121243998408318,0.121243998408318,0.121243998408318,0.120728999376297,0.121758997440338,0.117811001837254,0.121529996395111,0.12296000123024,,0.119814001023769,0.120214000344276,0.121758997440338
2,24411340,A244_VOLH_C:VOL_VCCY_4.50_IOL_4.00[1]/PIN9,_,V,0,0.395000010728836,,,0.119239002466202,0.12066899985075,0.120783001184464,0.119525000452995,0.119695998728275,0.119181998074055,0.118837997317314,0.119983002543449,0.116034999489784,0.119695998728275,0.121298000216484,,0.118381001055241,0.118896000087261,0.120096996426582
2,24411350,A244_VOLH_C:VOH_VCCY_4.50_IOH_-4.00[1]/PIN12,_,V,4.20499992370605,4.5,,,4.37757205963135,4.37305307388306,4.37385320663452,4.37436819076538,4.37522602081299,4.37402486801147,4.37493991851807,4.37282419204712,4.37734317779541,4.37288093566895,4.37259483337402,,4.37534093856812,4.37436819076538,4.37471103668213
2,24411350,A244_VOLH_C:VOH_VCCY_4.50_IOH_-4.00[1]/PIN14,_,V,4.20499992370605,4.5,,,4.37814378738403,4.37362480163574,4.37413883209229,4.37482595443726,4.37596988677979,4.37379598617554,4.37488317489624,4.37282419204712,4.37734317779541,4.37310981750488,4.37248086929321,,4.375168800354,4.37396812438965,4.37436819076538
2,24411350,A244_VOLH_C:VOH_VCCY_4.50_IOH_-4.00[1]/PIN16,_,V,4.20499992370605,4.5,,,4.37893295288086,4.37498378753662,4.37498378753662,4.37566995620728,4.37658596038818,4.37486886978149,4.37555599212646,4.37389612197876,4.37807512283325,4.37406778335571,4.37361001968384,,4.37635707855225,4.37509822845459,4.37584209442139
2,24411350,A244_VOLH_C:VOH_VCCY_4.50_IOH_-4.00[1]/PIN18,_,V,4.20499992370605,4.5,,,4.37957715988159,4.37551307678223,4.37551307678223,4.37625694274902,4.37757396697998,4.37614297866821,4.37654304504395,4.37494087219238,4.37946319580078,4.37511205673218,4.37471199035645,,4.37723016738892,4.3762001991272,4.37677192687988
2,24411350,A244_VOLH_C:VOH_VCCY_4.50_IOH_-4.00[1]/PIN3,_,V,4.20499992370605,4.5,,,4.37840414047241,4.37474012374878,4.37445402145386,4.37537002563477,4.37605714797974,4.37537002563477,4.37599992752075,4.37439680099487,4.37857580184937,4.37422513961792,4.37422513961792,,4.37622880935669,4.37565612792969,4.37582778930664
2,24411350,A244_VOLH_C:VOH_VCCY_4.50_IOH_-4.00[1]/PIN5,_,V,4.20499992370605,4.5,,,4.37771701812744,4.37359523773193,4.37376689910889,4.37428188323975,4.37514114379883,4.37399578094482,4.37462615966797,4.37279415130615,4.37702989578247,4.37290906906128,4.37273693084717,,4.37485504150391,4.37388181686401,4.37462615966797
2,24411350,A244_VOLH_C:VOH_VCCY_4.50_IOH_-4.00[1]/PIN7,_,V,4.20499992370605,4.5,,,4.37659883499146,4.37213706970215,4.37282419204712,4.37305307388306,4.37385320663452,4.37248086929321,4.37322378158569,4.37167978286743,4.37596988677979,4.3715648651123,4.37133598327637,,4.37333917617798,4.37259483337402,4.37333917617798
2,24411350,A244_VOLH_C:VOH_VCCY_4.50_IOH_-4.00[1]/PIN9,_,V,4.20499992370605,4.5,,,4.37619876861572,4.37190914154053,4.37248086929321,4.37299489974976,4.37396812438965,4.37276697158813,4.3735671043396,4.37213706970215,4.3761420249939,4.37173700332642,4.3715648651123,,4.37379598617554,4.37328100204468,4.37333917617798
2,24411360,A244_VOLH_C:VOL_VCCY_2.30_IOL_8.00[1]/PIN12,_,V,0,0.995000004768372,,,0.350576996803284,0.356869995594025,0.358300000429153,0.353266000747681,0.352979987859726,0.353150993585587,0.350005000829697,0.355210989713669,0.341538995504379,0.355668008327484,0.355554014444351,,0.347487986087799,0.352807998657227,0.353495001792908
2,24411360,A244_VOLH_C:VOL_VCCY_2.30_IOL_8.00[1]/PIN14,_,V,0,0.995000004768372,,,0.351999014616013,0.358119994401932,0.359892994165421,0.3541159927845,0.35377299785614,0.355832010507584,0.353029012680054,0.357376009225845,0.342045992612839,0.357205003499985,0.358462989330292,,0.350226014852524,0.352742999792099,0.355832010507584
2,24411360,A244_VOLH_C:VOL_VCCY_2.30_IOL_8.00[1]/PIN16,_,V,0,0.995000004768372,,,0.350753009319305,0.358824014663696,0.358538001775742,0.353271007537842,0.351783007383347,0.354129999876022,0.351325005292892,0.356534004211426,0.343024998903275,0.358251988887787,0.35785099864006,,0.350695997476578,0.352183997631073,0.354817003011703
2,24411360,A244_VOLH_C:VOL_VCCY_2.30_IOL_8.00[1]/PIN18,_,V,0,0.995000004768372,,,0.351202994585037,0.358873009681702,0.358758985996246,0.354236006736755,0.354981005191803,0.354752004146576,0.351374000310898,0.356011003255844,0.342559009790421,0.358586996793747,0.356525987386703,,0.349656999111176,0.351947009563446,0.354407995939255
2,24411360,A244_VOLH_C:VOL_VCCY_2.30_IOL_8.00[1]/PIN3,_,V,0,0.995000004768372,,,0.348398000001907,0.355381011962891,0.354579985141754,0.347196012735367,0.350344002246857,0.351260006427765,0.345250010490417,0.35131698846817,0.338322997093201,0.353148996829987,0.353377997875214,,0.344963014125824,0.347481995820999,0.350515991449356
2,24411360,A244_VOLH_C:VOL_VCCY_2.30_IOL_8.00[1]/PIN5,_,V,0,0.995000004768372,,,0.346172988414764,0.35521799325943,0.355046004056931,0.349036008119583,0.349893987178802,0.349664986133575,0.347261011600494,0.352584987878799,0.339419007301331,0.353157013654709,0.35418701171875,,0.346688985824585,0.347775995731354,0.350237995386124
2,24411360,A244_VOLH_C:VOL_VCCY_2.30_IOL_8.00[1]/PIN7,_,V,0,0.995000004768372,,,0.347202003002167,0.353266000747681,0.354981988668442,0.349319010972977,0.349032998085022,0.350062012672424,0.347544997930527,0.351606994867325,0.338678985834122,0.353150993585587,0.353437006473541,,0.345885992050171,0.347773998975754,0.350692003965378
2,24411360,A244_VOLH_C:VOL_VCCY_2.30_IOL_8.00[1]/PIN9,_,V,0,0.995000004768372,,,0.344276994466782,0.350398004055023,0.351828008890152,0.345191985368729,0.345993012189865,0.344792008399963,0.342159986495972,0.347137004137039,0.334780991077423,0.348452985286713,0.349539995193481,,0.34341898560524,0.344276994466782,0.346964985132217
2,24411370,A244_VOLH_C:VOH_VCCY_2.30_IOH_-8.00[1]/PIN12,_,V,1.40499997138977,2.29999995231628,,,1.94504296779633,1.92776703834534,1.931028008461,1.93360197544098,1.93657600879669,1.9320570230484,1.93731999397278,1.92788100242615,1.94344103336334,1.92742395401001,1.92913997173309,,1.93663394451141,1.93297302722931,1.93577599525452
2,24411370,A244_VOLH_C:VOH_VCCY_2.30_IOH_-8.00[1]/PIN14,_,V,1.40499997138977,2.29999995231628,,,1.94654297828674,1.92978203296661,1.93178403377533,1.9351589679718,1.93910598754883,1.93121194839478,1.93664705753326,1.9276659488678,1.94310998916626,1.92800903320312,1.92823803424835,,1.93590295314789,1.93189895153046,1.93470203876495
2,24411370,A244_VOLH_C:VOH_VCCY_2.30_IOH_-8.00[1]/PIN16,_,V,1.40499997138977,2.29999995231628,,,1.94759297370911,1.93265295028687,1.93322503566742,1.9363739490509,1.93963694572449,1.93345403671265,1.93740403652191,1.92979097366333,1.94444501399994,1.93019199371338,1.93099296092987,,1.938148021698,1.93414103984833,1.93757605552673
2,24411370,A244_VOLH_C:VOH_VCCY_2.30_IOH_-8.00[1]/PIN18,_,V,1.40499997138977,2.29999995231628,,,1.94880795478821,1.93363904953003,1.93375396728516,1.93741703033447,1.94130897521973,1.93615794181824,1.93942105770111,1.9324369430542,1.94754898548126,1.93226504325867,1.93335294723511,,1.94073700904846,1.93695902824402,1.93987798690796
2,24411370,A244_VOLH_C:VOH_VCCY_2.30_IOH_-8.00[1]/PIN3,_,V,1.40499997138977,2.29999995231628,,,1.94508695602417,1.93163597583771,1.93049097061157,1.93472695350647,1.93701601028442,1.93415403366089,1.93810403347015,1.93100595474243,1.94548797607422,1.92963194847107,1.93203604221344,,1.93718802928925,1.93529903888702,1.93690204620361
2,24411370,A244_VOLH_C:VOH_VCCY_2.30_IOH_-8.00[1]/PIN5,_,V,1.40499997138977,2.29999995231628,,,1.9449599981308,1.92990505695343,1.93019199371338,1.93293905258179,1.93591594696045,1.93150794506073,1.93522894382477,1.92778694629669,1.94198405742645,1.92710101604462,1.92910397052765,,1.93471395969391,1.93162298202515,1.93477094173431
2,24411370,A244_VOLH_C:VOH_VCCY_2.30_IOH_-8.00[1]/PIN7,_,V,1.40499997138977,2.29999995231628,,,1.94321203231812,1.92639398574829,1.92851102352142,1.93057000637054,1.93383097648621,1.92856800556183,1.9329149723053,1.92553603649139,1.94029498100281,1.92416298389435,1.92599403858185,,1.93137097358704,1.92902505397797,1.93217194080353
2,24411370,A244_VOLH_C:VOH_VCCY_2.30_IOH_-8.00[1]/PIN9,_,V,1.40499997138977,2.29999995231628,,,1.94219505786896,1.92634999752045,1.92840898036957,1.93098294734955,1.93401503562927,1.92995405197144,1.93401503562927,1.92760801315308,1.9416229724884,1.92537701129913,1.92760801315308,,1.93321394920349,1.93166995048523,1.93269896507263
2,24411380,A244_VOLH_C:VOL_VCCY_2.70_IOL_8.00[1]/PIN12,_,V,0,0.995000004768372,,,0.30927500128746,0.3141950070858,0.315225005149841,0.311105996370316,0.31104901432991,0.31104901432991,0.308645993471146,0.312822014093399,0.301438003778458,0.312765002250671,0.313966006040573,,0.306015014648438,0.310362011194229,0.31173500418663
2,24411380,A244_VOLH_C:VOL_VCCY_2.70_IOL_8.00[1]/PIN14,_,V,0,0.995000004768372,,,0.310584008693695,0.315445989370346,0.316590011119843,0.312128990888596,0.311843007802963,0.313387006521225,0.311271011829376,0.314817011356354,0.301889002323151,0.314301997423172,0.316419005393982,,0.308295994997025,0.310698002576828,0.313845008611679
2,24411380,A244_VOLH_C:VOL_VCCY_2.70_IOL_8.00[1]/PIN16,_,V,0,0.995000004768372,,,0.309480994939804,0.315834999084473,0.315376996994019,0.31131300330162,0.310225009918213,0.312056988477707,0.309823989868164,0.314175009727478,0.30255401134491,0.314747005701065,0.315777987241745,,0.308508008718491,0.309996008872986,0.312743991613388
2,24411380,A244_VOLH_C:VOL_VCCY_2.70_IOL_8.00[1]/PIN18,_,V,0,0.995000004768372,,,0.309931993484497,0.315941989421844,0.315712988376617,0.312106996774673,0.312793999910355,0.312449991703033,0.30970299243927,0.313766986131668,0.302147001028061,0.315198004245758,0.314853996038437,,0.307871013879776,0.309931993484497,0.312736988067627
2,24411380,A244_VOLH_C:VOL_VCCY_2.70_IOL_8.00[1]/PIN3,_,V,0,0.995000004768372,,,0.307011991739273,0.312335997819901,0.311533987522125,0.30603900551796,0.308272004127502,0.309015989303589,0.304378986358643,0.309417009353638,0.298083007335663,0.310102999210358,0.311592012643814,,0.303406000137329,0.305523991584778,0.308501005172729
2,24411380,A244_VOLH_C:VOL_VCCY_2.70_IOL_8.00[1]/PIN5,_,V,0,0.995000004768372,,,0.305474013090134,0.312343001365662,0.311884999275208,0.307305991649628,0.308050006628036,0.307821005582809,0.306046009063721,0.310510993003845,0.299062997102737,0.310225009918213,0.312400013208389,,0.304901003837585,0.306046009063721,0.308679014444351
2,24411380,A244_VOLH_C:VOL_VCCY_2.70_IOL_8.00[1]/PIN7,_,V,0,0.995000004768372,,,0.30630099773407,0.310876995325089,0.312135994434357,0.307844996452332,0.307617008686066,0.308189004659653,0.306071996688843,0.309675991535187,0.298693001270294,0.310362011194229,0.311791986227036,,0.304298996925354,0.305842995643616,0.308988988399506
2,24411380,A244_VOLH_C:VOL_VCCY_2.70_IOL_8.00[1]/PIN9,_,V,0,0.995000004768372,,,0.303205013275146,0.307895988225937,0.308867990970612,0.303777009248734,0.304349005222321,0.303375989198685,0.301432013511658,0.305550009012222,0.295024991035461,0.306008011102676,0.308239012956619,,0.301602989435196,0.302689999341965,0.305379003286362
2,24411390,A244_VOLH_C:VOH_VCCY_2.70_IOH_-8.00[1]/PIN12,_,V,1.50499999523163,2.70000004768372,,,2.38380193710327,2.3695011138916,2.37230396270752,2.37447810173035,2.37705206871033,2.37321996688843,2.37710905075073,2.36972999572754,2.38277292251587,2.36961603164673,2.37047410011292,,2.37705206871033,2.37407803535461,2.37602305412292
2,24411390,A244_VOLH_C:VOH_VCCY_2.70_IOH_-8.00[1]/PIN14,_,V,1.50499999523163,2.70000004768372,,,2.38523507118225,2.37150597572327,2.37305092811584,2.37591099739075,2.37928605079651,2.3726499080658,2.37688302993774,2.36961889266968,2.38266110420227,2.37001895904541,2.36973309516907,,2.37631106376648,2.37328004837036,2.37522506713867
2,24411390,A244_VOLH_C:VOH_VCCY_2.70_IOH_-8.00[1]/PIN16,_,V,1.50499999523163,2.70000004768372,,,2.38647294044495,2.37422299385071,2.37473797798157,2.37719893455505,2.37977504730225,2.37496709823608,2.37782907485962,2.37176108360291,2.38418292999268,2.37221908569336,2.37227702140808,,2.37880206108093,2.37548208236694,2.37800097465515
2,24411390,A244_VOLH_C:VOH_VCCY_2.70_IOH_-8.00[1]/PIN18,_,V,1.50499999523163,2.70000004768372,,,2.3875629901886,2.37525606155396,2.37537002563477,2.37834692001343,2.38166689872742,2.37731695175171,2.37960600852966,2.37416791915894,2.38693308830261,2.37405395507812,2.37462592124939,,2.38086605072021,2.37800407409668,2.38012099266052
2,24411390,A244_VOLH_C:VOH_VCCY_2.70_IOH_-8.00[1]/PIN3,_,V,1.50499999523163,2.70000004768372,,,2.38452911376953,2.37331008911133,2.37245106697083,2.37582802772522,2.37794589996338,2.375657081604,2.37840390205383,2.37285208702087,2.38498711585999,2.37187910079956,2.37331008911133,,2.37811803817749,2.37651491165161,2.37766003608704
2,24411390,A244_VOLH_C:VOH_VCCY_2.70_IOH_-8.00[1]/PIN5,_,V,1.50499999523163,2.70000004768372,,,2.38384008407593,2.37153196334839,2.37181901931763,2.37410807609558,2.37651205062866,2.37325000762939,2.37571096420288,2.36987209320068,2.38155007362366,2.36947202682495,2.37044501304626,,2.37571096420288,2.37307810783386,2.37548208236694
2,24411390,A244_VOLH_C:VOH_VCCY_2.70_IOH_-8.00[1]/PIN7,_,V,1.50499999523163,2.70000004768372,,,2.38208603858948,2.36829996109009,2.37013101577759,2.37178897857666,2.37453508377075,2.3703019618988,2.37327694892883,2.36767101287842,2.37997007369995,2.3666410446167,2.36761403083801,,2.37236094474792,2.37058806419373,2.37287592887878
2,24411390,A244_VOLH_C:VOH_VCCY_2.70_IOH_-8.00[1]/PIN9,_,V,1.50499999523163,2.70000004768372,,,2.38140296936035,2.3681309223175,2.369961977005,2.37219309806824,2.37471008300781,2.37122011184692,2.37430906295776,2.36927509307861,2.38088798522949,2.36761689186096,2.36887502670288,,2.37413811683655,2.37287902832031,2.37333703041077
2,24411400,A244_VOLH_C:VOL_VCCY_3.00_IOL_8.00[1]/PIN12,_,V,0,0.795000016689301,,,0.289597004652023,0.294001996517181,0.294802993535995,0.291312992572784,0.291198998689651,0.291198998689651,0.289254009723663,0.293029010295868,0.282388985157013,0.292571991682053,0.294230997562408,,0.286565005779266,0.290398001670837,0.291942000389099
2,24411400,A244_VOLH_C:VOL_VCCY_3.00_IOL_8.00[1]/PIN14,_,V,0,0.795000016689301,,,0.290962994098663,0.295367985963821,0.296283006668091,0.292279005050659,0.292165011167526,0.2933090031147,0.291592985391617,0.294853001832962,0.283069014549255,0.293938010931015,0.296512007713318,,0.288675010204315,0.290791988372803,0.293823003768921
2,24411400,A244_VOLH_C:VOL_VCCY_3.00_IOL_8.00[1]/PIN16,_,V,0,0.795000016689301,,,0.289903998374939,0.295570999383926,0.295112997293472,0.291620999574661,0.290704995393753,0.292079001665115,0.290246993303299,0.293911010026932,0.283378005027771,0.294312000274658,0.295857012271881,,0.288758993148804,0.290075987577438,0.292995005846024
2,24411400,A244_VOLH_C:VOL_VCCY_3.00_IOL_8.00[1]/PIN18,_,V,0,0.795000016689301,,,0.290354996919632,0.295792996883392,0.295334994792938,0.292300999164581,0.292816996574402,0.292530000209808,0.290241003036499,0.293846994638443,0.283199995756149,0.294762998819351,0.295278012752533,,0.288352012634277,0.290125995874405,0.293045997619629
2,24411400,A244_VOLH_C:VOL_VCCY_3.00_IOL_8.00[1]/PIN3,_,V,0,0.795000016689301,,,0.287436008453369,0.292071998119354,0.29127100110054,0.286576986312866,0.288522988557816,0.28898099064827,0.285145998001099,0.289553999900818,0.279249995946884,0.289954006671906,0.291842997074127,,0.283944010734558,0.28583300113678,0.288924008607864
2,24411400,A244_VOLH_C:VOL_VCCY_3.00_IOL_8.00[1]/PIN5,_,V,0,0.795000016689301,,,0.286125987768173,0.292136013507843,0.291678011417389,0.28778600692749,0.288358002901077,0.28795799612999,0.2863549888134,0.290419012308121,0.280115008354187,0.289903998374939,0.292479991912842,,0.285210013389587,0.286240011453629,0.288987994194031
2,24411400,A244_VOLH_C:VOL_VCCY_3.00_IOL_8.00[1]/PIN7,_,V,0,0.795000016689301,,,0.28702300786972,0.290912985801697,0.291884988546371,0.288224011659622,0.288053005933762,0.288509994745255,0.286794006824493,0.28982600569725,0.279642999172211,0.290111988782883,0.292113989591599,,0.284792006015778,0.286222010850906,0.289310991764069
2,24411400,A244_VOLH_C:VOL_VCCY_3.00_IOL_8.00[1]/PIN9,_,V,0,0.795000016689301,,,0.283755987882614,0.287874013185501,0.288617998361588,0.284271001815796,0.284785002470016,0.283870011568069,0.282153993844986,0.285815000534058,0.276033014059067,0.286044001579285,0.28856098651886,,0.281924992799759,0.283069014549255,0.28575798869133
2,24411410,A244_VOLH_C:VOH_VCCY_3.00_IOH_-8.00[1]/PIN12,_,V,2.20499992370605,3,,,2.70351505279541,2.6904718875885,2.69310402870178,2.69504904747009,2.69733691215515,2.69378995895386,2.69710803031921,2.69075798988342,2.7025990486145,2.69058704376221,2.69110202789307,,2.69722199440002,2.69447708129883,2.69624996185303
2,24411410,A244_VOLH_C:VOH_VCCY_3.00_IOH_-8.00[1]/PIN14,_,V,2.20499992370605,3,,,2.70482993125916,2.69235992431641,2.69373297691345,2.69619297981262,2.69928193092346,2.69356107711792,2.69682192802429,2.69064402580261,2.70248508453369,2.69098711013794,2.6904718875885,,2.69670796394348,2.69396209716797,2.69556307792664
2,24411410,A244_VOLH_C:VOH_VCCY_3.00_IOH_-8.00[1]/PIN16,_,V,2.20499992370605,3,,,2.70611095428467,2.69494891166687,2.69540691375732,2.69763898849487,2.70015811920166,2.69563603401184,2.69804000854492,2.69277405738831,2.70399308204651,2.69317507743835,2.69305992126465,,2.69906997680664,2.69609403610229,2.69826889038086
2,24411410,A244_VOLH_C:VOH_VCCY_3.00_IOH_-8.00[1]/PIN18,_,V,2.20499992370605,3,,,2.70730805397034,2.69603204727173,2.69614696502686,2.69866490364075,2.7018129825592,2.69803500175476,2.69975304603577,2.69500207901001,2.70656394958496,2.69505906105042,2.69511604309082,,2.70112609863281,2.69849300384521,2.70032501220703
2,24411410,A244_VOLH_C:VOH_VCCY_3.00_IOH_-8.00[1]/PIN3,_,V,2.20499992370605,3,,,2.70428395271301,2.69420909881592,2.69352197647095,2.69649910926819,2.69844508171082,2.69632697105408,2.69867396354675,2.69386601448059,2.70491409301758,2.69295001029968,2.693922996521,,2.69850206375122,2.69707107543945,2.69787311553955
2,24411410,A244_VOLH_C:VOH_VCCY_3.00_IOH_-8.00[1]/PIN5,_,V,2.20499992370605,3,,,2.70359706878662,2.69243502616882,2.69277811050415,2.69461011886597,2.69689989089966,2.69386601448059,2.69598388671875,2.69077491760254,2.70147895812988,2.69060301780701,2.6912899017334,,2.69621300697327,2.69375109672546,2.69575500488281
2,24411410,A244_VOLH_C:VOH_VCCY_3.00_IOH_-8.00[1]/PIN7,_,V,2.20499992370605,3,,,2.70174098014832,2.68915700912476,2.69110202789307,2.69241690635681,2.69487690925598,2.69098711013794,2.69361901283264,2.6886420249939,2.69985389709473,2.68784093856812,2.68841290473938,,2.69298911094666,2.69138789176941,2.69316101074219
2,24411410,A244_VOLH_C:VOH_VCCY_3.00_IOH_-8.00[1]/PIN9,_,V,2.20499992370605,3,,,2.70111203193665,2.68921399116516,2.69075798988342,2.69264602661133,2.69487690925598,2.69196009635925,2.69453406333923,2.69007205963135,2.70065498352051,2.68887090682983,2.68944311141968,,2.69459104537964,2.69321799278259,2.69361901283264
2,24411420,A244_VOLH_C:VOL_VCCY_4.50_IOL_8.00[1]/PIN12,_,V,0,0.595000028610229,,,0.245720997452736,0.249210998415947,0.249382004141808,0.247207999229431,0.247094005346298,0.246865004301071,0.245777994394302,0.248181000351906,0.239714995026588,0.247323006391525,0.249897003173828,,0.243203997612,0.24583600461483,0.247838005423546
2,24411420,A244_VOLH_C:VOL_VCCY_4.50_IOL_8.00[1]/PIN14,_,V,0,0.595000028610229,,,0.246974006295204,0.25034898519516,0.250692009925842,0.248117998242378,0.248117998242378,0.248576000332832,0.247546002268791,0.249605000019073,0.240510001778603,0.248632997274399,0.251778990030289,,0.244972005486488,0.24651600420475,0.249375998973846
2,24411420,A244_VOLH_C:VOL_VCCY_4.50_IOL_8.00[1]/PIN16,_,V,0,0.595000028610229,,,0.246170997619629,0.250405997037888,0.249890998005867,0.247658997774124,0.247143998742104,0.247544005513191,0.246399000287056,0.249090000987053,0.240446001291275,0.248575001955032,0.251093000173569,,0.244797006249428,0.245827004313469,0.248631998896599
2,24411420,A244_VOLH_C:VOL_VCCY_4.50_IOL_8.00[1]/PIN18,_,V,0,0.595000028610229,,,0.246508002281189,0.250743985176086,0.250115007162094,0.248226001858711,0.248568996787071,0.247997000813484,0.246737003326416,0.249199002981186,0.240498006343842,0.249140992760658,0.251029998064041,,0.244618996977806,0.246222004294395,0.248912006616592
2,24411420,A244_VOLH_C:VOL_VCCY_4.50_IOL_8.00[1]/PIN3,_,V,0,0.595000028610229,,,0.243475005030632,0.246565997600555,0.245993003249168,0.243303000926971,0.244389995932579,0.244448006153107,0.242157995700836,0.245020002126694,0.236606001853943,0.244618996977806,0.247424006462097,,0.240382999181747,0.241815000772476,0.244618996977806
2,24411420,A244_VOLH_C:VOL_VCCY_4.50_IOL_8.00[1]/PIN5,_,V,0,0.595000028610229,,,0.242621004581451,0.246914997696877,0.24634200334549,0.24405300617218,0.24439600110054,0.243652001023293,0.242850005626678,0.245770007371902,0.237412005662918,0.244625002145767,0.247831001877785,,0.241476997733116,0.24227799475193,0.245026007294655
2,24411420,A244_VOLH_C:VOL_VCCY_4.50_IOL_8.00[1]/PIN7,_,V,0,0.595000028610229,,,0.243319004774094,0.246350005269051,0.246579006314278,0.244462996721268,0.244348004460335,0.244119003415108,0.243260994553566,0.245321005582809,0.237139999866486,0.244976997375488,0.247666001319885,,0.241201996803284,0.242346003651619,0.245205998420715
2,24411420,A244_VOLH_C:VOL_VCCY_4.50_IOL_8.00[1]/PIN9,_,V,0,0.595000028610229,,,0.240051999688148,0.243027001619339,0.243369996547699,0.24073900282383,0.24073900282383,0.240109995007515,0.239251002669334,0.241539999842644,0.23353099822998,0.241138994693756,0.244170993566513,,0.238222002983093,0.23913699388504,0.241882994771004
2,24411430,A244_VOLH_C:VOH_VCCY_4.50_IOH_-8.00[1]/PIN12,_,V,3.90499997138977,4.5,,,4.25435590744019,4.24468803405762,4.24657583236694,4.24777698516846,4.24949312210083,4.24703407287598,4.24892091751099,4.24474477767944,4.25389814376831,4.24468803405762,4.24434518814087,,4.24960803985596,4.24743413925171,4.24852085113525
2,24411430,A244_VOLH_C:VOH_VCCY_4.50_IOH_-8.00[1]/PIN14,_,V,3.90499997138977,4.5,,,4.25544214248657,4.24629020690918,4.2473201751709,4.24903583526611,4.25109481811523,4.24668979644775,4.24892091751099,4.24468803405762,4.2537260055542,4.2452597618103,4.24405908584595,,4.24920701980591,4.24703407287598,4.24800586700439
2,24411430,A244_VOLH_C:VOH_VCCY_4.50_IOH_-8.00[1]/PIN16,_,V,3.90499997138977,4.5,,,4.25689506530762,4.24870920181274,4.24905300140381,4.25059795379639,4.25237321853638,4.24905300140381,4.25031185150146,4.24687719345093,4.25552082061768,4.2473349571228,4.24641895294189,,4.25157117843628,4.2492241859436,4.25065517425537
2,24411430,A244_VOLH_C:VOH_VCCY_4.50_IOH_-8.00[1]/PIN18,_,V,3.90499997138977,4.5,,,4.25822782516479,4.24998617172241,4.24992799758911,4.25170278549194,4.25387811660767,4.25113010406494,4.25187397003174,4.2490119934082,4.25771284103394,4.2490701675415,4.24843978881836,,4.25330495834351,4.25130176544189,4.25238990783691
2,24411430,A244_VOLH_C:VOH_VCCY_4.50_IOH_-8.00[1]/PIN3,_,V,3.90499997138977,4.5,,,4.25579023361206,4.248291015625,4.24777603149414,4.24960803985596,4.25121116638184,4.24966478347778,4.25103902816772,4.24771881103516,4.25630521774292,4.24731779098511,4.24737501144409,,4.25121116638184,4.25017976760864,4.25040912628174
2,24411430,A244_VOLH_C:VOH_VCCY_4.50_IOH_-8.00[1]/PIN5,_,V,3.90499997138977,4.5,,,4.25458812713623,4.24628782272339,4.24657392501831,4.24783277511597,4.24949312210083,4.24726104736328,4.24834823608398,4.24485683441162,4.25304222106934,4.24491405487061,4.24468517303467,,4.24897813796997,4.24708890914917,4.248291015625
2,24411430,A244_VOLH_C:VOH_VCCY_4.50_IOH_-8.00[1]/PIN7,_,V,3.90499997138977,4.5,,,4.2526388168335,4.24320077896118,4.24463081359863,4.24543190002441,4.2472620010376,4.2444019317627,4.24600410461426,4.24257183074951,4.25115203857422,4.24234294891357,4.24200010299683,,4.24583196640015,4.24463081359863,4.24566078186035
2,24411430,A244_VOLH_C:VOH_VCCY_4.50_IOH_-8.00[1]/PIN9,_,V,3.90499997138977,4.5,,,4.25206708908081,4.24337291717529,4.24451684951782,4.24566078186035,4.24737691879272,4.2452597618103,4.24657583236694,4.24377298355103,4.25200986862183,4.24302911758423,4.24274301528931,,4.24720478057861,4.24617481231689,4.24606084823608
2,24411440,A244_VOLH_C:VOL_VCCY_3.00_IOL_16.00[1]/PIN12,_,V,0,1.39499998092651,,,0.606510996818542,0.616522014141083,0.618524014949799,0.609942972660065,0.609829008579254,0.609656989574432,0.605081021785736,0.61371898651123,0.590207993984222,0.613031983375549,0.615778028964996,,0.599417984485626,0.607940971851349,0.611087024211884
2,24411440,A244_VOLH_C:VOL_VCCY_3.00_IOL_16.00[1]/PIN14,_,V,0,1.39499998092651,,,0.609586000442505,0.619539022445679,0.621941983699799,0.612389028072357,0.611931025981903,0.614790976047516,0.610673010349274,0.617937982082367,0.591910004615784,0.616450011730194,0.621197998523712,,0.604494988918304,0.608784973621368,0.615535020828247
2,24411440,A244_VOLH_C:VOL_VCCY_3.00_IOL_16.00[1]/PIN16,_,V,0,1.39499998092651,,,0.607257008552551,0.620021998882294,0.619220972061157,0.610749006271362,0.608573973178864,0.611894011497498,0.607486009597778,0.61624401807785,0.592660009860992,0.61727499961853,0.619792997837067,,0.604623973369598,0.607371985912323,0.613725006580353
2,24411440,A244_VOLH_C:VOL_VCCY_3.00_IOL_16.00[1]/PIN18,_,V,0,1.39499998092651,,,0.607757985591888,0.620180010795593,0.619606971740723,0.612223029136658,0.613481998443604,0.61245197057724,0.607415020465851,0.615486025810242,0.59196001291275,0.618004977703094,0.617717981338501,,0.603121995925903,0.607299983501434,0.613196015357971
2,24411440,A244_VOLH_C:VOL_VCCY_3.00_IOL_16.00[1]/PIN3,_,V,0,1.39499998092651,,,0.601804971694946,0.612738013267517,0.611249983310699,0.599629998207092,0.604094982147217,0.605410993099213,0.596367001533508,0.606212973594666,0.583716988563538,0.607644021511078,0.611020982265472,,0.594078004360199,0.598371028900146,0.604952991008759
2,24411440,A244_VOLH_C:VOL_VCCY_3.00_IOL_16.00[1]/PIN5,_,V,0,1.39499998092651,,,0.598613023757935,0.612352013587952,0.611778974533081,0.602047979831696,0.60359400510788,0.602678000926971,0.599242985248566,0.608344972133636,0.585332989692688,0.607486009597778,0.612123012542725,,0.596723973751068,0.598784983158112,0.604623973369598
2,24411440,A244_VOLH_C:VOL_VCCY_3.00_IOL_16.00[1]/PIN7,_,V,0,1.39499998092651,,,0.6005619764328,0.609713971614838,0.612116992473602,0.603192985057831,0.602678000926971,0.603936970233917,0.599874973297119,0.606796979904175,0.584544003009796,0.607998013496399,0.611202001571655,,0.595755994319916,0.5988450050354,0.605481028556824
2,24411440,A244_VOLH_C:VOL_VCCY_3.00_IOL_16.00[1]/PIN9,_,V,0,1.39499998092651,,,0.593511998653412,0.603007972240448,0.604665994644165,0.594542026519775,0.595743000507355,0.593626022338867,0.589622020721436,0.597859025001526,0.57635098695755,0.598603010177612,0.603465020656586,,0.589622020721436,0.591509997844696,0.597630023956299
2,24411450,A244_VOLH_C:VOH_VCCY_3.00_IOH_-16.00[1]/PIN12,_,V,1.50499999523163,3,,,2.38700604438782,2.35863208770752,2.36423802375793,2.36864304542542,2.37356305122375,2.36606907844543,2.37344789505005,2.35903310775757,2.3850040435791,2.35874700546265,2.3602340221405,,2.37321996688843,2.36761403083801,2.37133193016052
2,24411450,A244_VOLH_C:VOH_VCCY_3.00_IOH_-16.00[1]/PIN14,_,V,1.50499999523163,3,,,2.38981103897095,2.36275410652161,2.36590003967285,2.37133502960205,2.37779903411865,2.36498498916626,2.3727080821991,2.35886406898499,2.38472008705139,2.3598370552063,2.35903596878052,,2.37196397781372,2.36601495742798,2.3699049949646
2,24411450,A244_VOLH_C:VOH_VCCY_3.00_IOH_-16.00[1]/PIN16,_,V,1.50499999523163,3,,,2.39236903190613,2.36809802055359,2.36912798881531,2.3741660118103,2.37943196296692,2.36975789070129,2.37496709823608,2.36340403556824,2.38784599304199,2.36437702178955,2.36437702178955,,2.37702798843384,2.37055897712708,2.37548208236694
2,24411450,A244_VOLH_C:VOH_VCCY_3.00_IOH_-16.00[1]/PIN18,_,V,1.50499999523163,3,,,2.39477491378784,2.37021899223328,2.3705620765686,2.37622904777527,2.38281202316284,2.37422609329224,2.37857604026794,2.36798596382141,2.39311504364014,2.36810088157654,2.36884498596191,,2.38126611709595,2.37571406364441,2.3797779083252
2,24411450,A244_VOLH_C:VOH_VCCY_3.00_IOH_-16.00[1]/PIN3,_,V,1.50499999523163,3,,,2.38825011253357,2.36603999137878,2.3643798828125,2.37107706069946,2.37502694129944,2.3705620765686,2.37582802772522,2.36501002311707,2.38887906074524,2.36294889450073,2.36592602729797,,2.37548494338989,2.37233710289001,2.37422609329224
2,24411450,A244_VOLH_C:VOH_VCCY_3.00_IOH_-16.00[1]/PIN5,_,V,1.50499999523163,3,,,2.38681602478027,2.36225891113281,2.36334705352783,2.3674681186676,2.37256288528442,2.3655788898468,2.37038707733154,2.35922503471375,2.38240790367126,2.35830903053284,2.36014103889465,,2.37044501304626,2.36529302597046,2.36987209320068
2,24411450,A244_VOLH_C:VOH_VCCY_3.00_IOH_-16.00[1]/PIN7,_,V,1.50499999523163,3,,,2.38363099098206,2.35600090026855,2.35971903800964,2.36297988891602,2.36824297904968,2.35989093780518,2.36595511436462,2.35457110404968,2.37911200523376,2.35268306732178,2.35457110404968,,2.36418104171753,2.36057710647583,2.36498188972473
2,24411450,A244_VOLH_C:VOH_VCCY_3.00_IOH_-16.00[1]/PIN9,_,V,1.50499999523163,3,,,2.38214588165283,2.35594701766968,2.35955095291138,2.36361193656921,2.36870288848877,2.36218190193176,2.36773109436035,2.3580060005188,2.38117408752441,2.35503196716309,2.35726308822632,,2.36755895614624,2.36487102508545,2.36601495742798
2,24411460,A244_VOLH_C:VOL_VCCY_3.60_IOL_16.00[1]/PIN12,_,V,0,1.39499998092651,,,0.543928980827332,0.552223980426788,0.553252995014191,0.547132015228271,0.546788990497589,0.546559989452362,0.54312801361084,0.549934983253479,0.529685020446777,0.548677027225494,0.552796006202698,,0.537751019001007,0.544501006603241,0.548334002494812
2,24411460,A244_VOLH_C:VOL_VCCY_3.60_IOL_16.00[1]/PIN14,_,V,0,1.39499998092651,,,0.5468909740448,0.55495697259903,0.556500971317291,0.549293994903564,0.549008011817932,0.550894975662231,0.547748982906342,0.55375599861145,0.531674981117249,0.551696002483368,0.557245016098022,,0.541913986206055,0.545975983142853,0.552154004573822
2,24411460,A244_VOLH_C:VOL_VCCY_3.60_IOL_16.00[1]/PIN16,_,V,0,1.39499998092651,,,0.54474800825119,0.555109024047852,0.554193019866943,0.547782003879547,0.546235978603363,0.548354029655457,0.545091986656189,0.552075028419495,0.531867980957031,0.551961004734039,0.55602502822876,,0.541714012622833,0.544290006160736,0.550243020057678
2,24411460,A244_VOLH_C:VOL_VCCY_3.60_IOL_16.00[1]/PIN18,_,V,0,1.39499998092651,,,0.545480012893677,0.555496990680695,0.554580986499786,0.548914015293121,0.54983001947403,0.548914015293121,0.54536497592926,0.551891028881073,0.531570017337799,0.552691996097565,0.55492502450943,,0.541015028953552,0.544620990753174,0.550230979919434
2,24411460,A244_VOLH_C:VOL_VCCY_3.60_IOL_16.00[1]/PIN3,_,V,0,1.39499998092651,,,0.539354979991913,0.547769010066986,0.546338021755219,0.538096010684967,0.541301012039185,0.54187399148941,0.535233974456787,0.543017983436584,0.523670971393585,0.543190002441406,0.547883987426758,,0.53225702047348,0.535806000232697,0.542044997215271
2,24411460,A244_VOLH_C:VOL_VCCY_3.60_IOL_16.00[1]/PIN5,_,V,0,1.39499998092651,,,0.537078022956848,0.547782003879547,0.546922981739044,0.539882004261017,0.540798008441925,0.539939999580383,0.53736400604248,0.544633984565735,0.525170981884003,0.543145000934601,0.548582971096039,,0.534386992454529,0.536333024501801,0.541999995708466
2,24411460,A244_VOLH_C:VOL_VCCY_3.60_IOL_16.00[1]/PIN7,_,V,0,1.39499998092651,,,0.538780987262726,0.545930981636047,0.547532975673676,0.541068971157074,0.540497004985809,0.540953993797302,0.538209021091461,0.543642997741699,0.524650990962982,0.543586015701294,0.548277020454407,,0.533860981464386,0.536607027053833,0.542841970920563
2,24411460,A244_VOLH_C:VOL_VCCY_3.60_IOL_16.00[1]/PIN9,_,V,0,1.39499998092651,,,0.53184700012207,0.539282977581024,0.540369987487793,0.532990992069244,0.533563017845154,0.53184700012207,0.529043972492218,0.53550797700882,0.516916990280151,0.535163998603821,0.540884971618652,,0.527728021144867,0.529730021953583,0.53556501865387
2,24411470,A244_VOLH_C:VOH_VCCY_3.60_IOH_-16.00[1]/PIN12,_,V,2.09999990463257,3.59999990463257,,,3.04999589920044,3.02631306648254,3.03106093406677,3.03426504135132,3.03849792480469,3.03243398666382,3.0378680229187,3.02648496627808,3.04827904701233,3.02659893035889,3.02694296836853,,3.03849792480469,3.03357791900635,3.03638100624084
2,24411470,A244_VOLH_C:VOH_VCCY_3.60_IOH_-16.00[1]/PIN14,_,V,2.09999990463257,3.59999990463257,,,3.05239796638489,3.02997398376465,3.03260588645935,3.0368959903717,3.04215908050537,3.03157591819763,3.03746795654297,3.02659893035889,3.04822206497192,3.02762889862061,3.02591300010681,,3.03752493858337,3.03249096870422,3.03518009185791
2,24411470,A244_VOLH_C:VOH_VCCY_3.60_IOH_-16.00[1]/PIN16,_,V,2.09999990463257,3.59999990463257,,,3.05522608757019,3.03513503074646,3.03599309921265,3.03971409797668,3.04423594474792,3.03616499900818,3.04005694389343,3.03089904785156,3.05150604248047,3.03192901611328,3.03106999397278,,3.0422899723053,3.0371949672699,3.040687084198
2,24411470,A244_VOLH_C:VOH_VCCY_3.60_IOH_-16.00[1]/PIN18,_,V,2.09999990463257,3.59999990463257,,,3.05744600296021,3.03718304634094,3.03741192817688,3.04187703132629,3.04737210273743,3.04033088684082,3.04325008392334,3.03518009185791,3.05641603469849,3.03529405593872,3.0350079536438,,3.0461699962616,3.04136109352112,3.04428100585938
2,24411470,A244_VOLH_C:VOH_VCCY_3.60_IOH_-16.00[1]/PIN3,_,V,2.09999990463257,3.59999990463257,,,3.05186200141907,3.03348708152771,3.03205609321594,3.03737902641296,3.04075694084167,3.03720808029175,3.04081392288208,3.03268504142761,3.05272006988525,3.03114008903503,3.0325140953064,,3.0410430431366,3.03858089447021,3.03961205482483
2,24411470,A244_VOLH_C:VOH_VCCY_3.60_IOH_-16.00[1]/PIN5,_,V,2.09999990463257,3.59999990463257,,,3.05020189285278,3.02976608276367,3.03062510490417,3.03411602973938,3.03806591033936,3.0324559211731,3.03571891784668,3.02684688568115,3.04665303230286,3.02661800384521,3.02707600593567,,3.03646302223206,3.03211307525635,3.03549003601074
2,24411470,A244_VOLH_C:VOH_VCCY_3.60_IOH_-16.00[1]/PIN7,_,V,2.09999990463257,3.59999990463257,,,3.04656291007996,3.02373909950256,3.02688503265381,3.02923107147217,3.03363490104675,3.02671408653259,3.03094696998596,3.02253794670105,3.04295992851257,3.021164894104,3.02168011665344,,3.03031802177429,3.02745699882507,3.0304319858551
2,24411470,A244_VOLH_C:VOH_VCCY_3.60_IOH_-16.00[1]/PIN9,_,V,2.09999990463257,3.59999990463257,,,3.04553389549255,3.02373909950256,3.02665710449219,3.03003191947937,3.03414988517761,3.02877306938171,3.03283500671387,3.02539801597595,3.04479002952576,3.0232241153717,3.0239679813385,,3.03334903717041,3.03111791610718,3.03157591819763
2,24411480,A244_VOLH_C:VOL_VCCY_4.50_IOL_16.00[1]/PIN12,_,V,0,1.19500005245209,,,0.498566001653671,0.50577300786972,0.506403028964996,0.501598000526428,0.501425981521606,0.500796973705292,0.498508006334305,0.503714025020599,0.485922992229462,0.502111971378326,0.506974995136261,,0.493474006652832,0.498908996582031,0.502798974514008
2,24411480,A244_VOLH_C:VOL_VCCY_4.50_IOL_16.00[1]/PIN14,_,V,0,1.19500005245209,,,0.501299977302551,0.508449971675873,0.509308993816376,0.503759980201721,0.503588020801544,0.504617989063263,0.502501010894775,0.507134974002838,0.487971991300583,0.504788994789124,0.510967016220093,,0.497067004442215,0.500555992126465,0.506105005741119
2,24411480,A244_VOLH_C:VOL_VCCY_4.50_IOL_16.00[1]/PIN16,_,V,0,1.19500005245209,,,0.499412000179291,0.508284986019135,0.507368981838226,0.502389013767242,0.501300990581512,0.502389013767242,0.500042021274567,0.50559401512146,0.487733989953995,0.504621028900146,0.50960099697113,,0.496549993753433,0.498838990926743,0.504449009895325
2,24411480,A244_VOLH_C:VOL_VCCY_4.50_IOL_16.00[1]/PIN18,_,V,0,1.19500005245209,,,0.500145018100739,0.508844971656799,0.507642984390259,0.503521978855133,0.504151999950409,0.503121018409729,0.500374019145966,0.505639970302582,0.4877809882164,0.505582988262177,0.509073972702026,,0.496194988489151,0.499343007802963,0.504781007766724
2,24411480,A244_VOLH_C:VOL_VCCY_4.50_IOL_16.00[1]/PIN3,_,V,0,1.19500005245209,,,0.493847995996475,0.50100302696228,0.499514997005463,0.493618994951248,0.495851993560791,0.495851993560791,0.491100013256073,0.497224986553192,0.479938000440598,0.496423989534378,0.501861989498138,,0.487838000059128,0.490584999322891,0.496481001377106
2,24411480,A244_VOLH_C:VOL_VCCY_4.50_IOL_16.00[1]/PIN5,_,V,0,1.19500005245209,,,0.492256999015808,0.501186013221741,0.500042021274567,0.494890004396439,0.49557700753212,0.494432002305984,0.492657005786896,0.498439013957977,0.481323003768921,0.496549993753433,0.502560019493103,,0.489565998315811,0.491398006677628,0.496722012758255
2,24411480,A244_VOLH_C:VOL_VCCY_4.50_IOL_16.00[1]/PIN7,_,V,0,1.19500005245209,,,0.493818014860153,0.499938994646072,0.500738978385925,0.496048986911774,0.495763003826141,0.495476990938187,0.493532001972198,0.49787899851799,0.481175005435944,0.497249990701675,0.502340972423553,,0.489412993192673,0.49158701300621,0.497478991746902
2,24411480,A244_VOLH_C:VOL_VCCY_4.50_IOL_16.00[1]/PIN9,_,V,0,1.19500005245209,,,0.486999005079269,0.49329200387001,0.493806004524231,0.488371998071671,0.488658010959625,0.487170994281769,0.485053986310959,0.490087985992432,0.473670989274979,0.489172995090485,0.495350986719131,,0.482995003461838,0.484939992427826,0.490373998880386
2,24411490,A244_VOLH_C:VOH_VCCY_4.50_IOH_-16.00[1]/PIN12,_,V,3.3050000667572,4.5,,,4.00351905822754,3.98321199417114,3.98738694190979,3.98984694480896,3.99339389801025,3.98818802833557,3.9921350479126,3.98326897621155,4.00197410583496,3.98338294029236,3.98281097412109,,3.99327898025513,3.98898911476135,3.9911060333252
2,24411490,A244_VOLH_C:VOH_VCCY_4.50_IOH_-16.00[1]/PIN14,_,V,3.3050000667572,4.5,,,4.00557804107666,3.98641490936279,3.98875999450684,3.992192029953,3.99659705162048,3.98773097991943,3.9921350479126,3.98343992233276,4.00208902359009,3.98452711105347,3.98223900794983,,3.99259305000305,3.98807406425476,3.99036192893982
2,24411490,A244_VOLH_C:VOH_VCCY_4.50_IOH_-16.00[1]/PIN16,_,V,3.3050000667572,4.5,,,4.00881004333496,3.99146604537964,3.99238204956055,3.99524402618408,3.99925088882446,3.99238204956055,3.99490094184875,3.9876880645752,4.00543308258057,3.98871898651123,3.98711609840393,,3.99730491638184,3.99272608757019,3.99552989006042
2,24411490,A244_VOLH_C:VOH_VCCY_4.50_IOH_-16.00[1]/PIN18,_,V,3.3050000667572,4.5,,,4.01083707809448,3.99366497993469,3.99383592605591,3.99738502502441,4.00202178955078,3.99618291854858,3.9980149269104,3.99171805381775,4.0099778175354,3.99200510978699,3.99080300331116,,4.00082015991211,3.99669790267944,3.99916005134583
2,24411490,A244_VOLH_C:VOH_VCCY_4.50_IOH_-16.00[1]/PIN3,_,V,3.3050000667572,4.5,,,4.00592613220215,3.99024105072021,3.9892110824585,3.99304604530334,3.99619388580322,3.99327492713928,3.99579405784607,3.98915410041809,4.00672721862793,3.98823809623718,3.98863792419434,,3.99636602401733,3.9942479133606,3.99493503570557
2,24411490,A244_VOLH_C:VOH_VCCY_4.50_IOH_-16.00[1]/PIN5,_,V,3.3050000667572,4.5,,,4.00392198562622,3.98640608787537,3.98737907409668,3.98966908454895,3.99333190917969,3.98863792419434,3.9908139705658,3.98382997512817,4.00083112716675,3.98382997512817,3.98354411125183,,3.99184393882751,3.98817992210388,3.99058508872986
2,24411490,A244_VOLH_C:VOH_VCCY_4.50_IOH_-16.00[1]/PIN7,_,V,3.3050000667572,4.5,,,3.99991488456726,3.98052310943604,3.98349809646606,3.98504209518433,3.98881697654724,3.98298311233521,3.98607206344604,3.97915005683899,3.99693989753723,3.97852110862732,3.97812008857727,,3.98584294319153,3.98355507850647,3.98578596115112
2,24411490,A244_VOLH_C:VOH_VCCY_4.50_IOH_-16.00[1]/PIN9,_,V,3.3050000667572,4.5,,,3.99911403656006,3.98063707351685,3.98321199417114,3.98555707931519,3.98921799659729,3.98481297492981,3.98761606216431,3.9818389415741,3.9986560344696,3.98029398918152,3.98006510734558,,3.98875999450684,3.98670101165771,3.98652911186218
2,24411500,A244_VOLH_C:VOL_VCCY_4.50_IOL_24.00[1]/PIN12,_,V,0,1.49500000476837,,,0.76119202375412,0.772747993469238,0.773662984371185,0.765883028507233,0.765425026416779,0.764509975910187,0.760734975337982,0.7692009806633,0.741571009159088,0.766683995723724,0.773777008056641,,0.75295501947403,0.761363983154297,0.767369985580444
2,24411500,A244_VOLH_C:VOL_VCCY_4.50_IOL_24.00[1]/PIN14,_,V,0,1.49500000476837,,,0.765522003173828,0.776962995529175,0.778335988521576,0.769182980060577,0.769011974334717,0.770613014698029,0.767009973526001,0.774389028549194,0.744585990905762,0.77124297618866,0.780224025249481,,0.758657991886139,0.763921022415161,0.772616028785706
2,24411500,A244_VOLH_C:VOL_VCCY_4.50_IOL_24.00[1]/PIN16,_,V,0,1.49500000476837,,,0.76255601644516,0.77675199508667,0.775206983089447,0.767193019390106,0.765304028987885,0.76707798242569,0.763185977935791,0.77217298746109,0.74440997838974,0.770914018154144,0.778011977672577,,0.757920026779175,0.761411011219025,0.770054996013641
2,24411500,A244_VOLH_C:VOL_VCCY_4.50_IOL_24.00[1]/PIN18,_,V,0,1.49500000476837,,,0.763741016387939,0.777478992938995,0.775991022586823,0.768835008144379,0.769922971725464,0.768091022968292,0.763797998428345,0.772212982177734,0.744279026985168,0.772499024868011,0.777135014533997,,0.757444024085999,0.762367010116577,0.770609974861145
2,24411500,A244_VOLH_C:VOL_VCCY_4.50_IOL_24.00[1]/PIN3,_,V,0,1.49500000476837,,,0.754239022731781,0.765686988830566,0.763568997383118,0.753436982631683,0.757157981395721,0.757273018360138,0.749487996101379,0.75927597284317,0.732658982276917,0.758531987667084,0.766317009925842,,0.744679987430573,0.749144017696381,0.75813102722168
2,24411500,A244_VOLH_C:VOL_VCCY_4.50_IOL_24.00[1]/PIN5,_,V,0,1.49500000476837,,,0.751794993877411,0.765875995159149,0.764330983161926,0.755801975727081,0.75688898563385,0.754999995231628,0.751965999603271,0.761240005493164,0.734565019607544,0.758548974990845,0.767135977745056,,0.747386991977692,0.750020027160645,0.758206009864807
2,24411500,A244_VOLH_C:VOL_VCCY_4.50_IOL_24.00[1]/PIN7,_,V,0,1.49500000476837,,,0.754155993461609,0.7637659907341,0.765254020690918,0.757359981536865,0.756788015365601,0.756615996360779,0.753355026245117,0.760219991207123,0.73419201374054,0.759532988071442,0.766912996768951,,0.746948003768921,0.750322997570038,0.759476006031036
2,24411500,A244_VOLH_C:VOL_VCCY_4.50_IOL_24.00[1]/PIN9,_,V,0,1.49500000476837,,,0.743327021598816,0.753509998321533,0.754539012908936,0.745387017726898,0.746073007583618,0.743613004684448,0.740067005157471,0.748131990432739,0.722676992416382,0.746987998485565,0.755968987941742,,0.737263977527618,0.740067005157471,0.748533010482788
2,24411510,A244_VOLH_C:VOH_VCCY_4.50_IOH_-24.00[1]/PIN12,_,V,3.00500011444092,4.5,,,3.74478793144226,3.71338295936584,3.72007608413696,3.72379398345947,3.72945690155029,3.7213339805603,3.72757005691528,3.71361207962036,3.7425000667572,3.71401190757751,3.71321201324463,,3.72900009155273,3.72265005111694,3.72585391998291
2,24411510,A244_VOLH_C:VOH_VCCY_4.50_IOH_-24.00[1]/PIN14,_,V,3.00500011444092,4.5,,,3.74816298484802,3.71858906745911,3.72219300270081,3.72751188278198,3.73443388938904,3.72059106826782,3.72745490074158,3.7138979434967,3.7425000667572,3.71544289588928,3.71218204498291,,3.72814202308655,3.72122001647949,3.72465205192566
2,24411510,A244_VOLH_C:VOH_VCCY_4.50_IOH_-24.00[1]/PIN16,_,V,3.00500011444092,4.5,,,3.75282692909241,3.72598099708557,3.72746896743774,3.73193407058716,3.73800110816956,3.72735500335693,3.73159003257751,3.72031402587891,3.74779009819031,3.722088098526,3.71968388557434,,3.7349100112915,3.72821307182312,3.73250603675842
2,24411510,A244_VOLH_C:VOH_VCCY_4.50_IOH_-24.00[1]/PIN18,_,V,3.00500011444092,4.5,,,3.75617504119873,3.72933006286621,3.72978806495667,3.73511099815369,3.74238109588623,3.733393907547,3.73619890213013,3.72646808624268,3.75451493263245,3.72663998603821,3.72526597976685,,3.74054908752441,3.73396611213684,3.73791599273682
2,24411510,A244_VOLH_C:VOH_VCCY_4.50_IOH_-24.00[1]/PIN3,_,V,3.00500011444092,4.5,,,3.74833393096924,3.7240629196167,3.7224600315094,3.72869896888733,3.73333597183228,3.72881388664246,3.73282098770142,3.72263193130493,3.74953603744507,3.72102904319763,3.72194504737854,,3.73356509208679,3.73030209541321,3.73138999938965
2,24411510,A244_VOLH_C:VOH_VCCY_4.50_IOH_-24.00[1]/PIN5,_,V,3.00500011444092,4.5,,,3.74541401863098,3.71828103065491,3.7198269367218,3.72348999977112,3.72915697097778,3.72177290916443,3.72520709037781,3.71438908576965,3.74054789543152,3.71410202980042,3.71404504776001,,3.72663903236389,3.72085690498352,3.72503590583801
2,24411510,A244_VOLH_C:VOH_VCCY_4.50_IOH_-24.00[1]/PIN7,_,V,3.00500011444092,4.5,,,3.73958206176758,3.70955109596252,3.71395492553711,3.7166440486908,3.72242093086243,3.71343994140625,3.71813106536865,3.70754790306091,3.73494911193848,3.70629000663757,3.70588994026184,,3.71784496307373,3.71418404579163,3.71761608123779
2,24411510,A244_VOLH_C:VOH_VCCY_4.50_IOH_-24.00[1]/PIN9,_,V,3.00500011444092,4.5,,,3.73820900917053,3.70960807800293,3.7138409614563,3.71755909919739,3.72322201728821,3.71630096435547,3.72064805030823,3.71178197860718,3.73752307891846,3.70909309387207,3.70903611183167,,3.72207808494568,3.71893191337585,3.71904611587524
2,24411520,A244_VOLH_C:VOL_VCCY_5.50_IOL_24.00[1]/PIN12,_,V,0,1.49500000476837,,,0.721491992473602,0.73241800069809,0.732876002788544,0.726526021957397,0.72612601518631,0.725095987319946,0.722064018249512,0.728928983211517,0.703586995601654,0.726411998271942,0.733561992645264,,0.71485698223114,0.722064018249512,0.727670013904572
2,24411520,A244_VOLH_C:VOL_VCCY_5.50_IOL_24.00[1]/PIN14,_,V,0,1.49500000476837,,,0.725480020046234,0.736463010311127,0.737149000167847,0.72994202375412,0.729770004749298,0.730341970920563,0.727539002895355,0.73377400636673,0.706717014312744,0.730513989925385,0.739494979381561,,0.720103025436401,0.724851012229919,0.732459008693695
2,24411520,A244_VOLH_C:VOL_VCCY_5.50_IOL_24.00[1]/PIN16,_,V,0,1.49500000476837,,,0.722944021224976,0.736052989959717,0.734336018562317,0.727981984615326,0.726493000984192,0.72723799943924,0.724204003810883,0.731588006019592,0.706115007400513,0.729928016662598,0.737312018871307,,0.718994975090027,0.722199976444244,0.729984998703003
2,24411520,A244_VOLH_C:VOL_VCCY_5.50_IOL_24.00[1]/PIN18,_,V,0,1.49500000476837,,,0.723900973796844,0.736837983131409,0.735119998455048,0.729511022567749,0.730255007743835,0.728308975696564,0.724931001663208,0.732086002826691,0.706385016441345,0.731342017650604,0.736952006816864,,0.718864023685455,0.723385989665985,0.730998992919922
2,24411520,A244_VOLH_C:VOL_VCCY_5.50_IOL_24.00[1]/PIN3,_,V,0,1.49500000476837,,,0.714341998100281,0.724816977977753,0.722584009170532,0.715085983276367,0.717832982540131,0.717261016368866,0.711251020431519,0.719379007816315,0.694936990737915,0.717890977859497,0.725847005844116,,0.706385016441345,0.710219979286194,0.718290984630585
2,24411520,A244_VOLH_C:VOL_VCCY_5.50_IOL_24.00[1]/PIN5,_,V,0,1.49500000476837,,,0.712641000747681,0.725291013717651,0.723517000675201,0.716818988323212,0.717563986778259,0.715560019016266,0.71321302652359,0.721054971218109,0.696613013744354,0.718078970909119,0.726550996303558,,0.708863019943237,0.711210012435913,0.718650996685028
2,24411520,A244_VOLH_C:VOL_VCCY_5.50_IOL_24.00[1]/PIN7,_,V,0,1.49500000476837,,,0.71485698223114,0.72377997636795,0.724581003189087,0.718460023403168,0.717887997627258,0.717258989810944,0.714569985866547,0.72052001953125,0.696608006954193,0.719260990619659,0.726697981357574,,0.708736002445221,0.711652994155884,0.719947993755341
2,24411520,A244_VOLH_C:VOL_VCCY_5.50_IOL_24.00[1]/PIN9,_,V,0,1.49500000476837,,,0.704086005687714,0.713523983955383,0.714039027690887,0.707002997398376,0.707231998443604,0.705057978630066,0.702255010604858,0.708833992481232,0.685266017913818,0.707346975803375,0.716156005859375,,0.698880016803741,0.701626002788544,0.709177017211914
2,24411530,A244_VOLH_C:VOH_VCCY_5.50_IOH_-24.00[1]/PIN12,_,V,4.00500011444092,5.5,,,4.80030488967896,4.77261781692505,4.77839612960815,4.78125619888306,4.78617477416992,4.77925395965576,4.78405904769897,4.77250385284424,4.79824495315552,4.77296113967896,4.77141714096069,,4.78588914871216,4.78005504608154,4.78280019760132
2,24411530,A244_VOLH_C:VOH_VCCY_5.50_IOH_-24.00[1]/PIN14,_,V,4.00500011444092,5.5,,,4.80350780487061,4.77730894088745,4.7805118560791,4.78474521636963,4.79075193405151,4.77862501144409,4.7841157913208,4.77273321151733,4.79847383499146,4.77450609207153,4.77061605453491,,4.78514623641968,4.77896785736084,4.78171396255493
2,24411530,A244_VOLH_C:VOH_VCCY_5.50_IOH_-24.00[1]/PIN16,_,V,4.00500011444092,5.5,,,4.80818605422974,4.78465986251831,4.78591918945312,4.78935384750366,4.79479217529297,4.78546190261841,4.78855323791504,4.7794508934021,4.80377912521362,4.78099679946899,4.77807712554932,,4.79198694229126,4.78597688674927,4.78958320617676
2,24411530,A244_VOLH_C:VOH_VCCY_5.50_IOH_-24.00[1]/PIN18,_,V,4.00500011444092,5.5,,,4.81168222427368,4.78787088394165,4.78832817077637,4.79250717163086,4.79897499084473,4.79113292694092,4.79307889938354,4.78495121002197,4.81019401550293,4.78546619415283,4.78323411941528,,4.7970290184021,4.79130506515503,4.79456806182861
2,24411530,A244_VOLH_C:VOH_VCCY_5.50_IOH_-24.00[1]/PIN3,_,V,4.00500011444092,5.5,,,4.80434703826904,4.78311014175415,4.78167915344238,4.78654384613037,4.79083681106567,4.78677320480347,4.78975009918213,4.78127813339233,4.80566310882568,4.78018999099731,4.78024816513062,,4.79078006744385,4.78797483444214,4.78877687454224
2,24411530,A244_VOLH_C:VOH_VCCY_5.50_IOH_-24.00[1]/PIN5,_,V,4.00500011444092,5.5,,,4.80125617980957,4.77721405029297,4.77887392044067,4.78133487701416,4.78625822067261,4.77996110916138,4.78230810165405,4.77343606948853,4.79679107666016,4.77360677719116,4.77269220352173,,4.78408288955688,4.77904510498047,4.7823657989502
2,24411530,A244_VOLH_C:VOH_VCCY_5.50_IOH_-24.00[1]/PIN7,_,V,4.00500011444092,5.5,,,4.79492807388306,4.7686710357666,4.77273321151733,4.77433395385742,4.7794828414917,4.77164602279663,4.77519178390503,4.76666879653931,4.79097986221313,4.7658109664917,4.76466703414917,,4.77547788619995,4.77233219146729,4.77507781982422
2,24411530,A244_VOLH_C:VOH_VCCY_5.50_IOH_-24.00[1]/PIN9,_,V,4.00500011444092,5.5,,,4.79406881332397,4.76878595352173,4.77261781692505,4.77530717849731,4.78016901016235,4.7742772102356,4.77748012542725,4.77032995223999,4.79332590103149,4.76838493347168,4.76718378067017,,4.77931118011475,4.77656507492065,4.77633619308472
2,24411540,A244_VOLH_C:VOL_VCCY_2.30_IOL_0.10[1]/PIN12,_,V,,0.0500000007450581,,,0.00408900016918778,0.00414599990472198,0.00420300010591745,0.00414599990472198,0.00408900016918778,0.00408900016918778,0.00408900016918778,0.00420300010591745,0.00397399999201298,0.00420300010591745,0.00420300010591745,,0.00408900016918778,0.00420300010591745,0.00420300010591745
2,24411540,A244_VOLH_C:VOL_VCCY_2.30_IOL_0.10[1]/PIN14,_,V,,0.0500000007450581,,,0.00408900016918778,0.00420300010591745,0.00414599990472198,0.00408900016918778,0.00408900016918778,0.00414599990472198,0.00408900016918778,0.00414599990472198,0.00397399999201298,0.00414599990472198,0.00425999984145164,,0.00403100019320846,0.00414599990472198,0.00414599990472198
2,24411540,A244_VOLH_C:VOL_VCCY_2.30_IOL_0.10[1]/PIN16,_,V,,0.0500000007450581,,,0.00409100018441677,0.00426300009712577,0.00420599989593029,0.0041490001603961,0.00397699978202581,0.0041490001603961,0.0041490001603961,0.00426300009712577,0.00397699978202581,0.0041490001603961,0.00426300009712577,,0.0041490001603961,0.00420599989593029,0.00426300009712577
2,24411540,A244_VOLH_C:VOL_VCCY_2.30_IOL_0.10[1]/PIN18,_,V,,0.0500000007450581,,,0.00403399998322129,0.00426300009712577,0.00420599989593029,0.0041490001603961,0.00420599989593029,0.0041490001603961,0.00409100018441677,0.0041490001603961,0.00397699978202581,0.00420599989593029,0.0041490001603961,,0.00409100018441677,0.00409100018441677,0.00420599989593029
2,24411540,A244_VOLH_C:VOL_VCCY_2.30_IOL_0.10[1]/PIN3,_,V,,0.0500000007450581,,,0.00392000004649162,0.00409100018441677,0.00409100018441677,0.00392000004649162,0.00397699978202581,0.00403399998322129,0.00392000004649162,0.00397699978202581,0.00380500010214746,0.00409100018441677,0.00403399998322129,,0.00397699978202581,0.00392000004649162,0.00403399998322129
2,24411540,A244_VOLH_C:VOL_VCCY_2.30_IOL_0.10[1]/PIN5,_,V,,0.0500000007450581,,,0.00403399998322129,0.0041490001603961,0.00409100018441677,0.00397699978202581,0.00403399998322129,0.00409100018441677,0.00403399998322129,0.00409100018441677,0.00392000004649162,0.00409100018441677,0.00409100018441677,,0.00397699978202581,0.00409100018441677,0.00409100018441677
2,24411540,A244_VOLH_C:VOL_VCCY_2.30_IOL_0.10[1]/PIN7,_,V,,0.0500000007450581,,,0.00397399999201298,0.00414599990472198,0.00414599990472198,0.00408900016918778,0.00397399999201298,0.00403100019320846,0.00403100019320846,0.00408900016918778,0.0039169997908175,0.00408900016918778,0.00403100019320846,,0.00403100019320846,0.00408900016918778,0.00414599990472198
2,24411540,A244_VOLH_C:VOL_VCCY_2.30_IOL_0.10[1]/PIN9,_,V,,0.0500000007450581,,,0.0039169997908175,0.00408900016918778,0.00397399999201298,0.00397399999201298,0.00408900016918778,0.00397399999201298,0.0039169997908175,0.00397399999201298,0.00386000005528331,0.00403100019320846,0.00403100019320846,,0.00397399999201298,0.00397399999201298,0.00403100019320846
2,24411550,A244_VOLH_C:VOH_VCCY_2.30_IOH_-0.10[1]/PIN12,_,V,2.20000004768372,,,,2.29576396942139,2.29570698738098,2.29553604125977,2.29565000534058,2.29570698738098,2.29565000534058,2.29559302330017,2.29559302330017,2.29565000534058,2.29565000534058,2.29559302330017,,2.29570698738098,2.29570698738098,2.29565000534058
2,24411550,A244_VOLH_C:VOH_VCCY_2.30_IOH_-0.10[1]/PIN14,_,V,2.20000004768372,,,,2.29571199417114,2.29565501213074,2.29554009437561,2.29554009437561,2.29565501213074,2.29548311233521,2.29559803009033,2.29542589187622,2.29571199417114,2.29548311233521,2.29548311233521,,2.29565501213074,2.29559803009033,2.29554009437561
2,24411550,A244_VOLH_C:VOH_VCCY_2.30_IOH_-0.10[1]/PIN16,_,V,2.20000004768372,,,,2.29585790634155,2.29579997062683,2.29568600654602,2.29568600654602,2.29574298858643,2.29562902450562,2.29562902450562,2.29568600654602,2.29574298858643,2.29562902450562,2.29562902450562,,2.29579997062683,2.29574298858643,2.29568600654602
2,24411550,A244_VOLH_C:VOH_VCCY_2.30_IOH_-0.10[1]/PIN18,_,V,2.20000004768372,,,,2.29580497741699,2.29574799537659,2.29563307762146,2.29563307762146,2.29569101333618,2.29563307762146,2.29580497741699,2.29563307762146,2.29574799537659,2.29563307762146,2.29563307762146,,2.29574799537659,2.29569101333618,2.29569101333618
2,24411550,A244_VOLH_C:VOH_VCCY_2.30_IOH_-0.10[1]/PIN3,_,V,2.20000004768372,,,,2.29574799537659,2.29557609558105,2.29551911354065,2.29563307762146,2.29557609558105,2.29551911354065,2.29563307762146,2.29534697532654,2.29574799537659,2.29551911354065,2.29551911354065,,2.29569101333618,2.29540395736694,2.29563307762146
2,24411550,A244_VOLH_C:VOH_VCCY_2.30_IOH_-0.10[1]/PIN5,_,V,2.20000004768372,,,,2.29579997062683,2.29574298858643,2.29557108879089,2.29562902450562,2.29557108879089,2.29557108879089,2.29562902450562,2.29551410675049,2.29568600654602,2.29562902450562,2.29557108879089,,2.29557108879089,2.29562902450562,2.29562902450562
2,24411550,A244_VOLH_C:VOH_VCCY_2.30_IOH_-0.10[1]/PIN7,_,V,2.20000004768372,,,,2.29570698738098,2.29565000534058,2.29559302330017,2.29570698738098,2.29559302330017,2.29553604125977,2.29565000534058,2.29547810554504,2.29570698738098,2.29547810554504,2.29547810554504,,2.29565000534058,2.29542088508606,2.29559302330017
2,24411550,A244_VOLH_C:VOH_VCCY_2.30_IOH_-0.10[1]/PIN9,_,V,2.20000004768372,,,,2.29559803009033,2.29559803009033,2.29548311233521,2.29559803009033,2.29548311233521,2.29554009437561,2.29559803009033,2.29542589187622,2.29559803009033,2.29559803009033,2.29542589187622,,2.29554009437561,2.29548311233521,2.29554009437561
2,24411560,A244_VOLH_C:VOL_VCCY_2.30_IOL_1.00[1]/PIN12,_,V,,0.0900000035762787,,,0.0411569997668266,0.0418439991772175,0.0419009998440742,0.0413290001451969,0.0414999984204769,0.0413860008120537,0.0410429984331131,0.0416719987988472,0.0401280000805855,0.0416719987988472,0.041728999465704,,0.0407570004463196,0.0413860008120537,0.0414430014789104
2,24411560,A244_VOLH_C:VOL_VCCY_2.30_IOL_1.00[1]/PIN14,_,V,,0.0900000035762787,,,0.0409270003437996,0.0416710004210472,0.0418430007994175,0.0412710011005402,0.0411560013890266,0.0413849987089634,0.0410990007221699,0.0415569990873337,0.0398409999907017,0.0416139997541904,0.041728001087904,,0.0408129990100861,0.0411560013890266,0.0415569990873337
2,24411560,A244_VOLH_C:VOL_VCCY_2.30_IOL_1.00[1]/PIN16,_,V,,0.0900000035762787,,,0.0410699993371964,0.0419859997928143,0.0418719984591007,0.0414140000939369,0.0411849990487099,0.0412990003824234,0.0410699993371964,0.0417000018060207,0.0402109995484352,0.0419289991259575,0.041813999414444,,0.0410699993371964,0.0410699993371964,0.0415280014276505
2,24411560,A244_VOLH_C:VOL_VCCY_2.30_IOL_1.00[1]/PIN18,_,V,,0.0900000035762787,,,0.0412410013377666,0.0419850014150143,0.0421000011265278,0.0415839999914169,0.0416989997029305,0.0414699986577034,0.0412410013377666,0.0416419990360737,0.0402109995484352,0.0419850014150143,0.041813001036644,,0.0410120002925396,0.0412410013377666,0.0414699986577034
2,24411560,A244_VOLH_C:VOL_VCCY_2.30_IOL_1.00[1]/PIN3,_,V,,0.0900000035762787,,,0.0407259985804558,0.0414130017161369,0.0411840006709099,0.0406690016388893,0.0408970005810261,0.0410120002925396,0.0403820015490055,0.0410690009593964,0.0396949984133244,0.0411260016262531,0.0412410013377666,,0.040268000215292,0.0405539982020855,0.0410690009593964
2,24411560,A244_VOLH_C:VOL_VCCY_2.30_IOL_1.00[1]/PIN5,_,V,,0.0900000035762787,,,0.040497999638319,0.0415849983692169,0.0413560010492802,0.0408979989588261,0.0408979989588261,0.0409560017287731,0.0407270006835461,0.0414140000939369,0.0398110002279282,0.0413560010492802,0.041643001139164,,0.0406690016388893,0.0408409982919693,0.0411849990487099
2,24411560,A244_VOLH_C:VOL_VCCY_2.30_IOL_1.00[1]/PIN7,_,V,,0.0900000035762787,,,0.0404140017926693,0.0410999990999699,0.0413290001451969,0.0408140011131763,0.0406999997794628,0.0408140011131763,0.0405850000679493,0.0410999990999699,0.0396700017154217,0.0412140004336834,0.0413290001451969,,0.0403559990227222,0.0404709987342358,0.0409279987215996
2,24411560,A244_VOLH_C:VOL_VCCY_2.30_IOL_1.00[1]/PIN9,_,V,,0.0900000035762787,,,0.0403550006449223,0.0409270003437996,0.0410420000553131,0.0403550006449223,0.040412999689579,0.0403550006449223,0.0400119982659817,0.0406409986317158,0.0393260009586811,0.0407559983432293,0.0408129990100861,,0.0400119982659817,0.0403550006449223,0.0405840016901493
2,24411570,A244_VOLH_C:VOH_VCCY_2.30_IOH_-1.00[1]/PIN12,_,V,2.15000009536743,,,,2.25709390640259,2.25520610809326,2.25537800788879,2.25583600997925,2.25606393814087,2.25566411018372,2.25612211227417,2.25514888763428,2.25686502456665,2.25514888763428,2.25520610809326,,2.25606393814087,2.25572109222412,2.25606393814087
2,24411570,A244_VOLH_C:VOH_VCCY_2.30_IOH_-1.00[1]/PIN14,_,V,2.15000009536743,,,,2.25721406936646,2.25538396835327,2.25549793243408,2.25589799880981,2.25624203681946,2.25532603263855,2.25601291656494,2.25503993034363,2.25687098503113,2.25498294830322,2.25515508651733,,2.25595593452454,2.25561189651489,2.25589799880981
2,24411570,A244_VOLH_C:VOH_VCCY_2.30_IOH_-1.00[1]/PIN16,_,V,2.15000009536743,,,,2.25733304023743,2.25572991371155,2.25561594963074,2.25601696968079,2.25636005401611,2.25555896759033,2.25607395172119,2.25533008575439,2.25693297386169,2.25550198554993,2.25544404983521,,2.256187915802,2.25572991371155,2.256187915802
2,24411570,A244_VOLH_C:VOH_VCCY_2.30_IOH_-1.00[1]/PIN18,_,V,2.15000009536743,,,,2.25768208503723,2.25613689422607,2.25607991218567,2.2564799785614,2.25682401657104,2.25613689422607,2.25665211677551,2.25585103034973,2.25756788253784,2.2557361125946,2.25602197647095,,2.25676608085632,2.25630903244019,2.25665211677551
2,24411570,A244_VOLH_C:VOH_VCCY_2.30_IOH_-1.00[1]/PIN3,_,V,2.15000009536743,,,,2.2572820186615,2.25562191009521,2.25556397438049,2.25602197647095,2.25636601448059,2.25602197647095,2.256422996521,2.25567889213562,2.2573390007019,2.25545001029968,2.25562191009521,,2.25636601448059,2.25607991218567,2.25636601448059
2,24411570,A244_VOLH_C:VOH_VCCY_2.30_IOH_-1.00[1]/PIN5,_,V,2.15000009536743,,,,2.25681805610657,2.25521492958069,2.25510096549988,2.25544404983521,2.25567293167114,2.2553870677948,2.25584506988525,2.25498604774475,2.25641703605652,2.25504398345947,2.25521492958069,,2.25584506988525,2.25544404983521,2.25590205192566
2,24411570,A244_VOLH_C:VOH_VCCY_2.30_IOH_-1.00[1]/PIN7,_,V,2.15000009536743,,,,2.25675106048584,2.25480604171753,2.25503492355347,2.25537800788879,2.25572109222412,2.25503492355347,2.25560688972473,2.25469207763672,2.25646495819092,2.25457692146301,2.25480604171753,,2.25532102584839,2.25503492355347,2.25537800788879
2,24411570,A244_VOLH_C:VOH_VCCY_2.30_IOH_-1.00[1]/PIN9,_,V,2.15000009536743,,,,2.2565279006958,2.25469708442688,2.25492596626282,2.25503993034363,2.25532603263855,2.25509810447693,2.25544095039368,2.25469708442688,2.25646996498108,2.25458288192749,2.25475406646729,,2.25549793243408,2.25515508651733,2.25538396835327
2,24411580,A244_VOLH_C:VOL_VCCY_3.00_IOL_0.10[1]/PIN12,_,V,,0.0500000007450581,,,0.00363099994137883,0.00368799990974367,0.003573999973014,0.003573999973014,0.00351700000464916,0.00351700000464916,0.00345900002866983,0.00363099994137883,0.00345900002866983,0.003573999973014,0.003573999973014,,0.00345900002866983,0.00351700000464916,0.003573999973014
2,24411580,A244_VOLH_C:VOL_VCCY_3.00_IOL_0.10[1]/PIN14,_,V,,0.0500000007450581,,,0.00351599999703467,0.00351599999703467,0.003573999973014,0.00345900002866983,0.00345900002866983,0.00351599999703467,0.00345900002866983,0.00351599999703467,0.003402000060305,0.003573999973014,0.003573999973014,,0.00351599999703467,0.00351599999703467,0.00351599999703467
2,24411580,A244_VOLH_C:VOL_VCCY_3.00_IOL_0.10[1]/PIN16,_,V,,0.0500000007450581,,,0.00351900001987815,0.00369099993258715,0.00357599998824298,0.00363299995660782,0.00351900001987815,0.00351900001987815,0.00357599998824298,0.00351900001987815,0.00346200005151331,0.00363299995660782,0.00351900001987815,,0.00357599998824298,0.00357599998824298,0.00357599998824298
2,24411580,A244_VOLH_C:VOL_VCCY_3.00_IOL_0.10[1]/PIN18,_,V,,0.0500000007450581,,,0.00357599998824298,0.00369099993258715,0.00357599998824298,0.00351900001987815,0.00351900001987815,0.00351900001987815,0.00351900001987815,0.00357599998824298,0.00340400007553399,0.00357599998824298,0.00357599998824298,,0.00357599998824298,0.00351900001987815,0.00351900001987815
2,24411580,A244_VOLH_C:VOL_VCCY_3.00_IOL_0.10[1]/PIN3,_,V,,0.0500000007450581,,,0.00340400007553399,0.00351900001987815,0.00340400007553399,0.00334700010716915,0.00328999990597367,0.00340400007553399,0.00334700010716915,0.00346200005151331,0.00323299993760884,0.00346200005151331,0.00340400007553399,,0.00334700010716915,0.00328999990597367,0.00340400007553399
2,24411580,A244_VOLH_C:VOL_VCCY_3.00_IOL_0.10[1]/PIN5,_,V,,0.0500000007450581,,,0.00340400007553399,0.00351900001987815,0.00340400007553399,0.00351900001987815,0.00346200005151331,0.00346200005151331,0.00346200005151331,0.00346200005151331,0.00340400007553399,0.00351900001987815,0.00351900001987815,,0.00346200005151331,0.00346200005151331,0.00340400007553399
2,24411580,A244_VOLH_C:VOL_VCCY_3.00_IOL_0.10[1]/PIN7,_,V,,0.0500000007450581,,,0.003402000060305,0.00351700000464916,0.00345900002866983,0.003402000060305,0.003402000060305,0.00345900002866983,0.003402000060305,0.003402000060305,0.00328799989074469,0.00351700000464916,0.00351700000464916,,0.003402000060305,0.00345900002866983,0.00345900002866983
2,24411580,A244_VOLH_C:VOL_VCCY_3.00_IOL_0.10[1]/PIN9,_,V,,0.0500000007450581,,,0.003402000060305,0.003402000060305,0.00345900002866983,0.003402000060305,0.00334500009194016,0.00328799989074469,0.00334500009194016,0.003402000060305,0.00328799989074469,0.00345900002866983,0.00345900002866983,,0.00334500009194016,0.003402000060305,0.003402000060305
2,24411590,A244_VOLH_C:VOH_VCCY_3.00_IOH_-0.10[1]/PIN12,_,V,2.90000009536743,,,,2.99628210067749,2.9963390827179,2.99628210067749,2.99628210067749,2.99622392654419,2.99622392654419,2.9963390827179,2.99622392654419,2.99628210067749,2.99622392654419,2.99628210067749,,2.9963390827179,2.9963390827179,2.99628210067749
2,24411590,A244_VOLH_C:VOH_VCCY_3.00_IOH_-0.10[1]/PIN14,_,V,2.90000009536743,,,,2.9963390827179,2.99628210067749,2.99616694450378,2.99622392654419,2.99622392654419,2.99610996246338,2.99622392654419,2.99616694450378,2.99628210067749,2.99610996246338,2.99605298042297,,2.99622392654419,2.99616694450378,2.99616694450378
2,24411590,A244_VOLH_C:VOH_VCCY_3.00_IOH_-0.10[1]/PIN16,_,V,2.90000009536743,,,,2.99638199806213,2.99643898010254,2.99626803398132,2.99632501602173,2.99626803398132,2.99626803398132,2.99643898010254,2.99626803398132,2.99632501602173,2.9962100982666,2.99626803398132,,2.99638199806213,2.99638199806213,2.99638199806213
2,24411590,A244_VOLH_C:VOH_VCCY_3.00_IOH_-0.10[1]/PIN18,_,V,2.90000009536743,,,,2.99631404876709,2.9964280128479,2.99619889259338,2.9963710308075,2.99631404876709,2.99631404876709,2.9963710308075,2.99619889259338,2.99631404876709,2.99625611305237,2.99625611305237,,2.99631404876709,2.99631404876709,2.99625611305237
2,24411590,A244_VOLH_C:VOH_VCCY_3.00_IOH_-0.10[1]/PIN3,_,V,2.90000009536743,,,,2.99633598327637,2.99627900123596,2.99616408348083,2.99610710144043,2.99622201919556,2.99616408348083,2.99622201919556,2.99610710144043,2.99633598327637,2.99610710144043,2.99616408348083,,2.99616408348083,2.99622201919556,2.99622201919556
2,24411590,A244_VOLH_C:VOH_VCCY_3.00_IOH_-0.10[1]/PIN5,_,V,2.90000009536743,,,,2.99627900123596,2.99627900123596,2.99610710144043,2.99627900123596,2.99633598327637,2.99616408348083,2.99627900123596,2.99622201919556,2.99633598327637,2.99622201919556,2.99616408348083,,2.99627900123596,2.99622201919556,2.99627900123596
2,24411590,A244_VOLH_C:VOH_VCCY_3.00_IOH_-0.10[1]/PIN7,_,V,2.90000009536743,,,,2.99628210067749,2.99628210067749,2.99610996246338,2.99610996246338,2.99622392654419,2.99616694450378,2.99622392654419,2.99605298042297,2.99622392654419,2.99610996246338,2.99605298042297,,2.99610996246338,2.99616694450378,2.99616694450378
2,24411590,A244_VOLH_C:VOH_VCCY_3.00_IOH_-0.10[1]/PIN9,_,V,2.90000009536743,,,,2.99628210067749,2.99616694450378,2.99622392654419,2.9963390827179,2.99622392654419,2.99616694450378,2.99622392654419,2.99610996246338,2.99616694450378,2.99605298042297,2.99616694450378,,2.99622392654419,2.99616694450378,2.99616694450378
2,24411600,A244_VOLH_C:VOL_VCCY_3.00_IOL_1.00[1]/PIN12,_,V,,0.0900000035762787,,,0.0352080017328262,0.0356080010533333,0.0357230007648468,0.035436999052763,0.0352649986743927,0.0353219993412495,0.0351510010659695,0.0354939997196198,0.0343500003218651,0.0353799983859062,0.0356080010533333,,0.0348079986870289,0.0353799983859062,0.0354939997196198
2,24411600,A244_VOLH_C:VOL_VCCY_3.00_IOL_1.00[1]/PIN14,_,V,,0.0900000035762787,,,0.0351499989628792,0.03566500172019,0.03566500172019,0.0352640002965927,0.0353219993412495,0.035436000674963,0.0352640002965927,0.0355499982833862,0.0342920012772083,0.035436000674963,0.03583599999547,,0.0349210016429424,0.0352640002965927,0.0355499982833862
2,24411600,A244_VOLH_C:VOL_VCCY_3.00_IOL_1.00[1]/PIN16,_,V,,0.0900000035762787,,,0.0351170003414154,0.035861000418663,0.0356890000402927,0.0353460013866425,0.0353460013866425,0.0353460013866425,0.0351740010082722,0.0355749987065792,0.0342580005526543,0.0356890000402927,0.0359180010855198,,0.0350599996745586,0.0351740010082722,0.0354599989950657
2,24411600,A244_VOLH_C:VOL_VCCY_3.00_IOL_1.00[1]/PIN18,_,V,,0.0900000035762787,,,0.0352310016751289,0.0358599983155727,0.0358599983155727,0.0354019999504089,0.0355169996619225,0.0354599989950657,0.0353449992835522,0.0355740003287792,0.034315001219511,0.035631000995636,0.0358599983155727,,0.0351159982383251,0.0351729989051819,0.035631000995636
2,24411600,A244_VOLH_C:VOL_VCCY_3.00_IOL_1.00[1]/PIN3,_,V,,0.0900000035762787,,,0.0347729995846748,0.0353449992835522,0.0352310016751289,0.0348300002515316,0.0349440015852451,0.0350020006299019,0.0346009992063046,0.0350020006299019,0.0338569991290569,0.0351159982383251,0.0352879986166954,,0.034315001219511,0.0346009992063046,0.0350020006299019
2,24411600,A244_VOLH_C:VOL_VCCY_3.00_IOL_1.00[1]/PIN5,_,V,,0.0900000035762787,,,0.0346020013093948,0.0354029983282089,0.0352890007197857,0.0348879992961884,0.0350599996745586,0.0349449999630451,0.0347729995846748,0.0352890007197857,0.0339719988405704,0.0352890007197857,0.035631999373436,,0.0346589982509613,0.0348879992961884,0.0352890007197857
2,24411600,A244_VOLH_C:VOL_VCCY_3.00_IOL_1.00[1]/PIN7,_,V,,0.0900000035762787,,,0.0345790013670921,0.0351510010659695,0.0353219993412495,0.0348649993538857,0.0347499996423721,0.0347499996423721,0.0346929989755154,0.0350940003991127,0.0339489988982677,0.0350360013544559,0.0353219993412495,,0.0344640016555786,0.0345790013670921,0.0350940003991127
2,24411600,A244_VOLH_C:VOL_VCCY_3.00_IOL_1.00[1]/PIN9,_,V,,0.0900000035762787,,,0.0343489982187748,0.0347499996423721,0.0348640009760857,0.0343489982187748,0.0344059988856316,0.0342920012772083,0.0340630002319813,0.0345209985971451,0.0334339998662472,0.0346349999308586,0.0348640009760857,,0.034120000898838,0.0342920012772083,0.0347499996423721
2,24411610,A244_VOLH_C:VOH_VCCY_3.00_IOH_-1.00[1]/PIN12,_,V,2.84999990463257,,,,2.96321797370911,2.96167397499084,2.96196007728577,2.96213102340698,2.96247410774231,2.96201705932617,2.96235990524292,2.96150207519531,2.9631040096283,2.96167397499084,2.96173095703125,,2.96247410774231,2.96213102340698,2.96224594116211
2,24411610,A244_VOLH_C:VOH_VCCY_3.00_IOH_-1.00[1]/PIN14,_,V,2.84999990463257,,,,2.96333193778992,2.96178793907166,2.96207404136658,2.96235990524292,2.96275997161865,2.96201705932617,2.96235990524292,2.96173095703125,2.96298909187317,2.96167397499084,2.96167397499084,,2.96241688728333,2.96213102340698,2.96224594116211
2,24411610,A244_VOLH_C:VOH_VCCY_3.00_IOH_-1.00[1]/PIN16,_,V,2.84999990463257,,,,2.96358299255371,2.96215200424194,2.96209502220154,2.96249508857727,2.9626669883728,2.96209502220154,2.96249508857727,2.9618079662323,2.96312499046326,2.96203708648682,2.96186590194702,,2.9626669883728,2.96232295036316,2.96238088607788
2,24411610,A244_VOLH_C:VOH_VCCY_3.00_IOH_-1.00[1]/PIN18,_,V,2.84999990463257,,,,2.96391606330872,2.96248507499695,2.96265602111816,2.9628849029541,2.96328592300415,2.96277093887329,2.9628849029541,2.96231293678284,2.96385788917542,2.96231293678284,2.96242690086365,,2.96317195892334,2.9628279209137,2.9629430770874
2,24411610,A244_VOLH_C:VOH_VCCY_3.00_IOH_-1.00[1]/PIN3,_,V,2.84999990463257,,,,2.96347904205322,2.96227693557739,2.96210503578186,2.96256303787231,2.96273493766785,2.96262001991272,2.96279191970825,2.96221995353699,2.96353602409363,2.96221995353699,2.96227693557739,,2.96273493766785,2.96273493766785,2.96279191970825
2,24411610,A244_VOLH_C:VOH_VCCY_3.00_IOH_-1.00[1]/PIN5,_,V,2.84999990463257,,,,2.96296405792236,2.96170401573181,2.96164703369141,2.96193289756775,2.9623339176178,2.96187591552734,2.96210503578186,2.961590051651,2.96279191970825,2.96164703369141,2.96170401573181,,2.96221995353699,2.96204805374146,2.96221995353699
2,24411610,A244_VOLH_C:VOH_VCCY_3.00_IOH_-1.00[1]/PIN7,_,V,2.84999990463257,,,,2.96293210983276,2.96144509315491,2.96155905723572,2.96178793907166,2.96196007728577,2.96161603927612,2.96184492111206,2.9613299369812,2.96264600753784,2.9613299369812,2.9613299369812,,2.96178793907166,2.96173095703125,2.96196007728577
2,24411610,A244_VOLH_C:VOH_VCCY_3.00_IOH_-1.00[1]/PIN9,_,V,2.84999990463257,,,,2.96264600753784,2.96121597290039,2.9613881111145,2.9613881111145,2.96178793907166,2.9613881111145,2.96178793907166,2.96121597290039,2.96264600753784,2.96121597290039,2.96115899085999,,2.96178793907166,2.96167397499084,2.96173095703125
2,24411620,A244_VOLH_C:VOL_VCCY_4.50_IOL_0.10[1]/PIN12,_,V,,0.0500000007450581,,,0.00305900000967085,0.00305900000967085,0.00311599997803569,0.00294500007294118,0.00300200004130602,0.00305900000967085,0.00300200004130602,0.00311599997803569,0.00294500007294118,0.00311599997803569,0.00311599997803569,,0.00305900000967085,0.00311599997803569,0.00300200004130602
2,24411620,A244_VOLH_C:VOL_VCCY_4.50_IOL_0.10[1]/PIN14,_,V,,0.0500000007450581,,,0.00300200004130602,0.00311599997803569,0.00305900000967085,0.00305900000967085,0.00294400006532669,0.00300200004130602,0.00300200004130602,0.00305900000967085,0.00294400006532669,0.00311599997803569,0.00311599997803569,,0.00311599997803569,0.00311599997803569,0.00305900000967085
2,24411620,A244_VOLH_C:VOL_VCCY_4.50_IOL_0.10[1]/PIN16,_,V,,0.0500000007450581,,,0.00306100002489984,0.00323299993760884,0.00311799999326468,0.00311799999326468,0.00306100002489984,0.00311799999326468,0.00306100002489984,0.00311799999326468,0.00294700008817017,0.00311799999326468,0.00300400005653501,,0.00306100002489984,0.00311799999326468,0.00306100002489984
2,24411620,A244_VOLH_C:VOL_VCCY_4.50_IOL_0.10[1]/PIN18,_,V,,0.0500000007450581,,,0.00306100002489984,0.00311799999326468,0.00311799999326468,0.00311799999326468,0.00306100002489984,0.00306100002489984,0.00300400005653501,0.00306100002489984,0.00294600008055568,0.00311799999326468,0.00311799999326468,,0.00311799999326468,0.00306100002489984,0.00306100002489984
2,24411620,A244_VOLH_C:VOL_VCCY_4.50_IOL_0.10[1]/PIN3,_,V,,0.0500000007450581,,,0.00288900011219084,0.00294600008055568,0.00300400005653501,0.00294600008055568,0.00294600008055568,0.00288900011219084,0.00288900011219084,0.00288900011219084,0.00283199991099536,0.00288900011219084,0.00294600008055568,,0.00288900011219084,0.00288900011219084,0.00300400005653501
2,24411620,A244_VOLH_C:VOL_VCCY_4.50_IOL_0.10[1]/PIN5,_,V,,0.0500000007450581,,,0.00294700008817017,0.00306100002489984,0.00300400005653501,0.00294700008817017,0.00294700008817017,0.00300400005653501,0.00294700008817017,0.00306100002489984,0.00288900011219084,0.00300400005653501,0.00306100002489984,,0.00294700008817017,0.00306100002489984,0.00306100002489984
2,24411620,A244_VOLH_C:VOL_VCCY_4.50_IOL_0.10[1]/PIN7,_,V,,0.0500000007450581,,,0.00294500007294118,0.00300200004130602,0.00294500007294118,0.00294500007294118,0.00294500007294118,0.00300200004130602,0.00288700009696186,0.00305900000967085,0.00288700009696186,0.00300200004130602,0.00300200004130602,,0.00294500007294118,0.00294500007294118,0.00305900000967085
2,24411620,A244_VOLH_C:VOL_VCCY_4.50_IOL_0.10[1]/PIN9,_,V,,0.0500000007450581,,,0.00288700009696186,0.00294400006532669,0.00300200004130602,0.00294400006532669,0.00288700009696186,0.00288700009696186,0.00294400006532669,0.00300200004130602,0.00288700009696186,0.00288700009696186,0.00300200004130602,,0.00288700009696186,0.00288700009696186,0.00300200004130602
2,24411630,A244_VOLH_C:VOH_VCCY_4.50_IOH_-0.10[1]/PIN12,_,V,4.40000009536743,,,,4.49695491790771,4.49695491790771,4.49695491790771,4.4968409538269,4.49689817428589,4.4968409538269,4.49695491790771,4.4967827796936,4.4970121383667,4.4968409538269,4.4967827796936,,4.49695491790771,4.49689817428589,4.49689817428589
2,24411630,A244_VOLH_C:VOH_VCCY_4.50_IOH_-0.10[1]/PIN14,_,V,4.40000009536743,,,,4.49695491790771,4.49689817428589,4.49689817428589,4.4968409538269,4.4968409538269,4.4967827796936,4.4968409538269,4.49666881561279,4.4968409538269,4.4968409538269,4.49672603607178,,4.49695491790771,4.4967827796936,4.49666881561279
2,24411630,A244_VOLH_C:VOH_VCCY_4.50_IOH_-0.10[1]/PIN16,_,V,4.40000009536743,,,,4.49696493148804,4.49707889556885,4.49690818786621,4.49690818786621,4.49702215194702,4.49690818786621,4.49702215194702,4.49685001373291,4.49707889556885,4.49696493148804,4.49685001373291,,4.49696493148804,4.49696493148804,4.49690818786621
2,24411630,A244_VOLH_C:VOH_VCCY_4.50_IOH_-0.10[1]/PIN18,_,V,4.40000009536743,,,,4.49703407287598,4.49691915512085,4.49691915512085,4.49686193466187,4.49697589874268,4.49691915512085,4.49691915512085,4.49680519104004,4.49686193466187,4.49691915512085,4.49680519104004,,4.49697589874268,4.49697589874268,4.49680519104004
2,24411630,A244_VOLH_C:VOH_VCCY_4.50_IOH_-0.10[1]/PIN3,_,V,4.40000009536743,,,,4.49683904647827,4.49683904647827,4.4968957901001,4.49695301055908,4.49683904647827,4.49678182601929,4.4968957901001,4.49678182601929,4.49683904647827,4.49672412872314,4.49683904647827,,4.49695301055908,4.49683904647827,4.49683904647827
2,24411630,A244_VOLH_C:VOH_VCCY_4.50_IOH_-0.10[1]/PIN5,_,V,4.40000009536743,,,,4.49683904647827,4.4968957901001,4.49683904647827,4.4968957901001,4.4968957901001,4.49683904647827,4.4968957901001,4.49678182601929,4.49695301055908,4.49678182601929,4.49672412872314,,4.49678182601929,4.49683904647827,4.49695301055908
2,24411630,A244_VOLH_C:VOH_VCCY_4.50_IOH_-0.10[1]/PIN7,_,V,4.40000009536743,,,,4.49689817428589,4.49689817428589,4.4968409538269,4.4968409538269,4.4967827796936,4.4967827796936,4.4968409538269,4.49672603607178,4.49689817428589,4.4967827796936,4.4968409538269,,4.4968409538269,4.4967827796936,4.4967827796936
2,24411630,A244_VOLH_C:VOH_VCCY_4.50_IOH_-0.10[1]/PIN9,_,V,4.40000009536743,,,,4.4968409538269,4.4968409538269,4.4967827796936,4.49689817428589,4.4968409538269,4.4967827796936,4.4968409538269,4.49672603607178,4.49689817428589,4.4968409538269,4.4967827796936,,4.4968409538269,4.49689817428589,4.4967827796936
2,24411640,A244_VOLH_C:VOL_VCCY_4.50_IOL_1.00[1]/PIN12,_,V,,0.0900000035762787,,,0.0304029993712902,0.0306889992207289,0.0308030005544424,0.030460000038147,0.0305170007050037,0.0304029993712902,0.0303460005670786,0.0306320004165173,0.0296589992940426,0.0305739995092154,0.0308030005544424,,0.0301169995218515,0.030460000038147,0.0306320004165173
2,24411640,A244_VOLH_C:VOL_VCCY_4.50_IOL_1.00[1]/PIN14,_,V,,0.0900000035762787,,,0.0302300006151199,0.0306310001760721,0.0307449996471405,0.0304589997977018,0.0304589997977018,0.0304019991308451,0.0304589997977018,0.0306310001760721,0.0295439995825291,0.0305739995092154,0.0308020003139973,,0.0301159992814064,0.0302879996597767,0.0306310001760721
2,24411640,A244_VOLH_C:VOL_VCCY_4.50_IOL_1.00[1]/PIN16,_,V,,0.0900000035762787,,,0.0303089991211891,0.03099500015378,0.0308240000158548,0.0305950008332729,0.0304799992591143,0.0304230004549026,0.0304230004549026,0.0307659991085529,0.0296219997107983,0.0307090003043413,0.0310529991984367,,0.0303089991211891,0.0304230004549026,0.0305950008332729
2,24411640,A244_VOLH_C:VOL_VCCY_4.50_IOL_1.00[1]/PIN18,_,V,,0.0900000035762787,,,0.0304799992591143,0.03099500015378,0.0308800004422665,0.0306509993970394,0.0307090003043413,0.030536999925971,0.030536999925971,0.0307659991085529,0.0297929998487234,0.0308800004422665,0.0310520008206367,,0.0301929991692305,0.0304220002144575,0.0307659991085529
2,24411640,A244_VOLH_C:VOL_VCCY_4.50_IOL_1.00[1]/PIN3,_,V,,0.0900000035762787,,,0.0300220008939505,0.0303649995476007,0.0302510000765324,0.0299639999866486,0.0300789996981621,0.0300789996981621,0.0297350008040667,0.0301929991692305,0.0291629992425442,0.0300789996981621,0.030536999925971,,0.0296780001372099,0.0297929998487234,0.0301929991692305
2,24411640,A244_VOLH_C:VOL_VCCY_4.50_IOL_1.00[1]/PIN5,_,V,,0.0900000035762787,,,0.0297929998487234,0.0304799992591143,0.0303659997880459,0.030137000605464,0.030137000605464,0.0300220008939505,0.0299650002270937,0.0303089991211891,0.0292210001498461,0.0301939994096756,0.0306519996374846,,0.0298510007560253,0.0299079995602369,0.0302510000765324
2,24411640,A244_VOLH_C:VOL_VCCY_4.50_IOL_1.00[1]/PIN7,_,V,,0.0900000035762787,,,0.0298880003392696,0.0302310008555651,0.0303460005670786,0.0300600007176399,0.0299449991434813,0.030001999810338,0.0298880003392696,0.0301740001887083,0.0292589999735355,0.0301169995218515,0.0304029993712902,,0.0296589992940426,0.0297159999608994,0.0301740001887083
2,24411640,A244_VOLH_C:VOL_VCCY_4.50_IOL_1.00[1]/PIN9,_,V,,0.0900000035762787,,,0.0295439995825291,0.0298870000988245,0.030001999810338,0.0296580009162426,0.0296580009162426,0.0294870007783175,0.0294870007783175,0.0296580009162426,0.0287999995052814,0.0297730006277561,0.0300590004771948,,0.0292579997330904,0.0295439995825291,0.0298299994319677
2,24411650,A244_VOLH_C:VOH_VCCY_4.50_IOH_-1.00[1]/PIN12,_,V,4.34999990463257,,,,4.46903991699219,4.46789598464966,4.46806716918945,4.4681248664856,4.46835279464722,4.4681248664856,4.46829605102539,4.46778106689453,4.46898317337036,4.46772384643555,4.46772384643555,,4.4684681892395,4.46818208694458,4.46823883056641
2,24411650,A244_VOLH_C:VOH_VCCY_4.50_IOH_-1.00[1]/PIN14,_,V,4.34999990463257,,,,4.46909713745117,4.46800994873047,4.4681248664856,4.46841096878052,4.46863889694214,4.46795320510864,4.46829605102539,4.46766710281372,4.46875381469727,4.46783876419067,4.46760988235474,,4.46835279464722,4.46789598464966,4.46818208694458
2,24411650,A244_VOLH_C:VOH_VCCY_4.50_IOH_-1.00[1]/PIN16,_,V,4.34999990463257,,,,4.46943187713623,4.46840190887451,4.46840190887451,4.46851587295532,4.46880197525024,4.46834421157837,4.46851587295532,4.46800088882446,4.46897411346436,4.46811485290527,4.46794414520264,,4.46868801116943,4.46840190887451,4.46851587295532
2,24411650,A244_VOLH_C:VOH_VCCY_4.50_IOH_-1.00[1]/PIN18,_,V,4.34999990463257,,,,4.46967315673828,4.4688138961792,4.46875715255737,4.4688720703125,4.46927213668823,4.4688720703125,4.46898603439331,4.46847105026245,4.46967315673828,4.46864318847656,4.46852779388428,,4.46904277801514,4.4688720703125,4.46898603439331
2,24411650,A244_VOLH_C:VOH_VCCY_4.50_IOH_-1.00[1]/PIN3,_,V,4.34999990463257,,,,4.46936178207397,4.46844720840454,4.46833181381226,4.4687328338623,4.46879005432129,4.46867609024048,4.46884679794312,4.46850395202637,4.46953392028809,4.46838903427124,4.46844720840454,,4.4689621925354,4.4687328338623,4.46867609024048
2,24411650,A244_VOLH_C:VOH_VCCY_4.50_IOH_-1.00[1]/PIN5,_,V,4.34999990463257,,,,4.46884679794312,4.46798896789551,4.4678168296814,4.46804618835449,4.46821784973145,4.46787405014038,4.46810293197632,4.46764516830444,4.46867609024048,4.46764516830444,4.46776008605957,,4.46821784973145,4.46804618835449,4.4681601524353
2,24411650,A244_VOLH_C:VOH_VCCY_4.50_IOH_-1.00[1]/PIN7,_,V,4.34999990463257,,,,4.46863889694214,4.46755313873291,4.46760988235474,4.46778106689453,4.46795320510864,4.46766710281372,4.46778106689453,4.46755313873291,4.46863889694214,4.46749496459961,4.46732378005981,,4.46795320510864,4.46772384643555,4.46778106689453
2,24411650,A244_VOLH_C:VOH_VCCY_4.50_IOH_-1.00[1]/PIN9,_,V,4.34999990463257,,,,4.46858215332031,4.46743822097778,4.46743822097778,4.46760988235474,4.46772384643555,4.46755313873291,4.46772384643555,4.46732378005981,4.46841096878052,4.46726703643799,4.46726703643799,,4.46778106689453,4.46778106689453,4.46766710281372
2,24411680,A244_VOLH_C:VOL_VCCY_1.40_IOL_1.00[1]/PIN12,_,V,0,0.550000011920929,,,0.0676430016756058,0.0689589977264404,0.069473996758461,0.0682720020413399,0.0682720020413399,0.0685010030865669,0.0676999986171722,0.0685010030865669,0.066041000187397,0.068901002407074,0.0679289996623993,,0.0677570030093193,0.0688439980149269,0.0682720020413399
2,24411680,A244_VOLH_C:VOL_VCCY_1.40_IOL_1.00[1]/PIN14,_,V,0,0.550000011920929,,,0.0670690014958382,0.0687860026955605,0.0691289976239204,0.0680989995598793,0.0679270029067993,0.0683280006051064,0.0678130015730858,0.0683280006051064,0.0655819997191429,0.0688429996371269,0.0679849982261658,,0.0678130015730858,0.0682130008935928,0.0683849975466728
2,24411680,A244_VOLH_C:VOL_VCCY_1.40_IOL_1.00[1]/PIN16,_,V,0,0.550000011920929,,,0.06717299669981,0.06929100304842,0.0691189989447594,0.0682030022144318,0.0679740011692047,0.0682030022144318,0.0678599998354912,0.0684320032596588,0.0660850033164024,0.0695770010352135,0.0683749988675117,,0.0683180019259453,0.0684320032596588,0.0683749988675117
2,24411680,A244_VOLH_C:VOL_VCCY_1.40_IOL_1.00[1]/PIN18,_,V,0,0.550000011920929,,,0.0674569979310036,0.0694039985537529,0.0694610029459,0.0684880018234253,0.0687170028686523,0.0686599984765053,0.0679150000214577,0.0683730021119118,0.0660260021686554,0.0696899965405464,0.0680869966745377,,0.0679730027914047,0.0686020031571388,0.0683730021119118
2,24411680,A244_VOLH_C:VOL_VCCY_1.40_IOL_1.00[1]/PIN3,_,V,0,0.550000011920929,,,0.0670000016689301,0.0687739998102188,0.0686599984765053,0.0671709999442101,0.0678009986877441,0.0680869966745377,0.066771000623703,0.0677440017461777,0.0654539987444878,0.0687739998102188,0.0677440017461777,,0.0672279968857765,0.0676859989762306,0.0678580030798912
2,24411680,A244_VOLH_C:VOL_VCCY_1.40_IOL_1.00[1]/PIN5,_,V,0,0.550000011920929,,,0.0664860010147095,0.0690049976110458,0.0687759965658188,0.0678019970655441,0.0679169967770576,0.0678019970655441,0.0673450008034706,0.0682599991559982,0.0657989978790283,0.0688330009579659,0.0682599991559982,,0.0678599998354912,0.0679740011692047,0.0680890008807182
2,24411680,A244_VOLH_C:VOL_VCCY_1.40_IOL_1.00[1]/PIN7,_,V,0,0.550000011920929,,,0.0666709989309311,0.0681009963154793,0.0685010030865669,0.0674140006303787,0.0672430023550987,0.0675290003418922,0.0671280026435852,0.0677570030093193,0.0653550028800964,0.0685580000281334,0.0675859972834587,,0.0672430023550987,0.0674140006303787,0.0676430016756058
2,24411680,A244_VOLH_C:VOL_VCCY_1.40_IOL_1.00[1]/PIN9,_,V,0,0.550000011920929,,,0.0666119977831841,0.0682130008935928,0.0684420019388199,0.0669550001621246,0.0672409981489182,0.0668980032205582,0.0664969980716705,0.0672980025410652,0.0650670006871223,0.0680420026183128,0.0671840012073517,,0.0672980025410652,0.0672980025410652,0.0672980025410652
2,24411690,A244_VOLH_C:VOH_VCCY_1.40_IOH_-1.00[1]/PIN12,_,V,1.25,1.64999997615814,,,1.33329594135284,1.32934904098511,1.33009302616119,1.33032095432281,1.3310079574585,1.33003497123718,1.33152294158936,1.32923495769501,1.33272397518158,1.32900595664978,1.32997798919678,,1.33083605766296,1.33037900924683,1.3311220407486
2,24411690,A244_VOLH_C:VOH_VCCY_1.40_IOH_-1.00[1]/PIN14,_,V,1.25,1.64999997615814,,,1.33320796489716,1.32948994636536,1.33006203174591,1.33052003383636,1.33137798309326,1.32966196537018,1.33120596408844,1.32914698123932,1.33252203464508,1.3289749622345,1.32960498332977,,1.33052003383636,1.32971894741058,1.330806016922
2,24411690,A244_VOLH_C:VOH_VCCY_1.40_IOH_-1.00[1]/PIN16,_,V,1.25,1.64999997615814,,,1.33343696594238,1.33000302314758,1.33023202419281,1.33068895339966,1.33131897449493,1.32988798618317,1.33131897449493,1.32925796508789,1.33257794380188,1.32948696613312,1.33000302314758,,1.33120501041412,1.33023202419281,1.33120501041412
2,24411690,A244_VOLH_C:VOH_VCCY_1.40_IOH_-1.00[1]/PIN18,_,V,1.25,1.64999997615814,,,1.33375000953674,1.33014404773712,1.33048701286316,1.33094501495361,1.33186101913452,1.33060204982758,1.33174705505371,1.3299720287323,1.33311998844147,1.32980000972748,1.33054494857788,,1.33151805400848,1.33071601390839,1.33186101913452
2,24411690,A244_VOLH_C:VOH_VCCY_1.40_IOH_-1.00[1]/PIN3,_,V,1.25,1.64999997615814,,,1.33311998844147,1.33002901077271,1.3298579454422,1.33077394962311,1.33111703395844,1.33054494857788,1.33157503604889,1.3299720287323,1.33294904232025,1.32957100868225,1.33060204982758,,1.33111703395844,1.33060204982758,1.33134603500366
2,24411690,A244_VOLH_C:VOH_VCCY_1.40_IOH_-1.00[1]/PIN5,_,V,1.25,1.64999997615814,,,1.33263599872589,1.32965898513794,1.32942998409271,1.33011698722839,1.33063197135925,1.32971596717834,1.33074700832367,1.32908701896667,1.33200597763062,1.32897198200226,1.32977402210236,,1.33040297031403,1.32977402210236,1.33091795444489
2,24411690,A244_VOLH_C:VOH_VCCY_1.40_IOH_-1.00[1]/PIN7,_,V,1.25,1.64999997615814,,,1.33272397518158,1.32894897460938,1.32934904098511,1.32980704307556,1.33043599128723,1.32917702198029,1.33037900924683,1.32883405685425,1.3320380449295,1.32849097251892,1.3292920589447,,1.32986402511597,1.32900595664978,1.33026397228241
2,24411690,A244_VOLH_C:VOH_VCCY_1.40_IOH_-1.00[1]/PIN9,_,V,1.25,1.64999997615814,,,1.33252203464508,1.32903301715851,1.32926094532013,1.32977604866028,1.33017694950104,1.32943296432495,1.33057701587677,1.3289749622345,1.33229303359985,1.32863199710846,1.32948994636536,,1.32994794845581,1.32983303070068,1.33029103279114
2,24411700,A244_VOLH_C:VOL_VCCY_1.40_IOL_2.00[1]/PIN12,_,V,0,0.550000011920929,,,0.141894996166229,0.145499005913734,0.146356999874115,0.143896996974945,0.143953993916512,0.143896996974945,0.14240899682045,0.144011005759239,0.138806000351906,0.145556002855301,0.142982006072998,,0.142810001969337,0.14504100382328,0.143724992871284
2,24411700,A244_VOLH_C:VOL_VCCY_1.40_IOL_2.00[1]/PIN14,_,V,0,0.550000011920929,,,0.141834005713463,0.145494997501373,0.146582007408142,0.144122004508972,0.143836006522179,0.144637003540993,0.143435999751091,0.144694000482559,0.138288006186485,0.14606699347496,0.143836006522179,,0.143778994679451,0.144236996769905,0.144408002495766
2,24411700,A244_VOLH_C:VOL_VCCY_1.40_IOL_2.00[1]/PIN16,_,V,0,0.550000011920929,,,0.141531005501747,0.146511003375053,0.146167993545532,0.14410699903965,0.143534004688263,0.144279003143311,0.143248006701469,0.144621998071671,0.139356002211571,0.147026002407074,0.144336000084877,,0.144336000084877,0.144508004188538,0.144336000084877
2,24411700,A244_VOLH_C:VOL_VCCY_1.40_IOL_2.00[1]/PIN18,_,V,0,0.550000011920929,,,0.141699001193047,0.146279007196426,0.146279007196426,0.144217997789383,0.144503995776176,0.144274994730949,0.142958998680115,0.143816992640495,0.138723000884056,0.146965995430946,0.143015995621681,,0.143359005451202,0.14410400390625,0.143759995698929
2,24411700,A244_VOLH_C:VOL_VCCY_1.40_IOL_2.00[1]/PIN3,_,V,0,0.550000011920929,,,0.141413003206253,0.145705997943878,0.145247995853424,0.141871005296707,0.143417000770569,0.143588006496429,0.140898004174232,0.142902001738548,0.137979000806808,0.145363003015518,0.142844006419182,,0.142443999648094,0.143187999725342,0.143359005451202
2,24411700,A244_VOLH_C:VOL_VCCY_1.40_IOL_2.00[1]/PIN5,_,V,0,0.550000011920929,,,0.140043005347252,0.145365998148918,0.145309001207352,0.142847999930382,0.143077000975609,0.143077000975609,0.141874000430107,0.143705993890762,0.138154000043869,0.145422995090485,0.143248006701469,,0.143190994858742,0.143190994858742,0.143248006701469
2,24411700,A244_VOLH_C:VOL_VCCY_1.40_IOL_2.00[1]/PIN7,_,V,0,0.550000011920929,,,0.140579000115395,0.144125998020172,0.144755005836487,0.142351999878883,0.142180994153023,0.142637997865677,0.141665995121002,0.143039003014565,0.137603998184204,0.144925996661186,0.142467007040977,,0.142122998833656,0.14258100092411,0.142753005027771
2,24411700,A244_VOLH_C:VOL_VCCY_1.40_IOL_2.00[1]/PIN9,_,V,0,0.550000011920929,,,0.140290006995201,0.143894001841545,0.144637003540993,0.141547992825508,0.14206300675869,0.141091004014015,0.140118002891541,0.141891002655029,0.13680000603199,0.143549993634224,0.141547992825508,,0.142291992902756,0.14240600168705,0.142005994915962
2,24411710,A244_VOLH_C:VOH_VCCY_1.40_IOH_-2.00[1]/PIN12,_,V,1.25,1.64999997615814,,,1.26293396949768,1.25446796417236,1.25584101676941,1.25681304931641,1.25789999961853,1.25612699985504,1.2593879699707,1.25435400009155,1.26184701919556,1.25406801700592,1.255784034729,,1.25772905349731,1.25624096393585,1.25858700275421
2,24411710,A244_VOLH_C:VOH_VCCY_1.40_IOH_-2.00[1]/PIN14,_,V,1.25,1.64999997615814,,,1.2635350227356,1.25523996353149,1.25638401508331,1.25747096538544,1.25930202007294,1.25575494766235,1.25884401798248,1.25426805019379,1.26153302192688,1.25409603118896,1.25506901741028,,1.25735700130463,1.25564098358154,1.25792896747589
2,24411710,A244_VOLH_C:VOH_VCCY_1.40_IOH_-2.00[1]/PIN16,_,V,1.25,1.64999997615814,,,1.26377296447754,1.25633096694946,1.25650298595428,1.25776195526123,1.25890696048737,1.25644600391388,1.25896394252777,1.2549569606781,1.26205599308014,1.2549569606781,1.25633096694946,,1.2582780122757,1.25650298595428,1.25879299640656
2,24411710,A244_VOLH_C:VOH_VCCY_1.40_IOH_-2.00[1]/PIN18,_,V,1.25,1.64999997615814,,,1.26408696174622,1.25658905506134,1.25693202018738,1.25813400745392,1.25973701477051,1.25750505924225,1.25979399681091,1.25595903396606,1.26288497447968,1.25567305088043,1.25693202018738,,1.25927901268005,1.25779104232788,1.25985205173492
2,24411710,A244_VOLH_C:VOH_VCCY_1.40_IOH_-2.00[1]/PIN3,_,V,1.25,1.64999997615814,,,1.26254200935364,1.25601601600647,1.25578701496124,1.25744700431824,1.25819194316864,1.25698900222778,1.25950801372528,1.25578701496124,1.26231300830841,1.25464296340942,1.25698900222778,,1.25807702541351,1.25693202018738,1.25870704650879
2,24411710,A244_VOLH_C:VOH_VCCY_1.40_IOH_-2.00[1]/PIN5,_,V,1.25,1.64999997615814,,,1.26279997825623,1.25547301769257,1.25564396381378,1.2566180229187,1.25782001018524,1.25593101978302,1.2583349943161,1.25461399555206,1.26102495193481,1.25381302833557,1.25587296485901,,1.25724697113037,1.2557590007782,1.25816297531128
2,24411710,A244_VOLH_C:VOH_VCCY_1.40_IOH_-2.00[1]/PIN7,_,V,1.25,1.64999997615814,,,1.26213300228119,1.25406801700592,1.25526905059814,1.25584101676941,1.25727105140686,1.25469696521759,1.25755703449249,1.2539529800415,1.26081800460815,1.25275194644928,1.2548680305481,,1.255784034729,1.25446796417236,1.25698494911194
2,24411710,A244_VOLH_C:VOH_VCCY_1.40_IOH_-2.00[1]/PIN9,_,V,1.25,1.64999997615814,,,1.26187598705292,1.25403904914856,1.25512599945068,1.25586903095245,1.2571280002594,1.25523996353149,1.25787198543549,1.25455403327942,1.26118898391724,1.25312399864197,1.2552969455719,,1.25638401508331,1.25575494766235,1.2571280002594
2,24419818,A244_IILH_140_C:passCurrentLow_uA[1]/PIN2,u,A,-0.200000002337219,0.150000005305628,,,0,0,0,0,0,0,0,0,0,0,0,,0,0,0
2,24419818,A244_IILH_140_C:passCurrentLow_uA[1]/PIN4,u,A,-0.200000002337219,0.150000005305628,,,0,0,0,0,0,0,0,0,0,0,0,,0,0,0
2,24419818,A244_IILH_140_C:passCurrentLow_uA[1]/PIN6,u,A,-0.200000002337219,0.150000005305628,,,0,0,0,0,0,0,0,0,0,0,0,,0,0,0
2,24419818,A244_IILH_140_C:passCurrentLow_uA[1]/PIN8,u,A,-0.200000002337219,0.150000005305628,,,0,0,0,0,0,0,0,0,0,0,0,,0,0,0
2,24419818,A244_IILH_140_C:passCurrentLow_uA[1]/PIN1,u,A,-0.200000002337219,0.150000005305628,,,0,0,0,0,0,0,0,0,0,0,0,,0,0,0
2,24419818,A244_IILH_140_C:passCurrentLow_uA[1]/PIN19,u,A,-0.200000002337219,0.150000005305628,,,0,0,0,0,0,0,0,0,0,0,0,,0,0,0
2,24419818,A244_IILH_140_C:passCurrentLow_uA[1]/PIN17,u,A,-0.200000002337219,0.150000005305628,,,0,0,0,0,0,0,0,0,0,0,0,,0,0,0
2,24419818,A244_IILH_140_C:passCurrentLow_uA[1]/PIN15,u,A,-0.200000002337219,0.150000005305628,,,0,0,0,0,0,0,0,0,0,0,0,,0,0,0
2,24419818,A244_IILH_140_C:passCurrentLow_uA[1]/PIN13,u,A,-0.200000002337219,0.150000005305628,,,0,0,0,0,0,0,0,0,0,0,0,,0,0,0
2,24419818,A244_IILH_140_C:passCurrentLow_uA[1]/PIN11,u,A,-0.200000002337219,0.150000005305628,,,0,0,0,0,0,0,0,0,0,0,0,,0,0,0
2,24419820,A244_IILH_140_C:passCurrentHigh_uA[1]/PIN2,u,A,-0.499999998737621,0.499999998737621,,,0,0,0,0,0,0,0,0,0,0,0,,0,0,0
2,24419820,A244_IILH_140_C:passCurrentHigh_uA[1]/PIN4,u,A,-0.499999998737621,0.499999998737621,,,0,0,0,0,0,0,0,0,0,0,0,,0,0,0
2,24419820,A244_IILH_140_C:passCurrentHigh_uA[1]/PIN6,u,A,-0.499999998737621,0.499999998737621,,,0,0,0,0,0,0,0,0,0,0,0,,0,0,0
2,24419820,A244_IILH_140_C:passCurrentHigh_uA[1]/PIN8,u,A,-0.499999998737621,0.499999998737621,,,0,0,0,0,0,0,0,0,0,0,0,,0,0,0
2,24419820,A244_IILH_140_C:passCurrentHigh_uA[1]/PIN1,u,A,-0.499999998737621,0.499999998737621,,,0,0,0,0,0,0,0,0,0,0,0,,0,0,0
2,24419820,A244_IILH_140_C:passCurrentHigh_uA[1]/PIN19,u,A,-0.499999998737621,0.499999998737621,,,0,0,0,0,0,0,0,0,0,0,0,,0,0,0
2,24419820,A244_IILH_140_C:passCurrentHigh_uA[1]/PIN17,u,A,-0.499999998737621,0.499999998737621,,,0,0,0,0,0,0,0,0,0,0,0,,0,0,0
2,24419820,A244_IILH_140_C:passCurrentHigh_uA[1]/PIN15,u,A,-0.499999998737621,0.499999998737621,,,0,0,0,0,0,0,0,0,0,0,0,,0,0,0
2,24419820,A244_IILH_140_C:passCurrentHigh_uA[1]/PIN13,u,A,-0.499999998737621,0.499999998737621,,,0,0,0,0,0,0,0,0,0,0,0,,0,0,0
2,24419820,A244_IILH_140_C:passCurrentHigh_uA[1]/PIN11,u,A,-0.499999998737621,0.499999998737621,,,0,0,0,0,0,0,0,0,0,0,0,,0,0,0
2,24411760,A244_IILH_550_C:passCurrentLow_uA[1]/PIN2,u,A,-0.150000005305628,0.150000005305628,,,0,0,0,0,0,0,0,0,0,0,0,,0,0,0
2,24411760,A244_IILH_550_C:passCurrentLow_uA[1]/PIN4,u,A,-0.150000005305628,0.150000005305628,,,0,0,0,0,0,0,0,0,0,0,0,,0,0,0
2,24411760,A244_IILH_550_C:passCurrentLow_uA[1]/PIN6,u,A,-0.150000005305628,0.150000005305628,,,0,0,0,0,0,0,0,0,0,0,0,,0,0,0
2,24411760,A244_IILH_550_C:passCurrentLow_uA[1]/PIN8,u,A,-0.150000005305628,0.150000005305628,,,0,0,0,0,0,0,0,0,0,0,0,,0,0,0
2,24411760,A244_IILH_550_C:passCurrentLow_uA[1]/PIN1,u,A,-0.150000005305628,0.150000005305628,,,0,0,0,0,0,0,0,0,0,0,0,,0,0,0
2,24411760,A244_IILH_550_C:passCurrentLow_uA[1]/PIN19,u,A,-0.150000005305628,0.150000005305628,,,0,0,0,0,0,0,0,0,0,0,0,,0,0,0
2,24411760,A244_IILH_550_C:passCurrentLow_uA[1]/PIN17,u,A,-0.150000005305628,0.150000005305628,,,0,0,0,0,0,0,0,0,0,0,0,,0,0,0
2,24411760,A244_IILH_550_C:passCurrentLow_uA[1]/PIN15,u,A,-0.150000005305628,0.150000005305628,,,0,0,0,0,0,0,0,0,0,0,0,,0,0,0
2,24411760,A244_IILH_550_C:passCurrentLow_uA[1]/PIN13,u,A,-0.150000005305628,0.150000005305628,,,0,0,0,0,0,0,0,0,0,0,0,,0,0,0
2,24411760,A244_IILH_550_C:passCurrentLow_uA[1]/PIN11,u,A,-0.150000005305628,0.150000005305628,,,0,0,0,0,0,0,0,0,0,0,0,,0,0,0
2,24411770,A244_IILH_550_C:passCurrentHigh_uA[1]/PIN2,u,A,-0.499999998737621,0.499999998737621,,,0.000999999971718069,0,0,0.00600000005235302,0,0,0.00700000013509339,0.00399999988687227,0,0,0,,0,0.000999999971718069,0
2,24411770,A244_IILH_550_C:passCurrentHigh_uA[1]/PIN4,u,A,-0.499999998737621,0.499999998737621,,,0.00399999988687227,0,0,0,0,0,0,0.00700000013509339,0,0,0.000999999971718069,,0,0,0
2,24411770,A244_IILH_550_C:passCurrentHigh_uA[1]/PIN6,u,A,-0.499999998737621,0.499999998737621,,,0,0.000999999971718069,0,0,0,0,0,0,0,0,0,,0,0,0.00399999988687227
2,24411770,A244_IILH_550_C:passCurrentHigh_uA[1]/PIN8,u,A,-0.499999998737621,0.499999998737621,,,0.000999999971718069,0.0230000001266717,0.00499999996961265,0.00700000013509339,0,0,0,0,0,0.000999999971718069,0,,0.0189999997957102,0,0.0110000000219657
2,24411770,A244_IILH_550_C:passCurrentHigh_uA[1]/PIN1,u,A,-0.499999998737621,0.499999998737621,,,0,0,0,0.00399999988687227,0,0.000999999971718069,0,0,0,0,0,,0,0,0
2,24411770,A244_IILH_550_C:passCurrentHigh_uA[1]/PIN19,u,A,-0.499999998737621,0.499999998737621,,,0,0.000999999971718069,0.000999999971718069,0,0.00999999993922529,0,0,0,0.00399999988687227,0,0.0220000000439313,,0,0,0
2,24411770,A244_IILH_550_C:passCurrentHigh_uA[1]/PIN17,u,A,-0.499999998737621,0.499999998737621,,,0.000999999971718069,0.000999999971718069,0.00999999993922529,0,0,0,0,0,0.00399999988687227,0.0290000006231139,0,,0,0.000999999971718069,0
2,24411770,A244_IILH_550_C:passCurrentHigh_uA[1]/PIN15,u,A,-0.499999998737621,0.499999998737621,,,0,0,0,0,0,0,0,0,0.0140000002701868,0.00300000002617651,0.00199999994343614,,0.000999999971718069,0.00899999985648492,0
2,24411770,A244_IILH_550_C:passCurrentHigh_uA[1]/PIN13,u,A,-0.499999998737621,0.499999998737621,,,0.000999999971718069,0.00399999988687227,0,0,0,0,0,0,0,0,0,,0,0,0
2,24411770,A244_IILH_550_C:passCurrentHigh_uA[1]/PIN11,u,A,-0.499999998737621,0.499999998737621,,,0,0,0,0,0,0,0.00199999994343614,0,0.000999999971718069,0.0149999994647487,0,,0.000999999971718069,0.00300000002617651,0
2,24419822,A244_IOZLH_140_C:passCurrentLow_uA[1]/PIN12,u,A,-0.499999998737621,0.200000002337219,,,0,0,0,0,0,0,0,0,0,0,0,,0,0,0
2,24419822,A244_IOZLH_140_C:passCurrentLow_uA[1]/PIN14,u,A,-0.499999998737621,0.200000002337219,,,0,0,0,0,0,0,0,0,0,0,0,,0,0,0
2,24419822,A244_IOZLH_140_C:passCurrentLow_uA[1]/PIN16,u,A,-0.499999998737621,0.200000002337219,,,0,0,0,0,0,0,0,0,0,0,0,,0,0,0
2,24419822,A244_IOZLH_140_C:passCurrentLow_uA[1]/PIN18,u,A,-0.499999998737621,0.200000002337219,,,0,0,0,0,0,0,0,0,0,0,0,,0,0,0
2,24419822,A244_IOZLH_140_C:passCurrentLow_uA[1]/PIN3,u,A,-0.499999998737621,0.200000002337219,,,0,0,0,0,0,0,0,0,0,0,0,,0,0,0
2,24419822,A244_IOZLH_140_C:passCurrentLow_uA[1]/PIN5,u,A,-0.499999998737621,0.200000002337219,,,0,0,0,0,0,0,0,0,0,0,0,,0,0,0
2,24419822,A244_IOZLH_140_C:passCurrentLow_uA[1]/PIN7,u,A,-0.499999998737621,0.200000002337219,,,0,0.000999999971718069,0.000999999971718069,0.000999999971718069,0,0.000999999971718069,0,0,0.000999999971718069,0,0,,0.000999999971718069,0.000999999971718069,0.000999999971718069
2,24419822,A244_IOZLH_140_C:passCurrentLow_uA[1]/PIN9,u,A,-0.499999998737621,0.200000002337219,,,0,0,0,0,0,0,0,0,0,0,0,,0,0,0
2,24419824,A244_IOZLH_140_C:passCurrentHigh_uA[1]/PIN12,u,A,-0.200000002337219,0.899999974990351,,,0,0,0,0,0,0,0,0,0,0,0,,0,0,0
2,24419824,A244_IOZLH_140_C:passCurrentHigh_uA[1]/PIN14,u,A,-0.200000002337219,0.899999974990351,,,0,0,0,0,0,0,0,0,0,0,0,,0,0,0
2,24419824,A244_IOZLH_140_C:passCurrentHigh_uA[1]/PIN16,u,A,-0.200000002337219,0.899999974990351,,,0,0,0,0,0,0,0,0,0,0,0,,0,0,0
2,24419824,A244_IOZLH_140_C:passCurrentHigh_uA[1]/PIN18,u,A,-0.200000002337219,0.899999974990351,,,0,0,0,0,0,0,0,0,0,0,0,,0,0,0
2,24419824,A244_IOZLH_140_C:passCurrentHigh_uA[1]/PIN3,u,A,-0.200000002337219,0.899999974990351,,,0,0,0,0,0,0,0,0.000999999971718069,0,0,0,,0,0,0
2,24419824,A244_IOZLH_140_C:passCurrentHigh_uA[1]/PIN5,u,A,-0.200000002337219,0.899999974990351,,,0,0,0,0,0,0,0,0,0,0,0,,0,0,0
2,24419824,A244_IOZLH_140_C:passCurrentHigh_uA[1]/PIN7,u,A,-0.200000002337219,0.899999974990351,,,0,0.000999999971718069,0,0,0,0.000999999971718069,0.000999999971718069,0,0,0,0,,0,0.000999999971718069,0.000999999971718069
2,24419824,A244_IOZLH_140_C:passCurrentHigh_uA[1]/PIN9,u,A,-0.200000002337219,0.899999974990351,,,0,0,0,0,0,0,0,0,0,0,0,,0,0,0
2,24411800,A244_IOZLH_550_C:passCurrentLow_uA[1]/PIN12,u,A,-0.499999998737621,0.300000010611257,,,0,0,0,0,0,0,0,0,0,0,0,,0,0,0
2,24411800,A244_IOZLH_550_C:passCurrentLow_uA[1]/PIN14,u,A,-0.499999998737621,0.300000010611257,,,0,0,0,0,0,0,0,0,0,0,0,,0,0,0
2,24411800,A244_IOZLH_550_C:passCurrentLow_uA[1]/PIN16,u,A,-0.499999998737621,0.300000010611257,,,0,0,0,0,0,0,0,0,0,0,0,,0,0,0
2,24411800,A244_IOZLH_550_C:passCurrentLow_uA[1]/PIN18,u,A,-0.499999998737621,0.300000010611257,,,0,0,0,0,0,0,0,0,0,0,0,,0,0,0
2,24411800,A244_IOZLH_550_C:passCurrentLow_uA[1]/PIN3,u,A,-0.499999998737621,0.300000010611257,,,0,0,0,0,0,0,0,0,0,0,0,,0,0,0
2,24411800,A244_IOZLH_550_C:passCurrentLow_uA[1]/PIN5,u,A,-0.499999998737621,0.300000010611257,,,0,0,0,0,0,0,0,0,0,0,0,,0,0,0
2,24411800,A244_IOZLH_550_C:passCurrentLow_uA[1]/PIN7,u,A,-0.499999998737621,0.300000010611257,,,0.000999999971718069,0.000999999971718069,0,0.000999999971718069,0,0.000999999971718069,0.000999999971718069,0,0.000999999971718069,0,0,,0.000999999971718069,0.000999999971718069,0.000999999971718069
2,24411800,A244_IOZLH_550_C:passCurrentLow_uA[1]/PIN9,u,A,-0.499999998737621,0.300000010611257,,,0,0,0,0.000999999971718069,0,0,0,0,0,0,0,,0,0,0
2,24411810,A244_IOZLH_550_C:passCurrentHigh_uA[1]/PIN12,u,A,-0.499999998737621,0.499999998737621,,,0.00499999996961265,0,0,0.00799999977374455,0.000999999971718069,0,0,0.00300000002617651,0,0,0,,0,0.00399999988687227,0
2,24411810,A244_IOZLH_550_C:passCurrentHigh_uA[1]/PIN14,u,A,-0.499999998737621,0.499999998737621,,,0,0.00199999994343614,0,0.00300000002617651,0,0.00199999994343614,0,0,0,0,0,,0,0,0.0580000012462278
2,24411810,A244_IOZLH_550_C:passCurrentHigh_uA[1]/PIN16,u,A,-0.499999998737621,0.499999998737621,,,0,0,0,0.012000000104706,0,0.000999999971718069,0,0,0,0.00199999994343614,0.000999999971718069,,0.00199999994343614,0.000999999971718069,0
2,24411810,A244_IOZLH_550_C:passCurrentHigh_uA[1]/PIN18,u,A,-0.499999998737621,0.499999998737621,,,0,0.00600000005235302,0.000999999971718069,0,0,0,0.00199999994343614,0,0,0,0.00300000002617651,,0,0.00300000002617651,0
2,24411810,A244_IOZLH_550_C:passCurrentHigh_uA[1]/PIN3,u,A,-0.499999998737621,0.499999998737621,,,0,0,0,0,0.000999999971718069,0,0.000999999971718069,0.0250000002921524,0,0.00700000013509339,0,,0.00899999985648492,0,0
2,24411810,A244_IOZLH_550_C:passCurrentHigh_uA[1]/PIN5,u,A,-0.499999998737621,0.499999998737621,,,0,0,0,0.000999999971718069,0,0.00399999988687227,0,0,0.0230000001266717,0.0409999998396415,0.00499999996961265,,0,0,0.0189999997957102
2,24411810,A244_IOZLH_550_C:passCurrentHigh_uA[1]/PIN7,u,A,-0.499999998737621,0.499999998737621,,,0,0.00700000013509339,0,0.00300000002617651,0,0,0.000999999971718069,0.00300000002617651,0,0,0,,0.000999999971718069,0,0.000999999971718069
2,24411810,A244_IOZLH_550_C:passCurrentHigh_uA[1]/PIN9,u,A,-0.499999998737621,0.499999998737621,,,0,0,0.0110000000219657,0,0,0.000999999971718069,0,0,0,0,0,,0.00899999985648492,0,0
2,24418990,A244_T_PD_C:T_EDGE_HI_VCCY_5.5000[1]/PIN12,n,S,,6.90000012681935,,,4.50999992906986,4.63999993982611,4.6199999381713,4.6199999381713,4.6199999381713,4.62999993899871,4.56999993403429,4.63999993982611,4.44999992410544,4.6199999381713,4.6199999381713,,4.58999993568909,4.58999993568909,4.57999993486169
2,24418990,A244_T_PD_C:T_EDGE_HI_VCCY_5.5000[1]/PIN14,n,S,,6.90000012681935,,,4.50999992906986,4.62999993899871,4.62999993899871,4.6199999381713,4.6199999381713,4.62999993899871,4.57999993486169,4.63999993982611,4.45999992493284,4.62999993899871,4.62999993899871,,4.5999999365165,4.58999993568909,4.57999993486169
2,24418990,A244_T_PD_C:T_EDGE_HI_VCCY_5.5000[1]/PIN16,n,S,,6.90000012681935,,,4.43999992327804,4.55999993320688,4.54999993237948,4.54999993237948,4.53999993155207,4.55999993320688,4.50999992906986,4.56999993403429,4.38999991914102,4.54999993237948,4.54999993237948,,4.51999992989727,4.51999992989727,4.50999992906986
2,24418990,A244_T_PD_C:T_EDGE_HI_VCCY_5.5000[1]/PIN18,n,S,,6.90000012681935,,,4.48999992741506,4.5999999365165,4.5999999365165,4.5999999365165,4.58999993568909,4.5999999365165,4.54999993237948,4.6099999373439,4.43999992327804,4.5999999365165,4.5999999365165,,4.55999993320688,4.56999993403429,4.53999993155207
2,24418990,A244_T_PD_C:T_EDGE_HI_VCCY_5.5000[1]/PIN3,n,S,,6.90000012681935,,,4.48999992741506,4.5999999365165,4.58999993568909,4.58999993568909,4.5999999365165,4.6099999373439,4.54999993237948,4.5999999365165,4.42999992245063,4.58999993568909,4.58999993568909,,4.55999993320688,4.55999993320688,4.54999993237948
2,24418990,A244_T_PD_C:T_EDGE_HI_VCCY_5.5000[1]/PIN5,n,S,,6.90000012681935,,,4.46999992576025,4.5999999365165,4.58999993568909,4.56999993403429,4.58999993568909,4.5999999365165,4.52999993072467,4.5999999365165,4.41999992162323,4.57999993486169,4.57999993486169,,4.54999993237948,4.54999993237948,4.53999993155207
2,24418990,A244_T_PD_C:T_EDGE_HI_VCCY_5.5000[1]/PIN7,n,S,,6.90000012681935,,,4.50999992906986,4.63999993982611,4.63999993982611,4.6199999381713,4.62999993899871,4.6199999381713,4.57999993486169,4.62999993899871,4.44999992410544,4.6199999381713,4.6199999381713,,4.58999993568909,4.58999993568909,4.55999993320688
2,24418990,A244_T_PD_C:T_EDGE_HI_VCCY_5.5000[1]/PIN9,n,S,,6.90000012681935,,,4.6199999381713,4.75999994975496,4.74999994892755,4.71999994644534,4.73999994810015,4.73999994810015,4.67999994313573,4.74999994892755,4.56999993403429,4.72999994727274,4.73999994810015,,4.70999994561794,4.71999994644534,4.69999994479053
2,24419000,A244_T_PD_C:T_SKEW_HI_VCCY_5.5000@PIN12[1],n,S,,0.999999971718069,,,0.180000001015479,0.200000002670286,0.200000002670286,0.170000000188075,0.200000002670286,0.180000001015479,0.170000000188075,0.180000001015479,0.180000001015479,0.180000001015479,0.190000001842883,,0.190000001842883,0.200000002670286,0.190000001842883
2,24419150,A244_T_PD_C:T_EDGE_LO_VCCY_5.5000[1]/PIN12,n,S,,6.90000012681935,,,4.57999993486169,4.73999994810015,4.72999994727274,4.71999994644534,4.70999994561794,4.72999994727274,4.66999994230832,4.72999994727274,4.54999993237948,4.71999994644534,4.71999994644534,,4.67999994313573,4.68999994396313,4.66999994230832
2,24419150,A244_T_PD_C:T_EDGE_LO_VCCY_5.5000[1]/PIN14,n,S,,6.90000012681935,,,4.46999992576025,4.6099999373439,4.5999999365165,4.57999993486169,4.5999999365165,4.6099999373439,4.54999993237948,4.6199999381713,4.43999992327804,4.5999999365165,4.5999999365165,,4.55999993320688,4.56999993403429,4.54999993237948
2,24419150,A244_T_PD_C:T_EDGE_LO_VCCY_5.5000[1]/PIN16,n,S,,6.90000012681935,,,4.43999992327804,4.57999993486169,4.55999993320688,4.56999993403429,4.56999993403429,4.57999993486169,4.51999992989727,4.58999993568909,4.40999992079583,4.56999993403429,4.57999993486169,,4.53999993155207,4.54999993237948,4.53999993155207
2,24419150,A244_T_PD_C:T_EDGE_LO_VCCY_5.5000[1]/PIN18,n,S,,6.90000012681935,,,4.42999992245063,4.55999993320688,4.54999993237948,4.52999993072467,4.54999993237948,4.54999993237948,4.49999992824246,4.54999993237948,4.38999991914102,4.53999993155207,4.54999993237948,,4.50999992906986,4.50999992906986,4.48999992741506
2,24419150,A244_T_PD_C:T_EDGE_LO_VCCY_5.5000[1]/PIN3,n,S,,6.90000012681935,,,4.50999992906986,4.63999993982611,4.63999993982611,4.6199999381713,4.62999993899871,4.64999994065352,4.57999993486169,4.63999993982611,4.45999992493284,4.6199999381713,4.62999993899871,,4.58999993568909,4.5999999365165,4.57999993486169
2,24419150,A244_T_PD_C:T_EDGE_LO_VCCY_5.5000[1]/PIN5,n,S,,6.90000012681935,,,4.42999992245063,4.57999993486169,4.56999993403429,4.56999993403429,4.56999993403429,4.58999993568909,4.51999992989727,4.5999999365165,4.40999992079583,4.56999993403429,4.56999993403429,,4.53999993155207,4.53999993155207,4.51999992989727
2,24419150,A244_T_PD_C:T_EDGE_LO_VCCY_5.5000[1]/PIN7,n,S,,6.90000012681935,,,4.45999992493284,4.6099999373439,4.58999993568909,4.5999999365165,4.58999993568909,4.6199999381713,4.53999993155207,4.6199999381713,4.42999992245063,4.5999999365165,4.5999999365165,,4.56999993403429,4.56999993403429,4.55999993320688
2,24419150,A244_T_PD_C:T_EDGE_LO_VCCY_5.5000[1]/PIN9,n,S,,6.90000012681935,,,4.37999991831362,4.51999992989727,4.50999992906986,4.50999992906986,4.50999992906986,4.51999992989727,4.44999992410544,4.51999992989727,4.339999915004,4.49999992824246,4.49999992824246,,4.47999992658765,4.47999992658765,4.45999992493284
2,24419160,A244_T_PD_C:T_SKEW_LO_VCCY_5.5000@PIN12[1],n,S,,0.999999971718069,,,0.200000002670286,0.220000004325094,0.220000004325094,0.21000000349769,0.200000002670286,0.21000000349769,0.220000004325094,0.21000000349769,0.21000000349769,0.220000004325094,0.220000004325094,,0.200000002670286,0.21000000349769,0.21000000349769
2,24419010,A244_T_PD_C:T_EDGE_HI_VCCY_4.5000[1]/PIN12,n,S,,6.90000012681935,,,4.64999994065352,4.78999995223717,4.78999995223717,4.75999994975496,4.76999995058236,4.79999995306457,4.71999994644534,4.78999995223717,4.6099999373439,4.77999995140976,4.77999995140976,,4.74999994892755,4.75999994975496,4.71999994644534
2,24419010,A244_T_PD_C:T_EDGE_HI_VCCY_4.5000[1]/PIN14,n,S,,6.90000012681935,,,4.64999994065352,4.77999995140976,4.77999995140976,4.77999995140976,4.77999995140976,4.78999995223717,4.72999994727274,4.79999995306457,4.5999999365165,4.77999995140976,4.77999995140976,,4.74999994892755,4.75999994975496,4.72999994727274
2,24419010,A244_T_PD_C:T_EDGE_HI_VCCY_4.5000[1]/PIN16,n,S,,6.90000012681935,,,4.6099999373439,4.75999994975496,4.73999994810015,4.72999994727274,4.72999994727274,4.74999994892755,4.69999994479053,4.76999995058236,4.56999993403429,4.74999994892755,4.73999994810015,,4.69999994479053,4.70999994561794,4.68999994396313
2,24419010,A244_T_PD_C:T_EDGE_HI_VCCY_4.5000[1]/PIN18,n,S,,6.90000012681935,,,4.64999994065352,4.76999995058236,4.77999995140976,4.76999995058236,4.75999994975496,4.77999995140976,4.71999994644534,4.77999995140976,4.5999999365165,4.77999995140976,4.76999995058236,,4.73999994810015,4.73999994810015,4.71999994644534
2,24419010,A244_T_PD_C:T_EDGE_HI_VCCY_4.5000[1]/PIN3,n,S,,6.90000012681935,,,4.66999994230832,4.79999995306457,4.79999995306457,4.78999995223717,4.79999995306457,4.80999995389197,4.74999994892755,4.80999995389197,4.6099999373439,4.78999995223717,4.78999995223717,,4.75999994975496,4.75999994975496,4.75999994975496
2,24419010,A244_T_PD_C:T_EDGE_HI_VCCY_4.5000[1]/PIN5,n,S,,6.90000012681935,,,4.63999993982611,4.77999995140976,4.76999995058236,4.75999994975496,4.76999995058236,4.77999995140976,4.71999994644534,4.78999995223717,4.58999993568909,4.76999995058236,4.75999994975496,,4.73999994810015,4.74999994892755,4.71999994644534
2,24419010,A244_T_PD_C:T_EDGE_HI_VCCY_4.5000[1]/PIN7,n,S,,6.90000012681935,,,4.62999993899871,4.79999995306457,4.77999995140976,4.75999994975496,4.76999995058236,4.77999995140976,4.72999994727274,4.79999995306457,4.58999993568909,4.76999995058236,4.74999994892755,,4.72999994727274,4.74999994892755,4.72999994727274
2,24419010,A244_T_PD_C:T_EDGE_HI_VCCY_4.5000[1]/PIN9,n,S,,6.90000012681935,,,4.74999994892755,4.8899999605112,4.8899999605112,4.85999995802899,4.85999995802899,4.8799999596838,4.81999995471938,4.8899999605112,4.68999994396313,4.8699999588564,4.8699999588564,,4.85999995802899,4.85999995802899,4.81999995471938
2,24419020,A244_T_PD_C:T_SKEW_HI_VCCY_4.5000@PIN12[1],n,S,,0.999999971718069,,,0.139999997705864,0.12999999687846,0.149999998533268,0.12999999687846,0.12999999687846,0.12999999687846,0.119999996051057,0.119999996051057,0.119999996051057,0.119999996051057,0.12999999687846,,0.159999999360672,0.149999998533268,0.12999999687846
2,24419170,A244_T_PD_C:T_EDGE_LO_VCCY_4.5000[1]/PIN12,n,S,,6.90000012681935,,,5.07999997623187,5.25999999112514,5.22999998864293,5.21999998781553,5.21999998781553,5.23999998947033,5.16999998367851,5.23999998947033,5.03999997292226,5.22999998864293,5.22999998864293,,5.18999998533332,5.19999998616072,5.17999998450591
2,24419170,A244_T_PD_C:T_EDGE_LO_VCCY_4.5000[1]/PIN14,n,S,,6.90000012681935,,,4.93999996464822,5.11999997954149,5.10999997871409,5.07999997623187,5.09999997788668,5.11999997954149,5.02999997209486,5.11999997954149,4.91999996299342,5.10999997871409,5.10999997871409,,5.05999997457707,5.07999997623187,5.04999997374966
2,24419170,A244_T_PD_C:T_EDGE_LO_VCCY_4.5000[1]/PIN16,n,S,,6.90000012681935,,,4.8699999588564,5.01999997126745,5.00999997044005,5.00999997044005,4.99999996961265,5.02999997209486,4.95999996630303,5.03999997292226,4.82999995554678,5.01999997126745,5.01999997126745,,4.96999996713043,4.98999996878524,4.95999996630303
2,24419170,A244_T_PD_C:T_EDGE_LO_VCCY_4.5000[1]/PIN18,n,S,,6.90000012681935,,,4.84999995720159,4.99999996961265,4.98999996878524,4.96999996713043,4.97999996795784,4.98999996878524,4.92999996382082,5.00999997044005,4.80999995389197,4.98999996878524,4.98999996878524,,4.92999996382082,4.93999996464822,4.92999996382082
2,24419170,A244_T_PD_C:T_EDGE_LO_VCCY_4.5000[1]/PIN3,n,S,,6.90000012681935,,,4.92999996382082,5.07999997623187,5.07999997623187,5.05999997457707,5.06999997540447,5.07999997623187,5.00999997044005,5.07999997623187,4.8899999605112,5.06999997540447,5.06999997540447,,5.02999997209486,5.02999997209486,5.01999997126745
2,24419170,A244_T_PD_C:T_EDGE_LO_VCCY_4.5000[1]/PIN5,n,S,,6.90000012681935,,,4.8899999605112,5.04999997374966,5.02999997209486,5.02999997209486,5.02999997209486,5.03999997292226,4.96999996713043,5.05999997457707,4.84999995720159,5.02999997209486,5.02999997209486,,4.99999996961265,4.99999996961265,4.98999996878524
2,24419170,A244_T_PD_C:T_EDGE_LO_VCCY_4.5000[1]/PIN7,n,S,,6.90000012681935,,,4.94999996547563,5.11999997954149,5.08999997705928,5.09999997788668,5.09999997788668,5.1399999811963,5.03999997292226,5.1499999820237,4.91999996299342,5.09999997788668,5.10999997871409,,5.06999997540447,5.07999997623187,5.05999997457707
2,24419170,A244_T_PD_C:T_EDGE_LO_VCCY_4.5000[1]/PIN9,n,S,,6.90000012681935,,,4.81999995471938,4.97999996795784,4.97999996795784,4.95999996630303,4.96999996713043,4.97999996795784,4.89999996133861,4.97999996795784,4.77999995140976,4.95999996630303,4.95999996630303,,4.93999996464822,4.93999996464822,4.90999996216601
2,24419180,A244_T_PD_C:T_SKEW_LO_VCCY_4.5000@PIN12[1],n,S,,0.999999971718069,,,0.259999993756921,0.279999995411728,0.249999992929517,0.259999993756921,0.249999992929517,0.259999993756921,0.269999994584325,0.259999993756921,0.259999993756921,0.269999994584325,0.269999994584325,,0.259999993756921,0.259999993756921,0.269999994584325
2,24419030,A244_T_PD_C:T_EDGE_HI_VCCY_3.6000[1]/PIN12,n,S,,8.3999998068407,,,5.07999997623187,5.25999999112514,5.25999999112514,5.22999998864293,5.22999998864293,5.24999999029774,5.17999998450591,5.25999999112514,5.03999997292226,5.25999999112514,5.23999998947033,,5.20999998698812,5.20999998698812,5.18999998533332
2,24419030,A244_T_PD_C:T_EDGE_HI_VCCY_3.6000[1]/PIN14,n,S,,8.3999998068407,,,5.07999997623187,5.25999999112514,5.24999999029774,5.22999998864293,5.23999998947033,5.25999999112514,5.18999998533332,5.27999999277995,5.04999997374966,5.26999999195255,5.24999999029774,,5.21999998781553,5.22999998864293,5.18999998533332
2,24419030,A244_T_PD_C:T_EDGE_HI_VCCY_3.6000[1]/PIN16,n,S,,8.3999998068407,,,5.05999997457707,5.23999998947033,5.21999998781553,5.21999998781553,5.20999998698812,5.23999998947033,5.17999998450591,5.23999998947033,5.00999997044005,5.24999999029774,5.21999998781553,,5.19999998616072,5.20999998698812,5.16999998367851
2,24419030,A244_T_PD_C:T_EDGE_HI_VCCY_3.6000[1]/PIN18,n,S,,8.3999998068407,,,5.08999997705928,5.26999999195255,5.25999999112514,5.23999998947033,5.22999998864293,5.25999999112514,5.18999998533332,5.26999999195255,5.03999997292226,5.26999999195255,5.23999998947033,,5.20999998698812,5.21999998781553,5.17999998450591
2,24419030,A244_T_PD_C:T_EDGE_HI_VCCY_3.6000[1]/PIN3,n,S,,8.3999998068407,,,5.12999998036889,5.30999999526216,5.29999999443476,5.27999999277995,5.27999999277995,5.29999999443476,5.22999998864293,5.29999999443476,5.07999997623187,5.28999999360735,5.27999999277995,,5.25999999112514,5.25999999112514,5.23999998947033
2,24419030,A244_T_PD_C:T_EDGE_HI_VCCY_3.6000[1]/PIN5,n,S,,8.3999998068407,,,5.09999997788668,5.25999999112514,5.25999999112514,5.23999998947033,5.23999998947033,5.26999999195255,5.20999998698812,5.27999999277995,5.04999997374966,5.26999999195255,5.24999999029774,,5.21999998781553,5.22999998864293,5.19999998616072
2,24419030,A244_T_PD_C:T_EDGE_HI_VCCY_3.6000[1]/PIN7,n,S,,8.3999998068407,,,5.07999997623187,5.25999999112514,5.24999999029774,5.22999998864293,5.22999998864293,5.25999999112514,5.18999998533332,5.26999999195255,5.02999997209486,5.26999999195255,5.23999998947033,,5.19999998616072,5.21999998781553,5.18999998533332
2,24419030,A244_T_PD_C:T_EDGE_HI_VCCY_3.6000[1]/PIN9,n,S,,8.3999998068407,,,5.06999997540447,5.22999998864293,5.23999998947033,5.18999998533332,5.20999998698812,5.21999998781553,5.1599999828511,5.24999999029774,4.99999996961265,5.20999998698812,5.20999998698812,,5.18999998533332,5.18999998533332,5.1499999820237
2,24419040,A244_T_PD_C:T_SKEW_HI_VCCY_3.6000@PIN12[1],n,S,,0.999999971718069,,,0.0699999988529321,0.0799999996803358,0.0799999996803358,0.0900000005077395,0.0699999988529321,0.0799999996803358,0.0699999988529321,0.0599999980255284,0.0799999996803358,0.0799999996803358,0.0699999988529321,,0.0699999988529321,0.0699999988529321,0.0900000005077395
2,24419190,A244_T_PD_C:T_EDGE_LO_VCCY_3.6000[1]/PIN12,n,S,,8.3999998068407,,,5.89000004325158,6.08000005897225,6.09000005979965,6.05000005649003,6.05000005649003,6.07000005814484,5.99000005152561,6.08000005897225,5.83000003828715,6.07000005814484,6.06000005731744,,6.03000005483523,6.03000005483523,6.00000005235302
2,24419190,A244_T_PD_C:T_EDGE_LO_VCCY_3.6000[1]/PIN14,n,S,,8.3999998068407,,,5.77000003332273,5.98000005069821,5.9600000490434,5.94000004738859,5.950000048216,5.97000004987081,5.89000004325158,5.99000005152561,5.74000003084052,5.9600000490434,5.9600000490434,,5.90000004407898,5.92000004573379,5.88000004242417
2,24419190,A244_T_PD_C:T_EDGE_LO_VCCY_3.6000[1]/PIN16,n,S,,8.3999998068407,,,5.54000001429245,5.72000002918571,5.71000002835831,5.7000000275309,5.7000000275309,5.73000003001312,5.64000002256648,5.74000003084052,5.51000001181023,5.72000002918571,5.72000002918571,,5.6800000258761,5.6800000258761,5.65000002339389
2,24419190,A244_T_PD_C:T_EDGE_LO_VCCY_3.6000[1]/PIN18,n,S,,8.3999998068407,,,5.52000001263764,5.7000000275309,5.6900000267035,5.65000002339389,5.67000002504869,5.6800000258761,5.60000001925687,5.6900000267035,5.47000000850062,5.6800000258761,5.6800000258761,,5.61000002008427,5.63000002173908,5.61000002008427
2,24419190,A244_T_PD_C:T_EDGE_LO_VCCY_3.6000[1]/PIN3,n,S,,8.3999998068407,,,5.62000002091168,5.78000003415013,5.76000003249533,5.75000003166792,5.77000003332273,5.78000003415013,5.6900000267035,5.78000003415013,5.56000001594725,5.76000003249533,5.76000003249533,,5.72000002918571,5.72000002918571,5.7000000275309
2,24419190,A244_T_PD_C:T_EDGE_LO_VCCY_3.6000[1]/PIN5,n,S,,8.3999998068407,,,5.61000002008427,5.79000003497754,5.78000003415013,5.77000003332273,5.77000003332273,5.79000003497754,5.7000000275309,5.80000003580494,5.57000001677466,5.77000003332273,5.77000003332273,,5.73000003001312,5.74000003084052,5.72000002918571
2,24419190,A244_T_PD_C:T_EDGE_LO_VCCY_3.6000[1]/PIN7,n,S,,8.3999998068407,,,5.76000003249533,5.9600000490434,5.92000004573379,5.93000004656119,5.92000004573379,5.98000005069821,5.86000004076936,5.97000004987081,5.72000002918571,5.94000004738859,5.94000004738859,,5.90000004407898,5.91000004490638,5.89000004325158
2,24419190,A244_T_PD_C:T_EDGE_LO_VCCY_3.6000[1]/PIN9,n,S,,8.3999998068407,,,5.53000001346504,5.73000003001312,5.72000002918571,5.6900000267035,5.71000002835831,5.72000002918571,5.63000002173908,5.73000003001312,5.49000001015543,5.71000002835831,5.71000002835831,,5.66000002422129,5.6800000258761,5.64000002256648
2,24419200,A244_T_PD_C:T_SKEW_LO_VCCY_3.6000@PIN12[1],n,S,,0.999999971718069,,,0.370000002858362,0.380000003685765,0.400000005340573,0.400000005340573,0.380000003685765,0.390000004513169,0.390000004513169,0.390000004513169,0.360000002030958,0.390000004513169,0.380000003685765,,0.42000000699538,0.400000005340573,0.390000004513169
2,24419050,A244_T_PD_C:T_EDGE_HI_VCCY_3.0000[1]/PIN12,n,S,,8.3999998068407,,,5.7000000275309,5.92000004573379,5.91000004490638,5.89000004325158,5.89000004325158,5.93000004656119,5.83000003828715,5.93000004656119,5.65000002339389,5.94000004738859,5.89000004325158,,5.88000004242417,5.88000004242417,5.84000003911456
2,24419050,A244_T_PD_C:T_EDGE_HI_VCCY_3.0000[1]/PIN14,n,S,,8.3999998068407,,,5.7000000275309,5.92000004573379,5.92000004573379,5.90000004407898,5.91000004490638,5.93000004656119,5.84000003911456,5.950000048216,5.66000002422129,5.94000004738859,5.90000004407898,,5.88000004242417,5.89000004325158,5.86000004076936
2,24419050,A244_T_PD_C:T_EDGE_HI_VCCY_3.0000[1]/PIN16,n,S,,8.3999998068407,,,5.6900000267035,5.91000004490638,5.89000004325158,5.88000004242417,5.87000004159677,5.91000004490638,5.83000003828715,5.92000004573379,5.65000002339389,5.94000004738859,5.88000004242417,,5.85000003994196,5.87000004159677,5.84000003911456
2,24419050,A244_T_PD_C:T_EDGE_HI_VCCY_3.0000[1]/PIN18,n,S,,8.3999998068407,,,5.73000003001312,5.94000004738859,5.94000004738859,5.90000004407898,5.89000004325158,5.94000004738859,5.85000003994196,5.93000004656119,5.66000002422129,5.950000048216,5.90000004407898,,5.88000004242417,5.88000004242417,5.84000003911456
2,24419050,A244_T_PD_C:T_EDGE_HI_VCCY_3.0000[1]/PIN3,n,S,,8.3999998068407,,,5.76000003249533,5.99000005152561,5.98000005069821,5.950000048216,5.94000004738859,5.98000005069821,5.90000004407898,5.9600000490434,5.72000002918571,5.98000005069821,5.94000004738859,,5.92000004573379,5.93000004656119,5.90000004407898
2,24419050,A244_T_PD_C:T_EDGE_HI_VCCY_3.0000[1]/PIN5,n,S,,8.3999998068407,,,5.73000003001312,5.950000048216,5.94000004738859,5.92000004573379,5.92000004573379,5.950000048216,5.88000004242417,5.97000004987081,5.6900000267035,5.97000004987081,5.91000004490638,,5.90000004407898,5.91000004490638,5.87000004159677
2,24419050,A244_T_PD_C:T_EDGE_HI_VCCY_3.0000[1]/PIN7,n,S,,8.3999998068407,,,5.71000002835831,5.94000004738859,5.92000004573379,5.90000004407898,5.90000004407898,5.92000004573379,5.85000003994196,5.94000004738859,5.66000002422129,5.93000004656119,5.90000004407898,,5.87000004159677,5.90000004407898,5.85000003994196
2,24419050,A244_T_PD_C:T_EDGE_HI_VCCY_3.0000[1]/PIN9,n,S,,8.3999998068407,,,5.6800000258761,5.91000004490638,5.91000004490638,5.85000003994196,5.87000004159677,5.88000004242417,5.82000003745975,5.91000004490638,5.62000002091168,5.89000004325158,5.87000004159677,,5.85000003994196,5.87000004159677,5.81000003663235
2,24419060,A244_T_PD_C:T_SKEW_HI_VCCY_3.0000@PIN12[1],n,S,,0.999999971718069,,,0.0799999996803358,0.0799999996803358,0.0900000005077395,0.100000001335143,0.0699999988529321,0.100000001335143,0.0799999996803358,0.0599999980255284,0.100000001335143,0.0900000005077395,0.0699999988529321,,0.0699999988529321,0.0599999980255284,0.0900000005077395
2,24419210,A244_T_PD_C:T_EDGE_LO_VCCY_3.0000[1]/PIN12,n,S,,8.3999998068407,,,6.78000011689051,7.0300001375756,7.00000013509339,6.99000013426598,6.97000013261118,7.01000013592079,6.90000012681935,7.02000013674819,6.72000011192608,7.01000013592079,6.97000013261118,,6.95000013095637,6.95000013095637,6.91000012764675
2,24419210,A244_T_PD_C:T_EDGE_LO_VCCY_3.0000[1]/PIN14,n,S,,8.3999998068407,,,6.69000010944387,6.94000013012896,6.91000012764675,6.89000012599195,6.90000012681935,6.92000012847416,6.83000012102752,6.94000013012896,6.66000010696166,6.92000012847416,6.90000012681935,,6.85000012268233,6.88000012516454,6.82000012020012
2,24419210,A244_T_PD_C:T_EDGE_LO_VCCY_3.0000[1]/PIN16,n,S,,8.3999998068407,,,6.30000007717513,6.51000009455061,6.4900000928958,6.48000009206839,6.48000009206839,6.51000009455061,6.41000008627657,6.52000009537801,6.25000007303811,6.51000009455061,6.5000000937232,,6.45000008958618,6.46000009041359,6.42000008710397
2,24419210,A244_T_PD_C:T_EDGE_LO_VCCY_3.0000[1]/PIN18,n,S,,8.3999998068407,,,6.25000007303811,6.47000009124099,6.45000008958618,6.41000008627657,6.43000008793138,6.45000008958618,6.35000008131215,6.47000009124099,6.20000006890109,6.44000008875878,6.44000008875878,,6.37000008296695,6.39000008462176,6.36000008213955
2,24419210,A244_T_PD_C:T_EDGE_LO_VCCY_3.0000[1]/PIN3,n,S,,8.3999998068407,,,6.36000008213955,6.57000009951503,6.56000009868762,6.53000009620541,6.55000009786022,6.56000009868762,6.47000009124099,6.58000010034243,6.30000007717513,6.55000009786022,6.54000009703282,,6.4900000928958,6.51000009455061,6.47000009124099
2,24419210,A244_T_PD_C:T_EDGE_LO_VCCY_3.0000[1]/PIN5,n,S,,8.3999998068407,,,6.41000008627657,6.65000010613426,6.61000010282464,6.61000010282464,6.60000010199724,6.63000010447945,6.53000009620541,6.64000010530685,6.36000008213955,6.62000010365205,6.60000010199724,,6.55000009786022,6.57000009951503,6.54000009703282
2,24419210,A244_T_PD_C:T_EDGE_LO_VCCY_3.0000[1]/PIN7,n,S,,8.3999998068407,,,6.63000010447945,6.87000012433714,6.83000012102752,6.84000012185493,6.83000012102752,6.88000012516454,6.7600001152357,6.88000012516454,6.59000010116984,6.86000012350974,6.85000012268233,,6.80000011854531,6.81000011937272,6.78000011689051
2,24419210,A244_T_PD_C:T_EDGE_LO_VCCY_3.0000[1]/PIN9,n,S,,8.3999998068407,,,6.34000008048474,6.57000009951503,6.56000009868762,6.53000009620541,6.54000009703282,6.57000009951503,6.46000009041359,6.58000010034243,6.27000007469292,6.56000009868762,6.53000009620541,,6.5000000937232,6.5000000937232,6.47000009124099
2,24419220,A244_T_PD_C:T_SKEW_LO_VCCY_3.0000@PIN12[1],n,S,,0.999999971718069,,,0.529999988341245,0.559999990823457,0.549999989996053,0.579999992478264,0.539999989168649,0.559999990823457,0.549999989996053,0.549999989996053,0.519999987513842,0.56999999165086,0.529999988341245,,0.579999992478264,0.559999990823457,0.549999989996053
2,24419070,A244_T_PD_C:T_EDGE_HI_VCCY_2.7000[1]/PIN12,n,S,,9.99999993922529,,,6.2300000713833,6.4900000928958,6.48000009206839,6.45000008958618,6.44000008875878,6.48000009206839,6.38000008379436,6.5000000937232,6.16000006559148,6.5000000937232,6.45000008958618,,6.43000008793138,6.44000008875878,6.39000008462176
2,24419070,A244_T_PD_C:T_EDGE_HI_VCCY_2.7000[1]/PIN14,n,S,,9.99999993922529,,,6.2200000705559,6.47000009124099,6.48000009206839,6.44000008875878,6.44000008875878,6.48000009206839,6.38000008379436,6.5000000937232,6.18000006724628,6.5000000937232,6.45000008958618,,6.44000008875878,6.45000008958618,6.40000008544916
2,24419070,A244_T_PD_C:T_EDGE_HI_VCCY_2.7000[1]/PIN16,n,S,,9.99999993922529,,,6.20000006890109,6.47000009124099,6.45000008958618,6.42000008710397,6.42000008710397,6.48000009206839,6.38000008379436,6.48000009206839,6.17000006641888,6.4900000928958,6.43000008793138,,6.41000008627657,6.42000008710397,6.39000008462176
2,24419070,A244_T_PD_C:T_EDGE_HI_VCCY_2.7000[1]/PIN18,n,S,,9.99999993922529,,,6.24000007221071,6.4900000928958,6.48000009206839,6.46000009041359,6.45000008958618,6.4900000928958,6.39000008462176,6.5000000937232,6.18000006724628,6.52000009537801,6.44000008875878,,6.42000008710397,6.44000008875878,6.38000008379436
2,24419070,A244_T_PD_C:T_EDGE_HI_VCCY_2.7000[1]/PIN3,n,S,,9.99999993922529,,,6.28000007552032,6.54000009703282,6.54000009703282,6.4900000928958,6.5000000937232,6.54000009703282,6.44000008875878,6.53000009620541,6.24000007221071,6.54000009703282,6.5000000937232,,6.48000009206839,6.5000000937232,6.45000008958618
2,24419070,A244_T_PD_C:T_EDGE_HI_VCCY_2.7000[1]/PIN5,n,S,,9.99999993922529,,,6.27000007469292,6.53000009620541,6.51000009455061,6.4900000928958,6.48000009206839,6.54000009703282,6.43000008793138,6.53000009620541,6.2200000705559,6.54000009703282,6.48000009206839,,6.47000009124099,6.48000009206839,6.43000008793138
2,24419070,A244_T_PD_C:T_EDGE_HI_VCCY_2.7000[1]/PIN7,n,S,,9.99999993922529,,,6.2300000713833,6.4900000928958,6.48000009206839,6.45000008958618,6.46000009041359,6.4900000928958,6.40000008544916,6.51000009455061,6.18000006724628,6.5000000937232,6.46000009041359,,6.43000008793138,6.46000009041359,6.40000008544916
2,24419070,A244_T_PD_C:T_EDGE_HI_VCCY_2.7000[1]/PIN9,n,S,,9.99999993922529,,,6.2200000705559,6.4900000928958,6.47000009124099,6.41000008627657,6.43000008793138,6.46000009041359,6.38000008379436,6.4900000928958,6.15000006476407,6.46000009041359,6.42000008710397,,6.42000008710397,6.43000008793138,6.37000008296695
2,24419080,A244_T_PD_C:T_SKEW_HI_VCCY_2.7000@PIN12[1],n,S,,0.999999971718069,,,0.0799999996803358,0.0699999988529321,0.0900000005077395,0.0799999996803358,0.0799999996803358,0.0799999996803358,0.0599999980255284,0.0500000006675716,0.0900000005077395,0.0799999996803358,0.0799999996803358,,0.0699999988529321,0.0799999996803358,0.0799999996803358
2,24419230,A244_T_PD_C:T_EDGE_LO_VCCY_2.7000[1]/PIN12,n,S,,9.99999993922529,,,7.42000016984434,7.70999974974984,7.68999974809503,7.65999974561282,7.64999974478542,7.67999974726763,7.56999973816619,7.68999974809503,7.38000016653473,7.67999974726763,7.64999974478542,,7.61999974230321,7.62999974313061,7.589999739821
2,24419230,A244_T_PD_C:T_EDGE_LO_VCCY_2.7000[1]/PIN14,n,S,,9.99999993922529,,,7.36000016487992,7.62999974313061,7.6099997414758,7.57999973899359,7.589999739821,7.61999974230321,7.48999973154696,7.62999974313061,7.3100001607429,7.61999974230321,7.5999997406484,,7.53999973568398,7.55999973733879,7.50999973320177
2,24419230,A244_T_PD_C:T_EDGE_LO_VCCY_2.7000[1]/PIN16,n,S,,9.99999993922529,,,6.85000012268233,7.09000014254002,7.07000014088521,7.06000014005781,7.05000013923041,7.10000014336742,6.98000013343858,7.11000014419483,6.80000011854531,7.09000014254002,7.08000014171262,,7.02000013674819,7.040000138403,7.00000013509339
2,24419230,A244_T_PD_C:T_EDGE_LO_VCCY_2.7000[1]/PIN18,n,S,,9.99999993922529,,,6.80000011854531,7.05000013923041,7.040000138403,6.99000013426598,7.01000013592079,7.040000138403,6.92000012847416,7.040000138403,6.75000011440829,7.02000013674819,7.01000013592079,,6.95000013095637,6.97000013261118,6.92000012847416
2,24419230,A244_T_PD_C:T_EDGE_LO_VCCY_2.7000[1]/PIN3,n,S,,9.99999993922529,,,6.92000012847416,7.15000014750444,7.15000014750444,7.11000014419483,7.13000014584964,7.15000014750444,7.040000138403,7.16000014833185,6.85000012268233,7.14000014667704,7.12000014502223,,7.07000014088521,7.09000014254002,7.06000014005781
2,24419230,A244_T_PD_C:T_EDGE_LO_VCCY_2.7000[1]/PIN5,n,S,,9.99999993922529,,,7.00000013509339,7.26000015660588,7.25000015577848,7.23000015412367,7.23000015412367,7.25000015577848,7.13000014584964,7.29000015908809,6.96000013178377,7.24000015495108,7.22000015329627,,7.18000014998665,7.20000015164146,7.17000014915925
2,24419230,A244_T_PD_C:T_EDGE_LO_VCCY_2.7000[1]/PIN7,n,S,,9.99999993922529,,,7.27000015743329,7.52999973485657,7.49999973237436,7.49999973237436,7.49999973237436,7.55999973733879,7.41000016901694,7.55999973733879,7.23000015412367,7.52999973485657,7.50999973320177,,7.45999972906475,7.46999972989215,7.44000017149915
2,24419230,A244_T_PD_C:T_EDGE_LO_VCCY_2.7000[1]/PIN9,n,S,,9.99999993922529,,,6.96000013178377,7.20000015164146,7.19000015081406,7.15000014750444,7.17000014915925,7.19000015081406,7.07000014088521,7.19000015081406,6.88000012516454,7.18000014998665,7.15000014750444,,7.11000014419483,7.13000014584964,7.08000014171262
2,24419240,A244_T_PD_C:T_SKEW_LO_VCCY_2.7000@PIN12[1],n,S,,0.999999971718069,,,0.619999995787879,0.659999999097494,0.64999999827009,0.669999999924897,0.639999997442686,0.639999997442686,0.64999999827009,0.64999999827009,0.629999996615282,0.659999999097494,0.639999997442686,,0.669999999924897,0.659999999097494,0.669999999924897
2,24419090,A244_T_PD_C:T_EDGE_HI_VCCY_2.3000[1]/PIN12,n,S,,9.99999993922529,,,7.39000016736213,7.72999975140465,7.70999974974984,7.68999974809503,7.65999974561282,7.72999975140465,7.589999739821,7.73999975223205,7.33000016239771,7.74999975305946,7.66999974644023,,7.64999974478542,7.68999974809503,7.589999739821
2,24419090,A244_T_PD_C:T_EDGE_HI_VCCY_2.3000[1]/PIN14,n,S,,9.99999993922529,,,7.35000016405252,7.67999974726763,7.67999974726763,7.64999974478542,7.63999974395801,7.70999974974984,7.56999973816619,7.70999974974984,7.3100001607429,7.71999975057724,7.63999974395801,,7.63999974395801,7.66999974644023,7.56999973816619
2,24419090,A244_T_PD_C:T_EDGE_HI_VCCY_2.3000[1]/PIN16,n,S,,9.99999993922529,,,7.34000016322511,7.66999974644023,7.63999974395801,7.61999974230321,7.61999974230321,7.66999974644023,7.55999973733879,7.68999974809503,7.3000001599155,7.72999975140465,7.5999997406484,,7.6099997414758,7.6099997414758,7.55999973733879
2,24419090,A244_T_PD_C:T_EDGE_HI_VCCY_2.3000[1]/PIN18,n,S,,9.99999993922529,,,7.37000016570732,7.70999974974984,7.69999974892244,7.66999974644023,7.63999974395801,7.70999974974984,7.57999973899359,7.69999974892244,7.3100001607429,7.73999975223205,7.61999974230321,,7.63999974395801,7.63999974395801,7.56999973816619
2,24419090,A244_T_PD_C:T_EDGE_HI_VCCY_2.3000[1]/PIN3,n,S,,9.99999993922529,,,7.42000016984434,7.76999975471426,7.74999975305946,7.69999974892244,7.69999974892244,7.74999975305946,7.6099997414758,7.73999975223205,7.36000016487992,7.75999975388686,7.67999974726763,,7.67999974726763,7.70999974974984,7.63999974395801
2,24419090,A244_T_PD_C:T_EDGE_HI_VCCY_2.3000[1]/PIN5,n,S,,9.99999993922529,,,7.44000017149915,7.78999975636907,7.74999975305946,7.72999975140465,7.71999975057724,7.76999975471426,7.65999974561282,7.79999975719647,7.39000016736213,7.80999975802388,7.70999974974984,,7.70999974974984,7.72999975140465,7.64999974478542
2,24419090,A244_T_PD_C:T_EDGE_HI_VCCY_2.3000[1]/PIN7,n,S,,9.99999993922529,,,7.38000016653473,7.72999975140465,7.71999975057724,7.66999974644023,7.67999974726763,7.71999975057724,7.6099997414758,7.74999975305946,7.32000016157031,7.73999975223205,7.66999974644023,,7.65999974561282,7.69999974892244,7.5999997406484
2,24419090,A244_T_PD_C:T_EDGE_HI_VCCY_2.3000[1]/PIN9,n,S,,9.99999993922529,,,7.43000017067175,7.76999975471426,7.75999975388686,7.68999974809503,7.69999974892244,7.72999975140465,7.61999974230321,7.75999975388686,7.34000016322511,7.74999975305946,7.68999974809503,,7.70999974974984,7.71999975057724,7.62999974313061
2,24419100,A244_T_PD_C:T_SKEW_HI_VCCY_2.3000@PIN12[1],n,S,,0.999999971718069,,,0.100000001335143,0.119999996051057,0.119999996051057,0.110000002162547,0.100000001335143,0.100000001335143,0.100000001335143,0.110000002162547,0.0900000005077395,0.0900000005077395,0.110000002162547,,0.100000001335143,0.119999996051057,0.0900000005077395
2,24419250,A244_T_PD_C:T_EDGE_LO_VCCY_2.3000[1]/PIN12,n,S,,9.99999993922529,,,8.74999983579983,9.08999986393155,9.05999986144934,9.02999985896713,9.01999985813973,9.04999986062194,8.91999984986569,9.05999986144934,8.679999830008,9.05999986144934,9.00999985731232,,8.96999985400271,8.99999985648492,8.92999985069309
2,24419250,A244_T_PD_C:T_EDGE_LO_VCCY_2.3000[1]/PIN14,n,S,,9.99999993922529,,,8.679999830008,9.01999985813973,8.98999985565752,8.9499998523479,8.9499998523479,9.00999985731232,8.85999984490127,9.00999985731232,8.62999982587098,8.99999985648492,8.9599998531753,,8.90999984903829,8.92999985069309,8.86999984572867
2,24419250,A244_T_PD_C:T_EDGE_LO_VCCY_2.3000[1]/PIN16,n,S,,9.99999993922529,,,7.97999977208974,8.28999979773926,8.25999979525704,8.23999979360224,8.22999979277483,8.27999979691185,8.1499997861556,8.29999979856666,7.93999976878013,8.29999979856666,8.25999979525704,,8.20999979112003,8.23999979360224,8.16999978781041
2,24419250,A244_T_PD_C:T_EDGE_LO_VCCY_2.3000[1]/PIN18,n,S,,9.99999993922529,,,7.94999976960753,8.24999979442964,8.23999979360224,8.16999978781041,8.19999979029262,8.21999979194743,8.08999978119118,8.25999979525704,7.8799997638157,8.21999979194743,8.19999979029262,,8.1299997845008,8.1499997861556,8.08999978119118
2,24419250,A244_T_PD_C:T_EDGE_LO_VCCY_2.3000[1]/PIN3,n,S,,9.99999993922529,,,8.05999977870897,8.34999980270368,8.32999980104887,8.30999979939406,8.31999980022147,8.34999980270368,8.21999979194743,8.35999980353108,7.98999977291714,8.34999980270368,8.30999979939406,,8.25999979525704,8.28999979773926,8.22999979277483
2,24419250,A244_T_PD_C:T_EDGE_LO_VCCY_2.3000[1]/PIN5,n,S,,9.99999993922529,,,8.24999979442964,8.57999982173396,8.53999981842435,8.52999981759694,8.50999981594214,8.55999982007916,8.3999998068407,8.57999982173396,8.18999978946522,8.55999982007916,8.50999981594214,,8.47999981345993,8.50999981594214,8.43999981015031
2,24419250,A244_T_PD_C:T_EDGE_LO_VCCY_2.3000[1]/PIN7,n,S,,9.99999993922529,,,8.56999982090656,8.88999984738348,8.83999984324646,8.83999984324646,8.82999984241906,8.89999984821088,8.73999983497242,8.90999984903829,8.49999981511473,8.87999984655607,8.83999984324646,,8.81999984159165,8.80999984076425,8.76999983745463
2,24419250,A244_T_PD_C:T_EDGE_LO_VCCY_2.3000[1]/PIN9,n,S,,9.99999993922529,,,8.17999978863782,8.50999981594214,8.49999981511473,8.44999981097772,8.45999981180512,8.48999981428733,8.33999980187627,8.47999981345993,8.09999978201859,8.48999981428733,8.42999980932291,,8.4099998076681,8.4199998084955,8.35999980353108
2,24419260,A244_T_PD_C:T_SKEW_LO_VCCY_2.3000@PIN12[1],n,S,,0.999999971718069,,,0.800000010681146,0.84000001399076,0.820000012335953,0.860000015645568,0.820000012335953,0.830000013163357,0.830000013163357,0.800000010681146,0.800000010681146,0.84000001399076,0.810000011508549,,0.84000001399076,0.850000014818164,0.84000001399076
2,24419110,A244_T_PD_C:T_EDGE_HI_VCCY_1.9500[1]/PIN12,n,S,,14.3000002950089,,,9.25999987799742,9.7499999185402,9.68999991357578,9.66999991192097,9.64999991026616,9.73999991771279,9.54999990199212,9.73999991771279,9.17999987137819,9.78999992184981,9.63999990943876,,9.66999991192097,9.67999991274837,9.53999990116472
2,24419110,A244_T_PD_C:T_EDGE_HI_VCCY_1.9500[1]/PIN14,n,S,,14.3000002950089,,,9.11999986641376,9.58999990530174,9.58999990530174,9.54999990199212,9.52999990033732,9.60999990695655,9.42999989206328,9.61999990778395,9.08999986393155,9.66999991192097,9.52999990033732,,9.54999990199212,9.58999990530174,9.44999989371809
2,24419110,A244_T_PD_C:T_EDGE_HI_VCCY_1.9500[1]/PIN16,n,S,,14.3000002950089,,,9.11999986641376,9.58999990530174,9.53999990116472,9.53999990116472,9.50999989868251,9.59999990612914,9.44999989371809,9.59999990612914,9.06999986227675,9.66999991192097,9.4999998978551,,9.50999989868251,9.53999990116472,9.46999989537289
2,24419110,A244_T_PD_C:T_EDGE_HI_VCCY_1.9500[1]/PIN18,n,S,,14.3000002950089,,,9.14999986889597,9.62999990861135,9.62999990861135,9.58999990530174,9.53999990116472,9.65999991109356,9.45999989454549,9.62999990861135,9.08999986393155,9.71999991605799,9.52999990033732,,9.53999990116472,9.55999990281953,9.44999989371809
2,24419110,A244_T_PD_C:T_EDGE_HI_VCCY_1.9500[1]/PIN3,n,S,,14.3000002950089,,,9.2199998746878,9.69999991440318,9.66999991192097,9.59999990612914,9.60999990695655,9.64999991026616,9.46999989537289,9.64999991026616,9.13999986806857,9.67999991274837,9.56999990364693,,9.58999990530174,9.62999990861135,9.52999990033732
2,24419110,A244_T_PD_C:T_EDGE_HI_VCCY_1.9500[1]/PIN5,n,S,,14.3000002950089,,,9.29999988130703,9.769999920195,9.71999991605799,9.70999991523058,9.67999991274837,9.7599999193676,9.60999990695655,9.78999992184981,9.23999987634261,9.81999992433202,9.65999991109356,,9.69999991440318,9.72999991688539,9.60999990695655
2,24419110,A244_T_PD_C:T_EDGE_HI_VCCY_1.9500[1]/PIN7,n,S,,14.3000002950089,,,9.19999987303299,9.69999991440318,9.65999991109356,9.60999990695655,9.61999990778395,9.68999991357578,9.52999990033732,9.72999991688539,9.14999986889597,9.72999991688539,9.60999990695655,,9.61999990778395,9.67999991274837,9.52999990033732
2,24419110,A244_T_PD_C:T_EDGE_HI_VCCY_1.9500[1]/PIN9,n,S,,14.3000002950089,,,9.32999988378924,9.84999992681423,9.82999992515943,9.73999991771279,9.7499999185402,9.78999992184981,9.62999990861135,9.83999992598683,9.23999987634261,9.83999992598683,9.72999991688539,,9.769999920195,9.80999992350462,9.62999990861135
2,24419120,A244_T_PD_C:T_SKEW_HI_VCCY_1.9500@PIN12[1],n,S,,0.999999971718069,,,0.21000000349769,0.259999993756921,0.289999996239132,0.200000002670286,0.239999992102113,0.190000001842883,0.200000002670286,0.239999992102113,0.170000000188075,0.170000000188075,0.230000005152498,,0.259999993756921,0.269999994584325,0.180000001015479
2,24419270,A244_T_PD_C:T_EDGE_LO_VCCY_1.9500[1]/PIN12,n,S,,14.3000002950089,,,10.6299999913517,11.0500000261027,11.0100000227931,10.9800000203109,10.9400000170012,11.0000000219657,10.8300000078998,11.0000000219657,10.5399999839051,11.0200000236205,10.9200000153464,,10.910000014519,10.9500000178286,10.8500000095546
2,24419270,A244_T_PD_C:T_EDGE_LO_VCCY_1.9500[1]/PIN14,n,S,,14.3000002950089,,,10.5399999839051,10.9700000194835,10.9300000161738,10.8800000120368,10.9000000136916,10.9500000178286,10.7800000037628,10.9400000170012,10.4699999781133,10.9500000178286,10.8800000120368,,10.8500000095546,10.8900000128642,10.7700000029354
2,24419270,A244_T_PD_C:T_EDGE_LO_VCCY_1.9500[1]/PIN16,n,S,,14.3000002950089,,,9.66999991192097,10.0799999458445,10.0499999433623,10.0299999417075,9.99999993922529,10.0799999458445,9.88999993012385,10.0899999466719,9.61999990778395,10.1099999483267,10.0199999408801,,9.99999993922529,10.0299999417075,9.92999993343346
2,24419270,A244_T_PD_C:T_EDGE_LO_VCCY_1.9500[1]/PIN18,n,S,,14.3000002950089,,,9.66999991192097,10.0699999450171,10.0699999450171,9.97999993757048,10.0099999400527,10.0399999425349,9.85999992764164,10.0699999450171,9.58999990530174,10.0499999433623,9.98999993839789,,9.93999993426087,9.95999993591568,9.86999992846904
2,24419270,A244_T_PD_C:T_EDGE_LO_VCCY_1.9500[1]/PIN3,n,S,,14.3000002950089,,,9.78999992184981,10.189999954946,10.1499999516363,10.1199999491541,10.1399999508089,10.1499999516363,9.98999993839789,10.1699999532912,9.68999991357578,10.189999954946,10.0899999466719,,10.0699999450171,10.1199999491541,10.0099999400527
2,24419270,A244_T_PD_C:T_EDGE_LO_VCCY_1.9500[1]/PIN5,n,S,,14.3000002950089,,,10.1199999491541,10.5499999847325,10.5099999814229,10.4999999805955,10.4799999789407,10.5399999839051,10.3199999657022,10.5499999847325,10.0599999441897,10.5399999839051,10.4499999764585,,10.4299999748036,10.4699999781133,10.3799999706666
2,24419270,A244_T_PD_C:T_EDGE_LO_VCCY_1.9500[1]/PIN7,n,S,,14.3000002950089,,,10.4299999748036,10.8500000095546,10.7900000045902,10.810000006245,10.8000000054176,10.8700000112094,10.6599999938339,10.8900000128642,10.3599999690118,10.860000010382,10.7900000045902,,10.7700000029354,10.8000000054176,10.6999999971435
2,24419270,A244_T_PD_C:T_EDGE_LO_VCCY_1.9500[1]/PIN9,n,S,,14.3000002950089,,,10.0199999408801,10.4399999756311,10.4299999748036,10.3799999706666,10.389999971494,10.4199999739762,10.239999959083,10.4199999739762,9.90999993177866,10.4199999739762,10.3299999665296,,10.3499999681844,10.3699999698392,10.2699999615652
2,24419280,A244_T_PD_C:T_SKEW_LO_VCCY_1.9500@PIN12[1],n,S,,0.999999971718069,,,0.959999968408454,0.979999970063261,0.959999968408454,0.999999971718069,0.939999966753646,0.959999968408454,0.969999969235857,0.930000021437394,0.94999996758105,0.969999969235857,0.930000021437394,,0.969999969235857,0.989999970890665,0.979999970063261
2,24419130,A244_T_PD_C:T_EDGE_HI_VCCY_1.6500[1]/PIN12,n,S,,14.3000002950089,,,12.3800001361474,13.1300001982027,13.0700001932382,13.040000190756,13.0300001899286,13.1400001990301,12.8200001725531,13.1500001998575,12.3000001295281,13.2500002081315,12.9500001833094,,13.0300001899286,13.1100001965478,12.8400001742079
2,24419130,A244_T_PD_C:T_EDGE_HI_VCCY_1.6500[1]/PIN14,n,S,,14.3000002950089,,,12.2200001229089,12.9700001849642,12.9700001849642,12.890000178345,12.8500001750353,13.0200001891012,12.7100001634517,13.0200001891012,12.1800001195993,13.1100001965478,12.8400001742079,,12.9300001816546,13.0000001874464,12.7500001667613
2,24419130,A244_T_PD_C:T_EDGE_HI_VCCY_1.6500[1]/PIN16,n,S,,14.3000002950089,,,12.1800001195993,12.9500001833094,12.8600001758628,12.8600001758628,12.8400001742079,12.990000186619,12.7300001651065,12.9700001849642,12.1600001179445,13.1800002023397,12.7700001684161,,12.9000001791724,12.9500001833094,12.7800001692435
2,24419130,A244_T_PD_C:T_EDGE_HI_VCCY_1.6500[1]/PIN18,n,S,,14.3000002950089,,,12.2400001245637,12.9800001857916,12.9700001849642,12.9200001808272,12.8600001758628,13.0000001874464,12.7200001642791,12.9700001849642,12.1500001171171,13.1200001973752,12.7800001692435,,12.8600001758628,12.890000178345,12.6900001617969
2,24419130,A244_T_PD_C:T_EDGE_HI_VCCY_1.6500[1]/PIN3,n,S,,14.3000002950089,,,12.2500001253911,12.990000186619,12.9500001833094,12.8700001766902,12.890000178345,12.9100001799998,12.6700001601421,12.9200001808272,12.1600001179445,13.0000001874464,12.7800001692435,,12.8500001750353,12.9500001833094,12.7400001659339
2,24419130,A244_T_PD_C:T_EDGE_HI_VCCY_1.6500[1]/PIN5,n,S,,14.3000002950089,,,12.420000139457,13.1700002015123,13.090000194893,13.1000001957204,13.040000190756,13.1700002015123,12.9200001808272,13.2000002039945,12.3800001361474,13.2600002089589,12.9700001849642,,13.090000194893,13.1300001982027,12.890000178345
2,24419130,A244_T_PD_C:T_EDGE_HI_VCCY_1.6500[1]/PIN7,n,S,,14.3000002950089,,,12.3300001320104,13.1700002015123,13.1300001982027,13.0200001891012,13.0200001891012,13.1400001990301,12.8600001758628,13.1800002023397,12.2900001287007,13.2300002064767,13.0100001882738,,13.0700001932382,13.1700002015123,12.8800001775176
2,24419130,A244_T_PD_C:T_EDGE_HI_VCCY_1.6500[1]/PIN9,n,S,,14.3000002950089,,,12.5600001510406,13.3300002147507,13.2800002106137,13.1700002015123,13.1800002023397,13.2800002106137,13.0100001882738,13.3200002139233,12.470000143594,13.3600002172329,13.1200001973752,,13.2600002089589,13.2900002114411,13.0300001899286
2,24419140,A244_T_PD_C:T_SKEW_HI_VCCY_1.6500@PIN12[1],n,S,,0.999999971718069,,,0.380000003685765,0.380000003685765,0.42000000699538,0.309999997893939,0.340000000376151,0.370000002858362,0.340000000376151,0.400000005340573,0.319999998721343,0.360000002030958,0.350000001203554,,0.410000006167976,0.400000005340573,0.340000000376151
2,24419290,A244_T_PD_C:T_EDGE_LO_VCCY_1.6500[1]/PIN12,n,S,,14.3000002950089,,,13.6900002445373,14.4300003057651,14.3600002999733,14.3000002950089,14.2700002925267,14.3300002974911,14.0500002743238,14.3100002958363,13.5800002354358,14.3800003016281,14.1500002825978,,14.2400002900445,14.2800002933541,14.0900002776334
2,24419290,A244_T_PD_C:T_EDGE_LO_VCCY_1.6500[1]/PIN14,n,S,,14.3000002950089,,,13.3900002197151,14.0000002701868,13.9200002635675,13.8900002610853,13.9100002627401,13.9600002668772,13.7200002470195,13.9400002652224,13.2900002114411,14.0000002701868,13.8400002569483,,13.8500002577757,13.9200002635675,13.7400002486743
2,24419290,A244_T_PD_C:T_EDGE_LO_VCCY_1.6500[1]/PIN16,n,S,,14.3000002950089,,,12.3600001344926,12.940000182482,12.890000178345,12.8800001775176,12.8500001750353,12.940000182482,12.6800001609695,12.9500001833094,12.3000001295281,12.990000186619,12.8400001742079,,12.8500001750353,12.9000001791724,12.7500001667613
2,24419290,A244_T_PD_C:T_EDGE_LO_VCCY_1.6500[1]/PIN18,n,S,,14.3000002950089,,,12.3800001361474,12.9800001857916,12.9500001833094,12.8500001750353,12.9000001791724,12.9100001799998,12.7000001626243,12.940000182482,12.3100001303555,12.9600001841368,12.8300001733805,,12.8200001725531,12.8400001742079,12.6900001617969
2,24419290,A244_T_PD_C:T_EDGE_LO_VCCY_1.6500[1]/PIN3,n,S,,14.3000002950089,,,12.5400001493858,13.1200001973752,13.0700001932382,13.0600001924108,13.0600001924108,13.090000194893,12.8500001750353,13.090000194893,12.4300001402844,13.1500001998575,12.9700001849642,,13.0100001882738,13.0600001924108,12.8800001775176
2,24419290,A244_T_PD_C:T_EDGE_LO_VCCY_1.6500[1]/PIN5,n,S,,14.3000002950089,,,13.0800001940656,13.7200002470195,13.6500002412276,13.6400002404002,13.6200002387454,13.7000002453647,13.3900002197151,13.7100002461921,12.990000186619,13.7300002478469,13.5400002321262,,13.5800002354358,13.6500002412276,13.4800002271618
2,24419290,A244_T_PD_C:T_EDGE_LO_VCCY_1.6500[1]/PIN7,n,S,,14.3000002950089,,,13.3300002147507,13.9500002660498,13.8800002602579,13.9100002627401,13.8800002602579,13.9900002693594,13.6900002445373,13.980000268532,13.2600002089589,13.9700002677046,13.8300002561209,,13.8700002594305,13.9200002635675,13.7700002511565
2,24419290,A244_T_PD_C:T_EDGE_LO_VCCY_1.6500[1]/PIN9,n,S,,14.3000002950089,,,12.8800001775176,13.4800002271618,13.460000225507,13.4000002205426,13.41000022137,13.4400002238522,13.1900002031671,13.4200002221974,12.7400001659339,13.460000225507,13.3000002122685,,13.3900002197151,13.4000002205426,13.2500002081315
2,24419300,A244_T_PD_C:T_SKEW_LO_VCCY_1.6500@PIN12[1],n,S,,0.999999971718069,,,1.32999999902239,1.49000001226085,1.47000001060604,1.45000000895124,1.42000000646902,1.42000000646902,1.37000000233201,1.37000000233201,1.27999999488537,1.42000000646902,1.31999999819499,,1.42000000646902,1.44000000812383,1.40000000481422
2,24419802,A244_T_PD_C:T_EDGE_HI_VCCY_1.4000[1]/PIN12,n,S,,39.9999997569012,,,18.5999997626141,21.0599999661554,20.6599999330592,20.6900008237199,20.57999992644,20.9599999578813,19.9100007591824,21.3500008783285,18.810000668168,21.7699991367226,20.3399999065823,,20.8300008353035,21.1700008634352,19.959999875141
2,24419802,A244_T_PD_C:T_EDGE_HI_VCCY_1.4000[1]/PIN14,n,S,,39.9999997569012,,,18.2599997344823,20.4500008038622,20.4100008005526,20.2100007840045,19.9700007641468,20.7199999380236,19.5599998420448,20.8599999496073,18.490000641691,21.1700008634352,20.0900007740756,,20.5599999247852,20.8799999512621,19.7399998569381
2,24419802,A244_T_PD_C:T_EDGE_HI_VCCY_1.4000[1]/PIN16,n,S,,39.9999997569012,,,18.3100006267978,20.6500008204102,20.2599998999631,20.3599999082371,20.2900007906237,20.7500008286843,19.8999998701765,20.9700008468872,18.5199997559948,21.6800000174544,20.1500007790401,,20.4599999165112,21.0700008551612,20.050000770766
2,24419802,A244_T_PD_C:T_EDGE_HI_VCCY_1.4000[1]/PIN18,n,S,,39.9999997569012,,,18.1399997245535,20.3399999065823,20.1900007823497,20.0399998817602,19.9399998734862,20.3799999098919,19.4799998354256,20.4500008038622,18.1500006135593,20.8500008369583,19.7700007475987,,20.0700007724208,20.3399999065823,19.4599998337708
2,24419802,A244_T_PD_C:T_EDGE_HI_VCCY_1.4000[1]/PIN3,n,S,,39.9999997569012,,,18.3500006301074,20.5599999247852,20.4599999165112,20.1999998949987,20.2199998966535,20.3900007988977,19.5199998387352,20.5199999214756,18.3599997427564,20.9599999578813,19.9100007591824,,20.2399998983083,20.6199999297496,19.6999998536285
2,24419802,A244_T_PD_C:T_EDGE_HI_VCCY_1.4000[1]/PIN5,n,S,,39.9999997569012,,,18.810000668168,21.2300008683997,20.9399999562265,21.1300008601256,20.7999999446429,21.3700008799833,20.2799999016179,21.5099991152101,19.019999797365,21.9600000406217,20.679999934714,,21.2199999793938,21.6600000157996,20.2599998999631
2,24419802,A244_T_PD_C:T_EDGE_HI_VCCY_1.4000[1]/PIN7,n,S,,39.9999997569012,,,18.5700006483103,20.7300008270295,20.5500008121362,20.4999999198208,20.3100007922785,20.7900008319939,19.9100007591824,20.8900008402679,18.5599997593044,21.2799999843583,20.2500007873141,,20.679999934714,21.0599999661554,19.9799998767958
2,24419802,A244_T_PD_C:T_EDGE_HI_VCCY_1.4000[1]/PIN9,n,S,,39.9999997569012,,,19.2900007078833,22.3800000753727,22.1600000571698,21.5299991168649,20.3999999115467,22.6000000935755,20.050000770766,22.4699991946409,19.3999998288064,23.0000001266717,20.3100007922785,,22.4200000786823,22.6000000935755,20.0399998817602
2,24419800,A244_T_PD_C:T_SKEW_HI_VCCY_1.4000@PIN12[1],n,S,,9.99999993922529,,,1.14999998412912,2.03999994674575,1.96999994095393,1.49000001226085,0.860000015645568,2.21999996163902,0.800000010681146,2.01999994509094,1.24999999240316,2.14999995584719,0.910000019782586,,2.34999997239527,2.25999996494863,0.800000010681146
2,24419804,A244_T_PD_C:T_EDGE_LO_VCCY_1.4000[1]/PIN12,n,S,,39.9999997569012,,,18.1500006135593,19.4999998370804,19.3900007161574,19.3399998238419,19.2599998172227,19.330000711193,18.8399997824718,19.1999998122583,17.9599997096602,19.4199998304612,18.8700006731324,,19.3199998221871,19.3799998271516,18.8300006698228
2,24419804,A244_T_PD_C:T_EDGE_LO_VCCY_1.4000[1]/PIN14,n,S,,39.9999997569012,,,17.8300005870824,18.7500006632035,18.6300006532747,18.5999997626141,18.6799997692333,18.7100006598939,18.3799997444112,18.6300006532747,17.7100005771536,18.7700006648583,18.49999975434,,18.5900006499651,18.7300006615487,18.399999746066
2,24419804,A244_T_PD_C:T_EDGE_LO_VCCY_1.4000[1]/PIN16,n,S,,39.9999997569012,,,16.6199995987881,17.5100005606055,17.4199996649804,17.4999996715997,17.3999996633256,17.4999996715997,17.0999996385035,17.5100005606055,16.5500004811747,17.6399996831833,17.359999660016,,17.4500005556411,17.5599996765641,17.2100005357834
2,24419804,A244_T_PD_C:T_EDGE_LO_VCCY_1.4000[1]/PIN18,n,S,,39.9999997569012,,,16.730000496068,17.6500005721891,17.5900005672247,17.4999996715997,17.5199996732545,17.5599996765641,17.250000539093,17.6100005688795,16.630000487794,17.6700005738439,17.4100005523314,,17.4700005572959,17.5199996732545,17.2300005374382
2,24419804,A244_T_PD_C:T_EDGE_LO_VCCY_1.4000[1]/PIN3,n,S,,39.9999997569012,,,17.0500005225449,17.8999997046958,17.8199996980766,17.8599997013862,17.8599997013862,17.8599997013862,17.5399996749093,17.8500005887372,16.8900005093064,17.9900006003209,17.6500005721891,,17.7999996964218,17.9199997063506,17.6100005688795
2,24419804,A244_T_PD_C:T_EDGE_LO_VCCY_1.4000[1]/PIN5,n,S,,39.9999997569012,,,17.7900005837728,18.7199997725429,18.6399997659237,18.6599997675785,18.6300006532747,18.7199997725429,18.2700006234882,18.7199997725429,17.7199996898025,18.7500006632035,18.399999746066,,18.6100006516199,18.7399997741977,18.4399997493756
2,24419804,A244_T_PD_C:T_EDGE_LO_VCCY_1.4000[1]/PIN7,n,S,,39.9999997569012,,,17.9300005953564,18.8199997808169,18.7199997725429,18.8199997808169,18.7700006648583,18.919999789091,18.490000641691,18.8799997857814,17.8100005854276,18.9399997907458,18.6300006532747,,18.810000668168,18.8500006714776,18.6100006516199
2,24419804,A244_T_PD_C:T_EDGE_LO_VCCY_1.4000[1]/PIN9,n,S,,39.9999997569012,,,17.3700005490218,18.2599997344823,18.2300006201785,18.1900006168689,18.2500006218334,18.2500006218334,17.8900005920468,18.1599997262083,17.1700005324738,18.3300006284526,17.9500005970112,,18.2599997344823,18.2599997344823,17.9599997096602
2,24419798,A244_T_PD_C:T_SKEW_LO_VCCY_1.4000@PIN12[1],n,S,,0.999999971718069,,,1.53000001557047,1.98999994260873,1.96999994095393,1.84000004121998,1.86000004287479,1.83000004039258,1.74000003294594,1.69000002880892,1.41000000564162,1.78000003625556,1.51000001391566,,1.86999993267989,1.86000004287479,1.6200000230171
2,24415150,A244_T_EN_C:T_EDGE_HI_VCCY_5.5000[1]/PIN3,n,S,,19.9999998784506,,,7.97999977208974,8.16999978781041,8.17999978863782,8.16999978781041,8.16999978781041,8.19999979029262,8.1499997861556,8.20999979112003,7.82999975967869,8.1299997845008,8.24999979442964,,8.09999978201859,8.10999978284599,8.15999978698301
2,24415150,A244_T_EN_C:T_EDGE_HI_VCCY_5.5000[1]/PIN5,n,S,,19.9999998784506,,,7.88999976464311,8.08999978119118,8.03999977705416,8.05999977870897,8.03999977705416,8.07999978036378,8.01999977539936,8.11999978367339,7.77999975554167,8.03999977705416,8.1299997845008,,7.96999977126234,7.99999977374455,8.02999977622676
2,24415150,A244_T_EN_C:T_EDGE_HI_VCCY_5.5000[1]/PIN7,n,S,,19.9999998784506,,,8.64999982752579,8.90999984903829,8.86999984572867,8.9599998531753,8.96999985400271,8.96999985400271,8.86999984572867,9.00999985731232,8.4099998076681,8.84999984407386,9.02999985896713,,8.82999984241906,8.80999984076425,8.90999984903829
2,24415150,A244_T_EN_C:T_EDGE_HI_VCCY_5.5000[1]/PIN9,n,S,,19.9999998784506,,,8.42999980932291,8.6899998308354,8.63999982669839,8.70999983249021,8.73999983497242,8.73999983497242,8.64999982752579,8.77999983828204,8.18999978946522,8.58999982256137,8.81999984159165,,8.60999982421617,8.56999982090656,8.65999982835319
2,24415150,A244_T_EN_C:T_EDGE_HI_VCCY_5.5000[1]/PIN12,n,S,,19.9999998784506,,,8.70999983249021,9.00999985731232,8.96999985400271,9.03999985979453,9.05999986144934,9.03999985979453,8.9499998523479,9.09999986475896,8.47999981345993,8.92999985069309,9.10999986558636,,8.89999984821088,8.89999984821088,8.96999985400271
2,24415150,A244_T_EN_C:T_EDGE_HI_VCCY_5.5000[1]/PIN14,n,S,,19.9999998784506,,,8.16999978781041,8.36999980435849,8.30999979939406,8.33999980187627,8.30999979939406,8.31999980022147,8.27999979691185,8.35999980353108,8.01999977539936,8.30999979939406,8.4199998084955,,8.22999979277483,8.23999979360224,8.33999980187627
2,24415150,A244_T_EN_C:T_EDGE_HI_VCCY_5.5000[1]/PIN16,n,S,,19.9999998784506,,,8.09999978201859,8.26999979608445,8.26999979608445,8.27999979691185,8.26999979608445,8.28999979773926,8.23999979360224,8.31999980022147,7.95999977043493,8.24999979442964,8.33999980187627,,8.19999979029262,8.20999979112003,8.26999979608445
2,24415150,A244_T_EN_C:T_EDGE_HI_VCCY_5.5000[1]/PIN18,n,S,,19.9999998784506,,,8.03999977705416,8.23999979360224,8.20999979112003,8.23999979360224,8.21999979194743,8.22999979277483,8.21999979194743,8.27999979691185,7.8699997629883,8.18999978946522,8.29999979856666,,8.1499997861556,8.1499997861556,8.21999979194743
2,24415230,A244_T_EN_C:T_EDGE_LO_VCCY_5.5000[1]/PIN3,n,S,,19.9999998784506,,,7.66999974644023,7.8699997629883,7.8699997629883,7.8699997629883,7.8699997629883,7.88999976464311,7.83999976050609,7.90999976629791,7.50999973320177,7.82999975967869,7.93999976878013,,7.79999975719647,7.79999975719647,7.8599997621609
2,24415230,A244_T_EN_C:T_EDGE_LO_VCCY_5.5000[1]/PIN5,n,S,,19.9999998784506,,,7.57999973899359,7.78999975636907,7.74999975305946,7.76999975471426,7.76999975471426,7.78999975636907,7.71999975057724,7.81999975885128,7.43000017067175,7.72999975140465,7.83999976050609,,7.68999974809503,7.68999974809503,7.73999975223205
2,24415230,A244_T_EN_C:T_EDGE_LO_VCCY_5.5000[1]/PIN7,n,S,,19.9999998784506,,,8.33999980187627,8.60999982421617,8.56999982090656,8.679999830008,8.6899998308354,8.6899998308354,8.56999982090656,8.72999983414502,8.05999977870897,8.54999981925175,8.73999983497242,,8.52999981759694,8.49999981511473,8.59999982338877
2,24415230,A244_T_EN_C:T_EDGE_LO_VCCY_5.5000[1]/PIN9,n,S,,19.9999998784506,,,8.08999978119118,8.35999980353108,8.30999979939406,8.37999980518589,8.42999980932291,8.4199998084955,8.31999980022147,8.44999981097772,7.8599997621609,8.25999979525704,8.49999981511473,,8.27999979691185,8.23999979360224,8.32999980104887
2,24415230,A244_T_EN_C:T_EDGE_LO_VCCY_5.5000[1]/PIN12,n,S,,19.9999998784506,,,8.44999981097772,8.75999983662723,8.71999983331762,8.78999983910944,8.81999984159165,8.79999983993685,8.6899998308354,8.86999984572867,8.19999979029262,8.679999830008,8.86999984572867,,8.64999982752579,8.64999982752579,8.71999983331762
2,24415230,A244_T_EN_C:T_EDGE_LO_VCCY_5.5000[1]/PIN14,n,S,,19.9999998784506,,,7.82999975967869,8.04999977788157,7.99999977374455,8.01999977539936,8.00999977457195,8.01999977539936,7.95999977043493,8.03999977705416,7.64999974478542,7.97999977208974,8.09999978201859,,7.90999976629791,7.90999976629791,8.00999977457195
2,24415230,A244_T_EN_C:T_EDGE_LO_VCCY_5.5000[1]/PIN16,n,S,,19.9999998784506,,,7.82999975967869,8.00999977457195,7.99999977374455,8.00999977457195,7.99999977374455,8.01999977539936,7.96999977126234,8.05999977870897,7.66999974644023,7.97999977208974,8.06999977953637,,7.92999976795272,7.93999976878013,7.99999977374455
2,24415230,A244_T_EN_C:T_EDGE_LO_VCCY_5.5000[1]/PIN18,n,S,,19.9999998784506,,,7.80999975802388,8.00999977457195,7.99999977374455,8.00999977457195,8.00999977457195,8.00999977457195,7.97999977208974,8.04999977788157,7.62999974313061,7.95999977043493,8.06999977953637,,7.93999976878013,7.92999976795272,7.98999977291714
2,24415160,A244_T_EN_C:T_EDGE_HI_VCCY_4.5000[1]/PIN3,n,S,,19.9999998784506,,,8.60999982421617,8.80999984076425,8.81999984159165,8.79999983993685,8.79999983993685,8.83999984324646,8.77999983828204,8.84999984407386,8.45999981180512,8.77999983828204,8.88999984738348,,8.73999983497242,8.73999983497242,8.79999983993685
2,24415160,A244_T_EN_C:T_EDGE_HI_VCCY_4.5000[1]/PIN5,n,S,,19.9999998784506,,,8.53999981842435,8.74999983579983,8.70999983249021,8.72999983414502,8.70999983249021,8.74999983579983,8.6699998291806,8.78999983910944,8.43999981015031,8.70999983249021,8.79999983993685,,8.63999982669839,8.6699998291806,8.6899998308354
2,24415160,A244_T_EN_C:T_EDGE_HI_VCCY_4.5000[1]/PIN7,n,S,,19.9999998784506,,,9.27999987965222,9.57999990447433,9.53999990116472,9.62999990861135,9.63999990943876,9.64999991026616,9.52999990033732,9.68999991357578,9.02999985896713,9.50999989868251,9.69999991440318,,9.4899998970277,9.46999989537289,9.55999990281953
2,24415160,A244_T_EN_C:T_EDGE_HI_VCCY_4.5000[1]/PIN9,n,S,,19.9999998784506,,,9.05999986144934,9.35999988627145,9.29999988130703,9.36999988709886,9.40999989040847,9.40999989040847,9.30999988213443,9.44999989371809,8.82999984241906,9.25999987799742,9.4899998970277,,9.26999987882482,9.23999987634261,9.31999988296184
2,24415160,A244_T_EN_C:T_EDGE_HI_VCCY_4.5000[1]/PIN12,n,S,,19.9999998784506,,,9.34999988544405,9.66999991192097,9.62999990861135,9.69999991440318,9.71999991605799,9.70999991523058,9.59999990612914,9.77999992102241,9.09999986475896,9.58999990530174,9.769999920195,,9.54999990199212,9.55999990281953,9.61999990778395
2,24415160,A244_T_EN_C:T_EDGE_HI_VCCY_4.5000[1]/PIN14,n,S,,19.9999998784506,,,8.78999983910944,9.00999985731232,8.9599998531753,8.97999985483011,8.9399998515205,8.96999985400271,8.90999984903829,8.98999985565752,8.63999982669839,8.9499998523479,9.05999986144934,,8.86999984572867,8.86999984572867,8.9599998531753
2,24415160,A244_T_EN_C:T_EDGE_HI_VCCY_4.5000[1]/PIN16,n,S,,19.9999998784506,,,8.69999983166281,8.89999984821088,8.88999984738348,8.89999984821088,8.87999984655607,8.90999984903829,8.84999984407386,8.9599998531753,8.56999982090656,8.87999984655607,8.9599998531753,,8.80999984076425,8.82999984241906,8.88999984738348
2,24415160,A244_T_EN_C:T_EDGE_HI_VCCY_4.5000[1]/PIN18,n,S,,19.9999998784506,,,8.63999982669839,8.86999984572867,8.83999984324646,8.85999984490127,8.83999984324646,8.85999984490127,8.82999984241906,8.90999984903829,8.45999981180512,8.81999984159165,8.91999984986569,,8.76999983745463,8.77999983828204,8.82999984241906
2,24415240,A244_T_EN_C:T_EDGE_LO_VCCY_4.5000[1]/PIN3,n,S,,19.9999998784506,,,8.32999980104887,8.54999981925175,8.54999981925175,8.53999981842435,8.53999981842435,8.57999982173396,8.49999981511473,8.58999982256137,8.1499997861556,8.50999981594214,8.62999982587098,,8.45999981180512,8.46999981263252,8.52999981759694
2,24415240,A244_T_EN_C:T_EDGE_LO_VCCY_4.5000[1]/PIN5,n,S,,19.9999998784506,,,8.23999979360224,8.47999981345993,8.43999981015031,8.44999981097772,8.43999981015031,8.47999981345993,8.38999980601329,8.50999981594214,8.08999978119118,8.4199998084955,8.51999981676954,,8.36999980435849,8.36999980435849,8.4199998084955
2,24415240,A244_T_EN_C:T_EDGE_LO_VCCY_4.5000[1]/PIN7,n,S,,19.9999998784506,,,8.99999985648492,9.30999988213443,9.26999987882482,9.36999988709886,9.38999988875366,9.39999988958107,9.25999987799742,9.42999989206328,8.71999983331762,9.25999987799742,9.44999989371809,,9.2299998755152,9.19999987303299,9.29999988130703
2,24415240,A244_T_EN_C:T_EDGE_LO_VCCY_4.5000[1]/PIN9,n,S,,19.9999998784506,,,8.74999983579983,9.06999986227675,9.00999985731232,9.07999986310415,9.11999986641376,9.11999986641376,9.00999985731232,9.14999986889597,8.51999981676954,8.96999985400271,9.19999987303299,,8.96999985400271,8.92999985069309,9.01999985813973
2,24415240,A244_T_EN_C:T_EDGE_LO_VCCY_4.5000[1]/PIN12,n,S,,19.9999998784506,,,9.10999986558636,9.44999989371809,9.40999989040847,9.4799998962003,9.50999989868251,9.4899998970277,9.37999988792626,9.56999990364693,8.84999984407386,9.36999988709886,9.55999990281953,,9.32999988378924,9.33999988461665,9.39999988958107
2,24415240,A244_T_EN_C:T_EDGE_LO_VCCY_4.5000[1]/PIN14,n,S,,19.9999998784506,,,8.47999981345993,8.71999983331762,8.6699998291806,8.6899998308354,8.6699998291806,8.6899998308354,8.61999982504358,8.70999983249021,8.28999979773926,8.64999982752579,8.76999983745463,,8.56999982090656,8.56999982090656,8.6699998291806
2,24415240,A244_T_EN_C:T_EDGE_LO_VCCY_4.5000[1]/PIN16,n,S,,19.9999998784506,,,8.46999981263252,8.6699998291806,8.65999982835319,8.6699998291806,8.6699998291806,8.679999830008,8.61999982504358,8.71999983331762,8.30999979939406,8.63999982669839,8.72999983414502,,8.58999982256137,8.59999982338877,8.64999982752579
2,24415240,A244_T_EN_C:T_EDGE_LO_VCCY_4.5000[1]/PIN18,n,S,,19.9999998784506,,,8.44999981097772,8.6699998291806,8.65999982835319,8.65999982835319,8.64999982752579,8.6699998291806,8.62999982587098,8.71999983331762,8.25999979525704,8.62999982587098,8.72999983414502,,8.58999982256137,8.58999982256137,8.63999982669839
2,24415170,A244_T_EN_C:T_EDGE_HI_VCCY_3.6000[1]/PIN3,n,S,,29.9999989294975,,,9.56999990364693,9.81999992433202,9.82999992515943,9.80999992350462,9.80999992350462,9.83999992598683,9.769999920195,9.85999992764164,9.40999989040847,9.77999992102241,9.88999993012385,,9.72999991688539,9.73999991771279,9.78999992184981
2,24415170,A244_T_EN_C:T_EDGE_HI_VCCY_3.6000[1]/PIN5,n,S,,29.9999989294975,,,9.53999990116472,9.77999992102241,9.73999991771279,9.7499999185402,9.70999991523058,9.78999992184981,9.67999991274837,9.82999992515943,9.41999989123588,9.7499999185402,9.80999992350462,,9.66999991192097,9.67999991274837,9.70999991523058
2,24415170,A244_T_EN_C:T_EDGE_HI_VCCY_3.6000[1]/PIN7,n,S,,29.9999989294975,,,10.28999996322,10.6399999921791,10.5899999880421,10.6999999971435,10.6999999971435,10.7299999996258,10.5699999863873,10.760000002108,10.0199999408801,10.5699999863873,10.7700000029354,,10.5499999847325,10.5199999822503,10.6099999896969
2,24415170,A244_T_EN_C:T_EDGE_HI_VCCY_3.6000[1]/PIN9,n,S,,29.9999989294975,,,10.0699999450171,10.4199999739762,10.3499999681844,10.4199999739762,10.4699999781133,10.4799999789407,10.3499999681844,10.5199999822503,9.81999992433202,10.3199999657022,10.5499999847325,,10.3099999648748,10.2799999623926,10.3599999690118
2,24415170,A244_T_EN_C:T_EDGE_HI_VCCY_3.6000[1]/PIN12,n,S,,29.9999989294975,,,10.339999967357,10.7299999996258,10.6899999963161,10.7500000012806,10.7800000037628,10.7700000029354,10.6399999921791,10.860000010382,10.0699999450171,10.6499999930065,10.8300000078998,,10.5899999880421,10.5999999888695,10.6599999938339
2,24415170,A244_T_EN_C:T_EDGE_HI_VCCY_3.6000[1]/PIN14,n,S,,29.9999989294975,,,9.73999991771279,10.0199999408801,9.93999993426087,9.95999993591568,9.91999993260606,9.96999993674308,9.87999992929645,9.96999993674308,9.57999990447433,9.93999993426087,10.0399999425349,,9.83999992598683,9.84999992681423,9.92999993343346
2,24415170,A244_T_EN_C:T_EDGE_HI_VCCY_3.6000[1]/PIN16,n,S,,29.9999989294975,,,9.64999991026616,9.88999993012385,9.86999992846904,9.85999992764164,9.85999992764164,9.88999993012385,9.80999992350462,9.93999993426087,9.51999989950991,9.86999992846904,9.93999993426087,,9.78999992184981,9.80999992350462,9.85999992764164
2,24415170,A244_T_EN_C:T_EDGE_HI_VCCY_3.6000[1]/PIN18,n,S,,29.9999989294975,,,9.58999990530174,9.84999992681423,9.82999992515943,9.83999992598683,9.81999992433202,9.84999992681423,9.80999992350462,9.88999993012385,9.40999989040847,9.80999992350462,9.89999993095125,,9.7499999185402,9.7599999193676,9.80999992350462
2,24415250,A244_T_EN_C:T_EDGE_LO_VCCY_3.6000[1]/PIN3,n,S,,29.9999989294975,,,9.35999988627145,9.61999990778395,9.62999990861135,9.59999990612914,9.60999990695655,9.64999991026616,9.55999990281953,9.65999991109356,9.17999987137819,9.58999990530174,9.68999991357578,,9.52999990033732,9.53999990116472,9.58999990530174
2,24415250,A244_T_EN_C:T_EDGE_LO_VCCY_3.6000[1]/PIN5,n,S,,29.9999989294975,,,9.29999988130703,9.57999990447433,9.54999990199212,9.54999990199212,9.53999990116472,9.57999990447433,9.4799998962003,9.61999990778395,9.13999986806857,9.53999990116472,9.62999990861135,,9.45999989454549,9.4799998962003,9.4999998978551
2,24415250,A244_T_EN_C:T_EDGE_LO_VCCY_3.6000[1]/PIN7,n,S,,29.9999989294975,,,10.0499999433623,10.4099999731488,10.3699999698392,10.4699999781133,10.4799999789407,10.4999999805955,10.339999967357,10.5399999839051,9.7599999193676,10.3499999681844,10.5399999839051,,10.3099999648748,10.28999996322,10.3799999706666
2,24415250,A244_T_EN_C:T_EDGE_LO_VCCY_3.6000[1]/PIN9,n,S,,29.9999989294975,,,9.81999992433202,10.1799999541186,10.1299999499815,10.189999954946,10.2299999582556,10.239999959083,10.0999999474993,10.2699999615652,9.56999990364693,10.0799999458445,10.3099999648748,,10.0799999458445,10.0299999417075,10.1099999483267
2,24415250,A244_T_EN_C:T_EDGE_LO_VCCY_3.6000[1]/PIN12,n,S,,29.9999989294975,,,10.1599999524637,10.5499999847325,10.5099999814229,10.5799999872147,10.6099999896969,10.5899999880421,10.4499999764585,10.6799999954887,9.87999992929645,10.4699999781133,10.6499999930065,,10.4199999739762,10.4199999739762,10.4699999781133
2,24415250,A244_T_EN_C:T_EDGE_LO_VCCY_3.6000[1]/PIN14,n,S,,29.9999989294975,,,9.4999998978551,9.78999992184981,9.73999991771279,9.7599999193676,9.71999991605799,9.7499999185402,9.65999991109356,9.769999920195,9.29999988130703,9.70999991523058,9.82999992515943,,9.61999990778395,9.61999990778395,9.71999991605799
2,24415250,A244_T_EN_C:T_EDGE_LO_VCCY_3.6000[1]/PIN16,n,S,,29.9999989294975,,,9.46999989537289,9.71999991605799,9.70999991523058,9.69999991440318,9.68999991357578,9.71999991605799,9.63999990943876,9.769999920195,9.30999988213443,9.68999991357578,9.7599999193676,,9.61999990778395,9.62999990861135,9.66999991192097
2,24415250,A244_T_EN_C:T_EDGE_LO_VCCY_3.6000[1]/PIN18,n,S,,29.9999989294975,,,9.43999989289068,9.70999991523058,9.68999991357578,9.68999991357578,9.68999991357578,9.69999991440318,9.64999991026616,9.73999991771279,9.24999987717001,9.65999991109356,9.7599999193676,,9.60999990695655,9.60999990695655,9.65999991109356
2,24415180,A244_T_EN_C:T_EDGE_HI_VCCY_3.0000[1]/PIN3,n,S,,29.9999989294975,,,10.6699999946613,10.9700000194835,10.9800000203109,10.9500000178286,10.9500000178286,11.0000000219657,10.8900000128642,11.0200000236205,10.4999999805955,10.9400000170012,11.0500000261027,,10.8700000112094,10.8800000120368,10.9200000153464
2,24415180,A244_T_EN_C:T_EDGE_HI_VCCY_3.0000[1]/PIN5,n,S,,29.9999989294975,,,10.6599999938339,10.9800000203109,10.9300000161738,10.9300000161738,10.8900000128642,10.9800000203109,10.8500000095546,11.0300000244479,10.5299999830777,10.9500000178286,10.9900000211383,,10.8400000087272,10.8700000112094,10.8800000120368
2,24415180,A244_T_EN_C:T_EDGE_HI_VCCY_3.0000[1]/PIN7,n,S,,29.9999989294975,,,11.430000057544,11.8400000914676,11.7800000865032,11.900000096432,11.900000096432,11.950000100569,11.7500000840209,11.9800001030512,11.1200000318945,11.7800000865032,11.9700001022238,,11.7300000823661,11.7100000807113,11.800000088158
2,24415180,A244_T_EN_C:T_EDGE_HI_VCCY_3.0000[1]/PIN9,n,S,,29.9999989294975,,,11.2100000393411,11.6400000749195,11.5600000683003,11.6300000740921,11.6800000782291,11.7100000807113,11.5500000674729,11.7400000831935,10.9400000170012,11.5400000666455,11.7700000856757,,11.5100000641633,11.480000061681,11.5500000674729
2,24415180,A244_T_EN_C:T_EDGE_HI_VCCY_3.0000[1]/PIN12,n,S,,29.9999989294975,,,11.480000061681,11.9400000997416,11.900000096432,11.9700001022238,11.9900001038786,11.9900001038786,11.8300000906402,12.0900001121527,11.1800000368589,11.8600000931224,12.0300001071882,,11.7900000873306,11.800000088158,11.8400000914676
2,24415180,A244_T_EN_C:T_EDGE_HI_VCCY_3.0000[1]/PIN14,n,S,,29.9999989294975,,,10.7900000045902,11.1200000318945,11.0600000269301,11.0700000277575,11.0100000227931,11.0800000285849,10.9800000203109,11.0800000285849,10.6199999905243,11.0700000277575,11.1500000343767,,10.9300000161738,10.9400000170012,11.0400000252753
2,24415180,A244_T_EN_C:T_EDGE_HI_VCCY_3.0000[1]/PIN16,n,S,,29.9999989294975,,,10.6999999971435,11.0000000219657,10.9900000211383,10.9500000178286,10.9400000170012,10.9900000211383,10.9000000136916,11.0400000252753,10.5599999855599,10.9800000203109,11.0300000244479,,10.8800000120368,10.9000000136916,10.9500000178286
2,24415180,A244_T_EN_C:T_EDGE_HI_VCCY_3.0000[1]/PIN18,n,S,,29.9999989294975,,,10.6499999930065,10.960000018656,10.9400000170012,10.9300000161738,10.910000014519,10.960000018656,10.8900000128642,11.0000000219657,10.4499999764585,10.9300000161738,11.0000000219657,,10.8500000095546,10.860000010382,10.9000000136916
2,24415260,A244_T_EN_C:T_EDGE_LO_VCCY_3.0000[1]/PIN3,n,S,,29.9999989294975,,,10.5099999814229,10.8200000070724,10.8200000070724,10.7800000037628,10.8000000054176,10.8400000087272,10.7299999996258,10.860000010382,10.3199999657022,10.7900000045902,10.8800000120368,,10.709999997971,10.7199999987984,10.760000002108
2,24415260,A244_T_EN_C:T_EDGE_LO_VCCY_3.0000[1]/PIN5,n,S,,29.9999989294975,,,10.4999999805955,10.8300000078998,10.7900000045902,10.7800000037628,10.7700000029354,10.8300000078998,10.6999999971435,10.8700000112094,10.3599999690118,10.7900000045902,10.8500000095546,,10.6999999971435,10.7199999987984,10.7400000004532
2,24415260,A244_T_EN_C:T_EDGE_LO_VCCY_3.0000[1]/PIN7,n,S,,29.9999989294975,,,11.2400000418234,11.6500000757469,11.6100000724373,11.7100000807113,11.7000000798839,11.7500000840209,11.5700000691277,11.7900000873306,10.9200000153464,11.6000000716099,11.7700000856757,,11.5500000674729,11.5200000649907,11.6100000724373
2,24415260,A244_T_EN_C:T_EDGE_LO_VCCY_3.0000[1]/PIN9,n,S,,29.9999989294975,,,11.0200000236205,11.4400000583714,11.380000053407,11.4400000583714,11.480000061681,11.5000000633358,11.3400000500974,11.5400000666455,10.7400000004532,11.3400000500974,11.5600000683003,,11.3200000484426,11.280000045133,11.3600000517522
2,24415260,A244_T_EN_C:T_EDGE_LO_VCCY_3.0000[1]/PIN12,n,S,,29.9999989294975,,,11.3500000509248,11.800000088158,11.7700000856757,11.8200000898128,11.850000092295,11.8400000914676,11.6700000774017,11.9400000997416,11.0400000252753,11.7200000815387,11.8700000939498,,11.6500000757469,11.6600000765743,11.6900000790565
2,24415260,A244_T_EN_C:T_EDGE_LO_VCCY_3.0000[1]/PIN14,n,S,,29.9999989294975,,,10.6599999938339,11.0000000219657,10.9500000178286,10.9500000178286,10.910000014519,10.960000018656,10.8500000095546,10.960000018656,10.4399999756311,10.9300000161738,11.0200000236205,,10.810000006245,10.8200000070724,10.9200000153464
2,24415260,A244_T_EN_C:T_EDGE_LO_VCCY_3.0000[1]/PIN16,n,S,,29.9999989294975,,,10.5999999888695,10.910000014519,10.9000000136916,10.8700000112094,10.860000010382,10.8900000128642,10.8000000054176,10.960000018656,10.4399999756311,10.8800000120368,10.9300000161738,,10.8000000054176,10.8200000070724,10.8500000095546
2,24415260,A244_T_EN_C:T_EDGE_LO_VCCY_3.0000[1]/PIN18,n,S,,29.9999989294975,,,10.5799999872147,10.8900000128642,10.8800000120368,10.8800000120368,10.8500000095546,10.8800000120368,10.8200000070724,10.9300000161738,10.3699999698392,10.860000010382,10.9300000161738,,10.7900000045902,10.7900000045902,10.8300000078998
2,24415190,A244_T_EN_C:T_EDGE_HI_VCCY_2.7000[1]/PIN3,n,S,,35.9999994259397,,,11.4900000625084,11.8100000889854,11.8200000898128,11.7900000873306,11.7900000873306,11.8400000914676,11.7200000815387,11.8600000931224,11.3200000484426,11.7900000873306,11.8700000939498,,11.7100000807113,11.7200000815387,11.7500000840209
2,24415190,A244_T_EN_C:T_EDGE_HI_VCCY_2.7000[1]/PIN5,n,S,,35.9999994259397,,,11.5200000649907,11.8700000939498,11.8200000898128,11.8200000898128,11.7700000856757,11.8800000947772,11.7300000823661,11.9200000980868,11.380000053407,11.850000092295,11.8800000947772,,11.7300000823661,11.7600000848483,11.7600000848483
2,24415190,A244_T_EN_C:T_EDGE_HI_VCCY_2.7000[1]/PIN7,n,S,,35.9999994259397,,,12.2800001278733,12.7400001659339,12.6700001601421,12.8000001708983,12.7900001700709,12.8500001750353,12.6300001568325,12.8800001775176,11.950000100569,12.6700001601421,12.8600001758628,,12.6300001568325,12.6000001543503,12.6900001617969
2,24415190,A244_T_EN_C:T_EDGE_HI_VCCY_2.7000[1]/PIN9,n,S,,35.9999994259397,,,12.0600001096705,12.5500001502132,12.4600001427666,12.5300001485584,12.5900001535229,12.6200001560051,12.4400001411118,12.6500001584873,11.7900000873306,12.4500001419392,12.6700001601421,,12.4100001386296,12.3800001361474,12.4300001402844
2,24415190,A244_T_EN_C:T_EDGE_HI_VCCY_2.7000[1]/PIN12,n,S,,35.9999994259397,,,12.3500001336652,12.8600001758628,12.8100001717257,12.8700001766902,12.9000001791724,12.890000178345,12.7100001634517,13.0000001874464,12.0200001063608,12.7700001684161,12.9200001808272,,12.6700001601421,12.6900001617969,12.7300001651065
2,24415190,A244_T_EN_C:T_EDGE_HI_VCCY_2.7000[1]/PIN14,n,S,,35.9999994259397,,,11.6000000716099,11.9800001030512,11.9200000980868,11.9200000980868,11.8600000931224,11.9300000989142,11.800000088158,11.9300000989142,11.4100000558892,11.9200000980868,12.000000104706,,11.7900000873306,11.7900000873306,11.8900000956046
2,24415190,A244_T_EN_C:T_EDGE_HI_VCCY_2.7000[1]/PIN16,n,S,,35.9999994259397,,,11.5100000641633,11.8400000914676,11.8400000914676,11.800000088158,11.7700000856757,11.8300000906402,11.7300000823661,11.8800000947772,11.3700000525796,11.8400000914676,11.8800000947772,,11.7200000815387,11.7500000840209,11.7800000865032
2,24415190,A244_T_EN_C:T_EDGE_HI_VCCY_2.7000[1]/PIN18,n,S,,35.9999994259397,,,11.4500000591988,11.8200000898128,11.7900000873306,11.7700000856757,11.7300000823661,11.7900000873306,11.7200000815387,11.8400000914676,11.2300000409959,11.7800000865032,11.8300000906402,,11.6800000782291,11.6900000790565,11.7300000823661
2,24415270,A244_T_EN_C:T_EDGE_LO_VCCY_2.7000[1]/PIN3,n,S,,35.9999994259397,,,11.3500000509248,11.7100000807113,11.7200000815387,11.6800000782291,11.6800000782291,11.7400000831935,11.6000000716099,11.7500000840209,11.1600000352041,11.6900000790565,11.7600000848483,,11.6000000716099,11.6200000732647,11.6600000765743
2,24415270,A244_T_EN_C:T_EDGE_LO_VCCY_2.7000[1]/PIN5,n,S,,35.9999994259397,,,11.380000053407,11.7700000856757,11.7200000815387,11.7000000798839,11.6700000774017,11.7600000848483,11.6000000716099,11.800000088158,11.2200000401685,11.7200000815387,11.7600000848483,,11.6200000732647,11.6300000740921,11.6400000749195
2,24415270,A244_T_EN_C:T_EDGE_LO_VCCY_2.7000[1]/PIN7,n,S,,35.9999994259397,,,12.1100001138075,12.5900001535229,12.5300001485584,12.6400001576599,12.6300001568325,12.6900001617969,12.470000143594,12.7400001659339,11.7700000856757,12.520000147731,12.6900001617969,,12.470000143594,12.4300001402844,12.5300001485584
2,24415270,A244_T_EN_C:T_EDGE_LO_VCCY_2.7000[1]/PIN9,n,S,,35.9999994259397,,,11.900000096432,12.3900001369748,12.320000131183,12.37000013532,12.420000139457,12.4500001419392,12.2600001262185,12.4800001444214,11.6200000732647,12.2800001278733,12.5000001460762,,12.2500001253911,12.2200001229089,12.2800001278733
2,24415270,A244_T_EN_C:T_EDGE_LO_VCCY_2.7000[1]/PIN12,n,S,,35.9999994259397,,,12.2200001229089,12.7400001659339,12.7000001626243,12.7500001667613,12.7800001692435,12.7800001692435,12.5900001535229,12.8800001775176,11.900000096432,12.6600001593147,12.8000001708983,,12.570000151868,12.6000001543503,12.6200001560051
2,24415270,A244_T_EN_C:T_EDGE_LO_VCCY_2.7000[1]/PIN14,n,S,,35.9999994259397,,,11.5000000633358,11.8900000956046,11.8300000906402,11.8300000906402,11.7800000865032,11.850000092295,11.7100000807113,11.850000092295,11.2900000459604,11.8200000898128,11.9100000972594,,11.6900000790565,11.7000000798839,11.7900000873306
2,24415270,A244_T_EN_C:T_EDGE_LO_VCCY_2.7000[1]/PIN16,n,S,,35.9999994259397,,,11.430000057544,11.7800000865032,11.7700000856757,11.7300000823661,11.7100000807113,11.7700000856757,11.6600000765743,11.8300000906402,11.280000045133,11.7600000848483,11.800000088158,,11.6500000757469,11.6800000782291,11.7000000798839
2,24415270,A244_T_EN_C:T_EDGE_LO_VCCY_2.7000[1]/PIN18,n,S,,35.9999994259397,,,11.4100000558892,11.7800000865032,11.7700000856757,11.7500000840209,11.7200000815387,11.7500000840209,11.6800000782291,11.8100000889854,11.2000000385137,11.7500000840209,11.800000088158,,11.6500000757469,11.6600000765743,11.6900000790565
2,24415200,A244_T_EN_C:T_EDGE_HI_VCCY_2.3000[1]/PIN3,n,S,,35.9999994259397,,,13.1300001982027,13.5700002346084,13.5700002346084,13.5200002304714,13.5300002312988,13.6000002370906,13.4200002221974,13.6200002387454,12.9300001816546,13.560000233781,13.610000237918,,13.4400002238522,13.460000225507,13.4900002279892
2,24415200,A244_T_EN_C:T_EDGE_HI_VCCY_2.3000[1]/PIN5,n,S,,35.9999994259397,,,13.2100002048219,13.660000242055,13.610000237918,13.610000237918,13.5500002329536,13.6800002437099,13.4800002271618,13.7200002470195,13.040000190756,13.6400002404002,13.6500002412276,,13.5200002304714,13.5500002329536,13.5200002304714
2,24415200,A244_T_EN_C:T_EDGE_HI_VCCY_2.3000[1]/PIN7,n,S,,35.9999994259397,,,13.9900002693594,14.600000319831,14.5200003132118,14.6700003256228,14.650000323968,14.7400003314146,14.4500003074199,14.7900003355517,13.6300002395728,14.5300003140392,14.7100003289324,,14.4800003099022,14.4400003065925,14.5200003132118
2,24415200,A244_T_EN_C:T_EDGE_HI_VCCY_2.3000[1]/PIN9,n,S,,35.9999994259397,,,13.8100002544661,14.4300003057651,14.3300002974911,14.4000003032829,14.4600003082473,14.5100003123844,14.2900002941815,14.5400003148666,13.510000229644,14.3200002966637,14.5300003140392,,14.2800002933541,14.2400002900445,14.2700002925267
2,24415200,A244_T_EN_C:T_EDGE_HI_VCCY_2.3000[1]/PIN12,n,S,,35.9999994259397,,,14.080000276806,14.7300003305872,14.6700003256228,14.7300003305872,14.7500003322421,14.7500003322421,14.5200003132118,14.8900003438257,13.7300002478469,14.6300003223132,14.7500003322421,,14.5100003123844,14.5200003132118,14.5300003140392
2,24415200,A244_T_EN_C:T_EDGE_HI_VCCY_2.3000[1]/PIN14,n,S,,35.9999994259397,,,13.2200002056493,13.7200002470195,13.6400002404002,13.6500002412276,13.5700002346084,13.660000242055,13.4900002279892,13.660000242055,13.0200001891012,13.660000242055,13.7200002470195,,13.5000002288166,13.510000229644,13.5800002354358
2,24415200,A244_T_EN_C:T_EDGE_HI_VCCY_2.3000[1]/PIN16,n,S,,35.9999994259397,,,13.1200001973752,13.560000233781,13.560000233781,13.4900002279892,13.460000225507,13.560000233781,13.41000022137,13.6000002370906,12.9800001857916,13.5700002346084,13.5700002346084,,13.41000022137,13.460000225507,13.4800002271618
2,24415200,A244_T_EN_C:T_EDGE_HI_VCCY_2.3000[1]/PIN18,n,S,,35.9999994259397,,,13.090000194893,13.5500002329536,13.5200002304714,13.4900002279892,13.4400002238522,13.5200002304714,13.41000022137,13.560000233781,12.8400001742079,13.5300002312988,13.5400002321262,,13.4000002205426,13.41000022137,13.4200002221974
2,24415280,A244_T_EN_C:T_EDGE_LO_VCCY_2.3000[1]/PIN3,n,S,,35.9999994259397,,,13.1000001957204,13.5400002321262,13.5300002312988,13.460000225507,13.4800002271618,13.5400002321262,13.3600002172329,13.5500002329536,12.890000178345,13.5200002304714,13.5500002329536,,13.3900002197151,13.4200002221974,13.4400002238522
2,24415280,A244_T_EN_C:T_EDGE_LO_VCCY_2.3000[1]/PIN5,n,S,,35.9999994259397,,,13.1900002031671,13.6700002428825,13.6300002395728,13.6000002370906,13.5700002346084,13.6800002437099,13.4800002271618,13.7200002470195,13.0000001874464,13.6400002404002,13.6500002412276,,13.5200002304714,13.5300002312988,13.5300002312988
2,24415280,A244_T_EN_C:T_EDGE_LO_VCCY_2.3000[1]/PIN7,n,S,,35.9999994259397,,,13.8900002610853,14.4800003099022,14.4200003049377,14.5300003140392,14.5200003132118,14.600000319831,14.3400002983185,14.6400003231406,13.5200002304714,14.4400003065925,14.5600003165214,,14.3600002999733,14.3200002966637,14.4000003032829
2,24415280,A244_T_EN_C:T_EDGE_LO_VCCY_2.3000[1]/PIN9,n,S,,35.9999994259397,,,13.7400002486743,14.3400002983185,14.2700002925267,14.3300002974911,14.3600002999733,14.4000003032829,14.18000028508,14.4400003065925,13.4300002230248,14.2500002908719,14.4200003049377,,14.1900002859074,14.1500002825978,14.1900002859074
2,24415280,A244_T_EN_C:T_EDGE_LO_VCCY_2.3000[1]/PIN12,n,S,,35.9999994259397,,,14.0400002734964,14.6700003256228,14.650000323968,14.6700003256228,14.700000328105,14.700000328105,14.4700003090747,14.8200003380339,13.6900002445373,14.5900003190036,14.700000328105,,14.4700003090747,14.500000311557,14.500000311557
2,24415280,A244_T_EN_C:T_EDGE_LO_VCCY_2.3000[1]/PIN14,n,S,,35.9999994259397,,,13.2200002056493,13.7200002470195,13.660000242055,13.6500002412276,13.5900002362632,13.6700002428825,13.5000002288166,13.660000242055,12.9800001857916,13.6500002412276,13.7100002461921,,13.5000002288166,13.510000229644,13.5900002362632
2,24415280,A244_T_EN_C:T_EDGE_LO_VCCY_2.3000[1]/PIN16,n,S,,35.9999994259397,,,13.1400001990301,13.5800002354358,13.5800002354358,13.5000002288166,13.4800002271618,13.5500002329536,13.41000022137,13.610000237918,12.9800001857916,13.5700002346084,13.5700002346084,,13.4400002238522,13.4700002263344,13.4700002263344
2,24415280,A244_T_EN_C:T_EDGE_LO_VCCY_2.3000[1]/PIN18,n,S,,35.9999994259397,,,13.1300001982027,13.5700002346084,13.5700002346084,13.5300002312988,13.5000002288166,13.5400002321262,13.4400002238522,13.5900002362632,12.890000178345,13.560000233781,13.5700002346084,,13.4400002238522,13.4500002246796,13.4500002246796
2,24415210,A244_T_EN_C:T_EDGE_HI_VCCY_1.9500[1]/PIN3,n,S,,48.0000004188241,,,15.6100004033988,16.1700004497334,16.1700004497334,16.1300004464238,16.1500004480786,16.210000453043,15.9799995458343,16.2399995673468,15.3799994961901,16.1999995640372,16.1799995623824,,16.0599995524535,16.0799995541083,16.0500004398045
2,24415210,A244_T_EN_C:T_EDGE_HI_VCCY_1.9500[1]/PIN5,n,S,,48.0000004188241,,,15.7199995243218,16.3399995756208,16.2700004580074,16.2999995723112,16.219999565692,16.3900004679363,16.1300004464238,16.4199995822401,15.5399995094285,16.3500004646266,16.2900004596622,,16.210000453043,16.2399995673468,16.1700004497334
2,24415210,A244_T_EN_C:T_EDGE_HI_VCCY_1.9500[1]/PIN7,n,S,,48.0000004188241,,,16.6599996020977,17.4799996699448,17.3900005506766,17.5999996798737,17.5300005622603,17.6900005754987,17.2700005407478,17.7500005804632,16.2300004546978,17.4399996666352,17.5799996782189,,17.3999996633256,17.3399996583612,17.3900005506766
2,24415210,A244_T_EN_C:T_EDGE_HI_VCCY_1.9500[1]/PIN9,n,S,,48.0000004188241,,,16.5100004778651,17.350000547367,17.2100005357834,17.3100005440574,17.359999660016,17.4399996666352,17.1300005291641,17.45999966829,16.1799995623824,17.250000539093,17.4100005523314,,17.1799996451227,17.1599996434679,17.0999996385035
2,24415210,A244_T_EN_C:T_EDGE_HI_VCCY_1.9500[1]/PIN12,n,S,,48.0000004188241,,,16.7700004993776,17.6700005738439,17.6199996815285,17.6599996848381,17.6799996864929,17.6799996864929,17.3399996583612,17.879999703041,16.3700004662815,17.5999996798737,17.6199996815285,,17.3799996616708,17.4399996666352,17.3399996583612
2,24415210,A244_T_EN_C:T_EDGE_HI_VCCY_1.9500[1]/PIN14,n,S,,48.0000004188241,,,15.6599995193574,16.3500004646266,16.2700004580074,16.2799995706564,16.1700004497334,16.2900004596622,16.0500004398045,16.2799995706564,15.4300003885055,16.2999995723112,16.310000461317,,16.110000444769,16.110000444769,16.1500004480786
2,24415210,A244_T_EN_C:T_EDGE_HI_VCCY_1.9500[1]/PIN16,n,S,,48.0000004188241,,,15.5500003984343,16.1700004497334,16.1599995607276,16.0700004414593,16.0300004381497,16.1599995607276,15.9500004315305,16.210000453043,15.4100003868507,16.1999995640372,16.1399995590727,,15.9999995474891,16.0599995524535,16.0399995507987
2,24415210,A244_T_EN_C:T_EDGE_HI_VCCY_1.9500[1]/PIN18,n,S,,48.0000004188241,,,15.5199995077737,16.1300004464238,16.1199995574179,16.0700004414593,16.0100004364949,16.110000444769,15.9399995425247,16.1599995607276,15.270000375267,16.1500004480786,16.0799995541083,,15.9900004348401,15.9900004348401,15.9599995441795
2,24415290,A244_T_EN_C:T_EDGE_LO_VCCY_1.9500[1]/PIN3,n,S,,48.0000004188241,,,15.7500004149824,16.4100004695911,16.3700004662815,16.2900004596622,16.319999573966,16.4100004695911,16.110000444769,16.4100004695911,15.4900003934699,16.3999995805852,16.3500004646266,,16.2300004546978,16.2500004563526,16.2500004563526
2,24415290,A244_T_EN_C:T_EDGE_LO_VCCY_1.9500[1]/PIN5,n,S,,48.0000004188241,,,15.8399995342506,16.5399995921689,16.4900004762103,16.4799995872045,16.4300004712459,16.5799995954785,16.2700004580074,16.6100004861391,15.6199995160478,16.5300004795199,16.4799995872045,,16.3799995789304,16.3900004679363,16.3500004646266
2,24415290,A244_T_EN_C:T_EDGE_LO_VCCY_1.9500[1]/PIN7,n,S,,48.0000004188241,,,16.7100004944132,17.4799996699448,17.4199996649804,17.5500005639151,17.5100005606055,17.6199996815285,17.2999996550516,17.6799996864929,16.2500004563526,17.4700005572959,17.5300005622603,,17.3799996616708,17.3199996567064,17.3700005490218
2,24415290,A244_T_EN_C:T_EDGE_LO_VCCY_1.9500[1]/PIN9,n,S,,48.0000004188241,,,16.5599995938237,17.3799996616708,17.2700005407478,17.3199996567064,17.3700005490218,17.4199996649804,17.1199996401583,17.4500005556411,16.1799995623824,17.250000539093,17.3999996633256,,17.1999996467775,17.1399996418131,17.1399996418131
2,24415290,A244_T_EN_C:T_EDGE_LO_VCCY_1.9500[1]/PIN12,n,S,,48.0000004188241,,,16.8900005093064,17.7399996914573,17.7399996914573,17.7300005788084,17.7500005804632,17.7599996931121,17.4500005556411,17.9199997063506,16.4399995838949,17.6599996848381,17.6900005754987,,17.4799996699448,17.5700005655699,17.4799996699448
2,24415290,A244_T_EN_C:T_EDGE_LO_VCCY_1.9500[1]/PIN14,n,S,,48.0000004188241,,,15.8399995342506,16.5599995938237,16.5100004778651,16.4900004762103,16.4100004695911,16.5199995905141,16.2500004563526,16.5100004778651,15.5399995094285,16.4900004762103,16.5100004778651,,16.319999573966,16.319999573966,16.3599995772756
2,24415290,A244_T_EN_C:T_EDGE_LO_VCCY_1.9500[1]/PIN16,n,S,,48.0000004188241,,,15.7500004149824,16.4100004695911,16.4100004695911,16.2900004596622,16.2599995690016,16.3500004646266,16.1500004480786,16.4399995838949,15.5599995110833,16.4100004695911,16.3500004646266,,16.219999565692,16.2599995690016,16.2300004546978
2,24415290,A244_T_EN_C:T_EDGE_LO_VCCY_1.9500[1]/PIN18,n,S,,48.0000004188241,,,15.790000418292,16.4399995838949,16.4399995838949,16.3700004662815,16.3300004629718,16.3900004679363,16.210000453043,16.4500004729007,15.4999995061189,16.4399995838949,16.3700004662815,,16.2700004580074,16.2799995706564,16.2300004546978
2,24415220,A244_T_EN_C:T_EDGE_HI_VCCY_1.6500[1]/PIN3,n,S,,48.0000004188241,,,19.7999998619025,20.7799999429881,20.7700008303391,20.7500008286843,20.7999999446429,20.8799999512621,20.3799999098919,20.990000848542,19.5100007260862,20.8799999512621,20.6900008237199,,20.670000822065,20.7100008253747,20.5500008121362
2,24415220,A244_T_EN_C:T_EDGE_HI_VCCY_1.6500[1]/PIN5,n,S,,48.0000004188241,,,19.950000762492,21.0100008501968,20.8900008402679,21.0300008518516,20.8500008369583,21.2100008667448,20.6100008171006,21.3199999876679,19.7999998619025,21.19000086509,20.8599999496073,,20.9100008419227,20.9799999595361,20.679999934714
2,24415220,A244_T_EN_C:T_EDGE_HI_VCCY_1.6500[1]/PIN7,n,S,,48.0000004188241,,,21.7400000224188,23.6600001812803,23.5400001713515,23.7600001895544,23.5800001746611,23.9800002077573,23.180000141565,24.009999322061,21.3300008766737,23.8600001978284,23.6600001812803,,23.6699992939293,23.7200001862448,23.4000001597678
2,24415220,A244_T_EN_C:T_EDGE_HI_VCCY_1.6500[1]/PIN9,n,S,,48.0000004188241,,,21.4300008849477,23.2400001465294,22.9200001200525,23.0499992426303,23.0800001332909,23.2600001481842,22.6499992095341,23.2299992575236,21.1199999711198,23.2699992608332,23.0400001299813,,23.0400001299813,22.9699992360111,22.5800000919207
2,24415220,A244_T_EN_C:T_EDGE_HI_VCCY_1.6500[1]/PIN12,n,S,,48.0000004188241,,,21.9000000356573,23.9699993187514,23.809999305513,23.8600001978284,23.7899993038582,23.8699993104774,23.1200001366005,24.1899993369543,21.4399999975967,24.0699993270255,23.6699992939293,,23.5499992840005,23.7499993005486,23.2400001465294
2,24415220,A244_T_EN_C:T_EDGE_HI_VCCY_1.6500[1]/PIN14,n,S,,48.0000004188241,,,19.7300007442891,21.0100008501968,20.8599999496073,20.9300008435775,20.7500008286843,20.9100008419227,20.479999918166,20.9199999545717,19.4700007227766,20.999999961191,20.8500008369583,,20.6900008237199,20.7100008253747,20.6300008187554
2,24415220,A244_T_EN_C:T_EDGE_HI_VCCY_1.6500[1]/PIN16,n,S,,48.0000004188241,,,19.6599998503189,20.6900008237199,20.6900008237199,20.5500008121362,20.5100008088266,20.670000822065,20.3100007922785,20.7799999429881,19.5500007293958,20.8300008353035,20.5900008154458,,20.4900008071718,20.6100008171006,20.4399999148563
2,24415220,A244_T_EN_C:T_EDGE_HI_VCCY_1.6500[1]/PIN18,n,S,,48.0000004188241,,,19.6900007409795,20.7399999396785,20.7199999380236,20.6199999297496,20.5199999214756,20.7199999380236,20.3799999098919,20.7500008286843,19.4100007178122,20.8300008353035,20.570000813791,,20.5399999231304,20.5599999247852,20.3399999065823
2,24415300,A244_T_EN_C:T_EDGE_LO_VCCY_1.6500[1]/PIN3,n,S,,48.0000004188241,,,21.2500008700545,21.9499991516159,21.9600000406217,21.6499991267938,21.8099991400322,21.8600000323477,21.4300008849477,21.7800000257284,20.7199999380236,21.9499991516159,21.62000001249,,21.729999133413,21.7800000257284,21.7000000191092
2,24415300,A244_T_EN_C:T_EDGE_LO_VCCY_1.6500[1]/PIN5,n,S,,48.0000004188241,,,21.3500008783285,23.0499992426303,23.0099992393207,22.340000072063,22.2800000670986,22.6000000935755,21.9200000373121,22.4800000836467,21.1300008601256,23.1600001399102,22.0200000455861,,22.4899991962957,22.3699991863668,22.1699991698188
2,24415300,A244_T_EN_C:T_EDGE_LO_VCCY_1.6500[1]/PIN7,n,S,,48.0000004188241,,,22.6499992095341,23.909999313787,23.8800001994832,23.8800001994832,23.7299992988937,23.9800002077573,23.5600001730063,24.0200002110669,22.0499991598899,23.9800002077573,23.7200001862448,,23.7800001912092,23.6899992955841,23.6200001779707
2,24415300,A244_T_EN_C:T_EDGE_LO_VCCY_1.6500[1]/PIN9,n,S,,48.0000004188241,,,22.2600000654438,23.7400001878996,23.6600001812803,23.4699992773812,23.5600001730063,23.5299992823457,23.1099992475947,23.5600001730063,21.6800000174544,23.6099992889649,23.4099992724168,,23.5099992806909,23.4000001597678,23.3099992641428
2,24415300,A244_T_EN_C:T_EDGE_LO_VCCY_1.6500[1]/PIN12,n,S,,48.0000004188241,,,22.869999227737,24.2600002309246,24.3000002342342,24.1200002193409,24.0899993286803,24.1400002209957,23.5899992873101,24.2699993435735,22.3099991814024,24.2099993386091,23.8600001978284,,23.909999313787,24.0800002160313,23.7699993022034
2,24415300,A244_T_EN_C:T_EDGE_LO_VCCY_1.6500[1]/PIN14,n,S,,48.0000004188241,,,21.8600000323477,23.2000001432198,23.2000001432198,22.9800001250169,22.7899992211178,22.9699992360111,22.6000000935755,22.769999219463,20.6300008187554,23.2000001432198,22.6499992095341,,22.869999227737,22.8200001117784,22.769999219463
2,24415300,A244_T_EN_C:T_EDGE_LO_VCCY_1.6500[1]/PIN16,n,S,,48.0000004188241,,,21.3100008750189,22.5099991979505,22.4499991929861,22.0099991565803,21.9400000389669,22.0000000439313,21.7699991367226,22.1299991665092,21.0500008535064,22.8800001167428,21.8899991466515,,22.0699991615447,22.1000000522054,21.9699991532707
2,24415300,A244_T_EN_C:T_EDGE_LO_VCCY_1.6500[1]/PIN18,n,S,,48.0000004188241,,,21.3500008783285,22.7400001051592,22.7299992161534,22.3299991830572,22.3800000753727,22.2600000654438,21.9800000422765,22.2299991747832,20.8700008386131,23.1099992475947,21.9400000389669,,22.240000063789,22.3099991814024,22.0000000439313
2,24419782,A244_T_EN_C:T_EDGE_HI_VCCY_1.4000[1]/PIN3,n,S,,61.9999980244756,,,32.3000008961571,34.5599993067935,34.4600010748763,34.5300001924898,34.4799993001743,34.7099984310262,33.7499983515954,34.829998440955,31.9999990949782,34.8699984442646,34.1599992736974,,34.3999992935551,34.5499984177877,33.9199992538397
2,24419782,A244_T_EN_C:T_EDGE_HI_VCCY_1.4000[1]/PIN5,n,S,,61.9999980244756,,,32.3300000104609,34.6399993134128,34.4500001858705,34.7099984310262,34.500001078186,34.8200011046629,33.8100001329167,34.8900002222763,32.2399991148359,34.9800011179013,34.2799992836262,,34.5700001957994,34.7499984343358,34.0699983780723
2,24419782,A244_T_EN_C:T_EDGE_HI_VCCY_1.4000[1]/PIN7,n,S,,61.9999980244756,,,32.5099982489974,34.9400011145917,34.6900002057282,34.9999993431993,34.7599993233416,35.130000242134,34.1199992703878,35.220001137759,32.3199991214551,35.2799993663666,34.6600010914244,,34.8799993332705,35.0500002355147,34.3400010649475
2,24419782,A244_T_EN_C:T_EDGE_HI_VCCY_1.4000[1]/PIN9,n,S,,61.9999980244756,,,32.5899982556166,34.8699984442646,34.5999993101032,34.9300002255859,34.6600010914244,34.9899984541935,34.0399992637686,34.9700002288955,32.2699982291397,35.1700002454436,34.4799993001743,,34.7599993233416,34.8200011046629,34.199999277007
2,24419782,A244_T_EN_C:T_EDGE_HI_VCCY_1.4000[1]/PIN12,n,S,,61.9999980244756,,,32.7000009292533,35.1700002454436,34.9099984475743,35.0600011245206,34.9300002255859,35.2100002487532,34.0799992670782,35.3999993762955,32.4299982423781,35.3999993762955,34.719999320032,,34.8600011079725,35.0699984608127,34.3400010649475
2,24419782,A244_T_EN_C:T_EDGE_HI_VCCY_1.4000[1]/PIN14,n,S,,61.9999980244756,,,32.0799991015974,34.4600010748763,34.2299983913108,34.4299984078589,34.1700001627032,34.6299984244069,33.5599992240532,34.719999320032,31.9800008696802,34.7499984343358,34.199999277007,,34.30999839793,34.4699984111685,33.8600010252321
2,24419782,A244_T_EN_C:T_EDGE_HI_VCCY_1.4000[1]/PIN16,n,S,,61.9999980244756,,,32.1000008796091,34.5300001924898,34.30999839793,34.500001078186,34.3300001759417,34.7300002090378,33.7000010119937,34.8100002156571,32.0499999872936,34.8399993299608,34.2200010550187,,34.3700001792513,34.6299984244069,33.8900001395359
2,24419782,A244_T_EN_C:T_EDGE_HI_VCCY_1.4000[1]/PIN18,n,S,,61.9999980244756,,,31.9299999773648,34.3599992902455,34.1700001627032,34.2500001693224,34.1199992703878,34.4500001858705,33.5999992273628,34.5700001957994,31.7299999608167,34.6500002024186,33.9999992604589,,34.1300001593936,34.2699983946204,33.6100001163686
2,24419784,A244_T_EN_C:T_EDGE_LO_VCCY_1.4000[1]/PIN3,n,S,,61.9999980244756,,,43.459998266826,45.1700010728473,45.0599983992106,44.9300010529896,45.0699992882164,45.1300010695377,44.3099992253337,45.0599983992106,42.8500008808896,45.3099993080741,44.589999248501,,45.0599983992106,45.1799984091394,44.7300010364415
2,24419784,A244_T_EN_C:T_EDGE_LO_VCCY_1.4000[1]/PIN5,n,S,,61.9999980244756,,,43.760000068005,45.629999334551,45.5799984422356,45.539998438926,45.3700010893954,45.6599984488548,44.9600001672934,45.5899993312414,43.5200000481473,45.8299993510991,45.0699992882164,,45.5600002169376,45.5899993312414,45.1899992981453
2,24419784,A244_T_EN_C:T_EDGE_LO_VCCY_1.4000[1]/PIN7,n,S,,61.9999980244756,,,45.2999984190683,47.0500012283992,46.9899994470779,47.170001238328,47.0000003360838,47.2800003592511,46.6100011919934,47.2800003592511,44.6199983628048,47.299998584549,46.7600003162261,,47.170001238328,47.0299994503875,46.7700012052319
2,24419784,A244_T_EN_C:T_EDGE_LO_VCCY_1.4000[1]/PIN9,n,S,,61.9999980244756,,,44.8599983826625,46.7700012052319,46.6199985282856,46.6800003096068,46.6800003096068,46.7600003162261,46.0999984852606,46.6400003062972,44.2699992220241,46.8299994338395,46.3200002798203,,46.7200003129165,46.650001195303,46.2100011588973
2,24419784,A244_T_EN_C:T_EDGE_LO_VCCY_1.4000[1]/PIN12,n,S,,61.9999980244756,,,45.4800002103184,47.3300012515665,47.3899994801741,47.2900012482569,47.2400003559414,47.2699994702452,46.560000299678,47.490001264805,44.8299992683587,47.3799985911683,46.6999985349048,,47.0500012283992,47.2900012482569,46.6800003096068
2,24419784,A244_T_EN_C:T_EDGE_LO_VCCY_1.4000[1]/PIN14,n,S,,61.9999980244756,,,44.0199983131606,45.9600002500338,45.8599984654029,45.8599984654029,45.6900011158723,45.8100011258011,45.1300010695377,45.6199984455452,43.440000041528,45.9899993643376,45.3799984256875,,45.7399984554741,45.6699993378606,45.4199984289971
2,24419784,A244_T_EN_C:T_EDGE_LO_VCCY_1.4000[1]/PIN16,n,S,,61.9999980244756,,,43.4199982635164,45.2800001937703,45.2599984157587,45.0400001739126,44.9399983892818,45.0599983992106,44.5600001341973,45.1600001838415,43.2100009106762,45.520000213628,44.7600001507453,,45.0800001772222,45.2000001871511,44.7499992617395
2,24419784,A244_T_EN_C:T_EDGE_LO_VCCY_1.4000[1]/PIN18,n,S,,61.9999980244756,,,43.5200000481473,45.3300010860858,45.3200001970799,45.1600001838415,45.109999291526,45.2199984124491,44.6900010331319,45.0900010662281,42.9899991161165,45.629999334551,44.6999983694241,,45.1600001838415,45.2100010761569,44.6400001408165
2,24415310,A244_T_DIS_C:T_EDGE_HI_VCCY_5.5000[1]/PIN12,n,S,,19.9999998784506,,,8.86999984572867,9.29999988130703,9.27999987965222,9.37999988792626,9.37999988792626,9.42999989206328,9.25999987799742,9.44999989371809,8.55999982007916,9.2099998738604,9.4899998970277,,9.2099998738604,9.14999986889597,9.27999987965222
2,24415310,A244_T_DIS_C:T_EDGE_HI_VCCY_5.5000[1]/PIN14,n,S,,19.9999998784506,,,7.64999974478542,7.88999976464311,7.8599997621609,7.8799997638157,7.8599997621609,7.89999976547051,7.83999976050609,7.94999976960753,7.46999972989215,7.82999975967869,7.99999977374455,,7.81999975885128,7.80999975802388,7.8699997629883
2,24415310,A244_T_DIS_C:T_EDGE_HI_VCCY_5.5000[1]/PIN16,n,S,,19.9999998784506,,,7.69999974892244,7.90999976629791,7.90999976629791,7.90999976629791,7.91999976712532,7.96999977126234,7.8699997629883,7.95999977043493,7.49999973237436,7.8799997638157,7.99999977374455,,7.81999975885128,7.81999975885128,7.93999976878013
2,24415310,A244_T_DIS_C:T_EDGE_HI_VCCY_5.5000[1]/PIN18,n,S,,19.9999998784506,,,7.72999975140465,7.96999977126234,7.90999976629791,7.97999977208974,7.98999977291714,8.00999977457195,7.92999976795272,8.04999977788157,7.54999973651138,7.8799997638157,8.06999977953637,,7.8599997621609,7.83999976050609,7.93999976878013
2,24415310,A244_T_DIS_C:T_EDGE_HI_VCCY_5.5000[1]/PIN3,n,S,,19.9999998784506,,,7.6099997414758,7.78999975636907,7.77999975554167,7.84999976133349,7.8599997621609,7.89999976547051,7.78999975636907,7.90999976629791,7.41000016901694,7.76999975471426,7.93999976878013,,7.71999975057724,7.72999975140465,7.79999975719647
2,24415310,A244_T_DIS_C:T_EDGE_HI_VCCY_5.5000[1]/PIN5,n,S,,19.9999998784506,,,7.46999972989215,7.68999974809503,7.68999974809503,7.70999974974984,7.73999975223205,7.71999975057724,7.69999974892244,7.75999975388686,7.28000015826069,7.67999974726763,7.80999975802388,,7.62999974313061,7.64999974478542,7.68999974809503
2,24415310,A244_T_DIS_C:T_EDGE_HI_VCCY_5.5000[1]/PIN7,n,S,,19.9999998784506,,,8.73999983497242,9.15999986972338,9.14999986889597,9.25999987799742,9.29999988130703,9.29999988130703,9.10999986558636,9.34999988544405,8.4099998076681,9.08999986393155,9.41999989123588,,9.09999986475896,9.07999986310415,9.18999987220559
2,24415310,A244_T_DIS_C:T_EDGE_HI_VCCY_5.5000[1]/PIN9,n,S,,19.9999998784506,,,7.89999976547051,8.34999980270368,8.32999980104887,8.42999980932291,8.48999981428733,8.45999981180512,8.31999980022147,8.53999981842435,7.27000015743329,8.26999979608445,8.58999982256137,,8.28999979773926,8.25999979525704,8.35999980353108
2,24415390,A244_T_DIS_C:T_EDGE_LO_VCCY_5.5000[1]/PIN12,n,S,,19.9999998784506,,,8.99999985648492,9.41999989123588,9.40999989040847,9.50999989868251,9.52999990033732,9.56999990364693,9.38999988875366,9.58999990530174,8.6699998291806,9.33999988461665,9.63999990943876,,9.33999988461665,9.26999987882482,9.40999989040847
2,24415390,A244_T_DIS_C:T_EDGE_LO_VCCY_5.5000[1]/PIN14,n,S,,19.9999998784506,,,7.69999974892244,7.91999976712532,7.89999976547051,7.90999976629791,7.89999976547051,7.91999976712532,7.8799997638157,7.98999977291714,7.52999973485657,7.8799997638157,8.02999977622676,,7.8599997621609,7.84999976133349,7.90999976629791
2,24415390,A244_T_DIS_C:T_EDGE_LO_VCCY_5.5000[1]/PIN16,n,S,,19.9999998784506,,,7.68999974809503,7.8799997638157,7.8799997638157,7.88999976464311,7.89999976547051,7.94999976960753,7.83999976050609,7.93999976878013,7.47999973071956,7.84999976133349,7.96999977126234,,7.78999975636907,7.79999975719647,7.90999976629791
2,24415390,A244_T_DIS_C:T_EDGE_LO_VCCY_5.5000[1]/PIN18,n,S,,19.9999998784506,,,7.64999974478542,7.8799997638157,7.80999975802388,7.8799997638157,7.88999976464311,7.90999976629791,7.84999976133349,7.94999976960753,7.44000017149915,7.78999975636907,7.97999977208974,,7.76999975471426,7.73999975223205,7.84999976133349
2,24415390,A244_T_DIS_C:T_EDGE_LO_VCCY_5.5000[1]/PIN3,n,S,,19.9999998784506,,,7.65999974561282,7.83999976050609,7.83999976050609,7.91999976712532,7.90999976629791,7.95999977043493,7.8599997621609,7.96999977126234,7.45999972906475,7.81999975885128,7.99999977374455,,7.75999975388686,7.77999975554167,7.8599997621609
2,24415390,A244_T_DIS_C:T_EDGE_LO_VCCY_5.5000[1]/PIN5,n,S,,19.9999998784506,,,7.57999973899359,7.77999975554167,7.77999975554167,7.79999975719647,7.83999976050609,7.79999975719647,7.78999975636907,7.8599997621609,7.38000016653473,7.76999975471426,7.89999976547051,,7.70999974974984,7.73999975223205,7.76999975471426
2,24415390,A244_T_DIS_C:T_EDGE_LO_VCCY_5.5000[1]/PIN7,n,S,,19.9999998784506,,,8.9599998531753,9.36999988709886,9.35999988627145,9.4799998962003,9.52999990033732,9.51999989950991,9.33999988461665,9.58999990530174,8.61999982504358,9.29999988130703,9.64999991026616,,9.31999988296184,9.28999988047963,9.40999989040847
2,24415390,A244_T_DIS_C:T_EDGE_LO_VCCY_5.5000[1]/PIN9,n,S,,19.9999998784506,,,8.42999980932291,8.75999983662723,8.72999983414502,8.81999984159165,8.86999984572867,8.84999984407386,8.70999983249021,8.91999984986569,8.18999978946522,8.679999830008,8.97999985483011,,8.6899998308354,8.65999982835319,8.75999983662723
2,24415320,A244_T_DIS_C:T_EDGE_HI_VCCY_4.5000[1]/PIN12,n,S,,19.9999998784506,,,9.08999986393155,9.54999990199212,9.51999989950991,9.62999990861135,9.62999990861135,9.67999991274837,9.4899998970277,9.69999991440318,8.76999983745463,9.45999989454549,9.73999991771279,,9.44999989371809,9.37999988792626,9.50999989868251
2,24415320,A244_T_DIS_C:T_EDGE_HI_VCCY_4.5000[1]/PIN14,n,S,,19.9999998784506,,,7.92999976795272,8.17999978863782,8.1499997861556,8.16999978781041,8.15999978698301,8.18999978946522,8.11999978367339,8.23999979360224,7.73999975223205,8.1299997845008,8.27999979691185,,8.09999978201859,8.09999978201859,8.1499997861556
2,24415320,A244_T_DIS_C:T_EDGE_HI_VCCY_4.5000[1]/PIN16,n,S,,19.9999998784506,,,7.95999977043493,8.18999978946522,8.17999978863782,8.18999978946522,8.19999979029262,8.24999979442964,8.1499997861556,8.23999979360224,7.74999975305946,8.1499997861556,8.27999979691185,,8.08999978119118,8.08999978119118,8.20999979112003
2,24415320,A244_T_DIS_C:T_EDGE_HI_VCCY_4.5000[1]/PIN18,n,S,,19.9999998784506,,,7.98999977291714,8.24999979442964,8.17999978863782,8.24999979442964,8.25999979525704,8.26999979608445,8.18999978946522,8.30999979939406,7.79999975719647,8.15999978698301,8.32999980104887,,8.1299997845008,8.10999978284599,8.20999979112003
2,24415320,A244_T_DIS_C:T_EDGE_HI_VCCY_4.5000[1]/PIN3,n,S,,19.9999998784506,,,7.83999976050609,8.04999977788157,8.02999977622676,8.08999978119118,8.10999978284599,8.1499997861556,8.03999977705416,8.15999978698301,7.64999974478542,8.01999977539936,8.17999978863782,,7.95999977043493,7.96999977126234,8.04999977788157
2,24415320,A244_T_DIS_C:T_EDGE_HI_VCCY_4.5000[1]/PIN5,n,S,,19.9999998784506,,,7.71999975057724,7.94999976960753,7.94999976960753,7.96999977126234,7.99999977374455,7.97999977208974,7.95999977043493,8.02999977622676,7.51999973402917,7.93999976878013,8.06999977953637,,7.8699997629883,7.89999976547051,7.93999976878013
2,24415320,A244_T_DIS_C:T_EDGE_HI_VCCY_4.5000[1]/PIN7,n,S,,19.9999998784506,,,8.91999984986569,9.35999988627145,9.35999988627145,9.46999989537289,9.50999989868251,9.51999989950991,9.29999988130703,9.56999990364693,8.59999982338877,9.28999988047963,9.62999990861135,,9.29999988130703,9.27999987965222,9.38999988875366
2,24415320,A244_T_DIS_C:T_EDGE_HI_VCCY_4.5000[1]/PIN9,n,S,,19.9999998784506,,,8.31999980022147,8.6899998308354,8.679999830008,8.75999983662723,8.80999984076425,8.78999983910944,8.63999982669839,8.85999984490127,8.09999978201859,8.61999982504358,8.91999984986569,,8.61999982504358,8.58999982256137,8.6899998308354
2,24415400,A244_T_DIS_C:T_EDGE_LO_VCCY_4.5000[1]/PIN12,n,S,,19.9999998784506,,,9.18999987220559,9.63999990943876,9.61999990778395,9.70999991523058,9.72999991688539,9.77999992102241,9.58999990530174,9.79999992267722,8.84999984407386,9.54999990199212,9.83999992598683,,9.53999990116472,9.45999989454549,9.60999990695655
2,24415400,A244_T_DIS_C:T_EDGE_LO_VCCY_4.5000[1]/PIN14,n,S,,19.9999998784506,,,7.94999976960753,8.17999978863782,8.1499997861556,8.15999978698301,8.1499997861556,8.16999978781041,8.11999978367339,8.25999979525704,7.76999975471426,8.1399997853282,8.26999979608445,,8.09999978201859,8.08999978119118,8.1499997861556
2,24415400,A244_T_DIS_C:T_EDGE_LO_VCCY_4.5000[1]/PIN16,n,S,,19.9999998784506,,,7.93999976878013,8.1499997861556,8.1499997861556,8.1499997861556,8.15999978698301,8.20999979112003,8.09999978201859,8.19999979029262,7.71999975057724,8.10999978284599,8.23999979360224,,8.04999977788157,8.04999977788157,8.16999978781041
2,24415400,A244_T_DIS_C:T_EDGE_LO_VCCY_4.5000[1]/PIN18,n,S,,19.9999998784506,,,7.90999976629791,8.15999978698301,8.08999978119118,8.1499997861556,8.15999978698301,8.17999978863782,8.11999978367339,8.21999979194743,7.69999974892244,8.06999977953637,8.24999979442964,,8.02999977622676,8.00999977457195,8.11999978367339
2,24415400,A244_T_DIS_C:T_EDGE_LO_VCCY_4.5000[1]/PIN3,n,S,,19.9999998784506,,,7.8799997638157,8.05999977870897,8.06999977953637,8.1399997853282,8.1399997853282,8.18999978946522,8.08999978119118,8.19999979029262,7.67999974726763,8.05999977870897,8.21999979194743,,7.98999977291714,8.00999977457195,8.07999978036378
2,24415400,A244_T_DIS_C:T_EDGE_LO_VCCY_4.5000[1]/PIN5,n,S,,19.9999998784506,,,7.78999975636907,7.99999977374455,8.00999977457195,8.02999977622676,8.04999977788157,8.02999977622676,8.00999977457195,8.07999978036378,7.57999973899359,7.99999977374455,8.1299997845008,,7.92999976795272,7.95999977043493,7.99999977374455
2,24415400,A244_T_DIS_C:T_EDGE_LO_VCCY_4.5000[1]/PIN7,n,S,,19.9999998784506,,,9.08999986393155,9.52999990033732,9.52999990033732,9.62999990861135,9.68999991357578,9.67999991274837,9.4799998962003,9.7499999185402,8.76999983745463,9.44999989371809,9.81999992433202,,9.46999989537289,9.43999989289068,9.56999990364693
2,24415400,A244_T_DIS_C:T_EDGE_LO_VCCY_4.5000[1]/PIN9,n,S,,19.9999998784506,,,8.61999982504358,8.97999985483011,8.9599998531753,9.03999985979453,9.08999986393155,9.07999986310415,8.91999984986569,9.12999986724117,8.35999980353108,8.88999984738348,9.18999987220559,,8.88999984738348,8.85999984490127,8.9599998531753
2,24415330,A244_T_DIS_C:T_EDGE_HI_VCCY_3.6000[1]/PIN12,n,S,,29.9999989294975,,,9.56999990364693,10.0599999441897,10.0399999425349,10.1299999499815,10.1399999508089,10.189999954946,9.97999993757048,10.1999999557734,9.23999987634261,9.95999993591568,10.2499999599104,,9.94999993508827,9.85999992764164,10.0099999400527
2,24415330,A244_T_DIS_C:T_EDGE_HI_VCCY_3.6000[1]/PIN14,n,S,,29.9999989294975,,,8.47999981345993,8.75999983662723,8.73999983497242,8.71999983331762,8.71999983331762,8.75999983662723,8.679999830008,8.82999984241906,8.28999979773926,8.69999983166281,8.83999984324646,,8.65999982835319,8.65999982835319,8.71999983331762
2,24415330,A244_T_DIS_C:T_EDGE_HI_VCCY_3.6000[1]/PIN16,n,S,,29.9999989294975,,,8.52999981759694,8.77999983828204,8.76999983745463,8.76999983745463,8.77999983828204,8.82999984241906,8.70999983249021,8.82999984241906,8.29999979856666,8.73999983497242,8.84999984407386,,8.6699998291806,8.64999982752579,8.77999983828204
2,24415330,A244_T_DIS_C:T_EDGE_HI_VCCY_3.6000[1]/PIN18,n,S,,29.9999989294975,,,8.54999981925175,8.82999984241906,8.75999983662723,8.80999984076425,8.82999984241906,8.85999984490127,8.75999983662723,8.88999984738348,8.34999980270368,8.74999983579983,8.89999984821088,,8.6899998308354,8.6699998291806,8.77999983828204
2,24415330,A244_T_DIS_C:T_EDGE_HI_VCCY_3.6000[1]/PIN3,n,S,,29.9999989294975,,,8.37999980518589,8.59999982338877,8.59999982338877,8.64999982752579,8.64999982752579,8.69999983166281,8.57999982173396,8.71999983331762,8.15999978698301,8.57999982173396,8.72999983414502,,8.49999981511473,8.50999981594214,8.58999982256137
2,24415330,A244_T_DIS_C:T_EDGE_HI_VCCY_3.6000[1]/PIN5,n,S,,29.9999989294975,,,8.24999979442964,8.50999981594214,8.50999981594214,8.51999981676954,8.54999981925175,8.53999981842435,8.49999981511473,8.57999982173396,8.04999977788157,8.49999981511473,8.61999982504358,,8.42999980932291,8.43999981015031,8.49999981511473
2,24415330,A244_T_DIS_C:T_EDGE_HI_VCCY_3.6000[1]/PIN7,n,S,,29.9999989294975,,,9.37999988792626,9.83999992598683,9.83999992598683,9.92999993343346,9.98999993839789,9.98999993839789,9.769999920195,10.0499999433623,9.06999986227675,9.769999920195,10.1099999483267,,9.769999920195,9.73999991771279,9.86999992846904
2,24415330,A244_T_DIS_C:T_EDGE_HI_VCCY_3.6000[1]/PIN9,n,S,,29.9999989294975,,,8.87999984655607,9.26999987882482,9.25999987799742,9.31999988296184,9.36999988709886,9.36999988709886,9.19999987303299,9.42999989206328,8.63999982669839,9.18999987220559,9.46999989537289,,9.17999987137819,9.14999986889597,9.24999987717001
2,24415410,A244_T_DIS_C:T_EDGE_LO_VCCY_3.6000[1]/PIN12,n,S,,29.9999989294975,,,9.65999991109356,10.1399999508089,10.1199999491541,10.2099999566008,10.2299999582556,10.28999996322,10.0799999458445,10.3099999648748,9.30999988213443,10.0499999433623,10.3499999681844,,10.0399999425349,9.93999993426087,10.0999999474993
2,24415410,A244_T_DIS_C:T_EDGE_LO_VCCY_3.6000[1]/PIN14,n,S,,29.9999989294975,,,8.47999981345993,8.74999983579983,8.71999983331762,8.69999983166281,8.70999983249021,8.73999983497242,8.6699998291806,8.81999984159165,8.29999979856666,8.69999983166281,8.82999984241906,,8.65999982835319,8.63999982669839,8.69999983166281
2,24415410,A244_T_DIS_C:T_EDGE_LO_VCCY_3.6000[1]/PIN16,n,S,,29.9999989294975,,,8.47999981345993,8.72999983414502,8.70999983249021,8.70999983249021,8.73999983497242,8.79999983993685,8.65999982835319,8.78999983910944,8.24999979442964,8.6899998308354,8.79999983993685,,8.60999982421617,8.59999982338877,8.72999983414502
2,24415410,A244_T_DIS_C:T_EDGE_LO_VCCY_3.6000[1]/PIN18,n,S,,29.9999989294975,,,8.44999981097772,8.73999983497242,8.64999982752579,8.70999983249021,8.72999983414502,8.76999983745463,8.679999830008,8.79999983993685,8.22999979277483,8.63999982669839,8.81999984159165,,8.58999982256137,8.55999982007916,8.6899998308354
2,24415410,A244_T_DIS_C:T_EDGE_LO_VCCY_3.6000[1]/PIN3,n,S,,29.9999989294975,,,8.37999980518589,8.59999982338877,8.60999982421617,8.6699998291806,8.6699998291806,8.71999983331762,8.60999982421617,8.73999983497242,8.18999978946522,8.58999982256137,8.74999983579983,,8.50999981594214,8.52999981759694,8.59999982338877
2,24415410,A244_T_DIS_C:T_EDGE_LO_VCCY_3.6000[1]/PIN5,n,S,,29.9999989294975,,,8.29999979856666,8.54999981925175,8.55999982007916,8.56999982090656,8.59999982338877,8.57999982173396,8.53999981842435,8.62999982587098,8.07999978036378,8.53999981842435,8.6699998291806,,8.45999981180512,8.48999981428733,8.53999981842435
2,24415410,A244_T_DIS_C:T_EDGE_LO_VCCY_3.6000[1]/PIN7,n,S,,29.9999989294975,,,9.50999989868251,9.97999993757048,9.99999993922529,10.0699999450171,10.1399999508089,10.1299999499815,9.91999993260606,10.1999999557734,9.2099998738604,9.90999993177866,10.2699999615652,,9.90999993177866,9.88999993012385,10.0099999400527
2,24415410,A244_T_DIS_C:T_EDGE_LO_VCCY_3.6000[1]/PIN9,n,S,,29.9999989294975,,,9.09999986475896,9.4899998970277,9.46999989537289,9.53999990116472,9.58999990530174,9.59999990612914,9.39999988958107,9.62999990861135,8.82999984241906,9.37999988792626,9.68999991357578,,9.38999988875366,9.32999988378924,9.45999989454549
2,24415340,A244_T_DIS_C:T_EDGE_HI_VCCY_3.0000[1]/PIN12,n,S,,29.9999989294975,,,10.2599999607378,10.8000000054176,10.7800000037628,10.860000010382,10.8700000112094,10.9300000161738,10.6899999963161,10.9300000161738,9.90999993177866,10.709999997971,10.9800000203109,,10.6699999946613,10.5799999872147,10.7199999987984
2,24415340,A244_T_DIS_C:T_EDGE_HI_VCCY_3.0000[1]/PIN14,n,S,,29.9999989294975,,,9.2299998755152,9.54999990199212,9.50999989868251,9.4899998970277,9.4899998970277,9.52999990033732,9.44999989371809,9.59999990612914,9.01999985813973,9.4899998970277,9.60999990695655,,9.43999989289068,9.41999989123588,9.4799998962003
2,24415340,A244_T_DIS_C:T_EDGE_HI_VCCY_3.0000[1]/PIN16,n,S,,29.9999989294975,,,9.23999987634261,9.52999990033732,9.51999989950991,9.4999998978551,9.51999989950991,9.57999990447433,9.43999989289068,9.56999990364693,8.99999985648492,9.4899998970277,9.58999990530174,,9.39999988958107,9.37999988792626,9.50999989868251
2,24415340,A244_T_DIS_C:T_EDGE_HI_VCCY_3.0000[1]/PIN18,n,S,,29.9999989294975,,,9.24999987717001,9.57999990447433,9.4999998978551,9.53999990116472,9.55999990281953,9.59999990612914,9.46999989537289,9.62999990861135,9.04999986062194,9.4799998962003,9.61999990778395,,9.41999989123588,9.38999988875366,9.4999998978551
2,24415340,A244_T_DIS_C:T_EDGE_HI_VCCY_3.0000[1]/PIN3,n,S,,29.9999989294975,,,9.06999986227675,9.32999988378924,9.32999988378924,9.36999988709886,9.37999988792626,9.42999989206328,9.29999988130703,9.44999989371809,8.85999984490127,9.30999988213443,9.43999989289068,,9.2199998746878,9.2299998755152,9.29999988130703
2,24415340,A244_T_DIS_C:T_EDGE_HI_VCCY_3.0000[1]/PIN5,n,S,,29.9999989294975,,,8.96999985400271,9.25999987799742,9.26999987882482,9.25999987799742,9.29999988130703,9.29999988130703,9.2299998755152,9.31999988296184,8.73999983497242,9.24999987717001,9.36999988709886,,9.15999986972338,9.16999987055078,9.2299998755152
2,24415340,A244_T_DIS_C:T_EDGE_HI_VCCY_3.0000[1]/PIN7,n,S,,29.9999989294975,,,10.0499999433623,10.5399999839051,10.5599999855599,10.6199999905243,10.6899999963161,10.6899999963161,10.4499999764585,10.7500000012806,9.73999991771279,10.4799999789407,10.8000000054176,,10.4599999772859,10.4299999748036,10.5499999847325
2,24415340,A244_T_DIS_C:T_EDGE_HI_VCCY_3.0000[1]/PIN9,n,S,,29.9999989294975,,,9.62999990861135,10.0499999433623,10.0399999425349,10.0899999466719,10.1399999508089,10.1499999516363,9.94999993508827,10.1799999541186,9.36999988709886,9.95999993591568,10.2199999574282,,9.93999993426087,9.88999993012385,10.0099999400527
2,24415420,A244_T_DIS_C:T_EDGE_LO_VCCY_3.0000[1]/PIN12,n,S,,29.9999989294975,,,10.3499999681844,10.860000010382,10.8500000095546,10.9200000153464,10.960000018656,11.0100000227931,10.7800000037628,11.0200000236205,9.97999993757048,10.7700000029354,11.0700000277575,,10.7500000012806,10.6499999930065,10.810000006245
2,24415420,A244_T_DIS_C:T_EDGE_LO_VCCY_3.0000[1]/PIN14,n,S,,29.9999989294975,,,9.2199998746878,9.52999990033732,9.4999998978551,9.4799998962003,9.4899998970277,9.52999990033732,9.43999989289068,9.60999990695655,9.00999985731232,9.4899998970277,9.59999990612914,,9.41999989123588,9.40999989040847,9.46999989537289
2,24415420,A244_T_DIS_C:T_EDGE_LO_VCCY_3.0000[1]/PIN16,n,S,,29.9999989294975,,,9.2299998755152,9.53999990116472,9.50999989868251,9.4999998978551,9.51999989950991,9.58999990530174,9.43999989289068,9.56999990364693,8.96999985400271,9.4799998962003,9.58999990530174,,9.38999988875366,9.37999988792626,9.4999998978551
2,24415420,A244_T_DIS_C:T_EDGE_LO_VCCY_3.0000[1]/PIN18,n,S,,29.9999989294975,,,9.19999987303299,9.53999990116472,9.44999989371809,9.4899998970277,9.51999989950991,9.56999990364693,9.43999989289068,9.59999990612914,8.96999985400271,9.42999989206328,9.59999990612914,,9.35999988627145,9.32999988378924,9.46999989537289
2,24415420,A244_T_DIS_C:T_EDGE_LO_VCCY_3.0000[1]/PIN3,n,S,,29.9999989294975,,,9.09999986475896,9.34999988544405,9.37999988792626,9.41999989123588,9.41999989123588,9.4799998962003,9.34999988544405,9.4999998978551,8.87999984655607,9.34999988544405,9.4899998970277,,9.25999987799742,9.26999987882482,9.33999988461665
2,24415420,A244_T_DIS_C:T_EDGE_LO_VCCY_3.0000[1]/PIN5,n,S,,29.9999989294975,,,9.03999985979453,9.31999988296184,9.34999988544405,9.33999988461665,9.35999988627145,9.35999988627145,9.29999988130703,9.38999988875366,8.77999983828204,9.31999988296184,9.42999989206328,,9.2199998746878,9.23999987634261,9.29999988130703
2,24415420,A244_T_DIS_C:T_EDGE_LO_VCCY_3.0000[1]/PIN7,n,S,,29.9999989294975,,,10.1699999532912,10.6699999946613,10.6999999971435,10.7500000012806,10.8200000070724,10.8200000070724,10.5799999872147,10.8900000128642,9.85999992764164,10.6099999896969,10.9400000170012,,10.5999999888695,10.5699999863873,10.6799999954887
2,24415420,A244_T_DIS_C:T_EDGE_LO_VCCY_3.0000[1]/PIN9,n,S,,29.9999989294975,,,9.81999992433202,10.2299999582556,10.1999999557734,10.2599999607378,10.3299999665296,10.339999967357,10.0999999474993,10.339999967357,9.51999989950991,10.1099999483267,10.3999999723214,,10.0999999474993,10.0399999425349,10.1799999541186
2,24415350,A244_T_DIS_C:T_EDGE_HI_VCCY_2.7000[1]/PIN12,n,S,,35.9999994259397,,,10.8500000095546,11.4200000567166,11.4000000550618,11.4600000600262,11.4900000625084,11.5600000683003,11.3000000467878,11.5500000674729,10.4799999789407,11.33000004927,11.6000000716099,,11.2900000459604,11.1900000376863,11.3500000509248
2,24415350,A244_T_DIS_C:T_EDGE_HI_VCCY_2.7000[1]/PIN14,n,S,,35.9999994259397,,,9.82999992515943,10.1799999541186,10.1399999508089,10.1099999483267,10.1299999499815,10.1699999532912,10.0599999441897,10.239999959083,9.60999990695655,10.1099999483267,10.2299999582556,,10.0599999441897,10.0399999425349,10.0999999474993
2,24415350,A244_T_DIS_C:T_EDGE_HI_VCCY_2.7000[1]/PIN16,n,S,,35.9999994259397,,,9.83999992598683,10.1599999524637,10.1299999499815,10.1399999508089,10.1399999508089,10.2099999566008,10.0399999425349,10.2099999566008,9.56999990364693,10.1099999483267,10.2099999566008,,10.0199999408801,9.98999993839789,10.1199999491541
2,24415350,A244_T_DIS_C:T_EDGE_HI_VCCY_2.7000[1]/PIN18,n,S,,35.9999994259397,,,9.83999992598683,10.1999999557734,10.1099999483267,10.1399999508089,10.1699999532912,10.2199999574282,10.0699999450171,10.239999959083,9.61999990778395,10.0899999466719,10.2299999582556,,10.0199999408801,9.98999993839789,10.1099999483267
2,24415350,A244_T_DIS_C:T_EDGE_HI_VCCY_2.7000[1]/PIN3,n,S,,35.9999994259397,,,9.65999991109356,9.95999993591568,9.96999993674308,9.98999993839789,9.99999993922529,10.0699999450171,9.90999993177866,10.0799999458445,9.42999989206328,9.94999993508827,10.0699999450171,,9.83999992598683,9.83999992598683,9.91999993260606
2,24415350,A244_T_DIS_C:T_EDGE_HI_VCCY_2.7000[1]/PIN5,n,S,,35.9999994259397,,,9.56999990364693,9.90999993177866,9.91999993260606,9.90999993177866,9.92999993343346,9.92999993343346,9.86999992846904,9.95999993591568,9.32999988378924,9.88999993012385,9.97999993757048,,9.79999992267722,9.79999992267722,9.86999992846904
2,24415350,A244_T_DIS_C:T_EDGE_HI_VCCY_2.7000[1]/PIN7,n,S,,35.9999994259397,,,10.6199999905243,11.1400000335493,11.1700000360315,11.2200000401685,11.280000045133,11.3000000467878,11.0500000261027,11.3500000509248,10.2999999640474,11.0900000294123,11.3900000542344,,11.0600000269301,11.0200000236205,11.1400000335493
2,24415350,A244_T_DIS_C:T_EDGE_HI_VCCY_2.7000[1]/PIN9,n,S,,35.9999994259397,,,10.239999959083,10.6999999971435,10.6899999963161,10.7299999996258,10.7800000037628,10.8000000054176,10.5599999855599,10.8200000070724,9.96999993674308,10.6099999896969,10.860000010382,,10.5799999872147,10.5299999830777,10.6599999938339
2,24415430,A244_T_DIS_C:T_EDGE_LO_VCCY_2.7000[1]/PIN12,n,S,,35.9999994259397,,,10.9300000161738,11.480000061681,11.4600000600262,11.5100000641633,11.5500000674729,11.6300000740921,11.3700000525796,11.6300000740921,10.5499999847325,11.3900000542344,11.6800000782291,,11.3500000509248,11.2400000418234,11.4100000558892
2,24415430,A244_T_DIS_C:T_EDGE_LO_VCCY_2.7000[1]/PIN14,n,S,,35.9999994259397,,,9.85999992764164,10.189999954946,10.1499999516363,10.1099999483267,10.1299999499815,10.1699999532912,10.0599999441897,10.2599999607378,9.61999990778395,10.1299999499815,10.2299999582556,,10.0699999450171,10.0399999425349,10.1099999483267
2,24415430,A244_T_DIS_C:T_EDGE_LO_VCCY_2.7000[1]/PIN16,n,S,,35.9999994259397,,,9.84999992681423,10.1799999541186,10.1499999516363,10.1299999499815,10.1499999516363,10.239999959083,10.0599999441897,10.2199999574282,9.56999990364693,10.1299999499815,10.2199999574282,,10.0299999417075,9.99999993922529,10.1299999499815
2,24415430,A244_T_DIS_C:T_EDGE_LO_VCCY_2.7000[1]/PIN18,n,S,,35.9999994259397,,,9.82999992515943,10.189999954946,10.0999999474993,10.1299999499815,10.1599999524637,10.2199999574282,10.0799999458445,10.239999959083,9.57999990447433,10.0899999466719,10.239999959083,,10.0099999400527,9.96999993674308,10.1099999483267
2,24415430,A244_T_DIS_C:T_EDGE_LO_VCCY_2.7000[1]/PIN3,n,S,,35.9999994259397,,,9.68999991357578,9.95999993591568,9.98999993839789,10.0299999417075,10.0199999408801,10.0899999466719,9.94999993508827,10.0999999474993,9.4799998962003,9.95999993591568,10.0899999466719,,9.86999992846904,9.85999992764164,9.92999993343346
2,24415430,A244_T_DIS_C:T_EDGE_LO_VCCY_2.7000[1]/PIN5,n,S,,35.9999994259397,,,9.64999991026616,9.95999993591568,9.98999993839789,9.97999993757048,9.99999993922529,9.99999993922529,9.93999993426087,10.0299999417075,9.39999988958107,9.95999993591568,10.0699999450171,,9.84999992681423,9.87999992929645,9.92999993343346
2,24415430,A244_T_DIS_C:T_EDGE_LO_VCCY_2.7000[1]/PIN7,n,S,,35.9999994259397,,,10.7299999996258,11.2500000426508,11.2900000459604,11.33000004927,11.4000000550618,11.4200000567166,11.1600000352041,11.4900000625084,10.4199999739762,11.2000000385137,11.5300000658181,,11.1800000368589,11.1500000343767,11.2600000434782
2,24415430,A244_T_DIS_C:T_EDGE_LO_VCCY_2.7000[1]/PIN9,n,S,,35.9999994259397,,,10.4099999731488,10.8400000087272,10.8200000070724,10.860000010382,10.9400000170012,10.960000018656,10.709999997971,10.960000018656,10.0899999466719,10.7400000004532,10.9800000203109,,10.7199999987984,10.6299999913517,10.8000000054176
2,24415360,A244_T_DIS_C:T_EDGE_HI_VCCY_2.3000[1]/PIN12,n,S,,35.9999994259397,,,12.1400001162897,12.7800001692435,12.7500001667613,12.7900001700709,12.8200001725531,12.9200001808272,12.6200001560051,12.8800001775176,11.7300000823661,12.6900001617969,12.9300001816546,,12.6300001568325,12.5000001460762,12.6700001601421
2,24415360,A244_T_DIS_C:T_EDGE_HI_VCCY_2.3000[1]/PIN14,n,S,,35.9999994259397,,,11.1300000327219,11.5400000666455,11.4900000625084,11.430000057544,11.4600000600262,11.5200000649907,11.380000053407,11.5800000699551,10.8700000112094,11.4700000608536,11.5400000666455,,11.4000000550618,11.380000053407,11.430000057544
2,24415360,A244_T_DIS_C:T_EDGE_HI_VCCY_2.3000[1]/PIN16,n,S,,35.9999994259397,,,11.1300000327219,11.5100000641633,11.480000061681,11.4600000600262,11.4600000600262,11.5800000699551,11.3700000525796,11.5300000658181,10.810000006245,11.4700000608536,11.5300000658181,,11.3700000525796,11.3200000484426,11.4500000591988
2,24415360,A244_T_DIS_C:T_EDGE_HI_VCCY_2.3000[1]/PIN18,n,S,,35.9999994259397,,,11.1300000327219,11.5700000691277,11.4700000608536,11.480000061681,11.5100000641633,11.6000000716099,11.3900000542344,11.5900000707825,10.8800000120368,11.4600000600262,11.5700000691277,,11.3500000509248,11.3200000484426,11.4400000583714
2,24415360,A244_T_DIS_C:T_EDGE_HI_VCCY_2.3000[1]/PIN3,n,S,,35.9999994259397,,,10.9700000194835,11.3200000484426,11.3200000484426,11.33000004927,11.3400000500974,11.4100000558892,11.2400000418234,11.4100000558892,10.6999999971435,11.3000000467878,11.380000053407,,11.1800000368589,11.1700000360315,11.2400000418234
2,24415360,A244_T_DIS_C:T_EDGE_HI_VCCY_2.3000[1]/PIN5,n,S,,35.9999994259397,,,10.910000014519,11.3000000467878,11.33000004927,11.280000045133,11.3200000484426,11.3400000500974,11.2400000418234,11.3400000500974,10.6499999930065,11.2900000459604,11.3600000517522,,11.1800000368589,11.1600000352041,11.2300000409959
2,24415360,A244_T_DIS_C:T_EDGE_HI_VCCY_2.3000[1]/PIN7,n,S,,35.9999994259397,,,11.850000092295,12.4400001411118,12.4900001452488,12.5100001469036,12.5800001526954,12.6000001543503,12.3100001303555,12.6500001584873,11.5200000649907,12.4000001378022,12.6900001617969,,12.3400001328378,12.3000001295281,12.420000139457
2,24415360,A244_T_DIS_C:T_EDGE_HI_VCCY_2.3000[1]/PIN9,n,S,,35.9999994259397,,,11.5600000683003,12.0800001113253,12.0800001113253,12.1000001129801,12.1600001179445,12.1900001204267,11.9100000972594,12.1800001195993,11.2300000409959,11.9900001038786,12.2200001229089,,11.950000100569,11.8900000956046,12.0300001071882
2,24415440,A244_T_DIS_C:T_EDGE_LO_VCCY_2.3000[1]/PIN12,n,S,,35.9999994259397,,,12.2000001212541,12.8100001717257,12.7800001692435,12.8300001733805,12.8600001758628,12.9500001833094,12.6600001593147,12.9500001833094,11.7700000856757,12.7200001642791,12.9800001857916,,12.6700001601421,12.5500001502132,12.7200001642791
2,24415440,A244_T_DIS_C:T_EDGE_LO_VCCY_2.3000[1]/PIN14,n,S,,35.9999994259397,,,11.1500000343767,11.5400000666455,11.4900000625084,11.430000057544,11.4600000600262,11.5200000649907,11.380000053407,11.6100000724373,10.9000000136916,11.480000061681,11.5500000674729,,11.3900000542344,11.380000053407,11.4400000583714
2,24415440,A244_T_DIS_C:T_EDGE_LO_VCCY_2.3000[1]/PIN16,n,S,,35.9999994259397,,,11.1300000327219,11.5100000641633,11.480000061681,11.4500000591988,11.4700000608536,11.5700000691277,11.3600000517522,11.5500000674729,10.810000006245,11.4600000600262,11.5200000649907,,11.3500000509248,11.3100000476152,11.4400000583714
2,24415440,A244_T_DIS_C:T_EDGE_LO_VCCY_2.3000[1]/PIN18,n,S,,35.9999994259397,,,11.1000000302397,11.5200000649907,11.4100000558892,11.4400000583714,11.4700000608536,11.5500000674729,11.3700000525796,11.5500000674729,10.8500000095546,11.4100000558892,11.5200000649907,,11.3100000476152,11.2700000443056,11.4100000558892
2,24415440,A244_T_DIS_C:T_EDGE_LO_VCCY_2.3000[1]/PIN3,n,S,,35.9999994259397,,,10.9300000161738,11.2600000434782,11.3100000476152,11.3100000476152,11.3000000467878,11.3900000542344,11.2100000393411,11.4000000550618,10.6899999963161,11.2500000426508,11.3600000517522,,11.1300000327219,11.1300000327219,11.1900000376863
2,24415440,A244_T_DIS_C:T_EDGE_LO_VCCY_2.3000[1]/PIN5,n,S,,35.9999994259397,,,10.960000018656,11.3200000484426,11.3500000509248,11.3100000476152,11.3400000500974,11.3500000509248,11.2600000434782,11.380000053407,10.6799999954887,11.3200000484426,11.3900000542344,,11.1800000368589,11.2000000385137,11.2400000418234
2,24415440,A244_T_DIS_C:T_EDGE_LO_VCCY_2.3000[1]/PIN7,n,S,,35.9999994259397,,,11.9600001013964,12.5400001493858,12.6000001543503,12.6100001551777,12.6800001609695,12.7000001626243,12.4400001411118,12.7600001675887,11.6400000749195,12.5000001460762,12.8000001708983,,12.4600001427666,12.420000139457,12.520000147731
2,24415440,A244_T_DIS_C:T_EDGE_LO_VCCY_2.3000[1]/PIN9,n,S,,35.9999994259397,,,11.6800000782291,12.1800001195993,12.1600001179445,12.2000001212541,12.2700001270459,12.3100001303555,12.0100001055334,12.3000001295281,11.3400000500974,12.0700001104979,12.3000001295281,,12.0600001096705,11.9600001013964,12.1400001162897
2,24415370,A244_T_DIS_C:T_EDGE_HI_VCCY_1.9500[1]/PIN12,n,S,,48.0000004188241,,,14.2700002925267,14.9999994647487,14.9599994614391,14.9799994630939,15.0100003537545,15.1500003653382,14.8000003363791,15.0900003603738,13.7800002519839,14.9100003454805,15.1100003620286,,14.8400003396887,14.700000328105,14.8700003421709
2,24415370,A244_T_DIS_C:T_EDGE_HI_VCCY_1.9500[1]/PIN14,n,S,,48.0000004188241,,,13.3000002122685,13.7600002503291,13.6900002445373,13.6000002370906,13.6400002404002,13.7200002470195,13.5400002321262,13.7900002528113,12.9700001849642,13.7000002453647,13.7000002453647,,13.5900002362632,13.5700002346084,13.6200002387454
2,24415370,A244_T_DIS_C:T_EDGE_HI_VCCY_1.9500[1]/PIN16,n,S,,48.0000004188241,,,13.2700002097863,13.7400002486743,13.6700002428825,13.6500002412276,13.6400002404002,13.7900002528113,13.5300002312988,13.7300002478469,12.8800001775176,13.6900002445373,13.6800002437099,,13.560000233781,13.5000002288166,13.660000242055
2,24415370,A244_T_DIS_C:T_EDGE_HI_VCCY_1.9500[1]/PIN18,n,S,,48.0000004188241,,,13.3600002172329,13.8500002577757,13.7000002453647,13.7500002495017,13.7600002503291,13.8900002610853,13.6300002395728,13.8500002577757,13.0700001932382,13.7500002495017,13.8000002536387,,13.610000237918,13.5900002362632,13.6900002445373
2,24415370,A244_T_DIS_C:T_EDGE_HI_VCCY_1.9500[1]/PIN3,n,S,,48.0000004188241,,,13.1200001973752,13.5500002329536,13.5500002329536,13.5300002312988,13.5400002321262,13.6300002395728,13.4300002230248,13.6400002404002,12.8100001717257,13.5200002304714,13.5500002329536,,13.3900002197151,13.3600002172329,13.4300002230248
2,24415370,A244_T_DIS_C:T_EDGE_HI_VCCY_1.9500[1]/PIN5,n,S,,48.0000004188241,,,13.1600002006849,13.6400002404002,13.660000242055,13.5900002362632,13.6000002370906,13.660000242055,13.5400002321262,13.6200002387454,12.8100001717257,13.6200002387454,13.610000237918,,13.5000002288166,13.460000225507,13.5200002304714
2,24415370,A244_T_DIS_C:T_EDGE_HI_VCCY_1.9500[1]/PIN7,n,S,,48.0000004188241,,,13.9500002660498,14.6600003247954,14.7400003314146,14.6900003272776,14.7800003347243,14.8200003380339,14.4900003107296,14.8500003405161,13.5300002312988,14.6100003206584,14.8600003413435,,14.5600003165214,14.4800003099022,14.600000319831
2,24415370,A244_T_DIS_C:T_EDGE_HI_VCCY_1.9500[1]/PIN9,n,S,,48.0000004188241,,,13.7100002461921,14.3500002991459,14.3300002974911,14.3800003016281,14.4300003057651,14.4700003090747,14.130000280943,14.4400003065925,13.3000002122685,14.2500002908719,14.4300003057651,,14.2100002875623,14.1000002784608,14.2800002933541
2,24415450,A244_T_DIS_C:T_EDGE_LO_VCCY_1.9500[1]/PIN12,n,S,,48.0000004188241,,,14.2800002933541,14.9999994647487,14.9599994614391,14.9900003520997,15.0199994664035,15.179999479642,14.7900003355517,15.1199994746776,13.7800002519839,14.9000003446531,15.1399994763324,,14.8500003405161,14.6800003264502,14.8800003429983
2,24415450,A244_T_DIS_C:T_EDGE_LO_VCCY_1.9500[1]/PIN14,n,S,,48.0000004188241,,,13.2100002048219,13.6900002445373,13.6200002387454,13.5400002321262,13.5800002354358,13.660000242055,13.4700002263344,13.7400002486743,12.9300001816546,13.6400002404002,13.6500002412276,,13.5200002304714,13.5000002288166,13.560000233781
2,24415450,A244_T_DIS_C:T_EDGE_LO_VCCY_1.9500[1]/PIN16,n,S,,48.0000004188241,,,13.1700002015123,13.6400002404002,13.560000233781,13.5300002312988,13.5500002329536,13.7000002453647,13.4400002238522,13.6500002412276,12.7800001692435,13.5800002354358,13.5900002362632,,13.4400002238522,13.4000002205426,13.5300002312988
2,24415450,A244_T_DIS_C:T_EDGE_LO_VCCY_1.9500[1]/PIN18,n,S,,48.0000004188241,,,13.0700001932382,13.6000002370906,13.4500002246796,13.4800002271618,13.510000229644,13.6700002428825,13.3800002188877,13.610000237918,12.7700001684161,13.5000002288166,13.560000233781,,13.3600002172329,13.3000002122685,13.4500002246796
2,24415450,A244_T_DIS_C:T_EDGE_LO_VCCY_1.9500[1]/PIN3,n,S,,48.0000004188241,,,12.9200001808272,13.3300002147507,13.3800002188877,13.3800002188877,13.3600002172329,13.4700002263344,13.2600002089589,13.4800002271618,12.6500001584873,13.3400002155781,13.3900002197151,,13.2000002039945,13.2000002039945,13.2200002056493
2,24415450,A244_T_DIS_C:T_EDGE_LO_VCCY_1.9500[1]/PIN5,n,S,,48.0000004188241,,,13.090000194893,13.4800002271618,13.5300002312988,13.4900002279892,13.5000002288166,13.5500002329536,13.4300002230248,13.5300002312988,12.7700001684161,13.510000229644,13.5300002312988,,13.3400002155781,13.3400002155781,13.3900002197151
2,24415450,A244_T_DIS_C:T_EDGE_LO_VCCY_1.9500[1]/PIN7,n,S,,48.0000004188241,,,13.9400002652224,14.6400003231406,14.7300003305872,14.6800003264502,14.7800003347243,14.8100003372065,14.500000311557,14.8600003413435,13.6000002370906,14.6200003214858,14.8800003429983,,14.5600003165214,14.4900003107296,14.5700003173488
2,24415450,A244_T_DIS_C:T_EDGE_LO_VCCY_1.9500[1]/PIN9,n,S,,48.0000004188241,,,13.7700002511565,14.3600002999733,14.3400002983185,14.3700003008007,14.4500003074199,14.5200003132118,14.1400002817704,14.4600003082473,13.3600002172329,14.2400002900445,14.4400003065925,,14.2200002883897,14.1100002792882,14.3000002950089
2,24415380,A244_T_DIS_C:T_EDGE_HI_VCCY_1.6500[1]/PIN12,n,S,,48.0000004188241,,,18.0399997162795,18.9700006814064,18.910000676442,18.919999789091,18.9500006797516,19.2199998139131,18.6599997675785,19.0700006896805,17.3999996633256,18.910000676442,19.010000684716,,18.8300006698228,18.6100006516199,18.8300006698228
2,24415380,A244_T_DIS_C:T_EDGE_HI_VCCY_1.6500[1]/PIN14,n,S,,48.0000004188241,,,17.0100005192353,17.7199996898025,17.5799996782189,17.4999996715997,17.4799996699448,17.6599996848381,17.350000547367,17.6799996864929,16.5399995921689,17.6799996864929,17.4999996715997,,17.5199996732545,17.4700005572959,17.5300005622603
2,24415380,A244_T_DIS_C:T_EDGE_HI_VCCY_1.6500[1]/PIN16,n,S,,48.0000004188241,,,16.9599996269199,17.5599996765641,17.4399996666352,17.3999996633256,17.3999996633256,17.6399996831833,17.250000539093,17.4999996715997,16.3799995789304,17.5500005639151,17.3900005506766,,17.3700005490218,17.2999996550516,17.4500005556411
2,24415380,A244_T_DIS_C:T_EDGE_HI_VCCY_1.6500[1]/PIN18,n,S,,48.0000004188241,,,16.9700005159257,17.7599996931121,17.4700005572959,17.5599996765641,17.5900005672247,17.9100005937016,17.359999660016,17.6900005754987,16.4999995888593,17.6799996864929,17.5599996765641,,17.4100005523314,17.359999660016,17.4999996715997
2,24415380,A244_T_DIS_C:T_EDGE_HI_VCCY_1.6500[1]/PIN3,n,S,,48.0000004188241,,,16.6900004927584,17.2999996550516,17.2399996500872,17.2399996500872,17.2300005374382,17.3900005506766,17.0700005241997,17.3199996567064,16.219999565692,17.259999651742,17.1500005308189,,17.1100005275093,17.0500005225449,17.0900005258545
2,24415380,A244_T_DIS_C:T_EDGE_HI_VCCY_1.6500[1]/PIN5,n,S,,48.0000004188241,,,16.7599996103718,17.4500005556411,17.4799996699448,17.3799996616708,17.4100005523314,17.4999996715997,17.3100005440574,17.359999660016,16.3300004629718,17.4399996666352,17.359999660016,,17.2999996550516,17.2399996500872,17.3100005440574
2,24415380,A244_T_DIS_C:T_EDGE_HI_VCCY_1.6500[1]/PIN7,n,S,,48.0000004188241,,,17.6300005705343,18.4399997493756,18.5799997609593,18.4599997510304,18.5799997609593,18.6500006549295,18.2399997328275,18.6199997642689,17.0999996385035,18.4300006367266,18.5900006499651,,18.3799997444112,18.2399997328275,18.390000633417
2,24415380,A244_T_DIS_C:T_EDGE_HI_VCCY_1.6500[1]/PIN9,n,S,,48.0000004188241,,,17.4700005572959,18.2799997361371,18.2100006185237,18.2399997328275,18.3399997411016,18.4100006350718,17.970000598666,18.2999997377919,16.9199996236102,18.1300006119045,18.2300006201785,,18.1300006119045,17.9599997096602,18.1799997278631
2,24415460,A244_T_DIS_C:T_EDGE_LO_VCCY_1.6500[1]/PIN12,n,S,,48.0000004188241,,,18.1999997295179,18.9500006797516,18.8900006747872,18.9500006797516,18.9599997924006,19.1799998106035,18.7599997758525,19.0599998006746,17.5399996749093,18.9300006780968,19.019999797365,,18.8599997841266,18.6599997675785,18.8599997841266
2,24415460,A244_T_DIS_C:T_EDGE_LO_VCCY_1.6500[1]/PIN14,n,S,,48.0000004188241,,,16.9799996285747,17.5799996782189,17.4199996649804,17.359999660016,17.3799996616708,17.5500005639151,17.259999651742,17.5500005639151,16.5700004828295,17.5500005639151,17.3999996633256,,17.3900005506766,17.3799996616708,17.3999996633256
2,24415460,A244_T_DIS_C:T_EDGE_LO_VCCY_1.6500[1]/PIN16,n,S,,48.0000004188241,,,16.9199996236102,17.4999996715997,17.3900005506766,17.350000547367,17.3399996583612,17.6100005688795,17.2199996484323,17.4700005572959,16.4100004695911,17.4799996699448,17.3399996583612,,17.2700005407478,17.2399996500872,17.3700005490218
2,24415460,A244_T_DIS_C:T_EDGE_LO_VCCY_1.6500[1]/PIN18,n,S,,48.0000004188241,,,16.839999616991,17.4399996666352,17.259999651742,17.3100005440574,17.3100005440574,17.5700005655699,17.1799996451227,17.4199996649804,16.4599995855497,17.3799996616708,17.350000547367,,17.2100005357834,17.1500005308189,17.2799996533968
2,24415460,A244_T_DIS_C:T_EDGE_LO_VCCY_1.6500[1]/PIN3,n,S,,48.0000004188241,,,16.739999608717,17.2399996500872,17.2999996550516,17.259999651742,17.2399996500872,17.4100005523314,17.1100005275093,17.3799996616708,16.3500004646266,17.2900005424026,17.1900005341286,,17.1300005291641,17.0799996368487,17.0399996335391
2,24415460,A244_T_DIS_C:T_EDGE_LO_VCCY_1.6500[1]/PIN5,n,S,,48.0000004188241,,,16.9599996269199,17.5900005672247,17.6399996831833,17.5900005672247,17.5799996782189,17.6799996864929,17.4500005556411,17.5799996782189,16.5100004778651,17.6300005705343,17.5199996732545,,17.45999966829,17.4100005523314,17.4500005556411
2,24415460,A244_T_DIS_C:T_EDGE_LO_VCCY_1.6500[1]/PIN7,n,S,,48.0000004188241,,,17.6300005705343,18.6599997675785,18.7999997791621,18.6799997692333,18.810000668168,18.8599997841266,18.4599997510304,18.8599997841266,17.1700005324738,18.6399997659237,18.8300006698228,,18.6100006516199,18.4700006400362,18.5500006466555
2,24415460,A244_T_DIS_C:T_EDGE_LO_VCCY_1.6500[1]/PIN9,n,S,,48.0000004188241,,,17.6199996815285,18.3799997444112,18.3100006267978,18.3500006301074,18.4399997493756,18.5399997576496,18.1100006102497,18.390000633417,17.0500005225449,18.2500006218334,18.3399997411016,,18.2700006234882,18.0599997179343,18.3199997394468
2,24419796,A244_T_DIS_C:T_EDGE_HI_VCCY_1.4000[1]/PIN12,n,S,,61.9999980244756,,,25.4099994378976,26.509999528912,26.3600004046793,26.500000416263,26.4299995222927,26.9699995669725,26.1800003897861,26.609999537186,24.320000235889,26.5299995305668,26.3400004030245,,26.6200004261918,26.2099995040899,26.4400004112986
2,24419796,A244_T_DIS_C:T_EDGE_HI_VCCY_1.4000[1]/PIN14,n,S,,61.9999980244756,,,24.1600002226505,25.2699994263139,24.9899994031466,24.9899994031466,24.9800002904976,25.369999434588,24.7200002689851,25.1099994130755,23.2600001481842,25.2699994263139,24.849999391563,,25.2000003087005,24.9699994014918,25.0899994114206
2,24419796,A244_T_DIS_C:T_EDGE_HI_VCCY_1.4000[1]/PIN16,n,S,,61.9999980244756,,,24.1200002193409,25.049999408111,24.8299993899082,24.849999391563,24.7800002739496,25.3400003202842,24.6299993733601,24.9200002855332,23.0800001332909,25.1699994180399,24.7200002689851,,24.9699994014918,24.8099993882533,25.0099994048014
2,24419796,A244_T_DIS_C:T_EDGE_HI_VCCY_1.4000[1]/PIN18,n,S,,61.9999980244756,,,24.0699993270255,25.1600003053909,24.6800002656755,24.9000002838784,24.8299993899082,25.6699994594101,24.6400002623659,24.9699994014918,23.280000149839,25.2200003103553,24.8200002772592,,24.9200002855332,24.7800002739496,24.9099993965274
2,24419796,A244_T_DIS_C:T_EDGE_HI_VCCY_1.4000[1]/PIN3,n,S,,61.9999980244756,,,23.6899992955841,24.7000002673303,24.6000002590563,24.5899993700505,24.6400002623659,24.8699993932178,24.3400002375438,24.5899993700505,22.8000001101236,24.6600002640207,24.2699993435735,,24.5899993700505,24.429999356812,24.4000002425082
2,24419796,A244_T_DIS_C:T_EDGE_HI_VCCY_1.4000[1]/PIN5,n,S,,61.9999980244756,,,23.7600001895544,24.8800002822236,24.9800002904976,24.840000278914,24.849999391563,25.0899994114206,24.7099993799793,24.6899993783245,22.9600001233621,24.949999399837,24.6400002623659,,24.8800002822236,24.6899993783245,24.7699993849437
2,24419796,A244_T_DIS_C:T_EDGE_HI_VCCY_1.4000[1]/PIN7,n,S,,61.9999980244756,,,24.7899993865985,26.0099994875418,26.3299995140187,25.9600003715832,26.1600003881313,26.3200004013697,25.7699994676841,26.089999494161,23.8600001978284,26.0200003765476,26.080000381512,,26.0499994908514,25.7299994643745,26.0200003765476
2,24419796,A244_T_DIS_C:T_EDGE_HI_VCCY_1.4000[1]/PIN9,n,S,,61.9999980244756,,,24.8099993882533,25.9600003715832,25.8099994709937,25.9000003666188,26.0099994875418,26.1499994991254,25.6000003417967,25.7400003533803,23.8400001961736,25.8099994709937,25.6699994594101,,25.880000364964,25.6200003434515,25.8499994743033
2,24419794,A244_T_DIS_C:T_EDGE_LO_VCCY_1.4000[1]/PIN12,n,S,,61.9999980244756,,,25.7200003517255,26.7400004361207,26.5400004195726,26.7600004377755,26.6800004311563,27.129999580211,26.3899995189831,26.8800004477043,24.7000002673303,26.7499995487697,26.6400004278466,,26.8000004410851,26.400000407989,26.7600004377755
2,24419794,A244_T_DIS_C:T_EDGE_LO_VCCY_1.4000[1]/PIN14,n,S,,61.9999980244756,,,24.2800002325794,25.2000003087005,24.9000002838784,24.9800002904976,24.9899994031466,25.2899994279687,24.7400002706399,25.0800002987717,23.5699992856553,25.2200003103553,24.8600002805688,,25.1000003004265,24.9899994031466,25.1099994130755
2,24419794,A244_T_DIS_C:T_EDGE_LO_VCCY_1.4000[1]/PIN16,n,S,,61.9999980244756,,,24.2800002325794,25.1099994130755,24.8600002805688,24.8699993932178,24.8800002822236,25.3499994329331,24.7000002673303,24.9600002888428,23.4499992757264,25.1800003070457,24.7600002722947,,24.9000002838784,24.849999391563,25.0600002971169
2,24419794,A244_T_DIS_C:T_EDGE_LO_VCCY_1.4000[1]/PIN18,n,S,,61.9999980244756,,,24.2699993435735,25.049999408111,24.7499993832889,24.9000002838784,24.8299993899082,25.4400003285582,24.7499993832889,24.9699994014918,23.5000001680419,25.0899994114206,24.9299993981822,,24.9099993965274,24.7899993865985,25.0000002921524
2,24419794,A244_T_DIS_C:T_EDGE_LO_VCCY_1.4000[1]/PIN3,n,S,,61.9999980244756,,,24.0899993286803,24.849999391563,24.8299993899082,24.8600002805688,24.8600002805688,25.0299994064562,24.6800002656755,24.9200002855332,23.5000001680419,24.940000287188,24.5899993700505,,24.8099993882533,24.7099993799793,24.6299993733601
2,24419794,A244_T_DIS_C:T_EDGE_LO_VCCY_1.4000[1]/PIN5,n,S,,61.9999980244756,,,24.2099993386091,25.049999408111,25.2400003120101,25.1600003053909,25.1299994147303,25.3400003202842,24.940000287188,25.0600002971169,23.5499992840005,25.2499994246591,24.9699994014918,,25.1000003004265,24.9800002904976,24.9600002888428
2,24419794,A244_T_DIS_C:T_EDGE_LO_VCCY_1.4000[1]/PIN7,n,S,,61.9999980244756,,,24.9000002838784,26.1200003848217,26.5200004179178,26.2299995057447,26.3299995140187,26.4400004112986,25.9499994825774,26.3400004030245,24.2000002259601,26.2699995090543,26.3299995140187,,26.2400003947505,26.0299994891966,26.1000003831668
2,24419794,A244_T_DIS_C:T_EDGE_LO_VCCY_1.4000[1]/PIN9,n,S,,61.9999980244756,,,24.9600002888428,26.0299994891966,25.8299994726485,25.9299994809226,26.0299994891966,26.3299995140187,25.6899994610649,25.8200003599995,24.1200002193409,25.8600003633092,25.7099994627197,,25.9299994809226,25.6200003434515,25.9299994809226
2,24419764,A244_POR_C:T_POR_pos@V_VCC[1],_,V,0.100000001490116,1.5,,,0.300000011920929,0.300000011920929,0.300000011920929,0.300000011920929,0.300000011920929,0.300000011920929,0.300000011920929,0.300000011920929,0.300000011920929,0.300000011920929,0.300000011920929,,0.300000011920929,0.300000011920929,0.300000011920929
2,24419762,A244_POR_C:T_POR_hyst@V_VCC[1],_,V,-0.200000002980232,0.899999976158142,,,0.300000011920929,0.300000011920929,0.300000011920929,0.300000011920929,0.300000011920929,0.300000011920929,0.300000011920929,0.300000011920929,0.300000011920929,0.300000011920929,0.300000011920929,,0.300000011920929,0.300000011920929,0.300000011920929
2,0,A244_DEFROST:SOAK_TIME@PIN1[1],_,s,,,,,15,10,10,10,10,15,10,10,10,10,20,,10,10,10
2,0,A244_SET_HOT:SOAK_TIME@PIN1[1],_,s,,,,,115,75,80,55,55,85,60,65,65,65,130,,45,50,70
2,1,A244_SET_HOT:SOAK_TIME@PIN1[2],_,,,,,,120,80,85,60,60,90,65,70,70,70,135,,50,55,75
2,0,A244_SET_HOT:TEMP_raw_V@PIN1[1],_,V,-2,2,,,-0.189954996109009,-0.193561002612114,-0.192530006170273,-0.195391997694969,-0.197853997349739,-0.191728994250298,-0.1980260014534,-0.191957995295525,-0.194591000676155,-0.196709007024765,-0.18783700466156,,-0.206154003739357,-0.202375993132591,-0.195335000753403
2,24410020,A244_OPENS_H:passLimit_uA_mV[1]/PIN1,_,V,-0.800000011920929,-0.100000001490116,,,-0.190069004893303,-0.193561002612114,-0.192701995372772,-0.195391997694969,-0.197853997349739,-0.191844001412392,-0.198082998394966,-0.192072004079819,-0.194591000676155,-0.196709007024765,-0.187950998544693,,-0.20626799762249,-0.202433004975319,-0.195449993014336
2,24410020,A244_OPENS_H:passLimit_uA_mV[1]/PIN11,_,V,-0.800000011920929,-0.100000001490116,,,-0.189605996012688,-0.193210005760193,-0.192580997943878,-0.195669993758202,-0.197957992553711,-0.191208004951477,-0.197614997625351,-0.193267002701759,-0.194240003824234,-0.195841997861862,-0.187546998262405,,-0.206709995865822,-0.202934995293617,-0.195270001888275
2,24410020,A244_OPENS_H:passLimit_uA_mV[1]/PIN12,_,V,-0.800000011920929,-0.100000001490116,,,-0.189778000116348,-0.193039000034332,-0.192408993840218,-0.195498004555702,-0.198129996657372,-0.191437005996704,-0.197501003742218,-0.192809998989105,-0.194067999720573,-0.195669993758202,-0.1876610070467,,-0.206024006009102,-0.20270599424839,-0.195097997784615
2,24410020,A244_OPENS_H:passLimit_uA_mV[1]/PIN13,_,V,-0.800000011920929,-0.100000001490116,,,-0.189887002110481,-0.192861005663872,-0.192288994789124,-0.195263996720314,-0.198009997606277,-0.191488996148109,-0.196979999542236,-0.193318992853165,-0.194004997611046,-0.195492997765541,-0.187885001301765,,-0.206476002931595,-0.202414005994797,-0.195607006549835
2,24410020,A244_OPENS_H:passLimit_uA_mV[1]/PIN14,_,V,-0.800000011920929,-0.100000001490116,,,-0.189429000020027,-0.192689999938011,-0.192231997847557,-0.195436000823975,-0.19778099656105,-0.190801993012428,-0.197209000587463,-0.192689999938011,-0.193891003727913,-0.195492997765541,-0.188170999288559,,-0.206018000841141,-0.20287199318409,-0.195263996720314
2,24410020,A244_OPENS_H:passLimit_uA_mV[1]/PIN15,_,V,-0.800000011920929,-0.100000001490116,,,-0.189891993999481,-0.193095996975899,-0.192065998911858,-0.195154994726181,-0.19744299352169,-0.191150993108749,-0.197043001651764,-0.192580997943878,-0.19412499666214,-0.195270001888275,-0.1876610070467,,-0.205966994166374,-0.202535003423691,-0.195097997784615
2,24410020,A244_OPENS_H:passLimit_uA_mV[1]/PIN16,_,V,-0.800000011920929,-0.100000001490116,,,-0.189903005957603,-0.192879006266594,-0.191906005144119,-0.195112004876137,-0.197973996400833,-0.191620007157326,-0.19734400510788,-0.191906005144119,-0.193794995546341,-0.196256995201111,-0.187898993492126,,-0.205301001667976,-0.202496007084846,-0.195054993033409
2,24410020,A244_OPENS_H:passLimit_uA_mV[1]/PIN17,_,V,-0.800000011920929,-0.100000001490116,,,-0.189954996109009,-0.192301005125046,-0.192472994327545,-0.195105999708176,-0.197624996304512,-0.191042006015778,-0.197681993246078,-0.192129999399185,-0.193790003657341,-0.19590799510479,-0.188123002648354,,-0.205809995532036,-0.202375993132591,-0.195278003811836
2,24410020,A244_OPENS_H:passLimit_uA_mV[1]/PIN18,_,V,-0.800000011920929,-0.100000001490116,,,-0.190073996782303,-0.193050995469093,-0.192192003130913,-0.195512995123863,-0.1980309933424,-0.191333994269371,-0.197515994310379,-0.192478999495506,-0.194139003753662,-0.196198999881744,-0.188127994537354,,-0.205185994505882,-0.202610999345779,-0.19539800286293
2,24410020,A244_OPENS_H:passLimit_uA_mV[1]/PIN19,_,V,-0.800000011920929,-0.100000001490116,,,-0.19030299782753,-0.193108007311821,-0.192249998450279,-0.194996997714043,-0.197973996400833,-0.191333994269371,-0.197744995355606,-0.192650005221367,-0.193966999650002,-0.196314007043839,-0.18784199655056,,-0.205988004803658,-0.202381998300552,-0.195283994078636
2,24410020,A244_OPENS_H:passLimit_uA_mV[1]/PIN2,_,V,-0.800000011920929,-0.100000001490116,,,-0.190531998872757,-0.192592993378639,-0.192535996437073,-0.19574099779129,-0.197802007198334,-0.191963002085686,-0.1980309933424,-0.192708000540733,-0.193852007389069,-0.195627003908157,-0.188127994537354,,-0.20593099296093,-0.203297004103661,-0.195627003908157
2,24410020,A244_OPENS_H:passLimit_uA_mV[1]/PIN3,_,V,-0.800000011920929,-0.100000001490116,,,-0.190183997154236,-0.192987993359566,-0.192129999399185,-0.195105999708176,-0.197910994291306,-0.191271007061005,-0.197453007102013,-0.192530006170273,-0.194591000676155,-0.195793002843857,-0.187778994441032,,-0.205580994486809,-0.202719002962112,-0.195678994059563
2,24410020,A244_OPENS_H:passLimit_uA_mV[1]/PIN4,_,V,-0.800000011920929,-0.100000001490116,,,-0.190126001834869,-0.19310300052166,-0.192359000444412,-0.195620998740196,-0.197739005088806,-0.191442996263504,-0.197910994291306,-0.192701995372772,-0.194534003734589,-0.196593999862671,-0.187950998544693,,-0.20592500269413,-0.202948004007339,-0.195678994059563
2,24410020,A244_OPENS_H:passLimit_uA_mV[1]/PIN5,_,V,-0.800000011920929,-0.100000001490116,,,-0.190132007002831,-0.192879006266594,-0.192020997405052,-0.194996997714043,-0.198375001549721,-0.191448003053665,-0.198259994387627,-0.192478999495506,-0.194309994578362,-0.195684000849724,-0.188299998641014,,-0.206217005848885,-0.202438995242119,-0.194996997714043
2,24410020,A244_OPENS_H:passLimit_uA_mV[1]/PIN6,_,V,-0.800000011920929,-0.100000001490116,,,-0.189605996012688,-0.192923992872238,-0.191952005028725,-0.195270001888275,-0.197501003742218,-0.191379994153976,-0.197614997625351,-0.192695006728172,-0.194582998752594,-0.195898994803429,-0.188233003020287,,-0.205280005931854,-0.202419996261597,-0.195612996816635
2,24410020,A244_OPENS_H:passLimit_uA_mV[1]/PIN7,_,V,-0.800000011920929,-0.100000001490116,,,-0.190007001161575,-0.192524001002312,-0.192122995853424,-0.195440992712975,-0.197614997625351,-0.191607996821404,-0.197385996580124,-0.193381994962692,-0.194011002779007,-0.196070000529289,-0.187603995203972,,-0.205566003918648,-0.203049004077911,-0.195326998829842
2,24410020,A244_OPENS_H:passLimit_uA_mV[1]/PIN8,_,V,-0.800000011920929,-0.100000001490116,,,-0.190116003155708,-0.192574992775917,-0.192288994789124,-0.195778995752335,-0.197380006313324,-0.191716998815536,-0.197551995515823,-0.193547993898392,-0.194291993975639,-0.196465000510216,-0.187998995184898,,-0.206247001886368,-0.20270000398159,-0.195778995752335
2,24410020,A244_OPENS_H:passLimit_uA_mV[1]/PIN9,_,V,-0.800000011920929,-0.100000001490116,,,-0.190458998084068,-0.192861005663872,-0.192347005009651,-0.195378005504608,-0.197895005345345,-0.191202998161316,-0.197380006313324,-0.193718999624252,-0.194349005818367,-0.196064993739128,-0.187941998243332,,-0.206705003976822,-0.202986001968384,-0.195549994707108
2,24410050,A244_SHORTS_H:passLimit_uA_mV[1]/PIN1,_,V,-0.800000011920929,-0.100000001490116,,,-0.190126001834869,-0.193674996495247,-0.192701995372772,-0.195449993014336,-0.197910994291306,-0.191844001412392,-0.198082998394966,-0.192072004079819,-0.194763004779816,-0.196766003966331,-0.188066005706787,,-0.20626799762249,-0.202547997236252,-0.195449993014336
2,24410050,A244_SHORTS_H:passLimit_uA_mV[1]/PIN11,_,V,-0.800000011920929,-0.100000001490116,,,-0.189721003174782,-0.193267002701759,-0.192637994885445,-0.195784002542496,-0.198015004396439,-0.19132199883461,-0.197671994566917,-0.193324998021126,-0.194353997707367,-0.195841997861862,-0.187490001320839,,-0.206709995865822,-0.203106999397278,-0.195326998829842
2,24410050,A244_SHORTS_H:passLimit_uA_mV[1]/PIN12,_,V,-0.800000011920929,-0.100000001490116,,,-0.189891993999481,-0.193095996975899,-0.192467004060745,-0.195555999875069,-0.198186993598938,-0.191494002938271,-0.197558000683784,-0.192809998989105,-0.194240003824234,-0.195669993758202,-0.187719002366066,,-0.206137999892235,-0.202763006091118,-0.195154994726181
2,24410050,A244_SHORTS_H:passLimit_uA_mV[1]/PIN13,_,V,-0.800000011920929,-0.100000001490116,,,-0.189887002110481,-0.192803993821144,-0.192231997847557,-0.195436000823975,-0.198124006390572,-0.191545993089676,-0.196979999542236,-0.193376004695892,-0.194062992930412,-0.195607006549835,-0.187885001301765,,-0.206476002931595,-0.202414005994797,-0.195607006549835
2,24410050,A244_SHORTS_H:passLimit_uA_mV[1]/PIN14,_,V,-0.800000011920929,-0.100000001490116,,,-0.189429000020027,-0.192803993821144,-0.192231997847557,-0.195492997765541,-0.197837993502617,-0.190917000174522,-0.197322994470596,-0.192803993821144,-0.193834006786346,-0.195549994707108,-0.188227996230125,,-0.206074997782707,-0.202929005026817,-0.19532099366188
2,24410050,A244_SHORTS_H:passLimit_uA_mV[1]/PIN15,_,V,-0.800000011920929,-0.100000001490116,,,-0.189950004220009,-0.193210005760193,-0.192065998911858,-0.195212006568909,-0.197501003742218,-0.191150993108749,-0.197043001651764,-0.192524001002312,-0.194240003824234,-0.195383995771408,-0.187775999307632,,-0.206024006009102,-0.202535003423691,-0.195154994726181
2,24410050,A244_SHORTS_H:passLimit_uA_mV[1]/PIN16,_,V,-0.800000011920929,-0.100000001490116,,,-0.190016999840736,-0.192879006266594,-0.192077994346619,-0.195283994078636,-0.1980309933424,-0.191562995314598,-0.197402000427246,-0.191906005144119,-0.193794995546341,-0.196371003985405,-0.187957003712654,,-0.205301001667976,-0.202438995242119,-0.19522599875927
2,24410050,A244_SHORTS_H:passLimit_uA_mV[1]/PIN17,_,V,-0.800000011920929,-0.100000001490116,,,-0.189954996109009,-0.192415997385979,-0.192415997385979,-0.195162996649742,-0.197739005088806,-0.191042006015778,-0.197739005088806,-0.192243993282318,-0.193903997540474,-0.19590799510479,-0.18817999958992,,-0.205867007374763,-0.202375993132591,-0.19522100687027
2,24410050,A244_SHORTS_H:passLimit_uA_mV[1]/PIN18,_,V,-0.800000011920929,-0.100000001490116,,,-0.190189003944397,-0.193050995469093,-0.192364007234573,-0.195512995123863,-0.198088005185127,-0.191448003053665,-0.197573006153107,-0.192592993378639,-0.194023996591568,-0.196256995201111,-0.188127994537354,,-0.205185994505882,-0.202553004026413,-0.195512995123863
2,24410050,A244_SHORTS_H:passLimit_uA_mV[1]/PIN19,_,V,-0.800000011920929,-0.100000001490116,,,-0.19047500193119,-0.193108007311821,-0.192249998450279,-0.195112004876137,-0.1980309933424,-0.191391006112099,-0.197744995355606,-0.192650005221367,-0.194080993533134,-0.196314007043839,-0.18784199655056,,-0.206045001745224,-0.202438995242119,-0.195341005921364
2,24410050,A244_SHORTS_H:passLimit_uA_mV[1]/PIN2,_,V,-0.800000011920929,-0.100000001490116,,,-0.190647006034851,-0.192650005221367,-0.192535996437073,-0.195798993110657,-0.197802007198334,-0.192020997405052,-0.1980309933424,-0.192650005221367,-0.193852007389069,-0.19574099779129,-0.188243001699448,,-0.205988004803658,-0.203354999423027,-0.195570006966591
2,24410050,A244_SHORTS_H:passLimit_uA_mV[1]/PIN3,_,V,-0.800000011920929,-0.100000001490116,,,-0.19029800593853,-0.192987993359566,-0.192301005125046,-0.195162996649742,-0.1980260014534,-0.191385999321938,-0.197453007102013,-0.192644998431206,-0.194705992937088,-0.195793002843857,-0.187894001603127,,-0.205752998590469,-0.202719002962112,-0.195678994059563
2,24410050,A244_SHORTS_H:passLimit_uA_mV[1]/PIN4,_,V,-0.800000011920929,-0.100000001490116,,,-0.190126001834869,-0.192987993359566,-0.192472994327545,-0.195620998740196,-0.197739005088806,-0.191557005047798,-0.197910994291306,-0.1927590072155,-0.194591000676155,-0.196537002921104,-0.188007995486259,,-0.20592500269413,-0.202948004007339,-0.195678994059563
2,24410050,A244_SHORTS_H:passLimit_uA_mV[1]/PIN5,_,V,-0.800000011920929,-0.100000001490116,,,-0.190132007002831,-0.19293700158596,-0.192077994346619,-0.194940000772476,-0.198375001549721,-0.191562995314598,-0.198259994387627,-0.192478999495506,-0.194481998682022,-0.19574099779129,-0.188472002744675,,-0.206274002790451,-0.202496007084846,-0.194996997714043
2,24410050,A244_SHORTS_H:passLimit_uA_mV[1]/PIN6,_,V,-0.800000011920929,-0.100000001490116,,,-0.189778000116348,-0.192981004714966,-0.192009001970291,-0.195440992712975,-0.197558000683784,-0.19132199883461,-0.197729006409645,-0.192637994885445,-0.194755002856255,-0.195898994803429,-0.188290998339653,,-0.205338001251221,-0.202419996261597,-0.195612996816635
2,24410050,A244_SHORTS_H:passLimit_uA_mV[1]/PIN7,_,V,-0.800000011920929,-0.100000001490116,,,-0.190007001161575,-0.192637994885445,-0.192122995853424,-0.195440992712975,-0.197729006409645,-0.191666007041931,-0.19744299352169,-0.19343900680542,-0.19412499666214,-0.196013003587723,-0.187719002366066,,-0.205623999238014,-0.203106999397278,-0.195383995771408
2,24410050,A244_SHORTS_H:passLimit_uA_mV[1]/PIN8,_,V,-0.800000011920929,-0.100000001490116,,,-0.190229997038841,-0.192633002996445,-0.192404001951218,-0.195893004536629,-0.19743800163269,-0.191716998815536,-0.197551995515823,-0.193605005741119,-0.194291993975639,-0.196521997451782,-0.188056007027626,,-0.206247001886368,-0.202814996242523,-0.195835992693901
2,24410050,A244_SHORTS_H:passLimit_uA_mV[1]/PIN9,_,V,-0.800000011920929,-0.100000001490116,,,-0.190573006868362,-0.192975997924805,-0.192404001951218,-0.195492997765541,-0.197895005345345,-0.191259995102882,-0.197494998574257,-0.193718999624252,-0.1944629997015,-0.196122005581856,-0.187998995184898,,-0.206705003976822,-0.20304399728775,-0.195607006549835
2,0,A244_PRE_TEMP_H:TEMP_OK@PIN1[1],_,UI,0.5,1.5,,,1,1,1,1,1,1,1,1,1,1,1,,1,1,1
2,0,A244_PRE_TEMP_H:TEMP_raw_V@PIN1[1],_,V,-2,2,,,-0.190126001834869,-0.193731993436813,-0.192644998431206,-0.195620998740196,-0.197910994291306,-0.191957995295525,-0.19819700717926,-0.192186996340752,-0.194763004779816,-0.196766003966331,-0.188123002648354,,-0.20626799762249,-0.202604994177818,-0.195391997694969
2,24412150,A244_IOFF_GND_H:passCurrentHigh_uA[1]/PIN2,u,A,-0.200000002337219,0.899999974990351,,,0.316000011935103,0.232999994409511,0.23999999143598,0.219000000356573,0.186999997708881,0.232999994409511,0.231000001349457,0.236999994740472,0.271000004659072,0.209000006634597,0.255000003335226,,0.150000005305628,0.162000006298513,0.223000000687534
2,24412150,A244_IOFF_GND_H:passCurrentHigh_uA[1]/PIN4,u,A,-0.200000002337219,0.899999974990351,,,0.327999998717132,0.235000001680419,0.244000005977796,0.209000006634597,0.186999997708881,0.233999998044965,0.209999996059196,0.235000001680419,0.269999986812763,0.208000002999142,0.260999996726241,,0.149000001670174,0.158000005967551,0.225999997383042
2,24412150,A244_IOFF_GND_H:passCurrentHigh_uA[1]/PIN6,u,A,-0.200000002337219,0.899999974990351,,,0.317999990784301,0.236000005315873,0.244000005977796,0.212000003330104,0.188000001344335,0.235000001680419,0.212000003330104,0.213999996390157,0.271999994083671,0.212000003330104,0.258999989455333,,0.150999994730228,0.159999999027605,0.236999994740472
2,24412150,A244_IOFF_GND_H:passCurrentHigh_uA[1]/PIN8,u,A,-0.200000002337219,0.899999974990351,,,0.317999990784301,0.292000009949334,0.257000010606134,0.23999999143598,0.189000004979789,0.236999994740472,0.213999996390157,0.213000006965558,0.276999998050087,0.216999993085665,0.26199998615084,,0.201000005972674,0.159999999027605,0.249999999368811
2,24412150,A244_IOFF_GND_H:passCurrentHigh_uA[1]/PIN1,u,A,-0.200000002337219,0.899999974990351,,,0.312999986817886,0.229999997714003,0.23900000201138,0.22199999705208,0.184000001013374,0.241999998706888,0.208000002999142,0.216000003661065,0.271999994083671,0.206999999363688,0.258999989455333,,0.149000001670174,0.163999999358566,0.223000000687534
2,24412150,A244_IOFF_GND_H:passCurrentHigh_uA[1]/PIN19,u,A,-0.200000002337219,0.899999974990351,,,0.320999987479809,0.241000009282288,0.241999998706888,0.216000003661065,0.209999996059196,0.233999998044965,0.209000006634597,0.212000003330104,0.289000013253826,0.205999995728234,0.354000007973809,,0.14799999803472,0.162000006298513,0.220999993416626
2,24412150,A244_IOFF_GND_H:passCurrentHigh_uA[1]/PIN17,u,A,-0.200000002337219,0.899999974990351,,,0.324000012597025,0.244999995402395,0.27300001192998,0.215000000025611,0.184000001013374,0.235000001680419,0.209999996059196,0.213999996390157,0.290999992103025,0.287999995407517,0.260999996726241,,0.142999994068305,0.159999999027605,0.224000004322988
2,24412150,A244_IOFF_GND_H:passCurrentHigh_uA[1]/PIN15,u,A,-0.200000002337219,0.899999974990351,,,0.324000012597025,0.242999988131487,0.244999995402395,0.216000003661065,0.188000001344335,0.237999998375926,0.213000006965558,0.215000000025611,0.311999997393286,0.215000000025611,0.271999994083671,,0.146999994399266,0.184000001013374,0.223000000687534
2,24412150,A244_IOFF_GND_H:passCurrentHigh_uA[1]/PIN13,u,A,-0.200000002337219,0.899999974990351,,,0.332000013258948,0.254000013910627,0.241999998706888,0.213000006965558,0.185000004648828,0.236000005315873,0.212000003330104,0.213000006965558,0.277999987474686,0.205999995728234,0.260999996726241,,0.142000004643705,0.162999995723112,0.223000000687534
2,24412150,A244_IOFF_GND_H:passCurrentHigh_uA[1]/PIN11,u,A,-0.200000002337219,0.899999974990351,,,0.322999994750717,0.23900000201138,0.237999998375926,0.206999999363688,0.185999994073427,0.23999999143598,0.224999993747588,0.21099999969465,0.282000002016503,0.252999996064318,0.26199998615084,,0.146999994399266,0.170999996385035,0.224999993747588
2,24412150,A244_IOFF_GND_H:passCurrentHigh_uA[1]/PIN12,u,A,-0.200000002337219,0.899999974990351,,,0.340000013920871,0.23999999143598,0.241000009282288,0.232999994409511,0.186999997708881,0.235000001680419,0.212000003330104,0.224999993747588,0.276999998050087,0.213999996390157,0.260999996726241,,0.143999997703759,0.166999996054074,0.223000000687534
2,24412150,A244_IOFF_GND_H:passCurrentHigh_uA[1]/PIN14,u,A,-0.200000002337219,0.899999974990351,,,0.327000009292533,0.247999992097903,0.242999988131487,0.220999993416626,0.186999997708881,0.246000013248704,0.209999996059196,0.212000003330104,0.279000005320995,0.209999996059196,0.258999989455333,,0.143999997703759,0.161000002663059,0.314999994088794
2,24412150,A244_IOFF_GND_H:passCurrentHigh_uA[1]/PIN16,u,A,-0.200000002337219,0.899999974990351,,,0.324000012597025,0.236999994740472,0.244999995402395,0.255000003335226,0.185999994073427,0.236999994740472,0.209000006634597,0.216000003661065,0.281000012591903,0.213000006965558,0.260999996726241,,0.158000005967551,0.162000006298513,0.220999993416626
2,24412150,A244_IOFF_GND_H:passCurrentHigh_uA[1]/PIN18,u,A,-0.200000002337219,0.899999974990351,,,0.325999991446224,0.255000003335226,0.247000002673303,0.213999996390157,0.182999997377919,0.232999994409511,0.220999993416626,0.213000006965558,0.277999987474686,0.205999995728234,0.263999993421749,,0.149000001670174,0.167999999689528,0.224000004322988
2,24412150,A244_IOFF_GND_H:passCurrentHigh_uA[1]/PIN3,u,A,-0.200000002337219,0.899999974990351,,,0.306999993426871,0.233999998044965,0.241999998706888,0.213999996390157,0.190999998039842,0.235000001680419,0.21099999969465,0.292000009949334,0.266999990117256,0.231000001349457,0.258000000030734,,0.170999996385035,0.158000005967551,0.220999993416626
2,24412150,A244_IOFF_GND_H:passCurrentHigh_uA[1]/PIN5,u,A,-0.200000002337219,0.899999974990351,,,0.316000011935103,0.237999998375926,0.242999988131487,0.227000001018496,0.188000001344335,0.249999999368811,0.209000006634597,0.213999996390157,0.322000005326117,0.311999997393286,0.274999990779179,,0.150000005305628,0.158000005967551,0.28499999871201
2,24412150,A244_IOFF_GND_H:passCurrentHigh_uA[1]/PIN7,u,A,-0.200000002337219,0.899999974990351,,,0.317999990784301,0.252000006639719,0.249000009944211,0.217999996721119,0.190999998039842,0.235000001680419,0.216999993085665,0.249999999368811,0.276000008625488,0.206999999363688,0.26199998615084,,0.155999998696643,0.158999995392151,0.228999994078549
2,24412150,A244_IOFF_GND_H:passCurrentHigh_uA[1]/PIN9,u,A,-0.200000002337219,0.899999974990351,,,0.312999986817886,0.236000005315873,0.276000008625488,0.212000003330104,0.189999994404388,0.242999988131487,0.21099999969465,0.213000006965558,0.279000005320995,0.205000006303635,0.258999989455333,,0.170999996385035,0.158000005967551,0.220000003992027
2,24412180,A244_PSHORTS_VCC_H:passCurrLimit_uA[1]#VCC_PIN20,_,A,-0.00999999977648258,0.00999999977648258,,,0.00014638839638792,0.000142860968480818,0.000142077100463212,0.000151875516166911,0.000144036777783185,0.000140901291160844,0.000140117408591323,0.000143252909765579,0.000142077100463212,0.000144036777783185,0.000146780337672681,,0.000147172264405526,0.000141685159178451,0.000143644836498424
2,0,A244_TRAFFIC_H:Functional[1],_,fail_cycle,,-0.5,,,-1,-1,-1,-1,-1,-1,-1,-1,-1,-1,-1,,-1,-1,-1
2,24412200,A244_ICCH_VCC_H:passCurrLimit_uA[1]#VCC_PIN20,u,A,19.9999994947575,119.999996968545,,,120.646873256192,118.745439976919,118.603420560248,116.765106213279,115.747330710292,116.30749941105,117.459407192655,116.299612272996,118.153708172031,116.844006697647,116.212824650574,,114.840004243888,114.879454486072,117.44362564059
2,24412220,A244_ICCL_VCC_H:passCurrLimit_uA[1]#VCC_PIN20,u,A,0,144.999998155981,,,135.945127112791,133.664987515658,133.404624648392,131.329608848318,130.138258100487,131.006134324707,132.434186525643,130.982458358631,133.28627392184,131.132372189313,130.737884319387,,129.159932839684,129.033694975078,132.079134345986
2,0,A244_ICCX_VCC_H:passCurrLimit_uA[1]#VCC_PIN20,_,,,,,,122.580528259277,120.140899658203,120.219589233398,117.740608215332,116.756881713867,117.819305419922,118.684982299805,117.189720153809,119.944145202637,118.52758026123,118.370193481445,,116.324043273926,116.205993652344,118.370193481445
2,0,A244_VILH_H:VILH_VCC_5.5000[1],_,fail_cycle,,-0.5,,,-1,-1,-1,-1,-1,-1,-1,-1,-1,-1,-1,,-1,-1,-1
2,0,A244_VILH_H:VILH_VCC_4.5000[1],_,fail_cycle,,-0.5,,,-1,-1,-1,-1,-1,-1,-1,-1,-1,-1,-1,,-1,-1,-1
2,0,A244_VILH_H:VILH_VCC_3.6000[1],_,fail_cycle,,-0.5,,,-1,-1,-1,-1,-1,-1,-1,-1,-1,-1,-1,,-1,-1,-1
2,0,A244_VILH_H:VILH_VCC_3.0000[1],_,fail_cycle,,-0.5,,,-1,-1,-1,-1,-1,-1,-1,-1,-1,-1,-1,,-1,-1,-1
2,0,A244_VILH_H:VILH_VCC_2.7000[1],_,fail_cycle,,-0.5,,,-1,-1,-1,-1,-1,-1,-1,-1,-1,-1,-1,,-1,-1,-1
2,0,A244_VILH_H:VILH_VCC_2.3000[1],_,fail_cycle,,-0.5,,,-1,-1,-1,-1,-1,-1,-1,-1,-1,-1,-1,,-1,-1,-1
2,0,A244_VILH_H:VILH_VCC_1.9500[1],_,fail_cycle,,-0.5,,,-1,-1,-1,-1,-1,-1,-1,-1,-1,-1,-1,,-1,-1,-1
2,0,A244_VILH_H:VILH_VCC_1.6500[1],_,fail_cycle,,-0.5,,,-1,-1,-1,-1,-1,-1,-1,-1,-1,-1,-1,,-1,-1,-1
2,0,A244_VILH_H:VILH_VCC_1.4000[1],_,fail_cycle,,-0.5,,,-1,-1,-1,-1,-1,-1,-1,-1,-1,-1,-1,,-1,-1,-1
2,24412710,A244_VOLH_H:VOL_VCCY_1.40_IOL_0.10[1]/PIN12,_,V,0,0.550000011920929,,,0.010152000002563,0.0102669997140765,0.0103240003809333,0.0102099999785423,0.0102099999785423,0.010152000002563,0.0100950002670288,0.010152000002563,0.00986600015312433,0.0102099999785423,0.0102099999785423,,0.00998099986463785,0.010037999600172,0.0100950002670288
2,24412710,A244_VOLH_H:VOL_VCCY_1.40_IOL_0.10[1]/PIN14,_,V,0,0.550000011920929,,,0.0100950002670288,0.0102089997380972,0.010266000404954,0.010266000404954,0.0100950002670288,0.0102089997380972,0.010037999600172,0.010152000002563,0.00975199975073338,0.0100950002670288,0.010152000002563,,0.010037999600172,0.010152000002563,0.0100950002670288
2,24412710,A244_VOLH_H:VOL_VCCY_1.40_IOL_0.10[1]/PIN16,_,V,0,0.550000011920929,,,0.0100450003519654,0.0102739995345473,0.0102739995345473,0.0103310002014041,0.0101020000874996,0.010215999558568,0.0101020000874996,0.010215999558568,0.0099870003759861,0.0101589998230338,0.010215999558568,,0.0101020000874996,0.0101020000874996,0.0102739995345473
2,24412710,A244_VOLH_H:VOL_VCCY_1.40_IOL_0.10[1]/PIN18,_,V,0,0.550000011920929,,,0.0101020000874996,0.010215999558568,0.0102730002254248,0.0101589998230338,0.0101020000874996,0.0101589998230338,0.0100440001115203,0.0101020000874996,0.00981499999761581,0.0102730002254248,0.0101589998230338,,0.0099870003759861,0.0101020000874996,0.0101020000874996
2,24412710,A244_VOLH_H:VOL_VCCY_1.40_IOL_0.10[1]/PIN3,_,V,0,0.550000011920929,,,0.00992999970912933,0.0101589998230338,0.0101020000874996,0.0099870003759861,0.0101020000874996,0.0101020000874996,0.00992999970912933,0.00992999970912933,0.00970099959522486,0.0100440001115203,0.0100440001115203,,0.00987299997359514,0.00987299997359514,0.0100440001115203
2,24412710,A244_VOLH_H:VOL_VCCY_1.40_IOL_0.10[1]/PIN5,_,V,0,0.550000011920929,,,0.00992999970912933,0.0100450003519654,0.0101589998230338,0.0101020000874996,0.00992999970912933,0.0100450003519654,0.00987299997359514,0.0100450003519654,0.00981600023806095,0.0101020000874996,0.0100450003519654,,0.0099870003759861,0.00992999970912933,0.0100450003519654
2,24412710,A244_VOLH_H:VOL_VCCY_1.40_IOL_0.10[1]/PIN7,_,V,0,0.550000011920929,,,0.00992299988865852,0.0100950002670288,0.010152000002563,0.010037999600172,0.010037999600172,0.0100950002670288,0.00998099986463785,0.00998099986463785,0.00969500001519918,0.010037999600172,0.010037999600172,,0.00980900041759014,0.00992299988865852,0.010037999600172
2,24412710,A244_VOLH_H:VOL_VCCY_1.40_IOL_0.10[1]/PIN9,_,V,0,0.550000011920929,,,0.00986600015312433,0.010037999600172,0.0100950002670288,0.010037999600172,0.00992299988865852,0.00992299988865852,0.00986600015312433,0.00986600015312433,0.00969399977475405,0.0100950002670288,0.00992299988865852,,0.00980900041759014,0.00986600015312433,0.00992299988865852
2,24412712,A244_VOLH_H:VOH_VCCY_1.40_IOH_-0.10[1]/PIN12,_,V,1.25,1.64999997615814,,,1.39027202129364,1.38981401920319,1.3899290561676,1.38998603820801,1.38998603820801,1.38987100124359,1.39010000228882,1.3899290561676,1.39038598537445,1.38987100124359,1.38998603820801,,1.39004302024841,1.38998603820801,1.39004302024841
2,24412712,A244_VOLH_H:VOH_VCCY_1.40_IOH_-0.10[1]/PIN14,_,V,1.25,1.64999997615814,,,1.39029705524445,1.38984000682831,1.38984000682831,1.38995397090912,1.38989698886871,1.39001095294952,1.39001095294952,1.38995397090912,1.39041197299957,1.38984000682831,1.38995397090912,,1.39001095294952,1.38989698886871,1.38995397090912
2,24412712,A244_VOLH_H:VOH_VCCY_1.40_IOH_-0.10[1]/PIN16,_,V,1.25,1.64999997615814,,,1.39039397239685,1.3899359703064,1.3899359703064,1.3900500535965,1.3900500535965,1.3900500535965,1.39016497135162,1.3900500535965,1.39050805568695,1.3900500535965,1.3901070356369,,1.3901070356369,1.3899929523468,1.3901070356369
2,24412712,A244_VOLH_H:VOH_VCCY_1.40_IOH_-0.10[1]/PIN18,_,V,1.25,1.64999997615814,,,1.39036202430725,1.3899610042572,1.38984704017639,1.39007604122162,1.3899610042572,1.39007604122162,1.39007604122162,1.39001798629761,1.39041900634766,1.3899040222168,1.39001798629761,,1.39007604122162,1.3899610042572,1.39019000530243
2,24412712,A244_VOLH_H:VOH_VCCY_1.40_IOH_-0.10[1]/PIN3,_,V,1.25,1.64999997615814,,,1.39013302326202,1.38973200321198,1.38973200321198,1.3899040222168,1.38984704017639,1.38984704017639,1.39001798629761,1.38984704017639,1.39024698734283,1.38984704017639,1.38984704017639,,1.39001798629761,1.3899610042572,1.39001798629761
2,24412712,A244_VOLH_H:VOH_VCCY_1.40_IOH_-0.10[1]/PIN5,_,V,1.25,1.64999997615814,,,1.39027905464172,1.38982105255127,1.3899359703064,1.3899359703064,1.38987803459167,1.3899359703064,1.3900500535965,1.38987803459167,1.39022195339203,1.38987803459167,1.3899359703064,,1.38987803459167,1.38987803459167,1.3900500535965
2,24412712,A244_VOLH_H:VOH_VCCY_1.40_IOH_-0.10[1]/PIN7,_,V,1.25,1.64999997615814,,,1.39021503925323,1.38975703716278,1.38981401920319,1.38981401920319,1.3899290561676,1.38981401920319,1.38998603820801,1.38987100124359,1.39021503925323,1.38981401920319,1.38981401920319,,1.38998603820801,1.3899290561676,1.39004302024841
2,24412712,A244_VOLH_H:VOH_VCCY_1.40_IOH_-0.10[1]/PIN9,_,V,1.25,1.64999997615814,,,1.39018297195435,1.38966798782349,1.38984000682831,1.38984000682831,1.38972496986389,1.38984000682831,1.38989698886871,1.3897819519043,1.39018297195435,1.38972496986389,1.38989698886871,,1.3897819519043,1.38984000682831,1.38995397090912
2,24412250,A244_VOLH_H:VOL_VCCY_5.50_IOL_0.10[1]/PIN12,_,V,0,0.0469999983906746,,,0.00431700004264712,0.00431700004264712,0.00443200021982193,0.00437500001862645,0.00431700004264712,0.00431700004264712,0.00431700004264712,0.00437500001862645,0.00420300010591745,0.00431700004264712,0.00443200021982193,,0.00414599990472198,0.00431700004264712,0.00431700004264712
2,24412250,A244_VOLH_H:VOL_VCCY_5.50_IOL_0.10[1]/PIN14,_,V,0,0.0469999983906746,,,0.00431700004264712,0.00431700004264712,0.00437500001862645,0.00431700004264712,0.00425999984145164,0.00431700004264712,0.00431700004264712,0.00437500001862645,0.00420300010591745,0.00425999984145164,0.00437500001862645,,0.00420300010591745,0.00425999984145164,0.00425999984145164
2,24412250,A244_VOLH_H:VOL_VCCY_5.50_IOL_0.10[1]/PIN16,_,V,0,0.0469999983906746,,,0.00426300009712577,0.00437799980863929,0.00437799980863929,0.00443500000983477,0.00426300009712577,0.00437799980863929,0.00431999983265996,0.00431999983265996,0.00426300009712577,0.00443500000983477,0.00437799980863929,,0.00437799980863929,0.00426300009712577,0.00426300009712577
2,24412250,A244_VOLH_H:VOL_VCCY_5.50_IOL_0.10[1]/PIN18,_,V,0,0.0469999983906746,,,0.00437799980863929,0.00431999983265996,0.00431999983265996,0.00431999983265996,0.00431999983265996,0.00437799980863929,0.00431999983265996,0.00437799980863929,0.00420599989593029,0.00437799980863929,0.00437799980863929,,0.0041490001603961,0.00420599989593029,0.00443500000983477
2,24412250,A244_VOLH_H:VOL_VCCY_5.50_IOL_0.10[1]/PIN3,_,V,0,0.0469999983906746,,,0.0041490001603961,0.00426300009712577,0.00426300009712577,0.0041490001603961,0.00420599989593029,0.00420599989593029,0.00420599989593029,0.00426300009712577,0.00403399998322129,0.00426300009712577,0.00426300009712577,,0.0041490001603961,0.0041490001603961,0.0041490001603961
2,24412250,A244_VOLH_H:VOL_VCCY_5.50_IOL_0.10[1]/PIN5,_,V,0,0.0469999983906746,,,0.00426300009712577,0.00420599989593029,0.00420599989593029,0.00420599989593029,0.00420599989593029,0.0041490001603961,0.0041490001603961,0.00420599989593029,0.00403399998322129,0.00420599989593029,0.00431999983265996,,0.00409100018441677,0.0041490001603961,0.00420599989593029
2,24412250,A244_VOLH_H:VOL_VCCY_5.50_IOL_0.10[1]/PIN7,_,V,0,0.0469999983906746,,,0.00425999984145164,0.00420300010591745,0.00425999984145164,0.00420300010591745,0.00420300010591745,0.00420300010591745,0.00420300010591745,0.00420300010591745,0.00403100019320846,0.00425999984145164,0.00425999984145164,,0.00408900016918778,0.00420300010591745,0.00414599990472198
2,24412250,A244_VOLH_H:VOL_VCCY_5.50_IOL_0.10[1]/PIN9,_,V,0,0.0469999983906746,,,0.00408900016918778,0.00414599990472198,0.00408900016918778,0.00408900016918778,0.00414599990472198,0.00414599990472198,0.00408900016918778,0.00414599990472198,0.00397399999201298,0.00414599990472198,0.00420300010591745,,0.00403100019320846,0.00408900016918778,0.00414599990472198
2,24412260,A244_VOLH_H:VOH_VCCY_5.50_IOH_-0.10[1]/PIN12,_,V,5.40500020980835,5.5,,,5.49601078033447,5.49584007263184,5.49601078033447,5.49595403671265,5.49589681625366,5.49589681625366,5.49595403671265,5.49584007263184,5.49595403671265,5.49595403671265,5.49589681625366,,5.49601078033447,5.49589681625366,5.49589681625366
2,24412260,A244_VOLH_H:VOH_VCCY_5.50_IOH_-0.10[1]/PIN14,_,V,5.40500020980835,5.5,,,5.49597311019897,5.49574422836304,5.49585914611816,5.49585914611816,5.49574422836304,5.49580192565918,5.49580192565918,5.49591588973999,5.49597311019897,5.49585914611816,5.49580192565918,,5.49585914611816,5.49597311019897,5.49574422836304
2,24412260,A244_VOLH_H:VOH_VCCY_5.50_IOH_-0.10[1]/PIN16,_,V,5.40500020980835,5.5,,,5.49608612060547,5.49591398239136,5.49608612060547,5.49608612060547,5.49597120285034,5.49597120285034,5.49614286422729,5.49602890014648,5.49614286422729,5.49597120285034,5.49602890014648,,5.49614286422729,5.49602890014648,5.49608612060547
2,24412260,A244_VOLH_H:VOH_VCCY_5.50_IOH_-0.10[1]/PIN18,_,V,5.40500020980835,5.5,,,5.49606609344482,5.49589490890503,5.49583721160889,5.49600887298584,5.49589490890503,5.49600887298584,5.49589490890503,5.49595212936401,5.49606609344482,5.49595212936401,5.49589490890503,,5.49589490890503,5.49600887298584,5.49589490890503
2,24412260,A244_VOLH_H:VOH_VCCY_5.50_IOH_-0.10[1]/PIN3,_,V,5.40500020980835,5.5,,,5.49600887298584,5.49589490890503,5.4957799911499,5.49589490890503,5.49589490890503,5.49595212936401,5.49595212936401,5.49583721160889,5.49600887298584,5.49589490890503,5.4957799911499,,5.49595212936401,5.49589490890503,5.49595212936401
2,24412260,A244_VOLH_H:VOH_VCCY_5.50_IOH_-0.10[1]/PIN5,_,V,5.40500020980835,5.5,,,5.49597120285034,5.49585580825806,5.49591398239136,5.49585580825806,5.49579906463623,5.49591398239136,5.49591398239136,5.49591398239136,5.49591398239136,5.49585580825806,5.49591398239136,,5.49585580825806,5.49591398239136,5.49579906463623
2,24412260,A244_VOLH_H:VOH_VCCY_5.50_IOH_-0.10[1]/PIN7,_,V,5.40500020980835,5.5,,,5.49597311019897,5.49574422836304,5.49574422836304,5.49580192565918,5.49591588973999,5.49585914611816,5.49585914611816,5.49574422836304,5.49585914611816,5.49580192565918,5.49580192565918,,5.49591588973999,5.49580192565918,5.49585914611816
2,24412260,A244_VOLH_H:VOH_VCCY_5.50_IOH_-0.10[1]/PIN9,_,V,5.40500020980835,5.5,,,5.49589681625366,5.49578285217285,5.49578285217285,5.49578285217285,5.49572515487671,5.49584007263184,5.49578285217285,5.49584007263184,5.49578285217285,5.49584007263184,5.49589681625366,,5.49584007263184,5.49578285217285,5.49584007263184
2,24412270,A244_VOLH_H:VOL_VCCY_1.65_IOL_1.00[1]/PIN12,_,V,0,0.096000000834465,,,0.0875499993562698,0.0890379995107651,0.0888660028576851,0.0883509963750839,0.0874930024147034,0.0881789997220039,0.0872069969773293,0.0880080014467239,0.085147999227047,0.0882939994335175,0.088237002491951,,0.0860629975795746,0.0872069969773293,0.0876069962978363
2,24412270,A244_VOLH_H:VOL_VCCY_1.65_IOL_1.00[1]/PIN14,_,V,0,0.096000000834465,,,0.0866329967975616,0.0884630009531975,0.0886349976062775,0.0877770036458969,0.0870330035686493,0.0877770036458969,0.0866900011897087,0.0869759991765022,0.0844020023941994,0.0876630023121834,0.0879490002989769,,0.0861750021576881,0.0865190029144287,0.0871480032801628
2,24412270,A244_VOLH_H:VOL_VCCY_1.65_IOL_1.00[1]/PIN16,_,V,0,0.096000000834465,,,0.0871500000357628,0.0886960029602051,0.0888679996132851,0.0880089998245239,0.0874369964003563,0.0880089998245239,0.0870359987020493,0.0875509977340698,0.0849749967455864,0.0880089998245239,0.0882949978113174,,0.0861769989132881,0.0867500007152557,0.0874369964003563
2,24412270,A244_VOLH_H:VOL_VCCY_1.65_IOL_1.00[1]/PIN18,_,V,0,0.096000000834465,,,0.0875490009784698,0.0892089977860451,0.0892660021781921,0.0883509963750839,0.0878930017352104,0.088408000767231,0.0871480032801628,0.0877780020236969,0.0852589979767799,0.088408000767231,0.0882930010557175,,0.0865190029144287,0.0870340019464493,0.0876059979200363
2,24412270,A244_VOLH_H:VOL_VCCY_1.65_IOL_1.00[1]/PIN3,_,V,0,0.096000000834465,,,0.0866909995675087,0.0882359966635704,0.0881220027804375,0.0875490009784698,0.0871480032801628,0.0874919965863228,0.0865190029144287,0.0867479965090752,0.0843439996242523,0.0874919965863228,0.0872630029916763,,0.0856600031256676,0.0863469988107681,0.0866329967975616
2,24412270,A244_VOLH_H:VOL_VCCY_1.65_IOL_1.00[1]/PIN5,_,V,0,0.096000000834465,,,0.0864059999585152,0.0879520028829575,0.0879520028829575,0.0873790010809898,0.0868069976568222,0.0870359987020493,0.0864640027284622,0.0867500007152557,0.0845170021057129,0.0874369964003563,0.0874369964003563,,0.0858339965343475,0.0863490030169487,0.0869209989905357
2,24412270,A244_VOLH_H:VOL_VCCY_1.65_IOL_1.00[1]/PIN7,_,V,0,0.096000000834465,,,0.0861200019717216,0.0875499993562698,0.0874930024147034,0.0868640020489693,0.0862919986248016,0.0868640020489693,0.0860060006380081,0.0862919986248016,0.0839459970593452,0.0870350003242493,0.0868640020489693,,0.084976002573967,0.085547998547554,0.0862919986248016
2,24412270,A244_VOLH_H:VOL_VCCY_1.65_IOL_1.00[1]/PIN9,_,V,0,0.096000000834465,,,0.0857750028371811,0.0872050002217293,0.0871480032801628,0.0863469988107681,0.0856029987335205,0.0863469988107681,0.0854320004582405,0.0857750028371811,0.0832580029964447,0.0863469988107681,0.0861750021576881,,0.0845739990472794,0.0852599963545799,0.0856029987335205
2,24412280,A244_VOLH_H:VOH_VCCY_1.65_IOH_-1.00[1]/PIN12,_,V,1.50499999523163,1.64999997615814,,,1.56417405605316,1.56091296672821,1.56068503856659,1.56142795085907,1.56171405315399,1.56137096881866,1.5626300573349,1.56159996986389,1.56508898735046,1.56114196777344,1.56097102165222,,1.56257200241089,1.56159996986389,1.56228601932526
2,24412280,A244_VOLH_H:VOH_VCCY_1.65_IOH_-1.00[1]/PIN14,_,V,1.50499999523163,1.64999997615814,,,1.56448197364807,1.56104898452759,1.56122100353241,1.56184995174408,1.56219303607941,1.56173598766327,1.5629940032959,1.56207895278931,1.56545400619507,1.56145000457764,1.56122100353241,,1.5630509853363,1.56184995174408,1.56259405612946
2,24412280,A244_VOLH_H:VOH_VCCY_1.65_IOH_-1.00[1]/PIN16,_,V,1.50499999523163,1.64999997615814,,,1.56469702720642,1.56154894828796,1.56143498420715,1.56223595142365,1.56235003471375,1.56194996833801,1.56332397460938,1.56257903575897,1.56555604934692,1.56206405162811,1.56189203262329,,1.56338095664978,1.56217896938324,1.56303703784943
2,24412280,A244_VOLH_H:VOH_VCCY_1.65_IOH_-1.00[1]/PIN18,_,V,1.50499999523163,1.64999997615814,,,1.56511902809143,1.56185698509216,1.56185698509216,1.56242895126343,1.56288695335388,1.56231498718262,1.56345903873444,1.56265795230865,1.56597805023193,1.5621999502182,1.5621429681778,,1.56363105773926,1.56265795230865,1.56328797340393
2,24412280,A244_VOLH_H:VOH_VCCY_1.65_IOH_-1.00[1]/PIN3,_,V,1.50499999523163,1.64999997615814,,,1.56420397758484,1.56151294708252,1.5613420009613,1.5621429681778,1.5621999502182,1.56185698509216,1.56328797340393,1.56231498718262,1.56511902809143,1.56197094917297,1.56179904937744,,1.56288695335388,1.5622570514679,1.56271505355835
2,24412280,A244_VOLH_H:VOH_VCCY_1.65_IOH_-1.00[1]/PIN5,_,V,1.50499999523163,1.64999997615814,,,1.56389594078064,1.56074798107147,1.56057596206665,1.56143498420715,1.56143498420715,1.56120598316193,1.56246495246887,1.56154894828796,1.56481194496155,1.5611480474472,1.56143498420715,,1.5626939535141,1.56183505058289,1.56252205371857
2,24412280,A244_VOLH_H:VOH_VCCY_1.65_IOH_-1.00[1]/PIN7,_,V,1.50499999523163,1.64999997615814,,,1.56371605396271,1.56045603752136,1.56045603752136,1.56119894981384,1.56142795085907,1.56119894981384,1.56217205524445,1.56131398677826,1.56457495689392,1.56114196777344,1.56091296672821,,1.56194305419922,1.56125700473785,1.56217205524445
2,24412280,A244_VOLH_H:VOH_VCCY_1.65_IOH_-1.00[1]/PIN9,_,V,1.50499999523163,1.64999997615814,,,1.56327998638153,1.55984795093536,1.55990505218506,1.56070601940155,1.56070601940155,1.56053400039673,1.56162095069885,1.56076300144196,1.56402397155762,1.56030595302582,1.56053400039673,,1.56162095069885,1.56081998348236,1.56156396865845
2,24412290,A244_VOLH_H:VOL_VCCY_5.50_IOL_1.00[1]/PIN12,_,V,0,0.0750000029802322,,,0.0421870015561581,0.0428729988634586,0.0428159981966019,0.0426449999213219,0.0423009991645813,0.0426449999213219,0.0421870015561581,0.0424729995429516,0.0412719994783401,0.0424159988760948,0.0429310016334057,,0.0416150018572807,0.0420150011777878,0.0424729995429516
2,24412290,A244_VOLH_H:VOL_VCCY_5.50_IOL_1.00[1]/PIN14,_,V,0,0.0750000029802322,,,0.0421859994530678,0.0425859987735748,0.0428149998188019,0.0425290018320084,0.0422430001199245,0.0425859987735748,0.0422430001199245,0.0423579998314381,0.0410990007221699,0.0423579998314381,0.0429299995303154,,0.0416139997541904,0.0418430007994175,0.0423000007867813
2,24412290,A244_VOLH_H:VOL_VCCY_5.50_IOL_1.00[1]/PIN16,_,V,0,0.0750000029802322,,,0.0422150008380413,0.0429020002484322,0.0429020002484322,0.0426159985363483,0.0423289984464645,0.0426159985363483,0.0422720015048981,0.0425579994916916,0.0412990003824234,0.0425009988248348,0.0430740006268024,,0.0417000018060207,0.042043000459671,0.0424439981579781
2,24412290,A244_VOLH_H:VOL_VCCY_5.50_IOL_1.00[1]/PIN18,_,V,0,0.0750000029802322,,,0.0423289984464645,0.0429579988121986,0.0429009981453419,0.0426720008254051,0.0425570011138916,0.0428440012037754,0.0424429997801781,0.0427290014922619,0.0414130017161369,0.0426720008254051,0.0431299991905689,,0.0417560003697872,0.0421000011265278,0.0424429997801781
2,24412290,A244_VOLH_H:VOL_VCCY_5.50_IOL_1.00[1]/PIN3,_,V,0,0.0750000029802322,,,0.0415269993245602,0.0421000011265278,0.0421570017933846,0.0419850014150143,0.0416419990360737,0.0418710000813007,0.0415269993245602,0.0416989997029305,0.0405539982020855,0.0418710000813007,0.042213998734951,,0.0410690009593964,0.0412979982793331,0.0416419990360737
2,24412290,A244_VOLH_H:VOL_VCCY_5.50_IOL_1.00[1]/PIN5,_,V,0,0.0750000029802322,,,0.0415280014276505,0.0421580001711845,0.0421009995043278,0.041813999414444,0.041643001139164,0.0418719984591007,0.0415280014276505,0.0418719984591007,0.0407270006835461,0.041813999414444,0.0422720015048981,,0.0411270000040531,0.0414140000939369,0.041813999414444
2,24412290,A244_VOLH_H:VOL_VCCY_5.50_IOL_1.00[1]/PIN7,_,V,0,0.0750000029802322,,,0.0412140004336834,0.0417860001325607,0.0418439991772175,0.041558001190424,0.0414430014789104,0.0416150018572807,0.0411569997668266,0.0414999984204769,0.040242001414299,0.041558001190424,0.041958000510931,,0.0406420007348061,0.0409279987215996,0.0413860008120537
2,24412290,A244_VOLH_H:VOL_VCCY_5.50_IOL_1.00[1]/PIN9,_,V,0,0.0750000029802322,,,0.0405840016901493,0.0411560013890266,0.0411560013890266,0.0408129990100861,0.0406409986317158,0.0409849993884563,0.0405840016901493,0.0407559983432293,0.0396119989454746,0.0408699996769428,0.0412129983305931,,0.0400689989328384,0.0403550006449223,0.0408129990100861
2,24412300,A244_VOLH_H:VOH_VCCY_5.50_IOH_-1.00[1]/PIN12,_,V,5.35500001907349,5.5,,,5.4595160484314,5.45831394195557,5.45819997787476,5.45860004425049,5.45865821838379,5.4585428237915,5.45882892608643,5.45871496200562,5.45997285842896,5.4585428237915,5.45831394195557,,5.45917320251465,5.45882892608643,5.4587721824646
2,24412300,A244_VOLH_H:VOH_VCCY_5.50_IOH_-1.00[1]/PIN14,_,V,5.35500001907349,5.5,,,5.45970487594604,5.4583888053894,5.45850419998169,5.45878982543945,5.45884704589844,5.45867490768433,5.45907592773438,5.45896100997925,5.46004819869995,5.45873212814331,5.4583888053894,,5.45918989181519,5.45890378952026,5.45890378952026
2,24412300,A244_VOLH_H:VOH_VCCY_5.50_IOH_-1.00[1]/PIN16,_,V,5.35500001907349,5.5,,,5.45996809005737,5.45888090133667,5.45899486541748,5.45916700363159,5.45928192138672,5.45910978317261,5.45939588546753,5.45928192138672,5.46048402786255,5.45916700363159,5.45899486541748,,5.45979690551758,5.4593391418457,5.45939588546753
2,24412300,A244_VOLH_H:VOH_VCCY_5.50_IOH_-1.00[1]/PIN18,_,V,5.35500001907349,5.5,,,5.46074819564819,5.45954608917236,5.45948791503906,5.45988893508911,5.4599461555481,5.45988893508911,5.46011781692505,5.46000385284424,5.46109104156494,5.45988893508911,5.45954608917236,,5.46034717559814,5.4599461555481,5.4599461555481
2,24412300,A244_VOLH_H:VOH_VCCY_5.50_IOH_-1.00[1]/PIN3,_,V,5.35500001907349,5.5,,,5.4599461555481,5.45914506912231,5.4590311050415,5.45943117141724,5.45943117141724,5.45931720733643,5.45954608917236,5.45943117141724,5.46063280105591,5.45931720733643,5.45908784866333,,5.4597749710083,5.45954608917236,5.45948791503906
2,24412300,A244_VOLH_H:VOH_VCCY_5.50_IOH_-1.00[1]/PIN5,_,V,5.35500001907349,5.5,,,5.45921993255615,5.45813179016113,5.45818901062012,5.45864677429199,5.45864677429199,5.45853281021118,5.4588189125061,5.45853281021118,5.45973491668701,5.45841789245605,5.45836114883423,,5.45910501480103,5.4588189125061,5.4588189125061
2,24412300,A244_VOLH_H:VOH_VCCY_5.50_IOH_-1.00[1]/PIN7,_,V,5.35500001907349,5.5,,,5.45890378952026,5.45793199539185,5.45798921585083,5.45810317993164,5.45844602584839,5.45827484130859,5.45827484130859,5.45821809768677,5.45953321456909,5.45827484130859,5.45798921585083,,5.45867490768433,5.45844602584839,5.45844602584839
2,24412300,A244_VOLH_H:VOH_VCCY_5.50_IOH_-1.00[1]/PIN9,_,V,5.35500001907349,5.5,,,5.45848608016968,5.45728492736816,5.45739889144897,5.4576849937439,5.4576849937439,5.45774221420288,5.45797109603882,5.4576849937439,5.45900106430054,5.4576849937439,5.45734214782715,,5.45831394195557,5.45802783966064,5.45791387557983
2,24412690,A244_VOLH_H:VOL_VCCY_1.65_IOL_4.00[1]/PIN12,_,V,0,0.649999976158142,,,0.407496005296707,0.417906999588013,0.418365001678467,0.4132159948349,0.409498006105423,0.412988007068634,0.406751990318298,0.409841001033783,0.393996000289917,0.412815988063812,0.411329001188278,,0.40251898765564,0.406751990318298,0.408926010131836
2,24412690,A244_VOLH_H:VOL_VCCY_1.65_IOL_4.00[1]/PIN14,_,V,0,0.649999976158142,,,0.406742990016937,0.417782992124557,0.418069005012512,0.413320988416672,0.410061001777649,0.413549989461899,0.407029002904892,0.409031003713608,0.393642991781235,0.413091987371445,0.411547988653183,,0.403939992189407,0.406571000814438,0.408744990825653
2,24412690,A244_VOLH_H:VOL_VCCY_1.65_IOL_4.00[1]/PIN16,_,V,0,0.649999976158142,,,0.406563997268677,0.4184710085392,0.418242007493973,0.413547992706299,0.409999012947083,0.412860989570618,0.407709002494812,0.408910989761353,0.394715011119843,0.413491010665894,0.412288993597031,,0.403472989797592,0.405934989452362,0.409541010856628
2,24412690,A244_VOLH_H:VOL_VCCY_1.65_IOL_4.00[1]/PIN18,_,V,0,0.649999976158142,,,0.407413989305496,0.419319987297058,0.419147998094559,0.414512008428574,0.411020010709763,0.413881987333298,0.408329993486404,0.4098179936409,0.395736008882523,0.415369987487793,0.411821007728577,,0.403578996658325,0.407070010900497,0.4096460044384
2,24412690,A244_VOLH_H:VOL_VCCY_1.65_IOL_4.00[1]/PIN3,_,V,0,0.649999976158142,,,0.40506699681282,0.414339989423752,0.414855003356934,0.409931987524033,0.407642990350723,0.410275995731354,0.403349995613098,0.405010014772415,0.392760008573532,0.410389989614487,0.408443987369537,,0.399857997894287,0.402891993522644,0.406441003084183
2,24412690,A244_VOLH_H:VOL_VCCY_1.65_IOL_4.00[1]/PIN5,_,V,0,0.649999976158142,,,0.40318700671196,0.413491010665894,0.413661986589432,0.409312009811401,0.405763000249863,0.408338993787766,0.403416007757187,0.405075997114182,0.391624003648758,0.409655004739761,0.40776601433754,,0.399866998195648,0.402328014373779,0.405591011047363
2,24412690,A244_VOLH_H:VOL_VCCY_1.65_IOL_4.00[1]/PIN7,_,V,0,0.649999976158142,,,0.402233004570007,0.411500006914139,0.411671996116638,0.40692400932312,0.40412101149559,0.407438993453979,0.40166100859642,0.403777986764908,0.38976201415062,0.40760999917984,0.405894011259079,,0.397599011659622,0.400002002716064,0.403548985719681
2,24412690,A244_VOLH_H:VOL_VCCY_1.65_IOL_4.00[1]/PIN9,_,V,0,0.649999976158142,,,0.398734003305435,0.408802002668381,0.40897399187088,0.403883010149002,0.40056499838829,0.403768002986908,0.397991001605988,0.400678992271423,0.385805994272232,0.40353998541832,0.402051985263824,,0.394558995962143,0.396504014730453,0.400164991617203
2,24412700,A244_VOLH_H:VOH_VCCY_1.65_IOH_-4.00[1]/PIN12,_,V,1.10000002384186,1.64999997615814,,,1.27769303321838,1.26116096973419,1.26098895072937,1.26390695571899,1.26516497135162,1.26356399059296,1.27065694332123,1.26516497135162,1.28215503692627,1.2621910572052,1.26247704029083,,1.26894104480743,1.26453602313995,1.26928400993347
2,24412700,A244_VOLH_H:VOH_VCCY_1.65_IOH_-4.00[1]/PIN14,_,V,1.10000002384186,1.64999997615814,,,1.27995204925537,1.263592004776,1.26324903964996,1.2663379907608,1.2681679725647,1.26599395275116,1.27257299423218,1.26788198947906,1.28424203395844,1.26513600349426,1.26439297199249,,1.27137196063995,1.2663379907608,1.27057099342346
2,24412700,A244_VOLH_H:VOH_VCCY_1.65_IOH_-4.00[1]/PIN16,_,V,1.10000002384186,1.64999997615814,,,1.28180396556854,1.26566195487976,1.26566195487976,1.26812303066254,1.26921105384827,1.26766502857208,1.27396202087402,1.27024102210999,1.28598296642303,1.2669780254364,1.2669780254364,,1.27316105365753,1.26812303066254,1.27310299873352
2,24412700,A244_VOLH_H:VOH_VCCY_1.65_IOH_-4.00[1]/PIN18,_,V,1.10000002384186,1.64999997615814,,,1.28137397766113,1.26557600498199,1.26471698284149,1.26797997951508,1.26963996887207,1.26717805862427,1.27404701709747,1.26923894882202,1.2853239774704,1.26729297637939,1.26677799224854,,1.27307403087616,1.26855194568634,1.27301704883575
2,24412700,A244_VOLH_H:VOH_VCCY_1.65_IOH_-4.00[1]/PIN3,_,V,1.10000002384186,1.64999997615814,,,1.27667999267578,1.26208400726318,1.26156902313232,1.26511800289154,1.26574695110321,1.26437401771545,1.27078497409821,1.2656329870224,1.28126001358032,1.26345801353455,1.26414501667023,,1.26969695091248,1.26603400707245,1.2699259519577
2,24412700,A244_VOLH_H:VOH_VCCY_1.65_IOH_-4.00[1]/PIN5,_,V,1.10000002384186,1.64999997615814,,,1.27751100063324,1.26234197616577,1.26199805736542,1.26531803607941,1.26589095592499,1.26491796970367,1.27115702629089,1.26583397388458,1.28174698352814,1.26411604881287,1.26474595069885,,1.27018404006958,1.26589095592499,1.27058494091034
2,24412700,A244_VOLH_H:VOH_VCCY_1.65_IOH_-4.00[1]/PIN7,_,V,1.10000002384186,1.64999997615814,,,1.27643501758575,1.25978803634644,1.26030302047729,1.26350605487823,1.26436400413513,1.26362097263336,1.26882600784302,1.26402103900909,1.28078198432922,1.26156103610992,1.26241898536682,,1.26791095733643,1.26384997367859,1.26888394355774
2,24412700,A244_VOLH_H:VOH_VCCY_1.65_IOH_-4.00[1]/PIN9,_,V,1.10000002384186,1.64999997615814,,,1.27411699295044,1.25792896747589,1.25844395160675,1.26198995113373,1.26250505447388,1.26130402088165,1.26713800430298,1.26221895217896,1.27932298183441,1.25981605052948,1.2608460187912,,1.26587998867035,1.26267695426941,1.26656603813171
2,24412310,A244_VOLH_H:VOL_VCCY_1.95_IOL_4.00[1]/PIN12,_,V,0,0.795000016689301,,,0.324263006448746,0.331070005893707,0.331299006938934,0.327580988407135,0.325349986553192,0.328153014183044,0.323691010475159,0.325922012329102,0.314823985099792,0.327351987361908,0.327809989452362,,0.319514989852905,0.322775989770889,0.324950009584427
2,24412310,A244_VOLH_H:VOL_VCCY_1.95_IOL_4.00[1]/PIN14,_,V,0,0.795000016689301,,,0.32396999001503,0.331005990505219,0.331519991159439,0.328087985515594,0.325742989778519,0.328545987606049,0.324027001857758,0.325571000576019,0.314702987670898,0.32785901427269,0.328545987606049,,0.320708990097046,0.322768002748489,0.325513988733292
2,24412310,A244_VOLH_H:VOL_VCCY_1.95_IOL_4.00[1]/PIN16,_,V,0,0.795000016689301,,,0.324019998311996,0.331461995840073,0.331461995840073,0.328141987323761,0.325280010700226,0.328256011009216,0.324019998311996,0.32573801279068,0.315376996994019,0.328027009963989,0.32888600230217,,0.320414006710052,0.322531998157501,0.325509011745453
2,24412310,A244_VOLH_H:VOL_VCCY_1.95_IOL_4.00[1]/PIN18,_,V,0,0.795000016689301,,,0.324699997901917,0.33219900727272,0.331797987222672,0.328592002391815,0.326303005218506,0.328936010599136,0.324470996856689,0.326303005218506,0.316056996583939,0.328936010599136,0.328649997711182,,0.320463985204697,0.323269009590149,0.326016992330551
2,24412310,A244_VOLH_H:VOL_VCCY_1.95_IOL_4.00[1]/PIN3,_,V,0,0.795000016689301,,,0.322124004364014,0.328076988458633,0.328191995620728,0.324813991785049,0.323325991630554,0.325444012880325,0.320807993412018,0.322638988494873,0.313309013843536,0.325157999992371,0.325444012880325,,0.317373007535934,0.319777011871338,0.322697013616562
2,24412310,A244_VOLH_H:VOL_VCCY_1.95_IOL_4.00[1]/PIN5,_,V,0,0.795000016689301,,,0.321043998003006,0.327683985233307,0.327569991350174,0.324478000402451,0.322245985269547,0.324478000402451,0.32064300775528,0.322245985269547,0.312572002410889,0.324707001447678,0.324993997812271,,0.317322999238968,0.319269001483917,0.322360008955002
2,24412310,A244_VOLH_H:VOL_VCCY_1.95_IOL_4.00[1]/PIN7,_,V,0,0.795000016689301,,,0.320201992988586,0.326094001531601,0.326550990343094,0.323062002658844,0.320944994688034,0.323747992515564,0.3194580078125,0.321287989616394,0.311277985572815,0.323347985744476,0.323920011520386,,0.315454006195068,0.317856013774872,0.320888012647629
2,24412310,A244_VOLH_H:VOL_VCCY_1.95_IOL_4.00[1]/PIN9,_,V,0,0.795000016689301,,,0.317391008138657,0.323855012655258,0.323911994695663,0.320423007011414,0.318078011274338,0.320594996213913,0.31624698638916,0.318535000085831,0.308066993951797,0.320136994123459,0.320537000894547,,0.312929004430771,0.314989000558853,0.31802099943161
2,24412320,A244_VOLH_H:VOH_VCCY_1.95_IOH_-4.00[1]/PIN12,_,V,1.45500004291534,1.95000004768372,,,1.6408280134201,1.62927305698395,1.62904405593872,1.6315610408783,1.63241899013519,1.63138997554779,1.63608002662659,1.63236200809479,1.64494705200195,1.63024497032166,1.62990200519562,,1.63562297821045,1.63230502605438,1.6352790594101
2,24412320,A244_VOLH_H:VOH_VCCY_1.95_IOH_-4.00[1]/PIN14,_,V,1.45500004291534,1.95000004768372,,,1.64285004138947,1.63135194778442,1.63095200061798,1.63346898555756,1.63489902019501,1.63306796550751,1.63752996921539,1.63449800014496,1.64651095867157,1.63272500038147,1.63146698474884,,1.63764500617981,1.63386905193329,1.63632905483246
2,24412320,A244_VOLH_H:VOH_VCCY_1.95_IOH_-4.00[1]/PIN16,_,V,1.45500004291534,1.95000004768372,,,1.64426505565643,1.63315999507904,1.63270199298859,1.63504898548126,1.63619303703308,1.63481998443604,1.63928496837616,1.63642203807831,1.64810001850128,1.63441896438599,1.63384604454041,,1.63917005062103,1.63567805290222,1.63836896419525
2,24412320,A244_VOLH_H:VOH_VCCY_1.95_IOH_-4.00[1]/PIN18,_,V,1.45500004291534,1.95000004768372,,,1.64468502998352,1.6333509683609,1.63277900218964,1.63512599468231,1.63678598403931,1.63478195667267,1.63936102390289,1.63644194602966,1.64817702770233,1.63478195667267,1.63398098945618,,1.63947594165802,1.6360410451889,1.63873195648193
2,24412320,A244_VOLH_H:VOH_VCCY_1.95_IOH_-4.00[1]/PIN3,_,V,1.45500004291534,1.95000004768372,,,1.64107894897461,1.63037502765656,1.62985897064209,1.63294994831085,1.63363695144653,1.63255000114441,1.63684296607971,1.63340795040131,1.64479899406433,1.63186299800873,1.63151895999908,,1.63684296607971,1.63392400741577,1.6360410451889
2,24412320,A244_VOLH_H:VOH_VCCY_1.95_IOH_-4.00[1]/PIN5,_,V,1.45500004291534,1.95000004768372,,,1.64123094081879,1.63035500049591,1.62978196144104,1.63258695602417,1.63310205936432,1.63252997398376,1.63647997379303,1.63315999507904,1.64466500282288,1.63184297084808,1.63144195079803,,1.63659405708313,1.63361799716949,1.63642203807831
2,24412320,A244_VOLH_H:VOH_VCCY_1.95_IOH_-4.00[1]/PIN7,_,V,1.45500004291534,1.95000004768372,,,1.63996994495392,1.62812900543213,1.62835800647736,1.63104605674744,1.6316180229187,1.63087499141693,1.63453602790833,1.63150405883789,1.6434600353241,1.62978804111481,1.6297310590744,,1.63464999198914,1.6316180229187,1.63447904586792
2,24412320,A244_VOLH_H:VOH_VCCY_1.95_IOH_-4.00[1]/PIN9,_,V,1.45500004291534,1.95000004768372,,,1.63838803768158,1.62671899795532,1.62683296203613,1.62980794906616,1.63038003444672,1.62906396389008,1.63335394859314,1.63015103340149,1.64256405830383,1.628378033638,1.62831997871399,,1.63323998451233,1.63072299957275,1.63306796550751
2,24412330,A244_VOLH_H:VOL_VCCY_2.30_IOL_4.00[1]/PIN12,_,V,0,0.595000028610229,,,0.275638997554779,0.280672997236252,0.280844986438751,0.278099000453949,0.276210993528366,0.278557002544403,0.274895012378693,0.27701199054718,0.26791700720787,0.277698993682861,0.278899997472763,,0.271120011806488,0.27386599779129,0.276268005371094
2,24412330,A244_VOLH_H:VOL_VCCY_2.30_IOL_4.00[1]/PIN14,_,V,0,0.595000028610229,,,0.275747001171112,0.280896008014679,0.28106701374054,0.278436005115509,0.276776999235153,0.279237002134323,0.275404006242752,0.276890993118286,0.267967998981476,0.278207004070282,0.279579997062683,,0.27208599448204,0.274031013250351,0.276605010032654
2,24412330,A244_VOLH_H:VOL_VCCY_2.30_IOL_4.00[1]/PIN16,_,V,0,0.595000028610229,,,0.275593012571335,0.281260013580322,0.280974000692368,0.278340995311737,0.276336997747421,0.278798997402191,0.275420993566513,0.276794999837875,0.268380999565125,0.278284013271332,0.279715001583099,,0.271815001964569,0.273818999528885,0.276623994112015
2,24412330,A244_VOLH_H:VOL_VCCY_2.30_IOL_4.00[1]/PIN18,_,V,0,0.595000028610229,,,0.276044994592667,0.281769007444382,0.281426012516022,0.278849989175797,0.277018010616302,0.279307991266251,0.275700986385345,0.277361005544662,0.268660992383957,0.278964012861252,0.279823005199432,,0.272152006626129,0.274385005235672,0.277189999818802
2,24412330,A244_VOLH_H:VOL_VCCY_2.30_IOL_4.00[1]/PIN3,_,V,0,0.595000028610229,,,0.273526012897491,0.278162986040115,0.278219997882843,0.275471985340118,0.27421298623085,0.276273995637894,0.272381007671356,0.27386999130249,0.266198992729187,0.275586992502213,0.276789009571075,,0.268947005271912,0.271008014678955,0.273927003145218
2,24412330,A244_VOLH_H:VOL_VCCY_2.30_IOL_4.00[1]/PIN5,_,V,0,0.595000028610229,,,0.27267399430275,0.277597010135651,0.277539014816284,0.275193005800247,0.273360997438431,0.275364011526108,0.271986991167068,0.273932993412018,0.265576004981995,0.275077998638153,0.276508986949921,,0.269010007381439,0.270898997783661,0.273589998483658
2,24412330,A244_VOLH_H:VOL_VCCY_2.30_IOL_4.00[1]/PIN7,_,V,0,0.595000028610229,,,0.271863996982574,0.276497006416321,0.27666899561882,0.27420899271965,0.272264003753662,0.274608999490738,0.271176993846893,0.272893011569977,0.264541000127792,0.274094998836517,0.275296002626419,,0.267572999000549,0.269574999809265,0.272435992956161
2,24412330,A244_VOLH_H:VOL_VCCY_2.30_IOL_4.00[1]/PIN9,_,V,0,0.595000028610229,,,0.26928299665451,0.274145990610123,0.274031013250351,0.271571010351181,0.269511997699738,0.271685987710953,0.268310993909836,0.270083993673325,0.261617988348007,0.271113991737366,0.272258013486862,,0.265165001153946,0.266766011714935,0.269683986902237
2,24412340,A244_VOLH_H:VOH_VCCY_2.30_IOH_-4.00[1]/PIN12,_,V,1.80499994754791,2.29999995231628,,,2.03325200080872,2.02404189109802,2.02387094497681,2.02633094787598,2.02690291404724,2.0257580280304,2.02936196327209,2.02695989608765,2.03691291809082,2.02524399757385,2.02449989318848,,2.02981996536255,2.02701711654663,2.02884793281555
2,24412340,A244_VOLH_H:VOH_VCCY_2.30_IOH_-4.00[1]/PIN14,_,V,1.80499994754791,2.29999995231628,,,2.03469300270081,2.02571201324463,2.02565503120422,2.02788591384888,2.02908706665039,2.02742791175842,2.03080296516418,2.02862906455994,2.03818202018738,2.02708506584167,2.02576899528503,,2.03131794929504,2.0282289981842,2.03000211715698
2,24412340,A244_VOLH_H:VOH_VCCY_2.30_IOH_-4.00[1]/PIN16,_,V,1.80499994754791,2.29999995231628,,,2.03654789924622,2.02761888504028,2.02721810340881,2.02933597564697,2.03013706207275,2.02893495559692,2.03237009048462,2.03059506416321,2.0398690700531,2.02893495559692,2.0278480052948,,2.03294205665588,2.02990794181824,2.03185510635376
2,24412340,A244_VOLH_H:VOH_VCCY_2.30_IOH_-4.00[1]/PIN18,_,V,1.80499994754791,2.29999995231628,,,2.0369598865509,2.02797293663025,2.02751493453979,2.02969002723694,2.03112101554871,2.02934694290161,2.0328381061554,2.03077793121338,2.03999400138855,2.02934694290161,2.02831602096558,,2.03352499008179,2.03049111366272,2.03243803977966
2,24412340,A244_VOLH_H:VOH_VCCY_2.30_IOH_-4.00[1]/PIN3,_,V,1.80499994754791,2.29999995231628,,,2.03369688987732,2.02551102638245,2.02499604225159,2.0275719165802,2.02848792076111,2.02722907066345,2.03049111366272,2.02808690071106,2.03718900680542,2.02671408653259,2.02602696418762,,2.03077793121338,2.02866005897522,2.02991890907288
2,24412340,A244_VOLH_H:VOH_VCCY_2.30_IOH_-4.00[1]/PIN5,_,V,1.80499994754791,2.29999995231628,,,2.03345704078674,2.02504301071167,2.02447009086609,2.02681708335876,2.02739000320435,2.02710294723511,2.0296790599823,2.02756094932556,2.03677701950073,2.02630209922791,2.02578711509705,,2.0305380821228,2.02819108963013,2.02979397773743
2,24412340,A244_VOLH_H:VOH_VCCY_2.30_IOH_-4.00[1]/PIN7,_,V,1.80499994754791,2.29999995231628,,,2.03227996826172,2.0229549407959,2.02324104309082,2.02558708190918,2.02610206604004,2.02535796165466,2.02810406684875,2.02598690986633,2.03554010391235,2.02444291114807,2.02398490905762,,2.02850389480591,2.02627301216125,2.02810406684875
2,24412340,A244_VOLH_H:VOH_VCCY_2.30_IOH_-4.00[1]/PIN9,_,V,1.80499994754791,2.29999995231628,,,2.03085994720459,2.02187895774841,2.02193689346313,2.02445411682129,2.02491092681885,2.02393889427185,2.02702808380127,2.02479696273804,2.0346360206604,2.0234808921814,2.02285194396973,,2.02754306793213,2.02554106712341,2.02697110176086
2,24412350,A244_VOLH_H:VOL_VCCY_3.00_IOL_4.00[1]/PIN12,_,V,0,0.395000010728836,,,0.225698992609978,0.229646995663643,0.229589000344276,0.227586999535561,0.226156994700432,0.228158995509148,0.225299000740051,0.226958006620407,0.219750002026558,0.227301001548767,0.228845998644829,,0.222095996141434,0.224212005734444,0.226442992687225
2,24412350,A244_VOLH_H:VOL_VCCY_3.00_IOL_4.00[1]/PIN14,_,V,0,0.395000010728836,,,0.226095005869865,0.229984998703003,0.230156004428864,0.228039994835854,0.226723998785019,0.228669002652168,0.226152002811432,0.227238997817039,0.220088005065918,0.227810993790627,0.229641005396843,,0.222891002893448,0.224665001034737,0.226952999830246
2,24412350,A244_VOLH_H:VOL_VCCY_3.00_IOL_4.00[1]/PIN16,_,V,0,0.395000010728836,,,0.225849002599716,0.230142995715141,0.230085000395775,0.227966994047165,0.22647899389267,0.228367999196053,0.225906997919083,0.227165997028351,0.220296993851662,0.227853000164032,0.229742005467415,,0.222700998187065,0.224246993660927,0.227051004767418
2,24412350,A244_VOLH_H:VOL_VCCY_3.00_IOL_4.00[1]/PIN18,_,V,0,0.395000010728836,,,0.226417005062103,0.230594992637634,0.230308994650841,0.228420004248619,0.227161005139351,0.22893500328064,0.226072996854782,0.227676004171371,0.220634996891022,0.228363007307053,0.229736998677254,,0.222867995500565,0.224813997745514,0.227274999022484
2,24412350,A244_VOLH_H:VOL_VCCY_3.00_IOL_4.00[1]/PIN3,_,V,0,0.395000010728836,,,0.223783999681473,0.227218002080917,0.227103993296623,0.225271999835968,0.224069997668266,0.225900992751122,0.222810000181198,0.22435599565506,0.217887997627258,0.225215002894402,0.226875007152557,,0.219947993755341,0.221723005175591,0.224126994609833
2,24412350,A244_VOLH_H:VOL_VCCY_3.00_IOL_4.00[1]/PIN5,_,V,0,0.395000010728836,,,0.223159000277519,0.226879999041557,0.226707994937897,0.224990993738174,0.223501995205879,0.225161999464035,0.222757995128632,0.224246993660927,0.217605993151665,0.224761992692947,0.226536005735397,,0.220067992806435,0.221613004803658,0.223903000354767
2,24412350,A244_VOLH_H:VOL_VCCY_3.00_IOL_4.00[1]/PIN7,_,V,0,0.395000010728836,,,0.222609996795654,0.225870996713638,0.225985005497932,0.22409799695015,0.222838997840881,0.224555000662804,0.221752002835274,0.223296999931335,0.216661006212234,0.224041000008583,0.225757002830505,,0.218891993165016,0.220437005162239,0.222838997840881
2,24412350,A244_VOLH_H:VOL_VCCY_3.00_IOL_4.00[1]/PIN9,_,V,0,0.395000010728836,,,0.219973996281624,0.223406001925468,0.223462998867035,0.22129000723362,0.219860002398491,0.221689999103546,0.219059005379677,0.220546007156372,0.213681995868683,0.221061006188393,0.222776994109154,,0.216198995709419,0.217685997486115,0.220259994268417
2,24412360,A244_VOLH_H:VOH_VCCY_3.00_IOH_-4.00[1]/PIN12,_,V,2.60500001907349,3,,,2.78016710281372,2.77307391166687,2.77295994758606,2.77490496635437,2.77547693252563,2.77456092834473,2.77713489532471,2.7753050327301,2.78291296958923,2.77433300018311,2.77301692962646,,2.77799391746521,2.77576303482056,2.77656292915344
2,24412360,A244_VOLH_H:VOH_VCCY_3.00_IOH_-4.00[1]/PIN14,_,V,2.60500001907349,3,,,2.78125405311584,2.77444696426392,2.77450394630432,2.77622008323669,2.77725005149841,2.77576303482056,2.77839398384094,2.7770209312439,2.78417110443115,2.77582001686096,2.77433300018311,,2.77919507026672,2.77679204940796,2.77753591537476
2,24412360,A244_VOLH_H:VOH_VCCY_3.00_IOH_-4.00[1]/PIN16,_,V,2.60500001907349,3,,,2.78292894363403,2.77628898620605,2.77600288391113,2.77749109268188,2.7784640789032,2.77743411064148,2.77983808517456,2.77863597869873,2.78561902046204,2.77760601043701,2.77611708641052,,2.78075408935547,2.77829194068909,2.7792661190033
2,24412360,A244_VOLH_H:VOH_VCCY_3.00_IOH_-4.00[1]/PIN18,_,V,2.60500001907349,3,,,2.78378105163574,2.77708411216736,2.7766261100769,2.77845811843872,2.77960300445557,2.77828598022461,2.78068995475769,2.77925896644592,2.78635692596436,2.7782289981842,2.77691197395325,,2.78132009506226,2.77920198440552,2.78017497062683
2,24412360,A244_VOLH_H:VOH_VCCY_3.00_IOH_-4.00[1]/PIN3,_,V,2.60500001907349,3,,,2.78087496757507,2.77474999427795,2.7742919921875,2.77646708488464,2.77703905105591,2.77618098258972,2.7785849571228,2.7769250869751,2.7836799621582,2.77595210075378,2.77492094039917,,2.77909994125366,2.77744007110596,2.77806997299194
2,24412360,A244_VOLH_H:VOH_VCCY_3.00_IOH_-4.00[1]/PIN5,_,V,2.60500001907349,3,,,2.78013110160828,2.77377700805664,2.77360510826111,2.77555108070374,2.77606606483459,2.77537894248962,2.77721095085144,2.77595210075378,2.78310704231262,2.77497911453247,2.7742919921875,,2.77847099304199,2.77652406692505,2.77744007110596
2,24412360,A244_VOLH_H:VOH_VCCY_3.00_IOH_-4.00[1]/PIN7,_,V,2.60500001907349,3,,,2.7788519859314,2.77198696136475,2.77210211753845,2.77398896217346,2.77473306655884,2.77398896217346,2.77587699890137,2.77438998222351,2.7817120552063,2.7734739780426,2.7724449634552,,2.77662110328674,2.77490496635437,2.77582001686096
2,24412360,A244_VOLH_H:VOH_VCCY_3.00_IOH_-4.00[1]/PIN9,_,V,2.60500001907349,3,,,2.77793598175049,2.77101492881775,2.77118611335754,2.77313089370728,2.77358889579773,2.77278804779053,2.77490496635437,2.77336001396179,2.78096795082092,2.77261590957642,2.77152991294861,,2.77587699890137,2.77410411834717,2.77484703063965
2,24412370,A244_VOLH_H:VOL_VCCY_4.50_IOL_4.00[1]/PIN12,_,V,0,0.395000010728836,,,0.182681992650032,0.185598999261856,0.18554200232029,0.183997005224228,0.183025002479553,0.184455007314682,0.182395994663239,0.183882996439934,0.177934005856514,0.183653995394707,0.185598999261856,,0.179820999503136,0.181651994585991,0.18342499434948
2,24412370,A244_VOLH_H:VOL_VCCY_4.50_IOL_4.00[1]/PIN14,_,V,0,0.395000010728836,,,0.183191999793053,0.18622399866581,0.186280995607376,0.184679001569748,0.18376399576664,0.185308992862701,0.183248996734619,0.184336006641388,0.178443998098373,0.184450998902321,0.186338007450104,,0.180731996893883,0.182163000106812,0.184107005596161
2,24412370,A244_VOLH_H:VOL_VCCY_4.50_IOL_4.00[1]/PIN16,_,V,0,0.395000010728836,,,0.183145999908447,0.186351999640465,0.186066001653671,0.184577003121376,0.183432996273041,0.184920996427536,0.183089002966881,0.184233993291855,0.178509995341301,0.184405997395515,0.186351999640465,,0.180512994527817,0.181773006916046,0.183890998363495
2,24412370,A244_VOLH_H:VOL_VCCY_4.50_IOL_4.00[1]/PIN18,_,V,0,0.395000010728836,,,0.183371007442474,0.186462000012398,0.186176002025604,0.184917002916336,0.184000998735428,0.185316994786263,0.183313995599747,0.184572994709015,0.178964003920555,0.184801995754242,0.186518996953964,,0.180681005120277,0.182111993432045,0.184286996722221
2,24412370,A244_VOLH_H:VOL_VCCY_4.50_IOL_4.00[1]/PIN3,_,V,0,0.395000010728836,,,0.18062399327755,0.183371007442474,0.183199003338814,0.181883007287979,0.181024000048637,0.182340994477272,0.180166006088257,0.181309998035431,0.176044002175331,0.181596994400024,0.183542996644974,,0.177761003375053,0.179077997803688,0.181196004152298
2,24412370,A244_VOLH_H:VOL_VCCY_4.50_IOL_4.00[1]/PIN5,_,V,0,0.395000010728836,,,0.180341005325317,0.183089002966881,0.182974994182587,0.181714996695518,0.180628001689911,0.181773006916046,0.180055007338524,0.181372001767159,0.175877004861832,0.181428998708725,0.183261007070541,,0.177823007106781,0.179082006216049,0.181027993559837
2,24412370,A244_VOLH_H:VOL_VCCY_4.50_IOL_4.00[1]/PIN7,_,V,0,0.395000010728836,,,0.179764002561569,0.182224005460739,0.182281002402306,0.181023001670837,0.179993003606796,0.181365996599197,0.179363995790482,0.18045100569725,0.17501600086689,0.180737003684044,0.182567000389099,,0.176789000630379,0.17816199362278,0.180164992809296
2,24412370,A244_VOLH_H:VOL_VCCY_4.50_IOL_4.00[1]/PIN9,_,V,0,0.395000010728836,,,0.176899999380112,0.179530993103981,0.179473996162415,0.17815800011158,0.177013993263245,0.17850199341774,0.176441997289658,0.177586004137993,0.172208994626999,0.177757993340492,0.179530993103981,,0.174153998494148,0.175240993499756,0.177471995353699
2,24412380,A244_VOLH_H:VOH_VCCY_4.50_IOH_-4.00[1]/PIN12,_,V,4.20499992370605,4.5,,,4.32477283477783,4.31973886489868,4.31962490081787,4.32105493545532,4.32156991958618,4.32082605361938,4.32237005233765,4.32134103775024,4.32706117630005,4.32059717178345,4.31939601898193,,4.32345676422119,4.32168388366699,4.3220272064209
2,24412380,A244_VOLH_H:VOH_VCCY_4.50_IOH_-4.00[1]/PIN14,_,V,4.20499992370605,4.5,,,4.3256311416626,4.32088279724121,4.3209400177002,4.32208395004272,4.32294178009033,4.32191276550293,4.32340002059937,4.32265615463257,4.32803392410278,4.3217978477478,4.32042503356934,,4.32465887069702,4.32248497009277,4.32288503646851
2,24412380,A244_VOLH_H:VOH_VCCY_4.50_IOH_-4.00[1]/PIN16,_,V,4.20499992370605,4.5,,,4.32735919952393,4.3227219581604,4.32237911224365,4.32358121871948,4.32432508468628,4.3234658241272,4.32495498657227,4.32432508468628,4.32953405380249,4.3234658241272,4.32215023040771,,4.32592821121216,4.32415294647217,4.3246111869812
2,24412380,A244_VOLH_H:VOH_VCCY_4.50_IOH_-4.00[1]/PIN18,_,V,4.20499992370605,4.5,,,4.32846212387085,4.3235387802124,4.32330989837646,4.32468414306641,4.32554197311401,4.32456922531128,4.32605791091919,4.32525587081909,4.33040809631348,4.32451200485229,4.32330989837646,,4.32691621780396,4.32508516311646,4.32571411132812
2,24412380,A244_VOLH_H:VOH_VCCY_4.50_IOH_-4.00[1]/PIN3,_,V,4.20499992370605,4.5,,,4.32574081420898,4.32161903381348,4.32127618789673,4.32282114028931,4.32322216033936,4.3226490020752,4.32413816452026,4.32299280166626,4.32825899124146,4.3224778175354,4.32127618789673,,4.32493877410889,4.32367992401123,4.32367992401123
2,24412380,A244_VOLH_H:VOH_VCCY_4.50_IOH_-4.00[1]/PIN5,_,V,4.20499992370605,4.5,,,4.32488203048706,4.32024478912354,4.32013082504272,4.32161903381348,4.32179117202759,4.32161903381348,4.3227071762085,4.32179117202759,4.32694292068481,4.32133293151855,4.32030296325684,,4.32373714447021,4.32242012023926,4.32259178161621
2,24412380,A244_VOLH_H:VOH_VCCY_4.50_IOH_-4.00[1]/PIN7,_,V,4.20499992370605,4.5,,,4.32345676422119,4.31859493255615,4.31865215301514,4.3200249671936,4.32042503356934,4.3200249671936,4.32116889953613,4.32042503356934,4.32568788528442,4.31962490081787,4.31865215301514,,4.32208395004272,4.32082605361938,4.32111215591431
2,24412380,A244_VOLH_H:VOH_VCCY_4.50_IOH_-4.00[1]/PIN9,_,V,4.20499992370605,4.5,,,4.32265615463257,4.31785106658936,4.31785106658936,4.31939601898193,4.31956720352173,4.31910991668701,4.32036781311035,4.31956720352173,4.32511615753174,4.31899499893188,4.31802320480347,,4.32145500183105,4.32025384902954,4.32031106948853
2,24412390,A244_VOLH_H:VOL_VCCY_2.30_IOL_8.00[1]/PIN12,_,V,0,0.995000004768372,,,0.603421986103058,0.616693019866943,0.617036998271942,0.609314024448395,0.60496598482132,0.610629975795746,0.601361989974976,0.606338977813721,0.583914995193481,0.609027981758118,0.610973000526428,,0.592895984649658,0.599303007125854,0.604737997055054
2,24412390,A244_VOLH_H:VOL_VCCY_2.30_IOL_8.00[1]/PIN14,_,V,0,0.995000004768372,,,0.60392302274704,0.61770898103714,0.618453025817871,0.611073017120361,0.606840014457703,0.61267501115799,0.603294014930725,0.607240974903107,0.584531009197235,0.610786974430084,0.613246977329254,,0.595570981502533,0.600261986255646,0.606267988681793
2,24412390,A244_VOLH_H:VOL_VCCY_2.30_IOL_8.00[1]/PIN16,_,V,0,0.995000004768372,,,0.604108989238739,0.618763029575348,0.618133008480072,0.611263990402222,0.605997979640961,0.612007975578308,0.603650987148285,0.607084989547729,0.585963010787964,0.611263990402222,0.613496005535126,,0.594892978668213,0.599587023258209,0.606799006462097
2,24412390,A244_VOLH_H:VOL_VCCY_2.30_IOL_8.00[1]/PIN18,_,V,0,0.995000004768372,,,0.605181992053986,0.619893014431,0.619377970695496,0.612394988536835,0.607986986637115,0.613710999488831,0.604209005832672,0.608388006687164,0.587266027927399,0.613081991672516,0.613654017448425,,0.595679998397827,0.601176023483276,0.607701003551483
2,24412390,A244_VOLH_H:VOL_VCCY_2.30_IOL_8.00[1]/PIN3,_,V,0,0.995000004768372,,,0.599515974521637,0.611136019229889,0.611249983310699,0.604209005832672,0.600889027118683,0.606326997280121,0.596252977848053,0.599515974521637,0.581026971340179,0.604552984237671,0.606555998325348,,0.588410973548889,0.593505024909973,0.600373983383179
2,24412390,A244_VOLH_H:VOL_VCCY_2.30_IOL_8.00[1]/PIN5,_,V,0,0.995000004768372,,,0.597124993801117,0.609604001045227,0.609833002090454,0.603078007698059,0.598499000072479,0.603536009788513,0.595063984394073,0.599300026893616,0.579150974750519,0.603078007698059,0.605139017105103,,0.587737023830414,0.592258989810944,0.598671019077301
2,24412390,A244_VOLH_H:VOL_VCCY_2.30_IOL_8.00[1]/PIN7,_,V,0,0.995000004768372,,,0.595355987548828,0.60691100358963,0.607140004634857,0.600446999073029,0.595928013324738,0.601706027984619,0.593297004699707,0.597357988357544,0.576821982860565,0.600848019123077,0.602678000926971,,0.584945023059845,0.589348971843719,0.59621399641037
2,24412390,A244_VOLH_H:VOL_VCCY_2.30_IOL_8.00[1]/PIN9,_,V,0,0.995000004768372,,,0.588420987129211,0.600661993026733,0.600661993026733,0.593683004379272,0.589278995990753,0.594370007514954,0.585731983184814,0.590366005897522,0.569257974624634,0.593168973922729,0.595399975776672,,0.578467011451721,0.582356989383698,0.589393019676208
2,24412400,A244_VOLH_H:VOH_VCCY_2.30_IOH_-8.00[1]/PIN12,_,V,1.40499997138977,2.29999995231628,,,1.73819100856781,1.71668195724487,1.71610999107361,1.72114396095276,1.72314596176147,1.72034299373627,1.72898101806641,1.72263097763062,1.74574196338654,1.71902704238892,1.71742498874664,,1.72960996627808,1.72291696071625,1.72726500034332
2,24412400,A244_VOLH_H:VOH_VCCY_2.30_IOH_-8.00[1]/PIN14,_,V,1.40499997138977,2.29999995231628,,,1.74186897277832,1.72098994255066,1.72041797637939,1.72539496421814,1.72796905040741,1.72442197799683,1.7324310541153,1.72739696502686,1.74942004680634,1.72379302978516,1.72076094150543,,1.73323094844818,1.7260810136795,1.73031401634216
2,24412400,A244_VOLH_H:VOH_VCCY_2.30_IOH_-8.00[1]/PIN16,_,V,1.40499997138977,2.29999995231628,,,1.74518299102783,1.72463297843933,1.72383201122284,1.72824001312256,1.73058700561523,1.72783899307251,1.73579597473145,1.73133099079132,1.75245296955109,1.72749495506287,1.72514796257019,,1.73653995990753,1.72955596446991,1.73442196846008
2,24412400,A244_VOLH_H:VOH_VCCY_2.30_IOH_-8.00[1]/PIN18,_,V,1.40499997138977,2.29999995231628,,,1.74617397785187,1.72585296630859,1.72453701496124,1.7293449640274,1.73237895965576,1.72860097885132,1.73672902584076,1.73169195652008,1.75304305553436,1.72877204418182,1.72636795043945,,1.73752999305725,1.7311190366745,1.73552703857422
2,24412400,A244_VOLH_H:VOH_VCCY_2.30_IOH_-8.00[1]/PIN3,_,V,1.40499997138977,2.29999995231628,,,1.73838901519775,1.71944200992584,1.71841204166412,1.72413599491119,1.72556698322296,1.72316300868988,1.73094797134399,1.72487998008728,1.74623095989227,1.72213196754456,1.72098803520203,,1.73157703876495,1.72619700431824,1.72963094711304
2,24412400,A244_VOLH_H:VOH_VCCY_2.30_IOH_-8.00[1]/PIN5,_,V,1.40499997138977,2.29999995231628,,,1.73865795135498,1.71873700618744,1.71810805797577,1.72337400913239,1.72451901435852,1.72314500808716,1.72995698451996,1.7243469953537,1.74552702903748,1.72165703773499,1.72062599658966,,1.7311589717865,1.72554898262024,1.72955596446991
2,24412400,A244_VOLH_H:VOH_VCCY_2.30_IOH_-8.00[1]/PIN7,_,V,1.40499997138977,2.29999995231628,,,1.7362459897995,1.71485102176666,1.71502304077148,1.72045695781708,1.72171604633331,1.72028601169586,1.72652101516724,1.72148704528809,1.74351096153259,1.71811199188232,1.71719694137573,,1.72760796546936,1.72200202941895,1.72657799720764
2,24412400,A244_VOLH_H:VOH_VCCY_2.30_IOH_-8.00[1]/PIN9,_,V,1.40499997138977,2.29999995231628,,,1.73345994949341,1.71240901947021,1.71252405643463,1.71853005886078,1.71950304508209,1.71721398830414,1.72459399700165,1.71893095970154,1.74181199073792,1.71595597267151,1.71515500545502,,1.72528004646301,1.72070395946503,1.72402203083038
2,24412410,A244_VOLH_H:VOL_VCCY_2.70_IOL_8.00[1]/PIN12,_,V,0,0.995000004768372,,,0.511151015758514,0.520817995071411,0.52121901512146,0.515555024147034,0.512122988700867,0.516700029373169,0.509720981121063,0.513553023338318,0.496163010597229,0.515097975730896,0.518186986446381,,0.502283990383148,0.50754702091217,0.512580990791321
2,24412410,A244_VOLH_H:VOL_VCCY_2.70_IOL_8.00[1]/PIN14,_,V,0,0.995000004768372,,,0.512169003486633,0.522008001804352,0.522866010665894,0.517144978046417,0.513885021209717,0.518746972084045,0.511596977710724,0.514742970466614,0.49712398648262,0.516631007194519,0.520462989807129,,0.504617989063263,0.508794009685516,0.514056026935577
2,24412410,A244_VOLH_H:VOL_VCCY_2.70_IOL_8.00[1]/PIN16,_,V,0,0.995000004768372,,,0.512063026428223,0.522823989391327,0.522309005260468,0.516928017139435,0.513265013694763,0.518130004405975,0.511489987373352,0.514467000961304,0.497866004705429,0.517099976539612,0.520420014858246,,0.504278004169464,0.508113026618958,0.514123022556305
2,24412410,A244_VOLH_H:VOL_VCCY_2.70_IOL_8.00[1]/PIN18,_,V,0,0.995000004768372,,,0.513023972511292,0.523728013038635,0.523213028907776,0.51800400018692,0.514684021472931,0.519378006458282,0.512165009975433,0.515771985054016,0.498827993869781,0.518405020236969,0.520636975765228,,0.504781007766724,0.509360015392303,0.515084981918335
2,24412410,A244_VOLH_H:VOL_VCCY_2.70_IOL_8.00[1]/PIN3,_,V,0,0.995000004768372,,,0.507642984390259,0.516058027744293,0.516171991825104,0.510848999023438,0.50832998752594,0.512737989425659,0.505010008811951,0.508100986480713,0.492875009775162,0.510905981063843,0.514168977737427,,0.498198002576828,0.502205014228821,0.507987022399902
2,24412410,A244_VOLH_H:VOL_VCCY_2.70_IOL_8.00[1]/PIN5,_,V,0,0.995000004768372,,,0.505879998207092,0.515039026737213,0.514981985092163,0.510058999061584,0.506681978702545,0.510573983192444,0.504105985164642,0.50782698392868,0.491856008768082,0.509773015975952,0.513036012649536,,0.497981011867523,0.501300990581512,0.506968021392822
2,24412410,A244_VOLH_H:VOL_VCCY_2.70_IOL_8.00[1]/PIN7,_,V,0,0.995000004768372,,,0.504629015922546,0.512924015522003,0.513266980648041,0.508176028728485,0.504743993282318,0.509262979030609,0.502683997154236,0.506060004234314,0.489928007125854,0.50823301076889,0.511264979839325,,0.495647996664047,0.499309003353119,0.505144000053406
2,24412410,A244_VOLH_H:VOL_VCCY_2.70_IOL_8.00[1]/PIN9,_,V,0,0.995000004768372,,,0.498268008232117,0.507192015647888,0.507305979728699,0.501928985118866,0.498439997434616,0.502844989299774,0.495923012495041,0.499756008386612,0.483108997344971,0.501471996307373,0.504617989063263,,0.489688009023666,0.493005990982056,0.499069005250931
2,24412420,A244_VOLH_H:VOH_VCCY_2.70_IOH_-8.00[1]/PIN12,_,V,1.50499999523163,2.70000004768372,,,2.21270298957825,2.19588494300842,2.19559907913208,2.19988894462585,2.20137691497803,2.19908905029297,2.20555305480957,2.20109105110168,2.21933889389038,2.19834494590759,2.19634294509888,,2.20692610740662,2.20149111747742,2.20423698425293
2,24412420,A244_VOLH_H:VOH_VCCY_2.70_IOH_-8.00[1]/PIN14,_,V,1.50499999523163,2.70000004768372,,,2.21591305732727,2.19960999488831,2.19938111305237,2.2031569480896,2.20561695098877,2.20258498191833,2.20859098434448,2.2050449848175,2.22214794158936,2.20224189758301,2.19909501075745,,2.21007895469666,2.20447301864624,2.20687508583069
2,24412420,A244_VOLH_H:VOH_VCCY_2.70_IOH_-8.00[1]/PIN16,_,V,1.50499999523163,2.70000004768372,,,2.21903800964355,2.20318198204041,2.20255208015442,2.20615792274475,2.20839095115662,2.2057580947876,2.21171092987061,2.20862007141113,2.22533488273621,2.20564293861389,2.20323896408081,,2.21319890022278,2.20764708518982,2.21062302589417
2,24412420,A244_VOLH_H:VOH_VCCY_2.70_IOH_-8.00[1]/PIN18,_,V,1.50499999523163,2.70000004768372,,,2.22041797637939,2.20456194877625,2.20336008071899,2.20748209953308,2.21000003814697,2.20702409744263,2.21320605278015,2.20965695381165,2.22625708580017,2.20719504356384,2.20450496673584,,2.214350938797,2.2092559337616,2.21211791038513
2,24412420,A244_VOLH_H:VOH_VCCY_2.70_IOH_-8.00[1]/PIN3,_,V,1.50499999523163,2.70000004768372,,,2.21360611915588,2.1991240978241,2.1982090473175,2.20278811454773,2.20433306694031,2.20238709449768,2.20799708366394,2.20364594459534,2.22053289413452,2.20124197006226,2.19975399971008,,2.20919895172119,2.2050199508667,2.20690894126892
2,24412420,A244_VOLH_H:VOH_VCCY_2.70_IOH_-8.00[1]/PIN5,_,V,1.50499999523163,2.70000004768372,,,2.21325588226318,2.19780111312866,2.19734311103821,2.20180797576904,2.20278096199036,2.2015221118927,2.20644497871399,2.20255208015442,2.21949601173401,2.20043396949768,2.19877409934998,,2.20810508728027,2.20375394821167,2.20621609687805
2,24412420,A244_VOLH_H:VOH_VCCY_2.70_IOH_-8.00[1]/PIN7,_,V,1.50499999523163,2.70000004768372,,,2.21081590652466,2.19416904449463,2.19439792633057,2.19891691207886,2.20006108283997,2.19863104820251,2.20343589782715,2.19960308074951,2.21710801124573,2.19708609580994,2.19554209709167,,2.2048659324646,2.2002899646759,2.20343589782715
2,24412420,A244_VOLH_H:VOH_VCCY_2.70_IOH_-8.00[1]/PIN9,_,V,1.50499999523163,2.70000004768372,,,2.20864796638489,2.19234490394592,2.19240307807922,2.19743704795837,2.19829511642456,2.19617795944214,2.20166993141174,2.19760799407959,2.21568393707275,2.19549202919006,2.19377589225769,,2.20309996604919,2.19938111305237,2.20144104957581
2,24412430,A244_VOLH_H:VOL_VCCY_3.00_IOL_8.00[1]/PIN12,_,V,0,0.795000016689301,,,0.469334006309509,0.477685987949371,0.477858006954193,0.472880989313126,0.469792008399963,0.473967999219894,0.46790400147438,0.471565008163452,0.45566201210022,0.472366005182266,0.475798010826111,,0.460981994867325,0.465730011463165,0.470420986413956
2,24412430,A244_VOLH_H:VOL_VCCY_3.00_IOL_8.00[1]/PIN14,_,V,0,0.795000016689301,,,0.470180988311768,0.478991001844406,0.479220002889633,0.474299997091293,0.471668988466263,0.476072996854782,0.469837993383408,0.472640991210938,0.456739008426666,0.474070996046066,0.477847009897232,,0.463203012943268,0.467034995555878,0.471955001354218
2,24412430,A244_VOLH_H:VOL_VCCY_3.00_IOL_8.00[1]/PIN16,_,V,0,0.795000016689301,,,0.469989001750946,0.479434013366699,0.479034006595612,0.474281996488571,0.47096198797226,0.475484997034073,0.469530999660492,0.472508013248444,0.457338988780975,0.474225014448166,0.478002995252609,,0.462776988744736,0.466154009103775,0.47205001115799
2,24412430,A244_VOLH_H:VOL_VCCY_3.00_IOL_8.00[1]/PIN18,_,V,0,0.795000016689301,,,0.471008986234665,0.480396002531052,0.479651987552643,0.475187003612518,0.472324997186661,0.476503998041153,0.470093011856079,0.473412990570068,0.458128988742828,0.475416004657745,0.478220999240875,,0.463281005620956,0.467402994632721,0.472954988479614
2,24412430,A244_VOLH_H:VOL_VCCY_3.00_IOL_8.00[1]/PIN3,_,V,0,0.795000016689301,,,0.465398997068405,0.472840994596481,0.472840994596481,0.468317985534668,0.466086000204086,0.470036000013351,0.463281005620956,0.46620100736618,0.452291011810303,0.468317985534668,0.471924990415573,,0.456813007593155,0.460648000240326,0.466086000204086
2,24412430,A244_VOLH_H:VOL_VCCY_3.00_IOL_8.00[1]/PIN5,_,V,0,0.795000016689301,,,0.464092999696732,0.47205001115799,0.471877992153168,0.467584997415543,0.464608013629913,0.468100011348724,0.462489992380142,0.46586799621582,0.451499998569489,0.467242002487183,0.470905005931854,,0.456708997488022,0.460029006004333,0.465180993080139
2,24412430,A244_VOLH_H:VOL_VCCY_3.00_IOL_8.00[1]/PIN7,_,V,0,0.795000016689301,,,0.46281298995018,0.47002100944519,0.470248997211456,0.465902000665665,0.462983995676041,0.467103004455566,0.461210995912552,0.464242994785309,0.44982698559761,0.465902000665665,0.469449013471603,,0.45474699139595,0.458121985197067,0.463441997766495
2,24412430,A244_VOLH_H:VOL_VCCY_3.00_IOL_8.00[1]/PIN9,_,V,0,0.795000016689301,,,0.456739008426666,0.464518010616302,0.464460998773575,0.459769994020462,0.456910014152527,0.460743010044098,0.454793989658356,0.458169013261795,0.443352997303009,0.459369987249374,0.462917000055313,,0.448902010917664,0.451990991830826,0.457482010126114
2,24412440,A244_VOLH_H:VOH_VCCY_3.00_IOH_-8.00[1]/PIN12,_,V,2.20499992370605,3,,,2.54992389678955,2.53522205352783,2.5348789691925,2.53888297080994,2.54031300544739,2.53808307647705,2.54345989227295,2.53985595703125,2.55604410171509,2.53751111030579,2.53510808944702,,2.54540491104126,2.54031300544739,2.54254388809204
2,24412440,A244_VOLH_H:VOH_VCCY_3.00_IOH_-8.00[1]/PIN14,_,V,2.20499992370605,3,,,2.55278396606445,2.53853988647461,2.53831100463867,2.54191493988037,2.54397392272949,2.54134297370911,2.54637694358826,2.54340195655823,2.55856108665466,2.54105710983276,2.53785395622253,,2.54809308052063,2.54288792610168,2.54471802711487
2,24412440,A244_VOLH_H:VOH_VCCY_3.00_IOH_-8.00[1]/PIN16,_,V,2.20499992370605,3,,,2.55602407455444,2.54200005531311,2.54136991500854,2.54474806785583,2.54675102233887,2.5444610118866,2.54944109916687,2.54703688621521,2.56174802780151,2.54440402984619,2.54165697097778,,2.5512158870697,2.5460638999939,2.54869699478149
2,24412440,A244_VOLH_H:VOH_VCCY_3.00_IOH_-8.00[1]/PIN18,_,V,2.20499992370605,3,,,2.55756807327271,2.54354500770569,2.54251408576965,2.54623508453369,2.54869604110718,2.54566192626953,2.55098605155945,2.54800891876221,2.56289196014404,2.54577708244324,2.54331588745117,,2.55253100395203,2.54772305488586,2.55018401145935
2,24412440,A244_VOLH_H:VOH_VCCY_3.00_IOH_-8.00[1]/PIN3,_,V,2.20499992370605,3,,,2.551274061203,2.53839492797852,2.53770804405212,2.54182910919189,2.54314589500427,2.54119992256165,2.54618000984192,2.54257297515869,2.55745601654053,2.5407989025116,2.53873801231384,,2.54755401611328,2.54383301734924,2.54520702362061
2,24412440,A244_VOLH_H:VOH_VCCY_3.00_IOH_-8.00[1]/PIN5,_,V,2.20499992370605,3,,,2.55041599273682,2.53707790374756,2.53650593757629,2.54045510292053,2.54142904281616,2.54034090042114,2.54457688331604,2.54119992256165,2.55608296394348,2.53936791419983,2.53759288787842,,2.54640889167786,2.54240202903748,2.54423308372498
2,24412440,A244_VOLH_H:VOH_VCCY_3.00_IOH_-8.00[1]/PIN7,_,V,2.20499992370605,3,,,2.54820799827576,2.53350591659546,2.53362107276917,2.53773903846741,2.53876900672913,2.53739595413208,2.54151511192322,2.53836894035339,2.55369901657104,2.53625202178955,2.53430700302124,,2.54305911064148,2.53934097290039,2.54134297370911
2,24412440,A244_VOLH_H:VOH_VCCY_3.00_IOH_-8.00[1]/PIN9,_,V,2.20499992370605,3,,,2.54609107971191,2.53179001808167,2.53173303604126,2.53636598587036,2.53711009025574,2.53527998924255,2.53996992111206,2.53665208816528,2.55249810218811,2.53476500511169,2.5329909324646,,2.54168605804443,2.53825402259827,2.53974103927612
2,24412450,A244_VOLH_H:VOL_VCCY_4.50_IOL_8.00[1]/PIN12,_,V,0,0.595000028610229,,,0.370427012443542,0.376433998346329,0.376318991184235,0.373172998428345,0.371284991502762,0.374202996492386,0.370027005672455,0.372487008571625,0.360588014125824,0.37254399061203,0.376204997301102,,0.364535003900528,0.368081986904144,0.371915012598038
2,24412450,A244_VOLH_H:VOL_VCCY_4.50_IOL_8.00[1]/PIN14,_,V,0,0.595000028610229,,,0.371791988611221,0.377970010042191,0.378255993127823,0.374765992164612,0.372992992401123,0.376253992319107,0.37202000617981,0.374193996191025,0.362067013978958,0.374309003353119,0.378484010696411,,0.366585999727249,0.369617998600006,0.373622000217438
2,24412450,A244_VOLH_H:VOL_VCCY_4.50_IOL_8.00[1]/PIN16,_,V,0,0.595000028610229,,,0.371531993150711,0.378286987543106,0.377770990133286,0.374680012464523,0.372390985488892,0.375481992959976,0.371589004993439,0.373993009328842,0.362201005220413,0.374280005693436,0.378343999385834,,0.366151005029678,0.368784010410309,0.373593002557755
2,24412450,A244_VOLH_H:VOL_VCCY_4.50_IOL_8.00[1]/PIN18,_,V,0,0.595000028610229,,,0.372267991304398,0.378964990377426,0.378163009881973,0.375301003456116,0.373412013053894,0.376332014799118,0.372153013944626,0.374729007482529,0.362823009490967,0.375187009572983,0.378506988286972,,0.36660099029541,0.369805991649628,0.37415599822998
2,24412450,A244_VOLH_H:VOL_VCCY_4.50_IOL_8.00[1]/PIN3,_,V,0,0.595000028610229,,,0.366829991340637,0.372096002101898,0.371924012899399,0.368889987468719,0.36751601099968,0.370207011699677,0.36574199795723,0.367917001247406,0.357156008481979,0.368604004383087,0.372610986232758,,0.360475987195969,0.363337993621826,0.367688000202179
2,24412450,A244_VOLH_H:VOL_VCCY_4.50_IOL_8.00[1]/PIN5,_,V,0,0.595000028610229,,,0.365808010101318,0.371645987033844,0.371302992105484,0.368440985679626,0.366495013237,0.368898987770081,0.365063011646271,0.36769700050354,0.356591999530792,0.367810994386673,0.37193301320076,,0.360540986061096,0.362888008356094,0.367123991250992
2,24412450,A244_VOLH_H:VOL_VCCY_4.50_IOL_8.00[1]/PIN7,_,V,0,0.595000028610229,,,0.364993005990982,0.370027005672455,0.370140999555588,0.367224007844925,0.365222007036209,0.368025004863739,0.364019989967346,0.366365998983383,0.355210989713669,0.366766005754471,0.370541989803314,,0.358815014362335,0.36133199930191,0.365794003009796
2,24412450,A244_VOLH_H:VOL_VCCY_4.50_IOL_8.00[1]/PIN9,_,V,0,0.595000028610229,,,0.358920991420746,0.3644700050354,0.364297986030579,0.361209005117416,0.359263986349106,0.362067013978958,0.358006000518799,0.360408008098602,0.349081993103027,0.360751003026962,0.3644700050354,,0.353201001882553,0.355659991502762,0.360008001327515
2,24412460,A244_VOLH_H:VOH_VCCY_4.50_IOH_-8.00[1]/PIN12,_,V,3.90499997138977,4.5,,,4.14675617218018,4.13668823242188,4.13651704788208,4.139319896698,4.14046382904053,4.13903379440308,4.14212322235107,4.14017820358276,4.15156078338623,4.1385760307312,4.13611602783203,,4.1441822052002,4.14069223403931,4.1414361000061
2,24412460,A244_VOLH_H:VOH_VCCY_4.50_IOH_-8.00[1]/PIN14,_,V,3.90499997138977,4.5,,,4.14904403686523,4.13943386077881,4.13914823532104,4.14172220230103,4.1432671546936,4.14132213592529,4.14435291290283,4.14292287826538,4.15367794036865,4.14137887954712,4.13834714889526,,4.14635610580444,4.14269495010376,4.14315223693848
2,24412460,A244_VOLH_H:VOH_VCCY_4.50_IOH_-8.00[1]/PIN16,_,V,3.90499997138977,4.5,,,4.15231513977051,4.1425838470459,4.14218282699585,4.14458703994751,4.1460747718811,4.14452981948853,4.14744901657104,4.14624691009521,4.15672206878662,4.14452981948853,4.14189720153809,,4.14939498901367,4.14584589004517,4.14693403244019
2,24412460,A244_VOLH_H:VOH_VCCY_4.50_IOH_-8.00[1]/PIN18,_,V,3.90499997138977,4.5,,,4.15405082702637,4.14477777481079,4.14391994476318,4.14643812179565,4.14827013015747,4.14638090133667,4.1494722366333,4.14775514602661,4.15845918655396,4.14638090133667,4.14386177062988,,4.15118885040283,4.14781188964844,4.14884185791016
2,24412460,A244_VOLH_H:VOH_VCCY_4.50_IOH_-8.00[1]/PIN3,_,V,3.90499997138977,4.5,,,4.14886093139648,4.14021682739258,4.13964509963989,4.14262104034424,4.14359378814697,4.1423921585083,4.14514017105103,4.14325094223022,4.15378379821777,4.14204883575439,4.13987398147583,,4.14691400527954,4.14433813095093,4.14456701278687
2,24412460,A244_VOLH_H:VOH_VCCY_4.50_IOH_-8.00[1]/PIN5,_,V,3.90499997138977,4.5,,,4.14737176895142,4.13821315765381,4.13792705535889,4.14067506790161,4.1413049697876,4.14073181152344,4.14302206039429,4.1412467956543,4.151780128479,4.14010286331177,4.13798522949219,,4.14514017105103,4.14233493804932,4.14279317855835
2,24412460,A244_VOLH_H:VOH_VCCY_4.50_IOH_-8.00[1]/PIN7,_,V,3.90499997138977,4.5,,,4.14469718933105,4.13491487503052,4.13508701324463,4.13777494430542,4.13851881027222,4.13777494430542,4.13989210128784,4.13846206665039,4.14927291870117,4.13708877563477,4.13491487503052,,4.14200782775879,4.13926219940186,4.14006280899048
2,24412460,A244_VOLH_H:VOH_VCCY_4.50_IOH_-8.00[1]/PIN9,_,V,3.90499997138977,4.5,,,4.14332389831543,4.13365602493286,4.13377094268799,4.136803150177,4.13743209838867,4.13628816604614,4.13897609710693,4.13725996017456,4.14847183227539,4.13600206375122,4.1338849067688,,4.14114999771118,4.1385760307312,4.13874816894531
2,24412470,A244_VOLH_H:VOL_VCCY_3.00_IOL_16.00[1]/PIN12,_,V,0,1.39499998092651,,,1.05980098247528,1.08365499973297,1.08451294898987,1.06969702243805,1.06151700019836,1.07290005683899,1.05516695976257,1.06500601768494,1.02233195304871,1.06872498989105,1.07576096057892,,1.03771996498108,1.05007600784302,1.06214594841003
2,24412470,A244_VOLH_H:VOL_VCCY_3.00_IOL_16.00[1]/PIN14,_,V,0,1.39499998092651,,,1.06309401988983,1.0876339673996,1.08900701999664,1.07453501224518,1.06664097309113,1.07888197898865,1.06097805500031,1.06869995594025,1.02602601051331,1.07379102706909,1.082200050354,,1.04404497146606,1.05382704734802,1.06692695617676
2,24412470,A244_VOLH_H:VOL_VCCY_3.00_IOL_16.00[1]/PIN16,_,V,0,1.39499998092651,,,1.06285095214844,1.08941197395325,1.08843898773193,1.07430005073547,1.06531298160553,1.07739102840424,1.06090497970581,1.06817495822906,1.02770400047302,1.07475805282593,1.08259999752045,,1.04315996170044,1.05203199386597,1.06743097305298
2,24412470,A244_VOLH_H:VOL_VCCY_3.00_IOL_16.00[1]/PIN18,_,V,0,1.39499998092651,,,1.06442999839783,1.09104704856873,1.08955895900726,1.07616400718689,1.06792104244232,1.07942700386047,1.06196796894073,1.07044005393982,1.02956998348236,1.07730901241302,1.08205997943878,,1.0436509847641,1.05475604534149,1.06900894641876
2,24412470,A244_VOLH_H:VOL_VCCY_3.00_IOL_16.00[1]/PIN3,_,V,0,1.39499998092651,,,1.05183696746826,1.07232904434204,1.0728440284729,1.0591059923172,1.0530960559845,1.06402897834778,1.04462397098541,1.05240905284882,1.01583194732666,1.05967903137207,1.06671905517578,,1.028195977211,1.03815603256226,1.05258095264435
2,24412470,A244_VOLH_H:VOL_VCCY_3.00_IOL_16.00[1]/PIN5,_,V,0,1.39499998092651,,,1.04682302474976,1.0693199634552,1.06983494758606,1.05649697780609,1.04831194877625,1.05809998512268,1.04230105876923,1.05083000659943,1.01264905929565,1.05603897571564,1.06348097324371,,1.02707505226135,1.03554594516754,1.04928505420685
2,24412470,A244_VOLH_H:VOL_VCCY_3.00_IOL_16.00[1]/PIN7,_,V,0,1.39499998092651,,,1.0435539484024,1.06363296508789,1.06420505046844,1.05150604248047,1.04309701919556,1.0544810295105,1.03834903240204,1.04612898826599,1.00728702545166,1.05162000656128,1.05882799625397,,1.02135896682739,1.02999699115753,1.04418396949768
2,24412470,A244_VOLH_H:VOL_VCCY_3.00_IOL_16.00[1]/PIN9,_,V,0,1.39499998092651,,,1.02711296081543,1.04867899417877,1.04873597621918,1.03540802001953,1.02745604515076,1.03792500495911,1.02104997634888,1.03031694889069,0.99073201417923,1.03420603275299,1.04175698757172,,1.00589096546173,1.01378500461578,1.0287150144577
2,24412480,A244_VOLH_H:VOH_VCCY_3.00_IOH_-16.00[1]/PIN12,_,V,1.50499999523163,3,,,2.0405740737915,2.00539398193359,2.00442099571228,2.01374506950378,2.01689195632935,2.01208710670471,2.02558708190918,2.01586198806763,2.05487608909607,2.01037001609802,2.00579404830933,,2.02856111526489,2.01706290245056,2.0229549407959
2,24412480,A244_VOLH_H:VOH_VCCY_3.00_IOH_-16.00[1]/PIN14,_,V,1.50499999523163,3,,,2.04744911193848,2.01335597038269,2.0124979019165,2.02107906341553,2.02588391304016,2.01976299285889,2.03206205368042,2.02473998069763,2.06112098693848,2.01879096031189,2.01226902008057,,2.03526496887207,2.02308106422424,2.02851510047913
2,24412480,A244_VOLH_H:VOH_VCCY_3.00_IOH_-16.00[1]/PIN16,_,V,1.50499999523163,3,,,2.05463695526123,2.02103590965271,2.01954698562622,2.02727508544922,2.03185510635376,2.02664494514465,2.0390100479126,2.03259897232056,2.06791710853577,2.02630209922791,2.02097797393799,,2.04215788841248,2.0304229259491,2.03717803955078
2,24412480,A244_VOLH_H:VOH_VCCY_3.00_IOH_-16.00[1]/PIN18,_,V,1.50499999523163,3,,,2.05739498138428,2.02442407608032,2.02173399925232,2.03054904937744,2.03598690032959,2.02928900718689,2.0422260761261,2.03478503227234,2.07021689414978,2.02969002723694,2.02425193786621,,2.04508805274963,2.03409790992737,2.04033708572388
2,24412480,A244_VOLH_H:VOH_VCCY_3.00_IOH_-16.00[1]/PIN3,_,V,1.50499999523163,3,,,2.04234004020691,2.01160192489624,2.00931191444397,2.01938700675964,2.02224898338318,2.01812696456909,2.02997589111328,2.02127599716187,2.05670809745789,2.01652503013611,2.01268911361694,,2.03278088569641,2.02402305603027,2.02814507484436
2,24412480,A244_VOLH_H:VOH_VCCY_3.00_IOH_-16.00[1]/PIN5,_,V,1.50499999523163,3,,,2.04124188423157,2.0091290473938,2.00786995887756,2.01719999313354,2.0192608833313,2.01679992675781,2.02710294723511,2.01868891716003,2.05457997322083,2.01445293426514,2.01084589958191,,2.03070998191833,2.02126502990723,2.02630209922791
2,24412480,A244_VOLH_H:VOH_VCCY_3.00_IOH_-16.00[1]/PIN7,_,V,1.50499999523163,3,,,2.0366849899292,2.00138902664185,2.00144600868225,2.01145696640015,2.01351690292358,2.01082801818848,2.02072405815125,2.01271605491638,2.04989910125732,2.00750994682312,2.00407791137695,,2.02404189109802,2.0147750377655,2.02078199386597
2,24412480,A244_VOLH_H:VOH_VCCY_3.00_IOH_-16.00[1]/PIN9,_,V,1.50499999523163,3,,,2.0317759513855,1.9977400302887,1.99751102924347,2.00832200050354,2.01003789901733,2.00591993331909,2.01741790771484,2.00878000259399,2.04710602760315,2.00414609909058,2.00088596343994,,2.02050709724426,2.01238393783569,2.01690292358398
2,24412490,A244_VOLH_H:VOL_VCCY_3.60_IOL_16.00[1]/PIN12,_,V,0,1.39499998092651,,,0.886699020862579,0.903117001056671,0.903575003147125,0.893449008464813,0.88790100812912,0.896480977535248,0.884068012237549,0.89104700088501,0.859699010848999,0.892534017562866,0.900371015071869,,0.86982399225235,0.879320025444031,0.889216005802155
2,24412490,A244_VOLH_H:VOL_VCCY_3.60_IOL_16.00[1]/PIN14,_,V,0,1.39499998092651,,,0.889997005462646,0.907042980194092,0.907615005970001,0.897605001926422,0.892228007316589,0.901265978813171,0.888795971870422,0.89480197429657,0.863168001174927,0.896975994110107,0.905842006206512,,0.875123977661133,0.882845997810364,0.893371999263763
2,24412490,A244_VOLH_H:VOL_VCCY_3.60_IOL_16.00[1]/PIN16,_,V,0,1.39499998092651,,,0.889635026454926,0.907781004905701,0.906865000724792,0.897190988063812,0.891008973121643,0.900110006332397,0.888261020183563,0.894043028354645,0.863761007785797,0.897019028663635,0.90549099445343,,0.874351024627686,0.881335020065308,0.893240988254547
2,24412490,A244_VOLH_H:VOL_VCCY_3.60_IOL_16.00[1]/PIN18,_,V,0,1.39499998092651,,,0.89070200920105,0.909133970737457,0.907531023025513,0.898773014545441,0.893163979053497,0.901463985443115,0.889042019844055,0.895853996276855,0.86505800485611,0.899116992950439,0.905528008937836,,0.875018000602722,0.883145987987518,0.894652009010315
2,24412490,A244_VOLH_H:VOL_VCCY_3.60_IOL_16.00[1]/PIN3,_,V,0,1.39499998092651,,,0.879426002502441,0.89350700378418,0.893563985824585,0.884234011173248,0.879998028278351,0.88789701461792,0.874616980552673,0.88051301240921,0.852865993976593,0.884177029132843,0.892361998558044,,0.861337006092072,0.868779003620148,0.880284011363983
2,24412490,A244_VOLH_H:VOL_VCCY_3.60_IOL_16.00[1]/PIN5,_,V,0,1.39499998092651,,,0.876296997070312,0.891524016857147,0.891580998897552,0.882650971412659,0.877098977565765,0.884140014648438,0.87303501367569,0.879617989063263,0.850938975811005,0.881964027881622,0.89020699262619,,0.860898971557617,0.86736798286438,0.878301024436951
2,24412490,A244_VOLH_H:VOL_VCCY_3.60_IOL_16.00[1]/PIN7,_,V,0,1.39499998092651,,,0.873942971229553,0.887557029724121,0.888186991214752,0.879377007484436,0.873542010784149,0.881664991378784,0.870281994342804,0.87611597776413,0.847400009632111,0.879033982753754,0.886870980262756,,0.856953024864197,0.863703012466431,0.874971985816956
2,24412490,A244_VOLH_H:VOL_VCCY_3.60_IOL_16.00[1]/PIN9,_,V,0,1.39499998092651,,,0.860136985778809,0.874952018260956,0.875010013580322,0.865684986114502,0.860194027423859,0.867915987968445,0.856018006801605,0.862711012363434,0.833194017410278,0.864540994167328,0.872663974761963,,0.843833982944489,0.850012004375458,0.861624002456665
2,24412500,A244_VOLH_H:VOH_VCCY_3.60_IOH_-16.00[1]/PIN12,_,V,1.50499999523163,3.59999990463257,,,2.77130103111267,2.74464392662048,2.74424409866333,2.75145101547241,2.75419688224792,2.75019311904907,2.75968790054321,2.75328207015991,2.78331303596497,2.74921989440918,2.74430108070374,,2.76363492012024,2.75465488433838,2.75785803794861
2,24412500,A244_VOLH_H:VOH_VCCY_3.60_IOH_-16.00[1]/PIN14,_,V,1.50499999523163,3.59999990463257,,,2.7770209312439,2.7512800693512,2.75053596496582,2.75751495361328,2.76134705543518,2.75642800331116,2.7652370929718,2.76037502288818,2.78857588768005,2.75608491897583,2.7495059967041,,2.76912689208984,2.75945997238159,2.7623770236969
2,24412500,A244_VOLH_H:VOH_VCCY_3.60_IOH_-16.00[1]/PIN16,_,V,1.50499999523163,3.59999990463257,,,2.78378796577454,2.75848698616028,2.75716996192932,2.76346707344055,2.7673020362854,2.76295208930969,2.77176690101624,2.76747393608093,2.79506397247314,2.7630660533905,2.75757098197937,,2.77554488182068,2.76655793190002,2.77033591270447
2,24412500,A244_VOLH_H:VOH_VCCY_3.60_IOH_-16.00[1]/PIN18,_,V,1.50499999523163,3.59999990463257,,,2.78698706626892,2.76197290420532,2.75974011421204,2.76683807373047,2.77135992050171,2.7662079334259,2.77513790130615,2.77027201652527,2.79768991470337,2.76649498939514,2.76082801818848,,2.77863001823425,2.76998591423035,2.77364993095398
2,24412500,A244_VOLH_H:VOH_VCCY_3.60_IOH_-16.00[1]/PIN3,_,V,1.50499999523163,3.59999990463257,,,2.77434897422791,2.7513370513916,2.7495059967041,2.7572329044342,2.7598090171814,2.75660395622253,2.7649040222168,2.75895094871521,2.78654193878174,2.75545907020569,2.75088000297546,,2.76833891868591,2.7614119052887,2.76330089569092
2,24412500,A244_VOLH_H:VOH_VCCY_3.60_IOH_-16.00[1]/PIN5,_,V,1.50499999523163,3.59999990463257,,,2.77245998382568,2.74801707267761,2.74727296829224,2.75460004806519,2.75625991821289,2.75419998168945,2.7614688873291,2.7555730342865,2.78362202644348,2.75259709358215,2.74830389022827,,2.76541900634766,2.75809192657471,2.76083993911743
2,24412500,A244_VOLH_H:VOH_VCCY_3.60_IOH_-16.00[1]/PIN7,_,V,1.50499999523163,3.59999990463257,,,2.76741099357605,2.74109697341919,2.7412691116333,2.74882006645203,2.75053596496582,2.74836206436157,2.75534105300903,2.74990701675415,2.77850794792175,2.74618792533875,2.7420129776001,,2.75911593437195,2.75219488143921,2.75539803504944
2,24412500,A244_VOLH_H:VOH_VCCY_3.60_IOH_-16.00[1]/PIN9,_,V,1.50499999523163,3.59999990463257,,,2.76403594017029,2.73817992210388,2.73823690414429,2.74636006355286,2.74807596206665,2.74464392662048,2.75265192985535,2.74698901176453,2.77667808532715,2.74378609657288,2.73960995674133,,2.75677108764648,2.75030708312988,2.75242400169373
2,24412510,A244_VOLH_H:VOL_VCCY_4.50_IOL_16.00[1]/PIN12,_,V,0,1.19500005245209,,,0.767714023590088,0.780928015708923,0.780928015708923,0.773662984371185,0.769143998622894,0.775837004184723,0.766569972038269,0.772060990333557,0.746318995952606,0.772289991378784,0.780241012573242,,0.754670977592468,0.762221992015839,0.770744979381561
2,24412510,A244_VOLH_H:VOL_VCCY_4.50_IOL_16.00[1]/PIN14,_,V,0,1.19500005245209,,,0.771127998828888,0.784685015678406,0.784914016723633,0.777248978614807,0.773415982723236,0.780566990375519,0.771071016788483,0.775933027267456,0.749906003475189,0.776562988758087,0.785372018814087,,0.759401977062225,0.76580798625946,0.774731993675232
2,24412510,A244_VOLH_H:VOL_VCCY_4.50_IOL_16.00[1]/PIN16,_,V,0,1.19500005245209,,,0.770569980144501,0.784937977790833,0.784250974655151,0.776924014091492,0.77217298746109,0.779327988624573,0.770283997058868,0.77497798204422,0.75007700920105,0.776295006275177,0.784824013710022,,0.758548974990845,0.764388024806976,0.774233996868134
2,24412510,A244_VOLH_H:VOL_VCCY_4.50_IOL_16.00[1]/PIN18,_,V,0,1.19500005245209,,,0.771696984767914,0.786237001419067,0.784690976142883,0.777936995029449,0.773814976215363,0.780454993247986,0.771010994911194,0.776677012443542,0.751147985458374,0.778051018714905,0.785091996192932,,0.75933301448822,0.765915989875793,0.775417983531952
2,24412510,A244_VOLH_H:VOL_VCCY_4.50_IOL_16.00[1]/PIN3,_,V,0,1.19500005245209,,,0.760764002799988,0.772041022777557,0.771640002727509,0.764770984649658,0.761623024940491,0.767862021923065,0.757673025131226,0.762596011161804,0.739471018314362,0.764370977878571,0.772499024868011,,0.746568977832794,0.75246399641037,0.762023985385895
2,24412510,A244_VOLH_H:VOL_VCCY_4.50_IOL_16.00[1]/PIN5,_,V,0,1.19500005245209,,,0.758378028869629,0.770627975463867,0.770054996013641,0.763529002666473,0.759464979171753,0.764732003211975,0.756317019462585,0.761811971664429,0.73811399936676,0.762670993804932,0.770856976509094,,0.746299028396606,0.751622974872589,0.760609984397888
2,24412510,A244_VOLH_H:VOL_VCCY_4.50_IOL_16.00[1]/PIN7,_,V,0,1.19500005245209,,,0.756615996360779,0.767427980899811,0.767598986625671,0.76119202375412,0.756672978401184,0.762965977191925,0.754212975502014,0.759019017219543,0.735221028327942,0.76044899225235,0.768171012401581,,0.743116021156311,0.748549997806549,0.757874011993408
2,24412510,A244_VOLH_H:VOL_VCCY_4.50_IOL_16.00[1]/PIN9,_,V,0,1.19500005245209,,,0.743842005729675,0.755511999130249,0.755168974399567,0.748418986797333,0.744127988815308,0.750362992286682,0.741038978099823,0.746531009674072,0.722276985645294,0.747216999530792,0.7551109790802,,0.730970978736877,0.736063003540039,0.745787024497986
2,24412520,A244_VOLH_H:VOH_VCCY_4.50_IOH_-16.00[1]/PIN12,_,V,3.3050000667572,4.5,,,3.77905297279358,3.75794506072998,3.75760102272034,3.76349306106567,3.76560997962952,3.76263499259949,3.76950001716614,3.76509499549866,3.78934907913208,3.76194906234741,3.75680088996887,,3.77378988265991,3.76618194580078,3.76784110069275
2,24412520,A244_VOLH_H:VOH_VCCY_4.50_IOH_-16.00[1]/PIN14,_,V,3.3050000667572,4.5,,,3.78385806083679,3.76337909698486,3.76303601264954,3.76852703094482,3.77150201797485,3.76778411865234,3.77413296699524,3.77098703384399,3.79358196258545,3.76784110069275,3.76132011413574,,3.77830910682678,3.77041506767273,3.7717878818512
2,24412520,A244_VOLH_H:VOH_VCCY_4.50_IOH_-16.00[1]/PIN16,_,V,3.3050000667572,4.5,,,3.7906060218811,3.77045702934265,3.76948404312134,3.77440690994263,3.77772688865662,3.77440690994263,3.78070402145386,3.77789902687073,3.80016589164734,3.77452111244202,3.76873993873596,,3.78448104858398,3.77721190452576,3.7793869972229
2,24412520,A244_VOLH_H:VOH_VCCY_4.50_IOH_-16.00[1]/PIN18,_,V,3.3050000667572,4.5,,,3.79389691352844,3.77414894104004,3.77243208885193,3.77798390388489,3.7816469669342,3.77758288383484,3.7842800617218,3.7807309627533,3.8031120300293,3.77786898612976,3.77248907089233,,3.78782892227173,3.78067398071289,3.78284907341003
2,24412520,A244_VOLH_H:VOH_VCCY_4.50_IOH_-16.00[1]/PIN3,_,V,3.3050000667572,4.5,,,3.78290796279907,3.76470494270325,3.76338791847229,3.76962804794312,3.77151703834534,3.76922702789307,3.77500891685486,3.77100205421448,3.79338407516479,3.76836800575256,3.76361703872681,,3.77867197990417,3.77317690849304,3.77380704879761
2,24412520,A244_VOLH_H:VOH_VCCY_4.50_IOH_-16.00[1]/PIN5,_,V,3.3050000667572,4.5,,,3.78021788597107,3.76098394393921,3.76046895980835,3.76624989509583,3.76756691932678,3.76613593101501,3.77123093605042,3.76716589927673,3.78966307640076,3.76493406295776,3.76035404205322,,3.77535200119019,3.76934194564819,3.77071499824524
2,24412520,A244_VOLH_H:VOH_VCCY_4.50_IOH_-16.00[1]/PIN7,_,V,3.3050000667572,4.5,,,3.77493405342102,3.7542839050293,3.7542839050293,3.76046204566956,3.76189208030701,3.76017594337463,3.76492309570312,3.76149106025696,3.78460097312927,3.75868797302246,3.75416898727417,,3.76915597915649,3.76349306106567,3.76498103141785
2,24412520,A244_VOLH_H:VOH_VCCY_4.50_IOH_-16.00[1]/PIN9,_,V,3.3050000667572,4.5,,,3.77241706848145,3.75216698646545,3.75199508666992,3.75863099098206,3.75983190536499,3.75737309455872,3.76314997673035,3.75931811332703,3.78311395645142,3.75697207450867,3.75228190422058,,3.76761198043823,3.76200604438782,3.76292109489441
2,24412530,A244_VOLH_H:VOL_VCCY_4.50_IOL_24.00[1]/PIN12,_,V,0,1.49500000476837,,,1.2089329957962,1.23107099533081,1.23118603229523,1.21831500530243,1.2107640504837,1.22231900691986,1.2061870098114,1.21568298339844,1.17237901687622,1.21659898757935,1.2291259765625,,1.18650901317596,1.19926595687866,1.21328103542328
2,24412530,A244_VOLH_H:VOL_VCCY_4.50_IOL_24.00[1]/PIN14,_,V,0,1.49500000476837,,,1.21456897258759,1.23727798461914,1.23796498775482,1.22475099563599,1.21788597106934,1.23024201393127,1.21365296840668,1.22206199169159,1.17835903167725,1.22372102737427,1.23756396770477,,1.19443297386169,1.20507299900055,1.21994602680206
2,24412530,A244_VOLH_H:VOL_VCCY_4.50_IOL_24.00[1]/PIN16,_,V,0,1.49500000476837,,,1.21408605575562,1.23812794685364,1.23681199550629,1.22398900985718,1.21608996391296,1.22822499275208,1.21259796619415,1.22078394889832,1.17905402183533,1.22353100776672,1.23686897754669,,1.19324994087219,1.202751994133,1.21940994262695
2,24412530,A244_VOLH_H:VOL_VCCY_4.50_IOL_24.00[1]/PIN18,_,V,0,1.49500000476837,,,1.21560394763947,1.24004602432251,1.23781394958496,1.22613596916199,1.21915304660797,1.23025798797607,1.21388697624207,1.22338902950287,1.1808580160141,1.22630798816681,1.23724102973938,,1.19430994987488,1.20558702945709,1.22144305706024
2,24412530,A244_VOLH_H:VOL_VCCY_4.50_IOL_24.00[1]/PIN3,_,V,0,1.49500000476837,,,1.19854605197906,1.21766495704651,1.21714901924133,1.20495700836182,1.19963395595551,1.21033799648285,1.1927649974823,1.20095002651215,1.16271305084229,1.20455598831177,1.21743595600128,,1.17416095733643,1.18406403064728,1.20014905929565
2,24412530,A244_VOLH_H:VOL_VCCY_4.50_IOL_24.00[1]/PIN5,_,V,0,1.49500000476837,,,1.19439494609833,1.21500194072723,1.21454405784607,1.202751994133,1.19565403461456,1.20504200458527,1.19033098220825,1.19960403442383,1.1600489616394,1.20155000686646,1.21437203884125,,1.17367303371429,1.18231701850891,1.19760000705719
2,24412530,A244_VOLH_H:VOL_VCCY_4.50_IOL_24.00[1]/PIN7,_,V,0,1.49500000476837,,,1.19097101688385,1.20927596092224,1.2097339630127,1.19840705394745,1.19068503379822,1.20143902301788,1.18645203113556,1.19451797008514,1.15487504005432,1.19737803936005,1.20961999893188,,1.16791701316833,1.17707002162933,1.19280099868774
2,24412530,A244_VOLH_H:VOL_VCCY_4.50_IOL_24.00[1]/PIN9,_,V,0,1.49500000476837,,,1.16983604431152,1.18962800502777,1.18928503990173,1.17744398117065,1.17012202739716,1.18059003353119,1.16497302055359,1.17395401000977,1.13356900215149,1.17544198036194,1.18819797039032,,1.14781200885773,1.15633594989777,1.17252397537231
2,24412540,A244_VOLH_H:VOH_VCCY_4.50_IOH_-24.00[1]/PIN12,_,V,3.00500011444092,4.5,,,3.39121389389038,3.35734891891479,3.35689210891724,3.36615896224976,3.36976194381714,3.36478590965271,3.37588310241699,3.3685610294342,3.40734505653381,3.36364197731018,3.35574793815613,,3.38234710693359,3.37021994590759,3.37359499931335
2,24412540,A244_VOLH_H:VOH_VCCY_4.50_IOH_-24.00[1]/PIN14,_,V,3.00500011444092,4.5,,,3.3988790512085,3.36627292633057,3.36558699607849,3.37439608573914,3.37920093536377,3.3730800151825,3.38332009315491,3.37805700302124,3.41449594497681,3.37290906906128,3.36295509338379,,3.38978409767151,3.37708497047424,3.37977290153503
2,24412540,A244_VOLH_H:VOH_VCCY_4.50_IOH_-24.00[1]/PIN16,_,V,3.00500011444092,4.5,,,3.40914988517761,3.37703704833984,3.37543511390686,3.38327693939209,3.38854289054871,3.38316202163696,3.39352297782898,3.38860011100769,3.42426109313965,3.38321900367737,3.37480497360229,,3.39936089515686,3.38745498657227,3.39151906967163
2,24412540,A244_VOLH_H:VOH_VCCY_4.50_IOH_-24.00[1]/PIN18,_,V,3.00500011444092,4.5,,,3.41445207595825,3.38291311264038,3.38022303581238,3.38886594772339,3.39487600326538,3.38829398155212,3.39899706840515,3.3932158946991,3.42904806137085,3.38869404792786,3.38033699989319,,3.40455007553101,3.39298701286316,3.39693689346313
2,24412540,A244_VOLH_H:VOH_VCCY_4.50_IOH_-24.00[1]/PIN3,_,V,3.00500011444092,4.5,,,3.39697790145874,3.3676700592041,3.36532306671143,3.37545490264893,3.37860298156738,3.37471008300781,3.38444209098816,3.37757301330566,3.41329193115234,3.37339401245117,3.36629605293274,,3.38976502418518,3.38106393814087,3.38243794441223
2,24412540,A244_VOLH_H:VOH_VCCY_4.50_IOH_-24.00[1]/PIN5,_,V,3.00500011444092,4.5,,,3.39279890060425,3.36188793182373,3.36091494560242,3.37035989761353,3.3726499080658,3.37035989761353,3.37831711769104,3.37179088592529,3.40773892402649,3.36806988716125,3.36142992973328,,3.38455605506897,3.37516808509827,3.37757301330566
2,24412540,A244_VOLH_H:VOH_VCCY_4.50_IOH_-24.00[1]/PIN7,_,V,3.00500011444092,4.5,,,3.38514995574951,3.35174298286438,3.35174298286438,3.36163997650146,3.3638129234314,3.3610680103302,3.36913299560547,3.36295509338379,3.40007996559143,3.35860800743103,3.35191488265991,,3.37542605400085,3.36627292633057,3.36936211585999
2,24412540,A244_VOLH_H:VOH_VCCY_4.50_IOH_-24.00[1]/PIN9,_,V,3.00500011444092,4.5,,,3.38086009025574,3.34831094741821,3.34802508354187,3.35883688926697,3.36095309257507,3.35694909095764,3.36621594429016,3.35963702201843,3.39767789840698,3.35603404045105,3.34911203384399,,3.37273693084717,3.36404204368591,3.36575794219971
2,24412550,A244_VOLH_H:VOL_VCCY_5.50_IOL_24.00[1]/PIN12,_,V,0,1.49500000476837,,,1.08336901664734,1.10218894481659,1.10178899765015,1.09200704097748,1.08617198467255,1.09520995616913,1.08268201351166,1.09046196937561,1.05356502532959,1.09011900424957,1.10184597969055,,1.06609296798706,1.0765620470047,1.08840298652649
2,24412550,A244_VOLH_H:VOL_VCCY_5.50_IOL_24.00[1]/PIN14,_,V,0,1.49500000476837,,,1.08917903900146,1.10805594921112,1.10845601558685,1.09821701049805,1.09295403957367,1.10279297828674,1.08975100517273,1.09667301177979,1.05966198444366,1.096843957901,1.1098860502243,,1.07327604293823,1.08248603343964,1.09489905834198
2,24412550,A244_VOLH_H:VOL_VCCY_5.50_IOL_24.00[1]/PIN16,_,V,0,1.49500000476837,,,1.08826696872711,1.10864496231079,1.10732901096344,1.09759700298309,1.09130096435547,1.10091805458069,1.08849596977234,1.09547901153564,1.05970299243927,1.09656703472137,1.10904598236084,,1.07229602336884,1.08030998706818,1.09404802322388
2,24412550,A244_VOLH_H:VOL_VCCY_5.50_IOL_24.00[1]/PIN18,_,V,0,1.49500000476837,,,1.08961594104767,1.11016499996185,1.10793304443359,1.09900295734406,1.09368002414703,1.10232305526733,1.08961594104767,1.0976300239563,1.06128096580505,1.09865999221802,1.10953605175018,,1.07313001155853,1.08257496356964,1.09579801559448
2,24412550,A244_VOLH_H:VOL_VCCY_5.50_IOL_24.00[1]/PIN3,_,V,0,1.49500000476837,,,1.07313001155853,1.08921504020691,1.08852803707123,1.07919800281525,1.07513403892517,1.08349096775055,1.06981003284454,1.07679402828217,1.04376494884491,1.07839703559875,1.09058904647827,,1.05406904220581,1.06242597103119,1.07570600509644
2,24412550,A244_VOLH_H:VOL_VCCY_5.50_IOL_24.00[1]/PIN5,_,V,0,1.49500000476837,,,1.06994903087616,1.08746600151062,1.08666396141052,1.07762002944946,1.07218205928802,1.07950901985168,1.06800305843353,1.07578802108765,1.0419579744339,1.0762460231781,1.08832395076752,,1.05392098426819,1.06113398075104,1.0736700296402
2,24412550,A244_VOLH_H:VOL_VCCY_5.50_IOL_24.00[1]/PIN7,_,V,0,1.49500000476837,,,1.06712305545807,1.08268201351166,1.08273994922638,1.07421600818634,1.0682669878006,1.07673299312592,1.06477701663971,1.07135605812073,1.03760504722595,1.07278597354889,1.08422696590424,,1.04921805858612,1.05682599544525,1.06992602348328
2,24412550,A244_VOLH_H:VOL_VCCY_5.50_IOL_24.00[1]/PIN9,_,V,0,1.49500000476837,,,1.04736304283142,1.06400895118713,1.06360900402069,1.05462801456451,1.04867899417877,1.05720198154449,1.04467499256134,1.05211102962494,1.0176750421524,1.05245399475098,1.06440997123718,,1.03031694889069,1.03746700286865,1.05085301399231
2,24412560,A244_VOLH_H:VOH_VCCY_5.50_IOH_-24.00[1]/PIN12,_,V,4.00500011444092,5.5,,,4.50759506225586,4.47939395904541,4.47916507720947,4.48683023452759,4.48997592926025,4.48579978942871,4.49403810501099,4.48900413513184,4.52143812179565,4.48505687713623,4.47716283798218,,4.50067281723022,4.49043416976929,4.49220705032349
2,24412560,A244_VOLH_H:VOH_VCCY_5.50_IOH_-24.00[1]/PIN14,_,V,4.00500011444092,5.5,,,4.51423120498657,4.48728799819946,4.48660087585449,4.4941520690918,4.49804210662842,4.49312210083008,4.50084495544434,4.49706983566284,4.52795886993408,4.49295091629028,4.48357009887695,,4.50719499588013,4.49643993377686,4.4977560043335
2,24412560,A244_VOLH_H:VOH_VCCY_5.50_IOH_-24.00[1]/PIN16,_,V,4.00500011444092,5.5,,,4.52432584762573,4.4974799156189,4.49639320373535,4.50274610519409,4.50732612609863,4.50308990478516,4.51064586639404,4.50732612609863,4.53743505477905,4.50308990478516,4.49479007720947,,4.51654195785522,4.50675296783447,4.50904321670532
2,24412560,A244_VOLH_H:VOH_VCCY_5.50_IOH_-24.00[1]/PIN18,_,V,4.00500011444092,5.5,,,4.52977514266968,4.50367403030396,4.50121212005615,4.5085391998291,4.5135760307312,4.50842380523682,4.51655292510986,4.51225996017456,4.5425968170166,4.50859594345093,4.50041103363037,,4.52181911468506,4.51208782196045,4.51466417312622
2,24412560,A244_VOLH_H:VOH_VCCY_5.50_IOH_-24.00[1]/PIN3,_,V,4.00500011444092,5.5,,,4.5140118598938,4.48985481262207,4.48808097839355,4.49626684188843,4.49884176254272,4.49609518051147,4.5031361579895,4.49815607070923,4.52849388122559,4.49489307403564,4.48785209655762,,4.50857400894165,4.50107479095459,4.50153303146362
2,24412560,A244_VOLH_H:VOH_VCCY_5.50_IOH_-24.00[1]/PIN5,_,V,4.00500011444092,5.5,,,4.50926113128662,4.48367309570312,4.48298597335815,4.49071407318115,4.49254608154297,4.49082803726196,4.49683904647827,4.49203109741211,4.52231216430664,4.48911094665527,4.48218488693237,,4.50273513793945,4.49494981765747,4.49603796005249
2,24412560,A244_VOLH_H:VOH_VCCY_5.50_IOH_-24.00[1]/PIN7,_,V,4.00500011444092,5.5,,,4.50118780136108,4.47367286682129,4.47373104095459,4.48179578781128,4.48362684249878,4.48173904418945,4.48745918273926,4.4831690788269,4.51457405090332,4.47990894317627,4.4731011390686,,4.49375200271606,4.48614406585693,4.48774480819702
2,24412560,A244_VOLH_H:VOH_VCCY_5.50_IOH_-24.00[1]/PIN9,_,V,4.00500011444092,5.5,,,4.49792814254761,4.47109889984131,4.47087001800537,4.47990894317627,4.48156690597534,4.47825002670288,4.48522806167603,4.48076677322388,4.51268577575684,4.47784900665283,4.47075605392456,,4.49192094802856,4.48437023162842,4.4849419593811
2,24412570,A244_VOLH_H:VOL_VCCY_2.30_IOL_0.10[1]/PIN12,_,V,,0.0500000007450581,,,0.00654800003394485,0.00666300021111965,0.00671999994665384,0.00660600000992417,0.00660600000992417,0.00660600000992417,0.00654800003394485,0.00666300021111965,0.00632000016048551,0.00660600000992417,0.00654800003394485,,0.00643400009721518,0.00660600000992417,0.00660600000992417
2,24412570,A244_VOLH_H:VOL_VCCY_2.30_IOL_0.10[1]/PIN14,_,V,,0.0500000007450581,,,0.00654800003394485,0.00660499976947904,0.00666300021111965,0.00654800003394485,0.00654800003394485,0.00654800003394485,0.00649099983274937,0.00654800003394485,0.0063769998960197,0.00660499976947904,0.00660499976947904,,0.00643400009721518,0.00643400009721518,0.00649099983274937
2,24412570,A244_VOLH_H:VOL_VCCY_2.30_IOL_0.10[1]/PIN16,_,V,,0.0500000007450581,,,0.00661000004038215,0.00666699977591634,0.00678199995309114,0.00661000004038215,0.00655299983918667,0.00666699977591634,0.00655299983918667,0.00666699977591634,0.00638099992647767,0.00666699977591634,0.00661000004038215,,0.00649600010365248,0.00643800012767315,0.00655299983918667
2,24412570,A244_VOLH_H:VOL_VCCY_2.30_IOL_0.10[1]/PIN18,_,V,,0.0500000007450581,,,0.00661000004038215,0.00666699977591634,0.00666699977591634,0.00666699977591634,0.00649499986320734,0.00661000004038215,0.00649499986320734,0.00655299983918667,0.00632400019094348,0.00655299983918667,0.00661000004038215,,0.00638099992647767,0.00649499986320734,0.00666699977591634
2,24412570,A244_VOLH_H:VOL_VCCY_2.30_IOL_0.10[1]/PIN3,_,V,,0.0500000007450581,,,0.00638099992647767,0.00643800012767315,0.00643800012767315,0.00655299983918667,0.00638099992647767,0.00649499986320734,0.00632400019094348,0.00643800012767315,0.00620900001376867,0.00638099992647767,0.00649499986320734,,0.00626600021496415,0.00643800012767315,0.00643800012767315
2,24412570,A244_VOLH_H:VOL_VCCY_2.30_IOL_0.10[1]/PIN5,_,V,,0.0500000007450581,,,0.00643800012767315,0.00649600010365248,0.00655299983918667,0.00638099992647767,0.00643800012767315,0.00649600010365248,0.00643800012767315,0.00643800012767315,0.00620900001376867,0.00649600010365248,0.00649600010365248,,0.006266999989748,0.00632400019094348,0.00643800012767315
2,24412570,A244_VOLH_H:VOL_VCCY_2.30_IOL_0.10[1]/PIN7,_,V,,0.0500000007450581,,,0.0063769998960197,0.00649099983274937,0.00654800003394485,0.00643400009721518,0.00643400009721518,0.00649099983274937,0.0063769998960197,0.00643400009721518,0.00614799978211522,0.00643400009721518,0.00649099983274937,,0.00632000016048551,0.0063769998960197,0.00643400009721518
2,24412570,A244_VOLH_H:VOL_VCCY_2.30_IOL_0.10[1]/PIN9,_,V,,0.0500000007450581,,,0.00631899992004037,0.00643400009721518,0.00649099983274937,0.00631899992004037,0.00626200018450618,0.0063769998960197,0.00631899992004037,0.00631899992004037,0.00614799978211522,0.0063769998960197,0.00643400009721518,,0.00626200018450618,0.00631899992004037,0.00631899992004037
2,24412580,A244_VOLH_H:VOH_VCCY_2.30_IOH_-0.10[1]/PIN12,_,V,2.20000004768372,,,,2.29364800453186,2.29336190223694,2.29336190223694,2.29353308677673,2.29347610473633,2.29330492019653,2.29353308677673,2.29359102249146,2.29359102249146,2.29336190223694,2.29336190223694,,2.29353308677673,2.29341888427734,2.29341888427734
2,24412580,A244_VOLH_H:VOH_VCCY_2.30_IOH_-0.10[1]/PIN14,_,V,2.20000004768372,,,,2.29353809356689,2.2933669090271,2.2934238910675,2.2934238910675,2.2933669090271,2.2933669090271,2.2934238910675,2.2934238910675,2.2935950756073,2.29325199127197,2.29330897331238,,2.29348111152649,2.2934238910675,2.29348111152649
2,24412580,A244_VOLH_H:VOH_VCCY_2.30_IOH_-0.10[1]/PIN16,_,V,2.20000004768372,,,,2.29374003410339,2.29345297813416,2.29345297813416,2.29362511634827,2.29356789588928,2.29333901405334,2.29356789588928,2.29362511634827,2.29374003410339,2.29345297813416,2.29345297813416,,2.29362511634827,2.29351091384888,2.29356789588928
2,24412580,A244_VOLH_H:VOH_VCCY_2.30_IOH_-0.10[1]/PIN18,_,V,2.20000004768372,,,,2.29368710517883,2.29345798492432,2.29351496696472,2.29351496696472,2.29345798492432,2.29345798492432,2.29351496696472,2.29357290267944,2.29368710517883,2.29340100288391,2.29340100288391,,2.29351496696472,2.29345798492432,2.29357290267944
2,24412580,A244_VOLH_H:VOH_VCCY_2.30_IOH_-0.10[1]/PIN3,_,V,2.20000004768372,,,,2.29345798492432,2.29334402084351,2.29334402084351,2.29340100288391,2.29334402084351,2.29322910308838,2.29340100288391,2.29334402084351,2.29345798492432,2.29322910308838,2.29334402084351,,2.29351496696472,2.29334402084351,2.29340100288391
2,24412580,A244_VOLH_H:VOH_VCCY_2.30_IOH_-0.10[1]/PIN5,_,V,2.20000004768372,,,,2.29362511634827,2.29333901405334,2.29333901405334,2.29339599609375,2.29345297813416,2.29339599609375,2.29345297813416,2.29333901405334,2.29362511634827,2.29339599609375,2.29328203201294,,2.29345297813416,2.29339599609375,2.29333901405334
2,24412580,A244_VOLH_H:VOH_VCCY_2.30_IOH_-0.10[1]/PIN7,_,V,2.20000004768372,,,,2.29353308677673,2.29336190223694,2.29336190223694,2.29336190223694,2.29336190223694,2.29336190223694,2.29347610473633,2.29330492019653,2.29353308677673,2.29324698448181,2.29336190223694,,2.29347610473633,2.29336190223694,2.29347610473633
2,24412580,A244_VOLH_H:VOH_VCCY_2.30_IOH_-0.10[1]/PIN9,_,V,2.20000004768372,,,,2.2935950756073,2.29325199127197,2.29325199127197,2.29325199127197,2.2933669090271,2.29325199127197,2.29330897331238,2.2933669090271,2.29353809356689,2.29330897331238,2.2933669090271,,2.2933669090271,2.29325199127197,2.29325199127197
2,24412590,A244_VOLH_H:VOL_VCCY_2.30_IOL_1.00[1]/PIN12,_,V,,0.0900000035762787,,,0.0656979978084564,0.0666709989309311,0.0668419972062111,0.0660979971289635,0.0656979978084564,0.066212996840477,0.0655839964747429,0.0659840032458305,0.0640389993786812,0.066041000187397,0.0662700012326241,,0.0644970014691353,0.0652400031685829,0.0655839964747429
2,24412590,A244_VOLH_H:VOL_VCCY_2.30_IOL_1.00[1]/PIN14,_,V,,0.0900000035762787,,,0.0652389973402023,0.0663259997963905,0.0664969980716705,0.06581100076437,0.0655250027775764,0.0660969987511635,0.0651239976286888,0.0654679983854294,0.0635799989104271,0.06581100076437,0.066211000084877,,0.0644949972629547,0.0648379996418953,0.0655250027775764
2,24412590,A244_VOLH_H:VOL_VCCY_2.30_IOL_1.00[1]/PIN16,_,V,,0.0900000035762787,,,0.0653410032391548,0.0667150020599365,0.0668290033936501,0.0659129992127419,0.0655129998922348,0.0660850033164024,0.0655699968338013,0.0657420009374619,0.063680998980999,0.0660850033164024,0.0664860010147095,,0.0644820034503937,0.0650549978017807,0.0655129998922348
2,24412590,A244_VOLH_H:VOL_VCCY_2.30_IOL_1.00[1]/PIN18,_,V,,0.0900000035762787,,,0.0657970011234283,0.0668279975652695,0.0668279975652695,0.0661410018801689,0.0659689977765083,0.0663129985332489,0.0655680000782013,0.0660839974880219,0.0640799999237061,0.0662550032138824,0.066541999578476,,0.0648820027709007,0.0651109963655472,0.0658549964427948
2,24412590,A244_VOLH_H:VOL_VCCY_2.30_IOL_1.00[1]/PIN3,_,V,,0.0900000035762787,,,0.0648820027709007,0.0658549964427948,0.0659689977765083,0.0653399974107742,0.0649959966540337,0.0655680000782013,0.0647670030593872,0.0649959966540337,0.0632219985127449,0.0652249976992607,0.0656260028481483,,0.0637940019369125,0.064251996576786,0.0651109963655472
2,24412590,A244_VOLH_H:VOL_VCCY_2.30_IOL_1.00[1]/PIN5,_,V,,0.0900000035762787,,,0.0648259967565536,0.0658560022711754,0.0659710019826889,0.0652270019054413,0.0648259967565536,0.0653410032391548,0.0645970031619072,0.0651120021939278,0.0631659999489784,0.0652270019054413,0.0657989978790283,,0.0641390010714531,0.0644820034503937,0.0651689991354942
2,24412590,A244_VOLH_H:VOL_VCCY_2.30_IOL_1.00[1]/PIN7,_,V,,0.0900000035762787,,,0.0643820017576218,0.0654119998216629,0.0654689967632294,0.0648399963974953,0.0646679997444153,0.0650120005011559,0.0642680004239082,0.0647829994559288,0.0627230033278465,0.0648970007896423,0.0652400031685829,,0.0634670034050941,0.0639249980449677,0.0646110028028488
2,24412590,A244_VOLH_H:VOL_VCCY_2.30_IOL_1.00[1]/PIN9,_,V,,0.0900000035762787,,,0.0639230012893677,0.0648379996418953,0.0648960024118423,0.0643239989876747,0.0638659968972206,0.0643239989876747,0.0637520030140877,0.0640380010008812,0.0620360001921654,0.0642660036683083,0.0644380003213882,,0.062950998544693,0.0632940009236336,0.0638089999556541
2,24412600,A244_VOLH_H:VOH_VCCY_2.30_IOH_-1.00[1]/PIN12,_,V,2.15000009536743,,,,2.23489904403687,2.23266792297363,2.23266792297363,2.23329710960388,2.23341107368469,2.23312497138977,2.23386907577515,2.23329710960388,2.23569989204407,2.23289704322815,2.23278188705444,,2.23404097557068,2.23369693756104,2.23369693756104
2,24412600,A244_VOLH_H:VOH_VCCY_2.30_IOH_-1.00[1]/PIN14,_,V,2.15000009536743,,,,2.23513388633728,2.23301696777344,2.23295998573303,2.23376107215881,2.23370409011841,2.23318910598755,2.23421788215637,2.23364591598511,2.23599195480347,2.23347496986389,2.23307394981384,,2.23439002037048,2.23370409011841,2.23404693603516
2,24412600,A244_VOLH_H:VOH_VCCY_2.30_IOH_-1.00[1]/PIN16,_,V,2.15000009536743,,,,2.23546695709229,2.23334908485413,2.23329091072083,2.23369193077087,2.23386406898499,2.23357796669006,2.23466491699219,2.23414993286133,2.23632502555847,2.23363494873047,2.23352003097534,,2.23466491699219,2.2339780330658,2.23432207107544
2,24412600,A244_VOLH_H:VOH_VCCY_2.30_IOH_-1.00[1]/PIN18,_,V,2.15000009536743,,,,2.23593091964722,2.23381304740906,2.23392701148987,2.23444199562073,2.23461389541626,2.2340989112854,2.23484301567078,2.23455691337585,2.23667502403259,2.23421311378479,2.23398399353027,,2.23507189750671,2.23438501358032,2.23484301567078
2,24412600,A244_VOLH_H:VOH_VCCY_2.30_IOH_-1.00[1]/PIN3,_,V,2.15000009536743,,,,2.2351291179657,2.23312592506409,2.23318290710449,2.23381304740906,2.23387002944946,2.23369789123535,2.23461389541626,2.23392701148987,2.23598790168762,2.23352599143982,2.2333550453186,,2.23461389541626,2.23421311378479,2.23432803153992
2,24412600,A244_VOLH_H:VOH_VCCY_2.30_IOH_-1.00[1]/PIN5,_,V,2.15000009536743,,,,2.23466491699219,2.23266196250916,2.23249006271362,2.23323392868042,2.23323392868042,2.23311996459961,2.23369193077087,2.23300504684448,2.23552393913269,2.23294806480408,2.23266196250916,,2.23414993286133,2.23357796669006,2.23392105102539
2,24412600,A244_VOLH_H:VOH_VCCY_2.30_IOH_-1.00[1]/PIN7,_,V,2.15000009536743,,,,2.23444104194641,2.23238205909729,2.23238205909729,2.23289704322815,2.23306798934937,2.23278188705444,2.23346900939941,2.23306798934937,2.2352991104126,2.23272490501404,2.23238205909729,,2.23352599143982,2.23312497138977,2.23352599143982
2,24412600,A244_VOLH_H:VOH_VCCY_2.30_IOH_-1.00[1]/PIN9,_,V,2.15000009536743,,,,2.23387503623962,2.23164391517639,2.23187303543091,2.23244500160217,2.23244500160217,2.23233103752136,2.23301696777344,2.23244500160217,2.23467588424683,2.23221588134766,2.2318160533905,,2.23318910598755,2.2327880859375,2.2327880859375
2,24412610,A244_VOLH_H:VOL_VCCY_3.00_IOL_0.10[1]/PIN12,_,V,,0.0500000007450581,,,0.00551899988204241,0.00557600008323789,0.00563299981877208,0.00557600008323789,0.00546200014650822,0.00557600008323789,0.00551899988204241,0.00557600008323789,0.00534699996933341,0.00551899988204241,0.00563299981877208,,0.00546200014650822,0.00557600008323789,0.00546200014650822
2,24412610,A244_VOLH_H:VOL_VCCY_3.00_IOL_0.10[1]/PIN14,_,V,,0.0500000007450581,,,0.00540400017052889,0.00557600008323789,0.00551899988204241,0.00551899988204241,0.00551899988204241,0.00551899988204241,0.00546099990606308,0.00551899988204241,0.00540400017052889,0.00551899988204241,0.00557600008323789,,0.00534699996933341,0.00546099990606308,0.00546099990606308
2,24412610,A244_VOLH_H:VOL_VCCY_3.00_IOL_0.10[1]/PIN16,_,V,,0.0500000007450581,,,0.00558000011369586,0.00558000011369586,0.00563699984923005,0.00552200013771653,0.00552200013771653,0.00558000011369586,0.00563699984923005,0.00558000011369586,0.00546499993652105,0.00552200013771653,0.00563699984923005,,0.00552200013771653,0.00546499993652105,0.00563699984923005
2,24412610,A244_VOLH_H:VOL_VCCY_3.00_IOL_0.10[1]/PIN18,_,V,,0.0500000007450581,,,0.00546499993652105,0.00563699984923005,0.00552200013771653,0.00558000011369586,0.00552200013771653,0.00563699984923005,0.00552200013771653,0.00569400005042553,0.00535099999979138,0.00552200013771653,0.00563699984923005,,0.00540800020098686,0.00546499993652105,0.00546499993652105
2,24412610,A244_VOLH_H:VOL_VCCY_3.00_IOL_0.10[1]/PIN3,_,V,,0.0500000007450581,,,0.00535099999979138,0.00546499993652105,0.00546499993652105,0.00540800020098686,0.00529300002381206,0.00540800020098686,0.00540800020098686,0.00535099999979138,0.00517900008708239,0.00535099999979138,0.00546499993652105,,0.00523599982261658,0.00529300002381206,0.00535099999979138
2,24412610,A244_VOLH_H:VOL_VCCY_3.00_IOL_0.10[1]/PIN5,_,V,,0.0500000007450581,,,0.00546499993652105,0.00546499993652105,0.00546499993652105,0.00546499993652105,0.00535099999979138,0.00540800020098686,0.00540800020098686,0.00540800020098686,0.00523599982261658,0.00552200013771653,0.00546499993652105,,0.00535099999979138,0.00540800020098686,0.00540800020098686
2,24412610,A244_VOLH_H:VOL_VCCY_3.00_IOL_0.10[1]/PIN7,_,V,,0.0500000007450581,,,0.00546200014650822,0.00546200014650822,0.00546200014650822,0.00540400017052889,0.00540400017052889,0.00546200014650822,0.00540400017052889,0.00540400017052889,0.00517599983140826,0.00551899988204241,0.00546200014650822,,0.00528999976813793,0.00540400017052889,0.00540400017052889
2,24412610,A244_VOLH_H:VOL_VCCY_3.00_IOL_0.10[1]/PIN9,_,V,,0.0500000007450581,,,0.00534699996933341,0.00534699996933341,0.00546099990606308,0.00528999976813793,0.00528999976813793,0.00534699996933341,0.00523300003260374,0.00534699996933341,0.00517500005662441,0.00534699996933341,0.00546099990606308,,0.00523300003260374,0.00523300003260374,0.00534699996933341
2,24412620,A244_VOLH_H:VOH_VCCY_3.00_IOH_-0.10[1]/PIN12,_,V,2.90000009536743,,,,2.99462294578552,2.9945080280304,2.9945080280304,2.99439406394958,2.99439406394958,2.99445104598999,2.99445104598999,2.9945080280304,2.99467992782593,2.99445104598999,2.99456596374512,,2.99456596374512,2.9945080280304,2.9945080280304
2,24412620,A244_VOLH_H:VOH_VCCY_3.00_IOH_-0.10[1]/PIN14,_,V,2.90000009536743,,,,2.99456596374512,2.99433708190918,2.99439406394958,2.99439406394958,2.99439406394958,2.99439406394958,2.99456596374512,2.9945080280304,2.99462294578552,2.99439406394958,2.99439406394958,,2.99445104598999,2.99439406394958,2.99445104598999
2,24412620,A244_VOLH_H:VOH_VCCY_3.00_IOH_-0.10[1]/PIN16,_,V,2.90000009536743,,,,2.99466490745544,2.99449300765991,2.99449300765991,2.99454998970032,2.99449300765991,2.99454998970032,2.99460792541504,2.99454998970032,2.99483704566956,2.99460792541504,2.99454998970032,,2.99472188949585,2.99454998970032,2.99460792541504
2,24412620,A244_VOLH_H:VOH_VCCY_3.00_IOH_-0.10[1]/PIN18,_,V,2.90000009536743,,,,2.99471092224121,2.99442505836487,2.99442505836487,2.99448204040527,2.99448204040527,2.99448204040527,2.99459600448608,2.99459600448608,2.99476790428162,2.99448204040527,2.99453902244568,,2.99453902244568,2.99448204040527,2.99465394020081
2,24412620,A244_VOLH_H:VOH_VCCY_3.00_IOH_-0.10[1]/PIN3,_,V,2.90000009536743,,,,2.99450397491455,2.99433302879333,2.99427509307861,2.99444699287415,2.99433302879333,2.99427509307861,2.99444699287415,2.99450397491455,2.99444699287415,2.99433302879333,2.99433302879333,,2.99444699287415,2.99444699287415,2.99433302879333
2,24412620,A244_VOLH_H:VOH_VCCY_3.00_IOH_-0.10[1]/PIN5,_,V,2.90000009536743,,,,2.99461889266968,2.99433302879333,2.99444699287415,2.99444699287415,2.99444699287415,2.99439001083374,2.99439001083374,2.99439001083374,2.99456191062927,2.99439001083374,2.99444699287415,,2.99444699287415,2.99450397491455,2.99450397491455
2,24412620,A244_VOLH_H:VOH_VCCY_3.00_IOH_-0.10[1]/PIN7,_,V,2.90000009536743,,,,2.99456596374512,2.99433708190918,2.99433708190918,2.99439406394958,2.99439406394958,2.99433708190918,2.99445104598999,2.9945080280304,2.9945080280304,2.99439406394958,2.99445104598999,,2.99445104598999,2.99439406394958,2.99439406394958
2,24412620,A244_VOLH_H:VOH_VCCY_3.00_IOH_-0.10[1]/PIN9,_,V,2.90000009536743,,,,2.9945080280304,2.99428009986877,2.99433708190918,2.99433708190918,2.99428009986877,2.99428009986877,2.99433708190918,2.99433708190918,2.99456596374512,2.99428009986877,2.99439406394958,,2.99433708190918,2.99439406394958,2.99445104598999
2,24412630,A244_VOLH_H:VOL_VCCY_3.00_IOL_1.00[1]/PIN12,_,V,,0.0900000035762787,,,0.0549440011382103,0.0557439997792244,0.0558019988238811,0.0553440004587173,0.0549440011382103,0.0554580017924309,0.05477200075984,0.0552299991250038,0.0535710006952286,0.0552299991250038,0.0557439997792244,,0.0539710000157356,0.0546000003814697,0.0550010018050671
2,24412630,A244_VOLH_H:VOL_VCCY_3.00_IOL_1.00[1]/PIN14,_,V,,0.0900000035762787,,,0.0547709986567497,0.0554569996893406,0.0556860007345676,0.0551140010356903,0.0548279993236065,0.0553999990224838,0.0547709986567497,0.05494200065732,0.0532829985022545,0.0551140010356903,0.0555719994008541,,0.0540269985795021,0.0544270016252995,0.05494200065732
2,24412630,A244_VOLH_H:VOL_VCCY_3.00_IOL_1.00[1]/PIN16,_,V,,0.0900000035762787,,,0.054807998239994,0.0558389984071255,0.0558389984071255,0.0552660003304482,0.0547510012984276,0.0554380007088184,0.0546940006315708,0.0550949983298779,0.0534919984638691,0.0551519989967346,0.0556100010871887,,0.05400700122118,0.054407998919487,0.0549799986183643
2,24412630,A244_VOLH_H:VOL_VCCY_3.00_IOL_1.00[1]/PIN18,_,V,,0.0900000035762787,,,0.0550360009074211,0.0560659989714622,0.0561240017414093,0.0553800016641617,0.0552649982273579,0.0557800009846687,0.0549790002405643,0.0554369986057281,0.0536619983613491,0.0555509999394417,0.055952001363039,,0.0543490014970303,0.0546349994838238,0.0552080012857914
2,24412630,A244_VOLH_H:VOL_VCCY_3.00_IOL_1.00[1]/PIN3,_,V,,0.0900000035762787,,,0.0542350001633167,0.0550360009074211,0.0550360009074211,0.0546929985284805,0.0544059984385967,0.0546349994838238,0.0541200004518032,0.0544640012085438,0.0529749989509583,0.0545209981501102,0.0550930015742779,,0.0534330010414124,0.0538339987397194,0.0545209981501102
2,24412630,A244_VOLH_H:VOL_VCCY_3.00_IOL_1.00[1]/PIN5,_,V,,0.0900000035762787,,,0.0542929992079735,0.0550949983298779,0.0549799986183643,0.0546940006315708,0.0544649995863438,0.0547510012984276,0.0541209988296032,0.0545790009200573,0.0530340000987053,0.0546369999647141,0.0551519989967346,,0.0536639988422394,0.0539500005543232,0.0546369999647141
2,24412630,A244_VOLH_H:VOL_VCCY_3.00_IOL_1.00[1]/PIN7,_,V,,0.0900000035762787,,,0.0539139993488789,0.0546579994261265,0.0546579994261265,0.0542000010609627,0.0539139993488789,0.054372001439333,0.0536849983036518,0.0541430003941059,0.0524270012974739,0.0542570017278194,0.05477200075984,,0.052827000617981,0.0532849989831448,0.0539139993488789
2,24412630,A244_VOLH_H:VOL_VCCY_3.00_IOL_1.00[1]/PIN9,_,V,,0.0900000035762787,,,0.0533410012722015,0.0540839992463589,0.0541989989578724,0.0535690002143383,0.0531690008938313,0.0537980012595654,0.0530549995601177,0.0535119995474815,0.0519680008292198,0.0535690002143383,0.0540269985795021,,0.0524829998612404,0.0528829991817474,0.0533410012722015
2,24412640,A244_VOLH_H:VOH_VCCY_3.00_IOH_-1.00[1]/PIN12,_,V,2.84999990463257,,,,2.94525599479675,2.94371199607849,2.94359707832336,2.94411206245422,2.94422698020935,2.94394111633301,2.94462704658508,2.94411206245422,2.94594311714172,2.94371199607849,2.9437689781189,,2.94468402862549,2.94434094429016,2.94439792633057
2,24412640,A244_VOLH_H:VOH_VCCY_3.00_IOH_-1.00[1]/PIN14,_,V,2.84999990463257,,,,2.9456570148468,2.94388294219971,2.94399809837341,2.94434094429016,2.94462704658508,2.94428396224976,2.94485592842102,2.94457006454468,2.94622898101807,2.94422698020935,2.94394111633301,,2.94519901275635,2.94457006454468,2.94457006454468
2,24412640,A244_VOLH_H:VOH_VCCY_3.00_IOH_-1.00[1]/PIN16,_,V,2.84999990463257,,,,2.94595193862915,2.94429206848145,2.94429206848145,2.94469308853149,2.9447500705719,2.9445788860321,2.94515109062195,2.94486498832703,2.94652509689331,2.94446396827698,2.94435000419617,,2.94532299041748,2.9447500705719,2.94503688812256
2,24412640,A244_VOLH_H:VOH_VCCY_3.00_IOH_-1.00[1]/PIN18,_,V,2.84999990463257,,,,2.94657206535339,2.94491195678711,2.94468307495117,2.94525504112244,2.94554209709167,2.94514107704163,2.94577097892761,2.94548392295837,2.94708704948425,2.94519805908203,2.94491195678711,,2.94599890708923,2.94536995887756,2.94565606117249
2,24412640,A244_VOLH_H:VOH_VCCY_3.00_IOH_-1.00[1]/PIN3,_,V,2.84999990463257,,,,2.94567608833313,2.94424510002136,2.94418811798096,2.94476103782654,2.94481801986694,2.94453191757202,2.94538998603821,2.94476103782654,2.94647789001465,2.94453191757202,2.94424510002136,,2.9453330039978,2.94510388374329,2.94516110420227
2,24412640,A244_VOLH_H:VOH_VCCY_3.00_IOH_-1.00[1]/PIN5,_,V,2.84999990463257,,,,2.94504690170288,2.94367289543152,2.94361591339111,2.94418811798096,2.94413089752197,2.94390201568604,2.94453191757202,2.94407391548157,2.94584798812866,2.94390201568604,2.9437301158905,,2.94487500190735,2.9444739818573,2.94441699981689
2,24412640,A244_VOLH_H:VOH_VCCY_3.00_IOH_-1.00[1]/PIN7,_,V,2.84999990463257,,,,2.94474101066589,2.94319701194763,2.94336891174316,2.94371199607849,2.9438259601593,2.94365501403809,2.94428396224976,2.94394111633301,2.9456570148468,2.94359707832336,2.94342589378357,,2.94428396224976,2.94388294219971,2.94416904449463
2,24412640,A244_VOLH_H:VOH_VCCY_3.00_IOH_-1.00[1]/PIN9,_,V,2.84999990463257,,,,2.94457006454468,2.94273900985718,2.94291090965271,2.94331097602844,2.94319701194763,2.9430251121521,2.94365501403809,2.94319701194763,2.94531297683716,2.94331097602844,2.94296789169312,,2.94399809837341,2.94354009628296,2.94354009628296
2,24412650,A244_VOLH_H:VOL_VCCY_4.50_IOL_0.10[1]/PIN12,_,V,,0.0500000007450581,,,0.0045460001565516,0.00460299989208579,0.00466099986806512,0.00460299989208579,0.0045460001565516,0.00466099986806512,0.0045460001565516,0.00460299989208579,0.00448899995535612,0.00466099986806512,0.00466099986806512,,0.00448899995535612,0.00460299989208579,0.00460299989208579
2,24412650,A244_VOLH_H:VOL_VCCY_4.50_IOL_0.10[1]/PIN14,_,V,,0.0500000007450581,,,0.0045460001565516,0.00460299989208579,0.0045460001565516,0.0045460001565516,0.00448899995535612,0.00460299989208579,0.0045460001565516,0.0045460001565516,0.00443200021982193,0.00460299989208579,0.00460299989208579,,0.00448899995535612,0.00448899995535612,0.00460299989208579
2,24412650,A244_VOLH_H:VOL_VCCY_4.50_IOL_0.10[1]/PIN16,_,V,,0.0500000007450581,,,0.00460699992254376,0.00466400012373924,0.00466400012373924,0.00472099985927343,0.00460699992254376,0.00460699992254376,0.00460699992254376,0.00466400012373924,0.00449200021103024,0.00472099985927343,0.00460699992254376,,0.00449200021103024,0.00454899994656444,0.00460699992254376
2,24412650,A244_VOLH_H:VOL_VCCY_4.50_IOL_0.10[1]/PIN18,_,V,,0.0500000007450581,,,0.00460600014775991,0.00454899994656444,0.00460600014775991,0.00454899994656444,0.00454899994656444,0.00466400012373924,0.00454899994656444,0.00466400012373924,0.00449200021103024,0.00460600014775991,0.00466400012373924,,0.00449200021103024,0.00443500000983477,0.00460600014775991
2,24412650,A244_VOLH_H:VOL_VCCY_4.50_IOL_0.10[1]/PIN3,_,V,,0.0500000007450581,,,0.00431999983265996,0.00443500000983477,0.00437799980863929,0.00443500000983477,0.00437799980863929,0.00437799980863929,0.00437799980863929,0.00437799980863929,0.00426300009712577,0.00437799980863929,0.00449200021103024,,0.00437799980863929,0.00437799980863929,0.00443500000983477
2,24412650,A244_VOLH_H:VOL_VCCY_4.50_IOL_0.10[1]/PIN5,_,V,,0.0500000007450581,,,0.00449200021103024,0.00443500000983477,0.00454899994656444,0.00454899994656444,0.00443500000983477,0.00449200021103024,0.00449200021103024,0.00443500000983477,0.00437799980863929,0.00454899994656444,0.00443500000983477,,0.00437799980863929,0.00437799980863929,0.00443500000983477
2,24412650,A244_VOLH_H:VOL_VCCY_4.50_IOL_0.10[1]/PIN7,_,V,,0.0500000007450581,,,0.00443200021982193,0.00448899995535612,0.00443200021982193,0.00443200021982193,0.00443200021982193,0.00443200021982193,0.00443200021982193,0.00443200021982193,0.00425999984145164,0.00443200021982193,0.0045460001565516,,0.00431700004264712,0.00437500001862645,0.00443200021982193
2,24412650,A244_VOLH_H:VOL_VCCY_4.50_IOL_0.10[1]/PIN9,_,V,,0.0500000007450581,,,0.00437500001862645,0.00443200021982193,0.00437500001862645,0.00437500001862645,0.00431700004264712,0.00437500001862645,0.00437500001862645,0.00431700004264712,0.00420300010591745,0.00443200021982193,0.0045460001565516,,0.00437500001862645,0.00425999984145164,0.00437500001862645
2,24412660,A244_VOLH_H:VOH_VCCY_4.50_IOH_-0.10[1]/PIN12,_,V,4.40000009536743,,,,4.4957537651062,4.49546813964844,4.49558210372925,4.49563884735107,4.49563884735107,4.49552488327026,4.49558210372925,4.49558210372925,4.49569702148438,4.49552488327026,4.49563884735107,,4.4957537651062,4.49569702148438,4.49552488327026
2,24412660,A244_VOLH_H:VOH_VCCY_4.50_IOH_-0.10[1]/PIN14,_,V,4.40000009536743,,,,4.49563884735107,4.49541091918945,4.49546813964844,4.49546813964844,4.49546813964844,4.49552488327026,4.49558210372925,4.49546813964844,4.49558210372925,4.49552488327026,4.49546813964844,,4.49563884735107,4.49558210372925,4.49558210372925
2,24412660,A244_VOLH_H:VOH_VCCY_4.50_IOH_-0.10[1]/PIN16,_,V,4.40000009536743,,,,4.49582004547119,4.49559116363525,4.49559116363525,4.49570608139038,4.49559116363525,4.49553394317627,4.49564790725708,4.49576282501221,4.49576282501221,4.49564790725708,4.49553394317627,,4.49582004547119,4.49576282501221,4.49564790725708
2,24412660,A244_VOLH_H:VOH_VCCY_4.50_IOH_-0.10[1]/PIN18,_,V,4.40000009536743,,,,4.49583196640015,4.4954309463501,4.49554491043091,4.49565982818604,4.49554491043091,4.49565982818604,4.49560308456421,4.49554491043091,4.49565982818604,4.49560308456421,4.49560308456421,,4.49571704864502,4.49560308456421,4.49560308456421
2,24412660,A244_VOLH_H:VOH_VCCY_4.50_IOH_-0.10[1]/PIN3,_,V,4.40000009536743,,,,4.49563694000244,4.4954080581665,4.49546480178833,4.49558019638062,4.49546480178833,4.49546480178833,4.49546480178833,4.49558019638062,4.49563694000244,4.4954080581665,4.49558019638062,,4.49563694000244,4.49558019638062,4.49558019638062
2,24412660,A244_VOLH_H:VOH_VCCY_4.50_IOH_-0.10[1]/PIN5,_,V,4.40000009536743,,,,4.49558019638062,4.4954080581665,4.49546480178833,4.49558019638062,4.4954080581665,4.49546480178833,4.49558019638062,4.49552202224731,4.49563694000244,4.49546480178833,4.49546480178833,,4.49563694000244,4.49569416046143,4.49558019638062
2,24412660,A244_VOLH_H:VOH_VCCY_4.50_IOH_-0.10[1]/PIN7,_,V,4.40000009536743,,,,4.49558210372925,4.49541091918945,4.49541091918945,4.49552488327026,4.49546813964844,4.49541091918945,4.49546813964844,4.49552488327026,4.49563884735107,4.49535322189331,4.49546813964844,,4.49563884735107,4.49558210372925,4.49552488327026
2,24412660,A244_VOLH_H:VOH_VCCY_4.50_IOH_-0.10[1]/PIN9,_,V,4.40000009536743,,,,4.49558210372925,4.49529600143433,4.49552488327026,4.49552488327026,4.49541091918945,4.49541091918945,4.49546813964844,4.49546813964844,4.49552488327026,4.49541091918945,4.49552488327026,,4.49546813964844,4.49552488327026,4.49541091918945
2,24412670,A244_VOLH_H:VOL_VCCY_4.50_IOL_1.00[1]/PIN12,_,V,,0.0900000035762787,,,0.0451040007174015,0.0457910001277924,0.0456760004162788,0.0455049984157085,0.045219000428915,0.0454480014741421,0.0450470000505447,0.0453330017626286,0.0439600013196468,0.0453330017626286,0.0458480007946491,,0.0443609990179539,0.0448760017752647,0.045389998704195
2,24412670,A244_VOLH_H:VOL_VCCY_4.50_IOL_1.00[1]/PIN14,_,V,,0.0900000035762787,,,0.044989001005888,0.0455610007047653,0.0457330010831356,0.0452749989926815,0.0451610013842583,0.0455040000379086,0.0451029986143112,0.0452179983258247,0.0438450016081333,0.0451610013842583,0.0457900017499924,,0.0443600006401539,0.0446459986269474,0.0452749989926815
2,24412670,A244_VOLH_H:VOL_VCCY_4.50_IOL_1.00[1]/PIN16,_,V,,0.0900000035762787,,,0.045134000480175,0.0459359996020794,0.0459359996020794,0.0455349981784821,0.0453060008585453,0.0456500016152859,0.045134000480175,0.0453630015254021,0.0440470017492771,0.0454210005700588,0.0459930002689362,,0.0445620007812977,0.0447910018265247,0.0453060008585453
2,24412670,A244_VOLH_H:VOL_VCCY_4.50_IOL_1.00[1]/PIN18,_,V,,0.0900000035762787,,,0.0453619994223118,0.0461059994995594,0.0459350012242794,0.0455910004675388,0.0454199984669685,0.0457060001790524,0.045304998755455,0.0455910004675388,0.0442750006914139,0.0457060001790524,0.0461639985442162,,0.0446750000119209,0.0450190007686615,0.0455910004675388
2,24412670,A244_VOLH_H:VOL_VCCY_4.50_IOL_1.00[1]/PIN3,_,V,,0.0900000035762787,,,0.0444459989666939,0.0450190007686615,0.0451329983770847,0.0447899997234344,0.0446179993450642,0.0449620001018047,0.0443889982998371,0.0446750000119209,0.043359000235796,0.0447899997234344,0.0452480018138885,,0.0438169986009598,0.0441030003130436,0.0445609986782074
2,24412670,A244_VOLH_H:VOL_VCCY_4.50_IOL_1.00[1]/PIN5,_,V,,0.0900000035762787,,,0.0444470010697842,0.0450199991464615,0.045134000480175,0.0447910018265247,0.0445620007812977,0.0447910018265247,0.0443329997360706,0.044734001159668,0.0435319989919662,0.044734001159668,0.0452490001916885,,0.0439319983124733,0.0442759990692139,0.044734001159668
2,24412670,A244_VOLH_H:VOL_VCCY_4.50_IOL_1.00[1]/PIN7,_,V,,0.0900000035762787,,,0.0442459993064404,0.0448179990053177,0.0449329987168312,0.0444750003516674,0.0442459993064404,0.0445900000631809,0.0440750010311604,0.0445320010185242,0.0431019999086857,0.0445320010185242,0.0448179990053177,,0.043444998562336,0.0437889993190765,0.0443029999732971
2,24412670,A244_VOLH_H:VOL_VCCY_4.50_IOL_1.00[1]/PIN9,_,V,,0.0900000035762787,,,0.0436160005629063,0.0441309995949268,0.0442450009286404,0.0437299981713295,0.043444000184536,0.0439019985496998,0.043444000184536,0.0437299981713295,0.0425290018320084,0.0437880009412766,0.0442450009286404,,0.0428720004856586,0.0432160012423992,0.043673001229763
2,24412680,A244_VOLH_H:VOH_VCCY_4.50_IOH_-1.00[1]/PIN12,_,V,4.34999990463257,,,,4.45588302612305,4.45462512969971,4.45456695556641,4.45508193969727,4.45519685745239,4.45485305786133,4.45542478561401,4.45502519607544,4.45651197433472,4.45485305786133,4.45462512969971,,4.45559692382812,4.45519685745239,4.45519685745239
2,24412680,A244_VOLH_H:VOH_VCCY_4.50_IOH_-1.00[1]/PIN14,_,V,4.34999990463257,,,,4.45611190795898,4.45496797561646,4.45496797561646,4.45525407791138,4.45536804199219,4.45519685745239,4.45559692382812,4.45536804199219,4.45668411254883,4.45513916015625,4.45479583740234,,4.45582580566406,4.45536804199219,4.45542478561401
2,24412680,A244_VOLH_H:VOH_VCCY_4.50_IOH_-1.00[1]/PIN16,_,V,4.34999990463257,,,,4.4564380645752,4.45523595809937,4.45529317855835,4.45557880401611,4.4556941986084,4.4554648399353,4.45586585998535,4.4556941986084,4.45695304870605,4.45563697814941,4.45529317855835,,4.45609521865845,4.4556941986084,4.45575094223022
2,24412680,A244_VOLH_H:VOH_VCCY_4.50_IOH_-1.00[1]/PIN18,_,V,4.34999990463257,,,,4.45707988739014,4.45599317550659,4.45582103729248,4.45616388320923,4.45644998550415,4.45616388320923,4.45644998550415,4.45639276504517,4.45770978927612,4.45616388320923,4.45593500137329,,4.45679378509521,4.45639276504517,4.45644998550415
2,24412680,A244_VOLH_H:VOH_VCCY_4.50_IOH_-1.00[1]/PIN3,_,V,4.34999990463257,,,,4.45642614364624,4.45533800125122,4.45533800125122,4.45585298538208,4.45568084716797,4.45562410354614,4.456139087677,4.4557957649231,4.45717000961304,4.45562410354614,4.45533800125122,,4.45625400543213,4.45602512359619,4.45602512359619
2,24412680,A244_VOLH_H:VOH_VCCY_4.50_IOH_-1.00[1]/PIN5,_,V,4.34999990463257,,,,4.4557957649231,4.4544792175293,4.45453691482544,4.45482301712036,4.45488023757935,4.45482301712036,4.45499515533447,4.45499515533447,4.45636796951294,4.45493698120117,4.45459413528442,,4.45545291900635,4.45516586303711,4.45522403717041
2,24412680,A244_VOLH_H:VOH_VCCY_4.50_IOH_-1.00[1]/PIN7,_,V,4.34999990463257,,,,4.4555401802063,4.45422410964966,4.45428085327148,4.45468187332153,4.45468187332153,4.45451021194458,4.45496797561646,4.45496797561646,4.45616912841797,4.45462512969971,4.45428085327148,,4.45513916015625,4.45473909378052,4.45491123199463
2,24412680,A244_VOLH_H:VOH_VCCY_4.50_IOH_-1.00[1]/PIN9,_,V,4.34999990463257,,,,4.45508193969727,4.45388078689575,4.45393800735474,4.45411014556885,4.45416688919067,4.45416688919067,4.45439577102661,4.45422410964966,4.45571088790894,4.45428085327148,4.45393800735474,,4.45473909378052,4.4544529914856,4.45439577102661
2,24412702,A244_VOLH_H:VOL_VCCY_1.40_IOL_1.00[1]/PIN12,_,V,0,0.550000011920929,,,0.105226002633572,0.107514999806881,0.10717099905014,0.106256000697613,0.105570003390312,0.106427997350693,0.105226002633572,0.105341002345085,0.102309003472328,0.106198996305466,0.106026999652386,,0.104253999888897,0.105226002633572,0.105512000620365
2,24412702,A244_VOLH_H:VOL_VCCY_1.40_IOL_1.00[1]/PIN14,_,V,0,0.550000011920929,,,0.104423001408577,0.106482997536659,0.1068259999156,0.105509996414185,0.105223998427391,0.105910003185272,0.10453800112009,0.104652002453804,0.101506002247334,0.105738997459412,0.105396002531052,,0.103850997984409,0.104423001408577,0.105109997093678
2,24412702,A244_VOLH_H:VOL_VCCY_1.40_IOL_1.00[1]/PIN16,_,V,0,0.550000011920929,,,0.104608997702599,0.107128001749516,0.107070997357368,0.106040999293327,0.105354003608227,0.10598299652338,0.104952998459339,0.105354003608227,0.102147996425629,0.106155000627041,0.106040999293327,,0.104266002774239,0.104494996368885,0.105181999504566
2,24412702,A244_VOLH_H:VOL_VCCY_1.40_IOL_1.00[1]/PIN18,_,V,0,0.550000011920929,,,0.105178996920586,0.107583999633789,0.107698000967503,0.106381997466087,0.105924002826214,0.106381997466087,0.105407997965813,0.10563699901104,0.102604001760483,0.106781996786594,0.106037996709347,,0.104492999613285,0.105121999979019,0.105580002069473
2,24412702,A244_VOLH_H:VOL_VCCY_1.40_IOL_1.00[1]/PIN3,_,V,0,0.550000011920929,,,0.104263998568058,0.106095001101494,0.106668002903461,0.10546600073576,0.105178996920586,0.105178996920586,0.104263998568058,0.104263998568058,0.101687997579575,0.10563699901104,0.105121999979019,,0.103462003171444,0.104377999901772,0.104892998933792
2,24412702,A244_VOLH_H:VOL_VCCY_1.40_IOL_1.00[1]/PIN5,_,V,0,0.550000011920929,,,0.104093998670578,0.106269001960754,0.106384001672268,0.105354003608227,0.104667000472546,0.105066999793053,0.104093998670578,0.104667000472546,0.101805001497269,0.105582997202873,0.105125002563,,0.103750996291637,0.104322999715805,0.104952998459339
2,24412702,A244_VOLH_H:VOL_VCCY_1.40_IOL_1.00[1]/PIN7,_,V,0,0.550000011920929,,,0.103624999523163,0.105570003390312,0.105683997273445,0.104653999209404,0.103968001902103,0.104653999209404,0.103453002870083,0.104253999888897,0.100992999970913,0.104826003313065,0.10436800122261,,0.102595001459122,0.103224001824856,0.103910997509956
2,24412702,A244_VOLH_H:VOL_VCCY_1.40_IOL_1.00[1]/PIN9,_,V,0,0.550000011920929,,,0.103279002010822,0.105281002819538,0.105509996414185,0.104137003421783,0.103564999997616,0.104252003133297,0.103165000677109,0.103450998663902,0.100533001124859,0.104423001408577,0.103965997695923,,0.102248996496201,0.102935999631882,0.103564999997616
2,24412704,A244_VOLH_H:VOH_VCCY_1.40_IOH_-1.00[1]/PIN12,_,V,1.25,1.64999997615814,,,1.29845798015594,1.29393899440765,1.29399597644806,1.29479694366455,1.29491198062897,1.29468297958374,1.29679894447327,1.29485499858856,1.29937398433685,1.29411101341248,1.29451096057892,,1.29599905014038,1.29485499858856,1.29611301422119
2,24412704,A244_VOLH_H:VOH_VCCY_1.40_IOH_-1.00[1]/PIN14,_,V,1.25,1.64999997615814,,,1.29871499538422,1.29448199272156,1.29448199272156,1.29522502422333,1.29562604427338,1.29488205909729,1.29676997661591,1.29545402526855,1.29974400997162,1.29488205909729,1.29476797580719,,1.29619801044464,1.29505395889282,1.29625499248505
2,24412704,A244_VOLH_H:VOH_VCCY_1.40_IOH_-1.00[1]/PIN16,_,V,1.25,1.64999997615814,,,1.29892003536224,1.29485595226288,1.29497003555298,1.29554295539856,1.29571402072906,1.29565703868866,1.29703104496002,1.29588603973389,1.30000698566437,1.2951420545578,1.29537105560303,,1.29663002490997,1.29554295539856,1.29657304286957
2,24412704,A244_VOLH_H:VOH_VCCY_1.40_IOH_-1.00[1]/PIN18,_,V,1.25,1.64999997615814,,,1.29934799671173,1.29528403282166,1.29511201381683,1.29574203491211,1.29631400108337,1.29562699794769,1.29751598834991,1.29620003700256,1.30032098293304,1.2956850528717,1.29557001590729,,1.2973450422287,1.29579901695251,1.29700100421906
2,24412704,A244_VOLH_H:VOH_VCCY_1.40_IOH_-1.00[1]/PIN3,_,V,1.25,1.64999997615814,,,1.2982029914856,1.29459702968597,1.29454004764557,1.29557001590729,1.29551303386688,1.29505503177643,1.29682898521423,1.29534101486206,1.29946303367615,1.2947690486908,1.29505503177643,,1.29642903804779,1.2956850528717,1.2964860200882
2,24412704,A244_VOLH_H:VOH_VCCY_1.40_IOH_-1.00[1]/PIN5,_,V,1.25,1.64999997615814,,,1.29806101322174,1.29411101341248,1.29411101341248,1.29474103450775,1.29502701759338,1.29445505142212,1.29617202281952,1.29497003555298,1.29909205436707,1.29451203346252,1.29485595226288,,1.29611504077911,1.29531395435333,1.29657304286957
2,24412704,A244_VOLH_H:VOH_VCCY_1.40_IOH_-1.00[1]/PIN7,_,V,1.25,1.64999997615814,,,1.29771494865417,1.29388201236725,1.29388201236725,1.29456901550293,1.29462599754333,1.29451096057892,1.29577004909515,1.29485499858856,1.29902994632721,1.29388201236725,1.29416799545288,,1.29542696475983,1.29445397853851,1.29588401317596
2,24412704,A244_VOLH_H:VOH_VCCY_1.40_IOH_-1.00[1]/PIN9,_,V,1.25,1.64999997615814,,,1.29705595970154,1.29276597499847,1.29328000545502,1.2939670085907,1.2939670085907,1.29350900650024,1.29522502422333,1.29391002655029,1.29865801334381,1.29333794116974,1.29368102550507,,1.2948249578476,1.29425299167633,1.29499697685242
2,24412706,A244_VOLH_H:VOL_VCCY_1.40_IOL_2.00[1]/PIN12,_,V,0,0.550000011920929,,,0.227301001548767,0.232736006379128,0.232793003320694,0.230219006538391,0.228560000658035,0.230047002434731,0.227015003561974,0.228158995509148,0.220265001058578,0.230219006538391,0.228789001703262,,0.225299000740051,0.227473005652428,0.228158995509148
2,24412706,A244_VOLH_H:VOL_VCCY_1.40_IOL_2.00[1]/PIN14,_,V,0,0.550000011920929,,,0.226208999752998,0.231929004192352,0.232387006282806,0.230156004428864,0.228496998548508,0.229984998703003,0.227009996771812,0.227581992745399,0.219574004411697,0.23021300137043,0.228496998548508,,0.225866004824638,0.227066993713379,0.228097006678581
2,24412706,A244_VOLH_H:VOL_VCCY_1.40_IOL_2.00[1]/PIN16,_,V,0,0.550000011920929,,,0.226879999041557,0.233118996024132,0.232776001095772,0.230486005544662,0.2291119992733,0.230142995715141,0.227796003222466,0.227966994047165,0.220811992883682,0.23071500658989,0.22945599257946,,0.225906997919083,0.227051004767418,0.228710994124413
2,24412706,A244_VOLH_H:VOL_VCCY_1.40_IOL_2.00[1]/PIN18,_,V,0,0.550000011920929,,,0.22698900103569,0.233514994382858,0.233285993337631,0.230537995696068,0.229393005371094,0.230308994650841,0.227789998054504,0.228305995464325,0.22120800614357,0.231453999876976,0.229164004325867,,0.225959002971649,0.227504000067711,0.228420004248619
2,24412706,A244_VOLH_H:VOL_VCCY_1.40_IOL_2.00[1]/PIN3,_,V,0,0.550000011920929,,,0.226301997900009,0.231052994728088,0.231510996818542,0.228992000222206,0.227905005216599,0.228706002235413,0.225843995809555,0.226245000958443,0.220176994800568,0.22945000231266,0.227905005216599,,0.22452799975872,0.226015999913216,0.227274999022484
2,24412706,A244_VOLH_H:VOL_VCCY_1.40_IOL_2.00[1]/PIN5,_,V,0,0.550000011920929,,,0.225105002522469,0.230486005544662,0.230657994747162,0.228424996137619,0.226879999041557,0.227680996060371,0.225620001554489,0.225906997919083,0.219323992729187,0.228710994124413,0.227338001132011,,0.224132001399994,0.225277006626129,0.226822003722191
2,24412706,A244_VOLH_H:VOL_VCCY_1.40_IOL_2.00[1]/PIN7,_,V,0,0.550000011920929,,,0.224326997995377,0.229475006461143,0.229589000344276,0.226958006620407,0.225412994623184,0.226958006620407,0.224326997995377,0.225299000740051,0.218033999204636,0.227643996477127,0.226099997758865,,0.222496002912521,0.223526000976562,0.225355997681618
2,24412706,A244_VOLH_H:VOL_VCCY_1.40_IOL_2.00[1]/PIN9,_,V,0,0.550000011920929,,,0.223177000880241,0.228496998548508,0.228898003697395,0.225808992981911,0.224492996931076,0.225751996040344,0.223349004983902,0.224034994840622,0.216771006584167,0.226037994027138,0.22443599998951,,0.221862003207207,0.222719997167587,0.224150002002716
2,24412708,A244_VOLH_H:VOH_VCCY_1.40_IOH_-2.00[1]/PIN12,_,V,1.25,1.64999997615814,,,1.18805301189423,1.17867195606232,1.17861497402191,1.18021595478058,1.1803879737854,1.17998802661896,1.18393504619598,1.18061697483063,1.19028401374817,1.17890095710754,1.1794159412384,,1.18267595767975,1.17975902557373,1.18319094181061
2,24412708,A244_VOLH_H:VOH_VCCY_1.40_IOH_-2.00[1]/PIN14,_,V,1.25,1.64999997615814,,,1.18951404094696,1.1798460483551,1.17990303039551,1.18161904811859,1.18242001533508,1.18110501766205,1.18510901927948,1.18224895000458,1.19145798683167,1.18059003353119,1.18024694919586,,1.18396496772766,1.18104696273804,1.18425095081329
2,24412708,A244_VOLH_H:VOH_VCCY_1.40_IOH_-2.00[1]/PIN16,_,V,1.25,1.64999997615814,,,1.19033098220825,1.18111395835876,1.18111395835876,1.18254601955414,1.18283200263977,1.18231701850891,1.18580794334412,1.18357598781586,1.19262003898621,1.18168699741364,1.18197298049927,,1.18517899513245,1.18214499950409,1.18534994125366
2,24412708,A244_VOLH_H:VOH_VCCY_1.40_IOH_-2.00[1]/PIN18,_,V,1.25,1.64999997615814,,,1.19041800498962,1.18137395381927,1.18097305297852,1.18257594108582,1.1833770275116,1.18211805820465,1.18623900413513,1.183434009552,1.19247794151306,1.18200302124023,1.18206095695496,,1.18555200099945,1.18257594108582,1.18543803691864
2,24412708,A244_VOLH_H:VOH_VCCY_1.40_IOH_-2.00[1]/PIN3,_,V,1.25,1.64999997615814,,,1.18784201145172,1.17959904670715,1.17948496341705,1.18143105506897,1.18154501914978,1.18080103397369,1.18440699577332,1.18125903606415,1.19030296802521,1.18022894859314,1.18080103397369,,1.18349194526672,1.18148803710938,1.18383502960205
2,24412708,A244_VOLH_H:VOH_VCCY_1.40_IOH_-2.00[1]/PIN5,_,V,1.25,1.64999997615814,,,1.18838405609131,1.179682970047,1.17951202392578,1.18094301223755,1.18122899532318,1.18077099323273,1.18431997299194,1.18151497840881,1.19044494628906,1.18036997318268,1.18105697631836,,1.18403398990631,1.18145799636841,1.18443500995636
2,24412708,A244_VOLH_H:VOH_VCCY_1.40_IOH_-2.00[1]/PIN7,_,V,1.25,1.64999997615814,,,1.18736696243286,1.17827105522156,1.17838597297668,1.18055999279022,1.1805020570755,1.17998802661896,1.1832480430603,1.18055999279022,1.18965494632721,1.17907202243805,1.1795300245285,,1.1822190284729,1.17987298965454,1.18296194076538
2,24412708,A244_VOLH_H:VOH_VCCY_1.40_IOH_-2.00[1]/PIN9,_,V,1.25,1.64999997615814,,,1.18636703491211,1.1769859790802,1.17744398117065,1.17938899993896,1.17921698093414,1.17858803272247,1.18224895000458,1.17921698093414,1.18922805786133,1.17801594734192,1.17864501476288,,1.1807609796524,1.17921698093414,1.18179094791412
2,24412810,A244_IILH_140_H:passCurrentLow_uA[1]/PIN2,u,A,-0.200000002337219,0.150000005305628,,,-0.0560000010807471,-0.0430000000051223,-0.045000000170603,-0.03699999950868,-0.0339999992604589,-0.0419999999223819,-0.0379999995914204,-0.03699999950868,-0.045000000170603,-0.0379999995914204,-0.0470000003360838,,-0.0280000005403735,-0.0299999989294975,-0.0399999997569012
2,24412810,A244_IILH_140_H:passCurrentLow_uA[1]/PIN4,u,A,-0.200000002337219,0.150000005305628,,,-0.0570000011634875,-0.0430000000051223,-0.0460000002533434,-0.03699999950868,-0.0339999992604589,-0.0419999999223819,-0.0379999995914204,-0.03699999950868,-0.0470000003360838,-0.0389999996741608,-0.0480000004188241,,-0.0280000005403735,-0.0290000006231139,-0.0399999997569012
2,24412810,A244_IILH_140_H:passCurrentLow_uA[1]/PIN6,u,A,-0.200000002337219,0.150000005305628,,,-0.0580000012462278,-0.0430000000051223,-0.0470000003360838,-0.0379999995914204,-0.0349999993431993,-0.0430000000051223,-0.0389999996741608,-0.0379999995914204,-0.0480000004188241,-0.0399999997569012,-0.0480000004188241,,-0.0280000005403735,-0.0299999989294975,-0.0409999998396415
2,24412810,A244_IILH_140_H:passCurrentLow_uA[1]/PIN8,u,A,-0.200000002337219,0.150000005305628,,,-0.0580000012462278,-0.0430000000051223,-0.045000000170603,-0.0379999995914204,-0.0349999993431993,-0.0430000000051223,-0.0389999996741608,-0.0379999995914204,-0.0480000004188241,-0.0389999996741608,-0.0470000003360838,,-0.0270000004576332,-0.0290000006231139,-0.0409999998396415
2,24412810,A244_IILH_140_H:passCurrentLow_uA[1]/PIN1,u,A,-0.200000002337219,0.150000005305628,,,-0.0580000012462278,-0.0419999999223819,-0.045000000170603,-0.03699999950868,-0.0329999991777186,-0.0419999999223819,-0.0379999995914204,-0.03699999950868,-0.0460000002533434,-0.03699999950868,-0.0460000002533434,,-0.0280000005403735,-0.0299999989294975,-0.0409999998396415
2,24412810,A244_IILH_140_H:passCurrentLow_uA[1]/PIN19,u,A,-0.200000002337219,0.150000005305628,,,-0.0590000013289682,-0.0440000000878626,-0.045000000170603,-0.0379999995914204,-0.0329999991777186,-0.0419999999223819,-0.0379999995914204,-0.03699999950868,-0.0480000004188241,-0.0379999995914204,-0.0470000003360838,,-0.0270000004576332,-0.0299999989294975,-0.0399999997569012
2,24412810,A244_IILH_140_H:passCurrentLow_uA[1]/PIN17,u,A,-0.200000002337219,0.150000005305628,,,-0.0590000013289682,-0.045000000170603,-0.0470000003360838,-0.0389999996741608,-0.0339999992604589,-0.0409999998396415,-0.0379999995914204,-0.03699999950868,-0.0480000004188241,-0.0389999996741608,-0.0460000002533434,,-0.0270000004576332,-0.0280000005403735,-0.0399999997569012
2,24412810,A244_IILH_140_H:passCurrentLow_uA[1]/PIN15,u,A,-0.200000002337219,0.150000005305628,,,-0.0599999978589949,-0.045000000170603,-0.0460000002533434,-0.0389999996741608,-0.0329999991777186,-0.0419999999223819,-0.0389999996741608,-0.0379999995914204,-0.0480000004188241,-0.03699999950868,-0.0470000003360838,,-0.0270000004576332,-0.0290000006231139,-0.0399999997569012
2,24412810,A244_IILH_140_H:passCurrentLow_uA[1]/PIN13,u,A,-0.200000002337219,0.150000005305628,,,-0.0599999978589949,-0.045000000170603,-0.0460000002533434,-0.0389999996741608,-0.0339999992604589,-0.0419999999223819,-0.0389999996741608,-0.0379999995914204,-0.0480000004188241,-0.03699999950868,-0.0470000003360838,,-0.0260000003748928,-0.0299999989294975,-0.0399999997569012
2,24412810,A244_IILH_140_H:passCurrentLow_uA[1]/PIN11,u,A,-0.200000002337219,0.150000005305628,,,-0.0590000013289682,-0.0440000000878626,-0.045000000170603,-0.03699999950868,-0.0349999993431993,-0.0430000000051223,-0.0389999996741608,-0.0389999996741608,-0.0480000004188241,-0.0379999995914204,-0.0470000003360838,,-0.0260000003748928,-0.0290000006231139,-0.0399999997569012
2,24412820,A244_IILH_140_H:passCurrentHigh_uA[1]/PIN2,u,A,-0.499999998737621,0.499999998737621,,,0.0619999980244756,0.0550000009980067,0.0570000011634875,0.0470000003360838,0.045000000170603,0.0560000010807471,0.045000000170603,0.053000000832526,0.0520000007497856,0.0490000005015645,0.0650000018254104,,0.0319999990949782,0.0359999994259397,0.0490000005015645
2,24412820,A244_IILH_140_H:passCurrentHigh_uA[1]/PIN4,u,A,-0.499999998737621,0.499999998737621,,,0.0630000016599297,0.0550000009980067,0.0560000010807471,0.0470000003360838,0.045000000170603,0.0570000011634875,0.045000000170603,0.053000000832526,0.0510000006670452,0.0480000004188241,0.0659999983554371,,0.0319999990949782,0.03699999950868,0.0500000005843049
2,24412820,A244_IILH_140_H:passCurrentHigh_uA[1]/PIN6,u,A,-0.499999998737621,0.499999998737621,,,0.0639999981899564,0.0550000009980067,0.0570000011634875,0.0470000003360838,0.045000000170603,0.0570000011634875,0.045000000170603,0.053000000832526,0.0510000006670452,0.0490000005015645,0.0650000018254104,,0.0329999991777186,0.03699999950868,0.0500000005843049
2,24412820,A244_IILH_140_H:passCurrentHigh_uA[1]/PIN8,u,A,-0.499999998737621,0.499999998737621,,,0.0630000016599297,0.0570000011634875,0.0570000011634875,0.0500000005843049,0.045000000170603,0.0570000011634875,0.0460000002533434,0.0520000007497856,0.0520000007497856,0.0480000004188241,0.0650000018254104,,0.0329999991777186,0.03699999950868,0.0500000005843049
2,24412820,A244_IILH_140_H:passCurrentHigh_uA[1]/PIN1,u,A,-0.499999998737621,0.499999998737621,,,0.0630000016599297,0.0540000009152664,0.0560000010807471,0.0480000004188241,0.045000000170603,0.0570000011634875,0.045000000170603,0.0540000009152664,0.0510000006670452,0.0480000004188241,0.0650000018254104,,0.0319999990949782,0.03699999950868,0.0500000005843049
2,24412820,A244_IILH_140_H:passCurrentHigh_uA[1]/PIN19,u,A,-0.499999998737621,0.499999998737621,,,0.0619999980244756,0.0550000009980067,0.0570000011634875,0.0480000004188241,0.045000000170603,0.0570000011634875,0.045000000170603,0.053000000832526,0.0520000007497856,0.0480000004188241,0.0650000018254104,,0.0319999990949782,0.03699999950868,0.0500000005843049
2,24412820,A244_IILH_140_H:passCurrentHigh_uA[1]/PIN17,u,A,-0.499999998737621,0.499999998737621,,,0.0630000016599297,0.0560000010807471,0.0570000011634875,0.0480000004188241,0.045000000170603,0.0580000012462278,0.045000000170603,0.053000000832526,0.0520000007497856,0.0490000005015645,0.0650000018254104,,0.0329999991777186,0.0379999995914204,0.0500000005843049
2,24412820,A244_IILH_140_H:passCurrentHigh_uA[1]/PIN15,u,A,-0.499999998737621,0.499999998737621,,,0.0630000016599297,0.0550000009980067,0.0570000011634875,0.0480000004188241,0.0460000002533434,0.0580000012462278,0.0460000002533434,0.053000000832526,0.0520000007497856,0.0500000005843049,0.0659999983554371,,0.0319999990949782,0.03699999950868,0.0500000005843049
2,24412820,A244_IILH_140_H:passCurrentHigh_uA[1]/PIN13,u,A,-0.499999998737621,0.499999998737621,,,0.0639999981899564,0.0550000009980067,0.0570000011634875,0.0480000004188241,0.0440000000878626,0.0570000011634875,0.0460000002533434,0.0520000007497856,0.0520000007497856,0.0490000005015645,0.0650000018254104,,0.0319999990949782,0.03699999950868,0.0490000005015645
2,24412820,A244_IILH_140_H:passCurrentHigh_uA[1]/PIN11,u,A,-0.499999998737621,0.499999998737621,,,0.0639999981899564,0.0550000009980067,0.0560000010807471,0.0470000003360838,0.0440000000878626,0.0580000012462278,0.0460000002533434,0.0520000007497856,0.0520000007497856,0.0510000006670452,0.0659999983554371,,0.0319999990949782,0.03699999950868,0.0500000005843049
2,24412850,A244_IOZLH_550_H:passCurrentLow_uA[1]/PIN12,u,A,-0.499999998737621,0.300000010611257,,,-0.166000006629474,-0.106000001665052,-0.108999998360559,-0.088999996705752,-0.0810000031492564,-0.100999997698636,-0.102999997864117,-0.090000000341206,-0.138999993737343,-0.090000000341206,-0.114999998857002,,-0.0659999983554371,-0.0710000023218527,-0.104000001499571
2,24412850,A244_IOZLH_550_H:passCurrentLow_uA[1]/PIN14,u,A,-0.499999998737621,0.300000010611257,,,-0.169000003324982,-0.108999998360559,-0.110000001996013,-0.0929999970367135,-0.0819999996792831,-0.10000000116861,-0.10200000133409,-0.090000000341206,-0.142999994068305,-0.0909999968712327,-0.112999998691521,,-0.0659999983554371,-0.0730000024873334,-0.104000001499571
2,24412850,A244_IOZLH_550_H:passCurrentLow_uA[1]/PIN16,u,A,-0.499999998737621,0.300000010611257,,,-0.166000006629474,-0.104999998029598,-0.112000002161494,-0.0929999970367135,-0.0799999995138023,-0.10000000116861,-0.10000000116861,-0.090000000341206,-0.139999997372797,-0.088999996705752,-0.112000002161494,,-0.0659999983554371,-0.0690000021563719,-0.104000001499571
2,24412850,A244_IOZLH_550_H:passCurrentLow_uA[1]/PIN18,u,A,-0.499999998737621,0.300000010611257,,,-0.16500000299402,-0.104999998029598,-0.110000001996013,-0.0940000006721675,-0.0799999995138023,-0.0989999975331557,-0.0989999975331557,-0.0880000001757253,-0.13700000067729,-0.090000000341206,-0.112999998691521,,-0.0679999985209179,-0.0730000024873334,-0.102999997864117
2,24412850,A244_IOZLH_550_H:passCurrentLow_uA[1]/PIN3,u,A,-0.499999998737621,0.300000010611257,,,-0.155999998696643,-0.102999997864117,-0.108000001830533,-0.088999996705752,-0.0830000033147371,-0.10000000116861,-0.0989999975331557,-0.0880000001757253,-0.134999993406382,-0.090000000341206,-0.114000002326975,,-0.0699999986863986,-0.0710000023218527,-0.102999997864117
2,24412850,A244_IOZLH_550_H:passCurrentLow_uA[1]/PIN5,u,A,-0.499999998737621,0.300000010611257,,,-0.158000005967551,-0.104999998029598,-0.108000001830533,-0.0880000001757253,-0.0819999996792831,-0.100999997698636,-0.100999997698636,-0.090000000341206,-0.134999993406382,-0.0940000006721675,-0.114000002326975,,-0.0690000021563719,-0.0690000021563719,-0.106000001665052
2,24412850,A244_IOZLH_550_H:passCurrentLow_uA[1]/PIN7,u,A,-0.499999998737621,0.300000010611257,,,-0.159999999027605,-0.104999998029598,-0.108000001830533,-0.090000000341206,-0.0839999998447638,-0.100999997698636,-0.100999997698636,-0.090000000341206,-0.138999993737343,-0.0920000005066868,-0.116000002492456,,-0.0690000021563719,-0.0699999986863986,-0.104999998029598
2,24412850,A244_IOZLH_550_H:passCurrentLow_uA[1]/PIN9,u,A,-0.499999998737621,0.300000010611257,,,-0.158999995392151,-0.106000001665052,-0.108000001830533,-0.0909999968712327,-0.0839999998447638,-0.100999997698636,-0.10200000133409,-0.090000000341206,-0.135999997041836,-0.0909999968712327,-0.114999998857002,,-0.0639999981899564,-0.0710000023218527,-0.102999997864117
2,24412860,A244_IOZLH_550_H:passCurrentHigh_uA[1]/PIN12,u,A,-0.499999998737621,0.800000009348878,,,0.134000003981782,0.0940000006721675,0.096999997367675,0.104999998029598,0.0790000029837756,0.0989999975331557,0.0799999995138023,0.100999997698636,0.0989999975331557,0.0920000005066868,0.114000002326975,,0.0570000011634875,0.0750000026528141,0.0880000001757253
2,24412860,A244_IOZLH_550_H:passCurrentHigh_uA[1]/PIN14,u,A,-0.499999998737621,0.800000009348878,,,0.11999999571799,0.104000001499571,0.098000001003129,0.090000000341206,0.0790000029837756,0.110000001996013,0.0799999995138023,0.0909999968712327,0.10000000116861,0.0860000000102445,0.112000002161494,,0.0580000012462278,0.0650000018254104,0.182999997377919
2,24412860,A244_IOZLH_550_H:passCurrentHigh_uA[1]/PIN16,u,A,-0.499999998737621,0.800000009348878,,,0.116000002492456,0.0940000006721675,0.0989999975331557,0.120999999353444,0.0779999993483216,0.100999997698636,0.0799999995138023,0.0940000006721675,0.100999997698636,0.0920000005066868,0.116000002492456,,0.0690000021563719,0.0679999985209179,0.0880000001757253
2,24412860,A244_IOZLH_550_H:passCurrentHigh_uA[1]/PIN18,u,A,-0.499999998737621,0.800000009348878,,,0.118000002657936,0.112999998691521,0.100999997698636,0.0830000033147371,0.0770000028182949,0.0989999975331557,0.0880000001757253,0.0909999968712327,0.10000000116861,0.0839999998447638,0.11999999571799,,0.0599999978589949,0.0730000024873334,0.088999996705752
2,24412860,A244_IOZLH_550_H:passCurrentHigh_uA[1]/PIN3,u,A,-0.499999998737621,0.800000009348878,,,0.114000002326975,0.0940000006721675,0.098000001003129,0.0850000034802179,0.0819999996792831,0.100999997698636,0.0830000033147371,0.170999996385035,0.096999997367675,0.106000001665052,0.112999998691521,,0.0799999995138023,0.0650000018254104,0.0880000001757253
2,24412860,A244_IOZLH_550_H:passCurrentHigh_uA[1]/PIN5,u,A,-0.499999998737621,0.800000009348878,,,0.114999998857002,0.0960000008376483,0.098000001003129,0.098000001003129,0.0770000028182949,0.112999998691521,0.0790000029837756,0.0920000005066868,0.145000001339213,0.185999994073427,0.127000006955313,,0.0580000012462278,0.0659999983554371,0.150000005305628
2,24412860,A244_IOZLH_550_H:passCurrentHigh_uA[1]/PIN7,u,A,-0.499999998737621,0.800000009348878,,,0.114999998857002,0.114000002326975,0.106000001665052,0.0909999968712327,0.0790000029837756,0.0989999975331557,0.0850000034802179,0.127000006955313,0.0989999975331557,0.0839999998447638,0.114000002326975,,0.0630000016599297,0.0650000018254104,0.0949999972021942
2,24412860,A244_IOZLH_550_H:passCurrentHigh_uA[1]/PIN9,u,A,-0.499999998737621,0.800000009348878,,,0.114000002326975,0.0960000008376483,0.131999996710874,0.0830000033147371,0.0779999993483216,0.104000001499571,0.0799999995138023,0.090000000341206,0.0989999975331557,0.0850000034802179,0.112000002161494,,0.0860000000102445,0.0650000018254104,0.0869999965402712
2,24412870,A244_IOZLH_140_H:passCurrentLow_uA[1]/PIN12,u,A,-0.499999998737621,0.200000002337219,,,-0.0570000011634875,-0.0430000000051223,-0.0440000000878626,-0.0349999993431993,-0.0329999991777186,-0.0409999998396415,-0.0379999995914204,-0.0359999994259397,-0.0460000002533434,-0.0359999994259397,-0.045000000170603,,-0.0250000002921524,-0.0280000005403735,-0.0389999996741608
2,24412870,A244_IOZLH_140_H:passCurrentLow_uA[1]/PIN14,u,A,-0.499999998737621,0.200000002337219,,,-0.0580000012462278,-0.0430000000051223,-0.0440000000878626,-0.03699999950868,-0.0329999991777186,-0.0409999998396415,-0.0379999995914204,-0.0359999994259397,-0.0470000003360838,-0.03699999950868,-0.045000000170603,,-0.0260000003748928,-0.0290000006231139,-0.0389999996741608
2,24412870,A244_IOZLH_140_H:passCurrentLow_uA[1]/PIN16,u,A,-0.499999998737621,0.200000002337219,,,-0.0570000011634875,-0.0419999999223819,-0.045000000170603,-0.03699999950868,-0.0319999990949782,-0.0409999998396415,-0.03699999950868,-0.0359999994259397,-0.0460000002533434,-0.0359999994259397,-0.045000000170603,,-0.0260000003748928,-0.0270000004576332,-0.0389999996741608
2,24412870,A244_IOZLH_140_H:passCurrentLow_uA[1]/PIN18,u,A,-0.499999998737621,0.200000002337219,,,-0.0570000011634875,-0.0430000000051223,-0.045000000170603,-0.03699999950868,-0.0319999990949782,-0.0399999997569012,-0.0359999994259397,-0.0359999994259397,-0.045000000170603,-0.0359999994259397,-0.045000000170603,,-0.0260000003748928,-0.0280000005403735,-0.0379999995914204
2,24412870,A244_IOZLH_140_H:passCurrentLow_uA[1]/PIN3,u,A,-0.499999998737621,0.200000002337219,,,-0.0550000009980067,-0.0409999998396415,-0.0430000000051223,-0.0349999993431993,-0.0329999991777186,-0.0399999997569012,-0.03699999950868,-0.0349999993431993,-0.045000000170603,-0.0359999994259397,-0.0460000002533434,,-0.0270000004576332,-0.0280000005403735,-0.0379999995914204
2,24412870,A244_IOZLH_140_H:passCurrentLow_uA[1]/PIN5,u,A,-0.499999998737621,0.200000002337219,,,-0.0550000009980067,-0.0419999999223819,-0.0440000000878626,-0.0349999993431993,-0.0329999991777186,-0.0409999998396415,-0.03699999950868,-0.0359999994259397,-0.045000000170603,-0.0379999995914204,-0.0460000002533434,,-0.0270000004576332,-0.0280000005403735,-0.0389999996741608
2,24412870,A244_IOZLH_140_H:passCurrentLow_uA[1]/PIN7,u,A,-0.499999998737621,0.200000002337219,,,-0.0560000010807471,-0.0419999999223819,-0.0440000000878626,-0.0359999994259397,-0.0339999992604589,-0.0409999998396415,-0.03699999950868,-0.0359999994259397,-0.0460000002533434,-0.03699999950868,-0.0460000002533434,,-0.0260000003748928,-0.0270000004576332,-0.0389999996741608
2,24412870,A244_IOZLH_140_H:passCurrentLow_uA[1]/PIN9,u,A,-0.499999998737621,0.200000002337219,,,-0.0550000009980067,-0.0419999999223819,-0.0440000000878626,-0.0359999994259397,-0.0329999991777186,-0.0409999998396415,-0.03699999950868,-0.0359999994259397,-0.045000000170603,-0.0359999994259397,-0.0460000002533434,,-0.0250000002921524,-0.0280000005403735,-0.0379999995914204
2,24412880,A244_IOZLH_140_H:passCurrentHigh_uA[1]/PIN12,u,A,-0.200000002337219,0.899999974990351,,,0.0619999980244756,0.053000000832526,0.0550000009980067,0.0460000002533434,0.0430000000051223,0.0560000010807471,0.0440000000878626,0.0510000006670452,0.0510000006670452,0.0480000004188241,0.0639999981899564,,0.0319999990949782,0.03699999950868,0.0490000005015645
2,24412880,A244_IOZLH_140_H:passCurrentHigh_uA[1]/PIN14,u,A,-0.200000002337219,0.899999974990351,,,0.0630000016599297,0.0540000009152664,0.0550000009980067,0.0460000002533434,0.0440000000878626,0.0570000011634875,0.0440000000878626,0.0510000006670452,0.0510000006670452,0.0480000004188241,0.0630000016599297,,0.0319999990949782,0.0359999994259397,0.0490000005015645
2,24412880,A244_IOZLH_140_H:passCurrentHigh_uA[1]/PIN16,u,A,-0.200000002337219,0.899999974990351,,,0.061000001494449,0.053000000832526,0.0560000010807471,0.0460000002533434,0.0430000000051223,0.0560000010807471,0.0440000000878626,0.0520000007497856,0.0510000006670452,0.0470000003360838,0.0639999981899564,,0.0319999990949782,0.03699999950868,0.0490000005015645
2,24412880,A244_IOZLH_140_H:passCurrentHigh_uA[1]/PIN18,u,A,-0.200000002337219,0.899999974990351,,,0.061000001494449,0.053000000832526,0.0550000009980067,0.0460000002533434,0.0430000000051223,0.0550000009980067,0.0440000000878626,0.0510000006670452,0.0510000006670452,0.0470000003360838,0.0630000016599297,,0.0319999990949782,0.0359999994259397,0.0480000004188241
2,24412880,A244_IOZLH_140_H:passCurrentHigh_uA[1]/PIN3,u,A,-0.200000002337219,0.899999974990351,,,0.061000001494449,0.053000000832526,0.0550000009980067,0.0470000003360838,0.0440000000878626,0.0560000010807471,0.0440000000878626,0.0550000009980067,0.0500000005843049,0.0480000004188241,0.0639999981899564,,0.0319999990949782,0.0359999994259397,0.0480000004188241
2,24412880,A244_IOZLH_140_H:passCurrentHigh_uA[1]/PIN5,u,A,-0.200000002337219,0.899999974990351,,,0.061000001494449,0.053000000832526,0.0560000010807471,0.0470000003360838,0.0430000000051223,0.0550000009980067,0.0430000000051223,0.0510000006670452,0.0510000006670452,0.0480000004188241,0.0630000016599297,,0.0309999990122378,0.0359999994259397,0.0500000005843049
2,24412880,A244_IOZLH_140_H:passCurrentHigh_uA[1]/PIN7,u,A,-0.200000002337219,0.899999974990351,,,0.0619999980244756,0.0540000009152664,0.0560000010807471,0.0460000002533434,0.0440000000878626,0.0560000010807471,0.0440000000878626,0.0540000009152664,0.0500000005843049,0.0470000003360838,0.0639999981899564,,0.0319999990949782,0.0359999994259397,0.0490000005015645
2,24412880,A244_IOZLH_140_H:passCurrentHigh_uA[1]/PIN9,u,A,-0.200000002337219,0.899999974990351,,,0.0599999978589949,0.053000000832526,0.0570000011634875,0.0460000002533434,0.0440000000878626,0.0570000011634875,0.0440000000878626,0.0500000005843049,0.0500000005843049,0.0470000003360838,0.0630000016599297,,0.0309999990122378,0.0359999994259397,0.0480000004188241
2,24412790,A244_IILH_550_H:passCurrentLow_uA[1]/PIN2,u,A,-0.309999990122378,0.150000005305628,,,-0.150999994730228,-0.10000000116861,-0.102999997864117,-0.0869999965402712,-0.0790000029837756,-0.098000001003129,-0.098000001003129,-0.0860000000102445,-0.127000006955313,-0.0880000001757253,-0.110000001996013,,-0.0690000021563719,-0.0710000023218527,-0.100999997698636
2,24412790,A244_IILH_550_H:passCurrentLow_uA[1]/PIN4,u,A,-0.309999990122378,0.150000005305628,,,-0.154999995061189,-0.100999997698636,-0.106000001665052,-0.0860000000102445,-0.0790000029837756,-0.096999997367675,-0.0960000008376483,-0.0860000000102445,-0.131999996710874,-0.090000000341206,-0.112999998691521,,-0.0679999985209179,-0.0670000019908912,-0.100999997698636
2,24412790,A244_IILH_550_H:passCurrentLow_uA[1]/PIN6,u,A,-0.309999990122378,0.150000005305628,,,-0.155999998696643,-0.0989999975331557,-0.108999998360559,-0.0880000001757253,-0.0830000033147371,-0.0989999975331557,-0.098000001003129,-0.0880000001757253,-0.134000003981782,-0.0929999970367135,-0.112999998691521,,-0.0670000019908912,-0.0719999988518794,-0.102999997864117
2,24412790,A244_IILH_550_H:passCurrentLow_uA[1]/PIN8,u,A,-0.309999990122378,0.150000005305628,,,-0.154999995061189,-0.10000000116861,-0.102999997864117,-0.0909999968712327,-0.0819999996792831,-0.0989999975331557,-0.098000001003129,-0.0869999965402712,-0.135999997041836,-0.088999996705752,-0.114000002326975,,-0.0670000019908912,-0.0679999985209179,-0.10200000133409
2,24412790,A244_IILH_550_H:passCurrentLow_uA[1]/PIN1,u,A,-0.309999990122378,0.150000005305628,,,-0.157000002332097,-0.0989999975331557,-0.106000001665052,-0.0869999965402712,-0.0790000029837756,-0.098000001003129,-0.098000001003129,-0.0860000000102445,-0.13099999307542,-0.0869999965402712,-0.11099999852604,,-0.0690000021563719,-0.0710000023218527,-0.10200000133409
2,24412790,A244_IILH_550_H:passCurrentLow_uA[1]/PIN19,u,A,-0.309999990122378,0.150000005305628,,,-0.162000006298513,-0.102999997864117,-0.104999998029598,-0.0909999968712327,-0.0790000029837756,-0.096999997367675,-0.098000001003129,-0.0860000000102445,-0.135999997041836,-0.0880000001757253,-0.11099999852604,,-0.0650000018254104,-0.0719999988518794,-0.100999997698636
2,24412790,A244_IILH_550_H:passCurrentLow_uA[1]/PIN17,u,A,-0.309999990122378,0.150000005305628,,,-0.161000002663059,-0.104999998029598,-0.108999998360559,-0.0920000005066868,-0.0790000029837756,-0.0949999972021942,-0.098000001003129,-0.0850000034802179,-0.135999997041836,-0.088999996705752,-0.110000001996013,,-0.0659999983554371,-0.0670000019908912,-0.10200000133409
2,24412790,A244_IILH_550_H:passCurrentLow_uA[1]/PIN15,u,A,-0.309999990122378,0.150000005305628,,,-0.162000006298513,-0.104000001499571,-0.108000001830533,-0.0909999968712327,-0.0779999993483216,-0.098000001003129,-0.098000001003129,-0.0880000001757253,-0.135999997041836,-0.0860000000102445,-0.11099999852604,,-0.0659999983554371,-0.0690000021563719,-0.100999997698636
2,24412790,A244_IILH_550_H:passCurrentLow_uA[1]/PIN13,u,A,-0.309999990122378,0.150000005305628,,,-0.170999996385035,-0.104000001499571,-0.108000001830533,-0.0909999968712327,-0.0770000028182949,-0.098000001003129,-0.10000000116861,-0.0880000001757253,-0.138999993737343,-0.0869999965402712,-0.112000002161494,,-0.0639999981899564,-0.0719999988518794,-0.0989999975331557
2,24412790,A244_IILH_550_H:passCurrentLow_uA[1]/PIN11,u,A,-0.309999990122378,0.150000005305628,,,-0.162000006298513,-0.10200000133409,-0.102999997864117,-0.0850000034802179,-0.0810000031492564,-0.10000000116861,-0.0989999975331557,-0.090000000341206,-0.138000004312744,-0.0880000001757253,-0.112000002161494,,-0.0630000016599297,-0.0690000021563719,-0.100999997698636
2,24412800,A244_IILH_550_H:passCurrentHigh_uA[1]/PIN2,u,A,-0.499999998737621,0.800000009348878,,,0.114000002326975,0.0920000005066868,0.0949999972021942,0.0929999970367135,0.0750000026528141,0.0949999972021942,0.10000000116861,0.10000000116861,0.096999997367675,0.0830000033147371,0.108000001830533,,0.0560000010807471,0.0659999983554371,0.0860000000102445
2,24412800,A244_IILH_550_H:passCurrentHigh_uA[1]/PIN4,u,A,-0.499999998737621,0.800000009348878,,,0.127000006955313,0.0920000005066868,0.0960000008376483,0.0810000031492564,0.0759999991828408,0.098000001003129,0.0779999993483216,0.11099999852604,0.0940000006721675,0.0799999995138023,0.114000002326975,,0.0560000010807471,0.0630000016599297,0.0880000001757253
2,24412800,A244_IILH_550_H:passCurrentHigh_uA[1]/PIN6,u,A,-0.499999998737621,0.800000009348878,,,0.112999998691521,0.0940000006721675,0.096999997367675,0.0819999996792831,0.0759999991828408,0.096999997367675,0.0770000028182949,0.090000000341206,0.0940000006721675,0.0830000033147371,0.108999998360559,,0.0580000012462278,0.0630000016599297,0.098000001003129
2,24412800,A244_IILH_550_H:passCurrentHigh_uA[1]/PIN8,u,A,-0.499999998737621,0.800000009348878,,,0.114000002326975,0.146000004974667,0.112999998691521,0.106999998195079,0.0770000028182949,0.096999997367675,0.0779999993483216,0.0869999965402712,0.0949999972021942,0.0909999968712327,0.11099999852604,,0.106000001665052,0.0630000016599297,0.112000002161494
2,24412800,A244_IILH_550_H:passCurrentHigh_uA[1]/PIN1,u,A,-0.499999998737621,0.800000009348878,,,0.112000002161494,0.090000000341206,0.0940000006721675,0.0929999970367135,0.0759999991828408,0.10200000133409,0.0759999991828408,0.0909999968712327,0.0940000006721675,0.0810000031492564,0.11099999852604,,0.0560000010807471,0.0639999981899564,0.0850000034802179
2,24412800,A244_IILH_550_H:passCurrentHigh_uA[1]/PIN19,u,A,-0.499999998737621,0.800000009348878,,,0.112000002161494,0.0960000008376483,0.096999997367675,0.0810000031492564,0.098000001003129,0.0960000008376483,0.0770000028182949,0.0880000001757253,0.11099999852604,0.0810000031492564,0.204000002668181,,0.0570000011634875,0.0639999981899564,0.0860000000102445
2,24412800,A244_IILH_550_H:passCurrentHigh_uA[1]/PIN17,u,A,-0.499999998737621,0.800000009348878,,,0.116000002492456,0.10000000116861,0.123000006624352,0.0799999995138023,0.0750000026528141,0.096999997367675,0.0770000028182949,0.090000000341206,0.11099999852604,0.162000006298513,0.110000001996013,,0.0570000011634875,0.0659999983554371,0.0850000034802179
2,24412800,A244_IILH_550_H:passCurrentHigh_uA[1]/PIN15,u,A,-0.499999998737621,0.800000009348878,,,0.112000002161494,0.096999997367675,0.0949999972021942,0.0810000031492564,0.0770000028182949,0.098000001003129,0.0779999993483216,0.088999996705752,0.129000000015367,0.0909999968712327,0.123000006624352,,0.0580000012462278,0.0880000001757253,0.0850000034802179
2,24412800,A244_IILH_550_H:passCurrentHigh_uA[1]/PIN13,u,A,-0.499999998737621,0.800000009348878,,,0.118999999187963,0.104000001499571,0.0940000006721675,0.0799999995138023,0.0750000026528141,0.0949999972021942,0.0779999993483216,0.0860000000102445,0.0960000008376483,0.0830000033147371,0.112999998691521,,0.0550000009980067,0.0639999981899564,0.0850000034802179
2,24412800,A244_IILH_550_H:passCurrentHigh_uA[1]/PIN11,u,A,-0.499999998737621,0.800000009348878,,,0.112999998691521,0.0940000006721675,0.0929999970367135,0.0790000029837756,0.0739999990173601,0.096999997367675,0.0880000001757253,0.0880000001757253,0.098000001003129,0.127000006955313,0.112000002161494,,0.0590000013289682,0.0750000026528141,0.0869999965402712
2,24419310,A244_T_PD_H:T_EDGE_HI_VCCY_5.5000[1]/PIN12,n,S,,6.90000012681935,,,5.63000002173908,5.78000003415013,5.78000003415013,5.76000003249533,5.76000003249533,5.78000003415013,5.6800000258761,5.76000003249533,5.50000001098283,5.74000003084052,5.77000003332273,,5.6800000258761,5.6900000267035,5.6900000267035
2,24419310,A244_T_PD_H:T_EDGE_HI_VCCY_5.5000[1]/PIN14,n,S,,6.90000012681935,,,5.61000002008427,5.75000003166792,5.76000003249533,5.74000003084052,5.75000003166792,5.75000003166792,5.66000002422129,5.74000003084052,5.49000001015543,5.72000002918571,5.75000003166792,,5.65000002339389,5.67000002504869,5.6800000258761
2,24419310,A244_T_PD_H:T_EDGE_HI_VCCY_5.5000[1]/PIN16,n,S,,6.90000012681935,,,5.51000001181023,5.67000002504869,5.66000002422129,5.65000002339389,5.64000002256648,5.65000002339389,5.58000001760206,5.64000002256648,5.4100000035362,5.63000002173908,5.64000002256648,,5.57000001677466,5.58000001760206,5.59000001842946
2,24419310,A244_T_PD_H:T_EDGE_HI_VCCY_5.5000[1]/PIN18,n,S,,6.90000012681935,,,5.55000001511985,5.71000002835831,5.71000002835831,5.7000000275309,5.6800000258761,5.71000002835831,5.62000002091168,5.6800000258761,5.45000000684581,5.67000002504869,5.7000000275309,,5.61000002008427,5.63000002173908,5.61000002008427
2,24419310,A244_T_PD_H:T_EDGE_HI_VCCY_5.5000[1]/PIN3,n,S,,6.90000012681935,,,5.56000001594725,5.71000002835831,5.71000002835831,5.6900000267035,5.6900000267035,5.71000002835831,5.62000002091168,5.6800000258761,5.46000000767322,5.66000002422129,5.7000000275309,,5.62000002091168,5.63000002173908,5.63000002173908
2,24419310,A244_T_PD_H:T_EDGE_HI_VCCY_5.5000[1]/PIN5,n,S,,6.90000012681935,,,5.57000001677466,5.71000002835831,5.72000002918571,5.7000000275309,5.6900000267035,5.71000002835831,5.63000002173908,5.6900000267035,5.46000000767322,5.6800000258761,5.71000002835831,,5.62000002091168,5.63000002173908,5.63000002173908
2,24419310,A244_T_PD_H:T_EDGE_HI_VCCY_5.5000[1]/PIN7,n,S,,6.90000012681935,,,5.62000002091168,5.78000003415013,5.77000003332273,5.75000003166792,5.76000003249533,5.77000003332273,5.6900000267035,5.75000003166792,5.51000001181023,5.73000003001312,5.76000003249533,,5.67000002504869,5.7000000275309,5.6900000267035
2,24419310,A244_T_PD_H:T_EDGE_HI_VCCY_5.5000[1]/PIN9,n,S,,6.90000012681935,,,5.75000003166792,5.90000004407898,5.92000004573379,5.89000004325158,5.89000004325158,5.90000004407898,5.82000003745975,5.89000004325158,5.64000002256648,5.87000004159677,5.90000004407898,,5.81000003663235,5.83000003828715,5.82000003745975
2,24419320,A244_T_PD_H:T_SKEW_HI_VCCY_5.5000@PIN12[1],n,S,,0.999999971718069,,,0.239999992102113,0.230000005152498,0.259999993756921,0.239999992102113,0.249999992929517,0.249999992929517,0.239999992102113,0.249999992929517,0.230000005152498,0.239999992102113,0.259999993756921,,0.239999992102113,0.249999992929517,0.230000005152498
2,24419470,A244_T_PD_H:T_EDGE_LO_VCCY_5.5000[1]/PIN12,n,S,,6.90000012681935,,,5.6900000267035,5.88000004242417,5.86000004076936,5.85000003994196,5.84000003911456,5.86000004076936,5.77000003332273,5.84000003911456,5.59000001842946,5.84000003911456,5.86000004076936,,5.76000003249533,5.80000003580494,5.79000003497754
2,24419470,A244_T_PD_H:T_EDGE_LO_VCCY_5.5000[1]/PIN14,n,S,,6.90000012681935,,,5.51000001181023,5.6900000267035,5.6900000267035,5.67000002504869,5.6800000258761,5.6900000267035,5.59000001842946,5.67000002504869,5.4200000043636,5.65000002339389,5.6800000258761,,5.59000001842946,5.61000002008427,5.61000002008427
2,24419470,A244_T_PD_H:T_EDGE_LO_VCCY_5.5000[1]/PIN16,n,S,,6.90000012681935,,,5.51000001181023,5.67000002504869,5.65000002339389,5.65000002339389,5.64000002256648,5.66000002422129,5.57000001677466,5.65000002339389,5.4100000035362,5.63000002173908,5.66000002422129,,5.56000001594725,5.60000001925687,5.58000001760206
2,24419470,A244_T_PD_H:T_EDGE_LO_VCCY_5.5000[1]/PIN18,n,S,,6.90000012681935,,,5.48000000932802,5.65000002339389,5.66000002422129,5.62000002091168,5.63000002173908,5.66000002422129,5.55000001511985,5.64000002256648,5.40000000270879,5.61000002008427,5.65000002339389,,5.56000001594725,5.58000001760206,5.56000001594725
2,24419470,A244_T_PD_H:T_EDGE_LO_VCCY_5.5000[1]/PIN3,n,S,,6.90000012681935,,,5.55000001511985,5.73000003001312,5.71000002835831,5.7000000275309,5.7000000275309,5.72000002918571,5.63000002173908,5.7000000275309,5.46000000767322,5.6800000258761,5.71000002835831,,5.62000002091168,5.64000002256648,5.64000002256648
2,24419470,A244_T_PD_H:T_EDGE_LO_VCCY_5.5000[1]/PIN5,n,S,,6.90000012681935,,,5.51000001181023,5.6800000258761,5.6800000258761,5.66000002422129,5.66000002422129,5.6800000258761,5.57000001677466,5.66000002422129,5.4200000043636,5.64000002256648,5.67000002504869,,5.57000001677466,5.60000001925687,5.60000001925687
2,24419470,A244_T_PD_H:T_EDGE_LO_VCCY_5.5000[1]/PIN7,n,S,,6.90000012681935,,,5.53000001346504,5.71000002835831,5.6800000258761,5.6800000258761,5.6800000258761,5.7000000275309,5.61000002008427,5.6800000258761,5.44000000601841,5.66000002422129,5.7000000275309,,5.60000001925687,5.63000002173908,5.60000001925687
2,24419470,A244_T_PD_H:T_EDGE_LO_VCCY_5.5000[1]/PIN9,n,S,,6.90000012681935,,,5.46000000767322,5.64000002256648,5.64000002256648,5.61000002008427,5.61000002008427,5.64000002256648,5.53000001346504,5.61000002008427,5.37000000022658,5.59000001842946,5.62000002091168,,5.53000001346504,5.55000001511985,5.53000001346504
2,24419480,A244_T_PD_H:T_SKEW_LO_VCCY_5.5000@PIN12[1],n,S,,0.999999971718069,,,0.230000005152498,0.239999992102113,0.220000004325094,0.239999992102113,0.230000005152498,0.220000004325094,0.239999992102113,0.230000005152498,0.220000004325094,0.249999992929517,0.239999992102113,,0.230000005152498,0.249999992929517,0.259999993756921
2,24419330,A244_T_PD_H:T_EDGE_HI_VCCY_4.5000[1]/PIN12,n,S,,6.90000012681935,,,5.94000004738859,6.12000006228186,6.13000006310926,6.10000006062705,6.10000006062705,6.12000006228186,6.01000005318042,6.10000006062705,5.82000003745975,6.09000005979965,6.11000006145446,,6.01000005318042,6.03000005483523,6.03000005483523
2,24419330,A244_T_PD_H:T_EDGE_HI_VCCY_4.5000[1]/PIN14,n,S,,6.90000012681935,,,5.93000004656119,6.11000006145446,6.11000006145446,6.09000005979965,6.09000005979965,6.10000006062705,6.00000005235302,6.08000005897225,5.82000003745975,6.07000005814484,6.11000006145446,,6.00000005235302,6.03000005483523,6.02000005400782
2,24419330,A244_T_PD_H:T_EDGE_HI_VCCY_4.5000[1]/PIN16,n,S,,6.90000012681935,,,5.88000004242417,6.07000005814484,6.06000005731744,6.04000005566263,6.04000005566263,6.05000005649003,5.9600000490434,6.02000005400782,5.76000003249533,6.02000005400782,6.04000005566263,,5.9600000490434,5.99000005152561,5.97000004987081
2,24419330,A244_T_PD_H:T_EDGE_HI_VCCY_4.5000[1]/PIN18,n,S,,6.90000012681935,,,5.93000004656119,6.12000006228186,6.12000006228186,6.09000005979965,6.08000005897225,6.11000006145446,6.00000005235302,6.07000005814484,5.82000003745975,6.08000005897225,6.09000005979965,,6.00000005235302,6.03000005483523,6.01000005318042
2,24419330,A244_T_PD_H:T_EDGE_HI_VCCY_4.5000[1]/PIN3,n,S,,6.90000012681935,,,5.950000048216,6.13000006310926,6.13000006310926,6.09000005979965,6.10000006062705,6.12000006228186,6.01000005318042,6.08000005897225,5.84000003911456,6.07000005814484,6.10000006062705,,6.01000005318042,6.03000005483523,6.03000005483523
2,24419330,A244_T_PD_H:T_EDGE_HI_VCCY_4.5000[1]/PIN5,n,S,,6.90000012681935,,,5.950000048216,6.12000006228186,6.12000006228186,6.10000006062705,6.10000006062705,6.12000006228186,6.02000005400782,6.09000005979965,5.83000003828715,6.08000005897225,6.12000006228186,,6.02000005400782,6.04000005566263,6.03000005483523
2,24419330,A244_T_PD_H:T_EDGE_HI_VCCY_4.5000[1]/PIN7,n,S,,6.90000012681935,,,5.93000004656119,6.14000006393667,6.13000006310926,6.09000005979965,6.11000006145446,6.11000006145446,6.03000005483523,6.09000005979965,5.82000003745975,6.09000005979965,6.10000006062705,,6.01000005318042,6.04000005566263,6.02000005400782
2,24419330,A244_T_PD_H:T_EDGE_HI_VCCY_4.5000[1]/PIN9,n,S,,6.90000012681935,,,6.14000006393667,6.34000008048474,6.34000008048474,6.30000007717513,6.30000007717513,6.33000007965734,6.2200000705559,6.30000007717513,5.99000005152561,6.29000007634772,6.31000007800253,,6.2200000705559,6.24000007221071,6.2200000705559
2,24419340,A244_T_PD_H:T_SKEW_HI_VCCY_4.5000@PIN12[1],n,S,,0.999999971718069,,,0.259999993756921,0.269999994584325,0.279999995411728,0.259999993756921,0.259999993756921,0.279999995411728,0.259999993756921,0.279999995411728,0.230000005152498,0.269999994584325,0.269999994584325,,0.259999993756921,0.249999992929517,0.249999992929517
2,24419490,A244_T_PD_H:T_EDGE_LO_VCCY_4.5000[1]/PIN12,n,S,,6.90000012681935,,,6.41000008627657,6.62000010365205,6.62000010365205,6.60000010199724,6.59000010116984,6.60000010199724,6.4900000928958,6.58000010034243,6.28000007552032,6.58000010034243,6.60000010199724,,6.4900000928958,6.52000009537801,6.52000009537801
2,24419490,A244_T_PD_H:T_EDGE_LO_VCCY_4.5000[1]/PIN14,n,S,,6.90000012681935,,,6.21000006972849,6.43000008793138,6.41000008627657,6.38000008379436,6.39000008462176,6.41000008627657,6.29000007634772,6.39000008462176,6.11000006145446,6.38000008379436,6.42000008710397,,6.30000007717513,6.33000007965734,6.31000007800253
2,24419490,A244_T_PD_H:T_EDGE_LO_VCCY_4.5000[1]/PIN16,n,S,,6.90000012681935,,,6.14000006393667,6.33000007965734,6.32000007882993,6.31000007800253,6.30000007717513,6.33000007965734,6.2200000705559,6.30000007717513,6.03000005483523,6.29000007634772,6.32000007882993,,6.2200000705559,6.25000007303811,6.24000007221071
2,24419490,A244_T_PD_H:T_EDGE_LO_VCCY_4.5000[1]/PIN18,n,S,,6.90000012681935,,,6.12000006228186,6.31000007800253,6.33000007965734,6.29000007634772,6.29000007634772,6.31000007800253,6.20000006890109,6.28000007552032,6.03000005483523,6.26000007386551,6.31000007800253,,6.20000006890109,6.2300000713833,6.21000006972849
2,24419490,A244_T_PD_H:T_EDGE_LO_VCCY_4.5000[1]/PIN3,n,S,,6.90000012681935,,,6.19000006807369,6.39000008462176,6.36000008213955,6.35000008131215,6.36000008213955,6.37000008296695,6.26000007386551,6.35000008131215,6.09000005979965,6.33000007965734,6.36000008213955,,6.25000007303811,6.29000007634772,6.27000007469292
2,24419490,A244_T_PD_H:T_EDGE_LO_VCCY_4.5000[1]/PIN5,n,S,,6.90000012681935,,,6.18000006724628,6.37000008296695,6.37000008296695,6.34000008048474,6.34000008048474,6.37000008296695,6.24000007221071,6.34000008048474,6.07000005814484,6.32000007882993,6.36000008213955,,6.25000007303811,6.28000007552032,6.27000007469292
2,24419490,A244_T_PD_H:T_EDGE_LO_VCCY_4.5000[1]/PIN7,n,S,,6.90000012681935,,,6.2300000713833,6.43000008793138,6.41000008627657,6.42000008710397,6.41000008627657,6.45000008958618,6.31000007800253,6.41000008627657,6.12000006228186,6.38000008379436,6.43000008793138,,6.34000008048474,6.35000008131215,6.34000008048474
2,24419490,A244_T_PD_H:T_EDGE_LO_VCCY_4.5000[1]/PIN9,n,S,,6.90000012681935,,,6.12000006228186,6.32000007882993,6.32000007882993,6.29000007634772,6.30000007717513,6.32000007882993,6.19000006807369,6.28000007552032,6.00000005235302,6.27000007469292,6.30000007717513,,6.19000006807369,6.2300000713833,6.2200000705559
2,24419500,A244_T_PD_H:T_SKEW_LO_VCCY_4.5000@PIN12[1],n,S,,0.999999971718069,,,0.289999996239132,0.309999997893939,0.299999997066536,0.309999997893939,0.299999997066536,0.289999996239132,0.299999997066536,0.299999997066536,0.279999995411728,0.319999998721343,0.299999997066536,,0.299999997066536,0.289999996239132,0.309999997893939
2,24419350,A244_T_PD_H:T_EDGE_HI_VCCY_3.6000[1]/PIN12,n,S,,8.3999998068407,,,6.7600001152357,6.99000013426598,7.00000013509339,6.97000013261118,6.96000013178377,6.98000013343858,6.85000012268233,6.95000013095637,6.61000010282464,6.96000013178377,6.97000013261118,,6.86000012350974,6.89000012599195,6.86000012350974
2,24419350,A244_T_PD_H:T_EDGE_HI_VCCY_3.6000[1]/PIN14,n,S,,8.3999998068407,,,6.72000011192608,6.95000013095637,6.96000013178377,6.92000012847416,6.91000012764675,6.94000013012896,6.81000011937272,6.91000012764675,6.58000010034243,6.91000012764675,6.92000012847416,,6.82000012020012,6.85000012268233,6.82000012020012
2,24419350,A244_T_PD_H:T_EDGE_HI_VCCY_3.6000[1]/PIN16,n,S,,8.3999998068407,,,6.68000010861647,6.91000012764675,6.91000012764675,6.88000012516454,6.88000012516454,6.90000012681935,6.78000011689051,6.86000012350974,6.55000009786022,6.88000012516454,6.89000012599195,,6.78000011689051,6.81000011937272,6.78000011689051
2,24419350,A244_T_PD_H:T_EDGE_HI_VCCY_3.6000[1]/PIN18,n,S,,8.3999998068407,,,6.74000011358089,6.98000013343858,6.98000013343858,6.94000013012896,6.93000012930156,6.97000013261118,6.83000012102752,6.92000012847416,6.60000010199724,6.93000012930156,6.95000013095637,,6.83000012102752,6.86000012350974,6.85000012268233
2,24419350,A244_T_PD_H:T_EDGE_HI_VCCY_3.6000[1]/PIN3,n,S,,8.3999998068407,,,6.75000011440829,6.99000013426598,7.00000013509339,6.96000013178377,6.96000013178377,6.98000013343858,6.85000012268233,6.93000012930156,6.62000010365205,6.93000012930156,6.95000013095637,,6.85000012268233,6.89000012599195,6.87000012433714
2,24419350,A244_T_PD_H:T_EDGE_HI_VCCY_3.6000[1]/PIN5,n,S,,8.3999998068407,,,6.79000011771791,7.02000013674819,7.0300001375756,6.99000013426598,6.98000013343858,7.00000013509339,6.88000012516454,6.97000013261118,6.64000010530685,6.97000013261118,6.98000013343858,,6.87000012433714,6.91000012764675,6.89000012599195
2,24419350,A244_T_PD_H:T_EDGE_HI_VCCY_3.6000[1]/PIN7,n,S,,8.3999998068407,,,6.75000011440829,6.98000013343858,6.98000013343858,6.94000013012896,6.94000013012896,6.96000013178377,6.85000012268233,6.94000013012896,6.59000010116984,6.92000012847416,6.94000013012896,,6.84000012185493,6.87000012433714,6.84000012185493
2,24419350,A244_T_PD_H:T_EDGE_HI_VCCY_3.6000[1]/PIN9,n,S,,8.3999998068407,,,6.92000012847416,7.18000014998665,7.19000015081406,7.13000014584964,7.14000014667704,7.17000014915925,7.02000013674819,7.13000014584964,6.74000011358089,7.12000014502223,7.13000014584964,,7.02000013674819,7.06000014005781,7.01000013592079
2,24419360,A244_T_PD_H:T_SKEW_HI_VCCY_3.6000@PIN12[1],n,S,,0.999999971718069,,,0.239999992102113,0.269999994584325,0.279999995411728,0.249999992929517,0.259999993756921,0.269999994584325,0.239999992102113,0.269999994584325,0.190000001842883,0.239999992102113,0.239999992102113,,0.239999992102113,0.249999992929517,0.230000005152498
2,24419510,A244_T_PD_H:T_EDGE_LO_VCCY_3.6000[1]/PIN12,n,S,,8.3999998068407,,,7.56999973816619,7.83999976050609,7.81999975885128,7.78999975636907,7.78999975636907,7.79999975719647,7.67999974726763,7.77999975554167,7.43000017067175,7.76999975471426,7.79999975719647,,7.66999974644023,7.70999974974984,7.68999974809503
2,24419510,A244_T_PD_H:T_EDGE_LO_VCCY_3.6000[1]/PIN14,n,S,,8.3999998068407,,,7.35000016405252,7.5999997406484,7.589999739821,7.55999973733879,7.56999973816619,7.589999739821,7.44000017149915,7.55999973733879,7.22000015329627,7.53999973568398,7.57999973899359,,7.44000017149915,7.48999973154696,7.45999972906475
2,24419510,A244_T_PD_H:T_EDGE_LO_VCCY_3.6000[1]/PIN16,n,S,,8.3999998068407,,,7.13000014584964,7.36000016487992,7.36000016487992,7.32000016157031,7.32000016157031,7.35000016405252,7.22000015329627,7.32000016157031,7.00000013509339,7.3100001607429,7.34000016322511,,7.22000015329627,7.26000015660588,7.23000015412367
2,24419510,A244_T_PD_H:T_EDGE_LO_VCCY_3.6000[1]/PIN18,n,S,,8.3999998068407,,,7.10000014336742,7.32000016157031,7.33000016239771,7.29000015908809,7.3000001599155,7.32000016157031,7.19000015081406,7.29000015908809,6.98000013343858,7.26000015660588,7.32000016157031,,7.18000014998665,7.21000015246887,7.20000015164146
2,24419510,A244_T_PD_H:T_EDGE_LO_VCCY_3.6000[1]/PIN3,n,S,,8.3999998068407,,,7.17000014915925,7.39000016736213,7.38000016653473,7.36000016487992,7.36000016487992,7.39000016736213,7.25000015577848,7.34000016322511,7.05000013923041,7.33000016239771,7.37000016570732,,7.25000015577848,7.29000015908809,7.26000015660588
2,24419510,A244_T_PD_H:T_EDGE_LO_VCCY_3.6000[1]/PIN5,n,S,,8.3999998068407,,,7.21000015246887,7.43000017067175,7.44000017149915,7.42000016984434,7.40000016818954,7.43000017067175,7.29000015908809,7.41000016901694,7.09000014254002,7.39000016736213,7.42000016984434,,7.3000001599155,7.34000016322511,7.32000016157031
2,24419510,A244_T_PD_H:T_EDGE_LO_VCCY_3.6000[1]/PIN7,n,S,,8.3999998068407,,,7.35000016405252,7.589999739821,7.57999973899359,7.55999973733879,7.55999973733879,7.5999997406484,7.45000017232655,7.55999973733879,7.22000015329627,7.52999973485657,7.57999973899359,,7.45000017232655,7.47999973071956,7.47999973071956
2,24419510,A244_T_PD_H:T_EDGE_LO_VCCY_3.6000[1]/PIN9,n,S,,8.3999998068407,,,7.15000014750444,7.40000016818954,7.39000016736213,7.36000016487992,7.37000016570732,7.39000016736213,7.26000015660588,7.37000016570732,7.02000013674819,7.35000016405252,7.37000016570732,,7.25000015577848,7.29000015908809,7.27000015743329
2,24419520,A244_T_PD_H:T_SKEW_LO_VCCY_3.6000@PIN12[1],n,S,,0.999999971718069,,,0.469999983376823,0.519999987513842,0.489999985031631,0.499999985859034,0.489999985031631,0.479999984204227,0.489999985031631,0.489999985031631,0.450000009477591,0.509999986686438,0.479999984204227,,0.489999985031631,0.499999985859034,0.489999985031631
2,24419370,A244_T_PD_H:T_EDGE_HI_VCCY_3.0000[1]/PIN12,n,S,,8.3999998068407,,,7.82999975967869,8.1299997845008,8.1299997845008,8.08999978119118,8.07999978036378,8.09999978201859,7.93999976878013,8.05999977870897,7.63999974395801,8.06999977953637,8.07999978036378,,7.94999976960753,7.98999977291714,7.94999976960753
2,24419370,A244_T_PD_H:T_EDGE_HI_VCCY_3.0000[1]/PIN14,n,S,,8.3999998068407,,,7.74999975305946,8.02999977622676,8.02999977622676,7.98999977291714,7.98999977291714,8.00999977457195,7.8599997621609,7.96999977126234,7.56999973816619,7.97999977208974,7.99999977374455,,7.8699997629883,7.92999976795272,7.8799997638157
2,24419370,A244_T_PD_H:T_EDGE_HI_VCCY_3.0000[1]/PIN16,n,S,,8.3999998068407,,,7.70999974974984,7.99999977374455,7.99999977374455,7.96999977126234,7.95999977043493,7.98999977291714,7.83999976050609,7.93999976878013,7.53999973568398,7.95999977043493,7.95999977043493,,7.82999975967869,7.8799997638157,7.8599997621609
2,24419370,A244_T_PD_H:T_EDGE_HI_VCCY_3.0000[1]/PIN18,n,S,,8.3999998068407,,,7.76999975471426,8.07999978036378,8.08999978119118,8.03999977705416,8.01999977539936,8.06999977953637,7.89999976547051,7.99999977374455,7.6099997414758,8.02999977622676,8.03999977705416,,7.90999976629791,7.93999976878013,7.89999976547051
2,24419370,A244_T_PD_H:T_EDGE_HI_VCCY_3.0000[1]/PIN3,n,S,,8.3999998068407,,,7.77999975554167,8.07999978036378,8.07999978036378,8.02999977622676,8.03999977705416,8.05999977870897,7.89999976547051,7.99999977374455,7.62999974313061,7.99999977374455,8.02999977622676,,7.89999976547051,7.94999976960753,7.92999976795272
2,24419370,A244_T_PD_H:T_EDGE_HI_VCCY_3.0000[1]/PIN5,n,S,,8.3999998068407,,,7.8599997621609,8.1499997861556,8.1399997853282,8.10999978284599,8.09999978201859,8.1299997845008,7.96999977126234,8.07999978036378,7.68999974809503,8.08999978119118,8.10999978284599,,7.97999977208974,8.01999977539936,7.97999977208974
2,24419370,A244_T_PD_H:T_EDGE_HI_VCCY_3.0000[1]/PIN7,n,S,,8.3999998068407,,,7.77999975554167,8.09999978201859,8.08999978119118,8.03999977705416,8.04999977788157,8.05999977870897,7.91999976712532,8.01999977539936,7.61999974230321,8.01999977539936,8.03999977705416,,7.91999976712532,7.97999977208974,7.91999976712532
2,24419370,A244_T_PD_H:T_EDGE_HI_VCCY_3.0000[1]/PIN9,n,S,,8.3999998068407,,,7.93999976878013,8.28999979773926,8.29999979856666,8.20999979112003,8.21999979194743,8.24999979442964,8.10999978284599,8.20999979112003,7.75999975388686,8.21999979194743,8.23999979360224,,8.09999978201859,8.11999978367339,8.09999978201859
2,24419380,A244_T_PD_H:T_SKEW_HI_VCCY_3.0000@PIN12[1],n,S,,0.999999971718069,,,0.230000005152498,0.289999996239132,0.299999997066536,0.239999992102113,0.259999993756921,0.259999993756921,0.269999994584325,0.269999994584325,0.220000004325094,0.259999993756921,0.279999995411728,,0.269999994584325,0.239999992102113,0.239999992102113
2,24419530,A244_T_PD_H:T_EDGE_LO_VCCY_3.0000[1]/PIN12,n,S,,8.3999998068407,,,8.80999984076425,9.11999986641376,9.09999986475896,9.07999986310415,9.05999986144934,9.08999986393155,8.9399998515205,9.05999986144934,8.64999982752579,9.04999986062194,9.07999986310415,,8.92999985069309,8.97999985483011,8.9599998531753
2,24419530,A244_T_PD_H:T_EDGE_LO_VCCY_3.0000[1]/PIN14,n,S,,8.3999998068407,,,8.55999982007916,8.85999984490127,8.84999984407386,8.80999984076425,8.81999984159165,8.83999984324646,8.679999830008,8.80999984076425,8.4199998084955,8.78999983910944,8.83999984324646,,8.679999830008,8.71999983331762,8.69999983166281
2,24419530,A244_T_PD_H:T_EDGE_LO_VCCY_3.0000[1]/PIN16,n,S,,8.3999998068407,,,8.17999978863782,8.44999981097772,8.44999981097772,8.4199998084955,8.3999998068407,8.44999981097772,8.28999979773926,8.4099998076681,8.02999977622676,8.3999998068407,8.42999980932291,,8.28999979773926,8.33999980187627,8.31999980022147
2,24419530,A244_T_PD_H:T_EDGE_LO_VCCY_3.0000[1]/PIN18,n,S,,8.3999998068407,,,8.1399997853282,8.4099998076681,8.4199998084955,8.34999980270368,8.35999980353108,8.3999998068407,8.23999979360224,8.36999980435849,7.99999977374455,8.33999980187627,8.3999998068407,,8.23999979360224,8.27999979691185,8.25999979525704
2,24419530,A244_T_PD_H:T_EDGE_LO_VCCY_3.0000[1]/PIN3,n,S,,8.3999998068407,,,8.21999979194743,8.47999981345993,8.46999981263252,8.45999981180512,8.44999981097772,8.47999981345993,8.32999980104887,8.43999981015031,8.07999978036378,8.4199998084955,8.45999981180512,,8.31999980022147,8.36999980435849,8.33999980187627
2,24419530,A244_T_PD_H:T_EDGE_LO_VCCY_3.0000[1]/PIN5,n,S,,8.3999998068407,,,8.31999980022147,8.59999982338877,8.59999982338877,8.56999982090656,8.55999982007916,8.58999982256137,8.4199998084955,8.55999982007916,8.16999978781041,8.52999981759694,8.57999982173396,,8.42999980932291,8.47999981345993,8.45999981180512
2,24419530,A244_T_PD_H:T_EDGE_LO_VCCY_3.0000[1]/PIN7,n,S,,8.3999998068407,,,8.52999981759694,8.81999984159165,8.79999983993685,8.78999983910944,8.76999983745463,8.82999984241906,8.64999982752579,8.77999983828204,8.37999980518589,8.74999983579983,8.78999983910944,,8.65999982835319,8.6899998308354,8.679999830008
2,24419530,A244_T_PD_H:T_EDGE_LO_VCCY_3.0000[1]/PIN9,n,S,,8.3999998068407,,,8.27999979691185,8.55999982007916,8.55999982007916,8.51999981676954,8.52999981759694,8.55999982007916,8.38999980601329,8.51999981676954,8.11999978367339,8.49999981511473,8.51999981676954,,8.38999980601329,8.43999981015031,8.4099998076681
2,24419540,A244_T_PD_H:T_SKEW_LO_VCCY_3.0000@PIN12[1],n,S,,0.999999971718069,,,0.669999999924897,0.710000003234512,0.680000000752301,0.73000000488932,0.700000002407108,0.690000001579705,0.700000002407108,0.690000001579705,0.64999999827009,0.710000003234512,0.680000000752301,,0.690000001579705,0.700000002407108,0.700000002407108
2,24419390,A244_T_PD_H:T_EDGE_HI_VCCY_2.7000[1]/PIN12,n,S,,9.99999993922529,,,8.64999982752579,8.99999985648492,8.99999985648492,8.9499998523479,8.9399998515205,8.96999985400271,8.78999983910944,8.92999985069309,8.44999981097772,8.9499998523479,8.9499998523479,,8.80999984076425,8.85999984490127,8.79999983993685
2,24419390,A244_T_PD_H:T_EDGE_HI_VCCY_2.7000[1]/PIN14,n,S,,9.99999993922529,,,8.54999981925175,8.86999984572867,8.88999984738348,8.82999984241906,8.81999984159165,8.84999984407386,8.679999830008,8.79999983993685,8.34999980270368,8.81999984159165,8.82999984241906,,8.679999830008,8.74999983579983,8.69999983166281
2,24419390,A244_T_PD_H:T_EDGE_HI_VCCY_2.7000[1]/PIN16,n,S,,9.99999993922529,,,8.50999981594214,8.86999984572867,8.84999984407386,8.81999984159165,8.80999984076425,8.82999984241906,8.65999982835319,8.76999983745463,8.32999980104887,8.81999984159165,8.79999983993685,,8.679999830008,8.72999983414502,8.69999983166281
2,24419390,A244_T_PD_H:T_EDGE_HI_VCCY_2.7000[1]/PIN18,n,S,,9.99999993922529,,,8.59999982338877,8.9399998515205,8.9499998523479,8.90999984903829,8.87999984655607,8.92999985069309,8.72999983414502,8.83999984324646,8.3999998068407,8.88999984738348,8.87999984655607,,8.74999983579983,8.79999983993685,8.75999983662723
2,24419390,A244_T_PD_H:T_EDGE_HI_VCCY_2.7000[1]/PIN3,n,S,,9.99999993922529,,,8.58999982256137,8.92999985069309,8.9399998515205,8.87999984655607,8.87999984655607,8.88999984738348,8.71999983331762,8.82999984241906,8.4099998076681,8.84999984407386,8.86999984572867,,8.73999983497242,8.80999984076425,8.75999983662723
2,24419390,A244_T_PD_H:T_EDGE_HI_VCCY_2.7000[1]/PIN5,n,S,,9.99999993922529,,,8.679999830008,9.00999985731232,9.00999985731232,8.96999985400271,8.9599998531753,8.97999985483011,8.80999984076425,8.92999985069309,8.48999981428733,8.9399998515205,8.9599998531753,,8.82999984241906,8.86999984572867,8.82999984241906
2,24419390,A244_T_PD_H:T_EDGE_HI_VCCY_2.7000[1]/PIN7,n,S,,9.99999993922529,,,8.59999982338877,8.97999985483011,8.96999985400271,8.89999984821088,8.90999984903829,8.92999985069309,8.76999983745463,8.88999984738348,8.4099998076681,8.87999984655607,8.90999984903829,,8.76999983745463,8.82999984241906,8.76999983745463
2,24419390,A244_T_PD_H:T_EDGE_HI_VCCY_2.7000[1]/PIN9,n,S,,9.99999993922529,,,8.80999984076425,9.18999987220559,9.19999987303299,9.11999986641376,9.12999986724117,9.14999986889597,8.97999985483011,9.11999986641376,8.57999982173396,9.10999986558636,9.14999986889597,,8.98999985565752,9.03999985979453,8.96999985400271
2,24419400,A244_T_PD_H:T_SKEW_HI_VCCY_2.7000@PIN12[1],n,S,,0.999999971718069,,,0.299999997066536,0.319999998721343,0.350000001203554,0.299999997066536,0.319999998721343,0.319999998721343,0.319999998721343,0.350000001203554,0.249999992929517,0.289999996239132,0.350000001203554,,0.309999997893939,0.309999997893939,0.269999994584325
2,24419550,A244_T_PD_H:T_EDGE_LO_VCCY_2.7000[1]/PIN12,n,S,,9.99999993922529,,,9.66999991192097,10.0099999400527,9.98999993839789,9.94999993508827,9.92999993343346,9.96999993674308,9.79999992267722,9.92999993343346,9.4899998970277,9.93999993426087,9.93999993426087,,9.80999992350462,9.84999992681423,9.81999992433202
2,24419550,A244_T_PD_H:T_EDGE_LO_VCCY_2.7000[1]/PIN14,n,S,,9.99999993922529,,,9.42999989206328,9.7599999193676,9.7499999185402,9.69999991440318,9.70999991523058,9.73999991771279,9.54999990199212,9.68999991357578,9.26999987882482,9.67999991274837,9.71999991605799,,9.54999990199212,9.61999990778395,9.57999990447433
2,24419550,A244_T_PD_H:T_EDGE_LO_VCCY_2.7000[1]/PIN16,n,S,,9.99999993922529,,,8.92999985069309,9.2299998755152,9.2099998738604,9.18999987220559,9.16999987055078,9.2199998746878,9.03999985979453,9.17999987137819,8.76999983745463,9.17999987137819,9.2099998738604,,9.04999986062194,9.10999986558636,9.07999986310415
2,24419550,A244_T_PD_H:T_EDGE_LO_VCCY_2.7000[1]/PIN18,n,S,,9.99999993922529,,,8.88999984738348,9.19999987303299,9.19999987303299,9.12999986724117,9.14999986889597,9.17999987137819,8.99999985648492,9.13999986806857,8.72999983414502,9.10999986558636,9.17999987137819,,8.99999985648492,9.05999986144934,9.01999985813973
2,24419550,A244_T_PD_H:T_EDGE_LO_VCCY_2.7000[1]/PIN3,n,S,,9.99999993922529,,,8.98999985565752,9.27999987965222,9.26999987882482,9.23999987634261,9.24999987717001,9.25999987799742,9.09999986475896,9.2199998746878,8.81999984159165,9.2099998738604,9.24999987717001,,9.09999986475896,9.14999986889597,9.11999986641376
2,24419550,A244_T_PD_H:T_EDGE_LO_VCCY_2.7000[1]/PIN5,n,S,,9.99999993922529,,,9.11999986641376,9.43999989289068,9.43999989289068,9.39999988958107,9.38999988875366,9.41999989123588,9.2299998755152,9.38999988875366,8.96999985400271,9.35999988627145,9.40999989040847,,9.24999987717001,9.30999988213443,9.26999987882482
2,24419550,A244_T_PD_H:T_EDGE_LO_VCCY_2.7000[1]/PIN7,n,S,,9.99999993922529,,,9.36999988709886,9.68999991357578,9.65999991109356,9.65999991109356,9.63999990943876,9.69999991440318,9.4999998978551,9.64999991026616,9.2199998746878,9.60999990695655,9.65999991109356,,9.50999989868251,9.56999990364693,9.52999990033732
2,24419550,A244_T_PD_H:T_EDGE_LO_VCCY_2.7000[1]/PIN9,n,S,,9.99999993922529,,,9.07999986310415,9.39999988958107,9.39999988958107,9.35999988627145,9.36999988709886,9.39999988958107,9.2099998738604,9.34999988544405,8.89999984821088,9.32999988378924,9.36999988709886,,9.2199998746878,9.26999987882482,9.23999987634261
2,24419560,A244_T_PD_H:T_SKEW_LO_VCCY_2.7000@PIN12[1],n,S,,0.999999971718069,,,0.780000009026338,0.810000011508549,0.790000009853742,0.820000012335953,0.780000009026338,0.790000009853742,0.800000010681146,0.790000009853742,0.760000007371531,0.830000013163357,0.760000007371531,,0.810000011508549,0.790000009853742,0.800000010681146
2,24419410,A244_T_PD_H:T_EDGE_HI_VCCY_2.3000[1]/PIN12,n,S,,9.99999993922529,,,10.3599999690118,10.810000006245,10.8000000054176,10.7500000012806,10.7500000012806,10.760000002108,10.5499999847325,10.709999997971,10.1199999491541,10.7500000012806,10.7299999996258,,10.5699999863873,10.6499999930065,10.5699999863873
2,24419410,A244_T_PD_H:T_EDGE_HI_VCCY_2.3000[1]/PIN14,n,S,,9.99999993922529,,,10.2299999582556,10.6899999963161,10.6899999963161,10.6299999913517,10.6099999896969,10.6399999921791,10.4199999739762,10.5699999863873,9.98999993839789,10.6199999905243,10.5999999888695,,10.4699999781133,10.5499999847325,10.4399999756311
2,24419410,A244_T_PD_H:T_EDGE_HI_VCCY_2.3000[1]/PIN16,n,S,,9.99999993922529,,,10.1999999557734,10.6699999946613,10.6499999930065,10.6099999896969,10.5899999880421,10.6299999913517,10.4199999739762,10.5399999839051,9.96999993674308,10.6099999896969,10.5799999872147,,10.4499999764585,10.4999999805955,10.4499999764585
2,24419410,A244_T_PD_H:T_EDGE_HI_VCCY_2.3000[1]/PIN18,n,S,,9.99999993922529,,,10.3099999648748,10.7500000012806,10.760000002108,10.709999997971,10.6799999954887,10.7199999987984,10.5199999822503,10.6299999913517,10.0699999450171,10.6999999971435,10.6799999954887,,10.5099999814229,10.5999999888695,10.5299999830777
2,24419410,A244_T_PD_H:T_EDGE_HI_VCCY_2.3000[1]/PIN3,n,S,,9.99999993922529,,,10.2599999607378,10.709999997971,10.709999997971,10.6399999921791,10.6399999921791,10.6599999938339,10.4499999764585,10.5799999872147,10.0299999417075,10.5999999888695,10.6099999896969,,10.4699999781133,10.5599999855599,10.4799999789407
2,24419410,A244_T_PD_H:T_EDGE_HI_VCCY_2.3000[1]/PIN5,n,S,,9.99999993922529,,,10.389999971494,10.8000000054176,10.8000000054176,10.760000002108,10.7299999996258,10.760000002108,10.5499999847325,10.709999997971,10.1299999499815,10.7199999987984,10.709999997971,,10.5699999863873,10.6599999938339,10.5799999872147
2,24419410,A244_T_PD_H:T_EDGE_HI_VCCY_2.3000[1]/PIN7,n,S,,9.99999993922529,,,10.339999967357,10.7800000037628,10.7900000045902,10.7299999996258,10.7299999996258,10.7199999987984,10.5299999830777,10.6899999963161,10.0699999450171,10.6999999971435,10.6999999971435,,10.5499999847325,10.6399999921791,10.5299999830777
2,24419410,A244_T_PD_H:T_EDGE_HI_VCCY_2.3000[1]/PIN9,n,S,,9.99999993922529,,,10.5799999872147,11.0600000269301,11.0700000277575,10.960000018656,10.9700000194835,11.0100000227931,10.7800000037628,10.9700000194835,10.3099999648748,10.9700000194835,10.960000018656,,10.8300000078998,10.860000010382,10.8000000054176
2,24419420,A244_T_PD_H:T_SKEW_HI_VCCY_2.3000@PIN12[1],n,S,,0.999999971718069,,,0.380000003685765,0.390000004513169,0.42000000699538,0.350000001203554,0.380000003685765,0.380000003685765,0.360000002030958,0.430000007822784,0.340000000376151,0.370000002858362,0.380000003685765,,0.380000003685765,0.360000002030958,0.360000002030958
2,24419570,A244_T_PD_H:T_EDGE_LO_VCCY_2.3000[1]/PIN12,n,S,,9.99999993922529,,,11.3000000467878,11.7400000831935,11.7400000831935,11.6500000757469,11.6500000757469,11.6700000774017,11.4600000600262,11.6300000740921,11.0800000285849,11.6400000749195,11.6600000765743,,11.480000061681,11.5400000666455,11.480000061681
2,24419570,A244_T_PD_H:T_EDGE_LO_VCCY_2.3000[1]/PIN14,n,S,,9.99999993922529,,,11.0900000294123,11.5000000633358,11.480000061681,11.4200000567166,11.4400000583714,11.4600000600262,11.2500000426508,11.4000000550618,10.8900000128642,11.4000000550618,11.430000057544,,11.2600000434782,11.33000004927,11.2700000443056
2,24419570,A244_T_PD_H:T_EDGE_LO_VCCY_2.3000[1]/PIN16,n,S,,9.99999993922529,,,10.4099999731488,10.7700000029354,10.7500000012806,10.7199999987984,10.6899999963161,10.760000002108,10.5499999847325,10.6899999963161,10.2099999566008,10.6899999963161,10.7299999996258,,10.5699999863873,10.6399999921791,10.5899999880421
2,24419570,A244_T_PD_H:T_EDGE_LO_VCCY_2.3000[1]/PIN18,n,S,,9.99999993922529,,,10.3599999690118,10.7400000004532,10.7400000004532,10.6699999946613,10.6799999954887,10.7199999987984,10.5199999822503,10.6699999946613,10.1999999557734,10.6499999930065,10.709999997971,,10.5299999830777,10.5799999872147,10.5299999830777
2,24419570,A244_T_PD_H:T_EDGE_LO_VCCY_2.3000[1]/PIN3,n,S,,9.99999993922529,,,10.4799999789407,10.8500000095546,10.8400000087272,10.8000000054176,10.8000000054176,10.8200000070724,10.6199999905243,10.7700000029354,10.2999999640474,10.760000002108,10.8000000054176,,10.6299999913517,10.6999999971435,10.6499999930065
2,24419570,A244_T_PD_H:T_EDGE_LO_VCCY_2.3000[1]/PIN5,n,S,,9.99999993922529,,,10.7299999996258,11.1000000302397,11.0900000294123,11.0500000261027,11.0500000261027,11.0800000285849,10.860000010382,11.0400000252753,10.5299999830777,11.0100000227931,11.0500000261027,,10.8800000120368,10.9500000178286,10.910000014519
2,24419570,A244_T_PD_H:T_EDGE_LO_VCCY_2.3000[1]/PIN7,n,S,,9.99999993922529,,,11.0100000227931,11.4100000558892,11.380000053407,11.380000053407,11.3700000525796,11.4100000558892,11.1700000360315,11.3500000509248,10.8200000070724,11.33000004927,11.3700000525796,,11.2100000393411,11.2500000426508,11.2300000409959
2,24419570,A244_T_PD_H:T_EDGE_LO_VCCY_2.3000[1]/PIN9,n,S,,9.99999993922529,,,10.6899999963161,11.0700000277575,11.0700000277575,11.0300000244479,11.0300000244479,11.0600000269301,10.8400000087272,11.0000000219657,10.4599999772859,11.0100000227931,11.0100000227931,,10.8800000120368,10.9300000161738,10.8700000112094
2,24419580,A244_T_PD_H:T_SKEW_LO_VCCY_2.3000@PIN12[1],n,S,,0.999999971718069,,,0.939999966753646,0.999999971718069,0.999999971718069,0.979999970063261,0.969999969235857,0.94999996758105,0.939999966753646,0.959999968408454,0.880000017300375,0.989999970890665,0.94999996758105,,0.94999996758105,0.959999968408454,0.94999996758105
2,24419430,A244_T_PD_H:T_EDGE_HI_VCCY_1.9500[1]/PIN12,n,S,,14.3000002950089,,,12.9800001857916,13.6400002404002,13.660000242055,13.6000002370906,13.5700002346084,13.5800002354358,13.2800002106137,13.510000229644,12.6600001593147,13.5900002362632,13.510000229644,,13.3400002155781,13.4500002246796,13.3100002130959
2,24419430,A244_T_PD_H:T_EDGE_HI_VCCY_1.9500[1]/PIN14,n,S,,14.3000002950089,,,12.8700001766902,13.5300002312988,13.5400002321262,13.460000225507,13.4300002230248,13.4800002271618,13.1700002015123,13.3800002188877,12.5600001510406,13.4400002238522,13.41000022137,,13.2500002081315,13.3600002172329,13.2200002056493
2,24419430,A244_T_PD_H:T_EDGE_HI_VCCY_1.9500[1]/PIN16,n,S,,14.3000002950089,,,12.8600001758628,13.5300002312988,13.4900002279892,13.4700002263344,13.4500002246796,13.4700002263344,13.1700002015123,13.3200002139233,12.5300001485584,13.4700002263344,13.3700002180603,,13.2600002089589,13.3300002147507,13.2300002064767
2,24419430,A244_T_PD_H:T_EDGE_HI_VCCY_1.9500[1]/PIN18,n,S,,14.3000002950089,,,12.8700001766902,13.5400002321262,13.5400002321262,13.460000225507,13.4300002230248,13.510000229644,13.1900002031671,13.3600002172329,12.6000001543503,13.4700002263344,13.3900002197151,,13.2500002081315,13.3400002155781,13.2100002048219
2,24419430,A244_T_PD_H:T_EDGE_HI_VCCY_1.9500[1]/PIN3,n,S,,14.3000002950089,,,12.8600001758628,13.510000229644,13.5400002321262,13.41000022137,13.4300002230248,13.4400002238522,13.1400001990301,13.3300002147507,12.5900001535229,13.3800002188877,13.3600002172329,,13.2100002048219,13.3200002139233,13.2100002048219
2,24419430,A244_T_PD_H:T_EDGE_HI_VCCY_1.9500[1]/PIN5,n,S,,14.3000002950089,,,13.0000001874464,13.6400002404002,13.6000002370906,13.560000233781,13.5200002304714,13.5500002329536,13.2800002106137,13.4500002246796,12.6900001617969,13.5200002304714,13.4700002263344,,13.3200002139233,13.4300002230248,13.2600002089589
2,24419430,A244_T_PD_H:T_EDGE_HI_VCCY_1.9500[1]/PIN7,n,S,,14.3000002950089,,,12.9700001849642,13.6700002428825,13.6400002404002,13.5300002312988,13.5500002329536,13.5300002312988,13.3000002122685,13.510000229644,12.6500001584873,13.5300002312988,13.5000002288166,,13.3400002155781,13.4900002279892,13.2900002114411
2,24419430,A244_T_PD_H:T_EDGE_HI_VCCY_1.9500[1]/PIN9,n,S,,14.3000002950089,,,13.2200002056493,13.9200002635675,13.9600002668772,13.8100002544661,13.8300002561209,13.8700002594305,13.5400002321262,13.8000002536387,12.9000001791724,13.8100002544661,13.7900002528113,,13.660000242055,13.7200002470195,13.5300002312988
2,24419440,A244_T_PD_H:T_SKEW_HI_VCCY_1.9500@PIN12[1],n,S,,0.999999971718069,,,0.360000002030958,0.410000006167976,0.469999983376823,0.400000005340573,0.400000005340573,0.430000007822784,0.400000005340573,0.479999984204227,0.370000002858362,0.430000007822784,0.430000007822784,,0.450000009477591,0.400000005340573,0.319999998721343
2,24419590,A244_T_PD_H:T_EDGE_LO_VCCY_1.9500[1]/PIN12,n,S,,14.3000002950089,,,13.7600002503291,14.3100002958363,14.2900002941815,14.2300002892171,14.2000002867348,14.2300002892171,13.980000268532,14.18000028508,13.4800002271618,14.1700002842526,14.1900002859074,,14.0400002734964,14.1000002784608,14.0000002701868
2,24419590,A244_T_PD_H:T_EDGE_LO_VCCY_1.9500[1]/PIN14,n,S,,14.3000002950089,,,13.3300002147507,13.8200002552935,13.7900002528113,13.7300002478469,13.7600002503291,13.7800002519839,13.5300002312988,13.7100002461921,13.1000001957204,13.7100002461921,13.7400002486743,,13.5800002354358,13.6400002404002,13.560000233781
2,24419590,A244_T_PD_H:T_EDGE_LO_VCCY_1.9500[1]/PIN16,n,S,,14.3000002950089,,,12.4500001419392,12.9000001791724,12.890000178345,12.8600001758628,12.8200001725531,12.8800001775176,12.6300001568325,12.8300001733805,12.2100001220815,12.8400001742079,12.8500001750353,,12.6900001617969,12.7700001684161,12.6800001609695
2,24419590,A244_T_PD_H:T_EDGE_LO_VCCY_1.9500[1]/PIN18,n,S,,14.3000002950089,,,12.4300001402844,12.9000001791724,12.9000001791724,12.8200001725531,12.8200001725531,12.8700001766902,12.6200001560051,12.8100001717257,12.2200001229089,12.7900001700709,12.8200001725531,,12.6600001593147,12.7200001642791,12.6500001584873
2,24419590,A244_T_PD_H:T_EDGE_LO_VCCY_1.9500[1]/PIN3,n,S,,14.3000002950089,,,12.5500001502132,13.0200001891012,12.990000186619,12.9600001841368,12.9600001841368,12.9700001849642,12.7400001659339,12.9200001808272,12.3400001328378,12.9300001816546,12.9300001816546,,12.7800001692435,12.8500001750353,12.7900001700709
2,24419590,A244_T_PD_H:T_EDGE_LO_VCCY_1.9500[1]/PIN5,n,S,,14.3000002950089,,,12.9700001849642,13.460000225507,13.4300002230248,13.3900002197151,13.4000002205426,13.4200002221974,13.1500001998575,13.3800002188877,12.7300001651065,13.3600002172329,13.3700002180603,,13.2000002039945,13.2900002114411,13.2200002056493
2,24419590,A244_T_PD_H:T_EDGE_LO_VCCY_1.9500[1]/PIN7,n,S,,14.3000002950089,,,13.2800002106137,13.7700002511565,13.7100002461921,13.7400002486743,13.7100002461921,13.7700002511565,13.4900002279892,13.7100002461921,13.0500001915834,13.6700002428825,13.7100002461921,,13.5500002329536,13.610000237918,13.5500002329536
2,24419590,A244_T_PD_H:T_EDGE_LO_VCCY_1.9500[1]/PIN9,n,S,,14.3000002950089,,,12.890000178345,13.3700002180603,13.3700002180603,13.3100002130959,13.3400002155781,13.3700002180603,13.1000001957204,13.2900002114411,12.6300001568325,13.2900002114411,13.2700002097863,,13.1600002006849,13.2100002048219,13.1500001998575
2,24419600,A244_T_PD_H:T_SKEW_LO_VCCY_1.9500@PIN12[1],n,S,,0.999999971718069,,,1.32999999902239,1.41000000564162,1.40000000481422,1.41000000564162,1.38000000315941,1.3600000015046,1.3600000015046,1.37000000233201,1.26999999405797,1.38000000315941,1.37000000233201,,1.38000000315941,1.38000000315941,1.3500000006772
2,24419450,A244_T_PD_H:T_EDGE_HI_VCCY_1.6500[1]/PIN12,n,S,,14.3000002950089,,,17.6999996881477,19.0999998039842,19.1399998072939,19.0700006896805,18.9999997957102,19.010000684716,18.4199997477208,18.910000676442,17.3199996567064,19.0799998023294,18.8599997841266,,18.6999997708881,18.9900006830612,18.4399997493756
2,24419450,A244_T_PD_H:T_EDGE_HI_VCCY_1.6500[1]/PIN14,n,S,,14.3000002950089,,,17.4700005572959,18.6799997692333,18.7700006648583,18.6100006516199,18.6500006549295,18.6399997659237,18.0799997195891,18.4599997510304,16.9999996302295,18.6999997708881,18.5300006450007,,18.3500006301074,18.5599997593044,18.1799997278631
2,24419450,A244_T_PD_H:T_EDGE_HI_VCCY_1.6500[1]/PIN16,n,S,,14.3000002950089,,,17.3999996633256,18.7500006632035,18.7100006598939,18.5999997626141,18.6900006582391,18.6399997659237,18.0700006069401,18.4100006350718,16.9900005175805,18.6999997708881,18.490000641691,,18.2799997361371,18.490000641691,18.1300006119045
2,24419450,A244_T_PD_H:T_EDGE_HI_VCCY_1.6500[1]/PIN18,n,S,,14.3000002950089,,,17.2799996533968,18.5900006499651,18.6199997642689,18.5199997559948,18.490000641691,18.5500006466555,17.9399997080054,18.3599997427564,16.9100005109613,18.5700006483103,18.3599997427564,,18.1599997262083,18.3599997427564,18.0500006052853
2,24419450,A244_T_PD_H:T_EDGE_HI_VCCY_1.6500[1]/PIN3,n,S,,14.3000002950089,,,17.4999996715997,18.8500006714776,18.8300006698228,18.6399997659237,18.7100006598939,18.6300006532747,18.0599997179343,18.5100006433458,17.0700005241997,18.5900006499651,18.4500006383814,,18.2999997377919,18.5799997609593,18.1599997262083
2,24419450,A244_T_PD_H:T_EDGE_HI_VCCY_1.6500[1]/PIN5,n,S,,14.3000002950089,,,17.770000582118,19.0599998006746,19.019999797365,18.9900006830612,18.9700006814064,18.910000676442,18.4300006367266,18.8199997808169,17.3300005457122,18.910000676442,18.7799997775073,,18.6199997642689,18.8399997824718,18.4199997477208
2,24419450,A244_T_PD_H:T_EDGE_HI_VCCY_1.6500[1]/PIN7,n,S,,14.3000002950089,,,17.5599996765641,18.8900006747872,18.8799997857814,18.6999997708881,18.6599997675785,18.6900006582391,18.1900006168689,18.6199997642689,17.1199996401583,18.7799997775073,18.490000641691,,18.399999746066,18.6700006565843,18.1999997295179
2,24419450,A244_T_PD_H:T_EDGE_HI_VCCY_1.6500[1]/PIN9,n,S,,14.3000002950089,,,18.1399997245535,19.5199998387352,19.5700007310506,19.3399998238419,19.4199998304612,19.439999832116,18.9799997940554,19.3700007145026,17.4799996699448,19.4799998354256,19.330000711193,,19.2700007062285,19.330000711193,19.019999797365
2,24419460,A244_T_PD_H:T_SKEW_HI_VCCY_1.6500@PIN12[1],n,S,,0.999999971718069,,,0.860000015645568,0.930000021437394,0.94999996758105,0.820000012335953,0.930000021437394,0.890000018127779,1.03999997502768,1.00999997254547,0.56999999165086,0.910000019782586,0.969999969235857,,1.10999998081951,0.969999969235857,0.969999969235857
2,24419610,A244_T_PD_H:T_EDGE_LO_VCCY_1.6500[1]/PIN12,n,S,,14.3000002950089,,,16.7599996103718,17.3199996567064,17.2999996550516,17.259999651742,17.2399996500872,17.2399996500872,16.9999996302295,17.1799996451227,16.4900004762103,17.2100005357834,17.1300005291641,,17.0900005258545,17.1500005308189,17.0100005192353
2,24419610,A244_T_PD_H:T_EDGE_LO_VCCY_1.6500[1]/PIN14,n,S,,14.3000002950089,,,16.4300004712459,17.0500005225449,16.9900005175805,16.9500005142709,17.0100005192353,16.9900005175805,16.7199996070622,16.8900005093064,16.1199995574179,16.9199996236102,16.8799996203006,,16.7599996103718,16.8500005059968,16.7199996070622
2,24419610,A244_T_PD_H:T_EDGE_LO_VCCY_1.6500[1]/PIN16,n,S,,14.3000002950089,,,15.3700003835411,15.9700004331853,15.9500004315305,15.9399995425247,15.8999995392151,15.9500004315305,15.6300004050536,15.8799995375603,15.0900003603738,15.8900004265661,15.8700004249113,,15.7599995276314,15.8399995342506,15.7199995243218
2,24419610,A244_T_PD_H:T_EDGE_LO_VCCY_1.6500[1]/PIN18,n,S,,14.3000002950089,,,15.3399994928805,15.9599995441795,15.9399995425247,15.8399995342506,15.8999995392151,15.8999995392151,15.6399995177026,15.8500004232565,15.0999994730228,15.8399995342506,15.8100004199468,,15.6799995210122,15.7500004149824,15.6199995160478
2,24419610,A244_T_PD_H:T_EDGE_LO_VCCY_1.6500[1]/PIN3,n,S,,14.3000002950089,,,15.5700004000892,16.1900004513882,16.1500004480786,16.1500004480786,16.1399995590727,16.1300004464238,15.8399995342506,16.0599995524535,15.3100003785767,16.0799995541083,16.0399995507987,,15.9100004282209,16.0199995491439,15.8999995392151
2,24419610,A244_T_PD_H:T_EDGE_LO_VCCY_1.6500[1]/PIN5,n,S,,14.3000002950089,,,16.1999995640372,16.8100005026872,16.7799996120266,16.7799996120266,16.7599996103718,16.7700004993776,16.4700004745555,16.739999608717,15.9199995408699,16.730000496068,16.6399996004429,,16.5500004811747,16.6700004911036,16.5399995921689
2,24419610,A244_T_PD_H:T_EDGE_LO_VCCY_1.6500[1]/PIN7,n,S,,14.3000002950089,,,16.4599995855497,17.0599996351939,17.0100005192353,17.0500005225449,17.0300005208901,17.0599996351939,16.739999608717,16.9999996302295,16.1799995623824,16.9599996269199,16.9599996269199,,16.830000504342,16.8999996219554,16.7900005010324
2,24419610,A244_T_PD_H:T_EDGE_LO_VCCY_1.6500[1]/PIN9,n,S,,14.3000002950089,,,16.0100004364949,16.5999995971333,16.6100004861391,16.5599995938237,16.5799995954785,16.5900004844843,16.2999995723112,16.5100004778651,15.690000410018,16.5300004795199,16.4700004745555,,16.4100004695911,16.4700004745555,16.3300004629718
2,24419620,A244_T_PD_H:T_SKEW_LO_VCCY_1.6500@PIN12[1],n,S,,0.999999971718069,,,1.42000000646902,1.3600000015046,1.3600000015046,1.42000000646902,1.33999999984979,1.33999999984979,1.37000000233201,1.32999999902239,1.40000000481422,1.37000000233201,1.31999999819499,,1.41000000564162,1.40000000481422,1.39000000398681
2,24419814,A244_T_PD_H:T_EDGE_HI_VCCY_1.4000[1]/PIN12,n,S,,39.9999997569012,,,37.6399995616339,39.3599997039473,39.4600014885782,39.4600014885782,39.3700005929531,39.3300005896435,38.5899987520588,39.1700005764051,37.1999995252281,39.4100005962628,38.9400014455532,,39.1000014587917,39.2500005830243,38.6799996476839
2,24419814,A244_T_PD_H:T_EDGE_HI_VCCY_1.4000[1]/PIN14,n,S,,39.9999997569012,,,36.7700003778282,38.8200014356244,38.8100005466185,38.6900005366897,38.7400014290051,38.669998758678,38.03999959473,38.5300005234512,36.1999994424878,38.8200014356244,38.4200014025282,,38.450000516832,38.7499987652973,38.0299987057242
2,24419814,A244_T_PD_H:T_EDGE_HI_VCCY_1.4000[1]/PIN16,n,S,,39.9999997569012,,,36.4799994656551,38.4799996311358,38.359999621207,38.3899987355107,38.4600014058378,38.3499987322011,37.7099986792473,38.1000013760513,36.0600012072609,38.4900005201416,38.0299987057242,,38.1800013826705,38.3999996245166,37.7800013495744
2,24419814,A244_T_PD_H:T_EDGE_HI_VCCY_1.4000[1]/PIN18,n,S,,39.9999997569012,,,36.5899985865781,38.6100005300705,38.7000014256955,38.6100005300705,38.559999637755,38.5899987520588,37.820001352884,38.4200014025282,36.0799994325589,38.5899987520588,38.2500005002839,,38.2600013892898,38.4799996311358,37.9099986957954
2,24419814,A244_T_PD_H:T_EDGE_HI_VCCY_1.4000[1]/PIN3,n,S,,39.9999997569012,,,36.4500003513513,38.3800013992186,38.2900005035935,38.1099987123434,38.2699987255819,38.0900004870455,37.410000430782,37.9899987024146,35.9700003116359,38.1099987123434,37.820001352884,,37.7999995748723,38.2399996112781,37.5499986660088
2,24419814,A244_T_PD_H:T_EDGE_HI_VCCY_1.4000[1]/PIN5,n,S,,39.9999997569012,,,36.9300003910666,38.7199996509935,38.6100005300705,38.6600014223859,38.6600014223859,38.5099987454396,37.9099986957954,38.4900005201416,36.4100003480416,38.6600014223859,38.2500005002839,,38.2600013892898,38.6799996476839,37.930000473807
2,24419814,A244_T_PD_H:T_EDGE_HI_VCCY_1.4000[1]/PIN7,n,S,,39.9999997569012,,,37.300001309859,39.2100005797147,39.1099987950838,38.9800014488628,39.1199996840896,38.9599996708512,38.2900005035935,38.8699987752261,36.6799994822031,39.1499987983934,38.6600014223859,,38.7300005399993,39.1199996840896,38.3300005069032
2,24419814,A244_T_PD_H:T_EDGE_HI_VCCY_1.4000[1]/PIN9,n,S,,39.9999997569012,,,38.1300004903551,39.8500006326685,39.9499988645857,39.6399997271146,39.7000015084359,39.7499988480376,39.0200014521724,39.5199997171858,37.6100004473301,39.7599997370435,39.4200014852686,,39.5700006095012,39.709998844728,39.0600014554821
2,24419812,A244_T_PD_H:T_SKEW_HI_VCCY_1.4000@PIN12[1],n,S,,9.99999993922529,,,1.68000002798152,1.47000001060604,1.66000002632671,1.53000001557047,1.43000000729643,1.66000002632671,1.61000002218969,1.53000001557047,1.64000002467191,1.65000002549931,1.60000002136229,,1.77000003542815,1.47000001060604,1.51000001391566
2,24419816,A244_T_PD_H:T_EDGE_LO_VCCY_1.4000[1]/PIN12,n,S,,39.9999997569012,,,21.1199999711198,21.7800000257284,21.720000020764,21.7499991350678,21.7499991350678,21.6899991301034,21.4599999992515,21.6099991234842,20.8399999479525,21.629999125139,21.4599999992515,,21.6400000141448,21.6000000108352,21.4500008866025
2,24419816,A244_T_PD_H:T_EDGE_LO_VCCY_1.4000[1]/PIN14,n,S,,39.9999997569012,,,20.4500008038622,21.2700008717093,21.1399999727746,21.1700008634352,21.2300008683997,21.1599999744294,20.8300008353035,21.0399999645006,20.0999998867246,21.090000856816,20.9700008468872,,20.9599999578813,21.0700008551612,20.8399999479525
2,24419816,A244_T_PD_H:T_EDGE_LO_VCCY_1.4000[1]/PIN16,n,S,,39.9999997569012,,,19.2799998188775,20.0300007691112,19.9799998767958,20.0399998817602,19.950000762492,19.9799998767958,19.6199998470092,19.9100007591824,18.9799997940554,19.950000762492,19.8500007542179,,19.8199998635573,19.9199998718314,19.7199998552833
2,24419816,A244_T_PD_H:T_EDGE_LO_VCCY_1.4000[1]/PIN18,n,S,,39.9999997569012,,,19.1599998089487,19.9399998734862,19.8799998685217,19.8300007525631,19.8999998701765,19.8599998668669,19.5700007310506,19.8199998635573,18.910000676442,19.7599998585929,19.7500007459439,,19.6999998536285,19.7599998585929,19.5700007310506
2,24419816,A244_T_PD_H:T_EDGE_LO_VCCY_1.4000[1]/PIN3,n,S,,39.9999997569012,,,19.639999848664,20.4500008038622,20.3700007972429,20.4100008005526,20.4300008022074,20.3199999049275,20.059999883415,20.2599998999631,19.3199998221871,20.3300007939333,20.1900007823497,,20.1999998949987,20.3300007939333,20.0900007740756
2,24419816,A244_T_PD_H:T_EDGE_LO_VCCY_1.4000[1]/PIN5,n,S,,39.9999997569012,,,20.479999918166,21.2399999810486,21.1799999760842,21.199999977739,21.2199999793938,21.19000086509,20.8300008353035,21.1300008601256,20.1500007790401,21.1100008584708,20.9799999595361,,21.0300008518516,21.1199999711198,20.9500008452324
2,24419816,A244_T_PD_H:T_EDGE_LO_VCCY_1.4000[1]/PIN7,n,S,,39.9999997569012,,,20.5500008121362,21.3500008783285,21.2700008717093,21.4199999959419,21.3599999909775,21.3799999926323,20.990000848542,21.2900008733641,20.2399998983083,21.2700008717093,21.19000086509,,21.19000086509,21.2199999793938,21.1100008584708
2,24419816,A244_T_PD_H:T_EDGE_LO_VCCY_1.4000[1]/PIN9,n,S,,39.9999997569012,,,19.9799998767958,20.7700008303391,20.7700008303391,20.7599999413333,20.8399999479525,20.7700008303391,20.4199999132015,20.6399999314044,19.6599998503189,20.6999999363688,20.4999999198208,,20.5999999280948,20.6599999330592,20.470000805517
2,24419810,A244_T_PD_H:T_SKEW_LO_VCCY_1.4000@PIN12[1],n,S,,0.999999971718069,,,1.95999994012652,1.84000004121998,1.84000004121998,1.91999993681691,1.85000004204738,1.83000004039258,1.8899999343347,1.79000003708296,1.92999993764431,1.86999993267989,1.71000003046373,,1.93999993847171,1.84000004121998,1.87999993350729
2,24415470,A244_T_EN_H:T_EDGE_HI_VCCY_5.5000[1]/PIN3,n,S,,19.9999998784506,,,9.81999992433202,10.0299999417075,10.0399999425349,10.0199999408801,10.0199999408801,10.0599999441897,9.96999993674308,10.0399999425349,9.57999990447433,9.95999993591568,10.1499999516363,,9.87999992929645,9.90999993177866,9.98999993839789
2,24415470,A244_T_EN_H:T_EDGE_HI_VCCY_5.5000[1]/PIN5,n,S,,19.9999998784506,,,9.81999992433202,10.0199999408801,9.99999993922529,9.97999993757048,9.95999993591568,9.99999993922529,9.90999993177866,9.99999993922529,9.57999990447433,9.92999993343346,10.0899999466719,,9.82999992515943,9.87999992929645,9.92999993343346
2,24415470,A244_T_EN_H:T_EDGE_HI_VCCY_5.5000[1]/PIN7,n,S,,19.9999998784506,,,10.5199999822503,10.8500000095546,10.8200000070724,10.910000014519,10.910000014519,10.9300000161738,10.760000002108,10.9500000178286,10.1499999516363,10.7400000004532,11.0200000236205,,10.6699999946613,10.6799999954887,10.8000000054176
2,24415470,A244_T_EN_H:T_EDGE_HI_VCCY_5.5000[1]/PIN9,n,S,,19.9999998784506,,,10.2999999640474,10.6199999905243,10.5799999872147,10.6399999921791,10.6799999954887,10.6999999971435,10.5399999839051,10.6999999971435,9.96999993674308,10.4899999797681,10.8000000054176,,10.4299999748036,10.4399999756311,10.5499999847325
2,24415470,A244_T_EN_H:T_EDGE_HI_VCCY_5.5000[1]/PIN12,n,S,,19.9999998784506,,,10.5599999855599,10.9300000161738,10.8900000128642,10.960000018656,10.9800000203109,11.0000000219657,10.8200000070724,11.0000000219657,10.2099999566008,10.810000006245,11.0800000285849,,10.7199999987984,10.7500000012806,10.8400000087272
2,24415470,A244_T_EN_H:T_EDGE_HI_VCCY_5.5000[1]/PIN14,n,S,,19.9999998784506,,,9.95999993591568,10.1799999541186,10.1499999516363,10.1399999508089,10.1199999491541,10.1499999516363,10.0599999441897,10.1199999491541,9.70999991523058,10.0899999466719,10.2599999607378,,9.95999993591568,10.0099999400527,10.1099999483267
2,24415470,A244_T_EN_H:T_EDGE_HI_VCCY_5.5000[1]/PIN16,n,S,,19.9999998784506,,,9.84999992681423,10.0699999450171,10.0499999433623,10.0499999433623,10.0399999425349,10.0699999450171,9.96999993674308,10.0499999433623,9.61999990778395,9.99999993922529,10.1499999516363,,9.89999993095125,9.93999993426087,10.0099999400527
2,24415470,A244_T_EN_H:T_EDGE_HI_VCCY_5.5000[1]/PIN18,n,S,,19.9999998784506,,,9.78999992184981,10.0199999408801,10.0099999400527,10.0199999408801,9.98999993839789,10.0299999417075,9.94999993508827,10.0199999408801,9.52999990033732,9.93999993426087,10.1099999483267,,9.85999992764164,9.88999993012385,9.95999993591568
2,24415550,A244_T_EN_H:T_EDGE_LO_VCCY_5.5000[1]/PIN3,n,S,,19.9999998784506,,,9.4999998978551,9.72999991688539,9.72999991688539,9.70999991523058,9.70999991523058,9.7499999185402,9.64999991026616,9.73999991771279,9.23999987634261,9.64999991026616,9.84999992681423,,9.55999990281953,9.58999990530174,9.66999991192097
2,24415550,A244_T_EN_H:T_EDGE_LO_VCCY_5.5000[1]/PIN5,n,S,,19.9999998784506,,,9.4999998978551,9.72999991688539,9.70999991523058,9.68999991357578,9.66999991192097,9.71999991605799,9.60999990695655,9.70999991523058,9.23999987634261,9.62999990861135,9.80999992350462,,9.51999989950991,9.56999990364693,9.63999990943876
2,24415550,A244_T_EN_H:T_EDGE_LO_VCCY_5.5000[1]/PIN7,n,S,,19.9999998784506,,,10.2499999599104,10.5799999872147,10.5599999855599,10.6599999938339,10.6599999938339,10.6699999946613,10.4999999805955,10.6799999954887,9.85999992764164,10.4799999789407,10.760000002108,,10.3999999723214,10.4099999731488,10.5299999830777
2,24415550,A244_T_EN_H:T_EDGE_LO_VCCY_5.5000[1]/PIN9,n,S,,19.9999998784506,,,10.0199999408801,10.3499999681844,10.3099999648748,10.3599999690118,10.3999999723214,10.4199999739762,10.2599999607378,10.4199999739762,9.66999991192097,10.2199999574282,10.5199999822503,,10.1499999516363,10.1599999524637,10.2799999623926
2,24415550,A244_T_EN_H:T_EDGE_LO_VCCY_5.5000[1]/PIN12,n,S,,19.9999998784506,,,10.3599999690118,10.7400000004532,10.6999999971435,10.760000002108,10.7800000037628,10.810000006245,10.6199999905243,10.8000000054176,9.98999993839789,10.6099999896969,10.8800000120368,,10.5199999822503,10.5499999847325,10.6499999930065
2,24415550,A244_T_EN_H:T_EDGE_LO_VCCY_5.5000[1]/PIN14,n,S,,19.9999998784506,,,9.63999990943876,9.87999992929645,9.84999992681423,9.84999992681423,9.83999992598683,9.85999992764164,9.7599999193676,9.83999992598683,9.35999988627145,9.78999992184981,9.96999993674308,,9.66999991192097,9.69999991440318,9.79999992267722
2,24415550,A244_T_EN_H:T_EDGE_LO_VCCY_5.5000[1]/PIN16,n,S,,19.9999998784506,,,9.58999990530174,9.81999992433202,9.79999992267722,9.79999992267722,9.78999992184981,9.82999992515943,9.71999991605799,9.80999992350462,9.33999988461665,9.73999991771279,9.88999993012385,,9.63999990943876,9.67999991274837,9.7599999193676
2,24415550,A244_T_EN_H:T_EDGE_LO_VCCY_5.5000[1]/PIN18,n,S,,19.9999998784506,,,9.55999990281953,9.80999992350462,9.79999992267722,9.79999992267722,9.77999992102241,9.80999992350462,9.72999991688539,9.80999992350462,9.28999988047963,9.72999991688539,9.88999993012385,,9.63999990943876,9.66999991192097,9.73999991771279
2,24415480,A244_T_EN_H:T_EDGE_HI_VCCY_4.5000[1]/PIN3,n,S,,19.9999998784506,,,10.8000000054176,11.0300000244479,11.0400000252753,11.0100000227931,11.0000000219657,11.0700000277575,10.9400000170012,11.0300000244479,10.5299999830777,10.960000018656,11.1700000360315,,10.8500000095546,10.8800000120368,10.960000018656
2,24415480,A244_T_EN_H:T_EDGE_HI_VCCY_4.5000[1]/PIN5,n,S,,19.9999998784506,,,10.8300000078998,11.0700000277575,11.0400000252753,11.0100000227931,10.9900000211383,11.0500000261027,10.910000014519,11.0400000252753,10.5499999847325,10.9800000203109,11.1400000335493,,10.8200000070724,10.8900000128642,10.960000018656
2,24415480,A244_T_EN_H:T_EDGE_HI_VCCY_4.5000[1]/PIN7,n,S,,19.9999998784506,,,11.5200000649907,11.8800000947772,11.850000092295,11.9400000997416,11.9300000989142,11.9700001022238,11.7700000856757,11.9600001013964,11.1000000302397,11.7700000856757,12.0600001096705,,11.6600000765743,11.6700000774017,11.800000088158
2,24415480,A244_T_EN_H:T_EDGE_HI_VCCY_4.5000[1]/PIN9,n,S,,19.9999998784506,,,11.3200000484426,11.6800000782291,11.6500000757469,11.6800000782291,11.7200000815387,11.7500000840209,11.5800000699551,11.7500000840209,10.9500000178286,11.5500000674729,11.8700000939498,,11.4500000591988,11.4600000600262,11.5800000699551
2,24415480,A244_T_EN_H:T_EDGE_HI_VCCY_4.5000[1]/PIN12,n,S,,19.9999998784506,,,11.5600000683003,11.9700001022238,11.9300000989142,11.9900001038786,12.0100001055334,12.0300001071882,11.8300000906402,12.0400001080156,11.1600000352041,11.8300000906402,12.1300001154623,,11.7200000815387,11.7600000848483,11.850000092295
2,24415480,A244_T_EN_H:T_EDGE_HI_VCCY_4.5000[1]/PIN14,n,S,,19.9999998784506,,,10.910000014519,11.1600000352041,11.1200000318945,11.1200000318945,11.0800000285849,11.1300000327219,11.0100000227931,11.0900000294123,10.6299999913517,11.0600000269301,11.2500000426508,,10.9000000136916,10.9700000194835,11.0700000277575
2,24415480,A244_T_EN_H:T_EDGE_HI_VCCY_4.5000[1]/PIN16,n,S,,19.9999998784506,,,10.7900000045902,11.0300000244479,11.0300000244479,11.0000000219657,10.9800000203109,11.0300000244479,10.910000014519,11.0100000227931,10.5399999839051,10.960000018656,11.1200000318945,,10.8400000087272,10.8700000112094,10.960000018656
2,24415480,A244_T_EN_H:T_EDGE_HI_VCCY_4.5000[1]/PIN18,n,S,,19.9999998784506,,,10.7299999996258,10.9900000211383,10.9900000211383,10.9700000194835,10.9400000170012,11.0000000219657,10.8900000128642,10.9800000203109,10.4399999756311,10.9000000136916,11.0800000285849,,10.7900000045902,10.8200000070724,10.9000000136916
2,24415560,A244_T_EN_H:T_EDGE_LO_VCCY_4.5000[1]/PIN3,n,S,,19.9999998784506,,,10.4499999764585,10.6999999971435,10.709999997971,10.6799999954887,10.6799999954887,10.7299999996258,10.6099999896969,10.6999999971435,10.1599999524637,10.6199999905243,10.8200000070724,,10.5099999814229,10.5499999847325,10.6299999913517
2,24415560,A244_T_EN_H:T_EDGE_LO_VCCY_4.5000[1]/PIN5,n,S,,19.9999998784506,,,10.4899999797681,10.7500000012806,10.7299999996258,10.709999997971,10.6899999963161,10.7400000004532,10.6099999896969,10.7299999996258,10.2099999566008,10.6499999930065,10.8200000070724,,10.5199999822503,10.5799999872147,10.6499999930065
2,24415560,A244_T_EN_H:T_EDGE_LO_VCCY_4.5000[1]/PIN7,n,S,,19.9999998784506,,,11.2300000409959,11.5900000707825,11.5600000683003,11.6500000757469,11.6500000757469,11.6800000782291,11.4900000625084,11.6800000782291,10.8000000054176,11.480000061681,11.7600000848483,,11.380000053407,11.4000000550618,11.5200000649907
2,24415560,A244_T_EN_H:T_EDGE_LO_VCCY_4.5000[1]/PIN9,n,S,,19.9999998784506,,,11.0000000219657,11.3700000525796,11.33000004927,11.3700000525796,11.4100000558892,11.4500000591988,11.2600000434782,11.4400000583714,10.6299999913517,11.2400000418234,11.5500000674729,,11.1500000343767,11.1600000352041,11.2700000443056
2,24415560,A244_T_EN_H:T_EDGE_LO_VCCY_4.5000[1]/PIN12,n,S,,19.9999998784506,,,11.33000004927,11.7500000840209,11.7100000807113,11.7700000856757,11.7900000873306,11.8100000889854,11.6100000724373,11.8100000889854,10.9300000161738,11.6000000716099,11.8900000956046,,11.5100000641633,11.5500000674729,11.6400000749195
2,24415560,A244_T_EN_H:T_EDGE_LO_VCCY_4.5000[1]/PIN14,n,S,,19.9999998784506,,,10.5999999888695,10.8800000120368,10.8400000087272,10.8400000087272,10.810000006245,10.8500000095546,10.7199999987984,10.810000006245,10.2999999640474,10.760000002108,10.960000018656,,10.6299999913517,10.6699999946613,10.7800000037628
2,24415560,A244_T_EN_H:T_EDGE_LO_VCCY_4.5000[1]/PIN16,n,S,,19.9999998784506,,,10.5299999830777,10.7900000045902,10.7800000037628,10.760000002108,10.7500000012806,10.7900000045902,10.6699999946613,10.7700000029354,10.2699999615652,10.6999999971435,10.860000010382,,10.5899999880421,10.6299999913517,10.6999999971435
2,24415560,A244_T_EN_H:T_EDGE_LO_VCCY_4.5000[1]/PIN18,n,S,,19.9999998784506,,,10.5099999814229,10.7800000037628,10.7700000029354,10.760000002108,10.7400000004532,10.7800000037628,10.6799999954887,10.7700000029354,10.2099999566008,10.6799999954887,10.860000010382,,10.5799999872147,10.6199999905243,10.6999999971435
2,24415490,A244_T_EN_H:T_EDGE_HI_VCCY_3.6000[1]/PIN3,n,S,,29.9999989294975,,,12.2000001212541,12.4800001444214,12.5100001469036,12.4600001427666,12.4500001419392,12.520000147731,12.3600001344926,12.470000143594,11.900000096432,12.3900001369748,12.6100001551777,,12.2700001270459,12.3100001303555,12.4000001378022
2,24415490,A244_T_EN_H:T_EDGE_HI_VCCY_3.6000[1]/PIN5,n,S,,29.9999989294975,,,12.2600001262185,12.5500001502132,12.5400001493858,12.520000147731,12.4900001452488,12.5500001502132,12.4000001378022,12.5500001502132,11.950000100569,12.4500001419392,12.6400001576599,,12.3100001303555,12.37000013532,12.4300001402844
2,24415490,A244_T_EN_H:T_EDGE_HI_VCCY_3.6000[1]/PIN7,n,S,,29.9999989294975,,,12.9800001857916,13.41000022137,13.3800002188877,13.4800002271618,13.4800002271618,13.5200002304714,13.2700002097863,13.510000229644,12.520000147731,13.2900002114411,13.6000002370906,,13.1600002006849,13.1900002031671,13.3100002130959
2,24415490,A244_T_EN_H:T_EDGE_HI_VCCY_3.6000[1]/PIN9,n,S,,29.9999989294975,,,12.7900001700709,13.2400002073041,13.2000002039945,13.2400002073041,13.2900002114411,13.3200002139233,13.1100001965478,13.3000002122685,12.3900001369748,13.090000194893,13.4300002230248,,12.9800001857916,12.990000186619,13.1000001957204
2,24415490,A244_T_EN_H:T_EDGE_HI_VCCY_3.6000[1]/PIN12,n,S,,29.9999989294975,,,13.0300001899286,13.5200002304714,13.4800002271618,13.5500002329536,13.560000233781,13.5900002362632,13.3500002164055,13.5800002354358,12.5900001535229,13.3700002180603,13.660000242055,,13.2300002064767,13.2900002114411,13.3800002188877
2,24415490,A244_T_EN_H:T_EDGE_HI_VCCY_3.6000[1]/PIN14,n,S,,29.9999989294975,,,12.2900001287007,12.6200001560051,12.6000001543503,12.5800001526954,12.5400001493858,12.5900001535229,12.4300001402844,12.520000147731,11.9600001013964,12.5000001460762,12.7000001626243,,12.3400001328378,12.3800001361474,12.4900001452488
2,24415490,A244_T_EN_H:T_EDGE_HI_VCCY_3.6000[1]/PIN16,n,S,,29.9999989294975,,,12.1800001195993,12.470000143594,12.4800001444214,12.4300001402844,12.420000139457,12.470000143594,12.3300001320104,12.4400001411118,11.8900000956046,12.4000001378022,12.570000151868,,12.2500001253911,12.3000001295281,12.3800001361474
2,24415490,A244_T_EN_H:T_EDGE_HI_VCCY_3.6000[1]/PIN18,n,S,,29.9999989294975,,,12.1100001138075,12.4400001411118,12.4300001402844,12.4100001386296,12.3600001344926,12.4400001411118,12.3100001303555,12.4000001378022,11.800000088158,12.3400001328378,12.520000147731,,12.2000001212541,12.2500001253911,12.320000131183
2,24415570,A244_T_EN_H:T_EDGE_LO_VCCY_3.6000[1]/PIN3,n,S,,29.9999989294975,,,11.950000100569,12.2600001262185,12.2800001278733,12.2300001237363,12.2300001237363,12.2900001287007,12.1200001146349,12.2500001253911,11.6100000724373,12.1600001179445,12.3800001361474,,12.0400001080156,12.0800001113253,12.1700001187719
2,24415570,A244_T_EN_H:T_EDGE_LO_VCCY_3.6000[1]/PIN5,n,S,,29.9999989294975,,,12.0300001071882,12.3600001344926,12.3400001328378,12.320000131183,12.2900001287007,12.3600001344926,12.1700001187719,12.3300001320104,11.6900000790565,12.2400001245637,12.4300001402844,,12.0900001121527,12.1600001179445,12.2300001237363
2,24415570,A244_T_EN_H:T_EDGE_LO_VCCY_3.6000[1]/PIN7,n,S,,29.9999989294975,,,12.7500001667613,13.1800002023397,13.1500001998575,13.2400002073041,13.2300002064767,13.2700002097863,13.040000190756,13.2600002089589,12.2700001270459,13.0500001915834,13.3400002155781,,12.940000182482,12.9500001833094,13.0800001940656
2,24415570,A244_T_EN_H:T_EDGE_LO_VCCY_3.6000[1]/PIN9,n,S,,29.9999989294975,,,12.5500001502132,12.9800001857916,12.9500001833094,12.990000186619,13.0100001882738,13.0600001924108,12.8400001742079,13.040000190756,12.1200001146349,12.8300001733805,13.1600002006849,,12.7200001642791,12.7400001659339,12.8500001750353
2,24415570,A244_T_EN_H:T_EDGE_LO_VCCY_3.6000[1]/PIN12,n,S,,29.9999989294975,,,12.8600001758628,13.3500002164055,13.3100002130959,13.3500002164055,13.3800002188877,13.4000002205426,13.1700002015123,13.4000002205426,12.4100001386296,13.1900002031671,13.4700002263344,,13.0600001924108,13.1100001965478,13.2000002039945
2,24415570,A244_T_EN_H:T_EDGE_LO_VCCY_3.6000[1]/PIN14,n,S,,29.9999989294975,,,12.0700001104979,12.420000139457,12.3800001361474,12.37000013532,12.3300001320104,12.3900001369748,12.2200001229089,12.3300001320104,11.7300000823661,12.2800001278733,12.4900001452488,,12.1300001154623,12.1800001195993,12.2800001278733
2,24415570,A244_T_EN_H:T_EDGE_LO_VCCY_3.6000[1]/PIN16,n,S,,29.9999989294975,,,11.9900001038786,12.3100001303555,12.3100001303555,12.2600001262185,12.2600001262185,12.3000001295281,12.1500001171171,12.2800001278733,11.6900000790565,12.2100001220815,12.3800001361474,,12.0600001096705,12.1200001146349,12.1900001204267
2,24415570,A244_T_EN_H:T_EDGE_LO_VCCY_3.6000[1]/PIN18,n,S,,29.9999989294975,,,11.9800001030512,12.3100001303555,12.3100001303555,12.2800001278733,12.2400001245637,12.3100001303555,12.1600001179445,12.2800001278733,11.6300000740921,12.2000001212541,12.3900001369748,,12.0800001113253,12.1100001138075,12.1900001204267
2,24415500,A244_T_EN_H:T_EDGE_HI_VCCY_3.0000[1]/PIN3,n,S,,29.9999989294975,,,13.7700002511565,14.1200002801156,14.130000280943,14.0900002776334,14.0900002776334,14.1500002825978,13.9600002668772,14.1000002784608,13.4000002205426,14.0200002718416,14.2400002900445,,13.8900002610853,13.9300002643949,14.0100002710142
2,24415500,A244_T_EN_H:T_EDGE_HI_VCCY_3.0000[1]/PIN5,n,S,,29.9999989294975,,,13.8300002561209,14.18000028508,14.1700002842526,14.1500002825978,14.130000280943,14.2000002867348,13.9900002693594,14.18000028508,13.4700002263344,14.080000276806,14.2700002925267,,13.9200002635675,13.9900002693594,14.030000272669
2,24415500,A244_T_EN_H:T_EDGE_HI_VCCY_3.0000[1]/PIN7,n,S,,29.9999989294975,,,14.6200003214858,15.1500003653382,15.1199994746776,15.2199994829516,15.2100003703026,15.2500003736122,14.9599994614391,15.2399994846064,14.080000276806,15.0100003537545,15.3100003785767,,14.8700003421709,14.8900003438257,15.0199994664035
2,24415500,A244_T_EN_H:T_EDGE_HI_VCCY_3.0000[1]/PIN9,n,S,,29.9999989294975,,,14.4300003057651,14.9700003504449,14.9300003471353,14.9599994614391,15.0100003537545,15.0500003570642,14.7900003355517,15.0300003554094,13.980000268532,14.8100003372065,15.1599994779872,,14.6700003256228,14.6900003272776,14.7800003347243
2,24415500,A244_T_EN_H:T_EDGE_HI_VCCY_3.0000[1]/PIN12,n,S,,29.9999989294975,,,14.6600003247954,15.270000375267,15.2300003719574,15.270000375267,15.279999487916,15.3199994912256,15.0199994664035,15.3199994912256,14.1700002842526,15.079999471368,15.3999994978449,,14.9199994581295,14.9799994630939,15.0399994680583
2,24415500,A244_T_EN_H:T_EDGE_HI_VCCY_3.0000[1]/PIN14,n,S,,29.9999989294975,,,13.8100002544661,14.2100002875623,14.1900002859074,14.1700002842526,14.130000280943,14.1900002859074,13.9900002693594,14.1100002792882,13.4400002238522,14.080000276806,14.2900002941815,,13.8900002610853,13.9600002668772,14.0500002743238
2,24415500,A244_T_EN_H:T_EDGE_HI_VCCY_3.0000[1]/PIN16,n,S,,29.9999989294975,,,13.7000002453647,14.080000276806,14.080000276806,14.030000272669,14.0100002710142,14.080000276806,13.8900002610853,14.030000272669,13.3800002188877,13.9900002693594,14.1500002825978,,13.8100002544661,13.8800002602579,13.9500002660498
2,24415500,A244_T_EN_H:T_EDGE_HI_VCCY_3.0000[1]/PIN18,n,S,,29.9999989294975,,,13.6800002437099,14.0600002751512,14.0600002751512,14.030000272669,13.980000268532,14.0700002759786,13.8900002610853,14.0100002710142,13.3000002122685,13.9500002660498,14.130000280943,,13.8000002536387,13.8500002577757,13.9100002627401
2,24415580,A244_T_EN_H:T_EDGE_LO_VCCY_3.0000[1]/PIN3,n,S,,29.9999989294975,,,13.610000237918,13.980000268532,14.0000002701868,13.9500002660498,13.9400002652224,14.0000002701868,13.8000002536387,13.9500002660498,13.2300002064767,13.8700002594305,14.0900002776334,,13.7200002470195,13.7800002519839,13.8500002577757
2,24415580,A244_T_EN_H:T_EDGE_LO_VCCY_3.0000[1]/PIN5,n,S,,29.9999989294975,,,13.7300002478469,14.1200002801156,14.1000002784608,14.0900002776334,14.0500002743238,14.1200002801156,13.9100002627401,14.1000002784608,13.3300002147507,14.0000002701868,14.1900002859074,,13.8300002561209,13.8900002610853,13.9500002660498
2,24415580,A244_T_EN_H:T_EDGE_LO_VCCY_3.0000[1]/PIN7,n,S,,29.9999989294975,,,14.4500003074199,14.9399994597843,14.9100003454805,14.9900003520997,14.9799994630939,15.0300003554094,14.7600003330695,15.0300003554094,13.9200002635675,14.8000003363791,15.1100003620286,,14.6700003256228,14.6900003272776,14.8200003380339
2,24415580,A244_T_EN_H:T_EDGE_LO_VCCY_3.0000[1]/PIN9,n,S,,29.9999989294975,,,14.2700002925267,14.7900003355517,14.7400003314146,14.7800003347243,14.8100003372065,14.8600003413435,14.6100003206584,14.8300003388613,13.8000002536387,14.6100003206584,14.9599994614391,,14.4900003107296,14.5100003123844,14.6100003206584
2,24415580,A244_T_EN_H:T_EDGE_LO_VCCY_3.0000[1]/PIN12,n,S,,29.9999989294975,,,14.5800003181762,15.1500003653382,15.0999994730228,15.1500003653382,15.1500003653382,15.1900003686478,14.9100003454805,15.179999479642,14.080000276806,14.9700003504449,15.2500003736122,,14.8100003372065,14.8700003421709,14.9500003487901
2,24415580,A244_T_EN_H:T_EDGE_LO_VCCY_3.0000[1]/PIN14,n,S,,29.9999989294975,,,13.7200002470195,14.1500002825978,14.1200002801156,14.1000002784608,14.0600002751512,14.130000280943,13.9100002627401,14.0400002734964,13.3200002139233,14.0100002710142,14.2200002883897,,13.8200002552935,13.8800002602579,13.980000268532
2,24415580,A244_T_EN_H:T_EDGE_LO_VCCY_3.0000[1]/PIN16,n,S,,29.9999989294975,,,13.6200002387454,14.0200002718416,14.0200002718416,13.9600002668772,13.9500002660498,14.0100002710142,13.8100002544661,13.9600002668772,13.2700002097863,13.9000002619127,14.080000276806,,13.7300002478469,13.8000002536387,13.8700002594305
2,24415580,A244_T_EN_H:T_EDGE_LO_VCCY_3.0000[1]/PIN18,n,S,,29.9999989294975,,,13.6000002370906,14.030000272669,14.0200002718416,13.980000268532,13.9300002643949,14.0000002701868,13.8200002552935,13.9600002668772,13.2200002056493,13.8900002610853,14.080000276806,,13.7500002495017,13.7900002528113,13.8500002577757
2,24415510,A244_T_EN_H:T_EDGE_HI_VCCY_2.7000[1]/PIN3,n,S,,35.9999994259397,,,14.8800003429983,15.270000375267,15.3100003785767,15.2599994862612,15.2500003736122,15.3300003802315,15.0999994730228,15.2599994862612,14.4800003099022,15.179999479642,15.3999994978449,,15.0300003554094,15.0900003603738,15.1399994763324
2,24415510,A244_T_EN_H:T_EDGE_HI_VCCY_2.7000[1]/PIN5,n,S,,35.9999994259397,,,14.9700003504449,15.3900003851959,15.3500003818863,15.3500003818863,15.3100003785767,15.3999994978449,15.1500003653382,15.3599994945353,14.5600003165214,15.2599994862612,15.4500003901603,,15.0999994730228,15.1599994779872,15.1999994812968
2,24415510,A244_T_EN_H:T_EDGE_HI_VCCY_2.7000[1]/PIN7,n,S,,35.9999994259397,,,15.8199995325958,16.4100004695911,16.3700004662815,16.4900004762103,16.4599995855497,16.5100004778651,16.1900004513882,16.5100004778651,15.2500003736122,16.2500004563526,16.5700004828295,,16.110000444769,16.1399995590727,16.2599995690016
2,24415510,A244_T_EN_H:T_EDGE_HI_VCCY_2.7000[1]/PIN9,n,S,,35.9999994259397,,,15.6399995177026,16.2399995673468,16.1900004513882,16.2300004546978,16.2900004596622,16.319999573966,16.0399995507987,16.2900004596622,15.1599994779872,16.0700004414593,16.4199995822401,,15.9199995408699,15.9500004315305,16.0300004381497
2,24415510,A244_T_EN_H:T_EDGE_HI_VCCY_2.7000[1]/PIN12,n,S,,35.9999994259397,,,15.8900004265661,16.5500004811747,16.4999995888593,16.5500004811747,16.5700004828295,16.5999995971333,16.2799995706564,16.5900004844843,15.3300003802315,16.3599995772756,16.6500004894488,,16.1799995623824,16.2599995690016,16.310000461317
2,24415510,A244_T_EN_H:T_EDGE_HI_VCCY_2.7000[1]/PIN14,n,S,,35.9999994259397,,,14.8900003438257,15.3900003851959,15.3500003818863,15.3500003818863,15.2900003769219,15.3700003835411,15.1199994746776,15.270000375267,14.500000311557,15.2300003719574,15.4700003918151,,15.0399994680583,15.1100003620286,15.1900003686478
2,24415510,A244_T_EN_H:T_EDGE_HI_VCCY_2.7000[1]/PIN16,n,S,,35.9999994259397,,,14.8000003363791,15.2399994846064,15.2399994846064,15.179999479642,15.170000366993,15.2399994846064,15.0100003537545,15.1900003686478,14.4500003074199,15.1300003636834,15.3199994912256,,14.9500003487901,15.0300003554094,15.079999471368
2,24415510,A244_T_EN_H:T_EDGE_HI_VCCY_2.7000[1]/PIN18,n,S,,35.9999994259397,,,14.7700003338969,15.2199994829516,15.2199994829516,15.179999479642,15.1199994746776,15.1999994812968,15.0199994664035,15.1500003653382,14.3700003008007,15.0900003603738,15.270000375267,,14.9399994597843,14.9900003520997,15.0399994680583
2,24415590,A244_T_EN_H:T_EDGE_LO_VCCY_2.7000[1]/PIN3,n,S,,35.9999994259397,,,14.8300003388613,15.2599994862612,15.2900003769219,15.2300003719574,15.2300003719574,15.2900003769219,15.0500003570642,15.2199994829516,14.4100003041103,15.1399994763324,15.3700003835411,,14.9900003520997,15.0399994680583,15.1199994746776
2,24415590,A244_T_EN_H:T_EDGE_LO_VCCY_2.7000[1]/PIN5,n,S,,35.9999994259397,,,14.9399994597843,15.3999994978449,15.3799994961901,15.3500003818863,15.3199994912256,15.3900003851959,15.1500003653382,15.3700003835411,14.5300003140392,15.2500003736122,15.4500003901603,,15.079999471368,15.1500003653382,15.2100003703026
2,24415590,A244_T_EN_H:T_EDGE_LO_VCCY_2.7000[1]/PIN7,n,S,,35.9999994259397,,,15.7100004116728,16.2700004580074,16.2300004546978,16.319999573966,16.2999995723112,16.3500004646266,16.0399995507987,16.3399995756208,15.1199994746776,16.1199995574179,16.4199995822401,,15.9500004315305,15.9900004348401,16.0999995557631
2,24415590,A244_T_EN_H:T_EDGE_LO_VCCY_2.7000[1]/PIN9,n,S,,35.9999994259397,,,15.5300003967795,16.110000444769,16.0599995524535,16.0900004431141,16.1199995574179,16.1799995623824,15.8999995392151,16.1399995590727,15.0399994680583,15.9199995408699,16.2599995690016,,15.7700004166372,15.8199995325958,15.8999995392151
2,24415590,A244_T_EN_H:T_EDGE_LO_VCCY_2.7000[1]/PIN12,n,S,,35.9999994259397,,,15.8399995342506,16.4900004762103,16.4500004729007,16.4799995872045,16.4900004762103,16.5300004795199,16.1999995640372,16.5199995905141,15.2900003769219,16.2900004596622,16.5799995954785,,16.110000444769,16.1799995623824,16.2399995673468
2,24415590,A244_T_EN_H:T_EDGE_LO_VCCY_2.7000[1]/PIN14,n,S,,35.9999994259397,,,14.9300003471353,15.4300003885055,15.3900003851959,15.3799994961901,15.3300003802315,15.3999994978449,15.1500003653382,15.3100003785767,14.500000311557,15.2599994862612,15.4999995061189,,15.070000358719,15.1300003636834,15.2199994829516
2,24415590,A244_T_EN_H:T_EDGE_LO_VCCY_2.7000[1]/PIN16,n,S,,35.9999994259397,,,14.8300003388613,15.2999994895708,15.2999994895708,15.2300003719574,15.2199994829516,15.279999487916,15.0599994697131,15.2199994829516,14.4500003074199,15.170000366993,15.3399994928805,,14.9799994630939,15.0599994697131,15.1100003620286
2,24415590,A244_T_EN_H:T_EDGE_LO_VCCY_2.7000[1]/PIN18,n,S,,35.9999994259397,,,14.8500003405161,15.3300003802315,15.3399994928805,15.279999487916,15.2300003719574,15.2999994895708,15.0999994730228,15.2399994846064,14.4100003041103,15.179999479642,15.3799994961901,,15.0399994680583,15.0900003603738,15.1399994763324
2,24415520,A244_T_EN_H:T_EDGE_HI_VCCY_2.3000[1]/PIN3,n,S,,35.9999994259397,,,17.0700005241997,17.6300005705343,17.6500005721891,17.5999996798737,17.6100005688795,17.6700005738439,17.3700005490218,17.6100005688795,16.6199995987881,17.5199996732545,17.7399996914573,,17.3300005457122,17.3999996633256,17.4399996666352
2,24415520,A244_T_EN_H:T_EDGE_HI_VCCY_2.3000[1]/PIN5,n,S,,35.9999994259397,,,17.1799996451227,17.7399996914573,17.6999996881477,17.7199996898025,17.6599996848381,17.7599996931121,17.4500005556411,17.7199996898025,16.730000496068,17.5999996798737,17.7900005837728,,17.4100005523314,17.4799996699448,17.4999996715997
2,24415520,A244_T_EN_H:T_EDGE_HI_VCCY_2.3000[1]/PIN7,n,S,,35.9999994259397,,,18.2700006234882,19.010000684716,18.9700006814064,19.0900006913353,19.0599998006746,19.1100006929901,18.7199997725429,19.1199998056391,17.5799996782189,18.8500006714776,19.1500006962997,,18.6799997692333,18.7199997725429,18.810000668168
2,24415520,A244_T_EN_H:T_EDGE_HI_VCCY_2.3000[1]/PIN9,n,S,,35.9999994259397,,,18.0599997179343,18.8300006698228,18.7900006665132,18.7999997791621,18.8700006731324,18.9300006780968,18.5700006483103,18.8700006731324,17.5199996732545,18.6399997659237,18.9999997957102,,18.4700006400362,18.5100006433458,18.5399997576496
2,24415520,A244_T_EN_H:T_EDGE_HI_VCCY_2.3000[1]/PIN12,n,S,,35.9999994259397,,,18.3399997411016,19.1900006996093,19.1500006962997,19.1900006996093,19.1999998122583,19.2300007029189,18.7999997791621,19.2300007029189,17.6900005754987,18.9799997940554,19.2700007062285,,18.7300006615487,18.8399997824718,18.8399997824718
2,24415520,A244_T_EN_H:T_EDGE_HI_VCCY_2.3000[1]/PIN14,n,S,,35.9999994259397,,,17.0900005258545,17.7300005788084,17.6900005754987,17.6900005754987,17.6199996815285,17.7100005771536,17.3799996616708,17.5700005655699,16.6399996004429,17.5500005639151,17.779999694767,,17.3100005440574,17.3999996633256,17.4700005572959
2,24415520,A244_T_EN_H:T_EDGE_HI_VCCY_2.3000[1]/PIN16,n,S,,35.9999994259397,,,16.9900005175805,17.5700005655699,17.5799996782189,17.5100005606055,17.4900005589507,17.5599996765641,17.259999651742,17.4900005589507,16.5900004844843,17.45999966829,17.6300005705343,,17.2300005374382,17.3300005457122,17.359999660016
2,24415520,A244_T_EN_H:T_EDGE_HI_VCCY_2.3000[1]/PIN18,n,S,,35.9999994259397,,,16.9799996285747,17.5799996782189,17.5799996782189,17.5199996732545,17.4700005572959,17.5599996765641,17.3199996567064,17.4900005589507,16.5100004778651,17.4300005539862,17.6399996831833,,17.250000539093,17.3100005440574,17.3300005457122
2,24415600,A244_T_EN_H:T_EDGE_LO_VCCY_2.3000[1]/PIN3,n,S,,35.9999994259397,,,17.3300005457122,17.8999997046958,17.9300005953564,17.8599997013862,17.8599997013862,17.9199997063506,17.5999996798737,17.8300005870824,16.8100005026872,17.7500005804632,17.9900006003209,,17.5500005639151,17.6300005705343,17.6900005754987
2,24415600,A244_T_EN_H:T_EDGE_LO_VCCY_2.3000[1]/PIN5,n,S,,35.9999994259397,,,17.4799996699448,18.0399997162795,18.0300006036305,18.0100006019757,17.9599997096602,18.0500006052853,17.7300005788084,17.9999997129698,16.9700005159257,17.8900005920468,18.0900006085949,,17.6799996864929,17.7399996914573,17.8100005854276
2,24415600,A244_T_EN_H:T_EDGE_LO_VCCY_2.3000[1]/PIN7,n,S,,35.9999994259397,,,18.390000633417,19.1100006929901,19.0700006896805,19.1399998072939,19.0999998039842,19.1700006979545,18.810000668168,19.1399998072939,17.6500005721891,18.9300006780968,19.2300007029189,,18.7100006598939,18.7500006632035,18.8700006731324
2,24415600,A244_T_EN_H:T_EDGE_LO_VCCY_2.3000[1]/PIN9,n,S,,35.9999994259397,,,18.1900006168689,18.919999789091,18.8799997857814,18.8700006731324,18.8999997874362,18.9599997924006,18.6300006532747,18.8999997874362,17.5799996782189,18.6999997708881,19.0300006863708,,18.490000641691,18.5500006466555,18.6300006532747
2,24415600,A244_T_EN_H:T_EDGE_LO_VCCY_2.3000[1]/PIN12,n,S,,35.9999994259397,,,18.6300006532747,19.4199998304612,19.3900007161574,19.3700007145026,19.3500007128478,19.3999998288064,19.019999797365,19.3900007161574,17.9199997063506,19.1900006996093,19.439999832116,,18.9500006797516,19.0500006880256,19.0799998023294
2,24415600,A244_T_EN_H:T_EDGE_LO_VCCY_2.3000[1]/PIN14,n,S,,35.9999994259397,,,17.4399996666352,18.1100006102497,18.0599997179343,18.0500006052853,17.970000598666,18.0599997179343,17.7199996898025,17.9399997080054,16.8799996203006,17.8900005920468,18.1300006119045,,17.6500005721891,17.7199996898025,17.8199996980766
2,24415600,A244_T_EN_H:T_EDGE_LO_VCCY_2.3000[1]/PIN16,n,S,,35.9999994259397,,,17.3199996567064,17.9599997096602,17.9500005970112,17.8599997013862,17.8300005870824,17.8999997046958,17.6100005688795,17.8300005870824,16.839999616991,17.779999694767,17.9599997096602,,17.5300005622603,17.6300005705343,17.6799996864929
2,24415600,A244_T_EN_H:T_EDGE_LO_VCCY_2.3000[1]/PIN18,n,S,,35.9999994259397,,,17.3700005490218,17.979999711315,17.9900006003209,17.9100005937016,17.8900005920468,17.9399997080054,17.6700005738439,17.8599997013862,16.830000504342,17.8199996980766,17.9900006003209,,17.5999996798737,17.6700005738439,17.7100005771536
2,24415530,A244_T_EN_H:T_EDGE_HI_VCCY_1.9500[1]/PIN3,n,S,,48.0000004188241,,,20.5100008088266,21.5499991185197,21.6400000141448,21.5499991185197,21.5400000058708,21.62000001249,20.999999961191,21.5099991152101,19.959999875141,21.3900008816381,21.6499991267938,,21.0599999661554,21.2500008700545,21.1599999744294
2,24415530,A244_T_EN_H:T_EDGE_HI_VCCY_1.9500[1]/PIN5,n,S,,48.0000004188241,,,20.6300008187554,21.7600000240736,21.6800000174544,21.6899991301034,21.5899991218294,21.729999133413,21.090000856816,21.6800000174544,20.1100007757304,21.5400000058708,21.6499991267938,,21.1599999744294,21.3700008799833,21.199999977739
2,24415530,A244_T_EN_H:T_EDGE_HI_VCCY_1.9500[1]/PIN7,n,S,,48.0000004188241,,,22.2800000670986,23.5200001696967,23.5099992806909,23.5800001746611,23.5400001713515,23.5699992856553,23.0000001266717,23.5600001730063,21.3399999893227,23.3499992674524,23.5800001746611,,23.0699992442851,23.2000001432198,23.1099992475947
2,24415530,A244_T_EN_H:T_EDGE_HI_VCCY_1.9500[1]/PIN9,n,S,,48.0000004188241,,,21.9699991532707,23.2200001448746,23.1499992509043,23.1099992475947,23.2099992558688,23.2600001481842,22.7400001051592,23.1600001399102,21.2799999843583,23.0099992393207,23.2699992608332,,22.7299992161534,22.8200001117784,22.669999211189
2,24415530,A244_T_EN_H:T_EDGE_HI_VCCY_1.9500[1]/PIN12,n,S,,48.0000004188241,,,22.4200000786823,23.8200001945188,23.7899993038582,23.7600001895544,23.7600001895544,23.7800001912092,23.1499992509043,23.7400001878996,21.5299991168649,23.6099992889649,23.7800001912092,,23.2099992558688,23.4299992740716,23.2000001432198
2,24415530,A244_T_EN_H:T_EDGE_HI_VCCY_1.9500[1]/PIN14,n,S,,48.0000004188241,,,20.5100008088266,21.4800000009063,21.3999999942871,21.4100008832929,21.2599999827034,21.3900008816381,20.9199999545717,21.1799999760842,19.9199998718314,21.2399999810486,21.4599999992515,,20.9100008419227,21.0700008551612,21.0500008535064
2,24415530,A244_T_EN_H:T_EDGE_HI_VCCY_1.9500[1]/PIN16,n,S,,48.0000004188241,,,20.3500007955881,21.3399999893227,21.3799999926323,21.1700008634352,21.1700008634352,21.2399999810486,20.7599999413333,21.1300008601256,19.9100007591824,21.1799999760842,21.3199999876679,,20.7799999429881,20.9799999595361,20.9199999545717
2,24415530,A244_T_EN_H:T_EDGE_HI_VCCY_1.9500[1]/PIN18,n,S,,48.0000004188241,,,20.4100008005526,21.4300008849477,21.4800000009063,21.3199999876679,21.2100008667448,21.3700008799833,20.9399999562265,21.19000086509,19.8399998652121,21.2199999793938,21.3900008816381,,20.9100008419227,21.0599999661554,20.9500008452324
2,24415610,A244_T_EN_H:T_EDGE_LO_VCCY_1.9500[1]/PIN3,n,S,,48.0000004188241,,,21.9299991499611,23.9299993154418,24.1400002209957,23.4299992740716,23.4400001630775,23.4899992790361,22.1699991698188,22.8000001101236,21.2199999793938,23.3200001531486,23.5400001713515,,22.0899991631995,22.3600000737179,22.7299992161534
2,24415610,A244_T_EN_H:T_EDGE_LO_VCCY_1.9500[1]/PIN5,n,S,,48.0000004188241,,,22.9000001183977,24.420000244163,24.5699993683957,24.1299993319899,23.9400002044476,24.1200002193409,23.3499992674524,23.7899993038582,21.5899991218294,24.0699993270255,24.1099993303351,,23.2200001448746,23.4299992740716,23.6800001829351
2,24415610,A244_T_EN_H:T_EDGE_LO_VCCY_1.9500[1]/PIN7,n,S,,48.0000004188241,,,23.6499992922745,24.7499993832889,24.6899993783245,24.6099993717053,24.5000002507823,24.6499993750149,24.1200002193409,24.5400002540919,22.5400000886111,24.4400002458178,24.6800002656755,,24.0200002110669,24.1000002176861,24.2099993386091
2,24415610,A244_T_EN_H:T_EDGE_LO_VCCY_1.9500[1]/PIN9,n,S,,48.0000004188241,,,23.3200001531486,24.529999365086,24.5600002557467,24.2499993419187,24.2600002309246,24.3499993501928,23.7899993038582,24.2099993386091,22.2600000654438,24.0800002160313,24.3499993501928,,23.70000018459,23.7899993038582,23.8600001978284
2,24415610,A244_T_EN_H:T_EDGE_LO_VCCY_1.9500[1]/PIN12,n,S,,48.0000004188241,,,24.0299993237159,25.5200003351774,25.5499994494812,25.1299994147303,25.0299994064562,25.2099994213495,24.4800002491274,24.9800002904976,22.9400001217073,24.9699994014918,25.2699994263139,,24.4499993584668,24.6899993783245,24.6499993750149
2,24415610,A244_T_EN_H:T_EDGE_LO_VCCY_1.9500[1]/PIN14,n,S,,48.0000004188241,,,22.9699992360111,24.5800002574015,24.6200002607111,24.2499993419187,23.9800002077573,24.2400002292698,23.4400001630775,23.6400001796255,21.9499991516159,24.0299993237159,24.2099993386091,,23.3200001531486,23.5400001713515,23.6499992922745
2,24415610,A244_T_EN_H:T_EDGE_LO_VCCY_1.9500[1]/PIN16,n,S,,48.0000004188241,,,22.5800000919207,24.4099993551572,24.329999348538,24.0000002094121,23.7099992972389,23.9299993154418,23.4000001597678,23.6000001763159,21.5200000042159,24.0000002094121,23.9899993204062,,23.0000001266717,23.3600001564582,23.4099992724168
2,24415610,A244_T_EN_H:T_EDGE_LO_VCCY_1.9500[1]/PIN18,n,S,,48.0000004188241,,,22.7299992161534,24.5600002557467,24.5600002557467,24.1600002226505,24.009999322061,24.1299993319899,23.4800001663871,23.7699993022034,21.5499991185197,24.1600002226505,24.0400002127217,,23.2299992575236,23.5000001680419,23.5899992873101
2,24415540,A244_T_EN_H:T_EDGE_HI_VCCY_1.6500[1]/PIN3,n,S,,48.0000004188241,,,29.9599989261878,31.399999045334,31.4600008266552,31.3500017057322,31.3500017057322,31.4099999343398,30.6200007571533,31.3000008134168,29.2600006446264,31.2200008067975,31.2799990354051,,30.8200007737014,31.0399990155474,30.769999881386
2,24415540,A244_T_EN_H:T_EDGE_HI_VCCY_1.6500[1]/PIN5,n,S,,48.0000004188241,,,30.0399989328071,31.5500017222803,31.5000008299648,31.5000008299648,31.4300017123514,31.5199990552628,30.769999881386,31.4200008233456,29.3400006512456,31.3599990420244,31.3900017090418,,30.9500016726361,31.2200008067975,30.9000007803206
2,24415540,A244_T_EN_H:T_EDGE_HI_VCCY_1.6500[1]/PIN7,n,S,,48.0000004188241,,,30.1800007207476,31.8899999740552,31.8300017454476,31.8600008597514,31.7999990784301,31.8700017487572,31.1100016858745,31.7999990784301,29.4200006578649,31.7199990718109,31.7999990784301,,31.3299999277206,31.599999061882,31.2600008101072
2,24415540,A244_T_EN_H:T_EDGE_HI_VCCY_1.6500[1]/PIN9,n,S,,48.0000004188241,,,30.2799989526648,31.8899999740552,31.8600008597514,31.7800008531322,31.7800008531322,31.8600008597514,31.1299999111725,31.7699999641263,29.4000006562101,31.7299999608167,31.790001742138,,31.3599990420244,31.5199990552628,31.2399990320955
2,24415540,A244_T_EN_H:T_EDGE_HI_VCCY_1.6500[1]/PIN12,n,S,,48.0000004188241,,,30.4099998515994,32.2100000005321,32.2299982258301,32.1900017752341,32.1500017719245,32.1999991115263,31.3500017057322,32.1100017686149,29.6699997903715,32.0899999906032,32.1100017686149,,31.6200008398937,31.9100017520668,31.5400008332745
2,24415540,A244_T_EN_H:T_EDGE_HI_VCCY_1.6500[1]/PIN14,n,S,,48.0000004188241,,,29.6800006793774,31.4600008266552,31.4300017123514,31.399999045334,31.3599990420244,31.4499999376494,30.5900016428495,31.2499999211013,28.9899997341081,31.2499999211013,31.4099999343398,,30.9100016693264,31.1400008001783,30.8200007737014
2,24415540,A244_T_EN_H:T_EDGE_HI_VCCY_1.6500[1]/PIN16,n,S,,48.0000004188241,,,29.5800006711033,31.399999045334,31.3699999310302,31.2499999211013,31.3299999277206,31.3400008167264,30.5100016362303,31.2099999177917,28.9699997324533,31.2200008067975,31.2899999244109,,30.7800007703918,31.1100016858745,30.6600007604629
2,24415540,A244_T_EN_H:T_EDGE_HI_VCCY_1.6500[1]/PIN18,n,S,,48.0000004188241,,,29.5400006677937,31.1800008034879,31.2099999177917,31.0700016825649,31.0899999078629,31.1800008034879,30.3900016263015,30.9900016759457,28.9000006148399,31.0499999045533,31.0700016825649,,30.5999989791417,30.8700016660168,30.5100016362303
2,24415620,A244_T_EN_H:T_EDGE_LO_VCCY_1.6500[1]/PIN3,n,S,,48.0000004188241,,,40.9300007220281,42.1499990466145,42.1700008246262,42.0500008146973,42.0299990366857,42.0799999290011,41.4299989870415,41.8200016838455,40.1400015448417,41.9099990267569,41.9700008080781,,41.5300007716723,41.679999895905,41.6399998925954
2,24415620,A244_T_EN_H:T_EDGE_LO_VCCY_1.6500[1]/PIN5,n,S,,48.0000004188241,,,41.3599998694281,42.5899990830203,42.6100008610319,42.5199999654069,42.3999999554781,42.5300008544127,41.8799999124531,42.3400017268705,40.5899989175396,42.4100008444839,42.3400017268705,,41.9800016970839,42.1000017070128,42.0399999256915
2,24415620,A244_T_EN_H:T_EDGE_LO_VCCY_1.6500[1]/PIN7,n,S,,48.0000004188241,,,43.0000000051223,44.2500009967262,44.1899992154049,44.3200001143396,44.1899992154049,44.2800001110299,43.6999982866837,44.1700009901069,41.8900008014589,44.0299992021664,44.1600001011011,,43.7499991789991,43.7799982933029,43.8299991856184
2,24415620,A244_T_EN_H:T_EDGE_LO_VCCY_1.6500[1]/PIN9,n,S,,48.0000004188241,,,42.5000017401089,43.8900009669396,43.8299991856184,43.760000068005,43.7799982933029,43.8400000746242,43.2599982502779,43.6800000613857,41.5800016639878,43.5700009404627,43.7300009537012,,43.24000002498,43.3399982568972,43.3099991425934
2,24415620,A244_T_EN_H:T_EDGE_LO_VCCY_1.6500[1]/PIN12,n,S,,48.0000004188241,,,43.2800000282896,44.7300010364415,44.6999983694241,44.5799983594952,44.589999248501,44.589999248501,43.9499991955472,44.5499992451914,42.290000834555,44.3799983429471,44.4599983495664,,43.9899991988568,44.1499992120953,44.0299992021664
2,24415620,A244_T_EN_H:T_EDGE_LO_VCCY_1.6500[1]/PIN14,n,S,,48.0000004188241,,,41.9000016904647,43.24000002498,43.2100009106762,43.0999982370395,42.919999998503,43.0500008974377,42.4299990697818,42.6699990896395,41.0299989539453,42.8600017698955,42.9799982271106,,42.5199999654069,42.6100008610319,42.6100008610319
2,24415620,A244_T_EN_H:T_EDGE_LO_VCCY_1.6500[1]/PIN16,n,S,,48.0000004188241,,,41.1999998561896,42.5400017434185,42.5599999687165,42.3499990631626,42.2799999455492,42.3400017268705,41.789999016828,42.1499990466145,40.5000015746282,42.2600017202512,42.2699990565434,,41.8299990201376,41.9800016970839,41.9599999190723
2,24415620,A244_T_EN_H:T_EDGE_LO_VCCY_1.6500[1]/PIN18,n,S,,48.0000004188241,,,41.3099989771126,42.6900008676512,42.719999981955,42.5000017401089,42.4200017334897,42.5000017401089,42.0100008113877,42.2500008312454,40.4699989076107,42.4100008444839,42.4100008444839,,42.0100008113877,42.1400017103224,42.0500008146973
2,24419786,A244_T_EN_H:T_EDGE_HI_VCCY_1.4000[1]/PIN3,n,S,,61.9999980244756,,,46.9499994437683,48.8999987169336,48.8999987169336,48.9300013839511,48.9899996125587,48.9300013839511,48.0500013111396,48.8999987169336,46.059998481951,48.840000488326,48.6800004750876,,48.5300013508549,48.7799987070048,48.3099995562952
2,24419786,A244_T_EN_H:T_EDGE_HI_VCCY_1.4000[1]/PIN5,n,S,,61.9999980244756,,,47.3399985878586,49.4299996489644,49.2900014137376,49.4800005412799,49.360000531351,49.4999987665778,48.5200004618491,49.379998756649,46.669999420601,49.2800005247318,49.0599987301721,,49.0100013905703,49.2400005214222,48.640000471778
2,24419786,A244_T_EN_H:T_EDGE_HI_VCCY_1.4000[1]/PIN7,n,S,,61.9999980244756,,,49.2299996324164,51.349999807826,51.2400006869029,51.4699998177548,51.4199989254394,51.3700015858376,50.4999988493182,51.3899998111356,48.2699995529856,51.1799989055817,51.1200006769741,,50.9499997747298,51.1399989022721,50.7099997548721
2,24419786,A244_T_EN_H:T_EDGE_HI_VCCY_1.4000[1]/PIN9,n,S,,61.9999980244756,,,48.8699996026298,51.0999988989624,51.0699997846586,51.1399989022721,51.2000006835933,51.1899997945875,50.3300014997876,50.9799988890336,48.0500013111396,50.9899997780394,50.9099997714202,,50.6699997515625,50.8500015428126,50.290001496478
2,24419786,A244_T_EN_H:T_EDGE_HI_VCCY_1.4000[1]/PIN12,n,S,,61.9999980244756,,,49.3099996390356,51.6199989419874,51.6199989419874,51.6299998309933,51.659998945297,51.6100016056953,50.6000006339491,51.5899998276836,48.4299995662241,51.4900015957664,51.349999807826,,51.029999781349,51.330001582528,50.6900015295741
2,24419786,A244_T_EN_H:T_EDGE_HI_VCCY_1.4000[1]/PIN14,n,S,,61.9999980244756,,,47.1600003493222,49.6199987765067,49.5300014335953,49.5799987731971,49.3499996423452,49.4100014236665,48.5200004618491,49.0900013971896,46.3899993974337,49.360000531351,49.2900014137376,,48.9399987202432,49.1499996257971,48.7200004783972
2,24419786,A244_T_EN_H:T_EDGE_HI_VCCY_1.4000[1]/PIN16,n,S,,61.9999980244756,,,46.650001195303,48.8999987169336,48.8900013806415,48.7200004783972,48.8199987103144,48.7399987036952,47.9300013012107,48.5799986904567,46.0299993676472,48.8299995993202,48.5899995794625,,48.3099995562952,48.7200004783972,48.1600004320626
2,24419786,A244_T_EN_H:T_EDGE_HI_VCCY_1.4000[1]/PIN18,n,S,,61.9999980244756,,,46.7399985382144,48.9700013872607,49.0100013905703,48.8699996026298,48.7899995960106,48.9099996059394,48.0900013144492,48.6500013607838,45.9200002467242,48.8500013773319,48.6500013607838,,48.4800004585395,48.6699995860818,48.0800004254434
2,24419788,A244_T_EN_H:T_EDGE_LO_VCCY_1.4000[1]/PIN3,n,S,,61.9999980244756,,,53.4800008722414,56.2400011006048,56.5200011237721,55.819999289497,55.8099984004912,55.4700001487163,54.3299982780354,54.4599991769701,51.9099998541606,55.7500001718836,54.5399991835893,,54.9799992199951,55.1299983442277,54.9200009913875
2,24419788,A244_T_EN_H:T_EDGE_LO_VCCY_1.4000[1]/PIN5,n,S,,61.9999980244756,,,54.040000918576,57.0000011634875,57.1699985130181,56.6000011303913,56.1799993192835,56.0999993126643,55.0400010013163,55.2499983541566,52.3499998905663,56.4599993424508,55.1799992365432,,55.409998367395,55.7500001718836,55.299999246472
2,24419788,A244_T_EN_H:T_EDGE_LO_VCCY_1.4000[1]/PIN7,n,S,,61.9999980244756,,,55.1699983475373,58.2099985990681,57.9299985759008,57.8700003472932,57.470000314197,57.5100003175066,56.8800011535586,57.2599994086431,53.2999990809913,57.6199994384297,56.859999375547,,56.8999993788566,56.9399993821662,56.9299984931604
2,24419788,A244_T_EN_H:T_EDGE_LO_VCCY_1.4000[1]/PIN9,n,S,,61.9999980244756,,,54.4599991769701,57.57999943512,57.7299985593527,57.0099984997796,56.950000271172,56.859999375547,55.8099984004912,56.3600011105336,52.7200008093587,56.8800011535586,56.1699984302777,,56.320001107224,56.4599993424508,56.0099984170392
2,24419788,A244_T_EN_H:T_EDGE_LO_VCCY_1.4000[1]/PIN12,n,S,,61.9999980244756,,,56.96999849647,61.1300023933836,61.2299970725871,60.1099969799179,59.7599978391372,59.5600013753028,58.3399994980027,59.04999866857,54.2800009384337,59.8800014017797,58.7200013058009,,58.9699986619507,59.4300004763681,58.5900004068662
2,24419788,A244_T_EN_H:T_EDGE_LO_VCCY_1.4000[1]/PIN14,n,S,,61.9999980244756,,,54.4599991769701,58.1399994814547,58.2800012693951,57.6499985527335,57.1500002877201,57.2499985196373,55.8800010708183,56.1699984302777,52.5099999038048,57.4400011998932,56.230000211599,,56.7799993689277,56.6300002446951,56.2400011006048
2,24419788,A244_T_EN_H:T_EDGE_LO_VCCY_1.4000[1]/PIN16,n,S,,61.9999980244756,,,54.1900000428086,58.6999995277893,58.7900004234143,57.7399994483585,57.3699985295661,56.950000271172,56.1699984302777,55.92999841042,52.5799990214182,57.8000012296798,56.230000211599,,56.4599993424508,56.4700002314567,56.1900002082893
2,24419788,A244_T_EN_H:T_EDGE_LO_VCCY_1.4000[1]/PIN18,n,S,,61.9999980244756,,,53.9100000196413,57.7500003373643,57.7799994516681,57.0499985030892,56.6700002480047,56.6300002446951,55.5799992696393,55.5299983773239,52.4699999004952,57.2300002943393,55.6099983839431,,55.8499984038008,56.1600010939856,55.5500001553355
2,24415630,A244_T_DIS_H:T_EDGE_HI_VCCY_5.5000[1]/PIN12,n,S,,19.9999998784506,,,10.3999999723214,10.860000010382,10.8500000095546,10.9500000178286,10.960000018656,11.0200000236205,10.7700000029354,11.0100000227931,9.97999993757048,10.7400000004532,11.0900000294123,,10.6999999971435,10.6699999946613,10.8000000054176
2,24415630,A244_T_DIS_H:T_EDGE_HI_VCCY_5.5000[1]/PIN14,n,S,,19.9999998784506,,,9.14999986889597,9.40999989040847,9.39999988958107,9.40999989040847,9.38999988875366,9.43999989289068,9.30999988213443,9.43999989289068,8.87999984655607,9.32999988378924,9.52999990033732,,9.25999987799742,9.26999987882482,9.34999988544405
2,24415630,A244_T_DIS_H:T_EDGE_HI_VCCY_5.5000[1]/PIN16,n,S,,19.9999998784506,,,9.18999987220559,9.40999989040847,9.42999989206328,9.41999989123588,9.42999989206328,9.46999989537289,9.31999988296184,9.42999989206328,8.88999984738348,9.33999988461665,9.52999990033732,,9.24999987717001,9.27999987965222,9.37999988792626
2,24415630,A244_T_DIS_H:T_EDGE_HI_VCCY_5.5000[1]/PIN18,n,S,,19.9999998784506,,,9.19999987303299,9.44999989371809,9.40999989040847,9.45999989454549,9.46999989537289,9.4999998978551,9.35999988627145,9.4899998970277,8.91999984986569,9.33999988461665,9.56999990364693,,9.27999987965222,9.28999988047963,9.37999988792626
2,24415630,A244_T_DIS_H:T_EDGE_HI_VCCY_5.5000[1]/PIN3,n,S,,19.9999998784506,,,9.11999986641376,9.32999988378924,9.30999988213443,9.36999988709886,9.38999988875366,9.43999989289068,9.25999987799742,9.40999989040847,8.80999984076425,9.25999987799742,9.46999989537289,,9.15999986972338,9.2099998738604,9.29999988130703
2,24415630,A244_T_DIS_H:T_EDGE_HI_VCCY_5.5000[1]/PIN5,n,S,,19.9999998784506,,,8.98999985565752,9.24999987717001,9.23999987634261,9.24999987717001,9.26999987882482,9.28999988047963,9.18999987220559,9.26999987882482,8.69999983166281,9.18999987220559,9.37999988792626,,9.08999986393155,9.12999986724117,9.18999987220559
2,24415630,A244_T_DIS_H:T_EDGE_HI_VCCY_5.5000[1]/PIN7,n,S,,19.9999998784506,,,10.3099999648748,10.7900000045902,10.760000002108,10.8900000128642,10.9400000170012,10.960000018656,10.6799999954887,10.9500000178286,9.85999992764164,10.6699999946613,11.0700000277575,,10.6199999905243,10.6299999913517,10.7700000029354
2,24415630,A244_T_DIS_H:T_EDGE_HI_VCCY_5.5000[1]/PIN9,n,S,,19.9999998784506,,,9.67999991274837,10.0699999450171,10.0299999417075,10.1199999491541,10.1599999524637,10.1699999532912,9.94999993508827,10.1799999541186,9.30999988213443,9.93999993426087,10.28999996322,,9.89999993095125,9.90999993177866,10.0199999408801
2,24415710,A244_T_DIS_H:T_EDGE_LO_VCCY_5.5000[1]/PIN12,n,S,,19.9999998784506,,,10.5199999822503,10.9500000178286,10.960000018656,11.0600000269301,11.0700000277575,11.1300000327219,10.8900000128642,11.1200000318945,10.0799999458445,10.8500000095546,11.2100000393411,,10.810000006245,10.7700000029354,10.910000014519
2,24415710,A244_T_DIS_H:T_EDGE_LO_VCCY_5.5000[1]/PIN14,n,S,,19.9999998784506,,,9.15999986972338,9.40999989040847,9.38999988875366,9.38999988875366,9.38999988875366,9.42999989206328,9.31999988296184,9.44999989371809,8.86999984572867,9.32999988378924,9.52999990033732,,9.25999987799742,9.26999987882482,9.35999988627145
2,24415710,A244_T_DIS_H:T_EDGE_LO_VCCY_5.5000[1]/PIN16,n,S,,19.9999998784506,,,9.14999986889597,9.35999988627145,9.38999988875366,9.37999988792626,9.38999988875366,9.43999989289068,9.26999987882482,9.39999988958107,8.82999984241906,9.28999988047963,9.4799998962003,,9.19999987303299,9.23999987634261,9.34999988544405
2,24415710,A244_T_DIS_H:T_EDGE_LO_VCCY_5.5000[1]/PIN18,n,S,,19.9999998784506,,,9.12999986724117,9.37999988792626,9.32999988378924,9.38999988875366,9.39999988958107,9.43999989289068,9.30999988213443,9.42999989206328,8.83999984324646,9.26999987882482,9.50999989868251,,9.19999987303299,9.2099998738604,9.30999988213443
2,24415710,A244_T_DIS_H:T_EDGE_LO_VCCY_5.5000[1]/PIN3,n,S,,19.9999998784506,,,9.18999987220559,9.38999988875366,9.37999988792626,9.43999989289068,9.44999989371809,9.50999989868251,9.32999988378924,9.46999989537289,8.86999984572867,9.31999988296184,9.54999990199212,,9.2299998755152,9.26999987882482,9.35999988627145
2,24415710,A244_T_DIS_H:T_EDGE_LO_VCCY_5.5000[1]/PIN5,n,S,,19.9999998784506,,,9.07999986310415,9.32999988378924,9.31999988296184,9.33999988461665,9.35999988627145,9.36999988709886,9.27999987965222,9.35999988627145,8.76999983745463,9.27999987965222,9.46999989537289,,9.15999986972338,9.2099998738604,9.27999987965222
2,24415710,A244_T_DIS_H:T_EDGE_LO_VCCY_5.5000[1]/PIN7,n,S,,19.9999998784506,,,10.4999999805955,10.9800000203109,10.9500000178286,11.0600000269301,11.1200000318945,11.1300000327219,10.860000010382,11.1400000335493,10.0499999433623,10.8400000087272,11.2500000426508,,10.810000006245,10.810000006245,10.9500000178286
2,24415710,A244_T_DIS_H:T_EDGE_LO_VCCY_5.5000[1]/PIN9,n,S,,19.9999998784506,,,10.0299999417075,10.4199999739762,10.3699999698392,10.4599999772859,10.5099999814229,10.5299999830777,10.28999996322,10.5299999830777,9.63999990943876,10.2699999615652,10.6399999921791,,10.2299999582556,10.239999959083,10.3599999690118
2,24415640,A244_T_DIS_H:T_EDGE_HI_VCCY_4.5000[1]/PIN12,n,S,,19.9999998784506,,,10.9400000170012,11.4200000567166,11.4200000567166,11.5100000641633,11.5300000658181,11.5900000707825,11.3200000484426,11.5700000691277,10.4799999789407,11.3000000467878,11.6700000774017,,11.2600000434782,11.2100000393411,11.3500000509248
2,24415640,A244_T_DIS_H:T_EDGE_HI_VCCY_4.5000[1]/PIN14,n,S,,19.9999998784506,,,9.72999991688539,9.99999993922529,9.98999993839789,9.97999993757048,9.98999993839789,10.0299999417075,9.88999993012385,10.0399999425349,9.41999989123588,9.90999993177866,10.1199999491541,,9.84999992681423,9.85999992764164,9.92999993343346
2,24415640,A244_T_DIS_H:T_EDGE_HI_VCCY_4.5000[1]/PIN16,n,S,,19.9999998784506,,,9.73999991771279,9.97999993757048,9.99999993922529,9.98999993839789,9.99999993922529,10.0499999433623,9.87999992929645,10.0099999400527,9.41999989123588,9.90999993177866,10.0999999474993,,9.80999992350462,9.83999992598683,9.95999993591568
2,24415640,A244_T_DIS_H:T_EDGE_HI_VCCY_4.5000[1]/PIN18,n,S,,19.9999998784506,,,9.7499999185402,10.0199999408801,9.96999993674308,10.0199999408801,10.0399999425349,10.0799999458445,9.91999993260606,10.0599999441897,9.44999989371809,9.89999993095125,10.1399999508089,,9.81999992433202,9.83999992598683,9.93999993426087
2,24415640,A244_T_DIS_H:T_EDGE_HI_VCCY_4.5000[1]/PIN3,n,S,,19.9999998784506,,,9.64999991026616,9.88999993012385,9.86999992846904,9.91999993260606,9.92999993343346,9.99999993922529,9.79999992267722,9.94999993508827,9.31999988296184,9.80999992350462,10.0299999417075,,9.68999991357578,9.7499999185402,9.82999992515943
2,24415640,A244_T_DIS_H:T_EDGE_HI_VCCY_4.5000[1]/PIN5,n,S,,19.9999998784506,,,9.51999989950991,9.80999992350462,9.78999992184981,9.80999992350462,9.82999992515943,9.83999992598683,9.72999991688539,9.80999992350462,9.19999987303299,9.72999991688539,9.92999993343346,,9.61999990778395,9.67999991274837,9.73999991771279
2,24415640,A244_T_DIS_H:T_EDGE_HI_VCCY_4.5000[1]/PIN7,n,S,,19.9999998784506,,,10.7900000045902,11.3000000467878,11.2700000443056,11.3700000525796,11.4400000583714,11.4600000600262,11.1600000352041,11.4500000591988,10.3299999665296,11.1600000352041,11.5800000699551,,11.1100000310671,11.1200000318945,11.2600000434782
2,24415640,A244_T_DIS_H:T_EDGE_HI_VCCY_4.5000[1]/PIN9,n,S,,19.9999998784506,,,10.2499999599104,10.6799999954887,10.6399999921791,10.7199999987984,10.7700000029354,10.8000000054176,10.5399999839051,10.7800000037628,9.85999992764164,10.5299999830777,10.8900000128642,,10.4799999789407,10.4899999797681,10.6099999896969
2,24415720,A244_T_DIS_H:T_EDGE_LO_VCCY_4.5000[1]/PIN12,n,S,,19.9999998784506,,,11.0000000219657,11.4600000600262,11.480000061681,11.5600000683003,11.5900000707825,11.6500000757469,11.380000053407,11.6300000740921,10.5399999839051,11.3500000509248,11.7200000815387,,11.3000000467878,11.2600000434782,11.4100000558892
2,24415720,A244_T_DIS_H:T_EDGE_LO_VCCY_4.5000[1]/PIN14,n,S,,19.9999998784506,,,9.70999991523058,9.97999993757048,9.95999993591568,9.94999993508827,9.94999993508827,9.98999993839789,9.85999992764164,10.0199999408801,9.38999988875366,9.88999993012385,10.0899999466719,,9.80999992350462,9.81999992433202,9.90999993177866
2,24415720,A244_T_DIS_H:T_EDGE_LO_VCCY_4.5000[1]/PIN16,n,S,,19.9999998784506,,,9.68999991357578,9.93999993426087,9.95999993591568,9.93999993426087,9.95999993591568,10.0199999408801,9.82999992515943,9.95999993591568,9.35999988627145,9.87999992929645,10.0499999433623,,9.7599999193676,9.79999992267722,9.90999993177866
2,24415720,A244_T_DIS_H:T_EDGE_LO_VCCY_4.5000[1]/PIN18,n,S,,19.9999998784506,,,9.67999991274837,9.96999993674308,9.90999993177866,9.95999993591568,9.98999993839789,10.0299999417075,9.87999992929645,9.99999993922529,9.37999988792626,9.83999992598683,10.0899999466719,,9.7599999193676,9.769999920195,9.88999993012385
2,24415720,A244_T_DIS_H:T_EDGE_LO_VCCY_4.5000[1]/PIN3,n,S,,19.9999998784506,,,9.67999991274837,9.90999993177866,9.89999993095125,9.95999993591568,9.96999993674308,10.0399999425349,9.84999992681423,9.97999993757048,9.34999988544405,9.82999992515943,10.0599999441897,,9.72999991688539,9.77999992102241,9.86999992846904
2,24415720,A244_T_DIS_H:T_EDGE_LO_VCCY_4.5000[1]/PIN5,n,S,,19.9999998784506,,,9.56999990364693,9.85999992764164,9.84999992681423,9.85999992764164,9.87999992929645,9.88999993012385,9.78999992184981,9.86999992846904,9.24999987717001,9.79999992267722,9.98999993839789,,9.65999991109356,9.72999991688539,9.78999992184981
2,24415720,A244_T_DIS_H:T_EDGE_LO_VCCY_4.5000[1]/PIN7,n,S,,19.9999998784506,,,10.9300000161738,11.430000057544,11.4000000550618,11.5000000633358,11.5700000691277,11.6000000716099,11.2900000459604,11.5800000699551,10.4799999789407,11.2900000459604,11.7100000807113,,11.2400000418234,11.2500000426508,11.3900000542344
2,24415720,A244_T_DIS_H:T_EDGE_LO_VCCY_4.5000[1]/PIN9,n,S,,19.9999998784506,,,10.4899999797681,10.910000014519,10.8700000112094,10.9500000178286,11.0100000227931,11.0300000244479,10.7700000029354,11.0200000236205,10.0799999458445,10.7500000012806,11.1300000327219,,10.6999999971435,10.6999999971435,10.8400000087272
2,24415650,A244_T_DIS_H:T_EDGE_HI_VCCY_3.6000[1]/PIN12,n,S,,29.9999989294975,,,11.8900000956046,12.420000139457,12.4400001411118,12.5000001460762,12.5300001485584,12.6000001543503,12.3000001295281,12.570000151868,11.4100000558892,12.3000001295281,12.6600001593147,,12.2200001229089,12.1800001195993,12.3300001320104
2,24415650,A244_T_DIS_H:T_EDGE_HI_VCCY_3.6000[1]/PIN14,n,S,,29.9999989294975,,,10.7199999987984,11.0400000252753,11.0300000244479,11.0100000227931,11.0200000236205,11.0800000285849,10.9000000136916,11.0700000277575,10.3599999690118,10.9400000170012,11.1600000352041,,10.8500000095546,10.860000010382,10.960000018656
2,24415650,A244_T_DIS_H:T_EDGE_HI_VCCY_3.6000[1]/PIN16,n,S,,29.9999989294975,,,10.7400000004532,11.0400000252753,11.0500000261027,11.0300000244479,11.0500000261027,11.1200000318945,10.910000014519,11.0600000269301,10.3699999698392,10.9500000178286,11.1500000343767,,10.8300000078998,10.8700000112094,10.9800000203109
2,24415650,A244_T_DIS_H:T_EDGE_HI_VCCY_3.6000[1]/PIN18,n,S,,29.9999989294975,,,10.760000002108,11.0900000294123,11.0400000252753,11.0700000277575,11.1000000302397,11.1600000352041,10.9500000178286,11.1100000310671,10.4099999731488,10.960000018656,11.2000000385137,,10.8500000095546,10.8700000112094,10.9900000211383
2,24415650,A244_T_DIS_H:T_EDGE_HI_VCCY_3.6000[1]/PIN3,n,S,,29.9999989294975,,,10.6499999930065,10.9300000161738,10.910000014519,10.9500000178286,10.9700000194835,11.0400000252753,10.810000006245,10.9800000203109,10.2699999615652,10.8300000078998,11.0600000269301,,10.6899999963161,10.760000002108,10.8500000095546
2,24415650,A244_T_DIS_H:T_EDGE_HI_VCCY_3.6000[1]/PIN5,n,S,,29.9999989294975,,,10.5099999814229,10.8400000087272,10.8400000087272,10.8400000087272,10.8500000095546,10.8900000128642,10.7500000012806,10.8400000087272,10.1499999516363,10.760000002108,10.9700000194835,,10.6199999905243,10.6899999963161,10.760000002108
2,24415650,A244_T_DIS_H:T_EDGE_HI_VCCY_3.6000[1]/PIN7,n,S,,29.9999989294975,,,11.7000000798839,12.2600001262185,12.2300001237363,12.320000131183,12.3900001369748,12.4300001402844,12.0800001113253,12.3900001369748,11.2200000401685,12.1000001129801,12.5400001493858,,12.0300001071882,12.0500001088431,12.1900001204267
2,24415650,A244_T_DIS_H:T_EDGE_HI_VCCY_3.6000[1]/PIN9,n,S,,29.9999989294975,,,11.2600000434782,11.7000000798839,11.6700000774017,11.7400000831935,11.7900000873306,11.8300000906402,11.5300000658181,11.7900000873306,10.810000006245,11.5400000666455,11.9100000972594,,11.4700000608536,11.4900000625084,11.6200000732647
2,24415730,A244_T_DIS_H:T_EDGE_LO_VCCY_3.6000[1]/PIN12,n,S,,29.9999989294975,,,11.9400000997416,12.4300001402844,12.4600001427666,12.5300001485584,12.5600001510406,12.6400001576599,12.3400001328378,12.6000001543503,11.430000057544,12.320000131183,12.7000001626243,,12.2600001262185,12.2100001220815,12.37000013532
2,24415730,A244_T_DIS_H:T_EDGE_LO_VCCY_3.6000[1]/PIN14,n,S,,29.9999989294975,,,10.6999999971435,11.0100000227931,11.0000000219657,10.960000018656,10.9800000203109,11.0300000244479,10.8700000112094,11.0500000261027,10.3499999681844,10.910000014519,11.1100000310671,,10.810000006245,10.8300000078998,10.9200000153464
2,24415730,A244_T_DIS_H:T_EDGE_LO_VCCY_3.6000[1]/PIN16,n,S,,29.9999989294975,,,10.6899999963161,10.9800000203109,10.9900000211383,10.9700000194835,10.9800000203109,11.0600000269301,10.8400000087272,10.9900000211383,10.3199999657022,10.8900000128642,11.0800000285849,,10.760000002108,10.8000000054176,10.9200000153464
2,24415730,A244_T_DIS_H:T_EDGE_LO_VCCY_3.6000[1]/PIN18,n,S,,29.9999989294975,,,10.6799999954887,11.0000000219657,10.9400000170012,10.9900000211383,11.0000000219657,11.0600000269301,10.8800000120368,11.0200000236205,10.3499999681844,10.8700000112094,11.1100000310671,,10.760000002108,10.7800000037628,10.9000000136916
2,24415730,A244_T_DIS_H:T_EDGE_LO_VCCY_3.6000[1]/PIN3,n,S,,29.9999989294975,,,10.6199999905243,10.8900000128642,10.8800000120368,10.9400000170012,10.9500000178286,11.0300000244479,10.8000000054176,10.960000018656,10.2599999607378,10.810000006245,11.0400000252753,,10.6699999946613,10.7400000004532,10.8300000078998
2,24415730,A244_T_DIS_H:T_EDGE_LO_VCCY_3.6000[1]/PIN5,n,S,,29.9999989294975,,,10.5199999822503,10.860000010382,10.8500000095546,10.860000010382,10.8700000112094,10.9000000136916,10.7500000012806,10.8500000095546,10.1599999524637,10.7800000037628,10.9800000203109,,10.6199999905243,10.6899999963161,10.760000002108
2,24415730,A244_T_DIS_H:T_EDGE_LO_VCCY_3.6000[1]/PIN7,n,S,,29.9999989294975,,,11.8100000889854,12.3600001344926,12.3400001328378,12.420000139457,12.4900001452488,12.520000147731,12.1900001204267,12.5000001460762,11.33000004927,12.2000001212541,12.6400001576599,,12.1300001154623,12.1600001179445,12.2900001287007
2,24415730,A244_T_DIS_H:T_EDGE_LO_VCCY_3.6000[1]/PIN9,n,S,,29.9999989294975,,,11.4100000558892,11.8600000931224,11.8200000898128,11.900000096432,11.9600001013964,12.000000104706,11.6800000782291,11.9600001013964,10.9500000178286,11.6800000782291,12.0800001113253,,11.6300000740921,11.6200000732647,11.7700000856757
2,24415660,A244_T_DIS_H:T_EDGE_HI_VCCY_3.0000[1]/PIN12,n,S,,29.9999989294975,,,13.090000194893,13.6700002428825,13.6900002445373,13.7500002495017,13.7700002511565,13.8700002594305,13.5200002304714,13.8000002536387,12.5600001510406,13.5400002321262,13.9200002635675,,13.4500002246796,13.41000022137,13.5700002346084
2,24415660,A244_T_DIS_H:T_EDGE_HI_VCCY_3.0000[1]/PIN14,n,S,,29.9999989294975,,,11.950000100569,12.320000131183,12.3100001303555,12.2700001270459,12.2900001287007,12.3600001344926,12.1400001162897,12.3500001336652,11.5600000683003,12.2000001212541,12.420000139457,,12.1000001129801,12.1200001146349,12.2100001220815
2,24415660,A244_T_DIS_H:T_EDGE_HI_VCCY_3.0000[1]/PIN16,n,S,,29.9999989294975,,,11.9600001013964,12.3100001303555,12.3300001320104,12.2900001287007,12.3100001303555,12.4000001378022,12.1400001162897,12.320000131183,11.5300000658181,12.2100001220815,12.420000139457,,12.0600001096705,12.0900001121527,12.2300001237363
2,24415660,A244_T_DIS_H:T_EDGE_HI_VCCY_3.0000[1]/PIN18,n,S,,29.9999989294975,,,11.9800001030512,12.3900001369748,12.3300001320104,12.3500001336652,12.3800001361474,12.4600001427666,12.2100001220815,12.4000001378022,11.5900000707825,12.2300001237363,12.4900001452488,,12.0900001121527,12.1100001138075,12.2500001253911
2,24415660,A244_T_DIS_H:T_EDGE_HI_VCCY_3.0000[1]/PIN3,n,S,,29.9999989294975,,,11.8200000898128,12.1600001179445,12.1400001162897,12.1800001195993,12.2000001212541,12.2900001287007,12.0100001055334,12.2100001220815,11.4100000558892,12.0400001080156,12.2900001287007,,11.8900000956046,11.950000100569,12.0500001088431
2,24415660,A244_T_DIS_H:T_EDGE_HI_VCCY_3.0000[1]/PIN5,n,S,,29.9999989294975,,,11.7000000798839,12.1100001138075,12.0900001121527,12.0800001113253,12.1000001129801,12.1500001171171,11.9600001013964,12.0700001104979,11.2900000459604,11.9900001038786,12.2100001220815,,11.8300000906402,11.900000096432,11.9800001030512
2,24415660,A244_T_DIS_H:T_EDGE_HI_VCCY_3.0000[1]/PIN7,n,S,,29.9999989294975,,,12.8700001766902,13.4800002271618,13.4700002263344,13.5300002312988,13.6000002370906,13.6700002428825,13.2700002097863,13.610000237918,12.3400001328378,13.3200002139233,13.7700002511565,,13.2200002056493,13.2500002081315,13.4000002205426
2,24415660,A244_T_DIS_H:T_EDGE_HI_VCCY_3.0000[1]/PIN9,n,S,,29.9999989294975,,,12.4800001444214,12.990000186619,12.9500001833094,13.0300001899286,13.0700001932382,13.1100001965478,12.7700001684161,13.0500001915834,11.9800001030512,12.8100001717257,13.1800002023397,,12.7200001642791,12.7300001651065,12.8800001775176
2,24415740,A244_T_DIS_H:T_EDGE_LO_VCCY_3.0000[1]/PIN12,n,S,,29.9999989294975,,,13.1000001957204,13.660000242055,13.6800002437099,13.7400002486743,13.7700002511565,13.8700002594305,13.5200002304714,13.8200002552935,12.5600001510406,13.5300002312988,13.9300002643949,,13.4500002246796,13.4000002205426,13.5700002346084
2,24415740,A244_T_DIS_H:T_EDGE_LO_VCCY_3.0000[1]/PIN14,n,S,,29.9999989294975,,,11.9200000980868,12.2800001278733,12.2500001253911,12.2000001212541,12.2300001237363,12.2900001287007,12.1000001129801,12.320000131183,11.5200000649907,12.1700001187719,12.3600001344926,,12.0500001088431,12.0700001104979,12.1700001187719
2,24415740,A244_T_DIS_H:T_EDGE_LO_VCCY_3.0000[1]/PIN16,n,S,,29.9999989294975,,,11.9100000972594,12.2400001245637,12.2400001245637,12.2300001237363,12.2400001245637,12.3300001320104,12.0600001096705,12.2500001253911,11.4700000608536,12.1400001162897,12.3300001320104,,11.9900001038786,12.0300001071882,12.1600001179445
2,24415740,A244_T_DIS_H:T_EDGE_LO_VCCY_3.0000[1]/PIN18,n,S,,29.9999989294975,,,11.8800000947772,12.2400001245637,12.1800001195993,12.2100001220815,12.2500001253911,12.320000131183,12.0900001121527,12.2600001262185,11.5100000641633,12.1000001129801,12.3400001328378,,11.9800001030512,11.9900001038786,12.1200001146349
2,24415740,A244_T_DIS_H:T_EDGE_LO_VCCY_3.0000[1]/PIN3,n,S,,29.9999989294975,,,11.8100000889854,12.1300001154623,12.1200001146349,12.1700001187719,12.1600001179445,12.2600001262185,12.000000104706,12.1800001195993,11.4000000550618,12.0200001063608,12.2500001253911,,11.8700000939498,11.950000100569,12.0300001071882
2,24415740,A244_T_DIS_H:T_EDGE_LO_VCCY_3.0000[1]/PIN5,n,S,,29.9999989294975,,,11.7300000823661,12.1100001138075,12.1100001138075,12.1100001138075,12.1200001146349,12.1600001179445,11.9800001030512,12.0900001121527,11.3100000476152,12.0200001063608,12.2200001229089,,11.8400000914676,11.9200000980868,12.000000104706
2,24415740,A244_T_DIS_H:T_EDGE_LO_VCCY_3.0000[1]/PIN7,n,S,,29.9999989294975,,,12.9500001833094,13.5400002321262,13.5300002312988,13.5900002362632,13.660000242055,13.7100002461921,13.3400002155781,13.6700002428825,12.4400001411118,13.3800002188877,13.8200002552935,,13.2800002106137,13.3200002139233,13.4500002246796
2,24415740,A244_T_DIS_H:T_EDGE_LO_VCCY_3.0000[1]/PIN9,n,S,,29.9999989294975,,,12.6000001543503,13.0800001940656,13.040000190756,13.1000001957204,13.1700002015123,13.2300002064767,12.8500001750353,13.1600002006849,12.0700001104979,12.8800001775176,13.2800002106137,,12.8200001725531,12.8100001717257,12.9700001849642
2,24415670,A244_T_DIS_H:T_EDGE_HI_VCCY_2.7000[1]/PIN12,n,S,,35.9999994259397,,,14.0200002718416,14.6300003223132,14.650000323968,14.700000328105,14.7300003305872,14.8300003388613,14.4500003074199,14.7500003322421,13.4400002238522,14.4900003107296,14.8800003429983,,14.3900003024555,14.3400002983185,14.5200003132118
2,24415670,A244_T_DIS_H:T_EDGE_HI_VCCY_2.7000[1]/PIN14,n,S,,35.9999994259397,,,12.9000001791724,13.3000002122685,13.2800002106137,13.2200002056493,13.2600002089589,13.3300002147507,13.1000001957204,13.3200002139233,12.4500001419392,13.1800002023397,13.3900002197151,,13.0600001924108,13.0700001932382,13.1700002015123
2,24415670,A244_T_DIS_H:T_EDGE_HI_VCCY_2.7000[1]/PIN16,n,S,,35.9999994259397,,,12.9100001799998,13.2900002114411,13.2900002114411,13.2600002089589,13.2800002106137,13.3800002188877,13.090000194893,13.2800002106137,12.420000139457,13.1700002015123,13.3800002188877,,13.0100001882738,13.0500001915834,13.2000002039945
2,24415670,A244_T_DIS_H:T_EDGE_HI_VCCY_2.7000[1]/PIN18,n,S,,35.9999994259397,,,12.9500001833094,13.3700002180603,13.3000002122685,13.3200002139233,13.3600002172329,13.4500002246796,13.1700002015123,13.3700002180603,12.5300001485584,13.2100002048219,13.4500002246796,,13.0700001932382,13.090000194893,13.2300002064767
2,24415670,A244_T_DIS_H:T_EDGE_HI_VCCY_2.7000[1]/PIN3,n,S,,35.9999994259397,,,12.7600001675887,13.1400001990301,13.1200001973752,13.1500001998575,13.1600002006849,13.2600002089589,12.9700001849642,13.1600002006849,12.3100001303555,13.0000001874464,13.2400002073041,,12.8400001742079,12.9100001799998,13.0000001874464
2,24415670,A244_T_DIS_H:T_EDGE_HI_VCCY_2.7000[1]/PIN5,n,S,,35.9999994259397,,,12.6400001576599,13.090000194893,13.090000194893,13.0700001932382,13.0800001940656,13.1500001998575,12.9300001816546,13.040000190756,12.1900001204267,12.9700001849642,13.1900002031671,,12.7900001700709,12.8700001766902,12.9500001833094
2,24415670,A244_T_DIS_H:T_EDGE_HI_VCCY_2.7000[1]/PIN7,n,S,,35.9999994259397,,,13.7900002528113,14.4300003057651,14.4300003057651,14.4700003090747,14.5400003148666,14.6100003206584,14.2000002867348,14.5400003148666,13.2300002064767,14.2600002916993,14.700000328105,,14.1400002817704,14.18000028508,14.3300002974911
2,24415670,A244_T_DIS_H:T_EDGE_HI_VCCY_2.7000[1]/PIN9,n,S,,35.9999994259397,,,13.4200002221974,13.9700002677046,13.9400002652224,14.0100002710142,14.0500002743238,14.1200002801156,13.7200002470195,14.030000272669,12.8700001766902,13.7600002503291,14.1500002825978,,13.6800002437099,13.6900002445373,13.8400002569483
2,24415750,A244_T_DIS_H:T_EDGE_LO_VCCY_2.7000[1]/PIN12,n,S,,35.9999994259397,,,14.0000002701868,14.5900003190036,14.6100003206584,14.6700003256228,14.700000328105,14.8200003380339,14.4400003065925,14.7400003314146,13.4200002221974,14.4500003074199,14.8500003405161,,14.3600002999733,14.3100002958363,14.500000311557
2,24415750,A244_T_DIS_H:T_EDGE_LO_VCCY_2.7000[1]/PIN14,n,S,,35.9999994259397,,,12.8300001733805,13.2100002048219,13.2000002039945,13.1500001998575,13.1700002015123,13.2400002073041,13.0300001899286,13.2600002089589,12.4100001386296,13.1100001965478,13.2900002114411,,12.9800001857916,13.0000001874464,13.1000001957204
2,24415750,A244_T_DIS_H:T_EDGE_LO_VCCY_2.7000[1]/PIN16,n,S,,35.9999994259397,,,12.8100001717257,13.1800002023397,13.1800002023397,13.1600002006849,13.1800002023397,13.2800002106137,12.9800001857916,13.1800002023397,12.3400001328378,13.0700001932382,13.2600002089589,,12.9000001791724,12.940000182482,13.0800001940656
2,24415750,A244_T_DIS_H:T_EDGE_LO_VCCY_2.7000[1]/PIN18,n,S,,35.9999994259397,,,12.7700001684161,13.1800002023397,13.1000001957204,13.1400001990301,13.1700002015123,13.2600002089589,12.990000186619,13.1800002023397,12.3600001344926,13.0200001891012,13.2700002097863,,12.8700001766902,12.890000178345,13.040000190756
2,24415750,A244_T_DIS_H:T_EDGE_LO_VCCY_2.7000[1]/PIN3,n,S,,35.9999994259397,,,12.6800001609695,13.0500001915834,13.040000190756,13.0800001940656,13.0800001940656,13.2000002039945,12.9000001791724,13.1000001957204,12.2500001253911,12.9200001808272,13.1700002015123,,12.7600001675887,12.8300001733805,12.9100001799998
2,24415750,A244_T_DIS_H:T_EDGE_LO_VCCY_2.7000[1]/PIN5,n,S,,35.9999994259397,,,12.6300001568325,13.0600001924108,13.0600001924108,13.0500001915834,13.0600001924108,13.1100001965478,12.9000001791724,13.0100001882738,12.1900001204267,12.940000182482,13.1500001998575,,12.7500001667613,12.8500001750353,12.9100001799998
2,24415750,A244_T_DIS_H:T_EDGE_LO_VCCY_2.7000[1]/PIN7,n,S,,35.9999994259397,,,13.8200002552935,14.4500003074199,14.4500003074199,14.4900003107296,14.5800003181762,14.6200003214858,14.2200002883897,14.5700003173488,13.2800002106137,14.2800002933541,14.7200003297598,,14.1700002842526,14.2100002875623,14.3400002983185
2,24415750,A244_T_DIS_H:T_EDGE_LO_VCCY_2.7000[1]/PIN9,n,S,,35.9999994259397,,,13.5000002288166,14.0200002718416,13.980000268532,14.030000272669,14.1100002792882,14.1700002842526,13.7600002503291,14.0900002776334,12.940000182482,13.8000002536387,14.2100002875623,,13.7400002486743,13.7200002470195,13.8900002610853
2,24415680,A244_T_DIS_H:T_EDGE_HI_VCCY_2.3000[1]/PIN12,n,S,,35.9999994259397,,,15.8700004249113,16.5399995921689,16.5500004811747,16.5799995954785,16.6199995987881,16.7599996103718,16.3300004629718,16.6399996004429,15.2199994829516,16.3900004679363,16.7700004993776,,16.2700004580074,16.210000453043,16.4100004695911
2,24415680,A244_T_DIS_H:T_EDGE_HI_VCCY_2.3000[1]/PIN14,n,S,,35.9999994259397,,,14.7700003338969,15.2199994829516,15.2100003703026,15.1300003636834,15.179999479642,15.270000375267,14.9900003520997,15.2500003736122,14.2700002925267,15.0900003603738,15.279999487916,,14.9500003487901,14.9700003504449,15.070000358719
2,24415680,A244_T_DIS_H:T_EDGE_HI_VCCY_2.3000[1]/PIN16,n,S,,35.9999994259397,,,14.7500003322421,15.1900003686478,15.170000366993,15.1599994779872,15.179999479642,15.2999994895708,14.9500003487901,15.170000366993,14.2000002867348,15.0599994697131,15.2599994862612,,14.8900003438257,14.9199994581295,15.0599994697131
2,24415680,A244_T_DIS_H:T_EDGE_HI_VCCY_2.3000[1]/PIN18,n,S,,35.9999994259397,,,14.7600003330695,15.2300003719574,15.1399994763324,15.170000366993,15.2100003703026,15.3399994928805,14.9999994647487,15.2199994829516,14.3000002950089,15.0599994697131,15.3199994912256,,14.8800003429983,14.9000003446531,15.0599994697131
2,24415680,A244_T_DIS_H:T_EDGE_HI_VCCY_2.3000[1]/PIN3,n,S,,35.9999994259397,,,14.5900003190036,14.9999994647487,14.9900003520997,14.9999994647487,15.0100003537545,15.1199994746776,14.7900003355517,15.0100003537545,14.0900002776334,14.8400003396887,15.0599994697131,,14.6700003256228,14.7500003322421,14.8300003388613
2,24415680,A244_T_DIS_H:T_EDGE_HI_VCCY_2.3000[1]/PIN5,n,S,,35.9999994259397,,,14.5600003165214,15.0500003570642,15.0599994697131,15.0100003537545,15.0399994680583,15.1100003620286,14.8600003413435,14.9599994614391,14.080000276806,14.9199994581295,15.1100003620286,,14.7200003297598,14.8000003363791,14.8900003438257
2,24415680,A244_T_DIS_H:T_EDGE_HI_VCCY_2.3000[1]/PIN7,n,S,,35.9999994259397,,,15.590000401744,16.2999995723112,16.310000461317,16.3300004629718,16.4100004695911,16.4999995888593,16.0199995491439,16.3900004679363,14.9799994630939,16.0999995557631,16.5599995938237,,15.9700004331853,16.0199995491439,16.1599995607276
2,24415680,A244_T_DIS_H:T_EDGE_HI_VCCY_2.3000[1]/PIN9,n,S,,35.9999994259397,,,15.3100003785767,15.9300004298757,15.8799995375603,15.9500004315305,15.9999995474891,16.0799995541083,15.6100004033988,15.9500004315305,14.6800003264502,15.699999522667,16.0900004431141,,15.590000401744,15.6100004033988,15.7799995292862
2,24415760,A244_T_DIS_H:T_EDGE_LO_VCCY_2.3000[1]/PIN12,n,S,,35.9999994259397,,,15.8300004216017,16.4900004762103,16.5199995905141,16.5500004811747,16.5900004844843,16.730000496068,16.2900004596622,16.630000487794,15.1599994779872,16.3500004646266,16.739999608717,,16.2300004546978,16.1700004497334,16.3799995789304
2,24415760,A244_T_DIS_H:T_EDGE_LO_VCCY_2.3000[1]/PIN14,n,S,,35.9999994259397,,,14.6600003247954,15.1300003636834,15.0999994730228,15.0300003554094,15.070000358719,15.1500003653382,14.8900003438257,15.1599994779872,14.1700002842526,14.9900003520997,15.170000366993,,14.8400003396887,14.8600003413435,14.9799994630939
2,24415760,A244_T_DIS_H:T_EDGE_LO_VCCY_2.3000[1]/PIN16,n,S,,35.9999994259397,,,14.6600003247954,15.0999994730228,15.079999471368,15.0500003570642,15.079999471368,15.2100003703026,14.8500003405161,15.079999471368,14.080000276806,14.9599994614391,15.1599994779872,,14.7700003338969,14.8100003372065,14.9700003504449
2,24415760,A244_T_DIS_H:T_EDGE_LO_VCCY_2.3000[1]/PIN18,n,S,,35.9999994259397,,,14.6300003223132,15.1300003636834,15.0199994664035,15.070000358719,15.1100003620286,15.2300003719574,14.9000003446531,15.1100003620286,14.1500002825978,14.9500003487901,15.179999479642,,14.7600003330695,14.7900003355517,14.9500003487901
2,24415760,A244_T_DIS_H:T_EDGE_LO_VCCY_2.3000[1]/PIN3,n,S,,35.9999994259397,,,14.5100003123844,14.9599994614391,14.9500003487901,14.9799994630939,14.9799994630939,15.1100003620286,14.7500003322421,14.9900003520997,13.9700002677046,14.8000003363791,15.0500003570642,,14.600000319831,14.6900003272776,14.7700003338969
2,24415760,A244_T_DIS_H:T_EDGE_LO_VCCY_2.3000[1]/PIN5,n,S,,35.9999994259397,,,14.4700003090747,14.9799994630939,14.9799994630939,14.9700003504449,14.9799994630939,15.0199994664035,14.7700003338969,14.9100003454805,13.9300002643949,14.8400003396887,15.0599994697131,,14.6100003206584,14.7200003297598,14.8000003363791
2,24415760,A244_T_DIS_H:T_EDGE_LO_VCCY_2.3000[1]/PIN7,n,S,,35.9999994259397,,,15.5999995143929,16.3300004629718,16.3500004646266,16.3599995772756,16.4399995838949,16.5100004778651,16.0500004398045,16.4300004712459,14.9799994630939,16.1300004464238,16.5900004844843,,15.9999995474891,16.0500004398045,16.1799995623824
2,24415760,A244_T_DIS_H:T_EDGE_LO_VCCY_2.3000[1]/PIN9,n,S,,35.9999994259397,,,15.3199994912256,15.9300004298757,15.8900004265661,15.9399995425247,16.0300004381497,16.0999995557631,15.6100004033988,15.9700004331853,14.6800003264502,15.6799995210122,16.0999995557631,,15.6199995160478,15.5799995127381,15.790000418292
2,24415690,A244_T_DIS_H:T_EDGE_HI_VCCY_1.9500[1]/PIN12,n,S,,48.0000004188241,,,18.6100006516199,19.4599998337708,19.4700007227766,19.4999998370804,19.530000727741,19.7500007459439,19.1700006979545,19.5500007293958,17.8300005870824,19.2700007062285,19.6700007393247,,19.1199998056391,19.0399997990198,19.2900007078833
2,24415690,A244_T_DIS_H:T_EDGE_HI_VCCY_1.9500[1]/PIN14,n,S,,48.0000004188241,,,17.5500005639151,18.0799997195891,18.0399997162795,17.9399997080054,18.0199997146246,18.1199997228987,17.779999694767,18.0799997195891,16.9500005142709,17.9399997080054,18.0700006069401,,17.7599996931121,17.770000582118,17.8999997046958
2,24415690,A244_T_DIS_H:T_EDGE_HI_VCCY_1.9500[1]/PIN16,n,S,,48.0000004188241,,,17.4999996715997,18.0399997162795,17.9999997129698,17.970000598666,17.9900006003209,18.1599997262083,17.7199996898025,17.979999711315,16.7999996136814,17.8900005920468,18.0500006052853,,17.6700005738439,17.6799996864929,17.879999703041
2,24415690,A244_T_DIS_H:T_EDGE_HI_VCCY_1.9500[1]/PIN18,n,S,,48.0000004188241,,,17.5300005622603,18.1999997295179,18.0599997179343,18.0999997212439,18.1599997262083,18.3399997411016,17.8500005887372,18.1599997262083,16.9500005142709,17.970000598666,18.1999997295179,,17.7300005788084,17.7599996931121,17.9599997096602
2,24415690,A244_T_DIS_H:T_EDGE_HI_VCCY_1.9500[1]/PIN3,n,S,,48.0000004188241,,,17.2900005424026,17.8199996980766,17.770000582118,17.779999694767,17.7999996964218,17.9399997080054,17.5100005606055,17.779999694767,16.6599996020977,17.5999996798737,17.8100005854276,,17.3999996633256,17.45999966829,17.5500005639151
2,24415690,A244_T_DIS_H:T_EDGE_HI_VCCY_1.9500[1]/PIN5,n,S,,48.0000004188241,,,17.3300005457122,17.9500005970112,17.9199997063506,17.879999703041,17.8999997046958,17.979999711315,17.6799996864929,17.770000582118,16.7100004944132,17.770000582118,17.9300005953564,,17.5500005639151,17.6199996815285,17.6999996881477
2,24415690,A244_T_DIS_H:T_EDGE_HI_VCCY_1.9500[1]/PIN7,n,S,,48.0000004188241,,,18.2599997344823,19.1300006946449,19.1700006979545,19.1300006946449,19.2599998172227,19.3700007145026,18.7599997758525,19.1900006996093,17.5799996782189,18.8999997874362,19.3900007161574,,18.7100006598939,18.7700006648583,18.9300006780968
2,24415690,A244_T_DIS_H:T_EDGE_HI_VCCY_1.9500[1]/PIN9,n,S,,48.0000004188241,,,18.0799997195891,18.8599997841266,18.810000668168,18.8900006747872,18.9300006780968,19.019999797365,18.4300006367266,18.8399997824718,17.3300005457122,18.5599997593044,18.9799997940554,,18.4599997510304,18.4500006383814,18.6599997675785
2,24415770,A244_T_DIS_H:T_EDGE_LO_VCCY_1.9500[1]/PIN12,n,S,,48.0000004188241,,,18.5700006483103,19.2700007062285,19.2900007078833,19.3100007095381,19.3500007128478,19.530000727741,19.0399997990198,19.3799998271516,17.7999996964218,19.1100006929901,19.5100007260862,,18.9999997957102,18.9399997907458,19.1500006962997
2,24415770,A244_T_DIS_H:T_EDGE_LO_VCCY_1.9500[1]/PIN14,n,S,,48.0000004188241,,,17.4199996649804,17.9599997096602,17.9100005937016,17.8199996980766,17.8999997046958,18.0100006019757,17.6700005738439,17.9900006003209,16.8199996153362,17.8199996980766,17.9599997096602,,17.6300005705343,17.6700005738439,17.779999694767
2,24415770,A244_T_DIS_H:T_EDGE_LO_VCCY_1.9500[1]/PIN16,n,S,,48.0000004188241,,,17.3999996633256,17.9199997063506,17.870000590392,17.8500005887372,17.879999703041,18.0500006052853,17.6100005688795,17.879999703041,16.7100004944132,17.779999694767,17.9300005953564,,17.5399996749093,17.5900005672247,17.7500005804632
2,24415770,A244_T_DIS_H:T_EDGE_LO_VCCY_1.9500[1]/PIN18,n,S,,48.0000004188241,,,17.3399996583612,17.8900005920468,17.7599996931121,17.8100005854276,17.8599997013862,18.0199997146246,17.6100005688795,17.8500005887372,16.7900005010324,17.6999996881477,17.9100005937016,,17.4900005589507,17.5399996749093,17.6999996881477
2,24415770,A244_T_DIS_H:T_EDGE_LO_VCCY_1.9500[1]/PIN3,n,S,,48.0000004188241,,,17.2700005407478,17.7999996964218,17.7900005837728,17.7999996964218,17.7900005837728,17.9399997080054,17.5300005622603,17.7999996964218,16.6500004894488,17.5999996798737,17.8199996980766,,17.3900005506766,17.4700005572959,17.5500005639151
2,24415770,A244_T_DIS_H:T_EDGE_LO_VCCY_1.9500[1]/PIN5,n,S,,48.0000004188241,,,17.3900005506766,17.9500005970112,17.9399997080054,17.8999997046958,17.9199997063506,17.979999711315,17.7100005771536,17.8199996980766,16.739999608717,17.7999996964218,17.9599997096602,,17.5300005622603,17.6399996831833,17.7199996898025
2,24415770,A244_T_DIS_H:T_EDGE_LO_VCCY_1.9500[1]/PIN7,n,S,,48.0000004188241,,,18.3199997394468,19.1300006946449,19.1599998089487,19.1199998056391,19.2199998139131,19.2799998188775,18.810000668168,19.1700006979545,17.5900005672247,18.919999789091,19.330000711193,,18.7599997758525,18.8300006698228,18.9399997907458
2,24415770,A244_T_DIS_H:T_EDGE_LO_VCCY_1.9500[1]/PIN9,n,S,,48.0000004188241,,,18.1199997228987,18.7900006665132,18.7300006615487,18.7799997775073,18.8700006731324,18.9500006797516,18.4300006367266,18.7900006665132,17.3700005490218,18.5199997559948,18.910000676442,,18.4599997510304,18.4199997477208,18.6199997642689
2,24415700,A244_T_DIS_H:T_EDGE_HI_VCCY_1.6500[1]/PIN12,n,S,,48.0000004188241,,,22.769999219463,23.6800001829351,23.6699992939293,23.7099992972389,23.7400001878996,23.9899993204062,23.3499992674524,23.7400001878996,21.8899991466515,23.5200001696967,23.8299993071678,,23.3699992691072,23.2299992575236,23.5200001696967
2,24415700,A244_T_DIS_H:T_EDGE_HI_VCCY_1.6500[1]/PIN14,n,S,,48.0000004188241,,,21.8200000290381,22.4299991913313,22.3299991830572,22.2099991731284,22.3299991830572,22.4499991929861,22.0600000488957,22.3899991880216,21.1300008601256,22.2800000670986,22.2899991797476,,22.0899991631995,22.1000000522054,22.2200000621342
2,24415700,A244_T_DIS_H:T_EDGE_HI_VCCY_1.6500[1]/PIN16,n,S,,48.0000004188241,,,21.6600000157996,22.2800000670986,22.1800000588246,22.1699991698188,22.2000000604794,22.4299991913313,21.8899991466515,22.1899991714736,20.8399999479525,22.1099991648543,22.1699991698188,,21.8800000340025,21.8699991449967,22.1000000522054
2,24415700,A244_T_DIS_H:T_EDGE_HI_VCCY_1.6500[1]/PIN18,n,S,,48.0000004188241,,,21.62000001249,22.3299991830572,22.1099991648543,22.2000000604794,22.2699991780928,22.5200000869563,21.9200000373121,22.240000063789,20.9500008452324,22.1099991648543,22.2200000621342,,21.829999141687,21.8400000306929,22.0800000505506
2,24415700,A244_T_DIS_H:T_EDGE_HI_VCCY_1.6500[1]/PIN3,n,S,,48.0000004188241,,,21.2900008733641,21.9299991499611,21.8499991433418,21.8600000323477,21.9000000356573,22.0600000488957,21.5400000058708,21.8099991400322,20.5999999280948,21.6499991267938,21.7800000257284,,21.4500008866025,21.5099991152101,21.5899991218294
2,24415700,A244_T_DIS_H:T_EDGE_HI_VCCY_1.6500[1]/PIN5,n,S,,48.0000004188241,,,21.5499991185197,22.2600000654438,22.2299991747832,22.1899991714736,22.2000000604794,22.3000000687534,21.9400000389669,22.0200000455861,20.8300008353035,22.0400000472409,22.1299991665092,,21.8499991433418,21.9000000356573,22.0000000439313
2,24415700,A244_T_DIS_H:T_EDGE_HI_VCCY_1.6500[1]/PIN7,n,S,,48.0000004188241,,,22.4000000770275,23.380000158113,23.4299992740716,23.3600001564582,23.4899992790361,23.6099992889649,22.9499992343563,23.389999270762,21.6099991234842,23.1099992475947,23.5299992823457,,22.9400001217073,22.9600001233621,23.1699992525591
2,24415700,A244_T_DIS_H:T_EDGE_HI_VCCY_1.6500[1]/PIN9,n,S,,48.0000004188241,,,22.340000072063,23.2200001448746,23.1299992492495,23.2000001432198,23.2600001481842,23.3499992674524,22.7200001035044,23.0899992459399,21.4699991119005,22.860000115088,23.2000001432198,,22.8000001101236,22.7400001051592,22.9899992376659
2,24415780,A244_T_DIS_H:T_EDGE_LO_VCCY_1.6500[1]/PIN12,n,S,,48.0000004188241,,,22.9899992376659,23.8200001945188,23.800000192864,23.8800001994832,23.900000201138,24.1600002226505,23.5299992823457,23.9299993154418,21.9800000422765,23.6600001812803,24.0299993237159,,23.5299992823457,23.4200001614226,23.70000018459
2,24415780,A244_T_DIS_H:T_EDGE_LO_VCCY_1.6500[1]/PIN14,n,S,,48.0000004188241,,,21.7699991367226,22.5000000853015,22.3800000753727,22.2800000670986,22.3699991863668,22.5099991979505,22.0699991615447,22.4699991946409,20.8599999496073,22.3299991830572,22.3200000704082,,22.0800000505506,22.1600000571698,22.249999176438
2,24415780,A244_T_DIS_H:T_EDGE_LO_VCCY_1.6500[1]/PIN16,n,S,,48.0000004188241,,,21.7800000257284,22.4299991913313,22.3299991830572,22.3200000704082,22.340000072063,22.5699992029149,22.0299991582351,22.3299991830572,20.8300008353035,22.2699991780928,22.3200000704082,,21.9899991549255,22.0200000455861,22.240000063789
2,24415780,A244_T_DIS_H:T_EDGE_LO_VCCY_1.6500[1]/PIN18,n,S,,48.0000004188241,,,21.7699991367226,22.4400000803371,22.2600000654438,22.3200000704082,22.3800000753727,22.6000000935755,22.0699991615447,22.3600000737179,20.9700008468872,22.2299991747832,22.3600000737179,,21.9699991532707,21.9899991549255,22.2099991731284
2,24415780,A244_T_DIS_H:T_EDGE_LO_VCCY_1.6500[1]/PIN3,n,S,,48.0000004188241,,,21.8499991433418,22.4899991962957,22.4200000786823,22.4400000803371,22.4200000786823,22.6000000935755,22.149999168164,22.4400000803371,20.9300008435775,22.2600000654438,22.3800000753727,,22.0400000472409,22.1000000522054,22.1699991698188
2,24415780,A244_T_DIS_H:T_EDGE_LO_VCCY_1.6500[1]/PIN5,n,S,,48.0000004188241,,,21.8600000323477,22.7200001035044,22.7000001018496,22.66000009854,22.6899992128438,22.769999219463,22.349999184712,22.5200000869563,20.8799999512621,22.4899991962957,22.6499992095341,,22.2099991731284,22.3299991830572,22.4099991896765
2,24415780,A244_T_DIS_H:T_EDGE_LO_VCCY_1.6500[1]/PIN7,n,S,,48.0000004188241,,,22.6299992078793,23.6099992889649,23.6600001812803,23.6000001763159,23.70000018459,23.7800001912092,23.2099992558688,23.6099992889649,21.6499991267938,23.389999270762,23.7600001895544,,23.2000001432198,23.280000149839,23.3699992691072
2,24415780,A244_T_DIS_H:T_EDGE_LO_VCCY_1.6500[1]/PIN9,n,S,,48.0000004188241,,,22.4400000803371,23.3600001564582,23.2499992591784,23.3000001514938,23.4099992724168,23.5000001680419,22.860000115088,23.2400001465294,21.3599999909775,23.0000001266717,23.3600001564582,,22.9499992343563,22.8800001167428,23.1200001366005
2,24419808,A244_T_DIS_H:T_EDGE_HI_VCCY_1.4000[1]/PIN12,n,S,,61.9999980244756,,,29.8000006893062,30.7400007670822,30.6399989824513,30.7400007670822,30.750001656088,31.1000007968687,30.4300016296111,30.7900016593976,28.580000588363,30.5599989758321,30.750001656088,,30.5199989725224,30.2700016163726,30.6799989857609
2,24419808,A244_T_DIS_H:T_EDGE_HI_VCCY_1.4000[1]/PIN14,n,S,,61.9999980244756,,,28.8099997192148,29.6400006760678,29.4800006628293,29.4299997705139,29.5899997837523,29.7600006859966,29.1699997490014,29.5899997837523,27.6699996248908,29.4499997721687,29.4000006562101,,29.3200006495908,29.2200006413168,29.4499997721687
2,24419808,A244_T_DIS_H:T_EDGE_HI_VCCY_1.4000[1]/PIN16,n,S,,61.9999980244756,,,28.6600005949822,29.4400006595197,29.2899997589302,29.3499997638946,29.3600006529005,29.7099997936812,28.9899997341081,29.3499997638946,27.4699996083427,29.2899997589302,29.2600006446264,,29.100000631388,29.0200006247687,29.3499997638946
2,24419808,A244_T_DIS_H:T_EDGE_HI_VCCY_1.4000[1]/PIN18,n,S,,61.9999980244756,,,28.7299997125956,29.6200006744129,29.300000647936,29.4899997754783,29.5099997771331,29.9000006975803,29.1400006346976,29.4800006628293,27.8099996364745,29.3899997672042,29.3899997672042,,29.1299997456917,29.0699997407273,29.3800006545553
2,24419808,A244_T_DIS_H:T_EDGE_HI_VCCY_1.4000[1]/PIN3,n,S,,61.9999980244756,,,28.4000005734697,29.3299997622398,29.1499997473466,29.1800006380072,29.2600006446264,29.4099997688591,28.78999971756,29.0200006247687,27.3499995984139,28.9299997291437,28.9600006198043,,28.8099997192148,28.8000006065658,28.9200006164947
2,24419808,A244_T_DIS_H:T_EDGE_HI_VCCY_1.4000[1]/PIN5,n,S,,61.9999980244756,,,28.6200005916726,29.5200006661389,29.5200006661389,29.4299997705139,29.5200006661389,29.6200006744129,29.1499997473466,29.1699997490014,27.5899996182716,29.2499997556206,29.3299997622398,,29.1899997506562,29.100000631388,29.2899997589302
2,24419808,A244_T_DIS_H:T_EDGE_HI_VCCY_1.4000[1]/PIN7,n,S,,61.9999980244756,,,29.3699997655494,30.5500016395399,30.5999989791417,30.4200007406052,30.6399989824513,30.7599989923801,30.1500016064438,30.3900016263015,28.2899996761898,30.2099998350513,30.5100016362303,,30.1000007141283,30.0399989328071,30.3100016196822
2,24419808,A244_T_DIS_H:T_EDGE_HI_VCCY_1.4000[1]/PIN9,n,S,,61.9999980244756,,,29.3499997638946,30.3299998449802,30.1699998317417,30.3199989559744,30.3800007372956,30.4600007439149,29.7800006876514,30.0700015998245,28.1400005519572,29.9400007008899,30.1400007174379,,29.929999811884,29.8000006893062,30.1400007174379
2,24419806,A244_T_DIS_H:T_EDGE_LO_VCCY_1.4000[1]/PIN12,n,S,,61.9999980244756,,,29.209999752311,30.0499998218129,29.9199989228782,30.2099998350513,30.2099998350513,30.6499998714571,29.8600006942706,30.3299998449802,28.1499996646062,29.9900015932053,30.359998959284,,29.9599989261878,29.729999795336,30.1599989427359
2,24419806,A244_T_DIS_H:T_EDGE_LO_VCCY_1.4000[1]/PIN14,n,S,,61.9999980244756,,,28.1099996612966,28.8800006131851,28.6000005900178,28.6200005916726,28.7499997142504,28.9699997324533,28.4699996910831,28.9499997307985,27.1600004708716,28.7600006032562,28.6600005949822,,28.5400005850533,28.5499996977023,28.7699997159052
2,24419806,A244_T_DIS_H:T_EDGE_LO_VCCY_1.4000[1]/PIN16,n,S,,61.9999980244756,,,28.1000005486476,28.8000006065658,28.5899997010119,28.7099997109408,28.7499997142504,29.1499997473466,28.3899996844639,28.8000006065658,26.9400004526688,28.7000005982918,28.6400005933274,,28.4600005784341,28.4800005800889,28.7099997109408
2,24419806,A244_T_DIS_H:T_EDGE_LO_VCCY_1.4000[1]/PIN18,n,S,,61.9999980244756,,,27.9800005387187,28.8000006065658,28.4200005751245,28.7000005982918,28.7400006016014,29.1899997506562,28.3600005701601,28.78999971756,27.020000459288,28.5699996993571,28.689999709286,,28.3699996828091,28.3200005668505,28.6699997076312
2,24419806,A244_T_DIS_H:T_EDGE_LO_VCCY_1.4000[1]/PIN3,n,S,,61.9999980244756,,,27.9499996480581,28.8200006082207,28.6600005949822,28.78999971756,28.7600006032562,28.9899997341081,28.4200005751245,28.8099997192148,26.8499995570437,28.5400005850533,28.580000588363,,28.3499996811543,28.3800005718149,28.4099996861187
2,24419806,A244_T_DIS_H:T_EDGE_LO_VCCY_1.4000[1]/PIN5,n,S,,61.9999980244756,,,28.1099996612966,29.1499997473466,29.0800006297331,29.0899997423821,29.1699997490014,29.2499997556206,28.7499997142504,28.9299997291437,27.0099995702822,28.8499997225244,28.9800006214591,,28.680000596637,28.7400006016014,28.8099997192148
2,24419806,A244_T_DIS_H:T_EDGE_LO_VCCY_1.4000[1]/PIN7,n,S,,61.9999980244756,,,28.8099997192148,30.0799989361167,30.2099998350513,30.0799989361167,30.2700016163726,30.359998959284,29.6200006744129,30.0600007108187,27.7699996331648,29.7899998003004,30.2399989493551,,29.7000006810322,29.7499997969908,29.8600006942706
2,24419806,A244_T_DIS_H:T_EDGE_LO_VCCY_1.4000[1]/PIN9,n,S,,61.9999980244756,,,28.9800006214591,29.9500015898957,29.7499997969908,29.9199989228782,30.1100016031342,30.2200007240572,29.4499997721687,29.7899998003004,27.7699996331648,29.6000006727581,29.9000006975803,,29.6600006777226,29.5000006644841,29.8000006893062
2,24419770,A244_POR_H:T_POR_pos@V_VCC[1],_,V,0.100000001490116,1.5,,,0.300000011920929,0.300000011920929,0.300000011920929,0.300000011920929,0.300000011920929,0.300000011920929,0.300000011920929,0.300000011920929,0.300000011920929,0.300000011920929,0.300000011920929,,0.300000011920929,0.300000011920929,0.300000011920929
2,24419768,A244_POR_H:T_POR_hyst@V_VCC[1],_,V,-0.200000002980232,0.899999976158142,,,0.300000011920929,0.300000011920929,0.300000011920929,0.300000011920929,0.300000011920929,0.300000011920929,0.300000011920929,0.300000011920929,0.300000011920929,0.300000011920929,0.300000011920929,,0.300000011920929,0.300000011920929,0.300000011920929
2,0,A244_COOL_DOWN:SOAK_TIME@PIN1[1],_,s,,,,,30,15,20,15,15,20,15,20,20,20,40,,20,20,20
