Test Suite,Test,Test#,Type,Pattern,Lower,Upper,Unit,Min,Max,Mean,Sdev,Pass#,Fail#,Time,TS Time
"CONTINUITY","CONTINUITY",10030,"Parametric","",-500,-300,"mV",-373.903,-365.484,-370.49,4.3705,5,0,0.170978,***
"CONTINUITY","CONTINUITY",10020,"Parametric","",-500,-300,"mV",-430.249,-418.012,-424.751,5.86901,5,0,0.170978,***
"CONTINUITY","CONTINUITY",10050,"Parametric","",-500,-300,"mV",-374.027,-365.775,-370.715,4.3087,5,0,0.170978,***
"CONTINUITY","CONTINUITY",10090,"Parametric","",-500,-300,"mV",-362.292,-352.844,-358.285,4.8978,5,0,0.170978,***
"CONTINUITY","CONTINUITY",10080,"Parametric","",-500,-300,"mV",-376.873,-367.71,-372.992,4.41986,5,0,0.170978,***
"CONTINUITY","CONTINUITY",10040,"Parametric","",-500,-300,"mV",-368.393,-359.855,-364.522,4.23717,5,0,0.170978,***
"CONTINUITY","CONTINUITY",10010,"Parametric","",-500,-300,"mV",-466.189,-442.397,-453.28,10.3613,5,0,0.170978,***
"CONTINUITY","CONTINUITY",10070,"Parametric","",-500,-200,"mV",-300.035,-295.596,-298.146,1.8956,5,0,0.170978,***
"CONTINUITY","CONTINUITY",10060,"Parametric","",-500,-300,"mV",-360.699,-355.462,-356.692,2.24964,5,0,0.170978,***
"CONTINUITY","CONTINUITY",10180,"Parametric","",-360,-300,"mV",-343.847,-337.786,-341.566,2.91028,5,0,0.170978,***
"CONTINUITY","CONTINUITY",10190,"Parametric","",-360,-300,"mV",-344.732,-338.352,-342.207,3.02209,5,0,0.170978,***
"CONTINUITY","CONTINUITY",10200,"Parametric","",-360,-300,"mV",-344.997,-338.49,-342.337,2.91834,5,0,0.170978,***
"CONTINUITY","CONTINUITY",10210,"Parametric","",-360,-300,"mV",-344.793,-338.545,-342.375,2.892,5,0,0.170978,***
"CONTINUITY","CONTINUITY",10220,"Parametric","",-360,-300,"mV",-344.79,-338.165,-342.304,3.05215,5,0,0.170978,***
"CONTINUITY","CONTINUITY",10230,"Parametric","",-360,-300,"mV",-344.81,-338.535,-342.402,2.90796,5,0,0.170978,***
"CONTINUITY","CONTINUITY",10240,"Parametric","",-360,-300,"mV",-344.824,-338.634,-342.385,2.8704,5,0,0.170978,***
"CONTINUITY","CONTINUITY",10250,"Parametric","",-360,-300,"mV",-344.761,-338.768,-342.293,2.78818,5,0,0.170978,***
"CONTINUITY","CONTINUITY",10100,"Parametric","",-300,-200,"mV",-225.84,-225.348,-225.512,0.196562,5,0,0.170978,***
"CONTINUITY","CONTINUITY",10110,"Parametric","",-300,-200,"mV",-225.92,-225.41,-225.566,0.204555,5,0,0.170978,***
"CONTINUITY","CONTINUITY",10120,"Parametric","",-300,-200,"mV",-225.967,-225.441,-225.704,0.233196,5,0,0.170978,***
"CONTINUITY","CONTINUITY",10130,"Parametric","",-300,-200,"mV",-225.582,-225.285,-225.426,0.141829,5,0,0.170978,***
"CONTINUITY","CONTINUITY",10140,"Parametric","",-300,-200,"mV",-225.929,-225.208,-225.582,0.33247,5,0,0.170978,***
"CONTINUITY","CONTINUITY",10150,"Parametric","",-300,-200,"mV",-226.009,-225.306,-225.579,0.272506,5,0,0.170978,***
"CONTINUITY","CONTINUITY",10160,"Parametric","",-300,-200,"mV",-225.746,-225.372,-225.557,0.148577,5,0,0.170978,***
"CONTINUITY","CONTINUITY",10170,"Parametric","",-300,-200,"mV",-225.882,-225.285,-225.52,0.230176,5,0,0.170978,***
"Pin_to_Pin_Leakage","PIN_TO_PIN_POS_LEAKAGE_PIN",20010,"Parametric","",-200,200,"nA",-5.98673,-4.31095,-5.05236,0.777302,5,0,0.438496,***
"Pin_to_Pin_Leakage","PIN_TO_PIN_NEG_LEAKAGE_PIN",20110,"Parametric","",-200,200,"nA",-5.98673,-4.31095,-5.05236,0.777302,5,0,0.438496,***
"Pin_to_Pin_Leakage","PIN_TO_PIN_POS_LEAKAGE_PIN",20020,"Parametric","",-200,200,"nA",-9.96708,-7.57796,-8.61494,1.17499,5,0,0.438496,***
"Pin_to_Pin_Leakage","PIN_TO_PIN_NEG_LEAKAGE_PIN",20120,"Parametric","",-200,200,"nA",-9.96708,-7.57796,-8.61494,1.17499,5,0,0.438496,***
"Pin_to_Pin_Leakage","PIN_TO_PIN_POS_LEAKAGE_PIN",20030,"Parametric","",-200,200,"nA",-8.02477,-6.07993,-6.94999,0.88794,5,0,0.438496,***
"Pin_to_Pin_Leakage","PIN_TO_PIN_NEG_LEAKAGE_PIN",20130,"Parametric","",-200,200,"nA",-8.02477,-6.07993,-6.94999,0.88794,5,0,0.438496,***
"Pin_to_Pin_Leakage","PIN_TO_PIN_POS_LEAKAGE_PIN",20040,"Parametric","",-200,200,"nA",-10.5361,-7.88014,-9.09577,1.20026,5,0,0.438496,***
"Pin_to_Pin_Leakage","PIN_TO_PIN_NEG_LEAKAGE_PIN",20140,"Parametric","",-200,200,"nA",-10.5361,-7.88014,-9.09577,1.20026,5,0,0.438496,***
"Pin_to_Pin_Leakage","PIN_TO_PIN_POS_LEAKAGE_PIN",20050,"Parametric","",10,500,"nA",297.496,300.799,299.365,1.49037,5,0,0.438496,***
"Pin_to_Pin_Leakage","PIN_TO_PIN_NEG_LEAKAGE_PIN",20150,"Parametric","",-500,-10,"nA",-304.08,-296.324,-300.158,2.99886,5,0,0.438496,***
"Pin_to_Pin_Leakage","PIN_TO_PIN_POS_LEAKAGE_PIN",20060,"Parametric","",10,500,"nA",299.628,304.222,300.795,1.92802,5,0,0.438496,***
"Pin_to_Pin_Leakage","PIN_TO_PIN_NEG_LEAKAGE_PIN",20160,"Parametric","",-500,-10,"nA",-301.676,-298.882,-300.445,1.17121,5,0,0.438496,***
"Pin_to_Pin_Leakage","PIN_TO_PIN_POS_LEAKAGE_PIN",20070,"Parametric","",300,700,"nA",504.667,546.712,526.095,19.4697,5,0,0.438496,***
"Pin_to_Pin_Leakage","PIN_TO_PIN_NEG_LEAKAGE_PIN",20170,"Parametric","",-700,-300,"nA",-549.65,-509.711,-529.989,18.5178,5,0,0.438496,***
"Pin_to_Pin_Leakage","PIN_TO_PIN_POS_LEAKAGE_PIN",20080,"Parametric","",-200,200,"nA",-0.61654,-0.0591465,-0.312507,0.199497,5,0,0.438496,***
"Pin_to_Pin_Leakage","PIN_TO_PIN_NEG_LEAKAGE_PIN",20180,"Parametric","",-200,200,"nA",-5.62775,-4.15826,-4.79673,0.672815,5,0,0.438496,***
"Pin_to_Pin_Leakage","PIN_TO_PIN_POS_LEAKAGE_PIN",20090,"Parametric","",-200,200,"nA",0.0971407,0.813279,0.434749,0.283886,5,0,0.438496,***
"Pin_to_Pin_Leakage","PIN_TO_PIN_NEG_LEAKAGE_PIN",20190,"Parametric","",-200,200,"nA",-9.21305,-6.50196,-7.6887,1.35308,5,0,0.438496,***
"Pin_to_Pin_Leakage","PIN_TO_PIN_POS_LEAKAGE_PIN_VBIAS_PS1600",20100,"Parametric","",500,1000,"nA",694,762,724.6,31.5563,5,0,0.438496,***
"Pin_to_Pin_Leakage","PIN_TO_PIN_NEG_LEAKAGE_PIN_VBIAS_PS1600",20200,"Parametric","",-1000,-500,"nA",-823,-775,-797.6,20.4524,5,0,0.438496,***
"IVDDFL_IVINFL_RONFL","RON_200mAVDD_5_VIN_5",90040,"Parametric","",0.04,0.08,"ohm",0.0565042,0.0578354,0.0570963,0.000546309,5,0,0.0466668,***
"IVDDFL_IVINFL_RONFL","DEVICE_VARIENT_TRUE",90060,"Parametric","",0.5,1.5,"",1,1,1,0,5,0,0.0466668,***
"Gross_Functional_EN_FCB_FAULTB_OFF","EN_FCB_LOW_VOUT_LOW",30010,"Parametric","",-0.001,1,"V",0.000480652,0.00163269,0.00110741,0.00049194,5,0,0.254434,***
"Gross_Functional_EN_FCB_FAULTB_OFF","EN_FCB_LOW_OFF_HIGH",30020,"Parametric","",1.6,2.3,"V",1.89165,1.93514,1.90729,0.0184096,5,0,0.254434,***
"Gross_Functional_EN_FCB_FAULTB_OFF","FCB_LOW_VOUT_LOW",30030,"Parametric","",-0.001,0.5,"V",0.000659943,0.00228882,0.00112762,0.000675042,5,0,0.254434,***
"Gross_Functional_EN_FCB_FAULTB_OFF","FCB_LOW_OFF_HIGH",30040,"Parametric","",1.6,2.3,"V",1.89182,1.93548,1.90772,0.0184318,5,0,0.254434,***
"Gross_Functional_EN_FCB_FAULTB_OFF","EN_LOW_VOUT_LOW",30050,"Parametric","",-0.001,0.5,"V",0.000484467,0.00144958,0.00087738,0.00042963,5,0,0.254434,***
"Gross_Functional_EN_FCB_FAULTB_OFF","EN_LOW_OFF_HIGH",30060,"Parametric","",1.6,2.3,"V",1.89211,1.93519,1.90742,0.0182659,5,0,0.254434,***
"Gross_Functional_EN_FCB_FAULTB_OFF","EN_FCB_HIGH_VOUT_HIGH",30070,"Parametric","",4.85,5.1,"V",4.99977,5.00014,4.99994,0.000143293,5,0,0.254434,***
"Gross_Functional_EN_FCB_FAULTB_OFF","EN_FCB_HIGH_OFF_LOW",30080,"Parametric","",-0.001,0.5,"V",0.000714269,0.000771185,0.000725652,2.54538e-05,5,0,0.254434,***
"Gross_Functional_EN_FCB_FAULTB_OFF","FAULT_SET_VOUT_LOW",30090,"Parametric","",-0.001,0.5,"V",5.5313e-05,0.000640869,0.000225067,0.000236846,5,0,0.254434,***
"Gross_Functional_EN_FCB_FAULTB_OFF","FAULT_SET_OFF_HIGH",30100,"Parametric","",1.6,2.3,"V",1.9336,1.97737,1.94951,0.0185753,5,0,0.254434,***
"Gross_Functional_EN_FCB_FAULTB_OFF","FAULT_RESET_VOUT_HIGH",30110,"Parametric","",4.85,5.1,"V",4.99968,5.00018,4.9999,0.000218083,5,0,0.254434,***
"Gross_Functional_EN_FCB_FAULTB_OFF","FAULT_RESET_OFF_LOW",30120,"Parametric","",0,0.5,"V",0.000714269,0.000771185,0.000725652,2.54538e-05,5,0,0.254434,***
"Output_disabled_leakage","IVDDDIS_VDD_3_VIN_3",40010,"Parametric","",10,166.5,"uA",109.573,115.374,112.005,2.23666,5,0,0.128736,***
"Output_disabled_leakage","IVINDIS_VDD_3_VIN_3",40050,"Parametric","",10,166.5,"uA",72.5631,75.357,74.1234,1.07217,5,0,0.128736,***
"Output_disabled_leakage","IOFF_VDD_3_VIN_3",40090,"Parametric","",-14,11,"uA",-3.1759,0.458771,-1.53275,1.79963,5,0,0.128736,***
"Output_disabled_leakage","IVDDDIS_VDD_3_VIN_50",40180,"Parametric","",10,175,"uA",117.671,125.622,122.234,2.96356,5,0,0.128736,***
"Output_disabled_leakage","IVINDIS_VDD_3_VIN_50",40220,"Parametric","",10,175,"uA",116.949,129.746,124.246,5.67224,5,0,0.128736,***
"Output_disabled_leakage","IOFF_VDD_3_VIN_50",40260,"Parametric","",-20,20,"uA",-2.69047,2.10223,-0.900815,1.99332,5,0,0.128736,***
"Output_disabled_leakage","IVINVDD0_VIN_3",40130,"Parametric","",10,166.5,"uA",64.9979,74.422,68.8434,3.71675,5,0,0.128736,***
"Output_disabled_leakage","IOFFVDD0_VIN_3",40150,"Parametric","",-14,11,"uA",-2.96056,2.06669,-1.26518,2.01826,5,0,0.128736,***
"Output_disabled_leakage","IVDDDIS_VDD_50_VIN_3",40190,"Parametric","",10,175,"uA",136.234,153.201,143.684,7.0881,5,0,0.128736,***
"Output_disabled_leakage","IVINDIS_VDD_50_VIN_3",40230,"Parametric","",10,175,"uA",69.9935,77.7133,73.4651,3.80657,5,0,0.128736,***
"Output_disabled_leakage","IOFF_VDD_50_VIN_3",40270,"Parametric","",-20,20,"uA",-6.29923,0.788052,-1.86424,3.07645,5,0,0.128736,***
"Output_disabled_leakage","IVDDDIS_VDD_50_VIN_50",40200,"Parametric","",10,185,"uA",140.509,152.739,145.952,4.4259,5,0,0.128736,***
"Output_disabled_leakage","IVINDIS_VDD_50_VIN_50",40240,"Parametric","",10,175,"uA",116.7,126.705,121.765,4.29032,5,0,0.128736,***
"Output_disabled_leakage","IOFF_VDD_50_VIN_50",40280,"Parametric","",-20,20,"uA",-3.4245,3.36903,-0.640794,2.83477,5,0,0.128736,***
"Output_disabled_leakage","IVINVDD0_VIN_50",40300,"Parametric","",10,200,"uA",155.225,161.961,159.262,2.57213,5,0,0.128736,***
"Output_disabled_leakage","IOFFVDD0_VIN_50",40320,"Parametric","",-20,20,"uA",-3.34089,-0.0873151,-1.31756,1.44618,5,0,0.128736,***
"EN_pullup_resistor","EN0V_PULLUP_RES",50010,"Parametric","",155,230,"Kohm",183.446,198.622,190.775,7.01855,5,0,0.037729,***
"EN_pullup_resistor","EN1V_PULLUP_RES",50020,"Parametric","",155,230,"Kohm",183.958,199.138,191.243,6.99361,5,0,0.037729,***
"EN_pullup_resistor","EN0V_Current",50030,"Parametric","",-11,-7,"uA",-9.81217,-9.06246,-9.44548,0.348714,5,0,0.037729,***
"EN_pullup_resistor","EN1V_Current",50040,"Parametric","",-6,-3,"uA",-4.34881,-4.01731,-4.18765,0.153579,5,0,0.037729,***
"Leakage_Test","IOFF_REVERSE_VOUT_VIN_LEAKAGE_1mA",60030,"Parametric","",-331,-205,"mV",-268.543,-266.472,-267.378,0.746455,5,0,0.0728382,***
"Leakage_Test","IOFF_REVERSE_VOUT_VIN_LEAKAGE_10mA",60040,"Parametric","",-340,-205,"mV",-329.834,-329.302,-329.58,0.214002,5,0,0.0728382,***
"Leakage_Test","IOFF_REVERSE_VOUT_VIN_LEAKAGE_100mA",60050,"Parametric","",-331,-205,"mV",-210.274,-207.72,-209.284,1.11806,5,0,0.0728382,***
"Nominal_Input_pin_Leakages","LEAKAGE",70010,"Parametric","",10,40,"uA",24.4166,26.319,25.3775,0.88217,5,0,0.132893,***
"Nominal_Input_pin_Leakages","LEAKAGE",70060,"Parametric","",-0.2,0.2,"uA",0.00490003,0.00616929,0.00550928,0.000584412,5,0,0.132893,***
"Nominal_Input_pin_Leakages","LEAKAGE",70020,"Parametric","",-0.5,0.5,"uA",0.0616776,0.0867436,0.071704,0.0137292,5,0,0.132893,***
"Nominal_Input_pin_Leakages","LEAKAGE",70040,"Parametric","",24,50,"uA",26.0414,27.1783,26.5568,0.433393,5,0,0.132893,***
"Nominal_Input_pin_Leakages","LEAKAGE",70030,"Parametric","",14,25,"uA",16.2011,16.9543,16.6179,0.337593,5,0,0.132893,***
"Nominal_Input_pin_Leakages","LEAKAGE",70080,"Parametric","",-0.2,0.5,"uA",-0.00115196,0.07472,0.034255,0.0288358,5,0,0.132893,***
"Nominal_Input_pin_Leakages","LEAKAGE",70050,"Parametric","",20,70,"uA",48.596,52.9298,50.5664,2.18653,5,0,0.132893,***
"Nominal_Input_pin_Leakages","LEAKAGE",70070,"Parametric","",5,40,"uA",24.1398,25.3073,24.6515,0.481867,5,0,0.132893,***
"Nominal_Input_pin_Leakages","LEAKAGE_2V",70090,"Parametric","",-0.5,0.5,"uA",-0.00748535,0.043096,0.0228634,0.0211597,5,0,0.132893,***
"Output_enabled_leakage","IVDD_VDD_3_Vin_3",80001,"Parametric","",10,150,"uA",101.202,106.174,104.325,2.13304,5,0,0.502089,***
"Output_enabled_leakage","IVIN_VDD_3_Vin_3",80005,"Parametric","",10,120,"uA",51.5082,58.1308,55.0119,2.44528,5,0,0.502089,***
"Output_enabled_leakage","IVDD_VDD_3_Vin_50",80018,"Parametric","",0,450,"uA",102.137,113.42,106.3,4.32758,5,0,0.502089,***
"Output_enabled_leakage","IVIN_VDD_3_Vin_50",80022,"Parametric","",0,450,"uA",84.0919,95.2678,89.5303,5.0171,5,0,0.502089,***
"Output_enabled_leakage","IVDD_VDD_50_Vin_3",80019,"Parametric","",0,450,"uA",113.077,123.907,117.471,4.32438,5,0,0.502089,***
"Output_enabled_leakage","IVIN_VDD_50_Vin_3",80023,"Parametric","",0,450,"uA",53.5012,57.6987,55.8257,1.61434,5,0,0.502089,***
"Output_enabled_leakage","IVDD_VDD_50_Vin_50",80020,"Parametric","",0,450,"uA",110.816,125.019,117.142,6.15195,5,0,0.502089,***
"Output_enabled_leakage","IVIN_VDD_50_Vin_50",80024,"Parametric","",0,450,"uA",87.1904,96.1162,90.8546,3.87556,5,0,0.502089,***
"SCAN","Scan_test",330010,"Functional","_rdi_burst_SCAN_bk4_mp",***,***," ",***,***,***,***,5,0,0.128416,***
"Logic","Logic_test",340010,"Functional","_rdi_burst_Logic_bk6_mp",***,***," ",***,***,***,***,5,0,0.326393,***
"Vreftrim","VBIAS_VALUE_CODE0",180020,"Parametric","",1.5,2.5,"V",1.8904,1.93417,1.90601,0.0185199,5,0,1.20814,***
"Vreftrim","VBIAS_VALUE_CODE1",180030,"Parametric","",1.5,2.5,"V",1.90691,1.95113,1.92274,0.0186801,5,0,1.20814,***
"Vreftrim","VBIAS_VALUE_CODE2",180040,"Parametric","",1.5,2.5,"V",1.92392,1.96849,1.94,0.0188003,5,0,1.20814,***
"Vreftrim","VBIAS_VALUE_CODE3",180050,"Parametric","",1.5,2.5,"V",1.94106,1.98579,1.95721,0.0188023,5,0,1.20814,***
"Vreftrim","VBIAS_VALUE_CODE4",180060,"Parametric","",1.5,2.5,"V",1.95881,2.00429,1.97507,0.0192347,5,0,1.20814,***
"Vreftrim","VBIAS_VALUE_CODE5",180070,"Parametric","",1.5,2.5,"V",1.97611,2.0217,1.99223,0.01934,5,0,1.20814,***
"Vreftrim","VBIAS_VALUE_CODE6",180080,"Parametric","",1.5,2.5,"V",1.99308,2.03912,2.00956,0.0194084,5,0,1.20814,***
"Vreftrim","VBIAS_VALUE_CODE7",180090,"Parametric","",1.5,2.5,"V",2.01015,2.05637,2.02682,0.0195346,5,0,1.20814,***
"Vreftrim","VBIAS_VALUE_CODE8",180100,"Parametric","",1.5,2.5,"V",2.02802,2.07504,2.04527,0.0196865,5,0,1.20814,***
"Vreftrim","VBIAS_VALUE_CODE9",180110,"Parametric","",1.5,2.5,"V",2.0451,2.09257,2.06253,0.0199123,5,0,1.20814,***
"Vreftrim","VBIAS_VALUE_CODE10",180120,"Parametric","",1.5,2.5,"V",2.06269,2.11021,2.08,0.019925,5,0,1.20814,***
"Vreftrim","VBIAS_VALUE_CODE11",180130,"Parametric","",1.5,2.5,"V",2.07965,2.12785,2.09726,0.0201364,5,0,1.20814,***
"Vreftrim","VBIAS_VALUE_CODE12",180140,"Parametric","",1.5,2.5,"V",2.09723,2.14584,2.11504,0.0203931,5,0,1.20814,***
"Vreftrim","VBIAS_VALUE_CODE13",180150,"Parametric","",1.5,2.5,"V",2.11442,2.16343,2.13219,0.0206479,5,0,1.20814,***
"Vreftrim","VBIAS_VALUE_CODE14",180160,"Parametric","",1.5,2.5,"V",2.1315,2.18096,2.1496,0.0207347,5,0,1.20814,***
"Vreftrim","VBIAS_VALUE_CODE15",180170,"Parametric","",1.5,2.5,"V",2.14834,2.19849,2.16671,0.0210797,5,0,1.20814,***
"Vreftrim","VBIAS_VALUE_CODE16",180180,"Parametric","",1.5,2.5,"V",1.61356,1.65101,1.62696,0.01585,5,0,1.20814,***
"Vreftrim","VBIAS_VALUE_CODE17",180190,"Parametric","",1.5,2.5,"V",1.63029,1.66825,1.64395,0.0160669,5,0,1.20814,***
"Vreftrim","VBIAS_VALUE_CODE18",180200,"Parametric","",1.5,2.5,"V",1.64765,1.68573,1.66134,0.0160588,5,0,1.20814,***
"Vreftrim","VBIAS_VALUE_CODE19",180210,"Parametric","",1.5,2.5,"V",1.66444,1.7032,1.67837,0.0163148,5,0,1.20814,***
"Vreftrim","VBIAS_VALUE_CODE20",180220,"Parametric","",1.5,2.5,"V",1.68197,1.7213,1.69607,0.0166875,5,0,1.20814,***
"Vreftrim","VBIAS_VALUE_CODE21",180230,"Parametric","",1.5,2.5,"V",1.69865,1.73849,1.71301,0.0168905,5,0,1.20814,***
"Vreftrim","VBIAS_VALUE_CODE22",180240,"Parametric","",1.5,2.5,"V",1.71606,1.75596,1.73037,0.0169667,5,0,1.20814,***
"Vreftrim","VBIAS_VALUE_CODE23",180250,"Parametric","",1.5,2.5,"V",1.73285,1.77327,1.74723,0.0171884,5,0,1.20814,***
"Vreftrim","VBIAS_VALUE_CODE24",180260,"Parametric","",1.5,2.5,"V",1.75107,1.79193,1.76589,0.0172115,5,0,1.20814,***
"Vreftrim","VBIAS_VALUE_CODE25",180270,"Parametric","",1.5,2.5,"V",1.76809,1.80952,1.78302,0.0175024,5,0,1.20814,***
"Vreftrim","VBIAS_VALUE_CODE26",180280,"Parametric","",1.5,2.5,"V",1.78527,1.82677,1.80033,0.0175094,5,0,1.20814,***
"Vreftrim","VBIAS_VALUE_CODE27",180290,"Parametric","",1.5,2.5,"V",1.80218,1.84418,1.81735,0.0176852,5,0,1.20814,***
"Vreftrim","VBIAS_VALUE_CODE28",180300,"Parametric","",1.5,2.5,"V",1.81982,1.86223,1.83522,0.017918,5,0,1.20814,***
"Vreftrim","VBIAS_VALUE_CODE29",180310,"Parametric","",1.5,2.5,"V",1.83684,1.87981,1.85234,0.0182366,5,0,1.20814,***
"Vreftrim","VBIAS_VALUE_CODE30",180320,"Parametric","",1.5,2.5,"V",1.85397,1.89711,1.8695,0.0183096,5,0,1.20814,***
"Vreftrim","VBIAS_VALUE_CODE31",180330,"Parametric","",1.5,2.5,"V",1.87093,1.91464,1.88659,0.0185389,5,0,1.20814,***
"Vreftrim","VREF_TRIM_CODE",180010,"Parametric","",0,31,"Code",24,27,26,1.22474,5,0,1.20814,***
"Vreftrim","VBIAS_BEST_FIT_VALUE",180340,"Parametric","",1.77,1.83,"V",1.79193,1.80878,1.8001,0.00683245,5,0,1.20814,***
"SS_Current_Trim","SS_CURRENT_CODE0",220040,"Parametric","",-16,-6,"uA",-11.364,-10.403,-10.8922,0.384444,5,0,1.51525,***
"SS_Current_Trim","SS_CURRENT_CODE1",220050,"Parametric","",-16,-6,"uA",-11.504,-10.525,-11.0242,0.391784,5,0,1.51525,***
"SS_Current_Trim","SS_CURRENT_CODE2",220060,"Parametric","",-16,-6,"uA",-11.658,-10.67,-11.1722,0.394627,5,0,1.51525,***
"SS_Current_Trim","SS_CURRENT_CODE3",220070,"Parametric","",-16,-6,"uA",-11.828,-10.827,-11.3348,0.399889,5,0,1.51525,***
"SS_Current_Trim","SS_CURRENT_CODE4",220080,"Parametric","",-16,-6,"uA",-11.98,-10.964,-11.48,0.405572,5,0,1.51525,***
"SS_Current_Trim","SS_CURRENT_CODE5",220090,"Parametric","",-16,-6,"uA",-12.155,-11.129,-11.6488,0.410216,5,0,1.51525,***
"SS_Current_Trim","SS_CURRENT_CODE6",220100,"Parametric","",-16,-6,"uA",-12.33,-11.286,-11.816,0.416813,5,0,1.51525,***
"SS_Current_Trim","SS_CURRENT_CODE7",220110,"Parametric","",-16,-6,"uA",-12.493,-11.438,-11.974,0.421976,5,0,1.51525,***
"SS_Current_Trim","SS_CURRENT_CODE8",220120,"Parametric","",-16,-6,"uA",-12.673,-11.61,-12.1498,0.424479,5,0,1.51525,***
"SS_Current_Trim","SS_CURRENT_CODE9",220130,"Parametric","",-16,-6,"uA",-12.878,-11.793,-12.3424,0.432239,5,0,1.51525,***
"SS_Current_Trim","SS_CURRENT_CODE10",220140,"Parametric","",-16,-6,"uA",-13.071,-11.975,-12.5302,0.437932,5,0,1.51525,***
"SS_Current_Trim","SS_CURRENT_CODE11",220150,"Parametric","",-16,-6,"uA",-13.258,-12.15,-12.709,0.443252,5,0,1.51525,***
"SS_Current_Trim","SS_CURRENT_CODE12",220160,"Parametric","",-16,-6,"uA",-13.481,-12.353,-12.9192,0.449761,5,0,1.51525,***
"SS_Current_Trim","SS_CURRENT_CODE13",220170,"Parametric","",-16,-6,"uA",-13.679,-12.538,-13.1112,0.45499,5,0,1.51525,***
"SS_Current_Trim","SS_CURRENT_CODE14",220180,"Parametric","",-16,-6,"uA",-13.902,-12.741,-13.3238,0.462604,5,0,1.51525,***
"SS_Current_Trim","SS_CURRENT_CODE15",220190,"Parametric","",-16,-6,"uA",-14.141,-12.962,-13.553,0.469565,5,0,1.51525,***
"SS_Current_Trim","SS_CURRENT_CODE16",220200,"Parametric","",-16,-6,"uA",-9.394,-8.598,-9.01,0.319829,5,0,1.51525,***
"SS_Current_Trim","SS_CURRENT_CODE17",220210,"Parametric","",-16,-6,"uA",-9.508,-8.697,-9.117,0.325301,5,0,1.51525,***
"SS_Current_Trim","SS_CURRENT_CODE18",220220,"Parametric","",-16,-6,"uA",-9.612,-8.793,-9.2162,0.329168,5,0,1.51525,***
"SS_Current_Trim","SS_CURRENT_CODE19",220230,"Parametric","",-16,-6,"uA",-9.709,-8.882,-9.3096,0.331498,5,0,1.51525,***
"SS_Current_Trim","SS_CURRENT_CODE20",220240,"Parametric","",-16,-6,"uA",-9.83,-8.991,-9.4226,0.336578,5,0,1.51525,***
"SS_Current_Trim","SS_CURRENT_CODE21",220250,"Parametric","",-16,-6,"uA",-9.929,-9.085,-9.52,0.339225,5,0,1.51525,***
"SS_Current_Trim","SS_CURRENT_CODE22",220260,"Parametric","",-16,-6,"uA",-10.041,-9.189,-9.6282,0.341768,5,0,1.51525,***
"SS_Current_Trim","SS_CURRENT_CODE23",220270,"Parametric","",-16,-6,"uA",-10.168,-9.303,-9.7478,0.346454,5,0,1.51525,***
"SS_Current_Trim","SS_CURRENT_CODE24",220280,"Parametric","",-16,-6,"uA",-10.284,-9.417,-9.862,0.348474,5,0,1.51525,***
"SS_Current_Trim","SS_CURRENT_CODE25",220290,"Parametric","",-16,-6,"uA",-10.396,-9.519,-9.9688,0.350749,5,0,1.51525,***
"SS_Current_Trim","SS_CURRENT_CODE26",220300,"Parametric","",-16,-6,"uA",-10.52,-9.635,-10.089,0.355022,5,0,1.51525,***
"SS_Current_Trim","SS_CURRENT_CODE27",220310,"Parametric","",-16,-6,"uA",-10.662,-9.762,-10.2238,0.361483,5,0,1.51525,***
"SS_Current_Trim","SS_CURRENT_CODE28",220320,"Parametric","",-16,-6,"uA",-10.779,-9.876,-10.339,0.363,5,0,1.51525,***
"SS_Current_Trim","SS_CURRENT_CODE29",220330,"Parametric","",-16,-6,"uA",-10.926,-10.01,-10.4784,0.367654,5,0,1.51525,***
"SS_Current_Trim","SS_CURRENT_CODE30",220340,"Parametric","",-16,-6,"uA",-11.063,-10.132,-10.6114,0.373797,5,0,1.51525,***
"SS_Current_Trim","SS_CURRENT_CODE31",220350,"Parametric","",-16,-6,"uA",-11.192,-10.259,-10.7392,0.374772,5,0,1.51525,***
"SS_Current_Trim","SS_CURRENT_TRIM_CODE",220030,"Parametric","",0,31,"Code",22,29,25.2,2.86356,5,0,1.51525,***
"SS_Current_Trim","SS_CURRENT_BEST_FIT_VALUE",220360,"Parametric","",-10.4,-9.6,"uA",-10.041,-9.942,-10.0006,0.0362047,5,0,1.51525,***
"SS_Gain","CURRENT_SS_0P1V_CODE0",230020,"Parametric","",150,1800,"mA",201.458,210.662,208.28,3.85035,5,0,4.06033,***
"SS_Gain","CURRENT_SS_0P2V_CODE0",230180,"Parametric","",300,3200,"mA",426.018,443.106,438.009,6.99205,5,0,4.06033,***
"SS_Gain","CURRENT_SS_0P1V_CODE1",230030,"Parametric","",150,1800,"mA",233.491,243.913,241.198,4.37583,5,0,4.06033,***
"SS_Gain","CURRENT_SS_0P2V_CODE1",230190,"Parametric","",300,3200,"mA",488.12,508.801,501.752,8.18197,5,0,4.06033,***
"SS_Gain","CURRENT_SS_0P1V_CODE2",230040,"Parametric","",150,1800,"mA",265.686,277.402,274.311,4.91893,5,0,4.06033,***
"SS_Gain","CURRENT_SS_0P2V_CODE2",230200,"Parametric","",300,3200,"mA",550.36,573.982,565.85,9.40168,5,0,4.06033,***
"SS_Gain","CURRENT_SS_0P1V_CODE3",230050,"Parametric","",150,1800,"mA",298.823,312.731,308.691,5.66186,5,0,4.06033,***
"SS_Gain","CURRENT_SS_0P2V_CODE3",230210,"Parametric","",300,3200,"mA",614.085,641.132,631.618,10.7484,5,0,4.06033,***
"SS_Gain","CURRENT_SS_0P1V_CODE4",230060,"Parametric","",150,1800,"mA",329.745,344.533,340.533,6.17176,5,0,4.06033,***
"SS_Gain","CURRENT_SS_0P2V_CODE4",230220,"Parametric","",300,3200,"mA",674.752,705.234,694.289,12.1363,5,0,4.06033,***
"SS_Gain","CURRENT_SS_0P1V_CODE5",230070,"Parametric","",150,1800,"mA",363.168,380.099,375.193,7.0066,5,0,4.06033,***
"SS_Gain","CURRENT_SS_0P2V_CODE5",230230,"Parametric","",300,3200,"mA",739.17,772.749,760.538,13.5481,5,0,4.06033,***
"SS_Gain","CURRENT_SS_0P1V_CODE6",230080,"Parametric","",150,1800,"mA",396.655,414.809,409.288,7.44687,5,0,4.06033,***
"SS_Gain","CURRENT_SS_0P2V_CODE6",230240,"Parametric","",300,3200,"mA",803.104,840.435,826.271,14.8415,5,0,4.06033,***
"SS_Gain","CURRENT_SS_0P1V_CODE7",230090,"Parametric","",150,1800,"mA",429.112,449.204,443.022,8.23223,5,0,4.06033,***
"SS_Gain","CURRENT_SS_0P2V_CODE7",230250,"Parametric","",300,3200,"mA",865.999,907.969,892.005,16.874,5,0,4.06033,***
"SS_Gain","CURRENT_SS_0P1V_CODE8",230100,"Parametric","",150,1800,"mA",461.072,483.79,476.427,9.1709,5,0,4.06033,***
"SS_Gain","CURRENT_SS_0P2V_CODE8",230260,"Parametric","",300,3200,"mA",928.358,973.484,955.953,18.0971,5,0,4.06033,***
"SS_Gain","CURRENT_SS_0P1V_CODE9",230110,"Parametric","",150,1800,"mA",495.399,519.363,511.711,9.75,5,0,4.06033,***
"SS_Gain","CURRENT_SS_0P2V_CODE9",230270,"Parametric","",300,3200,"mA",994.144,1043.14,1023.67,19.755,5,0,4.06033,***
"SS_Gain","CURRENT_SS_0P1V_CODE10",230120,"Parametric","",150,1800,"mA",528.563,554.738,546.04,10.6041,5,0,4.06033,***
"SS_Gain","CURRENT_SS_0P2V_CODE10",230280,"Parametric","",300,3200,"mA",1058.76,1111.27,1090.47,21.2699,5,0,4.06033,***
"SS_Gain","CURRENT_SS_0P1V_CODE11",230130,"Parametric","",150,1800,"mA",562.277,588.907,580.081,10.82,5,0,4.06033,***
"SS_Gain","CURRENT_SS_0P2V_CODE11",230290,"Parametric","",300,3200,"mA",1123.36,1179.29,1156.78,22.7398,5,0,4.06033,***
"SS_Gain","CURRENT_SS_0P1V_CODE12",230140,"Parametric","",150,1800,"mA",595.26,624.941,614.913,12.0708,5,0,4.06033,***
"SS_Gain","CURRENT_SS_0P2V_CODE12",230300,"Parametric","",300,3200,"mA",1186.98,1247.68,1223.25,24.744,5,0,4.06033,***
"SS_Gain","CURRENT_SS_0P1V_CODE13",230150,"Parametric","",150,1800,"mA",627.952,659.991,648.994,12.8942,5,0,4.06033,***
"SS_Gain","CURRENT_SS_0P2V_CODE13",230310,"Parametric","",300,3200,"mA",1251.54,1316.28,1289.74,26.2725,5,0,4.06033,***
"SS_Gain","CURRENT_SS_0P1V_CODE14",230160,"Parametric","",150,1800,"mA",661.977,695.712,684.15,13.7292,5,0,4.06033,***
"SS_Gain","CURRENT_SS_0P2V_CODE14",230320,"Parametric","",300,3200,"mA",1317.46,1384.63,1356.96,27.6511,5,0,4.06033,***
"SS_Gain","CURRENT_SS_0P1V_CODE15",230170,"Parametric","",300,3200,"mA",697.182,732.956,720.377,14.479,5,0,4.06033,***
"SS_Gain","CURRENT_SS_0P2V_CODE15",230330,"Parametric","",300,3200,"mA",1385.35,1457.01,1426.68,29.4653,5,0,4.06033,***
"SS_Gain","SS_GAIN_TRIM_CODE",230010,"Parametric","",0,31,"Code",8,9,8.6,0.547723,5,0,4.06033,***
"SS_Gain","BEST_CURR_SS_0p2V",230340,"Parametric","",700,1300,"mA",971.046,1021.44,995.84,24.0478,5,0,4.06033,***
"SS_Gain","BEST_CURR_SS_0p1V",230350,"Parametric","",350,650,"mA",483.049,512.492,497.384,14.5056,5,0,4.06033,***
"SS_Gain","BEST_CURR_SS_delta",230360,"Parametric","",400,600,"mA",487.997,509.252,498.457,9.60514,5,0,4.06033,***
"SSoffset_Trim","SS_OFFSET_CURRENT_CODE0",240020,"Parametric","",-300,-60,"mA",-224.436,-211.637,-220.772,5.20549,5,0,1.61275,***
"SSoffset_Trim","SS_OFFSET_CURRENT_CODE1",240030,"Parametric","",-300,-60,"mA",-218.404,-205.208,-214.498,5.29971,5,0,1.61275,***
"SSoffset_Trim","SS_OFFSET_CURRENT_CODE2",240040,"Parametric","",-300,-60,"mA",-211.21,-198.394,-207.534,5.19798,5,0,1.61275,***
"SSoffset_Trim","SS_OFFSET_CURRENT_CODE3",240050,"Parametric","",-300,-60,"mA",-206.743,-193.55,-202.766,5.2572,5,0,1.61275,***
"SSoffset_Trim","SS_OFFSET_CURRENT_CODE4",240060,"Parametric","",-300,-60,"mA",-199.242,-185.952,-195.105,5.24582,5,0,1.61275,***
"SSoffset_Trim","SS_OFFSET_CURRENT_CODE5",240070,"Parametric","",-300,-60,"mA",-194.486,-181.033,-190.215,5.27093,5,0,1.61275,***
"SSoffset_Trim","SS_OFFSET_CURRENT_CODE6",240080,"Parametric","",-300,-60,"mA",-187.287,-174.093,-183.181,5.20335,5,0,1.61275,***
"SSoffset_Trim","SS_OFFSET_CURRENT_CODE7",240090,"Parametric","",-300,-60,"mA",-181.198,-167.946,-177.057,5.21371,5,0,1.61275,***
"SSoffset_Trim","SS_OFFSET_CURRENT_CODE8",240100,"Parametric","",-300,-60,"mA",-174.924,-161.513,-170.65,5.2439,5,0,1.61275,***
"SSoffset_Trim","SS_OFFSET_CURRENT_CODE9",240110,"Parametric","",-300,-60,"mA",-170.28,-156.458,-165.887,5.41117,5,0,1.61275,***
"SSoffset_Trim","SS_OFFSET_CURRENT_CODE10",240120,"Parametric","",-300,-60,"mA",-163.142,-149.974,-159,5.16295,5,0,1.61275,***
"SSoffset_Trim","SS_OFFSET_CURRENT_CODE11",240130,"Parametric","",-300,-60,"mA",-157.297,-143.871,-153.036,5.25216,5,0,1.61275,***
"SSoffset_Trim","SS_OFFSET_CURRENT_CODE12",240140,"Parametric","",-300,-60,"mA",-151.231,-137.762,-146.936,5.25982,5,0,1.61275,***
"SSoffset_Trim","SS_OFFSET_CURRENT_CODE13",240150,"Parametric","",-300,-60,"mA",-145.197,-131.585,-140.862,5.31816,5,0,1.61275,***
"SSoffset_Trim","SS_OFFSET_CURRENT_CODE14",240160,"Parametric","",-300,-60,"mA",-138.45,-125.406,-134.113,5.02575,5,0,1.61275,***
"SSoffset_Trim","SS_OFFSET_CURRENT_CODE15",240170,"Parametric","",-300,-60,"mA",-133.61,-120.266,-129.249,5.16813,5,0,1.61275,***
"SSoffset_Trim","SS_OFFSET_TRIM_CODE",240010,"Parametric","",0,15,"Code",2,4,3.6,0.894427,5,0,1.61275,***
"SSoffset_Trim","BEST_Curr_SS_0p04V",240180,"Parametric","",-250,-150,"mA",-199.242,-196.166,-197.593,1.24069,5,0,1.61275,***
"VDD_UVLO_OTS_POR","Low_Temp_Voltage_bank0",200130,"Parametric","",0,0.2,"V",0.000714269,0.000828102,0.000793952,5.09077e-05,5,0,0.096345,***
"VDD_UVLO_OTS_POR","High_Temp_Voltage_bank0",200140,"Parametric","",1.6,2.3,"V",1.88801,1.93149,1.90422,0.0178396,5,0,0.096345,***
"VDD_UVLO_OTS_POR","Low_Temp_Voltage_bank0_reset",200150,"Parametric","",0,0.2,"V",0.000714269,0.000828102,0.000782569,4.76198e-05,5,0,0.096345,***
"VDD_UVLO_OTS_POR","Low_Temp_Voltage_bank1",200160,"Parametric","",0,0.2,"V",0.000714269,0.000828102,0.000759802,4.76198e-05,5,0,0.096345,***
"VDD_UVLO_OTS_POR","High_Temp_Voltage_bank1",200170,"Parametric","",1.6,2.3,"V",1.88784,1.93189,1.90441,0.0179534,5,0,0.096345,***
"VDD_UVLO_OTS_POR","Low_Temp_Voltage_bank1_reset",200180,"Parametric","",0,0.5,"V",0.000714269,0.000885018,0.000782569,6.23489e-05,5,0,0.096345,***
"UVLO_POR_redundancy","I_ISEN_UVLO",410010,"Parametric","",8,13,"uA",10.413,11.287,10.8468,0.414796,5,0,5.97845,***
"UVLO_POR_redundancy","I_IN_VDD3V",410020,"Parametric","",-3,300,"nA",0,0,0,0,5,0,5.97845,***
"UVLO_POR_redundancy","VDD_UVLO_Falling",410030,"Parametric","",2,2.75,"V",2.445,2.5,2.463,0.0213893,5,0,5.97845,***
"UVLO_POR_redundancy","I_IN_VDD_UVLO_Falling",410040,"Parametric","",8,13,"uA",10.4101,11.2895,10.8458,0.415923,5,0,5.97845,***
"UVLO_POR_redundancy","VBIAS_POR_Falling",410050,"Parametric","",1.1,1.45,"V",1.24,1.265,1.247,0.0103682,5,0,5.97845,***
"UVLO_POR_redundancy","I_IN_VBIAS_POR_Falling",410060,"Parametric","",20,33,"uA",26.1726,28.3863,27.2873,1.03177,5,0,5.97845,***
"UVLO_POR_redundancy","VBIAS_PORsu_Falling",410070,"Parametric","",0.725,1.2,"V",0.89,0.95,0.928,0.023076,5,0,5.97845,***
"UVLO_POR_redundancy","I_IN_VBIAS_PORsu_Falling",410080,"Parametric","",35,50,"uA",42.3443,45.7067,44.0003,1.57998,5,0,5.97845,***
"UVLO_POR_redundancy","VBIAS_PORsu_Rising",410090,"Parametric","",0.75,1.3,"V",0.95,1.025,0.999,0.0288097,5,0,5.97845,***
"UVLO_POR_redundancy","I_IN_VBIAS_PORsu_Rising",410100,"Parametric","",20,32,"uA",26.01,28.1931,27.1094,1.0136,5,0,5.97845,***
"UVLO_POR_redundancy","PORsu_Hysteresis",410110,"Parametric","",0,0.175,"",0.06,0.075,0.071,0.0065192,5,0,5.97845,***
"UVLO_POR_redundancy","VBIAS_POR_Rising",410120,"Parametric","",1.2,1.6,"V",1.385,1.48,1.437,0.0338379,5,0,5.97845,***
"UVLO_POR_redundancy","I_IN_VBIAS_POR_Rising",410130,"Parametric","",8,13,"uA",10.3771,11.2438,10.8061,0.410112,5,0,5.97845,***
"UVLO_POR_redundancy","POR_Hysteresis",410140,"Parametric","",0.03,0.21,"",0.145,0.215,0.19,0.0264575,4,1,5.97845,***
"UVLO_POR_redundancy","VDD_UVLO_Rising",410150,"Parametric","",2.2,2.85,"V",2.635,2.655,2.64375,0.0085391,4,0,6.15107,***
"UVLO_POR_redundancy","I_IN_VDD_UVLO_Rising",410160,"Parametric","",-200,200,"nA",-10.0603,-7.51877,-8.78953,1.46734,4,0,6.15107,***
"UVLO_POR_redundancy","VDD_UVLO_Hysteresis",410170,"Parametric","",0.02,0.3,"",0.175,0.2,0.19,0.0122475,4,0,6.15107,***
"ILIM_gain_Trim","ILIM_GAIN_20PIMAX_CODE0",270020,"Parametric","",-36,-0.01,"uA",-33.42,-31.493,-32.5028,1.05367,4,0,3.9052,***
"ILIM_gain_Trim","ILIM_GAIN_20PIMAX_CODE1",270030,"Parametric","",-36,-0.01,"uA",-32.344,-30.491,-31.4625,1.01942,4,0,3.9052,***
"ILIM_gain_Trim","ILIM_GAIN_20PIMAX_CODE2",270040,"Parametric","",-36,-0.01,"uA",-31.261,-29.486,-30.407,0.972268,4,0,3.9052,***
"ILIM_gain_Trim","ILIM_GAIN_20PIMAX_CODE3",270050,"Parametric","",-36,-0.01,"uA",-30.183,-28.456,-29.3597,0.943079,4,0,3.9052,***
"ILIM_gain_Trim","ILIM_GAIN_20PIMAX_CODE4",270060,"Parametric","",-36,-0.01,"uA",-29.12,-27.423,-28.2993,0.914473,4,0,3.9052,***
"ILIM_gain_Trim","ILIM_GAIN_20PIMAX_CODE5",270070,"Parametric","",-36,-0.01,"uA",-28.032,-26.393,-27.2503,0.885323,4,0,3.9052,***
"ILIM_gain_Trim","ILIM_GAIN_20PIMAX_CODE6",270080,"Parametric","",-36,-0.01,"uA",-26.959,-25.375,-26.1873,0.842355,4,0,3.9052,***
"ILIM_gain_Trim","ILIM_GAIN_20PIMAX_CODE7",270090,"Parametric","",-36,-0.01,"uA",-25.893,-24.36,-25.1498,0.820489,4,0,3.9052,***
"ILIM_gain_Trim","ILIM_GAIN_20PIMAX_CODE8",270100,"Parametric","",-36,-0.01,"uA",-24.82,-23.424,-24.146,0.762783,4,0,3.9052,***
"ILIM_gain_Trim","ILIM_GAIN_20PIMAX_CODE9",270110,"Parametric","",-36,-0.01,"uA",-23.747,-22.409,-23.0985,0.732489,4,0,3.9052,***
"ILIM_gain_Trim","ILIM_GAIN_20PIMAX_CODE10",270120,"Parametric","",-36,-0.01,"uA",-22.643,-21.381,-22.0348,0.692333,4,0,3.9052,***
"ILIM_gain_Trim","ILIM_GAIN_20PIMAX_CODE11",270130,"Parametric","",-36,-0.01,"uA",-21.57,-20.361,-20.994,0.661287,4,0,3.9052,***
"ILIM_gain_Trim","ILIM_GAIN_20PIMAX_CODE12",270140,"Parametric","",-36,-0.01,"uA",-20.492,-19.326,-19.931,0.633497,4,0,3.9052,***
"ILIM_gain_Trim","ILIM_GAIN_20PIMAX_CODE13",270150,"Parametric","",-36,-0.01,"uA",-19.411,-18.303,-18.8868,0.603513,4,0,3.9052,***
"ILIM_gain_Trim","ILIM_GAIN_20PIMAX_CODE14",270160,"Parametric","",-36,-0.01,"uA",-18.333,-17.275,-17.8242,0.565173,4,0,3.9052,***
"ILIM_gain_Trim","ILIM_GAIN_20PIMAX_CODE15",270170,"Parametric","",-36,-0.01,"uA",-17.245,-16.253,-16.776,0.536355,4,0,3.9052,***
"ILIM_gain_Trim","ILIM_GAIN_20PIMAX_CODE16",270180,"Parametric","",-36,-0.01,"uA",-16.185,-15.271,-15.7488,0.504877,4,0,3.9052,***
"ILIM_gain_Trim","ILIM_GAIN_20PIMAX_CODE17",270190,"Parametric","",-36,-0.01,"uA",-15.132,-14.253,-14.7037,0.476704,4,0,3.9052,***
"ILIM_gain_Trim","ILIM_GAIN_20PIMAX_CODE18",270200,"Parametric","",-36,-0.01,"uA",-14.023,-13.228,-13.6375,0.437277,4,0,3.9052,***
"ILIM_gain_Trim","ILIM_GAIN_20PIMAX_CODE19",270210,"Parametric","",-36,-0.01,"uA",-12.945,-12.205,-12.5935,0.405911,4,0,3.9052,***
"ILIM_gain_Trim","ILIM_GAIN_20PIMAX_CODE20",270220,"Parametric","",-36,-0.01,"uA",-11.882,-11.17,-11.535,0.379211,4,0,3.9052,***
"ILIM_gain_Trim","ILIM_GAIN_20PIMAX_CODE21",270230,"Parametric","",-36,-0.01,"uA",-10.801,-10.147,-10.4895,0.348794,4,0,3.9052,***
"ILIM_gain_Trim","ILIM_GAIN_20PIMAX_CODE22",270240,"Parametric","",-36,-0.01,"uA",-9.721,-9.125,-9.424,0.309872,4,0,3.9052,***
"ILIM_gain_Trim","ILIM_GAIN_20PIMAX_CODE23",270250,"Parametric","",-36,-0.01,"uA",-8.64,-8.107,-8.37975,0.277634,4,0,3.9052,***
"ILIM_gain_Trim","ILIM_GAIN_20PIMAX_CODE24",270260,"Parametric","",-36,-0.01,"uA",-7.595,-7.17,-7.3755,0.227793,4,0,3.9052,***
"ILIM_gain_Trim","ILIM_GAIN_20PIMAX_CODE25",270270,"Parametric","",-36,-0.01,"uA",-6.534,-6.153,-6.33225,0.199921,4,0,3.9052,***
"ILIM_gain_Trim","ILIM_GAIN_20PIMAX_CODE26",270280,"Parametric","",-36,-0.01,"uA",-5.416,-5.13,-5.2665,0.157974,4,0,3.9052,***
"ILIM_gain_Trim","ILIM_GAIN_20PIMAX_CODE27",270290,"Parametric","",-36,-0.01,"uA",-4.353,-4.113,-4.22225,0.127366,4,0,3.9052,***
"ILIM_gain_Trim","ILIM_GAIN_20PIMAX_CODE28",270300,"Parametric","",-36,-0.01,"uA",-3.252,-3.072,-3.164,0.09999,4,0,3.9052,***
"ILIM_gain_Trim","ILIM_GAIN_20PIMAX_CODE29",270310,"Parametric","",-36,-0.01,"uA",-2.191,-2.047,-2.11725,0.0718349,4,0,3.9052,***
"ILIM_gain_Trim","ILIM_GAIN_20PIMAX_CODE30",270320,"Parametric","",-36,-0.01,"uA",-1.088,-1.025,-1.05325,0.0330492,4,0,3.9052,***
"ILIM_gain_Trim","ILIM_GAIN_20PIMAX_CODE31",270330,"Parametric","",-36,0,"uA",-0.012,-0.005,-0.0085,0.00310913,4,0,3.9052,***
"ILIM_gain_Trim","ILIM_GAIN_TRIM",270010,"Parametric","",0,31,"Code",11,12,11.5,0.57735,4,0,3.9052,***
"ILIM_gain_Trim","BEST_MEAS_20pIMAX",270660,"Parametric","",-22,-18,"uA",-20.492,-20.361,-20.4505,0.0608414,4,0,3.9052,***
"ILIM_gain_Trim","BEST_GAIN",270670,"Parametric","",35000,45000,"GAIN",39039.6,39290.8,39119.1,116.691,4,0,3.9052,***
"ILIM_Slowtrip","ITRIP_VOLTAGE_ILIM_TM_011",830010,"Parametric","",0.95,1.15,"V",1.056,1.068,1.061,0.00503321,4,0,16.5366,***
"ILIM_Slowtrip","ITRIP_VOLTAGE_ILIM_TM_111",830020,"Parametric","",0.95,1.15,"V",1.056,1.068,1.062,0.00516397,4,0,16.5366,***
"ISENSE_BlockOffset_Trim_New","ISNS_MEAS_10mAIOUT_CODE0",310020,"Parametric","",-17,1,"uA",-0.003,-0.002,-0.00225,0.0005,4,0,2.27344,***
"ISENSE_BlockOffset_Trim_New","ISNS_MEAS_10mAIOUT_CODE1",310030,"Parametric","",-17,1,"uA",-0.002,-0.002,-0.002,0,4,0,2.27344,***
"ISENSE_BlockOffset_Trim_New","ISNS_MEAS_10mAIOUT_CODE2",310040,"Parametric","",-17,1,"uA",-0.002,-0.002,-0.002,0,4,0,2.27344,***
"ISENSE_BlockOffset_Trim_New","ISNS_MEAS_10mAIOUT_CODE3",310050,"Parametric","",-17,1,"uA",-0.002,-0.002,-0.002,0,4,0,2.27344,***
"ISENSE_BlockOffset_Trim_New","ISNS_MEAS_10mAIOUT_CODE4",310060,"Parametric","",-17,1,"uA",-0.002,-0.002,-0.002,0,4,0,2.27344,***
"ISENSE_BlockOffset_Trim_New","ISNS_MEAS_10mAIOUT_CODE5",310070,"Parametric","",-17,1,"uA",-0.002,-0.002,-0.002,0,4,0,2.27344,***
"ISENSE_BlockOffset_Trim_New","ISNS_MEAS_10mAIOUT_CODE6",310080,"Parametric","",-17,1,"uA",-0.002,-0.002,-0.002,0,4,0,2.27344,***
"ISENSE_BlockOffset_Trim_New","ISNS_MEAS_10mAIOUT_CODE7",310090,"Parametric","",-17,1,"uA",-0.002,-0.002,-0.002,0,4,0,2.27344,***
"ISENSE_BlockOffset_Trim_New","ISNS_MEAS_10mAIOUT_CODE8",310100,"Parametric","",-17,1,"uA",-0.002,-0.002,-0.002,0,4,0,2.27344,***
"ISENSE_BlockOffset_Trim_New","ISNS_MEAS_10mAIOUT_CODE9",310110,"Parametric","",-17,1,"uA",-0.002,-0.002,-0.002,0,4,0,2.27344,***
"ISENSE_BlockOffset_Trim_New","ISNS_MEAS_10mAIOUT_CODE10",310120,"Parametric","",-17,1,"uA",-0.742,-0.002,-0.187,0.37,4,0,2.27344,***
"ISENSE_BlockOffset_Trim_New","ISNS_MEAS_10mAIOUT_CODE11",310130,"Parametric","",-17,1,"uA",-1.852,-0.002,-0.93825,0.756541,4,0,2.27344,***
"ISENSE_BlockOffset_Trim_New","ISNS_MEAS_10mAIOUT_CODE12",310140,"Parametric","",-17,1,"uA",-3.266,-0.002,-1.84325,1.35501,4,0,2.27344,***
"ISENSE_BlockOffset_Trim_New","ISNS_MEAS_10mAIOUT_CODE13",310150,"Parametric","",-17,1,"uA",-4.254,-0.956,-2.90525,1.39224,4,0,2.27344,***
"ISENSE_BlockOffset_Trim_New","ISNS_MEAS_10mAIOUT_CODE14",310160,"Parametric","",-17,1,"uA",-5.305,-2.1,-4.03575,1.36397,4,0,2.27344,***
"ISENSE_BlockOffset_Trim_New","ISNS_MEAS_10mAIOUT_CODE15",310170,"Parametric","",-17,1,"uA",-6.397,-3.265,-5.138,1.32693,4,0,2.27344,***
"ISENSE_BlockOffset_Trim_New","ISNS_BLOCK_OFFSET_TRIM",310010,"Parametric","",0,15,"Code",10,13,11,1.41421,4,0,2.27344,***
"ISENSE_BlockOffset_Trim_New","BEST_MEAS_10mAIOUT",310350,"Parametric","",-1.7,1.3,"uA",-0.956,-0.002,-0.6495,0.441024,4,0,2.27344,***
"SNS_gain_Trim","SNS_GAIN_20PIMAX_CODE0",320020,"Parametric","",-300,-90,"uA",-264.015,-261.985,-263.254,0.971785,4,0,6.07594,***
"SNS_gain_Trim","SNS_GAIN_20PIMAX_CODE1",320030,"Parametric","",-300,-90,"uA",-255.897,-253.868,-255.39,1.0145,4,0,6.07594,***
"SNS_gain_Trim","SNS_GAIN_20PIMAX_CODE2",320040,"Parametric","",-300,-90,"uA",-248.795,-245.751,-247.019,1.27685,4,0,6.07594,***
"SNS_gain_Trim","SNS_GAIN_20PIMAX_CODE3",320050,"Parametric","",-300,-90,"uA",-239.663,-238.648,-239.156,0.586008,4,0,6.07594,***
"SNS_gain_Trim","SNS_GAIN_20PIMAX_CODE4",320060,"Parametric","",-300,-90,"uA",-231.545,-229.516,-230.53,1.17145,4,0,6.07594,***
"SNS_gain_Trim","SNS_GAIN_20PIMAX_CODE5",320070,"Parametric","",-300,-90,"uA",-223.428,-221.399,-222.16,0.971268,4,0,6.07594,***
"SNS_gain_Trim","SNS_GAIN_20PIMAX_CODE6",320080,"Parametric","",-300,-90,"uA",-216.325,-212.267,-214.042,1.73266,4,0,6.07594,***
"SNS_gain_Trim","SNS_GAIN_20PIMAX_CODE7",320090,"Parametric","",-300,-90,"uA",-206.179,-203.135,-204.911,1.27672,4,0,6.07594,***
"SNS_gain_Trim","SNS_GAIN_20PIMAX_CODE8",320100,"Parametric","",-300,-90,"uA",-198.061,-196.032,-197.047,0.828337,4,0,6.07594,***
"SNS_gain_Trim","SNS_GAIN_20PIMAX_CODE9",320110,"Parametric","",-300,-90,"uA",-189.944,-187.915,-189.183,0.971354,4,0,6.07594,***
"SNS_gain_Trim","SNS_GAIN_20PIMAX_CODE10",320120,"Parametric","",-300,-90,"uA",-181.827,-179.797,-180.812,0.828741,4,0,6.07594,***
"SNS_gain_Trim","SNS_GAIN_20PIMAX_CODE11",320130,"Parametric","",-300,-90,"uA",-172.695,-171.68,-172.441,0.507498,4,0,6.07594,***
"SNS_gain_Trim","SNS_GAIN_20PIMAX_CODE12",320140,"Parametric","",-300,-90,"uA",-164.577,-162.548,-163.563,0.828331,4,0,6.07594,***
"SNS_gain_Trim","SNS_GAIN_20PIMAX_CODE13",320150,"Parametric","",-300,-90,"uA",-155.445,-154.431,-154.938,0.585429,4,0,6.07594,***
"SNS_gain_Trim","SNS_GAIN_20PIMAX_CODE14",320160,"Parametric","",-300,-90,"uA",-147.328,-146.313,-146.567,0.507498,4,0,6.07594,***
"SNS_gain_Trim","SNS_GAIN_20PIMAX_CODE15",320170,"Parametric","",-300,-90,"uA",-139.211,-137.182,-137.689,1.0145,4,0,6.07594,***
"SNS_gain_Trim","SNS_GAIN_20PIMAX_CODE16",320180,"Parametric","",-300,-90,"uA",-266.044,-263,-264.015,1.43495,4,0,6.07594,***
"SNS_gain_Trim","SNS_GAIN_20PIMAX_CODE17",320190,"Parametric","",-300,-90,"uA",-257.927,-252.853,-255.643,2.09203,4,0,6.07594,***
"SNS_gain_Trim","SNS_GAIN_20PIMAX_CODE18",320200,"Parametric","",-300,-90,"uA",-248.795,-244.736,-246.765,1.65708,4,0,6.07594,***
"SNS_gain_Trim","SNS_GAIN_20PIMAX_CODE19",320210,"Parametric","",-300,-90,"uA",-240.677,-236.619,-238.394,1.73267,4,0,6.07594,***
"SNS_gain_Trim","SNS_GAIN_20PIMAX_CODE20",320220,"Parametric","",-300,-90,"uA",-230.531,-229.516,-230.277,0.507505,4,0,6.07594,***
"SNS_gain_Trim","SNS_GAIN_20PIMAX_CODE21",320230,"Parametric","",-300,-90,"uA",-222.413,-221.399,-221.652,0.507003,4,0,6.07594,***
"SNS_gain_Trim","SNS_GAIN_20PIMAX_CODE22",320240,"Parametric","",-300,-90,"uA",-215.311,-211.252,-212.52,1.92088,4,0,6.07594,***
"SNS_gain_Trim","SNS_GAIN_20PIMAX_CODE23",320250,"Parametric","",-300,-90,"uA",-205.164,-204.149,-204.403,0.507505,4,0,6.07594,***
"SNS_gain_Trim","SNS_GAIN_20PIMAX_CODE24",320260,"Parametric","",-300,-90,"uA",-198.061,-196.032,-197.047,0.828337,4,0,6.07594,***
"SNS_gain_Trim","SNS_GAIN_20PIMAX_CODE25",320270,"Parametric","",-300,-90,"uA",-188.929,-186.9,-188.422,1.0145,4,0,6.07594,***
"SNS_gain_Trim","SNS_GAIN_20PIMAX_CODE26",320280,"Parametric","",-300,-90,"uA",-180.812,-179.797,-180.051,0.507498,4,0,6.07594,***
"SNS_gain_Trim","SNS_GAIN_20PIMAX_CODE27",320290,"Parametric","",-300,-90,"uA",-173.709,-170.665,-172.441,1.27685,4,0,6.07594,***
"SNS_gain_Trim","SNS_GAIN_20PIMAX_CODE28",320300,"Parametric","",-300,-90,"uA",-163.563,-162.548,-162.802,0.507498,4,0,6.07594,***
"SNS_gain_Trim","SNS_GAIN_20PIMAX_CODE29",320310,"Parametric","",-300,-90,"uA",-155.445,-154.431,-154.685,0.506996,4,0,6.07594,***
"SNS_gain_Trim","SNS_GAIN_20PIMAX_CODE30",320320,"Parametric","",-300,-90,"uA",-147.328,-145.299,-146.313,0.828337,4,0,6.07594,***
"SNS_gain_Trim","SNS_GAIN_20PIMAX_CODE31",320330,"Parametric","",-300,-90,"uA",-139.211,-137.182,-138.45,0.971354,4,0,6.07594,***
"SNS_gain_Trim","SNS_GAIN_TRIM",320010,"Parametric","",0,31,"Code",7,8,7.75,0.5,4,0,6.07594,***
"SNS_gain_Trim","BEST_MEAS_20pIMAX",320340,"Parametric","",-210,-190,"uA",-203.135,-197.047,-198.823,2.91447,4,0,6.07594,***
"EFUSE_RESISTANCE_MEASUREMENT","BANKA_EFUSE_RESISTANCE_BIT47",480010,"Parametric","",65,200,"ohms",68.2,91,79.6,9.30806,4,0,3.94395,***
"EFUSE_RESISTANCE_MEASUREMENT","BANKA_EFUSE_RESISTANCE_BIT46",480020,"Parametric","",65,200,"ohms",79.6,91,88.15,5.7,4,0,3.94395,***
"EFUSE_RESISTANCE_MEASUREMENT","BANKA_EFUSE_RESISTANCE_BIT45",480030,"Parametric","",65,200,"ohms",79.6,91,82.45,5.7,4,0,3.94395,***
"EFUSE_RESISTANCE_MEASUREMENT","BANKA_EFUSE_RESISTANCE_BIT44",480040,"Parametric","",65,200,"ohms",79.6,91,85.3,6.58179,4,0,3.94395,***
"EFUSE_RESISTANCE_MEASUREMENT","BANKA_EFUSE_RESISTANCE_BIT43",480050,"Parametric","",65,200,"ohms",79.6,91,82.45,5.7,4,0,3.94395,***
"EFUSE_RESISTANCE_MEASUREMENT","BANKA_EFUSE_RESISTANCE_BIT42",480060,"Parametric","",65,200,"ohms",79.6,91,85.3,6.58179,4,0,3.94395,***
"EFUSE_RESISTANCE_MEASUREMENT","BANKA_EFUSE_RESISTANCE_BIT41",480070,"Parametric","",65,200,"ohms",79.6,91,85.3,6.58179,4,0,3.94395,***
"EFUSE_RESISTANCE_MEASUREMENT","BANKA_EFUSE_RESISTANCE_BIT40",480080,"Parametric","",65,200,"ohms",79.6,91,85.3,6.58179,4,0,3.94395,***
"EFUSE_RESISTANCE_MEASUREMENT","BANKA_EFUSE_RESISTANCE_BIT39",480090,"Parametric","",65,200,"ohms",79.6,91,85.3,6.58179,4,0,3.94395,***
"EFUSE_RESISTANCE_MEASUREMENT","BANKA_EFUSE_RESISTANCE_BIT38",480100,"Parametric","",65,200,"ohms",79.6,91,82.45,5.7,4,0,3.94395,***
"EFUSE_RESISTANCE_MEASUREMENT","BANKA_EFUSE_RESISTANCE_BIT37",480110,"Parametric","",65,200,"ohms",79.6,91,85.3,6.58179,4,0,3.94395,***
"EFUSE_RESISTANCE_MEASUREMENT","BANKA_EFUSE_RESISTANCE_BIT36",480120,"Parametric","",65,200,"ohms",79.6,91,88.15,5.7,4,0,3.94395,***
"EFUSE_RESISTANCE_MEASUREMENT","BANKA_EFUSE_RESISTANCE_BIT35",480130,"Parametric","",65,200,"ohms",79.6,91,88.15,5.7,4,0,3.94395,***
"EFUSE_RESISTANCE_MEASUREMENT","BANKA_EFUSE_RESISTANCE_BIT34",480140,"Parametric","",65,200,"ohms",79.6,91,88.15,5.7,4,0,3.94395,***
"EFUSE_RESISTANCE_MEASUREMENT","BANKA_EFUSE_RESISTANCE_BIT33",480150,"Parametric","",65,200,"ohms",79.6,91,85.3,6.58179,4,0,3.94395,***
"EFUSE_RESISTANCE_MEASUREMENT","BANKA_EFUSE_RESISTANCE_BIT32",480160,"Parametric","",65,200,"ohms",79.6,91,82.45,5.7,4,0,3.94395,***
"EFUSE_RESISTANCE_MEASUREMENT","BANKA_EFUSE_RESISTANCE_BIT31",480170,"Parametric","",65,200,"ohms",79.6,91,88.15,5.7,4,0,3.94395,***
"EFUSE_RESISTANCE_MEASUREMENT","BANKA_EFUSE_RESISTANCE_BIT30",480180,"Parametric","",65,200,"ohms",79.6,91,88.15,5.7,4,0,3.94395,***
"EFUSE_RESISTANCE_MEASUREMENT","BANKA_EFUSE_RESISTANCE_BIT29",480190,"Parametric","",65,200,"ohms",79.6,91,88.15,5.7,4,0,3.94395,***
"EFUSE_RESISTANCE_MEASUREMENT","BANKA_EFUSE_RESISTANCE_BIT28",480200,"Parametric","",65,200,"ohms",79.6,91,85.3,6.58179,4,0,3.94395,***
"EFUSE_RESISTANCE_MEASUREMENT","BANKA_EFUSE_RESISTANCE_BIT27",480210,"Parametric","",65,200,"ohms",79.6,91,85.3,6.58179,4,0,3.94395,***
"EFUSE_RESISTANCE_MEASUREMENT","BANKA_EFUSE_RESISTANCE_BIT26",480220,"Parametric","",65,200,"ohms",79.6,91,85.3,6.58179,4,0,3.94395,***
"EFUSE_RESISTANCE_MEASUREMENT","BANKA_EFUSE_RESISTANCE_BIT25",480230,"Parametric","",65,200,"ohms",79.6,91,85.3,6.58179,4,0,3.94395,***
"EFUSE_RESISTANCE_MEASUREMENT","BANKA_EFUSE_RESISTANCE_BIT24",480240,"Parametric","",65,200,"ohms",79.6,91,88.15,5.7,4,0,3.94395,***
"EFUSE_RESISTANCE_MEASUREMENT","BANKA_EFUSE_RESISTANCE_BIT23",480250,"Parametric","",65,200,"ohms",79.6,91,88.15,5.7,4,0,3.94395,***
"EFUSE_RESISTANCE_MEASUREMENT","BANKA_EFUSE_RESISTANCE_BIT22",480260,"Parametric","",65,200,"ohms",79.6,91,88.15,5.7,4,0,3.94395,***
"EFUSE_RESISTANCE_MEASUREMENT","BANKA_EFUSE_RESISTANCE_BIT21",480270,"Parametric","",65,200,"ohms",79.6,91,88.15,5.7,4,0,3.94395,***
"EFUSE_RESISTANCE_MEASUREMENT","BANKA_EFUSE_RESISTANCE_BIT20",480280,"Parametric","",65,200,"ohms",79.6,91,85.3,6.58179,4,0,3.94395,***
"EFUSE_RESISTANCE_MEASUREMENT","BANKA_EFUSE_RESISTANCE_BIT19",480290,"Parametric","",65,200,"ohms",79.6,91,88.15,5.7,4,0,3.94395,***
"EFUSE_RESISTANCE_MEASUREMENT","BANKA_EFUSE_RESISTANCE_BIT18",480300,"Parametric","",65,200,"ohms",79.6,91,88.15,5.7,4,0,3.94395,***
"EFUSE_RESISTANCE_MEASUREMENT","BANKA_EFUSE_RESISTANCE_BIT17",480310,"Parametric","",65,200,"ohms",79.6,79.6,79.6,0,4,0,3.94395,***
"EFUSE_RESISTANCE_MEASUREMENT","BANKA_EFUSE_RESISTANCE_BIT16",480320,"Parametric","",65,200,"ohms",79.6,91,85.3,6.58179,4,0,3.94395,***
"EFUSE_RESISTANCE_MEASUREMENT","BANKA_EFUSE_RESISTANCE_BIT15",480330,"Parametric","",65,200,"ohms",79.6,91,85.3,6.58179,4,0,3.94395,***
"EFUSE_RESISTANCE_MEASUREMENT","BANKA_EFUSE_RESISTANCE_BIT14",480340,"Parametric","",65,200,"ohms",79.6,91,88.15,5.7,4,0,3.94395,***
"EFUSE_RESISTANCE_MEASUREMENT","BANKA_EFUSE_RESISTANCE_BIT13",480350,"Parametric","",65,200,"ohms",79.6,91,88.15,5.7,4,0,3.94395,***
"EFUSE_RESISTANCE_MEASUREMENT","BANKA_EFUSE_RESISTANCE_BIT12",480360,"Parametric","",65,200,"ohms",79.6,91,88.15,5.7,4,0,3.94395,***
"EFUSE_RESISTANCE_MEASUREMENT","BANKA_EFUSE_RESISTANCE_BIT11",480370,"Parametric","",65,200,"ohms",79.6,91,88.15,5.7,4,0,3.94395,***
"EFUSE_RESISTANCE_MEASUREMENT","BANKA_EFUSE_RESISTANCE_BIT10",480380,"Parametric","",65,200,"ohms",79.6,91,88.15,5.7,4,0,3.94395,***
"EFUSE_RESISTANCE_MEASUREMENT","BANKA_EFUSE_RESISTANCE_BIT9",480390,"Parametric","",65,200,"ohms",79.6,91,85.3,6.58179,4,0,3.94395,***
"EFUSE_RESISTANCE_MEASUREMENT","BANKA_EFUSE_RESISTANCE_BIT8",480400,"Parametric","",65,200,"ohms",79.6,91,88.15,5.7,4,0,3.94395,***
"EFUSE_RESISTANCE_MEASUREMENT","BANKA_EFUSE_RESISTANCE_BIT7",480410,"Parametric","",65,200,"ohms",79.6,91,88.15,5.7,4,0,3.94395,***
"EFUSE_RESISTANCE_MEASUREMENT","BANKA_EFUSE_RESISTANCE_BIT6",480420,"Parametric","",65,200,"ohms",79.6,91,85.3,6.58179,4,0,3.94395,***
"EFUSE_RESISTANCE_MEASUREMENT","BANKA_EFUSE_RESISTANCE_BIT5",480430,"Parametric","",65,200,"ohms",79.6,91,88.15,5.7,4,0,3.94395,***
"EFUSE_RESISTANCE_MEASUREMENT","BANKA_EFUSE_RESISTANCE_BIT4",480440,"Parametric","",65,200,"ohms",79.6,91,85.3,6.58179,4,0,3.94395,***
"EFUSE_RESISTANCE_MEASUREMENT","BANKA_EFUSE_RESISTANCE_BIT3",480450,"Parametric","",65,200,"ohms",79.6,91,82.45,5.7,4,0,3.94395,***
"EFUSE_RESISTANCE_MEASUREMENT","BANKA_EFUSE_RESISTANCE_BIT2",480460,"Parametric","",65,200,"ohms",79.6,91,85.3,6.58179,4,0,3.94395,***
"EFUSE_RESISTANCE_MEASUREMENT","BANKA_EFUSE_RESISTANCE_BIT1",480470,"Parametric","",65,200,"ohms",79.6,91,88.15,5.7,4,0,3.94395,***
"EFUSE_RESISTANCE_MEASUREMENT","BANKA_EFUSE_RESISTANCE_BIT0",480480,"Parametric","",65,200,"ohms",79.6,91,88.15,5.7,4,0,3.94395,***
"EFUSE_RESISTANCE_MEASUREMENT","BANKB_EFUSE_RESISTANCE_BIT47",480490,"Parametric","",65,200,"ohms",79.6,91,88.15,5.7,4,0,3.94395,***
"EFUSE_RESISTANCE_MEASUREMENT","BANKB_EFUSE_RESISTANCE_BIT46",480500,"Parametric","",65,200,"ohms",79.6,91,88.15,5.7,4,0,3.94395,***
"EFUSE_RESISTANCE_MEASUREMENT","BANKB_EFUSE_RESISTANCE_BIT45",480510,"Parametric","",65,200,"ohms",79.6,91,82.45,5.7,4,0,3.94395,***
"EFUSE_RESISTANCE_MEASUREMENT","BANKB_EFUSE_RESISTANCE_BIT44",480520,"Parametric","",65,200,"ohms",79.6,91,85.3,6.58179,4,0,3.94395,***
"EFUSE_RESISTANCE_MEASUREMENT","BANKB_EFUSE_RESISTANCE_BIT43",480530,"Parametric","",65,200,"ohms",79.6,91,85.3,6.58179,4,0,3.94395,***
"EFUSE_RESISTANCE_MEASUREMENT","BANKB_EFUSE_RESISTANCE_BIT42",480540,"Parametric","",65,200,"ohms",79.6,91,85.3,6.58179,4,0,3.94395,***
"EFUSE_RESISTANCE_MEASUREMENT","BANKB_EFUSE_RESISTANCE_BIT41",480550,"Parametric","",65,200,"ohms",79.6,91,88.15,5.7,4,0,3.94395,***
"EFUSE_RESISTANCE_MEASUREMENT","BANKB_EFUSE_RESISTANCE_BIT40",480560,"Parametric","",65,200,"ohms",79.6,91,88.15,5.7,4,0,3.94395,***
"EFUSE_RESISTANCE_MEASUREMENT","BANKB_EFUSE_RESISTANCE_BIT39",480570,"Parametric","",65,200,"ohms",68.2,91,79.6,9.30806,4,0,3.94395,***
"EFUSE_RESISTANCE_MEASUREMENT","BANKB_EFUSE_RESISTANCE_BIT38",480580,"Parametric","",65,200,"ohms",79.6,91,85.3,6.58179,4,0,3.94395,***
"EFUSE_RESISTANCE_MEASUREMENT","BANKB_EFUSE_RESISTANCE_BIT37",480590,"Parametric","",65,200,"ohms",79.6,91,82.45,5.7,4,0,3.94395,***
"EFUSE_RESISTANCE_MEASUREMENT","BANKB_EFUSE_RESISTANCE_BIT36",480600,"Parametric","",65,200,"ohms",79.6,91,88.15,5.7,4,0,3.94395,***
"EFUSE_RESISTANCE_MEASUREMENT","BANKB_EFUSE_RESISTANCE_BIT35",480610,"Parametric","",65,200,"ohms",79.6,91,88.15,5.7,4,0,3.94395,***
"EFUSE_RESISTANCE_MEASUREMENT","BANKB_EFUSE_RESISTANCE_BIT34",480620,"Parametric","",65,200,"ohms",79.6,91,85.3,6.58179,4,0,3.94395,***
"EFUSE_RESISTANCE_MEASUREMENT","BANKB_EFUSE_RESISTANCE_BIT33",480630,"Parametric","",65,200,"ohms",79.6,91,85.3,6.58179,4,0,3.94395,***
"EFUSE_RESISTANCE_MEASUREMENT","BANKB_EFUSE_RESISTANCE_BIT32",480640,"Parametric","",65,200,"ohms",79.6,91,82.45,5.7,4,0,3.94395,***
"EFUSE_RESISTANCE_MEASUREMENT","BANKB_EFUSE_RESISTANCE_BIT31",480650,"Parametric","",65,200,"ohms",79.6,91,85.3,6.58179,4,0,3.94395,***
"EFUSE_RESISTANCE_MEASUREMENT","BANKB_EFUSE_RESISTANCE_BIT30",480660,"Parametric","",65,200,"ohms",79.6,91,85.3,6.58179,4,0,3.94395,***
"EFUSE_RESISTANCE_MEASUREMENT","BANKB_EFUSE_RESISTANCE_BIT29",480670,"Parametric","",65,200,"ohms",79.6,79.6,79.6,0,4,0,3.94395,***
"EFUSE_RESISTANCE_MEASUREMENT","BANKB_EFUSE_RESISTANCE_BIT28",480680,"Parametric","",65,200,"ohms",79.6,79.6,79.6,0,4,0,3.94395,***
"EFUSE_RESISTANCE_MEASUREMENT","BANKB_EFUSE_RESISTANCE_BIT27",480690,"Parametric","",65,200,"ohms",79.6,91,82.45,5.7,4,0,3.94395,***
"EFUSE_RESISTANCE_MEASUREMENT","BANKB_EFUSE_RESISTANCE_BIT26",480700,"Parametric","",65,200,"ohms",79.6,91,82.45,5.7,4,0,3.94395,***
"EFUSE_RESISTANCE_MEASUREMENT","BANKB_EFUSE_RESISTANCE_BIT25",480710,"Parametric","",65,200,"ohms",79.6,91,88.15,5.7,4,0,3.94395,***
"EFUSE_RESISTANCE_MEASUREMENT","BANKB_EFUSE_RESISTANCE_BIT24",480720,"Parametric","",65,200,"ohms",68.2,91,82.45,10.9147,4,0,3.94395,***
"EFUSE_RESISTANCE_MEASUREMENT","BANKB_EFUSE_RESISTANCE_BIT23",480730,"Parametric","",65,200,"ohms",79.6,91,82.45,5.7,4,0,3.94395,***
"EFUSE_RESISTANCE_MEASUREMENT","BANKB_EFUSE_RESISTANCE_BIT22",480740,"Parametric","",65,200,"ohms",79.6,91,88.15,5.7,4,0,3.94395,***
"EFUSE_RESISTANCE_MEASUREMENT","BANKB_EFUSE_RESISTANCE_BIT21",480750,"Parametric","",65,200,"ohms",79.6,91,82.45,5.7,4,0,3.94395,***
"EFUSE_RESISTANCE_MEASUREMENT","BANKB_EFUSE_RESISTANCE_BIT20",480760,"Parametric","",65,200,"ohms",79.6,91,85.3,6.58179,4,0,3.94395,***
"EFUSE_RESISTANCE_MEASUREMENT","BANKB_EFUSE_RESISTANCE_BIT19",480770,"Parametric","",65,200,"ohms",79.6,91,88.15,5.7,4,0,3.94395,***
"EFUSE_RESISTANCE_MEASUREMENT","BANKB_EFUSE_RESISTANCE_BIT18",480780,"Parametric","",65,200,"ohms",79.6,91,85.3,6.58179,4,0,3.94395,***
"EFUSE_RESISTANCE_MEASUREMENT","BANKB_EFUSE_RESISTANCE_BIT17",480790,"Parametric","",65,200,"ohms",91,91,91,0,4,0,3.94395,***
"EFUSE_RESISTANCE_MEASUREMENT","BANKB_EFUSE_RESISTANCE_BIT16",480800,"Parametric","",65,200,"ohms",79.6,91,85.3,6.58179,4,0,3.94395,***
"EFUSE_RESISTANCE_MEASUREMENT","BANKB_EFUSE_RESISTANCE_BIT15",480810,"Parametric","",65,200,"ohms",79.6,91,82.45,5.7,4,0,3.94395,***
"EFUSE_RESISTANCE_MEASUREMENT","BANKB_EFUSE_RESISTANCE_BIT14",480820,"Parametric","",65,200,"ohms",79.6,91,82.45,5.7,4,0,3.94395,***
"EFUSE_RESISTANCE_MEASUREMENT","BANKB_EFUSE_RESISTANCE_BIT13",480830,"Parametric","",65,200,"ohms",79.6,91,82.45,5.7,4,0,3.94395,***
"EFUSE_RESISTANCE_MEASUREMENT","BANKB_EFUSE_RESISTANCE_BIT12",480840,"Parametric","",65,200,"ohms",79.6,91,82.45,5.7,4,0,3.94395,***
"EFUSE_RESISTANCE_MEASUREMENT","BANKB_EFUSE_RESISTANCE_BIT11",480850,"Parametric","",65,200,"ohms",79.6,91,88.15,5.7,4,0,3.94395,***
"EFUSE_RESISTANCE_MEASUREMENT","BANKB_EFUSE_RESISTANCE_BIT10",480860,"Parametric","",65,200,"ohms",79.6,91,82.45,5.7,4,0,3.94395,***
"EFUSE_RESISTANCE_MEASUREMENT","BANKB_EFUSE_RESISTANCE_BIT9",480870,"Parametric","",65,200,"ohms",79.6,91,82.45,5.7,4,0,3.94395,***
"EFUSE_RESISTANCE_MEASUREMENT","BANKB_EFUSE_RESISTANCE_BIT8",480880,"Parametric","",65,200,"ohms",79.6,91,82.45,5.7,4,0,3.94395,***
"EFUSE_RESISTANCE_MEASUREMENT","BANKB_EFUSE_RESISTANCE_BIT7",480890,"Parametric","",65,200,"ohms",79.6,91,85.3,6.58179,4,0,3.94395,***
"EFUSE_RESISTANCE_MEASUREMENT","BANKB_EFUSE_RESISTANCE_BIT6",480900,"Parametric","",65,200,"ohms",79.6,91,82.45,5.7,4,0,3.94395,***
"EFUSE_RESISTANCE_MEASUREMENT","BANKB_EFUSE_RESISTANCE_BIT5",480910,"Parametric","",65,200,"ohms",79.6,91,88.15,5.7,4,0,3.94395,***
"EFUSE_RESISTANCE_MEASUREMENT","BANKB_EFUSE_RESISTANCE_BIT4",480920,"Parametric","",65,200,"ohms",79.6,102.4,91,9.30806,4,0,3.94395,***
"EFUSE_RESISTANCE_MEASUREMENT","BANKB_EFUSE_RESISTANCE_BIT3",480930,"Parametric","",65,200,"ohms",79.6,91,85.3,6.58179,4,0,3.94395,***
"EFUSE_RESISTANCE_MEASUREMENT","BANKB_EFUSE_RESISTANCE_BIT2",480940,"Parametric","",65,200,"ohms",79.6,91,82.45,5.7,4,0,3.94395,***
"EFUSE_RESISTANCE_MEASUREMENT","BANKB_EFUSE_RESISTANCE_BIT1",480950,"Parametric","",65,200,"ohms",79.6,91,85.3,6.58179,4,0,3.94395,***
"EFUSE_RESISTANCE_MEASUREMENT","BANKB_EFUSE_RESISTANCE_BIT0",480960,"Parametric","",65,200,"ohms",79.6,91,88.15,5.7,4,0,3.94395,***
"PRE_BURN_PASS_FET_LEAKAGE","PRE_Forward_Leakage_FET",470010,"Parametric","",-20,20,"nA",0,0,0,0,4,0,0.0773875,***
"PRE_BURN_PASS_FET_LEAKAGE","PRE_Reverse_Leakage_FET",470020,"Parametric","",-20,20,"nA",-1,-1,-1,0,4,0,0.0773875,***
"EFUSE_BURN","EFUSE_BURN_DONE",850010,"Parametric","",1,1,"",1,1,1,0,4,0,13.0101,***
"eFUSE_burn_readmargin","BANKA_READMARGIN_BIT_0",430010,"Parametric","",0,1,"",0,0,0,0,4,0,29.2051,***
"eFUSE_burn_readmargin","BANKA_BURN_BIT_0",430490,"Parametric","",0,1,"",0,0,0,0,4,0,29.2051,***
"eFUSE_burn_readmargin","BANKA_BIT_BLOWN_TRUE_0",430970,"Parametric","",1,1,"",1,1,1,0,4,0,29.2051,***
"eFUSE_burn_readmargin","BANKA_READMARGIN_BIT_1",430020,"Parametric","",0,1,"",0,0,0,0,4,0,29.2051,***
"eFUSE_burn_readmargin","BANKA_BURN_BIT_1",430500,"Parametric","",0,1,"",0,0,0,0,4,0,29.2051,***
"eFUSE_burn_readmargin","BANKA_BIT_BLOWN_TRUE_1",430980,"Parametric","",1,1,"",1,1,1,0,4,0,29.2051,***
"eFUSE_burn_readmargin","BANKA_READMARGIN_BIT_2",430030,"Parametric","",0,1,"",0,0,0,0,4,0,29.2051,***
"eFUSE_burn_readmargin","BANKA_BURN_BIT_2",430510,"Parametric","",0,1,"",0,0,0,0,4,0,29.2051,***
"eFUSE_burn_readmargin","BANKA_BIT_BLOWN_TRUE_2",430990,"Parametric","",1,1,"",1,1,1,0,4,0,29.2051,***
"eFUSE_burn_readmargin","BANKA_READMARGIN_BIT_3",430040,"Parametric","",0,1,"",0,0,0,0,4,0,29.2051,***
"eFUSE_burn_readmargin","BANKA_BURN_BIT_3",430520,"Parametric","",0,1,"",0,0,0,0,4,0,29.2051,***
"eFUSE_burn_readmargin","BANKA_BIT_BLOWN_TRUE_3",431000,"Parametric","",1,1,"",1,1,1,0,4,0,29.2051,***
"eFUSE_burn_readmargin","BANKA_READMARGIN_BIT_4",430050,"Parametric","",0,1,"",0,0,0,0,4,0,29.2051,***
"eFUSE_burn_readmargin","BANKA_BURN_BIT_4",430530,"Parametric","",0,1,"",0,0,0,0,4,0,29.2051,***
"eFUSE_burn_readmargin","BANKA_BIT_BLOWN_TRUE_4",431010,"Parametric","",1,1,"",1,1,1,0,4,0,29.2051,***
"eFUSE_burn_readmargin","BANKA_READMARGIN_BIT_5",430060,"Parametric","",0,1,"",0,0,0,0,4,0,29.2051,***
"eFUSE_burn_readmargin","BANKA_BURN_BIT_5",430540,"Parametric","",0,1,"",0,0,0,0,4,0,29.2051,***
"eFUSE_burn_readmargin","BANKA_BIT_BLOWN_TRUE_5",431020,"Parametric","",1,1,"",1,1,1,0,4,0,29.2051,***
"eFUSE_burn_readmargin","BANKA_READMARGIN_BIT_6",430070,"Parametric","",0,1,"",0,0,0,0,4,0,29.2051,***
"eFUSE_burn_readmargin","BANKA_BURN_BIT_6",430550,"Parametric","",0,1,"",0,0,0,0,4,0,29.2051,***
"eFUSE_burn_readmargin","BANKA_BIT_BLOWN_TRUE_6",431030,"Parametric","",1,1,"",1,1,1,0,4,0,29.2051,***
"eFUSE_burn_readmargin","BANKA_READMARGIN_BIT_7",430080,"Parametric","",0,1,"",0,0,0,0,4,0,29.2051,***
"eFUSE_burn_readmargin","BANKA_BURN_BIT_7",430560,"Parametric","",0,1,"",0,0,0,0,4,0,29.2051,***
"eFUSE_burn_readmargin","BANKA_BIT_BLOWN_TRUE_7",431040,"Parametric","",1,1,"",1,1,1,0,4,0,29.2051,***
"eFUSE_burn_readmargin","BANKA_READMARGIN_BIT_8",430090,"Parametric","",0,1,"",0,0,0,0,4,0,29.2051,***
"eFUSE_burn_readmargin","BANKA_BURN_BIT_8",430570,"Parametric","",0,1,"",0,0,0,0,4,0,29.2051,***
"eFUSE_burn_readmargin","BANKA_BIT_BLOWN_TRUE_8",431050,"Parametric","",1,1,"",1,1,1,0,4,0,29.2051,***
"eFUSE_burn_readmargin","BANKA_READMARGIN_BIT_9",430100,"Parametric","",0,1,"",0,0,0,0,4,0,29.2051,***
"eFUSE_burn_readmargin","BANKA_BURN_BIT_9",430580,"Parametric","",0,1,"",0,0,0,0,4,0,29.2051,***
"eFUSE_burn_readmargin","BANKA_BIT_BLOWN_TRUE_9",431060,"Parametric","",1,1,"",1,1,1,0,4,0,29.2051,***
"eFUSE_burn_readmargin","BANKA_READMARGIN_BIT_10",430110,"Parametric","",0,1,"",0,0,0,0,4,0,29.2051,***
"eFUSE_burn_readmargin","BANKA_BURN_BIT_10",430590,"Parametric","",0,1,"",0,0,0,0,4,0,29.2051,***
"eFUSE_burn_readmargin","BANKA_BIT_BLOWN_TRUE_10",431070,"Parametric","",1,1,"",1,1,1,0,4,0,29.2051,***
"eFUSE_burn_readmargin","BANKA_READMARGIN_BIT_11",430120,"Parametric","",0,1,"",0,1,0.5,0.57735,4,0,29.2051,***
"eFUSE_burn_readmargin","BANKA_BURN_BIT_11",430600,"Parametric","",0,1,"",0,1,0.5,0.57735,4,0,29.2051,***
"eFUSE_burn_readmargin","BANKA_BIT_BLOWN_TRUE_11",431080,"Parametric","",1,1,"",1,1,1,0,4,0,29.2051,***
"eFUSE_burn_readmargin","BANKA_READMARGIN_BIT_12",430130,"Parametric","",0,1,"",0,1,0.75,0.5,4,0,29.2051,***
"eFUSE_burn_readmargin","BANKA_BURN_BIT_12",430610,"Parametric","",0,1,"",0,1,0.75,0.5,4,0,29.2051,***
"eFUSE_burn_readmargin","BANKA_BIT_BLOWN_TRUE_12",431090,"Parametric","",1,1,"",1,1,1,0,4,0,29.2051,***
"eFUSE_burn_readmargin","BANKA_READMARGIN_BIT_13",430140,"Parametric","",0,1,"",0,1,0.25,0.5,4,0,29.2051,***
"eFUSE_burn_readmargin","BANKA_BURN_BIT_13",430620,"Parametric","",0,1,"",0,1,0.25,0.5,4,0,29.2051,***
"eFUSE_burn_readmargin","BANKA_BIT_BLOWN_TRUE_13",431100,"Parametric","",1,1,"",1,1,1,0,4,0,29.2051,***
"eFUSE_burn_readmargin","BANKA_READMARGIN_BIT_14",430150,"Parametric","",0,1,"",1,1,1,0,4,0,29.2051,***
"eFUSE_burn_readmargin","BANKA_BURN_BIT_14",430630,"Parametric","",0,1,"",1,1,1,0,4,0,29.2051,***
"eFUSE_burn_readmargin","BANKA_BIT_BLOWN_TRUE_14",431110,"Parametric","",1,1,"",1,1,1,0,4,0,29.2051,***
"eFUSE_burn_readmargin","BANKA_READMARGIN_BIT_15",430160,"Parametric","",0,1,"",0,1,0.25,0.5,4,0,29.2051,***
"eFUSE_burn_readmargin","BANKA_BURN_BIT_15",430640,"Parametric","",0,1,"",0,1,0.25,0.5,4,0,29.2051,***
"eFUSE_burn_readmargin","BANKA_BIT_BLOWN_TRUE_15",431120,"Parametric","",1,1,"",1,1,1,0,4,0,29.2051,***
"eFUSE_burn_readmargin","BANKA_READMARGIN_BIT_16",430170,"Parametric","",0,1,"",0,1,0.25,0.5,4,0,29.2051,***
"eFUSE_burn_readmargin","BANKA_BURN_BIT_16",430650,"Parametric","",0,1,"",0,1,0.25,0.5,4,0,29.2051,***
"eFUSE_burn_readmargin","BANKA_BIT_BLOWN_TRUE_16",431130,"Parametric","",1,1,"",1,1,1,0,4,0,29.2051,***
"eFUSE_burn_readmargin","BANKA_READMARGIN_BIT_17",430180,"Parametric","",0,1,"",0,1,0.25,0.5,4,0,29.2051,***
"eFUSE_burn_readmargin","BANKA_BURN_BIT_17",430660,"Parametric","",0,1,"",0,1,0.25,0.5,4,0,29.2051,***
"eFUSE_burn_readmargin","BANKA_BIT_BLOWN_TRUE_17",431140,"Parametric","",1,1,"",1,1,1,0,4,0,29.2051,***
"eFUSE_burn_readmargin","BANKA_READMARGIN_BIT_18",430190,"Parametric","",0,1,"",0,1,0.75,0.5,4,0,29.2051,***
"eFUSE_burn_readmargin","BANKA_BURN_BIT_18",430670,"Parametric","",0,1,"",0,1,0.75,0.5,4,0,29.2051,***
"eFUSE_burn_readmargin","BANKA_BIT_BLOWN_TRUE_18",431150,"Parametric","",1,1,"",1,1,1,0,4,0,29.2051,***
"eFUSE_burn_readmargin","BANKA_READMARGIN_BIT_19",430200,"Parametric","",0,1,"",0,0,0,0,4,0,29.2051,***
"eFUSE_burn_readmargin","BANKA_BURN_BIT_19",430680,"Parametric","",0,1,"",0,0,0,0,4,0,29.2051,***
"eFUSE_burn_readmargin","BANKA_BIT_BLOWN_TRUE_19",431160,"Parametric","",1,1,"",1,1,1,0,4,0,29.2051,***
"eFUSE_burn_readmargin","BANKA_READMARGIN_BIT_20",430210,"Parametric","",0,1,"",0,0,0,0,4,0,29.2051,***
"eFUSE_burn_readmargin","BANKA_BURN_BIT_20",430690,"Parametric","",0,1,"",0,0,0,0,4,0,29.2051,***
"eFUSE_burn_readmargin","BANKA_BIT_BLOWN_TRUE_20",431170,"Parametric","",1,1,"",1,1,1,0,4,0,29.2051,***
"eFUSE_burn_readmargin","BANKA_READMARGIN_BIT_21",430220,"Parametric","",0,1,"",0,0,0,0,4,0,29.2051,***
"eFUSE_burn_readmargin","BANKA_BURN_BIT_21",430700,"Parametric","",0,1,"",0,0,0,0,4,0,29.2051,***
"eFUSE_burn_readmargin","BANKA_BIT_BLOWN_TRUE_21",431180,"Parametric","",1,1,"",1,1,1,0,4,0,29.2051,***
"eFUSE_burn_readmargin","BANKA_READMARGIN_BIT_22",430230,"Parametric","",0,1,"",0,0,0,0,4,0,29.2051,***
"eFUSE_burn_readmargin","BANKA_BURN_BIT_22",430710,"Parametric","",0,1,"",0,0,0,0,4,0,29.2051,***
"eFUSE_burn_readmargin","BANKA_BIT_BLOWN_TRUE_22",431190,"Parametric","",1,1,"",1,1,1,0,4,0,29.2051,***
"eFUSE_burn_readmargin","BANKA_READMARGIN_BIT_23",430240,"Parametric","",0,1,"",0,0,0,0,4,0,29.2051,***
"eFUSE_burn_readmargin","BANKA_BURN_BIT_23",430720,"Parametric","",0,1,"",0,0,0,0,4,0,29.2051,***
"eFUSE_burn_readmargin","BANKA_BIT_BLOWN_TRUE_23",431200,"Parametric","",1,1,"",1,1,1,0,4,0,29.2051,***
"eFUSE_burn_readmargin","BANKA_READMARGIN_BIT_24",430250,"Parametric","",0,1,"",0,1,0.5,0.57735,4,0,29.2051,***
"eFUSE_burn_readmargin","BANKA_BURN_BIT_24",430730,"Parametric","",0,1,"",0,1,0.5,0.57735,4,0,29.2051,***
"eFUSE_burn_readmargin","BANKA_BIT_BLOWN_TRUE_24",431210,"Parametric","",1,1,"",1,1,1,0,4,0,29.2051,***
"eFUSE_burn_readmargin","BANKA_READMARGIN_BIT_25",430260,"Parametric","",0,1,"",0,1,0.5,0.57735,4,0,29.2051,***
"eFUSE_burn_readmargin","BANKA_BURN_BIT_25",430740,"Parametric","",0,1,"",0,1,0.5,0.57735,4,0,29.2051,***
"eFUSE_burn_readmargin","BANKA_BIT_BLOWN_TRUE_25",431220,"Parametric","",1,1,"",1,1,1,0,4,0,29.2051,***
"eFUSE_burn_readmargin","BANKA_READMARGIN_BIT_26",430270,"Parametric","",0,1,"",0,1,0.5,0.57735,4,0,29.2051,***
"eFUSE_burn_readmargin","BANKA_BURN_BIT_26",430750,"Parametric","",0,1,"",0,1,0.5,0.57735,4,0,29.2051,***
"eFUSE_burn_readmargin","BANKA_BIT_BLOWN_TRUE_26",431230,"Parametric","",1,1,"",1,1,1,0,4,0,29.2051,***
"eFUSE_burn_readmargin","BANKA_READMARGIN_BIT_27",430280,"Parametric","",0,1,"",1,1,1,0,4,0,29.2051,***
"eFUSE_burn_readmargin","BANKA_BURN_BIT_27",430760,"Parametric","",0,1,"",1,1,1,0,4,0,29.2051,***
"eFUSE_burn_readmargin","BANKA_BIT_BLOWN_TRUE_27",431240,"Parametric","",1,1,"",1,1,1,0,4,0,29.2051,***
"eFUSE_burn_readmargin","BANKA_READMARGIN_BIT_28",430290,"Parametric","",0,1,"",0,0,0,0,4,0,29.2051,***
"eFUSE_burn_readmargin","BANKA_BURN_BIT_28",430770,"Parametric","",0,1,"",0,0,0,0,4,0,29.2051,***
"eFUSE_burn_readmargin","BANKA_BIT_BLOWN_TRUE_28",431250,"Parametric","",1,1,"",1,1,1,0,4,0,29.2051,***
"eFUSE_burn_readmargin","BANKA_READMARGIN_BIT_29",430300,"Parametric","",0,1,"",0,0,0,0,4,0,29.2051,***
"eFUSE_burn_readmargin","BANKA_BURN_BIT_29",430780,"Parametric","",0,1,"",0,0,0,0,4,0,29.2051,***
"eFUSE_burn_readmargin","BANKA_BIT_BLOWN_TRUE_29",431260,"Parametric","",1,1,"",1,1,1,0,4,0,29.2051,***
"eFUSE_burn_readmargin","BANKA_READMARGIN_BIT_30",430310,"Parametric","",0,1,"",0,1,0.25,0.5,4,0,29.2051,***
"eFUSE_burn_readmargin","BANKA_BURN_BIT_30",430790,"Parametric","",0,1,"",0,1,0.25,0.5,4,0,29.2051,***
"eFUSE_burn_readmargin","BANKA_BIT_BLOWN_TRUE_30",431270,"Parametric","",1,1,"",1,1,1,0,4,0,29.2051,***
"eFUSE_burn_readmargin","BANKA_READMARGIN_BIT_31",430320,"Parametric","",0,1,"",0,1,0.75,0.5,4,0,29.2051,***
"eFUSE_burn_readmargin","BANKA_BURN_BIT_31",430800,"Parametric","",0,1,"",0,1,0.75,0.5,4,0,29.2051,***
"eFUSE_burn_readmargin","BANKA_BIT_BLOWN_TRUE_31",431280,"Parametric","",1,1,"",1,1,1,0,4,0,29.2051,***
"eFUSE_burn_readmargin","BANKA_READMARGIN_BIT_32",430330,"Parametric","",0,1,"",0,0,0,0,4,0,29.2051,***
"eFUSE_burn_readmargin","BANKA_BURN_BIT_32",430810,"Parametric","",0,1,"",0,0,0,0,4,0,29.2051,***
"eFUSE_burn_readmargin","BANKA_BIT_BLOWN_TRUE_32",431290,"Parametric","",1,1,"",1,1,1,0,4,0,29.2051,***
"eFUSE_burn_readmargin","BANKA_READMARGIN_BIT_33",430340,"Parametric","",0,1,"",0,1,0.75,0.5,4,0,29.2051,***
"eFUSE_burn_readmargin","BANKA_BURN_BIT_33",430820,"Parametric","",0,1,"",0,1,0.75,0.5,4,0,29.2051,***
"eFUSE_burn_readmargin","BANKA_BIT_BLOWN_TRUE_33",431300,"Parametric","",1,1,"",1,1,1,0,4,0,29.2051,***
"eFUSE_burn_readmargin","BANKA_READMARGIN_BIT_34",430350,"Parametric","",0,1,"",0,0,0,0,4,0,29.2051,***
"eFUSE_burn_readmargin","BANKA_BURN_BIT_34",430830,"Parametric","",0,1,"",0,0,0,0,4,0,29.2051,***
"eFUSE_burn_readmargin","BANKA_BIT_BLOWN_TRUE_34",431310,"Parametric","",1,1,"",1,1,1,0,4,0,29.2051,***
"eFUSE_burn_readmargin","BANKA_READMARGIN_BIT_35",430360,"Parametric","",0,1,"",0,0,0,0,4,0,29.2051,***
"eFUSE_burn_readmargin","BANKA_BURN_BIT_35",430840,"Parametric","",0,1,"",0,0,0,0,4,0,29.2051,***
"eFUSE_burn_readmargin","BANKA_BIT_BLOWN_TRUE_35",431320,"Parametric","",1,1,"",1,1,1,0,4,0,29.2051,***
"eFUSE_burn_readmargin","BANKA_READMARGIN_BIT_36",430370,"Parametric","",0,1,"",1,1,1,0,4,0,29.2051,***
"eFUSE_burn_readmargin","BANKA_BURN_BIT_36",430850,"Parametric","",0,1,"",1,1,1,0,4,0,29.2051,***
"eFUSE_burn_readmargin","BANKA_BIT_BLOWN_TRUE_36",431330,"Parametric","",1,1,"",1,1,1,0,4,0,29.2051,***
"eFUSE_burn_readmargin","BANKA_READMARGIN_BIT_37",430380,"Parametric","",0,1,"",0,0,0,0,4,0,29.2051,***
"eFUSE_burn_readmargin","BANKA_BURN_BIT_37",430860,"Parametric","",0,1,"",0,0,0,0,4,0,29.2051,***
"eFUSE_burn_readmargin","BANKA_BIT_BLOWN_TRUE_37",431340,"Parametric","",1,1,"",1,1,1,0,4,0,29.2051,***
"eFUSE_burn_readmargin","BANKA_READMARGIN_BIT_38",430390,"Parametric","",0,1,"",1,1,1,0,4,0,29.2051,***
"eFUSE_burn_readmargin","BANKA_BURN_BIT_38",430870,"Parametric","",0,1,"",1,1,1,0,4,0,29.2051,***
"eFUSE_burn_readmargin","BANKA_BIT_BLOWN_TRUE_38",431350,"Parametric","",1,1,"",1,1,1,0,4,0,29.2051,***
"eFUSE_burn_readmargin","BANKA_READMARGIN_BIT_39",430400,"Parametric","",0,1,"",0,1,0.5,0.57735,4,0,29.2051,***
"eFUSE_burn_readmargin","BANKA_BURN_BIT_39",430880,"Parametric","",0,1,"",0,1,0.5,0.57735,4,0,29.2051,***
"eFUSE_burn_readmargin","BANKA_BIT_BLOWN_TRUE_39",431360,"Parametric","",1,1,"",1,1,1,0,4,0,29.2051,***
"eFUSE_burn_readmargin","BANKA_READMARGIN_BIT_40",430410,"Parametric","",0,1,"",0,1,0.5,0.57735,4,0,29.2051,***
"eFUSE_burn_readmargin","BANKA_BURN_BIT_40",430890,"Parametric","",0,1,"",0,1,0.5,0.57735,4,0,29.2051,***
"eFUSE_burn_readmargin","BANKA_BIT_BLOWN_TRUE_40",431370,"Parametric","",1,1,"",1,1,1,0,4,0,29.2051,***
"eFUSE_burn_readmargin","BANKA_READMARGIN_BIT_41",430420,"Parametric","",0,1,"",0,1,0.75,0.5,4,0,29.2051,***
"eFUSE_burn_readmargin","BANKA_BURN_BIT_41",430900,"Parametric","",0,1,"",0,1,0.75,0.5,4,0,29.2051,***
"eFUSE_burn_readmargin","BANKA_BIT_BLOWN_TRUE_41",431380,"Parametric","",1,1,"",1,1,1,0,4,0,29.2051,***
"eFUSE_burn_readmargin","BANKA_READMARGIN_BIT_42",430430,"Parametric","",0,1,"",1,1,1,0,4,0,29.2051,***
"eFUSE_burn_readmargin","BANKA_BURN_BIT_42",430910,"Parametric","",0,1,"",1,1,1,0,4,0,29.2051,***
"eFUSE_burn_readmargin","BANKA_BIT_BLOWN_TRUE_42",431390,"Parametric","",1,1,"",1,1,1,0,4,0,29.2051,***
"eFUSE_burn_readmargin","BANKA_READMARGIN_BIT_43",430440,"Parametric","",0,1,"",0,1,0.5,0.57735,4,0,29.2051,***
"eFUSE_burn_readmargin","BANKA_BURN_BIT_43",430920,"Parametric","",0,1,"",0,1,0.5,0.57735,4,0,29.2051,***
"eFUSE_burn_readmargin","BANKA_BIT_BLOWN_TRUE_43",431400,"Parametric","",1,1,"",1,1,1,0,4,0,29.2051,***
"eFUSE_burn_readmargin","BANKA_READMARGIN_BIT_44",430450,"Parametric","",0,1,"",1,1,1,0,4,0,29.2051,***
"eFUSE_burn_readmargin","BANKA_BURN_BIT_44",430930,"Parametric","",0,1,"",1,1,1,0,4,0,29.2051,***
"eFUSE_burn_readmargin","BANKA_BIT_BLOWN_TRUE_44",431410,"Parametric","",1,1,"",1,1,1,0,4,0,29.2051,***
"eFUSE_burn_readmargin","BANKA_READMARGIN_BIT_45",430460,"Parametric","",0,1,"",0,0,0,0,4,0,29.2051,***
"eFUSE_burn_readmargin","BANKA_BURN_BIT_45",430940,"Parametric","",0,1,"",0,0,0,0,4,0,29.2051,***
"eFUSE_burn_readmargin","BANKA_BIT_BLOWN_TRUE_45",431420,"Parametric","",1,1,"",1,1,1,0,4,0,29.2051,***
"eFUSE_burn_readmargin","BANKA_READMARGIN_BIT_46",430470,"Parametric","",0,1,"",1,1,1,0,4,0,29.2051,***
"eFUSE_burn_readmargin","BANKA_BURN_BIT_46",430950,"Parametric","",0,1,"",1,1,1,0,4,0,29.2051,***
"eFUSE_burn_readmargin","BANKA_BIT_BLOWN_TRUE_46",431430,"Parametric","",1,1,"",1,1,1,0,4,0,29.2051,***
"eFUSE_burn_readmargin","BANKA_READMARGIN_BIT_47",430480,"Parametric","",0,1,"",1,1,1,0,4,0,29.2051,***
"eFUSE_burn_readmargin","BANKA_BURN_BIT_47",430960,"Parametric","",0,1,"",1,1,1,0,4,0,29.2051,***
"eFUSE_burn_readmargin","BANKA_BIT_BLOWN_TRUE_47",431440,"Parametric","",1,1,"",1,1,1,0,4,0,29.2051,***
"eFUSE_burn_readmargin","BANKB_READMARGIN_BIT_0",431450,"Parametric","",0,1,"",0,0,0,0,4,0,29.2051,***
"eFUSE_burn_readmargin","BANKB_BURN_BIT_0",431930,"Parametric","",0,1,"",0,0,0,0,4,0,29.2051,***
"eFUSE_burn_readmargin","BANKB_BIT_BLOWN_TRUE_0",432410,"Parametric","",1,1,"",1,1,1,0,4,0,29.2051,***
"eFUSE_burn_readmargin","BANKB_READMARGIN_BIT_1",431460,"Parametric","",0,1,"",0,0,0,0,4,0,29.2051,***
"eFUSE_burn_readmargin","BANKB_BURN_BIT_1",431940,"Parametric","",0,1,"",0,0,0,0,4,0,29.2051,***
"eFUSE_burn_readmargin","BANKB_BIT_BLOWN_TRUE_1",432420,"Parametric","",1,1,"",1,1,1,0,4,0,29.2051,***
"eFUSE_burn_readmargin","BANKB_READMARGIN_BIT_2",431470,"Parametric","",0,1,"",0,0,0,0,4,0,29.2051,***
"eFUSE_burn_readmargin","BANKB_BURN_BIT_2",431950,"Parametric","",0,1,"",0,0,0,0,4,0,29.2051,***
"eFUSE_burn_readmargin","BANKB_BIT_BLOWN_TRUE_2",432430,"Parametric","",1,1,"",1,1,1,0,4,0,29.2051,***
"eFUSE_burn_readmargin","BANKB_READMARGIN_BIT_3",431480,"Parametric","",0,1,"",0,0,0,0,4,0,29.2051,***
"eFUSE_burn_readmargin","BANKB_BURN_BIT_3",431960,"Parametric","",0,1,"",0,0,0,0,4,0,29.2051,***
"eFUSE_burn_readmargin","BANKB_BIT_BLOWN_TRUE_3",432440,"Parametric","",1,1,"",1,1,1,0,4,0,29.2051,***
"eFUSE_burn_readmargin","BANKB_READMARGIN_BIT_4",431490,"Parametric","",0,1,"",0,0,0,0,4,0,29.2051,***
"eFUSE_burn_readmargin","BANKB_BURN_BIT_4",431970,"Parametric","",0,1,"",0,0,0,0,4,0,29.2051,***
"eFUSE_burn_readmargin","BANKB_BIT_BLOWN_TRUE_4",432450,"Parametric","",1,1,"",1,1,1,0,4,0,29.2051,***
"eFUSE_burn_readmargin","BANKB_READMARGIN_BIT_5",431500,"Parametric","",0,1,"",0,0,0,0,4,0,29.2051,***
"eFUSE_burn_readmargin","BANKB_BURN_BIT_5",431980,"Parametric","",0,1,"",0,0,0,0,4,0,29.2051,***
"eFUSE_burn_readmargin","BANKB_BIT_BLOWN_TRUE_5",432460,"Parametric","",1,1,"",1,1,1,0,4,0,29.2051,***
"eFUSE_burn_readmargin","BANKB_READMARGIN_BIT_6",431510,"Parametric","",0,1,"",0,0,0,0,4,0,29.2051,***
"eFUSE_burn_readmargin","BANKB_BURN_BIT_6",431990,"Parametric","",0,1,"",0,0,0,0,4,0,29.2051,***
"eFUSE_burn_readmargin","BANKB_BIT_BLOWN_TRUE_6",432470,"Parametric","",1,1,"",1,1,1,0,4,0,29.2051,***
"eFUSE_burn_readmargin","BANKB_READMARGIN_BIT_7",431520,"Parametric","",0,1,"",0,0,0,0,4,0,29.2051,***
"eFUSE_burn_readmargin","BANKB_BURN_BIT_7",432000,"Parametric","",0,1,"",0,0,0,0,4,0,29.2051,***
"eFUSE_burn_readmargin","BANKB_BIT_BLOWN_TRUE_7",432480,"Parametric","",1,1,"",1,1,1,0,4,0,29.2051,***
"eFUSE_burn_readmargin","BANKB_READMARGIN_BIT_8",431530,"Parametric","",0,1,"",0,0,0,0,4,0,29.2051,***
"eFUSE_burn_readmargin","BANKB_BURN_BIT_8",432010,"Parametric","",0,1,"",0,0,0,0,4,0,29.2051,***
"eFUSE_burn_readmargin","BANKB_BIT_BLOWN_TRUE_8",432490,"Parametric","",1,1,"",1,1,1,0,4,0,29.2051,***
"eFUSE_burn_readmargin","BANKB_READMARGIN_BIT_9",431540,"Parametric","",0,1,"",0,0,0,0,4,0,29.2051,***
"eFUSE_burn_readmargin","BANKB_BURN_BIT_9",432020,"Parametric","",0,1,"",0,0,0,0,4,0,29.2051,***
"eFUSE_burn_readmargin","BANKB_BIT_BLOWN_TRUE_9",432500,"Parametric","",1,1,"",1,1,1,0,4,0,29.2051,***
"eFUSE_burn_readmargin","BANKB_READMARGIN_BIT_10",431550,"Parametric","",0,1,"",0,0,0,0,4,0,29.2051,***
"eFUSE_burn_readmargin","BANKB_BURN_BIT_10",432030,"Parametric","",0,1,"",0,0,0,0,4,0,29.2051,***
"eFUSE_burn_readmargin","BANKB_BIT_BLOWN_TRUE_10",432510,"Parametric","",1,1,"",1,1,1,0,4,0,29.2051,***
"eFUSE_burn_readmargin","BANKB_READMARGIN_BIT_11",431560,"Parametric","",0,1,"",0,1,0.5,0.57735,4,0,29.2051,***
"eFUSE_burn_readmargin","BANKB_BURN_BIT_11",432040,"Parametric","",0,1,"",0,1,0.5,0.57735,4,0,29.2051,***
"eFUSE_burn_readmargin","BANKB_BIT_BLOWN_TRUE_11",432520,"Parametric","",1,1,"",1,1,1,0,4,0,29.2051,***
"eFUSE_burn_readmargin","BANKB_READMARGIN_BIT_12",431570,"Parametric","",0,1,"",0,1,0.75,0.5,4,0,29.2051,***
"eFUSE_burn_readmargin","BANKB_BURN_BIT_12",432050,"Parametric","",0,1,"",0,1,0.75,0.5,4,0,29.2051,***
"eFUSE_burn_readmargin","BANKB_BIT_BLOWN_TRUE_12",432530,"Parametric","",1,1,"",1,1,1,0,4,0,29.2051,***
"eFUSE_burn_readmargin","BANKB_READMARGIN_BIT_13",431580,"Parametric","",0,1,"",0,1,0.25,0.5,4,0,29.2051,***
"eFUSE_burn_readmargin","BANKB_BURN_BIT_13",432060,"Parametric","",0,1,"",0,1,0.25,0.5,4,0,29.2051,***
"eFUSE_burn_readmargin","BANKB_BIT_BLOWN_TRUE_13",432540,"Parametric","",1,1,"",1,1,1,0,4,0,29.2051,***
"eFUSE_burn_readmargin","BANKB_READMARGIN_BIT_14",431590,"Parametric","",0,1,"",1,1,1,0,4,0,29.2051,***
"eFUSE_burn_readmargin","BANKB_BURN_BIT_14",432070,"Parametric","",0,1,"",1,1,1,0,4,0,29.2051,***
"eFUSE_burn_readmargin","BANKB_BIT_BLOWN_TRUE_14",432550,"Parametric","",1,1,"",1,1,1,0,4,0,29.2051,***
"eFUSE_burn_readmargin","BANKB_READMARGIN_BIT_15",431600,"Parametric","",0,1,"",0,1,0.25,0.5,4,0,29.2051,***
"eFUSE_burn_readmargin","BANKB_BURN_BIT_15",432080,"Parametric","",0,1,"",0,1,0.25,0.5,4,0,29.2051,***
"eFUSE_burn_readmargin","BANKB_BIT_BLOWN_TRUE_15",432560,"Parametric","",1,1,"",1,1,1,0,4,0,29.2051,***
"eFUSE_burn_readmargin","BANKB_READMARGIN_BIT_16",431610,"Parametric","",0,1,"",0,1,0.25,0.5,4,0,29.2051,***
"eFUSE_burn_readmargin","BANKB_BURN_BIT_16",432090,"Parametric","",0,1,"",0,1,0.25,0.5,4,0,29.2051,***
"eFUSE_burn_readmargin","BANKB_BIT_BLOWN_TRUE_16",432570,"Parametric","",1,1,"",1,1,1,0,4,0,29.2051,***
"eFUSE_burn_readmargin","BANKB_READMARGIN_BIT_17",431620,"Parametric","",0,1,"",0,1,0.25,0.5,4,0,29.2051,***
"eFUSE_burn_readmargin","BANKB_BURN_BIT_17",432100,"Parametric","",0,1,"",0,1,0.25,0.5,4,0,29.2051,***
"eFUSE_burn_readmargin","BANKB_BIT_BLOWN_TRUE_17",432580,"Parametric","",1,1,"",1,1,1,0,4,0,29.2051,***
"eFUSE_burn_readmargin","BANKB_READMARGIN_BIT_18",431630,"Parametric","",0,1,"",0,1,0.75,0.5,4,0,29.2051,***
"eFUSE_burn_readmargin","BANKB_BURN_BIT_18",432110,"Parametric","",0,1,"",0,1,0.75,0.5,4,0,29.2051,***
"eFUSE_burn_readmargin","BANKB_BIT_BLOWN_TRUE_18",432590,"Parametric","",1,1,"",1,1,1,0,4,0,29.2051,***
"eFUSE_burn_readmargin","BANKB_READMARGIN_BIT_19",431640,"Parametric","",0,1,"",0,0,0,0,4,0,29.2051,***
"eFUSE_burn_readmargin","BANKB_BURN_BIT_19",432120,"Parametric","",0,1,"",0,0,0,0,4,0,29.2051,***
"eFUSE_burn_readmargin","BANKB_BIT_BLOWN_TRUE_19",432600,"Parametric","",1,1,"",1,1,1,0,4,0,29.2051,***
"eFUSE_burn_readmargin","BANKB_READMARGIN_BIT_20",431650,"Parametric","",0,1,"",0,0,0,0,4,0,29.2051,***
"eFUSE_burn_readmargin","BANKB_BURN_BIT_20",432130,"Parametric","",0,1,"",0,0,0,0,4,0,29.2051,***
"eFUSE_burn_readmargin","BANKB_BIT_BLOWN_TRUE_20",432610,"Parametric","",1,1,"",1,1,1,0,4,0,29.2051,***
"eFUSE_burn_readmargin","BANKB_READMARGIN_BIT_21",431660,"Parametric","",0,1,"",0,0,0,0,4,0,29.2051,***
"eFUSE_burn_readmargin","BANKB_BURN_BIT_21",432140,"Parametric","",0,1,"",0,0,0,0,4,0,29.2051,***
"eFUSE_burn_readmargin","BANKB_BIT_BLOWN_TRUE_21",432620,"Parametric","",1,1,"",1,1,1,0,4,0,29.2051,***
"eFUSE_burn_readmargin","BANKB_READMARGIN_BIT_22",431670,"Parametric","",0,1,"",0,0,0,0,4,0,29.2051,***
"eFUSE_burn_readmargin","BANKB_BURN_BIT_22",432150,"Parametric","",0,1,"",0,0,0,0,4,0,29.2051,***
"eFUSE_burn_readmargin","BANKB_BIT_BLOWN_TRUE_22",432630,"Parametric","",1,1,"",1,1,1,0,4,0,29.2051,***
"eFUSE_burn_readmargin","BANKB_READMARGIN_BIT_23",431680,"Parametric","",0,1,"",0,0,0,0,4,0,29.2051,***
"eFUSE_burn_readmargin","BANKB_BURN_BIT_23",432160,"Parametric","",0,1,"",0,0,0,0,4,0,29.2051,***
"eFUSE_burn_readmargin","BANKB_BIT_BLOWN_TRUE_23",432640,"Parametric","",1,1,"",1,1,1,0,4,0,29.2051,***
"eFUSE_burn_readmargin","BANKB_READMARGIN_BIT_24",431690,"Parametric","",0,1,"",0,1,0.5,0.57735,4,0,29.2051,***
"eFUSE_burn_readmargin","BANKB_BURN_BIT_24",432170,"Parametric","",0,1,"",0,1,0.5,0.57735,4,0,29.2051,***
"eFUSE_burn_readmargin","BANKB_BIT_BLOWN_TRUE_24",432650,"Parametric","",1,1,"",1,1,1,0,4,0,29.2051,***
"eFUSE_burn_readmargin","BANKB_READMARGIN_BIT_25",431700,"Parametric","",0,1,"",0,1,0.5,0.57735,4,0,29.2051,***
"eFUSE_burn_readmargin","BANKB_BURN_BIT_25",432180,"Parametric","",0,1,"",0,1,0.5,0.57735,4,0,29.2051,***
"eFUSE_burn_readmargin","BANKB_BIT_BLOWN_TRUE_25",432660,"Parametric","",1,1,"",1,1,1,0,4,0,29.2051,***
"eFUSE_burn_readmargin","BANKB_READMARGIN_BIT_26",431710,"Parametric","",0,1,"",0,1,0.5,0.57735,4,0,29.2051,***
"eFUSE_burn_readmargin","BANKB_BURN_BIT_26",432190,"Parametric","",0,1,"",0,1,0.5,0.57735,4,0,29.2051,***
"eFUSE_burn_readmargin","BANKB_BIT_BLOWN_TRUE_26",432670,"Parametric","",1,1,"",1,1,1,0,4,0,29.2051,***
"eFUSE_burn_readmargin","BANKB_READMARGIN_BIT_27",431720,"Parametric","",0,1,"",1,1,1,0,4,0,29.2051,***
"eFUSE_burn_readmargin","BANKB_BURN_BIT_27",432200,"Parametric","",0,1,"",1,1,1,0,4,0,29.2051,***
"eFUSE_burn_readmargin","BANKB_BIT_BLOWN_TRUE_27",432680,"Parametric","",1,1,"",1,1,1,0,4,0,29.2051,***
"eFUSE_burn_readmargin","BANKB_READMARGIN_BIT_28",431730,"Parametric","",0,1,"",0,0,0,0,4,0,29.2051,***
"eFUSE_burn_readmargin","BANKB_BURN_BIT_28",432210,"Parametric","",0,1,"",0,0,0,0,4,0,29.2051,***
"eFUSE_burn_readmargin","BANKB_BIT_BLOWN_TRUE_28",432690,"Parametric","",1,1,"",1,1,1,0,4,0,29.2051,***
"eFUSE_burn_readmargin","BANKB_READMARGIN_BIT_29",431740,"Parametric","",0,1,"",0,0,0,0,4,0,29.2051,***
"eFUSE_burn_readmargin","BANKB_BURN_BIT_29",432220,"Parametric","",0,1,"",0,0,0,0,4,0,29.2051,***
"eFUSE_burn_readmargin","BANKB_BIT_BLOWN_TRUE_29",432700,"Parametric","",1,1,"",1,1,1,0,4,0,29.2051,***
"eFUSE_burn_readmargin","BANKB_READMARGIN_BIT_30",431750,"Parametric","",0,1,"",0,1,0.25,0.5,4,0,29.2051,***
"eFUSE_burn_readmargin","BANKB_BURN_BIT_30",432230,"Parametric","",0,1,"",0,1,0.25,0.5,4,0,29.2051,***
"eFUSE_burn_readmargin","BANKB_BIT_BLOWN_TRUE_30",432710,"Parametric","",1,1,"",1,1,1,0,4,0,29.2051,***
"eFUSE_burn_readmargin","BANKB_READMARGIN_BIT_31",431760,"Parametric","",0,1,"",0,1,0.75,0.5,4,0,29.2051,***
"eFUSE_burn_readmargin","BANKB_BURN_BIT_31",432240,"Parametric","",0,1,"",0,1,0.75,0.5,4,0,29.2051,***
"eFUSE_burn_readmargin","BANKB_BIT_BLOWN_TRUE_31",432720,"Parametric","",1,1,"",1,1,1,0,4,0,29.2051,***
"eFUSE_burn_readmargin","BANKB_READMARGIN_BIT_32",431770,"Parametric","",0,1,"",0,0,0,0,4,0,29.2051,***
"eFUSE_burn_readmargin","BANKB_BURN_BIT_32",432250,"Parametric","",0,1,"",0,0,0,0,4,0,29.2051,***
"eFUSE_burn_readmargin","BANKB_BIT_BLOWN_TRUE_32",432730,"Parametric","",1,1,"",1,1,1,0,4,0,29.2051,***
"eFUSE_burn_readmargin","BANKB_READMARGIN_BIT_33",431780,"Parametric","",0,1,"",0,1,0.75,0.5,4,0,29.2051,***
"eFUSE_burn_readmargin","BANKB_BURN_BIT_33",432260,"Parametric","",0,1,"",0,1,0.75,0.5,4,0,29.2051,***
"eFUSE_burn_readmargin","BANKB_BIT_BLOWN_TRUE_33",432740,"Parametric","",1,1,"",1,1,1,0,4,0,29.2051,***
"eFUSE_burn_readmargin","BANKB_READMARGIN_BIT_34",431790,"Parametric","",0,1,"",0,0,0,0,4,0,29.2051,***
"eFUSE_burn_readmargin","BANKB_BURN_BIT_34",432270,"Parametric","",0,1,"",0,0,0,0,4,0,29.2051,***
"eFUSE_burn_readmargin","BANKB_BIT_BLOWN_TRUE_34",432750,"Parametric","",1,1,"",1,1,1,0,4,0,29.2051,***
"eFUSE_burn_readmargin","BANKB_READMARGIN_BIT_35",431800,"Parametric","",0,1,"",0,0,0,0,4,0,29.2051,***
"eFUSE_burn_readmargin","BANKB_BURN_BIT_35",432280,"Parametric","",0,1,"",0,0,0,0,4,0,29.2051,***
"eFUSE_burn_readmargin","BANKB_BIT_BLOWN_TRUE_35",432760,"Parametric","",1,1,"",1,1,1,0,4,0,29.2051,***
"eFUSE_burn_readmargin","BANKB_READMARGIN_BIT_36",431810,"Parametric","",0,1,"",1,1,1,0,4,0,29.2051,***
"eFUSE_burn_readmargin","BANKB_BURN_BIT_36",432290,"Parametric","",0,1,"",1,1,1,0,4,0,29.2051,***
"eFUSE_burn_readmargin","BANKB_BIT_BLOWN_TRUE_36",432770,"Parametric","",1,1,"",1,1,1,0,4,0,29.2051,***
"eFUSE_burn_readmargin","BANKB_READMARGIN_BIT_37",431820,"Parametric","",0,1,"",0,0,0,0,4,0,29.2051,***
"eFUSE_burn_readmargin","BANKB_BURN_BIT_37",432300,"Parametric","",0,1,"",0,0,0,0,4,0,29.2051,***
"eFUSE_burn_readmargin","BANKB_BIT_BLOWN_TRUE_37",432780,"Parametric","",1,1,"",1,1,1,0,4,0,29.2051,***
"eFUSE_burn_readmargin","BANKB_READMARGIN_BIT_38",431830,"Parametric","",0,1,"",1,1,1,0,4,0,29.2051,***
"eFUSE_burn_readmargin","BANKB_BURN_BIT_38",432310,"Parametric","",0,1,"",1,1,1,0,4,0,29.2051,***
"eFUSE_burn_readmargin","BANKB_BIT_BLOWN_TRUE_38",432790,"Parametric","",1,1,"",1,1,1,0,4,0,29.2051,***
"eFUSE_burn_readmargin","BANKB_READMARGIN_BIT_39",431840,"Parametric","",0,1,"",0,1,0.5,0.57735,4,0,29.2051,***
"eFUSE_burn_readmargin","BANKB_BURN_BIT_39",432320,"Parametric","",0,1,"",0,1,0.5,0.57735,4,0,29.2051,***
"eFUSE_burn_readmargin","BANKB_BIT_BLOWN_TRUE_39",432800,"Parametric","",1,1,"",1,1,1,0,4,0,29.2051,***
"eFUSE_burn_readmargin","BANKB_READMARGIN_BIT_40",431850,"Parametric","",0,1,"",0,1,0.5,0.57735,4,0,29.2051,***
"eFUSE_burn_readmargin","BANKB_BURN_BIT_40",432330,"Parametric","",0,1,"",0,1,0.5,0.57735,4,0,29.2051,***
"eFUSE_burn_readmargin","BANKB_BIT_BLOWN_TRUE_40",432810,"Parametric","",1,1,"",1,1,1,0,4,0,29.2051,***
"eFUSE_burn_readmargin","BANKB_READMARGIN_BIT_41",431860,"Parametric","",0,1,"",0,1,0.75,0.5,4,0,29.2051,***
"eFUSE_burn_readmargin","BANKB_BURN_BIT_41",432340,"Parametric","",0,1,"",0,1,0.75,0.5,4,0,29.2051,***
"eFUSE_burn_readmargin","BANKB_BIT_BLOWN_TRUE_41",432820,"Parametric","",1,1,"",1,1,1,0,4,0,29.2051,***
"eFUSE_burn_readmargin","BANKB_READMARGIN_BIT_42",431870,"Parametric","",0,1,"",1,1,1,0,4,0,29.2051,***
"eFUSE_burn_readmargin","BANKB_BURN_BIT_42",432350,"Parametric","",0,1,"",1,1,1,0,4,0,29.2051,***
"eFUSE_burn_readmargin","BANKB_BIT_BLOWN_TRUE_42",432830,"Parametric","",1,1,"",1,1,1,0,4,0,29.2051,***
"eFUSE_burn_readmargin","BANKB_READMARGIN_BIT_43",431880,"Parametric","",0,1,"",0,1,0.5,0.57735,4,0,29.2051,***
"eFUSE_burn_readmargin","BANKB_BURN_BIT_43",432360,"Parametric","",0,1,"",0,1,0.5,0.57735,4,0,29.2051,***
"eFUSE_burn_readmargin","BANKB_BIT_BLOWN_TRUE_43",432840,"Parametric","",1,1,"",1,1,1,0,4,0,29.2051,***
"eFUSE_burn_readmargin","BANKB_READMARGIN_BIT_44",431890,"Parametric","",0,1,"",1,1,1,0,4,0,29.2051,***
"eFUSE_burn_readmargin","BANKB_BURN_BIT_44",432370,"Parametric","",0,1,"",1,1,1,0,4,0,29.2051,***
"eFUSE_burn_readmargin","BANKB_BIT_BLOWN_TRUE_44",432850,"Parametric","",1,1,"",1,1,1,0,4,0,29.2051,***
"eFUSE_burn_readmargin","BANKB_READMARGIN_BIT_45",431900,"Parametric","",0,1,"",0,0,0,0,4,0,29.2051,***
"eFUSE_burn_readmargin","BANKB_BURN_BIT_45",432380,"Parametric","",0,1,"",0,0,0,0,4,0,29.2051,***
"eFUSE_burn_readmargin","BANKB_BIT_BLOWN_TRUE_45",432860,"Parametric","",1,1,"",1,1,1,0,4,0,29.2051,***
"eFUSE_burn_readmargin","BANKB_READMARGIN_BIT_46",431910,"Parametric","",0,1,"",1,1,1,0,4,0,29.2051,***
"eFUSE_burn_readmargin","BANKB_BURN_BIT_46",432390,"Parametric","",0,1,"",1,1,1,0,4,0,29.2051,***
"eFUSE_burn_readmargin","BANKB_BIT_BLOWN_TRUE_46",432870,"Parametric","",1,1,"",1,1,1,0,4,0,29.2051,***
"eFUSE_burn_readmargin","BANKB_READMARGIN_BIT_47",431920,"Parametric","",0,1,"",1,1,1,0,4,0,29.2051,***
"eFUSE_burn_readmargin","BANKB_BURN_BIT_47",432400,"Parametric","",0,1,"",1,1,1,0,4,0,29.2051,***
"eFUSE_burn_readmargin","BANKB_BIT_BLOWN_TRUE_47",432880,"Parametric","",1,1,"",1,1,1,0,4,0,29.2051,***
"POST_BURN_PASS_FET_LEAKAGE","POST_Forward_Leakage_FET",470030,"Parametric","",-20,20,"nA",-1,-1,-1,0,4,0,0.279546,***
"POST_BURN_PASS_FET_LEAKAGE","POST_Reverse_Leakage_FET",470040,"Parametric","",-20,20,"nA",-2,-1,-1.25,0.5,4,0,0.279546,***
"POST_BURN_PASS_FET_LEAKAGE","Delta_Forward_Leakage_FET",470050,"Parametric","",-20,20,"nA",-1,-1,-1,0,4,0,0.279546,***
"POST_BURN_PASS_FET_LEAKAGE","Delta_Reverse_Leakage_FET",470060,"Parametric","",-20,20,"nA",-1,0,-0.25,0.5,4,0,0.279546,***
"POST_EFUSE_RESISTANCE","POST_BANKA_EFUSE_RESISTANCE_BIT47",490001,"Parametric","",65,85000,"ohms",1183.8,2276.6,1718.8,467.608,4,0,15.902,***
"POST_EFUSE_RESISTANCE","POST_BANKA_EFUSE_RESISTANCE_BIT46",490002,"Parametric","",65,85000,"ohms",1229.4,2492.8,1775.7,544.539,4,0,15.902,***
"POST_EFUSE_RESISTANCE","POST_BANKA_EFUSE_RESISTANCE_BIT45",490003,"Parametric","",65,85000,"ohms",79.6,91,85.35,6.52457,4,0,15.902,***
"POST_EFUSE_RESISTANCE","POST_BANKA_EFUSE_RESISTANCE_BIT44",490004,"Parametric","",65,85000,"ohms",1377.4,1787,1653.35,187.759,4,0,15.902,***
"POST_EFUSE_RESISTANCE","POST_BANKA_EFUSE_RESISTANCE_BIT43",490005,"Parametric","",65,85000,"ohms",79.8,1593.6,779.75,807.694,4,0,15.902,***
"POST_EFUSE_RESISTANCE","POST_BANKA_EFUSE_RESISTANCE_BIT42",490006,"Parametric","",65,85000,"ohms",1297.6,1878.2,1570.8,260.76,4,0,15.902,***
"POST_EFUSE_RESISTANCE","POST_BANKA_EFUSE_RESISTANCE_BIT41",490007,"Parametric","",65,85000,"ohms",79.6,1388.6,1013.05,623.982,4,0,15.902,***
"POST_EFUSE_RESISTANCE","POST_BANKA_EFUSE_RESISTANCE_BIT40",490008,"Parametric","",65,85000,"ohms",79.8,2561,1030.15,1195.36,4,0,15.902,***
"POST_EFUSE_RESISTANCE","POST_BANKA_EFUSE_RESISTANCE_BIT39",490009,"Parametric","",65,85000,"ohms",79.6,2265.2,1078.5,1157.69,4,0,15.902,***
"POST_EFUSE_RESISTANCE","POST_BANKA_EFUSE_RESISTANCE_BIT38",490010,"Parametric","",65,85000,"ohms",1126.8,2253.8,1664.7,575.134,4,0,15.902,***
"POST_EFUSE_RESISTANCE","POST_BANKA_EFUSE_RESISTANCE_BIT37",490011,"Parametric","",65,85000,"ohms",79.6,91,85.35,6.52457,4,0,15.902,***
"POST_EFUSE_RESISTANCE","POST_BANKA_EFUSE_RESISTANCE_BIT36",490012,"Parametric","",65,85000,"ohms",1536.8,2458.6,2023.35,480.546,4,0,15.902,***
"POST_EFUSE_RESISTANCE","POST_BANKA_EFUSE_RESISTANCE_BIT35",490013,"Parametric","",65,85000,"ohms",79.8,91,85.4,6.46632,4,0,15.902,***
"POST_EFUSE_RESISTANCE","POST_BANKA_EFUSE_RESISTANCE_BIT34",490014,"Parametric","",65,85000,"ohms",79.6,91,85.35,6.52457,4,0,15.902,***
"POST_EFUSE_RESISTANCE","POST_BANKA_EFUSE_RESISTANCE_BIT33",490015,"Parametric","",65,85000,"ohms",91,1570.8,1072.8,669.208,4,0,15.902,***
"POST_EFUSE_RESISTANCE","POST_BANKA_EFUSE_RESISTANCE_BIT32",490016,"Parametric","",65,85000,"ohms",79.6,91,82.5,5.66745,4,0,15.902,***
"POST_EFUSE_RESISTANCE","POST_BANKA_EFUSE_RESISTANCE_BIT31",490017,"Parametric","",65,85000,"ohms",91,3210,1687.5,1274.05,4,0,15.902,***
"POST_EFUSE_RESISTANCE","POST_BANKA_EFUSE_RESISTANCE_BIT30",490018,"Parametric","",65,85000,"ohms",79.6,1570.8,458.1,741.819,4,0,15.902,***
"POST_EFUSE_RESISTANCE","POST_BANKA_EFUSE_RESISTANCE_BIT29",490019,"Parametric","",65,85000,"ohms",79.6,91,85.35,6.52457,4,0,15.902,***
"POST_EFUSE_RESISTANCE","POST_BANKA_EFUSE_RESISTANCE_BIT28",490020,"Parametric","",65,85000,"ohms",79.8,91,88.2,5.6,4,0,15.902,***
"POST_EFUSE_RESISTANCE","POST_BANKA_EFUSE_RESISTANCE_BIT27",490021,"Parametric","",65,85000,"ohms",1229.4,2310.6,1704.6,452.503,4,0,15.902,***
"POST_EFUSE_RESISTANCE","POST_BANKA_EFUSE_RESISTANCE_BIT26",490022,"Parametric","",65,85000,"ohms",79.6,1707.4,813.8,851.945,4,0,15.902,***
"POST_EFUSE_RESISTANCE","POST_BANKA_EFUSE_RESISTANCE_BIT25",490023,"Parametric","",65,85000,"ohms",79.6,2287.8,1030.05,1120.45,4,0,15.902,***
"POST_EFUSE_RESISTANCE","POST_BANKA_EFUSE_RESISTANCE_BIT24",490024,"Parametric","",65,85000,"ohms",79.8,2561.2,1141.15,1254.85,4,0,15.902,***
"POST_EFUSE_RESISTANCE","POST_BANKA_EFUSE_RESISTANCE_BIT23",490025,"Parametric","",65,85000,"ohms",79.6,91,82.5,5.66745,4,0,15.902,***
"POST_EFUSE_RESISTANCE","POST_BANKA_EFUSE_RESISTANCE_BIT22",490026,"Parametric","",65,85000,"ohms",79.6,91,85.35,6.52457,4,0,15.902,***
"POST_EFUSE_RESISTANCE","POST_BANKA_EFUSE_RESISTANCE_BIT21",490027,"Parametric","",65,85000,"ohms",79.6,91,82.5,5.66745,4,0,15.902,***
"POST_EFUSE_RESISTANCE","POST_BANKA_EFUSE_RESISTANCE_BIT20",490028,"Parametric","",65,85000,"ohms",79.6,91,82.5,5.66745,4,0,15.902,***
"POST_EFUSE_RESISTANCE","POST_BANKA_EFUSE_RESISTANCE_BIT19",490029,"Parametric","",65,85000,"ohms",79.8,91,85.4,6.46632,4,0,15.902,***
"POST_EFUSE_RESISTANCE","POST_BANKA_EFUSE_RESISTANCE_BIT18",490030,"Parametric","",65,85000,"ohms",79.8,2504.2,1437.1,1005.38,4,0,15.902,***
"POST_EFUSE_RESISTANCE","POST_BANKA_EFUSE_RESISTANCE_BIT17",490031,"Parametric","",65,85000,"ohms",79.6,2401.8,660.2,1161.07,4,0,15.902,***
"POST_EFUSE_RESISTANCE","POST_BANKA_EFUSE_RESISTANCE_BIT16",490032,"Parametric","",65,85000,"ohms",79.6,1605,463.85,760.785,4,0,15.902,***
"POST_EFUSE_RESISTANCE","POST_BANKA_EFUSE_RESISTANCE_BIT15",490033,"Parametric","",65,85000,"ohms",91,1570.8,460.95,739.9,4,0,15.902,***
"POST_EFUSE_RESISTANCE","POST_BANKA_EFUSE_RESISTANCE_BIT14",490034,"Parametric","",65,85000,"ohms",1423,3118.8,2023.3,749.941,4,0,15.902,***
"POST_EFUSE_RESISTANCE","POST_BANKA_EFUSE_RESISTANCE_BIT13",490035,"Parametric","",65,85000,"ohms",79.6,1582.2,458.15,749.386,4,0,15.902,***
"POST_EFUSE_RESISTANCE","POST_BANKA_EFUSE_RESISTANCE_BIT12",490036,"Parametric","",65,85000,"ohms",79.8,2993.6,1676.15,1211.37,4,0,15.902,***
"POST_EFUSE_RESISTANCE","POST_BANKA_EFUSE_RESISTANCE_BIT11",490037,"Parametric","",65,85000,"ohms",91,1718.8,890.7,923.592,4,0,15.902,***
"POST_EFUSE_RESISTANCE","POST_BANKA_EFUSE_RESISTANCE_BIT10",490038,"Parametric","",65,85000,"ohms",79.6,91,82.5,5.66745,4,0,15.902,***
"POST_EFUSE_RESISTANCE","POST_BANKA_EFUSE_RESISTANCE_BIT9",490039,"Parametric","",65,85000,"ohms",79.6,79.8,79.65,0.100002,4,0,15.902,***
"POST_EFUSE_RESISTANCE","POST_BANKA_EFUSE_RESISTANCE_BIT8",490040,"Parametric","",65,85000,"ohms",79.6,91,82.55,5.63412,4,0,15.902,***
"POST_EFUSE_RESISTANCE","POST_BANKA_EFUSE_RESISTANCE_BIT7",490041,"Parametric","",65,85000,"ohms",79.8,91,88.2,5.6,4,0,15.902,***
"POST_EFUSE_RESISTANCE","POST_BANKA_EFUSE_RESISTANCE_BIT6",490042,"Parametric","",65,85000,"ohms",79.6,79.8,79.7,0.115473,4,0,15.902,***
"POST_EFUSE_RESISTANCE","POST_BANKA_EFUSE_RESISTANCE_BIT5",490043,"Parametric","",65,85000,"ohms",79.6,91,82.55,5.63412,4,0,15.902,***
"POST_EFUSE_RESISTANCE","POST_BANKA_EFUSE_RESISTANCE_BIT4",490044,"Parametric","",65,85000,"ohms",79.6,91,85.35,6.52457,4,0,15.902,***
"POST_EFUSE_RESISTANCE","POST_BANKA_EFUSE_RESISTANCE_BIT3",490045,"Parametric","",65,85000,"ohms",79.6,79.8,79.7,0.115473,4,0,15.902,***
"POST_EFUSE_RESISTANCE","POST_BANKA_EFUSE_RESISTANCE_BIT2",490046,"Parametric","",65,85000,"ohms",79.6,91,82.55,5.63412,4,0,15.902,***
"POST_EFUSE_RESISTANCE","POST_BANKA_EFUSE_RESISTANCE_BIT1",490047,"Parametric","",65,85000,"ohms",79.6,91,85.35,6.52457,4,0,15.902,***
"POST_EFUSE_RESISTANCE","POST_BANKA_EFUSE_RESISTANCE_BIT0",490048,"Parametric","",65,85000,"ohms",79.6,79.8,79.7,0.115473,4,0,15.902,***
"POST_EFUSE_RESISTANCE","POST_BANKB_EFUSE_RESISTANCE_BIT47",490049,"Parametric","",65,85000,"ohms",1286.4,1855.4,1642,258.717,4,0,15.902,***
"POST_EFUSE_RESISTANCE","POST_BANKB_EFUSE_RESISTANCE_BIT46",490050,"Parametric","",65,85000,"ohms",1309,2060.2,1750.05,316.159,4,0,15.902,***
"POST_EFUSE_RESISTANCE","POST_BANKB_EFUSE_RESISTANCE_BIT45",490051,"Parametric","",65,85000,"ohms",68.4,79.8,76.85,5.63412,4,0,15.902,***
"POST_EFUSE_RESISTANCE","POST_BANKB_EFUSE_RESISTANCE_BIT44",490052,"Parametric","",65,85000,"ohms",1696,2515.6,2028.95,353.104,4,0,15.902,***
"POST_EFUSE_RESISTANCE","POST_BANKB_EFUSE_RESISTANCE_BIT43",490053,"Parametric","",65,85000,"ohms",79.6,1741.6,782.55,833.021,4,0,15.902,***
"POST_EFUSE_RESISTANCE","POST_BANKB_EFUSE_RESISTANCE_BIT42",490054,"Parametric","",65,85000,"ohms",1400,1661.8,1499.65,116.172,4,0,15.902,***
"POST_EFUSE_RESISTANCE","POST_BANKB_EFUSE_RESISTANCE_BIT41",490055,"Parametric","",65,85000,"ohms",79.6,1935.2,1303.35,837.902,4,0,15.902,***
"POST_EFUSE_RESISTANCE","POST_BANKB_EFUSE_RESISTANCE_BIT40",490056,"Parametric","",65,85000,"ohms",79.8,1878.2,887.95,944.942,4,0,15.902,***
"POST_EFUSE_RESISTANCE","POST_BANKB_EFUSE_RESISTANCE_BIT39",490057,"Parametric","",65,85000,"ohms",79.6,1650.4,793.9,827.097,4,0,15.902,***
"POST_EFUSE_RESISTANCE","POST_BANKB_EFUSE_RESISTANCE_BIT38",490058,"Parametric","",65,85000,"ohms",1365.8,2014.8,1710.25,267.415,4,0,15.902,***
"POST_EFUSE_RESISTANCE","POST_BANKB_EFUSE_RESISTANCE_BIT37",490059,"Parametric","",65,85000,"ohms",79.6,91.2,85.4,6.5828,4,0,15.902,***
"POST_EFUSE_RESISTANCE","POST_BANKB_EFUSE_RESISTANCE_BIT36",490060,"Parametric","",65,85000,"ohms",1320.4,2287.8,1923.65,425.77,4,0,15.902,***
"POST_EFUSE_RESISTANCE","POST_BANKB_EFUSE_RESISTANCE_BIT35",490061,"Parametric","",65,85000,"ohms",79.6,91,82.55,5.63412,4,0,15.902,***
"POST_EFUSE_RESISTANCE","POST_BANKB_EFUSE_RESISTANCE_BIT34",490062,"Parametric","",65,85000,"ohms",79.6,91,82.55,5.63412,4,0,15.902,***
"POST_EFUSE_RESISTANCE","POST_BANKB_EFUSE_RESISTANCE_BIT33",490063,"Parametric","",65,85000,"ohms",79.6,1969.2,1243.55,812.204,4,0,15.902,***
"POST_EFUSE_RESISTANCE","POST_BANKB_EFUSE_RESISTANCE_BIT32",490064,"Parametric","",65,85000,"ohms",79.6,91,82.55,5.63412,4,0,15.902,***
"POST_EFUSE_RESISTANCE","POST_BANKB_EFUSE_RESISTANCE_BIT31",490065,"Parametric","",65,85000,"ohms",79.8,1741.6,1243.55,781.405,4,0,15.902,***
"POST_EFUSE_RESISTANCE","POST_BANKB_EFUSE_RESISTANCE_BIT30",490066,"Parametric","",65,85000,"ohms",79.6,2174,606.1,1045.28,4,0,15.902,***
"POST_EFUSE_RESISTANCE","POST_BANKB_EFUSE_RESISTANCE_BIT29",490067,"Parametric","",65,85000,"ohms",79.6,79.8,79.7,0.115473,4,0,15.902,***
"POST_EFUSE_RESISTANCE","POST_BANKB_EFUSE_RESISTANCE_BIT28",490068,"Parametric","",65,85000,"ohms",79.6,91,82.55,5.63412,4,0,15.902,***
"POST_EFUSE_RESISTANCE","POST_BANKB_EFUSE_RESISTANCE_BIT27",490069,"Parametric","",65,85000,"ohms",1309,2048.8,1713.05,317.139,4,0,15.902,***
"POST_EFUSE_RESISTANCE","POST_BANKB_EFUSE_RESISTANCE_BIT26",490070,"Parametric","",65,85000,"ohms",79.6,1730.2,796.8,841.323,4,0,15.902,***
"POST_EFUSE_RESISTANCE","POST_BANKB_EFUSE_RESISTANCE_BIT25",490071,"Parametric","",65,85000,"ohms",79.6,27478,7304.9,13467.4,4,0,15.902,***
"POST_EFUSE_RESISTANCE","POST_BANKB_EFUSE_RESISTANCE_BIT24",490072,"Parametric","",65,85000,"ohms",79.8,1957.8,967.55,1022.45,4,0,15.902,***
"POST_EFUSE_RESISTANCE","POST_BANKB_EFUSE_RESISTANCE_BIT23",490073,"Parametric","",65,85000,"ohms",79.6,91,85.35,6.52457,4,0,15.902,***
"POST_EFUSE_RESISTANCE","POST_BANKB_EFUSE_RESISTANCE_BIT22",490074,"Parametric","",65,85000,"ohms",79.6,91,85.3,6.58179,4,0,15.902,***
"POST_EFUSE_RESISTANCE","POST_BANKB_EFUSE_RESISTANCE_BIT21",490075,"Parametric","",65,85000,"ohms",91,91,91,0,4,0,15.902,***
"POST_EFUSE_RESISTANCE","POST_BANKB_EFUSE_RESISTANCE_BIT20",490076,"Parametric","",65,85000,"ohms",79.6,91,85.35,6.52457,4,0,15.902,***
"POST_EFUSE_RESISTANCE","POST_BANKB_EFUSE_RESISTANCE_BIT19",490077,"Parametric","",65,85000,"ohms",79.6,91,85.35,6.52457,4,0,15.902,***
"POST_EFUSE_RESISTANCE","POST_BANKB_EFUSE_RESISTANCE_BIT18",490078,"Parametric","",65,85000,"ohms",79.8,1866.8,1297.65,820.178,4,0,15.902,***
"POST_EFUSE_RESISTANCE","POST_BANKB_EFUSE_RESISTANCE_BIT17",490079,"Parametric","",65,85000,"ohms",79.6,1434.2,421.15,675.388,4,0,15.902,***
"POST_EFUSE_RESISTANCE","POST_BANKB_EFUSE_RESISTANCE_BIT16",490080,"Parametric","",65,85000,"ohms",79.6,1810,517.9,861.417,4,0,15.902,***
"POST_EFUSE_RESISTANCE","POST_BANKB_EFUSE_RESISTANCE_BIT15",490081,"Parametric","",65,85000,"ohms",79.6,1866.8,529.25,891.716,4,0,15.902,***
"POST_EFUSE_RESISTANCE","POST_BANKB_EFUSE_RESISTANCE_BIT14",490082,"Parametric","",65,85000,"ohms",1377.2,2561,1940.7,541.304,4,0,15.902,***
"POST_EFUSE_RESISTANCE","POST_BANKB_EFUSE_RESISTANCE_BIT13",490083,"Parametric","",65,85000,"ohms",79.6,1400,412.6,658.288,4,0,15.902,***
"POST_EFUSE_RESISTANCE","POST_BANKB_EFUSE_RESISTANCE_BIT12",490084,"Parametric","",65,85000,"ohms",79.8,1855.4,1218,782.407,4,0,15.902,***
"POST_EFUSE_RESISTANCE","POST_BANKB_EFUSE_RESISTANCE_BIT11",490085,"Parametric","",65,85000,"ohms",79.6,1582.2,748.4,783.827,4,0,15.902,***
"POST_EFUSE_RESISTANCE","POST_BANKB_EFUSE_RESISTANCE_BIT10",490086,"Parametric","",65,85000,"ohms",79.6,79.8,79.7,0.115473,4,0,15.902,***
"POST_EFUSE_RESISTANCE","POST_BANKB_EFUSE_RESISTANCE_BIT9",490087,"Parametric","",65,85000,"ohms",79.6,91,88.15,5.7,4,0,15.902,***
"POST_EFUSE_RESISTANCE","POST_BANKB_EFUSE_RESISTANCE_BIT8",490088,"Parametric","",65,85000,"ohms",79.6,91,85.35,6.52457,4,0,15.902,***
"POST_EFUSE_RESISTANCE","POST_BANKB_EFUSE_RESISTANCE_BIT7",490089,"Parametric","",65,85000,"ohms",79.6,79.8,79.7,0.115473,4,0,15.902,***
"POST_EFUSE_RESISTANCE","POST_BANKB_EFUSE_RESISTANCE_BIT6",490090,"Parametric","",65,85000,"ohms",79.6,79.8,79.7,0.115473,4,0,15.902,***
"POST_EFUSE_RESISTANCE","POST_BANKB_EFUSE_RESISTANCE_BIT5",490091,"Parametric","",65,85000,"ohms",79.6,79.8,79.7,0.115473,4,0,15.902,***
"POST_EFUSE_RESISTANCE","POST_BANKB_EFUSE_RESISTANCE_BIT4",490092,"Parametric","",65,85000,"ohms",79.6,79.8,79.7,0.115473,4,0,15.902,***
"POST_EFUSE_RESISTANCE","POST_BANKB_EFUSE_RESISTANCE_BIT3",490093,"Parametric","",65,85000,"ohms",79.8,91,85.4,6.46632,4,0,15.902,***
"POST_EFUSE_RESISTANCE","POST_BANKB_EFUSE_RESISTANCE_BIT2",490094,"Parametric","",65,85000,"ohms",79.6,91,85.3,6.58179,4,0,15.902,***
"POST_EFUSE_RESISTANCE","POST_BANKB_EFUSE_RESISTANCE_BIT1",490095,"Parametric","",65,85000,"ohms",79.6,91,82.55,5.63412,4,0,15.902,***
"POST_EFUSE_RESISTANCE","POST_BANKB_EFUSE_RESISTANCE_BIT0",490096,"Parametric","",65,85000,"ohms",79.6,91,82.55,5.63412,4,0,15.902,***
"Post_Vbias_Test","GENERAL TEST",510001,"Parametric","",1.75,1.85,"V",1.7958,1.80918,1.80312,0.00553379,4,0,0.0255975,***
"Post_SS_Test","ISS_0p4V",500010,"Parametric","",-10.7,-9.3,"uA",-10.011,-9.851,-9.943,0.0786935,4,0,0.202944,***
"Post_SS_Test","SS_gain_0p4V",500020,"Parametric","",4.7,5.3,"A/V",4.93048,5.15398,5.06798,0.0989012,4,0,0.202944,***
"Post_SS_Test","Vin_vout_Current",500030,"Parametric","",1.5,2.5,"A",1.97219,2.06159,2.02719,0.0395605,4,0,0.202944,***
"Post_SS_Gain_Test","POST_CURRENT_SS_0P1V",820010,"Parametric","",350,600,"mA",455.83,489.43,478.303,15.2058,4,0,0.281031,***
"Post_SS_Gain_Test","POST_CURRENT_SS_0P2V",820020,"Parametric","",800,1200,"mA",944.881,996.891,980.24,24.2919,4,0,0.281031,***
"Post_SS_Gain_Test","POST_CURRENT_SS_Delta",820030,"Parametric","",460,540,"mA",489.051,510.975,501.937,9.67905,4,0,0.281031,***
"Post_ILIM_Test","ITRIP_10p_Current",810010,"Parametric","",-11,-9,"uA",-10.771,-10.425,-10.5765,0.143503,4,0,4.79372,***
"Post_ILIM_Test","ITRIP_10p_Voltage",810020,"Parametric","",0.9,1.2,"V",1.01,1.01,1.01,0,4,0,4.79372,***
"Post_ILIM_Test","ITRIP_20p_Current",810060,"Parametric","",-22,-18,"uA",-20.479,-20.331,-20.4285,0.0663604,4,0,4.79372,***
"Post_ILIM_Test","ITRIP_20p_Voltage",810070,"Parametric","",0.9,1.2,"V",1.01,1.01,1.01,0,4,0,4.79372,***
"Post_ILIM_Test","gain",810040,"Parametric","",37000,43000,"GAIN",37136.8,38369.3,37824.9,510.283,4,0,4.79372,***
"Post_ILIM_Test","gain_20p",810090,"Parametric","",37000,43000,"GAIN",39064.4,39348.8,39161.3,127.575,4,0,4.79372,***
"Post_ISENSE_Gain","POST_SNS_GAIN_20PIMAX_CODE",820040,"Parametric","",-210,-190,"uA",-204.149,-194.003,-197.047,4.83047,4,0,0.0569272,***
"TISLOW","TISLOW",840010,"Parametric","",9.6,11.4,"mS",10.3,10.5,10.4,0.11547,4,0,0.230984,***
"IO_TEST","OFF_VOLTAGE_LOW_EN_0V_IO_TM_1",460010,"Parametric","",0,0.2,"V",0.000714,0.000828,0.00078525,5.45733e-05,4,0,1.29533,***
"IO_TEST","OFF_VOLTAGE_HIGH_EN_1P8V_IO_TM_1",460020,"Parametric","",1.75,1.85,"V",1.79484,1.80781,1.80185,0.00535932,4,0,1.29533,***
"IO_TEST","OFF_VOLTAGE_LOW_VIN_1P5V_IO_TM_1",460030,"Parametric","",0,0.2,"V",0.000885018,0.000941935,0.000899248,2.84582e-05,4,0,1.29533,***
"IO_TEST","OFF_VOLTAGE_HIGH_VIN_5V_IO_TM_1",460040,"Parametric","",1.75,1.85,"V",1.79535,1.80833,1.80225,0.005346,4,0,1.29533,***
"IO_TEST","OFF_VOLTAGE_LOW_EN_0V_IO_TM_2",460070,"Parametric","",0,0.2,"V",0.000657,0.000714,0.00069975,2.85e-05,4,0,1.29533,***
"IO_TEST","OFF_VOLTAGE_HIGH_EN_1P8V_IO_TM_2",460080,"Parametric","",1.75,1.85,"V",1.79552,1.80855,1.80241,0.00536969,4,0,1.29533,***
"IO_TEST","OFF_VOLTAGE_LOW_VIN_1P5V_IO_TM_2",460090,"Parametric","",0,0.2,"V",0.000771185,0.000828102,0.000813873,2.84582e-05,4,0,1.29533,***
"IO_TEST","OFF_VOLTAGE_HIGH_VIN_5V_IO_TM_2",460100,"Parametric","",1.75,1.85,"V",1.79529,1.80855,1.80236,0.00544501,4,0,1.29533,***
"IO_TEST","OFF_VOLTAGE_LOW_FCB_0V_IO_TM_3",460050,"Parametric","",0,0.2,"V",0.000657,0.000714,0.00069975,2.85e-05,4,0,1.29533,***
"IO_TEST","OFF_VOLTAGE_HIGH_FCB_1P8V_IO_TM_3",460060,"Parametric","",1.75,1.85,"V",1.79541,1.80861,1.80243,0.00542046,4,0,1.29533,***
"IO_TEST","OFF_VOLTAGE_LOW_FCB_0V_IO_TM_4",460110,"Parametric","",0,0.2,"V",0.000657,0.000828,0.000771,8.06102e-05,4,0,1.29533,***
"IO_TEST","OFF_VOLTAGE_HIGH_FCB_1P8V_IO_TM_4",460120,"Parametric","",1.75,1.85,"V",1.79523,1.80878,1.80228,0.00555305,4,0,1.29533,***
"SS_Threshold_Test","VSS_T",210010,"Parametric","",0.96,1.15,"V",1.03,1.04,1.0375,0.005,4,0,0.555507,***
"UVLO_Threshold","UVLO_RISING_VDD",350010,"Parametric","",2.2,2.9,"V",2.64,2.65,2.6425,0.005,4,0,11.6733,***
"UVLO_Threshold","UVLO_FALLING_VDD",350020,"Parametric","",2.2,2.8,"V",2.42,2.43,2.4225,0.005,4,0,11.6733,***
"UVLO_Threshold","UVLO_HYSTERISIS",350030,"Parametric","",0.12,0.5,"V",0.22,0.22,0.22,0,4,0,11.6733,***
"UVLO_Threshold","UVLO_RISING_VIN",350040,"Parametric","",2.5,2.88,"V",2.6,2.63,2.6175,0.0125831,4,0,11.6733,***
"UVLO_Threshold","UVLO_FALLING_VIN",350050,"Parametric","",2.35,2.7,"V",2.46,2.5,2.48,0.0182574,4,0,11.6733,***
"UVLO_Threshold","UVLO_HYSTERISIS_VIN",350060,"Parametric","",0.07,0.3,"V",0.12,0.16,0.1375,0.0170783,4,0,11.6733,***
"EN_Rise_Fall_Hysteresis","EN_RISING_VDD",360010,"Parametric","",0.65,0.8,"V",0.721443,0.724449,0.722194,0.00150302,4,0,0.857794,***
"EN_Rise_Fall_Hysteresis","EN_FALLING_VDD",360020,"Parametric","",0.6,0.75,"V",0.679359,0.685371,0.682365,0.0024544,4,0,0.857794,***
"EN_Rise_Fall_Hysteresis","EN_HYSTERISIS",360030,"Parametric","",0.025,0.06,"V",0.0390782,0.0420842,0.0398297,0.00150301,4,0,0.857794,***
"FCB_Rise_Fall_Hysteresis","FCB_RISING_VDD",370010,"Parametric","",0.65,0.8,"V",0.714765,0.714765,0.714765,0,4,0,0.69256,***
"FCB_Rise_Fall_Hysteresis","FCB_FALLING_VDD",370020,"Parametric","",0.6,0.75,"V",0.674497,0.684564,0.677013,0.00503355,4,0,0.69256,***
"FCB_Rise_Fall_Hysteresis","FCB_HYSTERISIS",370030,"Parametric","",0.025,0.06,"V",0.0302013,0.0402685,0.0377517,0.00503356,4,0,0.69256,***
"Output_characteristics_functional","FAULTB_VOL_100UA",380010,"Parametric","",0,5,"mV",2.251,2.308,2.29375,0.0285001,4,0,0.112625,***
"Output_characteristics_functional","FAULTB_VOL_2MA",380020,"Parametric","",0,35,"mV",26.156,26.327,26.213,0.0806102,4,0,0.112625,***
"Output_characteristics_functional","OFF_VOH_100UA",380030,"Parametric","",1.75,1.85,"V",1.78823,1.80235,1.79569,0.00578242,4,0,0.112625,***
"Output_characteristics_functional","OFF_VOL_100UA",380040,"Parametric","",0,6,"mV",5.154,5.325,5.2395,0.0735866,4,0,0.112625,***
"Output_characteristics_functional","OFF_VOL_2MA",380050,"Parametric","",20,100,"mV",80.568,81.763,81.1228,0.492551,4,0,0.112625,***
"Post_PintoPin_Leakage","PIN_TO_PIN_POS_LEAKAGE_PIN",700010,"Parametric","",-200,200,"nA",-6.03752,-4.56486,-5.21232,0.737495,4,0,0.433651,***
"Post_PintoPin_Leakage","PIN_TO_PIN_NEG_LEAKAGE_PIN",700110,"Parametric","",-200,200,"nA",-6.03752,-4.56486,-5.21232,0.737495,4,0,0.433651,***
"Post_PintoPin_Leakage","DELTA_POS",700210,"Parametric","",-50,50,"nA",-3.77622,1.57422,-0.17081,1.11311,4,0,0.433651,***
"Post_PintoPin_Leakage","DELTA_NEG",700220,"Parametric","",-50,50,"nA",-16,3.53975,-1.7756,4.60473,4,0,0.433651,***
"Post_PintoPin_Leakage","PIN_TO_PIN_POS_LEAKAGE_PIN",700020,"Parametric","",-200,200,"nA",-10.3737,-7.98462,-9.07752,1.19753,4,0,0.433651,***
"Post_PintoPin_Leakage","PIN_TO_PIN_NEG_LEAKAGE_PIN",700120,"Parametric","",-200,200,"nA",-10.3737,-7.98462,-9.07752,1.19753,4,0,0.433651,***
"Post_PintoPin_Leakage","PIN_TO_PIN_POS_LEAKAGE_PIN",700030,"Parametric","",-200,200,"nA",-8.17831,-6.28465,-7.24428,0.8424,4,0,0.433651,***
"Post_PintoPin_Leakage","PIN_TO_PIN_NEG_LEAKAGE_PIN",700130,"Parametric","",-200,200,"nA",-8.17831,-6.28465,-7.24428,0.8424,4,0,0.433651,***
"Post_PintoPin_Leakage","PIN_TO_PIN_POS_LEAKAGE_PIN",700040,"Parametric","",-200,200,"nA",-10.5872,-8.39091,-9.4763,1.19669,4,0,0.433651,***
"Post_PintoPin_Leakage","PIN_TO_PIN_NEG_LEAKAGE_PIN",700140,"Parametric","",-200,200,"nA",-10.5872,-8.39091,-9.4763,1.19669,4,0,0.433651,***
"Post_PintoPin_Leakage","PIN_TO_PIN_POS_LEAKAGE_PIN",700050,"Parametric","",10,500,"nA",297.816,300.977,299.337,1.33457,4,0,0.433651,***
"Post_PintoPin_Leakage","PIN_TO_PIN_NEG_LEAKAGE_PIN",700150,"Parametric","",-500,-10,"nA",-303.156,-298.562,-300.611,2.23888,4,0,0.433651,***
"Post_PintoPin_Leakage","PIN_TO_PIN_POS_LEAKAGE_PIN",700060,"Parametric","",10,500,"nA",296.088,302.884,299.211,3.13536,4,0,0.433651,***
"Post_PintoPin_Leakage","PIN_TO_PIN_NEG_LEAKAGE_PIN",700160,"Parametric","",-500,-10,"nA",-300.872,-298.682,-300.126,0.982286,4,0,0.433651,***
"Post_PintoPin_Leakage","PIN_TO_PIN_POS_LEAKAGE_PIN",700070,"Parametric","",300,700,"nA",505.027,545.428,520.71,17.785,4,0,0.433651,***
"Post_PintoPin_Leakage","PIN_TO_PIN_NEG_LEAKAGE_PIN",700170,"Parametric","",-700,-300,"nA",-549.342,-510.019,-525.471,17.2495,4,0,0.433651,***
"Post_PintoPin_Leakage","PIN_TO_PIN_POS_LEAKAGE_PIN",700080,"Parametric","",-200,200,"nA",-0.61654,-0.160491,-0.375848,0.204266,4,0,0.433651,***
"Post_PintoPin_Leakage","PIN_TO_PIN_NEG_LEAKAGE_PIN",700180,"Parametric","",-200,200,"nA",-5.98246,-4.05691,-4.98168,0.989838,4,0,0.433651,***
"Post_PintoPin_Leakage","PIN_TO_PIN_POS_LEAKAGE_PIN",700090,"Parametric","",-200,200,"nA",0.0971407,0.404057,0.250599,0.125298,4,0,0.433651,***
"Post_PintoPin_Leakage","PIN_TO_PIN_NEG_LEAKAGE_PIN",700190,"Parametric","",-200,200,"nA",-9.67343,-7.11579,-8.33067,1.27669,4,0,0.433651,***
"Post_PintoPin_Leakage","PIN_TO_PIN_POS_LEAKAGE_PIN_VBIAS_PS1600",700100,"Parametric","",500,1000,"nA",694,753,714,26.7208,4,0,0.433651,***
"Post_PintoPin_Leakage","PIN_TO_PIN_NEG_LEAKAGE_PIN_VBIAS_PS1600",700200,"Parametric","",-1000,-500,"nA",-827,-789,-806,17.6824,4,0,0.433651,***
"Post_Contact","POST_CONTINUITY",400030,"Parametric","",-500,-300,"mV",-373.505,-365.256,-369.423,4.55433,4,0,0.173378,***
"Post_Contact","Delta",400420,"Parametric","",-0.8,0.9,"mV",-0.665665,0.796854,0.145763,0.264835,4,0,0.173378,***
"Post_Contact","POST_CONTINUITY",400020,"Parametric","",-500,-300,"mV",-430.363,-418.012,-423.32,5.78308,4,0,0.173378,***
"Post_Contact","POST_CONTINUITY",400050,"Parametric","",-500,-300,"mV",-373.8,-365.604,-369.801,4.61984,4,0,0.173378,***
"Post_Contact","POST_CONTINUITY",400090,"Parametric","",-500,-300,"mV",-362.065,-352.674,-357.312,5.2606,4,0,0.173378,***
"Post_Contact","POST_CONTINUITY",400080,"Parametric","",-500,-300,"mV",-376.759,-367.425,-372.149,4.89221,4,0,0.173378,***
"Post_Contact","POST_CONTINUITY",400040,"Parametric","",-500,-300,"mV",-368.108,-359.571,-363.612,4.5895,4,0,0.173378,***
"Post_Contact","POST_CONTINUITY",400010,"Parametric","",-500,-300,"mV",-465.848,-442.056,-451.092,11.1966,4,0,0.173378,***
"Post_Contact","POST_CONTINUITY",400070,"Parametric","",-500,-200,"mV",-299.637,-295.425,-297.702,2.08454,4,0,0.173378,***
"Post_Contact","POST_CONTINUITY",400060,"Parametric","",-500,-300,"mV",-355.633,-353.869,-354.623,0.74843,4,0,0.173378,***
"Post_Contact","POST_CONTINUITY",400180,"Parametric","",-360,-300,"mV",-344.223,-338.079,-342.534,2.98247,4,0,0.173378,***
"Post_Contact","POST_CONTINUITY",400190,"Parametric","",-360,-300,"mV",-344.696,-337.833,-342.669,3.2368,4,0,0.173378,***
"Post_Contact","POST_CONTINUITY",400200,"Parametric","",-360,-300,"mV",-344.458,-338.354,-342.741,2.93337,4,0,0.173378,***
"Post_Contact","POST_CONTINUITY",400210,"Parametric","",-360,-300,"mV",-344.73,-337.996,-342.786,3.20478,4,0,0.173378,***
"Post_Contact","POST_CONTINUITY",400220,"Parametric","",-360,-300,"mV",-344.475,-338.154,-342.702,3.03965,4,0,0.173378,***
"Post_Contact","POST_CONTINUITY",400230,"Parametric","",-360,-300,"mV",-344.372,-338.211,-342.629,2.95629,4,0,0.173378,***
"Post_Contact","POST_CONTINUITY",400240,"Parametric","",-360,-300,"mV",-344.221,-338.242,-342.591,2.90418,4,0,0.173378,***
"Post_Contact","POST_CONTINUITY",400250,"Parametric","",-360,-300,"mV",-344.336,-338.316,-342.804,2.99226,4,0,0.173378,***
"Post_Contact","POST_CONTINUITY",400100,"Parametric","",-300,-200,"mV",-225.46,-225.136,-225.327,0.136748,4,0,0.173378,***
"Post_Contact","POST_CONTINUITY",400110,"Parametric","",-300,-200,"mV",-225.677,-225.504,-225.598,0.0716103,4,0,0.173378,***
"Post_Contact","POST_CONTINUITY",400120,"Parametric","",-300,-200,"mV",-225.866,-225.224,-225.528,0.265282,4,0,0.173378,***
"Post_Contact","POST_CONTINUITY",400130,"Parametric","",-300,-200,"mV",-225.67,-225.424,-225.566,0.114381,4,0,0.173378,***
"Post_Contact","POST_CONTINUITY",400140,"Parametric","",-300,-200,"mV",-225.632,-225.437,-225.515,0.0932457,4,0,0.173378,***
"Post_Contact","POST_CONTINUITY",400150,"Parametric","",-300,-200,"mV",-225.672,-225.266,-225.442,0.183187,4,0,0.173378,***
"Post_Contact","POST_CONTINUITY",400160,"Parametric","",-300,-200,"mV",-225.731,-225.254,-225.546,0.21057,4,0,0.173378,***
"Post_Contact","POST_CONTINUITY",400170,"Parametric","",-300,-200,"mV",-225.533,-225.317,-225.385,0.1005,4,0,0.173378,***