Test Suite,Test,Test#,Type,Pattern,Lower,Upper,Unit,Min,Max,Mean,Sdev,Pass#,Fail#,Time,TS Time
"CONTINUITY","CONTINUITY",10030,"Parametric","",-500,-300,"mV",-365.142,-365.142,-365.142,0,1,0,0.403777,***
"CONTINUITY","CONTINUITY",10020,"Parametric","",-500,-300,"mV",-425.81,-425.81,-425.81,0,1,0,0.403777,***
"CONTINUITY","CONTINUITY",10050,"Parametric","",-500,-300,"mV",-365.945,-365.945,-365.945,0,1,0,0.403777,***
"CONTINUITY","CONTINUITY",10090,"Parametric","",-500,-300,"mV",-351.08,-351.08,-351.08,0,1,0,0.403777,***
"CONTINUITY","CONTINUITY",10080,"Parametric","",-500,-300,"mV",-367.311,-367.311,-367.311,0,1,0,0.403777,***
"CONTINUITY","CONTINUITY",10040,"Parametric","",-500,-300,"mV",-359.627,-359.627,-359.627,0,1,0,0.403777,***
"CONTINUITY","CONTINUITY",10010,"Parametric","",-500,-300,"mV",-454.749,-454.749,-454.749,0,1,0,0.403777,***
"CONTINUITY","CONTINUITY",10070,"Parametric","",-500,-200,"mV",-297.417,-297.417,-297.417,0,1,0,0.403777,***
"CONTINUITY","CONTINUITY",10060,"Parametric","",-500,-300,"mV",-360.699,-360.699,-360.699,0,1,0,0.403777,***
"CONTINUITY","CONTINUITY",10180,"Parametric","",-360,-300,"mV",-340.87,-340.87,-340.87,0,1,0,0.403777,***
"CONTINUITY","CONTINUITY",10190,"Parametric","",-360,-300,"mV",-341.303,-341.303,-341.303,0,1,0,0.403777,***
"CONTINUITY","CONTINUITY",10200,"Parametric","",-360,-300,"mV",-341.686,-341.686,-341.686,0,1,0,0.403777,***
"CONTINUITY","CONTINUITY",10210,"Parametric","",-360,-300,"mV",-341.278,-341.278,-341.278,0,1,0,0.403777,***
"CONTINUITY","CONTINUITY",10220,"Parametric","",-360,-300,"mV",-341.276,-341.276,-341.276,0,1,0,0.403777,***
"CONTINUITY","CONTINUITY",10230,"Parametric","",-360,-300,"mV",-341.557,-341.557,-341.557,0,1,0,0.403777,***
"CONTINUITY","CONTINUITY",10240,"Parametric","",-360,-300,"mV",-341.547,-341.547,-341.547,0,1,0,0.403777,***
"CONTINUITY","CONTINUITY",10250,"Parametric","",-360,-300,"mV",-341.597,-341.597,-341.597,0,1,0,0.403777,***
"CONTINUITY","CONTINUITY",10100,"Parametric","",-300,-200,"mV",-227.64,-227.64,-227.64,0,1,0,0.403777,***
"CONTINUITY","CONTINUITY",10110,"Parametric","",-300,-200,"mV",-227.646,-227.646,-227.646,0,1,0,0.403777,***
"CONTINUITY","CONTINUITY",10120,"Parametric","",-300,-200,"mV",-227.663,-227.663,-227.663,0,1,0,0.403777,***
"CONTINUITY","CONTINUITY",10130,"Parametric","",-300,-200,"mV",-227.558,-227.558,-227.558,0,1,0,0.403777,***
"CONTINUITY","CONTINUITY",10140,"Parametric","",-300,-200,"mV",-227.636,-227.636,-227.636,0,1,0,0.403777,***
"CONTINUITY","CONTINUITY",10150,"Parametric","",-300,-200,"mV",-227.453,-227.453,-227.453,0,1,0,0.403777,***
"CONTINUITY","CONTINUITY",10160,"Parametric","",-300,-200,"mV",-227.758,-227.758,-227.758,0,1,0,0.403777,***
"CONTINUITY","CONTINUITY",10170,"Parametric","",-300,-200,"mV",-227.797,-227.797,-227.797,0,1,0,0.403777,***
"Pin_to_Pin_Leakage","PIN_TO_PIN_POS_LEAKAGE_PIN",20010,"Parametric","",-9999,9999,"nA",-0.211163,760,189.092,271.755,1,0,0.386922,***
"Pin_to_Pin_Leakage","PIN_TO_PIN_NEG_LEAKAGE_PIN",20020,"Parametric","",-9999,9999,"nA",-519.516,-5.32372,-130.266,193.109,1,0,0.386922,***
"Pin_to_Pin_Leakage","PIN_TO_PIN_POS_LEAKAGE_PIN",20011,"Parametric","",-9999,9999,"nA",-824,-824,-824,0,1,0,0.386922,***
"IVDDFL_IVINFL_RONFL","RON_200mAVDD_5_VIN_5_20V_Part",90050,"Parametric","",0.01,0.03,"ohm",0.0220646,0.0220646,0.0220646,0,1,0,0.136587,***
"IVDDFL_IVINFL_RONFL","DEVICE_VARIENT_TRUE",90060,"Parametric","",0.5,1.5,"",1,1,1,0,1,0,0.136587,***
"Gross_Functional_EN_FCB_FAULTB_OFF","EN_FCB_LOW_VOUT_LOW",30010,"Parametric","",-0.001,1,"V",0.000406265,0.000406265,0.000406265,0,1,0,0.393639,***
"Gross_Functional_EN_FCB_FAULTB_OFF","EN_FCB_LOW_OFF_HIGH",30020,"Parametric","",1.6,2.3,"V",1.92074,1.92074,1.92074,0,1,0,0.393639,***
"Gross_Functional_EN_FCB_FAULTB_OFF","FCB_LOW_VOUT_LOW",30030,"Parametric","",-0.001,0.5,"V",8.2016e-05,8.2016e-05,8.2016e-05,0,1,0,0.393639,***
"Gross_Functional_EN_FCB_FAULTB_OFF","FCB_LOW_OFF_HIGH",30040,"Parametric","",1.6,2.3,"V",1.92142,1.92142,1.92142,0,1,0,0.393639,***
"Gross_Functional_EN_FCB_FAULTB_OFF","EN_LOW_VOUT_LOW",30050,"Parametric","",-0.001,0.5,"V",0.000328064,0.000328064,0.000328064,0,1,0,0.393639,***
"Gross_Functional_EN_FCB_FAULTB_OFF","EN_LOW_OFF_HIGH",30060,"Parametric","",1.6,2.3,"V",1.92085,1.92085,1.92085,0,1,0,0.393639,***
"Gross_Functional_EN_FCB_FAULTB_OFF","EN_FCB_HIGH_VOUT_HIGH",30070,"Parametric","",4.85,5.1,"V",4.99958,4.99958,4.99958,0,1,0,0.393639,***
"Gross_Functional_EN_FCB_FAULTB_OFF","EN_FCB_HIGH_OFF_LOW",30080,"Parametric","",-0.001,0.5,"V",0.000657352,0.000657352,0.000657352,0,1,0,0.393639,***
"Gross_Functional_EN_FCB_FAULTB_OFF","FAULT_SET_VOUT_LOW",30090,"Parametric","",-0.001,0.5,"V",0.00053978,0.00053978,0.00053978,0,1,0,0.393639,***
"Gross_Functional_EN_FCB_FAULTB_OFF","FAULT_SET_OFF_HIGH",30100,"Parametric","",1.6,2.3,"V",1.96502,1.96502,1.96502,0,1,0,0.393639,***
"Gross_Functional_EN_FCB_FAULTB_OFF","FAULT_RESET_VOUT_HIGH",30110,"Parametric","",4.85,5.1,"V",4.99995,4.99995,4.99995,0,1,0,0.393639,***
"Gross_Functional_EN_FCB_FAULTB_OFF","FAULT_RESET_OFF_LOW",30120,"Parametric","",0,0.5,"V",0.000657352,0.000657352,0.000657352,0,1,0,0.393639,***
"Output_disabled_leakage","IVDDDIS_VDD_3_VIN_3",40010,"Parametric","",10,166.5,"uA",111.395,111.395,111.395,0,1,0,0.230144,***
"Output_disabled_leakage","IVINDIS_VDD_3_VIN_3",40050,"Parametric","",10,166.5,"uA",70.9407,70.9407,70.9407,0,1,0,0.230144,***
"Output_disabled_leakage","IOFF_VDD_3_VIN_3",40090,"Parametric","",-14,11,"uA",-0.796193,-0.796193,-0.796193,0,1,0,0.230144,***
"Output_disabled_leakage","IVDDDIS_VDD_3_VIN_20",40020,"Parametric","",10,166.5,"uA",113.195,113.195,113.195,0,1,0,0.230144,***
"Output_disabled_leakage","IVINDIS_VDD_3_VIN_20",40060,"Parametric","",10,166.5,"uA",97.1062,97.1062,97.1062,0,1,0,0.230144,***
"Output_disabled_leakage","IOFF_VDD_3_VIN_20",40100,"Parametric","",-14,11,"uA",-1.54281,-1.54281,-1.54281,0,1,0,0.230144,***
"Output_disabled_leakage","IVINVDD0_VIN_3",40130,"Parametric","",10,166.5,"uA",71.1186,71.1186,71.1186,0,1,0,0.230144,***
"Output_disabled_leakage","IOFFVDD0_VIN_3",40150,"Parametric","",-14,11,"uA",-6.99778,-6.99778,-6.99778,0,1,0,0.230144,***
"Output_disabled_leakage","IVDDDIS_VDD_20_VIN_3",40030,"Parametric","",10,166.5,"uA",130.232,130.232,130.232,0,1,0,0.230144,***
"Output_disabled_leakage","IVINDIS_VDD_20_VIN_3",40070,"Parametric","",10,166.5,"uA",69.3426,69.3426,69.3426,0,1,0,0.230144,***
"Output_disabled_leakage","IOFF_VDD_20_VIN_3",40110,"Parametric","",-14,11,"uA",-2.60686,-2.60686,-2.60686,0,1,0,0.230144,***
"Output_disabled_leakage","IVDDDIS_VDD_20_VIN_20",40040,"Parametric","",10,166.5,"uA",137.454,137.454,137.454,0,1,0,0.230144,***
"Output_disabled_leakage","IVINDIS_VDD_20_VIN_20",40080,"Parametric","",10,166.5,"uA",96.4543,96.4543,96.4543,0,1,0,0.230144,***
"Output_disabled_leakage","IOFF_VDD_20_VIN_20",40120,"Parametric","",-14,11,"uA",-2.76152,-2.76152,-2.76152,0,1,0,0.230144,***
"Output_disabled_leakage","IVINVDD0_VIN_20",40140,"Parametric","",10,166.5,"uA",109.762,109.762,109.762,0,1,0,0.230144,***
"Output_disabled_leakage","IOFFVDD0_VIN_20",40160,"Parametric","",-14,11,"uA",-3.01976,-3.01976,-3.01976,0,1,0,0.230144,***
"EN_pullup_resistor","EN0V_PULLUP_RES",50010,"Parametric","",155,230,"Kohm",194.946,194.946,194.946,0,1,0,0.091082,***
"EN_pullup_resistor","EN1V_PULLUP_RES",50020,"Parametric","",155,230,"Kohm",195.539,195.539,195.539,0,1,0,0.091082,***
"EN_pullup_resistor","EN0V_Current",50030,"Parametric","",-11,-7,"uA",-9.23331,-9.23331,-9.23331,0,1,0,0.091082,***
"EN_pullup_resistor","EN1V_Current",50040,"Parametric","",-6,-3,"uA",-4.09126,-4.09126,-4.09126,0,1,0,0.091082,***
"Leakage_Test","IOFF_REVERSE_VOUT_VIN_LEAKAGE_1mA",60030,"Parametric","",-331,-205,"mV",-268.801,-268.801,-268.801,0,1,0,0.132563,***
"Leakage_Test","IOFF_REVERSE_VOUT_VIN_LEAKAGE_10mA",60040,"Parametric","",-340,-205,"mV",-331.558,-331.558,-331.558,0,1,0,0.132563,***
"Leakage_Test","IOFF_REVERSE_VOUT_VIN_LEAKAGE_100mA",60050,"Parametric","",-331,-205,"mV",-211.153,-211.153,-211.153,0,1,0,0.132563,***
"Nominal_Input_pin_Leakages","LEAKAGE",70010,"Parametric","",10,40,"uA",24.817,24.817,24.817,0,1,0,0.260624,***
"Nominal_Input_pin_Leakages","LEAKAGE",70060,"Parametric","",-0.2,0.2,"uA",0.00490003,0.00490003,0.00490003,0,1,0,0.260624,***
"Nominal_Input_pin_Leakages","LEAKAGE",70020,"Parametric","",-0.5,0.5,"uA",0.0366117,0.0366117,0.0366117,0,1,0,0.260624,***
"Nominal_Input_pin_Leakages","LEAKAGE",70040,"Parametric","",24,50,"uA",26.0667,26.0667,26.0667,0,1,0,0.260624,***
"Nominal_Input_pin_Leakages","LEAKAGE",70030,"Parametric","",14,25,"uA",16.5777,16.5777,16.5777,0,1,0,0.260624,***
"Nominal_Input_pin_Leakages","LEAKAGE",70080,"Parametric","",-0.2,0.5,"uA",-0.0517333,-0.0517333,-0.0517333,0,1,0,0.260624,***
"Nominal_Input_pin_Leakages","LEAKAGE",70050,"Parametric","",20,70,"uA",50.4606,50.4606,50.4606,0,1,0,0.260624,***
"Nominal_Input_pin_Leakages","LEAKAGE",70070,"Parametric","",5,40,"uA",28.1143,28.1143,28.1143,0,1,0,0.260624,***
"Nominal_Input_pin_Leakages","LEAKAGE_2V",70090,"Parametric","",-0.5,0.5,"uA",-0.0580667,-0.0580667,-0.0580667,0,1,0,0.260624,***
"Output_enabled_leakage","IVDD_VDD_3_Vin_3",80001,"Parametric","",10,130,"uA",98.3961,98.3961,98.3961,0,1,0,0.586135,***
"Output_enabled_leakage","IVIN_VDD_3_Vin_3",80005,"Parametric","",10,75,"uA",55.5315,55.5315,55.5315,0,1,0,0.586135,***
"Output_enabled_leakage","IVDD_VDD_3_Vin_20",80010,"Parametric","",10,150,"uA",107.43,107.43,107.43,0,1,0,0.586135,***
"Output_enabled_leakage","IVIN_VDD_3_Vin_20",80014,"Parametric","",10,120,"uA",89.8046,89.8046,89.8046,0,1,0,0.586135,***
"Output_enabled_leakage","IVDD_VDD_20_Vin_3",80011,"Parametric","",10,150,"uA",125.304,125.304,125.304,0,1,0,0.586135,***
"Output_enabled_leakage","IVIN_VDD_20_Vin_3",80015,"Parametric","",10,75,"uA",55.2968,55.2968,55.2968,0,1,0,0.586135,***
"Output_enabled_leakage","IVDD_VDD_20_Vin_20",80012,"Parametric","",10,165,"uA",121.719,121.719,121.719,0,1,0,0.586135,***
"Output_enabled_leakage","IVIN_VDD_20_Vin_20",80016,"Parametric","",10,120,"uA",86.4174,86.4174,86.4174,0,1,0,0.586135,***
"SCAN","Scan_test",330010,"Functional","_rdi_burst_SCAN_bk4_mp",***,***," ",***,***,***,***,1,0,0.290661,***
"Logic","Logic_test",340010,"Functional","_rdi_burst_Logic_bk6_mp",***,***," ",***,***,***,***,1,0,0.336963,***
"Vreftrim","VBIAS_VALUE_CODE0",180020,"Parametric","",1.5,2.5,"V",1.91931,1.91931,1.91931,0,1,0,2.59115,***
"Vreftrim","VBIAS_VALUE_CODE1",180030,"Parametric","",1.5,2.5,"V",1.93775,1.93775,1.93775,0,1,0,2.59115,***
"Vreftrim","VBIAS_VALUE_CODE2",180040,"Parametric","",1.5,2.5,"V",1.95711,1.95711,1.95711,0,1,0,2.59115,***
"Vreftrim","VBIAS_VALUE_CODE3",180050,"Parametric","",1.5,2.5,"V",1.97651,1.97651,1.97651,0,1,0,2.59115,***
"Vreftrim","VBIAS_VALUE_CODE4",180060,"Parametric","",1.5,2.5,"V",1.99678,1.99678,1.99678,0,1,0,2.59115,***
"Vreftrim","VBIAS_VALUE_CODE5",180070,"Parametric","",1.5,2.5,"V",2.01624,2.01624,2.01624,0,1,0,2.59115,***
"Vreftrim","VBIAS_VALUE_CODE6",180080,"Parametric","",1.5,2.5,"V",2.03548,2.03548,2.03548,0,1,0,2.59115,***
"Vreftrim","VBIAS_VALUE_CODE7",180090,"Parametric","",1.5,2.5,"V",2.05466,2.05466,2.05466,0,1,0,2.59115,***
"Vreftrim","VBIAS_VALUE_CODE8",180100,"Parametric","",1.5,2.5,"V",2.07566,2.07566,2.07566,0,1,0,2.59115,***
"Vreftrim","VBIAS_VALUE_CODE9",180110,"Parametric","",1.5,2.5,"V",2.09473,2.09473,2.09473,0,1,0,2.59115,***
"Vreftrim","VBIAS_VALUE_CODE10",180120,"Parametric","",1.5,2.5,"V",2.11425,2.11425,2.11425,0,1,0,2.59115,***
"Vreftrim","VBIAS_VALUE_CODE11",180130,"Parametric","",1.5,2.5,"V",2.13355,2.13355,2.13355,0,1,0,2.59115,***
"Vreftrim","VBIAS_VALUE_CODE12",180140,"Parametric","",1.5,2.5,"V",2.15358,2.15358,2.15358,0,1,0,2.59115,***
"Vreftrim","VBIAS_VALUE_CODE13",180150,"Parametric","",1.5,2.5,"V",2.17299,2.17299,2.17299,0,1,0,2.59115,***
"Vreftrim","VBIAS_VALUE_CODE14",180160,"Parametric","",1.5,2.5,"V",2.19228,2.19228,2.19228,0,1,0,2.59115,***
"Vreftrim","VBIAS_VALUE_CODE15",180170,"Parametric","",1.5,2.5,"V",2.21152,2.21152,2.21152,0,1,0,2.59115,***
"Vreftrim","VBIAS_VALUE_CODE16",180180,"Parametric","",1.5,2.5,"V",1.60331,1.60331,1.60331,0,1,0,2.59115,***
"Vreftrim","VBIAS_VALUE_CODE17",180190,"Parametric","",1.5,2.5,"V",1.62261,1.62261,1.62261,0,1,0,2.59115,***
"Vreftrim","VBIAS_VALUE_CODE18",180200,"Parametric","",1.5,2.5,"V",1.6419,1.6419,1.6419,0,1,0,2.59115,***
"Vreftrim","VBIAS_VALUE_CODE19",180210,"Parametric","",1.5,2.5,"V",1.66137,1.66137,1.66137,0,1,0,2.59115,***
"Vreftrim","VBIAS_VALUE_CODE20",180220,"Parametric","",1.5,2.5,"V",1.68134,1.68134,1.68134,0,1,0,2.59115,***
"Vreftrim","VBIAS_VALUE_CODE21",180230,"Parametric","",1.5,2.5,"V",1.70081,1.70081,1.70081,0,1,0,2.59115,***
"Vreftrim","VBIAS_VALUE_CODE22",180240,"Parametric","",1.5,2.5,"V",1.72028,1.72028,1.72028,0,1,0,2.59115,***
"Vreftrim","VBIAS_VALUE_CODE23",180250,"Parametric","",1.5,2.5,"V",1.73957,1.73957,1.73957,0,1,0,2.59115,***
"Vreftrim","VBIAS_VALUE_CODE24",180260,"Parametric","",1.5,2.5,"V",1.76051,1.76051,1.76051,0,1,0,2.59115,***
"Vreftrim","VBIAS_VALUE_CODE25",180270,"Parametric","",1.5,2.5,"V",1.77987,1.77987,1.77987,0,1,0,2.59115,***
"Vreftrim","VBIAS_VALUE_CODE26",180280,"Parametric","",1.5,2.5,"V",1.79939,1.79939,1.79939,0,1,0,2.59115,***
"Vreftrim","VBIAS_VALUE_CODE27",180290,"Parametric","",1.5,2.5,"V",1.81857,1.81857,1.81857,0,1,0,2.59115,***
"Vreftrim","VBIAS_VALUE_CODE28",180300,"Parametric","",1.5,2.5,"V",1.83878,1.83878,1.83878,0,1,0,2.59115,***
"Vreftrim","VBIAS_VALUE_CODE29",180310,"Parametric","",1.5,2.5,"V",1.8583,1.8583,1.8583,0,1,0,2.59115,***
"Vreftrim","VBIAS_VALUE_CODE30",180320,"Parametric","",1.5,2.5,"V",1.87765,1.87765,1.87765,0,1,0,2.59115,***
"Vreftrim","VBIAS_VALUE_CODE31",180330,"Parametric","",1.5,2.5,"V",1.89689,1.89689,1.89689,0,1,0,2.59115,***
"Vreftrim","VREF_TRIM_CODE",180010,"Parametric","",0,31,"Code",26,26,26,0,1,0,2.59115,***
"Vreftrim","VBIAS_BEST_FIT_VALUE",180340,"Parametric","",1.77,1.83,"V",1.79939,1.79939,1.79939,0,1,0,2.59115,***
"SS_Current_Trim","SS_CURRENT_CODE0",220040,"Parametric","",-16,-6,"uA",-10.462,-10.462,-10.462,0,1,0,2.47956,***
"SS_Current_Trim","SS_CURRENT_CODE1",220050,"Parametric","",-16,-6,"uA",-10.611,-10.611,-10.611,0,1,0,2.47956,***
"SS_Current_Trim","SS_CURRENT_CODE2",220060,"Parametric","",-16,-6,"uA",-10.756,-10.756,-10.756,0,1,0,2.47956,***
"SS_Current_Trim","SS_CURRENT_CODE3",220070,"Parametric","",-16,-6,"uA",-10.885,-10.885,-10.885,0,1,0,2.47956,***
"SS_Current_Trim","SS_CURRENT_CODE4",220080,"Parametric","",-16,-6,"uA",-11.047,-11.047,-11.047,0,1,0,2.47956,***
"SS_Current_Trim","SS_CURRENT_CODE5",220090,"Parametric","",-16,-6,"uA",-11.189,-11.189,-11.189,0,1,0,2.47956,***
"SS_Current_Trim","SS_CURRENT_CODE6",220100,"Parametric","",-16,-6,"uA",-11.347,-11.347,-11.347,0,1,0,2.47956,***
"SS_Current_Trim","SS_CURRENT_CODE7",220110,"Parametric","",-16,-6,"uA",-11.524,-11.524,-11.524,0,1,0,2.47956,***
"SS_Current_Trim","SS_CURRENT_CODE8",220120,"Parametric","",-16,-6,"uA",-11.691,-11.691,-11.691,0,1,0,2.47956,***
"SS_Current_Trim","SS_CURRENT_CODE9",220130,"Parametric","",-16,-6,"uA",-11.851,-11.851,-11.851,0,1,0,2.47956,***
"SS_Current_Trim","SS_CURRENT_CODE10",220140,"Parametric","",-16,-6,"uA",-12.029,-12.029,-12.029,0,1,0,2.47956,***
"SS_Current_Trim","SS_CURRENT_CODE11",220150,"Parametric","",-16,-6,"uA",-12.226,-12.226,-12.226,0,1,0,2.47956,***
"SS_Current_Trim","SS_CURRENT_CODE12",220160,"Parametric","",-16,-6,"uA",-12.406,-12.406,-12.406,0,1,0,2.47956,***
"SS_Current_Trim","SS_CURRENT_CODE13",220170,"Parametric","",-16,-6,"uA",-12.614,-12.614,-12.614,0,1,0,2.47956,***
"SS_Current_Trim","SS_CURRENT_CODE14",220180,"Parametric","",-16,-6,"uA",-12.82,-12.82,-12.82,0,1,0,2.47956,***
"SS_Current_Trim","SS_CURRENT_CODE15",220190,"Parametric","",-16,-6,"uA",-13.01,-13.01,-13.01,0,1,0,2.47956,***
"SS_Current_Trim","SS_CURRENT_CODE16",220200,"Parametric","",-16,-6,"uA",-8.677,-8.677,-8.677,0,1,0,2.47956,***
"SS_Current_Trim","SS_CURRENT_CODE17",220210,"Parametric","",-16,-6,"uA",-8.758,-8.758,-8.758,0,1,0,2.47956,***
"SS_Current_Trim","SS_CURRENT_CODE18",220220,"Parametric","",-16,-6,"uA",-8.857,-8.857,-8.857,0,1,0,2.47956,***
"SS_Current_Trim","SS_CURRENT_CODE19",220230,"Parametric","",-16,-6,"uA",-8.963,-8.963,-8.963,0,1,0,2.47956,***
"SS_Current_Trim","SS_CURRENT_CODE20",220240,"Parametric","",-16,-6,"uA",-9.052,-9.052,-9.052,0,1,0,2.47956,***
"SS_Current_Trim","SS_CURRENT_CODE21",220250,"Parametric","",-16,-6,"uA",-9.166,-9.166,-9.166,0,1,0,2.47956,***
"SS_Current_Trim","SS_CURRENT_CODE22",220260,"Parametric","",-16,-6,"uA",-9.273,-9.273,-9.273,0,1,0,2.47956,***
"SS_Current_Trim","SS_CURRENT_CODE23",220270,"Parametric","",-16,-6,"uA",-9.364,-9.364,-9.364,0,1,0,2.47956,***
"SS_Current_Trim","SS_CURRENT_CODE24",220280,"Parametric","",-16,-6,"uA",-9.473,-9.473,-9.473,0,1,0,2.47956,***
"SS_Current_Trim","SS_CURRENT_CODE25",220290,"Parametric","",-16,-6,"uA",-9.6,-9.6,-9.6,0,1,0,2.47956,***
"SS_Current_Trim","SS_CURRENT_CODE26",220300,"Parametric","",-16,-6,"uA",-9.716,-9.716,-9.716,0,1,0,2.47956,***
"SS_Current_Trim","SS_CURRENT_CODE27",220310,"Parametric","",-16,-6,"uA",-9.82,-9.82,-9.82,0,1,0,2.47956,***
"SS_Current_Trim","SS_CURRENT_CODE28",220320,"Parametric","",-16,-6,"uA",-9.955,-9.955,-9.955,0,1,0,2.47956,***
"SS_Current_Trim","SS_CURRENT_CODE29",220330,"Parametric","",-16,-6,"uA",-10.064,-10.064,-10.064,0,1,0,2.47956,***
"SS_Current_Trim","SS_CURRENT_CODE30",220340,"Parametric","",-16,-6,"uA",-10.193,-10.193,-10.193,0,1,0,2.47956,***
"SS_Current_Trim","SS_CURRENT_CODE31",220350,"Parametric","",-16,-6,"uA",-10.335,-10.335,-10.335,0,1,0,2.47956,***
"SS_Current_Trim","SS_CURRENT_TRIM_CODE",220030,"Parametric","",0,31,"Code",28,28,28,0,1,0,2.47956,***
"SS_Current_Trim","SS_CURRENT_BEST_FIT_VALUE",220360,"Parametric","",-10.4,-9.6,"uA",-9.955,-9.955,-9.955,0,1,0,2.47956,***
"SS_Gain","CURRENT_SS_0P1V_CODE0",230020,"Parametric","",150,1800,"mA",455.806,455.806,455.806,0,1,0,3.69105,***
"SS_Gain","CURRENT_SS_0P2V_CODE0",230180,"Parametric","",300,3200,"mA",939.344,939.344,939.344,0,1,0,3.69105,***
"SS_Gain","CURRENT_SS_0P1V_CODE1",230030,"Parametric","",150,1800,"mA",526.091,526.091,526.091,0,1,0,3.69105,***
"SS_Gain","CURRENT_SS_0P2V_CODE1",230190,"Parametric","",300,3200,"mA",1073.03,1073.03,1073.03,0,1,0,3.69105,***
"SS_Gain","CURRENT_SS_0P1V_CODE2",230040,"Parametric","",150,1800,"mA",597.476,597.476,597.476,0,1,0,3.69105,***
"SS_Gain","CURRENT_SS_0P2V_CODE2",230200,"Parametric","",300,3200,"mA",1208.05,1208.05,1208.05,0,1,0,3.69105,***
"SS_Gain","CURRENT_SS_0P1V_CODE3",230050,"Parametric","",150,1800,"mA",670.285,670.285,670.285,0,1,0,3.69105,***
"SS_Gain","CURRENT_SS_0P2V_CODE3",230210,"Parametric","",300,3200,"mA",1345.34,1345.34,1345.34,0,1,0,3.69105,***
"SS_Gain","CURRENT_SS_0P1V_CODE4",230060,"Parametric","",150,1800,"mA",739.814,739.814,739.814,0,1,0,3.69105,***
"SS_Gain","CURRENT_SS_0P2V_CODE4",230220,"Parametric","",300,3200,"mA",1477.23,1477.23,1477.23,0,1,0,3.69105,***
"SS_Gain","CURRENT_SS_0P1V_CODE5",230070,"Parametric","",150,1800,"mA",812.363,812.363,812.363,0,1,0,3.69105,***
"SS_Gain","CURRENT_SS_0P2V_CODE5",230230,"Parametric","",300,3200,"mA",1616.63,1616.63,1616.63,0,1,0,3.69105,***
"SS_Gain","CURRENT_SS_0P1V_CODE6",230080,"Parametric","",150,1800,"mA",884.432,884.432,884.432,0,1,0,3.69105,***
"SS_Gain","CURRENT_SS_0P2V_CODE6",230240,"Parametric","",300,3200,"mA",1755.26,1755.26,1755.26,0,1,0,3.69105,***
"SS_Gain","CURRENT_SS_0P1V_CODE7",230090,"Parametric","",150,1800,"mA",956.137,956.137,956.137,0,1,0,3.69105,***
"SS_Gain","CURRENT_SS_0P2V_CODE7",230250,"Parametric","",300,3200,"mA",1891.91,1891.91,1891.91,0,1,0,3.69105,***
"SS_Gain","CURRENT_SS_0P1V_CODE8",230100,"Parametric","",150,1800,"mA",1026.07,1026.07,1026.07,0,1,0,3.69105,***
"SS_Gain","CURRENT_SS_0P2V_CODE8",230260,"Parametric","",300,3200,"mA",2025.57,2025.57,2025.57,0,1,0,3.69105,***
"SS_Gain","CURRENT_SS_0P1V_CODE9",230110,"Parametric","",150,1800,"mA",1101.74,1101.74,1101.74,0,1,0,3.69105,***
"SS_Gain","CURRENT_SS_0P2V_CODE9",230270,"Parametric","",300,3200,"mA",2167.9,2167.9,2167.9,0,1,0,3.69105,***
"SS_Gain","CURRENT_SS_0P1V_CODE10",230120,"Parametric","",150,1800,"mA",1174.76,1174.76,1174.76,0,1,0,3.69105,***
"SS_Gain","CURRENT_SS_0P2V_CODE10",230280,"Parametric","",300,3200,"mA",2307.95,2307.95,2307.95,0,1,0,3.69105,***
"SS_Gain","CURRENT_SS_0P1V_CODE11",230130,"Parametric","",150,1800,"mA",1246.34,1246.34,1246.34,0,1,0,3.69105,***
"SS_Gain","CURRENT_SS_0P2V_CODE11",230290,"Parametric","",300,3200,"mA",2444.29,2444.29,2444.29,0,1,0,3.69105,***
"SS_Gain","CURRENT_SS_0P1V_CODE12",230140,"Parametric","",150,1800,"mA",1319.18,1319.18,1319.18,0,1,0,3.69105,***
"SS_Gain","CURRENT_SS_0P2V_CODE12",230300,"Parametric","",300,3200,"mA",2580,2580,2580,0,1,0,3.69105,***
"SS_Gain","CURRENT_SS_0P1V_CODE13",230150,"Parametric","",150,1800,"mA",1392.86,1392.86,1392.86,0,1,0,3.69105,***
"SS_Gain","CURRENT_SS_0P2V_CODE13",230310,"Parametric","",300,3200,"mA",2716.32,2716.32,2716.32,0,1,0,3.69105,***
"SS_Gain","CURRENT_SS_0P1V_CODE14",230160,"Parametric","",150,1800,"mA",1467.37,1467.37,1467.37,0,1,0,3.69105,***
"SS_Gain","CURRENT_SS_0P2V_CODE14",230320,"Parametric","",300,3200,"mA",2852.82,2852.82,2852.82,0,1,0,3.69105,***
"SS_Gain","CURRENT_SS_0P1V_CODE15",230170,"Parametric","",150,1800,"mA",1543.86,1543.86,1543.86,0,1,0,3.69105,***
"SS_Gain","CURRENT_SS_0P2V_CODE15",230330,"Parametric","",300,3200,"mA",2992.32,2992.32,2992.32,0,1,0,3.69105,***
"SS_Gain","SS_GAIN_TRIM_CODE",230010,"Parametric","",0,15,"Code",8,8,8,0,1,0,3.69105,***
"SS_Gain","BEST_CURR_SS_0p2V",230340,"Parametric","",1700,2300,"mA",2025.57,2025.57,2025.57,0,1,0,3.69105,***
"SS_Gain","BEST_CURR_SS_0p1V",230350,"Parametric","",700,1300,"mA",1026.07,1026.07,1026.07,0,1,0,3.69105,***
"SS_Gain","BEST_CURR_SS_delta",230360,"Parametric","",900,1100,"mA",999.496,999.496,999.496,0,1,0,3.69105,***
"SSoffset_Trim","SS_OFFSET_CURRENT_CODE0",240020,"Parametric","",-700,-100,"mA",-458.717,-458.717,-458.717,0,1,0,1.54439,***
"SSoffset_Trim","SS_OFFSET_CURRENT_CODE1",240030,"Parametric","",-700,-100,"mA",-448.959,-448.959,-448.959,0,1,0,1.54439,***
"SSoffset_Trim","SS_OFFSET_CURRENT_CODE2",240040,"Parametric","",-700,-100,"mA",-434.755,-434.755,-434.755,0,1,0,1.54439,***
"SSoffset_Trim","SS_OFFSET_CURRENT_CODE3",240050,"Parametric","",-700,-100,"mA",-421.505,-421.505,-421.505,0,1,0,1.54439,***
"SSoffset_Trim","SS_OFFSET_CURRENT_CODE4",240060,"Parametric","",-700,-100,"mA",-408.741,-408.741,-408.741,0,1,0,1.54439,***
"SSoffset_Trim","SS_OFFSET_CURRENT_CODE5",240070,"Parametric","",-700,-100,"mA",-396.028,-396.028,-396.028,0,1,0,1.54439,***
"SSoffset_Trim","SS_OFFSET_CURRENT_CODE6",240080,"Parametric","",-700,-100,"mA",-381.488,-381.488,-381.488,0,1,0,1.54439,***
"SSoffset_Trim","SS_OFFSET_CURRENT_CODE7",240090,"Parametric","",-700,-100,"mA",-372.143,-372.143,-372.143,0,1,0,1.54439,***
"SSoffset_Trim","SS_OFFSET_CURRENT_CODE8",240100,"Parametric","",-700,-100,"mA",-359.004,-359.004,-359.004,0,1,0,1.54439,***
"SSoffset_Trim","SS_OFFSET_CURRENT_CODE9",240110,"Parametric","",-700,-100,"mA",-347.098,-347.098,-347.098,0,1,0,1.54439,***
"SSoffset_Trim","SS_OFFSET_CURRENT_CODE10",240120,"Parametric","",-700,-100,"mA",-333.17,-333.17,-333.17,0,1,0,1.54439,***
"SSoffset_Trim","SS_OFFSET_CURRENT_CODE11",240130,"Parametric","",-700,-100,"mA",-323.411,-323.411,-323.411,0,1,0,1.54439,***
"SSoffset_Trim","SS_OFFSET_CURRENT_CODE12",240140,"Parametric","",-700,-100,"mA",-308.765,-308.765,-308.765,0,1,0,1.54439,***
"SSoffset_Trim","SS_OFFSET_CURRENT_CODE13",240150,"Parametric","",-700,-100,"mA",-298.922,-298.922,-298.922,0,1,0,1.54439,***
"SSoffset_Trim","SS_OFFSET_CURRENT_CODE14",240160,"Parametric","",-700,-100,"mA",-285.211,-285.211,-285.211,0,1,0,1.54439,***
"SSoffset_Trim","SS_OFFSET_CURRENT_CODE15",240170,"Parametric","",-700,-100,"mA",-273.061,-273.061,-273.061,0,1,0,1.54439,***
"SSoffset_Trim","SS_OFFSET_TRIM_CODE",240010,"Parametric","",0,15,"Code",5,5,5,0,1,0,1.54439,***
"SSoffset_Trim","BEST_Curr_SS_0p04V",240180,"Parametric","",-450,-350,"mA",-396.028,-396.028,-396.028,0,1,0,1.54439,***
"VDD_UVLO_OTS_POR","Low_Temp_Voltage_bank0",200130,"Parametric","",0,0.2,"V",0.000885018,0.000885018,0.000885018,0,1,0,0.172349,***
"VDD_UVLO_OTS_POR","High_Temp_Voltage_bank0",200140,"Parametric","",1.6,2.3,"V",1.91556,1.91556,1.91556,0,1,0,0.172349,***
"VDD_UVLO_OTS_POR","Low_Temp_Voltage_bank0_reset",200150,"Parametric","",0,0.2,"V",0.000828102,0.000828102,0.000828102,0,1,0,0.172349,***
"VDD_UVLO_OTS_POR","Low_Temp_Voltage_bank1",200160,"Parametric","",0,0.2,"V",0.000771185,0.000771185,0.000771185,0,1,0,0.172349,***
"VDD_UVLO_OTS_POR","High_Temp_Voltage_bank1",200170,"Parametric","",1.6,2.3,"V",1.91561,1.91561,1.91561,0,1,0,0.172349,***
"VDD_UVLO_OTS_POR","Low_Temp_Voltage_bank1_reset",200180,"Parametric","",0,0.5,"V",0.000828102,0.000828102,0.000828102,0,1,0,0.172349,***
"UVLO_POR_redundancy","I_ISEN_UVLO",410010,"Parametric","",8,13,"uA",10.532,10.532,10.532,0,1,0,7.85307,***
"UVLO_POR_redundancy","I_IN_VDD3V",410020,"Parametric","",-3,300,"nA",-4,-4,-4,0,0,1,7.85307,***
"UVLO_POR_redundancy","VDD_UVLO_Falling",410030,"Parametric","",2,2.75,"V",2.515,2.515,2.515,0,1,0,7.85307,***
"UVLO_POR_redundancy","I_IN_VDD_UVLO_Falling",410040,"Parametric","",8,13,"uA",10.5321,10.5321,10.5321,0,1,0,7.85307,***
"UVLO_POR_redundancy","VBIAS_POR_Falling",410050,"Parametric","",1.1,1.45,"V",1.31,1.31,1.31,0,1,0,7.85307,***
"UVLO_POR_redundancy","I_IN_VBIAS_POR_Falling",410060,"Parametric","",20,33,"uA",26.592,26.592,26.592,0,1,0,7.85307,***
"UVLO_POR_redundancy","VBIAS_PORsu_Falling",410070,"Parametric","",0.725,1.2,"V",0.935,0.935,0.935,0,1,0,7.85307,***
"UVLO_POR_redundancy","I_IN_VBIAS_PORsu_Falling",410080,"Parametric","",41,43.5,"uA",42.8653,42.8653,42.8653,0,1,0,7.85307,***
"UVLO_POR_redundancy","VBIAS_PORsu_Rising",410090,"Parametric","",0.75,1.3,"V",1,1,1,0,1,0,7.85307,***
"UVLO_POR_redundancy","I_IN_VBIAS_PORsu_Rising",410100,"Parametric","",20,32,"uA",26.3988,26.3988,26.3988,0,1,0,7.85307,***
"UVLO_POR_redundancy","PORsu_Hysteresis",410110,"Parametric","",0,0.175,"",0.065,0.065,0.065,0,1,0,7.85307,***
"UVLO_POR_redundancy","VBIAS_POR_Rising",410120,"Parametric","",1.2,1.6,"V",1.445,1.445,1.445,0,1,0,7.85307,***
"UVLO_POR_redundancy","I_IN_VBIAS_POR_Rising",410130,"Parametric","",8,13,"uA",10.5016,10.5016,10.5016,0,1,0,7.85307,***
"UVLO_POR_redundancy","POR_Hysteresis",410140,"Parametric","",0.075,0.175,"",0.135,0.135,0.135,0,1,0,7.85307,***
"UVLO_POR_redundancy","VDD_UVLO_Rising",410150,"Parametric","",2.2,2.85,"V",2.69,2.69,2.69,0,1,0,7.85307,***
"UVLO_POR_redundancy","I_IN_VDD_UVLO_Rising",410160,"Parametric","",-200,200,"nA",-4.97725,-4.97725,-4.97725,0,1,0,7.85307,***
"UVLO_POR_redundancy","VDD_UVLO_Hysteresis",410170,"Parametric","",0.02,0.3,"",0.175,0.175,0.175,0,1,0,7.85307,***
"ILIM_gain_Trim","ILIM_GAIN_20PIMAX_CODE0",270020,"Parametric","",-36,-0.01,"uA",-31.766,-31.766,-31.766,0,1,0,2.68222,***
"ILIM_gain_Trim","ILIM_GAIN_20PIMAX_CODE1",270030,"Parametric","",-36,-0.01,"uA",-30.791,-30.791,-30.791,0,1,0,2.68222,***
"ILIM_gain_Trim","ILIM_GAIN_20PIMAX_CODE2",270040,"Parametric","",-36,-0.01,"uA",-29.713,-29.713,-29.713,0,1,0,2.68222,***
"ILIM_gain_Trim","ILIM_GAIN_20PIMAX_CODE3",270050,"Parametric","",-36,-0.01,"uA",-28.708,-28.708,-28.708,0,1,0,2.68222,***
"ILIM_gain_Trim","ILIM_GAIN_20PIMAX_CODE4",270060,"Parametric","",-36,-0.01,"uA",-27.676,-27.676,-27.676,0,1,0,2.68222,***
"ILIM_gain_Trim","ILIM_GAIN_20PIMAX_CODE5",270070,"Parametric","",-36,-0.01,"uA",-26.676,-26.676,-26.676,0,1,0,2.68222,***
"ILIM_gain_Trim","ILIM_GAIN_20PIMAX_CODE6",270080,"Parametric","",-36,-0.01,"uA",-25.608,-25.608,-25.608,0,1,0,2.68222,***
"ILIM_gain_Trim","ILIM_GAIN_20PIMAX_CODE7",270090,"Parametric","",-36,-0.01,"uA",-24.588,-24.588,-24.588,0,1,0,2.68222,***
"ILIM_gain_Trim","ILIM_GAIN_20PIMAX_CODE8",270100,"Parametric","",-36,-0.01,"uA",-23.59,-23.59,-23.59,0,1,0,2.68222,***
"ILIM_gain_Trim","ILIM_GAIN_20PIMAX_CODE9",270110,"Parametric","",-36,-0.01,"uA",-22.593,-22.593,-22.593,0,1,0,2.68222,***
"ILIM_gain_Trim","ILIM_GAIN_20PIMAX_CODE10",270120,"Parametric","",-36,-0.01,"uA",-21.51,-21.51,-21.51,0,1,0,2.68222,***
"ILIM_gain_Trim","ILIM_GAIN_20PIMAX_CODE11",270130,"Parametric","",-36,-0.01,"uA",-20.495,-20.495,-20.495,0,1,0,2.68222,***
"ILIM_gain_Trim","ILIM_GAIN_20PIMAX_CODE12",270140,"Parametric","",-36,-0.01,"uA",-19.467,-19.467,-19.467,0,1,0,2.68222,***
"ILIM_gain_Trim","ILIM_GAIN_20PIMAX_CODE13",270150,"Parametric","",-36,-0.01,"uA",-18.467,-18.467,-18.467,0,1,0,2.68222,***
"ILIM_gain_Trim","ILIM_GAIN_20PIMAX_CODE14",270160,"Parametric","",-36,-0.01,"uA",-17.384,-17.384,-17.384,0,1,0,2.68222,***
"ILIM_gain_Trim","ILIM_GAIN_20PIMAX_CODE15",270170,"Parametric","",-36,-0.01,"uA",-16.376,-16.376,-16.376,0,1,0,2.68222,***
"ILIM_gain_Trim","ILIM_GAIN_20PIMAX_CODE16",270180,"Parametric","",-36,-0.01,"uA",-15.46,-15.46,-15.46,0,1,0,2.68222,***
"ILIM_gain_Trim","ILIM_GAIN_20PIMAX_CODE17",270190,"Parametric","",-36,-0.01,"uA",-14.457,-14.457,-14.457,0,1,0,2.68222,***
"ILIM_gain_Trim","ILIM_GAIN_20PIMAX_CODE18",270200,"Parametric","",-36,-0.01,"uA",-13.379,-13.379,-13.379,0,1,0,2.68222,***
"ILIM_gain_Trim","ILIM_GAIN_20PIMAX_CODE19",270210,"Parametric","",-36,-0.01,"uA",-12.369,-12.369,-12.369,0,1,0,2.68222,***
"ILIM_gain_Trim","ILIM_GAIN_20PIMAX_CODE20",270220,"Parametric","",-36,-0.01,"uA",-11.334,-11.334,-11.334,0,1,0,2.68222,***
"ILIM_gain_Trim","ILIM_GAIN_20PIMAX_CODE21",270230,"Parametric","",-36,-0.01,"uA",-10.319,-10.319,-10.319,0,1,0,2.68222,***
"ILIM_gain_Trim","ILIM_GAIN_20PIMAX_CODE22",270240,"Parametric","",-36,-0.01,"uA",-9.246,-9.246,-9.246,0,1,0,2.68222,***
"ILIM_gain_Trim","ILIM_GAIN_20PIMAX_CODE23",270250,"Parametric","",-36,-0.01,"uA",-8.236,-8.236,-8.236,0,1,0,2.68222,***
"ILIM_gain_Trim","ILIM_GAIN_20PIMAX_CODE24",270260,"Parametric","",-36,-0.01,"uA",-7.236,-7.236,-7.236,0,1,0,2.68222,***
"ILIM_gain_Trim","ILIM_GAIN_20PIMAX_CODE25",270270,"Parametric","",-36,-0.01,"uA",-6.231,-6.231,-6.231,0,1,0,2.68222,***
"ILIM_gain_Trim","ILIM_GAIN_20PIMAX_CODE26",270280,"Parametric","",-36,-0.01,"uA",-5.148,-5.148,-5.148,0,1,0,2.68222,***
"ILIM_gain_Trim","ILIM_GAIN_20PIMAX_CODE27",270290,"Parametric","",-36,-0.01,"uA",-4.141,-4.141,-4.141,0,1,0,2.68222,***
"ILIM_gain_Trim","ILIM_GAIN_20PIMAX_CODE28",270300,"Parametric","",-36,-0.01,"uA",-3.105,-3.105,-3.105,0,1,0,2.68222,***
"ILIM_gain_Trim","ILIM_GAIN_20PIMAX_CODE29",270310,"Parametric","",-36,-0.01,"uA",-2.098,-2.098,-2.098,0,1,0,2.68222,***
"ILIM_gain_Trim","ILIM_GAIN_20PIMAX_CODE30",270320,"Parametric","",-36,-0.01,"uA",-1.017,-1.017,-1.017,0,1,0,2.68222,***
"ILIM_gain_Trim","ILIM_GAIN_20PIMAX_CODE31",270330,"Parametric","",-36,0,"uA",-0.007,-0.007,-0.007,0,1,0,2.68222,***
"ILIM_gain_Trim","ILIM_GAIN_TRIM",270010,"Parametric","",0,31,"Code",11,11,11,0,1,0,2.68222,***
"ILIM_gain_Trim","BEST_MEAS_20pIMAX",270660,"Parametric","",-22,-18,"uA",-20.495,-20.495,-20.495,0,1,0,2.68222,***
"ILIM_gain_Trim","BEST_GAIN",270680,"Parametric","",75000,85000,"GAIN",78067.8,78067.8,78067.8,0,1,0,2.68222,***
"ILIM_Slowtrip","ITRIP_VOLTAGE_ILIM_TM_011",830010,"Parametric","",0.95,1.15,"V",1.076,1.076,1.076,0,1,0,26.6461,***
"ILIM_Slowtrip","ITRIP_VOLTAGE_ILIM_TM_111",830020,"Parametric","",0.95,1.15,"V",1.076,1.076,1.076,0,1,0,26.6461,***
"ISENSE_BlockOffset_Trim_New","ISNS_MEAS_10mAIOUT_CODE0",310020,"Parametric","",-17,1,"uA",-0.018,-0.018,-0.018,0,1,0,1.98466,***
"ISENSE_BlockOffset_Trim_New","ISNS_MEAS_10mAIOUT_CODE1",310030,"Parametric","",-17,1,"uA",-0.016,-0.016,-0.016,0,1,0,1.98466,***
"ISENSE_BlockOffset_Trim_New","ISNS_MEAS_10mAIOUT_CODE2",310040,"Parametric","",-17,1,"uA",-0.015,-0.015,-0.015,0,1,0,1.98466,***
"ISENSE_BlockOffset_Trim_New","ISNS_MEAS_10mAIOUT_CODE3",310050,"Parametric","",-17,1,"uA",-0.014,-0.014,-0.014,0,1,0,1.98466,***
"ISENSE_BlockOffset_Trim_New","ISNS_MEAS_10mAIOUT_CODE4",310060,"Parametric","",-17,1,"uA",-0.014,-0.014,-0.014,0,1,0,1.98466,***
"ISENSE_BlockOffset_Trim_New","ISNS_MEAS_10mAIOUT_CODE5",310070,"Parametric","",-17,1,"uA",-0.014,-0.014,-0.014,0,1,0,1.98466,***
"ISENSE_BlockOffset_Trim_New","ISNS_MEAS_10mAIOUT_CODE6",310080,"Parametric","",-17,1,"uA",-0.014,-0.014,-0.014,0,1,0,1.98466,***
"ISENSE_BlockOffset_Trim_New","ISNS_MEAS_10mAIOUT_CODE7",310090,"Parametric","",-17,1,"uA",-0.013,-0.013,-0.013,0,1,0,1.98466,***
"ISENSE_BlockOffset_Trim_New","ISNS_MEAS_10mAIOUT_CODE8",310100,"Parametric","",-17,1,"uA",-0.013,-0.013,-0.013,0,1,0,1.98466,***
"ISENSE_BlockOffset_Trim_New","ISNS_MEAS_10mAIOUT_CODE9",310110,"Parametric","",-17,1,"uA",-0.013,-0.013,-0.013,0,1,0,1.98466,***
"ISENSE_BlockOffset_Trim_New","ISNS_MEAS_10mAIOUT_CODE10",310120,"Parametric","",-17,1,"uA",-0.304,-0.304,-0.304,0,1,0,1.98466,***
"ISENSE_BlockOffset_Trim_New","ISNS_MEAS_10mAIOUT_CODE11",310130,"Parametric","",-17,1,"uA",-1.827,-1.827,-1.827,0,1,0,1.98466,***
"ISENSE_BlockOffset_Trim_New","ISNS_MEAS_10mAIOUT_CODE12",310140,"Parametric","",-17,1,"uA",-3.467,-3.467,-3.467,0,1,0,1.98466,***
"ISENSE_BlockOffset_Trim_New","ISNS_MEAS_10mAIOUT_CODE13",310150,"Parametric","",-17,1,"uA",-5.112,-5.112,-5.112,0,1,0,1.98466,***
"ISENSE_BlockOffset_Trim_New","ISNS_MEAS_10mAIOUT_CODE14",310160,"Parametric","",-17,1,"uA",-6.732,-6.732,-6.732,0,1,0,1.98466,***
"ISENSE_BlockOffset_Trim_New","ISNS_MEAS_10mAIOUT_CODE15",310170,"Parametric","",-17,1,"uA",-8.274,-8.274,-8.274,0,1,0,1.98466,***
"ISENSE_BlockOffset_Trim_New","ISNS_BLOCK_OFFSET_TRIM",310010,"Parametric","",0,15,"Code",10,10,10,0,1,0,1.98466,***
"ISENSE_BlockOffset_Trim_New","BEST_MEAS_10mAIOUT",310350,"Parametric","",-1.7,1.3,"uA",-0.304,-0.304,-0.304,0,1,0,1.98466,***
"SNS_gain_Trim","SNS_GAIN_20PIMAX_CODE0",320020,"Parametric","",-300,-90,"uA",-269.088,-269.088,-269.088,0,1,0,3.43818,***
"SNS_gain_Trim","SNS_GAIN_20PIMAX_CODE1",320030,"Parametric","",-300,-90,"uA",-259.956,-259.956,-259.956,0,1,0,3.43818,***
"SNS_gain_Trim","SNS_GAIN_20PIMAX_CODE2",320040,"Parametric","",-300,-90,"uA",-252.853,-252.853,-252.853,0,1,0,3.43818,***
"SNS_gain_Trim","SNS_GAIN_20PIMAX_CODE3",320050,"Parametric","",-300,-90,"uA",-243.721,-243.721,-243.721,0,1,0,3.43818,***
"SNS_gain_Trim","SNS_GAIN_20PIMAX_CODE4",320060,"Parametric","",-300,-90,"uA",-233.575,-233.575,-233.575,0,1,0,3.43818,***
"SNS_gain_Trim","SNS_GAIN_20PIMAX_CODE5",320070,"Parametric","",-300,-90,"uA",-226.472,-226.472,-226.472,0,1,0,3.43818,***
"SNS_gain_Trim","SNS_GAIN_20PIMAX_CODE6",320080,"Parametric","",-300,-90,"uA",-216.325,-216.325,-216.325,0,1,0,3.43818,***
"SNS_gain_Trim","SNS_GAIN_20PIMAX_CODE7",320090,"Parametric","",-300,-90,"uA",-208.208,-208.208,-208.208,0,1,0,3.43818,***
"SNS_gain_Trim","SNS_GAIN_20PIMAX_CODE8",320100,"Parametric","",-300,-90,"uA",-202.12,-202.12,-202.12,0,1,0,3.43818,***
"SNS_gain_Trim","SNS_GAIN_20PIMAX_CODE9",320110,"Parametric","",-300,-90,"uA",-192.988,-192.988,-192.988,0,1,0,3.43818,***
"SNS_gain_Trim","SNS_GAIN_20PIMAX_CODE10",320120,"Parametric","",-300,-90,"uA",-183.856,-183.856,-183.856,0,1,0,3.43818,***
"SNS_gain_Trim","SNS_GAIN_20PIMAX_CODE11",320130,"Parametric","",-300,-90,"uA",-175.739,-175.739,-175.739,0,1,0,3.43818,***
"SNS_gain_Trim","SNS_GAIN_20PIMAX_CODE12",320140,"Parametric","",-300,-90,"uA",-166.607,-166.607,-166.607,0,1,0,3.43818,***
"SNS_gain_Trim","SNS_GAIN_20PIMAX_CODE13",320150,"Parametric","",-300,-90,"uA",-157.475,-157.475,-157.475,0,1,0,3.43818,***
"SNS_gain_Trim","SNS_GAIN_20PIMAX_CODE14",320160,"Parametric","",-300,-90,"uA",-148.343,-148.343,-148.343,0,1,0,3.43818,***
"SNS_gain_Trim","SNS_GAIN_20PIMAX_CODE15",320170,"Parametric","",-300,-90,"uA",-140.226,-140.226,-140.226,0,1,0,3.43818,***
"SNS_gain_Trim","SNS_GAIN_20PIMAX_CODE16",320180,"Parametric","",-300,-90,"uA",-269.088,-269.088,-269.088,0,1,0,3.43818,***
"SNS_gain_Trim","SNS_GAIN_20PIMAX_CODE17",320190,"Parametric","",-300,-90,"uA",-260.971,-260.971,-260.971,0,1,0,3.43818,***
"SNS_gain_Trim","SNS_GAIN_20PIMAX_CODE18",320200,"Parametric","",-300,-90,"uA",-251.839,-251.839,-251.839,0,1,0,3.43818,***
"SNS_gain_Trim","SNS_GAIN_20PIMAX_CODE19",320210,"Parametric","",-300,-90,"uA",-243.721,-243.721,-243.721,0,1,0,3.43818,***
"SNS_gain_Trim","SNS_GAIN_20PIMAX_CODE20",320220,"Parametric","",-300,-90,"uA",-233.575,-233.575,-233.575,0,1,0,3.43818,***
"SNS_gain_Trim","SNS_GAIN_20PIMAX_CODE21",320230,"Parametric","",-300,-90,"uA",-225.457,-225.457,-225.457,0,1,0,3.43818,***
"SNS_gain_Trim","SNS_GAIN_20PIMAX_CODE22",320240,"Parametric","",-300,-90,"uA",-216.325,-216.325,-216.325,0,1,0,3.43818,***
"SNS_gain_Trim","SNS_GAIN_20PIMAX_CODE23",320250,"Parametric","",-300,-90,"uA",-208.208,-208.208,-208.208,0,1,0,3.43818,***
"SNS_gain_Trim","SNS_GAIN_20PIMAX_CODE24",320260,"Parametric","",-300,-90,"uA",-202.12,-202.12,-202.12,0,1,0,3.43818,***
"SNS_gain_Trim","SNS_GAIN_20PIMAX_CODE25",320270,"Parametric","",-300,-90,"uA",-192.988,-192.988,-192.988,0,1,0,3.43818,***
"SNS_gain_Trim","SNS_GAIN_20PIMAX_CODE26",320280,"Parametric","",-300,-90,"uA",-182.841,-182.841,-182.841,0,1,0,3.43818,***
"SNS_gain_Trim","SNS_GAIN_20PIMAX_CODE27",320290,"Parametric","",-300,-90,"uA",-175.739,-175.739,-175.739,0,1,0,3.43818,***
"SNS_gain_Trim","SNS_GAIN_20PIMAX_CODE28",320300,"Parametric","",-300,-90,"uA",-167.621,-167.621,-167.621,0,1,0,3.43818,***
"SNS_gain_Trim","SNS_GAIN_20PIMAX_CODE29",320310,"Parametric","",-300,-90,"uA",-157.475,-157.475,-157.475,0,1,0,3.43818,***
"SNS_gain_Trim","SNS_GAIN_20PIMAX_CODE30",320320,"Parametric","",-300,-90,"uA",-148.343,-148.343,-148.343,0,1,0,3.43818,***
"SNS_gain_Trim","SNS_GAIN_20PIMAX_CODE31",320330,"Parametric","",-300,-90,"uA",-140.226,-140.226,-140.226,0,1,0,3.43818,***
"SNS_gain_Trim","SNS_GAIN_TRIM",320010,"Parametric","",0,31,"Code",8,8,8,0,1,0,3.43818,***
"SNS_gain_Trim","BEST_MEAS_20pIMAX",320340,"Parametric","",-210,-190,"uA",-202.12,-202.12,-202.12,0,1,0,3.43818,***
"EFUSE_RESISTANCE_MEASUREMENT","BANKA_EFUSE_RESISTANCE_BIT47",480010,"Parametric","",65,200,"ohms",79.6,79.6,79.6,0,1,0,6.5698,***
"EFUSE_RESISTANCE_MEASUREMENT","BANKA_EFUSE_RESISTANCE_BIT46",480020,"Parametric","",65,200,"ohms",79.6,79.6,79.6,0,1,0,6.5698,***
"EFUSE_RESISTANCE_MEASUREMENT","BANKA_EFUSE_RESISTANCE_BIT45",480030,"Parametric","",65,200,"ohms",79.6,79.6,79.6,0,1,0,6.5698,***
"EFUSE_RESISTANCE_MEASUREMENT","BANKA_EFUSE_RESISTANCE_BIT44",480040,"Parametric","",65,200,"ohms",79.6,79.6,79.6,0,1,0,6.5698,***
"EFUSE_RESISTANCE_MEASUREMENT","BANKA_EFUSE_RESISTANCE_BIT43",480050,"Parametric","",65,200,"ohms",79.6,79.6,79.6,0,1,0,6.5698,***
"EFUSE_RESISTANCE_MEASUREMENT","BANKA_EFUSE_RESISTANCE_BIT42",480060,"Parametric","",65,200,"ohms",79.6,79.6,79.6,0,1,0,6.5698,***
"EFUSE_RESISTANCE_MEASUREMENT","BANKA_EFUSE_RESISTANCE_BIT41",480070,"Parametric","",65,200,"ohms",91,91,91,0,1,0,6.5698,***
"EFUSE_RESISTANCE_MEASUREMENT","BANKA_EFUSE_RESISTANCE_BIT40",480080,"Parametric","",65,200,"ohms",79.6,79.6,79.6,0,1,0,6.5698,***
"EFUSE_RESISTANCE_MEASUREMENT","BANKA_EFUSE_RESISTANCE_BIT39",480090,"Parametric","",65,200,"ohms",91,91,91,0,1,0,6.5698,***
"EFUSE_RESISTANCE_MEASUREMENT","BANKA_EFUSE_RESISTANCE_BIT38",480100,"Parametric","",65,200,"ohms",79.6,79.6,79.6,0,1,0,6.5698,***
"EFUSE_RESISTANCE_MEASUREMENT","BANKA_EFUSE_RESISTANCE_BIT37",480110,"Parametric","",65,200,"ohms",79.6,79.6,79.6,0,1,0,6.5698,***
"EFUSE_RESISTANCE_MEASUREMENT","BANKA_EFUSE_RESISTANCE_BIT36",480120,"Parametric","",65,200,"ohms",79.6,79.6,79.6,0,1,0,6.5698,***
"EFUSE_RESISTANCE_MEASUREMENT","BANKA_EFUSE_RESISTANCE_BIT35",480130,"Parametric","",65,200,"ohms",91,91,91,0,1,0,6.5698,***
"EFUSE_RESISTANCE_MEASUREMENT","BANKA_EFUSE_RESISTANCE_BIT34",480140,"Parametric","",65,200,"ohms",91,91,91,0,1,0,6.5698,***
"EFUSE_RESISTANCE_MEASUREMENT","BANKA_EFUSE_RESISTANCE_BIT33",480150,"Parametric","",65,200,"ohms",91,91,91,0,1,0,6.5698,***
"EFUSE_RESISTANCE_MEASUREMENT","BANKA_EFUSE_RESISTANCE_BIT32",480160,"Parametric","",65,200,"ohms",79.6,79.6,79.6,0,1,0,6.5698,***
"EFUSE_RESISTANCE_MEASUREMENT","BANKA_EFUSE_RESISTANCE_BIT31",480170,"Parametric","",65,200,"ohms",79.6,79.6,79.6,0,1,0,6.5698,***
"EFUSE_RESISTANCE_MEASUREMENT","BANKA_EFUSE_RESISTANCE_BIT30",480180,"Parametric","",65,200,"ohms",91,91,91,0,1,0,6.5698,***
"EFUSE_RESISTANCE_MEASUREMENT","BANKA_EFUSE_RESISTANCE_BIT29",480190,"Parametric","",65,200,"ohms",91,91,91,0,1,0,6.5698,***
"EFUSE_RESISTANCE_MEASUREMENT","BANKA_EFUSE_RESISTANCE_BIT28",480200,"Parametric","",65,200,"ohms",91,91,91,0,1,0,6.5698,***
"EFUSE_RESISTANCE_MEASUREMENT","BANKA_EFUSE_RESISTANCE_BIT27",480210,"Parametric","",65,200,"ohms",79.6,79.6,79.6,0,1,0,6.5698,***
"EFUSE_RESISTANCE_MEASUREMENT","BANKA_EFUSE_RESISTANCE_BIT26",480220,"Parametric","",65,200,"ohms",79.6,79.6,79.6,0,1,0,6.5698,***
"EFUSE_RESISTANCE_MEASUREMENT","BANKA_EFUSE_RESISTANCE_BIT25",480230,"Parametric","",65,200,"ohms",79.6,79.6,79.6,0,1,0,6.5698,***
"EFUSE_RESISTANCE_MEASUREMENT","BANKA_EFUSE_RESISTANCE_BIT24",480240,"Parametric","",65,200,"ohms",91,91,91,0,1,0,6.5698,***
"EFUSE_RESISTANCE_MEASUREMENT","BANKA_EFUSE_RESISTANCE_BIT23",480250,"Parametric","",65,200,"ohms",91,91,91,0,1,0,6.5698,***
"EFUSE_RESISTANCE_MEASUREMENT","BANKA_EFUSE_RESISTANCE_BIT22",480260,"Parametric","",65,200,"ohms",79.6,79.6,79.6,0,1,0,6.5698,***
"EFUSE_RESISTANCE_MEASUREMENT","BANKA_EFUSE_RESISTANCE_BIT21",480270,"Parametric","",65,200,"ohms",79.6,79.6,79.6,0,1,0,6.5698,***
"EFUSE_RESISTANCE_MEASUREMENT","BANKA_EFUSE_RESISTANCE_BIT20",480280,"Parametric","",65,200,"ohms",91,91,91,0,1,0,6.5698,***
"EFUSE_RESISTANCE_MEASUREMENT","BANKA_EFUSE_RESISTANCE_BIT19",480290,"Parametric","",65,200,"ohms",79.6,79.6,79.6,0,1,0,6.5698,***
"EFUSE_RESISTANCE_MEASUREMENT","BANKA_EFUSE_RESISTANCE_BIT18",480300,"Parametric","",65,200,"ohms",91,91,91,0,1,0,6.5698,***
"EFUSE_RESISTANCE_MEASUREMENT","BANKA_EFUSE_RESISTANCE_BIT17",480310,"Parametric","",65,200,"ohms",91,91,91,0,1,0,6.5698,***
"EFUSE_RESISTANCE_MEASUREMENT","BANKA_EFUSE_RESISTANCE_BIT16",480320,"Parametric","",65,200,"ohms",91,91,91,0,1,0,6.5698,***
"EFUSE_RESISTANCE_MEASUREMENT","BANKA_EFUSE_RESISTANCE_BIT15",480330,"Parametric","",65,200,"ohms",79.6,79.6,79.6,0,1,0,6.5698,***
"EFUSE_RESISTANCE_MEASUREMENT","BANKA_EFUSE_RESISTANCE_BIT14",480340,"Parametric","",65,200,"ohms",79.6,79.6,79.6,0,1,0,6.5698,***
"EFUSE_RESISTANCE_MEASUREMENT","BANKA_EFUSE_RESISTANCE_BIT13",480350,"Parametric","",65,200,"ohms",79.6,79.6,79.6,0,1,0,6.5698,***
"EFUSE_RESISTANCE_MEASUREMENT","BANKA_EFUSE_RESISTANCE_BIT12",480360,"Parametric","",65,200,"ohms",79.6,79.6,79.6,0,1,0,6.5698,***
"EFUSE_RESISTANCE_MEASUREMENT","BANKA_EFUSE_RESISTANCE_BIT11",480370,"Parametric","",65,200,"ohms",79.6,79.6,79.6,0,1,0,6.5698,***
"EFUSE_RESISTANCE_MEASUREMENT","BANKA_EFUSE_RESISTANCE_BIT10",480380,"Parametric","",65,200,"ohms",91,91,91,0,1,0,6.5698,***
"EFUSE_RESISTANCE_MEASUREMENT","BANKA_EFUSE_RESISTANCE_BIT9",480390,"Parametric","",65,200,"ohms",79.6,79.6,79.6,0,1,0,6.5698,***
"EFUSE_RESISTANCE_MEASUREMENT","BANKA_EFUSE_RESISTANCE_BIT8",480400,"Parametric","",65,200,"ohms",91,91,91,0,1,0,6.5698,***
"EFUSE_RESISTANCE_MEASUREMENT","BANKA_EFUSE_RESISTANCE_BIT7",480410,"Parametric","",65,200,"ohms",91,91,91,0,1,0,6.5698,***
"EFUSE_RESISTANCE_MEASUREMENT","BANKA_EFUSE_RESISTANCE_BIT6",480420,"Parametric","",65,200,"ohms",91,91,91,0,1,0,6.5698,***
"EFUSE_RESISTANCE_MEASUREMENT","BANKA_EFUSE_RESISTANCE_BIT5",480430,"Parametric","",65,200,"ohms",79.6,79.6,79.6,0,1,0,6.5698,***
"EFUSE_RESISTANCE_MEASUREMENT","BANKA_EFUSE_RESISTANCE_BIT4",480440,"Parametric","",65,200,"ohms",79.6,79.6,79.6,0,1,0,6.5698,***
"EFUSE_RESISTANCE_MEASUREMENT","BANKA_EFUSE_RESISTANCE_BIT3",480450,"Parametric","",65,200,"ohms",79.6,79.6,79.6,0,1,0,6.5698,***
"EFUSE_RESISTANCE_MEASUREMENT","BANKA_EFUSE_RESISTANCE_BIT2",480460,"Parametric","",65,200,"ohms",79.6,79.6,79.6,0,1,0,6.5698,***
"EFUSE_RESISTANCE_MEASUREMENT","BANKA_EFUSE_RESISTANCE_BIT1",480470,"Parametric","",65,200,"ohms",91,91,91,0,1,0,6.5698,***
"EFUSE_RESISTANCE_MEASUREMENT","BANKA_EFUSE_RESISTANCE_BIT0",480480,"Parametric","",65,200,"ohms",79.6,79.6,79.6,0,1,0,6.5698,***
"EFUSE_RESISTANCE_MEASUREMENT","BANKB_EFUSE_RESISTANCE_BIT47",480490,"Parametric","",65,200,"ohms",79.6,79.6,79.6,0,1,0,6.5698,***
"EFUSE_RESISTANCE_MEASUREMENT","BANKB_EFUSE_RESISTANCE_BIT46",480500,"Parametric","",65,200,"ohms",79.6,79.6,79.6,0,1,0,6.5698,***
"EFUSE_RESISTANCE_MEASUREMENT","BANKB_EFUSE_RESISTANCE_BIT45",480510,"Parametric","",65,200,"ohms",91,91,91,0,1,0,6.5698,***
"EFUSE_RESISTANCE_MEASUREMENT","BANKB_EFUSE_RESISTANCE_BIT44",480520,"Parametric","",65,200,"ohms",79.6,79.6,79.6,0,1,0,6.5698,***
"EFUSE_RESISTANCE_MEASUREMENT","BANKB_EFUSE_RESISTANCE_BIT43",480530,"Parametric","",65,200,"ohms",79.6,79.6,79.6,0,1,0,6.5698,***
"EFUSE_RESISTANCE_MEASUREMENT","BANKB_EFUSE_RESISTANCE_BIT42",480540,"Parametric","",65,200,"ohms",79.6,79.6,79.6,0,1,0,6.5698,***
"EFUSE_RESISTANCE_MEASUREMENT","BANKB_EFUSE_RESISTANCE_BIT41",480550,"Parametric","",65,200,"ohms",91,91,91,0,1,0,6.5698,***
"EFUSE_RESISTANCE_MEASUREMENT","BANKB_EFUSE_RESISTANCE_BIT40",480560,"Parametric","",65,200,"ohms",79.6,79.6,79.6,0,1,0,6.5698,***
"EFUSE_RESISTANCE_MEASUREMENT","BANKB_EFUSE_RESISTANCE_BIT39",480570,"Parametric","",65,200,"ohms",79.6,79.6,79.6,0,1,0,6.5698,***
"EFUSE_RESISTANCE_MEASUREMENT","BANKB_EFUSE_RESISTANCE_BIT38",480580,"Parametric","",65,200,"ohms",79.6,79.6,79.6,0,1,0,6.5698,***
"EFUSE_RESISTANCE_MEASUREMENT","BANKB_EFUSE_RESISTANCE_BIT37",480590,"Parametric","",65,200,"ohms",79.6,79.6,79.6,0,1,0,6.5698,***
"EFUSE_RESISTANCE_MEASUREMENT","BANKB_EFUSE_RESISTANCE_BIT36",480600,"Parametric","",65,200,"ohms",79.6,79.6,79.6,0,1,0,6.5698,***
"EFUSE_RESISTANCE_MEASUREMENT","BANKB_EFUSE_RESISTANCE_BIT35",480610,"Parametric","",65,200,"ohms",79.6,79.6,79.6,0,1,0,6.5698,***
"EFUSE_RESISTANCE_MEASUREMENT","BANKB_EFUSE_RESISTANCE_BIT34",480620,"Parametric","",65,200,"ohms",79.6,79.6,79.6,0,1,0,6.5698,***
"EFUSE_RESISTANCE_MEASUREMENT","BANKB_EFUSE_RESISTANCE_BIT33",480630,"Parametric","",65,200,"ohms",79.6,79.6,79.6,0,1,0,6.5698,***
"EFUSE_RESISTANCE_MEASUREMENT","BANKB_EFUSE_RESISTANCE_BIT32",480640,"Parametric","",65,200,"ohms",79.6,79.6,79.6,0,1,0,6.5698,***
"EFUSE_RESISTANCE_MEASUREMENT","BANKB_EFUSE_RESISTANCE_BIT31",480650,"Parametric","",65,200,"ohms",79.6,79.6,79.6,0,1,0,6.5698,***
"EFUSE_RESISTANCE_MEASUREMENT","BANKB_EFUSE_RESISTANCE_BIT30",480660,"Parametric","",65,200,"ohms",79.6,79.6,79.6,0,1,0,6.5698,***
"EFUSE_RESISTANCE_MEASUREMENT","BANKB_EFUSE_RESISTANCE_BIT29",480670,"Parametric","",65,200,"ohms",79.6,79.6,79.6,0,1,0,6.5698,***
"EFUSE_RESISTANCE_MEASUREMENT","BANKB_EFUSE_RESISTANCE_BIT28",480680,"Parametric","",65,200,"ohms",79.6,79.6,79.6,0,1,0,6.5698,***
"EFUSE_RESISTANCE_MEASUREMENT","BANKB_EFUSE_RESISTANCE_BIT27",480690,"Parametric","",65,200,"ohms",79.6,79.6,79.6,0,1,0,6.5698,***
"EFUSE_RESISTANCE_MEASUREMENT","BANKB_EFUSE_RESISTANCE_BIT26",480700,"Parametric","",65,200,"ohms",79.6,79.6,79.6,0,1,0,6.5698,***
"EFUSE_RESISTANCE_MEASUREMENT","BANKB_EFUSE_RESISTANCE_BIT25",480710,"Parametric","",65,200,"ohms",79.6,79.6,79.6,0,1,0,6.5698,***
"EFUSE_RESISTANCE_MEASUREMENT","BANKB_EFUSE_RESISTANCE_BIT24",480720,"Parametric","",65,200,"ohms",91,91,91,0,1,0,6.5698,***
"EFUSE_RESISTANCE_MEASUREMENT","BANKB_EFUSE_RESISTANCE_BIT23",480730,"Parametric","",65,200,"ohms",79.6,79.6,79.6,0,1,0,6.5698,***
"EFUSE_RESISTANCE_MEASUREMENT","BANKB_EFUSE_RESISTANCE_BIT22",480740,"Parametric","",65,200,"ohms",79.6,79.6,79.6,0,1,0,6.5698,***
"EFUSE_RESISTANCE_MEASUREMENT","BANKB_EFUSE_RESISTANCE_BIT21",480750,"Parametric","",65,200,"ohms",79.6,79.6,79.6,0,1,0,6.5698,***
"EFUSE_RESISTANCE_MEASUREMENT","BANKB_EFUSE_RESISTANCE_BIT20",480760,"Parametric","",65,200,"ohms",79.6,79.6,79.6,0,1,0,6.5698,***
"EFUSE_RESISTANCE_MEASUREMENT","BANKB_EFUSE_RESISTANCE_BIT19",480770,"Parametric","",65,200,"ohms",79.6,79.6,79.6,0,1,0,6.5698,***
"EFUSE_RESISTANCE_MEASUREMENT","BANKB_EFUSE_RESISTANCE_BIT18",480780,"Parametric","",65,200,"ohms",91,91,91,0,1,0,6.5698,***
"EFUSE_RESISTANCE_MEASUREMENT","BANKB_EFUSE_RESISTANCE_BIT17",480790,"Parametric","",65,200,"ohms",79.6,79.6,79.6,0,1,0,6.5698,***
"EFUSE_RESISTANCE_MEASUREMENT","BANKB_EFUSE_RESISTANCE_BIT16",480800,"Parametric","",65,200,"ohms",79.6,79.6,79.6,0,1,0,6.5698,***
"EFUSE_RESISTANCE_MEASUREMENT","BANKB_EFUSE_RESISTANCE_BIT15",480810,"Parametric","",65,200,"ohms",79.6,79.6,79.6,0,1,0,6.5698,***
"EFUSE_RESISTANCE_MEASUREMENT","BANKB_EFUSE_RESISTANCE_BIT14",480820,"Parametric","",65,200,"ohms",79.6,79.6,79.6,0,1,0,6.5698,***
"EFUSE_RESISTANCE_MEASUREMENT","BANKB_EFUSE_RESISTANCE_BIT13",480830,"Parametric","",65,200,"ohms",79.6,79.6,79.6,0,1,0,6.5698,***
"EFUSE_RESISTANCE_MEASUREMENT","BANKB_EFUSE_RESISTANCE_BIT12",480840,"Parametric","",65,200,"ohms",79.6,79.6,79.6,0,1,0,6.5698,***
"EFUSE_RESISTANCE_MEASUREMENT","BANKB_EFUSE_RESISTANCE_BIT11",480850,"Parametric","",65,200,"ohms",79.6,79.6,79.6,0,1,0,6.5698,***
"EFUSE_RESISTANCE_MEASUREMENT","BANKB_EFUSE_RESISTANCE_BIT10",480860,"Parametric","",65,200,"ohms",79.6,79.6,79.6,0,1,0,6.5698,***
"EFUSE_RESISTANCE_MEASUREMENT","BANKB_EFUSE_RESISTANCE_BIT9",480870,"Parametric","",65,200,"ohms",79.6,79.6,79.6,0,1,0,6.5698,***
"EFUSE_RESISTANCE_MEASUREMENT","BANKB_EFUSE_RESISTANCE_BIT8",480880,"Parametric","",65,200,"ohms",79.6,79.6,79.6,0,1,0,6.5698,***
"EFUSE_RESISTANCE_MEASUREMENT","BANKB_EFUSE_RESISTANCE_BIT7",480890,"Parametric","",65,200,"ohms",79.6,79.6,79.6,0,1,0,6.5698,***
"EFUSE_RESISTANCE_MEASUREMENT","BANKB_EFUSE_RESISTANCE_BIT6",480900,"Parametric","",65,200,"ohms",79.6,79.6,79.6,0,1,0,6.5698,***
"EFUSE_RESISTANCE_MEASUREMENT","BANKB_EFUSE_RESISTANCE_BIT5",480910,"Parametric","",65,200,"ohms",79.6,79.6,79.6,0,1,0,6.5698,***
"EFUSE_RESISTANCE_MEASUREMENT","BANKB_EFUSE_RESISTANCE_BIT4",480920,"Parametric","",65,200,"ohms",91,91,91,0,1,0,6.5698,***
"EFUSE_RESISTANCE_MEASUREMENT","BANKB_EFUSE_RESISTANCE_BIT3",480930,"Parametric","",65,200,"ohms",79.6,79.6,79.6,0,1,0,6.5698,***
"EFUSE_RESISTANCE_MEASUREMENT","BANKB_EFUSE_RESISTANCE_BIT2",480940,"Parametric","",65,200,"ohms",79.6,79.6,79.6,0,1,0,6.5698,***
"EFUSE_RESISTANCE_MEASUREMENT","BANKB_EFUSE_RESISTANCE_BIT1",480950,"Parametric","",65,200,"ohms",79.6,79.6,79.6,0,1,0,6.5698,***
"EFUSE_RESISTANCE_MEASUREMENT","BANKB_EFUSE_RESISTANCE_BIT0",480960,"Parametric","",65,200,"ohms",91,91,91,0,1,0,6.5698,***
"PRE_BURN_PASS_FET_LEAKAGE","PRE_Forward_Leakage_FET",470010,"Parametric","",-20,20,"nA",-1,-1,-1,0,1,0,0.184508,***
"PRE_BURN_PASS_FET_LEAKAGE","PRE_Reverse_Leakage_FET",470020,"Parametric","",-20,20,"nA",-6,-6,-6,0,1,0,0.184508,***
"eFUSE_burn_readmargin","BANKA_READMARGIN_BIT_0",430010,"Parametric","",0,1,"",0,0,0,0,1,0,5.80407,***
"eFUSE_burn_readmargin","BANKA_BURN_BIT_0",430490,"Parametric","",0,1,"",0,0,0,0,1,0,5.80407,***
"eFUSE_burn_readmargin","BANKA_BIT_BLOWN_TRUE_0",430970,"Parametric","",1,1,"",1,1,1,0,1,0,5.80407,***
"eFUSE_burn_readmargin","BANKA_READMARGIN_BIT_1",430020,"Parametric","",0,1,"",0,0,0,0,1,0,5.80407,***
"eFUSE_burn_readmargin","BANKA_BURN_BIT_1",430500,"Parametric","",0,1,"",0,0,0,0,1,0,5.80407,***
"eFUSE_burn_readmargin","BANKA_BIT_BLOWN_TRUE_1",430980,"Parametric","",1,1,"",1,1,1,0,1,0,5.80407,***
"eFUSE_burn_readmargin","BANKA_READMARGIN_BIT_2",430030,"Parametric","",0,1,"",0,0,0,0,1,0,5.80407,***
"eFUSE_burn_readmargin","BANKA_BURN_BIT_2",430510,"Parametric","",0,1,"",0,0,0,0,1,0,5.80407,***
"eFUSE_burn_readmargin","BANKA_BIT_BLOWN_TRUE_2",430990,"Parametric","",1,1,"",1,1,1,0,1,0,5.80407,***
"eFUSE_burn_readmargin","BANKA_READMARGIN_BIT_3",430040,"Parametric","",0,1,"",0,0,0,0,1,0,5.80407,***
"eFUSE_burn_readmargin","BANKA_BURN_BIT_3",430520,"Parametric","",0,1,"",0,0,0,0,1,0,5.80407,***
"eFUSE_burn_readmargin","BANKA_BIT_BLOWN_TRUE_3",431000,"Parametric","",1,1,"",1,1,1,0,1,0,5.80407,***
"eFUSE_burn_readmargin","BANKA_READMARGIN_BIT_4",430050,"Parametric","",0,1,"",0,0,0,0,1,0,5.80407,***
"eFUSE_burn_readmargin","BANKA_BURN_BIT_4",430530,"Parametric","",0,1,"",0,0,0,0,1,0,5.80407,***
"eFUSE_burn_readmargin","BANKA_BIT_BLOWN_TRUE_4",431010,"Parametric","",1,1,"",1,1,1,0,1,0,5.80407,***
"eFUSE_burn_readmargin","BANKA_READMARGIN_BIT_5",430060,"Parametric","",0,1,"",0,0,0,0,1,0,5.80407,***
"eFUSE_burn_readmargin","BANKA_BURN_BIT_5",430540,"Parametric","",0,1,"",0,0,0,0,1,0,5.80407,***
"eFUSE_burn_readmargin","BANKA_BIT_BLOWN_TRUE_5",431020,"Parametric","",1,1,"",1,1,1,0,1,0,5.80407,***
"eFUSE_burn_readmargin","BANKA_READMARGIN_BIT_6",430070,"Parametric","",0,1,"",0,0,0,0,1,0,5.80407,***
"eFUSE_burn_readmargin","BANKA_BURN_BIT_6",430550,"Parametric","",0,1,"",0,0,0,0,1,0,5.80407,***
"eFUSE_burn_readmargin","BANKA_BIT_BLOWN_TRUE_6",431030,"Parametric","",1,1,"",1,1,1,0,1,0,5.80407,***
"eFUSE_burn_readmargin","BANKA_READMARGIN_BIT_7",430080,"Parametric","",0,1,"",0,0,0,0,1,0,5.80407,***
"eFUSE_burn_readmargin","BANKA_BURN_BIT_7",430560,"Parametric","",0,1,"",0,0,0,0,1,0,5.80407,***
"eFUSE_burn_readmargin","BANKA_BIT_BLOWN_TRUE_7",431040,"Parametric","",1,1,"",1,1,1,0,1,0,5.80407,***
"eFUSE_burn_readmargin","BANKA_READMARGIN_BIT_8",430090,"Parametric","",0,1,"",0,0,0,0,1,0,5.80407,***
"eFUSE_burn_readmargin","BANKA_BURN_BIT_8",430570,"Parametric","",0,1,"",0,0,0,0,1,0,5.80407,***
"eFUSE_burn_readmargin","BANKA_BIT_BLOWN_TRUE_8",431050,"Parametric","",1,1,"",1,1,1,0,1,0,5.80407,***
"eFUSE_burn_readmargin","BANKA_READMARGIN_BIT_9",430100,"Parametric","",0,1,"",0,0,0,0,1,0,5.80407,***
"eFUSE_burn_readmargin","BANKA_BURN_BIT_9",430580,"Parametric","",0,1,"",0,0,0,0,1,0,5.80407,***
"eFUSE_burn_readmargin","BANKA_BIT_BLOWN_TRUE_9",431060,"Parametric","",1,1,"",1,1,1,0,1,0,5.80407,***
"eFUSE_burn_readmargin","BANKA_READMARGIN_BIT_10",430110,"Parametric","",0,1,"",0,0,0,0,1,0,5.80407,***
"eFUSE_burn_readmargin","BANKA_BURN_BIT_10",430590,"Parametric","",0,1,"",0,0,0,0,1,0,5.80407,***
"eFUSE_burn_readmargin","BANKA_BIT_BLOWN_TRUE_10",431070,"Parametric","",1,1,"",1,1,1,0,1,0,5.80407,***
"eFUSE_burn_readmargin","BANKA_READMARGIN_BIT_11",430120,"Parametric","",0,1,"",0,0,0,0,1,0,5.80407,***
"eFUSE_burn_readmargin","BANKA_BURN_BIT_11",430600,"Parametric","",0,1,"",0,0,0,0,1,0,5.80407,***
"eFUSE_burn_readmargin","BANKA_BIT_BLOWN_TRUE_11",431080,"Parametric","",1,1,"",1,1,1,0,1,0,5.80407,***
"eFUSE_burn_readmargin","BANKA_READMARGIN_BIT_12",430130,"Parametric","",0,1,"",0,0,0,0,1,0,5.80407,***
"eFUSE_burn_readmargin","BANKA_BURN_BIT_12",430610,"Parametric","",0,1,"",1,1,1,0,1,0,5.80407,***
"eFUSE_burn_readmargin","BANKA_BIT_BLOWN_TRUE_12",431090,"Parametric","",1,1,"",0,0,0,0,0,1,5.80407,***
"eFUSE_burn_readmargin","BANKA_READMARGIN_BIT_13",430140,"Parametric","",0,1,"",0,0,0,0,1,0,5.80407,***
"eFUSE_burn_readmargin","BANKA_BURN_BIT_13",430620,"Parametric","",0,1,"",0,0,0,0,1,0,5.80407,***
"eFUSE_burn_readmargin","BANKA_BIT_BLOWN_TRUE_13",431100,"Parametric","",1,1,"",1,1,1,0,1,0,5.80407,***
"eFUSE_burn_readmargin","BANKA_READMARGIN_BIT_14",430150,"Parametric","",0,1,"",0,0,0,0,1,0,5.80407,***
"eFUSE_burn_readmargin","BANKA_BURN_BIT_14",430630,"Parametric","",0,1,"",1,1,1,0,1,0,5.80407,***
"eFUSE_burn_readmargin","BANKA_BIT_BLOWN_TRUE_14",431110,"Parametric","",1,1,"",0,0,0,0,0,1,5.80407,***
"eFUSE_burn_readmargin","BANKA_READMARGIN_BIT_15",430160,"Parametric","",0,1,"",0,0,0,0,1,0,5.80407,***
"eFUSE_burn_readmargin","BANKA_BURN_BIT_15",430640,"Parametric","",0,1,"",0,0,0,0,1,0,5.80407,***
"eFUSE_burn_readmargin","BANKA_BIT_BLOWN_TRUE_15",431120,"Parametric","",1,1,"",1,1,1,0,1,0,5.80407,***
"eFUSE_burn_readmargin","BANKA_READMARGIN_BIT_16",430170,"Parametric","",0,1,"",0,0,0,0,1,0,5.80407,***
"eFUSE_burn_readmargin","BANKA_BURN_BIT_16",430650,"Parametric","",0,1,"",0,0,0,0,1,0,5.80407,***
"eFUSE_burn_readmargin","BANKA_BIT_BLOWN_TRUE_16",431130,"Parametric","",1,1,"",1,1,1,0,1,0,5.80407,***
"eFUSE_burn_readmargin","BANKA_READMARGIN_BIT_17",430180,"Parametric","",0,1,"",0,0,0,0,1,0,5.80407,***
"eFUSE_burn_readmargin","BANKA_BURN_BIT_17",430660,"Parametric","",0,1,"",0,0,0,0,1,0,5.80407,***
"eFUSE_burn_readmargin","BANKA_BIT_BLOWN_TRUE_17",431140,"Parametric","",1,1,"",1,1,1,0,1,0,5.80407,***
"eFUSE_burn_readmargin","BANKA_READMARGIN_BIT_18",430190,"Parametric","",0,1,"",0,0,0,0,1,0,5.80407,***
"eFUSE_burn_readmargin","BANKA_BURN_BIT_18",430670,"Parametric","",0,1,"",1,1,1,0,1,0,5.80407,***
"eFUSE_burn_readmargin","BANKA_BIT_BLOWN_TRUE_18",431150,"Parametric","",1,1,"",0,0,0,0,0,1,5.80407,***
"eFUSE_burn_readmargin","BANKA_READMARGIN_BIT_19",430200,"Parametric","",0,1,"",0,0,0,0,1,0,5.80407,***
"eFUSE_burn_readmargin","BANKA_BURN_BIT_19",430680,"Parametric","",0,1,"",0,0,0,0,1,0,5.80407,***
"eFUSE_burn_readmargin","BANKA_BIT_BLOWN_TRUE_19",431160,"Parametric","",1,1,"",1,1,1,0,1,0,5.80407,***
"eFUSE_burn_readmargin","BANKA_READMARGIN_BIT_20",430210,"Parametric","",0,1,"",0,0,0,0,1,0,5.80407,***
"eFUSE_burn_readmargin","BANKA_BURN_BIT_20",430690,"Parametric","",0,1,"",0,0,0,0,1,0,5.80407,***
"eFUSE_burn_readmargin","BANKA_BIT_BLOWN_TRUE_20",431170,"Parametric","",1,1,"",1,1,1,0,1,0,5.80407,***
"eFUSE_burn_readmargin","BANKA_READMARGIN_BIT_21",430220,"Parametric","",0,1,"",0,0,0,0,1,0,5.80407,***
"eFUSE_burn_readmargin","BANKA_BURN_BIT_21",430700,"Parametric","",0,1,"",0,0,0,0,1,0,5.80407,***
"eFUSE_burn_readmargin","BANKA_BIT_BLOWN_TRUE_21",431180,"Parametric","",1,1,"",1,1,1,0,1,0,5.80407,***
"eFUSE_burn_readmargin","BANKA_READMARGIN_BIT_22",430230,"Parametric","",0,1,"",0,0,0,0,1,0,5.80407,***
"eFUSE_burn_readmargin","BANKA_BURN_BIT_22",430710,"Parametric","",0,1,"",0,0,0,0,1,0,5.80407,***
"eFUSE_burn_readmargin","BANKA_BIT_BLOWN_TRUE_22",431190,"Parametric","",1,1,"",1,1,1,0,1,0,5.80407,***
"eFUSE_burn_readmargin","BANKA_READMARGIN_BIT_23",430240,"Parametric","",0,1,"",0,0,0,0,1,0,5.80407,***
"eFUSE_burn_readmargin","BANKA_BURN_BIT_23",430720,"Parametric","",0,1,"",0,0,0,0,1,0,5.80407,***
"eFUSE_burn_readmargin","BANKA_BIT_BLOWN_TRUE_23",431200,"Parametric","",1,1,"",1,1,1,0,1,0,5.80407,***
"eFUSE_burn_readmargin","BANKA_READMARGIN_BIT_24",430250,"Parametric","",0,1,"",0,0,0,0,1,0,5.80407,***
"eFUSE_burn_readmargin","BANKA_BURN_BIT_24",430730,"Parametric","",0,1,"",1,1,1,0,1,0,5.80407,***
"eFUSE_burn_readmargin","BANKA_BIT_BLOWN_TRUE_24",431210,"Parametric","",1,1,"",0,0,0,0,0,1,5.80407,***
"eFUSE_burn_readmargin","BANKA_READMARGIN_BIT_25",430260,"Parametric","",0,1,"",0,0,0,0,1,0,5.80407,***
"eFUSE_burn_readmargin","BANKA_BURN_BIT_25",430740,"Parametric","",0,1,"",1,1,1,0,1,0,5.80407,***
"eFUSE_burn_readmargin","BANKA_BIT_BLOWN_TRUE_25",431220,"Parametric","",1,1,"",0,0,0,0,0,1,5.80407,***
"eFUSE_burn_readmargin","BANKA_READMARGIN_BIT_26",430270,"Parametric","",0,1,"",0,0,0,0,1,0,5.80407,***
"eFUSE_burn_readmargin","BANKA_BURN_BIT_26",430750,"Parametric","",0,1,"",0,0,0,0,1,0,5.80407,***
"eFUSE_burn_readmargin","BANKA_BIT_BLOWN_TRUE_26",431230,"Parametric","",1,1,"",1,1,1,0,1,0,5.80407,***
"eFUSE_burn_readmargin","BANKA_READMARGIN_BIT_27",430280,"Parametric","",0,1,"",0,0,0,0,1,0,5.80407,***
"eFUSE_burn_readmargin","BANKA_BURN_BIT_27",430760,"Parametric","",0,1,"",1,1,1,0,1,0,5.80407,***
"eFUSE_burn_readmargin","BANKA_BIT_BLOWN_TRUE_27",431240,"Parametric","",1,1,"",0,0,0,0,0,1,5.80407,***
"eFUSE_burn_readmargin","BANKA_READMARGIN_BIT_28",430290,"Parametric","",0,1,"",0,0,0,0,1,0,5.80407,***
"eFUSE_burn_readmargin","BANKA_BURN_BIT_28",430770,"Parametric","",0,1,"",0,0,0,0,1,0,5.80407,***
"eFUSE_burn_readmargin","BANKA_BIT_BLOWN_TRUE_28",431250,"Parametric","",1,1,"",1,1,1,0,1,0,5.80407,***
"eFUSE_burn_readmargin","BANKA_READMARGIN_BIT_29",430300,"Parametric","",0,1,"",0,0,0,0,1,0,5.80407,***
"eFUSE_burn_readmargin","BANKA_BURN_BIT_29",430780,"Parametric","",0,1,"",1,1,1,0,1,0,5.80407,***
"eFUSE_burn_readmargin","BANKA_BIT_BLOWN_TRUE_29",431260,"Parametric","",1,1,"",0,0,0,0,0,1,5.80407,***
"eFUSE_burn_readmargin","BANKA_READMARGIN_BIT_30",430310,"Parametric","",0,1,"",0,0,0,0,1,0,5.80407,***
"eFUSE_burn_readmargin","BANKA_BURN_BIT_30",430790,"Parametric","",0,1,"",0,0,0,0,1,0,5.80407,***
"eFUSE_burn_readmargin","BANKA_BIT_BLOWN_TRUE_30",431270,"Parametric","",1,1,"",1,1,1,0,1,0,5.80407,***
"eFUSE_burn_readmargin","BANKA_READMARGIN_BIT_31",430320,"Parametric","",0,1,"",0,0,0,0,1,0,5.80407,***
"eFUSE_burn_readmargin","BANKA_BURN_BIT_31",430800,"Parametric","",0,1,"",1,1,1,0,1,0,5.80407,***
"eFUSE_burn_readmargin","BANKA_BIT_BLOWN_TRUE_31",431280,"Parametric","",1,1,"",0,0,0,0,0,1,5.80407,***
"eFUSE_burn_readmargin","BANKA_READMARGIN_BIT_32",430330,"Parametric","",0,1,"",0,0,0,0,1,0,5.80407,***
"eFUSE_burn_readmargin","BANKA_BURN_BIT_32",430810,"Parametric","",0,1,"",0,0,0,0,1,0,5.80407,***
"eFUSE_burn_readmargin","BANKA_BIT_BLOWN_TRUE_32",431290,"Parametric","",1,1,"",1,1,1,0,1,0,5.80407,***
"eFUSE_burn_readmargin","BANKA_READMARGIN_BIT_33",430340,"Parametric","",0,1,"",0,0,0,0,1,0,5.80407,***
"eFUSE_burn_readmargin","BANKA_BURN_BIT_33",430820,"Parametric","",0,1,"",0,0,0,0,1,0,5.80407,***
"eFUSE_burn_readmargin","BANKA_BIT_BLOWN_TRUE_33",431300,"Parametric","",1,1,"",1,1,1,0,1,0,5.80407,***
"eFUSE_burn_readmargin","BANKA_READMARGIN_BIT_34",430350,"Parametric","",0,1,"",0,0,0,0,1,0,5.80407,***
"eFUSE_burn_readmargin","BANKA_BURN_BIT_34",430830,"Parametric","",0,1,"",0,0,0,0,1,0,5.80407,***
"eFUSE_burn_readmargin","BANKA_BIT_BLOWN_TRUE_34",431310,"Parametric","",1,1,"",1,1,1,0,1,0,5.80407,***
"eFUSE_burn_readmargin","BANKA_READMARGIN_BIT_35",430360,"Parametric","",0,1,"",0,0,0,0,1,0,5.80407,***
"eFUSE_burn_readmargin","BANKA_BURN_BIT_35",430840,"Parametric","",0,1,"",0,0,0,0,1,0,5.80407,***
"eFUSE_burn_readmargin","BANKA_BIT_BLOWN_TRUE_35",431320,"Parametric","",1,1,"",1,1,1,0,1,0,5.80407,***
"eFUSE_burn_readmargin","BANKA_READMARGIN_BIT_36",430370,"Parametric","",0,1,"",0,0,0,0,1,0,5.80407,***
"eFUSE_burn_readmargin","BANKA_BURN_BIT_36",430850,"Parametric","",0,1,"",1,1,1,0,1,0,5.80407,***
"eFUSE_burn_readmargin","BANKA_BIT_BLOWN_TRUE_36",431330,"Parametric","",1,1,"",0,0,0,0,0,1,5.80407,***
"eFUSE_burn_readmargin","BANKA_READMARGIN_BIT_37",430380,"Parametric","",0,1,"",0,0,0,0,1,0,5.80407,***
"eFUSE_burn_readmargin","BANKA_BURN_BIT_37",430860,"Parametric","",0,1,"",0,0,0,0,1,0,5.80407,***
"eFUSE_burn_readmargin","BANKA_BIT_BLOWN_TRUE_37",431340,"Parametric","",1,1,"",1,1,1,0,1,0,5.80407,***
"eFUSE_burn_readmargin","BANKA_READMARGIN_BIT_38",430390,"Parametric","",0,1,"",0,0,0,0,1,0,5.80407,***
"eFUSE_burn_readmargin","BANKA_BURN_BIT_38",430870,"Parametric","",0,1,"",0,0,0,0,1,0,5.80407,***
"eFUSE_burn_readmargin","BANKA_BIT_BLOWN_TRUE_38",431350,"Parametric","",1,1,"",1,1,1,0,1,0,5.80407,***
"eFUSE_burn_readmargin","BANKA_READMARGIN_BIT_39",430400,"Parametric","",0,1,"",0,0,0,0,1,0,5.80407,***
"eFUSE_burn_readmargin","BANKA_BURN_BIT_39",430880,"Parametric","",0,1,"",0,0,0,0,1,0,5.80407,***
"eFUSE_burn_readmargin","BANKA_BIT_BLOWN_TRUE_39",431360,"Parametric","",1,1,"",1,1,1,0,1,0,5.80407,***
"eFUSE_burn_readmargin","BANKA_READMARGIN_BIT_40",430410,"Parametric","",0,1,"",0,0,0,0,1,0,5.80407,***
"eFUSE_burn_readmargin","BANKA_BURN_BIT_40",430890,"Parametric","",0,1,"",1,1,1,0,1,0,5.80407,***
"eFUSE_burn_readmargin","BANKA_BIT_BLOWN_TRUE_40",431370,"Parametric","",1,1,"",0,0,0,0,0,1,5.80407,***
"eFUSE_burn_readmargin","BANKA_READMARGIN_BIT_41",430420,"Parametric","",0,1,"",0,0,0,0,1,0,5.80407,***
"eFUSE_burn_readmargin","BANKA_BURN_BIT_41",430900,"Parametric","",0,1,"",1,1,1,0,1,0,5.80407,***
"eFUSE_burn_readmargin","BANKA_BIT_BLOWN_TRUE_41",431380,"Parametric","",1,1,"",0,0,0,0,0,1,5.80407,***
"eFUSE_burn_readmargin","BANKA_READMARGIN_BIT_42",430430,"Parametric","",0,1,"",0,0,0,0,1,0,5.80407,***
"eFUSE_burn_readmargin","BANKA_BURN_BIT_42",430910,"Parametric","",0,1,"",1,1,1,0,1,0,5.80407,***
"eFUSE_burn_readmargin","BANKA_BIT_BLOWN_TRUE_42",431390,"Parametric","",1,1,"",0,0,0,0,0,1,5.80407,***
"eFUSE_burn_readmargin","BANKA_READMARGIN_BIT_43",430440,"Parametric","",0,1,"",0,0,0,0,1,0,5.80407,***
"eFUSE_burn_readmargin","BANKA_BURN_BIT_43",430920,"Parametric","",0,1,"",0,0,0,0,1,0,5.80407,***
"eFUSE_burn_readmargin","BANKA_BIT_BLOWN_TRUE_43",431400,"Parametric","",1,1,"",1,1,1,0,1,0,5.80407,***
"eFUSE_burn_readmargin","BANKA_READMARGIN_BIT_44",430450,"Parametric","",0,1,"",0,0,0,0,1,0,5.80407,***
"eFUSE_burn_readmargin","BANKA_BURN_BIT_44",430930,"Parametric","",0,1,"",1,1,1,0,1,0,5.80407,***
"eFUSE_burn_readmargin","BANKA_BIT_BLOWN_TRUE_44",431410,"Parametric","",1,1,"",0,0,0,0,0,1,5.80407,***
"eFUSE_burn_readmargin","BANKA_READMARGIN_BIT_45",430460,"Parametric","",0,1,"",0,0,0,0,1,0,5.80407,***
"eFUSE_burn_readmargin","BANKA_BURN_BIT_45",430940,"Parametric","",0,1,"",0,0,0,0,1,0,5.80407,***
"eFUSE_burn_readmargin","BANKA_BIT_BLOWN_TRUE_45",431420,"Parametric","",1,1,"",1,1,1,0,1,0,5.80407,***
"eFUSE_burn_readmargin","BANKA_READMARGIN_BIT_46",430470,"Parametric","",0,1,"",0,0,0,0,1,0,5.80407,***
"eFUSE_burn_readmargin","BANKA_BURN_BIT_46",430950,"Parametric","",0,1,"",1,1,1,0,1,0,5.80407,***
"eFUSE_burn_readmargin","BANKA_BIT_BLOWN_TRUE_46",431430,"Parametric","",1,1,"",0,0,0,0,0,1,5.80407,***
"eFUSE_burn_readmargin","BANKA_READMARGIN_BIT_47",430480,"Parametric","",0,1,"",0,0,0,0,1,0,5.80407,***
"eFUSE_burn_readmargin","BANKA_BURN_BIT_47",430960,"Parametric","",0,1,"",1,1,1,0,1,0,5.80407,***
"eFUSE_burn_readmargin","BANKA_BIT_BLOWN_TRUE_47",431440,"Parametric","",1,1,"",0,0,0,0,0,1,5.80407,***
"eFUSE_burn_readmargin","BANKB_READMARGIN_BIT_0",431450,"Parametric","",0,1,"",0,0,0,0,1,0,5.80407,***
"eFUSE_burn_readmargin","BANKB_BURN_BIT_0",431930,"Parametric","",0,1,"",0,0,0,0,1,0,5.80407,***
"eFUSE_burn_readmargin","BANKB_BIT_BLOWN_TRUE_0",432410,"Parametric","",1,1,"",1,1,1,0,1,0,5.80407,***
"eFUSE_burn_readmargin","BANKB_READMARGIN_BIT_1",431460,"Parametric","",0,1,"",0,0,0,0,1,0,5.80407,***
"eFUSE_burn_readmargin","BANKB_BURN_BIT_1",431940,"Parametric","",0,1,"",0,0,0,0,1,0,5.80407,***
"eFUSE_burn_readmargin","BANKB_BIT_BLOWN_TRUE_1",432420,"Parametric","",1,1,"",1,1,1,0,1,0,5.80407,***
"eFUSE_burn_readmargin","BANKB_READMARGIN_BIT_2",431470,"Parametric","",0,1,"",0,0,0,0,1,0,5.80407,***
"eFUSE_burn_readmargin","BANKB_BURN_BIT_2",431950,"Parametric","",0,1,"",0,0,0,0,1,0,5.80407,***
"eFUSE_burn_readmargin","BANKB_BIT_BLOWN_TRUE_2",432430,"Parametric","",1,1,"",1,1,1,0,1,0,5.80407,***
"eFUSE_burn_readmargin","BANKB_READMARGIN_BIT_3",431480,"Parametric","",0,1,"",0,0,0,0,1,0,5.80407,***
"eFUSE_burn_readmargin","BANKB_BURN_BIT_3",431960,"Parametric","",0,1,"",0,0,0,0,1,0,5.80407,***
"eFUSE_burn_readmargin","BANKB_BIT_BLOWN_TRUE_3",432440,"Parametric","",1,1,"",1,1,1,0,1,0,5.80407,***
"eFUSE_burn_readmargin","BANKB_READMARGIN_BIT_4",431490,"Parametric","",0,1,"",0,0,0,0,1,0,5.80407,***
"eFUSE_burn_readmargin","BANKB_BURN_BIT_4",431970,"Parametric","",0,1,"",0,0,0,0,1,0,5.80407,***
"eFUSE_burn_readmargin","BANKB_BIT_BLOWN_TRUE_4",432450,"Parametric","",1,1,"",1,1,1,0,1,0,5.80407,***
"eFUSE_burn_readmargin","BANKB_READMARGIN_BIT_5",431500,"Parametric","",0,1,"",0,0,0,0,1,0,5.80407,***
"eFUSE_burn_readmargin","BANKB_BURN_BIT_5",431980,"Parametric","",0,1,"",0,0,0,0,1,0,5.80407,***
"eFUSE_burn_readmargin","BANKB_BIT_BLOWN_TRUE_5",432460,"Parametric","",1,1,"",1,1,1,0,1,0,5.80407,***
"eFUSE_burn_readmargin","BANKB_READMARGIN_BIT_6",431510,"Parametric","",0,1,"",0,0,0,0,1,0,5.80407,***
"eFUSE_burn_readmargin","BANKB_BURN_BIT_6",431990,"Parametric","",0,1,"",0,0,0,0,1,0,5.80407,***
"eFUSE_burn_readmargin","BANKB_BIT_BLOWN_TRUE_6",432470,"Parametric","",1,1,"",1,1,1,0,1,0,5.80407,***
"eFUSE_burn_readmargin","BANKB_READMARGIN_BIT_7",431520,"Parametric","",0,1,"",0,0,0,0,1,0,5.80407,***
"eFUSE_burn_readmargin","BANKB_BURN_BIT_7",432000,"Parametric","",0,1,"",0,0,0,0,1,0,5.80407,***
"eFUSE_burn_readmargin","BANKB_BIT_BLOWN_TRUE_7",432480,"Parametric","",1,1,"",1,1,1,0,1,0,5.80407,***
"eFUSE_burn_readmargin","BANKB_READMARGIN_BIT_8",431530,"Parametric","",0,1,"",0,0,0,0,1,0,5.80407,***
"eFUSE_burn_readmargin","BANKB_BURN_BIT_8",432010,"Parametric","",0,1,"",0,0,0,0,1,0,5.80407,***
"eFUSE_burn_readmargin","BANKB_BIT_BLOWN_TRUE_8",432490,"Parametric","",1,1,"",1,1,1,0,1,0,5.80407,***
"eFUSE_burn_readmargin","BANKB_READMARGIN_BIT_9",431540,"Parametric","",0,1,"",0,0,0,0,1,0,5.80407,***
"eFUSE_burn_readmargin","BANKB_BURN_BIT_9",432020,"Parametric","",0,1,"",0,0,0,0,1,0,5.80407,***
"eFUSE_burn_readmargin","BANKB_BIT_BLOWN_TRUE_9",432500,"Parametric","",1,1,"",1,1,1,0,1,0,5.80407,***
"eFUSE_burn_readmargin","BANKB_READMARGIN_BIT_10",431550,"Parametric","",0,1,"",0,0,0,0,1,0,5.80407,***
"eFUSE_burn_readmargin","BANKB_BURN_BIT_10",432030,"Parametric","",0,1,"",0,0,0,0,1,0,5.80407,***
"eFUSE_burn_readmargin","BANKB_BIT_BLOWN_TRUE_10",432510,"Parametric","",1,1,"",1,1,1,0,1,0,5.80407,***
"eFUSE_burn_readmargin","BANKB_READMARGIN_BIT_11",431560,"Parametric","",0,1,"",0,0,0,0,1,0,5.80407,***
"eFUSE_burn_readmargin","BANKB_BURN_BIT_11",432040,"Parametric","",0,1,"",0,0,0,0,1,0,5.80407,***
"eFUSE_burn_readmargin","BANKB_BIT_BLOWN_TRUE_11",432520,"Parametric","",1,1,"",1,1,1,0,1,0,5.80407,***
"eFUSE_burn_readmargin","BANKB_READMARGIN_BIT_12",431570,"Parametric","",0,1,"",0,0,0,0,1,0,5.80407,***
"eFUSE_burn_readmargin","BANKB_BURN_BIT_12",432050,"Parametric","",0,1,"",1,1,1,0,1,0,5.80407,***
"eFUSE_burn_readmargin","BANKB_BIT_BLOWN_TRUE_12",432530,"Parametric","",1,1,"",0,0,0,0,0,1,5.80407,***
"eFUSE_burn_readmargin","BANKB_READMARGIN_BIT_13",431580,"Parametric","",0,1,"",0,0,0,0,1,0,5.80407,***
"eFUSE_burn_readmargin","BANKB_BURN_BIT_13",432060,"Parametric","",0,1,"",0,0,0,0,1,0,5.80407,***
"eFUSE_burn_readmargin","BANKB_BIT_BLOWN_TRUE_13",432540,"Parametric","",1,1,"",1,1,1,0,1,0,5.80407,***
"eFUSE_burn_readmargin","BANKB_READMARGIN_BIT_14",431590,"Parametric","",0,1,"",0,0,0,0,1,0,5.80407,***
"eFUSE_burn_readmargin","BANKB_BURN_BIT_14",432070,"Parametric","",0,1,"",1,1,1,0,1,0,5.80407,***
"eFUSE_burn_readmargin","BANKB_BIT_BLOWN_TRUE_14",432550,"Parametric","",1,1,"",0,0,0,0,0,1,5.80407,***
"eFUSE_burn_readmargin","BANKB_READMARGIN_BIT_15",431600,"Parametric","",0,1,"",0,0,0,0,1,0,5.80407,***
"eFUSE_burn_readmargin","BANKB_BURN_BIT_15",432080,"Parametric","",0,1,"",0,0,0,0,1,0,5.80407,***
"eFUSE_burn_readmargin","BANKB_BIT_BLOWN_TRUE_15",432560,"Parametric","",1,1,"",1,1,1,0,1,0,5.80407,***
"eFUSE_burn_readmargin","BANKB_READMARGIN_BIT_16",431610,"Parametric","",0,1,"",0,0,0,0,1,0,5.80407,***
"eFUSE_burn_readmargin","BANKB_BURN_BIT_16",432090,"Parametric","",0,1,"",0,0,0,0,1,0,5.80407,***
"eFUSE_burn_readmargin","BANKB_BIT_BLOWN_TRUE_16",432570,"Parametric","",1,1,"",1,1,1,0,1,0,5.80407,***
"eFUSE_burn_readmargin","BANKB_READMARGIN_BIT_17",431620,"Parametric","",0,1,"",0,0,0,0,1,0,5.80407,***
"eFUSE_burn_readmargin","BANKB_BURN_BIT_17",432100,"Parametric","",0,1,"",0,0,0,0,1,0,5.80407,***
"eFUSE_burn_readmargin","BANKB_BIT_BLOWN_TRUE_17",432580,"Parametric","",1,1,"",1,1,1,0,1,0,5.80407,***
"eFUSE_burn_readmargin","BANKB_READMARGIN_BIT_18",431630,"Parametric","",0,1,"",0,0,0,0,1,0,5.80407,***
"eFUSE_burn_readmargin","BANKB_BURN_BIT_18",432110,"Parametric","",0,1,"",1,1,1,0,1,0,5.80407,***
"eFUSE_burn_readmargin","BANKB_BIT_BLOWN_TRUE_18",432590,"Parametric","",1,1,"",0,0,0,0,0,1,5.80407,***
"eFUSE_burn_readmargin","BANKB_READMARGIN_BIT_19",431640,"Parametric","",0,1,"",0,0,0,0,1,0,5.80407,***
"eFUSE_burn_readmargin","BANKB_BURN_BIT_19",432120,"Parametric","",0,1,"",0,0,0,0,1,0,5.80407,***
"eFUSE_burn_readmargin","BANKB_BIT_BLOWN_TRUE_19",432600,"Parametric","",1,1,"",1,1,1,0,1,0,5.80407,***
"eFUSE_burn_readmargin","BANKB_READMARGIN_BIT_20",431650,"Parametric","",0,1,"",0,0,0,0,1,0,5.80407,***
"eFUSE_burn_readmargin","BANKB_BURN_BIT_20",432130,"Parametric","",0,1,"",0,0,0,0,1,0,5.80407,***
"eFUSE_burn_readmargin","BANKB_BIT_BLOWN_TRUE_20",432610,"Parametric","",1,1,"",1,1,1,0,1,0,5.80407,***
"eFUSE_burn_readmargin","BANKB_READMARGIN_BIT_21",431660,"Parametric","",0,1,"",0,0,0,0,1,0,5.80407,***
"eFUSE_burn_readmargin","BANKB_BURN_BIT_21",432140,"Parametric","",0,1,"",0,0,0,0,1,0,5.80407,***
"eFUSE_burn_readmargin","BANKB_BIT_BLOWN_TRUE_21",432620,"Parametric","",1,1,"",1,1,1,0,1,0,5.80407,***
"eFUSE_burn_readmargin","BANKB_READMARGIN_BIT_22",431670,"Parametric","",0,1,"",0,0,0,0,1,0,5.80407,***
"eFUSE_burn_readmargin","BANKB_BURN_BIT_22",432150,"Parametric","",0,1,"",0,0,0,0,1,0,5.80407,***
"eFUSE_burn_readmargin","BANKB_BIT_BLOWN_TRUE_22",432630,"Parametric","",1,1,"",1,1,1,0,1,0,5.80407,***
"eFUSE_burn_readmargin","BANKB_READMARGIN_BIT_23",431680,"Parametric","",0,1,"",0,0,0,0,1,0,5.80407,***
"eFUSE_burn_readmargin","BANKB_BURN_BIT_23",432160,"Parametric","",0,1,"",0,0,0,0,1,0,5.80407,***
"eFUSE_burn_readmargin","BANKB_BIT_BLOWN_TRUE_23",432640,"Parametric","",1,1,"",1,1,1,0,1,0,5.80407,***
"eFUSE_burn_readmargin","BANKB_READMARGIN_BIT_24",431690,"Parametric","",0,1,"",0,0,0,0,1,0,5.80407,***
"eFUSE_burn_readmargin","BANKB_BURN_BIT_24",432170,"Parametric","",0,1,"",1,1,1,0,1,0,5.80407,***
"eFUSE_burn_readmargin","BANKB_BIT_BLOWN_TRUE_24",432650,"Parametric","",1,1,"",0,0,0,0,0,1,5.80407,***
"eFUSE_burn_readmargin","BANKB_READMARGIN_BIT_25",431700,"Parametric","",0,1,"",0,0,0,0,1,0,5.80407,***
"eFUSE_burn_readmargin","BANKB_BURN_BIT_25",432180,"Parametric","",0,1,"",1,1,1,0,1,0,5.80407,***
"eFUSE_burn_readmargin","BANKB_BIT_BLOWN_TRUE_25",432660,"Parametric","",1,1,"",0,0,0,0,0,1,5.80407,***
"eFUSE_burn_readmargin","BANKB_READMARGIN_BIT_26",431710,"Parametric","",0,1,"",0,0,0,0,1,0,5.80407,***
"eFUSE_burn_readmargin","BANKB_BURN_BIT_26",432190,"Parametric","",0,1,"",0,0,0,0,1,0,5.80407,***
"eFUSE_burn_readmargin","BANKB_BIT_BLOWN_TRUE_26",432670,"Parametric","",1,1,"",1,1,1,0,1,0,5.80407,***
"eFUSE_burn_readmargin","BANKB_READMARGIN_BIT_27",431720,"Parametric","",0,1,"",0,0,0,0,1,0,5.80407,***
"eFUSE_burn_readmargin","BANKB_BURN_BIT_27",432200,"Parametric","",0,1,"",1,1,1,0,1,0,5.80407,***
"eFUSE_burn_readmargin","BANKB_BIT_BLOWN_TRUE_27",432680,"Parametric","",1,1,"",0,0,0,0,0,1,5.80407,***
"eFUSE_burn_readmargin","BANKB_READMARGIN_BIT_28",431730,"Parametric","",0,1,"",0,0,0,0,1,0,5.80407,***
"eFUSE_burn_readmargin","BANKB_BURN_BIT_28",432210,"Parametric","",0,1,"",0,0,0,0,1,0,5.80407,***
"eFUSE_burn_readmargin","BANKB_BIT_BLOWN_TRUE_28",432690,"Parametric","",1,1,"",1,1,1,0,1,0,5.80407,***
"eFUSE_burn_readmargin","BANKB_READMARGIN_BIT_29",431740,"Parametric","",0,1,"",0,0,0,0,1,0,5.80407,***
"eFUSE_burn_readmargin","BANKB_BURN_BIT_29",432220,"Parametric","",0,1,"",1,1,1,0,1,0,5.80407,***
"eFUSE_burn_readmargin","BANKB_BIT_BLOWN_TRUE_29",432700,"Parametric","",1,1,"",0,0,0,0,0,1,5.80407,***
"eFUSE_burn_readmargin","BANKB_READMARGIN_BIT_30",431750,"Parametric","",0,1,"",0,0,0,0,1,0,5.80407,***
"eFUSE_burn_readmargin","BANKB_BURN_BIT_30",432230,"Parametric","",0,1,"",0,0,0,0,1,0,5.80407,***
"eFUSE_burn_readmargin","BANKB_BIT_BLOWN_TRUE_30",432710,"Parametric","",1,1,"",1,1,1,0,1,0,5.80407,***
"eFUSE_burn_readmargin","BANKB_READMARGIN_BIT_31",431760,"Parametric","",0,1,"",0,0,0,0,1,0,5.80407,***
"eFUSE_burn_readmargin","BANKB_BURN_BIT_31",432240,"Parametric","",0,1,"",1,1,1,0,1,0,5.80407,***
"eFUSE_burn_readmargin","BANKB_BIT_BLOWN_TRUE_31",432720,"Parametric","",1,1,"",0,0,0,0,0,1,5.80407,***
"eFUSE_burn_readmargin","BANKB_READMARGIN_BIT_32",431770,"Parametric","",0,1,"",0,0,0,0,1,0,5.80407,***
"eFUSE_burn_readmargin","BANKB_BURN_BIT_32",432250,"Parametric","",0,1,"",0,0,0,0,1,0,5.80407,***
"eFUSE_burn_readmargin","BANKB_BIT_BLOWN_TRUE_32",432730,"Parametric","",1,1,"",1,1,1,0,1,0,5.80407,***
"eFUSE_burn_readmargin","BANKB_READMARGIN_BIT_33",431780,"Parametric","",0,1,"",0,0,0,0,1,0,5.80407,***
"eFUSE_burn_readmargin","BANKB_BURN_BIT_33",432260,"Parametric","",0,1,"",0,0,0,0,1,0,5.80407,***
"eFUSE_burn_readmargin","BANKB_BIT_BLOWN_TRUE_33",432740,"Parametric","",1,1,"",1,1,1,0,1,0,5.80407,***
"eFUSE_burn_readmargin","BANKB_READMARGIN_BIT_34",431790,"Parametric","",0,1,"",0,0,0,0,1,0,5.80407,***
"eFUSE_burn_readmargin","BANKB_BURN_BIT_34",432270,"Parametric","",0,1,"",0,0,0,0,1,0,5.80407,***
"eFUSE_burn_readmargin","BANKB_BIT_BLOWN_TRUE_34",432750,"Parametric","",1,1,"",1,1,1,0,1,0,5.80407,***
"eFUSE_burn_readmargin","BANKB_READMARGIN_BIT_35",431800,"Parametric","",0,1,"",0,0,0,0,1,0,5.80407,***
"eFUSE_burn_readmargin","BANKB_BURN_BIT_35",432280,"Parametric","",0,1,"",0,0,0,0,1,0,5.80407,***
"eFUSE_burn_readmargin","BANKB_BIT_BLOWN_TRUE_35",432760,"Parametric","",1,1,"",1,1,1,0,1,0,5.80407,***
"eFUSE_burn_readmargin","BANKB_READMARGIN_BIT_36",431810,"Parametric","",0,1,"",0,0,0,0,1,0,5.80407,***
"eFUSE_burn_readmargin","BANKB_BURN_BIT_36",432290,"Parametric","",0,1,"",1,1,1,0,1,0,5.80407,***
"eFUSE_burn_readmargin","BANKB_BIT_BLOWN_TRUE_36",432770,"Parametric","",1,1,"",0,0,0,0,0,1,5.80407,***
"eFUSE_burn_readmargin","BANKB_READMARGIN_BIT_37",431820,"Parametric","",0,1,"",0,0,0,0,1,0,5.80407,***
"eFUSE_burn_readmargin","BANKB_BURN_BIT_37",432300,"Parametric","",0,1,"",0,0,0,0,1,0,5.80407,***
"eFUSE_burn_readmargin","BANKB_BIT_BLOWN_TRUE_37",432780,"Parametric","",1,1,"",1,1,1,0,1,0,5.80407,***
"eFUSE_burn_readmargin","BANKB_READMARGIN_BIT_38",431830,"Parametric","",0,1,"",0,0,0,0,1,0,5.80407,***
"eFUSE_burn_readmargin","BANKB_BURN_BIT_38",432310,"Parametric","",0,1,"",0,0,0,0,1,0,5.80407,***
"eFUSE_burn_readmargin","BANKB_BIT_BLOWN_TRUE_38",432790,"Parametric","",1,1,"",1,1,1,0,1,0,5.80407,***
"eFUSE_burn_readmargin","BANKB_READMARGIN_BIT_39",431840,"Parametric","",0,1,"",0,0,0,0,1,0,5.80407,***
"eFUSE_burn_readmargin","BANKB_BURN_BIT_39",432320,"Parametric","",0,1,"",0,0,0,0,1,0,5.80407,***
"eFUSE_burn_readmargin","BANKB_BIT_BLOWN_TRUE_39",432800,"Parametric","",1,1,"",1,1,1,0,1,0,5.80407,***
"eFUSE_burn_readmargin","BANKB_READMARGIN_BIT_40",431850,"Parametric","",0,1,"",0,0,0,0,1,0,5.80407,***
"eFUSE_burn_readmargin","BANKB_BURN_BIT_40",432330,"Parametric","",0,1,"",1,1,1,0,1,0,5.80407,***
"eFUSE_burn_readmargin","BANKB_BIT_BLOWN_TRUE_40",432810,"Parametric","",1,1,"",0,0,0,0,0,1,5.80407,***
"eFUSE_burn_readmargin","BANKB_READMARGIN_BIT_41",431860,"Parametric","",0,1,"",0,0,0,0,1,0,5.80407,***
"eFUSE_burn_readmargin","BANKB_BURN_BIT_41",432340,"Parametric","",0,1,"",1,1,1,0,1,0,5.80407,***
"eFUSE_burn_readmargin","BANKB_BIT_BLOWN_TRUE_41",432820,"Parametric","",1,1,"",0,0,0,0,0,1,5.80407,***
"eFUSE_burn_readmargin","BANKB_READMARGIN_BIT_42",431870,"Parametric","",0,1,"",0,0,0,0,1,0,5.80407,***
"eFUSE_burn_readmargin","BANKB_BURN_BIT_42",432350,"Parametric","",0,1,"",1,1,1,0,1,0,5.80407,***
"eFUSE_burn_readmargin","BANKB_BIT_BLOWN_TRUE_42",432830,"Parametric","",1,1,"",0,0,0,0,0,1,5.80407,***
"eFUSE_burn_readmargin","BANKB_READMARGIN_BIT_43",431880,"Parametric","",0,1,"",0,0,0,0,1,0,5.80407,***
"eFUSE_burn_readmargin","BANKB_BURN_BIT_43",432360,"Parametric","",0,1,"",0,0,0,0,1,0,5.80407,***
"eFUSE_burn_readmargin","BANKB_BIT_BLOWN_TRUE_43",432840,"Parametric","",1,1,"",1,1,1,0,1,0,5.80407,***
"eFUSE_burn_readmargin","BANKB_READMARGIN_BIT_44",431890,"Parametric","",0,1,"",0,0,0,0,1,0,5.80407,***
"eFUSE_burn_readmargin","BANKB_BURN_BIT_44",432370,"Parametric","",0,1,"",1,1,1,0,1,0,5.80407,***
"eFUSE_burn_readmargin","BANKB_BIT_BLOWN_TRUE_44",432850,"Parametric","",1,1,"",0,0,0,0,0,1,5.80407,***
"eFUSE_burn_readmargin","BANKB_READMARGIN_BIT_45",431900,"Parametric","",0,1,"",0,0,0,0,1,0,5.80407,***
"eFUSE_burn_readmargin","BANKB_BURN_BIT_45",432380,"Parametric","",0,1,"",0,0,0,0,1,0,5.80407,***
"eFUSE_burn_readmargin","BANKB_BIT_BLOWN_TRUE_45",432860,"Parametric","",1,1,"",1,1,1,0,1,0,5.80407,***
"eFUSE_burn_readmargin","BANKB_READMARGIN_BIT_46",431910,"Parametric","",0,1,"",0,0,0,0,1,0,5.80407,***
"eFUSE_burn_readmargin","BANKB_BURN_BIT_46",432390,"Parametric","",0,1,"",1,1,1,0,1,0,5.80407,***
"eFUSE_burn_readmargin","BANKB_BIT_BLOWN_TRUE_46",432870,"Parametric","",1,1,"",0,0,0,0,0,1,5.80407,***
"eFUSE_burn_readmargin","BANKB_READMARGIN_BIT_47",431920,"Parametric","",0,1,"",0,0,0,0,1,0,5.80407,***
"eFUSE_burn_readmargin","BANKB_BURN_BIT_47",432400,"Parametric","",0,1,"",1,1,1,0,1,0,5.80407,***
"eFUSE_burn_readmargin","BANKB_BIT_BLOWN_TRUE_47",432880,"Parametric","",1,1,"",0,0,0,0,0,1,5.80407,***
"POST_BURN_PASS_FET_LEAKAGE","POST_Forward_Leakage_FET",470030,"Parametric","",-20,20,"nA",-11,-11,-11,0,1,0,0.104294,***
"POST_BURN_PASS_FET_LEAKAGE","POST_Reverse_Leakage_FET",470040,"Parametric","",-20,20,"nA",-15,-15,-15,0,1,0,0.104294,***
"POST_BURN_PASS_FET_LEAKAGE","Delta_Forward_Leakage_FET",470050,"Parametric","",-20,20,"nA",-10,-10,-10,0,1,0,0.104294,***
"POST_BURN_PASS_FET_LEAKAGE","Delta_Reverse_Leakage_FET",470060,"Parametric","",-20,20,"nA",-9,-9,-9,0,1,0,0.104294,***
"POST_EFUSE_RESISTANCE","POST_BANKA_EFUSE_RESISTANCE_BIT47",490001,"Parametric","",65,85000,"ohms",79.6,79.6,79.6,0,1,0,6.50097,***
"POST_EFUSE_RESISTANCE","POST_BANKA_EFUSE_RESISTANCE_BIT46",490002,"Parametric","",65,85000,"ohms",79.6,79.6,79.6,0,1,0,6.50097,***
"POST_EFUSE_RESISTANCE","POST_BANKA_EFUSE_RESISTANCE_BIT45",490003,"Parametric","",65,85000,"ohms",79.6,79.6,79.6,0,1,0,6.50097,***
"POST_EFUSE_RESISTANCE","POST_BANKA_EFUSE_RESISTANCE_BIT44",490004,"Parametric","",65,85000,"ohms",79.6,79.6,79.6,0,1,0,6.50097,***
"POST_EFUSE_RESISTANCE","POST_BANKA_EFUSE_RESISTANCE_BIT43",490005,"Parametric","",65,85000,"ohms",79.6,79.6,79.6,0,1,0,6.50097,***
"POST_EFUSE_RESISTANCE","POST_BANKA_EFUSE_RESISTANCE_BIT42",490006,"Parametric","",65,85000,"ohms",79.6,79.6,79.6,0,1,0,6.50097,***
"POST_EFUSE_RESISTANCE","POST_BANKA_EFUSE_RESISTANCE_BIT41",490007,"Parametric","",65,85000,"ohms",79.6,79.6,79.6,0,1,0,6.50097,***
"POST_EFUSE_RESISTANCE","POST_BANKA_EFUSE_RESISTANCE_BIT40",490008,"Parametric","",65,85000,"ohms",79.6,79.6,79.6,0,1,0,6.50097,***
"POST_EFUSE_RESISTANCE","POST_BANKA_EFUSE_RESISTANCE_BIT39",490009,"Parametric","",65,85000,"ohms",79.6,79.6,79.6,0,1,0,6.50097,***
"POST_EFUSE_RESISTANCE","POST_BANKA_EFUSE_RESISTANCE_BIT38",490010,"Parametric","",65,85000,"ohms",79.6,79.6,79.6,0,1,0,6.50097,***
"POST_EFUSE_RESISTANCE","POST_BANKA_EFUSE_RESISTANCE_BIT37",490011,"Parametric","",65,85000,"ohms",79.6,79.6,79.6,0,1,0,6.50097,***
"POST_EFUSE_RESISTANCE","POST_BANKA_EFUSE_RESISTANCE_BIT36",490012,"Parametric","",65,85000,"ohms",79.6,79.6,79.6,0,1,0,6.50097,***
"POST_EFUSE_RESISTANCE","POST_BANKA_EFUSE_RESISTANCE_BIT35",490013,"Parametric","",65,85000,"ohms",91,91,91,0,1,0,6.50097,***
"POST_EFUSE_RESISTANCE","POST_BANKA_EFUSE_RESISTANCE_BIT34",490014,"Parametric","",65,85000,"ohms",79.6,79.6,79.6,0,1,0,6.50097,***
"POST_EFUSE_RESISTANCE","POST_BANKA_EFUSE_RESISTANCE_BIT33",490015,"Parametric","",65,85000,"ohms",79.6,79.6,79.6,0,1,0,6.50097,***
"POST_EFUSE_RESISTANCE","POST_BANKA_EFUSE_RESISTANCE_BIT32",490016,"Parametric","",65,85000,"ohms",79.6,79.6,79.6,0,1,0,6.50097,***
"POST_EFUSE_RESISTANCE","POST_BANKA_EFUSE_RESISTANCE_BIT31",490017,"Parametric","",65,85000,"ohms",79.6,79.6,79.6,0,1,0,6.50097,***
"POST_EFUSE_RESISTANCE","POST_BANKA_EFUSE_RESISTANCE_BIT30",490018,"Parametric","",65,85000,"ohms",79.6,79.6,79.6,0,1,0,6.50097,***
"POST_EFUSE_RESISTANCE","POST_BANKA_EFUSE_RESISTANCE_BIT29",490019,"Parametric","",65,85000,"ohms",91,91,91,0,1,0,6.50097,***
"POST_EFUSE_RESISTANCE","POST_BANKA_EFUSE_RESISTANCE_BIT28",490020,"Parametric","",65,85000,"ohms",79.6,79.6,79.6,0,1,0,6.50097,***
"POST_EFUSE_RESISTANCE","POST_BANKA_EFUSE_RESISTANCE_BIT27",490021,"Parametric","",65,85000,"ohms",79.6,79.6,79.6,0,1,0,6.50097,***
"POST_EFUSE_RESISTANCE","POST_BANKA_EFUSE_RESISTANCE_BIT26",490022,"Parametric","",65,85000,"ohms",79.6,79.6,79.6,0,1,0,6.50097,***
"POST_EFUSE_RESISTANCE","POST_BANKA_EFUSE_RESISTANCE_BIT25",490023,"Parametric","",65,85000,"ohms",79.6,79.6,79.6,0,1,0,6.50097,***
"POST_EFUSE_RESISTANCE","POST_BANKA_EFUSE_RESISTANCE_BIT24",490024,"Parametric","",65,85000,"ohms",79.6,79.6,79.6,0,1,0,6.50097,***
"POST_EFUSE_RESISTANCE","POST_BANKA_EFUSE_RESISTANCE_BIT23",490025,"Parametric","",65,85000,"ohms",79.6,79.6,79.6,0,1,0,6.50097,***
"POST_EFUSE_RESISTANCE","POST_BANKA_EFUSE_RESISTANCE_BIT22",490026,"Parametric","",65,85000,"ohms",79.6,79.6,79.6,0,1,0,6.50097,***
"POST_EFUSE_RESISTANCE","POST_BANKA_EFUSE_RESISTANCE_BIT21",490027,"Parametric","",65,85000,"ohms",79.6,79.6,79.6,0,1,0,6.50097,***
"POST_EFUSE_RESISTANCE","POST_BANKA_EFUSE_RESISTANCE_BIT20",490028,"Parametric","",65,85000,"ohms",79.6,79.6,79.6,0,1,0,6.50097,***
"POST_EFUSE_RESISTANCE","POST_BANKA_EFUSE_RESISTANCE_BIT19",490029,"Parametric","",65,85000,"ohms",91,91,91,0,1,0,6.50097,***
"POST_EFUSE_RESISTANCE","POST_BANKA_EFUSE_RESISTANCE_BIT18",490030,"Parametric","",65,85000,"ohms",91,91,91,0,1,0,6.50097,***
"POST_EFUSE_RESISTANCE","POST_BANKA_EFUSE_RESISTANCE_BIT17",490031,"Parametric","",65,85000,"ohms",79.6,79.6,79.6,0,1,0,6.50097,***
"POST_EFUSE_RESISTANCE","POST_BANKA_EFUSE_RESISTANCE_BIT16",490032,"Parametric","",65,85000,"ohms",79.6,79.6,79.6,0,1,0,6.50097,***
"POST_EFUSE_RESISTANCE","POST_BANKA_EFUSE_RESISTANCE_BIT15",490033,"Parametric","",65,85000,"ohms",79.6,79.6,79.6,0,1,0,6.50097,***
"POST_EFUSE_RESISTANCE","POST_BANKA_EFUSE_RESISTANCE_BIT14",490034,"Parametric","",65,85000,"ohms",79.6,79.6,79.6,0,1,0,6.50097,***
"POST_EFUSE_RESISTANCE","POST_BANKA_EFUSE_RESISTANCE_BIT13",490035,"Parametric","",65,85000,"ohms",91,91,91,0,1,0,6.50097,***
"POST_EFUSE_RESISTANCE","POST_BANKA_EFUSE_RESISTANCE_BIT12",490036,"Parametric","",65,85000,"ohms",79.6,79.6,79.6,0,1,0,6.50097,***
"POST_EFUSE_RESISTANCE","POST_BANKA_EFUSE_RESISTANCE_BIT11",490037,"Parametric","",65,85000,"ohms",79.6,79.6,79.6,0,1,0,6.50097,***
"POST_EFUSE_RESISTANCE","POST_BANKA_EFUSE_RESISTANCE_BIT10",490038,"Parametric","",65,85000,"ohms",79.6,79.6,79.6,0,1,0,6.50097,***
"POST_EFUSE_RESISTANCE","POST_BANKA_EFUSE_RESISTANCE_BIT9",490039,"Parametric","",65,85000,"ohms",79.6,79.6,79.6,0,1,0,6.50097,***
"POST_EFUSE_RESISTANCE","POST_BANKA_EFUSE_RESISTANCE_BIT8",490040,"Parametric","",65,85000,"ohms",79.6,79.6,79.6,0,1,0,6.50097,***
"POST_EFUSE_RESISTANCE","POST_BANKA_EFUSE_RESISTANCE_BIT7",490041,"Parametric","",65,85000,"ohms",79.6,79.6,79.6,0,1,0,6.50097,***
"POST_EFUSE_RESISTANCE","POST_BANKA_EFUSE_RESISTANCE_BIT6",490042,"Parametric","",65,85000,"ohms",91,91,91,0,1,0,6.50097,***
"POST_EFUSE_RESISTANCE","POST_BANKA_EFUSE_RESISTANCE_BIT5",490043,"Parametric","",65,85000,"ohms",79.6,79.6,79.6,0,1,0,6.50097,***
"POST_EFUSE_RESISTANCE","POST_BANKA_EFUSE_RESISTANCE_BIT4",490044,"Parametric","",65,85000,"ohms",79.6,79.6,79.6,0,1,0,6.50097,***
"POST_EFUSE_RESISTANCE","POST_BANKA_EFUSE_RESISTANCE_BIT3",490045,"Parametric","",65,85000,"ohms",91,91,91,0,1,0,6.50097,***
"POST_EFUSE_RESISTANCE","POST_BANKA_EFUSE_RESISTANCE_BIT2",490046,"Parametric","",65,85000,"ohms",79.6,79.6,79.6,0,1,0,6.50097,***
"POST_EFUSE_RESISTANCE","POST_BANKA_EFUSE_RESISTANCE_BIT1",490047,"Parametric","",65,85000,"ohms",91,91,91,0,1,0,6.50097,***
"POST_EFUSE_RESISTANCE","POST_BANKA_EFUSE_RESISTANCE_BIT0",490048,"Parametric","",65,85000,"ohms",79.6,79.6,79.6,0,1,0,6.50097,***
"POST_EFUSE_RESISTANCE","POST_BANKB_EFUSE_RESISTANCE_BIT47",490049,"Parametric","",65,85000,"ohms",79.6,79.6,79.6,0,1,0,6.50097,***
"POST_EFUSE_RESISTANCE","POST_BANKB_EFUSE_RESISTANCE_BIT46",490050,"Parametric","",65,85000,"ohms",79.6,79.6,79.6,0,1,0,6.50097,***
"POST_EFUSE_RESISTANCE","POST_BANKB_EFUSE_RESISTANCE_BIT45",490051,"Parametric","",65,85000,"ohms",79.6,79.6,79.6,0,1,0,6.50097,***
"POST_EFUSE_RESISTANCE","POST_BANKB_EFUSE_RESISTANCE_BIT44",490052,"Parametric","",65,85000,"ohms",79.6,79.6,79.6,0,1,0,6.50097,***
"POST_EFUSE_RESISTANCE","POST_BANKB_EFUSE_RESISTANCE_BIT43",490053,"Parametric","",65,85000,"ohms",79.6,79.6,79.6,0,1,0,6.50097,***
"POST_EFUSE_RESISTANCE","POST_BANKB_EFUSE_RESISTANCE_BIT42",490054,"Parametric","",65,85000,"ohms",79.6,79.6,79.6,0,1,0,6.50097,***
"POST_EFUSE_RESISTANCE","POST_BANKB_EFUSE_RESISTANCE_BIT41",490055,"Parametric","",65,85000,"ohms",91,91,91,0,1,0,6.50097,***
"POST_EFUSE_RESISTANCE","POST_BANKB_EFUSE_RESISTANCE_BIT40",490056,"Parametric","",65,85000,"ohms",79.6,79.6,79.6,0,1,0,6.50097,***
"POST_EFUSE_RESISTANCE","POST_BANKB_EFUSE_RESISTANCE_BIT39",490057,"Parametric","",65,85000,"ohms",79.6,79.6,79.6,0,1,0,6.50097,***
"POST_EFUSE_RESISTANCE","POST_BANKB_EFUSE_RESISTANCE_BIT38",490058,"Parametric","",65,85000,"ohms",79.6,79.6,79.6,0,1,0,6.50097,***
"POST_EFUSE_RESISTANCE","POST_BANKB_EFUSE_RESISTANCE_BIT37",490059,"Parametric","",65,85000,"ohms",91,91,91,0,1,0,6.50097,***
"POST_EFUSE_RESISTANCE","POST_BANKB_EFUSE_RESISTANCE_BIT36",490060,"Parametric","",65,85000,"ohms",79.6,79.6,79.6,0,1,0,6.50097,***
"POST_EFUSE_RESISTANCE","POST_BANKB_EFUSE_RESISTANCE_BIT35",490061,"Parametric","",65,85000,"ohms",79.6,79.6,79.6,0,1,0,6.50097,***
"POST_EFUSE_RESISTANCE","POST_BANKB_EFUSE_RESISTANCE_BIT34",490062,"Parametric","",65,85000,"ohms",79.6,79.6,79.6,0,1,0,6.50097,***
"POST_EFUSE_RESISTANCE","POST_BANKB_EFUSE_RESISTANCE_BIT33",490063,"Parametric","",65,85000,"ohms",91,91,91,0,1,0,6.50097,***
"POST_EFUSE_RESISTANCE","POST_BANKB_EFUSE_RESISTANCE_BIT32",490064,"Parametric","",65,85000,"ohms",79.6,79.6,79.6,0,1,0,6.50097,***
"POST_EFUSE_RESISTANCE","POST_BANKB_EFUSE_RESISTANCE_BIT31",490065,"Parametric","",65,85000,"ohms",79.6,79.6,79.6,0,1,0,6.50097,***
"POST_EFUSE_RESISTANCE","POST_BANKB_EFUSE_RESISTANCE_BIT30",490066,"Parametric","",65,85000,"ohms",79.6,79.6,79.6,0,1,0,6.50097,***
"POST_EFUSE_RESISTANCE","POST_BANKB_EFUSE_RESISTANCE_BIT29",490067,"Parametric","",65,85000,"ohms",79.6,79.6,79.6,0,1,0,6.50097,***
"POST_EFUSE_RESISTANCE","POST_BANKB_EFUSE_RESISTANCE_BIT28",490068,"Parametric","",65,85000,"ohms",79.6,79.6,79.6,0,1,0,6.50097,***
"POST_EFUSE_RESISTANCE","POST_BANKB_EFUSE_RESISTANCE_BIT27",490069,"Parametric","",65,85000,"ohms",79.6,79.6,79.6,0,1,0,6.50097,***
"POST_EFUSE_RESISTANCE","POST_BANKB_EFUSE_RESISTANCE_BIT26",490070,"Parametric","",65,85000,"ohms",79.6,79.6,79.6,0,1,0,6.50097,***
"POST_EFUSE_RESISTANCE","POST_BANKB_EFUSE_RESISTANCE_BIT25",490071,"Parametric","",65,85000,"ohms",79.6,79.6,79.6,0,1,0,6.50097,***
"POST_EFUSE_RESISTANCE","POST_BANKB_EFUSE_RESISTANCE_BIT24",490072,"Parametric","",65,85000,"ohms",79.6,79.6,79.6,0,1,0,6.50097,***
"POST_EFUSE_RESISTANCE","POST_BANKB_EFUSE_RESISTANCE_BIT23",490073,"Parametric","",65,85000,"ohms",79.6,79.6,79.6,0,1,0,6.50097,***
"POST_EFUSE_RESISTANCE","POST_BANKB_EFUSE_RESISTANCE_BIT22",490074,"Parametric","",65,85000,"ohms",79.6,79.6,79.6,0,1,0,6.50097,***
"POST_EFUSE_RESISTANCE","POST_BANKB_EFUSE_RESISTANCE_BIT21",490075,"Parametric","",65,85000,"ohms",79.6,79.6,79.6,0,1,0,6.50097,***
"POST_EFUSE_RESISTANCE","POST_BANKB_EFUSE_RESISTANCE_BIT20",490076,"Parametric","",65,85000,"ohms",79.6,79.6,79.6,0,1,0,6.50097,***
"POST_EFUSE_RESISTANCE","POST_BANKB_EFUSE_RESISTANCE_BIT19",490077,"Parametric","",65,85000,"ohms",79.6,79.6,79.6,0,1,0,6.50097,***
"POST_EFUSE_RESISTANCE","POST_BANKB_EFUSE_RESISTANCE_BIT18",490078,"Parametric","",65,85000,"ohms",79.6,79.6,79.6,0,1,0,6.50097,***
"POST_EFUSE_RESISTANCE","POST_BANKB_EFUSE_RESISTANCE_BIT17",490079,"Parametric","",65,85000,"ohms",79.6,79.6,79.6,0,1,0,6.50097,***
"POST_EFUSE_RESISTANCE","POST_BANKB_EFUSE_RESISTANCE_BIT16",490080,"Parametric","",65,85000,"ohms",79.6,79.6,79.6,0,1,0,6.50097,***
"POST_EFUSE_RESISTANCE","POST_BANKB_EFUSE_RESISTANCE_BIT15",490081,"Parametric","",65,85000,"ohms",91,91,91,0,1,0,6.50097,***
"POST_EFUSE_RESISTANCE","POST_BANKB_EFUSE_RESISTANCE_BIT14",490082,"Parametric","",65,85000,"ohms",79.6,79.6,79.6,0,1,0,6.50097,***
"POST_EFUSE_RESISTANCE","POST_BANKB_EFUSE_RESISTANCE_BIT13",490083,"Parametric","",65,85000,"ohms",91,91,91,0,1,0,6.50097,***
"POST_EFUSE_RESISTANCE","POST_BANKB_EFUSE_RESISTANCE_BIT12",490084,"Parametric","",65,85000,"ohms",79.6,79.6,79.6,0,1,0,6.50097,***
"POST_EFUSE_RESISTANCE","POST_BANKB_EFUSE_RESISTANCE_BIT11",490085,"Parametric","",65,85000,"ohms",79.6,79.6,79.6,0,1,0,6.50097,***
"POST_EFUSE_RESISTANCE","POST_BANKB_EFUSE_RESISTANCE_BIT10",490086,"Parametric","",65,85000,"ohms",79.6,79.6,79.6,0,1,0,6.50097,***
"POST_EFUSE_RESISTANCE","POST_BANKB_EFUSE_RESISTANCE_BIT9",490087,"Parametric","",65,85000,"ohms",79.6,79.6,79.6,0,1,0,6.50097,***
"POST_EFUSE_RESISTANCE","POST_BANKB_EFUSE_RESISTANCE_BIT8",490088,"Parametric","",65,85000,"ohms",79.6,79.6,79.6,0,1,0,6.50097,***
"POST_EFUSE_RESISTANCE","POST_BANKB_EFUSE_RESISTANCE_BIT7",490089,"Parametric","",65,85000,"ohms",79.6,79.6,79.6,0,1,0,6.50097,***
"POST_EFUSE_RESISTANCE","POST_BANKB_EFUSE_RESISTANCE_BIT6",490090,"Parametric","",65,85000,"ohms",79.6,79.6,79.6,0,1,0,6.50097,***
"POST_EFUSE_RESISTANCE","POST_BANKB_EFUSE_RESISTANCE_BIT5",490091,"Parametric","",65,85000,"ohms",79.6,79.6,79.6,0,1,0,6.50097,***
"POST_EFUSE_RESISTANCE","POST_BANKB_EFUSE_RESISTANCE_BIT4",490092,"Parametric","",65,85000,"ohms",91,91,91,0,1,0,6.50097,***
"POST_EFUSE_RESISTANCE","POST_BANKB_EFUSE_RESISTANCE_BIT3",490093,"Parametric","",65,85000,"ohms",79.6,79.6,79.6,0,1,0,6.50097,***
"POST_EFUSE_RESISTANCE","POST_BANKB_EFUSE_RESISTANCE_BIT2",490094,"Parametric","",65,85000,"ohms",91,91,91,0,1,0,6.50097,***
"POST_EFUSE_RESISTANCE","POST_BANKB_EFUSE_RESISTANCE_BIT1",490095,"Parametric","",65,85000,"ohms",79.6,79.6,79.6,0,1,0,6.50097,***
"POST_EFUSE_RESISTANCE","POST_BANKB_EFUSE_RESISTANCE_BIT0",490096,"Parametric","",65,85000,"ohms",91,91,91,0,1,0,6.50097,***
"Post_Vbias_Test","GENERAL TEST",510001,"Parametric","",1.75,1.85,"V",1.92074,1.92074,1.92074,0,0,1,0.046027,***
"Post_SS_Test","ISS_0p4V",500010,"Parametric","",-10.7,-9.3,"uA",-11.19,-11.19,-11.19,0,0,1,0.83801,***
"Post_SS_Test","SS_gain_0p4V",500020,"Parametric","",9.6,10.4,"A/V",4.8866,4.8866,4.8866,0,0,1,0.83801,***
"Post_SS_Test","Vin_vout_Current",500030,"Parametric","",3.5,4.5,"A",1.95464,1.95464,1.95464,0,0,1,0.83801,***
"Post_SS_Gain_Test","POST_CURRENT_SS_0P1V",820010,"Parametric","",350,600,"mA",464.481,464.481,464.481,0,1,0,0.77664,***
"Post_SS_Gain_Test","POST_CURRENT_SS_0P2V",820020,"Parametric","",1800,2200,"mA",949.723,949.723,949.723,0,0,1,0.77664,***
"Post_SS_Gain_Test","POST_CURRENT_SS_Delta",820030,"Parametric","",920,1080,"mA",485.242,485.242,485.242,0,0,1,0.77664,***
"Post_ILIM_Test","ITRIP_10p_Current",810010,"Parametric","",-11,-9,"uA",-16.003,-16.003,-16.003,0,0,1,9.12005,***
"Post_ILIM_Test","ITRIP_10p_Voltage",810020,"Parametric","",0.9,1.2,"V",1.08,1.08,1.08,0,1,0,9.12005,***
"Post_ILIM_Test","ITRIP_20p_Current",810060,"Parametric","",-22,-18,"uA",-31.508,-31.508,-31.508,0,0,1,9.12005,***
"Post_ILIM_Test","ITRIP_20p_Voltage",810070,"Parametric","",0.9,1.2,"V",1.08,1.08,1.08,0,1,0,9.12005,***
"Post_ILIM_Test","gain_20V_Part",810050,"Parametric","",75000,85000,"GAIN",49990.6,49990.6,49990.6,0,0,1,9.12005,***
"Post_ILIM_Test","gain_20p_20V_Part",810100,"Parametric","",75000,85000,"GAIN",50780.8,50780.8,50780.8,0,0,1,9.12005,***
"Post_ISENSE_Gain","POST_SNS_GAIN_20PIMAX_CODE",820040,"Parametric","",-210,-190,"uA",-257.927,-257.927,-257.927,0,0,1,0.083514,***
"TISLOW","TISLOW",840010,"Parametric","",9.6,11.4,"mS",11.1,11.1,11.1,0,1,0,0.71838,***
"IO_TEST","OFF_VOLTAGE_LOW_EN_0V_IO_TM_1",460010,"Parametric","",0,0.2,"V",0.000771,0.000771,0.000771,0,1,0,1.56891,***
"IO_TEST","OFF_VOLTAGE_HIGH_EN_1P8V_IO_TM_1",460020,"Parametric","",1.75,1.85,"V",1.91783,1.91783,1.91783,0,0,1,1.56891,***
"IO_TEST","OFF_VOLTAGE_LOW_VIN_1P5V_IO_TM_1",460030,"Parametric","",0,0.2,"V",0.000771185,0.000771185,0.000771185,0,1,0,1.56891,***
"IO_TEST","OFF_VOLTAGE_HIGH_VIN_5V_IO_TM_1",460040,"Parametric","",1.75,1.85,"V",1.9184,1.9184,1.9184,0,0,1,1.56891,***
"IO_TEST","OFF_VOLTAGE_LOW_EN_0V_IO_TM_2",460070,"Parametric","",0,0.2,"V",0.000657,0.000657,0.000657,0,1,0,1.56891,***
"IO_TEST","OFF_VOLTAGE_HIGH_EN_1P8V_IO_TM_2",460080,"Parametric","",1.75,1.85,"V",1.91869,1.91869,1.91869,0,0,1,1.56891,***
"IO_TEST","OFF_VOLTAGE_LOW_VIN_1P5V_IO_TM_2",460090,"Parametric","",0,0.2,"V",0.000885018,0.000885018,0.000885018,0,1,0,1.56891,***
"IO_TEST","OFF_VOLTAGE_HIGH_VIN_5V_IO_TM_2",460100,"Parametric","",1.75,1.85,"V",1.9188,1.9188,1.9188,0,0,1,1.56891,***
"IO_TEST","OFF_VOLTAGE_LOW_FCB_0V_IO_TM_3",460050,"Parametric","",0,0.2,"V",0.000714,0.000714,0.000714,0,1,0,1.56891,***
"IO_TEST","OFF_VOLTAGE_HIGH_FCB_1P8V_IO_TM_3",460060,"Parametric","",1.75,1.85,"V",1.91908,1.91908,1.91908,0,0,1,1.56891,***
"IO_TEST","OFF_VOLTAGE_LOW_FCB_0V_IO_TM_4",460110,"Parametric","",0,0.2,"V",0.000714,0.000714,0.000714,0,1,0,1.56891,***
"IO_TEST","OFF_VOLTAGE_HIGH_FCB_1P8V_IO_TM_4",460120,"Parametric","",1.75,1.85,"V",1.91869,1.91869,1.91869,0,0,1,1.56891,***
"SS_Threshold_Test","VSS_T",210010,"Parametric","",0.96,1.09,"V",1.11,1.11,1.11,0,0,1,1.08607,***
"UVLO_Threshold","UVLO_RISING_VDD",350010,"Parametric","",2.2,2.9,"V",2.69,2.69,2.69,0,1,0,12.1718,***
"UVLO_Threshold","UVLO_FALLING_VDD",350020,"Parametric","",2.2,2.8,"V",2.49,2.49,2.49,0,1,0,12.1718,***
"UVLO_Threshold","UVLO_HYSTERISIS",350030,"Parametric","",0.12,0.5,"V",0.2,0.2,0.2,0,1,0,12.1718,***
"UVLO_Threshold","UVLO_RISING_VIN",350040,"Parametric","",2.5,2.88,"V",2.79,2.79,2.79,0,1,0,12.1718,***
"UVLO_Threshold","UVLO_FALLING_VIN",350050,"Parametric","",2.35,2.7,"V",2.66,2.66,2.66,0,1,0,12.1718,***
"UVLO_Threshold","UVLO_HYSTERISIS_VIN",350060,"Parametric","",0.07,0.3,"V",0.13,0.13,0.13,0,1,0,12.1718,***
"EN_Rise_Fall_Hysteresis","EN_RISING_VDD",360010,"Parametric","",0.65,0.8,"V",0.745491,0.745491,0.745491,0,1,0,0.916654,***
"EN_Rise_Fall_Hysteresis","EN_FALLING_VDD",360020,"Parametric","",0.6,0.75,"V",0.706413,0.706413,0.706413,0,1,0,0.916654,***
"EN_Rise_Fall_Hysteresis","EN_HYSTERISIS",360030,"Parametric","",0.025,0.06,"V",0.0390782,0.0390782,0.0390782,0,1,0,0.916654,***
"FCB_Rise_Fall_Hysteresis","FCB_RISING_VDD",370010,"Parametric","",0.65,0.8,"V",0.744966,0.744966,0.744966,0,1,0,0.756783,***
"FCB_Rise_Fall_Hysteresis","FCB_FALLING_VDD",370020,"Parametric","",0.6,0.75,"V",0.704698,0.704698,0.704698,0,1,0,0.756783,***
"FCB_Rise_Fall_Hysteresis","FCB_HYSTERISIS",370030,"Parametric","",0.025,0.06,"V",0.0402685,0.0402685,0.0402685,0,1,0,0.756783,***
"Output_characteristics_functional","FAULTB_VOL_100UA",380010,"Parametric","",0,5,"mV",2.194,2.194,2.194,0,1,0,0.15003,***
"Output_characteristics_functional","FAULTB_VOL_2MA",380020,"Parametric","",0,35,"mV",24.847,24.847,24.847,0,1,0,0.15003,***
"Output_characteristics_functional","OFF_VOH_100UA",380030,"Parametric","",1.75,1.85,"V",1.9126,1.9126,1.9126,0,0,1,0.15003,***
"Output_characteristics_functional","OFF_VOL_100UA",380040,"Parametric","",0,6,"mV",4.812,4.812,4.812,0,1,0,0.15003,***
"Output_characteristics_functional","OFF_VOL_2MA",380050,"Parametric","",20,100,"mV",75.047,75.047,75.047,0,1,0,0.15003,***
"Post_PintoPin_Leakage","PIN_TO_PIN_POS_LEAKAGE_PIN",700010,"Parametric","",-9999,9999,"nA",-0.414387,741,186.522,267.519,1,0,0.288808,***
"Post_PintoPin_Leakage","PIN_TO_PIN_NEG_LEAKAGE_PIN",700020,"Parametric","",-9999,9999,"nA",-521.056,-7.25627,-133.275,192.168,1,0,0.288808,***
"Post_PintoPin_Leakage","DELTA_POS",700030,"Parametric","",-50,50,"nA",-19,0.556611,-2.5702,5.83686,1,0,0.288808,***
"Post_PintoPin_Leakage","DELTA_NEG",700040,"Parametric","",-50,50,"nA",-5.6298,7,-2.00811,3.44248,1,0,0.288808,***
"Post_PintoPin_Leakage","PIN_TO_PIN_POS_LEAKAGE_PIN",700011,"Parametric","",-9999,9999,"nA",-817,-817,-817,0,1,0,0.288808,***
"Post_Contact","POST_CONTINUITY",400030,"Parametric","",-500,-300,"mV",-364.687,-364.687,-364.687,0,1,0,0.284487,***
"Post_Contact","Delta",400420,"Parametric","",-1,2,"mV",0.0801086,0.853777,0.411072,0.210089,1,0,0.284487,***
"Post_Contact","POST_CONTINUITY",400020,"Parametric","",-500,-300,"mV",-424.956,-424.956,-424.956,0,1,0,0.284487,***
"Post_Contact","POST_CONTINUITY",400050,"Parametric","",-500,-300,"mV",-365.433,-365.433,-365.433,0,1,0,0.284487,***
"Post_Contact","POST_CONTINUITY",400090,"Parametric","",-500,-300,"mV",-350.568,-350.568,-350.568,0,1,0,0.284487,***
"Post_Contact","POST_CONTINUITY",400080,"Parametric","",-500,-300,"mV",-366.799,-366.799,-366.799,0,1,0,0.284487,***
"Post_Contact","POST_CONTINUITY",400040,"Parametric","",-500,-300,"mV",-359.058,-359.058,-359.058,0,1,0,0.284487,***
"Post_Contact","POST_CONTINUITY",400010,"Parametric","",-500,-300,"mV",-453.895,-453.895,-453.895,0,1,0,0.284487,***
"Post_Contact","POST_CONTINUITY",400070,"Parametric","",-500,-200,"mV",-296.905,-296.905,-296.905,0,1,0,0.284487,***
"Post_Contact","POST_CONTINUITY",400060,"Parametric","",-500,-300,"mV",-351.934,-351.934,-351.934,0,1,0,0.284487,***
"Post_Contact","POST_CONTINUITY",400180,"Parametric","",-360,-300,"mV",-340.763,-340.763,-340.763,0,1,0,0.284487,***
"Post_Contact","POST_CONTINUITY",400190,"Parametric","",-360,-300,"mV",-341.042,-341.042,-341.042,0,1,0,0.284487,***
"Post_Contact","POST_CONTINUITY",400200,"Parametric","",-360,-300,"mV",-341.183,-341.183,-341.183,0,1,0,0.284487,***
"Post_Contact","POST_CONTINUITY",400210,"Parametric","",-360,-300,"mV",-340.992,-340.992,-340.992,0,1,0,0.284487,***
"Post_Contact","POST_CONTINUITY",400220,"Parametric","",-360,-300,"mV",-341.196,-341.196,-341.196,0,1,0,0.284487,***
"Post_Contact","POST_CONTINUITY",400230,"Parametric","",-360,-300,"mV",-340.963,-340.963,-340.963,0,1,0,0.284487,***
"Post_Contact","POST_CONTINUITY",400240,"Parametric","",-360,-300,"mV",-341.053,-341.053,-341.053,0,1,0,0.284487,***
"Post_Contact","POST_CONTINUITY",400250,"Parametric","",-360,-300,"mV",-341.028,-341.028,-341.028,0,1,0,0.284487,***
"Post_Contact","POST_CONTINUITY",400100,"Parametric","",-300,-200,"mV",-227.306,-227.306,-227.306,0,1,0,0.284487,***
"Post_Contact","POST_CONTINUITY",400110,"Parametric","",-300,-200,"mV",-227.303,-227.303,-227.303,0,1,0,0.284487,***
"Post_Contact","POST_CONTINUITY",400120,"Parametric","",-300,-200,"mV",-227.428,-227.428,-227.428,0,1,0,0.284487,***
"Post_Contact","POST_CONTINUITY",400130,"Parametric","",-300,-200,"mV",-227.465,-227.465,-227.465,0,1,0,0.284487,***
"Post_Contact","POST_CONTINUITY",400140,"Parametric","",-300,-200,"mV",-227.356,-227.356,-227.356,0,1,0,0.284487,***
"Post_Contact","POST_CONTINUITY",400150,"Parametric","",-300,-200,"mV",-227.257,-227.257,-227.257,0,1,0,0.284487,***
"Post_Contact","POST_CONTINUITY",400160,"Parametric","",-300,-200,"mV",-227.526,-227.526,-227.526,0,1,0,0.284487,***
"Post_Contact","POST_CONTINUITY",400170,"Parametric","",-300,-200,"mV",-227.32,-227.32,-227.32,0,1,0,0.284487,***