Testflow,Test Suite,Test Method,Test,Test#,Pattern,Wafer,Site,Pin,Device,Device ID,Part ID,Part Txt,Lower,LS,Value,Unit,US,Upper,P/F,Time,TS Time,Print To Data Log
1,"A244_DPS_CONNECT","dc_tml.DcTest.DpsConnectivity","DPS_ForceSense",***,"",0,1,"VCC_PIN20",1,"P1","","",***,"NA",0,"","NA",***,"P",37.717,40.997,""
1,"A244_OPENS","dc_tml.DcTest.GeneralPMU","passLimit_uA_mV",24410000,"",0,1,"PIN1",1,"P1","","",-0.8,"<=",-0.378729,"V","<=",-0.1,"P",21.176,26.355,""
1,"A244_OPENS","dc_tml.DcTest.GeneralPMU","passLimit_uA_mV",24410000,"",0,1,"PIN11",1,"P1","","",-0.8,"<=",-0.379162,"V","<=",-0.1,"P",21.176,26.355,""
1,"A244_OPENS","dc_tml.DcTest.GeneralPMU","passLimit_uA_mV",24410000,"",0,1,"PIN12",1,"P1","","",-0.8,"<=",-0.378525,"V","<=",-0.1,"P",21.176,26.355,""
1,"A244_OPENS","dc_tml.DcTest.GeneralPMU","passLimit_uA_mV",24410000,"",0,1,"PIN13",1,"P1","","",-0.8,"<=",-0.37865,"V","<=",-0.1,"P",21.176,26.355,""
1,"A244_OPENS","dc_tml.DcTest.GeneralPMU","passLimit_uA_mV",24410000,"",0,1,"PIN14",1,"P1","","",-0.8,"<=",-0.379333,"V","<=",-0.1,"P",21.176,26.355,""
1,"A244_OPENS","dc_tml.DcTest.GeneralPMU","passLimit_uA_mV",24410000,"",0,1,"PIN15",1,"P1","","",-0.8,"<=",-0.379059,"V","<=",-0.1,"P",21.176,26.355,""
1,"A244_OPENS","dc_tml.DcTest.GeneralPMU","passLimit_uA_mV",24410000,"",0,1,"PIN16",1,"P1","","",-0.8,"<=",-0.378889,"V","<=",-0.1,"P",21.176,26.355,""
1,"A244_OPENS","dc_tml.DcTest.GeneralPMU","passLimit_uA_mV",24410000,"",0,1,"PIN17",1,"P1","","",-0.8,"<=",-0.378501,"V","<=",-0.1,"P",21.176,26.355,""
1,"A244_OPENS","dc_tml.DcTest.GeneralPMU","passLimit_uA_mV",24410000,"",0,1,"PIN18",1,"P1","","",-0.8,"<=",-0.379049,"V","<=",-0.1,"P",21.176,26.355,""
1,"A244_OPENS","dc_tml.DcTest.GeneralPMU","passLimit_uA_mV",24410000,"",0,1,"PIN19",1,"P1","","",-0.8,"<=",-0.379333,"V","<=",-0.1,"P",21.176,26.355,""
1,"A244_OPENS","dc_tml.DcTest.GeneralPMU","passLimit_uA_mV",24410000,"",0,1,"PIN2",1,"P1","","",-0.8,"<=",-0.378045,"V","<=",-0.1,"P",21.176,26.355,""
1,"A244_OPENS","dc_tml.DcTest.GeneralPMU","passLimit_uA_mV",24410000,"",0,1,"PIN3",1,"P1","","",-0.8,"<=",-0.379184,"V","<=",-0.1,"P",21.176,26.355,""
1,"A244_OPENS","dc_tml.DcTest.GeneralPMU","passLimit_uA_mV",24410000,"",0,1,"PIN4",1,"P1","","",-0.8,"<=",-0.378682,"V","<=",-0.1,"P",21.176,26.355,""
1,"A244_OPENS","dc_tml.DcTest.GeneralPMU","passLimit_uA_mV",24410000,"",0,1,"PIN5",1,"P1","","",-0.8,"<=",-0.378946,"V","<=",-0.1,"P",21.176,26.355,""
1,"A244_OPENS","dc_tml.DcTest.GeneralPMU","passLimit_uA_mV",24410000,"",0,1,"PIN6",1,"P1","","",-0.8,"<=",-0.378355,"V","<=",-0.1,"P",21.176,26.355,""
1,"A244_OPENS","dc_tml.DcTest.GeneralPMU","passLimit_uA_mV",24410000,"",0,1,"PIN7",1,"P1","","",-0.8,"<=",-0.37791,"V","<=",-0.1,"P",21.176,26.355,""
1,"A244_OPENS","dc_tml.DcTest.GeneralPMU","passLimit_uA_mV",24410000,"",0,1,"PIN8",1,"P1","","",-0.8,"<=",-0.37881,"V","<=",-0.1,"P",21.176,26.355,""
1,"A244_OPENS","dc_tml.DcTest.GeneralPMU","passLimit_uA_mV",24410000,"",0,1,"PIN9",1,"P1","","",-0.8,"<=",-0.378241,"V","<=",-0.1,"P",21.176,26.355,""
1,"A244_SHORTS","dc_tml.DcTest.GeneralPMU","passLimit_uA_mV",24410024,"",0,1,"PIN1",1,"P1","","",-0.8,"<=",-0.378729,"V","<=",-0.1,"P",12.292,17.44,""
1,"A244_SHORTS","dc_tml.DcTest.GeneralPMU","passLimit_uA_mV",24410024,"",0,1,"PIN11",1,"P1","","",-0.8,"<=",-0.379162,"V","<=",-0.1,"P",12.292,17.44,""
1,"A244_SHORTS","dc_tml.DcTest.GeneralPMU","passLimit_uA_mV",24410024,"",0,1,"PIN12",1,"P1","","",-0.8,"<=",-0.378525,"V","<=",-0.1,"P",12.292,17.44,""
1,"A244_SHORTS","dc_tml.DcTest.GeneralPMU","passLimit_uA_mV",24410024,"",0,1,"PIN13",1,"P1","","",-0.8,"<=",-0.378593,"V","<=",-0.1,"P",12.292,17.44,""
1,"A244_SHORTS","dc_tml.DcTest.GeneralPMU","passLimit_uA_mV",24410024,"",0,1,"PIN14",1,"P1","","",-0.8,"<=",-0.379276,"V","<=",-0.1,"P",12.292,17.44,""
1,"A244_SHORTS","dc_tml.DcTest.GeneralPMU","passLimit_uA_mV",24410024,"",0,1,"PIN15",1,"P1","","",-0.8,"<=",-0.379116,"V","<=",-0.1,"P",12.292,17.44,""
1,"A244_SHORTS","dc_tml.DcTest.GeneralPMU","passLimit_uA_mV",24410024,"",0,1,"PIN16",1,"P1","","",-0.8,"<=",-0.379003,"V","<=",-0.1,"P",12.292,17.44,""
1,"A244_SHORTS","dc_tml.DcTest.GeneralPMU","passLimit_uA_mV",24410024,"",0,1,"PIN17",1,"P1","","",-0.8,"<=",-0.378501,"V","<=",-0.1,"P",12.292,17.44,""
1,"A244_SHORTS","dc_tml.DcTest.GeneralPMU","passLimit_uA_mV",24410024,"",0,1,"PIN18",1,"P1","","",-0.8,"<=",-0.379106,"V","<=",-0.1,"P",12.292,17.44,""
1,"A244_SHORTS","dc_tml.DcTest.GeneralPMU","passLimit_uA_mV",24410024,"",0,1,"PIN19",1,"P1","","",-0.8,"<=",-0.379333,"V","<=",-0.1,"P",12.292,17.44,""
1,"A244_SHORTS","dc_tml.DcTest.GeneralPMU","passLimit_uA_mV",24410024,"",0,1,"PIN2",1,"P1","","",-0.8,"<=",-0.378045,"V","<=",-0.1,"P",12.292,17.44,""
1,"A244_SHORTS","dc_tml.DcTest.GeneralPMU","passLimit_uA_mV",24410024,"",0,1,"PIN3",1,"P1","","",-0.8,"<=",-0.379241,"V","<=",-0.1,"P",12.292,17.44,""
1,"A244_SHORTS","dc_tml.DcTest.GeneralPMU","passLimit_uA_mV",24410024,"",0,1,"PIN4",1,"P1","","",-0.8,"<=",-0.378682,"V","<=",-0.1,"P",12.292,17.44,""
1,"A244_SHORTS","dc_tml.DcTest.GeneralPMU","passLimit_uA_mV",24410024,"",0,1,"PIN5",1,"P1","","",-0.8,"<=",-0.378946,"V","<=",-0.1,"P",12.292,17.44,""
1,"A244_SHORTS","dc_tml.DcTest.GeneralPMU","passLimit_uA_mV",24410024,"",0,1,"PIN6",1,"P1","","",-0.8,"<=",-0.378411,"V","<=",-0.1,"P",12.292,17.44,""
1,"A244_SHORTS","dc_tml.DcTest.GeneralPMU","passLimit_uA_mV",24410024,"",0,1,"PIN7",1,"P1","","",-0.8,"<=",-0.37791,"V","<=",-0.1,"P",12.292,17.44,""
1,"A244_SHORTS","dc_tml.DcTest.GeneralPMU","passLimit_uA_mV",24410024,"",0,1,"PIN8",1,"P1","","",-0.8,"<=",-0.378867,"V","<=",-0.1,"P",12.292,17.44,""
1,"A244_SHORTS","dc_tml.DcTest.GeneralPMU","passLimit_uA_mV",24410024,"",0,1,"PIN9",1,"P1","","",-0.8,"<=",-0.378241,"V","<=",-0.1,"P",12.292,17.44,""
1,"A244_OPENS_C","dc_tml.DcTest.GeneralPMU","passLimit_uA_mV",24410010,"",0,1,"PIN1",1,"P1","","",-0.8,"<=",-0.378729,"V","<=",-0.1,"P",12.132,18.66,""
1,"A244_OPENS_C","dc_tml.DcTest.GeneralPMU","passLimit_uA_mV",24410010,"",0,1,"PIN11",1,"P1","","",-0.8,"<=",-0.379219,"V","<=",-0.1,"P",12.132,18.66,""
1,"A244_OPENS_C","dc_tml.DcTest.GeneralPMU","passLimit_uA_mV",24410010,"",0,1,"PIN12",1,"P1","","",-0.8,"<=",-0.378468,"V","<=",-0.1,"P",12.132,18.66,""
1,"A244_OPENS_C","dc_tml.DcTest.GeneralPMU","passLimit_uA_mV",24410010,"",0,1,"PIN13",1,"P1","","",-0.8,"<=",-0.378593,"V","<=",-0.1,"P",12.132,18.66,""
1,"A244_OPENS_C","dc_tml.DcTest.GeneralPMU","passLimit_uA_mV",24410010,"",0,1,"PIN14",1,"P1","","",-0.8,"<=",-0.379333,"V","<=",-0.1,"P",12.132,18.66,""
1,"A244_OPENS_C","dc_tml.DcTest.GeneralPMU","passLimit_uA_mV",24410010,"",0,1,"PIN15",1,"P1","","",-0.8,"<=",-0.379002,"V","<=",-0.1,"P",12.132,18.66,""
1,"A244_OPENS_C","dc_tml.DcTest.GeneralPMU","passLimit_uA_mV",24410010,"",0,1,"PIN16",1,"P1","","",-0.8,"<=",-0.378889,"V","<=",-0.1,"P",12.132,18.66,""
1,"A244_OPENS_C","dc_tml.DcTest.GeneralPMU","passLimit_uA_mV",24410010,"",0,1,"PIN17",1,"P1","","",-0.8,"<=",-0.378501,"V","<=",-0.1,"P",12.132,18.66,""
1,"A244_OPENS_C","dc_tml.DcTest.GeneralPMU","passLimit_uA_mV",24410010,"",0,1,"PIN18",1,"P1","","",-0.8,"<=",-0.378992,"V","<=",-0.1,"P",12.132,18.66,""
1,"A244_OPENS_C","dc_tml.DcTest.GeneralPMU","passLimit_uA_mV",24410010,"",0,1,"PIN19",1,"P1","","",-0.8,"<=",-0.379333,"V","<=",-0.1,"P",12.132,18.66,""
1,"A244_OPENS_C","dc_tml.DcTest.GeneralPMU","passLimit_uA_mV",24410010,"",0,1,"PIN2",1,"P1","","",-0.8,"<=",-0.378102,"V","<=",-0.1,"P",12.132,18.66,""
1,"A244_OPENS_C","dc_tml.DcTest.GeneralPMU","passLimit_uA_mV",24410010,"",0,1,"PIN3",1,"P1","","",-0.8,"<=",-0.379184,"V","<=",-0.1,"P",12.132,18.66,""
1,"A244_OPENS_C","dc_tml.DcTest.GeneralPMU","passLimit_uA_mV",24410010,"",0,1,"PIN4",1,"P1","","",-0.8,"<=",-0.378625,"V","<=",-0.1,"P",12.132,18.66,""
1,"A244_OPENS_C","dc_tml.DcTest.GeneralPMU","passLimit_uA_mV",24410010,"",0,1,"PIN5",1,"P1","","",-0.8,"<=",-0.379059,"V","<=",-0.1,"P",12.132,18.66,""
1,"A244_OPENS_C","dc_tml.DcTest.GeneralPMU","passLimit_uA_mV",24410010,"",0,1,"PIN6",1,"P1","","",-0.8,"<=",-0.378355,"V","<=",-0.1,"P",12.132,18.66,""
1,"A244_OPENS_C","dc_tml.DcTest.GeneralPMU","passLimit_uA_mV",24410010,"",0,1,"PIN7",1,"P1","","",-0.8,"<=",-0.377967,"V","<=",-0.1,"P",12.132,18.66,""
1,"A244_OPENS_C","dc_tml.DcTest.GeneralPMU","passLimit_uA_mV",24410010,"",0,1,"PIN8",1,"P1","","",-0.8,"<=",-0.37881,"V","<=",-0.1,"P",12.132,18.66,""
1,"A244_OPENS_C","dc_tml.DcTest.GeneralPMU","passLimit_uA_mV",24410010,"",0,1,"PIN9",1,"P1","","",-0.8,"<=",-0.378184,"V","<=",-0.1,"P",12.132,18.66,""
1,"A244_SHORTS_C","dc_tml.DcTest.GeneralPMU","passLimit_uA_mV",24410040,"",0,1,"PIN1",1,"P1","","",-0.8,"<=",-0.378729,"V","<=",-0.1,"P",12.197,18.75,""
1,"A244_SHORTS_C","dc_tml.DcTest.GeneralPMU","passLimit_uA_mV",24410040,"",0,1,"PIN11",1,"P1","","",-0.8,"<=",-0.379105,"V","<=",-0.1,"P",12.197,18.75,""
1,"A244_SHORTS_C","dc_tml.DcTest.GeneralPMU","passLimit_uA_mV",24410040,"",0,1,"PIN12",1,"P1","","",-0.8,"<=",-0.378525,"V","<=",-0.1,"P",12.197,18.75,""
1,"A244_SHORTS_C","dc_tml.DcTest.GeneralPMU","passLimit_uA_mV",24410040,"",0,1,"PIN13",1,"P1","","",-0.8,"<=",-0.378707,"V","<=",-0.1,"P",12.197,18.75,""
1,"A244_SHORTS_C","dc_tml.DcTest.GeneralPMU","passLimit_uA_mV",24410040,"",0,1,"PIN14",1,"P1","","",-0.8,"<=",-0.379333,"V","<=",-0.1,"P",12.197,18.75,""
1,"A244_SHORTS_C","dc_tml.DcTest.GeneralPMU","passLimit_uA_mV",24410040,"",0,1,"PIN15",1,"P1","","",-0.8,"<=",-0.379059,"V","<=",-0.1,"P",12.197,18.75,""
1,"A244_SHORTS_C","dc_tml.DcTest.GeneralPMU","passLimit_uA_mV",24410040,"",0,1,"PIN16",1,"P1","","",-0.8,"<=",-0.379003,"V","<=",-0.1,"P",12.197,18.75,""
1,"A244_SHORTS_C","dc_tml.DcTest.GeneralPMU","passLimit_uA_mV",24410040,"",0,1,"PIN17",1,"P1","","",-0.8,"<=",-0.378444,"V","<=",-0.1,"P",12.197,18.75,""
1,"A244_SHORTS_C","dc_tml.DcTest.GeneralPMU","passLimit_uA_mV",24410040,"",0,1,"PIN18",1,"P1","","",-0.8,"<=",-0.379106,"V","<=",-0.1,"P",12.197,18.75,""
1,"A244_SHORTS_C","dc_tml.DcTest.GeneralPMU","passLimit_uA_mV",24410040,"",0,1,"PIN19",1,"P1","","",-0.8,"<=",-0.37939,"V","<=",-0.1,"P",12.197,18.75,""
1,"A244_SHORTS_C","dc_tml.DcTest.GeneralPMU","passLimit_uA_mV",24410040,"",0,1,"PIN2",1,"P1","","",-0.8,"<=",-0.378045,"V","<=",-0.1,"P",12.197,18.75,""
1,"A244_SHORTS_C","dc_tml.DcTest.GeneralPMU","passLimit_uA_mV",24410040,"",0,1,"PIN3",1,"P1","","",-0.8,"<=",-0.379241,"V","<=",-0.1,"P",12.197,18.75,""
1,"A244_SHORTS_C","dc_tml.DcTest.GeneralPMU","passLimit_uA_mV",24410040,"",0,1,"PIN4",1,"P1","","",-0.8,"<=",-0.378682,"V","<=",-0.1,"P",12.197,18.75,""
1,"A244_SHORTS_C","dc_tml.DcTest.GeneralPMU","passLimit_uA_mV",24410040,"",0,1,"PIN5",1,"P1","","",-0.8,"<=",-0.379003,"V","<=",-0.1,"P",12.197,18.75,""
1,"A244_SHORTS_C","dc_tml.DcTest.GeneralPMU","passLimit_uA_mV",24410040,"",0,1,"PIN6",1,"P1","","",-0.8,"<=",-0.378355,"V","<=",-0.1,"P",12.197,18.75,""
1,"A244_SHORTS_C","dc_tml.DcTest.GeneralPMU","passLimit_uA_mV",24410040,"",0,1,"PIN7",1,"P1","","",-0.8,"<=",-0.37791,"V","<=",-0.1,"P",12.197,18.75,""
1,"A244_SHORTS_C","dc_tml.DcTest.GeneralPMU","passLimit_uA_mV",24410040,"",0,1,"PIN8",1,"P1","","",-0.8,"<=",-0.37881,"V","<=",-0.1,"P",12.197,18.75,""
1,"A244_SHORTS_C","dc_tml.DcTest.GeneralPMU","passLimit_uA_mV",24410040,"",0,1,"PIN9",1,"P1","","",-0.8,"<=",-0.378184,"V","<=",-0.1,"P",12.197,18.75,""
1,"A244_PRE_TEMP_C","AP54RH504_tml.Temp","TEMP_OK",***,"",0,1,"PIN1",1,"P1","","",0.5,"<=",1,"UI","<=",1.5,"P",7.612,14.857,""
1,"A244_PRE_TEMP_C","AP54RH504_tml.Temp","TEMP_raw_V",***,"",0,1,"PIN1",1,"P1","","",-2,"<=",-0.378672,"V","<=",2,"P",5.652,14.857,""
1,"A244_IOFF_GND_C","AP54RH504_tml.IO_Leakage","passCurrentHigh_uA",24411120,"",0,1,"PIN2",1,"P1","","",-0.2,"<=",0.001,"uA","<=",0.9,"P",92.922,95.053,""
1,"A244_IOFF_GND_C","AP54RH504_tml.IO_Leakage","passCurrentHigh_uA",24411120,"",0,1,"PIN4",1,"P1","","",-0.2,"<=",0,"uA","<=",0.9,"P",92.922,95.053,""
1,"A244_IOFF_GND_C","AP54RH504_tml.IO_Leakage","passCurrentHigh_uA",24411120,"",0,1,"PIN6",1,"P1","","",-0.2,"<=",0,"uA","<=",0.9,"P",92.922,95.053,""
1,"A244_IOFF_GND_C","AP54RH504_tml.IO_Leakage","passCurrentHigh_uA",24411120,"",0,1,"PIN8",1,"P1","","",-0.2,"<=",0,"uA","<=",0.9,"P",92.922,95.053,""
1,"A244_IOFF_GND_C","AP54RH504_tml.IO_Leakage","passCurrentHigh_uA",24411120,"",0,1,"PIN1",1,"P1","","",-0.2,"<=",-0.001,"uA","<=",0.9,"P",92.922,95.053,""
1,"A244_IOFF_GND_C","AP54RH504_tml.IO_Leakage","passCurrentHigh_uA",24411120,"",0,1,"PIN19",1,"P1","","",-0.2,"<=",0,"uA","<=",0.9,"P",92.922,95.053,""
1,"A244_IOFF_GND_C","AP54RH504_tml.IO_Leakage","passCurrentHigh_uA",24411120,"",0,1,"PIN17",1,"P1","","",-0.2,"<=",0,"uA","<=",0.9,"P",92.922,95.053,""
1,"A244_IOFF_GND_C","AP54RH504_tml.IO_Leakage","passCurrentHigh_uA",24411120,"",0,1,"PIN15",1,"P1","","",-0.2,"<=",0,"uA","<=",0.9,"P",92.922,95.053,""
1,"A244_IOFF_GND_C","AP54RH504_tml.IO_Leakage","passCurrentHigh_uA",24411120,"",0,1,"PIN13",1,"P1","","",-0.2,"<=",0.008,"uA","<=",0.9,"P",92.922,95.053,""
1,"A244_IOFF_GND_C","AP54RH504_tml.IO_Leakage","passCurrentHigh_uA",24411120,"",0,1,"PIN11",1,"P1","","",-0.2,"<=",0.004,"uA","<=",0.9,"P",92.922,95.053,""
1,"A244_IOFF_GND_C","AP54RH504_tml.IO_Leakage","passCurrentHigh_uA",24411120,"",0,1,"PIN12",1,"P1","","",-0.2,"<=",0.012,"uA","<=",0.9,"P",92.922,95.053,""
1,"A244_IOFF_GND_C","AP54RH504_tml.IO_Leakage","passCurrentHigh_uA",24411120,"",0,1,"PIN14",1,"P1","","",-0.2,"<=",0,"uA","<=",0.9,"P",92.922,95.053,""
1,"A244_IOFF_GND_C","AP54RH504_tml.IO_Leakage","passCurrentHigh_uA",24411120,"",0,1,"PIN16",1,"P1","","",-0.2,"<=",0.007,"uA","<=",0.9,"P",92.922,95.053,""
1,"A244_IOFF_GND_C","AP54RH504_tml.IO_Leakage","passCurrentHigh_uA",24411120,"",0,1,"PIN18",1,"P1","","",-0.2,"<=",0,"uA","<=",0.9,"P",92.922,95.053,""
1,"A244_IOFF_GND_C","AP54RH504_tml.IO_Leakage","passCurrentHigh_uA",24411120,"",0,1,"PIN3",1,"P1","","",-0.2,"<=",0,"uA","<=",0.9,"P",92.922,95.053,""
1,"A244_IOFF_GND_C","AP54RH504_tml.IO_Leakage","passCurrentHigh_uA",24411120,"",0,1,"PIN5",1,"P1","","",-0.2,"<=",0.006,"uA","<=",0.9,"P",92.922,95.053,""
1,"A244_IOFF_GND_C","AP54RH504_tml.IO_Leakage","passCurrentHigh_uA",24411120,"",0,1,"PIN7",1,"P1","","",-0.2,"<=",0.018,"uA","<=",0.9,"P",92.922,95.053,""
1,"A244_IOFF_GND_C","AP54RH504_tml.IO_Leakage","passCurrentHigh_uA",24411120,"",0,1,"PIN9",1,"P1","","",-0.2,"<=",0,"uA","<=",0.9,"P",92.922,95.053,""
1,"A244_PSHORTS_VCC_C","dc_tml.DcTest.StandbyCurrent","passCurrLimit_uA",24411150,"",0,1,"VCC_PIN20",1,"P1","","",-0.01,"<=",0.000114174,"A","<=",0.01,"P",18.857,24.406,""
1,"A244_TRAFFIC_C","ac_tml.AcTest.FunctionalTest","Functional",***,"AP54RHC244_TRUTH_TABLE",0,1,"PIN1",1,"P1","","",***,"",***,"","",***,"P",5.357,7.268,""
1,"A244_TRAFFIC_C","ac_tml.AcTest.FunctionalTest","Functional",***,"AP54RHC244_TRUTH_TABLE",0,1,"PIN11",1,"P1","","",***,"",***,"","",***,"P",5.357,7.268,""
1,"A244_TRAFFIC_C","ac_tml.AcTest.FunctionalTest","Functional",***,"AP54RHC244_TRUTH_TABLE",0,1,"PIN12",1,"P1","","",***,"",***,"","",***,"P",5.357,7.268,""
1,"A244_TRAFFIC_C","ac_tml.AcTest.FunctionalTest","Functional",***,"AP54RHC244_TRUTH_TABLE",0,1,"PIN13",1,"P1","","",***,"",***,"","",***,"P",5.357,7.268,""
1,"A244_TRAFFIC_C","ac_tml.AcTest.FunctionalTest","Functional",***,"AP54RHC244_TRUTH_TABLE",0,1,"PIN14",1,"P1","","",***,"",***,"","",***,"P",5.357,7.268,""
1,"A244_TRAFFIC_C","ac_tml.AcTest.FunctionalTest","Functional",***,"AP54RHC244_TRUTH_TABLE",0,1,"PIN15",1,"P1","","",***,"",***,"","",***,"P",5.357,7.268,""
1,"A244_TRAFFIC_C","ac_tml.AcTest.FunctionalTest","Functional",***,"AP54RHC244_TRUTH_TABLE",0,1,"PIN16",1,"P1","","",***,"",***,"","",***,"P",5.357,7.268,""
1,"A244_TRAFFIC_C","ac_tml.AcTest.FunctionalTest","Functional",***,"AP54RHC244_TRUTH_TABLE",0,1,"PIN17",1,"P1","","",***,"",***,"","",***,"P",5.357,7.268,""
1,"A244_TRAFFIC_C","ac_tml.AcTest.FunctionalTest","Functional",***,"AP54RHC244_TRUTH_TABLE",0,1,"PIN18",1,"P1","","",***,"",***,"","",***,"P",5.357,7.268,""
1,"A244_TRAFFIC_C","ac_tml.AcTest.FunctionalTest","Functional",***,"AP54RHC244_TRUTH_TABLE",0,1,"PIN19",1,"P1","","",***,"",***,"","",***,"P",5.357,7.268,""
1,"A244_TRAFFIC_C","ac_tml.AcTest.FunctionalTest","Functional",***,"AP54RHC244_TRUTH_TABLE",0,1,"PIN2",1,"P1","","",***,"",***,"","",***,"P",5.357,7.268,""
1,"A244_TRAFFIC_C","ac_tml.AcTest.FunctionalTest","Functional",***,"AP54RHC244_TRUTH_TABLE",0,1,"PIN3",1,"P1","","",***,"",***,"","",***,"P",5.357,7.268,""
1,"A244_TRAFFIC_C","ac_tml.AcTest.FunctionalTest","Functional",***,"AP54RHC244_TRUTH_TABLE",0,1,"PIN4",1,"P1","","",***,"",***,"","",***,"P",5.357,7.268,""
1,"A244_TRAFFIC_C","ac_tml.AcTest.FunctionalTest","Functional",***,"AP54RHC244_TRUTH_TABLE",0,1,"PIN5",1,"P1","","",***,"",***,"","",***,"P",5.357,7.268,""
1,"A244_TRAFFIC_C","ac_tml.AcTest.FunctionalTest","Functional",***,"AP54RHC244_TRUTH_TABLE",0,1,"PIN6",1,"P1","","",***,"",***,"","",***,"P",5.357,7.268,""
1,"A244_TRAFFIC_C","ac_tml.AcTest.FunctionalTest","Functional",***,"AP54RHC244_TRUTH_TABLE",0,1,"PIN7",1,"P1","","",***,"",***,"","",***,"P",5.357,7.268,""
1,"A244_TRAFFIC_C","ac_tml.AcTest.FunctionalTest","Functional",***,"AP54RHC244_TRUTH_TABLE",0,1,"PIN8",1,"P1","","",***,"",***,"","",***,"P",5.357,7.268,""
1,"A244_TRAFFIC_C","ac_tml.AcTest.FunctionalTest","Functional",***,"AP54RHC244_TRUTH_TABLE",0,1,"PIN9",1,"P1","","",***,"",***,"","",***,"P",5.357,7.268,""
1,"A244_TRAFFIC_C_1","ac_tml.AcTest.FunctionalTest","Functional",***,"AP54RHC244_VILH",0,1,"PIN1",1,"P1","","",***,"",***,"","",***,"P",2.661,4.264,""
1,"A244_TRAFFIC_C_1","ac_tml.AcTest.FunctionalTest","Functional",***,"AP54RHC244_VILH",0,1,"PIN11",1,"P1","","",***,"",***,"","",***,"P",2.661,4.264,""
1,"A244_TRAFFIC_C_1","ac_tml.AcTest.FunctionalTest","Functional",***,"AP54RHC244_VILH",0,1,"PIN12",1,"P1","","",***,"",***,"","",***,"P",2.661,4.264,""
1,"A244_TRAFFIC_C_1","ac_tml.AcTest.FunctionalTest","Functional",***,"AP54RHC244_VILH",0,1,"PIN13",1,"P1","","",***,"",***,"","",***,"P",2.661,4.264,""
1,"A244_TRAFFIC_C_1","ac_tml.AcTest.FunctionalTest","Functional",***,"AP54RHC244_VILH",0,1,"PIN14",1,"P1","","",***,"",***,"","",***,"P",2.661,4.264,""
1,"A244_TRAFFIC_C_1","ac_tml.AcTest.FunctionalTest","Functional",***,"AP54RHC244_VILH",0,1,"PIN15",1,"P1","","",***,"",***,"","",***,"P",2.661,4.264,""
1,"A244_TRAFFIC_C_1","ac_tml.AcTest.FunctionalTest","Functional",***,"AP54RHC244_VILH",0,1,"PIN16",1,"P1","","",***,"",***,"","",***,"P",2.661,4.264,""
1,"A244_TRAFFIC_C_1","ac_tml.AcTest.FunctionalTest","Functional",***,"AP54RHC244_VILH",0,1,"PIN17",1,"P1","","",***,"",***,"","",***,"P",2.661,4.264,""
1,"A244_TRAFFIC_C_1","ac_tml.AcTest.FunctionalTest","Functional",***,"AP54RHC244_VILH",0,1,"PIN18",1,"P1","","",***,"",***,"","",***,"P",2.661,4.264,""
1,"A244_TRAFFIC_C_1","ac_tml.AcTest.FunctionalTest","Functional",***,"AP54RHC244_VILH",0,1,"PIN19",1,"P1","","",***,"",***,"","",***,"P",2.661,4.264,""
1,"A244_TRAFFIC_C_1","ac_tml.AcTest.FunctionalTest","Functional",***,"AP54RHC244_VILH",0,1,"PIN2",1,"P1","","",***,"",***,"","",***,"P",2.661,4.264,""
1,"A244_TRAFFIC_C_1","ac_tml.AcTest.FunctionalTest","Functional",***,"AP54RHC244_VILH",0,1,"PIN3",1,"P1","","",***,"",***,"","",***,"P",2.661,4.264,""
1,"A244_TRAFFIC_C_1","ac_tml.AcTest.FunctionalTest","Functional",***,"AP54RHC244_VILH",0,1,"PIN4",1,"P1","","",***,"",***,"","",***,"P",2.661,4.264,""
1,"A244_TRAFFIC_C_1","ac_tml.AcTest.FunctionalTest","Functional",***,"AP54RHC244_VILH",0,1,"PIN5",1,"P1","","",***,"",***,"","",***,"P",2.661,4.264,""
1,"A244_TRAFFIC_C_1","ac_tml.AcTest.FunctionalTest","Functional",***,"AP54RHC244_VILH",0,1,"PIN6",1,"P1","","",***,"",***,"","",***,"P",2.661,4.264,""
1,"A244_TRAFFIC_C_1","ac_tml.AcTest.FunctionalTest","Functional",***,"AP54RHC244_VILH",0,1,"PIN7",1,"P1","","",***,"",***,"","",***,"P",2.661,4.264,""
1,"A244_TRAFFIC_C_1","ac_tml.AcTest.FunctionalTest","Functional",***,"AP54RHC244_VILH",0,1,"PIN8",1,"P1","","",***,"",***,"","",***,"P",2.661,4.264,""
1,"A244_TRAFFIC_C_1","ac_tml.AcTest.FunctionalTest","Functional",***,"AP54RHC244_VILH",0,1,"PIN9",1,"P1","","",***,"",***,"","",***,"P",2.661,4.264,""
1,"A244_ICCH_VCC_C","dc_tml.DcTest.ProductionIddq","passCurrLimit_uA",24411170,"",0,1,"VCC_PIN20",1,"P1","","",1,"<=",97.3404,"uA","<=",120,"P",30.441,35.945,""
1,"A244_ICCL_VCC_C","dc_tml.DcTest.StandbyCurrent","passCurrLimit_uA",24411190,"",0,1,"VCC_PIN20",1,"P1","","",1,"<=",110.269,"uA","<=",130,"P",16.797,20.844,""
1,"A244_ICCX_VCC_C","dc_tml.DcTest.OperatingCurrent","passCurrLimit_uA",***,"AP54RHC244_ENABLE_HIGH_FOR_ICCX",0,1,"VCC_PIN20",1,"P1","","",***,"NA",-9.9999e+10,"","NA",***,"P",41.373,45.473,""
1,"A244_VILH_C","AP54RH504_tml.VILH","VILH_VCC_5.5000",***,"AP54RHC244_VILH",0,1,"PIN1",1,"P1","","",***,"",***,"","",***,"P",20.284,61.773,""
1,"A244_VILH_C","AP54RH504_tml.VILH","VILH_VCC_5.5000",***,"AP54RHC244_VILH",0,1,"PIN11",1,"P1","","",***,"",***,"","",***,"P",20.284,61.773,""
1,"A244_VILH_C","AP54RH504_tml.VILH","VILH_VCC_5.5000",***,"AP54RHC244_VILH",0,1,"PIN12",1,"P1","","",***,"",***,"","",***,"P",20.284,61.773,""
1,"A244_VILH_C","AP54RH504_tml.VILH","VILH_VCC_5.5000",***,"AP54RHC244_VILH",0,1,"PIN13",1,"P1","","",***,"",***,"","",***,"P",20.284,61.773,""
1,"A244_VILH_C","AP54RH504_tml.VILH","VILH_VCC_5.5000",***,"AP54RHC244_VILH",0,1,"PIN14",1,"P1","","",***,"",***,"","",***,"P",20.284,61.773,""
1,"A244_VILH_C","AP54RH504_tml.VILH","VILH_VCC_5.5000",***,"AP54RHC244_VILH",0,1,"PIN15",1,"P1","","",***,"",***,"","",***,"P",20.284,61.773,""
1,"A244_VILH_C","AP54RH504_tml.VILH","VILH_VCC_5.5000",***,"AP54RHC244_VILH",0,1,"PIN16",1,"P1","","",***,"",***,"","",***,"P",20.284,61.773,""
1,"A244_VILH_C","AP54RH504_tml.VILH","VILH_VCC_5.5000",***,"AP54RHC244_VILH",0,1,"PIN17",1,"P1","","",***,"",***,"","",***,"P",20.284,61.773,""
1,"A244_VILH_C","AP54RH504_tml.VILH","VILH_VCC_5.5000",***,"AP54RHC244_VILH",0,1,"PIN18",1,"P1","","",***,"",***,"","",***,"P",20.284,61.773,""
1,"A244_VILH_C","AP54RH504_tml.VILH","VILH_VCC_5.5000",***,"AP54RHC244_VILH",0,1,"PIN19",1,"P1","","",***,"",***,"","",***,"P",20.284,61.773,""
1,"A244_VILH_C","AP54RH504_tml.VILH","VILH_VCC_5.5000",***,"AP54RHC244_VILH",0,1,"PIN2",1,"P1","","",***,"",***,"","",***,"P",20.284,61.773,""
1,"A244_VILH_C","AP54RH504_tml.VILH","VILH_VCC_5.5000",***,"AP54RHC244_VILH",0,1,"PIN3",1,"P1","","",***,"",***,"","",***,"P",20.284,61.773,""
1,"A244_VILH_C","AP54RH504_tml.VILH","VILH_VCC_5.5000",***,"AP54RHC244_VILH",0,1,"PIN4",1,"P1","","",***,"",***,"","",***,"P",20.284,61.773,""
1,"A244_VILH_C","AP54RH504_tml.VILH","VILH_VCC_5.5000",***,"AP54RHC244_VILH",0,1,"PIN5",1,"P1","","",***,"",***,"","",***,"P",20.284,61.773,""
1,"A244_VILH_C","AP54RH504_tml.VILH","VILH_VCC_5.5000",***,"AP54RHC244_VILH",0,1,"PIN6",1,"P1","","",***,"",***,"","",***,"P",20.284,61.773,""
1,"A244_VILH_C","AP54RH504_tml.VILH","VILH_VCC_5.5000",***,"AP54RHC244_VILH",0,1,"PIN7",1,"P1","","",***,"",***,"","",***,"P",20.284,61.773,""
1,"A244_VILH_C","AP54RH504_tml.VILH","VILH_VCC_5.5000",***,"AP54RHC244_VILH",0,1,"PIN8",1,"P1","","",***,"",***,"","",***,"P",20.284,61.773,""
1,"A244_VILH_C","AP54RH504_tml.VILH","VILH_VCC_5.5000",***,"AP54RHC244_VILH",0,1,"PIN9",1,"P1","","",***,"",***,"","",***,"P",20.284,61.773,""
1,"A244_VILH_C","AP54RH504_tml.VILH","VILH_VCC_4.5000",***,"AP54RHC244_VILH",0,1,"PIN1",1,"P1","","",***,"",***,"","",***,"P",4.053,61.773,""
1,"A244_VILH_C","AP54RH504_tml.VILH","VILH_VCC_4.5000",***,"AP54RHC244_VILH",0,1,"PIN11",1,"P1","","",***,"",***,"","",***,"P",4.053,61.773,""
1,"A244_VILH_C","AP54RH504_tml.VILH","VILH_VCC_4.5000",***,"AP54RHC244_VILH",0,1,"PIN12",1,"P1","","",***,"",***,"","",***,"P",4.053,61.773,""
1,"A244_VILH_C","AP54RH504_tml.VILH","VILH_VCC_4.5000",***,"AP54RHC244_VILH",0,1,"PIN13",1,"P1","","",***,"",***,"","",***,"P",4.053,61.773,""
1,"A244_VILH_C","AP54RH504_tml.VILH","VILH_VCC_4.5000",***,"AP54RHC244_VILH",0,1,"PIN14",1,"P1","","",***,"",***,"","",***,"P",4.053,61.773,""
1,"A244_VILH_C","AP54RH504_tml.VILH","VILH_VCC_4.5000",***,"AP54RHC244_VILH",0,1,"PIN15",1,"P1","","",***,"",***,"","",***,"P",4.053,61.773,""
1,"A244_VILH_C","AP54RH504_tml.VILH","VILH_VCC_4.5000",***,"AP54RHC244_VILH",0,1,"PIN16",1,"P1","","",***,"",***,"","",***,"P",4.053,61.773,""
1,"A244_VILH_C","AP54RH504_tml.VILH","VILH_VCC_4.5000",***,"AP54RHC244_VILH",0,1,"PIN17",1,"P1","","",***,"",***,"","",***,"P",4.053,61.773,""
1,"A244_VILH_C","AP54RH504_tml.VILH","VILH_VCC_4.5000",***,"AP54RHC244_VILH",0,1,"PIN18",1,"P1","","",***,"",***,"","",***,"P",4.053,61.773,""
1,"A244_VILH_C","AP54RH504_tml.VILH","VILH_VCC_4.5000",***,"AP54RHC244_VILH",0,1,"PIN19",1,"P1","","",***,"",***,"","",***,"P",4.053,61.773,""
1,"A244_VILH_C","AP54RH504_tml.VILH","VILH_VCC_4.5000",***,"AP54RHC244_VILH",0,1,"PIN2",1,"P1","","",***,"",***,"","",***,"P",4.053,61.773,""
1,"A244_VILH_C","AP54RH504_tml.VILH","VILH_VCC_4.5000",***,"AP54RHC244_VILH",0,1,"PIN3",1,"P1","","",***,"",***,"","",***,"P",4.053,61.773,""
1,"A244_VILH_C","AP54RH504_tml.VILH","VILH_VCC_4.5000",***,"AP54RHC244_VILH",0,1,"PIN4",1,"P1","","",***,"",***,"","",***,"P",4.053,61.773,""
1,"A244_VILH_C","AP54RH504_tml.VILH","VILH_VCC_4.5000",***,"AP54RHC244_VILH",0,1,"PIN5",1,"P1","","",***,"",***,"","",***,"P",4.053,61.773,""
1,"A244_VILH_C","AP54RH504_tml.VILH","VILH_VCC_4.5000",***,"AP54RHC244_VILH",0,1,"PIN6",1,"P1","","",***,"",***,"","",***,"P",4.053,61.773,""
1,"A244_VILH_C","AP54RH504_tml.VILH","VILH_VCC_4.5000",***,"AP54RHC244_VILH",0,1,"PIN7",1,"P1","","",***,"",***,"","",***,"P",4.053,61.773,""
1,"A244_VILH_C","AP54RH504_tml.VILH","VILH_VCC_4.5000",***,"AP54RHC244_VILH",0,1,"PIN8",1,"P1","","",***,"",***,"","",***,"P",4.053,61.773,""
1,"A244_VILH_C","AP54RH504_tml.VILH","VILH_VCC_4.5000",***,"AP54RHC244_VILH",0,1,"PIN9",1,"P1","","",***,"",***,"","",***,"P",4.053,61.773,""
1,"A244_VILH_C","AP54RH504_tml.VILH","VILH_VCC_3.6000",***,"AP54RHC244_VILH",0,1,"PIN1",1,"P1","","",***,"",***,"","",***,"P",4.992,61.773,""
1,"A244_VILH_C","AP54RH504_tml.VILH","VILH_VCC_3.6000",***,"AP54RHC244_VILH",0,1,"PIN11",1,"P1","","",***,"",***,"","",***,"P",4.992,61.773,""
1,"A244_VILH_C","AP54RH504_tml.VILH","VILH_VCC_3.6000",***,"AP54RHC244_VILH",0,1,"PIN12",1,"P1","","",***,"",***,"","",***,"P",4.992,61.773,""
1,"A244_VILH_C","AP54RH504_tml.VILH","VILH_VCC_3.6000",***,"AP54RHC244_VILH",0,1,"PIN13",1,"P1","","",***,"",***,"","",***,"P",4.992,61.773,""
1,"A244_VILH_C","AP54RH504_tml.VILH","VILH_VCC_3.6000",***,"AP54RHC244_VILH",0,1,"PIN14",1,"P1","","",***,"",***,"","",***,"P",4.992,61.773,""
1,"A244_VILH_C","AP54RH504_tml.VILH","VILH_VCC_3.6000",***,"AP54RHC244_VILH",0,1,"PIN15",1,"P1","","",***,"",***,"","",***,"P",4.992,61.773,""
1,"A244_VILH_C","AP54RH504_tml.VILH","VILH_VCC_3.6000",***,"AP54RHC244_VILH",0,1,"PIN16",1,"P1","","",***,"",***,"","",***,"P",4.992,61.773,""
1,"A244_VILH_C","AP54RH504_tml.VILH","VILH_VCC_3.6000",***,"AP54RHC244_VILH",0,1,"PIN17",1,"P1","","",***,"",***,"","",***,"P",4.992,61.773,""
1,"A244_VILH_C","AP54RH504_tml.VILH","VILH_VCC_3.6000",***,"AP54RHC244_VILH",0,1,"PIN18",1,"P1","","",***,"",***,"","",***,"P",4.992,61.773,""
1,"A244_VILH_C","AP54RH504_tml.VILH","VILH_VCC_3.6000",***,"AP54RHC244_VILH",0,1,"PIN19",1,"P1","","",***,"",***,"","",***,"P",4.992,61.773,""
1,"A244_VILH_C","AP54RH504_tml.VILH","VILH_VCC_3.6000",***,"AP54RHC244_VILH",0,1,"PIN2",1,"P1","","",***,"",***,"","",***,"P",4.992,61.773,""
1,"A244_VILH_C","AP54RH504_tml.VILH","VILH_VCC_3.6000",***,"AP54RHC244_VILH",0,1,"PIN3",1,"P1","","",***,"",***,"","",***,"P",4.992,61.773,""
1,"A244_VILH_C","AP54RH504_tml.VILH","VILH_VCC_3.6000",***,"AP54RHC244_VILH",0,1,"PIN4",1,"P1","","",***,"",***,"","",***,"P",4.992,61.773,""
1,"A244_VILH_C","AP54RH504_tml.VILH","VILH_VCC_3.6000",***,"AP54RHC244_VILH",0,1,"PIN5",1,"P1","","",***,"",***,"","",***,"P",4.992,61.773,""
1,"A244_VILH_C","AP54RH504_tml.VILH","VILH_VCC_3.6000",***,"AP54RHC244_VILH",0,1,"PIN6",1,"P1","","",***,"",***,"","",***,"P",4.992,61.773,""
1,"A244_VILH_C","AP54RH504_tml.VILH","VILH_VCC_3.6000",***,"AP54RHC244_VILH",0,1,"PIN7",1,"P1","","",***,"",***,"","",***,"P",4.992,61.773,""
1,"A244_VILH_C","AP54RH504_tml.VILH","VILH_VCC_3.6000",***,"AP54RHC244_VILH",0,1,"PIN8",1,"P1","","",***,"",***,"","",***,"P",4.992,61.773,""
1,"A244_VILH_C","AP54RH504_tml.VILH","VILH_VCC_3.6000",***,"AP54RHC244_VILH",0,1,"PIN9",1,"P1","","",***,"",***,"","",***,"P",4.992,61.773,""
1,"A244_VILH_C","AP54RH504_tml.VILH","VILH_VCC_3.0000",***,"AP54RHC244_VILH",0,1,"PIN1",1,"P1","","",***,"",***,"","",***,"P",4.049,61.773,""
1,"A244_VILH_C","AP54RH504_tml.VILH","VILH_VCC_3.0000",***,"AP54RHC244_VILH",0,1,"PIN11",1,"P1","","",***,"",***,"","",***,"P",4.049,61.773,""
1,"A244_VILH_C","AP54RH504_tml.VILH","VILH_VCC_3.0000",***,"AP54RHC244_VILH",0,1,"PIN12",1,"P1","","",***,"",***,"","",***,"P",4.049,61.773,""
1,"A244_VILH_C","AP54RH504_tml.VILH","VILH_VCC_3.0000",***,"AP54RHC244_VILH",0,1,"PIN13",1,"P1","","",***,"",***,"","",***,"P",4.049,61.773,""
1,"A244_VILH_C","AP54RH504_tml.VILH","VILH_VCC_3.0000",***,"AP54RHC244_VILH",0,1,"PIN14",1,"P1","","",***,"",***,"","",***,"P",4.049,61.773,""
1,"A244_VILH_C","AP54RH504_tml.VILH","VILH_VCC_3.0000",***,"AP54RHC244_VILH",0,1,"PIN15",1,"P1","","",***,"",***,"","",***,"P",4.049,61.773,""
1,"A244_VILH_C","AP54RH504_tml.VILH","VILH_VCC_3.0000",***,"AP54RHC244_VILH",0,1,"PIN16",1,"P1","","",***,"",***,"","",***,"P",4.049,61.773,""
1,"A244_VILH_C","AP54RH504_tml.VILH","VILH_VCC_3.0000",***,"AP54RHC244_VILH",0,1,"PIN17",1,"P1","","",***,"",***,"","",***,"P",4.049,61.773,""
1,"A244_VILH_C","AP54RH504_tml.VILH","VILH_VCC_3.0000",***,"AP54RHC244_VILH",0,1,"PIN18",1,"P1","","",***,"",***,"","",***,"P",4.049,61.773,""
1,"A244_VILH_C","AP54RH504_tml.VILH","VILH_VCC_3.0000",***,"AP54RHC244_VILH",0,1,"PIN19",1,"P1","","",***,"",***,"","",***,"P",4.049,61.773,""
1,"A244_VILH_C","AP54RH504_tml.VILH","VILH_VCC_3.0000",***,"AP54RHC244_VILH",0,1,"PIN2",1,"P1","","",***,"",***,"","",***,"P",4.049,61.773,""
1,"A244_VILH_C","AP54RH504_tml.VILH","VILH_VCC_3.0000",***,"AP54RHC244_VILH",0,1,"PIN3",1,"P1","","",***,"",***,"","",***,"P",4.049,61.773,""
1,"A244_VILH_C","AP54RH504_tml.VILH","VILH_VCC_3.0000",***,"AP54RHC244_VILH",0,1,"PIN4",1,"P1","","",***,"",***,"","",***,"P",4.049,61.773,""
1,"A244_VILH_C","AP54RH504_tml.VILH","VILH_VCC_3.0000",***,"AP54RHC244_VILH",0,1,"PIN5",1,"P1","","",***,"",***,"","",***,"P",4.049,61.773,""
1,"A244_VILH_C","AP54RH504_tml.VILH","VILH_VCC_3.0000",***,"AP54RHC244_VILH",0,1,"PIN6",1,"P1","","",***,"",***,"","",***,"P",4.049,61.773,""
1,"A244_VILH_C","AP54RH504_tml.VILH","VILH_VCC_3.0000",***,"AP54RHC244_VILH",0,1,"PIN7",1,"P1","","",***,"",***,"","",***,"P",4.049,61.773,""
1,"A244_VILH_C","AP54RH504_tml.VILH","VILH_VCC_3.0000",***,"AP54RHC244_VILH",0,1,"PIN8",1,"P1","","",***,"",***,"","",***,"P",4.049,61.773,""
1,"A244_VILH_C","AP54RH504_tml.VILH","VILH_VCC_3.0000",***,"AP54RHC244_VILH",0,1,"PIN9",1,"P1","","",***,"",***,"","",***,"P",4.049,61.773,""
1,"A244_VILH_C","AP54RH504_tml.VILH","VILH_VCC_2.7000",***,"AP54RHC244_VILH",0,1,"PIN1",1,"P1","","",***,"",***,"","",***,"P",5.672,61.773,""
1,"A244_VILH_C","AP54RH504_tml.VILH","VILH_VCC_2.7000",***,"AP54RHC244_VILH",0,1,"PIN11",1,"P1","","",***,"",***,"","",***,"P",5.672,61.773,""
1,"A244_VILH_C","AP54RH504_tml.VILH","VILH_VCC_2.7000",***,"AP54RHC244_VILH",0,1,"PIN12",1,"P1","","",***,"",***,"","",***,"P",5.672,61.773,""
1,"A244_VILH_C","AP54RH504_tml.VILH","VILH_VCC_2.7000",***,"AP54RHC244_VILH",0,1,"PIN13",1,"P1","","",***,"",***,"","",***,"P",5.672,61.773,""
1,"A244_VILH_C","AP54RH504_tml.VILH","VILH_VCC_2.7000",***,"AP54RHC244_VILH",0,1,"PIN14",1,"P1","","",***,"",***,"","",***,"P",5.672,61.773,""
1,"A244_VILH_C","AP54RH504_tml.VILH","VILH_VCC_2.7000",***,"AP54RHC244_VILH",0,1,"PIN15",1,"P1","","",***,"",***,"","",***,"P",5.672,61.773,""
1,"A244_VILH_C","AP54RH504_tml.VILH","VILH_VCC_2.7000",***,"AP54RHC244_VILH",0,1,"PIN16",1,"P1","","",***,"",***,"","",***,"P",5.672,61.773,""
1,"A244_VILH_C","AP54RH504_tml.VILH","VILH_VCC_2.7000",***,"AP54RHC244_VILH",0,1,"PIN17",1,"P1","","",***,"",***,"","",***,"P",5.672,61.773,""
1,"A244_VILH_C","AP54RH504_tml.VILH","VILH_VCC_2.7000",***,"AP54RHC244_VILH",0,1,"PIN18",1,"P1","","",***,"",***,"","",***,"P",5.672,61.773,""
1,"A244_VILH_C","AP54RH504_tml.VILH","VILH_VCC_2.7000",***,"AP54RHC244_VILH",0,1,"PIN19",1,"P1","","",***,"",***,"","",***,"P",5.672,61.773,""
1,"A244_VILH_C","AP54RH504_tml.VILH","VILH_VCC_2.7000",***,"AP54RHC244_VILH",0,1,"PIN2",1,"P1","","",***,"",***,"","",***,"P",5.672,61.773,""
1,"A244_VILH_C","AP54RH504_tml.VILH","VILH_VCC_2.7000",***,"AP54RHC244_VILH",0,1,"PIN3",1,"P1","","",***,"",***,"","",***,"P",5.672,61.773,""
1,"A244_VILH_C","AP54RH504_tml.VILH","VILH_VCC_2.7000",***,"AP54RHC244_VILH",0,1,"PIN4",1,"P1","","",***,"",***,"","",***,"P",5.672,61.773,""
1,"A244_VILH_C","AP54RH504_tml.VILH","VILH_VCC_2.7000",***,"AP54RHC244_VILH",0,1,"PIN5",1,"P1","","",***,"",***,"","",***,"P",5.672,61.773,""
1,"A244_VILH_C","AP54RH504_tml.VILH","VILH_VCC_2.7000",***,"AP54RHC244_VILH",0,1,"PIN6",1,"P1","","",***,"",***,"","",***,"P",5.672,61.773,""
1,"A244_VILH_C","AP54RH504_tml.VILH","VILH_VCC_2.7000",***,"AP54RHC244_VILH",0,1,"PIN7",1,"P1","","",***,"",***,"","",***,"P",5.672,61.773,""
1,"A244_VILH_C","AP54RH504_tml.VILH","VILH_VCC_2.7000",***,"AP54RHC244_VILH",0,1,"PIN8",1,"P1","","",***,"",***,"","",***,"P",5.672,61.773,""
1,"A244_VILH_C","AP54RH504_tml.VILH","VILH_VCC_2.7000",***,"AP54RHC244_VILH",0,1,"PIN9",1,"P1","","",***,"",***,"","",***,"P",5.672,61.773,""
1,"A244_VILH_C","AP54RH504_tml.VILH","VILH_VCC_2.3000",***,"AP54RHC244_VILH",0,1,"PIN1",1,"P1","","",***,"",***,"","",***,"P",4.004,61.773,""
1,"A244_VILH_C","AP54RH504_tml.VILH","VILH_VCC_2.3000",***,"AP54RHC244_VILH",0,1,"PIN11",1,"P1","","",***,"",***,"","",***,"P",4.004,61.773,""
1,"A244_VILH_C","AP54RH504_tml.VILH","VILH_VCC_2.3000",***,"AP54RHC244_VILH",0,1,"PIN12",1,"P1","","",***,"",***,"","",***,"P",4.004,61.773,""
1,"A244_VILH_C","AP54RH504_tml.VILH","VILH_VCC_2.3000",***,"AP54RHC244_VILH",0,1,"PIN13",1,"P1","","",***,"",***,"","",***,"P",4.004,61.773,""
1,"A244_VILH_C","AP54RH504_tml.VILH","VILH_VCC_2.3000",***,"AP54RHC244_VILH",0,1,"PIN14",1,"P1","","",***,"",***,"","",***,"P",4.004,61.773,""
1,"A244_VILH_C","AP54RH504_tml.VILH","VILH_VCC_2.3000",***,"AP54RHC244_VILH",0,1,"PIN15",1,"P1","","",***,"",***,"","",***,"P",4.004,61.773,""
1,"A244_VILH_C","AP54RH504_tml.VILH","VILH_VCC_2.3000",***,"AP54RHC244_VILH",0,1,"PIN16",1,"P1","","",***,"",***,"","",***,"P",4.004,61.773,""
1,"A244_VILH_C","AP54RH504_tml.VILH","VILH_VCC_2.3000",***,"AP54RHC244_VILH",0,1,"PIN17",1,"P1","","",***,"",***,"","",***,"P",4.004,61.773,""
1,"A244_VILH_C","AP54RH504_tml.VILH","VILH_VCC_2.3000",***,"AP54RHC244_VILH",0,1,"PIN18",1,"P1","","",***,"",***,"","",***,"P",4.004,61.773,""
1,"A244_VILH_C","AP54RH504_tml.VILH","VILH_VCC_2.3000",***,"AP54RHC244_VILH",0,1,"PIN19",1,"P1","","",***,"",***,"","",***,"P",4.004,61.773,""
1,"A244_VILH_C","AP54RH504_tml.VILH","VILH_VCC_2.3000",***,"AP54RHC244_VILH",0,1,"PIN2",1,"P1","","",***,"",***,"","",***,"P",4.004,61.773,""
1,"A244_VILH_C","AP54RH504_tml.VILH","VILH_VCC_2.3000",***,"AP54RHC244_VILH",0,1,"PIN3",1,"P1","","",***,"",***,"","",***,"P",4.004,61.773,""
1,"A244_VILH_C","AP54RH504_tml.VILH","VILH_VCC_2.3000",***,"AP54RHC244_VILH",0,1,"PIN4",1,"P1","","",***,"",***,"","",***,"P",4.004,61.773,""
1,"A244_VILH_C","AP54RH504_tml.VILH","VILH_VCC_2.3000",***,"AP54RHC244_VILH",0,1,"PIN5",1,"P1","","",***,"",***,"","",***,"P",4.004,61.773,""
1,"A244_VILH_C","AP54RH504_tml.VILH","VILH_VCC_2.3000",***,"AP54RHC244_VILH",0,1,"PIN6",1,"P1","","",***,"",***,"","",***,"P",4.004,61.773,""
1,"A244_VILH_C","AP54RH504_tml.VILH","VILH_VCC_2.3000",***,"AP54RHC244_VILH",0,1,"PIN7",1,"P1","","",***,"",***,"","",***,"P",4.004,61.773,""
1,"A244_VILH_C","AP54RH504_tml.VILH","VILH_VCC_2.3000",***,"AP54RHC244_VILH",0,1,"PIN8",1,"P1","","",***,"",***,"","",***,"P",4.004,61.773,""
1,"A244_VILH_C","AP54RH504_tml.VILH","VILH_VCC_2.3000",***,"AP54RHC244_VILH",0,1,"PIN9",1,"P1","","",***,"",***,"","",***,"P",4.004,61.773,""
1,"A244_VILH_C","AP54RH504_tml.VILH","VILH_VCC_1.9500",***,"AP54RHC244_VILH",0,1,"PIN1",1,"P1","","",***,"",***,"","",***,"P",4.994,61.773,""
1,"A244_VILH_C","AP54RH504_tml.VILH","VILH_VCC_1.9500",***,"AP54RHC244_VILH",0,1,"PIN11",1,"P1","","",***,"",***,"","",***,"P",4.994,61.773,""
1,"A244_VILH_C","AP54RH504_tml.VILH","VILH_VCC_1.9500",***,"AP54RHC244_VILH",0,1,"PIN12",1,"P1","","",***,"",***,"","",***,"P",4.994,61.773,""
1,"A244_VILH_C","AP54RH504_tml.VILH","VILH_VCC_1.9500",***,"AP54RHC244_VILH",0,1,"PIN13",1,"P1","","",***,"",***,"","",***,"P",4.994,61.773,""
1,"A244_VILH_C","AP54RH504_tml.VILH","VILH_VCC_1.9500",***,"AP54RHC244_VILH",0,1,"PIN14",1,"P1","","",***,"",***,"","",***,"P",4.994,61.773,""
1,"A244_VILH_C","AP54RH504_tml.VILH","VILH_VCC_1.9500",***,"AP54RHC244_VILH",0,1,"PIN15",1,"P1","","",***,"",***,"","",***,"P",4.994,61.773,""
1,"A244_VILH_C","AP54RH504_tml.VILH","VILH_VCC_1.9500",***,"AP54RHC244_VILH",0,1,"PIN16",1,"P1","","",***,"",***,"","",***,"P",4.994,61.773,""
1,"A244_VILH_C","AP54RH504_tml.VILH","VILH_VCC_1.9500",***,"AP54RHC244_VILH",0,1,"PIN17",1,"P1","","",***,"",***,"","",***,"P",4.994,61.773,""
1,"A244_VILH_C","AP54RH504_tml.VILH","VILH_VCC_1.9500",***,"AP54RHC244_VILH",0,1,"PIN18",1,"P1","","",***,"",***,"","",***,"P",4.994,61.773,""
1,"A244_VILH_C","AP54RH504_tml.VILH","VILH_VCC_1.9500",***,"AP54RHC244_VILH",0,1,"PIN19",1,"P1","","",***,"",***,"","",***,"P",4.994,61.773,""
1,"A244_VILH_C","AP54RH504_tml.VILH","VILH_VCC_1.9500",***,"AP54RHC244_VILH",0,1,"PIN2",1,"P1","","",***,"",***,"","",***,"P",4.994,61.773,""
1,"A244_VILH_C","AP54RH504_tml.VILH","VILH_VCC_1.9500",***,"AP54RHC244_VILH",0,1,"PIN3",1,"P1","","",***,"",***,"","",***,"P",4.994,61.773,""
1,"A244_VILH_C","AP54RH504_tml.VILH","VILH_VCC_1.9500",***,"AP54RHC244_VILH",0,1,"PIN4",1,"P1","","",***,"",***,"","",***,"P",4.994,61.773,""
1,"A244_VILH_C","AP54RH504_tml.VILH","VILH_VCC_1.9500",***,"AP54RHC244_VILH",0,1,"PIN5",1,"P1","","",***,"",***,"","",***,"P",4.994,61.773,""
1,"A244_VILH_C","AP54RH504_tml.VILH","VILH_VCC_1.9500",***,"AP54RHC244_VILH",0,1,"PIN6",1,"P1","","",***,"",***,"","",***,"P",4.994,61.773,""
1,"A244_VILH_C","AP54RH504_tml.VILH","VILH_VCC_1.9500",***,"AP54RHC244_VILH",0,1,"PIN7",1,"P1","","",***,"",***,"","",***,"P",4.994,61.773,""
1,"A244_VILH_C","AP54RH504_tml.VILH","VILH_VCC_1.9500",***,"AP54RHC244_VILH",0,1,"PIN8",1,"P1","","",***,"",***,"","",***,"P",4.994,61.773,""
1,"A244_VILH_C","AP54RH504_tml.VILH","VILH_VCC_1.9500",***,"AP54RHC244_VILH",0,1,"PIN9",1,"P1","","",***,"",***,"","",***,"P",4.994,61.773,""
1,"A244_VILH_C","AP54RH504_tml.VILH","VILH_VCC_1.6500",***,"AP54RHC244_VILH",0,1,"PIN1",1,"P1","","",***,"",***,"","",***,"P",4.752,61.773,""
1,"A244_VILH_C","AP54RH504_tml.VILH","VILH_VCC_1.6500",***,"AP54RHC244_VILH",0,1,"PIN11",1,"P1","","",***,"",***,"","",***,"P",4.752,61.773,""
1,"A244_VILH_C","AP54RH504_tml.VILH","VILH_VCC_1.6500",***,"AP54RHC244_VILH",0,1,"PIN12",1,"P1","","",***,"",***,"","",***,"P",4.752,61.773,""
1,"A244_VILH_C","AP54RH504_tml.VILH","VILH_VCC_1.6500",***,"AP54RHC244_VILH",0,1,"PIN13",1,"P1","","",***,"",***,"","",***,"P",4.752,61.773,""
1,"A244_VILH_C","AP54RH504_tml.VILH","VILH_VCC_1.6500",***,"AP54RHC244_VILH",0,1,"PIN14",1,"P1","","",***,"",***,"","",***,"P",4.752,61.773,""
1,"A244_VILH_C","AP54RH504_tml.VILH","VILH_VCC_1.6500",***,"AP54RHC244_VILH",0,1,"PIN15",1,"P1","","",***,"",***,"","",***,"P",4.752,61.773,""
1,"A244_VILH_C","AP54RH504_tml.VILH","VILH_VCC_1.6500",***,"AP54RHC244_VILH",0,1,"PIN16",1,"P1","","",***,"",***,"","",***,"P",4.752,61.773,""
1,"A244_VILH_C","AP54RH504_tml.VILH","VILH_VCC_1.6500",***,"AP54RHC244_VILH",0,1,"PIN17",1,"P1","","",***,"",***,"","",***,"P",4.752,61.773,""
1,"A244_VILH_C","AP54RH504_tml.VILH","VILH_VCC_1.6500",***,"AP54RHC244_VILH",0,1,"PIN18",1,"P1","","",***,"",***,"","",***,"P",4.752,61.773,""
1,"A244_VILH_C","AP54RH504_tml.VILH","VILH_VCC_1.6500",***,"AP54RHC244_VILH",0,1,"PIN19",1,"P1","","",***,"",***,"","",***,"P",4.752,61.773,""
1,"A244_VILH_C","AP54RH504_tml.VILH","VILH_VCC_1.6500",***,"AP54RHC244_VILH",0,1,"PIN2",1,"P1","","",***,"",***,"","",***,"P",4.752,61.773,""
1,"A244_VILH_C","AP54RH504_tml.VILH","VILH_VCC_1.6500",***,"AP54RHC244_VILH",0,1,"PIN3",1,"P1","","",***,"",***,"","",***,"P",4.752,61.773,""
1,"A244_VILH_C","AP54RH504_tml.VILH","VILH_VCC_1.6500",***,"AP54RHC244_VILH",0,1,"PIN4",1,"P1","","",***,"",***,"","",***,"P",4.752,61.773,""
1,"A244_VILH_C","AP54RH504_tml.VILH","VILH_VCC_1.6500",***,"AP54RHC244_VILH",0,1,"PIN5",1,"P1","","",***,"",***,"","",***,"P",4.752,61.773,""
1,"A244_VILH_C","AP54RH504_tml.VILH","VILH_VCC_1.6500",***,"AP54RHC244_VILH",0,1,"PIN6",1,"P1","","",***,"",***,"","",***,"P",4.752,61.773,""
1,"A244_VILH_C","AP54RH504_tml.VILH","VILH_VCC_1.6500",***,"AP54RHC244_VILH",0,1,"PIN7",1,"P1","","",***,"",***,"","",***,"P",4.752,61.773,""
1,"A244_VILH_C","AP54RH504_tml.VILH","VILH_VCC_1.6500",***,"AP54RHC244_VILH",0,1,"PIN8",1,"P1","","",***,"",***,"","",***,"P",4.752,61.773,""
1,"A244_VILH_C","AP54RH504_tml.VILH","VILH_VCC_1.6500",***,"AP54RHC244_VILH",0,1,"PIN9",1,"P1","","",***,"",***,"","",***,"P",4.752,61.773,""
1,"A244_VILH_C","AP54RH504_tml.VILH","VILH_VCC_1.4000",***,"AP54RHC244_VILH",0,1,"PIN1",1,"P1","","",***,"",***,"","",***,"P",5.301,61.773,""
1,"A244_VILH_C","AP54RH504_tml.VILH","VILH_VCC_1.4000",***,"AP54RHC244_VILH",0,1,"PIN11",1,"P1","","",***,"",***,"","",***,"P",5.301,61.773,""
1,"A244_VILH_C","AP54RH504_tml.VILH","VILH_VCC_1.4000",***,"AP54RHC244_VILH",0,1,"PIN12",1,"P1","","",***,"",***,"","",***,"P",5.301,61.773,""
1,"A244_VILH_C","AP54RH504_tml.VILH","VILH_VCC_1.4000",***,"AP54RHC244_VILH",0,1,"PIN13",1,"P1","","",***,"",***,"","",***,"P",5.301,61.773,""
1,"A244_VILH_C","AP54RH504_tml.VILH","VILH_VCC_1.4000",***,"AP54RHC244_VILH",0,1,"PIN14",1,"P1","","",***,"",***,"","",***,"P",5.301,61.773,""
1,"A244_VILH_C","AP54RH504_tml.VILH","VILH_VCC_1.4000",***,"AP54RHC244_VILH",0,1,"PIN15",1,"P1","","",***,"",***,"","",***,"P",5.301,61.773,""
1,"A244_VILH_C","AP54RH504_tml.VILH","VILH_VCC_1.4000",***,"AP54RHC244_VILH",0,1,"PIN16",1,"P1","","",***,"",***,"","",***,"P",5.301,61.773,""
1,"A244_VILH_C","AP54RH504_tml.VILH","VILH_VCC_1.4000",***,"AP54RHC244_VILH",0,1,"PIN17",1,"P1","","",***,"",***,"","",***,"P",5.301,61.773,""
1,"A244_VILH_C","AP54RH504_tml.VILH","VILH_VCC_1.4000",***,"AP54RHC244_VILH",0,1,"PIN18",1,"P1","","",***,"",***,"","",***,"P",5.301,61.773,""
1,"A244_VILH_C","AP54RH504_tml.VILH","VILH_VCC_1.4000",***,"AP54RHC244_VILH",0,1,"PIN19",1,"P1","","",***,"",***,"","",***,"P",5.301,61.773,""
1,"A244_VILH_C","AP54RH504_tml.VILH","VILH_VCC_1.4000",***,"AP54RHC244_VILH",0,1,"PIN2",1,"P1","","",***,"",***,"","",***,"P",5.301,61.773,""
1,"A244_VILH_C","AP54RH504_tml.VILH","VILH_VCC_1.4000",***,"AP54RHC244_VILH",0,1,"PIN3",1,"P1","","",***,"",***,"","",***,"P",5.301,61.773,""
1,"A244_VILH_C","AP54RH504_tml.VILH","VILH_VCC_1.4000",***,"AP54RHC244_VILH",0,1,"PIN4",1,"P1","","",***,"",***,"","",***,"P",5.301,61.773,""
1,"A244_VILH_C","AP54RH504_tml.VILH","VILH_VCC_1.4000",***,"AP54RHC244_VILH",0,1,"PIN5",1,"P1","","",***,"",***,"","",***,"P",5.301,61.773,""
1,"A244_VILH_C","AP54RH504_tml.VILH","VILH_VCC_1.4000",***,"AP54RHC244_VILH",0,1,"PIN6",1,"P1","","",***,"",***,"","",***,"P",5.301,61.773,""
1,"A244_VILH_C","AP54RH504_tml.VILH","VILH_VCC_1.4000",***,"AP54RHC244_VILH",0,1,"PIN7",1,"P1","","",***,"",***,"","",***,"P",5.301,61.773,""
1,"A244_VILH_C","AP54RH504_tml.VILH","VILH_VCC_1.4000",***,"AP54RHC244_VILH",0,1,"PIN8",1,"P1","","",***,"",***,"","",***,"P",5.301,61.773,""
1,"A244_VILH_C","AP54RH504_tml.VILH","VILH_VCC_1.4000",***,"AP54RHC244_VILH",0,1,"PIN9",1,"P1","","",***,"",***,"","",***,"P",5.301,61.773,""
1,"A244_VOLH_C","AP54RH504_tml.VOL_VOH","VOL_VCCY_1.40_IOL_0.10",24411720,"AP54RHC244_TRUTH_TABLE",0,1,"PIN12",1,"P1","","",0,"<=",0.007221,"V","<=",0.03,"P",28.094,599.822,""
1,"A244_VOLH_C","AP54RH504_tml.VOL_VOH","VOL_VCCY_1.40_IOL_0.10",24411720,"AP54RHC244_TRUTH_TABLE",0,1,"PIN14",1,"P1","","",0,"<=",0.007221,"V","<=",0.03,"P",28.094,599.822,""
1,"A244_VOLH_C","AP54RH504_tml.VOL_VOH","VOL_VCCY_1.40_IOL_0.10",24411720,"AP54RHC244_TRUTH_TABLE",0,1,"PIN16",1,"P1","","",0,"<=",0.007115,"V","<=",0.03,"P",28.094,599.822,""
1,"A244_VOLH_C","AP54RH504_tml.VOL_VOH","VOL_VCCY_1.40_IOL_0.10",24411720,"AP54RHC244_TRUTH_TABLE",0,1,"PIN18",1,"P1","","",0,"<=",0.007002,"V","<=",0.03,"P",28.094,599.822,""
1,"A244_VOLH_C","AP54RH504_tml.VOL_VOH","VOL_VCCY_1.40_IOL_0.10",24411720,"AP54RHC244_TRUTH_TABLE",0,1,"PIN3",1,"P1","","",0,"<=",0.007002,"V","<=",0.03,"P",28.094,599.822,""
1,"A244_VOLH_C","AP54RH504_tml.VOL_VOH","VOL_VCCY_1.40_IOL_0.10",24411720,"AP54RHC244_TRUTH_TABLE",0,1,"PIN5",1,"P1","","",0,"<=",0.007002,"V","<=",0.03,"P",28.094,599.822,""
1,"A244_VOLH_C","AP54RH504_tml.VOL_VOH","VOL_VCCY_1.40_IOL_0.10",24411720,"AP54RHC244_TRUTH_TABLE",0,1,"PIN7",1,"P1","","",0,"<=",0.007107,"V","<=",0.03,"P",28.094,599.822,""
1,"A244_VOLH_C","AP54RH504_tml.VOL_VOH","VOL_VCCY_1.40_IOL_0.10",24411720,"AP54RHC244_TRUTH_TABLE",0,1,"PIN9",1,"P1","","",0,"<=",0.007107,"V","<=",0.03,"P",28.094,599.822,""
1,"A244_VOLH_C","AP54RH504_tml.VOL_VOH","VOH_VCCY_1.40_IOH_-0.10",24411730,"AP54RHC244_TRUTH_TABLE",0,1,"PIN12",1,"P1","","",1.37,"<=",1.39315,"V","<=",1.4,"P",10.365,599.822,""
1,"A244_VOLH_C","AP54RH504_tml.VOL_VOH","VOH_VCCY_1.40_IOH_-0.10",24411730,"AP54RHC244_TRUTH_TABLE",0,1,"PIN14",1,"P1","","",1.37,"<=",1.39306,"V","<=",1.4,"P",10.365,599.822,""
1,"A244_VOLH_C","AP54RH504_tml.VOL_VOH","VOH_VCCY_1.40_IOH_-0.10",24411730,"AP54RHC244_TRUTH_TABLE",0,1,"PIN16",1,"P1","","",1.37,"<=",1.3929,"V","<=",1.4,"P",10.365,599.822,""
1,"A244_VOLH_C","AP54RH504_tml.VOL_VOH","VOH_VCCY_1.40_IOH_-0.10",24411730,"AP54RHC244_TRUTH_TABLE",0,1,"PIN18",1,"P1","","",1.37,"<=",1.39265,"V","<=",1.4,"P",10.365,599.822,""
1,"A244_VOLH_C","AP54RH504_tml.VOL_VOH","VOH_VCCY_1.40_IOH_-0.10",24411730,"AP54RHC244_TRUTH_TABLE",0,1,"PIN3",1,"P1","","",1.37,"<=",1.39268,"V","<=",1.4,"P",10.365,599.822,""
1,"A244_VOLH_C","AP54RH504_tml.VOL_VOH","VOH_VCCY_1.40_IOH_-0.10",24411730,"AP54RHC244_TRUTH_TABLE",0,1,"PIN5",1,"P1","","",1.37,"<=",1.39242,"V","<=",1.4,"P",10.365,599.822,""
1,"A244_VOLH_C","AP54RH504_tml.VOL_VOH","VOH_VCCY_1.40_IOH_-0.10",24411730,"AP54RHC244_TRUTH_TABLE",0,1,"PIN7",1,"P1","","",1.37,"<=",1.39246,"V","<=",1.4,"P",10.365,599.822,""
1,"A244_VOLH_C","AP54RH504_tml.VOL_VOH","VOH_VCCY_1.40_IOH_-0.10",24411730,"AP54RHC244_TRUTH_TABLE",0,1,"PIN9",1,"P1","","",1.37,"<=",1.39241,"V","<=",1.4,"P",10.365,599.822,""
1,"A244_VOLH_C","AP54RH504_tml.VOL_VOH","VOL_VCCY_5.50_IOL_0.10",24411220,"AP54RHC244_TRUTH_TABLE",0,1,"PIN12",1,"P1","","",0,"<=",0.003409,"V","<=",0.03,"P",17.923,599.822,""
1,"A244_VOLH_C","AP54RH504_tml.VOL_VOH","VOL_VCCY_5.50_IOL_0.10",24411220,"AP54RHC244_TRUTH_TABLE",0,1,"PIN14",1,"P1","","",0,"<=",0.003409,"V","<=",0.03,"P",17.923,599.822,""
1,"A244_VOLH_C","AP54RH504_tml.VOL_VOH","VOL_VCCY_5.50_IOL_0.10",24411220,"AP54RHC244_TRUTH_TABLE",0,1,"PIN16",1,"P1","","",0,"<=",0.003299,"V","<=",0.03,"P",17.923,599.822,""
1,"A244_VOLH_C","AP54RH504_tml.VOL_VOH","VOL_VCCY_5.50_IOL_0.10",24411220,"AP54RHC244_TRUTH_TABLE",0,1,"PIN18",1,"P1","","",0,"<=",0.003128,"V","<=",0.03,"P",17.923,599.822,""
1,"A244_VOLH_C","AP54RH504_tml.VOL_VOH","VOL_VCCY_5.50_IOL_0.10",24411220,"AP54RHC244_TRUTH_TABLE",0,1,"PIN3",1,"P1","","",0,"<=",0.003299,"V","<=",0.03,"P",17.923,599.822,""
1,"A244_VOLH_C","AP54RH504_tml.VOL_VOH","VOL_VCCY_5.50_IOL_0.10",24411220,"AP54RHC244_TRUTH_TABLE",0,1,"PIN5",1,"P1","","",0,"<=",0.003185,"V","<=",0.03,"P",17.923,599.822,""
1,"A244_VOLH_C","AP54RH504_tml.VOL_VOH","VOL_VCCY_5.50_IOL_0.10",24411220,"AP54RHC244_TRUTH_TABLE",0,1,"PIN7",1,"P1","","",0,"<=",0.003409,"V","<=",0.03,"P",17.923,599.822,""
1,"A244_VOLH_C","AP54RH504_tml.VOL_VOH","VOL_VCCY_5.50_IOL_0.10",24411220,"AP54RHC244_TRUTH_TABLE",0,1,"PIN9",1,"P1","","",0,"<=",0.003296,"V","<=",0.03,"P",17.923,599.822,""
1,"A244_VOLH_C","AP54RH504_tml.VOL_VOH","VOH_VCCY_5.50_IOH_-0.10",24411230,"AP54RHC244_TRUTH_TABLE",0,1,"PIN12",1,"P1","","",5.405,"<=",5.49441,"V","<=",5.5,"P",8.232,599.822,""
1,"A244_VOLH_C","AP54RH504_tml.VOL_VOH","VOH_VCCY_5.50_IOH_-0.10",24411230,"AP54RHC244_TRUTH_TABLE",0,1,"PIN14",1,"P1","","",5.405,"<=",5.49426,"V","<=",5.5,"P",8.232,599.822,""
1,"A244_VOLH_C","AP54RH504_tml.VOL_VOH","VOH_VCCY_5.50_IOH_-0.10",24411230,"AP54RHC244_TRUTH_TABLE",0,1,"PIN16",1,"P1","","",5.405,"<=",5.49429,"V","<=",5.5,"P",8.232,599.822,""
1,"A244_VOLH_C","AP54RH504_tml.VOL_VOH","VOH_VCCY_5.50_IOH_-0.10",24411230,"AP54RHC244_TRUTH_TABLE",0,1,"PIN18",1,"P1","","",5.405,"<=",5.49412,"V","<=",5.5,"P",8.232,599.822,""
1,"A244_VOLH_C","AP54RH504_tml.VOL_VOH","VOH_VCCY_5.50_IOH_-0.10",24411230,"AP54RHC244_TRUTH_TABLE",0,1,"PIN3",1,"P1","","",5.405,"<=",5.49412,"V","<=",5.5,"P",8.232,599.822,""
1,"A244_VOLH_C","AP54RH504_tml.VOL_VOH","VOH_VCCY_5.50_IOH_-0.10",24411230,"AP54RHC244_TRUTH_TABLE",0,1,"PIN5",1,"P1","","",5.405,"<=",5.49399,"V","<=",5.5,"P",8.232,599.822,""
1,"A244_VOLH_C","AP54RH504_tml.VOL_VOH","VOH_VCCY_5.50_IOH_-0.10",24411230,"AP54RHC244_TRUTH_TABLE",0,1,"PIN7",1,"P1","","",5.405,"<=",5.49384,"V","<=",5.5,"P",8.232,599.822,""
1,"A244_VOLH_C","AP54RH504_tml.VOL_VOH","VOH_VCCY_5.50_IOH_-0.10",24411230,"AP54RHC244_TRUTH_TABLE",0,1,"PIN9",1,"P1","","",5.405,"<=",5.49378,"V","<=",5.5,"P",8.232,599.822,""
1,"A244_VOLH_C","AP54RH504_tml.VOL_VOH","VOL_VCCY_1.65_IOL_1.00",24411240,"AP54RHC244_TRUTH_TABLE",0,1,"PIN12",1,"P1","","",0,"<=",0.058767,"V","<=",0.075,"P",8.495,599.822,""
1,"A244_VOLH_C","AP54RH504_tml.VOL_VOH","VOL_VCCY_1.65_IOL_1.00",24411240,"AP54RHC244_TRUTH_TABLE",0,1,"PIN14",1,"P1","","",0,"<=",0.058711,"V","<=",0.075,"P",8.495,599.822,""
1,"A244_VOLH_C","AP54RH504_tml.VOL_VOH","VOL_VCCY_1.65_IOL_1.00",24411240,"AP54RHC244_TRUTH_TABLE",0,1,"PIN16",1,"P1","","",0,"<=",0.058888,"V","<=",0.075,"P",8.495,599.822,""
1,"A244_VOLH_C","AP54RH504_tml.VOL_VOH","VOL_VCCY_1.65_IOL_1.00",24411240,"AP54RHC244_TRUTH_TABLE",0,1,"PIN18",1,"P1","","",0,"<=",0.058491,"V","<=",0.075,"P",8.495,599.822,""
1,"A244_VOLH_C","AP54RH504_tml.VOL_VOH","VOL_VCCY_1.65_IOL_1.00",24411240,"AP54RHC244_TRUTH_TABLE",0,1,"PIN3",1,"P1","","",0,"<=",0.058378,"V","<=",0.075,"P",8.495,599.822,""
1,"A244_VOLH_C","AP54RH504_tml.VOL_VOH","VOL_VCCY_1.65_IOL_1.00",24411240,"AP54RHC244_TRUTH_TABLE",0,1,"PIN5",1,"P1","","",0,"<=",0.058434,"V","<=",0.075,"P",8.495,599.822,""
1,"A244_VOLH_C","AP54RH504_tml.VOL_VOH","VOL_VCCY_1.65_IOL_1.00",24411240,"AP54RHC244_TRUTH_TABLE",0,1,"PIN7",1,"P1","","",0,"<=",0.058539,"V","<=",0.075,"P",8.495,599.822,""
1,"A244_VOLH_C","AP54RH504_tml.VOL_VOH","VOL_VCCY_1.65_IOL_1.00",24411240,"AP54RHC244_TRUTH_TABLE",0,1,"PIN9",1,"P1","","",0,"<=",0.058084,"V","<=",0.075,"P",8.495,599.822,""
1,"A244_VOLH_C","AP54RH504_tml.VOL_VOH","VOH_VCCY_1.65_IOH_-1.00",24411250,"AP54RHC244_TRUTH_TABLE",0,1,"PIN12",1,"P1","","",1.55,"<=",1.59318,"V","<=",1.65,"P",8.235,599.822,""
1,"A244_VOLH_C","AP54RH504_tml.VOL_VOH","VOH_VCCY_1.65_IOH_-1.00",24411250,"AP54RHC244_TRUTH_TABLE",0,1,"PIN14",1,"P1","","",1.55,"<=",1.59259,"V","<=",1.65,"P",8.235,599.822,""
1,"A244_VOLH_C","AP54RH504_tml.VOL_VOH","VOH_VCCY_1.65_IOH_-1.00",24411250,"AP54RHC244_TRUTH_TABLE",0,1,"PIN16",1,"P1","","",1.55,"<=",1.59173,"V","<=",1.65,"P",8.235,599.822,""
1,"A244_VOLH_C","AP54RH504_tml.VOL_VOH","VOH_VCCY_1.65_IOH_-1.00",24411250,"AP54RHC244_TRUTH_TABLE",0,1,"PIN18",1,"P1","","",1.55,"<=",1.59097,"V","<=",1.65,"P",8.235,599.822,""
1,"A244_VOLH_C","AP54RH504_tml.VOL_VOH","VOH_VCCY_1.65_IOH_-1.00",24411250,"AP54RHC244_TRUTH_TABLE",0,1,"PIN3",1,"P1","","",1.55,"<=",1.59078,"V","<=",1.65,"P",8.235,599.822,""
1,"A244_VOLH_C","AP54RH504_tml.VOL_VOH","VOH_VCCY_1.65_IOH_-1.00",24411250,"AP54RHC244_TRUTH_TABLE",0,1,"PIN5",1,"P1","","",1.55,"<=",1.58949,"V","<=",1.65,"P",8.235,599.822,""
1,"A244_VOLH_C","AP54RH504_tml.VOL_VOH","VOH_VCCY_1.65_IOH_-1.00",24411250,"AP54RHC244_TRUTH_TABLE",0,1,"PIN7",1,"P1","","",1.55,"<=",1.58852,"V","<=",1.65,"P",8.235,599.822,""
1,"A244_VOLH_C","AP54RH504_tml.VOL_VOH","VOH_VCCY_1.65_IOH_-1.00",24411250,"AP54RHC244_TRUTH_TABLE",0,1,"PIN9",1,"P1","","",1.55,"<=",1.58761,"V","<=",1.65,"P",8.235,599.822,""
1,"A244_VOLH_C","AP54RH504_tml.VOL_VOH","VOL_VCCY_5.50_IOL_1.00",24411260,"AP54RHC244_TRUTH_TABLE",0,1,"PIN12",1,"P1","","",0,"<=",0.031458,"V","<=",0.075,"P",18.304,599.822,""
1,"A244_VOLH_C","AP54RH504_tml.VOL_VOH","VOL_VCCY_5.50_IOL_1.00",24411260,"AP54RHC244_TRUTH_TABLE",0,1,"PIN14",1,"P1","","",0,"<=",0.031345,"V","<=",0.075,"P",18.304,599.822,""
1,"A244_VOLH_C","AP54RH504_tml.VOL_VOH","VOL_VCCY_5.50_IOL_1.00",24411260,"AP54RHC244_TRUTH_TABLE",0,1,"PIN16",1,"P1","","",0,"<=",0.031321,"V","<=",0.075,"P",18.304,599.822,""
1,"A244_VOLH_C","AP54RH504_tml.VOL_VOH","VOL_VCCY_5.50_IOL_1.00",24411260,"AP54RHC244_TRUTH_TABLE",0,1,"PIN18",1,"P1","","",0,"<=",0.031208,"V","<=",0.075,"P",18.304,599.822,""
1,"A244_VOLH_C","AP54RH504_tml.VOL_VOH","VOL_VCCY_5.50_IOL_1.00",24411260,"AP54RHC244_TRUTH_TABLE",0,1,"PIN3",1,"P1","","",0,"<=",0.030924,"V","<=",0.075,"P",18.304,599.822,""
1,"A244_VOLH_C","AP54RH504_tml.VOL_VOH","VOL_VCCY_5.50_IOL_1.00",24411260,"AP54RHC244_TRUTH_TABLE",0,1,"PIN5",1,"P1","","",0,"<=",0.031037,"V","<=",0.075,"P",18.304,599.822,""
1,"A244_VOLH_C","AP54RH504_tml.VOL_VOH","VOL_VCCY_5.50_IOL_1.00",24411260,"AP54RHC244_TRUTH_TABLE",0,1,"PIN7",1,"P1","","",0,"<=",0.031173,"V","<=",0.075,"P",18.304,599.822,""
1,"A244_VOLH_C","AP54RH504_tml.VOL_VOH","VOL_VCCY_5.50_IOL_1.00",24411260,"AP54RHC244_TRUTH_TABLE",0,1,"PIN9",1,"P1","","",0,"<=",0.030604,"V","<=",0.075,"P",18.304,599.822,""
1,"A244_VOLH_C","AP54RH504_tml.VOL_VOH","VOH_VCCY_5.50_IOH_-1.00",24411270,"AP54RHC244_TRUTH_TABLE",0,1,"PIN12",1,"P1","","",5.4,"<=",5.47052,"V","<=",5.5,"P",8.889,599.822,""
1,"A244_VOLH_C","AP54RH504_tml.VOL_VOH","VOH_VCCY_5.50_IOH_-1.00",24411270,"AP54RHC244_TRUTH_TABLE",0,1,"PIN14",1,"P1","","",5.4,"<=",5.46979,"V","<=",5.5,"P",8.889,599.822,""
1,"A244_VOLH_C","AP54RH504_tml.VOL_VOH","VOH_VCCY_5.50_IOH_-1.00",24411270,"AP54RHC244_TRUTH_TABLE",0,1,"PIN16",1,"P1","","",5.4,"<=",5.46923,"V","<=",5.5,"P",8.889,599.822,""
1,"A244_VOLH_C","AP54RH504_tml.VOL_VOH","VOH_VCCY_5.50_IOH_-1.00",24411270,"AP54RHC244_TRUTH_TABLE",0,1,"PIN18",1,"P1","","",5.4,"<=",5.46855,"V","<=",5.5,"P",8.889,599.822,""
1,"A244_VOLH_C","AP54RH504_tml.VOL_VOH","VOH_VCCY_5.50_IOH_-1.00",24411270,"AP54RHC244_TRUTH_TABLE",0,1,"PIN3",1,"P1","","",5.4,"<=",5.46832,"V","<=",5.5,"P",8.889,599.822,""
1,"A244_VOLH_C","AP54RH504_tml.VOL_VOH","VOH_VCCY_5.50_IOH_-1.00",24411270,"AP54RHC244_TRUTH_TABLE",0,1,"PIN5",1,"P1","","",5.4,"<=",5.46722,"V","<=",5.5,"P",8.889,599.822,""
1,"A244_VOLH_C","AP54RH504_tml.VOL_VOH","VOH_VCCY_5.50_IOH_-1.00",24411270,"AP54RHC244_TRUTH_TABLE",0,1,"PIN7",1,"P1","","",5.4,"<=",5.46619,"V","<=",5.5,"P",8.889,599.822,""
1,"A244_VOLH_C","AP54RH504_tml.VOL_VOH","VOH_VCCY_5.50_IOH_-1.00",24411270,"AP54RHC244_TRUTH_TABLE",0,1,"PIN9",1,"P1","","",5.4,"<=",5.46534,"V","<=",5.5,"P",8.889,599.822,""
1,"A244_VOLH_C","AP54RH504_tml.VOL_VOH","VOL_VCCY_1.65_IOL_4.00",24411660,"AP54RHC244_TRUTH_TABLE",0,1,"PIN12",1,"P1","","",0,"<=",0.254139,"V","<=",0.55,"P",8.169,599.822,""
1,"A244_VOLH_C","AP54RH504_tml.VOL_VOH","VOL_VCCY_1.65_IOL_4.00",24411660,"AP54RHC244_TRUTH_TABLE",0,1,"PIN14",1,"P1","","",0,"<=",0.254827,"V","<=",0.55,"P",8.169,599.822,""
1,"A244_VOLH_C","AP54RH504_tml.VOL_VOH","VOL_VCCY_1.65_IOL_4.00",24411660,"AP54RHC244_TRUTH_TABLE",0,1,"PIN16",1,"P1","","",0,"<=",0.256296,"V","<=",0.55,"P",8.169,599.822,""
1,"A244_VOLH_C","AP54RH504_tml.VOL_VOH","VOL_VCCY_1.65_IOL_4.00",24411660,"AP54RHC244_TRUTH_TABLE",0,1,"PIN18",1,"P1","","",0,"<=",0.254821,"V","<=",0.55,"P",8.169,599.822,""
1,"A244_VOLH_C","AP54RH504_tml.VOL_VOH","VOL_VCCY_1.65_IOL_4.00",24411660,"AP54RHC244_TRUTH_TABLE",0,1,"PIN3",1,"P1","","",0,"<=",0.25346,"V","<=",0.55,"P",8.169,599.822,""
1,"A244_VOLH_C","AP54RH504_tml.VOL_VOH","VOL_VCCY_1.65_IOL_4.00",24411660,"AP54RHC244_TRUTH_TABLE",0,1,"PIN5",1,"P1","","",0,"<=",0.254081,"V","<=",0.55,"P",8.169,599.822,""
1,"A244_VOLH_C","AP54RH504_tml.VOL_VOH","VOL_VCCY_1.65_IOL_4.00",24411660,"AP54RHC244_TRUTH_TABLE",0,1,"PIN7",1,"P1","","",0,"<=",0.254309,"V","<=",0.55,"P",8.169,599.822,""
1,"A244_VOLH_C","AP54RH504_tml.VOL_VOH","VOL_VCCY_1.65_IOL_4.00",24411660,"AP54RHC244_TRUTH_TABLE",0,1,"PIN9",1,"P1","","",0,"<=",0.251465,"V","<=",0.55,"P",8.169,599.822,""
1,"A244_VOLH_C","AP54RH504_tml.VOL_VOH","VOH_VCCY_1.65_IOH_-4.00",24411670,"AP54RHC244_TRUTH_TABLE",0,1,"PIN12",1,"P1","","",1.25,"<=",1.41198,"V","<=",1.65,"P",8.788,599.822,""
1,"A244_VOLH_C","AP54RH504_tml.VOL_VOH","VOH_VCCY_1.65_IOH_-4.00",24411670,"AP54RHC244_TRUTH_TABLE",0,1,"PIN14",1,"P1","","",1.25,"<=",1.40968,"V","<=",1.65,"P",8.788,599.822,""
1,"A244_VOLH_C","AP54RH504_tml.VOL_VOH","VOH_VCCY_1.65_IOH_-4.00",24411670,"AP54RHC244_TRUTH_TABLE",0,1,"PIN16",1,"P1","","",1.25,"<=",1.40629,"V","<=",1.65,"P",8.788,599.822,""
1,"A244_VOLH_C","AP54RH504_tml.VOL_VOH","VOH_VCCY_1.65_IOH_-4.00",24411670,"AP54RHC244_TRUTH_TABLE",0,1,"PIN18",1,"P1","","",1.25,"<=",1.40359,"V","<=",1.65,"P",8.788,599.822,""
1,"A244_VOLH_C","AP54RH504_tml.VOL_VOH","VOH_VCCY_1.65_IOH_-4.00",24411670,"AP54RHC244_TRUTH_TABLE",0,1,"PIN3",1,"P1","","",1.25,"<=",1.40202,"V","<=",1.65,"P",8.788,599.822,""
1,"A244_VOLH_C","AP54RH504_tml.VOL_VOH","VOH_VCCY_1.65_IOH_-4.00",24411670,"AP54RHC244_TRUTH_TABLE",0,1,"PIN5",1,"P1","","",1.25,"<=",1.39607,"V","<=",1.65,"P",8.788,599.822,""
1,"A244_VOLH_C","AP54RH504_tml.VOL_VOH","VOH_VCCY_1.65_IOH_-4.00",24411670,"AP54RHC244_TRUTH_TABLE",0,1,"PIN7",1,"P1","","",1.25,"<=",1.39223,"V","<=",1.65,"P",8.788,599.822,""
1,"A244_VOLH_C","AP54RH504_tml.VOL_VOH","VOH_VCCY_1.65_IOH_-4.00",24411670,"AP54RHC244_TRUTH_TABLE",0,1,"PIN9",1,"P1","","",1.25,"<=",1.38774,"V","<=",1.65,"P",8.788,599.822,""
1,"A244_VOLH_C","AP54RH504_tml.VOL_VOH","VOL_VCCY_1.95_IOL_4.00",24411280,"AP54RHC244_TRUTH_TABLE",0,1,"PIN12",1,"P1","","",0,"<=",0.208112,"V","<=",0.55,"P",18.012,599.822,""
1,"A244_VOLH_C","AP54RH504_tml.VOL_VOH","VOL_VCCY_1.95_IOL_4.00",24411280,"AP54RHC244_TRUTH_TABLE",0,1,"PIN14",1,"P1","","",0,"<=",0.208572,"V","<=",0.55,"P",18.012,599.822,""
1,"A244_VOLH_C","AP54RH504_tml.VOL_VOH","VOL_VCCY_1.95_IOL_4.00",24411280,"AP54RHC244_TRUTH_TABLE",0,1,"PIN16",1,"P1","","",0,"<=",0.209365,"V","<=",0.55,"P",18.012,599.822,""
1,"A244_VOLH_C","AP54RH504_tml.VOL_VOH","VOL_VCCY_1.95_IOL_4.00",24411280,"AP54RHC244_TRUTH_TABLE",0,1,"PIN18",1,"P1","","",0,"<=",0.208629,"V","<=",0.55,"P",18.012,599.822,""
1,"A244_VOLH_C","AP54RH504_tml.VOL_VOH","VOL_VCCY_1.95_IOL_4.00",24411280,"AP54RHC244_TRUTH_TABLE",0,1,"PIN3",1,"P1","","",0,"<=",0.207096,"V","<=",0.55,"P",18.012,599.822,""
1,"A244_VOLH_C","AP54RH504_tml.VOL_VOH","VOL_VCCY_1.95_IOL_4.00",24411280,"AP54RHC244_TRUTH_TABLE",0,1,"PIN5",1,"P1","","",0,"<=",0.207946,"V","<=",0.55,"P",18.012,599.822,""
1,"A244_VOLH_C","AP54RH504_tml.VOL_VOH","VOL_VCCY_1.95_IOL_4.00",24411280,"AP54RHC244_TRUTH_TABLE",0,1,"PIN7",1,"P1","","",0,"<=",0.208169,"V","<=",0.55,"P",18.012,599.822,""
1,"A244_VOLH_C","AP54RH504_tml.VOL_VOH","VOL_VCCY_1.95_IOL_4.00",24411280,"AP54RHC244_TRUTH_TABLE",0,1,"PIN9",1,"P1","","",0,"<=",0.205438,"V","<=",0.55,"P",18.012,599.822,""
1,"A244_VOLH_C","AP54RH504_tml.VOL_VOH","VOH_VCCY_1.95_IOH_-4.00",24411290,"AP54RHC244_TRUTH_TABLE",0,1,"PIN12",1,"P1","","",1.455,"<=",1.75157,"V","<=",1.95,"P",8.228,599.822,""
1,"A244_VOLH_C","AP54RH504_tml.VOL_VOH","VOH_VCCY_1.95_IOH_-4.00",24411290,"AP54RHC244_TRUTH_TABLE",0,1,"PIN14",1,"P1","","",1.455,"<=",1.7494,"V","<=",1.95,"P",8.228,599.822,""
1,"A244_VOLH_C","AP54RH504_tml.VOL_VOH","VOH_VCCY_1.95_IOH_-4.00",24411290,"AP54RHC244_TRUTH_TABLE",0,1,"PIN16",1,"P1","","",1.455,"<=",1.74614,"V","<=",1.95,"P",8.228,599.822,""
1,"A244_VOLH_C","AP54RH504_tml.VOL_VOH","VOH_VCCY_1.95_IOH_-4.00",24411290,"AP54RHC244_TRUTH_TABLE",0,1,"PIN18",1,"P1","","",1.455,"<=",1.74368,"V","<=",1.95,"P",8.228,599.822,""
1,"A244_VOLH_C","AP54RH504_tml.VOL_VOH","VOH_VCCY_1.95_IOH_-4.00",24411290,"AP54RHC244_TRUTH_TABLE",0,1,"PIN3",1,"P1","","",1.455,"<=",1.74258,"V","<=",1.95,"P",8.228,599.822,""
1,"A244_VOLH_C","AP54RH504_tml.VOL_VOH","VOH_VCCY_1.95_IOH_-4.00",24411290,"AP54RHC244_TRUTH_TABLE",0,1,"PIN5",1,"P1","","",1.455,"<=",1.73696,"V","<=",1.95,"P",8.228,599.822,""
1,"A244_VOLH_C","AP54RH504_tml.VOL_VOH","VOH_VCCY_1.95_IOH_-4.00",24411290,"AP54RHC244_TRUTH_TABLE",0,1,"PIN7",1,"P1","","",1.455,"<=",1.7332,"V","<=",1.95,"P",8.228,599.822,""
1,"A244_VOLH_C","AP54RH504_tml.VOL_VOH","VOH_VCCY_1.95_IOH_-4.00",24411290,"AP54RHC244_TRUTH_TABLE",0,1,"PIN9",1,"P1","","",1.455,"<=",1.72921,"V","<=",1.95,"P",8.228,599.822,""
1,"A244_VOLH_C","AP54RH504_tml.VOL_VOH","VOL_VCCY_2.30_IOL_4.00",24411300,"AP54RHC244_TRUTH_TABLE",0,1,"PIN12",1,"P1","","",0,"<=",0.180234,"V","<=",0.54,"P",17.696,599.822,""
1,"A244_VOLH_C","AP54RH504_tml.VOL_VOH","VOL_VCCY_2.30_IOL_4.00",24411300,"AP54RHC244_TRUTH_TABLE",0,1,"PIN14",1,"P1","","",0,"<=",0.180466,"V","<=",0.54,"P",17.696,599.822,""
1,"A244_VOLH_C","AP54RH504_tml.VOL_VOH","VOL_VCCY_2.30_IOL_4.00",24411300,"AP54RHC244_TRUTH_TABLE",0,1,"PIN16",1,"P1","","",0,"<=",0.181229,"V","<=",0.54,"P",17.696,599.822,""
1,"A244_VOLH_C","AP54RH504_tml.VOL_VOH","VOL_VCCY_2.30_IOL_4.00",24411300,"AP54RHC244_TRUTH_TABLE",0,1,"PIN18",1,"P1","","",0,"<=",0.180549,"V","<=",0.54,"P",17.696,599.822,""
1,"A244_VOLH_C","AP54RH504_tml.VOL_VOH","VOL_VCCY_2.30_IOL_4.00",24411300,"AP54RHC244_TRUTH_TABLE",0,1,"PIN3",1,"P1","","",0,"<=",0.179016,"V","<=",0.54,"P",17.696,599.822,""
1,"A244_VOLH_C","AP54RH504_tml.VOL_VOH","VOL_VCCY_2.30_IOL_4.00",24411300,"AP54RHC244_TRUTH_TABLE",0,1,"PIN5",1,"P1","","",0,"<=",0.180037,"V","<=",0.54,"P",17.696,599.822,""
1,"A244_VOLH_C","AP54RH504_tml.VOL_VOH","VOL_VCCY_2.30_IOL_4.00",24411300,"AP54RHC244_TRUTH_TABLE",0,1,"PIN7",1,"P1","","",0,"<=",0.18012,"V","<=",0.54,"P",17.696,599.822,""
1,"A244_VOLH_C","AP54RH504_tml.VOL_VOH","VOL_VCCY_2.30_IOL_4.00",24411300,"AP54RHC244_TRUTH_TABLE",0,1,"PIN9",1,"P1","","",0,"<=",0.177617,"V","<=",0.54,"P",17.696,599.822,""
1,"A244_VOLH_C","AP54RH504_tml.VOL_VOH","VOH_VCCY_2.30_IOH_-4.00",24411310,"AP54RHC244_TRUTH_TABLE",0,1,"PIN12",1,"P1","","",1.805,"<=",2.12804,"V","<=",2.3,"P",8.386,599.822,""
1,"A244_VOLH_C","AP54RH504_tml.VOL_VOH","VOH_VCCY_2.30_IOH_-4.00",24411310,"AP54RHC244_TRUTH_TABLE",0,1,"PIN14",1,"P1","","",1.805,"<=",2.12575,"V","<=",2.3,"P",8.386,599.822,""
1,"A244_VOLH_C","AP54RH504_tml.VOL_VOH","VOH_VCCY_2.30_IOH_-4.00",24411310,"AP54RHC244_TRUTH_TABLE",0,1,"PIN16",1,"P1","","",1.805,"<=",2.12273,"V","<=",2.3,"P",8.386,599.822,""
1,"A244_VOLH_C","AP54RH504_tml.VOL_VOH","VOH_VCCY_2.30_IOH_-4.00",24411310,"AP54RHC244_TRUTH_TABLE",0,1,"PIN18",1,"P1","","",1.805,"<=",2.12028,"V","<=",2.3,"P",8.386,599.822,""
1,"A244_VOLH_C","AP54RH504_tml.VOL_VOH","VOH_VCCY_2.30_IOH_-4.00",24411310,"AP54RHC244_TRUTH_TABLE",0,1,"PIN3",1,"P1","","",1.805,"<=",2.11936,"V","<=",2.3,"P",8.386,599.822,""
1,"A244_VOLH_C","AP54RH504_tml.VOL_VOH","VOH_VCCY_2.30_IOH_-4.00",24411310,"AP54RHC244_TRUTH_TABLE",0,1,"PIN5",1,"P1","","",1.805,"<=",2.11412,"V","<=",2.3,"P",8.386,599.822,""
1,"A244_VOLH_C","AP54RH504_tml.VOL_VOH","VOH_VCCY_2.30_IOH_-4.00",24411310,"AP54RHC244_TRUTH_TABLE",0,1,"PIN7",1,"P1","","",1.805,"<=",2.11029,"V","<=",2.3,"P",8.386,599.822,""
1,"A244_VOLH_C","AP54RH504_tml.VOL_VOH","VOH_VCCY_2.30_IOH_-4.00",24411310,"AP54RHC244_TRUTH_TABLE",0,1,"PIN9",1,"P1","","",1.805,"<=",2.10642,"V","<=",2.3,"P",8.386,599.822,""
1,"A244_VOLH_C","AP54RH504_tml.VOL_VOH","VOL_VCCY_3.00_IOL_4.00",24411320,"AP54RHC244_TRUTH_TABLE",0,1,"PIN12",1,"P1","","",0,"<=",0.152243,"V","<=",0.34,"P",17.877,599.822,""
1,"A244_VOLH_C","AP54RH504_tml.VOL_VOH","VOL_VCCY_3.00_IOL_4.00",24411320,"AP54RHC244_TRUTH_TABLE",0,1,"PIN14",1,"P1","","",0,"<=",0.152417,"V","<=",0.34,"P",17.877,599.822,""
1,"A244_VOLH_C","AP54RH504_tml.VOL_VOH","VOL_VCCY_3.00_IOL_4.00",24411320,"AP54RHC244_TRUTH_TABLE",0,1,"PIN16",1,"P1","","",0,"<=",0.152922,"V","<=",0.34,"P",17.877,599.822,""
1,"A244_VOLH_C","AP54RH504_tml.VOL_VOH","VOL_VCCY_3.00_IOL_4.00",24411320,"AP54RHC244_TRUTH_TABLE",0,1,"PIN18",1,"P1","","",0,"<=",0.152299,"V","<=",0.34,"P",17.877,599.822,""
1,"A244_VOLH_C","AP54RH504_tml.VOL_VOH","VOL_VCCY_3.00_IOL_4.00",24411320,"AP54RHC244_TRUTH_TABLE",0,1,"PIN3",1,"P1","","",0,"<=",0.150878,"V","<=",0.34,"P",17.877,599.822,""
1,"A244_VOLH_C","AP54RH504_tml.VOL_VOH","VOL_VCCY_3.00_IOL_4.00",24411320,"AP54RHC244_TRUTH_TABLE",0,1,"PIN5",1,"P1","","",0,"<=",0.151729,"V","<=",0.34,"P",17.877,599.822,""
1,"A244_VOLH_C","AP54RH504_tml.VOL_VOH","VOL_VCCY_3.00_IOL_4.00",24411320,"AP54RHC244_TRUTH_TABLE",0,1,"PIN7",1,"P1","","",0,"<=",0.151901,"V","<=",0.34,"P",17.877,599.822,""
1,"A244_VOLH_C","AP54RH504_tml.VOL_VOH","VOL_VCCY_3.00_IOL_4.00",24411320,"AP54RHC244_TRUTH_TABLE",0,1,"PIN9",1,"P1","","",0,"<=",0.149512,"V","<=",0.34,"P",17.877,599.822,""
1,"A244_VOLH_C","AP54RH504_tml.VOL_VOH","VOH_VCCY_3.00_IOH_-4.00",24411330,"AP54RHC244_TRUTH_TABLE",0,1,"PIN12",1,"P1","","",2.605,"<=",2.85661,"V","<=",3,"P",8.168,599.822,""
1,"A244_VOLH_C","AP54RH504_tml.VOL_VOH","VOH_VCCY_3.00_IOH_-4.00",24411330,"AP54RHC244_TRUTH_TABLE",0,1,"PIN14",1,"P1","","",2.605,"<=",2.85439,"V","<=",3,"P",8.168,599.822,""
1,"A244_VOLH_C","AP54RH504_tml.VOL_VOH","VOH_VCCY_3.00_IOH_-4.00",24411330,"AP54RHC244_TRUTH_TABLE",0,1,"PIN16",1,"P1","","",2.605,"<=",2.85147,"V","<=",3,"P",8.168,599.822,""
1,"A244_VOLH_C","AP54RH504_tml.VOL_VOH","VOH_VCCY_3.00_IOH_-4.00",24411330,"AP54RHC244_TRUTH_TABLE",0,1,"PIN18",1,"P1","","",2.605,"<=",2.84914,"V","<=",3,"P",8.168,599.822,""
1,"A244_VOLH_C","AP54RH504_tml.VOL_VOH","VOH_VCCY_3.00_IOH_-4.00",24411330,"AP54RHC244_TRUTH_TABLE",0,1,"PIN3",1,"P1","","",2.605,"<=",2.84829,"V","<=",3,"P",8.168,599.822,""
1,"A244_VOLH_C","AP54RH504_tml.VOL_VOH","VOH_VCCY_3.00_IOH_-4.00",24411330,"AP54RHC244_TRUTH_TABLE",0,1,"PIN5",1,"P1","","",2.605,"<=",2.84328,"V","<=",3,"P",8.168,599.822,""
1,"A244_VOLH_C","AP54RH504_tml.VOL_VOH","VOH_VCCY_3.00_IOH_-4.00",24411330,"AP54RHC244_TRUTH_TABLE",0,1,"PIN7",1,"P1","","",2.605,"<=",2.83948,"V","<=",3,"P",8.168,599.822,""
1,"A244_VOLH_C","AP54RH504_tml.VOL_VOH","VOH_VCCY_3.00_IOH_-4.00",24411330,"AP54RHC244_TRUTH_TABLE",0,1,"PIN9",1,"P1","","",2.605,"<=",2.83589,"V","<=",3,"P",8.168,599.822,""
1,"A244_VOLH_C","AP54RH504_tml.VOL_VOH","VOL_VCCY_4.50_IOL_4.00",24411340,"AP54RHC244_TRUTH_TABLE",0,1,"PIN12",1,"P1","","",0,"<=",0.130168,"V","<=",0.36,"P",18.118,599.822,""
1,"A244_VOLH_C","AP54RH504_tml.VOL_VOH","VOL_VCCY_4.50_IOL_4.00",24411340,"AP54RHC244_TRUTH_TABLE",0,1,"PIN14",1,"P1","","",0,"<=",0.130342,"V","<=",0.36,"P",18.118,599.822,""
1,"A244_VOLH_C","AP54RH504_tml.VOL_VOH","VOL_VCCY_4.50_IOL_4.00",24411340,"AP54RHC244_TRUTH_TABLE",0,1,"PIN16",1,"P1","","",0,"<=",0.130424,"V","<=",0.36,"P",18.118,599.822,""
1,"A244_VOLH_C","AP54RH504_tml.VOL_VOH","VOL_VCCY_4.50_IOL_4.00",24411340,"AP54RHC244_TRUTH_TABLE",0,1,"PIN18",1,"P1","","",0,"<=",0.130199,"V","<=",0.36,"P",18.118,599.822,""
1,"A244_VOLH_C","AP54RH504_tml.VOL_VOH","VOL_VCCY_4.50_IOL_4.00",24411340,"AP54RHC244_TRUTH_TABLE",0,1,"PIN3",1,"P1","","",0,"<=",0.128551,"V","<=",0.36,"P",18.118,599.822,""
1,"A244_VOLH_C","AP54RH504_tml.VOL_VOH","VOL_VCCY_4.50_IOL_4.00",24411340,"AP54RHC244_TRUTH_TABLE",0,1,"PIN5",1,"P1","","",0,"<=",0.12963,"V","<=",0.36,"P",18.118,599.822,""
1,"A244_VOLH_C","AP54RH504_tml.VOL_VOH","VOL_VCCY_4.50_IOL_4.00",24411340,"AP54RHC244_TRUTH_TABLE",0,1,"PIN7",1,"P1","","",0,"<=",0.129827,"V","<=",0.36,"P",18.118,599.822,""
1,"A244_VOLH_C","AP54RH504_tml.VOL_VOH","VOL_VCCY_4.50_IOL_4.00",24411340,"AP54RHC244_TRUTH_TABLE",0,1,"PIN9",1,"P1","","",0,"<=",0.127494,"V","<=",0.36,"P",18.118,599.822,""
1,"A244_VOLH_C","AP54RH504_tml.VOL_VOH","VOH_VCCY_4.50_IOH_-4.00",24411350,"AP54RHC244_TRUTH_TABLE",0,1,"PIN12",1,"P1","","",4.205,"<=",4.38178,"V","<=",4.5,"P",8.172,599.822,""
1,"A244_VOLH_C","AP54RH504_tml.VOL_VOH","VOH_VCCY_4.50_IOH_-4.00",24411350,"AP54RHC244_TRUTH_TABLE",0,1,"PIN14",1,"P1","","",4.205,"<=",4.37961,"V","<=",4.5,"P",8.172,599.822,""
1,"A244_VOLH_C","AP54RH504_tml.VOL_VOH","VOH_VCCY_4.50_IOH_-4.00",24411350,"AP54RHC244_TRUTH_TABLE",0,1,"PIN16",1,"P1","","",4.205,"<=",4.37677,"V","<=",4.5,"P",8.172,599.822,""
1,"A244_VOLH_C","AP54RH504_tml.VOL_VOH","VOH_VCCY_4.50_IOH_-4.00",24411350,"AP54RHC244_TRUTH_TABLE",0,1,"PIN18",1,"P1","","",4.205,"<=",4.37455,"V","<=",4.5,"P",8.172,599.822,""
1,"A244_VOLH_C","AP54RH504_tml.VOL_VOH","VOH_VCCY_4.50_IOH_-4.00",24411350,"AP54RHC244_TRUTH_TABLE",0,1,"PIN3",1,"P1","","",4.205,"<=",4.37419,"V","<=",4.5,"P",8.172,599.822,""
1,"A244_VOLH_C","AP54RH504_tml.VOL_VOH","VOH_VCCY_4.50_IOH_-4.00",24411350,"AP54RHC244_TRUTH_TABLE",0,1,"PIN5",1,"P1","","",4.205,"<=",4.36935,"V","<=",4.5,"P",8.172,599.822,""
1,"A244_VOLH_C","AP54RH504_tml.VOL_VOH","VOH_VCCY_4.50_IOH_-4.00",24411350,"AP54RHC244_TRUTH_TABLE",0,1,"PIN7",1,"P1","","",4.205,"<=",4.36562,"V","<=",4.5,"P",8.172,599.822,""
1,"A244_VOLH_C","AP54RH504_tml.VOL_VOH","VOH_VCCY_4.50_IOH_-4.00",24411350,"AP54RHC244_TRUTH_TABLE",0,1,"PIN9",1,"P1","","",4.205,"<=",4.36222,"V","<=",4.5,"P",8.172,599.822,""
1,"A244_VOLH_C","AP54RH504_tml.VOL_VOH","VOL_VCCY_2.30_IOL_8.00",24411360,"AP54RHC244_TRUTH_TABLE",0,1,"PIN12",1,"P1","","",0,"<=",0.375891,"V","<=",0.8,"P",7.672,599.822,""
1,"A244_VOLH_C","AP54RH504_tml.VOL_VOH","VOL_VCCY_2.30_IOL_8.00",24411360,"AP54RHC244_TRUTH_TABLE",0,1,"PIN14",1,"P1","","",0,"<=",0.376753,"V","<=",0.8,"P",7.672,599.822,""
1,"A244_VOLH_C","AP54RH504_tml.VOL_VOH","VOL_VCCY_2.30_IOL_8.00",24411360,"AP54RHC244_TRUTH_TABLE",0,1,"PIN16",1,"P1","","",0,"<=",0.377783,"V","<=",0.8,"P",7.672,599.822,""
1,"A244_VOLH_C","AP54RH504_tml.VOL_VOH","VOL_VCCY_2.30_IOL_8.00",24411360,"AP54RHC244_TRUTH_TABLE",0,1,"PIN18",1,"P1","","",0,"<=",0.376424,"V","<=",0.8,"P",7.672,599.822,""
1,"A244_VOLH_C","AP54RH504_tml.VOL_VOH","VOL_VCCY_2.30_IOL_8.00",24411360,"AP54RHC244_TRUTH_TABLE",0,1,"PIN3",1,"P1","","",0,"<=",0.373357,"V","<=",0.8,"P",7.672,599.822,""
1,"A244_VOLH_C","AP54RH504_tml.VOL_VOH","VOL_VCCY_2.30_IOL_8.00",24411360,"AP54RHC244_TRUTH_TABLE",0,1,"PIN5",1,"P1","","",0,"<=",0.375057,"V","<=",0.8,"P",7.672,599.822,""
1,"A244_VOLH_C","AP54RH504_tml.VOL_VOH","VOL_VCCY_2.30_IOL_8.00",24411360,"AP54RHC244_TRUTH_TABLE",0,1,"PIN7",1,"P1","","",0,"<=",0.374924,"V","<=",0.8,"P",7.672,599.822,""
1,"A244_VOLH_C","AP54RH504_tml.VOL_VOH","VOL_VCCY_2.30_IOL_8.00",24411360,"AP54RHC244_TRUTH_TABLE",0,1,"PIN9",1,"P1","","",0,"<=",0.369974,"V","<=",0.8,"P",7.672,599.822,""
1,"A244_VOLH_C","AP54RH504_tml.VOL_VOH","VOH_VCCY_2.30_IOH_-8.00",24411370,"AP54RHC244_TRUTH_TABLE",0,1,"PIN12",1,"P1","","",1.405,"<=",1.94655,"V","<=",2.3,"P",8.605,599.822,""
1,"A244_VOLH_C","AP54RH504_tml.VOL_VOH","VOH_VCCY_2.30_IOH_-8.00",24411370,"AP54RHC244_TRUTH_TABLE",0,1,"PIN14",1,"P1","","",1.405,"<=",1.94204,"V","<=",2.3,"P",8.605,599.822,""
1,"A244_VOLH_C","AP54RH504_tml.VOL_VOH","VOH_VCCY_2.30_IOH_-8.00",24411370,"AP54RHC244_TRUTH_TABLE",0,1,"PIN16",1,"P1","","",1.405,"<=",1.9358,"V","<=",2.3,"P",8.605,599.822,""
1,"A244_VOLH_C","AP54RH504_tml.VOL_VOH","VOH_VCCY_2.30_IOH_-8.00",24411370,"AP54RHC244_TRUTH_TABLE",0,1,"PIN18",1,"P1","","",1.405,"<=",1.93032,"V","<=",2.3,"P",8.605,599.822,""
1,"A244_VOLH_C","AP54RH504_tml.VOL_VOH","VOH_VCCY_2.30_IOH_-8.00",24411370,"AP54RHC244_TRUTH_TABLE",0,1,"PIN3",1,"P1","","",1.405,"<=",1.92877,"V","<=",2.3,"P",8.605,599.822,""
1,"A244_VOLH_C","AP54RH504_tml.VOL_VOH","VOH_VCCY_2.30_IOH_-8.00",24411370,"AP54RHC244_TRUTH_TABLE",0,1,"PIN5",1,"P1","","",1.405,"<=",1.91842,"V","<=",2.3,"P",8.605,599.822,""
1,"A244_VOLH_C","AP54RH504_tml.VOL_VOH","VOH_VCCY_2.30_IOH_-8.00",24411370,"AP54RHC244_TRUTH_TABLE",0,1,"PIN7",1,"P1","","",1.405,"<=",1.91031,"V","<=",2.3,"P",8.605,599.822,""
1,"A244_VOLH_C","AP54RH504_tml.VOL_VOH","VOH_VCCY_2.30_IOH_-8.00",24411370,"AP54RHC244_TRUTH_TABLE",0,1,"PIN9",1,"P1","","",1.405,"<=",1.90251,"V","<=",2.3,"P",8.605,599.822,""
1,"A244_VOLH_C","AP54RH504_tml.VOL_VOH","VOL_VCCY_2.70_IOL_8.00",24411380,"AP54RHC244_TRUTH_TABLE",0,1,"PIN12",1,"P1","","",0,"<=",0.331002,"V","<=",0.67,"P",17.892,599.822,""
1,"A244_VOLH_C","AP54RH504_tml.VOL_VOH","VOL_VCCY_2.70_IOL_8.00",24411380,"AP54RHC244_TRUTH_TABLE",0,1,"PIN14",1,"P1","","",0,"<=",0.331578,"V","<=",0.67,"P",17.892,599.822,""
1,"A244_VOLH_C","AP54RH504_tml.VOL_VOH","VOL_VCCY_2.70_IOL_8.00",24411380,"AP54RHC244_TRUTH_TABLE",0,1,"PIN16",1,"P1","","",0,"<=",0.332275,"V","<=",0.67,"P",17.892,599.822,""
1,"A244_VOLH_C","AP54RH504_tml.VOL_VOH","VOL_VCCY_2.70_IOL_8.00",24411380,"AP54RHC244_TRUTH_TABLE",0,1,"PIN18",1,"P1","","",0,"<=",0.331371,"V","<=",0.67,"P",17.892,599.822,""
1,"A244_VOLH_C","AP54RH504_tml.VOL_VOH","VOL_VCCY_2.70_IOL_8.00",24411380,"AP54RHC244_TRUTH_TABLE",0,1,"PIN3",1,"P1","","",0,"<=",0.32836,"V","<=",0.67,"P",17.892,599.822,""
1,"A244_VOLH_C","AP54RH504_tml.VOL_VOH","VOL_VCCY_2.70_IOL_8.00",24411380,"AP54RHC244_TRUTH_TABLE",0,1,"PIN5",1,"P1","","",0,"<=",0.330061,"V","<=",0.67,"P",17.892,599.822,""
1,"A244_VOLH_C","AP54RH504_tml.VOL_VOH","VOL_VCCY_2.70_IOL_8.00",24411380,"AP54RHC244_TRUTH_TABLE",0,1,"PIN7",1,"P1","","",0,"<=",0.329807,"V","<=",0.67,"P",17.892,599.822,""
1,"A244_VOLH_C","AP54RH504_tml.VOL_VOH","VOL_VCCY_2.70_IOL_8.00",24411380,"AP54RHC244_TRUTH_TABLE",0,1,"PIN9",1,"P1","","",0,"<=",0.325426,"V","<=",0.67,"P",17.892,599.822,""
1,"A244_VOLH_C","AP54RH504_tml.VOL_VOH","VOH_VCCY_2.70_IOH_-8.00",24411390,"AP54RHC244_TRUTH_TABLE",0,1,"PIN12",1,"P1","","",1.505,"<=",2.38867,"V","<=",2.7,"P",9.02,599.822,""
1,"A244_VOLH_C","AP54RH504_tml.VOL_VOH","VOH_VCCY_2.70_IOH_-8.00",24411390,"AP54RHC244_TRUTH_TABLE",0,1,"PIN14",1,"P1","","",1.505,"<=",2.38411,"V","<=",2.7,"P",9.02,599.822,""
1,"A244_VOLH_C","AP54RH504_tml.VOL_VOH","VOH_VCCY_2.70_IOH_-8.00",24411390,"AP54RHC244_TRUTH_TABLE",0,1,"PIN16",1,"P1","","",1.505,"<=",2.37824,"V","<=",2.7,"P",9.02,599.822,""
1,"A244_VOLH_C","AP54RH504_tml.VOL_VOH","VOH_VCCY_2.70_IOH_-8.00",24411390,"AP54RHC244_TRUTH_TABLE",0,1,"PIN18",1,"P1","","",1.505,"<=",2.37294,"V","<=",2.7,"P",9.02,599.822,""
1,"A244_VOLH_C","AP54RH504_tml.VOL_VOH","VOH_VCCY_2.70_IOH_-8.00",24411390,"AP54RHC244_TRUTH_TABLE",0,1,"PIN3",1,"P1","","",1.505,"<=",2.37179,"V","<=",2.7,"P",9.02,599.822,""
1,"A244_VOLH_C","AP54RH504_tml.VOL_VOH","VOH_VCCY_2.70_IOH_-8.00",24411390,"AP54RHC244_TRUTH_TABLE",0,1,"PIN5",1,"P1","","",1.505,"<=",2.36189,"V","<=",2.7,"P",9.02,599.822,""
1,"A244_VOLH_C","AP54RH504_tml.VOL_VOH","VOH_VCCY_2.70_IOH_-8.00",24411390,"AP54RHC244_TRUTH_TABLE",0,1,"PIN7",1,"P1","","",1.505,"<=",2.35402,"V","<=",2.7,"P",9.02,599.822,""
1,"A244_VOLH_C","AP54RH504_tml.VOL_VOH","VOH_VCCY_2.70_IOH_-8.00",24411390,"AP54RHC244_TRUTH_TABLE",0,1,"PIN9",1,"P1","","",1.505,"<=",2.34657,"V","<=",2.7,"P",9.02,599.822,""
1,"A244_VOLH_C","AP54RH504_tml.VOL_VOH","VOL_VCCY_3.00_IOL_8.00",24411400,"AP54RHC244_TRUTH_TABLE",0,1,"PIN12",1,"P1","","",0,"<=",0.309894,"V","<=",0.67,"P",18.365,599.822,""
1,"A244_VOLH_C","AP54RH504_tml.VOL_VOH","VOL_VCCY_3.00_IOL_8.00",24411400,"AP54RHC244_TRUTH_TABLE",0,1,"PIN14",1,"P1","","",0,"<=",0.3103,"V","<=",0.67,"P",18.365,599.822,""
1,"A244_VOLH_C","AP54RH504_tml.VOL_VOH","VOL_VCCY_3.00_IOL_8.00",24411400,"AP54RHC244_TRUTH_TABLE",0,1,"PIN16",1,"P1","","",0,"<=",0.310746,"V","<=",0.67,"P",18.365,599.822,""
1,"A244_VOLH_C","AP54RH504_tml.VOL_VOH","VOL_VCCY_3.00_IOL_8.00",24411400,"AP54RHC244_TRUTH_TABLE",0,1,"PIN18",1,"P1","","",0,"<=",0.310012,"V","<=",0.67,"P",18.365,599.822,""
1,"A244_VOLH_C","AP54RH504_tml.VOL_VOH","VOL_VCCY_3.00_IOL_8.00",24411400,"AP54RHC244_TRUTH_TABLE",0,1,"PIN3",1,"P1","","",0,"<=",0.306944,"V","<=",0.67,"P",18.365,599.822,""
1,"A244_VOLH_C","AP54RH504_tml.VOL_VOH","VOL_VCCY_3.00_IOL_8.00",24411400,"AP54RHC244_TRUTH_TABLE",0,1,"PIN5",1,"P1","","",0,"<=",0.308702,"V","<=",0.67,"P",18.365,599.822,""
1,"A244_VOLH_C","AP54RH504_tml.VOL_VOH","VOL_VCCY_3.00_IOL_8.00",24411400,"AP54RHC244_TRUTH_TABLE",0,1,"PIN7",1,"P1","","",0,"<=",0.308643,"V","<=",0.67,"P",18.365,599.822,""
1,"A244_VOLH_C","AP54RH504_tml.VOL_VOH","VOL_VCCY_3.00_IOL_8.00",24411400,"AP54RHC244_TRUTH_TABLE",0,1,"PIN9",1,"P1","","",0,"<=",0.304262,"V","<=",0.67,"P",18.365,599.822,""
1,"A244_VOLH_C","AP54RH504_tml.VOL_VOH","VOH_VCCY_3.00_IOH_-8.00",24411410,"AP54RHC244_TRUTH_TABLE",0,1,"PIN12",1,"P1","","",2.205,"<=",2.71028,"V","<=",3,"P",8.424,599.822,""
1,"A244_VOLH_C","AP54RH504_tml.VOL_VOH","VOH_VCCY_3.00_IOH_-8.00",24411410,"AP54RHC244_TRUTH_TABLE",0,1,"PIN14",1,"P1","","",2.205,"<=",2.70584,"V","<=",3,"P",8.424,599.822,""
1,"A244_VOLH_C","AP54RH504_tml.VOL_VOH","VOH_VCCY_3.00_IOH_-8.00",24411410,"AP54RHC244_TRUTH_TABLE",0,1,"PIN16",1,"P1","","",2.205,"<=",2.7002,"V","<=",3,"P",8.424,599.822,""
1,"A244_VOLH_C","AP54RH504_tml.VOL_VOH","VOH_VCCY_3.00_IOH_-8.00",24411410,"AP54RHC244_TRUTH_TABLE",0,1,"PIN18",1,"P1","","",2.205,"<=",2.69491,"V","<=",3,"P",8.424,599.822,""
1,"A244_VOLH_C","AP54RH504_tml.VOL_VOH","VOH_VCCY_3.00_IOH_-8.00",24411410,"AP54RHC244_TRUTH_TABLE",0,1,"PIN3",1,"P1","","",2.205,"<=",2.69383,"V","<=",3,"P",8.424,599.822,""
1,"A244_VOLH_C","AP54RH504_tml.VOL_VOH","VOH_VCCY_3.00_IOH_-8.00",24411410,"AP54RHC244_TRUTH_TABLE",0,1,"PIN5",1,"P1","","",2.205,"<=",2.68403,"V","<=",3,"P",8.424,599.822,""
1,"A244_VOLH_C","AP54RH504_tml.VOL_VOH","VOH_VCCY_3.00_IOH_-8.00",24411410,"AP54RHC244_TRUTH_TABLE",0,1,"PIN7",1,"P1","","",2.205,"<=",2.67632,"V","<=",3,"P",8.424,599.822,""
1,"A244_VOLH_C","AP54RH504_tml.VOL_VOH","VOH_VCCY_3.00_IOH_-8.00",24411410,"AP54RHC244_TRUTH_TABLE",0,1,"PIN9",1,"P1","","",2.205,"<=",2.66914,"V","<=",3,"P",8.424,599.822,""
1,"A244_VOLH_C","AP54RH504_tml.VOL_VOH","VOL_VCCY_4.50_IOL_8.00",24411420,"AP54RHC244_TRUTH_TABLE",0,1,"PIN12",1,"P1","","",0,"<=",0.261819,"V","<=",0.51,"P",18.024,599.822,""
1,"A244_VOLH_C","AP54RH504_tml.VOL_VOH","VOL_VCCY_4.50_IOL_8.00",24411420,"AP54RHC244_TRUTH_TABLE",0,1,"PIN14",1,"P1","","",0,"<=",0.261996,"V","<=",0.51,"P",18.024,599.822,""
1,"A244_VOLH_C","AP54RH504_tml.VOL_VOH","VOL_VCCY_4.50_IOL_8.00",24411420,"AP54RHC244_TRUTH_TABLE",0,1,"PIN16",1,"P1","","",0,"<=",0.26222,"V","<=",0.51,"P",18.024,599.822,""
1,"A244_VOLH_C","AP54RH504_tml.VOL_VOH","VOL_VCCY_4.50_IOL_8.00",24411420,"AP54RHC244_TRUTH_TABLE",0,1,"PIN18",1,"P1","","",0,"<=",0.261827,"V","<=",0.51,"P",18.024,599.822,""
1,"A244_VOLH_C","AP54RH504_tml.VOL_VOH","VOL_VCCY_4.50_IOL_8.00",24411420,"AP54RHC244_TRUTH_TABLE",0,1,"PIN3",1,"P1","","",0,"<=",0.2587,"V","<=",0.51,"P",18.024,599.822,""
1,"A244_VOLH_C","AP54RH504_tml.VOL_VOH","VOL_VCCY_4.50_IOL_8.00",24411420,"AP54RHC244_TRUTH_TABLE",0,1,"PIN5",1,"P1","","",0,"<=",0.260346,"V","<=",0.51,"P",18.024,599.822,""
1,"A244_VOLH_C","AP54RH504_tml.VOL_VOH","VOL_VCCY_4.50_IOL_8.00",24411420,"AP54RHC244_TRUTH_TABLE",0,1,"PIN7",1,"P1","","",0,"<=",0.260454,"V","<=",0.51,"P",18.024,599.822,""
1,"A244_VOLH_C","AP54RH504_tml.VOL_VOH","VOL_VCCY_4.50_IOL_8.00",24411420,"AP54RHC244_TRUTH_TABLE",0,1,"PIN9",1,"P1","","",0,"<=",0.256187,"V","<=",0.51,"P",18.024,599.822,""
1,"A244_VOLH_C","AP54RH504_tml.VOL_VOH","VOH_VCCY_4.50_IOH_-8.00",24411430,"AP54RHC244_TRUTH_TABLE",0,1,"PIN12",1,"P1","","",3.905,"<=",4.26537,"V","<=",4.5,"P",9.416,599.822,""
1,"A244_VOLH_C","AP54RH504_tml.VOL_VOH","VOH_VCCY_4.50_IOH_-8.00",24411430,"AP54RHC244_TRUTH_TABLE",0,1,"PIN14",1,"P1","","",3.905,"<=",4.26077,"V","<=",4.5,"P",9.416,599.822,""
1,"A244_VOLH_C","AP54RH504_tml.VOL_VOH","VOH_VCCY_4.50_IOH_-8.00",24411430,"AP54RHC244_TRUTH_TABLE",0,1,"PIN16",1,"P1","","",3.905,"<=",4.2554,"V","<=",4.5,"P",9.416,599.822,""
1,"A244_VOLH_C","AP54RH504_tml.VOL_VOH","VOH_VCCY_4.50_IOH_-8.00",24411430,"AP54RHC244_TRUTH_TABLE",0,1,"PIN18",1,"P1","","",3.905,"<=",4.25039,"V","<=",4.5,"P",9.416,599.822,""
1,"A244_VOLH_C","AP54RH504_tml.VOL_VOH","VOH_VCCY_4.50_IOH_-8.00",24411430,"AP54RHC244_TRUTH_TABLE",0,1,"PIN3",1,"P1","","",3.905,"<=",4.24958,"V","<=",4.5,"P",9.416,599.822,""
1,"A244_VOLH_C","AP54RH504_tml.VOL_VOH","VOH_VCCY_4.50_IOH_-8.00",24411430,"AP54RHC244_TRUTH_TABLE",0,1,"PIN5",1,"P1","","",3.905,"<=",4.24018,"V","<=",4.5,"P",9.416,599.822,""
1,"A244_VOLH_C","AP54RH504_tml.VOL_VOH","VOH_VCCY_4.50_IOH_-8.00",24411430,"AP54RHC244_TRUTH_TABLE",0,1,"PIN7",1,"P1","","",3.905,"<=",4.23238,"V","<=",4.5,"P",9.416,599.822,""
1,"A244_VOLH_C","AP54RH504_tml.VOL_VOH","VOH_VCCY_4.50_IOH_-8.00",24411430,"AP54RHC244_TRUTH_TABLE",0,1,"PIN9",1,"P1","","",3.905,"<=",4.22562,"V","<=",4.5,"P",9.416,599.822,""
1,"A244_VOLH_C","AP54RH504_tml.VOL_VOH","VOL_VCCY_3.00_IOL_16.00",24411440,"AP54RHC244_TRUTH_TABLE",0,1,"PIN12",1,"P1","","",0,"<=",0.65097,"V","<=",1.13,"P",8.159,599.822,""
1,"A244_VOLH_C","AP54RH504_tml.VOL_VOH","VOL_VCCY_3.00_IOL_16.00",24411440,"AP54RHC244_TRUTH_TABLE",0,1,"PIN14",1,"P1","","",0,"<=",0.651725,"V","<=",1.13,"P",8.159,599.822,""
1,"A244_VOLH_C","AP54RH504_tml.VOL_VOH","VOL_VCCY_3.00_IOL_16.00",24411440,"AP54RHC244_TRUTH_TABLE",0,1,"PIN16",1,"P1","","",0,"<=",0.653163,"V","<=",1.13,"P",8.159,599.822,""
1,"A244_VOLH_C","AP54RH504_tml.VOL_VOH","VOL_VCCY_3.00_IOL_16.00",24411440,"AP54RHC244_TRUTH_TABLE",0,1,"PIN18",1,"P1","","",0,"<=",0.651014,"V","<=",1.13,"P",8.159,599.822,""
1,"A244_VOLH_C","AP54RH504_tml.VOL_VOH","VOL_VCCY_3.00_IOL_16.00",24411440,"AP54RHC244_TRUTH_TABLE",0,1,"PIN3",1,"P1","","",0,"<=",0.644649,"V","<=",1.13,"P",8.159,599.822,""
1,"A244_VOLH_C","AP54RH504_tml.VOL_VOH","VOL_VCCY_3.00_IOL_16.00",24411440,"AP54RHC244_TRUTH_TABLE",0,1,"PIN5",1,"P1","","",0,"<=",0.648223,"V","<=",1.13,"P",8.159,599.822,""
1,"A244_VOLH_C","AP54RH504_tml.VOL_VOH","VOL_VCCY_3.00_IOL_16.00",24411440,"AP54RHC244_TRUTH_TABLE",0,1,"PIN7",1,"P1","","",0,"<=",0.647557,"V","<=",1.13,"P",8.159,599.822,""
1,"A244_VOLH_C","AP54RH504_tml.VOL_VOH","VOL_VCCY_3.00_IOL_16.00",24411440,"AP54RHC244_TRUTH_TABLE",0,1,"PIN9",1,"P1","","",0,"<=",0.637714,"V","<=",1.13,"P",8.159,599.822,""
1,"A244_VOLH_C","AP54RH504_tml.VOL_VOH","VOH_VCCY_3.00_IOH_-16.00",24411450,"AP54RHC244_TRUTH_TABLE",0,1,"PIN12",1,"P1","","",1.9,"<=",2.40397,"V","<=",3,"P",8.462,599.822,""
1,"A244_VOLH_C","AP54RH504_tml.VOL_VOH","VOH_VCCY_3.00_IOH_-16.00",24411450,"AP54RHC244_TRUTH_TABLE",0,1,"PIN14",1,"P1","","",1.9,"<=",2.39367,"V","<=",3,"P",8.462,599.822,""
1,"A244_VOLH_C","AP54RH504_tml.VOL_VOH","VOH_VCCY_3.00_IOH_-16.00",24411450,"AP54RHC244_TRUTH_TABLE",0,1,"PIN16",1,"P1","","",1.9,"<=",2.38108,"V","<=",3,"P",8.462,599.822,""
1,"A244_VOLH_C","AP54RH504_tml.VOL_VOH","VOH_VCCY_3.00_IOH_-16.00",24411450,"AP54RHC244_TRUTH_TABLE",0,1,"PIN18",1,"P1","","",1.9,"<=",2.36997,"V","<=",3,"P",8.462,599.822,""
1,"A244_VOLH_C","AP54RH504_tml.VOL_VOH","VOH_VCCY_3.00_IOH_-16.00",24411450,"AP54RHC244_TRUTH_TABLE",0,1,"PIN3",1,"P1","","",1.9,"<=",2.36712,"V","<=",3,"P",8.462,599.822,""
1,"A244_VOLH_C","AP54RH504_tml.VOL_VOH","VOH_VCCY_3.00_IOH_-16.00",24411450,"AP54RHC244_TRUTH_TABLE",0,1,"PIN5",1,"P1","","",1.9,"<=",2.34657,"V","<=",3,"P",8.462,599.822,""
1,"A244_VOLH_C","AP54RH504_tml.VOL_VOH","VOH_VCCY_3.00_IOH_-16.00",24411450,"AP54RHC244_TRUTH_TABLE",0,1,"PIN7",1,"P1","","",1.9,"<=",2.3295,"V","<=",3,"P",8.462,599.822,""
1,"A244_VOLH_C","AP54RH504_tml.VOL_VOH","VOH_VCCY_3.00_IOH_-16.00",24411450,"AP54RHC244_TRUTH_TABLE",0,1,"PIN9",1,"P1","","",1.9,"<=",2.31408,"V","<=",3,"P",8.462,599.822,""
1,"A244_VOLH_C","AP54RH504_tml.VOL_VOH","VOL_VCCY_3.60_IOL_16.00",24411460,"AP54RHC244_TRUTH_TABLE",0,1,"PIN12",1,"P1","","",0,"<=",0.581902,"V","<=",1.13,"P",17.698,599.822,""
1,"A244_VOLH_C","AP54RH504_tml.VOL_VOH","VOL_VCCY_3.60_IOL_16.00",24411460,"AP54RHC244_TRUTH_TABLE",0,1,"PIN14",1,"P1","","",0,"<=",0.582313,"V","<=",1.13,"P",17.698,599.822,""
1,"A244_VOLH_C","AP54RH504_tml.VOL_VOH","VOL_VCCY_3.60_IOL_16.00",24411460,"AP54RHC244_TRUTH_TABLE",0,1,"PIN16",1,"P1","","",0,"<=",0.583051,"V","<=",1.13,"P",17.698,599.822,""
1,"A244_VOLH_C","AP54RH504_tml.VOL_VOH","VOL_VCCY_3.60_IOL_16.00",24411460,"AP54RHC244_TRUTH_TABLE",0,1,"PIN18",1,"P1","","",0,"<=",0.581811,"V","<=",1.13,"P",17.698,599.822,""
1,"A244_VOLH_C","AP54RH504_tml.VOL_VOH","VOL_VCCY_3.60_IOL_16.00",24411460,"AP54RHC244_TRUTH_TABLE",0,1,"PIN3",1,"P1","","",0,"<=",0.575274,"V","<=",1.13,"P",17.698,599.822,""
1,"A244_VOLH_C","AP54RH504_tml.VOL_VOH","VOL_VCCY_3.60_IOL_16.00",24411460,"AP54RHC244_TRUTH_TABLE",0,1,"PIN5",1,"P1","","",0,"<=",0.579077,"V","<=",1.13,"P",17.698,599.822,""
1,"A244_VOLH_C","AP54RH504_tml.VOL_VOH","VOL_VCCY_3.60_IOL_16.00",24411460,"AP54RHC244_TRUTH_TABLE",0,1,"PIN7",1,"P1","","",0,"<=",0.578716,"V","<=",1.13,"P",17.698,599.822,""
1,"A244_VOLH_C","AP54RH504_tml.VOL_VOH","VOL_VCCY_3.60_IOL_16.00",24411460,"AP54RHC244_TRUTH_TABLE",0,1,"PIN9",1,"P1","","",0,"<=",0.569613,"V","<=",1.13,"P",17.698,599.822,""
1,"A244_VOLH_C","AP54RH504_tml.VOL_VOH","VOH_VCCY_3.60_IOH_-16.00",24411470,"AP54RHC244_TRUTH_TABLE",0,1,"PIN12",1,"P1","","",2.5,"<=",3.07086,"V","<=",3.6,"P",8.005,599.822,""
1,"A244_VOLH_C","AP54RH504_tml.VOL_VOH","VOH_VCCY_3.60_IOH_-16.00",24411470,"AP54RHC244_TRUTH_TABLE",0,1,"PIN14",1,"P1","","",2.5,"<=",3.06102,"V","<=",3.6,"P",8.005,599.822,""
1,"A244_VOLH_C","AP54RH504_tml.VOL_VOH","VOH_VCCY_3.60_IOH_-16.00",24411470,"AP54RHC244_TRUTH_TABLE",0,1,"PIN16",1,"P1","","",2.5,"<=",3.04928,"V","<=",3.6,"P",8.005,599.822,""
1,"A244_VOLH_C","AP54RH504_tml.VOL_VOH","VOH_VCCY_3.60_IOH_-16.00",24411470,"AP54RHC244_TRUTH_TABLE",0,1,"PIN18",1,"P1","","",2.5,"<=",3.03874,"V","<=",3.6,"P",8.005,599.822,""
1,"A244_VOLH_C","AP54RH504_tml.VOL_VOH","VOH_VCCY_3.60_IOH_-16.00",24411470,"AP54RHC244_TRUTH_TABLE",0,1,"PIN3",1,"P1","","",2.5,"<=",3.03625,"V","<=",3.6,"P",8.005,599.822,""
1,"A244_VOLH_C","AP54RH504_tml.VOL_VOH","VOH_VCCY_3.60_IOH_-16.00",24411470,"AP54RHC244_TRUTH_TABLE",0,1,"PIN5",1,"P1","","",2.5,"<=",3.01665,"V","<=",3.6,"P",8.005,599.822,""
1,"A244_VOLH_C","AP54RH504_tml.VOL_VOH","VOH_VCCY_3.60_IOH_-16.00",24411470,"AP54RHC244_TRUTH_TABLE",0,1,"PIN7",1,"P1","","",2.5,"<=",3.00032,"V","<=",3.6,"P",8.005,599.822,""
1,"A244_VOLH_C","AP54RH504_tml.VOL_VOH","VOH_VCCY_3.60_IOH_-16.00",24411470,"AP54RHC244_TRUTH_TABLE",0,1,"PIN9",1,"P1","","",2.5,"<=",2.98603,"V","<=",3.6,"P",8.005,599.822,""
1,"A244_VOLH_C","AP54RH504_tml.VOL_VOH","VOL_VCCY_4.50_IOL_16.00",24411480,"AP54RHC244_TRUTH_TABLE",0,1,"PIN12",1,"P1","","",0,"<=",0.531665,"V","<=",1.07,"P",18.598,599.822,""
1,"A244_VOLH_C","AP54RH504_tml.VOL_VOH","VOL_VCCY_4.50_IOL_16.00",24411480,"AP54RHC244_TRUTH_TABLE",0,1,"PIN14",1,"P1","","",0,"<=",0.531848,"V","<=",1.07,"P",18.598,599.822,""
1,"A244_VOLH_C","AP54RH504_tml.VOL_VOH","VOL_VCCY_4.50_IOL_16.00",24411480,"AP54RHC244_TRUTH_TABLE",0,1,"PIN16",1,"P1","","",0,"<=",0.532075,"V","<=",1.07,"P",18.598,599.822,""
1,"A244_VOLH_C","AP54RH504_tml.VOL_VOH","VOL_VCCY_4.50_IOL_16.00",24411480,"AP54RHC244_TRUTH_TABLE",0,1,"PIN18",1,"P1","","",0,"<=",0.531347,"V","<=",1.07,"P",18.598,599.822,""
1,"A244_VOLH_C","AP54RH504_tml.VOL_VOH","VOL_VCCY_4.50_IOL_16.00",24411480,"AP54RHC244_TRUTH_TABLE",0,1,"PIN3",1,"P1","","",0,"<=",0.524695,"V","<=",1.07,"P",18.598,599.822,""
1,"A244_VOLH_C","AP54RH504_tml.VOL_VOH","VOL_VCCY_4.50_IOL_16.00",24411480,"AP54RHC244_TRUTH_TABLE",0,1,"PIN5",1,"P1","","",0,"<=",0.528556,"V","<=",1.07,"P",18.598,599.822,""
1,"A244_VOLH_C","AP54RH504_tml.VOL_VOH","VOL_VCCY_4.50_IOL_16.00",24411480,"AP54RHC244_TRUTH_TABLE",0,1,"PIN7",1,"P1","","",0,"<=",0.528422,"V","<=",1.07,"P",18.598,599.822,""
1,"A244_VOLH_C","AP54RH504_tml.VOL_VOH","VOL_VCCY_4.50_IOL_16.00",24411480,"AP54RHC244_TRUTH_TABLE",0,1,"PIN9",1,"P1","","",0,"<=",0.519604,"V","<=",1.07,"P",18.598,599.822,""
1,"A244_VOLH_C","AP54RH504_tml.VOL_VOH","VOH_VCCY_4.50_IOH_-16.00",24411490,"AP54RHC244_TRUTH_TABLE",0,1,"PIN12",1,"P1","","",3.6,"<=",4.02859,"V","<=",4.5,"P",9.021,599.822,""
1,"A244_VOLH_C","AP54RH504_tml.VOL_VOH","VOH_VCCY_4.50_IOH_-16.00",24411490,"AP54RHC244_TRUTH_TABLE",0,1,"PIN14",1,"P1","","",3.6,"<=",4.01886,"V","<=",4.5,"P",9.021,599.822,""
1,"A244_VOLH_C","AP54RH504_tml.VOL_VOH","VOH_VCCY_4.50_IOH_-16.00",24411490,"AP54RHC244_TRUTH_TABLE",0,1,"PIN16",1,"P1","","",3.6,"<=",4.00788,"V","<=",4.5,"P",9.021,599.822,""
1,"A244_VOLH_C","AP54RH504_tml.VOL_VOH","VOH_VCCY_4.50_IOH_-16.00",24411490,"AP54RHC244_TRUTH_TABLE",0,1,"PIN18",1,"P1","","",3.6,"<=",3.99745,"V","<=",4.5,"P",9.021,599.822,""
1,"A244_VOLH_C","AP54RH504_tml.VOL_VOH","VOH_VCCY_4.50_IOH_-16.00",24411490,"AP54RHC244_TRUTH_TABLE",0,1,"PIN3",1,"P1","","",3.6,"<=",3.99555,"V","<=",4.5,"P",9.021,599.822,""
1,"A244_VOLH_C","AP54RH504_tml.VOL_VOH","VOH_VCCY_4.50_IOH_-16.00",24411490,"AP54RHC244_TRUTH_TABLE",0,1,"PIN5",1,"P1","","",3.6,"<=",3.97664,"V","<=",4.5,"P",9.021,599.822,""
1,"A244_VOLH_C","AP54RH504_tml.VOL_VOH","VOH_VCCY_4.50_IOH_-16.00",24411490,"AP54RHC244_TRUTH_TABLE",0,1,"PIN7",1,"P1","","",3.6,"<=",3.96055,"V","<=",4.5,"P",9.021,599.822,""
1,"A244_VOLH_C","AP54RH504_tml.VOL_VOH","VOH_VCCY_4.50_IOH_-16.00",24411490,"AP54RHC244_TRUTH_TABLE",0,1,"PIN9",1,"P1","","",3.6,"<=",3.94674,"V","<=",4.5,"P",9.021,599.822,""
1,"A244_VOLH_C","AP54RH504_tml.VOL_VOH","VOL_VCCY_4.50_IOL_24.00",24411500,"AP54RHC244_TRUTH_TABLE",0,1,"PIN12",1,"P1","","",0,"<=",0.813117,"V","<=",1.27,"P",6.733,599.822,""
1,"A244_VOLH_C","AP54RH504_tml.VOL_VOH","VOL_VCCY_4.50_IOL_24.00",24411500,"AP54RHC244_TRUTH_TABLE",0,1,"PIN14",1,"P1","","",0,"<=",0.813534,"V","<=",1.27,"P",6.733,599.822,""
1,"A244_VOLH_C","AP54RH504_tml.VOL_VOH","VOL_VCCY_4.50_IOL_24.00",24411500,"AP54RHC244_TRUTH_TABLE",0,1,"PIN16",1,"P1","","",0,"<=",0.814006,"V","<=",1.27,"P",6.733,599.822,""
1,"A244_VOLH_C","AP54RH504_tml.VOL_VOH","VOL_VCCY_4.50_IOL_24.00",24411500,"AP54RHC244_TRUTH_TABLE",0,1,"PIN18",1,"P1","","",0,"<=",0.812714,"V","<=",1.27,"P",6.733,599.822,""
1,"A244_VOLH_C","AP54RH504_tml.VOL_VOH","VOL_VCCY_4.50_IOL_24.00",24411500,"AP54RHC244_TRUTH_TABLE",0,1,"PIN3",1,"P1","","",0,"<=",0.802993,"V","<=",1.27,"P",6.733,599.822,""
1,"A244_VOLH_C","AP54RH504_tml.VOL_VOH","VOL_VCCY_4.50_IOL_24.00",24411500,"AP54RHC244_TRUTH_TABLE",0,1,"PIN5",1,"P1","","",0,"<=",0.808272,"V","<=",1.27,"P",6.733,599.822,""
1,"A244_VOLH_C","AP54RH504_tml.VOL_VOH","VOL_VCCY_4.50_IOL_24.00",24411500,"AP54RHC244_TRUTH_TABLE",0,1,"PIN7",1,"P1","","",0,"<=",0.807826,"V","<=",1.27,"P",6.733,599.822,""
1,"A244_VOLH_C","AP54RH504_tml.VOL_VOH","VOL_VCCY_4.50_IOL_24.00",24411500,"AP54RHC244_TRUTH_TABLE",0,1,"PIN9",1,"P1","","",0,"<=",0.794456,"V","<=",1.27,"P",6.733,599.822,""
1,"A244_VOLH_C","AP54RH504_tml.VOL_VOH","VOH_VCCY_4.50_IOH_-24.00",24411510,"AP54RHC244_TRUTH_TABLE",0,1,"PIN12",1,"P1","","",3.14,"<=",3.78554,"V","<=",4.5,"P",8.451,599.822,""
1,"A244_VOLH_C","AP54RH504_tml.VOL_VOH","VOH_VCCY_4.50_IOH_-24.00",24411510,"AP54RHC244_TRUTH_TABLE",0,1,"PIN14",1,"P1","","",3.14,"<=",3.76996,"V","<=",4.5,"P",8.451,599.822,""
1,"A244_VOLH_C","AP54RH504_tml.VOL_VOH","VOH_VCCY_4.50_IOH_-24.00",24411510,"AP54RHC244_TRUTH_TABLE",0,1,"PIN16",1,"P1","","",3.14,"<=",3.75289,"V","<=",4.5,"P",8.451,599.822,""
1,"A244_VOLH_C","AP54RH504_tml.VOL_VOH","VOH_VCCY_4.50_IOH_-24.00",24411510,"AP54RHC244_TRUTH_TABLE",0,1,"PIN18",1,"P1","","",3.14,"<=",3.73683,"V","<=",4.5,"P",8.451,599.822,""
1,"A244_VOLH_C","AP54RH504_tml.VOL_VOH","VOH_VCCY_4.50_IOH_-24.00",24411510,"AP54RHC244_TRUTH_TABLE",0,1,"PIN3",1,"P1","","",3.14,"<=",3.73361,"V","<=",4.5,"P",8.451,599.822,""
1,"A244_VOLH_C","AP54RH504_tml.VOL_VOH","VOH_VCCY_4.50_IOH_-24.00",24411510,"AP54RHC244_TRUTH_TABLE",0,1,"PIN5",1,"P1","","",3.14,"<=",3.70462,"V","<=",4.5,"P",8.451,599.822,""
1,"A244_VOLH_C","AP54RH504_tml.VOL_VOH","VOH_VCCY_4.50_IOH_-24.00",24411510,"AP54RHC244_TRUTH_TABLE",0,1,"PIN7",1,"P1","","",3.14,"<=",3.67972,"V","<=",4.5,"P",8.451,599.822,""
1,"A244_VOLH_C","AP54RH504_tml.VOL_VOH","VOH_VCCY_4.50_IOH_-24.00",24411510,"AP54RHC244_TRUTH_TABLE",0,1,"PIN9",1,"P1","","",3.14,"<=",3.65854,"V","<=",4.5,"P",8.451,599.822,""
1,"A244_VOLH_C","AP54RH504_tml.VOL_VOH","VOL_VCCY_5.50_IOL_24.00",24411520,"AP54RHC244_TRUTH_TABLE",0,1,"PIN12",1,"P1","","",0,"<=",0.768,"V","<=",1.27,"P",17.821,599.822,""
1,"A244_VOLH_C","AP54RH504_tml.VOL_VOH","VOL_VCCY_5.50_IOL_24.00",24411520,"AP54RHC244_TRUTH_TABLE",0,1,"PIN14",1,"P1","","",0,"<=",0.768245,"V","<=",1.27,"P",17.821,599.822,""
1,"A244_VOLH_C","AP54RH504_tml.VOL_VOH","VOL_VCCY_5.50_IOL_24.00",24411520,"AP54RHC244_TRUTH_TABLE",0,1,"PIN16",1,"P1","","",0,"<=",0.7681,"V","<=",1.27,"P",17.821,599.822,""
1,"A244_VOLH_C","AP54RH504_tml.VOL_VOH","VOL_VCCY_5.50_IOL_24.00",24411520,"AP54RHC244_TRUTH_TABLE",0,1,"PIN18",1,"P1","","",0,"<=",0.767491,"V","<=",1.27,"P",17.821,599.822,""
1,"A244_VOLH_C","AP54RH504_tml.VOL_VOH","VOL_VCCY_5.50_IOL_24.00",24411520,"AP54RHC244_TRUTH_TABLE",0,1,"PIN3",1,"P1","","",0,"<=",0.757654,"V","<=",1.27,"P",17.821,599.822,""
1,"A244_VOLH_C","AP54RH504_tml.VOL_VOH","VOL_VCCY_5.50_IOL_24.00",24411520,"AP54RHC244_TRUTH_TABLE",0,1,"PIN5",1,"P1","","",0,"<=",0.763048,"V","<=",1.27,"P",17.821,599.822,""
1,"A244_VOLH_C","AP54RH504_tml.VOL_VOH","VOL_VCCY_5.50_IOL_24.00",24411520,"AP54RHC244_TRUTH_TABLE",0,1,"PIN7",1,"P1","","",0,"<=",0.762766,"V","<=",1.27,"P",17.821,599.822,""
1,"A244_VOLH_C","AP54RH504_tml.VOL_VOH","VOL_VCCY_5.50_IOL_24.00",24411520,"AP54RHC244_TRUTH_TABLE",0,1,"PIN9",1,"P1","","",0,"<=",0.749794,"V","<=",1.27,"P",17.821,599.822,""
1,"A244_VOLH_C","AP54RH504_tml.VOL_VOH","VOH_VCCY_5.50_IOH_-24.00",24411530,"AP54RHC244_TRUTH_TABLE",0,1,"PIN12",1,"P1","","",4.23,"<=",4.84511,"V","<=",5.5,"P",8.317,599.822,""
1,"A244_VOLH_C","AP54RH504_tml.VOL_VOH","VOH_VCCY_5.50_IOH_-24.00",24411530,"AP54RHC244_TRUTH_TABLE",0,1,"PIN14",1,"P1","","",4.23,"<=",4.82992,"V","<=",5.5,"P",8.317,599.822,""
1,"A244_VOLH_C","AP54RH504_tml.VOL_VOH","VOH_VCCY_5.50_IOH_-24.00",24411530,"AP54RHC244_TRUTH_TABLE",0,1,"PIN16",1,"P1","","",4.23,"<=",4.81367,"V","<=",5.5,"P",8.317,599.822,""
1,"A244_VOLH_C","AP54RH504_tml.VOL_VOH","VOH_VCCY_5.50_IOH_-24.00",24411530,"AP54RHC244_TRUTH_TABLE",0,1,"PIN18",1,"P1","","",4.23,"<=",4.79795,"V","<=",5.5,"P",8.317,599.822,""
1,"A244_VOLH_C","AP54RH504_tml.VOL_VOH","VOH_VCCY_5.50_IOH_-24.00",24411530,"AP54RHC244_TRUTH_TABLE",0,1,"PIN3",1,"P1","","",4.23,"<=",4.79533,"V","<=",5.5,"P",8.317,599.822,""
1,"A244_VOLH_C","AP54RH504_tml.VOL_VOH","VOH_VCCY_5.50_IOH_-24.00",24411530,"AP54RHC244_TRUTH_TABLE",0,1,"PIN5",1,"P1","","",4.23,"<=",4.76702,"V","<=",5.5,"P",8.317,599.822,""
1,"A244_VOLH_C","AP54RH504_tml.VOL_VOH","VOH_VCCY_5.50_IOH_-24.00",24411530,"AP54RHC244_TRUTH_TABLE",0,1,"PIN7",1,"P1","","",4.23,"<=",4.7427,"V","<=",5.5,"P",8.317,599.822,""
1,"A244_VOLH_C","AP54RH504_tml.VOL_VOH","VOH_VCCY_5.50_IOH_-24.00",24411530,"AP54RHC244_TRUTH_TABLE",0,1,"PIN9",1,"P1","","",4.23,"<=",4.72211,"V","<=",5.5,"P",8.317,599.822,""
1,"A244_VOLH_C","AP54RH504_tml.VOL_VOH","VOL_VCCY_2.30_IOL_0.10",24411540,"AP54RHC244_TRUTH_TABLE",0,1,"PIN12",1,"P1","","",***,"NA",0.004718,"V","<=",0.03,"P",7.534,599.822,""
1,"A244_VOLH_C","AP54RH504_tml.VOL_VOH","VOL_VCCY_2.30_IOL_0.10",24411540,"AP54RHC244_TRUTH_TABLE",0,1,"PIN14",1,"P1","","",***,"NA",0.004661,"V","<=",0.03,"P",7.534,599.822,""
1,"A244_VOLH_C","AP54RH504_tml.VOL_VOH","VOL_VCCY_2.30_IOL_0.10",24411540,"AP54RHC244_TRUTH_TABLE",0,1,"PIN16",1,"P1","","",***,"NA",0.004552,"V","<=",0.03,"P",7.534,599.822,""
1,"A244_VOLH_C","AP54RH504_tml.VOL_VOH","VOL_VCCY_2.30_IOL_0.10",24411540,"AP54RHC244_TRUTH_TABLE",0,1,"PIN18",1,"P1","","",***,"NA",0.004495,"V","<=",0.03,"P",7.534,599.822,""
1,"A244_VOLH_C","AP54RH504_tml.VOL_VOH","VOL_VCCY_2.30_IOL_0.10",24411540,"AP54RHC244_TRUTH_TABLE",0,1,"PIN3",1,"P1","","",***,"NA",0.004552,"V","<=",0.03,"P",7.534,599.822,""
1,"A244_VOLH_C","AP54RH504_tml.VOL_VOH","VOL_VCCY_2.30_IOL_0.10",24411540,"AP54RHC244_TRUTH_TABLE",0,1,"PIN5",1,"P1","","",***,"NA",0.004495,"V","<=",0.03,"P",7.534,599.822,""
1,"A244_VOLH_C","AP54RH504_tml.VOL_VOH","VOL_VCCY_2.30_IOL_0.10",24411540,"AP54RHC244_TRUTH_TABLE",0,1,"PIN7",1,"P1","","",***,"NA",0.004604,"V","<=",0.03,"P",7.534,599.822,""
1,"A244_VOLH_C","AP54RH504_tml.VOL_VOH","VOL_VCCY_2.30_IOL_0.10",24411540,"AP54RHC244_TRUTH_TABLE",0,1,"PIN9",1,"P1","","",***,"NA",0.00449,"V","<=",0.03,"P",7.534,599.822,""
1,"A244_VOLH_C","AP54RH504_tml.VOL_VOH","VOH_VCCY_2.30_IOH_-0.10",24411550,"AP54RHC244_TRUTH_TABLE",0,1,"PIN12",1,"P1","","",2.2,"<=",2.29502,"V","NA",***,"P",7.868,599.822,""
1,"A244_VOLH_C","AP54RH504_tml.VOL_VOH","VOH_VCCY_2.30_IOH_-0.10",24411550,"AP54RHC244_TRUTH_TABLE",0,1,"PIN14",1,"P1","","",2.2,"<=",2.29496,"V","NA",***,"P",7.868,599.822,""
1,"A244_VOLH_C","AP54RH504_tml.VOL_VOH","VOH_VCCY_2.30_IOH_-0.10",24411550,"AP54RHC244_TRUTH_TABLE",0,1,"PIN16",1,"P1","","",2.2,"<=",2.29474,"V","NA",***,"P",7.868,599.822,""
1,"A244_VOLH_C","AP54RH504_tml.VOL_VOH","VOH_VCCY_2.30_IOH_-0.10",24411550,"AP54RHC244_TRUTH_TABLE",0,1,"PIN18",1,"P1","","",2.2,"<=",2.29468,"V","NA",***,"P",7.868,599.822,""
1,"A244_VOLH_C","AP54RH504_tml.VOL_VOH","VOH_VCCY_2.30_IOH_-0.10",24411550,"AP54RHC244_TRUTH_TABLE",0,1,"PIN3",1,"P1","","",2.2,"<=",2.29479,"V","NA",***,"P",7.868,599.822,""
1,"A244_VOLH_C","AP54RH504_tml.VOL_VOH","VOH_VCCY_2.30_IOH_-0.10",24411550,"AP54RHC244_TRUTH_TABLE",0,1,"PIN5",1,"P1","","",2.2,"<=",2.29456,"V","NA",***,"P",7.868,599.822,""
1,"A244_VOLH_C","AP54RH504_tml.VOL_VOH","VOH_VCCY_2.30_IOH_-0.10",24411550,"AP54RHC244_TRUTH_TABLE",0,1,"PIN7",1,"P1","","",2.2,"<=",2.29445,"V","NA",***,"P",7.868,599.822,""
1,"A244_VOLH_C","AP54RH504_tml.VOL_VOH","VOH_VCCY_2.30_IOH_-0.10",24411550,"AP54RHC244_TRUTH_TABLE",0,1,"PIN9",1,"P1","","",2.2,"<=",2.29451,"V","NA",***,"P",7.868,599.822,""
1,"A244_VOLH_C","AP54RH504_tml.VOL_VOH","VOL_VCCY_2.30_IOL_1.00",24411560,"AP54RHC244_TRUTH_TABLE",0,1,"PIN12",1,"P1","","",***,"NA",0.044316,"V","<=",0.09,"P",6.247,599.822,""
1,"A244_VOLH_C","AP54RH504_tml.VOL_VOH","VOL_VCCY_2.30_IOL_1.00",24411560,"AP54RHC244_TRUTH_TABLE",0,1,"PIN14",1,"P1","","",***,"NA",0.044317,"V","<=",0.09,"P",6.247,599.822,""
1,"A244_VOLH_C","AP54RH504_tml.VOL_VOH","VOL_VCCY_2.30_IOL_1.00",24411560,"AP54RHC244_TRUTH_TABLE",0,1,"PIN16",1,"P1","","",***,"NA",0.044307,"V","<=",0.09,"P",6.247,599.822,""
1,"A244_VOLH_C","AP54RH504_tml.VOL_VOH","VOL_VCCY_2.30_IOL_1.00",24411560,"AP54RHC244_TRUTH_TABLE",0,1,"PIN18",1,"P1","","",***,"NA",0.04408,"V","<=",0.09,"P",6.247,599.822,""
1,"A244_VOLH_C","AP54RH504_tml.VOL_VOH","VOL_VCCY_2.30_IOL_1.00",24411560,"AP54RHC244_TRUTH_TABLE",0,1,"PIN3",1,"P1","","",***,"NA",0.043911,"V","<=",0.09,"P",6.247,599.822,""
1,"A244_VOLH_C","AP54RH504_tml.VOL_VOH","VOL_VCCY_2.30_IOL_1.00",24411560,"AP54RHC244_TRUTH_TABLE",0,1,"PIN5",1,"P1","","",***,"NA",0.044024,"V","<=",0.09,"P",6.247,599.822,""
1,"A244_VOLH_C","AP54RH504_tml.VOL_VOH","VOL_VCCY_2.30_IOL_1.00",24411560,"AP54RHC244_TRUTH_TABLE",0,1,"PIN7",1,"P1","","",***,"NA",0.044145,"V","<=",0.09,"P",6.247,599.822,""
1,"A244_VOLH_C","AP54RH504_tml.VOL_VOH","VOL_VCCY_2.30_IOL_1.00",24411560,"AP54RHC244_TRUTH_TABLE",0,1,"PIN9",1,"P1","","",***,"NA",0.043633,"V","<=",0.09,"P",6.247,599.822,""
1,"A244_VOLH_C","AP54RH504_tml.VOL_VOH","VOH_VCCY_2.30_IOH_-1.00",24411570,"AP54RHC244_TRUTH_TABLE",0,1,"PIN12",1,"P1","","",2.15,"<=",2.25696,"V","NA",***,"P",8.189,599.822,""
1,"A244_VOLH_C","AP54RH504_tml.VOL_VOH","VOH_VCCY_2.30_IOH_-1.00",24411570,"AP54RHC244_TRUTH_TABLE",0,1,"PIN14",1,"P1","","",2.15,"<=",2.25638,"V","NA",***,"P",8.189,599.822,""
1,"A244_VOLH_C","AP54RH504_tml.VOL_VOH","VOH_VCCY_2.30_IOH_-1.00",24411570,"AP54RHC244_TRUTH_TABLE",0,1,"PIN16",1,"P1","","",2.15,"<=",2.25567,"V","NA",***,"P",8.189,599.822,""
1,"A244_VOLH_C","AP54RH504_tml.VOL_VOH","VOH_VCCY_2.30_IOH_-1.00",24411570,"AP54RHC244_TRUTH_TABLE",0,1,"PIN18",1,"P1","","",2.15,"<=",2.25492,"V","NA",***,"P",8.189,599.822,""
1,"A244_VOLH_C","AP54RH504_tml.VOL_VOH","VOH_VCCY_2.30_IOH_-1.00",24411570,"AP54RHC244_TRUTH_TABLE",0,1,"PIN3",1,"P1","","",2.15,"<=",2.2548,"V","NA",***,"P",8.189,599.822,""
1,"A244_VOLH_C","AP54RH504_tml.VOL_VOH","VOH_VCCY_2.30_IOH_-1.00",24411570,"AP54RHC244_TRUTH_TABLE",0,1,"PIN5",1,"P1","","",2.15,"<=",2.25378,"V","NA",***,"P",8.189,599.822,""
1,"A244_VOLH_C","AP54RH504_tml.VOL_VOH","VOH_VCCY_2.30_IOH_-1.00",24411570,"AP54RHC244_TRUTH_TABLE",0,1,"PIN7",1,"P1","","",2.15,"<=",2.2528,"V","NA",***,"P",8.189,599.822,""
1,"A244_VOLH_C","AP54RH504_tml.VOL_VOH","VOH_VCCY_2.30_IOH_-1.00",24411570,"AP54RHC244_TRUTH_TABLE",0,1,"PIN9",1,"P1","","",2.15,"<=",2.25207,"V","NA",***,"P",8.189,599.822,""
1,"A244_VOLH_C","AP54RH504_tml.VOL_VOH","VOL_VCCY_3.00_IOL_0.10",24411580,"AP54RHC244_TRUTH_TABLE",0,1,"PIN12",1,"P1","","",***,"NA",0.004092,"V","<=",0.03,"P",18.034,599.822,""
1,"A244_VOLH_C","AP54RH504_tml.VOL_VOH","VOL_VCCY_3.00_IOL_0.10",24411580,"AP54RHC244_TRUTH_TABLE",0,1,"PIN14",1,"P1","","",***,"NA",0.004035,"V","<=",0.03,"P",18.034,599.822,""
1,"A244_VOLH_C","AP54RH504_tml.VOL_VOH","VOL_VCCY_3.00_IOL_0.10",24411580,"AP54RHC244_TRUTH_TABLE",0,1,"PIN16",1,"P1","","",***,"NA",0.003869,"V","<=",0.03,"P",18.034,599.822,""
1,"A244_VOLH_C","AP54RH504_tml.VOL_VOH","VOL_VCCY_3.00_IOL_0.10",24411580,"AP54RHC244_TRUTH_TABLE",0,1,"PIN18",1,"P1","","",***,"NA",0.003812,"V","<=",0.03,"P",18.034,599.822,""
1,"A244_VOLH_C","AP54RH504_tml.VOL_VOH","VOL_VCCY_3.00_IOL_0.10",24411580,"AP54RHC244_TRUTH_TABLE",0,1,"PIN3",1,"P1","","",***,"NA",0.003869,"V","<=",0.03,"P",18.034,599.822,""
1,"A244_VOLH_C","AP54RH504_tml.VOL_VOH","VOL_VCCY_3.00_IOL_0.10",24411580,"AP54RHC244_TRUTH_TABLE",0,1,"PIN5",1,"P1","","",***,"NA",0.003926,"V","<=",0.03,"P",18.034,599.822,""
1,"A244_VOLH_C","AP54RH504_tml.VOL_VOH","VOL_VCCY_3.00_IOL_0.10",24411580,"AP54RHC244_TRUTH_TABLE",0,1,"PIN7",1,"P1","","",***,"NA",0.003978,"V","<=",0.03,"P",18.034,599.822,""
1,"A244_VOLH_C","AP54RH504_tml.VOL_VOH","VOL_VCCY_3.00_IOL_0.10",24411580,"AP54RHC244_TRUTH_TABLE",0,1,"PIN9",1,"P1","","",***,"NA",0.003921,"V","<=",0.03,"P",18.034,599.822,""
1,"A244_VOLH_C","AP54RH504_tml.VOL_VOH","VOH_VCCY_3.00_IOH_-0.10",24411590,"AP54RHC244_TRUTH_TABLE",0,1,"PIN12",1,"P1","","",2.9,"<=",2.99537,"V","NA",***,"P",8.571,599.822,""
1,"A244_VOLH_C","AP54RH504_tml.VOL_VOH","VOH_VCCY_3.00_IOH_-0.10",24411590,"AP54RHC244_TRUTH_TABLE",0,1,"PIN14",1,"P1","","",2.9,"<=",2.99525,"V","NA",***,"P",8.571,599.822,""
1,"A244_VOLH_C","AP54RH504_tml.VOL_VOH","VOH_VCCY_3.00_IOH_-0.10",24411590,"AP54RHC244_TRUTH_TABLE",0,1,"PIN16",1,"P1","","",2.9,"<=",2.99505,"V","NA",***,"P",8.571,599.822,""
1,"A244_VOLH_C","AP54RH504_tml.VOL_VOH","VOH_VCCY_3.00_IOH_-0.10",24411590,"AP54RHC244_TRUTH_TABLE",0,1,"PIN18",1,"P1","","",2.9,"<=",2.99488,"V","NA",***,"P",8.571,599.822,""
1,"A244_VOLH_C","AP54RH504_tml.VOL_VOH","VOH_VCCY_3.00_IOH_-0.10",24411590,"AP54RHC244_TRUTH_TABLE",0,1,"PIN3",1,"P1","","",2.9,"<=",2.99495,"V","NA",***,"P",8.571,599.822,""
1,"A244_VOLH_C","AP54RH504_tml.VOL_VOH","VOH_VCCY_3.00_IOH_-0.10",24411590,"AP54RHC244_TRUTH_TABLE",0,1,"PIN5",1,"P1","","",2.9,"<=",2.99478,"V","NA",***,"P",8.571,599.822,""
1,"A244_VOLH_C","AP54RH504_tml.VOL_VOH","VOH_VCCY_3.00_IOH_-0.10",24411590,"AP54RHC244_TRUTH_TABLE",0,1,"PIN7",1,"P1","","",2.9,"<=",2.99486,"V","NA",***,"P",8.571,599.822,""
1,"A244_VOLH_C","AP54RH504_tml.VOL_VOH","VOH_VCCY_3.00_IOH_-0.10",24411590,"AP54RHC244_TRUTH_TABLE",0,1,"PIN9",1,"P1","","",2.9,"<=",2.99473,"V","NA",***,"P",8.571,599.822,""
1,"A244_VOLH_C","AP54RH504_tml.VOL_VOH","VOL_VCCY_3.00_IOL_1.00",24411600,"AP54RHC244_TRUTH_TABLE",0,1,"PIN12",1,"P1","","",***,"NA",0.038001,"V","<=",0.09,"P",6.546,599.822,""
1,"A244_VOLH_C","AP54RH504_tml.VOL_VOH","VOL_VCCY_3.00_IOL_1.00",24411600,"AP54RHC244_TRUTH_TABLE",0,1,"PIN14",1,"P1","","",***,"NA",0.037945,"V","<=",0.09,"P",6.546,599.822,""
1,"A244_VOLH_C","AP54RH504_tml.VOL_VOH","VOL_VCCY_3.00_IOL_1.00",24411600,"AP54RHC244_TRUTH_TABLE",0,1,"PIN16",1,"P1","","",***,"NA",0.037928,"V","<=",0.09,"P",6.546,599.822,""
1,"A244_VOLH_C","AP54RH504_tml.VOL_VOH","VOL_VCCY_3.00_IOL_1.00",24411600,"AP54RHC244_TRUTH_TABLE",0,1,"PIN18",1,"P1","","",***,"NA",0.037644,"V","<=",0.09,"P",6.546,599.822,""
1,"A244_VOLH_C","AP54RH504_tml.VOL_VOH","VOL_VCCY_3.00_IOL_1.00",24411600,"AP54RHC244_TRUTH_TABLE",0,1,"PIN3",1,"P1","","",***,"NA",0.037417,"V","<=",0.09,"P",6.546,599.822,""
1,"A244_VOLH_C","AP54RH504_tml.VOL_VOH","VOL_VCCY_3.00_IOL_1.00",24411600,"AP54RHC244_TRUTH_TABLE",0,1,"PIN5",1,"P1","","",***,"NA",0.037644,"V","<=",0.09,"P",6.546,599.822,""
1,"A244_VOLH_C","AP54RH504_tml.VOL_VOH","VOL_VCCY_3.00_IOL_1.00",24411600,"AP54RHC244_TRUTH_TABLE",0,1,"PIN7",1,"P1","","",***,"NA",0.037773,"V","<=",0.09,"P",6.546,599.822,""
1,"A244_VOLH_C","AP54RH504_tml.VOL_VOH","VOL_VCCY_3.00_IOL_1.00",24411600,"AP54RHC244_TRUTH_TABLE",0,1,"PIN9",1,"P1","","",***,"NA",0.037261,"V","<=",0.09,"P",6.546,599.822,""
1,"A244_VOLH_C","AP54RH504_tml.VOL_VOH","VOH_VCCY_3.00_IOH_-1.00",24411610,"AP54RHC244_TRUTH_TABLE",0,1,"PIN12",1,"P1","","",2.85,"<=",2.96351,"V","NA",***,"P",7.869,599.822,""
1,"A244_VOLH_C","AP54RH504_tml.VOL_VOH","VOH_VCCY_3.00_IOH_-1.00",24411610,"AP54RHC244_TRUTH_TABLE",0,1,"PIN14",1,"P1","","",2.85,"<=",2.96294,"V","NA",***,"P",7.869,599.822,""
1,"A244_VOLH_C","AP54RH504_tml.VOL_VOH","VOH_VCCY_3.00_IOH_-1.00",24411610,"AP54RHC244_TRUTH_TABLE",0,1,"PIN16",1,"P1","","",2.85,"<=",2.96202,"V","NA",***,"P",7.869,599.822,""
1,"A244_VOLH_C","AP54RH504_tml.VOL_VOH","VOH_VCCY_3.00_IOH_-1.00",24411610,"AP54RHC244_TRUTH_TABLE",0,1,"PIN18",1,"P1","","",2.85,"<=",2.96145,"V","NA",***,"P",7.869,599.822,""
1,"A244_VOLH_C","AP54RH504_tml.VOL_VOH","VOH_VCCY_3.00_IOH_-1.00",24411610,"AP54RHC244_TRUTH_TABLE",0,1,"PIN3",1,"P1","","",2.85,"<=",2.96146,"V","NA",***,"P",7.869,599.822,""
1,"A244_VOLH_C","AP54RH504_tml.VOL_VOH","VOH_VCCY_3.00_IOH_-1.00",24411610,"AP54RHC244_TRUTH_TABLE",0,1,"PIN5",1,"P1","","",2.85,"<=",2.96027,"V","NA",***,"P",7.869,599.822,""
1,"A244_VOLH_C","AP54RH504_tml.VOL_VOH","VOH_VCCY_3.00_IOH_-1.00",24411610,"AP54RHC244_TRUTH_TABLE",0,1,"PIN7",1,"P1","","",2.85,"<=",2.95935,"V","NA",***,"P",7.869,599.822,""
1,"A244_VOLH_C","AP54RH504_tml.VOL_VOH","VOH_VCCY_3.00_IOH_-1.00",24411610,"AP54RHC244_TRUTH_TABLE",0,1,"PIN9",1,"P1","","",2.85,"<=",2.9586,"V","NA",***,"P",7.869,599.822,""
1,"A244_VOLH_C","AP54RH504_tml.VOL_VOH","VOL_VCCY_4.50_IOL_0.10",24411620,"AP54RHC244_TRUTH_TABLE",0,1,"PIN12",1,"P1","","",***,"NA",0.003523,"V","<=",0.03,"P",17.236,599.822,""
1,"A244_VOLH_C","AP54RH504_tml.VOL_VOH","VOL_VCCY_4.50_IOL_0.10",24411620,"AP54RHC244_TRUTH_TABLE",0,1,"PIN14",1,"P1","","",***,"NA",0.003466,"V","<=",0.03,"P",17.236,599.822,""
1,"A244_VOLH_C","AP54RH504_tml.VOL_VOH","VOL_VCCY_4.50_IOL_0.10",24411620,"AP54RHC244_TRUTH_TABLE",0,1,"PIN16",1,"P1","","",***,"NA",0.003527,"V","<=",0.03,"P",17.236,599.822,""
1,"A244_VOLH_C","AP54RH504_tml.VOL_VOH","VOL_VCCY_4.50_IOL_0.10",24411620,"AP54RHC244_TRUTH_TABLE",0,1,"PIN18",1,"P1","","",***,"NA",0.003299,"V","<=",0.03,"P",17.236,599.822,""
1,"A244_VOLH_C","AP54RH504_tml.VOL_VOH","VOL_VCCY_4.50_IOL_0.10",24411620,"AP54RHC244_TRUTH_TABLE",0,1,"PIN3",1,"P1","","",***,"NA",0.003356,"V","<=",0.03,"P",17.236,599.822,""
1,"A244_VOLH_C","AP54RH504_tml.VOL_VOH","VOL_VCCY_4.50_IOL_0.10",24411620,"AP54RHC244_TRUTH_TABLE",0,1,"PIN5",1,"P1","","",***,"NA",0.003356,"V","<=",0.03,"P",17.236,599.822,""
1,"A244_VOLH_C","AP54RH504_tml.VOL_VOH","VOL_VCCY_4.50_IOL_0.10",24411620,"AP54RHC244_TRUTH_TABLE",0,1,"PIN7",1,"P1","","",***,"NA",0.003466,"V","<=",0.03,"P",17.236,599.822,""
1,"A244_VOLH_C","AP54RH504_tml.VOL_VOH","VOL_VCCY_4.50_IOL_0.10",24411620,"AP54RHC244_TRUTH_TABLE",0,1,"PIN9",1,"P1","","",***,"NA",0.003466,"V","<=",0.03,"P",17.236,599.822,""
1,"A244_VOLH_C","AP54RH504_tml.VOL_VOH","VOH_VCCY_4.50_IOH_-0.10",24411630,"AP54RHC244_TRUTH_TABLE",0,1,"PIN12",1,"P1","","",4.4,"<=",4.49465,"V","NA",***,"P",7.839,599.822,""
1,"A244_VOLH_C","AP54RH504_tml.VOL_VOH","VOH_VCCY_4.50_IOH_-0.10",24411630,"AP54RHC244_TRUTH_TABLE",0,1,"PIN14",1,"P1","","",4.4,"<=",4.49459,"V","NA",***,"P",7.839,599.822,""
1,"A244_VOLH_C","AP54RH504_tml.VOL_VOH","VOH_VCCY_4.50_IOH_-0.10",24411630,"AP54RHC244_TRUTH_TABLE",0,1,"PIN16",1,"P1","","",4.4,"<=",4.49455,"V","NA",***,"P",7.839,599.822,""
1,"A244_VOLH_C","AP54RH504_tml.VOL_VOH","VOH_VCCY_4.50_IOH_-0.10",24411630,"AP54RHC244_TRUTH_TABLE",0,1,"PIN18",1,"P1","","",4.4,"<=",4.49444,"V","NA",***,"P",7.839,599.822,""
1,"A244_VOLH_C","AP54RH504_tml.VOL_VOH","VOH_VCCY_4.50_IOH_-0.10",24411630,"AP54RHC244_TRUTH_TABLE",0,1,"PIN3",1,"P1","","",4.4,"<=",4.49443,"V","NA",***,"P",7.839,599.822,""
1,"A244_VOLH_C","AP54RH504_tml.VOL_VOH","VOH_VCCY_4.50_IOH_-0.10",24411630,"AP54RHC244_TRUTH_TABLE",0,1,"PIN5",1,"P1","","",4.4,"<=",4.49431,"V","NA",***,"P",7.839,599.822,""
1,"A244_VOLH_C","AP54RH504_tml.VOL_VOH","VOH_VCCY_4.50_IOH_-0.10",24411630,"AP54RHC244_TRUTH_TABLE",0,1,"PIN7",1,"P1","","",4.4,"<=",4.49431,"V","NA",***,"P",7.839,599.822,""
1,"A244_VOLH_C","AP54RH504_tml.VOL_VOH","VOH_VCCY_4.50_IOH_-0.10",24411630,"AP54RHC244_TRUTH_TABLE",0,1,"PIN9",1,"P1","","",4.4,"<=",4.49421,"V","NA",***,"P",7.839,599.822,""
1,"A244_VOLH_C","AP54RH504_tml.VOL_VOH","VOL_VCCY_4.50_IOL_1.00",24411640,"AP54RHC244_TRUTH_TABLE",0,1,"PIN12",1,"P1","","",***,"NA",0.032823,"V","<=",0.09,"P",5.866,599.822,""
1,"A244_VOLH_C","AP54RH504_tml.VOL_VOH","VOL_VCCY_4.50_IOL_1.00",24411640,"AP54RHC244_TRUTH_TABLE",0,1,"PIN14",1,"P1","","",***,"NA",0.03271,"V","<=",0.09,"P",5.866,599.822,""
1,"A244_VOLH_C","AP54RH504_tml.VOL_VOH","VOL_VCCY_4.50_IOL_1.00",24411640,"AP54RHC244_TRUTH_TABLE",0,1,"PIN16",1,"P1","","",***,"NA",0.032631,"V","<=",0.09,"P",5.866,599.822,""
1,"A244_VOLH_C","AP54RH504_tml.VOL_VOH","VOL_VCCY_4.50_IOL_1.00",24411640,"AP54RHC244_TRUTH_TABLE",0,1,"PIN18",1,"P1","","",***,"NA",0.032518,"V","<=",0.09,"P",5.866,599.822,""
1,"A244_VOLH_C","AP54RH504_tml.VOL_VOH","VOL_VCCY_4.50_IOL_1.00",24411640,"AP54RHC244_TRUTH_TABLE",0,1,"PIN3",1,"P1","","",***,"NA",0.03212,"V","<=",0.09,"P",5.866,599.822,""
1,"A244_VOLH_C","AP54RH504_tml.VOL_VOH","VOL_VCCY_4.50_IOL_1.00",24411640,"AP54RHC244_TRUTH_TABLE",0,1,"PIN5",1,"P1","","",***,"NA",0.032461,"V","<=",0.09,"P",5.866,599.822,""
1,"A244_VOLH_C","AP54RH504_tml.VOL_VOH","VOL_VCCY_4.50_IOL_1.00",24411640,"AP54RHC244_TRUTH_TABLE",0,1,"PIN7",1,"P1","","",***,"NA",0.032482,"V","<=",0.09,"P",5.866,599.822,""
1,"A244_VOLH_C","AP54RH504_tml.VOL_VOH","VOL_VCCY_4.50_IOL_1.00",24411640,"AP54RHC244_TRUTH_TABLE",0,1,"PIN9",1,"P1","","",***,"NA",0.03197,"V","<=",0.09,"P",5.866,599.822,""
1,"A244_VOLH_C","AP54RH504_tml.VOL_VOH","VOH_VCCY_4.50_IOH_-1.00",24411650,"AP54RHC244_TRUTH_TABLE",0,1,"PIN12",1,"P1","","",4.35,"<=",4.46871,"V","NA",***,"P",7.781,599.822,""
1,"A244_VOLH_C","AP54RH504_tml.VOL_VOH","VOH_VCCY_4.50_IOH_-1.00",24411650,"AP54RHC244_TRUTH_TABLE",0,1,"PIN14",1,"P1","","",4.35,"<=",4.46819,"V","NA",***,"P",7.781,599.822,""
1,"A244_VOLH_C","AP54RH504_tml.VOL_VOH","VOH_VCCY_4.50_IOH_-1.00",24411650,"AP54RHC244_TRUTH_TABLE",0,1,"PIN16",1,"P1","","",4.35,"<=",4.4675,"V","NA",***,"P",7.781,599.822,""
1,"A244_VOLH_C","AP54RH504_tml.VOL_VOH","VOH_VCCY_4.50_IOH_-1.00",24411650,"AP54RHC244_TRUTH_TABLE",0,1,"PIN18",1,"P1","","",4.35,"<=",4.46682,"V","NA",***,"P",7.781,599.822,""
1,"A244_VOLH_C","AP54RH504_tml.VOL_VOH","VOH_VCCY_4.50_IOH_-1.00",24411650,"AP54RHC244_TRUTH_TABLE",0,1,"PIN3",1,"P1","","",4.35,"<=",4.46663,"V","NA",***,"P",7.781,599.822,""
1,"A244_VOLH_C","AP54RH504_tml.VOL_VOH","VOH_VCCY_4.50_IOH_-1.00",24411650,"AP54RHC244_TRUTH_TABLE",0,1,"PIN5",1,"P1","","",4.35,"<=",4.46561,"V","NA",***,"P",7.781,599.822,""
1,"A244_VOLH_C","AP54RH504_tml.VOL_VOH","VOH_VCCY_4.50_IOH_-1.00",24411650,"AP54RHC244_TRUTH_TABLE",0,1,"PIN7",1,"P1","","",4.35,"<=",4.46461,"V","NA",***,"P",7.781,599.822,""
1,"A244_VOLH_C","AP54RH504_tml.VOL_VOH","VOH_VCCY_4.50_IOH_-1.00",24411650,"AP54RHC244_TRUTH_TABLE",0,1,"PIN9",1,"P1","","",4.35,"<=",4.46388,"V","NA",***,"P",7.781,599.822,""
1,"A244_VOLH_C","AP54RH504_tml.VOL_VOH","VOL_VCCY_1.40_IOL_1.00",24411680,"AP54RHC244_TRUTH_TABLE",0,1,"PIN12",1,"P1","","",0,"<=",0.072137,"V","<=",0.1,"P",7.36,599.822,""
1,"A244_VOLH_C","AP54RH504_tml.VOL_VOH","VOL_VCCY_1.40_IOL_1.00",24411680,"AP54RHC244_TRUTH_TABLE",0,1,"PIN14",1,"P1","","",0,"<=",0.072138,"V","<=",0.1,"P",7.36,599.822,""
1,"A244_VOLH_C","AP54RH504_tml.VOL_VOH","VOL_VCCY_1.40_IOL_1.00",24411680,"AP54RHC244_TRUTH_TABLE",0,1,"PIN16",1,"P1","","",0,"<=",0.072386,"V","<=",0.1,"P",7.36,599.822,""
1,"A244_VOLH_C","AP54RH504_tml.VOL_VOH","VOL_VCCY_1.40_IOL_1.00",24411680,"AP54RHC244_TRUTH_TABLE",0,1,"PIN18",1,"P1","","",0,"<=",0.071762,"V","<=",0.1,"P",7.36,599.822,""
1,"A244_VOLH_C","AP54RH504_tml.VOL_VOH","VOL_VCCY_1.40_IOL_1.00",24411680,"AP54RHC244_TRUTH_TABLE",0,1,"PIN3",1,"P1","","",0,"<=",0.071649,"V","<=",0.1,"P",7.36,599.822,""
1,"A244_VOLH_C","AP54RH504_tml.VOL_VOH","VOL_VCCY_1.40_IOL_1.00",24411680,"AP54RHC244_TRUTH_TABLE",0,1,"PIN5",1,"P1","","",0,"<=",0.071762,"V","<=",0.1,"P",7.36,599.822,""
1,"A244_VOLH_C","AP54RH504_tml.VOL_VOH","VOL_VCCY_1.40_IOL_1.00",24411680,"AP54RHC244_TRUTH_TABLE",0,1,"PIN7",1,"P1","","",0,"<=",0.071909,"V","<=",0.1,"P",7.36,599.822,""
1,"A244_VOLH_C","AP54RH504_tml.VOL_VOH","VOL_VCCY_1.40_IOL_1.00",24411680,"AP54RHC244_TRUTH_TABLE",0,1,"PIN9",1,"P1","","",0,"<=",0.071454,"V","<=",0.1,"P",7.36,599.822,""
1,"A244_VOLH_C","AP54RH504_tml.VOL_VOH","VOH_VCCY_1.40_IOH_-1.00",24411690,"AP54RHC244_TRUTH_TABLE",0,1,"PIN12",1,"P1","","",1.25,"<=",1.33136,"V","<=",1.4,"P",7.796,599.822,""
1,"A244_VOLH_C","AP54RH504_tml.VOL_VOH","VOH_VCCY_1.40_IOH_-1.00",24411690,"AP54RHC244_TRUTH_TABLE",0,1,"PIN14",1,"P1","","",1.25,"<=",1.33093,"V","<=",1.4,"P",7.796,599.822,""
1,"A244_VOLH_C","AP54RH504_tml.VOL_VOH","VOH_VCCY_1.40_IOH_-1.00",24411690,"AP54RHC244_TRUTH_TABLE",0,1,"PIN16",1,"P1","","",1.25,"<=",1.33002,"V","<=",1.4,"P",7.796,599.822,""
1,"A244_VOLH_C","AP54RH504_tml.VOL_VOH","VOH_VCCY_1.40_IOH_-1.00",24411690,"AP54RHC244_TRUTH_TABLE",0,1,"PIN18",1,"P1","","",1.25,"<=",1.32926,"V","<=",1.4,"P",7.796,599.822,""
1,"A244_VOLH_C","AP54RH504_tml.VOL_VOH","VOH_VCCY_1.40_IOH_-1.00",24411690,"AP54RHC244_TRUTH_TABLE",0,1,"PIN3",1,"P1","","",1.25,"<=",1.32906,"V","<=",1.4,"P",7.796,599.822,""
1,"A244_VOLH_C","AP54RH504_tml.VOL_VOH","VOH_VCCY_1.40_IOH_-1.00",24411690,"AP54RHC244_TRUTH_TABLE",0,1,"PIN5",1,"P1","","",1.25,"<=",1.32778,"V","<=",1.4,"P",7.796,599.822,""
1,"A244_VOLH_C","AP54RH504_tml.VOL_VOH","VOH_VCCY_1.40_IOH_-1.00",24411690,"AP54RHC244_TRUTH_TABLE",0,1,"PIN7",1,"P1","","",1.25,"<=",1.32698,"V","<=",1.4,"P",7.796,599.822,""
1,"A244_VOLH_C","AP54RH504_tml.VOL_VOH","VOH_VCCY_1.40_IOH_-1.00",24411690,"AP54RHC244_TRUTH_TABLE",0,1,"PIN9",1,"P1","","",1.25,"<=",1.32612,"V","<=",1.4,"P",7.796,599.822,""
1,"A244_VOLH_C","AP54RH504_tml.VOL_VOH","VOL_VCCY_1.40_IOL_2.00",24411700,"AP54RHC244_TRUTH_TABLE",0,1,"PIN12",1,"P1","","",0,"<=",0.150536,"V","<=",0.275,"P",6.133,599.822,""
1,"A244_VOLH_C","AP54RH504_tml.VOL_VOH","VOL_VCCY_1.40_IOL_2.00",24411700,"AP54RHC244_TRUTH_TABLE",0,1,"PIN14",1,"P1","","",0,"<=",0.151393,"V","<=",0.275,"P",6.133,599.822,""
1,"A244_VOLH_C","AP54RH504_tml.VOL_VOH","VOL_VCCY_1.40_IOL_2.00",24411700,"AP54RHC244_TRUTH_TABLE",0,1,"PIN16",1,"P1","","",0,"<=",0.152523,"V","<=",0.275,"P",6.133,599.822,""
1,"A244_VOLH_C","AP54RH504_tml.VOL_VOH","VOL_VCCY_1.40_IOL_2.00",24411700,"AP54RHC244_TRUTH_TABLE",0,1,"PIN18",1,"P1","","",0,"<=",0.151729,"V","<=",0.275,"P",6.133,599.822,""
1,"A244_VOLH_C","AP54RH504_tml.VOL_VOH","VOL_VCCY_1.40_IOL_2.00",24411700,"AP54RHC244_TRUTH_TABLE",0,1,"PIN3",1,"P1","","",0,"<=",0.150935,"V","<=",0.275,"P",6.133,599.822,""
1,"A244_VOLH_C","AP54RH504_tml.VOL_VOH","VOL_VCCY_1.40_IOL_2.00",24411700,"AP54RHC244_TRUTH_TABLE",0,1,"PIN5",1,"P1","","",0,"<=",0.151103,"V","<=",0.275,"P",6.133,599.822,""
1,"A244_VOLH_C","AP54RH504_tml.VOL_VOH","VOL_VCCY_1.40_IOL_2.00",24411700,"AP54RHC244_TRUTH_TABLE",0,1,"PIN7",1,"P1","","",0,"<=",0.151275,"V","<=",0.275,"P",6.133,599.822,""
1,"A244_VOLH_C","AP54RH504_tml.VOL_VOH","VOL_VCCY_1.40_IOL_2.00",24411700,"AP54RHC244_TRUTH_TABLE",0,1,"PIN9",1,"P1","","",0,"<=",0.150024,"V","<=",0.275,"P",6.133,599.822,""
1,"A244_VOLH_C","AP54RH504_tml.VOL_VOH","VOH_VCCY_1.40_IOH_-2.00",24411710,"AP54RHC244_TRUTH_TABLE",0,1,"PIN12",1,"P1","","",1.15,"<=",1.25819,"V","<=",1.4,"P",8.484,599.822,""
1,"A244_VOLH_C","AP54RH504_tml.VOL_VOH","VOH_VCCY_1.40_IOH_-2.00",24411710,"AP54RHC244_TRUTH_TABLE",0,1,"PIN14",1,"P1","","",1.15,"<=",1.25788,"V","<=",1.4,"P",8.484,599.822,""
1,"A244_VOLH_C","AP54RH504_tml.VOL_VOH","VOH_VCCY_1.40_IOH_-2.00",24411710,"AP54RHC244_TRUTH_TABLE",0,1,"PIN16",1,"P1","","",1.15,"<=",1.25598,"V","<=",1.4,"P",8.484,599.822,""
1,"A244_VOLH_C","AP54RH504_tml.VOL_VOH","VOH_VCCY_1.40_IOH_-2.00",24411710,"AP54RHC244_TRUTH_TABLE",0,1,"PIN18",1,"P1","","",1.15,"<=",1.25504,"V","<=",1.4,"P",8.484,599.822,""
1,"A244_VOLH_C","AP54RH504_tml.VOL_VOH","VOH_VCCY_1.40_IOH_-2.00",24411710,"AP54RHC244_TRUTH_TABLE",0,1,"PIN3",1,"P1","","",1.15,"<=",1.25427,"V","<=",1.4,"P",8.484,599.822,""
1,"A244_VOLH_C","AP54RH504_tml.VOL_VOH","VOH_VCCY_1.40_IOH_-2.00",24411710,"AP54RHC244_TRUTH_TABLE",0,1,"PIN5",1,"P1","","",1.15,"<=",1.25145,"V","<=",1.4,"P",8.484,599.822,""
1,"A244_VOLH_C","AP54RH504_tml.VOL_VOH","VOH_VCCY_1.40_IOH_-2.00",24411710,"AP54RHC244_TRUTH_TABLE",0,1,"PIN7",1,"P1","","",1.15,"<=",1.24977,"V","<=",1.4,"P",8.484,599.822,""
1,"A244_VOLH_C","AP54RH504_tml.VOL_VOH","VOH_VCCY_1.40_IOH_-2.00",24411710,"AP54RHC244_TRUTH_TABLE",0,1,"PIN9",1,"P1","","",1.15,"<=",1.24773,"V","<=",1.4,"P",8.484,599.822,""
1,"A244_IILH_140_C","AP54RH504_tml.IO_Leakage","passCurrentLow_uA",24419818,"AP54RHC244_TRUTH_TABLE",0,1,"PIN2",1,"P1","","",-0.2,"<=",0,"uA","<=",0.15,"P",83.69,86.14,""
1,"A244_IILH_140_C","AP54RH504_tml.IO_Leakage","passCurrentLow_uA",24419818,"AP54RHC244_TRUTH_TABLE",0,1,"PIN4",1,"P1","","",-0.2,"<=",-0.001,"uA","<=",0.15,"P",83.69,86.14,""
1,"A244_IILH_140_C","AP54RH504_tml.IO_Leakage","passCurrentLow_uA",24419818,"AP54RHC244_TRUTH_TABLE",0,1,"PIN6",1,"P1","","",-0.2,"<=",0,"uA","<=",0.15,"P",83.69,86.14,""
1,"A244_IILH_140_C","AP54RH504_tml.IO_Leakage","passCurrentLow_uA",24419818,"AP54RHC244_TRUTH_TABLE",0,1,"PIN8",1,"P1","","",-0.2,"<=",0,"uA","<=",0.15,"P",83.69,86.14,""
1,"A244_IILH_140_C","AP54RH504_tml.IO_Leakage","passCurrentLow_uA",24419818,"AP54RHC244_TRUTH_TABLE",0,1,"PIN1",1,"P1","","",-0.2,"<=",-0.001,"uA","<=",0.15,"P",83.69,86.14,""
1,"A244_IILH_140_C","AP54RH504_tml.IO_Leakage","passCurrentLow_uA",24419818,"AP54RHC244_TRUTH_TABLE",0,1,"PIN19",1,"P1","","",-0.2,"<=",0,"uA","<=",0.15,"P",83.69,86.14,""
1,"A244_IILH_140_C","AP54RH504_tml.IO_Leakage","passCurrentLow_uA",24419818,"AP54RHC244_TRUTH_TABLE",0,1,"PIN17",1,"P1","","",-0.2,"<=",0,"uA","<=",0.15,"P",83.69,86.14,""
1,"A244_IILH_140_C","AP54RH504_tml.IO_Leakage","passCurrentLow_uA",24419818,"AP54RHC244_TRUTH_TABLE",0,1,"PIN15",1,"P1","","",-0.2,"<=",0,"uA","<=",0.15,"P",83.69,86.14,""
1,"A244_IILH_140_C","AP54RH504_tml.IO_Leakage","passCurrentLow_uA",24419818,"AP54RHC244_TRUTH_TABLE",0,1,"PIN13",1,"P1","","",-0.2,"<=",-0.001,"uA","<=",0.15,"P",83.69,86.14,""
1,"A244_IILH_140_C","AP54RH504_tml.IO_Leakage","passCurrentLow_uA",24419818,"AP54RHC244_TRUTH_TABLE",0,1,"PIN11",1,"P1","","",-0.2,"<=",-0.001,"uA","<=",0.15,"P",83.69,86.14,""
1,"A244_IILH_140_C","AP54RH504_tml.IO_Leakage","passCurrentHigh_uA",24419820,"AP54RHC244_TRUTH_TABLE",0,1,"PIN2",1,"P1","","",-0.5,"<=",0,"uA","<=",0.5,"P",0.011,86.14,""
1,"A244_IILH_140_C","AP54RH504_tml.IO_Leakage","passCurrentHigh_uA",24419820,"AP54RHC244_TRUTH_TABLE",0,1,"PIN4",1,"P1","","",-0.5,"<=",-0.001,"uA","<=",0.5,"P",0.011,86.14,""
1,"A244_IILH_140_C","AP54RH504_tml.IO_Leakage","passCurrentHigh_uA",24419820,"AP54RHC244_TRUTH_TABLE",0,1,"PIN6",1,"P1","","",-0.5,"<=",0,"uA","<=",0.5,"P",0.011,86.14,""
1,"A244_IILH_140_C","AP54RH504_tml.IO_Leakage","passCurrentHigh_uA",24419820,"AP54RHC244_TRUTH_TABLE",0,1,"PIN8",1,"P1","","",-0.5,"<=",0,"uA","<=",0.5,"P",0.011,86.14,""
1,"A244_IILH_140_C","AP54RH504_tml.IO_Leakage","passCurrentHigh_uA",24419820,"AP54RHC244_TRUTH_TABLE",0,1,"PIN1",1,"P1","","",-0.5,"<=",-0.001,"uA","<=",0.5,"P",0.011,86.14,""
1,"A244_IILH_140_C","AP54RH504_tml.IO_Leakage","passCurrentHigh_uA",24419820,"AP54RHC244_TRUTH_TABLE",0,1,"PIN19",1,"P1","","",-0.5,"<=",-0.001,"uA","<=",0.5,"P",0.011,86.14,""
1,"A244_IILH_140_C","AP54RH504_tml.IO_Leakage","passCurrentHigh_uA",24419820,"AP54RHC244_TRUTH_TABLE",0,1,"PIN17",1,"P1","","",-0.5,"<=",-0.001,"uA","<=",0.5,"P",0.011,86.14,""
1,"A244_IILH_140_C","AP54RH504_tml.IO_Leakage","passCurrentHigh_uA",24419820,"AP54RHC244_TRUTH_TABLE",0,1,"PIN15",1,"P1","","",-0.5,"<=",0,"uA","<=",0.5,"P",0.011,86.14,""
1,"A244_IILH_140_C","AP54RH504_tml.IO_Leakage","passCurrentHigh_uA",24419820,"AP54RHC244_TRUTH_TABLE",0,1,"PIN13",1,"P1","","",-0.5,"<=",0,"uA","<=",0.5,"P",0.011,86.14,""
1,"A244_IILH_140_C","AP54RH504_tml.IO_Leakage","passCurrentHigh_uA",24419820,"AP54RHC244_TRUTH_TABLE",0,1,"PIN11",1,"P1","","",-0.5,"<=",0,"uA","<=",0.5,"P",0.011,86.14,""
1,"A244_IILH_550_C","AP54RH504_tml.IO_Leakage","passCurrentLow_uA",24411760,"AP54RHC244_TRUTH_TABLE",0,1,"PIN2",1,"P1","","",-0.15,"<=",0,"uA","<=",0.15,"P",90.574,92.992,""
1,"A244_IILH_550_C","AP54RH504_tml.IO_Leakage","passCurrentLow_uA",24411760,"AP54RHC244_TRUTH_TABLE",0,1,"PIN4",1,"P1","","",-0.15,"<=",-0.001,"uA","<=",0.15,"P",90.574,92.992,""
1,"A244_IILH_550_C","AP54RH504_tml.IO_Leakage","passCurrentLow_uA",24411760,"AP54RHC244_TRUTH_TABLE",0,1,"PIN6",1,"P1","","",-0.15,"<=",-0.001,"uA","<=",0.15,"P",90.574,92.992,""
1,"A244_IILH_550_C","AP54RH504_tml.IO_Leakage","passCurrentLow_uA",24411760,"AP54RHC244_TRUTH_TABLE",0,1,"PIN8",1,"P1","","",-0.15,"<=",0,"uA","<=",0.15,"P",90.574,92.992,""
1,"A244_IILH_550_C","AP54RH504_tml.IO_Leakage","passCurrentLow_uA",24411760,"AP54RHC244_TRUTH_TABLE",0,1,"PIN1",1,"P1","","",-0.15,"<=",-0.001,"uA","<=",0.15,"P",90.574,92.992,""
1,"A244_IILH_550_C","AP54RH504_tml.IO_Leakage","passCurrentLow_uA",24411760,"AP54RHC244_TRUTH_TABLE",0,1,"PIN19",1,"P1","","",-0.15,"<=",-0.001,"uA","<=",0.15,"P",90.574,92.992,""
1,"A244_IILH_550_C","AP54RH504_tml.IO_Leakage","passCurrentLow_uA",24411760,"AP54RHC244_TRUTH_TABLE",0,1,"PIN17",1,"P1","","",-0.15,"<=",0,"uA","<=",0.15,"P",90.574,92.992,""
1,"A244_IILH_550_C","AP54RH504_tml.IO_Leakage","passCurrentLow_uA",24411760,"AP54RHC244_TRUTH_TABLE",0,1,"PIN15",1,"P1","","",-0.15,"<=",0,"uA","<=",0.15,"P",90.574,92.992,""
1,"A244_IILH_550_C","AP54RH504_tml.IO_Leakage","passCurrentLow_uA",24411760,"AP54RHC244_TRUTH_TABLE",0,1,"PIN13",1,"P1","","",-0.15,"<=",-0.001,"uA","<=",0.15,"P",90.574,92.992,""
1,"A244_IILH_550_C","AP54RH504_tml.IO_Leakage","passCurrentLow_uA",24411760,"AP54RHC244_TRUTH_TABLE",0,1,"PIN11",1,"P1","","",-0.15,"<=",0,"uA","<=",0.15,"P",90.574,92.992,""
1,"A244_IILH_550_C","AP54RH504_tml.IO_Leakage","passCurrentHigh_uA",24411770,"AP54RHC244_TRUTH_TABLE",0,1,"PIN2",1,"P1","","",-0.5,"<=",0,"uA","<=",0.5,"P",0.016,92.992,""
1,"A244_IILH_550_C","AP54RH504_tml.IO_Leakage","passCurrentHigh_uA",24411770,"AP54RHC244_TRUTH_TABLE",0,1,"PIN4",1,"P1","","",-0.5,"<=",-0.001,"uA","<=",0.5,"P",0.016,92.992,""
1,"A244_IILH_550_C","AP54RH504_tml.IO_Leakage","passCurrentHigh_uA",24411770,"AP54RHC244_TRUTH_TABLE",0,1,"PIN6",1,"P1","","",-0.5,"<=",0,"uA","<=",0.5,"P",0.016,92.992,""
1,"A244_IILH_550_C","AP54RH504_tml.IO_Leakage","passCurrentHigh_uA",24411770,"AP54RHC244_TRUTH_TABLE",0,1,"PIN8",1,"P1","","",-0.5,"<=",0,"uA","<=",0.5,"P",0.016,92.992,""
1,"A244_IILH_550_C","AP54RH504_tml.IO_Leakage","passCurrentHigh_uA",24411770,"AP54RHC244_TRUTH_TABLE",0,1,"PIN1",1,"P1","","",-0.5,"<=",-0.001,"uA","<=",0.5,"P",0.016,92.992,""
1,"A244_IILH_550_C","AP54RH504_tml.IO_Leakage","passCurrentHigh_uA",24411770,"AP54RHC244_TRUTH_TABLE",0,1,"PIN19",1,"P1","","",-0.5,"<=",-0.001,"uA","<=",0.5,"P",0.016,92.992,""
1,"A244_IILH_550_C","AP54RH504_tml.IO_Leakage","passCurrentHigh_uA",24411770,"AP54RHC244_TRUTH_TABLE",0,1,"PIN17",1,"P1","","",-0.5,"<=",0,"uA","<=",0.5,"P",0.016,92.992,""
1,"A244_IILH_550_C","AP54RH504_tml.IO_Leakage","passCurrentHigh_uA",24411770,"AP54RHC244_TRUTH_TABLE",0,1,"PIN15",1,"P1","","",-0.5,"<=",0,"uA","<=",0.5,"P",0.016,92.992,""
1,"A244_IILH_550_C","AP54RH504_tml.IO_Leakage","passCurrentHigh_uA",24411770,"AP54RHC244_TRUTH_TABLE",0,1,"PIN13",1,"P1","","",-0.5,"<=",0.008,"uA","<=",0.5,"P",0.016,92.992,""
1,"A244_IILH_550_C","AP54RH504_tml.IO_Leakage","passCurrentHigh_uA",24411770,"AP54RHC244_TRUTH_TABLE",0,1,"PIN11",1,"P1","","",-0.5,"<=",0.004,"uA","<=",0.5,"P",0.016,92.992,""
1,"A244_IOZLH_140_C","AP54RH504_tml.IO_Leakage","passCurrentLow_uA",24419822,"AP54RHC244_TRUTH_TABLE",0,1,"PIN12",1,"P1","","",-0.5,"<=",0,"uA","<=",0.2,"P",83.815,87.49,""
1,"A244_IOZLH_140_C","AP54RH504_tml.IO_Leakage","passCurrentLow_uA",24419822,"AP54RHC244_TRUTH_TABLE",0,1,"PIN14",1,"P1","","",-0.5,"<=",0,"uA","<=",0.2,"P",83.815,87.49,""
1,"A244_IOZLH_140_C","AP54RH504_tml.IO_Leakage","passCurrentLow_uA",24419822,"AP54RHC244_TRUTH_TABLE",0,1,"PIN16",1,"P1","","",-0.5,"<=",0,"uA","<=",0.2,"P",83.815,87.49,""
1,"A244_IOZLH_140_C","AP54RH504_tml.IO_Leakage","passCurrentLow_uA",24419822,"AP54RHC244_TRUTH_TABLE",0,1,"PIN18",1,"P1","","",-0.5,"<=",0,"uA","<=",0.2,"P",83.815,87.49,""
1,"A244_IOZLH_140_C","AP54RH504_tml.IO_Leakage","passCurrentLow_uA",24419822,"AP54RHC244_TRUTH_TABLE",0,1,"PIN3",1,"P1","","",-0.5,"<=",0,"uA","<=",0.2,"P",83.815,87.49,""
1,"A244_IOZLH_140_C","AP54RH504_tml.IO_Leakage","passCurrentLow_uA",24419822,"AP54RHC244_TRUTH_TABLE",0,1,"PIN5",1,"P1","","",-0.5,"<=",0,"uA","<=",0.2,"P",83.815,87.49,""
1,"A244_IOZLH_140_C","AP54RH504_tml.IO_Leakage","passCurrentLow_uA",24419822,"AP54RHC244_TRUTH_TABLE",0,1,"PIN7",1,"P1","","",-0.5,"<=",0,"uA","<=",0.2,"P",83.815,87.49,""
1,"A244_IOZLH_140_C","AP54RH504_tml.IO_Leakage","passCurrentLow_uA",24419822,"AP54RHC244_TRUTH_TABLE",0,1,"PIN9",1,"P1","","",-0.5,"<=",0,"uA","<=",0.2,"P",83.815,87.49,""
1,"A244_IOZLH_140_C","AP54RH504_tml.IO_Leakage","passCurrentHigh_uA",24419824,"AP54RHC244_TRUTH_TABLE",0,1,"PIN12",1,"P1","","",-0.2,"<=",0,"uA","<=",0.9,"P",0.017,87.49,""
1,"A244_IOZLH_140_C","AP54RH504_tml.IO_Leakage","passCurrentHigh_uA",24419824,"AP54RHC244_TRUTH_TABLE",0,1,"PIN14",1,"P1","","",-0.2,"<=",0,"uA","<=",0.9,"P",0.017,87.49,""
1,"A244_IOZLH_140_C","AP54RH504_tml.IO_Leakage","passCurrentHigh_uA",24419824,"AP54RHC244_TRUTH_TABLE",0,1,"PIN16",1,"P1","","",-0.2,"<=",0,"uA","<=",0.9,"P",0.017,87.49,""
1,"A244_IOZLH_140_C","AP54RH504_tml.IO_Leakage","passCurrentHigh_uA",24419824,"AP54RHC244_TRUTH_TABLE",0,1,"PIN18",1,"P1","","",-0.2,"<=",0,"uA","<=",0.9,"P",0.017,87.49,""
1,"A244_IOZLH_140_C","AP54RH504_tml.IO_Leakage","passCurrentHigh_uA",24419824,"AP54RHC244_TRUTH_TABLE",0,1,"PIN3",1,"P1","","",-0.2,"<=",0,"uA","<=",0.9,"P",0.017,87.49,""
1,"A244_IOZLH_140_C","AP54RH504_tml.IO_Leakage","passCurrentHigh_uA",24419824,"AP54RHC244_TRUTH_TABLE",0,1,"PIN5",1,"P1","","",-0.2,"<=",0,"uA","<=",0.9,"P",0.017,87.49,""
1,"A244_IOZLH_140_C","AP54RH504_tml.IO_Leakage","passCurrentHigh_uA",24419824,"AP54RHC244_TRUTH_TABLE",0,1,"PIN7",1,"P1","","",-0.2,"<=",0,"uA","<=",0.9,"P",0.017,87.49,""
1,"A244_IOZLH_140_C","AP54RH504_tml.IO_Leakage","passCurrentHigh_uA",24419824,"AP54RHC244_TRUTH_TABLE",0,1,"PIN9",1,"P1","","",-0.2,"<=",0,"uA","<=",0.9,"P",0.017,87.49,""
1,"A244_IOZLH_550_C","AP54RH504_tml.IO_Leakage","passCurrentLow_uA",24411800,"AP54RHC244_TRUTH_TABLE",0,1,"PIN12",1,"P1","","",-0.5,"<=",0,"uA","<=",0.3,"P",88.222,90.551,""
1,"A244_IOZLH_550_C","AP54RH504_tml.IO_Leakage","passCurrentLow_uA",24411800,"AP54RHC244_TRUTH_TABLE",0,1,"PIN14",1,"P1","","",-0.5,"<=",0,"uA","<=",0.3,"P",88.222,90.551,""
1,"A244_IOZLH_550_C","AP54RH504_tml.IO_Leakage","passCurrentLow_uA",24411800,"AP54RHC244_TRUTH_TABLE",0,1,"PIN16",1,"P1","","",-0.5,"<=",0,"uA","<=",0.3,"P",88.222,90.551,""
1,"A244_IOZLH_550_C","AP54RH504_tml.IO_Leakage","passCurrentLow_uA",24411800,"AP54RHC244_TRUTH_TABLE",0,1,"PIN18",1,"P1","","",-0.5,"<=",0,"uA","<=",0.3,"P",88.222,90.551,""
1,"A244_IOZLH_550_C","AP54RH504_tml.IO_Leakage","passCurrentLow_uA",24411800,"AP54RHC244_TRUTH_TABLE",0,1,"PIN3",1,"P1","","",-0.5,"<=",0,"uA","<=",0.3,"P",88.222,90.551,""
1,"A244_IOZLH_550_C","AP54RH504_tml.IO_Leakage","passCurrentLow_uA",24411800,"AP54RHC244_TRUTH_TABLE",0,1,"PIN5",1,"P1","","",-0.5,"<=",0,"uA","<=",0.3,"P",88.222,90.551,""
1,"A244_IOZLH_550_C","AP54RH504_tml.IO_Leakage","passCurrentLow_uA",24411800,"AP54RHC244_TRUTH_TABLE",0,1,"PIN7",1,"P1","","",-0.5,"<=",0,"uA","<=",0.3,"P",88.222,90.551,""
1,"A244_IOZLH_550_C","AP54RH504_tml.IO_Leakage","passCurrentLow_uA",24411800,"AP54RHC244_TRUTH_TABLE",0,1,"PIN9",1,"P1","","",-0.5,"<=",0,"uA","<=",0.3,"P",88.222,90.551,""
1,"A244_IOZLH_550_C","AP54RH504_tml.IO_Leakage","passCurrentHigh_uA",24411810,"AP54RHC244_TRUTH_TABLE",0,1,"PIN12",1,"P1","","",-0.5,"<=",0.012,"uA","<=",0.5,"P",0.014,90.551,""
1,"A244_IOZLH_550_C","AP54RH504_tml.IO_Leakage","passCurrentHigh_uA",24411810,"AP54RHC244_TRUTH_TABLE",0,1,"PIN14",1,"P1","","",-0.5,"<=",0.001,"uA","<=",0.5,"P",0.014,90.551,""
1,"A244_IOZLH_550_C","AP54RH504_tml.IO_Leakage","passCurrentHigh_uA",24411810,"AP54RHC244_TRUTH_TABLE",0,1,"PIN16",1,"P1","","",-0.5,"<=",0.007,"uA","<=",0.5,"P",0.014,90.551,""
1,"A244_IOZLH_550_C","AP54RH504_tml.IO_Leakage","passCurrentHigh_uA",24411810,"AP54RHC244_TRUTH_TABLE",0,1,"PIN18",1,"P1","","",-0.5,"<=",0,"uA","<=",0.5,"P",0.014,90.551,""
1,"A244_IOZLH_550_C","AP54RH504_tml.IO_Leakage","passCurrentHigh_uA",24411810,"AP54RHC244_TRUTH_TABLE",0,1,"PIN3",1,"P1","","",-0.5,"<=",0,"uA","<=",0.5,"P",0.014,90.551,""
1,"A244_IOZLH_550_C","AP54RH504_tml.IO_Leakage","passCurrentHigh_uA",24411810,"AP54RHC244_TRUTH_TABLE",0,1,"PIN5",1,"P1","","",-0.5,"<=",0.006,"uA","<=",0.5,"P",0.014,90.551,""
1,"A244_IOZLH_550_C","AP54RH504_tml.IO_Leakage","passCurrentHigh_uA",24411810,"AP54RHC244_TRUTH_TABLE",0,1,"PIN7",1,"P1","","",-0.5,"<=",0.018,"uA","<=",0.5,"P",0.014,90.551,""
1,"A244_IOZLH_550_C","AP54RH504_tml.IO_Leakage","passCurrentHigh_uA",24411810,"AP54RHC244_TRUTH_TABLE",0,1,"PIN9",1,"P1","","",-0.5,"<=",0,"uA","<=",0.5,"P",0.014,90.551,""
1,"A244_T_PD_C","AP54RH504_tml.T_ENABLE_DISABLE","T_EDGE_HI_VCCY_4.5000",24419010,"AP54RHC244_TRAFFIC_ALL_OUT",0,1,"PIN12",1,"P1","","",***,"NA",6.21,"nS","<=",6.9,"P",110.606,1025.13,""
1,"A244_T_PD_C","AP54RH504_tml.T_ENABLE_DISABLE","T_EDGE_HI_VCCY_4.5000",24419010,"AP54RHC244_TRAFFIC_ALL_OUT",0,1,"PIN14",1,"P1","","",***,"NA",6.21,"nS","<=",6.9,"P",110.606,1025.13,""
1,"A244_T_PD_C","AP54RH504_tml.T_ENABLE_DISABLE","T_EDGE_HI_VCCY_4.5000",24419010,"AP54RHC244_TRAFFIC_ALL_OUT",0,1,"PIN16",1,"P1","","",***,"NA",6.25,"nS","<=",6.9,"P",110.606,1025.13,""
1,"A244_T_PD_C","AP54RH504_tml.T_ENABLE_DISABLE","T_EDGE_HI_VCCY_4.5000",24419010,"AP54RHC244_TRAFFIC_ALL_OUT",0,1,"PIN18",1,"P1","","",***,"NA",6.25,"nS","<=",6.9,"P",110.606,1025.13,""
1,"A244_T_PD_C","AP54RH504_tml.T_ENABLE_DISABLE","T_EDGE_HI_VCCY_4.5000",24419010,"AP54RHC244_TRAFFIC_ALL_OUT",0,1,"PIN3",1,"P1","","",***,"NA",6.25,"nS","<=",6.9,"P",110.606,1025.13,""
1,"A244_T_PD_C","AP54RH504_tml.T_ENABLE_DISABLE","T_EDGE_HI_VCCY_4.5000",24419010,"AP54RHC244_TRAFFIC_ALL_OUT",0,1,"PIN5",1,"P1","","",***,"NA",6.11,"nS","<=",6.9,"P",110.606,1025.13,""
1,"A244_T_PD_C","AP54RH504_tml.T_ENABLE_DISABLE","T_EDGE_HI_VCCY_4.5000",24419010,"AP54RHC244_TRAFFIC_ALL_OUT",0,1,"PIN7",1,"P1","","",***,"NA",6.18,"nS","<=",6.9,"P",110.606,1025.13,""
1,"A244_T_PD_C","AP54RH504_tml.T_ENABLE_DISABLE","T_EDGE_HI_VCCY_4.5000",24419010,"AP54RHC244_TRAFFIC_ALL_OUT",0,1,"PIN9",1,"P1","","",***,"NA",6.47,"nS","<=",6.9,"P",110.606,1025.13,""
1,"A244_T_PD_C","AP54RH504_tml.T_ENABLE_DISABLE","T_SKEW_HI_VCCY_4.5000",24419020,"AP54RHC244_TRAFFIC_ALL_OUT",0,1,"PIN12",1,"P1","","",***,"NA",0.36,"nS","<=",1,"P",0.011,1025.13,""
1,"A244_T_PD_C","AP54RH504_tml.T_ENABLE_DISABLE","T_EDGE_LO_VCCY_4.5000",24419170,"AP54RHC244_TRAFFIC_ALL_OUT",0,1,"PIN12",1,"P1","","",***,"NA",6.62,"nS","<=",6.9,"P",100.213,1025.13,""
1,"A244_T_PD_C","AP54RH504_tml.T_ENABLE_DISABLE","T_EDGE_LO_VCCY_4.5000",24419170,"AP54RHC244_TRAFFIC_ALL_OUT",0,1,"PIN14",1,"P1","","",***,"NA",6.48,"nS","<=",6.9,"P",100.213,1025.13,""
1,"A244_T_PD_C","AP54RH504_tml.T_ENABLE_DISABLE","T_EDGE_LO_VCCY_4.5000",24419170,"AP54RHC244_TRAFFIC_ALL_OUT",0,1,"PIN16",1,"P1","","",***,"NA",6.49,"nS","<=",6.9,"P",100.213,1025.13,""
1,"A244_T_PD_C","AP54RH504_tml.T_ENABLE_DISABLE","T_EDGE_LO_VCCY_4.5000",24419170,"AP54RHC244_TRAFFIC_ALL_OUT",0,1,"PIN18",1,"P1","","",***,"NA",6.5,"nS","<=",6.9,"P",100.213,1025.13,""
1,"A244_T_PD_C","AP54RH504_tml.T_ENABLE_DISABLE","T_EDGE_LO_VCCY_4.5000",24419170,"AP54RHC244_TRAFFIC_ALL_OUT",0,1,"PIN3",1,"P1","","",***,"NA",6.57,"nS","<=",6.9,"P",100.213,1025.13,""
1,"A244_T_PD_C","AP54RH504_tml.T_ENABLE_DISABLE","T_EDGE_LO_VCCY_4.5000",24419170,"AP54RHC244_TRAFFIC_ALL_OUT",0,1,"PIN5",1,"P1","","",***,"NA",6.4,"nS","<=",6.9,"P",100.213,1025.13,""
1,"A244_T_PD_C","AP54RH504_tml.T_ENABLE_DISABLE","T_EDGE_LO_VCCY_4.5000",24419170,"AP54RHC244_TRAFFIC_ALL_OUT",0,1,"PIN7",1,"P1","","",***,"NA",6.51,"nS","<=",6.9,"P",100.213,1025.13,""
1,"A244_T_PD_C","AP54RH504_tml.T_ENABLE_DISABLE","T_EDGE_LO_VCCY_4.5000",24419170,"AP54RHC244_TRAFFIC_ALL_OUT",0,1,"PIN9",1,"P1","","",***,"NA",6.6,"nS","<=",6.9,"P",100.213,1025.13,""
1,"A244_T_PD_C","AP54RH504_tml.T_ENABLE_DISABLE","T_SKEW_LO_VCCY_4.5000",24419180,"AP54RHC244_TRAFFIC_ALL_OUT",0,1,"PIN12",1,"P1","","",***,"NA",0.22,"nS","<=",1,"P",0.015,1025.13,""
1,"A244_T_PD_C","AP54RH504_tml.T_ENABLE_DISABLE","T_EDGE_HI_VCCY_3.0000",24419050,"AP54RHC244_TRAFFIC_ALL_OUT",0,1,"PIN12",1,"P1","","",***,"NA",7.39,"nS","<=",9.4,"P",103.971,1025.13,""
1,"A244_T_PD_C","AP54RH504_tml.T_ENABLE_DISABLE","T_EDGE_HI_VCCY_3.0000",24419050,"AP54RHC244_TRAFFIC_ALL_OUT",0,1,"PIN14",1,"P1","","",***,"NA",7.39,"nS","<=",9.4,"P",103.971,1025.13,""
1,"A244_T_PD_C","AP54RH504_tml.T_ENABLE_DISABLE","T_EDGE_HI_VCCY_3.0000",24419050,"AP54RHC244_TRAFFIC_ALL_OUT",0,1,"PIN16",1,"P1","","",***,"NA",7.44,"nS","<=",9.4,"P",103.971,1025.13,""
1,"A244_T_PD_C","AP54RH504_tml.T_ENABLE_DISABLE","T_EDGE_HI_VCCY_3.0000",24419050,"AP54RHC244_TRAFFIC_ALL_OUT",0,1,"PIN18",1,"P1","","",***,"NA",7.41,"nS","<=",9.4,"P",103.971,1025.13,""
1,"A244_T_PD_C","AP54RH504_tml.T_ENABLE_DISABLE","T_EDGE_HI_VCCY_3.0000",24419050,"AP54RHC244_TRAFFIC_ALL_OUT",0,1,"PIN3",1,"P1","","",***,"NA",7.44,"nS","<=",9.4,"P",103.971,1025.13,""
1,"A244_T_PD_C","AP54RH504_tml.T_ENABLE_DISABLE","T_EDGE_HI_VCCY_3.0000",24419050,"AP54RHC244_TRAFFIC_ALL_OUT",0,1,"PIN5",1,"P1","","",***,"NA",7.29,"nS","<=",9.4,"P",103.971,1025.13,""
1,"A244_T_PD_C","AP54RH504_tml.T_ENABLE_DISABLE","T_EDGE_HI_VCCY_3.0000",24419050,"AP54RHC244_TRAFFIC_ALL_OUT",0,1,"PIN7",1,"P1","","",***,"NA",7.35,"nS","<=",9.4,"P",103.971,1025.13,""
1,"A244_T_PD_C","AP54RH504_tml.T_ENABLE_DISABLE","T_EDGE_HI_VCCY_3.0000",24419050,"AP54RHC244_TRAFFIC_ALL_OUT",0,1,"PIN9",1,"P1","","",***,"NA",7.61,"nS","<=",9.4,"P",103.971,1025.13,""
1,"A244_T_PD_C","AP54RH504_tml.T_ENABLE_DISABLE","T_SKEW_HI_VCCY_3.0000",24419060,"AP54RHC244_TRAFFIC_ALL_OUT",0,1,"PIN12",1,"P1","","",***,"NA",0.32,"nS","<=",1,"P",0.01,1025.13,""
1,"A244_T_PD_C","AP54RH504_tml.T_ENABLE_DISABLE","T_EDGE_LO_VCCY_3.0000",24419210,"AP54RHC244_TRAFFIC_ALL_OUT",0,1,"PIN12",1,"P1","","",***,"NA",8.31,"nS","<=",9.4,"P",100.246,1025.13,""
1,"A244_T_PD_C","AP54RH504_tml.T_ENABLE_DISABLE","T_EDGE_LO_VCCY_3.0000",24419210,"AP54RHC244_TRAFFIC_ALL_OUT",0,1,"PIN14",1,"P1","","",***,"NA",8.19,"nS","<=",9.4,"P",100.246,1025.13,""
1,"A244_T_PD_C","AP54RH504_tml.T_ENABLE_DISABLE","T_EDGE_LO_VCCY_3.0000",24419210,"AP54RHC244_TRAFFIC_ALL_OUT",0,1,"PIN16",1,"P1","","",***,"NA",8.02,"nS","<=",9.4,"P",100.246,1025.13,""
1,"A244_T_PD_C","AP54RH504_tml.T_ENABLE_DISABLE","T_EDGE_LO_VCCY_3.0000",24419210,"AP54RHC244_TRAFFIC_ALL_OUT",0,1,"PIN18",1,"P1","","",***,"NA",8.19,"nS","<=",9.4,"P",100.246,1025.13,""
1,"A244_T_PD_C","AP54RH504_tml.T_ENABLE_DISABLE","T_EDGE_LO_VCCY_3.0000",24419210,"AP54RHC244_TRAFFIC_ALL_OUT",0,1,"PIN3",1,"P1","","",***,"NA",8.22,"nS","<=",9.4,"P",100.246,1025.13,""
1,"A244_T_PD_C","AP54RH504_tml.T_ENABLE_DISABLE","T_EDGE_LO_VCCY_3.0000",24419210,"AP54RHC244_TRAFFIC_ALL_OUT",0,1,"PIN5",1,"P1","","",***,"NA",8.21,"nS","<=",9.4,"P",100.246,1025.13,""
1,"A244_T_PD_C","AP54RH504_tml.T_ENABLE_DISABLE","T_EDGE_LO_VCCY_3.0000",24419210,"AP54RHC244_TRAFFIC_ALL_OUT",0,1,"PIN7",1,"P1","","",***,"NA",8.24,"nS","<=",9.4,"P",100.246,1025.13,""
1,"A244_T_PD_C","AP54RH504_tml.T_ENABLE_DISABLE","T_EDGE_LO_VCCY_3.0000",24419210,"AP54RHC244_TRAFFIC_ALL_OUT",0,1,"PIN9",1,"P1","","",***,"NA",8.23,"nS","<=",9.4,"P",100.246,1025.13,""
1,"A244_T_PD_C","AP54RH504_tml.T_ENABLE_DISABLE","T_SKEW_LO_VCCY_3.0000",24419220,"AP54RHC244_TRAFFIC_ALL_OUT",0,1,"PIN12",1,"P1","","",***,"NA",0.29,"nS","<=",1,"P",0.011,1025.13,""
1,"A244_T_PD_C","AP54RH504_tml.T_ENABLE_DISABLE","T_EDGE_HI_VCCY_2.3000",24419090,"AP54RHC244_TRAFFIC_ALL_OUT",0,1,"PIN12",1,"P1","","",***,"NA",9.22,"nS","<=",12,"P",100.976,1025.13,""
1,"A244_T_PD_C","AP54RH504_tml.T_ENABLE_DISABLE","T_EDGE_HI_VCCY_2.3000",24419090,"AP54RHC244_TRAFFIC_ALL_OUT",0,1,"PIN14",1,"P1","","",***,"NA",9.17,"nS","<=",12,"P",100.976,1025.13,""
1,"A244_T_PD_C","AP54RH504_tml.T_ENABLE_DISABLE","T_EDGE_HI_VCCY_2.3000",24419090,"AP54RHC244_TRAFFIC_ALL_OUT",0,1,"PIN16",1,"P1","","",***,"NA",9.27,"nS","<=",12,"P",100.976,1025.13,""
1,"A244_T_PD_C","AP54RH504_tml.T_ENABLE_DISABLE","T_EDGE_HI_VCCY_2.3000",24419090,"AP54RHC244_TRAFFIC_ALL_OUT",0,1,"PIN18",1,"P1","","",***,"NA",9.2,"nS","<=",12,"P",100.976,1025.13,""
1,"A244_T_PD_C","AP54RH504_tml.T_ENABLE_DISABLE","T_EDGE_HI_VCCY_2.3000",24419090,"AP54RHC244_TRAFFIC_ALL_OUT",0,1,"PIN3",1,"P1","","",***,"NA",9.26,"nS","<=",12,"P",100.976,1025.13,""
1,"A244_T_PD_C","AP54RH504_tml.T_ENABLE_DISABLE","T_EDGE_HI_VCCY_2.3000",24419090,"AP54RHC244_TRAFFIC_ALL_OUT",0,1,"PIN5",1,"P1","","",***,"NA",9.11,"nS","<=",12,"P",100.976,1025.13,""
1,"A244_T_PD_C","AP54RH504_tml.T_ENABLE_DISABLE","T_EDGE_HI_VCCY_2.3000",24419090,"AP54RHC244_TRAFFIC_ALL_OUT",0,1,"PIN7",1,"P1","","",***,"NA",9.18,"nS","<=",12,"P",100.976,1025.13,""
1,"A244_T_PD_C","AP54RH504_tml.T_ENABLE_DISABLE","T_EDGE_HI_VCCY_2.3000",24419090,"AP54RHC244_TRAFFIC_ALL_OUT",0,1,"PIN9",1,"P1","","",***,"NA",9.46,"nS","<=",12,"P",100.976,1025.13,""
1,"A244_T_PD_C","AP54RH504_tml.T_ENABLE_DISABLE","T_SKEW_HI_VCCY_2.3000",24419100,"AP54RHC244_TRAFFIC_ALL_OUT",0,1,"PIN12",1,"P1","","",***,"NA",0.35,"nS","<=",1.5,"P",0.01,1025.13,""
1,"A244_T_PD_C","AP54RH504_tml.T_ENABLE_DISABLE","T_EDGE_LO_VCCY_2.3000",24419250,"AP54RHC244_TRAFFIC_ALL_OUT",0,1,"PIN12",1,"P1","","",***,"NA",10.35,"nS","<=",12,"P",98.79,1025.13,""
1,"A244_T_PD_C","AP54RH504_tml.T_ENABLE_DISABLE","T_EDGE_LO_VCCY_2.3000",24419250,"AP54RHC244_TRAFFIC_ALL_OUT",0,1,"PIN14",1,"P1","","",***,"NA",10.3,"nS","<=",12,"P",98.79,1025.13,""
1,"A244_T_PD_C","AP54RH504_tml.T_ENABLE_DISABLE","T_EDGE_LO_VCCY_2.3000",24419250,"AP54RHC244_TRAFFIC_ALL_OUT",0,1,"PIN16",1,"P1","","",***,"NA",9.81,"nS","<=",12,"P",98.79,1025.13,""
1,"A244_T_PD_C","AP54RH504_tml.T_ENABLE_DISABLE","T_EDGE_LO_VCCY_2.3000",24419250,"AP54RHC244_TRAFFIC_ALL_OUT",0,1,"PIN18",1,"P1","","",***,"NA",10.28,"nS","<=",12,"P",98.79,1025.13,""
1,"A244_T_PD_C","AP54RH504_tml.T_ENABLE_DISABLE","T_EDGE_LO_VCCY_2.3000",24419250,"AP54RHC244_TRAFFIC_ALL_OUT",0,1,"PIN3",1,"P1","","",***,"NA",10.25,"nS","<=",12,"P",98.79,1025.13,""
1,"A244_T_PD_C","AP54RH504_tml.T_ENABLE_DISABLE","T_EDGE_LO_VCCY_2.3000",24419250,"AP54RHC244_TRAFFIC_ALL_OUT",0,1,"PIN5",1,"P1","","",***,"NA",10.53,"nS","<=",12,"P",98.79,1025.13,""
1,"A244_T_PD_C","AP54RH504_tml.T_ENABLE_DISABLE","T_EDGE_LO_VCCY_2.3000",24419250,"AP54RHC244_TRAFFIC_ALL_OUT",0,1,"PIN7",1,"P1","","",***,"NA",10.37,"nS","<=",12,"P",98.79,1025.13,""
1,"A244_T_PD_C","AP54RH504_tml.T_ENABLE_DISABLE","T_EDGE_LO_VCCY_2.3000",24419250,"AP54RHC244_TRAFFIC_ALL_OUT",0,1,"PIN9",1,"P1","","",***,"NA",10.23,"nS","<=",12,"P",98.79,1025.13,""
1,"A244_T_PD_C","AP54RH504_tml.T_ENABLE_DISABLE","T_SKEW_LO_VCCY_2.3000",24419260,"AP54RHC244_TRAFFIC_ALL_OUT",0,1,"PIN12",1,"P1","","",***,"NA",0.72,"nS","<=",1.5,"P",0.012,1025.13,""
1,"A244_T_PD_C","AP54RH504_tml.T_ENABLE_DISABLE","T_EDGE_HI_VCCY_1.6500",24419130,"AP54RHC244_TRAFFIC_ALL_OUT",0,1,"PIN12",1,"P1","","",***,"NA",13.87,"nS","<=",17.3,"P",101.195,1025.13,""
1,"A244_T_PD_C","AP54RH504_tml.T_ENABLE_DISABLE","T_EDGE_HI_VCCY_1.6500",24419130,"AP54RHC244_TRAFFIC_ALL_OUT",0,1,"PIN14",1,"P1","","",***,"NA",13.78,"nS","<=",17.3,"P",101.195,1025.13,""
1,"A244_T_PD_C","AP54RH504_tml.T_ENABLE_DISABLE","T_EDGE_HI_VCCY_1.6500",24419130,"AP54RHC244_TRAFFIC_ALL_OUT",0,1,"PIN16",1,"P1","","",***,"NA",13.86,"nS","<=",17.3,"P",101.195,1025.13,""
1,"A244_T_PD_C","AP54RH504_tml.T_ENABLE_DISABLE","T_EDGE_HI_VCCY_1.6500",24419130,"AP54RHC244_TRAFFIC_ALL_OUT",0,1,"PIN18",1,"P1","","",***,"NA",13.74,"nS","<=",17.3,"P",101.195,1025.13,""
1,"A244_T_PD_C","AP54RH504_tml.T_ENABLE_DISABLE","T_EDGE_HI_VCCY_1.6500",24419130,"AP54RHC244_TRAFFIC_ALL_OUT",0,1,"PIN3",1,"P1","","",***,"NA",13.83,"nS","<=",17.3,"P",101.195,1025.13,""
1,"A244_T_PD_C","AP54RH504_tml.T_ENABLE_DISABLE","T_EDGE_HI_VCCY_1.6500",24419130,"AP54RHC244_TRAFFIC_ALL_OUT",0,1,"PIN5",1,"P1","","",***,"NA",13.68,"nS","<=",17.3,"P",101.195,1025.13,""
1,"A244_T_PD_C","AP54RH504_tml.T_ENABLE_DISABLE","T_EDGE_HI_VCCY_1.6500",24419130,"AP54RHC244_TRAFFIC_ALL_OUT",0,1,"PIN7",1,"P1","","",***,"NA",13.81,"nS","<=",17.3,"P",101.195,1025.13,""
1,"A244_T_PD_C","AP54RH504_tml.T_ENABLE_DISABLE","T_EDGE_HI_VCCY_1.6500",24419130,"AP54RHC244_TRAFFIC_ALL_OUT",0,1,"PIN9",1,"P1","","",***,"NA",14.13,"nS","<=",17.3,"P",101.195,1025.13,""
1,"A244_T_PD_C","AP54RH504_tml.T_ENABLE_DISABLE","T_SKEW_HI_VCCY_1.6500",24419140,"AP54RHC244_TRAFFIC_ALL_OUT",0,1,"PIN12",1,"P1","","",***,"NA",0.45,"nS","<=",2,"P",0.01,1025.13,""
1,"A244_T_PD_C","AP54RH504_tml.T_ENABLE_DISABLE","T_EDGE_LO_VCCY_1.6500",24419290,"AP54RHC244_TRAFFIC_ALL_OUT",0,1,"PIN12",1,"P1","","",***,"NA",16.38,"nS","<=",17.3,"P",98.36,1025.13,""
1,"A244_T_PD_C","AP54RH504_tml.T_ENABLE_DISABLE","T_EDGE_LO_VCCY_1.6500",24419290,"AP54RHC244_TRAFFIC_ALL_OUT",0,1,"PIN14",1,"P1","","",***,"NA",16.16,"nS","<=",17.3,"P",98.36,1025.13,""
1,"A244_T_PD_C","AP54RH504_tml.T_ENABLE_DISABLE","T_EDGE_LO_VCCY_1.6500",24419290,"AP54RHC244_TRAFFIC_ALL_OUT",0,1,"PIN16",1,"P1","","",***,"NA",14.76,"nS","<=",17.3,"P",98.36,1025.13,""
1,"A244_T_PD_C","AP54RH504_tml.T_ENABLE_DISABLE","T_EDGE_LO_VCCY_1.6500",24419290,"AP54RHC244_TRAFFIC_ALL_OUT",0,1,"PIN18",1,"P1","","",***,"NA",16,"nS","<=",17.3,"P",98.36,1025.13,""
1,"A244_T_PD_C","AP54RH504_tml.T_ENABLE_DISABLE","T_EDGE_LO_VCCY_1.6500",24419290,"AP54RHC244_TRAFFIC_ALL_OUT",0,1,"PIN3",1,"P1","","",***,"NA",15.86,"nS","<=",17.3,"P",98.36,1025.13,""
1,"A244_T_PD_C","AP54RH504_tml.T_ENABLE_DISABLE","T_EDGE_LO_VCCY_1.6500",24419290,"AP54RHC244_TRAFFIC_ALL_OUT",0,1,"PIN5",1,"P1","","",***,"NA",16.5,"nS","<=",17.3,"P",98.36,1025.13,""
1,"A244_T_PD_C","AP54RH504_tml.T_ENABLE_DISABLE","T_EDGE_LO_VCCY_1.6500",24419290,"AP54RHC244_TRAFFIC_ALL_OUT",0,1,"PIN7",1,"P1","","",***,"NA",16.27,"nS","<=",17.3,"P",98.36,1025.13,""
1,"A244_T_PD_C","AP54RH504_tml.T_ENABLE_DISABLE","T_EDGE_LO_VCCY_1.6500",24419290,"AP54RHC244_TRAFFIC_ALL_OUT",0,1,"PIN9",1,"P1","","",***,"NA",16.12,"nS","<=",17.3,"P",98.36,1025.13,""
1,"A244_T_PD_C","AP54RH504_tml.T_ENABLE_DISABLE","T_SKEW_LO_VCCY_1.6500",24419300,"AP54RHC244_TRAFFIC_ALL_OUT",0,1,"PIN12",1,"P1","","",***,"NA",1.74,"nS","<=",2,"P",0.011,1025.13,""
1,"A244_T_PD_C","AP54RH504_tml.T_ENABLE_DISABLE","T_EDGE_HI_VCCY_1.4000",24419802,"AP54RHC244_TRAFFIC_ALL_OUT",0,1,"PIN12",1,"P1","","",***,"NA",19.34,"nS","<=",40,"P",101.031,1025.13,""
1,"A244_T_PD_C","AP54RH504_tml.T_ENABLE_DISABLE","T_EDGE_HI_VCCY_1.4000",24419802,"AP54RHC244_TRAFFIC_ALL_OUT",0,1,"PIN14",1,"P1","","",***,"NA",19.18,"nS","<=",40,"P",101.031,1025.13,""
1,"A244_T_PD_C","AP54RH504_tml.T_ENABLE_DISABLE","T_EDGE_HI_VCCY_1.4000",24419802,"AP54RHC244_TRAFFIC_ALL_OUT",0,1,"PIN16",1,"P1","","",***,"NA",19.23,"nS","<=",40,"P",101.031,1025.13,""
1,"A244_T_PD_C","AP54RH504_tml.T_ENABLE_DISABLE","T_EDGE_HI_VCCY_1.4000",24419802,"AP54RHC244_TRAFFIC_ALL_OUT",0,1,"PIN18",1,"P1","","",***,"NA",19.07,"nS","<=",40,"P",101.031,1025.13,""
1,"A244_T_PD_C","AP54RH504_tml.T_ENABLE_DISABLE","T_EDGE_HI_VCCY_1.4000",24419802,"AP54RHC244_TRAFFIC_ALL_OUT",0,1,"PIN3",1,"P1","","",***,"NA",19.22,"nS","<=",40,"P",101.031,1025.13,""
1,"A244_T_PD_C","AP54RH504_tml.T_ENABLE_DISABLE","T_EDGE_HI_VCCY_1.4000",24419802,"AP54RHC244_TRAFFIC_ALL_OUT",0,1,"PIN5",1,"P1","","",***,"NA",19.09,"nS","<=",40,"P",101.031,1025.13,""
1,"A244_T_PD_C","AP54RH504_tml.T_ENABLE_DISABLE","T_EDGE_HI_VCCY_1.4000",24419802,"AP54RHC244_TRAFFIC_ALL_OUT",0,1,"PIN7",1,"P1","","",***,"NA",19.31,"nS","<=",40,"P",101.031,1025.13,""
1,"A244_T_PD_C","AP54RH504_tml.T_ENABLE_DISABLE","T_EDGE_HI_VCCY_1.4000",24419802,"AP54RHC244_TRAFFIC_ALL_OUT",0,1,"PIN9",1,"P1","","",***,"NA",19.7,"nS","<=",40,"P",101.031,1025.13,""
1,"A244_T_PD_C","AP54RH504_tml.T_ENABLE_DISABLE","T_SKEW_HI_VCCY_1.4000",24419800,"AP54RHC244_TRAFFIC_ALL_OUT",0,1,"PIN12",1,"P1","","",***,"NA",0.63,"nS","<=",2,"P",0.012,1025.13,""
1,"A244_T_PD_C","AP54RH504_tml.T_ENABLE_DISABLE","T_EDGE_LO_VCCY_1.4000",24419804,"AP54RHC244_TRAFFIC_ALL_OUT",0,1,"PIN12",1,"P1","","",***,"NA",20.87,"nS","<=",40,"P",101.237,1025.13,""
1,"A244_T_PD_C","AP54RH504_tml.T_ENABLE_DISABLE","T_EDGE_LO_VCCY_1.4000",24419804,"AP54RHC244_TRAFFIC_ALL_OUT",0,1,"PIN14",1,"P1","","",***,"NA",20.67,"nS","<=",40,"P",101.237,1025.13,""
1,"A244_T_PD_C","AP54RH504_tml.T_ENABLE_DISABLE","T_EDGE_LO_VCCY_1.4000",24419804,"AP54RHC244_TRAFFIC_ALL_OUT",0,1,"PIN16",1,"P1","","",***,"NA",19.42,"nS","<=",40,"P",101.237,1025.13,""
1,"A244_T_PD_C","AP54RH504_tml.T_ENABLE_DISABLE","T_EDGE_LO_VCCY_1.4000",24419804,"AP54RHC244_TRAFFIC_ALL_OUT",0,1,"PIN18",1,"P1","","",***,"NA",20.29,"nS","<=",40,"P",101.237,1025.13,""
1,"A244_T_PD_C","AP54RH504_tml.T_ENABLE_DISABLE","T_EDGE_LO_VCCY_1.4000",24419804,"AP54RHC244_TRAFFIC_ALL_OUT",0,1,"PIN3",1,"P1","","",***,"NA",20.27,"nS","<=",40,"P",101.237,1025.13,""
1,"A244_T_PD_C","AP54RH504_tml.T_ENABLE_DISABLE","T_EDGE_LO_VCCY_1.4000",24419804,"AP54RHC244_TRAFFIC_ALL_OUT",0,1,"PIN5",1,"P1","","",***,"NA",20.92,"nS","<=",40,"P",101.237,1025.13,""
1,"A244_T_PD_C","AP54RH504_tml.T_ENABLE_DISABLE","T_EDGE_LO_VCCY_1.4000",24419804,"AP54RHC244_TRAFFIC_ALL_OUT",0,1,"PIN7",1,"P1","","",***,"NA",20.8,"nS","<=",40,"P",101.237,1025.13,""
1,"A244_T_PD_C","AP54RH504_tml.T_ENABLE_DISABLE","T_EDGE_LO_VCCY_1.4000",24419804,"AP54RHC244_TRAFFIC_ALL_OUT",0,1,"PIN9",1,"P1","","",***,"NA",20.58,"nS","<=",40,"P",101.237,1025.13,""
1,"A244_T_PD_C","AP54RH504_tml.T_ENABLE_DISABLE","T_SKEW_LO_VCCY_1.4000",24419798,"AP54RHC244_TRAFFIC_ALL_OUT",0,1,"PIN12",1,"P1","","",***,"NA",1.5,"nS","<=",2,"P",0.011,1025.13,""
1,"A244_T_EN_C","AP54RH504_tml.T_ENABLE_DISABLE","T_EDGE_HI_VCCY_4.5000",24415160,"AP54RHC244_OUTPUT_ENABLE_HIGH",0,1,"PIN3",1,"P1","","",***,"NA",10.37,"nS","<=",20,"P",131.674,1198.73,""
1,"A244_T_EN_C","AP54RH504_tml.T_ENABLE_DISABLE","T_EDGE_HI_VCCY_4.5000",24415160,"AP54RHC244_OUTPUT_ENABLE_HIGH",0,1,"PIN5",1,"P1","","",***,"NA",10.4,"nS","<=",20,"P",131.674,1198.73,""
1,"A244_T_EN_C","AP54RH504_tml.T_ENABLE_DISABLE","T_EDGE_HI_VCCY_4.5000",24415160,"AP54RHC244_OUTPUT_ENABLE_HIGH",0,1,"PIN7",1,"P1","","",***,"NA",10.93,"nS","<=",20,"P",131.674,1198.73,""
1,"A244_T_EN_C","AP54RH504_tml.T_ENABLE_DISABLE","T_EDGE_HI_VCCY_4.5000",24415160,"AP54RHC244_OUTPUT_ENABLE_HIGH",0,1,"PIN9",1,"P1","","",***,"NA",11.15,"nS","<=",20,"P",131.674,1198.73,""
1,"A244_T_EN_C","AP54RH504_tml.T_ENABLE_DISABLE","T_EDGE_HI_VCCY_4.5000",24415160,"AP54RHC244_OUTPUT_ENABLE_HIGH",0,1,"PIN12",1,"P1","","",***,"NA",10.93,"nS","<=",20,"P",131.674,1198.73,""
1,"A244_T_EN_C","AP54RH504_tml.T_ENABLE_DISABLE","T_EDGE_HI_VCCY_4.5000",24415160,"AP54RHC244_OUTPUT_ENABLE_HIGH",0,1,"PIN14",1,"P1","","",***,"NA",10.32,"nS","<=",20,"P",131.674,1198.73,""
1,"A244_T_EN_C","AP54RH504_tml.T_ENABLE_DISABLE","T_EDGE_HI_VCCY_4.5000",24415160,"AP54RHC244_OUTPUT_ENABLE_HIGH",0,1,"PIN16",1,"P1","","",***,"NA",10.25,"nS","<=",20,"P",131.674,1198.73,""
1,"A244_T_EN_C","AP54RH504_tml.T_ENABLE_DISABLE","T_EDGE_HI_VCCY_4.5000",24415160,"AP54RHC244_OUTPUT_ENABLE_HIGH",0,1,"PIN18",1,"P1","","",***,"NA",10.23,"nS","<=",20,"P",131.674,1198.73,""
1,"A244_T_EN_C","AP54RH504_tml.T_ENABLE_DISABLE","T_EDGE_LO_VCCY_4.5000",24415240,"AP54RHC244_OUTPUT_ENABLE_HIGH",0,1,"PIN3",1,"P1","","",***,"NA",10.08,"nS","<=",20,"P",120.391,1198.73,""
1,"A244_T_EN_C","AP54RH504_tml.T_ENABLE_DISABLE","T_EDGE_LO_VCCY_4.5000",24415240,"AP54RHC244_OUTPUT_ENABLE_HIGH",0,1,"PIN5",1,"P1","","",***,"NA",10.05,"nS","<=",20,"P",120.391,1198.73,""
1,"A244_T_EN_C","AP54RH504_tml.T_ENABLE_DISABLE","T_EDGE_LO_VCCY_4.5000",24415240,"AP54RHC244_OUTPUT_ENABLE_HIGH",0,1,"PIN7",1,"P1","","",***,"NA",10.64,"nS","<=",20,"P",120.391,1198.73,""
1,"A244_T_EN_C","AP54RH504_tml.T_ENABLE_DISABLE","T_EDGE_LO_VCCY_4.5000",24415240,"AP54RHC244_OUTPUT_ENABLE_HIGH",0,1,"PIN9",1,"P1","","",***,"NA",10.82,"nS","<=",20,"P",120.391,1198.73,""
1,"A244_T_EN_C","AP54RH504_tml.T_ENABLE_DISABLE","T_EDGE_LO_VCCY_4.5000",24415240,"AP54RHC244_OUTPUT_ENABLE_HIGH",0,1,"PIN12",1,"P1","","",***,"NA",10.68,"nS","<=",20,"P",120.391,1198.73,""
1,"A244_T_EN_C","AP54RH504_tml.T_ENABLE_DISABLE","T_EDGE_LO_VCCY_4.5000",24415240,"AP54RHC244_OUTPUT_ENABLE_HIGH",0,1,"PIN14",1,"P1","","",***,"NA",10,"nS","<=",20,"P",120.391,1198.73,""
1,"A244_T_EN_C","AP54RH504_tml.T_ENABLE_DISABLE","T_EDGE_LO_VCCY_4.5000",24415240,"AP54RHC244_OUTPUT_ENABLE_HIGH",0,1,"PIN16",1,"P1","","",***,"NA",10.01,"nS","<=",20,"P",120.391,1198.73,""
1,"A244_T_EN_C","AP54RH504_tml.T_ENABLE_DISABLE","T_EDGE_LO_VCCY_4.5000",24415240,"AP54RHC244_OUTPUT_ENABLE_HIGH",0,1,"PIN18",1,"P1","","",***,"NA",10.04,"nS","<=",20,"P",120.391,1198.73,""
1,"A244_T_EN_C","AP54RH504_tml.T_ENABLE_DISABLE","T_EDGE_HI_VCCY_3.0000",24415180,"AP54RHC244_OUTPUT_ENABLE_HIGH",0,1,"PIN3",1,"P1","","",***,"NA",12.72,"nS","<=",30,"P",118.696,1198.73,""
1,"A244_T_EN_C","AP54RH504_tml.T_ENABLE_DISABLE","T_EDGE_HI_VCCY_3.0000",24415180,"AP54RHC244_OUTPUT_ENABLE_HIGH",0,1,"PIN5",1,"P1","","",***,"NA",12.75,"nS","<=",30,"P",118.696,1198.73,""
1,"A244_T_EN_C","AP54RH504_tml.T_ENABLE_DISABLE","T_EDGE_HI_VCCY_3.0000",24415180,"AP54RHC244_OUTPUT_ENABLE_HIGH",0,1,"PIN7",1,"P1","","",***,"NA",13.33,"nS","<=",30,"P",118.696,1198.73,""
1,"A244_T_EN_C","AP54RH504_tml.T_ENABLE_DISABLE","T_EDGE_HI_VCCY_3.0000",24415180,"AP54RHC244_OUTPUT_ENABLE_HIGH",0,1,"PIN9",1,"P1","","",***,"NA",13.56,"nS","<=",30,"P",118.696,1198.73,""
1,"A244_T_EN_C","AP54RH504_tml.T_ENABLE_DISABLE","T_EDGE_HI_VCCY_3.0000",24415180,"AP54RHC244_OUTPUT_ENABLE_HIGH",0,1,"PIN12",1,"P1","","",***,"NA",13.2,"nS","<=",30,"P",118.696,1198.73,""
1,"A244_T_EN_C","AP54RH504_tml.T_ENABLE_DISABLE","T_EDGE_HI_VCCY_3.0000",24415180,"AP54RHC244_OUTPUT_ENABLE_HIGH",0,1,"PIN14",1,"P1","","",***,"NA",12.46,"nS","<=",30,"P",118.696,1198.73,""
1,"A244_T_EN_C","AP54RH504_tml.T_ENABLE_DISABLE","T_EDGE_HI_VCCY_3.0000",24415180,"AP54RHC244_OUTPUT_ENABLE_HIGH",0,1,"PIN16",1,"P1","","",***,"NA",12.4,"nS","<=",30,"P",118.696,1198.73,""
1,"A244_T_EN_C","AP54RH504_tml.T_ENABLE_DISABLE","T_EDGE_HI_VCCY_3.0000",24415180,"AP54RHC244_OUTPUT_ENABLE_HIGH",0,1,"PIN18",1,"P1","","",***,"NA",12.37,"nS","<=",30,"P",118.696,1198.73,""
1,"A244_T_EN_C","AP54RH504_tml.T_ENABLE_DISABLE","T_EDGE_LO_VCCY_3.0000",24415260,"AP54RHC244_OUTPUT_ENABLE_HIGH",0,1,"PIN3",1,"P1","","",***,"NA",12.54,"nS","<=",30,"P",118.436,1198.73,""
1,"A244_T_EN_C","AP54RH504_tml.T_ENABLE_DISABLE","T_EDGE_LO_VCCY_3.0000",24415260,"AP54RHC244_OUTPUT_ENABLE_HIGH",0,1,"PIN5",1,"P1","","",***,"NA",12.55,"nS","<=",30,"P",118.436,1198.73,""
1,"A244_T_EN_C","AP54RH504_tml.T_ENABLE_DISABLE","T_EDGE_LO_VCCY_3.0000",24415260,"AP54RHC244_OUTPUT_ENABLE_HIGH",0,1,"PIN7",1,"P1","","",***,"NA",13.14,"nS","<=",30,"P",118.436,1198.73,""
1,"A244_T_EN_C","AP54RH504_tml.T_ENABLE_DISABLE","T_EDGE_LO_VCCY_3.0000",24415260,"AP54RHC244_OUTPUT_ENABLE_HIGH",0,1,"PIN9",1,"P1","","",***,"NA",13.33,"nS","<=",30,"P",118.436,1198.73,""
1,"A244_T_EN_C","AP54RH504_tml.T_ENABLE_DISABLE","T_EDGE_LO_VCCY_3.0000",24415260,"AP54RHC244_OUTPUT_ENABLE_HIGH",0,1,"PIN12",1,"P1","","",***,"NA",13.05,"nS","<=",30,"P",118.436,1198.73,""
1,"A244_T_EN_C","AP54RH504_tml.T_ENABLE_DISABLE","T_EDGE_LO_VCCY_3.0000",24415260,"AP54RHC244_OUTPUT_ENABLE_HIGH",0,1,"PIN14",1,"P1","","",***,"NA",12.32,"nS","<=",30,"P",118.436,1198.73,""
1,"A244_T_EN_C","AP54RH504_tml.T_ENABLE_DISABLE","T_EDGE_LO_VCCY_3.0000",24415260,"AP54RHC244_OUTPUT_ENABLE_HIGH",0,1,"PIN16",1,"P1","","",***,"NA",12.28,"nS","<=",30,"P",118.436,1198.73,""
1,"A244_T_EN_C","AP54RH504_tml.T_ENABLE_DISABLE","T_EDGE_LO_VCCY_3.0000",24415260,"AP54RHC244_OUTPUT_ENABLE_HIGH",0,1,"PIN18",1,"P1","","",***,"NA",12.3,"nS","<=",30,"P",118.436,1198.73,""
1,"A244_T_EN_C","AP54RH504_tml.T_ENABLE_DISABLE","T_EDGE_HI_VCCY_2.3000",24415200,"AP54RHC244_OUTPUT_ENABLE_HIGH",0,1,"PIN3",1,"P1","","",***,"NA",15.48,"nS","<=",36,"P",119.505,1198.73,""
1,"A244_T_EN_C","AP54RH504_tml.T_ENABLE_DISABLE","T_EDGE_HI_VCCY_2.3000",24415200,"AP54RHC244_OUTPUT_ENABLE_HIGH",0,1,"PIN5",1,"P1","","",***,"NA",15.53,"nS","<=",36,"P",119.505,1198.73,""
1,"A244_T_EN_C","AP54RH504_tml.T_ENABLE_DISABLE","T_EDGE_HI_VCCY_2.3000",24415200,"AP54RHC244_OUTPUT_ENABLE_HIGH",0,1,"PIN7",1,"P1","","",***,"NA",16.3,"nS","<=",36,"P",119.505,1198.73,""
1,"A244_T_EN_C","AP54RH504_tml.T_ENABLE_DISABLE","T_EDGE_HI_VCCY_2.3000",24415200,"AP54RHC244_OUTPUT_ENABLE_HIGH",0,1,"PIN9",1,"P1","","",***,"NA",16.47,"nS","<=",36,"P",119.505,1198.73,""
1,"A244_T_EN_C","AP54RH504_tml.T_ENABLE_DISABLE","T_EDGE_HI_VCCY_2.3000",24415200,"AP54RHC244_OUTPUT_ENABLE_HIGH",0,1,"PIN12",1,"P1","","",***,"NA",15.86,"nS","<=",36,"P",119.505,1198.73,""
1,"A244_T_EN_C","AP54RH504_tml.T_ENABLE_DISABLE","T_EDGE_HI_VCCY_2.3000",24415200,"AP54RHC244_OUTPUT_ENABLE_HIGH",0,1,"PIN14",1,"P1","","",***,"NA",15.04,"nS","<=",36,"P",119.505,1198.73,""
1,"A244_T_EN_C","AP54RH504_tml.T_ENABLE_DISABLE","T_EDGE_HI_VCCY_2.3000",24415200,"AP54RHC244_OUTPUT_ENABLE_HIGH",0,1,"PIN16",1,"P1","","",***,"NA",14.95,"nS","<=",36,"P",119.505,1198.73,""
1,"A244_T_EN_C","AP54RH504_tml.T_ENABLE_DISABLE","T_EDGE_HI_VCCY_2.3000",24415200,"AP54RHC244_OUTPUT_ENABLE_HIGH",0,1,"PIN18",1,"P1","","",***,"NA",14.94,"nS","<=",36,"P",119.505,1198.73,""
1,"A244_T_EN_C","AP54RH504_tml.T_ENABLE_DISABLE","T_EDGE_LO_VCCY_2.3000",24415280,"AP54RHC244_OUTPUT_ENABLE_HIGH",0,1,"PIN3",1,"P1","","",***,"NA",15.52,"nS","<=",36,"P",116.217,1198.73,""
1,"A244_T_EN_C","AP54RH504_tml.T_ENABLE_DISABLE","T_EDGE_LO_VCCY_2.3000",24415280,"AP54RHC244_OUTPUT_ENABLE_HIGH",0,1,"PIN5",1,"P1","","",***,"NA",15.5,"nS","<=",36,"P",116.217,1198.73,""
1,"A244_T_EN_C","AP54RH504_tml.T_ENABLE_DISABLE","T_EDGE_LO_VCCY_2.3000",24415280,"AP54RHC244_OUTPUT_ENABLE_HIGH",0,1,"PIN7",1,"P1","","",***,"NA",16.19,"nS","<=",36,"P",116.217,1198.73,""
1,"A244_T_EN_C","AP54RH504_tml.T_ENABLE_DISABLE","T_EDGE_LO_VCCY_2.3000",24415280,"AP54RHC244_OUTPUT_ENABLE_HIGH",0,1,"PIN9",1,"P1","","",***,"NA",16.35,"nS","<=",36,"P",116.217,1198.73,""
1,"A244_T_EN_C","AP54RH504_tml.T_ENABLE_DISABLE","T_EDGE_LO_VCCY_2.3000",24415280,"AP54RHC244_OUTPUT_ENABLE_HIGH",0,1,"PIN12",1,"P1","","",***,"NA",15.86,"nS","<=",36,"P",116.217,1198.73,""
1,"A244_T_EN_C","AP54RH504_tml.T_ENABLE_DISABLE","T_EDGE_LO_VCCY_2.3000",24415280,"AP54RHC244_OUTPUT_ENABLE_HIGH",0,1,"PIN14",1,"P1","","",***,"NA",15.07,"nS","<=",36,"P",116.217,1198.73,""
1,"A244_T_EN_C","AP54RH504_tml.T_ENABLE_DISABLE","T_EDGE_LO_VCCY_2.3000",24415280,"AP54RHC244_OUTPUT_ENABLE_HIGH",0,1,"PIN16",1,"P1","","",***,"NA",15.01,"nS","<=",36,"P",116.217,1198.73,""
1,"A244_T_EN_C","AP54RH504_tml.T_ENABLE_DISABLE","T_EDGE_LO_VCCY_2.3000",24415280,"AP54RHC244_OUTPUT_ENABLE_HIGH",0,1,"PIN18",1,"P1","","",***,"NA",15.05,"nS","<=",36,"P",116.217,1198.73,""
1,"A244_T_EN_C","AP54RH504_tml.T_ENABLE_DISABLE","T_EDGE_HI_VCCY_1.6500",24415220,"AP54RHC244_OUTPUT_ENABLE_HIGH",0,1,"PIN3",1,"P1","","",***,"NA",22.52,"nS","<=",48,"P",118.412,1198.73,""
1,"A244_T_EN_C","AP54RH504_tml.T_ENABLE_DISABLE","T_EDGE_HI_VCCY_1.6500",24415220,"AP54RHC244_OUTPUT_ENABLE_HIGH",0,1,"PIN5",1,"P1","","",***,"NA",22.47,"nS","<=",48,"P",118.412,1198.73,""
1,"A244_T_EN_C","AP54RH504_tml.T_ENABLE_DISABLE","T_EDGE_HI_VCCY_1.6500",24415220,"AP54RHC244_OUTPUT_ENABLE_HIGH",0,1,"PIN7",1,"P1","","",***,"NA",23.82,"nS","<=",48,"P",118.412,1198.73,""
1,"A244_T_EN_C","AP54RH504_tml.T_ENABLE_DISABLE","T_EDGE_HI_VCCY_1.6500",24415220,"AP54RHC244_OUTPUT_ENABLE_HIGH",0,1,"PIN9",1,"P1","","",***,"NA",23.84,"nS","<=",48,"P",118.412,1198.73,""
1,"A244_T_EN_C","AP54RH504_tml.T_ENABLE_DISABLE","T_EDGE_HI_VCCY_1.6500",24415220,"AP54RHC244_OUTPUT_ENABLE_HIGH",0,1,"PIN12",1,"P1","","",***,"NA",22.18,"nS","<=",48,"P",118.412,1198.73,""
1,"A244_T_EN_C","AP54RH504_tml.T_ENABLE_DISABLE","T_EDGE_HI_VCCY_1.6500",24415220,"AP54RHC244_OUTPUT_ENABLE_HIGH",0,1,"PIN14",1,"P1","","",***,"NA",21.11,"nS","<=",48,"P",118.412,1198.73,""
1,"A244_T_EN_C","AP54RH504_tml.T_ENABLE_DISABLE","T_EDGE_HI_VCCY_1.6500",24415220,"AP54RHC244_OUTPUT_ENABLE_HIGH",0,1,"PIN16",1,"P1","","",***,"NA",21.02,"nS","<=",48,"P",118.412,1198.73,""
1,"A244_T_EN_C","AP54RH504_tml.T_ENABLE_DISABLE","T_EDGE_HI_VCCY_1.6500",24415220,"AP54RHC244_OUTPUT_ENABLE_HIGH",0,1,"PIN18",1,"P1","","",***,"NA",21.03,"nS","<=",48,"P",118.412,1198.73,""
1,"A244_T_EN_C","AP54RH504_tml.T_ENABLE_DISABLE","T_EDGE_LO_VCCY_1.6500",24415300,"AP54RHC244_OUTPUT_ENABLE_HIGH",0,1,"PIN3",1,"P1","","",***,"NA",24.58,"nS","<=",48,"P",114.337,1198.73,""
1,"A244_T_EN_C","AP54RH504_tml.T_ENABLE_DISABLE","T_EDGE_LO_VCCY_1.6500",24415300,"AP54RHC244_OUTPUT_ENABLE_HIGH",0,1,"PIN5",1,"P1","","",***,"NA",24.28,"nS","<=",48,"P",114.337,1198.73,""
1,"A244_T_EN_C","AP54RH504_tml.T_ENABLE_DISABLE","T_EDGE_LO_VCCY_1.6500",24415300,"AP54RHC244_OUTPUT_ENABLE_HIGH",0,1,"PIN7",1,"P1","","",***,"NA",25.51,"nS","<=",48,"P",114.337,1198.73,""
1,"A244_T_EN_C","AP54RH504_tml.T_ENABLE_DISABLE","T_EDGE_LO_VCCY_1.6500",24415300,"AP54RHC244_OUTPUT_ENABLE_HIGH",0,1,"PIN9",1,"P1","","",***,"NA",25.5,"nS","<=",48,"P",114.337,1198.73,""
1,"A244_T_EN_C","AP54RH504_tml.T_ENABLE_DISABLE","T_EDGE_LO_VCCY_1.6500",24415300,"AP54RHC244_OUTPUT_ENABLE_HIGH",0,1,"PIN12",1,"P1","","",***,"NA",24.63,"nS","<=",48,"P",114.337,1198.73,""
1,"A244_T_EN_C","AP54RH504_tml.T_ENABLE_DISABLE","T_EDGE_LO_VCCY_1.6500",24415300,"AP54RHC244_OUTPUT_ENABLE_HIGH",0,1,"PIN14",1,"P1","","",***,"NA",23.4,"nS","<=",48,"P",114.337,1198.73,""
1,"A244_T_EN_C","AP54RH504_tml.T_ENABLE_DISABLE","T_EDGE_LO_VCCY_1.6500",24415300,"AP54RHC244_OUTPUT_ENABLE_HIGH",0,1,"PIN16",1,"P1","","",***,"NA",23.34,"nS","<=",48,"P",114.337,1198.73,""
1,"A244_T_EN_C","AP54RH504_tml.T_ENABLE_DISABLE","T_EDGE_LO_VCCY_1.6500",24415300,"AP54RHC244_OUTPUT_ENABLE_HIGH",0,1,"PIN18",1,"P1","","",***,"NA",23.31,"nS","<=",48,"P",114.337,1198.73,""
1,"A244_T_EN_C","AP54RH504_tml.T_ENABLE_DISABLE","T_EDGE_HI_VCCY_1.4000",24419782,"AP54RHC244_OUTPUT_ENABLE_HIGH",0,1,"PIN3",1,"P1","","",***,"NA",32.51,"nS","<=",62,"P",114.78,1198.73,""
1,"A244_T_EN_C","AP54RH504_tml.T_ENABLE_DISABLE","T_EDGE_HI_VCCY_1.4000",24419782,"AP54RHC244_OUTPUT_ENABLE_HIGH",0,1,"PIN5",1,"P1","","",***,"NA",32.07,"nS","<=",62,"P",114.78,1198.73,""
1,"A244_T_EN_C","AP54RH504_tml.T_ENABLE_DISABLE","T_EDGE_HI_VCCY_1.4000",24419782,"AP54RHC244_OUTPUT_ENABLE_HIGH",0,1,"PIN7",1,"P1","","",***,"NA",33.92,"nS","<=",62,"P",114.78,1198.73,""
1,"A244_T_EN_C","AP54RH504_tml.T_ENABLE_DISABLE","T_EDGE_HI_VCCY_1.4000",24419782,"AP54RHC244_OUTPUT_ENABLE_HIGH",0,1,"PIN9",1,"P1","","",***,"NA",33.92,"nS","<=",62,"P",114.78,1198.73,""
1,"A244_T_EN_C","AP54RH504_tml.T_ENABLE_DISABLE","T_EDGE_HI_VCCY_1.4000",24419782,"AP54RHC244_OUTPUT_ENABLE_HIGH",0,1,"PIN12",1,"P1","","",***,"NA",32.83,"nS","<=",62,"P",114.78,1198.73,""
1,"A244_T_EN_C","AP54RH504_tml.T_ENABLE_DISABLE","T_EDGE_HI_VCCY_1.4000",24419782,"AP54RHC244_OUTPUT_ENABLE_HIGH",0,1,"PIN14",1,"P1","","",***,"NA",29.89,"nS","<=",62,"P",114.78,1198.73,""
1,"A244_T_EN_C","AP54RH504_tml.T_ENABLE_DISABLE","T_EDGE_HI_VCCY_1.4000",24419782,"AP54RHC244_OUTPUT_ENABLE_HIGH",0,1,"PIN16",1,"P1","","",***,"NA",29.74,"nS","<=",62,"P",114.78,1198.73,""
1,"A244_T_EN_C","AP54RH504_tml.T_ENABLE_DISABLE","T_EDGE_HI_VCCY_1.4000",24419782,"AP54RHC244_OUTPUT_ENABLE_HIGH",0,1,"PIN18",1,"P1","","",***,"NA",29.68,"nS","<=",62,"P",114.78,1198.73,""
1,"A244_T_EN_C","AP54RH504_tml.T_ENABLE_DISABLE","T_EDGE_LO_VCCY_1.4000",24419784,"AP54RHC244_OUTPUT_ENABLE_HIGH",0,1,"PIN3",1,"P1","","",***,"NA",50.3,"nS","<=",62,"P",117.739,1198.73,""
1,"A244_T_EN_C","AP54RH504_tml.T_ENABLE_DISABLE","T_EDGE_LO_VCCY_1.4000",24419784,"AP54RHC244_OUTPUT_ENABLE_HIGH",0,1,"PIN5",1,"P1","","",***,"NA",50.2,"nS","<=",62,"P",117.739,1198.73,""
1,"A244_T_EN_C","AP54RH504_tml.T_ENABLE_DISABLE","T_EDGE_LO_VCCY_1.4000",24419784,"AP54RHC244_OUTPUT_ENABLE_HIGH",0,1,"PIN7",1,"P1","","",***,"NA",51.83,"nS","<=",62,"P",117.739,1198.73,""
1,"A244_T_EN_C","AP54RH504_tml.T_ENABLE_DISABLE","T_EDGE_LO_VCCY_1.4000",24419784,"AP54RHC244_OUTPUT_ENABLE_HIGH",0,1,"PIN9",1,"P1","","",***,"NA",51.66,"nS","<=",62,"P",117.739,1198.73,""
1,"A244_T_EN_C","AP54RH504_tml.T_ENABLE_DISABLE","T_EDGE_LO_VCCY_1.4000",24419784,"AP54RHC244_OUTPUT_ENABLE_HIGH",0,1,"PIN12",1,"P1","","",***,"NA",51.04,"nS","<=",62,"P",117.739,1198.73,""
1,"A244_T_EN_C","AP54RH504_tml.T_ENABLE_DISABLE","T_EDGE_LO_VCCY_1.4000",24419784,"AP54RHC244_OUTPUT_ENABLE_HIGH",0,1,"PIN14",1,"P1","","",***,"NA",50.17,"nS","<=",62,"P",117.739,1198.73,""
1,"A244_T_EN_C","AP54RH504_tml.T_ENABLE_DISABLE","T_EDGE_LO_VCCY_1.4000",24419784,"AP54RHC244_OUTPUT_ENABLE_HIGH",0,1,"PIN16",1,"P1","","",***,"NA",49.7,"nS","<=",62,"P",117.739,1198.73,""
1,"A244_T_EN_C","AP54RH504_tml.T_ENABLE_DISABLE","T_EDGE_LO_VCCY_1.4000",24419784,"AP54RHC244_OUTPUT_ENABLE_HIGH",0,1,"PIN18",1,"P1","","",***,"NA",49.59,"nS","<=",62,"P",117.739,1198.73,""
1,"A244_T_DIS_C","AP54RH504_tml.T_ENABLE_DISABLE","T_EDGE_HI_VCCY_4.5000",24415320,"",0,1,"PIN12",1,"P1","","",***,"NA",10.69,"nS","<=",20,"P",174.475,1625.86,""
1,"A244_T_DIS_C","AP54RH504_tml.T_ENABLE_DISABLE","T_EDGE_HI_VCCY_4.5000",24415320,"",0,1,"PIN14",1,"P1","","",***,"NA",9.41,"nS","<=",20,"P",174.475,1625.86,""
1,"A244_T_DIS_C","AP54RH504_tml.T_ENABLE_DISABLE","T_EDGE_HI_VCCY_4.5000",24415320,"",0,1,"PIN16",1,"P1","","",***,"NA",9.45,"nS","<=",20,"P",174.475,1625.86,""
1,"A244_T_DIS_C","AP54RH504_tml.T_ENABLE_DISABLE","T_EDGE_HI_VCCY_4.5000",24415320,"",0,1,"PIN18",1,"P1","","",***,"NA",9.53,"nS","<=",20,"P",174.475,1625.86,""
1,"A244_T_DIS_C","AP54RH504_tml.T_ENABLE_DISABLE","T_EDGE_HI_VCCY_4.5000",24415320,"",0,1,"PIN3",1,"P1","","",***,"NA",9.44,"nS","<=",20,"P",174.475,1625.86,""
1,"A244_T_DIS_C","AP54RH504_tml.T_ENABLE_DISABLE","T_EDGE_HI_VCCY_4.5000",24415320,"",0,1,"PIN5",1,"P1","","",***,"NA",9.34,"nS","<=",20,"P",174.475,1625.86,""
1,"A244_T_DIS_C","AP54RH504_tml.T_ENABLE_DISABLE","T_EDGE_HI_VCCY_4.5000",24415320,"",0,1,"PIN7",1,"P1","","",***,"NA",10.51,"nS","<=",20,"P",174.475,1625.86,""
1,"A244_T_DIS_C","AP54RH504_tml.T_ENABLE_DISABLE","T_EDGE_HI_VCCY_4.5000",24415320,"",0,1,"PIN9",1,"P1","","",***,"NA",10.37,"nS","<=",20,"P",174.475,1625.86,""
1,"A244_T_DIS_C","AP54RH504_tml.T_ENABLE_DISABLE","T_EDGE_LO_VCCY_4.5000",24415400,"",0,1,"PIN12",1,"P1","","",***,"NA",10.78,"nS","<=",20,"P",159.009,1625.86,""
1,"A244_T_DIS_C","AP54RH504_tml.T_ENABLE_DISABLE","T_EDGE_LO_VCCY_4.5000",24415400,"",0,1,"PIN14",1,"P1","","",***,"NA",9.44,"nS","<=",20,"P",159.009,1625.86,""
1,"A244_T_DIS_C","AP54RH504_tml.T_ENABLE_DISABLE","T_EDGE_LO_VCCY_4.5000",24415400,"",0,1,"PIN16",1,"P1","","",***,"NA",9.41,"nS","<=",20,"P",159.009,1625.86,""
1,"A244_T_DIS_C","AP54RH504_tml.T_ENABLE_DISABLE","T_EDGE_LO_VCCY_4.5000",24415400,"",0,1,"PIN18",1,"P1","","",***,"NA",9.45,"nS","<=",20,"P",159.009,1625.86,""
1,"A244_T_DIS_C","AP54RH504_tml.T_ENABLE_DISABLE","T_EDGE_LO_VCCY_4.5000",24415400,"",0,1,"PIN3",1,"P1","","",***,"NA",9.5,"nS","<=",20,"P",159.009,1625.86,""
1,"A244_T_DIS_C","AP54RH504_tml.T_ENABLE_DISABLE","T_EDGE_LO_VCCY_4.5000",24415400,"",0,1,"PIN5",1,"P1","","",***,"NA",9.42,"nS","<=",20,"P",159.009,1625.86,""
1,"A244_T_DIS_C","AP54RH504_tml.T_ENABLE_DISABLE","T_EDGE_LO_VCCY_4.5000",24415400,"",0,1,"PIN7",1,"P1","","",***,"NA",10.69,"nS","<=",20,"P",159.009,1625.86,""
1,"A244_T_DIS_C","AP54RH504_tml.T_ENABLE_DISABLE","T_EDGE_LO_VCCY_4.5000",24415400,"",0,1,"PIN9",1,"P1","","",***,"NA",10.63,"nS","<=",20,"P",159.009,1625.86,""
1,"A244_T_DIS_C","AP54RH504_tml.T_ENABLE_DISABLE","T_EDGE_HI_VCCY_3.0000",24415340,"",0,1,"PIN12",1,"P1","","",***,"NA",12.01,"nS","<=",30,"P",162.298,1625.86,""
1,"A244_T_DIS_C","AP54RH504_tml.T_ENABLE_DISABLE","T_EDGE_HI_VCCY_3.0000",24415340,"",0,1,"PIN14",1,"P1","","",***,"NA",10.85,"nS","<=",30,"P",162.298,1625.86,""
1,"A244_T_DIS_C","AP54RH504_tml.T_ENABLE_DISABLE","T_EDGE_HI_VCCY_3.0000",24415340,"",0,1,"PIN16",1,"P1","","",***,"NA",10.85,"nS","<=",30,"P",162.298,1625.86,""
1,"A244_T_DIS_C","AP54RH504_tml.T_ENABLE_DISABLE","T_EDGE_HI_VCCY_3.0000",24415340,"",0,1,"PIN18",1,"P1","","",***,"NA",10.9,"nS","<=",30,"P",162.298,1625.86,""
1,"A244_T_DIS_C","AP54RH504_tml.T_ENABLE_DISABLE","T_EDGE_HI_VCCY_3.0000",24415340,"",0,1,"PIN3",1,"P1","","",***,"NA",10.76,"nS","<=",30,"P",162.298,1625.86,""
1,"A244_T_DIS_C","AP54RH504_tml.T_ENABLE_DISABLE","T_EDGE_HI_VCCY_3.0000",24415340,"",0,1,"PIN5",1,"P1","","",***,"NA",10.68,"nS","<=",30,"P",162.298,1625.86,""
1,"A244_T_DIS_C","AP54RH504_tml.T_ENABLE_DISABLE","T_EDGE_HI_VCCY_3.0000",24415340,"",0,1,"PIN7",1,"P1","","",***,"NA",11.76,"nS","<=",30,"P",162.298,1625.86,""
1,"A244_T_DIS_C","AP54RH504_tml.T_ENABLE_DISABLE","T_EDGE_HI_VCCY_3.0000",24415340,"",0,1,"PIN9",1,"P1","","",***,"NA",11.76,"nS","<=",30,"P",162.298,1625.86,""
1,"A244_T_DIS_C","AP54RH504_tml.T_ENABLE_DISABLE","T_EDGE_LO_VCCY_3.0000",24415420,"",0,1,"PIN12",1,"P1","","",***,"NA",12.06,"nS","<=",30,"P",161.132,1625.86,""
1,"A244_T_DIS_C","AP54RH504_tml.T_ENABLE_DISABLE","T_EDGE_LO_VCCY_3.0000",24415420,"",0,1,"PIN14",1,"P1","","",***,"NA",10.85,"nS","<=",30,"P",161.132,1625.86,""
1,"A244_T_DIS_C","AP54RH504_tml.T_ENABLE_DISABLE","T_EDGE_LO_VCCY_3.0000",24415420,"",0,1,"PIN16",1,"P1","","",***,"NA",10.85,"nS","<=",30,"P",161.132,1625.86,""
1,"A244_T_DIS_C","AP54RH504_tml.T_ENABLE_DISABLE","T_EDGE_LO_VCCY_3.0000",24415420,"",0,1,"PIN18",1,"P1","","",***,"NA",10.87,"nS","<=",30,"P",161.132,1625.86,""
1,"A244_T_DIS_C","AP54RH504_tml.T_ENABLE_DISABLE","T_EDGE_LO_VCCY_3.0000",24415420,"",0,1,"PIN3",1,"P1","","",***,"NA",10.85,"nS","<=",30,"P",161.132,1625.86,""
1,"A244_T_DIS_C","AP54RH504_tml.T_ENABLE_DISABLE","T_EDGE_LO_VCCY_3.0000",24415420,"",0,1,"PIN5",1,"P1","","",***,"NA",10.77,"nS","<=",30,"P",161.132,1625.86,""
1,"A244_T_DIS_C","AP54RH504_tml.T_ENABLE_DISABLE","T_EDGE_LO_VCCY_3.0000",24415420,"",0,1,"PIN7",1,"P1","","",***,"NA",11.87,"nS","<=",30,"P",161.132,1625.86,""
1,"A244_T_DIS_C","AP54RH504_tml.T_ENABLE_DISABLE","T_EDGE_LO_VCCY_3.0000",24415420,"",0,1,"PIN9",1,"P1","","",***,"NA",11.9,"nS","<=",30,"P",161.132,1625.86,""
1,"A244_T_DIS_C","AP54RH504_tml.T_ENABLE_DISABLE","T_EDGE_HI_VCCY_2.3000",24415360,"",0,1,"PIN12",1,"P1","","",***,"NA",14.04,"nS","<=",36,"P",161.868,1625.86,""
1,"A244_T_DIS_C","AP54RH504_tml.T_ENABLE_DISABLE","T_EDGE_HI_VCCY_2.3000",24415360,"",0,1,"PIN14",1,"P1","","",***,"NA",12.95,"nS","<=",36,"P",161.868,1625.86,""
1,"A244_T_DIS_C","AP54RH504_tml.T_ENABLE_DISABLE","T_EDGE_HI_VCCY_2.3000",24415360,"",0,1,"PIN16",1,"P1","","",***,"NA",12.95,"nS","<=",36,"P",161.868,1625.86,""
1,"A244_T_DIS_C","AP54RH504_tml.T_ENABLE_DISABLE","T_EDGE_HI_VCCY_2.3000",24415360,"",0,1,"PIN18",1,"P1","","",***,"NA",13.08,"nS","<=",36,"P",161.868,1625.86,""
1,"A244_T_DIS_C","AP54RH504_tml.T_ENABLE_DISABLE","T_EDGE_HI_VCCY_2.3000",24415360,"",0,1,"PIN3",1,"P1","","",***,"NA",12.96,"nS","<=",36,"P",161.868,1625.86,""
1,"A244_T_DIS_C","AP54RH504_tml.T_ENABLE_DISABLE","T_EDGE_HI_VCCY_2.3000",24415360,"",0,1,"PIN5",1,"P1","","",***,"NA",12.81,"nS","<=",36,"P",161.868,1625.86,""
1,"A244_T_DIS_C","AP54RH504_tml.T_ENABLE_DISABLE","T_EDGE_HI_VCCY_2.3000",24415360,"",0,1,"PIN7",1,"P1","","",***,"NA",13.74,"nS","<=",36,"P",161.868,1625.86,""
1,"A244_T_DIS_C","AP54RH504_tml.T_ENABLE_DISABLE","T_EDGE_HI_VCCY_2.3000",24415360,"",0,1,"PIN9",1,"P1","","",***,"NA",13.83,"nS","<=",36,"P",161.868,1625.86,""
1,"A244_T_DIS_C","AP54RH504_tml.T_ENABLE_DISABLE","T_EDGE_LO_VCCY_2.3000",24415440,"",0,1,"PIN12",1,"P1","","",***,"NA",14.06,"nS","<=",36,"P",159.703,1625.86,""
1,"A244_T_DIS_C","AP54RH504_tml.T_ENABLE_DISABLE","T_EDGE_LO_VCCY_2.3000",24415440,"",0,1,"PIN14",1,"P1","","",***,"NA",12.89,"nS","<=",36,"P",159.703,1625.86,""
1,"A244_T_DIS_C","AP54RH504_tml.T_ENABLE_DISABLE","T_EDGE_LO_VCCY_2.3000",24415440,"",0,1,"PIN16",1,"P1","","",***,"NA",12.85,"nS","<=",36,"P",159.703,1625.86,""
1,"A244_T_DIS_C","AP54RH504_tml.T_ENABLE_DISABLE","T_EDGE_LO_VCCY_2.3000",24415440,"",0,1,"PIN18",1,"P1","","",***,"NA",12.84,"nS","<=",36,"P",159.703,1625.86,""
1,"A244_T_DIS_C","AP54RH504_tml.T_ENABLE_DISABLE","T_EDGE_LO_VCCY_2.3000",24415440,"",0,1,"PIN3",1,"P1","","",***,"NA",12.76,"nS","<=",36,"P",159.703,1625.86,""
1,"A244_T_DIS_C","AP54RH504_tml.T_ENABLE_DISABLE","T_EDGE_LO_VCCY_2.3000",24415440,"",0,1,"PIN5",1,"P1","","",***,"NA",12.75,"nS","<=",36,"P",159.703,1625.86,""
1,"A244_T_DIS_C","AP54RH504_tml.T_ENABLE_DISABLE","T_EDGE_LO_VCCY_2.3000",24415440,"",0,1,"PIN7",1,"P1","","",***,"NA",13.77,"nS","<=",36,"P",159.703,1625.86,""
1,"A244_T_DIS_C","AP54RH504_tml.T_ENABLE_DISABLE","T_EDGE_LO_VCCY_2.3000",24415440,"",0,1,"PIN9",1,"P1","","",***,"NA",13.87,"nS","<=",36,"P",159.703,1625.86,""
1,"A244_T_DIS_C","AP54RH504_tml.T_ENABLE_DISABLE","T_EDGE_HI_VCCY_1.6500",24415380,"",0,1,"PIN12",1,"P1","","",***,"NA",20.39,"nS","<=",48,"P",158.583,1625.86,""
1,"A244_T_DIS_C","AP54RH504_tml.T_ENABLE_DISABLE","T_EDGE_HI_VCCY_1.6500",24415380,"",0,1,"PIN14",1,"P1","","",***,"NA",19.42,"nS","<=",48,"P",158.583,1625.86,""
1,"A244_T_DIS_C","AP54RH504_tml.T_ENABLE_DISABLE","T_EDGE_HI_VCCY_1.6500",24415380,"",0,1,"PIN16",1,"P1","","",***,"NA",19.31,"nS","<=",48,"P",158.583,1625.86,""
1,"A244_T_DIS_C","AP54RH504_tml.T_ENABLE_DISABLE","T_EDGE_HI_VCCY_1.6500",24415380,"",0,1,"PIN18",1,"P1","","",***,"NA",19.33,"nS","<=",48,"P",158.583,1625.86,""
1,"A244_T_DIS_C","AP54RH504_tml.T_ENABLE_DISABLE","T_EDGE_HI_VCCY_1.6500",24415380,"",0,1,"PIN3",1,"P1","","",***,"NA",19.12,"nS","<=",48,"P",158.583,1625.86,""
1,"A244_T_DIS_C","AP54RH504_tml.T_ENABLE_DISABLE","T_EDGE_HI_VCCY_1.6500",24415380,"",0,1,"PIN5",1,"P1","","",***,"NA",19.04,"nS","<=",48,"P",158.583,1625.86,""
1,"A244_T_DIS_C","AP54RH504_tml.T_ENABLE_DISABLE","T_EDGE_HI_VCCY_1.6500",24415380,"",0,1,"PIN7",1,"P1","","",***,"NA",19.91,"nS","<=",48,"P",158.583,1625.86,""
1,"A244_T_DIS_C","AP54RH504_tml.T_ENABLE_DISABLE","T_EDGE_HI_VCCY_1.6500",24415380,"",0,1,"PIN9",1,"P1","","",***,"NA",20.08,"nS","<=",48,"P",158.583,1625.86,""
1,"A244_T_DIS_C","AP54RH504_tml.T_ENABLE_DISABLE","T_EDGE_LO_VCCY_1.6500",24415460,"",0,1,"PIN12",1,"P1","","",***,"NA",20.43,"nS","<=",48,"P",158.795,1625.86,""
1,"A244_T_DIS_C","AP54RH504_tml.T_ENABLE_DISABLE","T_EDGE_LO_VCCY_1.6500",24415460,"",0,1,"PIN14",1,"P1","","",***,"NA",19.3,"nS","<=",48,"P",158.795,1625.86,""
1,"A244_T_DIS_C","AP54RH504_tml.T_ENABLE_DISABLE","T_EDGE_LO_VCCY_1.6500",24415460,"",0,1,"PIN16",1,"P1","","",***,"NA",19.23,"nS","<=",48,"P",158.795,1625.86,""
1,"A244_T_DIS_C","AP54RH504_tml.T_ENABLE_DISABLE","T_EDGE_LO_VCCY_1.6500",24415460,"",0,1,"PIN18",1,"P1","","",***,"NA",19.21,"nS","<=",48,"P",158.795,1625.86,""
1,"A244_T_DIS_C","AP54RH504_tml.T_ENABLE_DISABLE","T_EDGE_LO_VCCY_1.6500",24415460,"",0,1,"PIN3",1,"P1","","",***,"NA",19.18,"nS","<=",48,"P",158.795,1625.86,""
1,"A244_T_DIS_C","AP54RH504_tml.T_ENABLE_DISABLE","T_EDGE_LO_VCCY_1.6500",24415460,"",0,1,"PIN5",1,"P1","","",***,"NA",19.08,"nS","<=",48,"P",158.795,1625.86,""
1,"A244_T_DIS_C","AP54RH504_tml.T_ENABLE_DISABLE","T_EDGE_LO_VCCY_1.6500",24415460,"",0,1,"PIN7",1,"P1","","",***,"NA",19.96,"nS","<=",48,"P",158.795,1625.86,""
1,"A244_T_DIS_C","AP54RH504_tml.T_ENABLE_DISABLE","T_EDGE_LO_VCCY_1.6500",24415460,"",0,1,"PIN9",1,"P1","","",***,"NA",20.04,"nS","<=",48,"P",158.795,1625.86,""
1,"A244_T_DIS_C","AP54RH504_tml.T_ENABLE_DISABLE","T_EDGE_HI_VCCY_1.4000",24419796,"",0,1,"PIN12",1,"P1","","",***,"NA",28.14,"nS","<=",62,"P",166.37,1625.86,""
1,"A244_T_DIS_C","AP54RH504_tml.T_ENABLE_DISABLE","T_EDGE_HI_VCCY_1.4000",24419796,"",0,1,"PIN14",1,"P1","","",***,"NA",27.26,"nS","<=",62,"P",166.37,1625.86,""
1,"A244_T_DIS_C","AP54RH504_tml.T_ENABLE_DISABLE","T_EDGE_HI_VCCY_1.4000",24419796,"",0,1,"PIN16",1,"P1","","",***,"NA",27.15,"nS","<=",62,"P",166.37,1625.86,""
1,"A244_T_DIS_C","AP54RH504_tml.T_ENABLE_DISABLE","T_EDGE_HI_VCCY_1.4000",24419796,"",0,1,"PIN18",1,"P1","","",***,"NA",27.06,"nS","<=",62,"P",166.37,1625.86,""
1,"A244_T_DIS_C","AP54RH504_tml.T_ENABLE_DISABLE","T_EDGE_HI_VCCY_1.4000",24419796,"",0,1,"PIN3",1,"P1","","",***,"NA",26.54,"nS","<=",62,"P",166.37,1625.86,""
1,"A244_T_DIS_C","AP54RH504_tml.T_ENABLE_DISABLE","T_EDGE_HI_VCCY_1.4000",24419796,"",0,1,"PIN5",1,"P1","","",***,"NA",26.61,"nS","<=",62,"P",166.37,1625.86,""
1,"A244_T_DIS_C","AP54RH504_tml.T_ENABLE_DISABLE","T_EDGE_HI_VCCY_1.4000",24419796,"",0,1,"PIN7",1,"P1","","",***,"NA",27.54,"nS","<=",62,"P",166.37,1625.86,""
1,"A244_T_DIS_C","AP54RH504_tml.T_ENABLE_DISABLE","T_EDGE_HI_VCCY_1.4000",24419796,"",0,1,"PIN9",1,"P1","","",***,"NA",27.81,"nS","<=",62,"P",166.37,1625.86,""
1,"A244_T_DIS_C","AP54RH504_tml.T_ENABLE_DISABLE","T_EDGE_LO_VCCY_1.4000",24419794,"",0,1,"PIN12",1,"P1","","",***,"NA",29.71,"nS","<=",62,"P",156.75,1625.86,""
1,"A244_T_DIS_C","AP54RH504_tml.T_ENABLE_DISABLE","T_EDGE_LO_VCCY_1.4000",24419794,"",0,1,"PIN14",1,"P1","","",***,"NA",28.01,"nS","<=",62,"P",156.75,1625.86,""
1,"A244_T_DIS_C","AP54RH504_tml.T_ENABLE_DISABLE","T_EDGE_LO_VCCY_1.4000",24419794,"",0,1,"PIN16",1,"P1","","",***,"NA",28.32,"nS","<=",62,"P",156.75,1625.86,""
1,"A244_T_DIS_C","AP54RH504_tml.T_ENABLE_DISABLE","T_EDGE_LO_VCCY_1.4000",24419794,"",0,1,"PIN18",1,"P1","","",***,"NA",27.81,"nS","<=",62,"P",156.75,1625.86,""
1,"A244_T_DIS_C","AP54RH504_tml.T_ENABLE_DISABLE","T_EDGE_LO_VCCY_1.4000",24419794,"",0,1,"PIN3",1,"P1","","",***,"NA",28.67,"nS","<=",62,"P",156.75,1625.86,""
1,"A244_T_DIS_C","AP54RH504_tml.T_ENABLE_DISABLE","T_EDGE_LO_VCCY_1.4000",24419794,"",0,1,"PIN5",1,"P1","","",***,"NA",27.75,"nS","<=",62,"P",156.75,1625.86,""
1,"A244_T_DIS_C","AP54RH504_tml.T_ENABLE_DISABLE","T_EDGE_LO_VCCY_1.4000",24419794,"",0,1,"PIN7",1,"P1","","",***,"NA",28.95,"nS","<=",62,"P",156.75,1625.86,""
1,"A244_T_DIS_C","AP54RH504_tml.T_ENABLE_DISABLE","T_EDGE_LO_VCCY_1.4000",24419794,"",0,1,"PIN9",1,"P1","","",***,"NA",28.08,"nS","<=",62,"P",156.75,1625.86,""
1,"A244_POR_C","AP54RH504_tml.T_PowerOnReset","T_POR_pos",24419764,"AP54RHC244_TRUTH_TABLE",0,1,"@",1,"P1","","",0.1,"<=",0.3,"V","<=",1.5,"P",790.715,797.199,""
1,"A244_POR_C","AP54RH504_tml.T_PowerOnReset","T_POR_hyst",24419762,"AP54RHC244_TRUTH_TABLE",0,1,"@",1,"P1","","",-0.2,"<=",0.3,"V","<=",0.9,"P",0.015,797.199,""