Test Suite,Test Method,Test,Test#,Type,Pattern,Lower,Upper,Unit,Min,Max,Mean,Sdev,Cp,Cpk,Cpl,Cpu,Device#,Pass#,Pass%,Fail#,Fail%,Alarm#,Time,TS Time
"CONTINUITY","","CONTINUITY",10030,"Parametric","",-500,-300,"mV",-368.556,-353.992,-361.456,6.44867,5.16902,3.17668,7.16137,3.17668,5,5,100,0,0,0,0.301385,***
"CONTINUITY","","CONTINUITY",10020,"Parametric","",-500,-300,"mV",-427.403,-419.265,-423.18,3.9076,8.53038,6.55301,6.55301,10.5078,5,5,100,0,0,0,0.301385,***
"CONTINUITY","","CONTINUITY",10050,"Parametric","",-500,-300,"mV",-368.962,-353.537,-361.346,7.03143,4.74062,2.9082,6.57304,2.9082,5,5,100,0,0,0,0.301385,***
"CONTINUITY","","CONTINUITY",10090,"Parametric","",-500,-300,"mV",-356.942,-343.624,-349.566,6.66441,5.00169,2.47914,7.52425,2.47914,5,5,100,0,0,0,0.301385,***
"CONTINUITY","","CONTINUITY",10080,"Parametric","",-500,-300,"mV",-371,-357.853,-363.795,6.31666,5.27705,3.36649,7.18762,3.36649,5,5,100,0,0,0,0.301385,***
"CONTINUITY","","CONTINUITY",10040,"Parametric","",-500,-300,"mV",-364.114,-350.795,-357.489,5.94167,5.6101,3.22517,7.99503,3.22517,5,5,100,0,0,0,0.301385,***
"CONTINUITY","","CONTINUITY",10010,"Parametric","",-500,-300,"mV",-459.858,-452.914,-456.056,3.22158,10.3469,4.54681,4.54681,16.147,5,5,100,0,0,0,0.301385,***
"CONTINUITY","","CONTINUITY",10070,"Parametric","",-500,-200,"mV",-303.043,-298.832,-301.472,1.67953,29.7702,20.1391,39.4014,20.1391,5,5,100,0,0,0,0.301385,***
"CONTINUITY","","CONTINUITY",10060,"Parametric","",-500,-300,"mV",-333.891,-331.558,-332.821,0.854119,39.0266,12.8091,65.2441,12.8091,5,5,100,0,0,0,0.301385,***
"CONTINUITY","","CONTINUITY",10180,"Parametric","",-360,-300,"mV",-333.565,-329.041,-330.971,1.87241,5.3407,5.16788,5.16788,5.51352,5,5,100,0,0,0,0.301385,***
"CONTINUITY","","MOULD_RES",10340,"Parametric","",0,20,"ohm",0.0360278,0.737508,0.431061,0.28509,11.6922,0.504005,0.504005,22.8804,5,5,100,0,0,0,0.301385,***
"CONTINUITY","","CONTINUITY",10190,"Parametric","",-360,-300,"mV",-333.862,-328.915,-331.074,2.05373,4.86919,4.69491,4.69491,5.04347,5,5,100,0,0,0,0.301385,***
"CONTINUITY","","MOULD_RES",10350,"Parametric","",0,20,"ohm",0.457764,0.824399,0.631545,0.158003,21.0966,1.33235,1.33235,40.8609,5,5,100,0,0,0,0.301385,***
"CONTINUITY","","CONTINUITY",10200,"Parametric","",-360,-300,"mV",-333.776,-329.073,-330.96,1.92673,5.19015,5.02405,5.02405,5.35625,5,5,100,0,0,0,0.301385,***
"CONTINUITY","","MOULD_RES",10360,"Parametric","",0,20,"ohm",0.0339078,0.811683,0.344594,0.344259,9.68263,0.333658,0.333658,19.0316,5,5,100,0,0,0,0.301385,***
"CONTINUITY","","CONTINUITY",10210,"Parametric","",-360,-300,"mV",-334.108,-329.113,-331.104,2.06432,4.8442,4.66601,4.66601,5.02239,5,5,100,0,0,0,0.301385,***
"CONTINUITY","","MOULD_RES",10370,"Parametric","",0,20,"ohm",0.0593389,0.631544,0.356462,0.258693,12.8853,0.459312,0.459312,25.3113,5,5,100,0,0,0,0.301385,***
"CONTINUITY","","CONTINUITY",10220,"Parametric","",-360,-300,"mV",-334.173,-328.814,-331.128,2.28589,4.37466,4.21024,4.21024,4.53908,5,5,100,0,0,0,0.301385,***
"CONTINUITY","","MOULD_RES",10380,"Parametric","",0,20,"ohm",0.125037,0.449287,0.278049,0.136355,24.4459,0.679716,0.679716,48.2121,5,5,100,0,0,0,0.301385,***
"CONTINUITY","","CONTINUITY",10230,"Parametric","",-360,-300,"mV",-334.509,-329.033,-331.159,2.28451,4.37732,4.20817,4.20817,4.54646,5,5,100,0,0,0,0.301385,***
"CONTINUITY","","MOULD_RES",10390,"Parametric","",0,20,"ohm",0.514984,1.13381,0.812954,0.228231,14.6051,1.18733,1.18733,28.0228,5,5,100,0,0,0,0.301385,***
"CONTINUITY","","CONTINUITY",10240,"Parametric","",-360,-300,"mV",-333.649,-328.575,-330.765,2.15777,4.63442,4.51621,4.51621,4.75262,5,5,100,0,0,0,0.301385,***
"CONTINUITY","","MOULD_RES",10400,"Parametric","",0,20,"ohm",0.269148,0.572204,0.44971,0.122803,27.1438,1.22068,1.22068,53.0668,5,5,100,0,0,0,0.301385,***
"CONTINUITY","","CONTINUITY",10250,"Parametric","",-360,-300,"mV",-333.694,-328.77,-330.894,2.02862,4.92946,4.78261,4.78261,5.07631,5,5,100,0,0,0,0.301385,***
"CONTINUITY","","MOULD_RES",10410,"Parametric","",0,20,"ohm",0.14411,0.502269,0.336541,0.129375,25.7649,0.867093,0.867093,50.6626,5,5,100,0,0,0,0.301385,***
"CONTINUITY","","CONTINUITY",10100,"Parametric","",-300,-200,"mV",-217.384,-214.033,-215.863,1.29988,12.8217,4.06772,21.5757,4.06772,5,5,100,0,0,0,0.301385,***
"CONTINUITY","","MOULD_RES",10260,"Parametric","",0,20,"ohm",0.0996056,1.14017,0.589583,0.437243,7.62353,0.44947,0.44947,14.7976,5,5,100,0,0,0,0.301385,***
"CONTINUITY","","CONTINUITY",10110,"Parametric","",-300,-200,"mV",-217.31,-214.048,-215.658,1.23489,13.4964,4.22649,22.7664,4.22649,5,5,100,0,0,0,0.301385,***
"CONTINUITY","","MOULD_RES",10270,"Parametric","",0,20,"ohm",0.108083,0.296699,0.185225,0.0711237,46.8667,0.868086,0.868086,92.8653,5,5,100,0,0,0,0.301385,***
"CONTINUITY","","CONTINUITY",10120,"Parametric","",-300,-200,"mV",-217.426,-214.157,-215.806,1.23561,13.4886,4.26398,22.7133,4.26398,5,5,100,0,0,0,0.301385,***
"CONTINUITY","","MOULD_RES",10280,"Parametric","",0,20,"ohm",0.129276,0.582801,0.459035,0.187089,17.8168,0.817855,0.817855,34.8158,5,5,100,0,0,0,0.301385,***
"CONTINUITY","","CONTINUITY",10130,"Parametric","",-300,-200,"mV",-217.411,-214.43,-215.906,1.10159,15.1296,4.81306,25.4461,4.81306,5,5,100,0,0,0,0.301385,***
"CONTINUITY","","MOULD_RES",10290,"Parametric","",0,20,"ohm",0.03179,0.972748,0.447167,0.3591,9.28247,0.415082,0.415082,18.1499,5,5,100,0,0,0,0.301385,***
"CONTINUITY","","CONTINUITY",10140,"Parametric","",-300,-200,"mV",-217.463,-214.151,-215.895,1.27798,13.0414,4.14598,21.9368,4.14598,5,5,100,0,0,0,0.301385,***
"CONTINUITY","","MOULD_RES",10300,"Parametric","",0,20,"ohm",0.0211933,1.27792,0.637478,0.463389,7.19339,0.458563,0.458563,13.9282,5,5,100,0,0,0,0.301385,***
"CONTINUITY","","CONTINUITY",10150,"Parametric","",-300,-200,"mV",-217.491,-214.022,-215.79,1.31278,12.6957,4.00924,21.3821,4.00924,5,5,100,0,0,0,0.301385,***
"CONTINUITY","","MOULD_RES",10310,"Parametric","",0,20,"ohm",0.256432,0.828638,0.571357,0.260445,12.7986,0.731257,0.731257,24.8659,5,5,100,0,0,0,0.301385,***
"CONTINUITY","","CONTINUITY",10160,"Parametric","",-300,-200,"mV",-217.63,-214.092,-215.846,1.32239,12.6035,3.99426,21.2127,3.99426,5,5,100,0,0,0,0.301385,***
"CONTINUITY","","MOULD_RES",10320,"Parametric","",0,20,"ohm",0.105964,0.379351,0.202179,0.107861,30.9041,0.624817,0.624817,61.1833,5,5,100,0,0,0,0.301385,***
"CONTINUITY","","CONTINUITY",10170,"Parametric","",-300,-200,"mV",-217.48,-214.1,-215.865,1.25433,13.2873,4.21593,22.3586,4.21593,5,5,100,0,0,0,0.301385,***
"CONTINUITY","","MOULD_RES",10330,"Parametric","",0,20,"ohm",0.462002,0.845591,0.672658,0.148036,22.5171,1.51463,1.51463,43.5196,5,5,100,0,0,0,0.301385,***
"Pin_to_Pin_Leakage","","PIN_TO_PIN_POS_LEAKAGE_PIN",20010,"Parametric","",-200,200,"nA",-11.9869,-5.99479,-8.66583,2.54069,26.2396,25.1027,25.1027,27.3766,5,5,100,0,0,0,0.457616,***
"Pin_to_Pin_Leakage","","PIN_TO_PIN_NEG_LEAKAGE_PIN",20110,"Parametric","",-200,200,"nA",-11.9869,-5.99479,-8.66583,2.54069,26.2396,25.1027,25.1027,27.3766,5,5,100,0,0,0,0.457616,***
"Pin_to_Pin_Leakage","","PIN_TO_PIN_POS_LEAKAGE_PIN",20020,"Parametric","",-200,200,"nA",-13.6744,-10.2686,-12.1087,1.49218,44.6773,41.9723,41.9723,47.3822,5,5,100,0,0,0,0.457616,***
"Pin_to_Pin_Leakage","","PIN_TO_PIN_NEG_LEAKAGE_PIN",20120,"Parametric","",-200,200,"nA",-13.6744,-10.2686,-12.1087,1.49218,44.6773,41.9723,41.9723,47.3822,5,5,100,0,0,0,0.457616,***
"Pin_to_Pin_Leakage","","PIN_TO_PIN_POS_LEAKAGE_PIN",20030,"Parametric","",-200,200,"nA",-15.7736,-9.22283,-12.4061,2.72962,24.4234,22.9084,22.9084,25.9384,5,5,100,0,0,0,0.457616,***
"Pin_to_Pin_Leakage","","PIN_TO_PIN_NEG_LEAKAGE_PIN",20130,"Parametric","",-200,200,"nA",-15.7736,-9.22283,-12.4061,2.72962,24.4234,22.9084,22.9084,25.9384,5,5,100,0,0,0,0.457616,***
"Pin_to_Pin_Leakage","","PIN_TO_PIN_POS_LEAKAGE_PIN",20040,"Parametric","",-200,200,"nA",-13.7591,-10.6435,-12.3188,1.38439,48.1559,45.1898,45.1898,51.122,5,5,100,0,0,0,0.457616,***
"Pin_to_Pin_Leakage","","PIN_TO_PIN_NEG_LEAKAGE_PIN",20140,"Parametric","",-200,200,"nA",-13.7591,-10.6435,-12.3188,1.38439,48.1559,45.1898,45.1898,51.122,5,5,100,0,0,0,0.457616,***
"Pin_to_Pin_Leakage","","PIN_TO_PIN_POS_LEAKAGE_PIN",20050,"Parametric","",10,500,"nA",298.54,299.89,299.366,0.560859,145.61,119.242,171.978,119.242,5,5,100,0,0,0,0.457616,***
"Pin_to_Pin_Leakage","","PIN_TO_PIN_NEG_LEAKAGE_PIN",20150,"Parametric","",-500,-10,"nA",-300.613,-297.692,-299.219,1.06231,76.8763,63.0011,63.0011,90.7515,5,5,100,0,0,0,0.457616,***
"Pin_to_Pin_Leakage","","PIN_TO_PIN_POS_LEAKAGE_PIN",20060,"Parametric","",10,500,"nA",299.919,301.367,300.507,0.544802,149.901,122.059,177.744,122.059,5,5,100,0,0,0,0.457616,***
"Pin_to_Pin_Leakage","","PIN_TO_PIN_NEG_LEAKAGE_PIN",20160,"Parametric","",-500,-10,"nA",-300.97,-298.864,-299.731,0.923171,88.4632,72.312,72.312,104.614,5,5,100,0,0,0,0.457616,***
"Pin_to_Pin_Leakage","","PIN_TO_PIN_POS_LEAKAGE_PIN",20070,"Parametric","",300,700,"nA",503.508,542.164,524.391,16.0276,4.15949,3.65221,4.66677,3.65221,5,5,100,0,0,0,0.457616,***
"Pin_to_Pin_Leakage","","PIN_TO_PIN_NEG_LEAKAGE_PIN",20170,"Parametric","",-700,-300,"nA",-554.054,-514.268,-536.435,17.2026,3.87539,3.16939,3.16939,4.5814,5,5,100,0,0,0,0.457616,***
"Pin_to_Pin_Leakage","","PIN_TO_PIN_POS_LEAKAGE_PIN",20080,"Parametric","",-200,200,"nA",-2.04709,0.537053,-0.922227,1.17275,56.8463,56.5841,56.5841,57.1084,5,5,100,0,0,0,0.457616,***
"Pin_to_Pin_Leakage","","PIN_TO_PIN_NEG_LEAKAGE_PIN",20180,"Parametric","",-200,200,"nA",-10.8574,-6.24652,-8.75972,1.80165,37.0031,35.3824,35.3824,38.6237,5,5,100,0,0,0,0.457616,***
"Pin_to_Pin_Leakage","","PIN_TO_PIN_POS_LEAKAGE_PIN",20090,"Parametric","",-200,200,"nA",-0.814111,-0.558347,-0.640191,0.106073,628.499,626.488,626.488,630.511,5,5,100,0,0,0,0.457616,***
"Pin_to_Pin_Leakage","","PIN_TO_PIN_NEG_LEAKAGE_PIN",20190,"Parametric","",-200,200,"nA",-15.8489,-10.171,-13.2811,2.81791,23.6582,22.0871,22.0871,25.2292,5,5,100,0,0,0,0.457616,***
"Pin_to_Pin_Leakage","","PIN_TO_PIN_POS_LEAKAGE_PIN_VBIAS_PS1600",20100,"Parametric","",500,1000,"nA",789,846,817,27.1385,3.07067,2.24773,3.8936,2.24773,5,5,100,0,0,0,0.457616,***
"Pin_to_Pin_Leakage","","PIN_TO_PIN_NEG_LEAKAGE_PIN_VBIAS_PS1600",20200,"Parametric","",-1000,-500,"nA",-869,-834,-855.2,13.5167,6.16523,3.5709,3.5709,8.75956,5,5,100,0,0,0,0.457616,***
"IVDDFL_IVINFL_RONFL","","RON_200mAVDD_5_VIN_5_20V_Part",90050,"Parametric","",0.01,0.03,"ohm",0.0231882,0.0246525,0.0238985,0.000579579,5.7513,3.50917,7.99344,3.50917,5,5,100,0,0,0,0.0423034,***
"IVDDFL_IVINFL_RONFL","","DEVICE_VARIENT_TRUE",90060,"Parametric","",0.5,1.5,"",1,1,1,0,***,***,***,***,5,5,100,0,0,0,0.0423034,***
"RON_DIFF_LOAD_CURRENT","","RON_200mA_VDD5",650100,"Parametric","",0.01,0.03,"ohm",0.0239658,0.0255966,0.0247121,0.000677283,4.92163,2.60251,7.24074,2.60251,5,5,100,0,0,0,0.0856192,***
"RON_DIFF_LOAD_CURRENT","","RON_500mA_VDD5",650110,"Parametric","",0.01,0.03,"ohm",0.023798,0.0254259,0.0246178,0.000726067,4.59095,2.47095,6.71094,2.47095,5,5,100,0,0,0,0.0856192,***
"RON_DIFF_LOAD_CURRENT","","RON_FL_VDD5",650120,"Parametric","",0.01,0.03,"ohm",0.0239144,0.025535,0.0246773,0.000681575,4.89064,2.60312,7.17816,2.60312,5,5,100,0,0,0,0.0856192,***
"Fuse_Burn_Check","","Device_Read_Fuse_Data",1000002,"Parametric","",0,2.81475e+14,"",7.90618e+12,2.71787e+14,2.15053e+14,1.15888e+14,0.40481,0.191053,0.618567,0.191053,5,5,100,0,0,0,0.129315,***
"Fuse_Burn_Check","","BANKA_BIT5_BLOWN_TRUE",1000001,"Parametric","",0,1,"",1,1,1,0,***,***,***,***,5,5,100,0,0,0,0.129315,***
"Device_varient_Read","","dutid",890010,"Parametric","",0,10,"id",7,7,7,0,***,***,***,***,5,5,100,0,0,0,0.0329878,***
"Gross_Functional_EN_FCB_FAULTB_OFF","","EN_FCB_LOW_VOUT_LOW",30010,"Parametric","",-0.001,1,"V",-0.000257492,0.000108719,-6.67572e-05,0.000151445,1101.61,2.05408,2.05408,2201.16,5,5,100,0,0,0,0.349583,***
"Gross_Functional_EN_FCB_FAULTB_OFF","","EN_FCB_LOW_OFF_HIGH",30020,"Parametric","",1.6,2.3,"V",1.78973,1.80902,1.79813,0.00757828,15.3949,8.71484,8.71484,22.0749,5,5,100,0,0,0,0.349583,***
"Gross_Functional_EN_FCB_FAULTB_OFF","","FCB_LOW_VOUT_LOW",30030,"Parametric","",-0.001,0.5,"V",-0.000167847,0.000329971,7.62938e-05,0.000188485,443.005,1.90341,1.90341,884.107,5,5,100,0,0,0,0.349583,***
"Gross_Functional_EN_FCB_FAULTB_OFF","","FCB_LOW_OFF_HIGH",30040,"Parametric","",1.6,2.3,"V",1.7903,1.80976,1.79886,0.00763008,15.2904,8.68751,8.68751,21.8932,5,5,100,0,0,0,0.349583,***
"Gross_Functional_EN_FCB_FAULTB_OFF","","EN_LOW_VOUT_LOW",30050,"Parametric","",-0.001,0.5,"V",-0.000167847,0.000177383,-3.624e-05,0.000130001,642.304,2.47116,2.47116,1282.14,5,5,100,0,0,0,0.349583,***
"Gross_Functional_EN_FCB_FAULTB_OFF","","EN_LOW_OFF_HIGH",30060,"Parametric","",1.6,2.3,"V",1.78962,1.80914,1.79824,0.00764722,15.2561,8.64124,8.64124,21.8709,5,5,100,0,0,0,0.349583,***
"Gross_Functional_EN_FCB_FAULTB_OFF","","EN_FCB_HIGH_VOUT_HIGH",30070,"Parametric","",4.85,5.1,"V",5.00067,5.00109,5.00086,0.000176522,236.042,187.203,284.882,187.203,5,5,100,0,0,0,0.349583,***
"Gross_Functional_EN_FCB_FAULTB_OFF","","EN_FCB_HIGH_OFF_LOW",30080,"Parametric","",-0.001,0.5,"V",0.000657,0.000714,0.0006798,3.12202e-05,2674.55,17.935,17.935,5331.17,5,5,100,0,0,0,0.349583,***
"Gross_Functional_EN_FCB_FAULTB_OFF","","FAULT_SET_VOUT_LOW",30090,"Parametric","",-0.001,0.5,"V",0.000171661,0.00504684,0.00186005,0.00209709,39.8172,0.454606,0.454606,79.1797,5,5,100,0,0,0,0.349583,***
"Gross_Functional_EN_FCB_FAULTB_OFF","","FAULT_SET_OFF_HIGH",30100,"Parametric","",1.6,2.3,"V",1.83543,1.8549,1.84398,0.00760232,15.3462,10.6977,10.6977,19.9947,5,5,100,0,0,0,0.349583,***
"Gross_Functional_EN_FCB_FAULTB_OFF","","FAULT_RESET_VOUT_HIGH",30110,"Parametric","",4.85,5.1,"V",4.99987,5.00014,5.00003,9.79048e-05,425.584,340.365,510.802,340.365,5,5,100,0,0,0,0.349583,***
"Gross_Functional_EN_FCB_FAULTB_OFF","","FAULT_RESET_OFF_LOW",30120,"Parametric","",0,0.5,"V",0.000714251,0.000771166,0.000725634,2.54533e-05,3273.97,9.50283,9.50283,6538.45,5,5,100,0,0,0,0.349583,***
"EN_pullup_resistor","","EN0V_PULLUP_RES",50010,"Parametric","",155,230,"Kohm",183.26,196.58,189.216,5.65388,2.21087,2.01723,2.01723,2.40451,5,5,100,0,0,0,0.0298386,***
"EN_pullup_resistor","","EN1V_PULLUP_RES",50020,"Parametric","",155,230,"Kohm",182.261,196.286,188.488,5.86136,2.13261,1.90447,1.90447,2.36075,5,5,100,0,0,0,0.0298386,***
"EN_pullup_resistor","","EN0V_Current",50030,"Parametric","",-11,-7,"uA",-9.82211,-9.1566,-9.5197,0.281945,2.36453,1.75011,1.75011,2.97895,5,5,100,0,0,0,0.0298386,***
"EN_pullup_resistor","","EN1V_Current",50040,"Parametric","",-5.5,-3,"uA",-4.38932,-4.07569,-4.24755,0.130823,3.18496,3.17871,3.19121,3.17871,5,5,100,0,0,0,0.0298386,***
"Output_enabled_Leakage_IVDDFL_IVINFL","","IVDD_VDD_5V_VIN_5V_LOAD_8A",860160,"Parametric","",10,200,"uA",153.733,158.08,155.586,2.17453,14.5625,6.80815,22.3169,6.80815,5,5,100,0,0,0,0.266378,***
"Output_enabled_Leakage_IVDDFL_IVINFL","","IVIN_VDD_5V_VIN_5V_LOAD_8A",860170,"Parametric","",1,2,"mA",1.57183,1.66985,1.61724,0.0474038,3.5159,2.69151,4.34028,2.69151,5,5,100,0,0,0,0.266378,***
"Output_enabled_Leakage_IVDDFL_IVINFL","","LOAD_CURRENT_READBACK_VDD_5V_VIN_5V_LOAD_8A",860180,"Parametric","",7.5,8.1,"A",7.99958,8.0016,8.00083,0.000797603,125.376,41.4436,209.308,41.4436,5,5,100,0,0,0,0.266378,***
"Output_enabled_Leakage_IVDDFL_IVINFL","","IVDD_VDD_5V_VIN_12V_LOAD_8A",860340,"Parametric","",10,200,"uA",154.043,158.273,155.879,1.84899,17.1265,7.95401,26.299,7.95401,5,5,100,0,0,0,0.266378,***
"Output_enabled_Leakage_IVDDFL_IVINFL","","IVIN_VDD_5V_VIN_12V_LOAD_8A",860350,"Parametric","",1,2,"mA",1.57969,1.67314,1.62918,0.0389483,4.27918,3.17365,5.38471,3.17365,5,5,100,0,0,0,0.266378,***
"Output_enabled_Leakage_IVDDFL_IVINFL","","LOAD_CURRENT_READBACK_VDD_5V_VIN_12V_LOAD_8A",860360,"Parametric","",7.5,8.1,"A",7.99958,8.00218,8.00087,0.00101854,98.1803,32.442,163.919,32.442,5,5,100,0,0,0,0.266378,***
"Output_enabled_Leakage_IVDDFL_IVINFL","","IVDD_VDD_5V_VIN_20V_LOAD_8A",860520,"Parametric","",10,200,"uA",154.542,158.79,156.196,2.00589,15.7868,7.27919,24.2944,7.27919,5,5,100,0,0,0,0.266378,***
"Output_enabled_Leakage_IVDDFL_IVINFL","","IVIN_VDD_5V_VIN_20V_LOAD_8A",860530,"Parametric","",1,2,"mA",1.61248,1.68631,1.64549,0.0299413,5.56645,3.94669,7.18621,3.94669,5,5,100,0,0,0,0.266378,***
"Output_enabled_Leakage_IVDDFL_IVINFL","","LOAD_CURRENT_READBACK_VDD_5V_VIN_20V_LOAD_8A",860540,"Parametric","",7.5,8.1,"A",8.00059,8.00208,8.00107,0.000600302,166.583,54.9325,278.234,54.9325,5,5,100,0,0,0,0.266378,***
"Output_enabled_Leakage_IVDDFL_IVINFL","","IVDD_VDD_12V_VIN_5V_LOAD_8A",860700,"Parametric","",10,200,"uA",164.476,168.324,166.431,1.81866,17.4121,6.15261,28.6715,6.15261,5,5,100,0,0,0,0.266378,***
"Output_enabled_Leakage_IVDDFL_IVINFL","","IVIN_VDD_12V_VIN_5V_LOAD_8A",860710,"Parametric","",1,2,"mA",1.55364,1.61154,1.5768,0.0220395,7.56218,6.40056,8.7238,6.40056,5,5,100,0,0,0,0.266378,***
"Output_enabled_Leakage_IVDDFL_IVINFL","","LOAD_CURRENT_READBACK_VDD_12V_VIN_5V_LOAD_8A",860720,"Parametric","",7.5,8.1,"A",7.99953,8.00185,8.0005,0.000924207,108.201,35.8854,180.517,35.8854,5,5,100,0,0,0,0.266378,***
"Output_enabled_Leakage_IVDDFL_IVINFL","","IVDD_VDD_12V_VIN_12V_LOAD_8A",860880,"Parametric","",10,200,"uA",161.826,166.826,164.414,2.26183,14.0004,5.24448,22.7564,5.24448,5,5,100,0,0,0,0.266378,***
"Output_enabled_Leakage_IVDDFL_IVINFL","","IVIN_VDD_12V_VIN_12V_LOAD_8A",860890,"Parametric","",1,2,"mA",1.58572,1.66747,1.63757,0.0382804,4.35384,3.15594,5.55175,3.15594,5,5,100,0,0,0,0.266378,***
"Output_enabled_Leakage_IVDDFL_IVINFL","","LOAD_CURRENT_READBACK_VDD_12V_VIN_12V_LOAD_8A",860900,"Parametric","",7.5,8.1,"A",7.99891,8.00141,8.00012,0.000989978,101.012,33.6308,168.394,33.6308,5,5,100,0,0,0,0.266378,***
"Output_enabled_Leakage_IVDDFL_IVINFL","","IVDD_VDD_12V_VIN_20V_LOAD_8A",861060,"Parametric","",10,200,"uA",162.057,167.133,164.512,2.28669,13.8482,5.17314,22.5233,5.17314,5,5,100,0,0,0,0.266378,***
"Output_enabled_Leakage_IVDDFL_IVINFL","","IVIN_VDD_12V_VIN_20V_LOAD_8A",861070,"Parametric","",1,2,"mA",1.61854,1.65375,1.63535,0.0136861,12.1778,8.88136,15.4742,8.88136,5,5,100,0,0,0,0.266378,***
"Output_enabled_Leakage_IVDDFL_IVINFL","","LOAD_CURRENT_READBACK_VDD_12V_VIN_20V_LOAD_8A",861080,"Parametric","",7.5,8.1,"A",7.99988,8.00129,8.0007,0.00054533,183.375,60.6956,306.055,60.6956,5,5,100,0,0,0,0.266378,***
"Output_enabled_Leakage_IVDDFL_IVINFL","","IVDD_VDD_20V_VIN_5V_LOAD_8A",861240,"Parametric","",10,200,"uA",172.879,177.789,174.98,2.29692,13.7866,3.63092,23.9423,3.63092,5,5,100,0,0,0,0.266378,***
"Output_enabled_Leakage_IVDDFL_IVINFL","","IVIN_VDD_20V_VIN_5V_LOAD_8A",861250,"Parametric","",1,2,"mA",1.52864,1.62707,1.57241,0.0372039,4.47982,3.83101,5.12863,3.83101,5,5,100,0,0,0,0.266378,***
"Output_enabled_Leakage_IVDDFL_IVINFL","","LOAD_CURRENT_READBACK_VDD_20V_VIN_5V_LOAD_8A",861260,"Parametric","",7.5,8.1,"A",7.73358,8.00007,7.81877,0.108986,0.917548,0.860127,0.974969,0.860127,5,5,100,0,0,0,0.266378,***
"Output_enabled_Leakage_IVDDFL_IVINFL","","IVDD_VDD_20V_VIN_12V_LOAD_8A",861420,"Parametric","",10,200,"uA",170.54,176.089,173.437,2.4998,12.6677,3.54202,21.7933,3.54202,5,5,100,0,0,0,0.266378,***
"Output_enabled_Leakage_IVDDFL_IVINFL","","IVIN_VDD_20V_VIN_12V_LOAD_8A",861430,"Parametric","",1,2,"mA",1.57893,1.70232,1.62798,0.047191,3.53175,2.6278,4.4357,2.6278,5,5,100,0,0,0,0.266378,***
"Output_enabled_Leakage_IVDDFL_IVINFL","","LOAD_CURRENT_READBACK_VDD_20V_VIN_12V_LOAD_8A",861440,"Parametric","",7.5,8.1,"A",7.9995,8.00178,8.00056,0.000844811,118.37,39.2357,197.504,39.2357,5,5,100,0,0,0,0.266378,***
"Output_enabled_Leakage_IVDDFL_IVINFL","","IVDD_VDD_20V_VIN_20V_LOAD_8A",861600,"Parametric","",10,200,"uA",170.457,174.149,172.125,1.73528,18.2487,5.35465,31.1428,5.35465,5,5,100,0,0,0,0.266378,***
"Output_enabled_Leakage_IVDDFL_IVINFL","","IVIN_VDD_20V_VIN_20V_LOAD_8A",861610,"Parametric","",1,2,"mA",1.597,1.62233,1.61477,0.010389,16.0425,12.3601,19.725,12.3601,5,5,100,0,0,0,0.266378,***
"Output_enabled_Leakage_IVDDFL_IVINFL","","LOAD_CURRENT_READBACK_VDD_20V_VIN_20V_LOAD_8A",861620,"Parametric","",7.5,8.1,"A",7.91594,7.98136,7.95289,0.0264939,3.77446,1.85084,5.69808,1.85084,5,5,100,0,0,0,0.266378,***
"Output_disabled_leakage","","IVDDDIS_VDD_3_VIN_3",40010,"Parametric","",10,166.5,"uA",106.124,110.631,108.558,2.12973,12.2472,9.06866,15.4258,9.06866,5,5,100,0,0,0,0.268801,***
"Output_disabled_leakage","","IVINDIS_VDD_3_VIN_3",40050,"Parametric","",10,166.5,"uA",73.744,76.6376,75.1588,1.40913,18.5103,15.4135,15.4135,21.607,5,5,100,0,0,0,0.268801,***
"Output_disabled_leakage","","IOFF_VDD_3_VIN_3",40090,"Parametric","",-14,11,"uA",-3.2188,-2.83041,-3.0559,0.199343,20.902,18.3003,18.3003,23.5038,5,5,100,0,0,0,0.268801,***
"Output_disabled_leakage","","IVDDDIS_VDD_3_VIN_20",40020,"Parametric","",10,166.5,"uA",111.26,114.604,112.673,1.42578,18.2941,12.5843,24.004,12.5843,5,5,100,0,0,0,0.268801,***
"Output_disabled_leakage","","IVINDIS_VDD_3_VIN_20",40060,"Parametric","",10,166.5,"uA",102.502,105.669,104.077,1.45094,17.9769,14.3408,21.6129,14.3408,5,5,100,0,0,0,0.268801,***
"Output_disabled_leakage","","IOFF_VDD_3_VIN_20",40100,"Parametric","",-14,11,"uA",-3.48955,-2.93725,-3.1444,0.210701,19.7752,17.1738,17.1738,22.3767,5,5,100,0,0,0,0.268801,***
"Output_disabled_leakage","","IVINVDD0_VIN_3",40130,"Parametric","",10,166.5,"uA",73.7216,78.1612,76.2429,1.68264,15.5014,13.1228,13.1228,17.8801,5,5,100,0,0,0,0.268801,***
"Output_disabled_leakage","","IOFFVDD0_VIN_3",40150,"Parametric","",-14,11,"uA",-3.33838,-2.51067,-3.01398,0.326041,12.7796,11.2317,11.2317,14.3274,5,5,100,0,0,0,0.268801,***
"Output_disabled_leakage","","IVDDDIS_VDD_20_VIN_3",40030,"Parametric","",10,166.5,"uA",136.759,140.103,138.596,1.47789,17.649,6.29364,29.0044,6.29364,5,5,100,0,0,0,0.268801,***
"Output_disabled_leakage","","IVINDIS_VDD_20_VIN_3",40070,"Parametric","",10,166.5,"uA",73.4208,76.0611,74.6602,1.19044,21.9108,18.1055,18.1055,25.716,5,5,100,0,0,0,0.268801,***
"Output_disabled_leakage","","IOFF_VDD_20_VIN_3",40110,"Parametric","",-14,11,"uA",-3.26001,-2.61664,-2.96861,0.234618,17.7594,15.6729,15.6729,19.8459,5,5,100,0,0,0,0.268801,***
"Output_disabled_leakage","","IVDDDIS_VDD_20_VIN_20",40040,"Parametric","",10,166.5,"uA",135.478,138.741,136.931,1.22201,21.3446,8.06559,34.6235,8.06559,5,5,100,0,0,0,0.268801,***
"Output_disabled_leakage","","IVINDIS_VDD_20_VIN_20",40080,"Parametric","",10,166.5,"uA",100.939,104.17,102.278,1.44317,18.0736,14.8336,21.3136,14.8336,5,5,100,0,0,0,0.268801,***
"Output_disabled_leakage","","IOFF_VDD_20_VIN_20",40120,"Parametric","",-14,11,"uA",-3.07968,-2.98847,-3.04725,0.0358333,116.279,101.886,101.886,130.672,5,5,100,0,0,0,0.268801,***
"Output_disabled_leakage","","IVINVDD0_VIN_20",40140,"Parametric","",10,166.5,"uA",126.87,133.628,130.662,2.60117,10.0275,4.5926,15.4625,4.5926,5,5,100,0,0,0,0.268801,***
"Output_disabled_leakage","","IOFFVDD0_VIN_20",40160,"Parametric","",-14,11,"uA",-3.589,-2.58052,-2.87958,0.420796,9.90187,8.80903,8.80903,10.9947,5,5,100,0,0,0,0.268801,***
"Leakage_Test","","IOFF_REVERSE_VOUT_VIN_LEAKAGE_1mA",60030,"Parametric","",-331,-190,"mV",-259.668,-256.479,-258.134,1.19045,19.7405,19.078,20.403,19.078,5,5,100,0,0,0,0.0698568,***
"Leakage_Test","","IOFF_REVERSE_VOUT_VIN_LEAKAGE_10mA",60040,"Parametric","",-340,-190,"mV",-323.299,-320.284,-321.778,1.12933,22.137,5.37838,5.37838,38.8956,5,5,100,0,0,0,0.0698568,***
"Leakage_Test","","IOFF_REVERSE_VOUT_VIN_LEAKAGE_100uA",60050,"Parametric","",-331,-190,"mV",-198.229,-194.828,-196.548,1.26278,18.6097,1.72858,35.4909,1.72858,5,5,100,0,0,0,0.0698568,***
"Nominal_Input_pin_Leakages","","LEAKAGE",70010,"Parametric","",1.2,5.8,"uA",4.531,4.571,4.547,0.0165681,46.2738,25.2091,67.3384,25.2091,5,5,100,0,0,0,2.38083,***
"Nominal_Input_pin_Leakages","","LEAKAGE",70060,"Parametric","",-0.2,0.2,"uA",-0.002,0,-0.0012,0.00083666,79.6819,79.2038,79.2038,80.16,5,5,100,0,0,0,2.38083,***
"Nominal_Input_pin_Leakages","","LEAKAGE",70020,"Parametric","",-0.5,0.5,"uA",0.007,0.032,0.0236,0.0102616,16.2418,15.4752,17.0084,15.4752,5,5,100,0,0,0,2.38083,***
"Nominal_Input_pin_Leakages","","LEAKAGE",70040,"Parametric","",-10,10,"uA",4.57,4.647,4.6042,0.0286566,116.32,62.7639,169.876,62.7639,5,5,100,0,0,0,2.38083,***
"Nominal_Input_pin_Leakages","","LEAKAGE",70030,"Parametric","",-10,10,"uA",3.97,4.046,4.0028,0.0280125,118.994,71.3634,166.626,71.3634,5,5,100,0,0,0,2.38083,***
"Nominal_Input_pin_Leakages","","LEAKAGE",70080,"Parametric","",-0.2,0.5,"uA",0.002,0.003,0.0024,0.000547723,213.003,123.177,123.177,302.83,5,5,100,0,0,0,2.38083,***
"Nominal_Input_pin_Leakages","","LEAKAGE",70050,"Parametric","",-10,10,"uA",4.158,4.177,4.1642,0.00749659,444.647,259.487,629.807,259.487,5,5,100,0,0,0,2.38083,***
"Nominal_Input_pin_Leakages","","LEAKAGE",70070,"Parametric","",-10,10,"uA",5.294,5.349,5.331,0.0235478,141.556,66.0926,217.02,66.0926,5,5,100,0,0,0,2.38083,***
"Nominal_Input_pin_Leakages","","LEAKAGE_2V",70090,"Parametric","",-0.5,0.5,"uA",-0.004,-0.003,-0.0038,0.000447214,372.678,369.846,369.846,375.51,5,5,100,0,0,0,2.38083,***
"Output_enabled_leakage","","IVDD_VDD_3V_VIN_3V",80001,"Parametric","",10,235,"uA",143.733,147.901,145.579,1.91451,19.5872,15.569,23.6055,15.569,5,5,100,0,0,0,0.183068,***
"Output_enabled_leakage","","IVIN_VDD_3V_VIN_3V",80005,"Parametric","",10,235,"uA",118.244,124.589,120.084,2.67277,14.0304,13.729,13.729,14.3318,5,5,100,0,0,0,0.183068,***
"Output_enabled_leakage","","IVDD_VDD_3V_VIN_20V",80010,"Parametric","",10,235,"uA",146.29,150.563,148.256,2.08684,17.9697,13.8558,22.0837,13.8558,5,5,100,0,0,0,0.183068,***
"Output_enabled_leakage","","IVIN_VDD_3V_VIN_20V",80014,"Parametric","",10,235,"uA",147.926,154.046,149.628,2.64341,14.1862,10.7654,17.6071,10.7654,5,5,100,0,0,0,0.183068,***
"Output_enabled_leakage","","IVDD_VDD_20V_VIN_3V",80011,"Parametric","",10,235,"uA",167.973,172.595,170.191,2.23576,16.7728,9.66242,23.8832,9.66242,5,5,100,0,0,0,0.183068,***
"Output_enabled_leakage","","IVIN_VDD_20V_VIN_3V",80015,"Parametric","",10,235,"uA",117.607,123.806,119.452,2.59795,14.4344,14.0433,14.0433,14.8256,5,5,100,0,0,0,0.183068,***
"Output_enabled_leakage","","IVDD_VDD_20V_VIN_20V",80012,"Parametric","",10,235,"uA",169.409,173.884,171.404,2.12742,17.627,9.96451,25.2895,9.96451,5,5,100,0,0,0,0.183068,***
"Output_enabled_leakage","","IVIN_VDD_20V_VIN_20V",80016,"Parametric","",10,235,"uA",147.069,153.398,148.852,2.69989,13.8894,10.6359,17.1429,10.6359,5,5,100,0,0,0,0.183068,***
"Post_Output_disabled_leakage","","IVDDDIS_VDD_3_VIN_3",730010,"Parametric","",10,166.5,"uA",106.597,111.016,108.757,1.8283,14.2664,10.5276,18.0052,10.5276,5,5,100,0,0,0,0.261785,***
"Post_Output_disabled_leakage","","IVINDIS_VDD_3_VIN_3",730050,"Parametric","",10,166.5,"uA",72.9859,75.7817,74.3901,1.33594,19.5243,16.0661,16.0661,22.9826,5,5,100,0,0,0,0.261785,***
"Post_Output_disabled_leakage","","IOFF_VDD_3_VIN_3",730090,"Parametric","",-14,11,"uA",-2.93925,-2.56675,-2.76017,0.167048,24.9429,22.4283,22.4283,27.4575,5,5,100,0,0,0,0.261785,***
"Post_Output_disabled_leakage","","DELTA_IVDDDIS_VDD_3_VIN_3",730280,"Parametric","",-20,20,"uA",-1.16974,1.70991,0.198372,1.15991,5.74757,5.69056,5.80458,5.69056,5,5,100,0,0,0,0.261785,***
"Post_Output_disabled_leakage","","DELTA_IVINDIS_VDD_3_VIN_3",730320,"Parametric","",-20,20,"uA",-1.88034,0.410714,-0.768713,0.820765,8.12251,7.81031,7.81031,8.4347,5,5,100,0,0,0,0.261785,***
"Post_Output_disabled_leakage","","DELTA_IOFF_VDD_3_VIN_3",730360,"Parametric","",-20,20,"uA",-0.093103,0.609784,0.295736,0.279677,23.837,23.4845,24.1895,23.4845,5,5,100,0,0,0,0.261785,***
"Post_Output_disabled_leakage","","IVDDDIS_VDD_3_VIN_20",730020,"Parametric","",10,166.5,"uA",111.451,114.3,112.562,1.24446,20.9596,14.4476,27.4716,14.4476,5,5,100,0,0,0,0.261785,***
"Post_Output_disabled_leakage","","IVINDIS_VDD_3_VIN_20",730060,"Parametric","",10,166.5,"uA",101.845,105.483,103.234,1.70652,15.2845,12.3578,18.2113,12.3578,5,5,100,0,0,0,0.261785,***
"Post_Output_disabled_leakage","","IOFF_VDD_3_VIN_20",730100,"Parametric","",-14,11,"uA",-3.1633,-2.46413,-2.89456,0.334205,12.4674,11.0765,11.0765,13.8583,5,5,100,0,0,0,0.261785,***
"Post_Output_disabled_leakage","","DELTA_IVDDDIS_VDD_3_VIN_20",730290,"Parametric","",-20,20,"uA",-1.16136,1.12411,-0.1112,1.01176,6.58917,6.55254,6.55254,6.62581,5,5,100,0,0,0,0.261785,***
"Post_Output_disabled_leakage","","DELTA_IVINDIS_VDD_3_VIN_20",730330,"Parametric","",-20,20,"uA",-1.45379,-0.092201,-0.843406,0.632813,10.535,10.0907,10.0907,10.9792,5,5,100,0,0,0,0.261785,***
"Post_Output_disabled_leakage","","DELTA_IOFF_VDD_3_VIN_20",730370,"Parametric","",-20,20,"uA",-0.095403,0.567815,0.249839,0.312045,21.3644,21.0975,21.6313,21.0975,5,5,100,0,0,0,0.261785,***
"Post_Output_disabled_leakage","","IVINVDD0_VIN_3",730130,"Parametric","",10,166.5,"uA",72.7922,78.7936,76.3427,2.28204,11.4298,9.69056,9.69056,13.1691,5,5,100,0,0,0,0.261785,***
"Post_Output_disabled_leakage","","IOFFVDD0_VIN_3",730150,"Parametric","",-14,11,"uA",-2.62979,-2.15668,-2.39752,0.205768,20.2493,18.7954,18.7954,21.7033,5,5,100,0,0,0,0.261785,***
"Post_Output_disabled_leakage","","DELTA_IVINVDD0_VIN_3",730400,"Parametric","",-20,20,"uA",-0.92946,1.3588,0.0998378,0.946359,7.04454,7.00938,7.07971,7.00938,5,5,100,0,0,0,0.261785,***
"Post_Output_disabled_leakage","","DELTA_IOFFVDD0_VIN_3",730420,"Parametric","",-20,20,"uA",-0.119122,1.08121,0.616466,0.477174,13.9712,13.5405,14.4018,13.5405,5,5,100,0,0,0,0.261785,***
"Post_Output_disabled_leakage","","IVDDDIS_VDD_20_VIN_3",730030,"Parametric","",10,166.5,"uA",136.433,140.294,138.079,1.45379,17.9416,6.51661,29.3666,6.51661,5,5,100,0,0,0,0.261785,***
"Post_Output_disabled_leakage","","IVINDIS_VDD_20_VIN_3",730070,"Parametric","",10,166.5,"uA",72.8061,76.4001,74.3655,1.38591,18.8203,15.4809,15.4809,22.1598,5,5,100,0,0,0,0.261785,***
"Post_Output_disabled_leakage","","IOFF_VDD_20_VIN_3",730110,"Parametric","",-14,11,"uA",-2.58407,-2.31125,-2.47728,0.112161,37.1491,34.2447,34.2447,40.0535,5,5,100,0,0,0,0.261785,***
"Post_Output_disabled_leakage","","DELTA_IVDDDIS_VDD_20_VIN_3",730300,"Parametric","",-20,20,"uA",-1.43424,0.45076,-0.517443,0.801968,8.31288,8.09781,8.09781,8.52795,5,5,100,0,0,0,0.261785,***
"Post_Output_disabled_leakage","","DELTA_IVINDIS_VDD_20_VIN_3",730340,"Parametric","",-20,20,"uA",-0.654719,0.339001,-0.29467,0.439908,15.1547,14.9314,14.9314,15.378,5,5,100,0,0,0,0.261785,***
"Post_Output_disabled_leakage","","DELTA_IOFF_VDD_20_VIN_3",730380,"Parametric","",-20,20,"uA",0.178057,0.784057,0.491331,0.26773,24.9007,24.289,25.5124,24.289,5,5,100,0,0,0,0.261785,***
"Post_Output_disabled_leakage","","IVDDDIS_VDD_20_VIN_20",730040,"Parametric","",10,166.5,"uA",134.937,139.525,136.791,1.851,14.0915,5.35012,22.8329,5.35012,5,5,100,0,0,0,0.261785,***
"Post_Output_disabled_leakage","","IVINDIS_VDD_20_VIN_20",730080,"Parametric","",10,166.5,"uA",100.941,104.436,102.445,1.57369,16.5747,13.5679,19.5814,13.5679,5,5,100,0,0,0,0.261785,***
"Post_Output_disabled_leakage","","IOFF_VDD_20_VIN_20",730120,"Parametric","",-14,11,"uA",-2.87191,-2.49231,-2.65543,0.183068,22.7603,20.6564,20.6564,24.8641,5,5,100,0,0,0,0.261785,***
"Post_Output_disabled_leakage","","DELTA_IVDDDIS_VDD_20_VIN_20",730310,"Parametric","",-20,20,"uA",-2.19792,1.27219,-0.140443,1.33544,4.99211,4.95705,4.95705,5.02716,5,5,100,0,0,0,0.261785,***
"Post_Output_disabled_leakage","","DELTA_IVINDIS_VDD_20_VIN_20",730350,"Parametric","",-20,20,"uA",-0.33807,1.03097,0.167079,0.569913,11.6977,11.6,11.7954,11.6,5,5,100,0,0,0,0.261785,***
"Post_Output_disabled_leakage","","DELTA_IOFF_VDD_20_VIN_20",730390,"Parametric","",-20,20,"uA",0.199652,0.550004,0.391825,0.157433,42.3461,41.5164,43.1757,41.5164,5,5,100,0,0,0,0.261785,***
"Post_Output_disabled_leakage","","IVINVDD0_VIN_20",730140,"Parametric","",10,166.5,"uA",128.197,134.528,131.335,2.40231,10.8576,4.87936,16.8358,4.87936,5,5,100,0,0,0,0.261785,***
"Post_Output_disabled_leakage","","IOFFVDD0_VIN_20",730160,"Parametric","",-14,11,"uA",-3.41985,-1.48213,-2.46556,0.700899,5.94475,5.48555,5.48555,6.40395,5,5,100,0,0,0,0.261785,***
"Post_Output_disabled_leakage","","DELTA_IVINVDD0_VIN_20",730410,"Parametric","",-20,20,"uA",-1.20327,2.52761,0.67316,1.38569,4.81108,4.64915,4.97301,4.64915,5,5,100,0,0,0,0.261785,***
"Post_Output_disabled_leakage","","DELTA_IOFFVDD0_VIN_20",730430,"Parametric","",-20,20,"uA",-0.791828,1.4589,0.414022,0.846109,7.8792,7.71609,8.04231,7.71609,5,5,100,0,0,0,0.261785,***
"Post_Leakage_Test","","IOFF_REVERSE_VOUT_VIN_LEAKAGE_1mA",740030,"Parametric","",-331,-190,"mV",-259.539,-256.59,-258.128,1.11338,21.1068,20.3968,21.8168,20.3968,5,5,100,0,0,0,0.0691916,***
"Post_Leakage_Test","","IOFF_REVERSE_VOUT_VIN_LEAKAGE_10mA",740040,"Parametric","",-340,-190,"mV",-323.271,-320.295,-321.77,1.1207,22.3074,5.42216,5.42216,39.1926,5,5,100,0,0,0,0.0691916,***
"Post_Leakage_Test","","IOFF_REVERSE_VOUT_VIN_LEAKAGE_100uA",740050,"Parametric","",-331,-190,"mV",-198.212,-194.912,-196.582,1.22687,19.1545,1.78841,36.5205,1.78841,5,5,100,0,0,0,0.0691916,***
"Post_Leakage_Test","","DELTA_IOFF_REVERSE_VOUT_VIN_LEAKAGE_1mA",740060,"Parametric","",-20,20,"mV",-0.110626,0.1297,0.00572205,0.0903729,73.7684,73.7473,73.7895,73.7473,5,5,100,0,0,0,0.0691916,***
"Post_Leakage_Test","","DELTA_IOFF_REVERSE_VOUT_VIN_LEAKAGE_10mA",740070,"Parametric","",-20,20,"mV",-0.0457764,0.082016,0.00801086,0.0490637,135.878,135.823,135.932,135.823,5,5,100,0,0,0,0.0691916,***
"Post_Leakage_Test","","DELTA_IOFF_REVERSE_VOUT_VIN_LEAKAGE_100uA",740080,"Parametric","",-20,20,"mV",-0.0839233,0.0400543,-0.0339508,0.0579062,115.129,114.933,114.933,115.324,5,5,100,0,0,0,0.0691916,***
"Post_Nominal_Input_pin_Leakages","","LEAKAGE",750010,"Parametric","",1.2,5.8,"uA",4.518,4.549,4.5296,0.0133904,57.255,31.6247,82.8853,31.6247,5,5,100,0,0,0,2.37782,***
"Post_Nominal_Input_pin_Leakages","","DELTA_LEAKAGE",750100,"Parametric","",-0.2,0.2,"uA",-0.022,-0.011,-0.0174,0.004219,15.8015,14.4268,14.4268,17.1762,5,5,100,0,0,0,2.37782,***
"Post_Nominal_Input_pin_Leakages","","LEAKAGE",750060,"Parametric","",-0.2,0.2,"uA",-0.002,-0.001,-0.0014,0.000547723,121.716,120.864,120.864,122.568,5,5,100,0,0,0,2.37782,***
"Post_Nominal_Input_pin_Leakages","","DELTA_LEAKAGE",750150,"Parametric","",-0.2,0.2,"uA",-0.001,0.001,-0.0002,0.00083666,79.6819,79.6022,79.6022,79.7616,5,5,100,0,0,0,2.37782,***
"Post_Nominal_Input_pin_Leakages","","LEAKAGE",750020,"Parametric","",-0.5,0.5,"uA",0.009,0.032,0.0242,0.00998499,16.6917,15.8838,17.4996,15.8838,5,5,100,0,0,0,2.37782,***
"Post_Nominal_Input_pin_Leakages","","DELTA_LEAKAGE",750110,"Parametric","",-0.2,0.2,"uA",-0.003,0.006,0.0006,0.00357771,18.6339,18.578,18.6898,18.578,5,5,100,0,0,0,2.37782,***
"Post_Nominal_Input_pin_Leakages","","LEAKAGE",750040,"Parametric","",-10,10,"uA",4.576,4.611,4.593,0.0139463,239.012,129.234,348.79,129.234,5,5,100,0,0,0,2.37782,***
"Post_Nominal_Input_pin_Leakages","","DELTA_LEAKAGE",750130,"Parametric","",-1,1,"uA",-0.036,0.006,-0.0112,0.0166042,20.0752,19.8504,19.8504,20.3001,5,5,100,0,0,0,2.37782,***
"Post_Nominal_Input_pin_Leakages","","LEAKAGE",750030,"Parametric","",-10,10,"uA",3.965,4.041,3.9978,0.0284816,117.035,70.2466,163.823,70.2466,5,5,100,0,0,0,2.37782,***
"Post_Nominal_Input_pin_Leakages","","DELTA_LEAKAGE",750120,"Parametric","",-1,1,"uA",-0.008,-0.003,-0.005,0.00187083,178.174,177.283,177.283,179.065,5,5,100,0,0,0,2.37782,***
"Post_Nominal_Input_pin_Leakages","","LEAKAGE",750080,"Parametric","",-0.2,0.5,"uA",0.002,0.003,0.0024,0.000547723,213.003,123.177,123.177,302.83,5,5,100,0,0,0,2.37782,***
"Post_Nominal_Input_pin_Leakages","","DELTA_LEAKAGE",750170,"Parametric","",-0.2,0.2,"uA",-0.001,0.001,0,0.000707107,94.2809,94.2809,94.2809,94.2809,5,5,100,0,0,0,2.37782,***
"Post_Nominal_Input_pin_Leakages","","LEAKAGE",750050,"Parametric","",-10,10,"uA",4.147,4.162,4.1572,0.00601677,554.007,323.695,784.319,323.695,5,5,100,0,0,0,2.37782,***
"Post_Nominal_Input_pin_Leakages","","DELTA_LEAKAGE",750140,"Parametric","",-0.2,0.2,"uA",-0.015,0.001,-0.007,0.00678233,9.82946,9.48543,9.48543,10.1735,5,5,100,0,0,0,2.37782,***
"Post_Nominal_Input_pin_Leakages","","LEAKAGE",750070,"Parametric","",-10,10,"uA",5.323,5.373,5.3502,0.0197281,168.963,78.5646,259.362,78.5646,5,5,100,0,0,0,2.37782,***
"Post_Nominal_Input_pin_Leakages","","DELTA_LEAKAGE",750160,"Parametric","",-0.75,0.75,"uA",0.004,0.029,0.0192,0.0104259,23.9787,23.3648,24.5925,23.3648,5,5,100,0,0,0,2.37782,***
"Post_Nominal_Input_pin_Leakages","","LEAKAGE_2V",750090,"Parametric","",-0.5,0.5,"uA",-0.004,-0.004,-0.004,0,***,***,***,***,5,5,100,0,0,0,2.37782,***
"Post_Nominal_Input_pin_Leakages","","DELTA_LEAKAGE_2V",750180,"Parametric","",-0.2,0.2,"uA",-0.001,0,-0.0002,0.000447214,149.071,148.922,148.922,149.22,5,5,100,0,0,0,2.37782,***
"Post_Output_enabled_leakage","","IVDD_VDD_3V_VIN_3V",760010,"Parametric","",10,200,"uA",143.586,147.97,145.535,2.01095,15.7471,9.02805,22.4662,9.02805,5,5,100,0,0,0,0.177697,***
"Post_Output_enabled_leakage","","IVIN_VDD_3V_VIN_3V",760050,"Parametric","",10,200,"uA",118.396,124.568,120.198,2.60524,12.155,10.2105,14.0995,10.2105,5,5,100,0,0,0,0.177697,***
"Post_Output_enabled_leakage","","DELTA_IVDD_VDD_3V_VIN_3V",760210,"Parametric","",-20,20,"uA",-0.147149,0.0689179,-0.0439584,0.0967913,68.8767,68.7254,68.7254,69.0281,5,5,100,0,0,0,0.177697,***
"Post_Output_enabled_leakage","","DELTA_IVIN_VDD_3V_VIN_3V",760290,"Parametric","",-20,20,"uA",-0.0922009,0.431202,0.113994,0.206155,32.3382,32.1539,32.5225,32.1539,5,5,100,0,0,0,0.177697,***
"Post_Output_enabled_leakage","","IVDD_VDD_3V_VIN_20V",760090,"Parametric","",10,200,"uA",146.426,150.606,148.178,1.94578,16.2745,8.87775,23.6713,8.87775,5,5,100,0,0,0,0.177697,***
"Post_Output_enabled_leakage","","IVIN_VDD_3V_VIN_20V",760120,"Parametric","",10,200,"uA",147.812,154.067,149.621,2.66624,11.8769,6.29843,17.4554,6.29843,5,5,100,0,0,0,0.177697,***
"Post_Output_enabled_leakage","","DELTA_IVDD_VDD_3V_VIN_20V",760220,"Parametric","",-20,20,"uA",-0.512227,0.135973,-0.0782311,0.25693,25.9474,25.8459,25.8459,26.0489,5,5,100,0,0,0,0.177697,***
"Post_Output_enabled_leakage","","DELTA_IVIN_VDD_3V_VIN_20V",760300,"Parametric","",-20,20,"uA",-0.152737,0.0651926,-0.00745058,0.0839224,79.4384,79.4088,79.4088,79.468,5,5,100,0,0,0,0.177697,***
"Post_Output_enabled_leakage","","IVDD_VDD_20V_VIN_3V",760100,"Parametric","",10,200,"uA",167.94,172.686,170.194,2.16138,14.6511,4.5967,24.7056,4.5967,5,5,100,0,0,0,0.177697,***
"Post_Output_enabled_leakage","","IVIN_VDD_20V_VIN_3V",760130,"Parametric","",10,200,"uA",117.715,123.665,119.452,2.55545,12.3918,10.5067,14.277,10.5067,5,5,100,0,0,0,0.177697,***
"Post_Output_enabled_leakage","","DELTA_IVDD_VDD_20V_VIN_3V",760250,"Parametric","",-20,20,"uA",-0.262633,0.217929,0.00298023,0.1774,37.5799,37.5743,37.5855,37.5743,5,5,100,0,0,0,0.177697,***
"Post_Output_enabled_leakage","","DELTA_IVIN_VDD_20V_VIN_3V",760330,"Parametric","",-20,20,"uA",-0.232831,0.213273,0.000558794,0.18339,36.3525,36.3514,36.3535,36.3514,5,5,100,0,0,0,0.177697,***
"Post_Output_enabled_leakage","","IVDD_VDD_20V_VIN_20V",760110,"Parametric","",10,200,"uA",169.296,173.599,171.193,2.11852,14.9476,4.53261,25.3625,4.53261,5,5,100,0,0,0,0.177697,***
"Post_Output_enabled_leakage","","IVIN_VDD_20V_VIN_20V",760140,"Parametric","",10,200,"uA",147.138,153.366,148.873,2.69433,11.7531,6.3253,17.1808,6.3253,5,5,100,0,0,0,0.177697,***
"Post_Output_enabled_leakage","","DELTA_IVDD_VDD_20V_VIN_20V",760260,"Parametric","",-20,20,"uA",-0.460073,-0.0819564,-0.211224,0.160288,41.5918,41.1525,41.1525,42.031,5,5,100,0,0,0,0.177697,***
"Post_Output_enabled_leakage","","DELTA_IVIN_VDD_20V_VIN_20V",760340,"Parametric","",-20,20,"uA",-0.117347,0.145286,0.0204891,0.0998993,66.7339,66.6655,66.8023,66.6655,5,5,100,0,0,0,0.177697,***
"SCAN","","Scan_test",330010,"Functional","_rdi_burst_SCAN_bk4_mp",***,***," ",***,***,***,***,***,***,***,***,5,5,100,0,0,0,0.121621,***
"Logic","","Logic_test",340010,"Functional","_rdi_burst_Logic_bk6_mp",***,***," ",***,***,***,***,***,***,***,***,5,5,100,0,0,0,0.281819,***
"VDD_UVLO_OTS_POR","","Low_Temp_Voltage_bank0",200130,"Parametric","",0,0.2,"V",0.000771166,0.000828081,0.000782549,2.54533e-05,1309.59,10.2482,10.2482,2608.93,5,5,100,0,0,0,0.095702,***
"VDD_UVLO_OTS_POR","","High_Temp_Voltage_bank0",200140,"Parametric","",1.6,2.3,"V",1.7998,1.86247,1.84017,0.0253353,4.60491,3.15986,3.15986,6.04995,5,5,100,0,0,0,0.095702,***
"VDD_UVLO_OTS_POR","","Low_Temp_Voltage_bank0_reset",200150,"Parametric","",0,0.2,"V",0.000771166,0.000884996,0.000816698,4.76187e-05,700.006,5.71693,5.71693,1394.29,5,5,100,0,0,0,0.095702,***
"VDD_UVLO_OTS_POR","","Low_Temp_Voltage_bank1",200160,"Parametric","",0,0.2,"V",0.000657336,0.000828081,0.000737017,6.48933e-05,513.664,3.78579,3.78579,1023.54,5,5,100,0,0,0,0.095702,***
"VDD_UVLO_OTS_POR","","High_Temp_Voltage_bank1",200170,"Parametric","",1.6,2.3,"V",1.79946,1.86315,1.84032,0.0256858,4.54206,3.11866,3.11866,5.96547,5,5,100,0,0,0,0.095702,***
"VDD_UVLO_OTS_POR","","Low_Temp_Voltage_bank1_reset",200180,"Parametric","",0,0.5,"V",0.000714251,0.000828081,0.000771166,4.02451e-05,2070.64,6.38724,6.38724,4134.9,5,5,100,0,0,0,0.095702,***
"UVLO_POR_redundancy_AWG","","I_ISEN_UVLO",680010,"Parametric","",8,13,"uA",10.811,11.124,10.96,0.145556,5.72518,4.67175,6.77862,4.67175,5,5,100,0,0,0,0.241455,***
"UVLO_POR_redundancy_AWG","","I_IN_VDD3V",680011,"Parametric","",-20,300,"nA",-1,-1,-1,0,***,***,***,***,5,5,100,0,0,0,0.241455,***
"UVLO_POR_redundancy_AWG","","VDD_UVLO_Falling",680012,"Parametric","",2,2.75,"V",2.42211,2.49246,2.45628,0.025475,4.90678,3.84323,5.97032,3.84323,5,5,100,0,0,0,0.241455,***
"UVLO_POR_redundancy_AWG","","I_IN_VDD_UVLO_Falling",680013,"Parametric","",8,13,"uA",10.8087,11.1289,10.9617,0.148811,5.59995,4.56584,6.63405,4.56584,5,5,100,0,0,0,0.241455,***
"UVLO_POR_redundancy_AWG","","VBIAS_POR_Falling",680014,"Parametric","",0.9,1.45,"",1.14286,1.17794,1.16692,0.0139092,6.59036,6.39666,6.39666,6.78406,5,5,100,0,0,0,0.241455,***
"UVLO_POR_redundancy_AWG","","I_IN_VBIAS_POR_Falling",680015,"Parametric","",20,33,"uA",27.2425,27.9592,27.6003,0.339746,6.37732,5.29777,7.45686,5.29777,5,5,100,0,0,0,0.241455,***
"UVLO_POR_redundancy_AWG","","VBIAS_PORsu_Falling",680016,"Parametric","",0.725,1.2,"V",0.922306,0.942356,0.933333,0.00743478,10.6482,9.34048,9.34048,11.9558,5,5,100,0,0,0,0.241455,***
"UVLO_POR_redundancy_AWG","","I_IN_VBIAS_PORsu_Falling",680017,"Parametric","",35,50,"uA",43.9152,45.2571,44.5673,0.611069,4.09119,2.96347,5.21891,2.96347,5,5,100,0,0,0,0.241455,***
"UVLO_POR_redundancy_AWG","","VBIAS_PORsu_Rising",680018,"Parametric","",0.75,1.3,"V",0.976326,1.01128,0.991574,0.0151195,6.06282,5.32589,5.32589,6.79975,5,5,100,0,0,0,0.241455,***
"UVLO_POR_redundancy_AWG","","I_IN_VBIAS_PORsu_Rising",680019,"Parametric","",20,32,"uA",26.94,27.8219,27.2933,0.346926,5.76491,4.52229,7.00753,4.52229,5,5,100,0,0,0,0.241455,***
"UVLO_POR_redundancy_AWG","","PORsu_Hysteresis",680020,"Parametric","",0,0.175,"",0.0508414,0.0689192,0.0582408,0.00881662,3.30815,2.20193,2.20193,4.41436,5,5,100,0,0,0,0.241455,***
"UVLO_POR_redundancy_AWG","","VBIAS_POR_Rising",680021,"Parametric","",1.2,1.6,"V",1.36527,1.41949,1.40323,0.0229511,2.90473,2.85775,2.95171,2.85775,5,5,100,0,0,0,0.241455,***
"UVLO_POR_redundancy_AWG","","I_IN_VBIAS_POR_Rising",680022,"Parametric","",8,13,"uA",10.7832,11.1035,10.9327,0.149093,5.58935,4.62198,6.55672,4.62198,5,5,100,0,0,0,0.241455,***
"UVLO_POR_redundancy_AWG","","POR_Hysteresis",680023,"Parametric","",0.12,0.35,"",0.222411,0.246405,0.236318,0.0116401,3.29322,3.25548,3.33095,3.25548,5,5,100,0,0,0,0.241455,***
"UVLO_POR_redundancy_AWG","","VDD_UVLO_Rising",680024,"Parametric","",2.2,2.85,"V",2.50251,2.60804,2.56683,0.0401067,2.70113,2.35344,3.04882,2.35344,5,5,100,0,0,0,0.241455,***
"UVLO_POR_redundancy_AWG","","I_IN_VDD_UVLO_Rising",680025,"Parametric","",-200,200,"nA",-46.3987,-26.0661,-34.7075,8.15682,8.17312,6.75478,6.75478,9.59146,5,5,100,0,0,0,0.241455,***
"UVLO_POR_redundancy_AWG","","VDD_UVLO_Hysteresis",680026,"Parametric","",0.02,0.3,"",0.080402,0.135678,0.110553,0.0210216,2.21994,1.43587,1.43587,3.00401,5,5,100,0,0,0,0.241455,***
"PostVref_Iref_ib1u","","POST_IBIAS_1U",640010,"Parametric","",-2,2,"uA",-0.97815,-0.926972,-0.962183,0.0201187,33.1367,17.1949,17.1949,49.0785,5,5,100,0,0,0,0.0486762,***
"PostVref_Iref_ib1u","","POST_IBIAS_1U_PP",640020,"Parametric","",-2,2,"uA",-1.11797,-0.974517,-1.06786,0.0560625,11.8915,5.54229,5.54229,18.2407,5,5,100,0,0,0,0.0486762,***
"SS_Done_level","","SS_level_DRVTM_10_Initial_OFFPIN",770010,"Parametric","",1,2,"V",1.64556,1.7035,1.6827,0.0232398,7.17161,4.55117,9.79204,4.55117,5,5,100,0,0,0,3.08999,***
"SS_Done_level","","SS_level_threshold_DRVTM_10",770020,"Parametric","",0.9,1.2,"V",1.03691,1.07718,1.06107,0.0152675,3.27493,3.03315,3.5167,3.03315,5,5,100,0,0,0,3.08999,***
"SS_Done_level","","Post_threshold_DRVTM_10_switchon_OFFPIN_Voltage",770030,"Parametric","",1,2,"V",1.48506,1.54249,1.52165,0.0230806,7.22106,6.90842,7.5337,6.90842,5,5,100,0,0,0,3.08999,***
"SS_Done_level","","Post_threshold_DRVTM_10_switchoff_OFFPIN_Voltage",770040,"Parametric","",1,2,"V",1.64516,1.70288,1.68246,0.0232423,7.17085,4.55412,9.78758,4.55412,5,5,100,0,0,0,3.08999,***
"SS_Done_level","","SS_level_DRVTM_12_Initial_OFFPIN",770050,"Parametric","",1,2,"V",1.64556,1.7035,1.6827,0.0232398,7.17161,4.55117,9.79204,4.55117,5,5,100,0,0,0,3.08999,***
"SS_Done_level","","SS_level_threshold_DRVTM_12",770060,"Parametric","",0.9,1.2,"V",1.03691,1.06711,1.05705,0.014237,3.51197,3.34698,3.67696,3.34698,5,5,100,0,0,0,3.08999,***
"SS_Done_level","","Post_threshold_DRVTM_12_switchon_OFFPIN_Voltage",770070,"Parametric","",1,2,"V",1.48785,1.54203,1.52174,0.0215615,7.72982,7.39375,8.0659,7.39375,5,5,100,0,0,0,3.08999,***
"SS_Done_level","","Post_threshold_DRVTM_12_switchoff_OFFPIN_Voltage",770080,"Parametric","",1,2,"V",1.64949,1.70214,1.68236,0.0208937,7.9769,5.06749,10.8863,5.06749,5,5,100,0,0,0,3.08999,***
"POST_EFUSE_RESISTANCE","","POST_BANKA_EFUSE_RESISTANCE_UNBLOWN_BIT47",490001,"Parametric","",65,200,"ohms",96.1111,96.1111,96.1111,0,***,***,***,***,1,1,100,0,0,0,4.17982,***
"POST_EFUSE_RESISTANCE","","POST_BANKA_EFUSE_RESISTANCE_UNBLOWN_BIT46",490002,"Parametric","",65,200,"ohms",98.0111,98.0111,98.0111,0,***,***,***,***,1,1,100,0,0,0,4.17982,***
"POST_EFUSE_RESISTANCE","","POST_BANKA_EFUSE_RESISTANCE_UNBLOWN_BIT45",490003,"Parametric","",65,200,"ohms",96.1222,96.1222,96.1222,0,***,***,***,***,1,1,100,0,0,0,4.17982,***
"POST_EFUSE_RESISTANCE","","POST_BANKA_EFUSE_RESISTANCE_UNBLOWN_BIT44",490004,"Parametric","",65,200,"ohms",95.4889,97.3778,96.1185,1.09055,20.6318,9.51158,9.51158,31.7521,3,3,100,0,0,0,2.72132,***
"POST_EFUSE_RESISTANCE","","POST_BANKA_EFUSE_RESISTANCE_UNBLOWN_BIT43",490005,"Parametric","",65,200,"ohms",95.4889,96.1111,95.6963,0.359241,62.6321,28.4826,28.4826,96.7817,3,3,100,0,0,0,2.71591,***
"POST_EFUSE_RESISTANCE","","POST_BANKA_EFUSE_RESISTANCE_BLOWN_BIT42",590006,"Parametric","",3500,100000,"ohms",77721.6,81671.4,80256.6,1752.12,9.17936,3.75611,14.6026,3.75611,5,5,100,0,0,0,2.42637,***
"POST_EFUSE_RESISTANCE","","POST_BANKA_EFUSE_RESISTANCE_BLOWN_BIT41",590007,"Parametric","",3500,100000,"ohms",77738.7,81694.2,80260,1754.24,9.16827,3.75091,14.5856,3.75091,5,5,100,0,0,0,2.42637,***
"POST_EFUSE_RESISTANCE","","POST_BANKA_EFUSE_RESISTANCE_BLOWN_BIT40",590008,"Parametric","",3500,100000,"ohms",77750.1,79144.5,78447.3,985.989,16.3119,7.28632,25.3374,7.28632,2,2,100,0,0,0,3.08372,***
"POST_EFUSE_RESISTANCE","","POST_BANKA_EFUSE_RESISTANCE_UNBLOWN_BIT39",490009,"Parametric","",65,200,"ohms",94.2222,96.1111,95.1694,0.813336,27.6638,12.3645,12.3645,42.9632,4,4,100,0,0,0,2.53435,***
"POST_EFUSE_RESISTANCE","","POST_BANKA_EFUSE_RESISTANCE_UNBLOWN_BIT38",490010,"Parametric","",65,200,"ohms",94.8556,96.1111,95.2741,0.724899,31.0388,13.9211,13.9211,48.1566,3,3,100,0,0,0,2.72063,***
"POST_EFUSE_RESISTANCE","","POST_BANKA_EFUSE_RESISTANCE_BLOWN_BIT37",590011,"Parametric","",3500,100000,"ohms",77738.7,81699.9,80255.4,1751.85,9.18077,3.7569,14.6046,3.7569,5,5,100,0,0,0,2.42637,***
"POST_EFUSE_RESISTANCE","","POST_BANKA_EFUSE_RESISTANCE_BLOWN_BIT36",590012,"Parametric","",3500,100000,"ohms",77744.4,81625.9,79897.2,1790.57,8.98227,3.74236,14.2222,3.74236,4,4,100,0,0,0,2.53435,***
"POST_EFUSE_RESISTANCE","","POST_BANKA_EFUSE_RESISTANCE_UNBLOWN_BIT35",490013,"Parametric","",65,200,"ohms",94.8667,96.1111,95.6444,0.595733,37.7686,17.1466,17.1466,58.3906,4,4,100,0,0,0,2.53435,***
"POST_EFUSE_RESISTANCE","","POST_BANKA_EFUSE_RESISTANCE_UNBLOWN_BIT34",490014,"Parametric","",65,200,"ohms",96.1111,96.7444,96.2722,0.314858,71.4608,33.1072,33.1072,109.814,4,4,100,0,0,0,2.53435,***
"POST_EFUSE_RESISTANCE","","POST_BANKA_EFUSE_RESISTANCE_UNBLOWN_BIT33",490015,"Parametric","",65,200,"ohms",94.8556,97.3778,95.8028,1.09162,20.6116,9.40582,9.40582,31.8173,4,4,100,0,0,0,2.53435,***
"POST_EFUSE_RESISTANCE","","POST_BANKA_EFUSE_RESISTANCE_UNBLOWN_BIT32",490016,"Parametric","",65,200,"ohms",96.1222,96.7556,96.5407,0.36249,62.0707,29.0038,29.0038,95.1376,3,3,100,0,0,0,2.71591,***
"POST_EFUSE_RESISTANCE","","POST_BANKA_EFUSE_RESISTANCE_BLOWN_BIT31",590017,"Parametric","",3500,100000,"ohms",77738.7,81102.3,79420.5,2378.42,6.76219,2.8842,10.6402,2.8842,2,2,100,0,0,0,3.08005,***
"POST_EFUSE_RESISTANCE","","POST_BANKA_EFUSE_RESISTANCE_BLOWN_BIT30",590018,"Parametric","",3500,100000,"ohms",77733,81682.8,80263.4,1757.57,9.15087,3.74316,14.5586,3.74316,5,5,100,0,0,0,2.42637,***
"POST_EFUSE_RESISTANCE","","POST_BANKA_EFUSE_RESISTANCE_UNBLOWN_BIT29",490019,"Parametric","",65,200,"ohms",95.4889,97.3778,96.4306,0.813333,27.664,12.8814,12.8814,42.4465,4,4,100,0,0,0,2.53606,***
"POST_EFUSE_RESISTANCE","","POST_BANKA_EFUSE_RESISTANCE_UNBLOWN_BIT28",490020,"Parametric","",65,200,"ohms",94.2222,97.3778,95.8622,1.30768,17.206,7.86689,7.86689,26.5451,5,5,100,0,0,0,2.42637,***
"POST_EFUSE_RESISTANCE","","POST_BANKA_EFUSE_RESISTANCE_BLOWN_BIT27",590021,"Parametric","",3500,100000,"ohms",77738.7,81682.8,80260,1746.44,9.20919,3.76766,14.6507,3.76766,5,5,100,0,0,0,2.42637,***
"POST_EFUSE_RESISTANCE","","POST_BANKA_EFUSE_RESISTANCE_BLOWN_BIT26",590022,"Parametric","",3500,100000,"ohms",77727.3,81682.8,80255.4,1749.23,9.19454,3.76253,14.6265,3.76253,5,5,100,0,0,0,2.42637,***
"POST_EFUSE_RESISTANCE","","POST_BANKA_EFUSE_RESISTANCE_UNBLOWN_BIT25",490023,"Parametric","",65,200,"ohms",95.4889,96.7444,96.1133,0.443916,50.6853,23.3628,23.3628,78.0078,5,5,100,0,0,0,2.42637,***
"POST_EFUSE_RESISTANCE","","POST_BANKA_EFUSE_RESISTANCE_BLOWN_BIT24",590024,"Parametric","",3500,100000,"ohms",77721.6,81682.8,79512.5,2007.67,8.01096,3.40154,12.6204,3.40154,3,3,100,0,0,0,2.72063,***
"POST_EFUSE_RESISTANCE","","POST_BANKA_EFUSE_RESISTANCE_UNBLOWN_BIT23",490025,"Parametric","",65,200,"ohms",96.1111,97.3889,96.62,0.533874,42.1447,19.7425,19.7425,64.547,5,5,100,0,0,0,2.42637,***
"POST_EFUSE_RESISTANCE","","POST_BANKA_EFUSE_RESISTANCE_UNBLOWN_BIT22",490026,"Parametric","",65,200,"ohms",95.4889,96.7556,96.1178,0.630577,35.6816,16.4494,16.4494,54.9138,5,5,100,0,0,0,2.42637,***
"POST_EFUSE_RESISTANCE","","POST_BANKA_EFUSE_RESISTANCE_UNBLOWN_BIT21",490027,"Parametric","",65,200,"ohms",95.4889,96.7444,95.8644,0.560885,40.1152,18.3427,18.3427,61.8876,5,5,100,0,0,0,2.42637,***
"POST_EFUSE_RESISTANCE","","POST_BANKA_EFUSE_RESISTANCE_UNBLOWN_BIT20",490028,"Parametric","",65,200,"ohms",94.8556,96.1222,95.4889,0.447836,50.2417,22.6935,22.6935,77.7898,5,5,100,0,0,0,2.42637,***
"POST_EFUSE_RESISTANCE","","POST_BANKA_EFUSE_RESISTANCE_UNBLOWN_BIT19",490029,"Parametric","",65,200,"ohms",93.5889,96.7444,95.6089,1.21334,18.5439,8.40901,8.40901,28.6788,5,5,100,0,0,0,2.42637,***
"POST_EFUSE_RESISTANCE","","POST_BANKA_EFUSE_RESISTANCE_BLOWN_BIT18",590030,"Parametric","",3500,100000,"ohms",77721.6,81688.5,80339.6,2267.63,7.09257,2.89,11.2951,2.89,3,3,100,0,0,0,2.72132,***
"POST_EFUSE_RESISTANCE","","POST_BANKA_EFUSE_RESISTANCE_UNBLOWN_BIT17",490031,"Parametric","",65,200,"ohms",96.1222,96.7556,96.5407,0.36249,62.0707,29.0038,29.0038,95.1376,3,3,100,0,0,0,2.72132,***
"POST_EFUSE_RESISTANCE","","POST_BANKA_EFUSE_RESISTANCE_UNBLOWN_BIT16",490032,"Parametric","",65,200,"ohms",95.4889,96.7444,96.1148,0.627785,35.8403,16.5209,16.5209,55.1596,3,3,100,0,0,0,2.72132,***
"POST_EFUSE_RESISTANCE","","POST_BANKA_EFUSE_RESISTANCE_UNBLOWN_BIT15",490033,"Parametric","",65,200,"ohms",95.4889,97.3889,96.3296,0.968662,23.2279,10.7811,10.7811,35.6748,3,3,100,0,0,0,2.72132,***
"POST_EFUSE_RESISTANCE","","POST_BANKA_EFUSE_RESISTANCE_BLOWN_BIT14",590034,"Parametric","",3500,100000,"ohms",77738.7,81688.5,80258.9,1749.44,9.19342,3.76142,14.6254,3.76142,5,5,100,0,0,0,2.42637,***
"POST_EFUSE_RESISTANCE","","POST_BANKA_EFUSE_RESISTANCE_BLOWN_BIT13",590035,"Parametric","",3500,100000,"ohms",77727.3,81614.5,79495.4,1967.22,8.17567,3.47437,12.877,3.47437,3,3,100,0,0,0,2.71904,***
"POST_EFUSE_RESISTANCE","","POST_BANKA_EFUSE_RESISTANCE_UNBLOWN_BIT12",490036,"Parametric","",65,200,"ohms",95.4889,96.7444,96.1148,0.627785,35.8403,16.5209,16.5209,55.1596,3,3,100,0,0,0,2.71904,***
"POST_EFUSE_RESISTANCE","","POST_BANKA_EFUSE_RESISTANCE_UNBLOWN_BIT11",490037,"Parametric","",65,200,"ohms",95.4889,96.7444,96.1167,0.887811,25.3432,11.6829,11.6829,39.0036,2,2,100,0,0,0,3.08475,***
"POST_EFUSE_RESISTANCE","","POST_BANKA_EFUSE_RESISTANCE_BLOWN_BIT10",590038,"Parametric","",3500,100000,"ohms",77733,81705.6,80262.3,1752.51,9.17731,3.75418,14.6004,3.75418,5,5,100,0,0,0,2.42637,***
"POST_EFUSE_RESISTANCE","","POST_BANKA_EFUSE_RESISTANCE_UNBLOWN_BIT9",490039,"Parametric","",65,200,"ohms",94.8556,97.3778,95.9933,1.03696,21.6981,9.9629,9.9629,33.4332,5,5,100,0,0,0,2.42637,***
"POST_EFUSE_RESISTANCE","","POST_BANKA_EFUSE_RESISTANCE_UNBLOWN_BIT8",490040,"Parametric","",65,200,"ohms",94.2222,97.3778,95.8644,1.30822,17.1989,7.86422,7.86422,26.5336,5,5,100,0,0,0,2.42637,***
"POST_EFUSE_RESISTANCE","","POST_BANKA_EFUSE_RESISTANCE_UNBLOWN_BIT7",490041,"Parametric","",65,200,"ohms",96.1111,98.0111,97.0611,1.3435,16.7473,7.95463,7.95463,25.54,2,2,100,0,0,0,3.08713,***
"POST_EFUSE_RESISTANCE","","POST_BANKA_EFUSE_RESISTANCE_UNBLOWN_BIT6",490042,"Parametric","",65,200,"ohms",96.1111,97.3778,96.6178,0.529883,42.4622,19.8898,19.8898,65.0346,5,5,100,0,0,0,2.42637,***
"POST_EFUSE_RESISTANCE","","POST_BANKA_EFUSE_RESISTANCE_BLOWN_BIT5",590043,"Parametric","",3500,100000,"ohms",77738.7,81682.8,80260,1741.54,9.2351,3.77826,14.6919,3.77826,5,5,100,0,0,0,2.42637,***
"POST_EFUSE_RESISTANCE","","POST_BANKA_EFUSE_RESISTANCE_UNBLOWN_BIT4",490044,"Parametric","",65,200,"ohms",94.2222,97.3889,95.7422,1.15051,19.5566,8.90687,8.90687,30.2064,5,5,100,0,0,0,2.42637,***
"POST_EFUSE_RESISTANCE","","POST_BANKA_EFUSE_RESISTANCE_UNBLOWN_BIT3",490045,"Parametric","",65,200,"ohms",95.4889,96.7556,95.9911,0.528589,42.5662,19.5433,19.5433,65.5891,5,5,100,0,0,0,2.42637,***
"POST_EFUSE_RESISTANCE","","POST_BANKA_EFUSE_RESISTANCE_UNBLOWN_BIT2",490046,"Parametric","",65,200,"ohms",95.4889,96.7444,96.1156,0.627782,35.8405,16.5214,16.5214,55.1595,5,5,100,0,0,0,2.42637,***
"POST_EFUSE_RESISTANCE","","POST_BANKA_EFUSE_RESISTANCE_UNBLOWN_BIT1",490047,"Parametric","",65,200,"ohms",94.8556,97.3778,96.1156,0.996123,22.5876,10.4122,10.4122,34.7629,5,5,100,0,0,0,2.42637,***
"POST_EFUSE_RESISTANCE","","POST_BANKA_EFUSE_RESISTANCE_UNBLOWN_BIT0",490048,"Parametric","",65,200,"ohms",96.1222,96.7444,96.537,0.359241,62.6321,29.2627,29.2627,96.0016,3,3,100,0,0,0,2.71904,***
"POST_EFUSE_RESISTANCE","","POST_BANKB_EFUSE_RESISTANCE_UNBLOWN_BIT47",490049,"Parametric","",65,200,"ohms",96.1111,96.1111,96.1111,0,***,***,***,***,1,1,100,0,0,0,4.17982,***
"POST_EFUSE_RESISTANCE","","POST_BANKB_EFUSE_RESISTANCE_UNBLOWN_BIT46",490050,"Parametric","",65,200,"ohms",96.7444,96.7444,96.7444,0,***,***,***,***,1,1,100,0,0,0,4.17982,***
"POST_EFUSE_RESISTANCE","","POST_BANKB_EFUSE_RESISTANCE_UNBLOWN_BIT45",490051,"Parametric","",65,200,"ohms",94.8556,94.8556,94.8556,0,***,***,***,***,1,1,100,0,0,0,4.17982,***
"POST_EFUSE_RESISTANCE","","POST_BANKB_EFUSE_RESISTANCE_UNBLOWN_BIT44",490052,"Parametric","",65,200,"ohms",95.4889,98.0111,96.7481,1.26111,17.8414,8.39157,8.39157,27.2912,3,3,100,0,0,0,2.72132,***
"POST_EFUSE_RESISTANCE","","POST_BANKB_EFUSE_RESISTANCE_UNBLOWN_BIT43",490053,"Parametric","",65,200,"ohms",94.8556,95.4889,95.2778,0.365658,61.5328,27.6012,27.6012,95.4645,3,3,100,0,0,0,2.71591,***
"POST_EFUSE_RESISTANCE","","POST_BANKB_EFUSE_RESISTANCE_BLOWN_BIT42",590054,"Parametric","",3500,100000,"ohms",77750.1,81699.9,80271.4,1746.05,9.21126,3.76633,14.6562,3.76633,5,5,100,0,0,0,2.42637,***
"POST_EFUSE_RESISTANCE","","POST_BANKB_EFUSE_RESISTANCE_BLOWN_BIT41",590055,"Parametric","",3500,100000,"ohms",77733,81699.9,80264.5,1749.33,9.19402,3.76059,14.6275,3.76059,5,5,100,0,0,0,2.42637,***
"POST_EFUSE_RESISTANCE","","POST_BANKB_EFUSE_RESISTANCE_BLOWN_BIT40",590056,"Parametric","",3500,100000,"ohms",77750.1,79144.5,78447.3,985.989,16.3119,7.28632,25.3374,7.28632,2,2,100,0,0,0,3.08372,***
"POST_EFUSE_RESISTANCE","","POST_BANKB_EFUSE_RESISTANCE_UNBLOWN_BIT39",490057,"Parametric","",65,200,"ohms",94.8556,97.3778,95.8,1.20694,18.6421,8.50634,8.50634,28.7779,4,4,100,0,0,0,2.53435,***
"POST_EFUSE_RESISTANCE","","POST_BANKB_EFUSE_RESISTANCE_UNBLOWN_BIT38",490058,"Parametric","",65,200,"ohms",94.8556,98.0111,96.3259,1.58871,14.1625,6.57262,6.57262,21.7523,3,3,100,0,0,0,2.72063,***
"POST_EFUSE_RESISTANCE","","POST_BANKB_EFUSE_RESISTANCE_BLOWN_BIT37",590059,"Parametric","",3500,100000,"ohms",77755.8,81699.9,80355.6,1673.64,9.60982,3.91252,15.3071,3.91252,5,5,100,0,0,0,2.42637,***
"POST_EFUSE_RESISTANCE","","POST_BANKB_EFUSE_RESISTANCE_BLOWN_BIT36",590060,"Parametric","",3500,100000,"ohms",77738.7,81597.4,79894.3,1780.53,9.0329,3.76399,14.3018,3.76399,4,4,100,0,0,0,2.53435,***
"POST_EFUSE_RESISTANCE","","POST_BANKB_EFUSE_RESISTANCE_UNBLOWN_BIT35",490061,"Parametric","",65,200,"ohms",94.8556,97.3778,96.1167,1.0297,21.8509,10.073,10.073,33.6289,4,4,100,0,0,0,2.53435,***
"POST_EFUSE_RESISTANCE","","POST_BANKB_EFUSE_RESISTANCE_UNBLOWN_BIT34",490062,"Parametric","",65,200,"ohms",94.8556,96.7444,95.6444,0.79178,28.417,12.9011,12.9011,43.9329,4,4,100,0,0,0,2.53435,***
"POST_EFUSE_RESISTANCE","","POST_BANKB_EFUSE_RESISTANCE_UNBLOWN_BIT33",490063,"Parametric","",65,200,"ohms",94.8556,96.7444,95.8028,0.813335,27.6639,12.6241,12.6241,42.7037,4,4,100,0,0,0,2.53435,***
"POST_EFUSE_RESISTANCE","","POST_BANKB_EFUSE_RESISTANCE_UNBLOWN_BIT32",490064,"Parametric","",65,200,"ohms",95.4889,96.1111,95.6963,0.359241,62.6321,28.4826,28.4826,96.7817,3,3,100,0,0,0,2.71591,***
"POST_EFUSE_RESISTANCE","","POST_BANKB_EFUSE_RESISTANCE_BLOWN_BIT31",590065,"Parametric","",3500,100000,"ohms",77744.4,81085.3,79414.8,2362.37,6.80813,2.90459,10.7117,2.90459,2,2,100,0,0,0,3.08005,***
"POST_EFUSE_RESISTANCE","","POST_BANKB_EFUSE_RESISTANCE_BLOWN_BIT30",590066,"Parametric","",3500,100000,"ohms",77755.7,81694.2,80265.7,1746.72,9.20772,3.76598,14.6495,3.76598,5,5,100,0,0,0,2.42637,***
"POST_EFUSE_RESISTANCE","","POST_BANKB_EFUSE_RESISTANCE_UNBLOWN_BIT29",490067,"Parametric","",65,200,"ohms",94.8667,96.1111,95.8,0.622223,36.1607,16.5,16.5,55.8214,4,4,100,0,0,0,2.53606,***
"POST_EFUSE_RESISTANCE","","POST_BANKB_EFUSE_RESISTANCE_UNBLOWN_BIT28",490068,"Parametric","",65,200,"ohms",95.4889,98.0111,96.2467,1.03594,21.7194,10.0542,10.0542,33.3847,5,5,100,0,0,0,2.42637,***
"POST_EFUSE_RESISTANCE","","POST_BANKB_EFUSE_RESISTANCE_BLOWN_BIT27",590069,"Parametric","",3500,100000,"ohms",77727.3,81688.5,80256.6,1747.93,9.20138,3.76512,14.6377,3.76512,5,5,100,0,0,0,2.42637,***
"POST_EFUSE_RESISTANCE","","POST_BANKB_EFUSE_RESISTANCE_BLOWN_BIT26",590070,"Parametric","",3500,100000,"ohms",77733,81682.8,80257.7,1744.25,9.2208,3.77284,14.6688,3.77284,5,5,100,0,0,0,2.42637,***
"POST_EFUSE_RESISTANCE","","POST_BANKB_EFUSE_RESISTANCE_UNBLOWN_BIT25",490071,"Parametric","",65,200,"ohms",95.4889,97.3889,96.2444,0.69482,32.3825,14.9892,14.9892,49.7758,5,5,100,0,0,0,2.42637,***
"POST_EFUSE_RESISTANCE","","POST_BANKB_EFUSE_RESISTANCE_BLOWN_BIT24",590072,"Parametric","",3500,100000,"ohms",77733,81682.8,79522,2000.97,8.03775,3.41134,12.6642,3.41134,3,3,100,0,0,0,2.72063,***
"POST_EFUSE_RESISTANCE","","POST_BANKB_EFUSE_RESISTANCE_UNBLOWN_BIT23",490073,"Parametric","",65,200,"ohms",95.4889,98.0111,96.6222,1.29307,17.4005,8.15172,8.15172,26.6492,5,5,100,0,0,0,2.42637,***
"POST_EFUSE_RESISTANCE","","POST_BANKB_EFUSE_RESISTANCE_UNBLOWN_BIT22",490074,"Parametric","",65,200,"ohms",95.4889,96.7444,96.3667,0.562127,40.0265,18.6,18.6,61.4531,5,5,100,0,0,0,2.42637,***
"POST_EFUSE_RESISTANCE","","POST_BANKB_EFUSE_RESISTANCE_UNBLOWN_BIT21",490075,"Parametric","",65,200,"ohms",94.8556,96.7444,96.1133,0.77114,29.1776,13.4491,13.4491,44.9061,5,5,100,0,0,0,2.42637,***
"POST_EFUSE_RESISTANCE","","POST_BANKB_EFUSE_RESISTANCE_UNBLOWN_BIT20",490076,"Parametric","",65,200,"ohms",94.8556,97.3778,95.74,1.05215,21.3849,9.73882,9.73882,33.0309,5,5,100,0,0,0,2.42637,***
"POST_EFUSE_RESISTANCE","","POST_BANKB_EFUSE_RESISTANCE_UNBLOWN_BIT19",490077,"Parametric","",65,200,"ohms",94.8556,96.7444,95.7378,0.716758,31.3913,14.2948,14.2948,48.4878,5,5,100,0,0,0,2.42637,***
"POST_EFUSE_RESISTANCE","","POST_BANKB_EFUSE_RESISTANCE_BLOWN_BIT18",590078,"Parametric","",3500,100000,"ohms",77744.4,81711.3,80356.7,2262.86,7.10751,2.89357,11.3215,2.89357,3,3,100,0,0,0,2.72132,***
"POST_EFUSE_RESISTANCE","","POST_BANKB_EFUSE_RESISTANCE_UNBLOWN_BIT17",490079,"Parametric","",65,200,"ohms",95.4889,96.7444,96.1148,0.627785,35.8403,16.5209,16.5209,55.1596,3,3,100,0,0,0,2.72132,***
"POST_EFUSE_RESISTANCE","","POST_BANKB_EFUSE_RESISTANCE_UNBLOWN_BIT16",490080,"Parametric","",65,200,"ohms",95.4889,97.3778,96.537,0.961372,23.4041,10.9347,10.9347,35.8734,3,3,100,0,0,0,2.72132,***
"POST_EFUSE_RESISTANCE","","POST_BANKB_EFUSE_RESISTANCE_UNBLOWN_BIT15",490081,"Parametric","",65,200,"ohms",95.4889,96.7444,96.3259,0.724895,31.039,14.4048,14.4048,47.6732,3,3,100,0,0,0,2.72132,***
"POST_EFUSE_RESISTANCE","","POST_BANKB_EFUSE_RESISTANCE_BLOWN_BIT14",590082,"Parametric","",3500,100000,"ohms",77750.1,81688.5,80261.1,1742.16,9.23181,3.77669,14.6869,3.77669,5,5,100,0,0,0,2.42637,***
"POST_EFUSE_RESISTANCE","","POST_BANKB_EFUSE_RESISTANCE_BLOWN_BIT13",590083,"Parametric","",3500,100000,"ohms",77727.3,81614.5,79497.3,1966.71,8.17777,3.47495,12.8806,3.47495,3,3,100,0,0,0,2.71904,***
"POST_EFUSE_RESISTANCE","","POST_BANKB_EFUSE_RESISTANCE_UNBLOWN_BIT12",490084,"Parametric","",65,200,"ohms",94.8556,98.0222,96.3296,1.5946,14.1101,6.54909,6.54909,21.6711,3,3,100,0,0,0,2.71904,***
"POST_EFUSE_RESISTANCE","","POST_BANKB_EFUSE_RESISTANCE_UNBLOWN_BIT11",490085,"Parametric","",65,200,"ohms",94.8556,95.4889,95.1722,0.447838,50.2414,22.4577,22.4577,78.025,2,2,100,0,0,0,3.08475,***
"POST_EFUSE_RESISTANCE","","POST_BANKB_EFUSE_RESISTANCE_BLOWN_BIT10",590086,"Parametric","",3500,100000,"ohms",77733,81682.8,80260,1745.16,9.21597,3.77043,14.6615,3.77043,5,5,100,0,0,0,2.42637,***
"POST_EFUSE_RESISTANCE","","POST_BANKB_EFUSE_RESISTANCE_UNBLOWN_BIT9",490087,"Parametric","",65,200,"ohms",95.4889,96.7444,96.2422,0.687695,32.718,15.1434,15.1434,50.2925,5,5,100,0,0,0,2.42637,***
"POST_EFUSE_RESISTANCE","","POST_BANKB_EFUSE_RESISTANCE_UNBLOWN_BIT8",490088,"Parametric","",65,200,"ohms",92.9556,96.7444,95.7333,1.58478,14.1975,6.46425,6.46425,21.9308,5,5,100,0,0,0,2.42637,***
"POST_EFUSE_RESISTANCE","","POST_BANKB_EFUSE_RESISTANCE_UNBLOWN_BIT7",490089,"Parametric","",65,200,"ohms",96.1111,96.7444,96.4278,0.447833,50.242,23.3925,23.3925,77.0914,2,2,100,0,0,0,3.08713,***
"POST_EFUSE_RESISTANCE","","POST_BANKB_EFUSE_RESISTANCE_UNBLOWN_BIT6",490090,"Parametric","",65,200,"ohms",95.4889,96.1222,95.9889,0.27955,80.4865,36.9509,36.9509,124.022,5,5,100,0,0,0,2.42637,***
"POST_EFUSE_RESISTANCE","","POST_BANKB_EFUSE_RESISTANCE_BLOWN_BIT5",590091,"Parametric","",3500,100000,"ohms",77750.1,81699.9,80265.7,1742.26,9.2313,3.77561,14.687,3.77561,5,5,100,0,0,0,2.42637,***
"POST_EFUSE_RESISTANCE","","POST_BANKB_EFUSE_RESISTANCE_UNBLOWN_BIT4",490092,"Parametric","",65,200,"ohms",94.2222,96.7444,95.6089,1.03493,21.7406,9.85861,9.85861,33.6226,5,5,100,0,0,0,2.42637,***
"POST_EFUSE_RESISTANCE","","POST_BANKB_EFUSE_RESISTANCE_UNBLOWN_BIT3",490093,"Parametric","",65,200,"ohms",94.8556,98.6444,96.4956,1.38352,16.2629,7.58829,7.58829,24.9375,5,5,100,0,0,0,2.42637,***
"POST_EFUSE_RESISTANCE","","POST_BANKB_EFUSE_RESISTANCE_UNBLOWN_BIT2",490094,"Parametric","",65,200,"ohms",95.4889,96.7444,96.1133,0.443916,50.6853,23.3628,23.3628,78.0078,5,5,100,0,0,0,2.42637,***
"POST_EFUSE_RESISTANCE","","POST_BANKB_EFUSE_RESISTANCE_UNBLOWN_BIT1",490095,"Parametric","",65,200,"ohms",95.4889,97.3778,96.1178,0.889776,25.2873,11.6575,11.6575,38.917,5,5,100,0,0,0,2.42637,***
"POST_EFUSE_RESISTANCE","","POST_BANKB_EFUSE_RESISTANCE_UNBLOWN_BIT0",490096,"Parametric","",65,200,"ohms",96.1111,97.3778,96.7444,0.633331,35.5264,16.7077,16.7077,54.3452,3,3,100,0,0,0,2.71904,***
"EFUSE_PARITY_DURING_READ","","OFF_PAD_1p8V_bit_0",780010,"Parametric","",1,2,"V",1.80037,1.86395,1.84111,0.0256169,6.50611,2.06748,10.9447,2.06748,5,5,100,0,0,0,1.39625,***
"EFUSE_PARITY_DURING_READ","","OFF_PAD_0V_EN_bit_0",780490,"Parametric","",0,0.5,"V",0.000885,0.000999,0.0009534,4.76896e-05,1747.41,6.66392,6.66392,3488.15,5,5,100,0,0,0,1.39625,***
"EFUSE_PARITY_DURING_READ","","OFF_PAD_1p8V_bit_1",780020,"Parametric","",1,2,"V",1.48409,1.53566,1.51758,0.0207295,8.04007,7.75732,8.32282,7.75732,5,5,100,0,0,0,1.39625,***
"EFUSE_PARITY_DURING_READ","","OFF_PAD_0V_EN_bit_1",780500,"Parametric","",0,0.5,"V",0.000885,0.000999,0.000942,4.03051e-05,2067.56,7.79058,7.79058,4127.33,5,5,100,0,0,0,1.39625,***
"EFUSE_PARITY_DURING_READ","","OFF_PAD_1p8V_bit_2",780030,"Parametric","",1,2,"V",1.64215,1.69992,1.67919,0.0231661,7.19443,4.6161,9.77276,4.6161,5,5,100,0,0,0,1.39625,***
"EFUSE_PARITY_DURING_READ","","OFF_PAD_0V_EN_bit_2",780510,"Parametric","",0,0.5,"V",0.000885,0.000942,0.0009306,2.54912e-05,3269.1,12.1689,12.1689,6526.04,5,5,100,0,0,0,1.39625,***
"EFUSE_PARITY_DURING_READ","","OFF_PAD_1p8V_bit_3",780040,"Parametric","",1,2,"V",1.72058,1.78125,1.75934,0.0242879,6.86212,3.30291,10.4213,3.30291,5,5,100,0,0,0,1.39625,***
"EFUSE_PARITY_DURING_READ","","OFF_PAD_0V_EN_bit_3",780520,"Parametric","",0,0.5,"V",0.000885,0.000999,0.0009192,5.09824e-05,1634.55,6.00992,6.00992,3263.09,5,5,100,0,0,0,1.39625,***
"EFUSE_PARITY_DURING_READ","","OFF_PAD_1p8V_bit_4",780050,"Parametric","",1,2,"V",1.75934,1.82132,1.79883,0.0248264,6.71329,2.70109,10.7255,2.70109,5,5,100,0,0,0,1.39625,***
"EFUSE_PARITY_DURING_READ","","OFF_PAD_0V_EN_bit_4",780530,"Parametric","",0,0.5,"V",0.000828,0.000942,0.0008964,4.76896e-05,1747.41,6.26551,6.26551,3488.55,5,5,100,0,0,0,1.39625,***
"EFUSE_PARITY_DURING_READ","","OFF_PAD_1p8V_bit_5",780060,"Parametric","",1,2,"V",1.77869,1.84124,1.81855,0.0250907,6.64255,2.41056,10.8745,2.41056,5,5,100,0,0,0,1.39625,***
"EFUSE_PARITY_DURING_READ","","OFF_PAD_0V_EN_bit_5",780540,"Parametric","",0,0.5,"V",0.000828,0.000942,0.0008964,4.76896e-05,1747.41,6.26551,6.26551,3488.55,5,5,100,0,0,0,1.39625,***
"EFUSE_PARITY_DURING_READ","","OFF_PAD_1p8V_bit_6",780070,"Parametric","",1,2,"V",1.77863,1.84118,1.81859,0.0251517,6.62647,2.40427,10.8487,2.40427,5,5,100,0,0,0,1.39625,***
"EFUSE_PARITY_DURING_READ","","OFF_PAD_0V_EN_bit_6",780550,"Parametric","",0,0.5,"V",0.000828,0.000942,0.0008964,4.76896e-05,1747.41,6.26551,6.26551,3488.55,5,5,100,0,0,0,1.39625,***
"EFUSE_PARITY_DURING_READ","","OFF_PAD_1p8V_bit_7",780080,"Parametric","",1,2,"V",1.77863,1.84147,1.81865,0.0252067,6.61199,2.39811,10.8259,2.39811,5,5,100,0,0,0,1.39625,***
"EFUSE_PARITY_DURING_READ","","OFF_PAD_0V_EN_bit_7",780560,"Parametric","",0,0.5,"V",0.000885,0.000942,0.0009078,3.12202e-05,2669.21,9.69244,9.69244,5328.73,5,5,100,0,0,0,1.39625,***
"EFUSE_PARITY_DURING_READ","","OFF_PAD_1p8V_bit_8",780090,"Parametric","",1,2,"V",1.77857,1.84135,1.81848,0.025121,6.63455,2.40856,10.8605,2.40856,5,5,100,0,0,0,1.39625,***
"EFUSE_PARITY_DURING_READ","","OFF_PAD_0V_EN_bit_8",780570,"Parametric","",0,0.5,"V",0.000885,0.000999,0.0009306,4.76896e-05,1747.41,6.50456,6.50456,3488.31,5,5,100,0,0,0,1.39625,***
"EFUSE_PARITY_DURING_READ","","OFF_PAD_1p8V_bit_9",780100,"Parametric","",1,2,"V",1.77857,1.84175,1.81863,0.0252635,6.59713,2.39303,10.8012,2.39303,5,5,100,0,0,0,1.39625,***
"EFUSE_PARITY_DURING_READ","","OFF_PAD_0V_EN_bit_9",780580,"Parametric","",0,0.5,"V",0.000885,0.000999,0.0009306,4.76896e-05,1747.41,6.50456,6.50456,3488.31,5,5,100,0,0,0,1.39625,***
"EFUSE_PARITY_DURING_READ","","OFF_PAD_1p8V_bit_10",780110,"Parametric","",1,2,"V",1.77857,1.84181,1.81864,0.0252921,6.58969,2.39018,10.7892,2.39018,5,5,100,0,0,0,1.39625,***
"EFUSE_PARITY_DURING_READ","","OFF_PAD_0V_EN_bit_10",780590,"Parametric","",0,0.5,"V",0.000828,0.000999,0.0009078,6.499e-05,1282.25,4.6561,4.6561,2559.84,5,5,100,0,0,0,1.39625,***
"EFUSE_PARITY_DURING_READ","","OFF_PAD_1p8V_bit_11",780120,"Parametric","",1,2,"V",1.77835,1.84169,1.81856,0.0253545,6.57346,2.38534,10.7616,2.38534,5,5,100,0,0,0,1.39625,***
"EFUSE_PARITY_DURING_READ","","OFF_PAD_0V_EN_bit_11",780600,"Parametric","",0,0.5,"V",0.000885,0.000885,0.000885,0,***,***,***,***,5,5,100,0,0,0,1.39625,***
"EFUSE_PARITY_DURING_READ","","OFF_PAD_1p8V_bit_12",780130,"Parametric","",1,2,"V",1.77863,1.84158,1.81862,0.0251816,6.61858,2.40096,10.8362,2.40096,5,5,100,0,0,0,1.39625,***
"EFUSE_PARITY_DURING_READ","","OFF_PAD_0V_EN_bit_12",780610,"Parametric","",0,0.5,"V",0.000885,0.000942,0.0009078,3.12202e-05,2669.21,9.69244,9.69244,5328.73,5,5,100,0,0,0,1.39625,***
"EFUSE_PARITY_DURING_READ","","OFF_PAD_1p8V_bit_13",780140,"Parametric","",1,2,"V",1.7788,1.84141,1.81865,0.0251472,6.62764,2.40379,10.8515,2.40379,5,5,100,0,0,0,1.39625,***
"EFUSE_PARITY_DURING_READ","","OFF_PAD_0V_EN_bit_13",780620,"Parametric","",0,0.5,"V",0.000828,0.000999,0.0009192,7.64735e-05,1089.7,4.00661,4.00661,2175.4,5,5,100,0,0,0,1.39625,***
"EFUSE_PARITY_DURING_READ","","OFF_PAD_1p8V_bit_14",780150,"Parametric","",1,2,"V",1.7788,1.84135,1.81862,0.0250726,6.64737,2.4114,10.8833,2.4114,5,5,100,0,0,0,1.39625,***
"EFUSE_PARITY_DURING_READ","","OFF_PAD_0V_EN_bit_14",780630,"Parametric","",0,0.5,"V",0.000885,0.000942,0.0008964,2.54912e-05,3269.1,11.7217,11.7217,6526.49,5,5,100,0,0,0,1.39625,***
"EFUSE_PARITY_DURING_READ","","OFF_PAD_1p8V_bit_15",780160,"Parametric","",1,2,"V",1.77886,1.84175,1.81872,0.0251116,6.63703,2.40629,10.8678,2.40629,5,5,100,0,0,0,1.39625,***
"EFUSE_PARITY_DURING_READ","","OFF_PAD_0V_EN_bit_15",780640,"Parametric","",0,0.5,"V",0.000828,0.000942,0.0008964,4.76896e-05,1747.41,6.26551,6.26551,3488.55,5,5,100,0,0,0,1.39625,***
"EFUSE_PARITY_DURING_READ","","OFF_PAD_1p8V_bit_16",780170,"Parametric","",1,2,"V",1.77869,1.84112,1.81852,0.0250478,6.65394,2.41514,10.8927,2.41514,5,5,100,0,0,0,1.39625,***
"EFUSE_PARITY_DURING_READ","","OFF_PAD_0V_EN_bit_16",780650,"Parametric","",0,0.5,"V",0.000885,0.000942,0.0008964,2.54912e-05,3269.1,11.7217,11.7217,6526.49,5,5,100,0,0,0,1.39625,***
"EFUSE_PARITY_DURING_READ","","OFF_PAD_1p8V_bit_17",780180,"Parametric","",1,2,"V",1.77869,1.84198,1.81871,0.0252439,6.60225,2.39383,10.8107,2.39383,5,5,100,0,0,0,1.39625,***
"EFUSE_PARITY_DURING_READ","","OFF_PAD_0V_EN_bit_17",780660,"Parametric","",0,0.5,"V",0.000885,0.000999,0.0009192,5.09824e-05,1634.55,6.00992,6.00992,3263.09,5,5,100,0,0,0,1.39625,***
"EFUSE_PARITY_DURING_READ","","OFF_PAD_1p8V_bit_18",780190,"Parametric","",1,2,"V",1.77886,1.84158,1.81869,0.0251233,6.63396,2.40563,10.8623,2.40563,5,5,100,0,0,0,1.39625,***
"EFUSE_PARITY_DURING_READ","","OFF_PAD_0V_EN_bit_18",780670,"Parametric","",0,0.5,"V",0.000885,0.000999,0.0009192,5.09824e-05,1634.55,6.00992,6.00992,3263.09,5,5,100,0,0,0,1.39625,***
"EFUSE_PARITY_DURING_READ","","OFF_PAD_1p8V_bit_19",780200,"Parametric","",1,2,"V",1.77892,1.84175,1.81869,0.025078,6.64593,2.40997,10.8819,2.40997,5,5,100,0,0,0,1.39625,***
"EFUSE_PARITY_DURING_READ","","OFF_PAD_0V_EN_bit_19",780680,"Parametric","",0,0.5,"V",0.000885,0.000942,0.0009192,3.12202e-05,2669.21,9.81416,9.81416,5328.61,5,5,100,0,0,0,1.39625,***
"EFUSE_PARITY_DURING_READ","","OFF_PAD_1p8V_bit_20",780210,"Parametric","",1,2,"V",1.7788,1.84186,1.81867,0.0251568,6.6251,2.40272,10.8475,2.40272,5,5,100,0,0,0,1.39625,***
"EFUSE_PARITY_DURING_READ","","OFF_PAD_0V_EN_bit_20",780690,"Parametric","",0,0.5,"V",0.000885,0.000942,0.0009078,3.12202e-05,2669.21,9.69244,9.69244,5328.73,5,5,100,0,0,0,1.39625,***
"EFUSE_PARITY_DURING_READ","","OFF_PAD_1p8V_bit_21",780220,"Parametric","",1,2,"V",1.77863,1.84181,1.81862,0.0252138,6.61014,2.39789,10.8224,2.39789,5,5,100,0,0,0,1.39625,***
"EFUSE_PARITY_DURING_READ","","OFF_PAD_0V_EN_bit_21",780700,"Parametric","",0,0.5,"V",0.000828,0.000942,0.0009078,5.09824e-05,1634.55,5.93539,5.93539,3263.17,5,5,100,0,0,0,1.39625,***
"EFUSE_PARITY_DURING_READ","","OFF_PAD_1p8V_bit_22",780230,"Parametric","",1,2,"V",1.77875,1.84181,1.81863,0.0251407,6.62937,2.40472,10.854,2.40472,5,5,100,0,0,0,1.39625,***
"EFUSE_PARITY_DURING_READ","","OFF_PAD_0V_EN_bit_22",780710,"Parametric","",0,0.5,"V",0.000828,0.000999,0.0009078,7.64735e-05,1089.7,3.95692,3.95692,2175.45,5,5,100,0,0,0,1.39625,***
"EFUSE_PARITY_DURING_READ","","OFF_PAD_1p8V_bit_23",780240,"Parametric","",1,2,"V",1.77869,1.84186,1.81865,0.0252524,6.60004,2.39378,10.8063,2.39378,5,5,100,0,0,0,1.39625,***
"EFUSE_PARITY_DURING_READ","","OFF_PAD_0V_EN_bit_23",780720,"Parametric","",0,0.5,"V",0.000828,0.000999,0.0009078,7.64735e-05,1089.7,3.95692,3.95692,2175.45,5,5,100,0,0,0,1.39625,***
"EFUSE_PARITY_DURING_READ","","OFF_PAD_1p8V_bit_24",780250,"Parametric","",1,2,"V",1.77869,1.84175,1.8187,0.0252142,6.61003,2.3968,10.8233,2.3968,5,5,100,0,0,0,1.39625,***
"EFUSE_PARITY_DURING_READ","","OFF_PAD_0V_EN_bit_24",780730,"Parametric","",0,0.5,"V",0.000885,0.000942,0.0009078,3.12202e-05,2669.21,9.69244,9.69244,5328.73,5,5,100,0,0,0,1.39625,***
"EFUSE_PARITY_DURING_READ","","OFF_PAD_1p8V_bit_25",780260,"Parametric","",1,2,"V",1.77852,1.84164,1.81854,0.0252318,6.60542,2.39724,10.8136,2.39724,5,5,100,0,0,0,1.39625,***
"EFUSE_PARITY_DURING_READ","","OFF_PAD_0V_EN_bit_25",780740,"Parametric","",0,0.5,"V",0.000885,0.000942,0.0008964,2.54912e-05,3269.1,11.7217,11.7217,6526.49,5,5,100,0,0,0,1.39625,***
"EFUSE_PARITY_DURING_READ","","OFF_PAD_1p8V_bit_26",780270,"Parametric","",1,2,"V",1.77869,1.84124,1.8186,0.0251026,6.63942,2.40882,10.87,2.40882,5,5,100,0,0,0,1.39625,***
"EFUSE_PARITY_DURING_READ","","OFF_PAD_0V_EN_bit_26",780750,"Parametric","",0,0.5,"V",0.000885,0.000942,0.0008964,2.54912e-05,3269.1,11.7217,11.7217,6526.49,5,5,100,0,0,0,1.39625,***
"EFUSE_PARITY_DURING_READ","","OFF_PAD_1p8V_bit_27",780280,"Parametric","",1,2,"V",1.77892,1.84141,1.81864,0.025106,6.63853,2.40789,10.8692,2.40789,5,5,100,0,0,0,1.39625,***
"EFUSE_PARITY_DURING_READ","","OFF_PAD_0V_EN_bit_27",780760,"Parametric","",0,0.5,"V",0.000885,0.000942,0.0009078,3.12202e-05,2669.21,9.69244,9.69244,5328.73,5,5,100,0,0,0,1.39625,***
"EFUSE_PARITY_DURING_READ","","OFF_PAD_1p8V_bit_28",780290,"Parametric","",1,2,"V",1.7788,1.84181,1.8187,0.0251946,6.61518,2.39867,10.8317,2.39867,5,5,100,0,0,0,1.39625,***
"EFUSE_PARITY_DURING_READ","","OFF_PAD_0V_EN_bit_28",780770,"Parametric","",0,0.5,"V",0.000828,0.000942,0.0008964,4.76896e-05,1747.41,6.26551,6.26551,3488.55,5,5,100,0,0,0,1.39625,***
"EFUSE_PARITY_DURING_READ","","OFF_PAD_1p8V_bit_29",780300,"Parametric","",1,2,"V",1.77846,1.84158,1.81862,0.0252763,6.5938,2.39197,10.7956,2.39197,5,5,100,0,0,0,1.39625,***
"EFUSE_PARITY_DURING_READ","","OFF_PAD_0V_EN_bit_29",780780,"Parametric","",0,0.5,"V",0.000885,0.000942,0.0009306,2.54912e-05,3269.1,12.1689,12.1689,6526.04,5,5,100,0,0,0,1.39625,***
"EFUSE_PARITY_DURING_READ","","OFF_PAD_1p8V_bit_30",780310,"Parametric","",1,2,"V",1.77863,1.84186,1.81879,0.0252793,6.593,2.38943,10.7966,2.38943,5,5,100,0,0,0,1.39625,***
"EFUSE_PARITY_DURING_READ","","OFF_PAD_0V_EN_bit_30",780790,"Parametric","",0,0.5,"V",0.000828,0.000942,0.0008964,4.76896e-05,1747.41,6.26551,6.26551,3488.55,5,5,100,0,0,0,1.39625,***
"EFUSE_PARITY_DURING_READ","","OFF_PAD_1p8V_bit_31",780320,"Parametric","",1,2,"V",1.77869,1.84164,1.81871,0.0251956,6.61491,2.39842,10.8314,2.39842,5,5,100,0,0,0,1.39625,***
"EFUSE_PARITY_DURING_READ","","OFF_PAD_0V_EN_bit_31",780800,"Parametric","",0,0.5,"V",0.000885,0.000942,0.0009078,3.12202e-05,2669.21,9.69244,9.69244,5328.73,5,5,100,0,0,0,1.39625,***
"EFUSE_PARITY_DURING_READ","","OFF_PAD_1p8V_bit_32",780330,"Parametric","",1,2,"V",1.77869,1.84158,1.81873,0.0252368,6.60411,2.39421,10.814,2.39421,5,5,100,0,0,0,1.39625,***
"EFUSE_PARITY_DURING_READ","","OFF_PAD_0V_EN_bit_32",780810,"Parametric","",0,0.5,"V",0.000828,0.000942,0.0008964,4.76896e-05,1747.41,6.26551,6.26551,3488.55,5,5,100,0,0,0,1.39625,***
"EFUSE_PARITY_DURING_READ","","OFF_PAD_1p8V_bit_33",780340,"Parametric","",1,2,"V",1.77852,1.84147,1.81862,0.0252436,6.60233,2.39506,10.8096,2.39506,5,5,100,0,0,0,1.39625,***
"EFUSE_PARITY_DURING_READ","","OFF_PAD_0V_EN_bit_33",780820,"Parametric","",0,0.5,"V",0.000885,0.000942,0.0009078,3.12202e-05,2669.21,9.69244,9.69244,5328.73,5,5,100,0,0,0,1.39625,***
"EFUSE_PARITY_DURING_READ","","OFF_PAD_1p8V_bit_34",780350,"Parametric","",1,2,"V",1.77869,1.84124,1.81854,0.0251542,6.62579,2.40463,10.847,2.40463,5,5,100,0,0,0,1.39625,***
"EFUSE_PARITY_DURING_READ","","OFF_PAD_0V_EN_bit_34",780830,"Parametric","",0,0.5,"V",0.000885,0.000999,0.0009192,5.09824e-05,1634.55,6.00992,6.00992,3263.09,5,5,100,0,0,0,1.39625,***
"EFUSE_PARITY_DURING_READ","","OFF_PAD_1p8V_bit_35",780360,"Parametric","",1,2,"V",1.77869,1.8413,1.81855,0.025091,6.64248,2.41053,10.8744,2.41053,5,5,100,0,0,0,1.39625,***
"EFUSE_PARITY_DURING_READ","","OFF_PAD_0V_EN_bit_35",780840,"Parametric","",0,0.5,"V",0.000885,0.000942,0.0009192,3.12202e-05,2669.21,9.81416,9.81416,5328.61,5,5,100,0,0,0,1.39625,***
"EFUSE_PARITY_DURING_READ","","OFF_PAD_1p8V_bit_36",780370,"Parametric","",1,2,"V",1.77857,1.84112,1.81852,0.025077,6.64619,2.41234,10.88,2.41234,5,5,100,0,0,0,1.39625,***
"EFUSE_PARITY_DURING_READ","","OFF_PAD_0V_EN_bit_36",780850,"Parametric","",0,0.5,"V",0.000885,0.000942,0.0008964,2.54912e-05,3269.1,11.7217,11.7217,6526.49,5,5,100,0,0,0,1.39625,***
"EFUSE_PARITY_DURING_READ","","OFF_PAD_1p8V_bit_37",780380,"Parametric","",1,2,"V",1.77863,1.84135,1.81861,0.0251222,6.63423,2.40678,10.8617,2.40678,5,5,100,0,0,0,1.39625,***
"EFUSE_PARITY_DURING_READ","","OFF_PAD_0V_EN_bit_37",780860,"Parametric","",0,0.5,"V",0.000828,0.000942,0.0008964,4.76896e-05,1747.41,6.26551,6.26551,3488.55,5,5,100,0,0,0,1.39625,***
"EFUSE_PARITY_DURING_READ","","OFF_PAD_1p8V_bit_38",780390,"Parametric","",1,2,"V",1.77852,1.84124,1.81849,0.0251419,6.62905,2.40642,10.8517,2.40642,5,5,100,0,0,0,1.39625,***
"EFUSE_PARITY_DURING_READ","","OFF_PAD_0V_EN_bit_38",780870,"Parametric","",0,0.5,"V",0.000885,0.000942,0.0008964,2.54912e-05,3269.1,11.7217,11.7217,6526.49,5,5,100,0,0,0,1.39625,***
"EFUSE_PARITY_DURING_READ","","OFF_PAD_1p8V_bit_39",780400,"Parametric","",1,2,"V",1.77863,1.8413,1.8186,0.02518,6.619,2.40141,10.8366,2.40141,5,5,100,0,0,0,1.39625,***
"EFUSE_PARITY_DURING_READ","","OFF_PAD_0V_EN_bit_39",780880,"Parametric","",0,0.5,"V",0.000885,0.000942,0.0009078,3.12202e-05,2669.21,9.69244,9.69244,5328.73,5,5,100,0,0,0,1.39625,***
"EFUSE_PARITY_DURING_READ","","OFF_PAD_1p8V_bit_40",780410,"Parametric","",1,2,"V",1.77852,1.84135,1.8186,0.02522,6.60852,2.39761,10.8194,2.39761,5,5,100,0,0,0,1.39625,***
"EFUSE_PARITY_DURING_READ","","OFF_PAD_0V_EN_bit_40",780890,"Parametric","",0,0.5,"V",0.000828,0.000942,0.0009192,5.09823e-05,1634.55,6.00992,6.00992,3263.1,5,5,100,0,0,0,1.39625,***
"EFUSE_PARITY_DURING_READ","","OFF_PAD_1p8V_bit_41",780420,"Parametric","",1,2,"V",1.77857,1.84141,1.81852,0.0251525,6.62625,2.4051,10.8474,2.4051,5,5,100,0,0,0,1.39625,***
"EFUSE_PARITY_DURING_READ","","OFF_PAD_0V_EN_bit_41",780900,"Parametric","",0,0.5,"V",0.000885,0.000942,0.0009078,3.12202e-05,2669.21,9.69244,9.69244,5328.73,5,5,100,0,0,0,1.39625,***
"EFUSE_PARITY_DURING_READ","","OFF_PAD_1p8V_bit_42",780430,"Parametric","",1,2,"V",1.77846,1.84135,1.81857,0.0251964,6.6147,2.40015,10.8292,2.40015,5,5,100,0,0,0,1.39625,***
"EFUSE_PARITY_DURING_READ","","OFF_PAD_0V_EN_bit_42",780910,"Parametric","",0,0.5,"V",0.000885,0.000942,0.0009192,3.12202e-05,2669.21,9.81416,9.81416,5328.61,5,5,100,0,0,0,1.39625,***
"EFUSE_PARITY_DURING_READ","","OFF_PAD_1p8V_bit_43",780440,"Parametric","",1,2,"V",1.77835,1.84158,1.8186,0.0253416,6.5768,2.3861,10.7675,2.3861,5,5,100,0,0,0,1.39625,***
"EFUSE_PARITY_DURING_READ","","OFF_PAD_0V_EN_bit_43",780920,"Parametric","",0,0.5,"V",0.000828,0.000942,0.000885,4.03051e-05,2067.56,7.31918,7.31918,4127.81,5,5,100,0,0,0,1.39625,***
"EFUSE_PARITY_DURING_READ","","OFF_PAD_1p8V_bit_44",780450,"Parametric","",1,2,"V",1.77863,1.84164,1.81859,0.025192,6.61585,2.40042,10.8313,2.40042,5,5,100,0,0,0,1.39625,***
"EFUSE_PARITY_DURING_READ","","OFF_PAD_0V_EN_bit_44",780930,"Parametric","",0,0.5,"V",0.000885,0.000942,0.0009078,3.12202e-05,2669.21,9.69244,9.69244,5328.73,5,5,100,0,0,0,1.39625,***
"EFUSE_PARITY_DURING_READ","","OFF_PAD_1p8V_bit_45",780460,"Parametric","",1,2,"V",1.77863,1.84158,1.81862,0.0251728,6.62092,2.40181,10.84,2.40181,5,5,100,0,0,0,1.39625,***
"EFUSE_PARITY_DURING_READ","","OFF_PAD_0V_EN_bit_45",780940,"Parametric","",0,0.5,"V",0.000942,0.000942,0.000942,0,***,***,***,***,5,5,100,0,0,0,1.39625,***
"EFUSE_PARITY_DURING_READ","","OFF_PAD_1p8V_bit_46",780470,"Parametric","",1,2,"V",1.77846,1.84169,1.8187,0.0253202,6.58236,2.38677,10.778,2.38677,5,5,100,0,0,0,1.39625,***
"EFUSE_PARITY_DURING_READ","","OFF_PAD_0V_EN_bit_46",780950,"Parametric","",0,0.5,"V",0.000885,0.000999,0.0009306,4.76896e-05,1747.41,6.50456,6.50456,3488.31,5,5,100,0,0,0,1.39625,***
"EFUSE_PARITY_DURING_READ","","OFF_PAD_1p8V_bit_47",780480,"Parametric","",1,2,"V",1.70254,1.74522,1.73008,0.0176777,9.42809,5.08961,13.7666,5.08961,5,5,100,0,0,0,1.39625,***
"EFUSE_PARITY_DURING_READ","","OFF_PAD_0V_EN_bit_47",780960,"Parametric","",0,0.5,"V",0.000828,0.000999,0.000942,6.98105e-05,1193.71,4.49789,4.49789,2382.92,5,5,100,0,0,0,1.39625,***
"EFUSE_parity_after_read","","Expect_0_Initial_bit_0",790010,"Parametric","",0,0.5,"V",0.000999,0.001056,0.0010104,2.54912e-05,3269.11,13.2124,13.2124,6525,5,5,100,0,0,0,1.37785,***
"EFUSE_parity_after_read","","Expect_1_Final_bit_0",791450,"Parametric","",1,2,"V",1.48404,1.536,1.51761,0.0208491,7.99396,7.71246,8.27546,7.71246,5,5,100,0,0,0,1.37785,***
"EFUSE_parity_after_read","","Expect_1_Initial_bit_1",790500,"Parametric","",1,2,"V",1.48398,1.53595,1.51766,0.0208564,7.99117,7.70886,8.27347,7.70886,5,5,100,0,0,0,1.37785,***
"EFUSE_parity_after_read","","Expect_0_Final_bit_1",790980,"Parametric","",0,0.5,"V",0.000942,0.000999,0.0009876,2.54912e-05,3269.1,12.9143,12.9143,6525.29,5,5,100,0,0,0,1.37785,***
"EFUSE_parity_after_read","","Expect_0_Initial_bit_2",790030,"Parametric","",0,0.5,"V",0.000942,0.000999,0.0009876,2.54912e-05,3269.1,12.9143,12.9143,6525.29,5,5,100,0,0,0,1.37785,***
"EFUSE_parity_after_read","","Expect_1_Final_bit_2",791470,"Parametric","",1,2,"V",1.72069,1.78114,1.75934,0.0242633,6.86908,3.30627,10.4319,3.30627,5,5,100,0,0,0,1.37785,***
"EFUSE_parity_after_read","","Expect_1_Initial_bit_3",790520,"Parametric","",1,2,"V",1.72064,1.78114,1.75937,0.0242892,6.86175,3.30227,10.4212,3.30227,5,5,100,0,0,0,1.37785,***
"EFUSE_parity_after_read","","Expect_0_Final_bit_3",791000,"Parametric","",0,0.5,"V",0.000885,0.001056,0.0009534,6.24404e-05,1334.61,5.08966,5.08966,2664.12,5,5,100,0,0,0,1.37785,***
"EFUSE_parity_after_read","","Expect_0_Initial_bit_4",790050,"Parametric","",0,0.5,"V",0.000885,0.001056,0.0009534,6.24404e-05,1334.61,5.08966,5.08966,2664.12,5,5,100,0,0,0,1.37785,***
"EFUSE_parity_after_read","","Expect_1_Final_bit_4",791490,"Parametric","",1,2,"V",1.77857,1.84181,1.81887,0.0253423,6.57661,2.38244,10.7708,2.38244,5,5,100,0,0,0,1.37785,***
"EFUSE_parity_after_read","","Expect_1_Initial_bit_5",790540,"Parametric","",1,2,"V",1.77869,1.84181,1.81885,0.0253121,6.58445,2.38558,10.7833,2.38558,5,5,100,0,0,0,1.37785,***
"EFUSE_parity_after_read","","Expect_0_Final_bit_5",791020,"Parametric","",0,0.5,"V",0.000942,0.000942,0.000942,0,***,***,***,***,5,5,100,0,0,0,1.37785,***
"EFUSE_parity_after_read","","Expect_0_Initial_bit_6",790070,"Parametric","",0,0.5,"V",0.000885,0.000999,0.0009534,6.24404e-05,1334.61,5.08965,5.08965,2664.12,5,5,100,0,0,0,1.37785,***
"EFUSE_parity_after_read","","Expect_1_Final_bit_6",791510,"Parametric","",1,2,"V",1.77875,1.84192,1.81885,0.0253015,6.58723,2.38658,10.7879,2.38658,5,5,100,0,0,0,1.37785,***
"EFUSE_parity_after_read","","Expect_1_Initial_bit_7",790560,"Parametric","",1,2,"V",1.77857,1.84175,1.81884,0.0254266,6.55481,2.37499,10.7346,2.37499,5,5,100,0,0,0,1.37785,***
"EFUSE_parity_after_read","","Expect_0_Final_bit_7",791040,"Parametric","",0,0.5,"V",0.000942,0.000999,0.0009648,3.12202e-05,2669.21,10.301,10.301,5328.12,5,5,100,0,0,0,1.37785,***
"EFUSE_parity_after_read","","Expect_0_Initial_bit_8",790090,"Parametric","",0,0.5,"V",0.000942,0.000999,0.0009648,3.12202e-05,2669.21,10.301,10.301,5328.12,5,5,100,0,0,0,1.37785,***
"EFUSE_parity_after_read","","Expect_1_Final_bit_8",791530,"Parametric","",1,2,"V",1.77869,1.84135,1.81868,0.0251591,6.62451,2.40236,10.8467,2.40236,5,5,100,0,0,0,1.37785,***
"EFUSE_parity_after_read","","Expect_1_Initial_bit_9",790580,"Parametric","",1,2,"V",1.77863,1.84152,1.81874,0.0252475,6.60132,2.39304,10.8096,2.39304,5,5,100,0,0,0,1.37785,***
"EFUSE_parity_after_read","","Expect_0_Final_bit_9",791060,"Parametric","",0,0.5,"V",0.000885,0.001056,0.0009534,6.24404e-05,1334.61,5.08966,5.08966,2664.12,5,5,100,0,0,0,1.37785,***
"EFUSE_parity_after_read","","Expect_0_Initial_bit_10",790110,"Parametric","",0,0.5,"V",0.000942,0.000999,0.0009762,3.12202e-05,2669.21,10.4227,10.4227,5328,5,5,100,0,0,0,1.37785,***
"EFUSE_parity_after_read","","Expect_1_Final_bit_10",791550,"Parametric","",1,2,"V",1.77863,1.84152,1.81876,0.0252692,6.59564,2.39083,10.8005,2.39083,5,5,100,0,0,0,1.37785,***
"EFUSE_parity_after_read","","Expect_1_Initial_bit_11",790600,"Parametric","",1,2,"V",1.77892,1.8413,1.81871,0.0250937,6.64176,2.40816,10.8754,2.40816,5,5,100,0,0,0,1.37785,***
"EFUSE_parity_after_read","","Expect_0_Final_bit_11",791080,"Parametric","",0,0.5,"V",0.000942,0.001056,0.0009648,5.09823e-05,1634.55,6.30807,6.30807,3262.8,5,5,100,0,0,0,1.37785,***
"EFUSE_parity_after_read","","Expect_0_Initial_bit_12",790130,"Parametric","",0,0.5,"V",0.000885,0.000999,0.0009534,4.76896e-05,1747.41,6.66392,6.66392,3488.15,5,5,100,0,0,0,1.37785,***
"EFUSE_parity_after_read","","Expect_1_Final_bit_12",791570,"Parametric","",1,2,"V",1.7788,1.84101,1.81856,0.0250803,6.64533,2.41142,10.8792,2.41142,5,5,100,0,0,0,1.37785,***
"EFUSE_parity_after_read","","Expect_1_Initial_bit_13",790620,"Parametric","",1,2,"V",1.7788,1.84112,1.81871,0.0251367,6.63042,2.40404,10.8568,2.40404,5,5,100,0,0,0,1.37785,***
"EFUSE_parity_after_read","","Expect_0_Final_bit_13",791100,"Parametric","",0,0.5,"V",0.000942,0.000999,0.0009762,3.12202e-05,2669.21,10.4227,10.4227,5328,5,5,100,0,0,0,1.37785,***
"EFUSE_parity_after_read","","Expect_0_Initial_bit_14",790150,"Parametric","",0,0.5,"V",0.000942,0.000999,0.0009648,3.12202e-05,2669.21,10.301,10.301,5328.12,5,5,100,0,0,0,1.37785,***
"EFUSE_parity_after_read","","Expect_1_Final_bit_14",791590,"Parametric","",1,2,"V",1.77869,1.84118,1.81871,0.0251696,6.62174,2.4009,10.8426,2.4009,5,5,100,0,0,0,1.37785,***
"EFUSE_parity_after_read","","Expect_1_Initial_bit_15",790640,"Parametric","",1,2,"V",1.77863,1.84118,1.81862,0.0251862,6.61738,2.40052,10.8342,2.40052,5,5,100,0,0,0,1.37785,***
"EFUSE_parity_after_read","","Expect_0_Final_bit_15",791120,"Parametric","",0,0.5,"V",0.000885,0.000999,0.000942,4.03051e-05,2067.56,7.79058,7.79058,4127.33,5,5,100,0,0,0,1.37785,***
"EFUSE_parity_after_read","","Expect_0_Initial_bit_16",790170,"Parametric","",0,0.5,"V",0.000885,0.000999,0.0009306,4.76896e-05,1747.41,6.50456,6.50456,3488.31,5,5,100,0,0,0,1.37785,***
"EFUSE_parity_after_read","","Expect_1_Final_bit_16",791610,"Parametric","",1,2,"V",1.77875,1.84164,1.81872,0.0252063,6.61211,2.39726,10.827,2.39726,5,5,100,0,0,0,1.37785,***
"EFUSE_parity_after_read","","Expect_1_Initial_bit_17",790660,"Parametric","",1,2,"V",1.77875,1.84107,1.81856,0.025093,6.64196,2.4102,10.8737,2.4102,5,5,100,0,0,0,1.37785,***
"EFUSE_parity_after_read","","Expect_0_Final_bit_17",791140,"Parametric","",0,0.5,"V",0.000885,0.000999,0.0009534,4.76896e-05,1747.41,6.66392,6.66392,3488.15,5,5,100,0,0,0,1.37785,***
"EFUSE_parity_after_read","","Expect_0_Initial_bit_18",790190,"Parametric","",0,0.5,"V",0.000885,0.001056,0.0009534,6.24404e-05,1334.61,5.08966,5.08966,2664.12,5,5,100,0,0,0,1.37785,***
"EFUSE_parity_after_read","","Expect_1_Final_bit_18",791630,"Parametric","",1,2,"V",1.77869,1.84101,1.81859,0.0250943,6.64161,2.40977,10.8735,2.40977,5,5,100,0,0,0,1.37785,***
"EFUSE_parity_after_read","","Expect_1_Initial_bit_19",790680,"Parametric","",1,2,"V",1.77875,1.84124,1.81863,0.0250766,6.64629,2.41086,10.8817,2.41086,5,5,100,0,0,0,1.37785,***
"EFUSE_parity_after_read","","Expect_0_Final_bit_19",791160,"Parametric","",0,0.5,"V",0.000885,0.000942,0.0009192,3.12202e-05,2669.21,9.81416,9.81416,5328.61,5,5,100,0,0,0,1.37785,***
"EFUSE_parity_after_read","","Expect_0_Initial_bit_20",790210,"Parametric","",0,0.5,"V",0.000942,0.001056,0.0009762,5.09824e-05,1634.55,6.3826,6.3826,3262.72,5,5,100,0,0,0,1.37785,***
"EFUSE_parity_after_read","","Expect_1_Final_bit_20",791650,"Parametric","",1,2,"V",1.77863,1.8413,1.81859,0.0251872,6.61711,2.40088,10.8333,2.40088,5,5,100,0,0,0,1.37785,***
"EFUSE_parity_after_read","","Expect_1_Initial_bit_21",790700,"Parametric","",1,2,"V",1.77869,1.84186,1.81878,0.0252862,6.5912,2.38893,10.7935,2.38893,5,5,100,0,0,0,1.37785,***
"EFUSE_parity_after_read","","Expect_0_Final_bit_21",791180,"Parametric","",0,0.5,"V",0.000885,0.000999,0.0009534,4.76896e-05,1747.41,6.66392,6.66392,3488.15,5,5,100,0,0,0,1.37785,***
"EFUSE_parity_after_read","","Expect_0_Initial_bit_22",790230,"Parametric","",0,0.5,"V",0.000942,0.000999,0.0009762,3.12202e-05,2669.21,10.4227,10.4227,5328,5,5,100,0,0,0,1.37785,***
"EFUSE_parity_after_read","","Expect_1_Final_bit_22",791670,"Parametric","",1,2,"V",1.77863,1.84169,1.81868,0.0252479,6.6012,2.39391,10.8085,2.39391,5,5,100,0,0,0,1.37785,***
"EFUSE_parity_after_read","","Expect_1_Initial_bit_23",790720,"Parametric","",1,2,"V",1.77869,1.84175,1.81867,0.0252225,6.60787,2.39647,10.8193,2.39647,5,5,100,0,0,0,1.37785,***
"EFUSE_parity_after_read","","Expect_0_Final_bit_23",791200,"Parametric","",0,0.5,"V",0.000885,0.000999,0.000942,5.7e-05,1461.99,5.50877,5.50877,2918.47,5,5,100,0,0,0,1.37785,***
"EFUSE_parity_after_read","","Expect_0_Initial_bit_24",790250,"Parametric","",0,0.5,"V",0.000885,0.000999,0.0009534,4.76896e-05,1747.41,6.66392,6.66392,3488.15,5,5,100,0,0,0,1.37785,***
"EFUSE_parity_after_read","","Expect_1_Final_bit_24",791690,"Parametric","",1,2,"V",1.77869,1.84186,1.81876,0.0253118,6.58454,2.38681,10.7823,2.38681,5,5,100,0,0,0,1.37785,***
"EFUSE_parity_after_read","","Expect_1_Initial_bit_25",790740,"Parametric","",1,2,"V",1.77863,1.84169,1.8187,0.0252409,6.60303,2.39426,10.8118,2.39426,5,5,100,0,0,0,1.37785,***
"EFUSE_parity_after_read","","Expect_0_Final_bit_25",791220,"Parametric","",0,0.5,"V",0.000942,0.000999,0.0009648,3.12202e-05,2669.21,10.301,10.301,5328.12,5,5,100,0,0,0,1.37785,***
"EFUSE_parity_after_read","","Expect_0_Initial_bit_26",790270,"Parametric","",0,0.5,"V",0.000942,0.000942,0.000942,0,***,***,***,***,5,5,100,0,0,0,1.37785,***
"EFUSE_parity_after_read","","Expect_1_Final_bit_26",791710,"Parametric","",1,2,"V",1.77869,1.84181,1.81872,0.0252932,6.58938,2.38902,10.7897,2.38902,5,5,100,0,0,0,1.37785,***
"EFUSE_parity_after_read","","Expect_1_Initial_bit_27",790760,"Parametric","",1,2,"V",1.77852,1.84169,1.81867,0.0252993,6.5878,2.3892,10.7864,2.3892,5,5,100,0,0,0,1.37785,***
"EFUSE_parity_after_read","","Expect_0_Final_bit_27",791240,"Parametric","",0,0.5,"V",0.000942,0.001056,0.0009876,4.76896e-05,1747.41,6.90297,6.90297,3487.92,5,5,100,0,0,0,1.37785,***
"EFUSE_parity_after_read","","Expect_0_Initial_bit_28",790290,"Parametric","",0,0.5,"V",0.000885,0.000999,0.0009534,4.76896e-05,1747.41,6.66392,6.66392,3488.15,5,5,100,0,0,0,1.37785,***
"EFUSE_parity_after_read","","Expect_1_Final_bit_28",791730,"Parametric","",1,2,"V",1.77869,1.84181,1.81876,0.0252451,6.60195,2.39313,10.8108,2.39313,5,5,100,0,0,0,1.37785,***
"EFUSE_parity_after_read","","Expect_1_Initial_bit_29",790780,"Parametric","",1,2,"V",1.77869,1.84164,1.81869,0.0252319,6.60541,2.39528,10.8155,2.39528,5,5,100,0,0,0,1.37785,***
"EFUSE_parity_after_read","","Expect_0_Final_bit_29",791260,"Parametric","",0,0.5,"V",0.000942,0.000999,0.0009762,3.12202e-05,2669.21,10.4227,10.4227,5328,5,5,100,0,0,0,1.37785,***
"EFUSE_parity_after_read","","Expect_0_Initial_bit_30",790310,"Parametric","",0,0.5,"V",0.000885,0.000999,0.0009534,4.76896e-05,1747.41,6.66392,6.66392,3488.15,5,5,100,0,0,0,1.37785,***
"EFUSE_parity_after_read","","Expect_1_Final_bit_30",791750,"Parametric","",1,2,"V",1.77886,1.84186,1.81876,0.0252057,6.61225,2.39685,10.8277,2.39685,5,5,100,0,0,0,1.37785,***
"EFUSE_parity_after_read","","Expect_1_Initial_bit_31",790800,"Parametric","",1,2,"V",1.7788,1.84152,1.8187,0.0251607,6.6241,2.4019,10.8463,2.4019,5,5,100,0,0,0,1.37785,***
"EFUSE_parity_after_read","","Expect_0_Final_bit_31",791280,"Parametric","",0,0.5,"V",0.000942,0.000999,0.0009534,2.54912e-05,3269.1,12.4671,12.4671,6525.74,5,5,100,0,0,0,1.37785,***
"EFUSE_parity_after_read","","Expect_0_Initial_bit_32",790330,"Parametric","",0,0.5,"V",0.000885,0.001056,0.0009534,7.43189e-05,1121.29,4.27617,4.27617,2238.31,5,5,100,0,0,0,1.37785,***
"EFUSE_parity_after_read","","Expect_1_Final_bit_32",791770,"Parametric","",1,2,"V",1.77903,1.84152,1.81878,0.0250753,6.64664,2.40901,10.8843,2.40901,5,5,100,0,0,0,1.37785,***
"EFUSE_parity_after_read","","Expect_1_Initial_bit_33",790820,"Parametric","",1,2,"V",1.77886,1.84175,1.81876,0.0251985,6.61415,2.39754,10.8308,2.39754,5,5,100,0,0,0,1.37785,***
"EFUSE_parity_after_read","","Expect_0_Final_bit_33",791300,"Parametric","",0,0.5,"V",0.000885,0.000999,0.0009534,4.76896e-05,1747.41,6.66392,6.66392,3488.15,5,5,100,0,0,0,1.37785,***
"EFUSE_parity_after_read","","Expect_0_Initial_bit_34",790350,"Parametric","",0,0.5,"V",0.000885,0.001056,0.0009306,7.43189e-05,1121.29,4.1739,4.1739,2238.41,5,5,100,0,0,0,1.37785,***
"EFUSE_parity_after_read","","Expect_1_Final_bit_34",791790,"Parametric","",1,2,"V",1.77892,1.84135,1.81865,0.0250603,6.65062,2.41212,10.8891,2.41212,5,5,100,0,0,0,1.37785,***
"EFUSE_parity_after_read","","Expect_1_Initial_bit_35",790840,"Parametric","",1,2,"V",1.77869,1.8413,1.81867,0.0251485,6.6273,2.40352,10.8511,2.40352,5,5,100,0,0,0,1.37785,***
"EFUSE_parity_after_read","","Expect_0_Final_bit_35",791320,"Parametric","",0,0.5,"V",0.000828,0.000942,0.0009192,5.09823e-05,1634.55,6.00992,6.00992,3263.1,5,5,100,0,0,0,1.37785,***
"EFUSE_parity_after_read","","Expect_0_Initial_bit_36",790370,"Parametric","",0,0.5,"V",0.000828,0.000999,0.0009306,7.43189e-05,1121.29,4.1739,4.1739,2238.41,5,5,100,0,0,0,1.37785,***
"EFUSE_parity_after_read","","Expect_1_Final_bit_36",791810,"Parametric","",1,2,"V",1.77897,1.84124,1.81864,0.0250524,6.65272,2.41304,10.8924,2.41304,5,5,100,0,0,0,1.37785,***
"EFUSE_parity_after_read","","Expect_1_Initial_bit_37",790860,"Parametric","",1,2,"V",1.77909,1.84124,1.81873,0.0250518,6.65287,2.41188,10.8939,2.41188,5,5,100,0,0,0,1.37785,***
"EFUSE_parity_after_read","","Expect_0_Final_bit_37",791340,"Parametric","",0,0.5,"V",0.000885,0.000999,0.000942,4.03051e-05,2067.56,7.79058,7.79058,4127.33,5,5,100,0,0,0,1.37785,***
"EFUSE_parity_after_read","","Expect_0_Initial_bit_38",790390,"Parametric","",0,0.5,"V",0.000942,0.000999,0.0009762,3.12202e-05,2669.21,10.4227,10.4227,5328,5,5,100,0,0,0,1.37785,***
"EFUSE_parity_after_read","","Expect_1_Final_bit_38",791830,"Parametric","",1,2,"V",1.77857,1.84152,1.81864,0.0252895,6.59034,2.39041,10.7903,2.39041,5,5,100,0,0,0,1.37785,***
"EFUSE_parity_after_read","","Expect_1_Initial_bit_39",790880,"Parametric","",1,2,"V",1.7788,1.84181,1.81876,0.0252318,6.60541,2.39438,10.8165,2.39438,5,5,100,0,0,0,1.37785,***
"EFUSE_parity_after_read","","Expect_0_Final_bit_39",791360,"Parametric","",0,0.5,"V",0.000885,0.000999,0.0009306,4.76896e-05,1747.41,6.50456,6.50456,3488.31,5,5,100,0,0,0,1.37785,***
"EFUSE_parity_after_read","","Expect_0_Initial_bit_40",790410,"Parametric","",0,0.5,"V",0.000885,0.000999,0.0009534,6.24404e-05,1334.61,5.08965,5.08965,2664.12,5,5,100,0,0,0,1.37785,***
"EFUSE_parity_after_read","","Expect_1_Final_bit_40",791850,"Parametric","",1,2,"V",1.77897,1.84147,1.81877,0.0251229,6.63404,2.4046,10.8635,2.4046,5,5,100,0,0,0,1.37785,***
"EFUSE_parity_after_read","","Expect_1_Initial_bit_41",790900,"Parametric","",1,2,"V",1.77892,1.84158,1.81874,0.0251388,6.62986,2.40339,10.8563,2.40339,5,5,100,0,0,0,1.37785,***
"EFUSE_parity_after_read","","Expect_0_Final_bit_41",791380,"Parametric","",0,0.5,"V",0.000885,0.001056,0.0009534,6.24404e-05,1334.61,5.08966,5.08966,2664.12,5,5,100,0,0,0,1.37785,***
"EFUSE_parity_after_read","","Expect_0_Initial_bit_42",790430,"Parametric","",0,0.5,"V",0.000885,0.000999,0.0009534,4.76896e-05,1747.41,6.66392,6.66392,3488.15,5,5,100,0,0,0,1.37785,***
"EFUSE_parity_after_read","","Expect_1_Final_bit_42",791870,"Parametric","",1,2,"V",1.77897,1.84141,1.81871,0.0250358,6.65713,2.41373,10.9005,2.41373,5,5,100,0,0,0,1.37785,***
"EFUSE_parity_after_read","","Expect_1_Initial_bit_43",790920,"Parametric","",1,2,"V",1.77903,1.84135,1.8187,0.0249724,6.67403,2.42001,10.928,2.42001,5,5,100,0,0,0,1.37785,***
"EFUSE_parity_after_read","","Expect_0_Final_bit_43",791400,"Parametric","",0,0.5,"V",0.000885,0.000999,0.000942,4.03051e-05,2067.56,7.79058,7.79058,4127.33,5,5,100,0,0,0,1.37785,***
"EFUSE_parity_after_read","","Expect_0_Initial_bit_44",790450,"Parametric","",0,0.5,"V",0.000885,0.000942,0.0009306,2.54912e-05,3269.1,12.1689,12.1689,6526.04,5,5,100,0,0,0,1.37785,***
"EFUSE_parity_after_read","","Expect_1_Final_bit_44",791890,"Parametric","",1,2,"V",1.77892,1.84135,1.81871,0.02505,6.65336,2.41236,10.8944,2.41236,5,5,100,0,0,0,1.37785,***
"EFUSE_parity_after_read","","Expect_1_Initial_bit_45",790940,"Parametric","",1,2,"V",1.77863,1.84135,1.81864,0.0251588,6.62458,2.40283,10.8463,2.40283,5,5,100,0,0,0,1.37785,***
"EFUSE_parity_after_read","","Expect_0_Final_bit_45",791420,"Parametric","",0,0.5,"V",0.000885,0.000999,0.0009534,4.76896e-05,1747.41,6.66392,6.66392,3488.15,5,5,100,0,0,0,1.37785,***
"EFUSE_parity_after_read","","Expect_0_Initial_bit_46",790470,"Parametric","",0,0.5,"V",0.000885,0.000942,0.0009192,3.12202e-05,2669.21,9.81416,9.81416,5328.61,5,5,100,0,0,0,1.37785,***
"EFUSE_parity_after_read","","Expect_1_Final_bit_46",791910,"Parametric","",1,2,"V",1.70271,1.74511,1.73005,0.017578,9.48154,5.11911,13.844,5.11911,5,5,100,0,0,0,1.37785,***
"EFUSE_parity_after_read","","Expect_1_Initial_bit_47",790960,"Parametric","",1,2,"V",1.70288,1.74539,1.73014,0.0175853,9.4776,5.11526,13.8399,5.11526,5,5,100,0,0,0,1.37785,***
"EFUSE_parity_after_read","","Expect_0_Final_bit_47",791440,"Parametric","",0,0.5,"V",0.000885,0.000999,0.000942,4.03051e-05,2067.56,7.79058,7.79058,4127.33,5,5,100,0,0,0,1.37785,***
"Post_Vbias_Test","","GENERAL TEST",510010,"Parametric","",1.75,1.85,"V",1.79028,1.80941,1.7986,0.00755419,2.20628,2.14468,2.14468,2.26788,5,5,100,0,0,0,0.019975,***
"Post_SS_Test","","ISS_0p4V",500010,"Parametric","",-11,-9,"uA",-10.306,-9.859,-10.0066,0.175325,1.90123,1.88868,1.88868,1.91378,5,5,100,0,0,0,0.211037,***
"Post_SS_Test","","SS_gain_0p4V_20V_part",500020,"Parametric","",9.35,11,"A/V",10.1057,11.0598,10.578,0.351303,0.782799,0.400425,1.16517,0.400425,5,4,80,1,20,0,0.211037,***
"Post_SS_Test","","Vin_vout_Current",500040,"Parametric","",3.5,4.5,"A",4.04227,4.28161,4.18301,0.104162,1.60007,1.01441,2.18573,1.01441,4,4,100,0,0,0,0.214243,***
"Post_SS_Gain_Test","","POST_CURRENT_SS_0P1V",820010,"Parametric","",350,1100,"mA",925.602,972.029,954.663,22.0641,5.6653,2.19567,9.13494,2.19567,4,4,100,0,0,0,0.0996552,***
"Post_SS_Gain_Test","","POST_CURRENT_SS_0P2V",820020,"Parametric","",1800,2200,"mA",1955,2061.91,2012.75,48.755,1.36738,1.28023,1.45453,1.28023,4,4,100,0,0,0,0.0996552,***
"Post_SS_Gain_Test","","POST_CURRENT_SS_Delta",820030,"Parametric","",920,1125,"mA",1029.4,1090.31,1058.08,27.6541,1.2355,0.806583,1.66442,0.806583,4,4,100,0,0,0,0.0996552,***
"POST_ILIM_25IMAX_TEST","","ITRIP_10p_Current",600010,"Parametric","",-15,-1,"uA",-10.5248,-9.32447,-10.0625,0.524771,4.44639,3.13629,3.13629,5.75648,4,4,100,0,0,0,0.525174,***
"POST_ILIM_25IMAX_TEST","","ITRIP_10p_Voltage",600020,"Parametric","",0.9,1.2,"V",1.1218,1.12882,1.12531,0.00289402,17.277,8.60243,25.9516,8.60243,4,4,100,0,0,0,0.525174,***
"POST_ILIM_25IMAX_TEST","","ITRIP_25p_Current",600060,"Parametric","",-50,-18,"uA",-24.8792,-24.6555,-24.7844,0.105523,50.5418,21.4309,79.6526,21.4309,4,4,100,0,0,0,0.525174,***
"POST_ILIM_25IMAX_TEST","","ITRIP_25p_Voltage",600070,"Parametric","",0.9,1.2,"V",1.1208,1.12682,1.12406,0.00250622,19.9503,10.1002,29.8005,10.1002,4,4,100,0,0,0,0.525174,***
"POST_ILIM_25IMAX_TEST","","gain_10p_20V_Part",600050,"Parametric","",70000,92500,"GAIN",74387.2,84169.3,78043.4,4297.99,0.8725,0.623811,0.623811,1.12119,4,4,100,0,0,0,0.525174,***
"POST_ILIM_25IMAX_TEST","","gain_25p_20V_Part",600100,"Parametric","",75000,85000,"GAIN",78787.9,79646.4,79170,405.094,4.11427,3.43132,3.43132,4.79723,4,4,100,0,0,0,0.525174,***
"SlowTrip","","ITRIP_VOLTAGE",720010,"Parametric","",0.9,1.2,"V",1.11773,1.12375,1.12048,0.00250835,19.9334,10.5667,29.3001,10.5667,4,4,100,0,0,0,0.068425,***
"Post_ISENSE_Gain_HCU","","POST_SNS_GAIN_10PIMAX_CODE",610010,"Parametric","",-110,-90,"uA",-100.559,-96.1128,-98.5223,2.08128,1.60158,1.36491,1.83824,1.36491,4,4,100,0,0,0,0.1262,***
"Post_ISENSE_Gain_HCU","","gain_10p_20V_Part",610070,"Parametric","",6500,8300,"GAIN",7950.23,8328.52,8121.13,178.815,1.67772,0.333428,3.022,0.333428,4,3,75,1,25,0,0.1262,***
"Post_ISENSE_Gain_HCU","","Forced_Current_10p_20V_Part",610080,"Parametric","",0.5,1.2,"A",0.798977,0.800413,0.799619,0.000729749,159.872,136.859,136.859,182.885,3,3,100,0,0,0,0.136648,***
"Post_ISENSE_Gain_HCU","","POST_SNS_GAIN_25PIMAX_CODE",610040,"Parametric","",-260,-240,"uA",-252.838,-244.148,-247.706,4.55423,0.731921,0.563992,0.89985,0.563992,3,3,100,0,0,0,0.136648,***
"Post_ISENSE_Gain_HCU","","gain_25p_20V_Part",610090,"Parametric","",7700,8300,"GAIN",7910.21,8192.9,8076.05,147.575,0.67762,0.505852,0.849388,0.505852,3,3,100,0,0,0,0.136648,***
"Post_ISENSE_Gain_HCU","","Forced_Current_20V_Part",610100,"Parametric","",1,2.3,"A",1.99982,2.00028,2.00003,0.000229552,943.868,435.582,1452.15,435.582,3,3,100,0,0,0,0.136648,***
"ILIM_Slowtrip","","ITRIP_VOLTAGE_ILIM_TM_011",830010,"Parametric","",0.95,1.15,"V",1.11873,1.12174,1.12007,0.00153263,21.7491,6.51017,36.988,6.51017,3,3,100,0,0,0,0.123491,***
"ILIM_Slowtrip","","ITRIP_VOLTAGE_ILIM_TM_111",830020,"Parametric","",1.05,1.2,"V",1.11973,1.12274,1.12074,0.00173784,14.3856,13.5677,13.5677,15.2035,3,3,100,0,0,0,0.123491,***
"TISLOW","","TISLOW",840010,"Parametric","",11.1,13.4,"mS",12.1,12.5,12.3333,0.208167,1.84147,1.70803,1.97491,1.70803,3,3,100,0,0,0,0.097706,***
"IO_TEST","","OFF_VOLTAGE_LOW_EN_0V_IO_TM_1",460010,"Parametric","",0,0.2,"V",0.000828,0.000885,0.000866,3.29089e-05,1012.9,8.77168,8.77168,2017.02,3,3,100,0,0,0,0.717309,***
"IO_TEST","","OFF_VOLTAGE_HIGH_EN_1P8V_IO_TM_1",460020,"Parametric","",1.75,1.85,"V",1.7895,1.80009,1.79643,0.00600028,2.77765,2.57914,2.57914,2.97615,3,3,100,0,0,0,0.717309,***
"IO_TEST","","OFF_VOLTAGE_LOW_VIN_1P5V_IO_TM_1",460030,"Parametric","",0,0.2,"V",0.000771166,0.000941912,0.000847053,8.69394e-05,383.409,3.24768,3.24768,763.57,3,3,100,0,0,0,0.717309,***
"IO_TEST","","OFF_VOLTAGE_HIGH_VIN_5V_IO_TM_1",460040,"Parametric","",1.75,1.85,"V",1.7895,1.80049,1.7966,0.00615433,2.70812,2.52383,2.52383,2.89241,3,3,100,0,0,0,0.717309,***
"IO_TEST","","OFF_VOLTAGE_LOW_EN_0V_IO_TM_2",460070,"Parametric","",0,0.2,"V",0.000714,0.000771,0.000752,3.29089e-05,1012.9,7.61698,7.61698,2018.17,3,3,100,0,0,0,0.717309,***
"IO_TEST","","OFF_VOLTAGE_HIGH_EN_1P8V_IO_TM_2",460080,"Parametric","",1.75,1.85,"V",1.78916,1.80066,1.7966,0.00644957,2.58415,2.4083,2.4083,2.76001,3,3,100,0,0,0,0.717309,***
"IO_TEST","","OFF_VOLTAGE_LOW_VIN_1P5V_IO_TM_2",460090,"Parametric","",0,0.2,"V",0.000771166,0.000828081,0.000809109,3.286e-05,1014.4,8.20764,8.20764,2020.6,3,3,100,0,0,0,0.717309,***
"IO_TEST","","OFF_VOLTAGE_HIGH_VIN_5V_IO_TM_2",460100,"Parametric","",1.75,1.85,"V",1.78967,1.80037,1.7966,0.00600507,2.77543,2.58656,2.58656,2.9643,3,3,100,0,0,0,0.717309,***
"IO_TEST","","OFF_VOLTAGE_LOW_FCB_0V_IO_TM_3",460050,"Parametric","",0,0.2,"V",0.000714,0.000771,0.000752,3.29089e-05,1012.9,7.61698,7.61698,2018.17,3,3,100,0,0,0,0.717309,***
"IO_TEST","","OFF_VOLTAGE_HIGH_FCB_1P8V_IO_TM_3",460060,"Parametric","",1.75,1.85,"V",1.78979,1.80054,1.79662,0.005937,2.80725,2.61728,2.61728,2.99722,3,3,100,0,0,0,0.717309,***
"IO_TEST","","OFF_VOLTAGE_LOW_FCB_0V_IO_TM_4",460110,"Parametric","",0,0.2,"V",0.000828,0.000885,0.000847,3.29089e-05,1012.9,8.57923,8.57923,2017.21,3,3,100,0,0,0,0.717309,***
"IO_TEST","","OFF_VOLTAGE_HIGH_FCB_1P8V_IO_TM_4",460120,"Parametric","",1.75,1.85,"V",1.78939,1.80077,1.79652,0.00621535,2.68154,2.49499,2.49499,2.86809,3,3,100,0,0,0,0.717309,***
"SS_Threshold_Test_AWG_method","","VSS_T",690010,"Parametric","",0.96,1.095,"V",1.0302,1.04362,1.03691,0.00671142,3.35249,2.885,3.81999,2.885,3,3,100,0,0,0,0.21777,***
"UVLO_Threshold","","UVLO_RISING_VDD",350010,"Parametric","",2.2,2.9,"V",2.54549,2.66172,2.60361,0.0581162,2.00747,1.7,2.31494,1.7,3,3,100,0,0,0,6.62699,***
"UVLO_Threshold","","UVLO_FALLING_VDD",350020,"Parametric","",2.2,2.8,"V",2.35952,2.46413,2.41182,0.0523046,1.91188,1.34994,1.34994,2.47382,3,3,100,0,0,0,6.62699,***
"UVLO_Threshold","","UVLO_HYSTERISIS",350030,"Parametric","",0.12,0.5,"V",0.185972,0.197595,0.191784,0.00581162,10.8977,4.11724,4.11724,17.6782,3,3,100,0,0,0,6.62699,***
"UVLO_Threshold","","UVLO_RISING_VIN",350040,"Parametric","",2.5,2.88,"V",2.58036,2.60942,2.59586,0.0146256,4.3303,2.18471,2.18471,6.47588,3,3,100,0,0,0,6.62699,***
"UVLO_Threshold","","UVLO_FALLING_VIN",350050,"Parametric","",2.35,2.7,"V",2.48156,2.499,2.48737,0.010066,5.79508,4.54913,4.54913,7.04104,3,3,100,0,0,0,6.62699,***
"UVLO_Threshold","","UVLO_HYSTERISIS_VIN",350060,"Parametric","",0.056,0.5,"V",0.0987976,0.116232,0.108484,0.0088774,8.33578,1.97068,1.97068,14.7009,3,3,100,0,0,0,6.62699,***
"EN_Rise_Fall_Hysteresis","","EN_RISING_VDD",360010,"Parametric","",0.66,0.814,"V",0.713,0.715,0.714,0.000999987,25.667,18.0002,18.0002,33.3338,3,3,100,0,0,0,0.680846,***
"EN_Rise_Fall_Hysteresis","","EN_FALLING_VDD",360020,"Parametric","",0.63,0.77,"V",0.675,0.678,0.676667,0.00152751,15.2754,10.1836,10.1836,20.3673,3,3,100,0,0,0,0.680846,***
"EN_Rise_Fall_Hysteresis","","EN_HYSTERISIS",360030,"Parametric","",0.017,0.06,"V",0.037,0.038,0.0373333,0.000577349,12.4131,11.7395,11.7395,13.0866,3,3,100,0,0,0,0.680846,***
"FCB_Rise_Fall_Hysteresis","","FCB_RISING_VDD",370010,"Parametric","",0.66,0.814,"V",0.713,0.717,0.714667,0.00208167,12.3298,8.75364,8.75364,15.906,3,3,100,0,0,0,0.680207,***
"FCB_Rise_Fall_Hysteresis","","FCB_FALLING_VDD",370020,"Parametric","",0.63,0.77,"V",0.677,0.678,0.677333,0.000577343,40.415,27.3283,27.3283,53.5018,3,3,100,0,0,0,0.680207,***
"FCB_Rise_Fall_Hysteresis","","FCB_HYSTERISIS",370030,"Parametric","",0.017,0.06,"V",0.036,0.039,0.0373333,0.00152753,4.69168,4.43709,4.43709,4.94627,3,3,100,0,0,0,0.680207,***
"Output_characteristics_functional","","FAULTB_VOL_100UA",380010,"Parametric","",0,5,"mV",3.219,3.332,3.27533,0.0565007,14.7491,10.1749,19.3233,10.1749,3,3,100,0,0,0,0.274858,***
"Output_characteristics_functional","","FAULTB_VOL_2MA",380020,"Parametric","",0,35,"mV",30.253,30.879,30.5187,0.323559,18.0287,4.61671,31.4406,4.61671,3,3,100,0,0,0,0.274858,***
"Output_characteristics_functional","","OFF_VOH_100UA",380030,"Parametric","",1.75,1.85,"V",1.78148,1.79206,1.78834,0.00595439,2.79906,2.14658,2.14658,3.45153,3,3,100,0,0,0,0.274858,***
"Output_characteristics_functional","","OFF_VOL_100UA",380040,"Parametric","",0,6,"mV",3.86632,4.16536,4.00902,0.149989,6.66717,4.42473,8.9096,4.42473,3,3,100,0,0,0,0.274858,***
"Output_characteristics_functional","","OFF_VOL_2MA",380050,"Parametric","",20,100,"mV",76.2007,77.249,76.5974,0.568736,23.4438,13.7162,33.1714,13.7162,3,3,100,0,0,0,0.274858,***
"Fast_Trip_Redudancy","","FAST_ILIM_001",280010,"Parametric","",1.1,2.3,"V",1.79041,1.80111,1.79732,0.00599023,33.3877,27.9723,38.8031,27.9723,3,3,100,0,0,0,0.130616,***
"Fast_Trip_Redudancy","","FAST_ILIM_101",280020,"Parametric","",1.1,2.3,"V",1.79064,1.80145,1.79762,0.00605592,33.0255,27.6522,38.3989,27.6522,3,3,100,0,0,0,0.130616,***
"Fast_Trip_10A_5A_Check","","Fast_Trip_10A_Check",880010,"Parametric","",0,0,"bool",0,0,0,0,***,***,***,***,3,3,100,0,0,0,0.226025,***
"SS_Delay_Test","","SS_Delay",870010,"Parametric","",0.1,15000,"uS",36.28,37.02,36.74,0.401498,6226.64,30.4194,30.4194,12422.9,3,3,100,0,0,0,0.0562403,***
"Post_PintoPin_Leakage","","PIN_TO_PIN_POS_LEAKAGE_PIN",700010,"Parametric","",-200,200,"nA",-10.8189,-6.45181,-8.49995,2.19611,30.3567,29.0665,29.0665,31.6468,3,3,100,0,0,0,0.473545,***
"Post_PintoPin_Leakage","","PIN_TO_PIN_NEG_LEAKAGE_PIN",700110,"Parametric","",-200,200,"nA",-10.8189,-6.45181,-8.49995,2.19611,30.3567,29.0665,29.0665,31.6468,3,3,100,0,0,0,0.473545,***
"Post_PintoPin_Leakage","","DELTA_POS",700210,"Parametric","",-50,50,"nA",-3.44552,12,0.910321,2.95156,5.64672,5.54392,5.74953,5.54392,3,3,100,0,0,0,0.473545,***
"Post_PintoPin_Leakage","","DELTA_NEG",700220,"Parametric","",-50,50,"nA",-36,0.552973,-4.16082,9.86133,1.6901,1.54946,1.54946,1.83075,3,3,100,0,0,0,0.473545,***
"Post_PintoPin_Leakage","","PIN_TO_PIN_POS_LEAKAGE_PIN",700020,"Parametric","",-200,200,"nA",-14.0302,-10.6752,-12.1324,1.72032,38.7524,36.4016,36.4016,41.1032,3,3,100,0,0,0,0.473545,***
"Post_PintoPin_Leakage","","PIN_TO_PIN_NEG_LEAKAGE_PIN",700120,"Parametric","",-200,200,"nA",-14.0302,-10.6752,-12.1324,1.72032,38.7524,36.4016,36.4016,41.1032,3,3,100,0,0,0,0.473545,***
"Post_PintoPin_Leakage","","PIN_TO_PIN_POS_LEAKAGE_PIN",700030,"Parametric","",-200,200,"nA",-14.5454,-9.78579,-11.8841,2.42921,27.4438,25.8131,25.8131,29.0745,3,3,100,0,0,0,0.473545,***
"Post_PintoPin_Leakage","","PIN_TO_PIN_NEG_LEAKAGE_PIN",700130,"Parametric","",-200,200,"nA",-14.5454,-9.78579,-11.8841,2.42921,27.4438,25.8131,25.8131,29.0745,3,3,100,0,0,0,0.473545,***
"Post_PintoPin_Leakage","","PIN_TO_PIN_POS_LEAKAGE_PIN",700040,"Parametric","",-200,200,"nA",-14.1677,-11.001,-12.2439,1.68958,39.4575,37.042,37.042,41.8731,3,3,100,0,0,0,0.473545,***
"Post_PintoPin_Leakage","","PIN_TO_PIN_NEG_LEAKAGE_PIN",700140,"Parametric","",-200,200,"nA",-14.1677,-11.001,-12.2439,1.68958,39.4575,37.042,37.042,41.8731,3,3,100,0,0,0,0.473545,***
"Post_PintoPin_Leakage","","PIN_TO_PIN_POS_LEAKAGE_PIN",700050,"Parametric","",10,500,"nA",299.126,299.526,299.266,0.225006,362.953,297.375,428.53,297.375,3,3,100,0,0,0,0.473545,***
"Post_PintoPin_Leakage","","PIN_TO_PIN_NEG_LEAKAGE_PIN",700150,"Parametric","",-500,-10,"nA",-300.348,-299.453,-299.92,0.448732,181.994,148.626,148.626,215.362,3,3,100,0,0,0,0.473545,***
"Post_PintoPin_Leakage","","PIN_TO_PIN_POS_LEAKAGE_PIN",700060,"Parametric","",10,500,"nA",299.835,300.548,300.182,0.356918,228.811,186.615,271.007,186.615,3,3,100,0,0,0,0.473545,***
"Post_PintoPin_Leakage","","PIN_TO_PIN_NEG_LEAKAGE_PIN",700160,"Parametric","",-500,-10,"nA",-300.523,-298.893,-299.772,0.822476,99.2937,81.1486,81.1486,117.439,3,3,100,0,0,0,0.473545,***
"Post_PintoPin_Leakage","","PIN_TO_PIN_POS_LEAKAGE_PIN",700070,"Parametric","",300,700,"nA",503.713,541.805,519.199,20.0189,3.33019,3.0105,3.64988,3.0105,3,3,100,0,0,0,0.473545,***
"Post_PintoPin_Leakage","","PIN_TO_PIN_NEG_LEAKAGE_PIN",700170,"Parametric","",-700,-300,"nA",-554.362,-515.295,-530.798,20.7433,3.21389,2.71898,2.71898,3.7088,3,3,100,0,0,0,0.473545,***
"Post_PintoPin_Leakage","","PIN_TO_PIN_POS_LEAKAGE_PIN",700080,"Parametric","",-200,200,"nA",-3.31382,-1.79374,-2.62134,0.768997,86.6931,85.5568,85.5568,87.8293,3,3,100,0,0,0,0.473545,***
"Post_PintoPin_Leakage","","PIN_TO_PIN_NEG_LEAKAGE_PIN",700180,"Parametric","",-200,200,"nA",-11.5668,-8.22262,-10.4183,1.90219,35.0474,33.2217,33.2217,36.8731,3,3,100,0,0,0,0.473545,***
"Post_PintoPin_Leakage","","PIN_TO_PIN_POS_LEAKAGE_PIN",700090,"Parametric","",-200,200,"nA",-0.25143,0.00433446,-0.166175,0.147666,451.471,451.096,451.096,451.846,3,3,100,0,0,0,0.473545,***
"Post_PintoPin_Leakage","","PIN_TO_PIN_NEG_LEAKAGE_PIN",700190,"Parametric","",-200,200,"nA",-16.2582,-10.5802,-12.6434,3.14094,21.2251,19.8833,19.8833,22.5669,3,3,100,0,0,0,0.473545,***
"Post_PintoPin_Leakage","","PIN_TO_PIN_POS_LEAKAGE_PIN_VBIAS_PS1600",700100,"Parametric","",500,1000,"nA",797,856,817.333,33.5012,2.48747,1.81751,3.15743,1.81751,3,3,100,0,0,0,0.473545,***
"Post_PintoPin_Leakage","","PIN_TO_PIN_NEG_LEAKAGE_PIN_VBIAS_PS1600",700200,"Parametric","",-1000,-500,"nA",-905,-868,-884.667,18.7705,4.43958,2.04813,2.04813,6.83103,3,3,100,0,0,0,0.473545,***
"Post_Contact","","POST_CONTINUITY",400030,"Parametric","",-500,-300,"mV",-367.532,-356.268,-363.682,6.4228,5.18985,3.30502,7.07468,3.30502,3,3,100,0,0,0,0.326524,***
"Post_Contact","","Delta",400420,"Parametric","",-2,5,"mV",-0.570297,1.57928,0.415629,0.521312,2.23794,1.54458,1.54458,2.93131,3,3,100,0,0,0,0.326524,***
"Post_Contact","","POST_CONTINUITY",400020,"Parametric","",-500,-300,"mV",-426.891,-418.354,-423.856,4.77321,6.98342,5.31747,5.31747,8.64936,3,3,100,0,0,0,0.326524,***
"Post_Contact","","POST_CONTINUITY",400050,"Parametric","",-500,-300,"mV",-368.222,-355.359,-363.782,7.29871,4.56702,2.91295,6.22108,2.91295,3,3,100,0,0,0,0.326524,***
"Post_Contact","","POST_CONTINUITY",400090,"Parametric","",-500,-300,"mV",-356.145,-343.226,-351.801,7.4266,4.48837,2.32501,6.65172,2.32501,3,3,100,0,0,0,0.326524,***
"Post_Contact","","POST_CONTINUITY",400080,"Parametric","",-500,-300,"mV",-370.203,-358.081,-365.973,6.84084,4.8727,3.21465,6.53074,3.21465,3,3,100,0,0,0,0.326524,***
"Post_Contact","","POST_CONTINUITY",400040,"Parametric","",-500,-300,"mV",-363.374,-352.161,-359.352,6.2416,5.34051,3.16968,7.51134,3.16968,3,3,100,0,0,0,0.326524,***
"Post_Contact","","POST_CONTINUITY",400010,"Parametric","",-500,-300,"mV",-458.663,-452.402,-456.481,3.53543,9.42837,4.10311,4.10311,14.7536,3,3,100,0,0,0,0.326524,***
"Post_Contact","","POST_CONTINUITY",400070,"Parametric","",-500,-200,"mV",-301.734,-298.205,-300.065,1.77202,28.2164,18.8231,37.6097,18.8231,3,3,100,0,0,0,0.326524,***
"Post_Contact","","POST_CONTINUITY",400060,"Parametric","",-500,-300,"mV",-329.737,-327.574,-328.503,1.11289,29.9521,8.53739,51.3668,8.53739,3,3,100,0,0,0,0.326524,***
"Post_Contact","","POST_CONTINUITY",400180,"Parametric","",-360,-300,"mV",-330.988,-327.681,-329.088,1.70798,5.85488,5.67681,6.03295,5.67681,3,3,100,0,0,0,0.326524,***
"Post_Contact","","MOULD_RES",400340,"Parametric","",0,20,"ohm",0.406901,0.902812,0.57503,0.283899,11.7413,0.675158,0.675158,22.8074,3,3,100,0,0,0,0.326524,***
"Post_Contact","","POST_CONTINUITY",400190,"Parametric","",-360,-300,"mV",-331.244,-328.35,-329.358,1.63387,6.12045,5.98956,6.25134,5.98956,3,3,100,0,0,0,0.326524,***
"Post_Contact","","MOULD_RES",400350,"Parametric","",0,20,"ohm",0.436571,0.76082,0.594104,0.162319,20.5356,1.22003,1.22003,39.8513,3,3,100,0,0,0,0.326524,***
"Post_Contact","","POST_CONTINUITY",400200,"Parametric","",-360,-300,"mV",-331.184,-328.129,-329.214,1.70926,5.85049,5.69723,6.00376,5.69723,3,3,100,0,0,0,0.326524,***
"Post_Contact","","MOULD_RES",400360,"Parametric","",0,20,"ohm",0.551012,0.756581,0.66404,0.104304,31.9577,2.12212,2.12212,61.7933,3,3,100,0,0,0,0.326524,***
"Post_Contact","","POST_CONTINUITY",400210,"Parametric","",-360,-300,"mV",-331.413,-328.623,-329.652,1.53241,6.52566,6.44999,6.60132,6.44999,3,3,100,0,0,0,0.326524,***
"Post_Contact","","MOULD_RES",400370,"Parametric","",0,20,"ohm",0.434452,1.16136,0.740334,0.376887,8.84437,0.654779,0.654779,17.034,3,3,100,0,0,0,0.326524,***
"Post_Contact","","POST_CONTINUITY",400220,"Parametric","",-360,-300,"mV",-331.215,-328.115,-329.295,1.67723,5.96221,5.82207,6.10236,5.82207,3,3,100,0,0,0,0.326524,***
"Post_Contact","","MOULD_RES",400380,"Parametric","",0,20,"ohm",0.127156,0.640021,0.357451,0.260398,12.8009,0.457569,0.457569,25.1442,3,3,100,0,0,0,0.326524,***
"Post_Contact","","POST_CONTINUITY",400230,"Parametric","",-360,-300,"mV",-331.343,-328.573,-329.51,1.58752,6.29914,6.1962,6.40208,6.1962,3,3,100,0,0,0,0.326524,***
"Post_Contact","","MOULD_RES",400390,"Parametric","",0,20,"ohm",0.671811,1.19951,0.908464,0.268022,12.4368,1.12984,1.12984,23.7437,3,3,100,0,0,0,0.326524,***
"Post_Contact","","POST_CONTINUITY",400240,"Parametric","",-360,-300,"mV",-330.988,-328.209,-329.219,1.53694,6.50641,6.33707,6.67576,6.33707,3,3,100,0,0,0,0.326524,***
"Post_Contact","","MOULD_RES",400400,"Parametric","",0,20,"ohm",0.0699356,0.830757,0.575737,0.438042,7.60962,0.438114,0.438114,14.7811,3,3,100,0,0,0,0.326524,***
"Post_Contact","","POST_CONTINUITY",400250,"Parametric","",-360,-300,"mV",-330.914,-328.266,-329.163,1.51651,6.59409,6.41003,6.77816,6.41003,3,3,100,0,0,0,0.326524,***
"Post_Contact","","MOULD_RES",400410,"Parametric","",0,20,"ohm",0.49803,0.595517,0.533351,0.0540035,61.7244,3.29208,3.29208,120.157,3,3,100,0,0,0,0.326524,***
"Post_Contact","","POST_CONTINUITY",400100,"Parametric","",-300,-200,"mV",-217.648,-214.199,-216.026,1.73333,9.61538,3.08186,16.1489,3.08186,3,3,100,0,0,0,0.326524,***
"Post_Contact","","MOULD_RES",400260,"Parametric","",0,20,"ohm",0.23524,0.309413,0.26279,0.0405988,82.1042,2.15762,2.15762,162.051,3,3,100,0,0,0,0.326524,***
"Post_Contact","","POST_CONTINUITY",400110,"Parametric","",-300,-200,"mV",-217.455,-214.575,-216.061,1.44223,11.5562,3.71199,19.4004,3.71199,3,3,100,0,0,0,0.326524,***
"Post_Contact","","MOULD_RES",400270,"Parametric","",0,20,"ohm",0.0762944,0.822279,0.447874,0.373,8.93654,0.400244,0.400244,17.4728,3,3,100,0,0,0,0.326524,***
"Post_Contact","","POST_CONTINUITY",400120,"Parametric","",-300,-200,"mV",-217.493,-214.361,-216.04,1.57815,10.5609,3.38799,17.7337,3.38799,3,3,100,0,0,0,0.326524,***
"Post_Contact","","MOULD_RES",400280,"Parametric","",0,20,"ohm",0.298818,0.654856,0.517103,0.191193,17.4344,0.901536,0.901536,33.9672,3,3,100,0,0,0,0.326524,***
"Post_Contact","","POST_CONTINUITY",400130,"Parametric","",-300,-200,"mV",-217.562,-214.621,-216.094,1.47057,11.3335,3.64794,19.019,3.64794,3,3,100,0,0,0,0.326524,***
"Post_Contact","","MOULD_RES",400290,"Parametric","",0,20,"ohm",0.0445044,0.84983,0.469773,0.404562,8.23936,0.387063,0.387063,16.0917,3,3,100,0,0,0,0.326524,***
"Post_Contact","","POST_CONTINUITY",400140,"Parametric","",-300,-200,"mV",-218.033,-214.495,-216.337,1.77355,9.39733,3.0704,15.7243,3.0704,3,3,100,0,0,0,0.326524,***
"Post_Contact","","MOULD_RES",400300,"Parametric","",0,20,"ohm",0.457763,1.03633,0.782013,0.295554,11.2783,0.881974,0.881974,21.6745,3,3,100,0,0,0,0.326524,***
"Post_Contact","","POST_CONTINUITY",400150,"Parametric","",-300,-200,"mV",-217.497,-214.247,-215.869,1.62507,10.256,3.2551,17.2569,3.2551,3,3,100,0,0,0,0.326524,***
"Post_Contact","","MOULD_RES",400310,"Parametric","",0,20,"ohm",0.116561,0.659096,0.327782,0.290521,11.4736,0.376085,0.376085,22.5712,3,3,100,0,0,0,0.326524,***
"Post_Contact","","POST_CONTINUITY",400160,"Parametric","",-300,-200,"mV",-217.403,-214.323,-215.929,1.5444,10.7917,3.43803,18.1454,3.43803,3,3,100,0,0,0,0.326524,***
"Post_Contact","","MOULD_RES",400320,"Parametric","",0,20,"ohm",0.194973,0.491672,0.351094,0.148959,22.3776,0.785662,0.785662,43.9694,3,3,100,0,0,0,0.326524,***
"Post_Contact","","POST_CONTINUITY",400170,"Parametric","",-300,-200,"mV",-217.857,-214.338,-216.106,1.75958,9.47194,3.05106,15.8928,3.05106,3,3,100,0,0,0,0.326524,***
"Post_Contact","","MOULD_RES",400330,"Parametric","",0,20,"ohm",0.11656,0.67605,0.365929,0.28465,11.7103,0.428513,0.428513,22.9921,3,3,100,0,0,0,0.326524,***
"POST_EFUSE_RESISTANCE","","POST_BANKA_EFUSE_RESISTANCE_BLOWN_BIT47",590001,"Parametric","",3500,100000,"ohms",79127.4,81682.8,80881.8,1199.58,13.4075,5.31248,21.5025,5.31248,4,4,100,0,0,0,1.98801,***
"POST_EFUSE_RESISTANCE","","POST_BANKA_EFUSE_RESISTANCE_BLOWN_BIT46",590002,"Parametric","",3500,100000,"ohms",79144.5,81682.8,80886,1189.57,13.5203,5.35601,21.6847,5.35601,4,4,100,0,0,0,1.98801,***
"POST_EFUSE_RESISTANCE","","POST_BANKA_EFUSE_RESISTANCE_BLOWN_BIT45",590003,"Parametric","",3500,100000,"ohms",79150.2,81660,80878.9,1180.21,13.6275,5.40047,21.8545,5.40047,4,4,100,0,0,0,1.98801,***
"POST_EFUSE_RESISTANCE","","POST_BANKA_EFUSE_RESISTANCE_BLOWN_BIT43",590005,"Parametric","",3500,100000,"ohms",81620.2,81665.7,81643,32.1734,499.896,190.189,809.603,190.189,2,2,100,0,0,0,1.99207,***
"POST_EFUSE_RESISTANCE","","POST_BANKA_EFUSE_RESISTANCE_UNBLOWN_BIT40",490008,"Parametric","",65,200,"ohms",95.4889,97.3778,96.3296,0.961372,23.4041,10.8628,10.8628,35.9453,3,3,100,0,0,0,1.98814,***
"POST_EFUSE_RESISTANCE","","POST_BANKA_EFUSE_RESISTANCE_BLOWN_BIT39",590009,"Parametric","",3500,100000,"ohms",81682.8,81682.8,81682.8,0,***,***,***,***,1,1,100,0,0,0,1.99445,***
"POST_EFUSE_RESISTANCE","","POST_BANKA_EFUSE_RESISTANCE_UNBLOWN_BIT36",490012,"Parametric","",65,200,"ohms",97.3778,97.3778,97.3778,0,***,***,***,***,1,1,100,0,0,0,1.99445,***
"POST_EFUSE_RESISTANCE","","POST_BANKA_EFUSE_RESISTANCE_BLOWN_BIT35",590013,"Parametric","",3500,100000,"ohms",81682.8,81682.8,81682.8,0,***,***,***,***,1,1,100,0,0,0,1.99445,***
"POST_EFUSE_RESISTANCE","","POST_BANKA_EFUSE_RESISTANCE_BLOWN_BIT34",590014,"Parametric","",3500,100000,"ohms",81699.9,81699.9,81699.9,0,***,***,***,***,1,1,100,0,0,0,1.99445,***
"POST_EFUSE_RESISTANCE","","POST_BANKA_EFUSE_RESISTANCE_BLOWN_BIT33",590015,"Parametric","",3500,100000,"ohms",81682.8,81682.8,81682.8,0,***,***,***,***,1,1,100,0,0,0,1.99445,***
"POST_EFUSE_RESISTANCE","","POST_BANKA_EFUSE_RESISTANCE_BLOWN_BIT32",590016,"Parametric","",3500,100000,"ohms",81643,81671.4,81657.2,20.0807,800.934,304.484,1297.38,304.484,2,2,100,0,0,0,1.99207,***
"POST_EFUSE_RESISTANCE","","POST_BANKA_EFUSE_RESISTANCE_UNBLOWN_BIT31",490017,"Parametric","",65,200,"ohms",94.8667,96.7444,95.7,0.956524,23.5227,10.6985,10.6985,36.3469,3,3,100,0,0,0,1.99058,***
"POST_EFUSE_RESISTANCE","","POST_BANKA_EFUSE_RESISTANCE_UNBLOWN_BIT13",490035,"Parametric","",65,200,"ohms",95.4889,96.1111,95.8,0.439978,51.1389,23.3345,23.3345,78.9433,2,2,100,0,0,0,1.98737,***
"POST_EFUSE_RESISTANCE","","POST_BANKA_EFUSE_RESISTANCE_BLOWN_BIT12",590036,"Parametric","",3500,100000,"ohms",81091,81677.1,81384.1,414.436,38.8077,14.9729,62.6425,14.9729,2,2,100,0,0,0,1.98737,***
"POST_EFUSE_RESISTANCE","","POST_BANKA_EFUSE_RESISTANCE_BLOWN_BIT11",590037,"Parametric","",3500,100000,"ohms",79161.6,81688.5,80647,1320.64,12.1784,4.88476,19.4721,4.88476,3,3,100,0,0,0,1.98745,***
"POST_EFUSE_RESISTANCE","","POST_BANKA_EFUSE_RESISTANCE_BLOWN_BIT0",590048,"Parametric","",3500,100000,"ohms",81108,81705.6,81406.8,422.568,38.0609,14.6668,61.455,14.6668,2,2,100,0,0,0,1.98737,***
"POST_EFUSE_RESISTANCE","","POST_BANKB_EFUSE_RESISTANCE_BLOWN_BIT47",590049,"Parametric","",3500,100000,"ohms",79150.2,81699.9,80894.6,1194.65,13.4627,5.3308,21.5947,5.3308,4,4,100,0,0,0,1.98801,***
"POST_EFUSE_RESISTANCE","","POST_BANKB_EFUSE_RESISTANCE_BLOWN_BIT46",590050,"Parametric","",3500,100000,"ohms",79155.9,81711.3,80901.7,1195.94,13.4483,5.32308,21.5735,5.32308,4,4,100,0,0,0,1.98801,***
"POST_EFUSE_RESISTANCE","","POST_BANKB_EFUSE_RESISTANCE_BLOWN_BIT45",590051,"Parametric","",3500,100000,"ohms",79144.5,81711.3,80896,1200.88,13.393,5.30279,21.4832,5.30279,4,4,100,0,0,0,1.98801,***
"POST_EFUSE_RESISTANCE","","POST_BANKB_EFUSE_RESISTANCE_BLOWN_BIT43",590053,"Parametric","",3500,100000,"ohms",81660,81665.7,81662.9,4.03272,3988.21,1515.7,6460.72,1515.7,2,2,100,0,0,0,1.99207,***
"POST_EFUSE_RESISTANCE","","POST_BANKB_EFUSE_RESISTANCE_UNBLOWN_BIT40",490056,"Parametric","",65,200,"ohms",95.4889,96.7556,95.9111,0.731308,30.7668,14.0894,14.0894,47.4442,3,3,100,0,0,0,1.98814,***
"POST_EFUSE_RESISTANCE","","POST_BANKB_EFUSE_RESISTANCE_BLOWN_BIT39",590057,"Parametric","",3500,100000,"ohms",81705.6,81705.6,81705.6,0,***,***,***,***,1,1,100,0,0,0,1.99445,***
"POST_EFUSE_RESISTANCE","","POST_BANKB_EFUSE_RESISTANCE_UNBLOWN_BIT36",490060,"Parametric","",65,200,"ohms",97.3889,97.3889,97.3889,0,***,***,***,***,1,1,100,0,0,0,1.99445,***
"POST_EFUSE_RESISTANCE","","POST_BANKB_EFUSE_RESISTANCE_BLOWN_BIT35",590061,"Parametric","",3500,100000,"ohms",81665.7,81665.7,81665.7,0,***,***,***,***,1,1,100,0,0,0,1.99445,***
"POST_EFUSE_RESISTANCE","","POST_BANKB_EFUSE_RESISTANCE_BLOWN_BIT34",590062,"Parametric","",3500,100000,"ohms",81682.8,81682.8,81682.8,0,***,***,***,***,1,1,100,0,0,0,1.99445,***
"POST_EFUSE_RESISTANCE","","POST_BANKB_EFUSE_RESISTANCE_BLOWN_BIT33",590063,"Parametric","",3500,100000,"ohms",81699.9,81699.9,81699.9,0,***,***,***,***,1,1,100,0,0,0,1.99445,***
"POST_EFUSE_RESISTANCE","","POST_BANKB_EFUSE_RESISTANCE_BLOWN_BIT32",590064,"Parametric","",3500,100000,"ohms",81631.6,81711.3,81671.4,56.3531,285.403,108.415,462.391,108.415,2,2,100,0,0,0,1.99207,***
"POST_EFUSE_RESISTANCE","","POST_BANKB_EFUSE_RESISTANCE_UNBLOWN_BIT31",490065,"Parametric","",65,200,"ohms",96.1111,96.7444,96.3259,0.36249,62.0707,28.8063,28.8063,95.3352,3,3,100,0,0,0,1.99058,***
"POST_EFUSE_RESISTANCE","","POST_BANKB_EFUSE_RESISTANCE_UNBLOWN_BIT13",490083,"Parametric","",65,200,"ohms",96.7444,96.7556,96.75,0.00785482,2864.48,1347.37,1347.37,4381.6,2,2,100,0,0,0,1.98737,***
"POST_EFUSE_RESISTANCE","","POST_BANKB_EFUSE_RESISTANCE_BLOWN_BIT12",590084,"Parametric","",3500,100000,"ohms",81079.6,81694.2,81386.9,434.589,37.0082,14.2764,59.7399,14.2764,2,2,100,0,0,0,1.98737,***
"POST_EFUSE_RESISTANCE","","POST_BANKB_EFUSE_RESISTANCE_BLOWN_BIT11",590085,"Parametric","",3500,100000,"ohms",79155.9,81677.1,80641.3,1319.38,12.1901,4.89085,19.4893,4.89085,3,3,100,0,0,0,1.98745,***
"POST_EFUSE_RESISTANCE","","POST_BANKB_EFUSE_RESISTANCE_BLOWN_BIT0",590096,"Parametric","",3500,100000,"ohms",81091,81665.7,81378.4,406.376,39.5774,15.2745,63.8803,15.2745,2,2,100,0,0,0,1.98737,***
"POST_EFUSE_RESISTANCE","","POST_BANKA_EFUSE_RESISTANCE_BLOWN_BIT38",590010,"Parametric","",3500,100000,"ohms",81090.9,81643,81366.9,390.395,41.1976,15.9096,66.4857,15.9096,2,2,100,0,0,0,1.98499,***
"POST_EFUSE_RESISTANCE","","POST_BANKA_EFUSE_RESISTANCE_UNBLOWN_BIT24",490024,"Parametric","",65,200,"ohms",95.4889,96.7444,96.1167,0.887811,25.3432,11.6829,11.6829,39.0036,2,2,100,0,0,0,1.98499,***
"POST_EFUSE_RESISTANCE","","POST_BANKA_EFUSE_RESISTANCE_BLOWN_BIT7",590041,"Parametric","",3500,100000,"ohms",79155.9,81608.8,80620.4,1293.92,12.4299,4.99247,19.8674,4.99247,3,3,100,0,0,0,1.98586,***
"POST_EFUSE_RESISTANCE","","POST_BANKB_EFUSE_RESISTANCE_BLOWN_BIT38",590058,"Parametric","",3500,100000,"ohms",81091,81631.6,81361.3,382.263,42.074,16.2529,67.895,16.2529,2,2,100,0,0,0,1.98499,***
"POST_EFUSE_RESISTANCE","","POST_BANKB_EFUSE_RESISTANCE_UNBLOWN_BIT24",490072,"Parametric","",65,200,"ohms",95.4889,96.7444,96.1167,0.887811,25.3432,11.6829,11.6829,39.0036,2,2,100,0,0,0,1.98499,***
"POST_EFUSE_RESISTANCE","","POST_BANKB_EFUSE_RESISTANCE_BLOWN_BIT7",590089,"Parametric","",3500,100000,"ohms",79150.2,81637.3,80620.5,1304.07,12.3331,4.95359,19.7127,4.95359,3,3,100,0,0,0,1.98586,***
"POST_EFUSE_RESISTANCE","","POST_BANKA_EFUSE_RESISTANCE_BLOWN_BIT44",590004,"Parametric","",3500,100000,"ohms",79144.5,81091,80117.8,1376.38,11.6852,4.8151,18.5553,4.8151,2,2,100,0,0,0,1.98395,***
"POST_EFUSE_RESISTANCE","","POST_BANKA_EFUSE_RESISTANCE_UNBLOWN_BIT18",490030,"Parametric","",65,200,"ohms",95.4889,96.1222,95.8056,0.447833,50.242,22.9294,22.9294,77.5546,2,2,100,0,0,0,1.98395,***
"POST_EFUSE_RESISTANCE","","POST_BANKA_EFUSE_RESISTANCE_BLOWN_BIT17",590031,"Parametric","",3500,100000,"ohms",79144.5,81096.6,80120.6,1380.34,11.6517,4.8006,18.5028,4.8006,2,2,100,0,0,0,1.98395,***
"POST_EFUSE_RESISTANCE","","POST_BANKA_EFUSE_RESISTANCE_BLOWN_BIT16",590032,"Parametric","",3500,100000,"ohms",79150.2,81096.7,80123.5,1376.38,11.6852,4.81371,18.5567,4.81371,2,2,100,0,0,0,1.98395,***
"POST_EFUSE_RESISTANCE","","POST_BANKA_EFUSE_RESISTANCE_BLOWN_BIT15",590033,"Parametric","",3500,100000,"ohms",79144.5,82155.2,80649.9,2128.89,7.5548,3.02977,12.0798,3.02977,2,2,100,0,0,0,1.98395,***
"POST_EFUSE_RESISTANCE","","POST_BANKB_EFUSE_RESISTANCE_BLOWN_BIT44",590052,"Parametric","",3500,100000,"ohms",79161.6,81085.3,80123.4,1360.26,11.8237,4.87078,18.7767,4.87078,2,2,100,0,0,0,1.98395,***
"POST_EFUSE_RESISTANCE","","POST_BANKB_EFUSE_RESISTANCE_UNBLOWN_BIT18",490078,"Parametric","",65,200,"ohms",96.1111,96.7556,96.4333,0.455688,49.3759,22.9933,22.9933,75.7585,2,2,100,0,0,0,1.98395,***
"POST_EFUSE_RESISTANCE","","POST_BANKB_EFUSE_RESISTANCE_BLOWN_BIT17",590079,"Parametric","",3500,100000,"ohms",79133.1,81090.9,80112,1384.37,11.6178,4.7887,18.4469,4.7887,2,2,100,0,0,0,1.98395,***
"POST_EFUSE_RESISTANCE","","POST_BANKB_EFUSE_RESISTANCE_BLOWN_BIT16",590080,"Parametric","",3500,100000,"ohms",79155.9,81079.6,80117.8,1360.26,11.8237,4.87216,18.7752,4.87216,2,2,100,0,0,0,1.98395,***
"POST_EFUSE_RESISTANCE","","POST_BANKB_EFUSE_RESISTANCE_BLOWN_BIT15",590081,"Parametric","",3500,100000,"ohms",79155.9,81085.3,80120.6,1364.29,11.7888,4.85708,18.7205,4.85708,2,2,100,0,0,0,1.98395,***
"POST_EFUSE_RESISTANCE","","POST_BANKA_EFUSE_RESISTANCE_BLOWN_BIT29",590019,"Parametric","",3500,100000,"ohms",79133.1,79133.1,79133.1,0,***,***,***,***,1,1,100,0,0,0,1.98762,***
"POST_EFUSE_RESISTANCE","","POST_BANKB_EFUSE_RESISTANCE_BLOWN_BIT29",590067,"Parametric","",3500,100000,"ohms",79155.9,79155.9,79155.9,0,***,***,***,***,1,1,100,0,0,0,1.98762,***